Step , TotalTime , T , P , Ux , Uy , Uz
1 , 0 , 2210.17 , 81687.3 , 0.131008 , 0 , 0
2 , 0 , 2202.21 , 80284.4 , -10.8969 , -1.412e-05 , 1.9266
3 , 0 , 2194.91 , 79030.2 , -21.5183 , -2.74826e-05 , 4.08838
4 , 0 , 2188.24 , 77910.9 , -31.7042 , -3.91755e-05 , 6.42997
5 , 0 , 2182.16 , 76913.1 , -41.4316 , -5.03041e-05 , 8.90304
6 , 0 , 2176.65 , 76024.8 , -50.6832 , -5.9728e-05 , 11.4658
7 , 0 , 2171.65 , 75235.2 , -59.4468 , -6.90172e-05 , 14.0826
8 , 0 , 2167.13 , 74534.7 , -67.7149 , -7.72086e-05 , 16.7233
9 , 0 , 2163.06 , 73914.3 , -75.4845 , -8.52971e-05 , 19.3629
10 , 0 , 2159.41 , 73366.4 , -82.7563 , -9.17731e-05 , 21.9809
11 , 0 , 2156.14 , 72883.7 , -89.5344 , -9.75543e-05 , 24.5604
12 , 0 , 2153.22 , 72460 , -95.826 , -0.000103116 , 27.0882
13 , 0 , 2150.64 , 72089.4 , -101.64 , -0.000109291 , 29.5541
14 , 0 , 2148.35 , 71766.9 , -106.99 , -0.000116105 , 31.9504
15 , 0 , 2146.34 , 71487.7 , -111.887 , -0.000122141 , 34.2714
16 , 0 , 2144.58 , 71247.5 , -116.347 , -0.000129937 , 36.5136
17 , 0 , 2143.06 , 71042.7 , -120.385 , -0.000136378 , 38.6748
18 , 0 , 2141.75 , 70869.6 , -124.018 , -0.000143207 , 40.7543
19 , 0 , 2140.63 , 70725 , -127.264 , -0.000150623 , 42.7524
20 , 0 , 2139.68 , 70606.2 , -130.139 , -0.000157966 , 44.6703
21 , 0 , 2138.89 , 70510.5 , -132.66 , -0.000166061 , 46.51
22 , 0 , 2138.25 , 70435.4 , -134.846 , -0.000174125 , 48.274
23 , 0 , 2137.73 , 70378.8 , -136.714 , -0.000182888 , 49.9652
24 , 0 , 2137.33 , 70338.7 , -138.28 , -0.000191035 , 51.5871
25 , 0 , 2137.04 , 70313.2 , -139.561 , -0.000199108 , 53.1432
26 , 0 , 2136.83 , 70300.6 , -140.574 , -0.000207451 , 54.6374
27 , 0 , 2136.7 , 70299.4 , -141.334 , -0.00021635 , 56.0733
28 , 0 , 2136.65 , 70308.2 , -141.856 , -0.000223351 , 57.4552
29 , 0 , 2136.66 , 70325.6 , -142.154 , -0.00023317 , 58.7868
30 , 0 , 2136.72 , 70350.6 , -142.244 , -0.000240948 , 60.0721
31 , 0 , 2136.83 , 70382.1 , -142.138 , -0.000250771 , 61.3151
32 , 0 , 2136.98 , 70418.9 , -141.85 , -0.000259871 , 62.5196
33 , 0 , 2137.16 , 70460.3 , -141.391 , -0.000272408 , 63.6893
34 , 0 , 2137.37 , 70505.4 , -140.774 , -0.00028333 , 64.8279
35 , 0 , 2137.6 , 70553.6 , -140.009 , -0.000298046 , 65.9391
36 , 0 , 2137.85 , 70604 , -139.107 , -0.000311394 , 67.0262
37 , 0 , 2138.11 , 70656.1 , -138.079 , -0.000325459 , 68.0926
38 , 0 , 2138.38 , 70709.3 , -136.933 , -0.000340192 , 69.1415
39 , 0 , 2138.65 , 70763.2 , -135.68 , -0.000354936 , 70.1762
40 , 0 , 2138.93 , 70817.2 , -134.327 , -0.000371177 , 71.1995
41 , 0 , 2139.2 , 70871 , -132.882 , -0.000386607 , 72.2144
42 , 0 , 2139.48 , 70924.2 , -131.354 , -0.000403196 , 73.2238
43 , 0 , 2139.75 , 70976.5 , -129.749 , -0.000420089 , 74.2303
44 , 0 , 2140.01 , 71027.5 , -128.075 , -0.000438189 , 75.2365
45 , 0 , 2140.26 , 71077.1 , -126.338 , -0.000457082 , 76.245
46 , 0 , 2140.5 , 71125 , -124.544 , -0.000475188 , 77.258
47 , 0 , 2140.72 , 71170.9 , -122.698 , -0.000494867 , 78.278
48 , 0 , 2140.94 , 71214.8 , -120.807 , -0.000514385 , 79.3071
49 , 0 , 2141.14 , 71256.4 , -118.875 , -0.000535429 , 80.3475
50 , 0 , 2141.32 , 71295.6 , -116.906 , -0.000558673 , 81.401
51 , 0 , 2141.49 , 71332.4 , -114.907 , -0.000581473 , 82.4697
52 , 0 , 2141.64 , 71366.5 , -112.88 , -0.000604422 , 83.5553
53 , 0 , 2141.78 , 71397.9 , -110.829 , -0.000627289 , 84.6596
54 , 0 , 2141.9 , 71426.6 , -108.759 , -0.000648992 , 85.7842
55 , 0 , 2141.99 , 71452.5 , -106.673 , -0.00067212 , 86.9306
56 , 0 , 2142.07 , 71475.4 , -104.575 , -0.000695198 , 88.1002
57 , 0 , 2142.14 , 71495.5 , -102.466 , -0.000719633 , 89.2944
58 , 0 , 2142.18 , 71512.6 , -100.351 , -0.000744027 , 90.5143
59 , 0 , 2142.2 , 71526.7 , -98.2319 , -0.000767254 , 91.7611
60 , 0 , 2142.21 , 71537.8 , -96.1112 , -0.000791982 , 93.0359
61 , 0 , 2142.19 , 71545.9 , -93.9913 , -0.000816185 , 94.3395
62 , 0 , 2142.16 , 71551 , -91.8745 , -0.000841698 , 95.6727
63 , 0 , 2142.11 , 71553.1 , -89.7628 , -0.000868495 , 97.0363
64 , 0 , 2142.03 , 71552.1 , -87.6583 , -0.000895957 , 98.431
65 , 0 , 2141.94 , 71548.1 , -85.5627 , -0.000923794 , 99.8571
66 , 0 , 2141.83 , 71541.2 , -83.4778 , -0.000951615 , 101.315
67 , 0 , 2141.7 , 71531.2 , -81.4051 , -0.000982034 , 102.806
68 , 0 , 2141.56 , 71518.2 , -79.3461 , -0.00101388 , 104.329
69 , 0 , 2141.39 , 71502.2 , -77.3022 , -0.00104548 , 105.885
70 , 0 , 2141.2 , 71483.2 , -75.2747 , -0.00107748 , 107.474
71 , 0 , 2141 , 71461.2 , -73.2647 , -0.00111104 , 109.097
72 , 0 , 2140.78 , 71436.3 , -71.2735 , -0.0011448 , 110.752
73 , 0 , 2140.53 , 71408.5 , -69.302 , -0.0011806 , 112.441
74 , 0 , 2140.27 , 71377.7 , -67.3511 , -0.00121909 , 114.163
75 , 0 , 2140 , 71344 , -65.4219 , -0.00125941 , 115.917
76 , 0 , 2139.7 , 71307.4 , -63.515 , -0.00130094 , 117.705
77 , 0 , 2139.39 , 71267.8 , -61.6313 , -0.00134581 , 119.525
78 , 0 , 2139.05 , 71225.4 , -59.7714 , -0.00139159 , 121.378
79 , 0 , 2138.7 , 71180.1 , -57.9361 , -0.00144015 , 123.262
80 , 0 , 2138.33 , 71131.9 , -56.1258 , -0.00149036 , 125.178
81 , 0 , 2137.95 , 71081 , -54.3411 , -0.00154251 , 127.125
82 , 0 , 2137.55 , 71027.4 , -52.5825 , -0.00159756 , 129.102
83 , 0 , 2137.13 , 70971 , -50.8504 , -0.0016549 , 131.109
84 , 0 , 2136.69 , 70912 , -49.1452 , -0.00171637 , 133.145
85 , 0 , 2136.24 , 70850.3 , -47.4673 , -0.00177924 , 135.212
86 , 0 , 2135.77 , 70786.1 , -45.817 , -0.00184482 , 137.306
87 , 0 , 2135.28 , 70719.4 , -44.1944 , -0.00191435 , 139.428
88 , 0 , 2134.78 , 70650.3 , -42.5999 , -0.00198819 , 141.577
89 , 0 , 2134.27 , 70579 , -41.0336 , -0.00206381 , 143.751
90 , 0 , 2133.74 , 70505.5 , -39.4956 , -0.00214438 , 145.949
91 , 0 , 2133.2 , 70430 , -37.9861 , -0.00223018 , 148.17
92 , 0 , 2132.64 , 70352.6 , -36.5051 , -0.0023198 , 150.413
93 , 0 , 2132.08 , 70273.4 , -35.0527 , -0.00241371 , 152.675
94 , 0 , 2131.5 , 70192.4 , -33.6287 , -0.00251339 , 154.955
95 , 0 , 2130.87 , 70108.8 , -32.2323 , -0.00261709 , 157.248
96 , 0 , 2130.2 , 70022.8 , -30.8637 , -0.00272581 , 159.554
97 , 0 , 2129.48 , 69934.9 , -29.523 , -0.00284232 , 161.872
98 , 0 , 2128.73 , 69845.1 , -28.2101 , -0.00296565 , 164.2
99 , 0 , 2127.95 , 69753.9 , -26.9251 , -0.00309301 , 166.537
100 , 0 , 2127.14 , 69661.3 , -25.6679 , -0.0032254 , 168.883
101 , 0 , 2126.3 , 69567.6 , -24.4385 , -0.00336455 , 171.237
102 , 0 , 2125.43 , 69473.1 , -23.2368 , -0.00350983 , 173.598
103 , 0 , 2124.55 , 69377.8 , -22.0625 , -0.00366361 , 175.964
104 , 0 , 2123.64 , 69282 , -20.9156 , -0.00382409 , 178.336
105 , 0 , 2122.72 , 69185.7 , -19.7959 , -0.00399135 , 180.711
106 , 0 , 2121.79 , 69089.1 , -18.703 , -0.00416714 , 183.089
107 , 0 , 2120.84 , 68992.3 , -17.6368 , -0.0043494 , 185.47
108 , 0 , 2119.89 , 68895.4 , -16.5969 , -0.0045402 , 187.853
109 , 0 , 2118.93 , 68798.5 , -15.5831 , -0.00474002 , 190.236
110 , 0 , 2117.96 , 68701.6 , -14.595 , -0.00494754 , 192.619
111 , 0 , 2116.98 , 68604.7 , -13.6322 , -0.00516364 , 195
112 , 0 , 2116 , 68507.8 , -12.6944 , -0.00539008 , 197.378
113 , 0 , 2115.01 , 68411.2 , -11.7812 , -0.00562618 , 199.752
114 , 0 , 2114.02 , 68314.7 , -10.8922 , -0.00587244 , 202.121
115 , 0 , 2113.03 , 68218.6 , -10.0271 , -0.00612783 , 204.486
116 , 0 , 2112.04 , 68122.8 , -9.18549 , -0.0063927 , 206.845
117 , 0 , 2111.05 , 68027.5 , -8.36701 , -0.0066698 , 209.198
118 , 0 , 2110.06 , 67932.6 , -7.5713 , -0.00695744 , 211.546
119 , 0 , 2109.06 , 67838.2 , -6.79796 , -0.00725669 , 213.887
120 , 0 , 2108.08 , 67744.4 , -6.04661 , -0.00756872 , 216.223
121 , 0 , 2107.09 , 67651.2 , -5.31685 , -0.00789097 , 218.552
122 , 0 , 2106.11 , 67558.6 , -4.60826 , -0.00822529 , 220.876
123 , 0 , 2105.13 , 67466.7 , -3.92042 , -0.00857237 , 223.194
124 , 0 , 2104.16 , 67375.4 , -3.25293 , -0.00893234 , 225.506
125 , 0 , 2103.2 , 67284.9 , -2.60535 , -0.00930576 , 227.812
126 , 0 , 2102.24 , 67195.1 , -1.97724 , -0.00969149 , 230.113
127 , 0 , 2101.29 , 67106 , -1.36817 , -0.0100912 , 232.408
128 , 0 , 2100.34 , 67017.7 , -0.777803 , -0.0105039 , 234.697
129 , 0 , 2099.41 , 66930.1 , -0.205703 , -0.0109313 , 236.98
130 , 0 , 2098.48 , 66843.3 , 0.348597 , -0.011374 , 239.257
131 , 0 , 2097.55 , 66757.4 , 0.885448 , -0.0118314 , 241.526
132 , 0 , 2096.63 , 66672.5 , 1.40511 , -0.0123028 , 243.787
133 , 0 , 2095.71 , 66588.6 , 1.90786 , -0.0127887 , 246.039
134 , 0 , 2094.79 , 66505.6 , 2.39402 , -0.013289 , 248.282
135 , 0 , 2093.88 , 66423.5 , 2.86395 , -0.0138047 , 250.517
136 , 0 , 2092.97 , 66342.2 , 3.31801 , -0.014339 , 252.744
137 , 0 , 2092.07 , 66261.7 , 3.75662 , -0.0148897 , 254.962
138 , 0 , 2091.17 , 66181.9 , 4.1802 , -0.0154548 , 257.172
139 , 0 , 2090.28 , 66103 , 4.58918 , -0.0160352 , 259.373
140 , 0 , 2089.4 , 66024.7 , 4.984 , -0.0166352 , 261.566
141 , 0 , 2088.52 , 65947.2 , 5.36509 , -0.0172495 , 263.751
142 , 0 , 2087.65 , 65870.3 , 5.73292 , -0.0178834 , 265.927
143 , 0 , 2086.79 , 65794.1 , 6.08793 , -0.018535 , 268.095
144 , 0 , 2085.94 , 65718.5 , 6.43056 , -0.0192074 , 270.254
145 , 0 , 2085.09 , 65643.6 , 6.76128 , -0.0198965 , 272.405
146 , 0 , 2084.25 , 65569.4 , 7.08052 , -0.0206031 , 274.548
147 , 0 , 2083.43 , 65495.7 , 7.38872 , -0.0213279 , 276.681
148 , 0 , 2082.61 , 65422.5 , 7.68632 , -0.0220731 , 278.806
149 , 0 , 2081.8 , 65350 , 7.97376 , -0.0228368 , 280.921
150 , 0 , 2080.99 , 65277.9 , 8.25145 , -0.0236219 , 283.027
151 , 0 , 2080.2 , 65206.4 , 8.51982 , -0.024428 , 285.124
152 , 0 , 2079.42 , 65135.4 , 8.77928 , -0.0252536 , 287.21
153 , 0 , 2078.64 , 65064.8 , 9.03025 , -0.0261002 , 289.287
154 , 0 , 2077.87 , 64994.6 , 9.2731 , -0.0269677 , 291.353
155 , 0 , 2077.12 , 64924.8 , 9.50825 , -0.0278566 , 293.409
156 , 0 , 2076.37 , 64855.4 , 9.73605 , -0.0287684 , 295.453
157 , 0 , 2075.62 , 64786.4 , 9.95686 , -0.0297022 , 297.487
158 , 0 , 2074.89 , 64717.8 , 10.171 , -0.0306591 , 299.509
159 , 0 , 2074.16 , 64649.4 , 10.3789 , -0.0316384 , 301.52
160 , 0 , 2073.44 , 64581.4 , 10.5807 , -0.0326411 , 303.519
161 , 0 , 2072.73 , 64513.6 , 10.7769 , -0.0336696 , 305.506
162 , 0 , 2072.02 , 64446.1 , 10.9676 , -0.0347222 , 307.481
163 , 0 , 2071.32 , 64378.9 , 11.1533 , -0.0358001 , 309.443
164 , 0 , 2070.62 , 64311.8 , 11.3341 , -0.0369027 , 311.392
165 , 0 , 2069.93 , 64244.9 , 11.5103 , -0.0380299 , 313.328
166 , 0 , 2069.24 , 64178.2 , 11.6823 , -0.0391844 , 315.25
167 , 0 , 2068.56 , 64111.6 , 11.8503 , -0.0403651 , 317.159
168 , 0 , 2067.88 , 64045.1 , 12.0146 , -0.0415727 , 319.054
169 , 0 , 2067.21 , 63978.7 , 12.1754 , -0.0428091 , 320.935
170 , 0 , 2066.54 , 63912.4 , 12.3329 , -0.0440741 , 322.801
171 , 0 , 2065.87 , 63846.1 , 12.4875 , -0.0453663 , 324.653
172 , 0 , 2065.2 , 63779.9 , 12.6393 , -0.0466884 , 326.49
173 , 0 , 2064.54 , 63713.6 , 12.7886 , -0.0480414 , 328.312
174 , 0 , 2063.88 , 63647.3 , 12.9355 , -0.0494248 , 330.118
175 , 0 , 2063.22 , 63580.9 , 13.0804 , -0.0508391 , 331.909
176 , 0 , 2062.56 , 63514.5 , 13.2235 , -0.0522851 , 333.684
177 , 0 , 2061.91 , 63448 , 13.3648 , -0.0537631 , 335.444
178 , 0 , 2061.25 , 63381.4 , 13.5047 , -0.0552749 , 337.187
179 , 0 , 2060.6 , 63314.7 , 13.6433 , -0.056819 , 338.915
180 , 0 , 2059.94 , 63247.8 , 13.7807 , -0.0583986 , 340.625
181 , 0 , 2059.29 , 63180.8 , 13.9172 , -0.0600114 , 342.32
182 , 0 , 2058.63 , 63113.6 , 14.0529 , -0.0616596 , 343.998
183 , 0 , 2057.97 , 63046.2 , 14.188 , -0.0633423 , 345.659
184 , 0 , 2057.31 , 62978.6 , 14.3225 , -0.065062 , 347.303
185 , 0 , 2056.65 , 62910.8 , 14.4566 , -0.066817 , 348.931
186 , 0 , 2055.99 , 62842.8 , 14.5904 , -0.0686089 , 350.542
187 , 0 , 2055.32 , 62774.5 , 14.724 , -0.0704378 , 352.136
188 , 0 , 2054.66 , 62705.9 , 14.8575 , -0.0723045 , 353.713
189 , 0 , 2053.99 , 62637.2 , 14.991 , -0.0742071 , 355.273
190 , 0 , 2053.31 , 62568.1 , 15.1246 , -0.0761467 , 356.816
191 , 0 , 2052.63 , 62498.8 , 15.2582 , -0.0781242 , 358.342
192 , 0 , 2051.95 , 62429.2 , 15.3921 , -0.0801406 , 359.851
193 , 0 , 2051.27 , 62359.4 , 15.5261 , -0.0821937 , 361.344
194 , 0 , 2050.58 , 62289.2 , 15.6604 , -0.0842847 , 362.82
195 , 0 , 2049.88 , 62218.9 , 15.7949 , -0.0864151 , 364.279
196 , 0 , 2049.18 , 62148.2 , 15.9298 , -0.0885827 , 365.723
197 , 0 , 2048.48 , 62077.3 , 16.065 , -0.0907868 , 367.15
198 , 0 , 2047.77 , 62006.1 , 16.2005 , -0.0930284 , 368.561
199 , 0 , 2047.06 , 61934.7 , 16.3363 , -0.0953059 , 369.956
200 , 0 , 2046.34 , 61863 , 16.4724 , -0.0976197 , 371.336
201 , 0 , 2045.62 , 61791.1 , 16.6088 , -0.0999669 , 372.7
202 , 0 , 2044.89 , 61719 , 16.7455 , -0.102349 , 374.049
203 , 0 , 2044.15 , 61646.7 , 16.8824 , -0.104764 , 375.384
204 , 0 , 2043.41 , 61574.2 , 17.0195 , -0.107212 , 376.704
205 , 0 , 2042.67 , 61501.6 , 17.1568 , -0.109692 , 378.01
206 , 0 , 2041.91 , 61428.7 , 17.2943 , -0.112202 , 379.302
207 , 0 , 2041.16 , 61355.8 , 17.4318 , -0.114737 , 380.581
208 , 0 , 2040.39 , 61282.7 , 17.5693 , -0.117301 , 381.846
209 , 0 , 2039.63 , 61209.5 , 17.7068 , -0.11989 , 383.099
210 , 0 , 2038.85 , 61136.2 , 17.8442 , -0.122501 , 384.339
211 , 0 , 2038.07 , 61062.9 , 17.9815 , -0.125133 , 385.567
212 , 0 , 2037.29 , 60989.5 , 18.1184 , -0.127783 , 386.783
213 , 0 , 2036.5 , 60916.1 , 18.2551 , -0.130451 , 387.988
214 , 0 , 2035.7 , 60842.7 , 18.3914 , -0.133133 , 389.182
215 , 0 , 2034.9 , 60769.3 , 18.5272 , -0.135827 , 390.365
216 , 0 , 2034.1 , 60695.9 , 18.6624 , -0.138528 , 391.538
217 , 0 , 2033.28 , 60622.6 , 18.797 , -0.141236 , 392.701
218 , 0 , 2032.47 , 60549.3 , 18.9308 , -0.143947 , 393.855
219 , 0 , 2031.65 , 60476.2 , 19.0638 , -0.146656 , 394.999
220 , 0 , 2030.82 , 60403.1 , 19.1959 , -0.14936 , 396.134
221 , 0 , 2029.99 , 60330.2 , 19.327 , -0.152057 , 397.261
222 , 0 , 2029.15 , 60257.4 , 19.457 , -0.154742 , 398.38
223 , 0 , 2028.31 , 60184.8 , 19.5858 , -0.157411 , 399.491
224 , 0 , 2027.46 , 60112.4 , 19.7134 , -0.160058 , 400.595
225 , 0 , 2026.61 , 60040.2 , 19.8395 , -0.162683 , 401.691
226 , 0 , 2025.76 , 59968.2 , 19.9642 , -0.165278 , 402.78
227 , 0 , 2024.9 , 59896.4 , 20.0873 , -0.167839 , 403.863
228 , 0 , 2024.04 , 59824.9 , 20.2088 , -0.170363 , 404.94
229 , 0 , 2023.17 , 59753.6 , 20.3286 , -0.172843 , 406.011
230 , 0 , 2022.3 , 59682.6 , 20.4465 , -0.175275 , 407.076
231 , 0 , 2021.43 , 59611.9 , 20.5625 , -0.177652 , 408.136
232 , 0 , 2020.55 , 59541.4 , 20.6765 , -0.17997 , 409.19
233 , 0 , 2019.67 , 59471.3 , 20.7884 , -0.182222 , 410.24
234 , 0 , 2018.78 , 59401.6 , 20.8981 , -0.184402 , 411.285
235 , 0 , 2017.89 , 59332.1 , 21.0056 , -0.186502 , 412.326
236 , 0 , 2017 , 59263 , 21.1107 , -0.188521 , 413.363
237 , 0 , 2016.11 , 59194.3 , 21.2135 , -0.190448 , 414.396
238 , 0 , 2015.21 , 59125.9 , 21.3138 , -0.192279 , 415.426
239 , 0 , 2014.31 , 59057.9 , 21.4115 , -0.194006 , 416.452
240 , 0 , 2013.4 , 58990.3 , 21.5065 , -0.195622 , 417.475
241 , 0 , 2012.5 , 58923.1 , 21.5989 , -0.197119 , 418.495
242 , 0 , 2011.58 , 58856.2 , 21.6886 , -0.19849 , 419.512
243 , 0 , 2010.67 , 58789.8 , 21.7754 , -0.199731 , 420.526
244 , 0 , 2009.76 , 58723.8 , 21.8593 , -0.200829 , 421.539
245 , 0 , 2008.84 , 58658.2 , 21.9403 , -0.201781 , 422.549
246 , 0 , 2007.92 , 58593.1 , 22.0182 , -0.202577 , 423.557
247 , 0 , 2007 , 58528.4 , 22.0932 , -0.203208 , 424.563
248 , 0 , 2006.07 , 58464.1 , 22.165 , -0.203668 , 425.567
249 , 0 , 2005.14 , 58400.3 , 22.2337 , -0.203946 , 426.57
250 , 0 , 2004.21 , 58336.9 , 22.2992 , -0.204033 , 427.572
251 , 0 , 2003.28 , 58274 , 22.3614 , -0.203924 , 428.572
252 , 0 , 2002.35 , 58211.5 , 22.4204 , -0.203609 , 429.571
253 , 0 , 2001.41 , 58149.5 , 22.476 , -0.203076 , 430.569
254 , 0 , 2000.48 , 58088 , 22.5283 , -0.202322 , 431.567
255 , 0 , 1999.54 , 58026.9 , 22.5773 , -0.201334 , 432.564
256 , 0 , 1998.6 , 57966.3 , 22.6228 , -0.200103 , 433.56
257 , 0 , 1997.66 , 57906.2 , 22.6648 , -0.198619 , 434.555
258 , 0 , 1996.71 , 57846.6 , 22.7034 , -0.196875 , 435.551
259 , 0 , 1995.77 , 57787.5 , 22.7385 , -0.194858 , 436.546
260 , 0 , 1994.82 , 57728.8 , 22.7702 , -0.192561 , 437.541
261 , 0 , 1993.87 , 57670.6 , 22.7982 , -0.189973 , 438.536
262 , 0 , 1992.93 , 57612.9 , 22.8228 , -0.187084 , 439.531
263 , 0 , 1991.98 , 57555.7 , 22.8438 , -0.183886 , 440.526
264 , 0 , 1991.03 , 57499 , 22.8612 , -0.180366 , 441.521
265 , 0 , 1990.07 , 57442.8 , 22.8751 , -0.176517 , 442.516
266 , 0 , 1989.12 , 57387.1 , 22.8853 , -0.172329 , 443.512
267 , 0 , 1988.17 , 57331.9 , 22.892 , -0.167789 , 444.508
268 , 0 , 1987.21 , 57277.2 , 22.8951 , -0.162887 , 445.505
269 , 0 , 1986.26 , 57222.9 , 22.8946 , -0.157614 , 446.502
270 , 0 , 1985.31 , 57169.2 , 22.8905 , -0.15196 , 447.501
271 , 0 , 1984.35 , 57116 , 22.8829 , -0.145912 , 448.499
272 , 0 , 1983.4 , 57063.2 , 22.8716 , -0.139461 , 449.498
273 , 0 , 1982.44 , 57011 , 22.8568 , -0.132595 , 450.498
274 , 0 , 1981.48 , 56959.3 , 22.8384 , -0.125301 , 451.499
275 , 0 , 1980.53 , 56908.1 , 22.8165 , -0.117576 , 452.5
276 , 0 , 1979.57 , 56857.3 , 22.791 , -0.109404 , 453.502
277 , 0 , 1978.61 , 56807.1 , 22.762 , -0.100776 , 454.505
278 , 0 , 1977.66 , 56757.4 , 22.7294 , -0.0916803 , 455.51
279 , 0 , 1976.7 , 56708.2 , 22.6934 , -0.0821057 , 456.515
280 , 0 , 1975.75 , 56659.4 , 22.6539 , -0.0720424 , 457.521
281 , 0 , 1974.79 , 56611.2 , 22.611 , -0.0614788 , 458.528
282 , 0 , 1973.84 , 56563.5 , 22.5646 , -0.0504056 , 459.536
283 , 0 , 1972.88 , 56516.2 , 22.5148 , -0.0388107 , 460.544
284 , 0 , 1971.93 , 56469.5 , 22.4616 , -0.0266826 , 461.555
285 , 0 , 1970.98 , 56423.3 , 22.4051 , -0.0140113 , 462.566
286 , 0 , 1970.03 , 56377.5 , 22.3452 , -0.000785194 , 463.578
287 , 0 , 1969.08 , 56332.3 , 22.282 , 0.0130044 , 464.591
288 , 0 , 1968.13 , 56287.5 , 22.2156 , 0.027371 , 465.605
289 , 0 , 1967.18 , 56243.3 , 22.1459 , 0.0423239 , 466.62
290 , 0 , 1966.23 , 56199.5 , 22.0729 , 0.0578747 , 467.637
291 , 0 , 1965.29 , 56156.2 , 21.9968 , 0.0740362 , 468.654
292 , 0 , 1964.35 , 56113.4 , 21.9176 , 0.0908137 , 469.672
293 , 0 , 1963.41 , 56071.1 , 21.8353 , 0.10822 , 470.692
294 , 0 , 1962.47 , 56029.3 , 21.7498 , 0.126267 , 471.713
295 , 0 , 1961.53 , 55988 , 21.6614 , 0.144965 , 472.734
296 , 0 , 1960.6 , 55947.2 , 21.5699 , 0.164323 , 473.757
297 , 0 , 1959.67 , 55906.8 , 21.4755 , 0.184353 , 474.78
298 , 0 , 1958.74 , 55867 , 21.3781 , 0.205063 , 475.805
299 , 0 , 1957.81 , 55827.6 , 21.2779 , 0.226466 , 476.831
300 , 0 , 1956.89 , 55788.7 , 21.1748 , 0.248568 , 477.857
301 , 0 , 1955.97 , 55750.3 , 21.069 , 0.271382 , 478.885
302 , 0 , 1955.05 , 55712.4 , 20.9604 , 0.294917 , 479.913
303 , 0 , 1954.14 , 55674.9 , 20.8491 , 0.319185 , 480.943
304 , 0 , 1953.23 , 55638 , 20.7351 , 0.344194 , 481.973
305 , 0 , 1952.32 , 55601.5 , 20.6186 , 0.369953 , 483.004
306 , 0 , 1951.42 , 55565.5 , 20.4994 , 0.396469 , 484.036
307 , 0 , 1950.52 , 55529.9 , 20.3778 , 0.423754 , 485.069
308 , 0 , 1949.62 , 55494.9 , 20.2536 , 0.451816 , 486.103
309 , 0 , 1948.73 , 55460.3 , 20.1271 , 0.480665 , 487.137
310 , 0 , 1947.84 , 55426.2 , 19.9982 , 0.510307 , 488.172
311 , 0 , 1946.96 , 55392.5 , 19.8669 , 0.540753 , 489.208
312 , 0 , 1946.08 , 55359.4 , 19.7334 , 0.57201 , 490.245
313 , 0 , 1945.21 , 55326.7 , 19.5977 , 0.604086 , 491.282
314 , 0 , 1944.34 , 55294.4 , 19.4598 , 0.636988 , 492.32
315 , 0 , 1943.48 , 55262.7 , 19.3198 , 0.670723 , 493.359
316 , 0 , 1942.62 , 55231.4 , 19.1777 , 0.705302 , 494.398
317 , 0 , 1941.77 , 55200.6 , 19.0336 , 0.740728 , 495.438
318 , 0 , 1940.92 , 55170.2 , 18.8876 , 0.77701 , 496.479
319 , 0 , 1940.08 , 55140.3 , 18.7397 , 0.814151 , 497.519
320 , 0 , 1939.24 , 55110.8 , 18.5899 , 0.852162 , 498.561
321 , 0 , 1938.41 , 55081.9 , 18.4384 , 0.891047 , 499.602
322 , 0 , 1937.59 , 55053.3 , 18.2851 , 0.930811 , 500.644
323 , 0 , 1936.77 , 55025.3 , 18.1302 , 0.97146 , 501.687
324 , 0 , 1935.96 , 54997.6 , 17.9736 , 1.013 , 502.73
325 , 0 , 1935.16 , 54970.5 , 17.8155 , 1.05543 , 503.773
326 , 0 , 1934.36 , 54943.8 , 17.6559 , 1.09876 , 504.816
327 , 0 , 1933.57 , 54917.5 , 17.4948 , 1.143 , 505.86
328 , 0 , 1932.79 , 54891.7 , 17.3324 , 1.18813 , 506.904
329 , 0 , 1932.02 , 54866.3 , 17.1687 , 1.23418 , 507.948
330 , 0 , 1931.25 , 54841.4 , 17.0037 , 1.28114 , 508.991
331 , 0 , 1930.49 , 54816.9 , 16.8375 , 1.32901 , 510.035
332 , 0 , 1929.73 , 54792.8 , 16.6701 , 1.3778 , 511.079
333 , 0 , 1928.99 , 54769.2 , 16.5017 , 1.42751 , 512.123
334 , 0 , 1928.25 , 54746 , 16.3322 , 1.47814 , 513.167
335 , 0 , 1927.52 , 54723.3 , 16.1618 , 1.52969 , 514.211
336 , 0 , 1926.8 , 54701 , 15.9905 , 1.58216 , 515.254
337 , 0 , 1926.09 , 54679.1 , 15.8183 , 1.63554 , 516.298
338 , 0 , 1925.38 , 54657.6 , 15.6454 , 1.68985 , 517.341
339 , 0 , 1924.69 , 54636.5 , 15.4717 , 1.74508 , 518.383
340 , 0 , 1924 , 54615.9 , 15.2975 , 1.80123 , 519.425
341 , 0 , 1923.32 , 54595.7 , 15.1226 , 1.85829 , 520.467
342 , 0 , 1922.65 , 54575.9 , 14.9471 , 1.91626 , 521.508
343 , 0 , 1921.99 , 54556.5 , 14.7713 , 1.97514 , 522.549
344 , 0 , 1921.33 , 54537.4 , 14.595 , 2.03493 , 523.589
345 , 0 , 1920.69 , 54518.8 , 14.4183 , 2.09563 , 524.628
346 , 0 , 1920.06 , 54500.6 , 14.2414 , 2.15722 , 525.667
347 , 0 , 1919.43 , 54482.8 , 14.0643 , 2.21971 , 526.704
348 , 0 , 1918.81 , 54465.4 , 13.887 , 2.28309 , 527.741
349 , 0 , 1918.21 , 54448.3 , 13.7096 , 2.34735 , 528.777
350 , 0 , 1917.61 , 54431.6 , 13.5321 , 2.41248 , 529.812
351 , 0 , 1917.02 , 54415.3 , 13.3547 , 2.47849 , 530.845
352 , 0 , 1916.44 , 54399.4 , 13.1774 , 2.54537 , 531.878
353 , 0 , 1915.87 , 54383.8 , 13.0002 , 2.6131 , 532.909
354 , 0 , 1915.31 , 54368.6 , 12.8233 , 2.68167 , 533.939
355 , 0 , 1914.76 , 54353.7 , 12.6466 , 2.75109 , 534.968
356 , 0 , 1914.22 , 54339.2 , 12.4702 , 2.82133 , 535.995
357 , 0 , 1913.69 , 54325 , 12.2943 , 2.89239 , 537.02
358 , 0 , 1913.17 , 54311.1 , 12.1188 , 2.96426 , 538.044
359 , 0 , 1912.65 , 54297.6 , 11.9438 , 3.03693 , 539.067
360 , 0 , 1912.15 , 54284.4 , 11.7694 , 3.11038 , 540.087
361 , 0 , 1911.66 , 54271.5 , 11.5956 , 3.18461 , 541.105
362 , 0 , 1911.18 , 54258.9 , 11.4225 , 3.2596 , 542.122
363 , 0 , 1910.7 , 54246.7 , 11.2502 , 3.33533 , 543.136
364 , 0 , 1910.24 , 54234.7 , 11.0786 , 3.4118 , 544.148
365 , 0 , 1909.78 , 54223 , 10.908 , 3.48899 , 545.158
366 , 0 , 1909.34 , 54211.5 , 10.7383 , 3.56689 , 546.166
367 , 0 , 1908.9 , 54200.4 , 10.5695 , 3.64548 , 547.171
368 , 0 , 1908.47 , 54189.5 , 10.4018 , 3.72474 , 548.173
369 , 0 , 1908.06 , 54178.8 , 10.2352 , 3.80466 , 549.173
370 , 0 , 1907.65 , 54168.5 , 10.0697 , 3.88523 , 550.17
371 , 0 , 1907.25 , 54158.3 , 9.90551 , 3.96642 , 551.164
372 , 0 , 1906.86 , 54148.4 , 9.74252 , 4.04822 , 552.155
373 , 0 , 1906.48 , 54138.7 , 9.58086 , 4.13062 , 553.143
374 , 0 , 1906.1 , 54129.2 , 9.42057 , 4.21359 , 554.127
375 , 0 , 1905.74 , 54119.9 , 9.26171 , 4.29711 , 555.109
376 , 0 , 1905.38 , 54110.7 , 9.10433 , 4.38117 , 556.087
377 , 0 , 1905.04 , 54101.8 , 8.94847 , 4.46575 , 557.061
378 , 0 , 1904.7 , 54093.1 , 8.7942 , 4.55083 , 558.031
379 , 0 , 1904.37 , 54084.5 , 8.64156 , 4.63638 , 558.998
380 , 0 , 1904.05 , 54076 , 8.4906 , 4.72239 , 559.961
381 , 0 , 1903.74 , 54067.7 , 8.34138 , 4.80884 , 560.919
382 , 0 , 1903.43 , 54059.5 , 8.19393 , 4.89571 , 561.874
383 , 0 , 1903.14 , 54051.4 , 8.04831 , 4.98297 , 562.824
384 , 0 , 1902.85 , 54043.5 , 7.90457 , 5.07061 , 563.769
385 , 0 , 1902.56 , 54035.6 , 7.76275 , 5.1586 , 564.71
386 , 0 , 1902.29 , 54027.9 , 7.62291 , 5.24692 , 565.647
387 , 0 , 1902.02 , 54020.2 , 7.48507 , 5.33556 , 566.578
388 , 0 , 1901.76 , 54012.5 , 7.34929 , 5.42449 , 567.504
389 , 0 , 1901.51 , 54004.9 , 7.21561 , 5.51369 , 568.425
390 , 0 , 1901.26 , 53997.4 , 7.08408 , 5.60313 , 569.341
391 , 0 , 1901.02 , 53989.8 , 6.95473 , 5.6928 , 570.251
392 , 0 , 1900.79 , 53982.3 , 6.82761 , 5.78268 , 571.156
393 , 0 , 1900.56 , 53974.8 , 6.70276 , 5.87273 , 572.055
394 , 0 , 1900.34 , 53967.2 , 6.58021 , 5.96295 , 572.947
395 , 0 , 1900.13 , 53959.7 , 6.46001 , 6.0533 , 573.834
396 , 0 , 1899.92 , 53952.1 , 6.3422 , 6.14377 , 574.715
397 , 0 , 1899.71 , 53944.5 , 6.2268 , 6.23433 , 575.589
398 , 0 , 1899.52 , 53936.8 , 6.11387 , 6.32496 , 576.456
399 , 0 , 1899.32 , 53929 , 6.00342 , 6.41563 , 577.317
400 , 0 , 1899.13 , 53921.2 , 5.89551 , 6.50632 , 578.17
401 , 0 , 1898.95 , 53913.2 , 5.79015 , 6.59701 , 579.017
402 , 0 , 1898.77 , 53905.2 , 5.6874 , 6.68768 , 579.856
403 , 0 , 1898.6 , 53897 , 5.58727 , 6.7783 , 580.688
404 , 0 , 1898.43 , 53888.7 , 5.4898 , 6.86885 , 581.512
405 , 0 , 1898.26 , 53880.3 , 5.39502 , 6.9593 , 582.328
406 , 0 , 1898.1 , 53871.7 , 5.30295 , 7.04964 , 583.136
407 , 0 , 1897.94 , 53863 , 5.21363 , 7.13983 , 583.936
408 , 0 , 1897.78 , 53854 , 5.12709 , 7.22986 , 584.727
409 , 0 , 1897.63 , 53844.9 , 5.04335 , 7.3197 , 585.509
410 , 0 , 1897.48 , 53835.6 , 4.96243 , 7.40933 , 586.283
411 , 0 , 1897.33 , 53826.1 , 4.88436 , 7.49873 , 587.048
412 , 0 , 1897.19 , 53816.3 , 4.80917 , 7.58788 , 587.803
413 , 0 , 1897.04 , 53806.3 , 4.73687 , 7.67674 , 588.55
414 , 0 , 1896.9 , 53796 , 4.66748 , 7.76531 , 589.287
415 , 0 , 1896.76 , 53785.5 , 4.60103 , 7.85355 , 590.014
416 , 0 , 1896.62 , 53774.6 , 4.53753 , 7.94145 , 590.731
417 , 0 , 1896.48 , 53763.5 , 4.47701 , 8.02898 , 591.438
418 , 0 , 1896.35 , 53752 , 4.41947 , 8.11612 , 592.135
419 , 0 , 1896.21 , 53740.2 , 4.36494 , 8.20285 , 592.822
420 , 0 , 1896.08 , 53728 , 4.31344 , 8.28915 , 593.499
421 , 0 , 1895.94 , 53715.5 , 4.26498 , 8.375 , 594.164
422 , 0 , 1895.81 , 53702.5 , 4.21957 , 8.46038 , 594.819
423 , 0 , 1895.67 , 53689.2 , 4.17722 , 8.54528 , 595.463
424 , 0 , 1895.53 , 53675.5 , 4.13796 , 8.62966 , 596.096
425 , 0 , 1895.4 , 53661.3 , 4.10179 , 8.71351 , 596.718
426 , 0 , 1895.26 , 53646.7 , 4.06871 , 8.79682 , 597.328
427 , 0 , 1895.12 , 53631.7 , 4.03874 , 8.87957 , 597.926
428 , 0 , 1894.98 , 53616.2 , 4.01188 , 8.96173 , 598.513
429 , 0 , 1894.83 , 53600.2 , 3.98815 , 9.04329 , 599.088
430 , 0 , 1894.69 , 53583.7 , 3.96754 , 9.12424 , 599.651
431 , 0 , 1894.54 , 53566.7 , 3.95007 , 9.20455 , 600.201
432 , 0 , 1894.39 , 53549.2 , 3.93574 , 9.28421 , 600.74
433 , 0 , 1894.23 , 53531.1 , 3.92455 , 9.3632 , 601.265
434 , 0 , 1894.08 , 53512.5 , 3.91652 , 9.4415 , 601.778
435 , 0 , 1893.92 , 53493.4 , 3.91164 , 9.5191 , 602.278
436 , 0 , 1893.76 , 53473.6 , 3.90993 , 9.59598 , 602.766
437 , 0 , 1893.59 , 53453.3 , 3.91138 , 9.67213 , 603.24
438 , 0 , 1893.42 , 53432.4 , 3.916 , 9.74753 , 603.701
439 , 0 , 1893.24 , 53410.9 , 3.92379 , 9.82216 , 604.148
440 , 0 , 1893.06 , 53388.7 , 3.93477 , 9.89601 , 604.583
441 , 0 , 1892.88 , 53365.9 , 3.94891 , 9.96907 , 605.003
442 , 0 , 1892.69 , 53342.5 , 3.96625 , 10.0413 , 605.41
443 , 0 , 1892.49 , 53318.4 , 3.98676 , 10.1127 , 605.803
444 , 0 , 1892.29 , 53293.6 , 4.01046 , 10.1833 , 606.182
445 , 0 , 1892.09 , 53268.1 , 4.03734 , 10.2531 , 606.547
446 , 0 , 1891.88 , 53242 , 4.0674 , 10.322 , 606.898
447 , 0 , 1891.66 , 53215.1 , 4.10065 , 10.39 , 607.234
448 , 0 , 1891.44 , 53187.5 , 4.13707 , 10.4572 , 607.557
449 , 0 , 1891.21 , 53159.2 , 4.17668 , 10.5234 , 607.864
450 , 0 , 1890.97 , 53130.2 , 4.21945 , 10.5888 , 608.158
451 , 0 , 1890.73 , 53100.4 , 4.2654 , 10.6532 , 608.436
452 , 0 , 1890.48 , 53069.9 , 4.31453 , 10.7168 , 608.7
453 , 0 , 1890.22 , 53038.6 , 4.36681 , 10.7794 , 608.949
454 , 0 , 1889.96 , 53006.5 , 4.42224 , 10.8411 , 609.182
455 , 0 , 1889.69 , 52973.6 , 4.48084 , 10.9018 , 609.401
456 , 0 , 1889.41 , 52939.9 , 4.54258 , 10.9616 , 609.605
457 , 0 , 1889.12 , 52905.5 , 4.60746 , 11.0205 , 609.794
458 , 0 , 1888.82 , 52870.2 , 4.67547 , 11.0783 , 609.967
459 , 0 , 1888.52 , 52834.2 , 4.74661 , 11.1352 , 610.125
460 , 0 , 1888.21 , 52797.3 , 4.82086 , 11.1912 , 610.268
461 , 0 , 1887.89 , 52759.5 , 4.89821 , 11.2461 , 610.395
462 , 0 , 1887.56 , 52721 , 4.97866 , 11.3001 , 610.507
463 , 0 , 1887.22 , 52681.6 , 5.06219 , 11.3531 , 610.604
464 , 0 , 1886.87 , 52641.3 , 5.14879 , 11.4051 , 610.684
465 , 0 , 1886.52 , 52600.2 , 5.23845 , 11.4561 , 610.749
466 , 0 , 1886.15 , 52558.3 , 5.33116 , 11.5061 , 610.799
467 , 0 , 1885.78 , 52515.5 , 5.42689 , 11.5551 , 610.833
468 , 0 , 1885.39 , 52471.8 , 5.52564 , 11.6031 , 610.851
469 , 0 , 1885 , 52427.3 , 5.6274 , 11.6501 , 610.853
470 , 0 , 1884.59 , 52381.9 , 5.73214 , 11.6961 , 610.839
471 , 0 , 1884.18 , 52335.6 , 5.83985 , 11.7411 , 610.81
472 , 0 , 1883.76 , 52288.4 , 5.95052 , 11.785 , 610.765
473 , 0 , 1883.32 , 52240.4 , 6.06412 , 11.828 , 610.703
474 , 0 , 1882.88 , 52191.5 , 6.18064 , 11.8699 , 610.627
475 , 0 , 1882.42 , 52141.7 , 6.30006 , 11.9108 , 610.534
476 , 0 , 1881.96 , 52091 , 6.42237 , 11.9507 , 610.425
477 , 0 , 1881.48 , 52039.4 , 6.54754 , 11.9896 , 610.3
478 , 0 , 1881 , 51986.9 , 6.67555 , 12.0274 , 610.16
479 , 0 , 1880.5 , 51933.6 , 6.80637 , 12.0642 , 610.003
480 , 0 , 1879.99 , 51879.4 , 6.93999 , 12.1001 , 609.83
481 , 0 , 1879.48 , 51824.4 , 7.07637 , 12.1349 , 609.642
482 , 0 , 1878.95 , 51768.4 , 7.2155 , 12.1686 , 609.437
483 , 0 , 1878.41 , 51711.7 , 7.35734 , 12.2014 , 609.216
484 , 0 , 1877.86 , 51654 , 7.50186 , 12.2332 , 608.979
485 , 0 , 1877.3 , 51595.5 , 7.64905 , 12.2639 , 608.726
486 , 0 , 1876.73 , 51536.2 , 7.79886 , 12.2937 , 608.456
487 , 0 , 1876.14 , 51476 , 7.95127 , 12.3224 , 608.171
488 , 0 , 1875.55 , 51415 , 8.10625 , 12.3502 , 607.87
489 , 0 , 1874.95 , 51353.1 , 8.26378 , 12.377 , 607.552
490 , 0 , 1874.33 , 51290.4 , 8.42383 , 12.4027 , 607.218
491 , 0 , 1873.71 , 51226.9 , 8.58635 , 12.4275 , 606.869
492 , 0 , 1873.07 , 51162.5 , 8.75132 , 12.4513 , 606.503
493 , 0 , 1872.42 , 51097.3 , 8.91872 , 12.4741 , 606.122
494 , 0 , 1871.76 , 51031.3 , 9.08851 , 12.496 , 605.724
495 , 0 , 1871.09 , 50964.5 , 9.26065 , 12.5168 , 605.311
496 , 0 , 1870.41 , 50896.8 , 9.43513 , 12.5367 , 604.882
497 , 0 , 1869.72 , 50828.4 , 9.61191 , 12.5557 , 604.437
498 , 0 , 1869.01 , 50759.1 , 9.79095 , 12.5736 , 603.977
499 , 0 , 1868.3 , 50689.1 , 9.97223 , 12.5907 , 603.501
500 , 0 , 1867.57 , 50618.3 , 10.1557 , 12.6067 , 603.009
501 , 0 , 1866.84 , 50546.6 , 10.3414 , 12.6218 , 602.501
502 , 0 , 1866.09 , 50474.2 , 10.5292 , 12.636 , 601.979
503 , 0 , 1865.33 , 50401.1 , 10.7191 , 12.6492 , 601.44
504 , 0 , 1864.56 , 50327.1 , 10.9111 , 12.6615 , 600.887
505 , 0 , 1863.78 , 50252.5 , 11.1051 , 12.6728 , 600.318
506 , 0 , 1862.99 , 50177 , 11.3012 , 12.6833 , 599.733
507 , 0 , 1862.18 , 50100.8 , 11.4992 , 12.6927 , 599.134
508 , 0 , 1861.37 , 50023.9 , 11.6992 , 12.7013 , 598.519
509 , 0 , 1860.54 , 49946.3 , 11.901 , 12.7089 , 597.889
510 , 0 , 1859.71 , 49867.9 , 12.1048 , 12.7157 , 597.245
511 , 0 , 1858.86 , 49788.9 , 12.3104 , 12.7215 , 596.585
512 , 0 , 1858.01 , 49709.1 , 12.5178 , 12.7264 , 595.91
513 , 0 , 1857.14 , 49628.6 , 12.727 , 12.7304 , 595.221
514 , 0 , 1856.26 , 49547.5 , 12.938 , 12.7335 , 594.517
515 , 0 , 1855.37 , 49465.6 , 13.1507 , 12.7357 , 593.799
516 , 0 , 1854.47 , 49383.1 , 13.365 , 12.737 , 593.065
517 , 0 , 1853.56 , 49299.9 , 13.581 , 12.7374 , 592.318
518 , 0 , 1852.64 , 49216.1 , 13.7986 , 12.737 , 591.556
519 , 0 , 1851.71 , 49131.6 , 14.0178 , 12.7356 , 590.78
520 , 0 , 1850.76 , 49046.5 , 14.2385 , 12.7334 , 589.989
521 , 0 , 1849.81 , 48960.8 , 14.4608 , 12.7303 , 589.184
522 , 0 , 1848.85 , 48874.4 , 14.6845 , 12.7263 , 588.365
523 , 0 , 1847.88 , 48787.5 , 14.9096 , 12.7214 , 587.532
524 , 0 , 1846.89 , 48699.9 , 15.1362 , 12.7157 , 586.686
525 , 0 , 1845.9 , 48611.8 , 15.3642 , 12.7091 , 585.825
526 , 0 , 1844.9 , 48523 , 15.5934 , 12.7017 , 584.95
527 , 0 , 1843.89 , 48433.7 , 15.824 , 12.6934 , 584.062
528 , 0 , 1842.86 , 48343.9 , 16.0559 , 12.6842 , 583.16
529 , 0 , 1841.83 , 48253.4 , 16.289 , 12.6742 , 582.245
530 , 0 , 1840.79 , 48162.5 , 16.5233 , 12.6634 , 581.316
531 , 0 , 1839.74 , 48071 , 16.7587 , 12.6517 , 580.373
532 , 0 , 1838.68 , 47979 , 16.9953 , 12.6391 , 579.418
533 , 0 , 1837.61 , 47886.4 , 17.233 , 12.6258 , 578.449
534 , 0 , 1836.53 , 47793.4 , 17.4717 , 12.6116 , 577.466
535 , 0 , 1835.44 , 47699.9 , 17.7115 , 12.5965 , 576.471
536 , 0 , 1834.34 , 47605.9 , 17.9522 , 12.5806 , 575.463
537 , 0 , 1833.23 , 47511.4 , 18.1939 , 12.5639 , 574.442
538 , 0 , 1832.11 , 47416.4 , 18.4366 , 12.5464 , 573.408
539 , 0 , 1830.99 , 47321 , 18.6801 , 12.5281 , 572.361
540 , 0 , 1829.85 , 47225.1 , 18.9245 , 12.5089 , 571.301
541 , 0 , 1828.71 , 47128.8 , 19.1698 , 12.4889 , 570.229
542 , 0 , 1827.56 , 47032.1 , 19.4158 , 12.4681 , 569.145
543 , 0 , 1826.4 , 46934.9 , 19.6626 , 12.4465 , 568.047
544 , 0 , 1825.23 , 46837.4 , 19.9102 , 12.424 , 566.938
545 , 0 , 1824.05 , 46739.4 , 20.1584 , 12.4008 , 565.816
546 , 0 , 1822.87 , 46641.1 , 20.4074 , 12.3768 , 564.682
547 , 0 , 1821.67 , 46542.3 , 20.6569 , 12.3519 , 563.536
548 , 0 , 1820.47 , 46443.2 , 20.9071 , 12.3263 , 562.378
549 , 0 , 1819.26 , 46343.7 , 21.1579 , 12.2998 , 561.208
550 , 0 , 1818.04 , 46243.9 , 21.4093 , 12.2726 , 560.026
551 , 0 , 1816.82 , 46143.7 , 21.6612 , 12.2445 , 558.832
552 , 0 , 1815.58 , 46043.1 , 21.9136 , 12.2157 , 557.627
553 , 0 , 1814.34 , 45942.3 , 22.1665 , 12.1861 , 556.41
554 , 0 , 1813.09 , 45841.1 , 22.4198 , 12.1557 , 555.182
555 , 0 , 1811.84 , 45739.6 , 22.6736 , 12.1245 , 553.942
556 , 0 , 1810.57 , 45637.8 , 22.9277 , 12.0925 , 552.69
557 , 0 , 1809.3 , 45535.7 , 23.1822 , 12.0597 , 551.428
558 , 0 , 1808.02 , 45433.3 , 23.4371 , 12.0262 , 550.154
559 , 0 , 1806.74 , 45330.6 , 23.6923 , 11.9919 , 548.87
560 , 0 , 1805.45 , 45227.7 , 23.9477 , 11.9569 , 547.574
561 , 0 , 1804.15 , 45124.5 , 24.2035 , 11.921 , 546.268
562 , 0 , 1802.84 , 45021.1 , 24.4595 , 11.8844 , 544.95
563 , 0 , 1801.53 , 44917.4 , 24.7157 , 11.8471 , 543.623
564 , 0 , 1800.21 , 44813.5 , 24.9721 , 11.809 , 542.284
565 , 0 , 1798.88 , 44709.3 , 25.2286 , 11.7702 , 540.935
566 , 0 , 1797.55 , 44605 , 25.4854 , 11.7306 , 539.576
567 , 0 , 1796.21 , 44500.4 , 25.7422 , 11.6903 , 538.206
568 , 0 , 1794.86 , 44395.6 , 25.9991 , 11.6492 , 536.826
569 , 0 , 1793.51 , 44290.7 , 26.2561 , 11.6074 , 535.437
570 , 0 , 1792.16 , 44185.6 , 26.5132 , 11.5649 , 534.037
571 , 0 , 1790.79 , 44080.3 , 26.7703 , 11.5217 , 532.627
572 , 0 , 1789.42 , 43974.8 , 27.0274 , 11.4778 , 531.208
573 , 0 , 1788.05 , 43869.2 , 27.2845 , 11.4331 , 529.779
574 , 0 , 1786.67 , 43763.4 , 27.5415 , 11.3878 , 528.34
575 , 0 , 1785.28 , 43657.5 , 27.7985 , 11.3417 , 526.893
576 , 0 , 1783.89 , 43551.5 , 28.0554 , 11.295 , 525.435
577 , 0 , 1782.5 , 43445.4 , 28.3122 , 11.2476 , 523.969
578 , 0 , 1781.09 , 43339.2 , 28.5689 , 11.1995 , 522.494
579 , 0 , 1779.69 , 43232.8 , 28.8255 , 11.1508 , 521.01
580 , 0 , 1778.28 , 43126.4 , 29.0819 , 11.1014 , 519.517
581 , 0 , 1776.86 , 43019.9 , 29.3381 , 11.0513 , 518.015
582 , 0 , 1775.44 , 42913.3 , 29.5941 , 11.0006 , 516.505
583 , 0 , 1774.01 , 42806.6 , 29.8498 , 10.9493 , 514.987
584 , 0 , 1772.58 , 42699.9 , 30.1054 , 10.8973 , 513.46
585 , 0 , 1771.15 , 42593.2 , 30.3606 , 10.8447 , 511.925
586 , 0 , 1769.71 , 42486.4 , 30.6156 , 10.7916 , 510.383
587 , 0 , 1768.27 , 42379.6 , 30.8703 , 10.7378 , 508.832
588 , 0 , 1766.82 , 42272.8 , 31.1246 , 10.6834 , 507.274
589 , 0 , 1765.37 , 42165.9 , 31.3786 , 10.6284 , 505.709
590 , 0 , 1763.91 , 42059.1 , 31.6323 , 10.5729 , 504.136
591 , 0 , 1762.46 , 41952.2 , 31.8855 , 10.5168 , 502.556
592 , 0 , 1761 , 41845.4 , 32.1384 , 10.4602 , 500.969
593 , 0 , 1759.53 , 41738.7 , 32.3908 , 10.403 , 499.375
594 , 0 , 1758.06 , 41631.9 , 32.6427 , 10.3454 , 497.774
595 , 0 , 1756.59 , 41525.2 , 32.8942 , 10.2871 , 496.167
596 , 0 , 1755.12 , 41418.6 , 33.1453 , 10.2284 , 494.553
597 , 0 , 1753.64 , 41312 , 33.3958 , 10.1692 , 492.934
598 , 0 , 1752.16 , 41205.4 , 33.6457 , 10.1095 , 491.308
599 , 0 , 1750.68 , 41099 , 33.8951 , 10.0494 , 489.677
600 , 0 , 1749.19 , 40992.7 , 34.144 , 9.98878 , 488.04
601 , 0 , 1747.71 , 40886.4 , 34.3922 , 9.92772 , 486.397
602 , 0 , 1746.22 , 40780.3 , 34.6399 , 9.86624 , 484.749
603 , 0 , 1744.72 , 40674.3 , 34.8869 , 9.80433 , 483.097
604 , 0 , 1743.23 , 40568.4 , 35.1332 , 9.74202 , 481.439
605 , 0 , 1741.74 , 40462.6 , 35.3789 , 9.67932 , 479.776
606 , 0 , 1740.24 , 40357 , 35.6239 , 9.61623 , 478.109
607 , 0 , 1738.74 , 40251.5 , 35.8681 , 9.55279 , 476.438
608 , 0 , 1737.24 , 40146.2 , 36.1117 , 9.48898 , 474.762
609 , 0 , 1735.74 , 40041.1 , 36.3544 , 9.42484 , 473.083
610 , 0 , 1734.24 , 39936.1 , 36.5964 , 9.36037 , 471.399
611 , 0 , 1732.73 , 39831.4 , 36.8376 , 9.29558 , 469.713
612 , 0 , 1731.23 , 39726.8 , 37.0779 , 9.23049 , 468.023
613 , 0 , 1729.73 , 39622.4 , 37.3175 , 9.16511 , 466.33
614 , 0 , 1728.22 , 39518.2 , 37.5561 , 9.09946 , 464.633
615 , 0 , 1726.72 , 39414.3 , 37.7939 , 9.03354 , 462.935
616 , 0 , 1725.21 , 39310.6 , 38.0307 , 8.96737 , 461.233
617 , 0 , 1723.71 , 39207.1 , 38.2666 , 8.90097 , 459.53
618 , 0 , 1722.2 , 39103.9 , 38.5016 , 8.83434 , 457.824
619 , 0 , 1720.7 , 39000.9 , 38.7356 , 8.7675 , 456.117
620 , 0 , 1719.19 , 38898.1 , 38.9686 , 8.70047 , 454.407
621 , 0 , 1717.69 , 38795.7 , 39.2006 , 8.63324 , 452.697
622 , 0 , 1716.18 , 38693.5 , 39.4315 , 8.56584 , 450.985
623 , 0 , 1714.68 , 38591.6 , 39.6614 , 8.49827 , 449.272
624 , 0 , 1713.18 , 38490 , 39.8902 , 8.43056 , 447.558
625 , 0 , 1711.68 , 38388.6 , 40.1179 , 8.36271 , 445.844
626 , 0 , 1710.18 , 38287.6 , 40.3445 , 8.29472 , 444.13
627 , 0 , 1708.68 , 38186.9 , 40.57 , 8.22661 , 442.415
628 , 0 , 1707.18 , 38086.5 , 40.7942 , 8.15841 , 440.701
629 , 0 , 1705.69 , 37986.4 , 41.0173 , 8.0901 , 438.986
630 , 0 , 1704.2 , 37886.7 , 41.2392 , 8.02172 , 437.273
631 , 0 , 1702.71 , 37787.2 , 41.4599 , 7.95326 , 435.56
632 , 0 , 1701.22 , 37688.2 , 41.6793 , 7.88474 , 433.848
633 , 0 , 1699.73 , 37589.4 , 41.8975 , 7.81617 , 432.137
634 , 0 , 1698.25 , 37491.1 , 42.1144 , 7.74755 , 430.428
635 , 0 , 1696.77 , 37393.1 , 42.33 , 7.6789 , 428.72
636 , 0 , 1695.29 , 37295.4 , 42.5444 , 7.61023 , 427.015
637 , 0 , 1693.81 , 37198.1 , 42.7572 , 7.54152 , 425.311
638 , 0 , 1692.34 , 37101.2 , 42.9688 , 7.47282 , 423.61
639 , 0 , 1690.87 , 37004.7 , 43.1791 , 7.40412 , 421.911
640 , 0 , 1689.4 , 36908.5 , 43.3879 , 7.33542 , 420.216
641 , 0 , 1687.94 , 36812.8 , 43.5953 , 7.26674 , 418.523
642 , 0 , 1686.48 , 36717.4 , 43.8013 , 7.19807 , 416.833
643 , 0 , 1685.03 , 36622.5 , 44.0059 , 7.12944 , 415.147
644 , 0 , 1683.57 , 36527.9 , 44.209 , 7.06084 , 413.465
645 , 0 , 1682.13 , 36433.8 , 44.4106 , 6.99228 , 411.786
646 , 0 , 1680.68 , 36340.1 , 44.6107 , 6.92376 , 410.111
647 , 0 , 1679.24 , 36246.7 , 44.8094 , 6.8553 , 408.441
648 , 0 , 1677.81 , 36153.8 , 45.0065 , 6.78689 , 406.776
649 , 0 , 1676.38 , 36061.4 , 45.2021 , 6.71855 , 405.115
650 , 0 , 1674.95 , 35969.3 , 45.3962 , 6.65028 , 403.459
651 , 0 , 1673.53 , 35877.7 , 45.5887 , 6.58208 , 401.809
652 , 0 , 1672.11 , 35786.5 , 45.7796 , 6.51395 , 400.164
653 , 0 , 1670.7 , 35695.8 , 45.9689 , 6.44591 , 398.524
654 , 0 , 1669.3 , 35605.5 , 46.1567 , 6.37795 , 396.891
655 , 0 , 1667.89 , 35515.6 , 46.3429 , 6.31007 , 395.263
656 , 0 , 1666.5 , 35426.2 , 46.5274 , 6.24229 , 393.642
657 , 0 , 1665.11 , 35337.2 , 46.7104 , 6.1746 , 392.028
658 , 0 , 1663.72 , 35248.7 , 46.8917 , 6.107 , 390.42
659 , 0 , 1662.34 , 35160.7 , 47.0714 , 6.0395 , 388.819
660 , 0 , 1660.97 , 35073.1 , 47.2494 , 5.9721 , 387.225
661 , 0 , 1659.61 , 34985.9 , 47.4258 , 5.9048 , 385.639
662 , 0 , 1658.24 , 34899.2 , 47.6005 , 5.8376 , 384.06
663 , 0 , 1656.89 , 34813 , 47.7736 , 5.77051 , 382.489
664 , 0 , 1655.54 , 34727.2 , 47.945 , 5.70352 , 380.926
665 , 0 , 1654.2 , 34641.9 , 48.1147 , 5.63664 , 379.371
666 , 0 , 1652.86 , 34557.1 , 48.2827 , 5.56987 , 377.824
667 , 0 , 1651.54 , 34472.7 , 48.4491 , 5.5032 , 376.286
668 , 0 , 1650.21 , 34388.8 , 48.6138 , 5.43665 , 374.757
669 , 0 , 1648.9 , 34305.4 , 48.7768 , 5.3702 , 373.237
670 , 0 , 1647.59 , 34222.4 , 48.9381 , 5.30386 , 371.725
671 , 0 , 1646.29 , 34139.9 , 49.0978 , 5.23763 , 370.223
672 , 0 , 1644.99 , 34057.9 , 49.2557 , 5.17151 , 368.731
673 , 0 , 1643.71 , 33976.4 , 49.412 , 5.1055 , 367.248
674 , 0 , 1642.43 , 33895.3 , 49.5666 , 5.0396 , 365.775
675 , 0 , 1641.15 , 33814.7 , 49.7195 , 4.97381 , 364.312
676 , 0 , 1639.89 , 33734.6 , 49.8707 , 4.90813 , 362.86
677 , 0 , 1638.63 , 33655 , 50.0202 , 4.84255 , 361.417
678 , 0 , 1637.38 , 33575.8 , 50.1681 , 4.77709 , 359.986
679 , 0 , 1636.14 , 33497.2 , 50.3143 , 4.71173 , 358.565
680 , 0 , 1634.9 , 33419 , 50.4589 , 4.64648 , 357.155
681 , 0 , 1633.68 , 33341.2 , 50.6018 , 4.58133 , 355.756
682 , 0 , 1632.46 , 33264 , 50.743 , 4.51629 , 354.368
683 , 0 , 1631.25 , 33187.2 , 50.8826 , 4.45135 , 352.992
684 , 0 , 1630.04 , 33110.9 , 51.0205 , 4.38652 , 351.627
685 , 0 , 1628.85 , 33035.1 , 51.1569 , 4.3218 , 350.274
686 , 0 , 1627.66 , 32959.8 , 51.2916 , 4.25718 , 348.933
687 , 0 , 1626.48 , 32884.9 , 51.4247 , 4.19266 , 347.604
688 , 0 , 1625.31 , 32810.5 , 51.5562 , 4.12824 , 346.287
689 , 0 , 1624.15 , 32736.6 , 51.6861 , 4.06393 , 344.982
690 , 0 , 1623 , 32663.2 , 51.8145 , 3.99972 , 343.69
691 , 0 , 1621.85 , 32590.2 , 51.9413 , 3.93562 , 342.41
692 , 0 , 1620.72 , 32517.7 , 52.0665 , 3.87161 , 341.144
693 , 0 , 1619.59 , 32445.7 , 52.1902 , 3.80771 , 339.89
694 , 0 , 1618.47 , 32374.1 , 52.3123 , 3.74391 , 338.649
695 , 0 , 1617.36 , 32303 , 52.433 , 3.68022 , 337.421
696 , 0 , 1616.26 , 32232.4 , 52.5521 , 3.61663 , 336.206
697 , 0 , 1615.16 , 32162.2 , 52.6698 , 3.55314 , 335.005
698 , 0 , 1614.08 , 32092.5 , 52.7859 , 3.48976 , 333.818
699 , 0 , 1613 , 32023.3 , 52.9007 , 3.42648 , 332.644
700 , 0 , 1611.93 , 31954.6 , 53.014 , 3.36331 , 331.483
701 , 0 , 1610.88 , 31886.2 , 53.1259 , 3.30025 , 330.337
702 , 0 , 1609.83 , 31818.4 , 53.2364 , 3.23729 , 329.205
703 , 0 , 1608.79 , 31751 , 53.3455 , 3.17445 , 328.086
704 , 0 , 1607.76 , 31684.1 , 53.4532 , 3.11171 , 326.982
705 , 0 , 1606.73 , 31617.6 , 53.5596 , 3.04909 , 325.892
706 , 0 , 1605.72 , 31551.6 , 53.6647 , 2.98658 , 324.817
707 , 0 , 1604.71 , 31486 , 53.7684 , 2.92419 , 323.755
708 , 0 , 1603.72 , 31420.9 , 53.8709 , 2.86192 , 322.709
709 , 0 , 1602.73 , 31356.2 , 53.9721 , 2.79977 , 321.677
710 , 0 , 1601.75 , 31291.9 , 54.0721 , 2.73775 , 320.66
711 , 0 , 1600.79 , 31228.1 , 54.1708 , 2.67584 , 319.657
712 , 0 , 1599.83 , 31164.8 , 54.2684 , 2.61407 , 318.67
713 , 0 , 1598.87 , 31101.9 , 54.3648 , 2.55243 , 317.697
714 , 0 , 1597.93 , 31039.4 , 54.46 , 2.49092 , 316.74
715 , 0 , 1597 , 30977.3 , 54.554 , 2.42955 , 315.797
716 , 0 , 1596.08 , 30915.7 , 54.647 , 2.36832 , 314.87
717 , 0 , 1595.16 , 30854.5 , 54.7389 , 2.30723 , 313.958
718 , 0 , 1594.26 , 30793.7 , 54.8297 , 2.24629 , 313.061
719 , 0 , 1593.36 , 30733.3 , 54.9195 , 2.1855 , 312.18
720 , 0 , 1592.47 , 30673.4 , 55.0082 , 2.12487 , 311.313
721 , 0 , 1591.59 , 30613.9 , 55.096 , 2.0644 , 310.463
722 , 0 , 1590.72 , 30554.8 , 55.1828 , 2.00409 , 309.628
723 , 0 , 1589.86 , 30496.1 , 55.2687 , 1.94395 , 308.808
724 , 0 , 1589.01 , 30437.8 , 55.3536 , 1.88398 , 308.004
725 , 0 , 1588.17 , 30379.9 , 55.4377 , 1.82419 , 307.215
726 , 0 , 1587.33 , 30322.4 , 55.5209 , 1.76458 , 306.442
727 , 0 , 1586.51 , 30265.3 , 55.6032 , 1.70515 , 305.685
728 , 0 , 1585.69 , 30208.6 , 55.6848 , 1.64592 , 304.943
729 , 0 , 1584.89 , 30152.3 , 55.7655 , 1.58689 , 304.217
730 , 0 , 1584.09 , 30096.3 , 55.8455 , 1.52805 , 303.507
731 , 0 , 1583.3 , 30040.8 , 55.9248 , 1.46943 , 302.812
732 , 0 , 1582.51 , 29985.6 , 56.0033 , 1.41101 , 302.133
733 , 0 , 1581.74 , 29930.9 , 56.0812 , 1.35281 , 301.47
734 , 0 , 1580.98 , 29876.5 , 56.1584 , 1.29484 , 300.823
735 , 0 , 1580.22 , 29822.4 , 56.235 , 1.2371 , 300.191
736 , 0 , 1579.47 , 29768.7 , 56.311 , 1.17959 , 299.575
737 , 0 , 1578.73 , 29715.4 , 56.3865 , 1.12232 , 298.975
738 , 0 , 1578 , 29662.5 , 56.4614 , 1.06529 , 298.391
739 , 0 , 1577.28 , 29609.9 , 56.5357 , 1.00852 , 297.822
740 , 0 , 1576.57 , 29557.6 , 56.6096 , 0.952006 , 297.269
741 , 0 , 1575.86 , 29505.7 , 56.683 , 0.895757 , 296.732
742 , 0 , 1575.17 , 29454.2 , 56.756 , 0.839777 , 296.21
743 , 0 , 1574.48 , 29402.9 , 56.8286 , 0.784072 , 295.704
744 , 0 , 1573.8 , 29352.1 , 56.9007 , 0.728649 , 295.213
745 , 0 , 1573.12 , 29301.5 , 56.9726 , 0.673514 , 294.738
746 , 0 , 1572.46 , 29251.3 , 57.0441 , 0.618672 , 294.279
747 , 0 , 1571.8 , 29201.4 , 57.1153 , 0.564128 , 293.835
748 , 0 , 1571.15 , 29151.8 , 57.1862 , 0.50989 , 293.407
749 , 0 , 1570.51 , 29102.5 , 57.2569 , 0.455963 , 292.994
750 , 0 , 1569.88 , 29053.5 , 57.3274 , 0.402351 , 292.596
751 , 0 , 1569.25 , 29004.8 , 57.3977 , 0.349061 , 292.214
752 , 0 , 1568.63 , 28956.5 , 57.4678 , 0.296099 , 291.846
753 , 0 , 1568.02 , 28908.4 , 57.5378 , 0.243472 , 291.495
754 , 0 , 1567.41 , 28860.6 , 57.6076 , 0.191181 , 291.158
755 , 0 , 1566.82 , 28813.1 , 57.6774 , 0.139235 , 290.836
756 , 0 , 1566.23 , 28765.9 , 57.7471 , 0.0876376 , 290.53
757 , 0 , 1565.65 , 28719 , 57.8168 , 0.0363956 , 290.238
758 , 0 , 1565.07 , 28672.3 , 57.8865 , -0.0144891 , 289.961
759 , 0 , 1564.5 , 28625.9 , 57.9562 , -0.0650101 , 289.699
760 , 0 , 1563.94 , 28579.8 , 58.0259 , -0.115162 , 289.452
761 , 0 , 1563.39 , 28533.9 , 58.0957 , -0.164942 , 289.22
762 , 0 , 1562.84 , 28488.3 , 58.1656 , -0.214345 , 289.002
763 , 0 , 1562.3 , 28442.9 , 58.2356 , -0.263366 , 288.799
764 , 0 , 1561.77 , 28397.8 , 58.3057 , -0.312001 , 288.61
765 , 0 , 1561.24 , 28352.9 , 58.376 , -0.360249 , 288.435
766 , 0 , 1560.72 , 28308.3 , 58.4465 , -0.408104 , 288.275
767 , 0 , 1560.2 , 28263.8 , 58.5172 , -0.455562 , 288.129
768 , 0 , 1559.69 , 28219.7 , 58.5881 , -0.502622 , 287.997
769 , 0 , 1559.19 , 28175.7 , 58.6593 , -0.549282 , 287.88
770 , 0 , 1558.69 , 28131.9 , 58.7307 , -0.595536 , 287.776
771 , 0 , 1558.2 , 28088.4 , 58.8025 , -0.641383 , 287.686
772 , 0 , 1557.72 , 28045 , 58.8746 , -0.686821 , 287.61
773 , 0 , 1557.24 , 28001.9 , 58.947 , -0.731849 , 287.547
774 , 0 , 1556.77 , 27958.9 , 59.0198 , -0.776465 , 287.498
775 , 0 , 1556.3 , 27916.2 , 59.093 , -0.820666 , 287.463
776 , 0 , 1555.84 , 27873.6 , 59.1666 , -0.864452 , 287.441
777 , 0 , 1555.38 , 27831.2 , 59.2406 , -0.907823 , 287.432
778 , 0 , 1554.93 , 27789 , 59.315 , -0.950777 , 287.437
779 , 0 , 1554.48 , 27747 , 59.39 , -0.993315 , 287.454
780 , 0 , 1554.04 , 27705.1 , 59.4654 , -1.03543 , 287.485
781 , 0 , 1553.6 , 27663.4 , 59.5413 , -1.07714 , 287.528
782 , 0 , 1553.17 , 27621.9 , 59.6177 , -1.11843 , 287.585
783 , 0 , 1552.75 , 27580.5 , 59.6946 , -1.1593 , 287.654
784 , 0 , 1552.32 , 27539.2 , 59.7721 , -1.19976 , 287.735
785 , 0 , 1551.91 , 27498.1 , 59.8502 , -1.2398 , 287.829
786 , 0 , 1551.5 , 27457.2 , 59.9289 , -1.27944 , 287.936
787 , 0 , 1551.09 , 27416.3 , 60.0081 , -1.31866 , 288.054
788 , 0 , 1550.68 , 27375.7 , 60.088 , -1.35748 , 288.185
789 , 0 , 1550.28 , 27335.1 , 60.1685 , -1.3959 , 288.328
790 , 0 , 1549.89 , 27294.6 , 60.2497 , -1.43391 , 288.483
791 , 0 , 1549.5 , 27254.3 , 60.3315 , -1.47153 , 288.65
792 , 0 , 1549.11 , 27214.1 , 60.414 , -1.50875 , 288.829
793 , 0 , 1548.73 , 27174 , 60.4972 , -1.54558 , 289.019
794 , 0 , 1548.35 , 27134 , 60.5811 , -1.58202 , 289.221
795 , 0 , 1547.97 , 27094.1 , 60.6657 , -1.61808 , 289.434
796 , 0 , 1547.6 , 27054.3 , 60.7511 , -1.65376 , 289.658
797 , 0 , 1547.23 , 27014.6 , 60.8372 , -1.68907 , 289.894
798 , 0 , 1546.87 , 26975 , 60.924 , -1.72401 , 290.141
799 , 0 , 1546.51 , 26935.4 , 61.0116 , -1.75858 , 290.399
800 , 0 , 1546.15 , 26896 , 61.0999 , -1.7928 , 290.668
801 , 0 , 1545.8 , 26856.6 , 61.189 , -1.82667 , 290.948
802 , 0 , 1545.44 , 26817.3 , 61.279 , -1.86019 , 291.238
803 , 0 , 1545.09 , 26778 , 61.3697 , -1.89337 , 291.539
804 , 0 , 1544.75 , 26738.9 , 61.4612 , -1.92621 , 291.851
805 , 0 , 1544.41 , 26699.7 , 61.5535 , -1.95873 , 292.173
806 , 0 , 1544.07 , 26660.7 , 61.6467 , -1.99094 , 292.505
807 , 0 , 1543.73 , 26621.7 , 61.7407 , -2.02283 , 292.847
808 , 0 , 1543.39 , 26582.7 , 61.8355 , -2.05441 , 293.2
809 , 0 , 1543.06 , 26543.8 , 61.9312 , -2.0857 , 293.562
810 , 0 , 1542.73 , 26505 , 62.0277 , -2.1167 , 293.935
811 , 0 , 1542.41 , 26466.2 , 62.1251 , -2.14742 , 294.317
812 , 0 , 1542.08 , 26427.4 , 62.2233 , -2.17787 , 294.709
813 , 0 , 1541.76 , 26388.6 , 62.3224 , -2.20805 , 295.111
814 , 0 , 1541.44 , 26349.9 , 62.4224 , -2.23798 , 295.521
815 , 0 , 1541.12 , 26311.2 , 62.5232 , -2.26766 , 295.942
816 , 0 , 1540.81 , 26272.6 , 62.625 , -2.29711 , 296.372
817 , 0 , 1540.49 , 26233.9 , 62.7276 , -2.32632 , 296.81
818 , 0 , 1540.18 , 26195.3 , 62.8311 , -2.35531 , 297.258
819 , 0 , 1539.87 , 26156.7 , 62.9354 , -2.3841 , 297.715
820 , 0 , 1539.56 , 26118.1 , 63.0407 , -2.41268 , 298.181
821 , 0 , 1539.26 , 26079.6 , 63.1468 , -2.44107 , 298.656
822 , 0 , 1538.95 , 26041 , 63.2539 , -2.46929 , 299.14
823 , 0 , 1538.65 , 26002.5 , 63.3618 , -2.49733 , 299.632
824 , 0 , 1538.35 , 25963.9 , 63.4706 , -2.52521 , 300.132
825 , 0 , 1538.05 , 25925.4 , 63.5804 , -2.55294 , 300.642
826 , 0 , 1537.75 , 25886.8 , 63.691 , -2.58053 , 301.159
827 , 0 , 1537.45 , 25848.3 , 63.8025 , -2.60798 , 301.685
828 , 0 , 1537.16 , 25809.7 , 63.9149 , -2.63532 , 302.219
829 , 0 , 1536.87 , 25771.2 , 64.0283 , -2.66255 , 302.761
830 , 0 , 1536.57 , 25732.6 , 64.1425 , -2.68967 , 303.311
831 , 0 , 1536.28 , 25694 , 64.2576 , -2.71671 , 303.869
832 , 0 , 1535.99 , 25655.4 , 64.3736 , -2.74367 , 304.435
833 , 0 , 1535.7 , 25616.8 , 64.4905 , -2.77056 , 305.008
834 , 0 , 1535.42 , 25578.2 , 64.6083 , -2.7974 , 305.59
835 , 0 , 1535.13 , 25539.6 , 64.7269 , -2.82419 , 306.179
836 , 0 , 1534.84 , 25500.9 , 64.8465 , -2.85094 , 306.775
837 , 0 , 1534.56 , 25462.3 , 64.9669 , -2.87767 , 307.379
838 , 0 , 1534.28 , 25423.6 , 65.0883 , -2.90438 , 307.99
839 , 0 , 1534 , 25384.8 , 65.2105 , -2.93108 , 308.609
840 , 0 , 1533.72 , 25346.1 , 65.3336 , -2.9578 , 309.235
841 , 0 , 1533.44 , 25307.3 , 65.4575 , -2.98453 , 309.868
842 , 0 , 1533.16 , 25268.5 , 65.5824 , -3.01128 , 310.508
843 , 0 , 1532.88 , 25229.7 , 65.7081 , -3.03808 , 311.155
844 , 0 , 1532.6 , 25190.8 , 65.8346 , -3.06492 , 311.809
845 , 0 , 1532.32 , 25152 , 65.9621 , -3.09182 , 312.469
846 , 0 , 1532.05 , 25113 , 66.0903 , -3.11878 , 313.137
847 , 0 , 1531.77 , 25074.1 , 66.2195 , -3.14583 , 313.811
848 , 0 , 1531.5 , 25035.1 , 66.3495 , -3.17296 , 314.492
849 , 0 , 1531.23 , 24996.1 , 66.4803 , -3.2002 , 315.18
850 , 0 , 1530.96 , 24957 , 66.612 , -3.22754 , 315.874
851 , 0 , 1530.68 , 24917.9 , 66.7445 , -3.255 , 316.574
852 , 0 , 1530.41 , 24878.8 , 66.8778 , -3.28258 , 317.281
853 , 0 , 1530.14 , 24839.6 , 67.012 , -3.31031 , 317.994
854 , 0 , 1529.87 , 24800.4 , 67.147 , -3.33818 , 318.714
855 , 0 , 1529.61 , 24761.1 , 67.2828 , -3.36621 , 319.439
856 , 0 , 1529.34 , 24721.8 , 67.4194 , -3.3944 , 320.171
857 , 0 , 1529.07 , 24682.5 , 67.5568 , -3.42277 , 320.909
858 , 0 , 1528.8 , 24643.1 , 67.6951 , -3.45132 , 321.653
859 , 0 , 1528.54 , 24603.7 , 67.8341 , -3.48006 , 322.403
860 , 0 , 1528.27 , 24564.2 , 67.9739 , -3.509 , 323.159
861 , 0 , 1528.01 , 24524.7 , 68.1145 , -3.53815 , 323.921
862 , 0 , 1527.75 , 24485.2 , 68.2559 , -3.56752 , 324.689
863 , 0 , 1527.48 , 24445.6 , 68.3981 , -3.59711 , 325.462
864 , 0 , 1527.22 , 24405.9 , 68.5411 , -3.62694 , 326.241
865 , 0 , 1526.96 , 24366.2 , 68.6848 , -3.657 , 327.026
866 , 0 , 1526.7 , 24326.5 , 68.8293 , -3.68731 , 327.816
867 , 0 , 1526.44 , 24286.7 , 68.9745 , -3.71788 , 328.612
868 , 0 , 1526.18 , 24246.9 , 69.1205 , -3.74871 , 329.414
869 , 0 , 1525.92 , 24207 , 69.2673 , -3.77981 , 330.221
870 , 0 , 1525.66 , 24167.1 , 69.4148 , -3.81119 , 331.033
871 , 0 , 1525.41 , 24127.1 , 69.563 , -3.84285 , 331.851
872 , 0 , 1525.15 , 24087.1 , 69.7119 , -3.8748 , 332.674
873 , 0 , 1524.89 , 24047.1 , 69.8616 , -3.90705 , 333.503
874 , 0 , 1524.64 , 24007 , 70.012 , -3.93959 , 334.337
875 , 0 , 1524.38 , 23966.8 , 70.1632 , -3.97245 , 335.176
876 , 0 , 1524.13 , 23926.6 , 70.315 , -4.00561 , 336.02
877 , 0 , 1523.88 , 23886.4 , 70.4675 , -4.0391 , 336.869
878 , 0 , 1523.63 , 23846.1 , 70.6208 , -4.07291 , 337.724
879 , 0 , 1523.38 , 23805.7 , 70.7747 , -4.10705 , 338.584
880 , 0 , 1523.13 , 23765.4 , 70.9294 , -4.14152 , 339.448
881 , 0 , 1522.88 , 23724.9 , 71.0847 , -4.17632 , 340.318
882 , 0 , 1522.63 , 23684.4 , 71.2407 , -4.21148 , 341.193
883 , 0 , 1522.38 , 23643.9 , 71.3974 , -4.24697 , 342.073
884 , 0 , 1522.14 , 23603.3 , 71.5547 , -4.28282 , 342.957
885 , 0 , 1521.89 , 23562.7 , 71.7128 , -4.31902 , 343.847
886 , 0 , 1521.65 , 23522.1 , 71.8715 , -4.35558 , 344.741
887 , 0 , 1521.4 , 23481.4 , 72.0308 , -4.3925 , 345.641
888 , 0 , 1521.16 , 23440.6 , 72.1909 , -4.42979 , 346.545
889 , 0 , 1520.92 , 23399.8 , 72.3515 , -4.46744 , 347.454
890 , 0 , 1520.68 , 23359 , 72.5128 , -4.50546 , 348.367
891 , 0 , 1520.44 , 23318.1 , 72.6748 , -4.54386 , 349.286
892 , 0 , 1520.2 , 23277.2 , 72.8374 , -4.58263 , 350.209
893 , 0 , 1519.97 , 23236.2 , 73.0006 , -4.62177 , 351.137
894 , 0 , 1519.73 , 23195.2 , 73.1645 , -4.66129 , 352.069
895 , 0 , 1519.5 , 23154.1 , 73.329 , -4.7012 , 353.007
896 , 0 , 1519.26 , 23113 , 73.4941 , -4.74148 , 353.948
897 , 0 , 1519.03 , 23071.9 , 73.6599 , -4.78215 , 354.895
898 , 0 , 1518.8 , 23030.7 , 73.8262 , -4.8232 , 355.846
899 , 0 , 1518.57 , 22989.5 , 73.9932 , -4.86464 , 356.801
900 , 0 , 1518.34 , 22948.3 , 74.1608 , -4.90647 , 357.762
901 , 0 , 1518.12 , 22907 , 74.329 , -4.94868 , 358.726
902 , 0 , 1517.89 , 22865.6 , 74.4978 , -4.99127 , 359.696
903 , 0 , 1517.67 , 22824.2 , 74.6672 , -5.03426 , 360.67
904 , 0 , 1517.44 , 22782.8 , 74.8372 , -5.07763 , 361.648
905 , 0 , 1517.22 , 22741.4 , 75.0078 , -5.12139 , 362.631
906 , 0 , 1517 , 22699.9 , 75.179 , -5.16554 , 363.618
907 , 0 , 1516.78 , 22658.4 , 75.3508 , -5.21007 , 364.61
908 , 0 , 1516.56 , 22616.8 , 75.5231 , -5.255 , 365.606
909 , 0 , 1516.35 , 22575.2 , 75.6961 , -5.3003 , 366.606
910 , 0 , 1516.13 , 22533.6 , 75.8697 , -5.346 , 367.612
911 , 0 , 1515.92 , 22491.9 , 76.0438 , -5.39207 , 368.621
912 , 0 , 1515.71 , 22450.2 , 76.2185 , -5.43853 , 369.635
913 , 0 , 1515.5 , 22408.5 , 76.3938 , -5.48538 , 370.653
914 , 0 , 1515.29 , 22366.7 , 76.5697 , -5.5326 , 371.676
915 , 0 , 1515.08 , 22324.9 , 76.7461 , -5.5802 , 372.703
916 , 0 , 1514.88 , 22283.1 , 76.9231 , -5.62819 , 373.735
917 , 0 , 1514.68 , 22241.3 , 77.1007 , -5.67654 , 374.771
918 , 0 , 1514.47 , 22199.4 , 77.2789 , -5.72528 , 375.811
919 , 0 , 1514.27 , 22157.5 , 77.4576 , -5.77438 , 376.856
920 , 0 , 1514.08 , 22115.5 , 77.6369 , -5.82386 , 377.905
921 , 0 , 1513.88 , 22073.6 , 77.8168 , -5.87371 , 378.958
922 , 0 , 1513.69 , 22031.6 , 77.9972 , -5.92392 , 380.016
923 , 0 , 1513.49 , 21989.5 , 78.1782 , -5.9745 , 381.078
924 , 0 , 1513.3 , 21947.5 , 78.3597 , -6.02544 , 382.144
925 , 0 , 1513.11 , 21905.4 , 78.5419 , -6.07674 , 383.215
926 , 0 , 1512.92 , 21863.3 , 78.7245 , -6.1284 , 384.291
927 , 0 , 1512.74 , 21821.2 , 78.9078 , -6.18042 , 385.37
928 , 0 , 1512.56 , 21779.1 , 79.0916 , -6.23279 , 386.454
929 , 0 , 1512.37 , 21736.9 , 79.276 , -6.28551 , 387.543
930 , 0 , 1512.19 , 21694.7 , 79.4609 , -6.33858 , 388.635
931 , 0 , 1512.02 , 21652.5 , 79.6464 , -6.39199 , 389.732
932 , 0 , 1511.84 , 21610.3 , 79.8324 , -6.44575 , 390.834
933 , 0 , 1511.67 , 21568.1 , 80.019 , -6.49985 , 391.939
934 , 0 , 1511.49 , 21525.8 , 80.2062 , -6.55429 , 393.05
935 , 0 , 1511.32 , 21483.5 , 80.3939 , -6.60906 , 394.164
936 , 0 , 1511.16 , 21441.2 , 80.5822 , -6.66416 , 395.283
937 , 0 , 1510.99 , 21398.9 , 80.7711 , -6.71959 , 396.406
938 , 0 , 1510.83 , 21356.6 , 80.9605 , -6.77535 , 397.534
939 , 0 , 1510.66 , 21314.2 , 81.1505 , -6.83143 , 398.666
940 , 0 , 1510.5 , 21271.9 , 81.341 , -6.88783 , 399.803
941 , 0 , 1510.35 , 21229.5 , 81.5321 , -6.94456 , 400.944
942 , 0 , 1510.19 , 21187.1 , 81.7238 , -7.00159 , 402.089
943 , 0 , 1510.04 , 21144.7 , 81.916 , -7.05894 , 403.239
944 , 0 , 1509.89 , 21102.3 , 82.1088 , -7.1166 , 404.393
945 , 0 , 1509.74 , 21059.9 , 82.3021 , -7.17457 , 405.552
946 , 0 , 1509.59 , 21017.5 , 82.496 , -7.23284 , 406.715
947 , 0 , 1509.45 , 20975 , 82.6906 , -7.29141 , 407.882
948 , 0 , 1509.3 , 20932.6 , 82.8857 , -7.35029 , 409.054
949 , 0 , 1509.16 , 20890.1 , 83.0813 , -7.40945 , 410.231
950 , 0 , 1509.02 , 20847.7 , 83.2775 , -7.46891 , 411.412
951 , 0 , 1508.89 , 20805.2 , 83.4742 , -7.52867 , 412.597
952 , 0 , 1508.75 , 20762.7 , 83.6716 , -7.58871 , 413.787
953 , 0 , 1508.62 , 20720.2 , 83.8695 , -7.64903 , 414.981
954 , 0 , 1508.49 , 20677.8 , 84.068 , -7.70964 , 416.18
955 , 0 , 1508.36 , 20635.3 , 84.2671 , -7.77053 , 417.384
956 , 0 , 1508.24 , 20592.8 , 84.4668 , -7.8317 , 418.592
957 , 0 , 1508.12 , 20550.3 , 84.667 , -7.89315 , 419.804
958 , 0 , 1507.99 , 20507.8 , 84.8678 , -7.95487 , 421.021
959 , 0 , 1507.88 , 20465.3 , 85.0692 , -8.01686 , 422.243
960 , 0 , 1507.76 , 20422.8 , 85.2712 , -8.07911 , 423.469
961 , 0 , 1507.65 , 20380.3 , 85.4738 , -8.14164 , 424.7
962 , 0 , 1507.53 , 20337.8 , 85.6769 , -8.20443 , 425.935
963 , 0 , 1507.42 , 20295.3 , 85.8807 , -8.26749 , 427.175
964 , 0 , 1507.32 , 20252.8 , 86.085 , -8.3308 , 428.42
965 , 0 , 1507.21 , 20210.3 , 86.29 , -8.39437 , 429.669
966 , 0 , 1507.11 , 20167.8 , 86.4955 , -8.4582 , 430.923
967 , 0 , 1507.01 , 20125.3 , 86.7017 , -8.52228 , 432.181
968 , 0 , 1506.91 , 20082.8 , 86.9084 , -8.58661 , 433.444
969 , 0 , 1506.81 , 20040.3 , 87.1158 , -8.6512 , 434.712
970 , 0 , 1506.72 , 19997.8 , 87.3237 , -8.71603 , 435.985
971 , 0 , 1506.62 , 19955.4 , 87.5323 , -8.78111 , 437.262
972 , 0 , 1506.54 , 19912.9 , 87.7414 , -8.84644 , 438.544
973 , 0 , 1506.45 , 19870.4 , 87.9512 , -8.91201 , 439.83
974 , 0 , 1506.36 , 19828 , 88.1616 , -8.97783 , 441.121
975 , 0 , 1506.28 , 19785.5 , 88.3726 , -9.04388 , 442.417
976 , 0 , 1506.2 , 19743.1 , 88.5843 , -9.11018 , 443.718
977 , 0 , 1506.12 , 19700.7 , 88.7965 , -9.17671 , 445.023
978 , 0 , 1506.04 , 19658.2 , 89.0094 , -9.24348 , 446.333
979 , 0 , 1505.97 , 19615.8 , 89.2229 , -9.31049 , 447.648
980 , 0 , 1505.89 , 19573.4 , 89.4371 , -9.37774 , 448.968
981 , 0 , 1505.82 , 19531 , 89.6518 , -9.44521 , 450.292
982 , 0 , 1505.75 , 19488.6 , 89.8673 , -9.51292 , 451.621
983 , 0 , 1505.69 , 19446.2 , 90.0833 , -9.58087 , 452.955
984 , 0 , 1505.62 , 19403.8 , 90.3 , -9.64904 , 454.294
985 , 0 , 1505.56 , 19361.5 , 90.5173 , -9.71744 , 455.637
986 , 0 , 1505.5 , 19319.1 , 90.7353 , -9.78608 , 456.986
987 , 0 , 1505.44 , 19276.8 , 90.9539 , -9.85494 , 458.339
988 , 0 , 1505.39 , 19234.5 , 91.1732 , -9.92402 , 459.697
989 , 0 , 1505.33 , 19192.1 , 91.3931 , -9.99334 , 461.059
990 , 0 , 1505.28 , 19149.8 , 91.6137 , -10.0629 , 462.427
991 , 0 , 1505.23 , 19107.5 , 91.8349 , -10.1326 , 463.799
992 , 0 , 1505.18 , 19065.2 , 92.0568 , -10.2026 , 465.176
993 , 0 , 1505.14 , 19023 , 92.2794 , -10.2728 , 466.558
994 , 0 , 1505.09 , 18980.7 , 92.5026 , -10.3433 , 467.945
995 , 0 , 1505.05 , 18938.5 , 92.7266 , -10.4139 , 469.337
996 , 0 , 1505.01 , 18896.2 , 92.9511 , -10.4848 , 470.733
997 , 0 , 1504.97 , 18854 , 93.1764 , -10.5559 , 472.134
998 , 0 , 1504.93 , 18811.8 , 93.4023 , -10.6273 , 473.54
999 , 0 , 1504.9 , 18769.6 , 93.6289 , -10.6988 , 474.951
1000 , 0 , 1504.86 , 18727.4 , 93.8562 , -10.7706 , 476.367
1001 , 0 , 1504.83 , 18685.2 , 94.0841 , -10.8426 , 477.788
1002 , 0 , 1504.8 , 18643.1 , 94.3128 , -10.9148 , 479.213
1003 , 0 , 1504.77 , 18600.9 , 94.5422 , -10.9872 , 480.643
1004 , 0 , 1504.74 , 18558.8 , 94.7722 , -11.0599 , 482.079
1005 , 0 , 1504.72 , 18516.6 , 95.0029 , -11.1328 , 483.518
1006 , 0 , 1504.7 , 18474.5 , 95.2344 , -11.2059 , 484.963
1007 , 0 , 1504.67 , 18432.4 , 95.4665 , -11.2792 , 486.413
1008 , 0 , 1504.65 , 18390.3 , 95.6993 , -11.3527 , 487.867
1009 , 0 , 1504.63 , 18348.2 , 95.9329 , -11.4265 , 489.326
1010 , 0 , 1504.62 , 18306.2 , 96.1671 , -11.5005 , 490.79
1011 , 0 , 1504.6 , 18264.1 , 96.4021 , -11.5747 , 492.259
1012 , 0 , 1504.58 , 18222.1 , 96.6378 , -11.6491 , 493.732
1013 , 0 , 1504.57 , 18180 , 96.8742 , -11.7238 , 495.21
1014 , 0 , 1504.56 , 18138 , 97.1113 , -11.7986 , 496.693
1015 , 0 , 1504.55 , 18096 , 97.3491 , -11.8737 , 498.181
1016 , 0 , 1504.54 , 18054 , 97.5877 , -11.949 , 499.674
1017 , 0 , 1504.53 , 18012 , 97.8269 , -12.0245 , 501.171
1018 , 0 , 1504.52 , 17970 , 98.067 , -12.1003 , 502.673
1019 , 0 , 1504.52 , 17928.1 , 98.3077 , -12.1762 , 504.18
1020 , 0 , 1504.51 , 17886.1 , 98.5492 , -12.2524 , 505.691
1021 , 0 , 1504.51 , 17844.1 , 98.7914 , -12.3288 , 507.207
1022 , 0 , 1504.5 , 17802.2 , 99.0343 , -12.4055 , 508.728
1023 , 0 , 1504.5 , 17760.3 , 99.278 , -12.4823 , 510.253
1024 , 0 , 1504.5 , 17718.3 , 99.5224 , -12.5594 , 511.783
1025 , 0 , 1504.5 , 17676.4 , 99.7676 , -12.6367 , 513.318
1026 , 0 , 1504.5 , 17634.5 , 100.013 , -12.7142 , 514.857
1027 , 0 , 1504.5 , 17592.6 , 100.26 , -12.792 , 516.401
1028 , 0 , 1504.5 , 17550.7 , 100.508 , -12.8699 , 517.95
1029 , 0 , 1504.51 , 17508.8 , 100.756 , -12.9481 , 519.503
1030 , 0 , 1504.51 , 17466.9 , 101.005 , -13.0265 , 521.061
1031 , 0 , 1504.52 , 17425 , 101.254 , -13.1051 , 522.623
1032 , 0 , 1504.52 , 17383.2 , 101.505 , -13.184 , 524.19
1033 , 0 , 1504.53 , 17341.3 , 101.756 , -13.263 , 525.761
1034 , 0 , 1504.53 , 17299.4 , 102.008 , -13.3423 , 527.337
1035 , 0 , 1504.54 , 17257.6 , 102.261 , -13.4218 , 528.917
1036 , 0 , 1504.54 , 17215.7 , 102.514 , -13.5016 , 530.502
1037 , 0 , 1504.55 , 17173.8 , 102.768 , -13.5815 , 532.091
1038 , 0 , 1504.56 , 17132 , 103.023 , -13.6617 , 533.685
1039 , 0 , 1504.57 , 17090.1 , 103.279 , -13.7421 , 535.282
1040 , 0 , 1504.57 , 17048.3 , 103.536 , -13.8227 , 536.885
1041 , 0 , 1504.58 , 17006.4 , 103.793 , -13.9035 , 538.492
1042 , 0 , 1504.59 , 16964.6 , 104.051 , -13.9846 , 540.102
1043 , 0 , 1504.6 , 16922.7 , 104.31 , -14.0659 , 541.718
1044 , 0 , 1504.61 , 16880.9 , 104.57 , -14.1474 , 543.337
1045 , 0 , 1504.62 , 16839.1 , 104.83 , -14.2291 , 544.961
1046 , 0 , 1504.62 , 16797.2 , 105.091 , -14.311 , 546.589
1047 , 0 , 1504.63 , 16755.4 , 105.353 , -14.3932 , 548.222
1048 , 0 , 1504.64 , 16713.5 , 105.616 , -14.4756 , 549.858
1049 , 0 , 1504.65 , 16671.7 , 105.879 , -14.5582 , 551.499
1050 , 0 , 1504.65 , 16629.8 , 106.144 , -14.641 , 553.144
1051 , 0 , 1504.66 , 16587.9 , 106.409 , -14.724 , 554.793
1052 , 0 , 1504.67 , 16546.1 , 106.674 , -14.8073 , 556.446
1053 , 0 , 1504.67 , 16504.2 , 106.941 , -14.8907 , 558.103
1054 , 0 , 1504.68 , 16462.3 , 107.208 , -14.9744 , 559.764
1055 , 0 , 1504.69 , 16420.5 , 107.476 , -15.0583 , 561.429
1056 , 0 , 1504.69 , 16378.6 , 107.745 , -15.1424 , 563.099
1057 , 0 , 1504.69 , 16336.7 , 108.015 , -15.2268 , 564.772
1058 , 0 , 1504.7 , 16294.8 , 108.285 , -15.3113 , 566.449
1059 , 0 , 1504.7 , 16252.9 , 108.556 , -15.3961 , 568.13
1060 , 0 , 1504.7 , 16211 , 108.828 , -15.481 , 569.815
1061 , 0 , 1504.7 , 16169.1 , 109.101 , -15.5662 , 571.504
1062 , 0 , 1504.7 , 16127.2 , 109.375 , -15.6516 , 573.197
1063 , 0 , 1504.7 , 16085.3 , 109.649 , -15.7372 , 574.894
1064 , 0 , 1504.7 , 16043.4 , 109.924 , -15.823 , 576.594
1065 , 0 , 1504.69 , 16001.4 , 110.2 , -15.909 , 578.298
1066 , 0 , 1504.69 , 15959.5 , 110.476 , -15.9953 , 580.006
1067 , 0 , 1504.68 , 15917.5 , 110.753 , -16.0817 , 581.718
1068 , 0 , 1504.68 , 15875.6 , 111.032 , -16.1683 , 583.434
1069 , 0 , 1504.67 , 15833.6 , 111.31 , -16.2552 , 585.153
1070 , 0 , 1504.66 , 15791.6 , 111.59 , -16.3422 , 586.876
1071 , 0 , 1504.65 , 15749.6 , 111.87 , -16.4295 , 588.602
1072 , 0 , 1504.64 , 15707.6 , 112.152 , -16.5169 , 590.332
1073 , 0 , 1504.62 , 15665.6 , 112.434 , -16.6046 , 592.066
1074 , 0 , 1504.61 , 15623.6 , 112.716 , -16.6924 , 593.803
1075 , 0 , 1504.59 , 15581.6 , 113 , -16.7805 , 595.544
1076 , 0 , 1504.57 , 15539.5 , 113.284 , -16.8687 , 597.288
1077 , 0 , 1504.55 , 15497.5 , 113.569 , -16.9571 , 599.036
1078 , 0 , 1504.53 , 15455.4 , 113.855 , -17.0458 , 600.787
1079 , 0 , 1504.5 , 15413.3 , 114.142 , -17.1346 , 602.542
1080 , 0 , 1504.48 , 15371.2 , 114.429 , -17.2236 , 604.301
1081 , 0 , 1504.45 , 15329.1 , 114.717 , -17.3128 , 606.062
1082 , 0 , 1504.42 , 15287 , 115.006 , -17.4022 , 607.827
1083 , 0 , 1504.38 , 15244.9 , 115.296 , -17.4917 , 609.596
1084 , 0 , 1504.35 , 15202.8 , 115.587 , -17.5815 , 611.368
1085 , 0 , 1504.31 , 15160.6 , 115.878 , -17.6714 , 613.143
1086 , 0 , 1504.27 , 15118.5 , 116.171 , -17.7615 , 614.921
1087 , 0 , 1504.23 , 15076.3 , 116.464 , -17.8518 , 616.703
1088 , 0 , 1504.19 , 15034.2 , 116.758 , -17.9423 , 618.488
1089 , 0 , 1504.14 , 14992 , 117.053 , -18.033 , 620.277
1090 , 0 , 1504.09 , 14949.8 , 117.349 , -18.1238 , 622.068
1091 , 0 , 1504.04 , 14907.6 , 117.645 , -18.2148 , 623.863
1092 , 0 , 1503.99 , 14865.3 , 117.943 , -18.3059 , 625.661
1093 , 0 , 1503.93 , 14823.1 , 118.242 , -18.3973 , 627.463
1094 , 0 , 1503.87 , 14780.9 , 118.541 , -18.4888 , 629.267
1095 , 0 , 1503.81 , 14738.6 , 118.842 , -18.5804 , 631.075
1096 , 0 , 1503.74 , 14696.3 , 119.143 , -18.6723 , 632.886
1097 , 0 , 1503.68 , 14654.1 , 119.445 , -18.7642 , 634.7
1098 , 0 , 1503.61 , 14611.8 , 119.749 , -18.8564 , 636.517
1099 , 0 , 1503.53 , 14569.5 , 120.053 , -18.9487 , 638.337
1100 , 0 , 1503.46 , 14527.2 , 120.358 , -19.0411 , 640.16
1101 , 0 , 1503.38 , 14484.8 , 120.664 , -19.1337 , 641.987
1102 , 0 , 1503.29 , 14442.5 , 120.971 , -19.2265 , 643.816
1103 , 0 , 1503.21 , 14400.2 , 121.279 , -19.3194 , 645.649
1104 , 0 , 1503.12 , 14357.8 , 121.588 , -19.4125 , 647.484
1105 , 0 , 1503.03 , 14315.5 , 121.898 , -19.5057 , 649.323
1106 , 0 , 1502.93 , 14273.1 , 122.209 , -19.599 , 651.165
1107 , 0 , 1502.83 , 14230.8 , 122.52 , -19.6925 , 653.01
1108 , 0 , 1502.73 , 14188.4 , 122.833 , -19.7861 , 654.858
1109 , 0 , 1502.62 , 14146 , 123.146 , -19.8799 , 656.71
1110 , 0 , 1502.51 , 14103.6 , 123.461 , -19.9738 , 658.564
1111 , 0 , 1502.4 , 14061.2 , 123.776 , -20.0678 , 660.422
1112 , 0 , 1502.28 , 14018.8 , 124.093 , -20.162 , 662.282
1113 , 0 , 1502.16 , 13976.5 , 124.41 , -20.2563 , 664.146
1114 , 0 , 1502.04 , 13934.1 , 124.729 , -20.3507 , 666.013
1115 , 0 , 1501.91 , 13891.6 , 125.049 , -20.4452 , 667.884
1116 , 0 , 1501.78 , 13849.2 , 125.37 , -20.5399 , 669.757
1117 , 0 , 1501.64 , 13806.8 , 125.692 , -20.6346 , 671.634
1118 , 0 , 1501.5 , 13764.4 , 126.015 , -20.7295 , 673.514
1119 , 0 , 1501.35 , 13722 , 126.34 , -20.8245 , 675.398
1120 , 0 , 1501.21 , 13679.6 , 126.665 , -20.9195 , 677.284
1121 , 0 , 1501.05 , 13637.2 , 126.992 , -21.0147 , 679.174
1122 , 0 , 1500.89 , 13594.8 , 127.32 , -21.11 , 681.068
1123 , 0 , 1500.73 , 13552.3 , 127.65 , -21.2053 , 682.965
1124 , 0 , 1500.57 , 13509.9 , 127.98 , -21.3007 , 684.865
1125 , 0 , 1500.39 , 13467.5 , 128.312 , -21.3962 , 686.768
1126 , 0 , 1500.22 , 13425.1 , 128.645 , -21.4918 , 688.675
1127 , 0 , 1500.04 , 13382.7 , 128.979 , -21.5875 , 690.585
1128 , 0 , 1499.85 , 13340.2 , 129.314 , -21.6832 , 692.498
1129 , 0 , 1499.66 , 13297.8 , 129.65 , -21.7789 , 694.415
1130 , 0 , 1499.46 , 13255.4 , 129.988 , -21.8748 , 696.336
1131 , 0 , 1499.26 , 13213 , 130.327 , -21.9707 , 698.26
1132 , 0 , 1499.06 , 13170.6 , 130.667 , -22.0666 , 700.188
1133 , 0 , 1498.84 , 13128.1 , 131.008 , -22.1625 , 702.119
1134 , 0 , 1498.63 , 13085.7 , 131.351 , -22.2585 , 704.054
1135 , 0 , 1498.4 , 13043.3 , 131.695 , -22.3546 , 705.993
1136 , 0 , 1498.18 , 13000.9 , 132.04 , -22.4506 , 707.935
1137 , 0 , 1497.94 , 12958.5 , 132.386 , -22.5467 , 709.882
1138 , 0 , 1497.7 , 12916 , 132.733 , -22.6428 , 711.832
1139 , 0 , 1497.45 , 12873.6 , 133.082 , -22.7389 , 713.787
1140 , 0 , 1497.2 , 12831.2 , 133.431 , -22.835 , 715.745
1141 , 0 , 1496.94 , 12788.7 , 133.782 , -22.9311 , 717.708
1142 , 0 , 1496.68 , 12746.3 , 134.134 , -23.0272 , 719.674
1143 , 0 , 1496.41 , 12703.9 , 134.488 , -23.1233 , 721.645
1144 , 0 , 1496.13 , 12661.4 , 134.842 , -23.2195 , 723.62
1145 , 0 , 1495.85 , 12619 , 135.198 , -23.3156 , 725.599
1146 , 0 , 1495.56 , 12576.5 , 135.555 , -23.4117 , 727.583
1147 , 0 , 1495.26 , 12534 , 135.914 , -23.5078 , 729.571
1148 , 0 , 1494.96 , 12491.6 , 136.273 , -23.6039 , 731.564
1149 , 0 , 1494.65 , 12449.1 , 136.634 , -23.7 , 733.561
1150 , 0 , 1494.34 , 12406.6 , 136.996 , -23.796 , 735.562
1151 , 0 , 1494.02 , 12364.1 , 137.359 , -23.892 , 737.568
1152 , 0 , 1493.69 , 12321.6 , 137.724 , -23.988 , 739.58
1153 , 0 , 1493.35 , 12279.1 , 138.09 , -24.084 , 741.597
1154 , 0 , 1493.01 , 12236.5 , 138.457 , -24.18 , 743.621
1155 , 0 , 1492.66 , 12194 , 138.825 , -24.2759 , 745.651
1156 , 0 , 1492.3 , 12151.4 , 139.195 , -24.3718 , 747.688
1157 , 0 , 1491.93 , 12108.7 , 139.566 , -24.4676 , 749.733
1158 , 0 , 1491.56 , 12066.1 , 139.939 , -24.5634 , 751.785
1159 , 0 , 1491.17 , 12023.4 , 140.312 , -24.6592 , 753.845
1160 , 0 , 1490.78 , 11980.6 , 140.687 , -24.7549 , 755.914
1161 , 0 , 1490.38 , 11937.9 , 141.064 , -24.8507 , 757.99
1162 , 0 , 1489.97 , 11895 , 141.442 , -24.9463 , 760.076
1163 , 0 , 1489.55 , 11852.2 , 141.821 , -25.042 , 762.17
1164 , 0 , 1489.13 , 11809.3 , 142.201 , -25.1376 , 764.273
1165 , 0 , 1488.69 , 11766.3 , 142.583 , -25.2332 , 766.385
1166 , 0 , 1488.25 , 11723.3 , 142.967 , -25.3287 , 768.506
1167 , 0 , 1487.79 , 11680.3 , 143.351 , -25.4242 , 770.637
1168 , 0 , 1487.33 , 11637.2 , 143.738 , -25.5197 , 772.778
1169 , 0 , 1486.86 , 11594 , 144.125 , -25.6152 , 774.928
1170 , 0 , 1486.38 , 11550.8 , 144.514 , -25.7107 , 777.088
1171 , 0 , 1485.89 , 11507.5 , 144.905 , -25.8062 , 779.258
1172 , 0 , 1485.39 , 11464.2 , 145.297 , -25.9016 , 781.438
1173 , 0 , 1484.89 , 11420.9 , 145.691 , -25.997 , 783.629
1174 , 0 , 1484.37 , 11377.5 , 146.086 , -26.0924 , 785.83
1175 , 0 , 1483.84 , 11334 , 146.482 , -26.1879 , 788.042
1176 , 0 , 1483.31 , 11290.5 , 146.88 , -26.2833 , 790.265
1177 , 0 , 1482.76 , 11246.9 , 147.28 , -26.3787 , 792.498
1178 , 0 , 1482.21 , 11203.3 , 147.681 , -26.4741 , 794.743
1179 , 0 , 1481.64 , 11159.7 , 148.084 , -26.5696 , 796.998
1180 , 0 , 1481.07 , 11116 , 148.488 , -26.6651 , 799.265
1181 , 0 , 1480.48 , 11072.2 , 148.894 , -26.7606 , 801.543
1182 , 0 , 1479.89 , 11028.4 , 149.301 , -26.8561 , 803.832
1183 , 0 , 1479.29 , 10984.6 , 149.71 , -26.9517 , 806.13
1184 , 0 , 1478.68 , 10940.8 , 150.121 , -27.0474 , 808.437
1185 , 0 , 1478.06 , 10896.9 , 150.533 , -27.1431 , 810.752
1186 , 0 , 1477.44 , 10853.1 , 150.947 , -27.2388 , 813.073
1187 , 0 , 1476.81 , 10809.2 , 151.362 , -27.3347 , 815.4
1188 , 0 , 1476.17 , 10765.3 , 151.779 , -27.4306 , 817.732
1189 , 0 , 1475.53 , 10721.5 , 152.198 , -27.5265 , 820.069
1190 , 0 , 1474.88 , 10677.6 , 152.618 , -27.6226 , 822.41
1191 , 0 , 1474.23 , 10633.8 , 153.04 , -27.7187 , 824.754
1192 , 0 , 1473.57 , 10590 , 153.463 , -27.815 , 827.102
1193 , 0 , 1472.91 , 10546.2 , 153.888 , -27.9113 , 829.452
1194 , 0 , 1472.24 , 10502.5 , 154.315 , -28.0077 , 831.805
1195 , 0 , 1471.57 , 10458.7 , 154.743 , -28.1042 , 834.159
1196 , 0 , 1470.9 , 10415.1 , 155.173 , -28.2007 , 836.515
1197 , 0 , 1470.22 , 10371.4 , 155.605 , -28.2974 , 838.872
1198 , 0 , 1469.54 , 10327.8 , 156.038 , -28.3941 , 841.231
1199 , 0 , 1468.85 , 10284.3 , 156.473 , -28.4909 , 843.589
1200 , 0 , 1468.16 , 10240.8 , 156.909 , -28.5878 , 845.949
1201 , 0 , 1467.47 , 10197.3 , 157.347 , -28.6848 , 848.308
1202 , 0 , 1466.77 , 10153.9 , 157.786 , -28.7818 , 850.667
1203 , 0 , 1466.07 , 10110.6 , 158.227 , -28.879 , 853.026
1204 , 0 , 1465.37 , 10067.3 , 158.67 , -28.9762 , 855.384
1205 , 0 , 1464.67 , 10024.1 , 159.114 , -29.0735 , 857.742
1206 , 0 , 1463.96 , 9980.98 , 159.559 , -29.1708 , 860.098
1207 , 0 , 1463.25 , 9937.92 , 160.007 , -29.2682 , 862.454
1208 , 0 , 1462.54 , 9894.93 , 160.455 , -29.3657 , 864.807
1209 , 0 , 1461.82 , 9852.02 , 160.906 , -29.4633 , 867.16
1210 , 0 , 1461.11 , 9809.2 , 161.358 , -29.5609 , 869.51
1211 , 0 , 1460.39 , 9766.46 , 161.811 , -29.6586 , 871.858
1212 , 0 , 1459.67 , 9723.8 , 162.266 , -29.7563 , 874.203
1213 , 0 , 1458.94 , 9681.23 , 162.722 , -29.8541 , 876.547
1214 , 0 , 1458.22 , 9638.76 , 163.179 , -29.9519 , 878.887
1215 , 0 , 1457.49 , 9596.38 , 163.639 , -30.0498 , 881.224
1216 , 0 , 1456.76 , 9554.09 , 164.099 , -30.1477 , 883.558
1217 , 0 , 1456.03 , 9511.91 , 164.561 , -30.2457 , 885.888
1218 , 0 , 1455.3 , 9469.83 , 165.024 , -30.3437 , 888.215
1219 , 0 , 1454.56 , 9427.84 , 165.489 , -30.4417 , 890.539
1220 , 0 , 1453.83 , 9385.96 , 165.955 , -30.5397 , 892.861
1221 , 0 , 1453.09 , 9344.17 , 166.422 , -30.6378 , 895.182
1222 , 0 , 1452.34 , 9302.48 , 166.891 , -30.7359 , 897.5
1223 , 0 , 1451.6 , 9260.9 , 167.361 , -30.834 , 899.817
1224 , 0 , 1450.85 , 9219.42 , 167.832 , -30.9321 , 902.134
1225 , 0 , 1450.09 , 9178.05 , 168.305 , -31.0303 , 904.449
1226 , 0 , 1449.34 , 9136.79 , 168.779 , -31.1285 , 906.764
1227 , 0 , 1448.58 , 9095.65 , 169.254 , -31.2266 , 909.078
1228 , 0 , 1447.81 , 9054.62 , 169.73 , -31.3248 , 911.391
1229 , 0 , 1447.04 , 9013.72 , 170.208 , -31.4231 , 913.704
1230 , 0 , 1446.27 , 8972.94 , 170.686 , -31.5213 , 916.016
1231 , 0 , 1445.5 , 8932.29 , 171.166 , -31.6196 , 918.329
1232 , 0 , 1444.72 , 8891.78 , 171.647 , -31.7178 , 920.64
1233 , 0 , 1443.93 , 8851.4 , 172.129 , -31.8161 , 922.951
1234 , 0 , 1443.15 , 8811.17 , 172.612 , -31.9144 , 925.261
1235 , 0 , 1442.36 , 8771.07 , 173.095 , -32.0128 , 927.571
1236 , 0 , 1441.56 , 8731.12 , 173.58 , -32.1111 , 929.88
1237 , 0 , 1440.76 , 8691.33 , 174.066 , -32.2095 , 932.187
1238 , 0 , 1439.96 , 8651.68 , 174.553 , -32.3078 , 934.494
1239 , 0 , 1439.16 , 8612.19 , 175.041 , -32.4062 , 936.799
1240 , 0 , 1438.35 , 8572.86 , 175.529 , -32.5046 , 939.103
1241 , 0 , 1437.54 , 8533.7 , 176.018 , -32.603 , 941.406
1242 , 0 , 1436.72 , 8494.69 , 176.508 , -32.7014 , 943.706
1243 , 0 , 1435.9 , 8455.85 , 176.999 , -32.7998 , 946.005
1244 , 0 , 1435.08 , 8417.19 , 177.49 , -32.8983 , 948.302
1245 , 0 , 1434.26 , 8378.69 , 177.982 , -32.9967 , 950.597
1246 , 0 , 1433.43 , 8340.38 , 178.475 , -33.0951 , 952.889
1247 , 0 , 1432.6 , 8302.23 , 178.968 , -33.1936 , 955.179
1248 , 0 , 1431.77 , 8264.27 , 179.462 , -33.292 , 957.466
1249 , 0 , 1430.93 , 8226.49 , 179.956 , -33.3904 , 959.749
1250 , 0 , 1430.09 , 8188.89 , 180.45 , -33.4888 , 962.03
1251 , 0 , 1429.25 , 8151.48 , 180.945 , -33.5872 , 964.307
1252 , 0 , 1428.41 , 8114.26 , 181.44 , -33.6856 , 966.581
1253 , 0 , 1427.56 , 8077.22 , 181.936 , -33.784 , 968.851
1254 , 0 , 1426.71 , 8040.38 , 182.431 , -33.8824 , 971.118
1255 , 0 , 1425.86 , 8003.74 , 182.927 , -33.9807 , 973.38
1256 , 0 , 1425.01 , 7967.28 , 183.423 , -34.0791 , 975.637
1257 , 0 , 1424.16 , 7931.03 , 183.919 , -34.1774 , 977.891
1258 , 0 , 1423.3 , 7894.98 , 184.415 , -34.2757 , 980.139
1259 , 0 , 1422.44 , 7859.12 , 184.91 , -34.374 , 982.383
1260 , 0 , 1421.58 , 7823.47 , 185.406 , -34.4722 , 984.621
1261 , 0 , 1420.72 , 7788.03 , 185.902 , -34.5704 , 986.854
1262 , 0 , 1419.86 , 7752.79 , 186.397 , -34.6686 , 989.082
1263 , 0 , 1418.99 , 7717.75 , 186.893 , -34.7667 , 991.304
1264 , 0 , 1418.13 , 7682.93 , 187.388 , -34.8648 , 993.521
1265 , 0 , 1417.26 , 7648.31 , 187.882 , -34.9629 , 995.731
1266 , 0 , 1416.39 , 7613.9 , 188.377 , -35.0609 , 997.935
1267 , 0 , 1415.52 , 7579.7 , 188.871 , -35.1588 , 1000.13
1268 , 0 , 1414.65 , 7545.71 , 189.364 , -35.2567 , 1002.32
1269 , 0 , 1413.78 , 7511.92 , 189.857 , -35.3545 , 1004.51
1270 , 0 , 1412.91 , 7478.35 , 190.35 , -35.4522 , 1006.69
1271 , 0 , 1412.04 , 7444.97 , 190.841 , -35.5499 , 1008.86
1272 , 0 , 1411.16 , 7411.81 , 191.333 , -35.6475 , 1011.02
1273 , 0 , 1410.29 , 7378.86 , 191.823 , -35.745 , 1013.18
1274 , 0 , 1409.41 , 7346.11 , 192.313 , -35.8425 , 1015.33
1275 , 0 , 1408.53 , 7313.57 , 192.802 , -35.9398 , 1017.47
1276 , 0 , 1407.66 , 7281.24 , 193.29 , -36.037 , 1019.6
1277 , 0 , 1406.78 , 7249.12 , 193.777 , -36.1342 , 1021.73
1278 , 0 , 1405.9 , 7217.21 , 194.263 , -36.2312 , 1023.85
1279 , 0 , 1405.02 , 7185.5 , 194.748 , -36.3281 , 1025.96
1280 , 0 , 1404.14 , 7154.01 , 195.232 , -36.425 , 1028.06
1281 , 0 , 1403.26 , 7122.72 , 195.715 , -36.5217 , 1030.15
1282 , 0 , 1402.38 , 7091.64 , 196.196 , -36.6183 , 1032.23
1283 , 0 , 1401.5 , 7060.77 , 196.676 , -36.7148 , 1034.31
1284 , 0 , 1400.62 , 7030.11 , 197.155 , -36.8111 , 1036.37
1285 , 0 , 1399.74 , 6999.66 , 197.633 , -36.9074 , 1038.43
1286 , 0 , 1398.86 , 6969.41 , 198.11 , -37.0035 , 1040.48
1287 , 0 , 1397.98 , 6939.38 , 198.585 , -37.0995 , 1042.52
1288 , 0 , 1397.1 , 6909.55 , 199.058 , -37.1954 , 1044.55
1289 , 0 , 1396.22 , 6879.93 , 199.53 , -37.2912 , 1046.57
1290 , 0 , 1395.35 , 6850.52 , 200.001 , -37.3868 , 1048.58
1291 , 0 , 1394.47 , 6821.32 , 200.47 , -37.4823 , 1050.58
1292 , 0 , 1393.59 , 6792.32 , 200.937 , -37.5777 , 1052.57
1293 , 0 , 1392.71 , 6763.54 , 201.403 , -37.673 , 1054.55
1294 , 0 , 1391.84 , 6734.97 , 201.868 , -37.7681 , 1056.52
1295 , 0 , 1390.96 , 6706.6 , 202.33 , -37.8631 , 1058.48
1296 , 0 , 1390.09 , 6678.44 , 202.791 , -37.958 , 1060.44
1297 , 0 , 1389.21 , 6650.49 , 203.251 , -38.0527 , 1062.38
1298 , 0 , 1388.34 , 6622.75 , 203.708 , -38.1473 , 1064.31
1299 , 0 , 1387.47 , 6595.22 , 204.164 , -38.2418 , 1066.23
1300 , 0 , 1386.6 , 6567.89 , 204.618 , -38.3361 , 1068.14
1301 , 0 , 1385.73 , 6540.78 , 205.07 , -38.4303 , 1070.04
1302 , 0 , 1384.86 , 6513.87 , 205.52 , -38.5244 , 1071.93
1303 , 0 , 1384 , 6487.17 , 205.969 , -38.6183 , 1073.8
1304 , 0 , 1383.13 , 6460.67 , 206.415 , -38.7121 , 1075.67
1305 , 0 , 1382.27 , 6434.38 , 206.86 , -38.8057 , 1077.53
1306 , 0 , 1381.41 , 6408.3 , 207.303 , -38.8992 , 1079.37
1307 , 0 , 1380.55 , 6382.43 , 207.743 , -38.9926 , 1081.21
1308 , 0 , 1379.7 , 6356.76 , 208.182 , -39.0858 , 1083.03
1309 , 0 , 1378.84 , 6331.3 , 208.619 , -39.1789 , 1084.84
1310 , 0 , 1377.99 , 6306.04 , 209.053 , -39.2718 , 1086.64
1311 , 0 , 1377.14 , 6280.99 , 209.486 , -39.3646 , 1088.43
1312 , 0 , 1376.29 , 6256.14 , 209.917 , -39.4573 , 1090.21
1313 , 0 , 1375.44 , 6231.5 , 210.345 , -39.5498 , 1091.97
1314 , 0 , 1374.6 , 6207.06 , 210.772 , -39.6421 , 1093.73
1315 , 0 , 1373.76 , 6182.83 , 211.196 , -39.7343 , 1095.47
1316 , 0 , 1372.92 , 6158.8 , 211.618 , -39.8264 , 1097.2
1317 , 0 , 1372.09 , 6134.97 , 212.038 , -39.9183 , 1098.92
1318 , 0 , 1371.25 , 6111.35 , 212.456 , -40.01 , 1100.63
1319 , 0 , 1370.42 , 6087.92 , 212.871 , -40.1016 , 1102.32
1320 , 0 , 1369.59 , 6064.7 , 213.284 , -40.193 , 1104.01
1321 , 0 , 1368.77 , 6041.68 , 213.695 , -40.2843 , 1105.68
1322 , 0 , 1367.95 , 6018.85 , 214.104 , -40.3754 , 1107.34
1323 , 0 , 1367.13 , 5996.23 , 214.511 , -40.4663 , 1108.99
1324 , 0 , 1366.31 , 5973.8 , 214.915 , -40.5571 , 1110.62
1325 , 0 , 1365.5 , 5951.57 , 215.317 , -40.6478 , 1112.25
1326 , 0 , 1364.69 , 5929.54 , 215.717 , -40.7382 , 1113.86
1327 , 0 , 1363.88 , 5907.7 , 216.114 , -40.8285 , 1115.46
1328 , 0 , 1363.08 , 5886.06 , 216.509 , -40.9186 , 1117.04
1329 , 0 , 1362.28 , 5864.61 , 216.901 , -41.0086 , 1118.62
1330 , 0 , 1361.49 , 5843.35 , 217.292 , -41.0983 , 1120.18
1331 , 0 , 1360.69 , 5822.29 , 217.679 , -41.1879 , 1121.73
1332 , 0 , 1359.9 , 5801.41 , 218.065 , -41.2773 , 1123.27
1333 , 0 , 1359.12 , 5780.72 , 218.448 , -41.3666 , 1124.79
1334 , 0 , 1358.33 , 5760.23 , 218.829 , -41.4556 , 1126.3
1335 , 0 , 1357.55 , 5739.91 , 219.207 , -41.5445 , 1127.8
1336 , 0 , 1356.78 , 5719.78 , 219.583 , -41.6332 , 1129.29
1337 , 0 , 1356.01 , 5699.84 , 219.956 , -41.7217 , 1130.77
1338 , 0 , 1355.24 , 5680.08 , 220.327 , -41.81 , 1132.23
1339 , 0 , 1354.47 , 5660.5 , 220.696 , -41.8981 , 1133.68
1340 , 0 , 1353.71 , 5641.1 , 221.062 , -41.986 , 1135.12
1341 , 0 , 1352.95 , 5621.88 , 221.426 , -42.0738 , 1136.55
1342 , 0 , 1352.2 , 5602.84 , 221.787 , -42.1613 , 1137.96
1343 , 0 , 1351.45 , 5583.98 , 222.146 , -42.2487 , 1139.37
1344 , 0 , 1350.7 , 5565.29 , 222.503 , -42.3358 , 1140.76
1345 , 0 , 1349.96 , 5546.77 , 222.857 , -42.4228 , 1142.13
1346 , 0 , 1349.22 , 5528.43 , 223.208 , -42.5095 , 1143.5
1347 , 0 , 1348.48 , 5510.26 , 223.558 , -42.5961 , 1144.85
1348 , 0 , 1347.75 , 5492.26 , 223.904 , -42.6824 , 1146.2
1349 , 0 , 1347.02 , 5474.42 , 224.249 , -42.7685 , 1147.52
1350 , 0 , 1346.3 , 5456.76 , 224.59 , -42.8545 , 1148.84
1351 , 0 , 1345.58 , 5439.26 , 224.93 , -42.9402 , 1150.15
1352 , 0 , 1344.86 , 5421.92 , 225.267 , -43.0257 , 1151.44
1353 , 0 , 1344.15 , 5404.75 , 225.602 , -43.111 , 1152.72
1354 , 0 , 1343.44 , 5387.74 , 225.934 , -43.1961 , 1153.99
1355 , 0 , 1342.73 , 5370.89 , 226.263 , -43.281 , 1155.25
1356 , 0 , 1342.03 , 5354.2 , 226.591 , -43.3657 , 1156.5
1357 , 0 , 1341.33 , 5337.67 , 226.916 , -43.4502 , 1157.73
1358 , 0 , 1340.64 , 5321.3 , 227.238 , -43.5345 , 1158.95
1359 , 0 , 1339.95 , 5305.08 , 227.558 , -43.6185 , 1160.16
1360 , 0 , 1339.26 , 5289.01 , 227.876 , -43.7024 , 1161.36
1361 , 0 , 1338.58 , 5273.1 , 228.192 , -43.786 , 1162.55
1362 , 0 , 1337.9 , 5257.34 , 228.505 , -43.8694 , 1163.73
1363 , 0 , 1337.22 , 5241.73 , 228.815 , -43.9526 , 1164.89
1364 , 0 , 1336.55 , 5226.26 , 229.123 , -44.0356 , 1166.04
1365 , 0 , 1335.88 , 5210.95 , 229.429 , -44.1184 , 1167.18
1366 , 0 , 1335.22 , 5195.78 , 229.733 , -44.2009 , 1168.32
1367 , 0 , 1334.56 , 5180.75 , 230.034 , -44.2833 , 1169.43
1368 , 0 , 1333.9 , 5165.87 , 230.333 , -44.3654 , 1170.54
1369 , 0 , 1333.25 , 5151.13 , 230.629 , -44.4473 , 1171.64
1370 , 0 , 1332.6 , 5136.54 , 230.924 , -44.529 , 1172.72
1371 , 0 , 1331.96 , 5122.08 , 231.215 , -44.6105 , 1173.8
1372 , 0 , 1331.32 , 5107.76 , 231.505 , -44.6917 , 1174.86
1373 , 0 , 1330.68 , 5093.58 , 231.792 , -44.7728 , 1175.92
1374 , 0 , 1330.04 , 5079.53 , 232.077 , -44.8536 , 1176.96
1375 , 0 , 1329.41 , 5065.62 , 232.36 , -44.9342 , 1177.99
1376 , 0 , 1328.79 , 5051.84 , 232.64 , -45.0146 , 1179.01
1377 , 0 , 1328.17 , 5038.19 , 232.919 , -45.0948 , 1180.02
1378 , 0 , 1327.55 , 5024.67 , 233.195 , -45.1748 , 1181.02
1379 , 0 , 1326.93 , 5011.29 , 233.468 , -45.2545 , 1182.01
1380 , 0 , 1326.32 , 4998.03 , 233.74 , -45.334 , 1182.99
1381 , 0 , 1325.71 , 4984.89 , 234.009 , -45.4133 , 1183.95
1382 , 0 , 1325.11 , 4971.89 , 234.276 , -45.4924 , 1184.91
1383 , 0 , 1324.51 , 4959.01 , 234.541 , -45.5713 , 1185.86
1384 , 0 , 1323.91 , 4946.25 , 234.804 , -45.65 , 1186.8
1385 , 0 , 1323.32 , 4933.61 , 235.064 , -45.7284 , 1187.72
1386 , 0 , 1322.73 , 4921.09 , 235.322 , -45.8066 , 1188.64
1387 , 0 , 1322.14 , 4908.7 , 235.579 , -45.8846 , 1189.55
1388 , 0 , 1321.56 , 4896.42 , 235.833 , -45.9624 , 1190.45
1389 , 0 , 1320.98 , 4884.26 , 236.085 , -46.04 , 1191.33
1390 , 0 , 1320.41 , 4872.21 , 236.335 , -46.1173 , 1192.21
1391 , 0 , 1319.84 , 4860.28 , 236.582 , -46.1944 , 1193.08
1392 , 0 , 1319.27 , 4848.46 , 236.828 , -46.2714 , 1193.94
1393 , 0 , 1318.71 , 4836.76 , 237.071 , -46.3481 , 1194.79
1394 , 0 , 1318.14 , 4825.17 , 237.313 , -46.4245 , 1195.63
1395 , 0 , 1317.59 , 4813.68 , 237.552 , -46.5008 , 1196.46
1396 , 0 , 1317.03 , 4802.31 , 237.79 , -46.5768 , 1197.28
1397 , 0 , 1316.48 , 4791.04 , 238.025 , -46.6527 , 1198.09
1398 , 0 , 1315.94 , 4779.88 , 238.259 , -46.7283 , 1198.89
1399 , 0 , 1315.39 , 4768.83 , 238.49 , -46.8037 , 1199.68
1400 , 0 , 1314.85 , 4757.88 , 238.72 , -46.8788 , 1200.47
1401 , 0 , 1314.31 , 4747.03 , 238.947 , -46.9538 , 1201.24
1402 , 0 , 1313.78 , 4736.29 , 239.173 , -47.0286 , 1202.01
1403 , 0 , 1313.25 , 4725.64 , 239.396 , -47.1031 , 1202.77
1404 , 0 , 1312.72 , 4715.1 , 239.618 , -47.1774 , 1203.52
1405 , 0 , 1312.2 , 4704.65 , 239.838 , -47.2515 , 1204.26
1406 , 0 , 1311.68 , 4694.3 , 240.056 , -47.3254 , 1204.99
1407 , 0 , 1311.16 , 4684.05 , 240.272 , -47.399 , 1205.71
1408 , 0 , 1310.65 , 4673.9 , 240.486 , -47.4725 , 1206.43
1409 , 0 , 1310.14 , 4663.83 , 240.699 , -47.5457 , 1207.14
1410 , 0 , 1309.63 , 4653.87 , 240.909 , -47.6187 , 1207.83
1411 , 0 , 1309.12 , 4643.99 , 241.118 , -47.6916 , 1208.53
1412 , 0 , 1308.62 , 4634.21 , 241.325 , -47.7641 , 1209.21
1413 , 0 , 1308.12 , 4624.51 , 241.53 , -47.8365 , 1209.88
1414 , 0 , 1307.63 , 4614.91 , 241.733 , -47.9087 , 1210.55
1415 , 0 , 1307.14 , 4605.39 , 241.935 , -47.9807 , 1211.21
1416 , 0 , 1306.65 , 4595.97 , 242.135 , -48.0524 , 1211.86
1417 , 0 , 1306.16 , 4586.62 , 242.333 , -48.1239 , 1212.5
1418 , 0 , 1305.68 , 4577.37 , 242.529 , -48.1953 , 1213.14
1419 , 0 , 1305.2 , 4568.2 , 242.724 , -48.2664 , 1213.77
1420 , 0 , 1304.72 , 4559.11 , 242.917 , -48.3373 , 1214.39
1421 , 0 , 1304.24 , 4550.1 , 243.109 , -48.408 , 1215
1422 , 0 , 1303.77 , 4541.18 , 243.299 , -48.4784 , 1215.61
1423 , 0 , 1303.3 , 4532.34 , 243.487 , -48.5487 , 1216.21
1424 , 0 , 1302.84 , 4523.58 , 243.673 , -48.6188 , 1216.8
1425 , 0 , 1302.38 , 4514.89 , 243.858 , -48.6886 , 1217.39
1426 , 0 , 1301.92 , 4506.29 , 244.042 , -48.7583 , 1217.97
1427 , 0 , 1301.46 , 4497.76 , 244.224 , -48.8277 , 1218.54
1428 , 0 , 1301 , 4489.31 , 244.404 , -48.897 , 1219.1
1429 , 0 , 1300.55 , 4480.94 , 244.583 , -48.966 , 1219.66
1430 , 0 , 1300.1 , 4472.64 , 244.76 , -49.0348 , 1220.21
1431 , 0 , 1299.66 , 4464.41 , 244.935 , -49.1034 , 1220.76
1432 , 0 , 1299.21 , 4456.26 , 245.11 , -49.1718 , 1221.29
1433 , 0 , 1298.77 , 4448.18 , 245.282 , -49.24 , 1221.83
1434 , 0 , 1298.33 , 4440.17 , 245.454 , -49.3081 , 1222.35
1435 , 0 , 1297.9 , 4432.23 , 245.624 , -49.3759 , 1222.87
1436 , 0 , 1297.46 , 4424.36 , 245.792 , -49.4435 , 1223.38
1437 , 0 , 1297.03 , 4416.56 , 245.959 , -49.5109 , 1223.89
1438 , 0 , 1296.6 , 4408.83 , 246.124 , -49.5781 , 1224.39
1439 , 0 , 1296.18 , 4401.17 , 246.289 , -49.6451 , 1224.89
1440 , 0 , 1295.76 , 4393.57 , 246.452 , -49.7118 , 1225.38
1441 , 0 , 1295.33 , 4386.05 , 246.613 , -49.7785 , 1225.86
1442 , 0 , 1294.92 , 4378.58 , 246.773 , -49.8448 , 1226.34
1443 , 0 , 1294.5 , 4371.19 , 246.932 , -49.911 , 1226.81
1444 , 0 , 1294.09 , 4363.85 , 247.09 , -49.977 , 1227.27
1445 , 0 , 1293.68 , 4356.58 , 247.246 , -50.0429 , 1227.74
1446 , 0 , 1293.27 , 4349.38 , 247.401 , -50.1085 , 1228.19
1447 , 0 , 1292.86 , 4342.23 , 247.554 , -50.1739 , 1228.64
1448 , 0 , 1292.46 , 4335.15 , 247.707 , -50.2391 , 1229.09
1449 , 0 , 1292.06 , 4328.13 , 247.858 , -50.3041 , 1229.52
1450 , 0 , 1291.66 , 4321.17 , 248.008 , -50.3689 , 1229.96
1451 , 0 , 1291.27 , 4314.27 , 248.157 , -50.4336 , 1230.39
1452 , 0 , 1290.87 , 4307.42 , 248.304 , -50.498 , 1230.81
1453 , 0 , 1290.48 , 4300.64 , 248.451 , -50.5622 , 1231.23
1454 , 0 , 1290.09 , 4293.91 , 248.596 , -50.6263 , 1231.64
1455 , 0 , 1289.7 , 4287.25 , 248.74 , -50.6901 , 1232.05
1456 , 0 , 1289.32 , 4280.64 , 248.883 , -50.7538 , 1232.46
1457 , 0 , 1288.94 , 4274.08 , 249.025 , -50.8173 , 1232.86
1458 , 0 , 1288.56 , 4267.58 , 249.165 , -50.8806 , 1233.25
1459 , 0 , 1288.18 , 4261.14 , 249.305 , -50.9437 , 1233.64
1460 , 0 , 1287.8 , 4254.75 , 249.444 , -51.0066 , 1234.03
1461 , 0 , 1287.43 , 4248.41 , 249.581 , -51.0693 , 1234.41
1462 , 0 , 1287.06 , 4242.13 , 249.717 , -51.1318 , 1234.79
1463 , 0 , 1286.69 , 4235.9 , 249.853 , -51.1941 , 1235.16
1464 , 0 , 1286.32 , 4229.72 , 249.987 , -51.2563 , 1235.53
1465 , 0 , 1285.96 , 4223.6 , 250.121 , -51.3182 , 1235.89
1466 , 0 , 1285.59 , 4217.53 , 250.253 , -51.38 , 1236.25
1467 , 0 , 1285.23 , 4211.51 , 250.384 , -51.4416 , 1236.61
1468 , 0 , 1284.88 , 4205.54 , 250.515 , -51.503 , 1236.96
1469 , 0 , 1284.52 , 4199.61 , 250.644 , -51.5642 , 1237.31
1470 , 0 , 1284.17 , 4193.74 , 250.773 , -51.6252 , 1237.65
1471 , 0 , 1283.81 , 4187.92 , 250.9 , -51.6861 , 1237.99
1472 , 0 , 1283.46 , 4182.15 , 251.027 , -51.7467 , 1238.33
1473 , 0 , 1283.12 , 4176.42 , 251.153 , -51.8072 , 1238.66
1474 , 0 , 1282.77 , 4170.75 , 251.278 , -51.8675 , 1238.99
1475 , 0 , 1282.43 , 4165.11 , 251.402 , -51.9276 , 1239.32
1476 , 0 , 1282.08 , 4159.53 , 251.525 , -51.9875 , 1239.64
1477 , 0 , 1281.74 , 4154 , 251.647 , -52.0472 , 1239.96
1478 , 0 , 1281.41 , 4148.5 , 251.768 , -52.1068 , 1240.27
1479 , 0 , 1281.07 , 4143.06 , 251.889 , -52.1662 , 1240.59
1480 , 0 , 1280.74 , 4137.66 , 252.009 , -52.2253 , 1240.89
1481 , 0 , 1280.41 , 4132.31 , 252.128 , -52.2843 , 1241.2
1482 , 0 , 1280.08 , 4127 , 252.246 , -52.3432 , 1241.5
1483 , 0 , 1279.75 , 4121.73 , 252.363 , -52.4018 , 1241.8
1484 , 0 , 1279.42 , 4116.51 , 252.48 , -52.4603 , 1242.1
1485 , 0 , 1279.1 , 4111.33 , 252.596 , -52.5185 , 1242.39
1486 , 0 , 1278.78 , 4106.19 , 252.711 , -52.5766 , 1242.68
1487 , 0 , 1278.46 , 4101.1 , 252.825 , -52.6345 , 1242.96
1488 , 0 , 1278.14 , 4096.05 , 252.939 , -52.6923 , 1243.25
1489 , 0 , 1277.82 , 4091.04 , 253.052 , -52.7498 , 1243.53
1490 , 0 , 1277.51 , 4086.07 , 253.164 , -52.8072 , 1243.81
1491 , 0 , 1277.2 , 4081.14 , 253.276 , -52.8644 , 1244.08
1492 , 0 , 1276.89 , 4076.26 , 253.387 , -52.9214 , 1244.35
1493 , 0 , 1276.58 , 4071.41 , 253.497 , -52.9783 , 1244.62
1494 , 0 , 1276.27 , 4066.61 , 253.607 , -53.0349 , 1244.89
1495 , 0 , 1275.97 , 4061.84 , 253.716 , -53.0914 , 1245.16
1496 , 0 , 1275.66 , 4057.12 , 253.824 , -53.1477 , 1245.42
1497 , 0 , 1275.36 , 4052.43 , 253.932 , -53.2038 , 1245.68
1498 , 0 , 1275.06 , 4047.78 , 254.039 , -53.2597 , 1245.93
1499 , 0 , 1274.77 , 4043.17 , 254.145 , -53.3155 , 1246.19
1500 , 0 , 1274.47 , 4038.6 , 254.251 , -53.3711 , 1246.44
1501 , 0 , 1274.18 , 4034.07 , 254.356 , -53.4265 , 1246.69
1502 , 0 , 1273.89 , 4029.58 , 254.461 , -53.4817 , 1246.94
1503 , 0 , 1273.6 , 4025.12 , 254.565 , -53.5367 , 1247.19
1504 , 0 , 1273.31 , 4020.7 , 254.669 , -53.5916 , 1247.43
1505 , 0 , 1273.02 , 4016.32 , 254.772 , -53.6463 , 1247.67
1506 , 0 , 1272.74 , 4011.97 , 254.875 , -53.7008 , 1247.91
1507 , 0 , 1272.45 , 4007.66 , 254.977 , -53.7551 , 1248.15
1508 , 0 , 1272.17 , 4003.39 , 255.078 , -53.8093 , 1248.38
1509 , 0 , 1271.89 , 3999.15 , 255.179 , -53.8633 , 1248.61
1510 , 0 , 1271.62 , 3994.95 , 255.28 , -53.9171 , 1248.85
1511 , 0 , 1271.34 , 3990.78 , 255.38 , -53.9707 , 1249.08
1512 , 0 , 1271.07 , 3986.65 , 255.48 , -54.0241 , 1249.3
1513 , 0 , 1270.8 , 3982.56 , 255.579 , -54.0774 , 1249.53
1514 , 0 , 1270.53 , 3978.49 , 255.678 , -54.1305 , 1249.75
1515 , 0 , 1270.26 , 3974.47 , 255.776 , -54.1834 , 1249.98
1516 , 0 , 1269.99 , 3970.47 , 255.874 , -54.2361 , 1250.2
1517 , 0 , 1269.73 , 3966.51 , 255.971 , -54.2887 , 1250.41
1518 , 0 , 1269.46 , 3962.59 , 256.068 , -54.3411 , 1250.63
1519 , 0 , 1269.2 , 3958.7 , 256.165 , -54.3933 , 1250.85
1520 , 0 , 1268.94 , 3954.84 , 256.261 , -54.4453 , 1251.06
1521 , 0 , 1268.69 , 3951.01 , 256.356 , -54.4971 , 1251.27
1522 , 0 , 1268.43 , 3947.22 , 256.452 , -54.5488 , 1251.49
1523 , 0 , 1268.18 , 3943.45 , 256.547 , -54.6003 , 1251.69
1524 , 0 , 1267.92 , 3939.73 , 256.641 , -54.6516 , 1251.9
1525 , 0 , 1267.67 , 3936.03 , 256.736 , -54.7027 , 1252.11
1526 , 0 , 1267.42 , 3932.36 , 256.83 , -54.7537 , 1252.31
1527 , 0 , 1267.18 , 3928.73 , 256.923 , -54.8045 , 1252.52
1528 , 0 , 1266.93 , 3925.13 , 257.017 , -54.8551 , 1252.72
1529 , 0 , 1266.69 , 3921.56 , 257.109 , -54.9055 , 1252.92
1530 , 0 , 1266.45 , 3918.02 , 257.202 , -54.9557 , 1253.12
1531 , 0 , 1266.2 , 3914.51 , 257.294 , -55.0058 , 1253.32
1532 , 0 , 1265.97 , 3911.03 , 257.386 , -55.0557 , 1253.52
1533 , 0 , 1265.73 , 3907.58 , 257.478 , -55.1054 , 1253.72
1534 , 0 , 1265.49 , 3904.17 , 257.569 , -55.1549 , 1253.91
1535 , 0 , 1265.26 , 3900.78 , 257.66 , -55.2043 , 1254.11
1536 , 0 , 1265.03 , 3897.42 , 257.751 , -55.2535 , 1254.3
1537 , 0 , 1264.8 , 3894.09 , 257.842 , -55.3025 , 1254.49
1538 , 0 , 1264.57 , 3890.8 , 257.932 , -55.3513 , 1254.68
1539 , 0 , 1264.34 , 3887.53 , 258.022 , -55.3999 , 1254.87
1540 , 0 , 1264.12 , 3884.29 , 258.112 , -55.4484 , 1255.06
1541 , 0 , 1263.9 , 3881.07 , 258.201 , -55.4967 , 1255.25
1542 , 0 , 1263.67 , 3877.89 , 258.29 , -55.5448 , 1255.44
1543 , 0 , 1263.45 , 3874.74 , 258.379 , -55.5927 , 1255.62
1544 , 0 , 1263.24 , 3871.61 , 258.468 , -55.6404 , 1255.81
1545 , 0 , 1263.02 , 3868.51 , 258.557 , -55.688 , 1255.99
1546 , 0 , 1262.8 , 3865.45 , 258.645 , -55.7354 , 1256.18
1547 , 0 , 1262.59 , 3862.4 , 258.733 , -55.7826 , 1256.36
1548 , 0 , 1262.38 , 3859.39 , 258.821 , -55.8296 , 1256.54
1549 , 0 , 1262.17 , 3856.4 , 258.909 , -55.8764 , 1256.72
1550 , 0 , 1261.96 , 3853.44 , 258.996 , -55.9231 , 1256.91
1551 , 0 , 1261.76 , 3850.51 , 259.084 , -55.9696 , 1257.08
1552 , 0 , 1261.55 , 3847.61 , 259.171 , -56.0159 , 1257.26
1553 , 0 , 1261.35 , 3844.73 , 259.258 , -56.062 , 1257.44
1554 , 0 , 1261.15 , 3841.88 , 259.344 , -56.108 , 1257.62
1555 , 0 , 1260.95 , 3839.05 , 259.431 , -56.1537 , 1257.8
1556 , 0 , 1260.75 , 3836.25 , 259.517 , -56.1993 , 1257.97
1557 , 0 , 1260.55 , 3833.48 , 259.603 , -56.2447 , 1258.15
1558 , 0 , 1260.36 , 3830.73 , 259.69 , -56.2899 , 1258.32
1559 , 0 , 1260.16 , 3828.01 , 259.775 , -56.335 , 1258.5
1560 , 0 , 1259.97 , 3825.31 , 259.861 , -56.3798 , 1258.67
1561 , 0 , 1259.78 , 3822.64 , 259.947 , -56.4245 , 1258.85
1562 , 0 , 1259.59 , 3820 , 260.032 , -56.469 , 1259.02
1563 , 0 , 1259.41 , 3817.38 , 260.118 , -56.5133 , 1259.19
1564 , 0 , 1259.22 , 3814.78 , 260.203 , -56.5575 , 1259.36
1565 , 0 , 1259.04 , 3812.21 , 260.288 , -56.6014 , 1259.53
1566 , 0 , 1258.85 , 3809.67 , 260.373 , -56.6452 , 1259.7
1567 , 0 , 1258.67 , 3807.14 , 260.457 , -56.6888 , 1259.87
1568 , 0 , 1258.5 , 3804.65 , 260.542 , -56.7322 , 1260.04
1569 , 0 , 1258.32 , 3802.17 , 260.626 , -56.7754 , 1260.21
1570 , 0 , 1258.14 , 3799.72 , 260.711 , -56.8184 , 1260.38
1571 , 0 , 1257.97 , 3797.3 , 260.795 , -56.8613 , 1260.55
1572 , 0 , 1257.8 , 3794.9 , 260.879 , -56.904 , 1260.72
1573 , 0 , 1257.63 , 3792.52 , 260.963 , -56.9465 , 1260.88
1574 , 0 , 1257.46 , 3790.16 , 261.047 , -56.9888 , 1261.05
1575 , 0 , 1257.29 , 3787.83 , 261.131 , -57.0309 , 1261.22
1576 , 0 , 1257.12 , 3785.52 , 261.215 , -57.0729 , 1261.38
1577 , 0 , 1256.96 , 3783.23 , 261.298 , -57.1146 , 1261.55
1578 , 0 , 1256.8 , 3780.97 , 261.382 , -57.1562 , 1261.71
1579 , 0 , 1256.63 , 3778.73 , 261.465 , -57.1976 , 1261.88
1580 , 0 , 1256.47 , 3776.51 , 261.548 , -57.2388 , 1262.04
1581 , 0 , 1256.32 , 3774.31 , 261.632 , -57.2799 , 1262.21
1582 , 0 , 1256.16 , 3772.14 , 261.715 , -57.3207 , 1262.37
1583 , 0 , 1256 , 3769.98 , 261.798 , -57.3614 , 1262.53
1584 , 0 , 1255.85 , 3767.85 , 261.881 , -57.4019 , 1262.7
1585 , 0 , 1255.7 , 3765.74 , 261.963 , -57.4422 , 1262.86
1586 , 0 , 1255.55 , 3763.65 , 262.046 , -57.4823 , 1263.02
1587 , 0 , 1255.4 , 3761.58 , 262.129 , -57.5222 , 1263.18
1588 , 0 , 1255.25 , 3759.54 , 262.211 , -57.562 , 1263.35
1589 , 0 , 1255.1 , 3757.51 , 262.294 , -57.6016 , 1263.51
1590 , 0 , 1254.96 , 3755.5 , 262.376 , -57.641 , 1263.67
1591 , 0 , 1254.82 , 3753.52 , 262.459 , -57.6802 , 1263.83
1592 , 0 , 1254.67 , 3751.55 , 262.541 , -57.7192 , 1263.99
1593 , 0 , 1254.53 , 3749.61 , 262.623 , -57.758 , 1264.15
1594 , 0 , 1254.39 , 3747.68 , 262.705 , -57.7967 , 1264.31
1595 , 0 , 1254.26 , 3745.78 , 262.787 , -57.8352 , 1264.47
1596 , 0 , 1254.12 , 3743.89 , 262.869 , -57.8735 , 1264.63
1597 , 0 , 1253.99 , 3742.02 , 262.951 , -57.9116 , 1264.79
1598 , 0 , 1253.85 , 3740.18 , 263.033 , -57.9495 , 1264.95
1599 , 0 , 1253.72 , 3738.35 , 263.115 , -57.9873 , 1265.1
1600 , 0 , 1253.59 , 3736.54 , 263.196 , -58.0248 , 1265.26
1601 , 0 , 1253.46 , 3734.75 , 263.278 , -58.0622 , 1265.42
1602 , 0 , 1253.33 , 3732.98 , 263.359 , -58.0994 , 1265.58
1603 , 0 , 1253.21 , 3731.23 , 263.441 , -58.1364 , 1265.74
1604 , 0 , 1253.08 , 3729.49 , 263.522 , -58.1733 , 1265.89
1605 , 0 , 1252.96 , 3727.77 , 263.603 , -58.2099 , 1266.05
1606 , 0 , 1252.84 , 3726.08 , 263.685 , -58.2464 , 1266.21
1607 , 0 , 1252.72 , 3724.39 , 263.766 , -58.2827 , 1266.36
1608 , 0 , 1252.6 , 3722.73 , 263.847 , -58.3188 , 1266.52
1609 , 0 , 1252.48 , 3721.08 , 263.928 , -58.3547 , 1266.67
1610 , 0 , 1252.37 , 3719.46 , 264.009 , -58.3905 , 1266.83
1611 , 0 , 1252.25 , 3717.84 , 264.089 , -58.4261 , 1266.98
1612 , 0 , 1252.14 , 3716.25 , 264.17 , -58.4614 , 1267.14
1613 , 0 , 1252.02 , 3714.67 , 264.251 , -58.4967 , 1267.29
1614 , 0 , 1251.91 , 3713.11 , 264.332 , -58.5317 , 1267.45
1615 , 0 , 1251.8 , 3711.57 , 264.412 , -58.5665 , 1267.6
1616 , 0 , 1251.69 , 3710.04 , 264.493 , -58.6012 , 1267.75
1617 , 0 , 1251.59 , 3708.52 , 264.573 , -58.6357 , 1267.91
1618 , 0 , 1251.48 , 3707.03 , 264.653 , -58.67 , 1268.06
1619 , 0 , 1251.38 , 3705.55 , 264.733 , -58.7041 , 1268.21
1620 , 0 , 1251.27 , 3704.08 , 264.814 , -58.7381 , 1268.37
1621 , 0 , 1251.17 , 3702.63 , 264.894 , -58.7719 , 1268.52
1622 , 0 , 1251.07 , 3701.2 , 264.974 , -58.8055 , 1268.67
1623 , 0 , 1250.97 , 3699.78 , 265.054 , -58.8389 , 1268.82
1624 , 0 , 1250.87 , 3698.38 , 265.133 , -58.8721 , 1268.97
1625 , 0 , 1250.77 , 3696.99 , 265.213 , -58.9052 , 1269.12
1626 , 0 , 1250.68 , 3695.61 , 265.293 , -58.9381 , 1269.27
1627 , 0 , 1250.58 , 3694.25 , 265.372 , -58.9708 , 1269.42
1628 , 0 , 1250.49 , 3692.9 , 265.452 , -59.0033 , 1269.57
1629 , 0 , 1250.4 , 3691.57 , 265.531 , -59.0357 , 1269.72
1630 , 0 , 1250.31 , 3690.25 , 265.61 , -59.0678 , 1269.87
1631 , 0 , 1250.22 , 3688.95 , 265.69 , -59.0998 , 1270.02
1632 , 0 , 1250.13 , 3687.66 , 265.769 , -59.1317 , 1270.17
1633 , 0 , 1250.04 , 3686.38 , 265.848 , -59.1633 , 1270.32
1634 , 0 , 1249.95 , 3685.11 , 265.927 , -59.1948 , 1270.46
1635 , 0 , 1249.87 , 3683.86 , 266.006 , -59.2261 , 1270.61
1636 , 0 , 1249.78 , 3682.62 , 266.084 , -59.2573 , 1270.76
1637 , 0 , 1249.7 , 3681.4 , 266.163 , -59.2882 , 1270.91
1638 , 0 , 1249.62 , 3680.19 , 266.241 , -59.319 , 1271.05
1639 , 0 , 1249.53 , 3678.98 , 266.32 , -59.3496 , 1271.2
1640 , 0 , 1249.45 , 3677.8 , 266.398 , -59.3801 , 1271.34
1641 , 0 , 1249.37 , 3676.62 , 266.476 , -59.4103 , 1271.49
1642 , 0 , 1249.3 , 3675.45 , 266.554 , -59.4404 , 1271.63
1643 , 0 , 1249.22 , 3674.3 , 266.632 , -59.4704 , 1271.78
1644 , 0 , 1249.14 , 3673.16 , 266.71 , -59.5001 , 1271.92
1645 , 0 , 1249.07 , 3672.03 , 266.788 , -59.5297 , 1272.06
1646 , 0 , 1248.99 , 3670.91 , 266.866 , -59.5591 , 1272.21
1647 , 0 , 1248.92 , 3669.8 , 266.943 , -59.5884 , 1272.35
1648 , 0 , 1248.85 , 3668.71 , 267.021 , -59.6175 , 1272.49
1649 , 0 , 1248.78 , 3667.62 , 267.098 , -59.6464 , 1272.63
1650 , 0 , 1248.71 , 3666.55 , 267.175 , -59.6751 , 1272.77
1651 , 0 , 1248.64 , 3665.48 , 267.252 , -59.7037 , 1272.91
1652 , 0 , 1248.57 , 3664.43 , 267.329 , -59.7321 , 1273.05
1653 , 0 , 1248.5 , 3663.38 , 267.406 , -59.7604 , 1273.19
1654 , 0 , 1248.43 , 3662.35 , 267.482 , -59.7885 , 1273.33
1655 , 0 , 1248.37 , 3661.32 , 267.559 , -59.8164 , 1273.47
1656 , 0 , 1248.3 , 3660.31 , 267.635 , -59.8441 , 1273.61
1657 , 0 , 1248.24 , 3659.3 , 267.712 , -59.8717 , 1273.75
1658 , 0 , 1248.17 , 3658.3 , 267.788 , -59.8991 , 1273.89
1659 , 0 , 1248.11 , 3657.31 , 267.864 , -59.9264 , 1274.02
1660 , 0 , 1248.05 , 3656.34 , 267.939 , -59.9535 , 1274.16
1661 , 0 , 1247.99 , 3655.37 , 268.015 , -59.9804 , 1274.29
1662 , 0 , 1247.93 , 3654.4 , 268.091 , -60.0072 , 1274.43
1663 , 0 , 1247.87 , 3653.45 , 268.166 , -60.0338 , 1274.56
1664 , 0 , 1247.81 , 3652.51 , 268.241 , -60.0603 , 1274.7
1665 , 0 , 1247.76 , 3651.57 , 268.316 , -60.0866 , 1274.83
1666 , 0 , 1247.7 , 3650.64 , 268.391 , -60.1127 , 1274.96
1667 , 0 , 1247.64 , 3649.72 , 268.466 , -60.1387 , 1275.1
1668 , 0 , 1247.59 , 3648.81 , 268.54 , -60.1646 , 1275.23
1669 , 0 , 1247.53 , 3647.9 , 268.615 , -60.1902 , 1275.36
1670 , 0 , 1247.48 , 3647 , 268.689 , -60.2157 , 1275.49
1671 , 0 , 1247.42 , 3646.11 , 268.763 , -60.2411 , 1275.62
1672 , 0 , 1247.37 , 3645.23 , 268.837 , -60.2663 , 1275.75
1673 , 0 , 1247.32 , 3644.35 , 268.911 , -60.2914 , 1275.88
1674 , 0 , 1247.27 , 3643.48 , 268.984 , -60.3162 , 1276.01
1675 , 0 , 1247.22 , 3642.61 , 269.058 , -60.341 , 1276.13
1676 , 0 , 1247.17 , 3641.75 , 269.131 , -60.3656 , 1276.26
1677 , 0 , 1247.12 , 3640.9 , 269.204 , -60.39 , 1276.39
1678 , 0 , 1247.07 , 3640.06 , 269.277 , -60.4143 , 1276.51
1679 , 0 , 1247.02 , 3639.22 , 269.349 , -60.4385 , 1276.64
1680 , 0 , 1246.97 , 3638.38 , 269.422 , -60.4624 , 1276.76
1681 , 0 , 1246.93 , 3637.56 , 269.494 , -60.4863 , 1276.89
1682 , 0 , 1246.88 , 3636.73 , 269.566 , -60.51 , 1277.01
1683 , 0 , 1246.83 , 3635.92 , 269.638 , -60.5335 , 1277.13
1684 , 0 , 1246.79 , 3635.1 , 269.709 , -60.5569 , 1277.25
1685 , 0 , 1246.74 , 3634.3 , 269.781 , -60.5802 , 1277.37
1686 , 0 , 1246.7 , 3633.49 , 269.852 , -60.6033 , 1277.49
1687 , 0 , 1246.65 , 3632.69 , 269.923 , -60.6263 , 1277.61
1688 , 0 , 1246.61 , 3631.9 , 269.994 , -60.6491 , 1277.73
1689 , 0 , 1246.57 , 3631.11 , 270.065 , -60.6718 , 1277.85
1690 , 0 , 1246.52 , 3630.33 , 270.135 , -60.6943 , 1277.97
1691 , 0 , 1246.48 , 3629.55 , 270.205 , -60.7167 , 1278.08
1692 , 0 , 1246.44 , 3628.77 , 270.275 , -60.739 , 1278.2
1693 , 0 , 1246.4 , 3628 , 270.345 , -60.7611 , 1278.31
1694 , 0 , 1246.36 , 3627.23 , 270.415 , -60.7831 , 1278.43
1695 , 0 , 1246.32 , 3626.47 , 270.484 , -60.8049 , 1278.54
1696 , 0 , 1246.28 , 3625.7 , 270.553 , -60.8266 , 1278.65
1697 , 0 , 1246.24 , 3624.95 , 270.622 , -60.8481 , 1278.77
1698 , 0 , 1246.2 , 3624.19 , 270.691 , -60.8696 , 1278.88
1699 , 0 , 1246.16 , 3623.44 , 270.759 , -60.8909 , 1278.99
1700 , 0 , 1246.12 , 3622.69 , 270.827 , -60.912 , 1279.1
1701 , 0 , 1246.08 , 3621.95 , 270.895 , -60.933 , 1279.21
1702 , 0 , 1246.04 , 3621.2 , 270.963 , -60.9539 , 1279.32
1703 , 0 , 1246.01 , 3620.46 , 271.03 , -60.9747 , 1279.42
1704 , 0 , 1245.97 , 3619.72 , 271.098 , -60.9953 , 1279.53
1705 , 0 , 1245.93 , 3618.99 , 271.164 , -61.0158 , 1279.63
1706 , 0 , 1245.89 , 3618.25 , 271.231 , -61.0362 , 1279.74
1707 , 0 , 1245.86 , 3617.52 , 271.298 , -61.0564 , 1279.84
1708 , 0 , 1245.82 , 3616.79 , 271.364 , -61.0765 , 1279.95
1709 , 0 , 1245.78 , 3616.06 , 271.43 , -61.0965 , 1280.05
1710 , 0 , 1245.75 , 3615.34 , 271.496 , -61.1163 , 1280.15
1711 , 0 , 1245.71 , 3614.61 , 271.561 , -61.1361 , 1280.25
1712 , 0 , 1245.67 , 3613.89 , 271.627 , -61.1557 , 1280.35
1713 , 0 , 1245.64 , 3613.17 , 271.692 , -61.1752 , 1280.45
1714 , 0 , 1245.6 , 3612.44 , 271.756 , -61.1945 , 1280.55
1715 , 0 , 1245.57 , 3611.73 , 271.821 , -61.2138 , 1280.65
1716 , 0 , 1245.53 , 3611.01 , 271.885 , -61.2329 , 1280.74
1717 , 0 , 1245.5 , 3610.29 , 271.949 , -61.2519 , 1280.84
1718 , 0 , 1245.46 , 3609.57 , 272.013 , -61.2707 , 1280.93
1719 , 0 , 1245.43 , 3608.85 , 272.076 , -61.2895 , 1281.03
1720 , 0 , 1245.39 , 3608.14 , 272.139 , -61.3081 , 1281.12
1721 , 0 , 1245.36 , 3607.42 , 272.202 , -61.3266 , 1281.21
1722 , 0 , 1245.32 , 3606.71 , 272.265 , -61.345 , 1281.3
1723 , 0 , 1245.29 , 3605.99 , 272.327 , -61.3633 , 1281.39
1724 , 0 , 1245.25 , 3605.28 , 272.389 , -61.3815 , 1281.48
1725 , 0 , 1245.22 , 3604.56 , 272.451 , -61.3995 , 1281.57
1726 , 0 , 1245.18 , 3603.84 , 272.512 , -61.4174 , 1281.66
1727 , 0 , 1245.15 , 3603.13 , 272.574 , -61.4353 , 1281.75
1728 , 0 , 1245.11 , 3602.41 , 272.635 , -61.453 , 1281.83
1729 , 0 , 1245.08 , 3601.7 , 272.695 , -61.4706 , 1281.92
1730 , 0 , 1245.05 , 3600.98 , 272.756 , -61.4881 , 1282
1731 , 0 , 1245.01 , 3600.26 , 272.816 , -61.5054 , 1282.08
1732 , 0 , 1244.98 , 3599.54 , 272.876 , -61.5227 , 1282.17
1733 , 0 , 1244.94 , 3598.83 , 272.935 , -61.5399 , 1282.25
1734 , 0 , 1244.91 , 3598.11 , 272.994 , -61.5569 , 1282.33
1735 , 0 , 1244.87 , 3597.39 , 273.053 , -61.5739 , 1282.41
1736 , 0 , 1244.84 , 3596.66 , 273.112 , -61.5907 , 1282.48
1737 , 0 , 1244.8 , 3595.94 , 273.17 , -61.6074 , 1282.56
1738 , 0 , 1244.77 , 3595.22 , 273.229 , -61.6241 , 1282.64
1739 , 0 , 1244.73 , 3594.49 , 273.286 , -61.6406 , 1282.71
1740 , 0 , 1244.7 , 3593.76 , 273.344 , -61.657 , 1282.79
1741 , 0 , 1244.66 , 3593.04 , 273.401 , -61.6733 , 1282.86
1742 , 0 , 1244.62 , 3592.31 , 273.458 , -61.6896 , 1282.94
1743 , 0 , 1244.59 , 3591.57 , 273.515 , -61.7057 , 1283.01
1744 , 0 , 1244.55 , 3590.84 , 273.571 , -61.7217 , 1283.08
1745 , 0 , 1244.52 , 3590.1 , 273.627 , -61.7376 , 1283.15
1746 , 0 , 1244.48 , 3589.37 , 273.683 , -61.7534 , 1283.22
1747 , 0 , 1244.44 , 3588.63 , 273.738 , -61.7692 , 1283.29
1748 , 0 , 1244.41 , 3587.89 , 273.793 , -61.7848 , 1283.35
1749 , 0 , 1244.37 , 3587.14 , 273.848 , -61.8003 , 1283.42
1750 , 0 , 1244.33 , 3586.4 , 273.902 , -61.8158 , 1283.48
1751 , 0 , 1244.29 , 3585.65 , 273.957 , -61.8311 , 1283.55
1752 , 0 , 1244.26 , 3584.9 , 274.011 , -61.8464 , 1283.61
1753 , 0 , 1244.22 , 3584.15 , 274.064 , -61.8615 , 1283.67
1754 , 0 , 1244.18 , 3583.39 , 274.118 , -61.8766 , 1283.74
1755 , 0 , 1244.14 , 3582.64 , 274.171 , -61.8916 , 1283.8
1756 , 0 , 1244.1 , 3581.87 , 274.223 , -61.9065 , 1283.86
1757 , 0 , 1244.06 , 3581.11 , 274.276 , -61.9212 , 1283.91
1758 , 0 , 1244.02 , 3580.35 , 274.328 , -61.936 , 1283.97
1759 , 0 , 1243.98 , 3579.58 , 274.379 , -61.9506 , 1284.03
1760 , 0 , 1243.94 , 3578.81 , 274.431 , -61.9651 , 1284.08
1761 , 0 , 1243.9 , 3578.03 , 274.482 , -61.9795 , 1284.14
1762 , 0 , 1243.86 , 3577.26 , 274.533 , -61.9939 , 1284.19
1763 , 0 , 1243.82 , 3576.48 , 274.583 , -62.0082 , 1284.25
1764 , 0 , 1243.78 , 3575.69 , 274.634 , -62.0224 , 1284.3
1765 , 0 , 1243.74 , 3574.91 , 274.684 , -62.0364 , 1284.35
1766 , 0 , 1243.7 , 3574.12 , 274.733 , -62.0505 , 1284.4
1767 , 0 , 1243.66 , 3573.33 , 274.782 , -62.0644 , 1284.45
1768 , 0 , 1243.61 , 3572.53 , 274.831 , -62.0783 , 1284.5
1769 , 0 , 1243.57 , 3571.73 , 274.88 , -62.092 , 1284.54
1770 , 0 , 1243.53 , 3570.93 , 274.928 , -62.1057 , 1284.59
1771 , 0 , 1243.48 , 3570.12 , 274.977 , -62.1194 , 1284.63
1772 , 0 , 1243.44 , 3569.32 , 275.024 , -62.1329 , 1284.68
1773 , 0 , 1243.39 , 3568.5 , 275.072 , -62.1463 , 1284.72
1774 , 0 , 1243.35 , 3567.69 , 275.119 , -62.1597 , 1284.76
1775 , 0 , 1243.3 , 3566.87 , 275.166 , -62.173 , 1284.81
1776 , 0 , 1243.26 , 3566.04 , 275.212 , -62.1863 , 1284.85
1777 , 0 , 1243.21 , 3565.22 , 275.258 , -62.1994 , 1284.89
1778 , 0 , 1243.16 , 3564.39 , 275.304 , -62.2125 , 1284.92
1779 , 0 , 1243.12 , 3563.55 , 275.35 , -62.2255 , 1284.96
1780 , 0 , 1243.07 , 3562.72 , 275.395 , -62.2384 , 1285
1781 , 0 , 1243.02 , 3561.87 , 275.44 , -62.2513 , 1285.04
1782 , 0 , 1242.97 , 3561.03 , 275.485 , -62.264 , 1285.07
1783 , 0 , 1242.93 , 3560.18 , 275.529 , -62.2768 , 1285.1
1784 , 0 , 1242.88 , 3559.33 , 275.573 , -62.2894 , 1285.14
1785 , 0 , 1242.83 , 3558.47 , 275.617 , -62.302 , 1285.17
1786 , 0 , 1242.78 , 3557.61 , 275.66 , -62.3145 , 1285.2
1787 , 0 , 1242.73 , 3556.75 , 275.703 , -62.3269 , 1285.23
1788 , 0 , 1242.67 , 3555.88 , 275.746 , -62.3392 , 1285.26
1789 , 0 , 1242.62 , 3555 , 275.789 , -62.3515 , 1285.29
1790 , 0 , 1242.57 , 3554.13 , 275.831 , -62.3638 , 1285.32
1791 , 0 , 1242.52 , 3553.25 , 275.873 , -62.3759 , 1285.34
1792 , 0 , 1242.46 , 3552.36 , 275.914 , -62.388 , 1285.37
1793 , 0 , 1242.41 , 3551.48 , 275.956 , -62.4 , 1285.4
1794 , 0 , 1242.36 , 3550.58 , 275.997 , -62.412 , 1285.42
1795 , 0 , 1242.3 , 3549.69 , 276.037 , -62.4239 , 1285.44
1796 , 0 , 1242.25 , 3548.79 , 276.078 , -62.4357 , 1285.47
1797 , 0 , 1242.19 , 3547.88 , 276.118 , -62.4475 , 1285.49
1798 , 0 , 1242.14 , 3546.97 , 276.157 , -62.4592 , 1285.51
1799 , 0 , 1242.08 , 3546.06 , 276.197 , -62.4708 , 1285.53
1800 , 0 , 1242.02 , 3545.14 , 276.236 , -62.4824 , 1285.55
