step,var,nS,S_A,S_BmA,S_ApmA,all_A,all_BmA,all_ApmA,psi_maxdiff_S,cons_changed_B_Ap,cons_changed_Ap_A
101,res_ro,240,1.54606e-05,1.98657e-05,0,2.1799e-05,1.98675e-05,5.11718e-08,0,2,1
101,res_roK,240,1.25337e-05,1.39063e-05,1.48356e-09,0.000490164,1.49392e-05,4.44587e-06,0,2,1
101,res_roK_m,240,0,0,0,0,0,0,0,2,1
101,res_roOmega,240,135.869,170.282,0.000352035,82672.1,1090.5,503.517,0,2,1
101,res_roOmega_m,240,0,0,0,0,0,0,0,2,1
101,res_roUx,240,0.00240933,0.00401669,8.48472e-10,0.00478783,0.00401782,2.90931e-05,0,2,1
101,res_roUx_m,240,0,0,0,0,0,0,0,2,1
101,res_roUy,240,0.00148136,0.000667071,2.78001e-11,0.00161508,0.000676724,6.93169e-05,0,2,1
101,res_roUy_m,240,0,0,0,0,0,0,0,2,1
101,res_roUz,240,0,0,0,0,0,0,0,2,1
101,res_roUz_m,240,0,0,0,0,0,0,0,2,1
101,res_roY0,240,1.08852e-05,1.3753e-05,2.0045e-09,1.86948e-05,1.37555e-05,5.63458e-08,0,2,1
101,res_roY0_m,240,0,0,0,0,0,0,0,2,1
101,res_roY1,240,1.20496e-07,1.52265e-07,1.64609e-11,2.07054e-07,1.52295e-07,1.05883e-09,0,2,1
101,res_roY1_m,240,0,0,0,0,0,0,0,2,1
101,res_ro_m,240,0,0,0,0,0,0,0,2,1
101,res_roe,240,0.188798,0.273026,3.60004e-06,0.281703,0.274139,0.0110336,0,2,1
101,res_roe_m,240,0,0,0,0,0,0,0,2,1
102,res_ro,240,1.49552e-05,1.30362e-05,8.33566e-12,1.87256e-05,1.30385e-05,4.79833e-08,0,2,1
102,res_roK,240,1.20306e-05,8.89875e-06,2.17297e-09,0.000484168,1.03706e-05,4.14655e-06,0,2,1
102,res_roK_m,240,0,0,0,0,0,0,0,2,1
102,res_roOmega,240,220.869,328.11,0.00207615,99043.7,1071.89,785.209,0,2,1
102,res_roOmega_m,240,0,0,0,0,0,0,0,2,1
102,res_roUx,240,0.0023138,0.0024667,2.04304e-08,0.00440404,0.00246851,2.93162e-05,0,2,1
102,res_roUx_m,240,0,0,0,0,0,0,0,2,1
102,res_roUy,240,0.00169676,0.00033769,2.85466e-06,0.0022103,0.000355649,6.94765e-05,0,2,1
102,res_roUy_m,240,0,0,0,0,0,0,0,2,1
102,res_roUz,240,0,0,0,0,0,0,0,2,1
102,res_roUz_m,240,0,0,0,0,0,0,0,2,1
102,res_roY0,240,1.03416e-05,8.8043e-06,1.45194e-09,1.52055e-05,8.80767e-06,5.62314e-08,0,2,1
102,res_roY0_m,240,0,0,0,0,0,0,0,2,1
102,res_roY1,240,1.14487e-07,9.74758e-08,1.7877e-11,1.6836e-07,9.75166e-08,1.00756e-09,0,2,1
102,res_roY1_m,240,0,0,0,0,0,0,0,2,1
102,res_ro_m,240,0,0,0,0,0,0,0,2,1
102,res_roe,240,0.183509,0.155417,1.32152e-05,0.236161,0.157018,0.00998607,0,2,1
102,res_roe_m,240,0,0,0,0,0,0,0,2,1
103,res_ro,240,1.56764e-05,1.98979e-05,0,1.84093e-05,1.99001e-05,5.0629e-08,0,2,1
103,res_roK,240,1.2255e-05,1.38172e-05,3.18866e-09,0.000476219,1.48712e-05,4.56459e-06,0,2,1
103,res_roK_m,240,0,0,0,0,0,0,0,2,1
103,res_roOmega,240,335.688,488.547,0.00195789,48508.4,1172.49,850.261,0,2,1
103,res_roOmega_m,240,0,0,0,0,0,0,0,2,1
103,res_roUx,240,0.00243742,0.0039324,2.77809e-08,0.00428338,0.00393397,3.04166e-05,0,2,1
103,res_roUx_m,240,0,0,0,0,0,0,0,2,1
103,res_roUy,240,0.0018521,0.000804375,2.85728e-06,0.00205199,0.000813193,8.21123e-05,0,2,1
103,res_roUy_m,240,0,0,0,0,0,0,0,2,1
103,res_roUz,240,0,0,0,0,0,0,0,2,1
103,res_roUz_m,240,0,0,0,0,0,0,0,2,1
103,res_roY0,240,1.07373e-05,1.36706e-05,7.10543e-15,1.43657e-05,1.36738e-05,5.90879e-08,0,2,1
103,res_roY0_m,240,0,0,0,0,0,0,0,2,1
103,res_roY1,240,1.18877e-07,1.51351e-07,2.04952e-12,1.5912e-07,1.51388e-07,1.02911e-09,0,2,1
103,res_roY1_m,240,0,0,0,0,0,0,0,2,1
103,res_ro_m,240,0,0,0,0,0,0,0,2,1
103,res_roe,240,0.193758,0.277408,1.19242e-07,0.240337,0.278388,0.0116639,0,2,1
103,res_roe_m,240,0,0,0,0,0,0,0,2,1
104,res_ro,240,1.66804e-05,1.23293e-05,4.09312e-12,1.92061e-05,1.23322e-05,5.0759e-08,0,2,1
104,res_roK,240,1.28415e-05,8.57826e-06,1.82905e-09,0.000471474,1.00119e-05,4.22984e-06,0,2,1
104,res_roK_m,240,0,0,0,0,0,0,0,2,1
104,res_roOmega,240,382.898,682.804,0.00281579,65823.4,1224.43,698.06,0,2,1
104,res_roOmega_m,240,0,0,0,0,0,0,0,2,1
104,res_roUx,240,0.0026177,0.00234105,2.18911e-08,0.00424382,0.00234328,2.96306e-05,0,2,1
104,res_roUx_m,240,0,0,0,0,0,0,0,2,1
104,res_roUy,240,0.00186019,0.000324804,2.85936e-06,0.00204058,0.000342156,7.08046e-05,0,2,1
104,res_roUy_m,240,0,0,0,0,0,0,0,2,1
104,res_roUz,240,0,0,0,0,0,0,0,2,1
104,res_roUz_m,240,0,0,0,0,0,0,0,2,1
104,res_roY0,240,1.15176e-05,8.50125e-06,2.72758e-09,1.48775e-05,8.50543e-06,5.42375e-08,0,2,1
104,res_roY0_m,240,0,0,0,0,0,0,0,2,1
104,res_roY1,240,1.27521e-07,9.41207e-08,3.98532e-11,1.64739e-07,9.41702e-08,9.72955e-10,0,2,1
104,res_roY1_m,240,0,0,0,0,0,0,0,2,1
104,res_ro_m,240,0,0,0,0,0,0,0,2,1
104,res_roe,240,0.191024,0.171944,4.82526e-05,0.247727,0.173495,0.00951848,0,2,1
104,res_roe_m,240,0,0,0,0,0,0,0,2,1
105,res_ro,240,1.63029e-05,2.08177e-05,8.34805e-12,2.02109e-05,2.082e-05,4.96565e-08,0,2,1
105,res_roK,240,1.29564e-05,1.44896e-05,1.92309e-09,0.000464707,1.53738e-05,4.33532e-06,0,2,1
105,res_roK_m,240,0,0,0,0,0,0,0,2,1
105,res_roOmega,240,495.643,789.632,0.00201428,49505.8,1251.19,810.019,0,2,1
105,res_roOmega_m,240,0,0,0,0,0,0,0,2,1
105,res_roUx,240,0.00254449,0.00417724,1.32584e-08,0.00447591,0.0041787,3.77052e-05,0,2,1
105,res_roUx_m,240,0,0,0,0,0,0,0,2,1
105,res_roUy,240,0.0019312,0.000831823,2.85845e-06,0.00224337,0.000840031,0.000106424,0,2,1
105,res_roUy_m,240,0,0,0,0,0,0,0,2,1
105,res_roUz,240,0,0,0,0,0,0,0,2,1
105,res_roUz_m,240,0,0,0,0,0,0,0,2,1
105,res_roY0,240,1.14007e-05,1.43425e-05,2.81653e-09,1.64185e-05,1.43458e-05,5.4472e-08,0,2,1
105,res_roY0_m,240,0,0,0,0,0,0,0,2,1
105,res_roY1,240,1.26213e-07,1.58791e-07,3.26726e-11,1.81798e-07,1.58829e-07,1.01582e-09,0,2,1
105,res_roY1_m,240,0,0,0,0,0,0,0,2,1
105,res_ro_m,240,0,0,0,0,0,0,0,2,1
105,res_roe,240,0.18708,0.27754,6.47393e-05,0.253617,0.278472,0.0115349,0,2,1
105,res_roe_m,240,0,0,0,0,0,0,0,2,1
106,res_ro,240,1.52619e-05,4.5537e-06,4.58286e-13,1.75255e-05,4.56053e-06,5.11395e-08,0,5,1
106,res_roK,240,1.24621e-05,3.1781e-06,2.77855e-09,0.000458957,6.04729e-06,4.05906e-06,0,5,1
106,res_roK_m,240,0,0,0,0,0,0,0,5,1
106,res_roOmega,240,489.038,873.107,3.55832e-05,60194.1,1291.38,682.223,0,5,1
106,res_roOmega_m,240,0,0,0,0,0,0,0,5,1
106,res_roUx,240,0.00229994,0.000916533,1.78987e-08,0.00422865,0.000921066,2.84063e-05,0,5,1
106,res_roUx_m,240,0,0,0,0,0,0,0,5,1
106,res_roUy,240,0.00185432,0.000204431,2.85584e-06,0.00218264,0.000232845,6.22341e-05,0,5,1
106,res_roUy_m,240,0,0,0,0,0,0,0,5,1
106,res_roUz,240,0,0,0,0,0,0,0,5,1
106,res_roUz_m,240,0,0,0,0,0,0,0,5,1
106,res_roY0,240,1.06284e-05,3.21547e-06,9.78738e-10,1.36221e-05,3.22503e-06,5.80494e-08,0,5,1
106,res_roY0_m,240,0,0,0,0,0,0,0,5,1
106,res_roY1,240,1.17657e-07,3.55986e-08,8.16361e-12,1.50905e-07,3.57138e-08,1.04157e-09,0,5,1
106,res_roY1_m,240,0,0,0,0,0,0,0,5,1
106,res_ro_m,240,0,0,0,0,0,0,0,5,1
106,res_roe,240,0.178333,0.0847113,6.10787e-06,0.232288,0.0877273,0.0108646,0,5,1
106,res_roe_m,240,0,0,0,0,0,0,0,5,1
107,res_ro,240,1.42517e-05,1.86684e-05,2.84217e-14,1.95943e-05,1.86713e-05,4.91171e-08,0,2,1
107,res_roK,240,1.15156e-05,1.29839e-05,2.41523e-09,0.000451794,1.39598e-05,4.24059e-06,0,2,1
107,res_roK_m,240,0,0,0,0,0,0,0,2,1
107,res_roOmega,240,488.327,927.128,3.1746e-05,54716.4,1398.39,715.581,0,2,1
107,res_roOmega_m,240,0,0,0,0,0,0,0,2,1
107,res_roUx,240,0.00210772,0.00372252,2.12698e-08,0.00434376,0.00372436,2.77627e-05,0,2,1
107,res_roUx_m,240,0,0,0,0,0,0,0,2,1
107,res_roUy,240,0.00172401,0.000586584,2.85221e-06,0.00202725,0.000597615,5.81395e-05,0,2,1
107,res_roUy_m,240,0,0,0,0,0,0,0,2,1
107,res_roUz,240,0,0,0,0,0,0,0,2,1
107,res_roUz_m,240,0,0,0,0,0,0,0,2,1
107,res_roY0,240,9.8252e-06,1.28589e-05,1.34622e-09,1.65358e-05,1.2863e-05,5.40425e-08,0,2,1
107,res_roY0_m,240,0,0,0,0,0,0,0,2,1
107,res_roY1,240,1.08774e-07,1.42363e-07,2.59388e-11,1.83136e-07,1.42411e-07,1.01512e-09,0,2,1
107,res_roY1_m,240,0,0,0,0,0,0,0,2,1
107,res_ro_m,240,0,0,0,0,0,0,0,2,1
107,res_roe,240,0.158304,0.237976,4.82397e-07,0.219798,0.238985,0.0126116,0,2,1
107,res_roe_m,240,0,0,0,0,0,0,0,2,1
108,res_ro,240,1.45194e-05,1.38546e-05,5.82077e-11,1.70526e-05,1.38585e-05,4.64409e-08,0,2,1
108,res_roK,240,1.11722e-05,9.58418e-06,2.03827e-09,0.000444433,1.09205e-05,4.45107e-06,0,2,1
108,res_roK_m,240,0,0,0,0,0,0,0,2,1
108,res_roOmega,240,386.083,955.115,0.000126849,61868.2,1368.77,743.53,0,2,1
108,res_roOmega_m,240,0,0,0,0,0,0,0,2,1
108,res_roUx,240,0.00224517,0.00262247,8.8182e-10,0.00457814,0.0026252,3.10338e-05,0,2,1
108,res_roUx_m,240,0,0,0,0,0,0,0,2,1
108,res_roUy,240,0.00178825,0.000392942,6.53635e-11,0.00197043,0.00041062,7.40096e-05,0,2,1
108,res_roUy_m,240,0,0,0,0,0,0,0,2,1
108,res_roUz,240,0,0,0,0,0,0,0,2,1
108,res_roUz_m,240,0,0,0,0,0,0,0,2,1
108,res_roY0,240,9.86951e-06,9.50757e-06,6.65571e-10,1.32525e-05,9.51328e-06,5.36917e-08,0,2,1
108,res_roY0_m,240,0,0,0,0,0,0,0,2,1
108,res_roY1,240,1.0927e-07,1.05264e-07,1.13957e-11,1.46798e-07,1.05331e-07,1.02135e-09,0,2,1
108,res_roY1_m,240,0,0,0,0,0,0,0,2,1
108,res_ro_m,240,0,0,0,0,0,0,0,2,1
108,res_roe,240,0.174641,0.173242,5.31134e-06,0.22144,0.17443,0.0104583,0,2,1
108,res_roe_m,240,0,0,0,0,0,0,0,2,1
109,res_ro,240,1.58655e-05,2.06838e-05,0,1.78362e-05,2.0687e-05,4.7926e-08,0,2,1
109,res_roK,240,1.23308e-05,1.444e-05,4.14386e-09,0.000440465,1.53068e-05,4.18033e-06,0,2,1
109,res_roK_m,240,0,0,0,0,0,0,0,2,1
109,res_roOmega,240,292.147,917.87,0.00202092,49147.9,1348.51,739.239,0,2,1
109,res_roOmega_m,240,0,0,0,0,0,0,0,2,1
109,res_roUx,240,0.00247044,0.00407087,1.04927e-10,0.00430128,0.00407303,3.39077e-05,0,2,1
109,res_roUx_m,240,0,0,0,0,0,0,0,2,1
109,res_roUy,240,0.00180191,0.000778958,6.8115e-11,0.00198201,0.000787076,8.21132e-05,0,2,1
109,res_roUy_m,240,0,0,0,0,0,0,0,2,1
109,res_roUz,240,0,0,0,0,0,0,0,2,1
109,res_roUz_m,240,0,0,0,0,0,0,0,2,1
109,res_roY0,240,1.10178e-05,1.42954e-05,2.28989e-09,1.36516e-05,1.42999e-05,5.42222e-08,0,2,1
109,res_roY0_m,240,0,0,0,0,0,0,0,2,1
109,res_roY1,240,1.21981e-07,1.58269e-07,2.725e-11,1.51246e-07,1.58321e-07,1.0545e-09,0,2,1
109,res_roY1_m,240,0,0,0,0,0,0,0,2,1
109,res_ro_m,240,0,0,0,0,0,0,0,2,1
109,res_roe,240,0.18676,0.288393,1.37506e-06,0.233777,0.289436,0.0116088,0,2,1
109,res_roe_m,240,0,0,0,0,0,0,0,2,1
110,res_ro,240,1.71235e-05,1.19259e-05,0,1.94658e-05,1.19299e-05,4.87632e-08,0,2,1
110,res_roK,240,1.34423e-05,8.27525e-06,1.62828e-09,0.00043457,9.83052e-06,4.25035e-06,0,2,1
110,res_roK_m,240,0,0,0,0,0,0,0,2,1
110,res_roOmega,240,261.002,841.992,0.000123881,71179.1,1308.58,666.104,0,2,1
110,res_roOmega_m,240,0,0,0,0,0,0,0,2,1
110,res_roUx,240,0.00267407,0.00225636,2.29681e-11,0.00448412,0.0022594,2.65966e-05,0,2,1
110,res_roUx_m,240,0,0,0,0,0,0,0,2,1
110,res_roUy,240,0.00164595,0.000328271,3.39122e-11,0.00183825,0.000357112,6.11231e-05,0,2,1
110,res_roUy_m,240,0,0,0,0,0,0,0,2,1
110,res_roUz,240,0,0,0,0,0,0,0,2,1
110,res_roUz_m,240,0,0,0,0,0,0,0,2,1
110,res_roY0,240,1.19676e-05,8.21114e-06,2.07994e-09,1.50676e-05,8.2169e-06,5.21193e-08,0,2,1
110,res_roY0_m,240,0,0,0,0,0,0,0,2,1
110,res_roY1,240,1.32492e-07,9.09095e-08,1.71125e-11,1.66848e-07,9.09768e-08,1.02497e-09,0,2,1
110,res_roY1_m,240,0,0,0,0,0,0,0,2,1
110,res_ro_m,240,0,0,0,0,0,0,0,2,1
110,res_roe,240,0.194607,0.153613,2.98055e-08,0.235022,0.155261,0.0107133,0,2,1
110,res_roe_m,240,0,0,0,0,0,0,0,2,1
111,res_ro,240,1.64488e-05,2.09293e-05,8.33803e-12,1.94101e-05,2.09318e-05,5.12713e-08,0,2,1
111,res_roK,240,1.29828e-05,1.45152e-05,2.55483e-09,0.000429024,1.53729e-05,4.03537e-06,0,2,1
111,res_roK_m,240,0,0,0,0,0,0,0,2,1
111,res_roOmega,240,324.957,711.966,0.00201516,47128.7,1280.52,822.683,0,2,1
111,res_roOmega_m,240,0,0,0,0,0,0,0,2,1
111,res_roUx,240,0.00255166,0.00419944,1.26302e-09,0.00461688,0.00420103,2.68306e-05,0,2,1
111,res_roUx_m,240,0,0,0,0,0,0,0,2,1
111,res_roUy,240,0.00169106,0.000831155,5.99301e-11,0.00181922,0.000838329,6.03311e-05,0,2,1
111,res_roUy_m,240,0,0,0,0,0,0,0,2,1
111,res_roUz,240,0,0,0,0,0,0,0,2,1
111,res_roUz_m,240,0,0,0,0,0,0,0,2,1
111,res_roY0,240,1.14182e-05,1.43585e-05,8.20133e-10,1.53062e-05,1.43621e-05,5.94624e-08,0,2,1
111,res_roY0_m,240,0,0,0,0,0,0,0,2,1
111,res_roY1,240,1.26425e-07,1.58967e-07,1.79362e-11,1.69504e-07,1.59009e-07,1.04597e-09,0,2,1
111,res_roY1_m,240,0,0,0,0,0,0,0,2,1
111,res_ro_m,240,0,0,0,0,0,0,0,2,1
111,res_roe,240,0.200031,0.284425,2.73922e-06,0.25174,0.28527,0.0104683,0,2,1
111,res_roe_m,240,0,0,0,0,0,0,0,2,1
112,res_ro,240,1.53844e-05,8.08805e-06,7.29021e-12,1.82784e-05,8.09228e-06,5.28072e-08,0,2,1
112,res_roK,240,1.21808e-05,5.7627e-06,2.3642e-09,0.000424973,7.7597e-06,4.37291e-06,0,2,1
112,res_roK_m,240,0,0,0,0,0,0,0,2,1
112,res_roOmega,240,398.862,539.195,0.00390886,85665,1100.84,641.532,0,2,1
112,res_roOmega_m,240,0,0,0,0,0,0,0,2,1
112,res_roUx,240,0.00232446,0.00154031,1.46237e-08,0.00400895,0.00154352,3.15402e-05,0,2,1
112,res_roUx_m,240,0,0,0,0,0,0,0,2,1
112,res_roUy,240,0.00158856,0.000218442,2.79283e-06,0.00178451,0.000254425,7.85927e-05,0,2,1
112,res_roUy_m,240,0,0,0,0,0,0,0,2,1
112,res_roUz,240,0,0,0,0,0,0,0,2,1
112,res_roUz_m,240,0,0,0,0,0,0,0,2,1
112,res_roY0,240,1.07352e-05,5.71617e-06,2.15668e-09,1.45103e-05,5.72211e-06,5.77058e-08,0,2,1
112,res_roY0_m,240,0,0,0,0,0,0,0,2,1
112,res_roY1,240,1.1885e-07,6.32855e-08,2.98673e-11,1.60721e-07,6.33564e-08,1.04824e-09,0,2,1
112,res_roY1_m,240,0,0,0,0,0,0,0,2,1
112,res_ro_m,240,0,0,0,0,0,0,0,2,1
112,res_roe,240,0.174051,0.0997949,1.09572e-05,0.239084,0.102238,0.0108451,0,2,1
112,res_roe_m,240,0,0,0,0,0,0,0,2,1
113,res_ro,240,1.36826e-05,1.92746e-05,7.27601e-12,1.66688e-05,1.92773e-05,5.25555e-08,0,2,1
113,res_roK,240,1.06726e-05,1.34803e-05,3.27056e-09,0.000420068,1.44086e-05,4.04564e-06,0,2,1
113,res_roK_m,240,0,0,0,0,0,0,0,2,1
113,res_roOmega,240,468.878,385.459,0.00195347,76190,1165.54,838.112,0,2,1
113,res_roOmega_m,240,0,0,0,0,0,0,0,2,1
113,res_roUx,240,0.00214191,0.00383286,2.10918e-08,0.00430865,0.00383474,2.8774e-05,0,2,1
113,res_roUx_m,240,0,0,0,0,0,0,0,2,1
113,res_roUy,240,0.0015635,0.000602089,2.77988e-06,0.00197167,0.000613064,5.78541e-05,0,2,1
113,res_roUy_m,240,0,0,0,0,0,0,0,2,1
113,res_roUz,240,0,0,0,0,0,0,0,2,1
113,res_roUz_m,240,0,0,0,0,0,0,0,2,1
113,res_roY0,240,9.60088e-06,1.33309e-05,2.52569e-09,1.34492e-05,1.33347e-05,5.69086e-08,0,2,1
113,res_roY0_m,240,0,0,0,0,0,0,0,2,1
113,res_roY1,240,1.06295e-07,1.4759e-07,3.25498e-11,1.48934e-07,1.47633e-07,1.02042e-09,0,2,1
113,res_roY1_m,240,0,0,0,0,0,0,0,2,1
113,res_ro_m,240,0,0,0,0,0,0,0,2,1
113,res_roe,240,0.162429,0.266745,1.19517e-07,0.209444,0.267854,0.0122501,0,2,1
113,res_roe_m,240,0,0,0,0,0,0,0,2,1
114,res_ro,240,1.47323e-05,1.24542e-05,0,1.62032e-05,1.24577e-05,5.15494e-08,0,2,1
114,res_roK,240,1.13365e-05,8.56144e-06,3.10695e-09,0.00041251,9.92683e-06,4.1938e-06,0,2,1
114,res_roK_m,240,0,0,0,0,0,0,0,2,1
114,res_roOmega,240,345.541,47.6749,0.000140757,46822,1200.49,1048.45,0,2,1
114,res_roOmega_m,240,0,0,0,0,0,0,0,2,1
114,res_roUx,240,0.00238402,0.00236059,8.59521e-12,0.00394977,0.00236324,2.99397e-05,0,2,1
114,res_roUx_m,240,0,0,0,0,0,0,0,2,1
114,res_roUy,240,0.00139911,0.00034835,1.82424e-11,0.00158475,0.000366595,6.73177e-05,0,2,1
114,res_roUy_m,240,0,0,0,0,0,0,0,2,1
114,res_roUz,240,0,0,0,0,0,0,0,2,1
114,res_roUz_m,240,0,0,0,0,0,0,0,2,1
114,res_roY0,240,1.02594e-05,8.46992e-06,1.84302e-09,1.22366e-05,8.47498e-06,6.07227e-08,0,2,1
114,res_roY0_m,240,0,0,0,0,0,0,0,2,1
114,res_roY1,240,1.1358e-07,9.37723e-08,1.88523e-11,1.35542e-07,9.38317e-08,1.08109e-09,0,2,1
114,res_roY1_m,240,0,0,0,0,0,0,0,2,1
114,res_ro_m,240,0,0,0,0,0,0,0,2,1
114,res_roe,240,0.166243,0.150086,4.76837e-07,0.210225,0.15189,0.0107712,0,2,1
114,res_roe_m,240,0,0,0,0,0,0,0,2,1
115,res_ro,240,1.6178e-05,2.13735e-05,0,1.8188e-05,2.13758e-05,5.11104e-08,0,2,1
115,res_roK,240,1.25787e-05,1.49363e-05,3.30056e-09,0.000407627,1.57863e-05,4.11387e-06,0,2,1
115,res_roK_m,240,0,0,0,0,0,0,0,2,1
115,res_roOmega,240,240.951,36.9453,0.00207268,87033,1161.07,920.112,0,2,1
115,res_roOmega_m,240,0,0,0,0,0,0,0,2,1
115,res_roUx,240,0.00259709,0.00426278,2.6115e-08,0.00440645,0.0042643,3.14216e-05,0,2,1
115,res_roUx_m,240,0,0,0,0,0,0,0,2,1
115,res_roUy,240,0.00140548,0.000769589,2.7618e-06,0.00156275,0.000778472,7.308e-05,0,2,1
115,res_roUy_m,240,0,0,0,0,0,0,0,2,1
115,res_roUz,240,0,0,0,0,0,0,0,2,1
115,res_roUz_m,240,0,0,0,0,0,0,0,2,1
115,res_roY0,240,1.13407e-05,1.47705e-05,8.06512e-10,1.40068e-05,1.47738e-05,5.90835e-08,0,2,1
115,res_roY0_m,240,0,0,0,0,0,0,0,2,1
115,res_roY1,240,1.25545e-07,1.63526e-07,5.86549e-12,1.55117e-07,1.63565e-07,1.01385e-09,0,2,1
115,res_roY1_m,240,0,0,0,0,0,0,0,2,1
115,res_ro_m,240,0,0,0,0,0,0,0,2,1
115,res_roe,240,0.180714,0.28413,1.6824e-07,0.232241,0.284906,0.0123753,0,2,1
115,res_roe_m,240,0,0,0,0,0,0,0,2,1
116,res_ro,240,1.61028e-05,4.89234e-06,8.3374e-12,1.81061e-05,4.89772e-06,5.42143e-08,0,2,1
116,res_roK,240,1.25611e-05,3.35413e-06,2.54636e-09,0.000402958,6.28729e-06,4.19725e-06,0,2,1
116,res_roK_m,240,0,0,0,0,0,0,0,2,1
116,res_roOmega,240,180.878,36.9284,0.000128349,81688.9,1191.62,1023.21,0,2,1
116,res_roOmega_m,240,0,0,0,0,0,0,0,2,1
116,res_roUx,240,0.00258545,0.000954552,1.46756e-08,0.00435707,0.000958806,3.09058e-05,0,2,1
116,res_roUx_m,240,0,0,0,0,0,0,0,2,1
116,res_roUy,240,0.00136172,0.000209698,2.75596e-06,0.00159871,0.0002408,6.82221e-05,0,2,1
116,res_roUy_m,240,0,0,0,0,0,0,0,2,1
116,res_roUz,240,0,0,0,0,0,0,0,2,1
116,res_roUz_m,240,0,0,0,0,0,0,0,2,1
116,res_roY0,240,1.13271e-05,3.32149e-06,2.65446e-09,1.39771e-05,3.32924e-06,5.98239e-08,0,2,1
116,res_roY0_m,240,0,0,0,0,0,0,0,2,1
116,res_roY1,240,1.25397e-07,3.6774e-08,2.53385e-11,1.54775e-07,3.68694e-08,1.05634e-09,0,2,1
116,res_roY1_m,240,0,0,0,0,0,0,0,2,1
116,res_ro_m,240,0,0,0,0,0,0,0,2,1
116,res_roe,240,0.172624,0.0889915,1.33304e-07,0.21683,0.09139,0.00913303,0,2,1
116,res_roe_m,240,0,0,0,0,0,0,0,2,1
117,res_ro,240,1.3894e-05,1.95965e-05,0,1.63008e-05,1.95987e-05,4.83345e-08,0,2,1
117,res_roK,240,1.09203e-05,1.36785e-05,3.06579e-09,0.000397565,1.46221e-05,3.78515e-06,0,2,1
117,res_roK_m,240,0,0,0,0,0,0,0,2,1
117,res_roOmega,240,139.576,43.0039,0.00203238,77692.8,1113.38,948.665,0,2,1
117,res_roOmega_m,240,0,0,0,0,0,0,0,2,1
117,res_roUx,240,0.00229398,0.00399127,2.33676e-10,0.00433661,0.00399274,2.82675e-05,0,2,1
117,res_roUx_m,240,0,0,0,0,0,0,0,2,1
117,res_roUy,240,0.00150347,0.000623102,3.4716e-11,0.00165195,0.000633356,5.76341e-05,0,2,1
117,res_roUy_m,240,0,0,0,0,0,0,0,2,1
117,res_roUz,240,0,0,0,0,0,0,0,2,1
117,res_roUz_m,240,0,0,0,0,0,0,0,2,1
117,res_roY0,240,9.86356e-06,1.35258e-05,3.10209e-09,1.29757e-05,1.3529e-05,5.73072e-08,0,2,1
117,res_roY0_m,240,0,0,0,0,0,0,0,2,1
117,res_roY1,240,1.09197e-07,1.49746e-07,2.23406e-11,1.43755e-07,1.49784e-07,1.02764e-09,0,2,1
117,res_roY1_m,240,0,0,0,0,0,0,0,2,1
117,res_ro_m,240,0,0,0,0,0,0,0,2,1
117,res_roe,240,0.151489,0.252765,1.39212e-09,0.2069,0.253764,0.0106054,0,2,1
117,res_roe_m,240,0,0,0,0,0,0,0,2,1
118,res_ro,240,1.40436e-05,9.57597e-06,0,1.58657e-05,9.57959e-06,5.21696e-08,0,2,1
118,res_roK,240,1.13075e-05,6.56704e-06,2.52701e-09,0.000391522,8.34149e-06,4.22487e-06,0,2,1
118,res_roK_m,240,0,0,0,0,0,0,0,2,1
118,res_roOmega,240,103.013,41.3891,3.21584e-05,53757.3,1170.75,863.724,0,2,1
118,res_roOmega_m,240,0,0,0,0,0,0,0,2,1
118,res_roUx,240,0.00230591,0.00184079,1.25191e-09,0.00425052,0.00184325,2.96695e-05,0,2,1
118,res_roUx_m,240,0,0,0,0,0,0,0,2,1
118,res_roUy,240,0.00143159,0.000277387,6.81211e-11,0.00159883,0.000299994,6.05064e-05,0,2,1
118,res_roUy_m,240,0,0,0,0,0,0,0,2,1
118,res_roUz,240,0,0,0,0,0,0,0,2,1
118,res_roUz_m,240,0,0,0,0,0,0,0,2,1
118,res_roY0,240,9.95676e-06,6.49805e-06,2.23143e-09,1.23464e-05,6.50332e-06,5.49531e-08,0,2,1
118,res_roY0_m,240,0,0,0,0,0,0,0,2,1
118,res_roY1,240,1.10249e-07,7.19425e-08,2.09294e-11,1.36773e-07,7.20056e-08,1.02063e-09,0,2,1
118,res_roY1_m,240,0,0,0,0,0,0,0,2,1
118,res_ro_m,240,0,0,0,0,0,0,0,2,1
118,res_roe,240,0.164459,0.119138,5.81561e-06,0.210373,0.121228,0.0108999,0,2,1
118,res_roe_m,240,0,0,0,0,0,0,0,2,1
119,res_ro,240,1.52219e-05,2.0148e-05,1.88148e-12,1.96922e-05,2.01505e-05,5.37826e-08,0,2,1
119,res_roK,240,1.21905e-05,1.39892e-05,1.82556e-09,0.000387806,1.48851e-05,4.07272e-06,0,2,1
119,res_roK_m,240,0,0,0,0,0,0,0,2,1
119,res_roOmega,240,81.8863,40.9359,0.000546291,87328.3,1119.48,893.395,0,2,1
119,res_roOmega_m,240,0,0,0,0,0,0,0,2,1
119,res_roUx,240,0.00241382,0.00403769,2.34465e-08,0.00466018,0.00403927,3.23742e-05,0,2,1
119,res_roUx_m,240,0,0,0,0,0,0,0,2,1
119,res_roUy,240,0.00146393,0.000629686,2.75312e-06,0.00162055,0.000640831,7.65002e-05,0,2,1
119,res_roUy_m,240,0,0,0,0,0,0,0,2,1
119,res_roUz,240,0,0,0,0,0,0,0,2,1
119,res_roUz_m,240,0,0,0,0,0,0,0,2,1
119,res_roY0,240,1.05728e-05,1.38316e-05,1.59248e-09,1.62629e-05,1.38351e-05,5.96896e-08,0,2,1
119,res_roY0_m,240,0,0,0,0,0,0,0,2,1
119,res_roY1,240,1.17041e-07,1.53132e-07,1.22843e-11,1.80089e-07,1.53174e-07,1.06803e-09,0,2,1
119,res_roY1_m,240,0,0,0,0,0,0,0,2,1
119,res_ro_m,240,0,0,0,0,0,0,0,2,1
119,res_roe,240,0.184149,0.277933,9.53677e-07,0.247253,0.278874,0.0116441,0,2,1
119,res_roe_m,240,0,0,0,0,0,0,0,2,1
120,res_ro,240,1.60812e-05,1.25403e-05,3.66654e-12,1.94363e-05,1.25437e-05,5.38737e-08,0,2,1
120,res_roK,240,1.26581e-05,8.81006e-06,2.5249e-09,0.000383974,1.02188e-05,4.1247e-06,0,2,1
120,res_roK_m,240,0,0,0,0,0,0,0,2,1
120,res_roOmega,240,78.7975,36.4849,0.00201324,48250.8,1265.42,982.411,0,2,1
120,res_roOmega_m,240,0,0,0,0,0,0,0,2,1
120,res_roUx,240,0.0025766,0.00239854,2.2978e-08,0.0038074,0.00240104,3.15185e-05,0,2,1
120,res_roUx_m,240,0,0,0,0,0,0,0,2,1
120,res_roUy,240,0.0016055,0.00039167,2.75612e-06,0.00181626,0.000410152,7.84955e-05,0,2,1
120,res_roUy_m,240,0,0,0,0,0,0,0,2,1
120,res_roUz,240,0,0,0,0,0,0,0,2,1
120,res_roUz_m,240,0,0,0,0,0,0,0,2,1
120,res_roY0,240,1.12539e-05,8.71777e-06,1.37937e-09,1.55953e-05,8.72264e-06,6.0918e-08,0,2,1
120,res_roY0_m,240,0,0,0,0,0,0,0,2,1
120,res_roY1,240,1.2461e-07,9.65147e-08,1.85675e-11,1.72724e-07,9.65719e-08,1.03477e-09,0,2,1
120,res_roY1_m,240,0,0,0,0,0,0,0,2,1
120,res_ro_m,240,0,0,0,0,0,0,0,2,1
120,res_roe,240,0.187245,0.137139,1.3556e-06,0.26667,0.13894,0.00984449,0,2,1
120,res_roe_m,240,0,0,0,0,0,0,0,2,1
121,res_ro,240,1.51696e-05,2.02516e-05,0,1.79435e-05,2.02543e-05,5.10292e-08,0,5,1
121,res_roK,240,1.21121e-05,1.42002e-05,3.82536e-09,0.000380057,1.51434e-05,4.08592e-06,0,5,1
121,res_roK_m,240,0,0,0,0,0,0,0,5,1
121,res_roOmega,240,76.4026,33.7999,0.00201404,73334.2,1127.56,917.388,0,5,1
121,res_roOmega_m,240,0,0,0,0,0,0,0,5,1
121,res_roUx,240,0.00238102,0.00404848,1.75417e-11,0.00381775,0.00405022,3.88385e-05,0,5,1
121,res_roUx_m,240,0,0,0,0,0,0,0,5,1
121,res_roUy,240,0.00164484,0.000753484,3.29559e-11,0.00218191,0.000761718,0.000103416,0,5,1
121,res_roUy_m,240,0,0,0,0,0,0,0,5,1
121,res_roUz,240,0,0,0,0,0,0,0,5,1
121,res_roUz_m,240,0,0,0,0,0,0,0,5,1
121,res_roY0,240,1.07393e-05,1.40428e-05,2.38115e-09,1.4325e-05,1.40467e-05,5.87163e-08,0,5,1
121,res_roY0_m,240,0,0,0,0,0,0,0,5,1
121,res_roY1,240,1.18889e-07,1.55473e-07,2.17649e-11,1.58655e-07,1.55517e-07,1.01933e-09,0,5,1
121,res_roY1_m,240,0,0,0,0,0,0,0,5,1
121,res_ro_m,240,0,0,0,0,0,0,0,5,1
121,res_roe,240,0.18914,0.291171,5.47844e-06,0.23481,0.292103,0.0131433,0,5,1
121,res_roe_m,240,0,0,0,0,0,0,0,5,1
122,res_ro,240,1.43323e-05,1.22376e-05,7.51387e-12,1.6943e-05,1.22409e-05,5.0938e-08,0,2,1
122,res_roK,240,1.1526e-05,8.3339e-06,3.31904e-09,0.00037585,9.87873e-06,4.46912e-06,0,2,1
122,res_roK_m,240,0,0,0,0,0,0,0,2,1
122,res_roOmega,240,93.7639,36.9344,0.000545934,55979.6,1285.3,915.772,0,2,1
122,res_roOmega_m,240,0,0,0,0,0,0,0,2,1
122,res_roUx,240,0.00221207,0.00238018,1.94588e-08,0.00433222,0.0023824,2.81556e-05,0,2,1
122,res_roUx_m,240,0,0,0,0,0,0,0,2,1
122,res_roUy,240,0.00165594,0.00034102,8.53182e-12,0.00189082,0.000359539,6.5428e-05,0,2,1
122,res_roUy_m,240,0,0,0,0,0,0,0,2,1
122,res_roUz,240,0,0,0,0,0,0,0,2,1
122,res_roUz_m,240,0,0,0,0,0,0,0,2,1
122,res_roY0,240,1.00209e-05,8.24028e-06,1.17841e-09,1.34284e-05,8.24512e-06,5.59087e-08,0,2,1
122,res_roY0_m,240,0,0,0,0,0,0,0,2,1
122,res_roY1,240,1.10946e-07,9.12314e-08,3.34876e-11,1.48773e-07,9.12891e-08,1.04917e-09,0,2,1
122,res_roY1_m,240,0,0,0,0,0,0,0,2,1
122,res_ro_m,240,0,0,0,0,0,0,0,2,1
122,res_roe,240,0.169342,0.160816,1.5415e-05,0.225193,0.162236,0.0107138,0,2,1
122,res_roe_m,240,0,0,0,0,0,0,0,2,1
123,res_ro,240,1.50119e-05,1.89167e-05,1.87519e-12,1.7629e-05,1.89189e-05,5.06976e-08,0,2,1
123,res_roK,240,1.19347e-05,1.32922e-05,3.04907e-09,0.000371067,1.42243e-05,4.1419e-06,0,2,1
123,res_roK_m,240,0,0,0,0,0,0,0,2,1
123,res_roOmega,240,98.3458,80.7014,3.7912e-06,52141.5,1234.37,905.155,0,2,1
123,res_roOmega_m,240,0,0,0,0,0,0,0,2,1
123,res_roUx,240,0.00232277,0.00375219,1.35646e-08,0.00398291,0.00375354,2.8296e-05,0,2,1
123,res_roUx_m,240,0,0,0,0,0,0,0,2,1
123,res_roUy,240,0.00161485,0.000710775,2.76331e-06,0.00185724,0.000719859,6.38499e-05,0,2,1
123,res_roUy_m,240,0,0,0,0,0,0,0,2,1
123,res_roUz,240,0,0,0,0,0,0,0,2,1
123,res_roUz_m,240,0,0,0,0,0,0,0,2,1
123,res_roY0,240,1.03847e-05,1.31487e-05,2.09455e-09,1.38355e-05,1.31518e-05,5.63578e-08,0,2,1
123,res_roY0_m,240,0,0,0,0,0,0,0,2,1
123,res_roY1,240,1.14978e-07,1.45576e-07,4.88767e-11,1.53246e-07,1.45612e-07,1.03449e-09,0,2,1
123,res_roY1_m,240,0,0,0,0,0,0,0,2,1
123,res_ro_m,240,0,0,0,0,0,0,0,2,1
123,res_roe,240,0.177833,0.244755,3.4133e-05,0.227188,0.245816,0.011669,0,2,1
123,res_roe_m,240,0,0,0,0,0,0,0,2,1
124,res_ro,240,1.48691e-05,1.25573e-05,0,1.78077e-05,1.256e-05,5.19493e-08,0,2,1
124,res_roK,240,1.18956e-05,8.62537e-06,2.3e-09,0.000366209,1.00044e-05,4.23687e-06,0,2,1
124,res_roK_m,240,0,0,0,0,0,0,0,2,1
124,res_roOmega,240,98.1175,297.664,0.000546061,47449.9,1313.04,945.036,0,2,1
124,res_roOmega_m,240,0,0,0,0,0,0,0,2,1
124,res_roUx,240,0.00231396,0.00244374,2.5245e-08,0.00441628,0.00244568,3.56314e-05,0,2,1
124,res_roUx_m,240,0,0,0,0,0,0,0,2,1
124,res_roUy,240,0.00188303,0.000273743,2.76571e-06,0.00209418,0.000303484,8.9256e-05,0,2,1
124,res_roUy_m,240,0,0,0,0,0,0,0,2,1
124,res_roUz,240,0,0,0,0,0,0,0,2,1
124,res_roUz_m,240,0,0,0,0,0,0,0,2,1
124,res_roY0,240,1.03152e-05,8.53215e-06,1.20891e-10,1.41531e-05,8.53603e-06,5.7189e-08,0,2,1
124,res_roY0_m,240,0,0,0,0,0,0,0,2,1
124,res_roY1,240,1.14199e-07,9.44608e-08,1.06233e-11,1.56765e-07,9.45075e-08,1.01202e-09,0,2,1
124,res_roY1_m,240,0,0,0,0,0,0,0,2,1
124,res_ro_m,240,0,0,0,0,0,0,0,2,1
124,res_roe,240,0.174884,0.168211,1.50907e-06,0.23597,0.169651,0.0104132,0,2,1
124,res_roe_m,240,0,0,0,0,0,0,0,2,1
125,res_ro,240,1.49591e-05,1.84319e-05,0,1.76211e-05,1.84345e-05,4.82341e-08,0,2,1
125,res_roK,240,1.18524e-05,1.29064e-05,1.56818e-09,0.000364055,1.39453e-05,4.43666e-06,0,2,1
125,res_roK_m,240,0,0,0,0,0,0,0,2,1
125,res_roOmega,240,101.367,390.377,6.11919e-05,91655.7,1356.87,872.42,0,2,1
125,res_roOmega_m,240,0,0,0,0,0,0,0,2,1
125,res_roUx,240,0.00231189,0.00361773,6.12924e-10,0.00455551,0.00361949,3.32529e-05,0,2,1
125,res_roUx_m,240,0,0,0,0,0,0,0,2,1
125,res_roUy,240,0.00185447,0.000639479,2.76766e-06,0.00217438,0.000651582,8.15966e-05,0,2,1
125,res_roUy_m,240,0,0,0,0,0,0,0,2,1
125,res_roUz,240,0,0,0,0,0,0,0,2,1
125,res_roUz_m,240,0,0,0,0,0,0,0,2,1
125,res_roY0,240,1.02483e-05,1.27699e-05,1.1643e-10,1.37805e-05,1.27735e-05,5.35691e-08,0,2,1
125,res_roY0_m,240,0,0,0,0,0,0,0,2,1
125,res_roY1,240,1.13436e-07,1.41379e-07,9.49545e-12,1.52648e-07,1.41422e-07,1.0344e-09,0,2,1
125,res_roY1_m,240,0,0,0,0,0,0,0,2,1
125,res_ro_m,240,0,0,0,0,0,0,0,2,1
125,res_roe,240,0.16655,0.223068,2.18372e-06,0.226582,0.22406,0.0106715,0,2,1
125,res_roe_m,240,0,0,0,0,0,0,0,2,1
126,res_ro,240,1.66094e-05,1.42999e-05,0,1.97721e-05,1.43032e-05,4.79887e-08,0,2,1
126,res_roK,240,1.28013e-05,9.95981e-06,2.35899e-09,0.000359105,1.12472e-05,4.11202e-06,0,2,1
126,res_roK_m,240,0,0,0,0,0,0,0,2,1
126,res_roOmega,240,189.349,509.69,0.00806773,53741.8,1283.83,828.019,0,2,1
126,res_roOmega_m,240,0,0,0,0,0,0,0,2,1
126,res_roUx,240,0.00263551,0.00278689,6.22738e-11,0.00478994,0.00278929,2.76514e-05,0,2,1
126,res_roUx_m,240,0,0,0,0,0,0,0,2,1
126,res_roUy,240,0.00188491,0.000499368,3.06001e-11,0.00214243,0.00051144,5.79053e-05,0,2,1
126,res_roUy_m,240,0,0,0,0,0,0,0,2,1
126,res_roUz,240,0,0,0,0,0,0,0,2,1
126,res_roUz_m,240,0,0,0,0,0,0,0,2,1
126,res_roY0,240,1.13945e-05,9.85872e-06,2.22882e-09,1.55694e-05,9.86348e-06,5.47656e-08,0,2,1
126,res_roY0_m,240,0,0,0,0,0,0,0,2,1
126,res_roY1,240,1.26156e-07,1.09147e-07,2.42706e-11,1.72369e-07,1.09203e-07,9.92102e-10,0,2,1
126,res_roY1_m,240,0,0,0,0,0,0,0,2,1
126,res_ro_m,240,0,0,0,0,0,0,0,2,1
126,res_roe,240,0.181233,0.200385,4.93324e-07,0.248151,0.201824,0.0115034,0,2,1
126,res_roe_m,240,0,0,0,0,0,0,0,2,1
127,res_ro,240,1.6036e-05,1.79977e-05,7.29096e-12,1.81225e-05,1.80007e-05,4.83622e-08,0,2,1
127,res_roK,240,1.24392e-05,1.24046e-05,1.73524e-09,0.000353956,1.34996e-05,4.33441e-06,0,2,1
127,res_roK_m,240,0,0,0,0,0,0,0,2,1
127,res_roOmega,240,218.625,591.421,0.00196929,47260.4,1446.24,961.661,0,2,1
127,res_roOmega_m,240,0,0,0,0,0,0,0,2,1
127,res_roUx,240,0.00254866,0.00362742,3.10332e-08,0.00423049,0.00362933,2.98942e-05,0,2,1
127,res_roUx_m,240,0,0,0,0,0,0,0,2,1
127,res_roUy,240,0.00209903,0.000706986,2.7743e-06,0.00237683,0.000716376,6.32408e-05,0,2,1
127,res_roUy_m,240,0,0,0,0,0,0,0,2,1
127,res_roUz,240,0,0,0,0,0,0,0,2,1
127,res_roUz_m,240,0,0,0,0,0,0,0,2,1
127,res_roY0,240,1.09813e-05,1.22727e-05,2.72851e-09,1.3796e-05,1.2277e-05,5.58078e-08,0,2,1
127,res_roY0_m,240,0,0,0,0,0,0,0,2,1
127,res_roY1,240,1.21582e-07,1.35874e-07,2.06515e-11,1.52816e-07,1.35924e-07,1.0494e-09,0,2,1
127,res_roY1_m,240,0,0,0,0,0,0,0,2,1
127,res_ro_m,240,0,0,0,0,0,0,0,2,1
127,res_roe,240,0.181411,0.247254,1.07898e-05,0.224411,0.248243,0.0093498,0,2,1
127,res_roe_m,240,0,0,0,0,0,0,0,2,1
128,res_ro,240,1.65957e-05,1.58531e-05,5.68434e-14,1.83308e-05,1.58561e-05,5.08684e-08,0,2,1
128,res_roK,240,1.30519e-05,1.10883e-05,1.64694e-09,0.000350164,1.2208e-05,4.24318e-06,0,2,1
128,res_roK_m,240,0,0,0,0,0,0,0,2,1
128,res_roOmega,240,274.526,660.918,0.00201324,47289.9,1419.02,925.044,0,2,1
128,res_roOmega_m,240,0,0,0,0,0,0,0,2,1
128,res_roUx,240,0.00260972,0.00310291,1.1828e-09,0.00410281,0.00310499,3.12189e-05,0,2,1
128,res_roUx_m,240,0,0,0,0,0,0,0,2,1
128,res_roUy,240,0.00156008,0.000555423,7.31564e-11,0.0017627,0.000567557,7.68584e-05,0,2,1
128,res_roUy_m,240,0,0,0,0,0,0,0,2,1
128,res_roUz,240,0,0,0,0,0,0,0,2,1
128,res_roUz_m,240,0,0,0,0,0,0,0,2,1
128,res_roY0,240,1.15512e-05,1.09816e-05,1.44386e-09,1.3882e-05,1.09859e-05,5.95112e-08,0,2,1
128,res_roY0_m,240,0,0,0,0,0,0,0,2,1
128,res_roY1,240,1.27881e-07,1.21579e-07,3.04442e-11,1.53736e-07,1.2163e-07,1.07824e-09,0,2,1
128,res_roY1_m,240,0,0,0,0,0,0,0,2,1
128,res_ro_m,240,0,0,0,0,0,0,0,2,1
128,res_roe,240,0.17904,0.187111,1.07896e-05,0.222814,0.188463,0.011173,0,2,1
128,res_roe_m,240,0,0,0,0,0,0,0,2,1
129,res_ro,240,1.62661e-05,1.70979e-05,0,1.78054e-05,1.71006e-05,4.89762e-08,0,2,1
129,res_roK,240,1.2658e-05,1.18191e-05,3.09621e-09,0.000346736,1.28675e-05,4.15347e-06,0,2,1
129,res_roK_m,240,0,0,0,0,0,0,0,2,1
129,res_roOmega,240,324.502,676.851,0.000122122,74300.6,1371.54,939.679,0,2,1
129,res_roOmega_m,240,0,0,0,0,0,0,0,2,1
129,res_roUx,240,0.00259849,0.0034155,4.66173e-10,0.00388654,0.00341742,3.13364e-05,0,2,1
129,res_roUx_m,240,0,0,0,0,0,0,0,2,1
129,res_roUy,240,0.00161814,0.000596694,2.77716e-06,0.00179948,0.000608469,7.65714e-05,0,2,1
129,res_roUy_m,240,0,0,0,0,0,0,0,2,1
129,res_roUz,240,0,0,0,0,0,0,0,2,1
129,res_roUz_m,240,0,0,0,0,0,0,0,2,1
129,res_roY0,240,1.13391e-05,1.16946e-05,2.39547e-09,1.3412e-05,1.16985e-05,5.68535e-08,0,2,1
129,res_roY0_m,240,0,0,0,0,0,0,0,2,1
129,res_roY1,240,1.25516e-07,1.29473e-07,5.08617e-11,1.48535e-07,1.2952e-07,1.00305e-09,0,2,1
129,res_roY1_m,240,0,0,0,0,0,0,0,2,1
129,res_ro_m,240,0,0,0,0,0,0,0,2,1
129,res_roe,240,0.184638,0.253202,1.52593e-05,0.236218,0.254322,0.010513,0,2,1
129,res_roe_m,240,0,0,0,0,0,0,0,2,1
130,res_ro,240,1.43715e-05,1.28607e-05,4.06757e-12,1.71658e-05,1.28642e-05,4.85386e-08,0,2,1
130,res_roK,240,1.13263e-05,9.05218e-06,2.80146e-09,0.00034288,1.04821e-05,4.1973e-06,0,2,1
130,res_roK_m,240,0,0,0,0,0,0,0,2,1
130,res_roOmega,240,282.896,684.404,0.000122117,72422.6,1363.76,925.951,0,2,1
130,res_roOmega_m,240,0,0,0,0,0,0,0,2,1
130,res_roUx,240,0.00227216,0.00249364,2.56201e-08,0.00386769,0.00249609,3.01098e-05,0,2,1
130,res_roUx_m,240,0,0,0,0,0,0,0,2,1
130,res_roUy,240,0.00153945,0.00042748,2.78435e-06,0.00170376,0.000443484,7.02142e-05,0,2,1
130,res_roUy_m,240,0,0,0,0,0,0,0,2,1
130,res_roUz,240,0,0,0,0,0,0,0,2,1
130,res_roUz_m,240,0,0,0,0,0,0,0,2,1
130,res_roY0,240,1.01888e-05,8.96925e-06,1.90469e-09,1.37846e-05,8.97418e-06,5.12105e-08,0,2,1
130,res_roY0_m,240,0,0,0,0,0,0,0,2,1
130,res_roY1,240,1.12818e-07,9.92987e-08,1.58675e-11,1.52676e-07,9.93561e-08,9.98424e-10,0,2,1
130,res_roY1_m,240,0,0,0,0,0,0,0,2,1
130,res_ro_m,240,0,0,0,0,0,0,0,2,1
130,res_roe,240,0.155012,0.147427,5.3948e-06,0.216623,0.1491,0.0104819,0,2,1
130,res_roe_m,240,0,0,0,0,0,0,0,2,1
131,res_ro,240,1.27559e-05,1.84519e-05,0,1.46094e-05,1.84544e-05,4.84902e-08,0,2,1
131,res_roK,240,9.99667e-06,1.29495e-05,2.64928e-09,0.000340964,1.4016e-05,4.38397e-06,0,2,1
131,res_roK_m,240,0,0,0,0,0,0,0,2,1
131,res_roOmega,240,218.314,696.165,0.00201324,42370.4,1359.41,856.603,0,2,1
131,res_roOmega_m,240,0,0,0,0,0,0,0,2,1
131,res_roUx,240,0.00202614,0.00362948,1.28132e-09,0.00363268,0.00363105,2.9479e-05,0,2,1
131,res_roUx_m,240,0,0,0,0,0,0,0,2,1
131,res_roUy,240,0.00126194,0.000593118,4.88425e-11,0.00148802,0.000605908,6.52958e-05,0,2,1
131,res_roUy_m,240,0,0,0,0,0,0,0,2,1
131,res_roUz,240,0,0,0,0,0,0,0,2,1
131,res_roUz_m,240,0,0,0,0,0,0,0,2,1
131,res_roY0,240,9.05494e-06,1.28165e-05,2.18577e-09,1.14722e-05,1.282e-05,5.686e-08,0,2,1
131,res_roY0_m,240,0,0,0,0,0,0,0,2,1
131,res_roY1,240,1.00241e-07,1.41893e-07,2.28523e-11,1.27133e-07,1.41935e-07,1.04081e-09,0,2,1
131,res_roY1_m,240,0,0,0,0,0,0,0,2,1
131,res_ro_m,240,0,0,0,0,0,0,0,2,1
131,res_roe,240,0.157005,0.261052,1.7154e-09,0.207015,0.26203,0.0103262,0,2,1
131,res_roe_m,240,0,0,0,0,0,0,0,2,1
132,res_ro,240,1.36301e-05,1.35115e-05,7.29019e-12,1.7775e-05,1.35145e-05,5.10653e-08,0,2,1
132,res_roK,240,1.05474e-05,9.29224e-06,9.15543e-10,0.000337769,1.06209e-05,4.39585e-06,0,2,1
132,res_roK_m,240,0,0,0,0,0,0,0,2,1
132,res_roOmega,240,118.676,710.463,8.63321e-07,69156.4,1403.76,886.214,0,2,1
132,res_roOmega_m,240,0,0,0,0,0,0,0,2,1
132,res_roUx,240,0.00221614,0.00256155,2.0389e-08,0.00357248,0.00256352,3.21038e-05,0,2,1
132,res_roUx_m,240,0,0,0,0,0,0,0,2,1
132,res_roUy,240,0.00120644,0.00034675,2.82459e-06,0.00139767,0.000365792,7.88242e-05,0,2,1
132,res_roUy_m,240,0,0,0,0,0,0,0,2,1
132,res_roUz,240,0,0,0,0,0,0,0,2,1
132,res_roUz_m,240,0,0,0,0,0,0,0,2,1
132,res_roY0,240,9.51186e-06,9.20524e-06,5.08944e-10,1.47589e-05,9.20966e-06,5.727e-08,0,2,1
132,res_roY0_m,240,0,0,0,0,0,0,0,2,1
132,res_roY1,240,1.05301e-07,1.01915e-07,1.57816e-11,1.63442e-07,1.01967e-07,1.01384e-09,0,2,1
132,res_roY1_m,240,0,0,0,0,0,0,0,2,1
132,res_ro_m,240,0,0,0,0,0,0,0,2,1
132,res_roe,240,0.174292,0.180364,1.19663e-07,0.244888,0.181714,0.0111257,0,2,1
132,res_roe_m,240,0,0,0,0,0,0,0,2,1
133,res_ro,240,1.56561e-05,2.05723e-05,4.06789e-12,1.89405e-05,2.05748e-05,4.95946e-08,0,2,1
133,res_roK,240,1.19803e-05,1.42434e-05,2.2849e-09,0.000335486,1.51534e-05,4.23086e-06,0,2,1
133,res_roK_m,240,0,0,0,0,0,0,0,2,1
133,res_roOmega,240,78.6837,705.016,0.00195485,64789.3,1275.35,889.512,0,2,1
133,res_roOmega_m,240,0,0,0,0,0,0,0,2,1
133,res_roUx,240,0.00254582,0.00410521,2.60782e-08,0.0046319,0.00410667,3.12457e-05,0,2,1
133,res_roUx_m,240,0,0,0,0,0,0,0,2,1
133,res_roUy,240,0.00154599,0.000783831,2.85614e-06,0.0018101,0.000792487,7.86845e-05,0,2,1
133,res_roUy_m,240,0,0,0,0,0,0,0,2,1
133,res_roUz,240,0,0,0,0,0,0,0,2,1
133,res_roUz_m,240,0,0,0,0,0,0,0,2,1
133,res_roY0,240,1.07171e-05,1.40913e-05,1.20065e-09,1.50345e-05,1.40949e-05,5.46369e-08,0,2,1
133,res_roY0_m,240,0,0,0,0,0,0,0,2,1
133,res_roY1,240,1.18656e-07,1.56009e-07,1.53899e-11,1.665e-07,1.56051e-07,1.03222e-09,0,2,1
133,res_roY1_m,240,0,0,0,0,0,0,0,2,1
133,res_ro_m,240,0,0,0,0,0,0,0,2,1
133,res_roe,240,0.187687,0.273871,1.90828e-06,0.259119,0.274697,0.0109918,0,2,1
133,res_roe_m,240,0,0,0,0,0,0,0,2,1
134,res_ro,240,1.6492e-05,7.2363e-06,4.09361e-12,1.93592e-05,7.24186e-06,4.88823e-08,0,2,1
134,res_roK,240,1.29354e-05,5.07148e-06,3.43242e-09,0.000332705,7.35032e-06,4.06281e-06,0,2,1
134,res_roK_m,240,0,0,0,0,0,0,0,2,1
134,res_roOmega,240,114.906,656.263,3.44934e-05,38168.8,1263.58,793.22,0,2,1
134,res_roOmega_m,240,0,0,0,0,0,0,0,2,1
134,res_roUx,240,0.00265303,0.00142009,2.02654e-08,0.00476788,0.00142379,3.54783e-05,0,2,1
134,res_roUx_m,240,0,0,0,0,0,0,0,2,1
134,res_roUy,240,0.00182331,0.000240664,2.86994e-06,0.00227242,0.000267583,9.06431e-05,0,2,1
134,res_roUy_m,240,0,0,0,0,0,0,0,2,1
134,res_roUz,240,0,0,0,0,0,0,0,2,1
134,res_roUz_m,240,0,0,0,0,0,0,0,2,1
134,res_roY0,240,1.15308e-05,5.03849e-06,2.2861e-09,1.5281e-05,5.04636e-06,5.7005e-08,0,2,1
134,res_roY0_m,240,0,0,0,0,0,0,0,2,1
134,res_roY1,240,1.27659e-07,5.57828e-08,5.05746e-11,1.69248e-07,5.58754e-08,1.02553e-09,0,2,1
134,res_roY1_m,240,0,0,0,0,0,0,0,2,1
134,res_ro_m,240,0,0,0,0,0,0,0,2,1
134,res_roe,240,0.18511,0.0891438,1.912e-06,0.258119,0.0917516,0.00932109,0,2,1
134,res_roe_m,240,0,0,0,0,0,0,0,2,1
135,res_ro,240,1.34109e-05,1.81212e-05,0,1.60509e-05,1.81247e-05,4.80561e-08,0,2,1
135,res_roK,240,1.09746e-05,1.24255e-05,3.72604e-10,0.000328638,1.35191e-05,4.28117e-06,0,2,1
135,res_roK_m,240,0,0,0,0,0,0,0,2,1
135,res_roOmega,240,195.534,611.725,6.10671e-05,87530.9,1239.02,765.253,0,2,1
135,res_roOmega_m,240,0,0,0,0,0,0,0,2,1
135,res_roUx,240,0.00212627,0.00377988,8.59739e-10,0.00369976,0.00378218,3.86603e-05,0,2,1
135,res_roUx_m,240,0,0,0,0,0,0,0,2,1
135,res_roUy,240,0.00193847,0.000681353,4.17056e-11,0.00250468,0.000696444,0.000106097,0,2,1
135,res_roUy_m,240,0,0,0,0,0,0,0,2,1
135,res_roUz,240,0,0,0,0,0,0,0,2,1
135,res_roUz_m,240,0,0,0,0,0,0,0,2,1
135,res_roY0,240,9.22817e-06,1.22866e-05,1.79503e-09,1.26991e-05,1.22918e-05,5.52119e-08,0,2,1
135,res_roY0_m,240,0,0,0,0,0,0,0,2,1
135,res_roY1,240,1.02154e-07,1.36029e-07,2.10265e-11,1.40647e-07,1.36088e-07,1.01522e-09,0,2,1
135,res_roY1_m,240,0,0,0,0,0,0,0,2,1
135,res_ro_m,240,0,0,0,0,0,0,0,2,1
135,res_roe,240,0.161374,0.248266,1.90736e-06,0.252656,0.249264,0.0102933,0,2,1
135,res_roe_m,240,0,0,0,0,0,0,0,2,1
136,res_ro,240,1.22834e-05,1.27371e-05,4.09361e-12,1.88374e-05,1.2742e-05,5.06448e-08,0,5,1
136,res_roK,240,1.03176e-05,8.94778e-06,3.94454e-09,0.000326318,1.04035e-05,4.03798e-06,0,5,1
136,res_roK_m,240,0,0,0,0,0,0,0,5,1
136,res_roOmega,240,294.057,577.996,0.00207185,61684.6,1220.9,829.122,0,5,1
136,res_roOmega_m,240,0,0,0,0,0,0,0,5,1
136,res_roUx,240,0.00186741,0.00243817,2.12579e-08,0.00393182,0.00244147,2.66183e-05,0,5,1
136,res_roUx_m,240,0,0,0,0,0,0,0,5,1
136,res_roUy,240,0.00164435,0.000330358,2.89005e-06,0.00247112,0.000347647,5.52698e-05,0,5,1
136,res_roUy_m,240,0,0,0,0,0,0,0,5,1
136,res_roUz,240,0,0,0,0,0,0,0,5,1
136,res_roUz_m,240,0,0,0,0,0,0,0,5,1
136,res_roY0,240,8.50275e-06,8.86194e-06,1.19853e-09,1.6487e-05,8.86895e-06,5.63804e-08,0,5,1
136,res_roY0_m,240,0,0,0,0,0,0,0,5,1
136,res_roY1,240,9.4135e-08,9.81123e-08,2.54165e-11,1.82585e-07,9.81934e-08,1.02186e-09,0,5,1
136,res_roY1_m,240,0,0,0,0,0,0,0,5,1
136,res_ro_m,240,0,0,0,0,0,0,0,5,1
136,res_roe,240,0.152616,0.134869,5.05766e-07,0.213121,0.136595,0.0106042,0,5,1
136,res_roe_m,240,0,0,0,0,0,0,0,5,1
137,res_ro,240,1.2984e-05,1.85684e-05,0,1.52876e-05,1.85728e-05,5.10756e-08,0,2,1
137,res_roK,240,1.05558e-05,1.288e-05,1.398e-09,0.000325379,1.39078e-05,3.97348e-06,0,2,1
137,res_roK_m,240,0,0,0,0,0,0,0,2,1
137,res_roOmega,240,367.791,579.973,0.00201718,47053.2,1274.96,796.671,0,2,1
137,res_roOmega_m,240,0,0,0,0,0,0,0,2,1
137,res_roUx,240,0.00203372,0.00371341,1.14169e-09,0.00407094,0.00371632,3.25672e-05,0,2,1
137,res_roUx_m,240,0,0,0,0,0,0,0,2,1
137,res_roUy,240,0.00177866,0.000640365,7.54237e-11,0.00202109,0.000650988,8.15445e-05,0,2,1
137,res_roUy_m,240,0,0,0,0,0,0,0,2,1
137,res_roUz,240,0,0,0,0,0,0,0,2,1
137,res_roUz_m,240,0,0,0,0,0,0,0,2,1
137,res_roY0,240,8.97745e-06,1.27389e-05,5.56599e-10,1.2014e-05,1.27452e-05,5.66881e-08,0,2,1
137,res_roY0_m,240,0,0,0,0,0,0,0,2,1
137,res_roY1,240,9.94052e-08,1.41034e-07,1.61995e-11,1.33066e-07,1.41106e-07,1.06466e-09,0,2,1
137,res_roY1_m,240,0,0,0,0,0,0,0,2,1
137,res_ro_m,240,0,0,0,0,0,0,0,2,1
137,res_roe,240,0.171447,0.261633,4.0461e-06,0.218933,0.2627,0.0111162,0,2,1
137,res_roe_m,240,0,0,0,0,0,0,0,2,1
138,res_ro,240,1.49302e-05,1.10103e-05,5.82077e-11,1.98709e-05,1.10178e-05,5.14201e-08,0,2,1
138,res_roK,240,1.16666e-05,7.70487e-06,1.27262e-09,0.000322525,9.47749e-06,4.30515e-06,0,2,1
138,res_roK_m,240,0,0,0,0,0,0,0,2,1
138,res_roOmega,240,324.359,529.273,0.00207174,97689.2,1263.94,796.288,0,2,1
138,res_roOmega_m,240,0,0,0,0,0,0,0,2,1
138,res_roUx,240,0.00239133,0.0021119,2.11983e-11,0.00328618,0.0021172,2.92362e-05,0,2,1
138,res_roUx_m,240,0,0,0,0,0,0,0,2,1
138,res_roUy,240,0.0017601,0.000380334,3.52788e-11,0.00196468,0.000397491,6.28351e-05,0,2,1
138,res_roUy_m,240,0,0,0,0,0,0,0,2,1
138,res_roUz,240,0,0,0,0,0,0,0,2,1
138,res_roUz_m,240,0,0,0,0,0,0,0,2,1
138,res_roY0,240,1.02217e-05,7.63216e-06,1.53202e-09,1.65136e-05,7.64285e-06,5.72177e-08,0,2,1
138,res_roY0_m,240,0,0,0,0,0,0,0,2,1
138,res_roY1,240,1.13159e-07,8.44969e-08,1.36075e-11,1.82884e-07,8.4619e-08,1.02115e-09,0,2,1
138,res_roY1_m,240,0,0,0,0,0,0,0,2,1
138,res_ro_m,240,0,0,0,0,0,0,0,2,1
138,res_roe,240,0.199565,0.174041,2.51361e-09,0.276266,0.175441,0.0110617,0,2,1
138,res_roe_m,240,0,0,0,0,0,0,0,2,1
139,res_ro,240,1.65387e-05,2.13932e-05,8.33643e-12,1.86634e-05,2.13972e-05,5.49392e-08,0,2,1
139,res_roK,240,1.30657e-05,1.48871e-05,2.16322e-09,0.000320887,1.58018e-05,4.31035e-06,0,2,1
139,res_roK_m,240,0,0,0,0,0,0,0,2,1
139,res_roOmega,240,282.295,523.699,0.000287541,46742.3,1283.41,834.975,0,2,1
139,res_roOmega_m,240,0,0,0,0,0,0,0,2,1
139,res_roUx,240,0.00259422,0.00429459,1.61579e-08,0.00375633,0.00429715,2.83755e-05,0,2,1
139,res_roUx_m,240,0,0,0,0,0,0,0,2,1
139,res_roUy,240,0.00166675,0.000813595,2.89151e-06,0.00212917,0.000821244,6.04927e-05,0,2,1
139,res_roUy_m,240,0,0,0,0,0,0,0,2,1
139,res_roUz,240,0,0,0,0,0,0,0,2,1
139,res_roUz_m,240,0,0,0,0,0,0,0,2,1
139,res_roY0,240,1.15557e-05,1.47241e-05,1.872e-09,1.43779e-05,1.47298e-05,6.1764e-08,0,2,1
139,res_roY0_m,240,0,0,0,0,0,0,0,2,1
139,res_roY1,240,1.27924e-07,1.63014e-07,2.76203e-11,1.59233e-07,1.63079e-07,1.07077e-09,0,2,1
139,res_roY1_m,240,0,0,0,0,0,0,0,2,1
139,res_ro_m,240,0,0,0,0,0,0,0,2,1
139,res_roe,240,0.202342,0.286862,6.47395e-05,0.263938,0.28779,0.0109306,0,2,1
139,res_roe_m,240,0,0,0,0,0,0,0,2,1
140,res_ro,240,1.73043e-05,9.16191e-06,0,1.98682e-05,9.16844e-06,5.11224e-08,0,2,1
140,res_roK,240,1.37023e-05,6.29967e-06,3.15539e-09,0.00031824,8.17755e-06,4.25096e-06,0,2,1
140,res_roK_m,240,0,0,0,0,0,0,0,2,1
140,res_roOmega,240,213.042,554.805,0.000122093,69086.8,1214.29,762.274,0,2,1
140,res_roOmega_m,240,0,0,0,0,0,0,0,2,1
140,res_roUx,240,0.00272065,0.00174273,8.3678e-10,0.0042599,0.00174728,2.68063e-05,0,2,1
140,res_roUx_m,240,0,0,0,0,0,0,0,2,1
140,res_roUy,240,0.00155361,0.000329929,3.82035e-11,0.00210954,0.000350799,6.16354e-05,0,2,1
140,res_roUy_m,240,0,0,0,0,0,0,0,2,1
140,res_roUz,240,0,0,0,0,0,0,0,2,1
140,res_roUz_m,240,0,0,0,0,0,0,0,2,1
140,res_roY0,240,1.21655e-05,6.24508e-06,2.50612e-10,1.55314e-05,6.25449e-06,5.605e-08,0,2,1
140,res_roY0_m,240,0,0,0,0,0,0,0,2,1
140,res_roY1,240,1.34694e-07,6.91394e-08,1.94535e-11,1.72028e-07,6.92484e-08,1.08826e-09,0,2,1
140,res_roY1_m,240,0,0,0,0,0,0,0,2,1
140,res_ro_m,240,0,0,0,0,0,0,0,2,1
140,res_roe,240,0.192284,0.130232,1.13247e-05,0.270956,0.132232,0.0112805,0,2,1
140,res_roe_m,240,0,0,0,0,0,0,0,2,1
141,res_ro,240,1.62898e-05,2.12262e-05,0,1.95465e-05,2.12293e-05,5.35773e-08,0,2,1
141,res_roK,240,1.27743e-05,1.47165e-05,3.09567e-09,0.000316644,1.56864e-05,4.44973e-06,0,2,1
141,res_roK_m,240,0,0,0,0,0,0,0,2,1
141,res_roOmega,240,164.369,558.509,0.00027527,41375.8,1252.19,861.867,0,2,1
141,res_roOmega_m,240,0,0,0,0,0,0,0,2,1
141,res_roUx,240,0.00260175,0.00427712,5.40208e-10,0.004898,0.00427914,3.07097e-05,0,2,1
141,res_roUx_m,240,0,0,0,0,0,0,0,2,1
141,res_roUy,240,0.00158345,0.000770024,1.71271e-11,0.002247,0.000778279,6.70277e-05,0,2,1
141,res_roUy_m,240,0,0,0,0,0,0,0,2,1
141,res_roUz,240,0,0,0,0,0,0,0,2,1
141,res_roUz_m,240,0,0,0,0,0,0,0,2,1
141,res_roY0,240,1.14827e-05,1.45536e-05,2.83514e-09,1.56847e-05,1.4558e-05,5.87822e-08,0,2,1
141,res_roY0_m,240,0,0,0,0,0,0,0,2,1
141,res_roY1,240,1.27119e-07,1.61127e-07,1.91564e-11,1.73696e-07,1.61177e-07,1.07469e-09,0,2,1
141,res_roY1_m,240,0,0,0,0,0,0,0,2,1
141,res_ro_m,240,0,0,0,0,0,0,0,2,1
141,res_roe,240,0.183428,0.291062,1.19936e-09,0.265484,0.291885,0.00960489,0,2,1
141,res_roe_m,240,0,0,0,0,0,0,0,2,1
142,res_ro,240,1.51756e-05,1.08227e-05,7.50022e-12,1.98432e-05,1.08264e-05,5.07847e-08,0,2,1
142,res_roK,240,1.17486e-05,7.5658e-06,2.1438e-09,0.000314754,9.22762e-06,3.98738e-06,0,2,1
142,res_roK_m,240,0,0,0,0,0,0,0,2,1
142,res_roOmega,240,68.9816,545.948,0.00201749,95998.6,1228.67,833.04,0,2,1
142,res_roOmega_m,240,0,0,0,0,0,0,0,2,1
142,res_roUx,240,0.00247918,0.00207139,1.67492e-08,0.00487488,0.00207429,2.7794e-05,0,2,1
142,res_roUx_m,240,0,0,0,0,0,0,0,2,1
142,res_roUy,240,0.00144093,0.000312504,3.10829e-11,0.00227993,0.000333478,6.5516e-05,0,2,1
142,res_roUy_m,240,0,0,0,0,0,0,0,2,1
142,res_roUz,240,0,0,0,0,0,0,0,2,1
142,res_roUz_m,240,0,0,0,0,0,0,0,2,1
142,res_roY0,240,1.07218e-05,7.49197e-06,2.4382e-09,1.65793e-05,7.49726e-06,5.86268e-08,0,2,1
142,res_roY0_m,240,0,0,0,0,0,0,0,2,1
142,res_roY1,240,1.187e-07,8.29485e-08,4.68633e-11,1.8356e-07,8.30106e-08,1.05718e-09,0,2,1
142,res_roY1_m,240,0,0,0,0,0,0,0,2,1
142,res_ro_m,240,0,0,0,0,0,0,0,2,1
142,res_roe,240,0.18214,0.133099,1.08762e-05,0.236893,0.135134,0.00980345,0,2,1
142,res_roe_m,240,0,0,0,0,0,0,0,2,1
143,res_ro,240,1.57297e-05,2.15887e-05,1.81967e-12,1.84745e-05,2.1591e-05,5.30346e-08,0,2,2
143,res_roK,240,1.22743e-05,1.50906e-05,3.24206e-09,0.000310691,1.59489e-05,4.23954e-06,0,2,2
143,res_roK_m,240,0,0,0,0,0,0,0,2,2
143,res_roOmega,240,52.7811,526.771,6.38546e-05,38209.6,1316.6,889.212,0,2,2
143,res_roOmega_m,240,0,0,0,0,0,0,0,2,2
143,res_roUx,240,0.00259102,0.00433327,2.34177e-08,0.00458398,0.00433489,2.92414e-05,0,2,2
143,res_roUx_m,240,0,0,0,0,0,0,0,2,2
143,res_roUy,240,0.00124269,0.000707595,2.87857e-06,0.00164427,0.00071809,7.21353e-05,0,2,2
143,res_roUy_m,240,0,0,0,0,0,0,0,2,2
143,res_roUz,240,0,0,0,0,0,0,0,2,2
143,res_roUz_m,240,0,0,0,0,0,0,0,2,2
143,res_roY0,240,1.12277e-05,1.49251e-05,2.84887e-09,1.47617e-05,1.49283e-05,6.13085e-08,0,2,2
143,res_roY0_m,240,0,0,0,0,0,0,0,2,2
143,res_roY1,240,1.24306e-07,1.65241e-07,2.25403e-11,1.63503e-07,1.65278e-07,1.01856e-09,0,2,2
143,res_roY1_m,240,0,0,0,0,0,0,0,2,2
143,res_ro_m,240,0,0,0,0,0,0,0,2,2
143,res_roe,240,0.198907,0.306576,2.14006e-06,0.264888,0.307454,0.0116005,0,2,2
143,res_roe_m,240,0,0,0,0,0,0,0,2,2
144,res_ro,240,1.63636e-05,8.58182e-06,0,1.82093e-05,8.58524e-06,5.3126e-08,0,2,1
144,res_roK,240,1.26658e-05,5.93731e-06,1.72776e-09,0.000308861,7.78965e-06,4.10492e-06,0,2,1
144,res_roK_m,240,0,0,0,0,0,0,0,2,1
144,res_roOmega,240,143.571,469.646,0.000279708,76896.7,1198.93,782.859,0,2,1
144,res_roOmega_m,240,0,0,0,0,0,0,0,2,1
144,res_roUx,240,0.00265896,0.00162244,9.24644e-10,0.00413137,0.00162522,2.94362e-05,0,2,1
144,res_roUx_m,240,0,0,0,0,0,0,0,2,1
144,res_roUy,240,0.00124843,0.00029254,4.78031e-11,0.00167326,0.000314229,6.33314e-05,0,2,1
144,res_roUy_m,240,0,0,0,0,0,0,0,2,1
144,res_roUz,240,0,0,0,0,0,0,0,2,1
144,res_roUz_m,240,0,0,0,0,0,0,0,2,1
144,res_roY0,240,1.15172e-05,5.87886e-06,2.06403e-09,1.39668e-05,5.88377e-06,5.83085e-08,0,2,1
144,res_roY0_m,240,0,0,0,0,0,0,0,2,1
144,res_roY1,240,1.27523e-07,6.50863e-08,2.63995e-11,1.54738e-07,6.51461e-08,1.08045e-09,0,2,1
144,res_roY1_m,240,0,0,0,0,0,0,0,2,1
144,res_ro_m,240,0,0,0,0,0,0,0,2,1
144,res_roe,240,0.19991,0.147757,9.53681e-07,0.26021,0.149854,0.0115524,0,2,1
144,res_roe_m,240,0,0,0,0,0,0,0,2,1
145,res_ro,240,1.49775e-05,2.01543e-05,5.86893e-11,1.85237e-05,2.01566e-05,5.13097e-08,0,5,1
145,res_roK,240,1.16545e-05,1.41399e-05,4.18818e-09,0.000308335,1.50326e-05,4.18309e-06,0,5,1
145,res_roK_m,240,0,0,0,0,0,0,0,5,1
145,res_roOmega,240,192.101,438.317,0.00201536,75831.8,1248.81,827.281,0,5,1
145,res_roOmega_m,240,0,0,0,0,0,0,0,5,1
145,res_roUx,240,0.00239747,0.00403975,1.80349e-08,0.00461104,0.00404134,2.90321e-05,0,5,1
145,res_roUx_m,240,0,0,0,0,0,0,0,5,1
145,res_roUy,240,0.00133915,0.000699363,2.89446e-06,0.0018137,0.000708721,6.24956e-05,0,5,1
145,res_roUy_m,240,0,0,0,0,0,0,0,5,1
145,res_roUz,240,0,0,0,0,0,0,0,5,1
145,res_roUz_m,240,0,0,0,0,0,0,0,5,1
145,res_roY0,240,1.05863e-05,1.39848e-05,1.60389e-09,1.51083e-05,1.39881e-05,5.65919e-08,0,5,1
145,res_roY0_m,240,0,0,0,0,0,0,0,5,1
145,res_roY1,240,1.17219e-07,1.5483e-07,1.13779e-11,1.67332e-07,1.54867e-07,1.02481e-09,0,5,1
145,res_roY1_m,240,0,0,0,0,0,0,0,5,1
145,res_ro_m,240,0,0,0,0,0,0,0,5,1
145,res_roe,240,0.170541,0.267092,9.60997e-07,0.221922,0.268142,0.0122361,0,5,1
145,res_roe_m,240,0,0,0,0,0,0,0,5,1
146,res_ro,240,1.53575e-05,1.20917e-05,1.87761e-12,1.76553e-05,1.20944e-05,5.41707e-08,0,2,1
146,res_roK,240,1.1694e-05,8.32865e-06,1.69266e-09,0.000304357,9.82489e-06,4.02399e-06,0,2,1
146,res_roK_m,240,0,0,0,0,0,0,0,2,1
146,res_roOmega,240,239.133,389.269,0.00195361,99157.9,1126.82,809.676,0,2,1
146,res_roOmega_m,240,0,0,0,0,0,0,0,2,1
146,res_roUx,240,0.0024877,0.00227815,3.17178e-10,0.0042972,0.00228021,2.66901e-05,0,2,1
146,res_roUx_m,240,0,0,0,0,0,0,0,2,1
146,res_roUy,240,0.00131128,0.000335408,2.90484e-06,0.00156621,0.000356992,6.02277e-05,0,2,1
146,res_roUy_m,240,0,0,0,0,0,0,0,2,1
146,res_roUz,240,0,0,0,0,0,0,0,2,1
146,res_roUz_m,240,0,0,0,0,0,0,0,2,1
146,res_roY0,240,1.06735e-05,8.24155e-06,1.74182e-09,1.3715e-05,8.24552e-06,6.08931e-08,0,2,1
146,res_roY0_m,240,0,0,0,0,0,0,0,2,1
146,res_roY1,240,1.18162e-07,9.12433e-08,2.50887e-11,1.51904e-07,9.1291e-08,1.0983e-09,0,2,1
146,res_roY1_m,240,0,0,0,0,0,0,0,2,1
146,res_ro_m,240,0,0,0,0,0,0,0,2,1
146,res_roe,240,0.189143,0.151504,2.6974e-06,0.235553,0.153038,0.00968863,0,2,1
146,res_roe_m,240,0,0,0,0,0,0,0,2,1
147,res_ro,240,1.69599e-05,2.19473e-05,9.23706e-14,2.11915e-05,2.19492e-05,4.98025e-08,0,2,1
147,res_roK,240,1.29239e-05,1.52956e-05,2.90204e-09,0.000300667,1.60979e-05,4.16688e-06,0,2,1
147,res_roK_m,240,0,0,0,0,0,0,0,2,1
147,res_roOmega,240,223.327,360.219,0.000505645,76509,1174.78,848.39,0,2,1
147,res_roOmega_m,240,0,0,0,0,0,0,0,2,1
147,res_roUx,240,0.002732,0.00439391,5.56685e-10,0.0048343,0.00439514,2.60122e-05,0,2,1
147,res_roUx_m,240,0,0,0,0,0,0,0,2,1
147,res_roUy,240,0.00147117,0.000831594,4.12719e-11,0.00167918,0.000841402,6.12527e-05,0,2,1
147,res_roUy_m,240,0,0,0,0,0,0,0,2,1
147,res_roUz,240,0,0,0,0,0,0,0,2,1
147,res_roUz_m,240,0,0,0,0,0,0,0,2,1
147,res_roY0,240,1.17377e-05,1.51275e-05,3.42511e-10,1.71962e-05,1.51301e-05,5.82698e-08,0,2,1
147,res_roY0_m,240,0,0,0,0,0,0,0,2,1
147,res_roY1,240,1.29942e-07,1.67481e-07,9.93952e-12,1.90465e-07,1.67513e-07,1.06694e-09,0,2,1
147,res_roY1_m,240,0,0,0,0,0,0,0,2,1
147,res_ro_m,240,0,0,0,0,0,0,0,2,1
147,res_roe,240,0.197265,0.296772,4.79215e-06,0.260294,0.297745,0.0111382,0,2,1
147,res_roe_m,240,0,0,0,0,0,0,0,2,1
148,res_ro,240,1.77247e-05,4.93479e-06,3.64048e-12,1.96471e-05,4.93847e-06,4.9587e-08,0,5,1
148,res_roK,240,1.35221e-05,3.41524e-06,2.51441e-09,0.000299593,5.98536e-06,4.03298e-06,0,5,1
148,res_roK_m,240,0,0,0,0,0,0,0,5,1
148,res_roOmega,240,173.815,337.752,1,48034.3,1089.54,839.988,0,5,1
148,res_roOmega_m,240,0,0,0,0,0,0,0,5,1
148,res_roUx,240,0.00287094,0.000960777,2.68104e-08,0.0044962,0.000963545,2.87373e-05,0,5,1
148,res_roUx_m,240,0,0,0,0,0,0,0,5,1
148,res_roUy,240,0.00153956,0.000190557,2.90364e-06,0.0019066,0.000223863,6.67314e-05,0,5,1
148,res_roUy_m,240,0,0,0,0,0,0,0,5,1
148,res_roUz,240,0,0,0,0,0,0,0,5,1
148,res_roUz_m,240,0,0,0,0,0,0,0,5,1
148,res_roY0,240,1.23573e-05,3.38433e-06,1.41231e-09,1.49329e-05,3.38966e-06,5.73655e-08,0,5,1
148,res_roY0_m,240,0,0,0,0,0,0,0,5,1
148,res_roY1,240,1.36821e-07,3.74691e-08,1.97049e-11,1.65371e-07,3.75367e-08,9.96709e-10,0,5,1
148,res_roY1_m,240,0,0,0,0,0,0,0,5,1
148,res_ro_m,240,0,0,0,0,0,0,0,5,1
148,res_roe,240,0.197146,0.0802113,5.36445e-07,0.239882,0.0828628,0.0097093,0,5,1
148,res_roe_m,240,0,0,0,0,0,0,0,5,1
149,res_ro,240,1.54994e-05,2.05134e-05,7.29019e-12,2.1987e-05,2.05153e-05,5.26889e-08,0,2,1
149,res_roK,240,1.22588e-05,1.43048e-05,2.39375e-09,0.000298477,1.52909e-05,4.31597e-06,0,2,1
149,res_roK_m,240,0,0,0,0,0,0,0,2,1
149,res_roOmega,240,117.755,348.657,0.000490192,84201.4,1184.89,869.756,0,2,1
149,res_roOmega_m,240,0,0,0,0,0,0,0,2,1
149,res_roUx,240,0.00247495,0.00417547,2.19723e-08,0.00428369,0.00417666,3.06463e-05,0,2,1
149,res_roUx_m,240,0,0,0,0,0,0,0,2,1
149,res_roUy,240,0.00172099,0.000694737,2.90115e-06,0.00197754,0.000704899,6.47243e-05,0,2,1
149,res_roUy_m,240,0,0,0,0,0,0,0,2,1
149,res_roUz,240,0,0,0,0,0,0,0,2,1
149,res_roUz_m,240,0,0,0,0,0,0,0,2,1
149,res_roY0,240,1.0974e-05,1.4146e-05,4.77245e-10,1.89302e-05,1.41487e-05,5.90549e-08,0,2,1
149,res_roY0_m,240,0,0,0,0,0,0,0,2,1
149,res_roY1,240,1.21484e-07,1.56615e-07,1.99479e-11,2.09616e-07,1.56647e-07,1.04864e-09,0,2,1
149,res_roY1_m,240,0,0,0,0,0,0,0,2,1
149,res_ro_m,240,0,0,0,0,0,0,0,2,1
149,res_roe,240,0.186818,0.28058,1.20631e-05,0.291984,0.281563,0.0116769,0,2,1
149,res_roe_m,240,0,0,0,0,0,0,0,2,1
150,res_ro,240,1.44984e-05,1.12642e-05,5.86606e-11,1.61697e-05,1.12661e-05,4.98197e-08,0,2,1
150,res_roK,240,1.16758e-05,7.79799e-06,3.18467e-09,0.000295238,9.35132e-06,4.01837e-06,0,2,1
150,res_roK_m,240,0,0,0,0,0,0,0,2,1
150,res_roOmega,240,81.3873,337.608,0.000574187,74014.5,1198.21,793.488,0,2,1
150,res_roOmega_m,240,0,0,0,0,0,0,0,2,1
150,res_roUx,240,0.0022289,0.00212631,2.98292e-08,0.00367919,0.0021276,2.86068e-05,0,2,1
150,res_roUx_m,240,0,0,0,0,0,0,0,2,1
150,res_roUy,240,0.0013992,0.000288735,3.93902e-11,0.00220209,0.000309872,6.3038e-05,0,2,1
150,res_roUy_m,240,0,0,0,0,0,0,0,2,1
150,res_roUz,240,0,0,0,0,0,0,0,2,1
150,res_roUz_m,240,0,0,0,0,0,0,0,2,1
150,res_roY0,240,1.01225e-05,7.71792e-06,2.05155e-09,1.23555e-05,7.72065e-06,5.79975e-08,0,2,1
150,res_roY0_m,240,0,0,0,0,0,0,0,2,1
150,res_roY1,240,1.12084e-07,8.54457e-08,2.33059e-11,1.36849e-07,8.54798e-08,1.01698e-09,0,2,1
150,res_roY1_m,240,0,0,0,0,0,0,0,2,1
150,res_ro_m,240,0,0,0,0,0,0,0,2,1
150,res_roe,240,0.173691,0.124508,4.91528e-07,0.220759,0.12644,0.0109437,0,2,1
150,res_roe_m,240,0,0,0,0,0,0,0,2,1
151,res_ro,240,1.56503e-05,2.08166e-05,0,2.0873e-05,2.08183e-05,4.99583e-08,0,2,1
151,res_roK,240,1.21928e-05,1.45797e-05,1.92755e-09,0.000293961,1.54649e-05,4.17657e-06,0,2,1
151,res_roK_m,240,0,0,0,0,0,0,0,2,1
151,res_roOmega,240,125.442,468.63,6.11345e-05,71233.3,1189.61,926.034,0,2,1
151,res_roOmega_m,240,0,0,0,0,0,0,0,2,1
151,res_roUx,240,0.00249968,0.00412406,7.61462e-10,0.00448788,0.00412526,3.2523e-05,0,2,1
151,res_roUx_m,240,0,0,0,0,0,0,0,2,1
151,res_roUy,240,0.00155916,0.000692773,2.88646e-06,0.00206544,0.00070339,7.68623e-05,0,2,1
151,res_roUy_m,240,0,0,0,0,0,0,0,2,1
151,res_roUz,240,0,0,0,0,0,0,0,2,1
151,res_roUz_m,240,0,0,0,0,0,0,0,2,1
151,res_roY0,240,1.09249e-05,1.44225e-05,1.07581e-09,1.74914e-05,1.4425e-05,5.45025e-08,0,2,1
151,res_roY0_m,240,0,0,0,0,0,0,0,2,1
151,res_roY1,240,1.20924e-07,1.59676e-07,9.71462e-12,1.93658e-07,1.59705e-07,1.01416e-09,0,2,1
151,res_roY1_m,240,0,0,0,0,0,0,0,2,1
151,res_ro_m,240,0,0,0,0,0,0,0,2,1
151,res_roe,240,0.186818,0.284056,1.20672e-07,0.2449,0.284929,0.012731,0,2,1
151,res_roe_m,240,0,0,0,0,0,0,0,2,1
152,res_ro,240,1.72327e-05,1.1879e-05,8.34864e-12,2.0632e-05,1.18814e-05,4.90775e-08,0,2,1
152,res_roK,240,1.32227e-05,8.25274e-06,3.78767e-09,0.00029296,9.7856e-06,4.24768e-06,0,2,1
152,res_roK_m,240,0,0,0,0,0,0,0,2,1
152,res_roOmega,240,217.96,526.258,0.00207161,111818,1174.87,760.733,0,2,1
152,res_roOmega_m,240,0,0,0,0,0,0,0,2,1
152,res_roUx,240,0.0027991,0.00227751,1.92561e-08,0.00506621,0.00227951,2.8065e-05,0,2,1
152,res_roUx_m,240,0,0,0,0,0,0,0,2,1
152,res_roUy,240,0.00173574,0.000315581,2.87698e-06,0.00203504,0.000334158,5.93269e-05,0,2,1
152,res_roUy_m,240,0,0,0,0,0,0,0,2,1
152,res_roUz,240,0,0,0,0,0,0,0,2,1
152,res_roUz_m,240,0,0,0,0,0,0,0,2,1
152,res_roY0,240,1.20066e-05,8.1725e-06,2.72595e-09,1.64341e-05,8.1759e-06,5.4412e-08,0,2,1
152,res_roY0_m,240,0,0,0,0,0,0,0,2,1
152,res_roY1,240,1.32975e-07,9.04815e-08,4.08421e-11,1.82046e-07,9.05227e-08,1.00642e-09,0,2,1
152,res_roY1_m,240,0,0,0,0,0,0,0,2,1
152,res_ro_m,240,0,0,0,0,0,0,0,2,1
152,res_roe,240,0.203315,0.165387,4.44868e-05,0.254115,0.167058,0.0106266,0,2,1
152,res_roe_m,240,0,0,0,0,0,0,0,2,1
153,res_ro,240,1.63323e-05,2.09272e-05,0,1.96891e-05,2.09292e-05,5.17198e-08,0,2,1
153,res_roK,240,1.28838e-05,1.46546e-05,2.7624e-09,0.000289591,1.55182e-05,4.164e-06,0,2,1
153,res_roK_m,240,0,0,0,0,0,0,0,2,1
153,res_roOmega,240,372.296,641.321,6.90129e-05,78747,1233.19,863.885,0,2,1
153,res_roOmega_m,240,0,0,0,0,0,0,0,2,1
153,res_roUx,240,0.0025844,0.00419513,1.02918e-09,0.00470962,0.00419639,3.63942e-05,0,2,1
153,res_roUx_m,240,0,0,0,0,0,0,0,2,1
153,res_roUy,240,0.00171087,0.000817129,4.72478e-11,0.00199491,0.000824525,9.69862e-05,0,2,1
153,res_roUy_m,240,0,0,0,0,0,0,0,2,1
153,res_roUz,240,0,0,0,0,0,0,0,2,1
153,res_roUz_m,240,0,0,0,0,0,0,0,2,1
153,res_roY0,240,1.14962e-05,1.45032e-05,2.56054e-09,1.58257e-05,1.45059e-05,5.74166e-08,0,2,1
153,res_roY0_m,240,0,0,0,0,0,0,0,2,1
153,res_roY1,240,1.27255e-07,1.60567e-07,5.35295e-11,1.75214e-07,1.606e-07,9.63536e-10,0,2,1
153,res_roY1_m,240,0,0,0,0,0,0,0,2,1
153,res_ro_m,240,0,0,0,0,0,0,0,2,1
153,res_roe,240,0.195714,0.287176,2.64655e-05,0.262555,0.288037,0.0107154,0,2,1
153,res_roe_m,240,0,0,0,0,0,0,0,2,1
154,res_ro,240,1.5257e-05,1.07739e-05,0,1.76812e-05,1.07761e-05,5.13576e-08,0,2,1
154,res_roK,240,1.22006e-05,7.52303e-06,8.96218e-10,0.00028564,9.13439e-06,4.12604e-06,0,2,1
154,res_roK_m,240,0,0,0,0,0,0,0,2,1
154,res_roOmega,240,501.892,798.937,5.79168e-05,100487,1394.18,882.347,0,2,1
154,res_roOmega_m,240,0,0,0,0,0,0,0,2,1
154,res_roUx,240,0.00238566,0.00202948,8.11324e-10,0.00434533,0.00203095,2.86012e-05,0,2,1
154,res_roUx_m,240,0,0,0,0,0,0,0,2,1
154,res_roUy,240,0.00151055,0.000301189,3.08693e-11,0.00202429,0.000321365,6.0964e-05,0,2,1
154,res_roUy_m,240,0,0,0,0,0,0,0,2,1
154,res_roUz,240,0,0,0,0,0,0,0,2,1
154,res_roUz_m,240,0,0,0,0,0,0,0,2,1
154,res_roY0,240,1.08019e-05,7.47211e-06,2.09553e-09,1.39574e-05,7.47526e-06,5.60548e-08,0,2,1
154,res_roY0_m,240,0,0,0,0,0,0,0,2,1
154,res_roY1,240,1.1961e-07,8.27255e-08,4.25557e-11,1.54597e-07,8.2764e-08,1.01823e-09,0,2,1
154,res_roY1_m,240,0,0,0,0,0,0,0,2,1
154,res_ro_m,240,0,0,0,0,0,0,0,2,1
154,res_roe,240,0.190957,0.148066,2.41277e-05,0.248902,0.149674,0.0105697,0,2,1
154,res_roe_m,240,0,0,0,0,0,0,0,2,1
155,res_ro,240,1.37728e-05,1.90893e-05,4.06878e-12,1.67135e-05,1.90914e-05,5.21163e-08,0,2,1
155,res_roK,240,1.09958e-05,1.32634e-05,3.69389e-09,0.000285892,1.41293e-05,4.01853e-06,0,2,1
155,res_roK_m,240,0,0,0,0,0,0,0,2,1
155,res_roOmega,240,583.232,932.454,0.00203197,50852.5,1476.8,895.871,0,2,1
155,res_roOmega_m,240,0,0,0,0,0,0,0,2,1
155,res_roUx,240,0.00214585,0.00379238,1.77617e-08,0.00398766,0.00379366,3.01429e-05,0,2,1
155,res_roUx_m,240,0,0,0,0,0,0,0,2,1
155,res_roUy,240,0.00166448,0.000688813,2.8529e-06,0.00219318,0.000698595,6.56706e-05,0,2,1
155,res_roUy_m,240,0,0,0,0,0,0,0,2,1
155,res_roUz,240,0,0,0,0,0,0,0,2,1
155,res_roUz_m,240,0,0,0,0,0,0,0,2,1
155,res_roY0,240,9.57417e-06,1.31383e-05,8.38562e-10,1.3394e-05,1.31414e-05,5.79413e-08,0,2,1
155,res_roY0_m,240,0,0,0,0,0,0,0,2,1
155,res_roY1,240,1.05988e-07,1.45459e-07,1.25262e-11,1.48288e-07,1.45495e-07,9.91308e-10,0,2,1
155,res_roY1_m,240,0,0,0,0,0,0,0,2,1
155,res_ro_m,240,0,0,0,0,0,0,0,2,1
155,res_roe,240,0.175336,0.272999,1.12444e-08,0.232706,0.273948,0.0119023,0,2,1
155,res_roe_m,240,0,0,0,0,0,0,0,2,1
156,res_ro,240,1.46128e-05,8.47117e-06,0,1.78851e-05,8.47563e-06,4.96635e-08,0,2,1
156,res_roK,240,1.15988e-05,5.86203e-06,2.00907e-09,0.000283457,7.79497e-06,4.13397e-06,0,2,1
156,res_roK_m,240,0,0,0,0,0,0,0,2,1
156,res_roOmega,240,659.863,1024.65,0.00025038,35439.4,1559.18,837.763,0,2,1
156,res_roOmega_m,240,0,0,0,0,0,0,0,2,1
156,res_roUx,240,0.00225419,0.0016386,6.12246e-10,0.00434667,0.00164172,2.91849e-05,0,2,1
156,res_roUx_m,240,0,0,0,0,0,0,0,2,1
156,res_roUy,240,0.00158839,0.000296444,3.76473e-11,0.00199019,0.00031934,6.26254e-05,0,2,1
156,res_roUy_m,240,0,0,0,0,0,0,0,2,1
156,res_roUz,240,0,0,0,0,0,0,0,2,1
156,res_roUz_m,240,0,0,0,0,0,0,0,2,1
156,res_roY0,240,1.0089e-05,5.86375e-06,1.10514e-10,1.43459e-05,5.87012e-06,5.56397e-08,0,2,1
156,res_roY0_m,240,0,0,0,0,0,0,0,2,1
156,res_roY1,240,1.1171e-07,6.49191e-08,7.7406e-12,1.58907e-07,6.49946e-08,1.00603e-09,0,2,1
156,res_roY1_m,240,0,0,0,0,0,0,0,2,1
156,res_ro_m,240,0,0,0,0,0,0,0,2,1
156,res_roe,240,0.174903,0.105834,2.74622e-07,0.244379,0.108485,0.0105949,0,2,1
156,res_roe_m,240,0,0,0,0,0,0,0,2,1
157,res_ro,240,1.56581e-05,2.04375e-05,4.60265e-13,1.82507e-05,2.04402e-05,5.17342e-08,0,2,1
157,res_roK,240,1.22422e-05,1.42091e-05,3.92828e-09,0.000281663,1.50855e-05,4.13935e-06,0,2,1
157,res_roK_m,240,0,0,0,0,0,0,0,2,1
157,res_roOmega,240,585.388,1102.99,1.96627e-05,33978.5,1615.22,954.953,0,2,1
157,res_roOmega_m,240,0,0,0,0,0,0,0,2,1
157,res_roUx,240,0.00247869,0.00409664,2.15704e-08,0.00479878,0.00409833,3.61581e-05,0,2,1
157,res_roUx_m,240,0,0,0,0,0,0,0,2,1
157,res_roUy,240,0.00194953,0.000683802,2.83002e-06,0.00233623,0.00069402,9.30293e-05,0,2,1
157,res_roUy_m,240,0,0,0,0,0,0,0,2,1
157,res_roUz,240,0,0,0,0,0,0,0,2,1
157,res_roUz_m,240,0,0,0,0,0,0,0,2,1
157,res_roY0,240,1.08309e-05,1.40799e-05,2.63576e-09,1.42596e-05,1.40838e-05,6.12698e-08,0,2,1
157,res_roY0_m,240,0,0,0,0,0,0,0,2,1
157,res_roY1,240,1.19891e-07,1.55883e-07,4.8402e-11,1.57919e-07,1.55928e-07,1.05524e-09,0,2,1
157,res_roY1_m,240,0,0,0,0,0,0,0,2,1
157,res_ro_m,240,0,0,0,0,0,0,0,2,1
157,res_roe,240,0.185463,0.274968,6.03281e-06,0.242487,0.275888,0.011253,0,2,1
157,res_roe_m,240,0,0,0,0,0,0,0,2,1
158,res_ro,240,1.6404e-05,1.10049e-05,0,1.94626e-05,1.10095e-05,5.20984e-08,0,2,1
158,res_roK,240,1.28571e-05,7.5474e-06,1.54794e-09,0.000282007,9.20478e-06,4.30897e-06,0,2,1
158,res_roK_m,240,0,0,0,0,0,0,0,2,1
158,res_roOmega,240,392.883,1116.64,0.000127763,71975.6,1662.66,895.963,0,2,1
158,res_roOmega_m,240,0,0,0,0,0,0,0,2,1
158,res_roUx,240,0.0025468,0.00206464,2.13489e-11,0.00436264,0.00206788,3.19081e-05,0,2,1
158,res_roUx_m,240,0,0,0,0,0,0,0,2,1
158,res_roUy,240,0.00196271,0.000348649,8.51969e-12,0.00235765,0.000366945,7.57476e-05,0,2,1
158,res_roUy_m,240,0,0,0,0,0,0,0,2,1
158,res_roUz,240,0,0,0,0,0,0,0,2,1
158,res_roUz_m,240,0,0,0,0,0,0,0,2,1
158,res_roY0,240,1.1314e-05,7.52207e-06,2.17223e-09,1.53405e-05,7.52867e-06,5.73862e-08,0,2,1
158,res_roY0_m,240,0,0,0,0,0,0,0,2,1
158,res_roY1,240,1.25279e-07,8.32766e-08,3.74128e-11,1.69912e-07,8.33537e-08,1.01781e-09,0,2,1
158,res_roY1_m,240,0,0,0,0,0,0,0,2,1
158,res_ro_m,240,0,0,0,0,0,0,0,2,1
158,res_roe,240,0.188146,0.135174,2.24924e-06,0.237937,0.137123,0.0104987,0,2,1
158,res_roe_m,240,0,0,0,0,0,0,0,2,1
159,res_ro,240,1.52518e-05,1.99368e-05,0,2.06532e-05,1.994e-05,4.99836e-08,0,2,1
159,res_roK,240,1.21886e-05,1.39757e-05,3.24722e-09,0.000281667,1.49411e-05,4.2129e-06,0,2,1
159,res_roK_m,240,0,0,0,0,0,0,0,2,1
159,res_roOmega,240,204.883,1086.53,1.57461e-05,71840.2,1555.7,836.255,0,2,1
159,res_roOmega_m,240,0,0,0,0,0,0,0,2,1
159,res_roUx,240,0.0022952,0.00396549,2.17075e-08,0.00423198,0.00396755,3.22296e-05,0,2,1
159,res_roUx_m,240,0,0,0,0,0,0,0,2,1
159,res_roUy,240,0.00179137,0.000736617,3.60608e-11,0.00203105,0.000744423,7.22065e-05,0,2,1
159,res_roUy_m,240,0,0,0,0,0,0,0,2,1
159,res_roUz,240,0,0,0,0,0,0,0,2,1
159,res_roUz_m,240,0,0,0,0,0,0,0,2,1
159,res_roY0,240,1.06416e-05,1.38499e-05,3.3904e-09,1.74061e-05,1.38544e-05,5.82517e-08,0,2,1
159,res_roY0_m,240,0,0,0,0,0,0,0,2,1
159,res_roY1,240,1.17801e-07,1.53339e-07,4.24705e-11,1.92714e-07,1.53391e-07,9.67103e-10,0,2,1
159,res_roY1_m,240,0,0,0,0,0,0,0,2,1
159,res_ro_m,240,0,0,0,0,0,0,0,2,1
159,res_roe,240,0.187978,0.283975,1.11223e-05,0.254437,0.285014,0.0105713,0,2,1
159,res_roe_m,240,0,0,0,0,0,0,0,2,1
160,res_ro,240,1.44508e-05,1.07121e-05,7.81597e-14,1.60856e-05,1.07167e-05,5.03956e-08,0,2,1
160,res_roK,240,1.12745e-05,7.39429e-06,3.39397e-09,0.000279103,9.0319e-06,4.26132e-06,0,2,1
160,res_roK_m,240,0,0,0,0,0,0,0,2,1
160,res_roOmega,240,88.1183,1015.17,3.15543e-05,93047.5,1565.64,812.299,0,2,1
160,res_roOmega_m,240,0,0,0,0,0,0,0,2,1
160,res_roUx,240,0.00224815,0.00203471,2.73055e-08,0.00384597,0.00203797,3.21863e-05,0,2,1
160,res_roUx_m,240,0,0,0,0,0,0,0,2,1
160,res_roUy,240,0.00157899,0.000329831,2.81582e-06,0.00188534,0.000349615,6.76803e-05,0,2,1
160,res_roUy_m,240,0,0,0,0,0,0,0,2,1
160,res_roUz,240,0,0,0,0,0,0,0,2,1
160,res_roUz_m,240,0,0,0,0,0,0,0,2,1
160,res_roY0,240,1.0008e-05,7.3578e-06,2.23052e-09,1.22058e-05,7.36433e-06,5.94806e-08,0,2,1
160,res_roY0_m,240,0,0,0,0,0,0,0,2,1
160,res_roY1,240,1.10806e-07,8.14586e-08,4.94354e-11,1.35191e-07,8.1535e-08,1.02995e-09,0,2,1
160,res_roY1_m,240,0,0,0,0,0,0,0,2,1
160,res_ro_m,240,0,0,0,0,0,0,0,2,1
160,res_roe,240,0.194461,0.140369,4.31587e-05,0.234118,0.142187,0.0125364,0,2,1
160,res_roe_m,240,0,0,0,0,0,0,0,2,1
161,res_ro,240,1.46631e-05,2.04133e-05,5.86889e-11,1.83204e-05,2.04159e-05,4.89225e-08,0,2,2
161,res_roK,240,1.11275e-05,1.42588e-05,2.82357e-09,0.000276273,1.5189e-05,4.11641e-06,0,2,2
161,res_roK_m,240,0,0,0,0,0,0,0,2,2
161,res_roOmega,240,232.657,912.662,0.000515517,62266.4,1398.01,835.745,0,2,2
161,res_roOmega_m,240,0,0,0,0,0,0,0,2,2
161,res_roUx,240,0.00235818,0.00406859,1.91735e-08,0.00377438,0.00407027,2.86961e-05,0,2,2
161,res_roUx_m,240,0,0,0,0,0,0,0,2,2
161,res_roUy,240,0.0015346,0.000775025,2.81218e-06,0.00177853,0.000782964,5.94828e-05,0,2,2
161,res_roUy_m,240,0,0,0,0,0,0,0,2,2
161,res_roUz,240,0,0,0,0,0,0,0,2,2
161,res_roUz_m,240,0,0,0,0,0,0,0,2,2
161,res_roY0,240,1.01341e-05,1.4118e-05,9.36167e-10,1.48562e-05,1.41218e-05,5.51861e-08,0,2,2
161,res_roY0_m,240,0,0,0,0,0,0,0,2,2
161,res_roY1,240,1.12172e-07,1.56302e-07,8.58737e-12,1.64517e-07,1.56346e-07,1.00778e-09,0,2,2
161,res_roY1_m,240,0,0,0,0,0,0,0,2,2
161,res_ro_m,240,0,0,0,0,0,0,0,2,2
161,res_roe,240,0.188342,0.291612,1.06958e-06,0.247861,0.292427,0.0117004,0,2,2
161,res_roe_m,240,0,0,0,0,0,0,0,2,2
162,res_ro,240,1.43977e-05,8.60929e-06,1.87497e-12,1.60007e-05,8.61404e-06,4.99393e-08,0,2,1
162,res_roK,240,1.13974e-05,5.91992e-06,2.25676e-09,0.000276612,7.88405e-06,4.54298e-06,0,2,1
162,res_roK_m,240,0,0,0,0,0,0,0,2,1
162,res_roOmega,240,493.232,773.613,0.00201475,54055.8,1384.35,821.699,0,2,1
162,res_roOmega_m,240,0,0,0,0,0,0,0,2,1
162,res_roUx,240,0.00228147,0.00164199,2.05884e-08,0.00310828,0.0016452,3.1614e-05,0,2,1
162,res_roUx_m,240,0,0,0,0,0,0,0,2,1
162,res_roUy,240,0.00138305,0.000260648,2.8073e-06,0.00169165,0.00028573,8.02056e-05,0,2,1
162,res_roUy_m,240,0,0,0,0,0,0,0,2,1
162,res_roUz,240,0,0,0,0,0,0,0,2,1
162,res_roUz_m,240,0,0,0,0,0,0,0,2,1
162,res_roY0,240,1.02051e-05,5.88613e-06,1.01863e-10,1.23219e-05,5.89295e-06,5.30201e-08,0,2,1
162,res_roY0_m,240,0,0,0,0,0,0,0,2,1
162,res_roY1,240,1.13003e-07,6.51668e-08,4.68743e-13,1.36495e-07,6.52469e-08,9.73677e-10,0,2,1
162,res_roY1_m,240,0,0,0,0,0,0,0,2,1
162,res_ro_m,240,0,0,0,0,0,0,0,2,1
162,res_roe,240,0.176929,0.088461,1.33597e-07,0.223557,0.090761,0.0105985,0,2,1
162,res_roe_m,240,0,0,0,0,0,0,0,2,1
163,res_ro,240,1.44779e-05,1.94853e-05,5.82077e-11,1.56514e-05,1.94878e-05,5.03759e-08,0,2,1
163,res_roK,240,1.14764e-05,1.35336e-05,3.93746e-09,0.000273906,1.44754e-05,4.36459e-06,0,2,1
163,res_roK_m,240,0,0,0,0,0,0,0,2,1
163,res_roOmega,240,614.636,625.971,2.44196e-06,61313.1,1306.88,847.343,0,2,1
163,res_roOmega_m,240,0,0,0,0,0,0,0,2,1
163,res_roUx,240,0.00227815,0.00388485,2.37267e-08,0.00325201,0.00388642,3.45952e-05,0,2,1
163,res_roUx_m,240,0,0,0,0,0,0,0,2,1
163,res_roUy,240,0.00127713,0.000648829,2.79968e-06,0.00146977,0.000658707,8.66925e-05,0,2,1
163,res_roUy_m,240,0,0,0,0,0,0,0,2,1
163,res_roUz,240,0,0,0,0,0,0,0,2,1
163,res_roUz_m,240,0,0,0,0,0,0,0,2,1
163,res_roY0,240,1.00818e-05,1.33898e-05,1.56899e-09,1.16723e-05,1.33934e-05,5.29828e-08,0,2,1
163,res_roY0_m,240,0,0,0,0,0,0,0,2,1
163,res_roY1,240,1.11628e-07,1.48242e-07,1.48955e-11,1.29312e-07,1.48284e-07,9.97075e-10,0,2,1
163,res_roY1_m,240,0,0,0,0,0,0,0,2,1
163,res_ro_m,240,0,0,0,0,0,0,0,2,1
163,res_roe,240,0.17967,0.273358,1.90735e-06,0.222958,0.274297,0.011275,0,2,1
163,res_roe_m,240,0,0,0,0,0,0,0,2,1
164,res_ro,240,1.56364e-05,1.35703e-05,0,1.83666e-05,1.35734e-05,5.09022e-08,0,2,1
164,res_roK,240,1.20745e-05,9.46384e-06,2.35413e-09,0.00027049,1.07261e-05,4.13477e-06,0,2,1
164,res_roK_m,240,0,0,0,0,0,0,0,2,1
164,res_roOmega,240,646.885,485.774,0.000244813,93014.4,1229.28,794.654,0,2,1
164,res_roOmega_m,240,0,0,0,0,0,0,0,2,1
164,res_roUx,240,0.00252287,0.00258186,1.56604e-08,0.00463121,0.0025841,3.14747e-05,0,2,1
164,res_roUx_m,240,0,0,0,0,0,0,0,2,1
164,res_roUy,240,0.00155156,0.000349941,2.9118e-12,0.0017076,0.000368702,6.98159e-05,0,2,1
164,res_roUy_m,240,0,0,0,0,0,0,0,2,1
164,res_roUz,240,0,0,0,0,0,0,0,2,1
164,res_roUz_m,240,0,0,0,0,0,0,0,2,1
164,res_roY0,240,1.08513e-05,9.36896e-06,1.1213e-11,1.44418e-05,9.37333e-06,5.73042e-08,0,2,1
164,res_roY0_m,240,0,0,0,0,0,0,0,2,1
164,res_roY1,240,1.20135e-07,1.03726e-07,5.55761e-12,1.59942e-07,1.03777e-07,1.01834e-09,0,2,1
164,res_roY1_m,240,0,0,0,0,0,0,0,2,1
164,res_ro_m,240,0,0,0,0,0,0,0,2,1
164,res_roe,240,0.187198,0.160754,1.1921e-07,0.240746,0.162564,0.0107323,0,2,1
164,res_roe_m,240,0,0,0,0,0,0,0,2,1
165,res_ro,240,1.4897e-05,1.99716e-05,8.13485e-12,2.0287e-05,1.99743e-05,4.98839e-08,0,2,1
165,res_roK,240,1.15177e-05,1.39532e-05,1.63868e-09,0.000267812,1.48329e-05,4.08973e-06,0,2,1
165,res_roK_m,240,0,0,0,0,0,0,0,2,1
165,res_roOmega,240,451.048,253.705,0.00196313,82208.8,1050.56,880.338,0,2,1
165,res_roOmega_m,240,0,0,0,0,0,0,0,2,1
165,res_roUx,240,0.0023918,0.00401227,2.01859e-08,0.00479955,0.00401407,2.93441e-05,0,2,1
165,res_roUx_m,240,0,0,0,0,0,0,0,2,1
165,res_roUy,240,0.00185711,0.00077232,2.78551e-06,0.00207367,0.000780269,6.09954e-05,0,2,1
165,res_roUy_m,240,0,0,0,0,0,0,0,2,1
165,res_roUz,240,0,0,0,0,0,0,0,2,1
165,res_roUz_m,240,0,0,0,0,0,0,0,2,1
165,res_roY0,240,1.03941e-05,1.38007e-05,1.78653e-09,1.71346e-05,1.38045e-05,5.79285e-08,0,2,1
165,res_roY0_m,240,0,0,0,0,0,0,0,2,1
165,res_roY1,240,1.15072e-07,1.52791e-07,2.36029e-11,1.89701e-07,1.52835e-07,1.03863e-09,0,2,1
165,res_roY1_m,240,0,0,0,0,0,0,0,2,1
165,res_ro_m,240,0,0,0,0,0,0,0,2,1
165,res_roe,240,0.183681,0.27887,6.03157e-06,0.256185,0.279851,0.00988136,0,2,1
165,res_roe_m,240,0,0,0,0,0,0,0,2,1
166,res_ro,240,1.48675e-05,1.063e-05,5.82094e-11,1.72687e-05,1.06336e-05,4.82525e-08,0,2,1
166,res_roK,240,1.17035e-05,7.47269e-06,1.93218e-09,0.000265013,8.89169e-06,4.03161e-06,0,2,1
166,res_roK_m,240,0,0,0,0,0,0,0,2,1
166,res_roOmega,240,324.885,202.571,0.00028013,44310.2,1119.31,811.999,0,2,1
166,res_roOmega_m,240,0,0,0,0,0,0,0,2,1
166,res_roUx,240,0.00230545,0.0020233,2.37581e-08,0.00455215,0.00202641,2.99431e-05,0,2,1
166,res_roUx_m,240,0,0,0,0,0,0,0,2,1
166,res_roUy,240,0.00152927,0.000295817,2.77713e-06,0.00176158,0.000326166,8.05504e-05,0,2,1
166,res_roUy_m,240,0,0,0,0,0,0,0,2,1
166,res_roUz,240,0,0,0,0,0,0,0,2,1
166,res_roUz_m,240,0,0,0,0,0,0,0,2,1
166,res_roY0,240,1.03011e-05,7.39789e-06,1.45745e-09,1.34754e-05,7.40309e-06,5.53821e-08,0,2,1
166,res_roY0_m,240,0,0,0,0,0,0,0,2,1
166,res_roY1,240,1.14048e-07,8.19025e-08,1.75127e-11,1.4928e-07,8.19642e-08,1.00122e-09,0,2,1
166,res_roY1_m,240,0,0,0,0,0,0,0,2,1
166,res_ro_m,240,0,0,0,0,0,0,0,2,1
166,res_roe,240,0.17072,0.139403,2.86102e-06,0.224039,0.141624,0.0115737,0,2,1
166,res_roe_m,240,0,0,0,0,0,0,0,2,1
167,res_ro,240,1.57804e-05,2.04145e-05,1.82697e-12,1.81354e-05,2.04168e-05,5.17786e-08,0,2,1
167,res_roK,240,1.2505e-05,1.42371e-05,1.06247e-09,0.000262842,1.50714e-05,4.13055e-06,0,2,1
167,res_roK_m,240,0,0,0,0,0,0,0,2,1
167,res_roOmega,240,235.848,164.007,0.000174257,39682.5,975.453,783.834,0,2,1
167,res_roOmega_m,240,0,0,0,0,0,0,0,2,1
167,res_roUx,240,0.00243784,0.00408973,2.45263e-08,0.00413875,0.00409133,2.74796e-05,0,2,1
167,res_roUx_m,240,0,0,0,0,0,0,0,2,1
167,res_roUy,240,0.00155505,0.000745362,2.77339e-06,0.00172862,0.000755428,5.98094e-05,0,2,1
167,res_roUy_m,240,0,0,0,0,0,0,0,2,1
167,res_roUz,240,0,0,0,0,0,0,0,2,1
167,res_roUz_m,240,0,0,0,0,0,0,0,2,1
167,res_roY0,240,1.09215e-05,1.40782e-05,2.43871e-09,1.40506e-05,1.40815e-05,5.96259e-08,0,2,1
167,res_roY0_m,240,0,0,0,0,0,0,0,2,1
167,res_roY1,240,1.20923e-07,1.55865e-07,2.45304e-11,1.55641e-07,1.55903e-07,1.05911e-09,0,2,1
167,res_roY1_m,240,0,0,0,0,0,0,0,2,1
167,res_ro_m,240,0,0,0,0,0,0,0,2,1
167,res_roe,240,0.183857,0.280596,2.69831e-06,0.247502,0.281561,0.010668,0,2,1
167,res_roe_m,240,0,0,0,0,0,0,0,2,1
168,res_ro,240,1.5261e-05,7.80423e-06,5.82077e-11,1.89113e-05,7.80898e-06,5.06017e-08,0,2,2
168,res_roK,240,1.20254e-05,5.58376e-06,1.32489e-09,0.000262448,7.58458e-06,3.94309e-06,0,2,2
168,res_roK_m,240,0,0,0,0,0,0,0,2,2
168,res_roOmega,240,173.453,39.599,0.000122077,52099,1150.51,886.93,0,2,2
168,res_roOmega_m,240,0,0,0,0,0,0,0,2,2
168,res_roUx,240,0.00237565,0.00150549,1.09004e-09,0.00420756,0.00150952,3.40475e-05,0,2,2
168,res_roUx_m,240,0,0,0,0,0,0,0,2,2
168,res_roUy,240,0.0016632,0.000227908,3.91301e-11,0.00196788,0.000258945,8.00971e-05,0,2,2
168,res_roUy_m,240,0,0,0,0,0,0,0,2,2
168,res_roUz,240,0,0,0,0,0,0,0,2,2
168,res_roUz_m,240,0,0,0,0,0,0,0,2,2
168,res_roY0,240,1.06495e-05,5.52761e-06,2.86375e-09,1.53447e-05,5.53427e-06,5.79928e-08,0,2,2
168,res_roY0_m,240,0,0,0,0,0,0,0,2,2
168,res_roY1,240,1.17908e-07,6.11969e-08,3.41731e-11,1.69929e-07,6.12763e-08,9.93205e-10,0,2,2
168,res_roY1_m,240,0,0,0,0,0,0,0,2,2
168,res_ro_m,240,0,0,0,0,0,0,0,2,2
168,res_roe,240,0.181292,0.098556,2.41451e-05,0.233837,0.101208,0.0115282,0,2,2
168,res_roe_m,240,0,0,0,0,0,0,0,2,2
169,res_ro,240,1.39545e-05,1.95946e-05,7.27796e-12,1.80276e-05,1.95975e-05,4.81343e-08,0,2,1
169,res_roK,240,1.11084e-05,1.36971e-05,1.19174e-09,0.000262704,1.46084e-05,4.26599e-06,0,2,1
169,res_roK_m,240,0,0,0,0,0,0,0,2,1
169,res_roOmega,240,125.206,30.3082,0.00201331,64803.3,971.89,764.83,0,2,1
169,res_roOmega_m,240,0,0,0,0,0,0,0,2,1
169,res_roUx,240,0.00217243,0.00391471,2.50253e-08,0.00460773,0.0039168,2.58547e-05,0,2,1
169,res_roUx_m,240,0,0,0,0,0,0,0,2,1
169,res_roUy,240,0.00157101,0.000623683,2.77622e-06,0.00171189,0.000633243,5.1735e-05,0,2,1
169,res_roUy_m,240,0,0,0,0,0,0,0,2,1
169,res_roUz,240,0,0,0,0,0,0,0,2,1
169,res_roUz_m,240,0,0,0,0,0,0,0,2,1
169,res_roY0,240,9.86524e-06,1.35446e-05,1.79296e-09,1.49921e-05,1.35487e-05,5.49758e-08,0,2,1
169,res_roY0_m,240,0,0,0,0,0,0,0,2,1
169,res_roY1,240,1.09212e-07,1.49958e-07,2.27868e-11,1.6603e-07,1.50005e-07,9.88328e-10,0,2,1
169,res_roY1_m,240,0,0,0,0,0,0,0,2,1
169,res_ro_m,240,0,0,0,0,0,0,0,2,1
169,res_roe,240,0.177414,0.274366,5.80128e-06,0.240038,0.27531,0.0111524,0,2,1
169,res_roe_m,240,0,0,0,0,0,0,0,2,1
170,res_ro,240,1.42969e-05,1.27378e-05,0,1.83745e-05,1.27416e-05,5.24201e-08,0,2,1
170,res_roK,240,1.12886e-05,8.77273e-06,2.5459e-09,0.000261062,1.01261e-05,4.15524e-06,0,2,1
170,res_roK_m,240,0,0,0,0,0,0,0,2,1
170,res_roOmega,240,90.3033,26.0857,0.0625311,65098.8,1075.6,781.387,0,2,1
170,res_roOmega_m,240,0,0,0,0,0,0,0,2,1
170,res_roUx,240,0.00226345,0.0024128,2.00018e-08,0.00419792,0.00241576,3.23828e-05,0,2,1
170,res_roUx_m,240,0,0,0,0,0,0,0,2,1
170,res_roUy,240,0.00145535,0.000345907,2.78084e-06,0.00177351,0.000365419,7.37132e-05,0,2,1
170,res_roUy_m,240,0,0,0,0,0,0,0,2,1
170,res_roUz,240,0,0,0,0,0,0,0,2,1
170,res_roUz_m,240,0,0,0,0,0,0,0,2,1
170,res_roY0,240,1.00141e-05,8.67681e-06,1.02807e-09,1.51855e-05,8.68229e-06,5.90803e-08,0,2,1
170,res_roY0_m,240,0,0,0,0,0,0,0,2,1
170,res_roY1,240,1.10872e-07,9.60633e-08,1.53131e-11,1.68176e-07,9.61272e-08,1.05884e-09,0,2,1
170,res_roY1_m,240,0,0,0,0,0,0,0,2,1
170,res_ro_m,240,0,0,0,0,0,0,0,2,1
170,res_roe,240,0.1844,0.172518,6.03157e-06,0.266137,0.173893,0.0127379,0,2,1
170,res_roe_m,240,0,0,0,0,0,0,0,2,1
171,res_ro,240,1.55102e-05,2.04487e-05,0,1.79457e-05,2.04513e-05,4.81159e-08,0,5,1
171,res_roK,240,1.19558e-05,1.42549e-05,1.96452e-09,0.000261458,1.51104e-05,4.02522e-06,0,5,1
171,res_roK_m,240,0,0,0,0,0,0,0,5,1
171,res_roOmega,240,60.9249,22.2456,0.000488302,46920,1041.6,789.306,0,5,1
171,res_roOmega_m,240,0,0,0,0,0,0,0,5,1
171,res_roUx,240,0.00245406,0.00405659,1.38646e-09,0.00376549,0.00405846,3.03447e-05,0,5,1
171,res_roUx_m,240,0,0,0,0,0,0,0,5,1
171,res_roUy,240,0.0015604,0.0007449,8.14684e-11,0.00216284,0.000755374,6.94826e-05,0,5,1
171,res_roUy_m,240,0,0,0,0,0,0,0,5,1
171,res_roUz,240,0,0,0,0,0,0,0,5,1
171,res_roUz_m,240,0,0,0,0,0,0,0,5,1
171,res_roY0,240,1.06868e-05,1.40975e-05,2.66231e-09,1.39257e-05,1.41012e-05,5.73009e-08,0,5,1
171,res_roY0_m,240,0,0,0,0,0,0,0,5,1
171,res_roY1,240,1.18318e-07,1.56077e-07,2.08752e-11,1.54207e-07,1.5612e-07,1.03452e-09,0,5,1
171,res_roY1_m,240,0,0,0,0,0,0,0,5,1
171,res_ro_m,240,0,0,0,0,0,0,0,5,1
171,res_roe,240,0.193921,0.284626,6.68499e-08,0.234189,0.285572,0.0124998,0,5,1
171,res_roe_m,240,0,0,0,0,0,0,0,5,1
172,res_ro,240,1.63684e-05,1.19579e-05,4.06769e-12,1.86788e-05,1.19609e-05,4.72522e-08,0,2,1
172,res_roK,240,1.26781e-05,8.32117e-06,2.7228e-09,0.000260241,9.83488e-06,4.35194e-06,0,2,1
172,res_roK_m,240,0,0,0,0,0,0,0,2,1
172,res_roOmega,240,49.023,47.7192,0.000245529,80797.9,1096.35,721.054,0,2,1
172,res_roOmega_m,240,0,0,0,0,0,0,0,2,1
172,res_roUx,240,0.00260543,0.00226452,1.91364e-08,0.00390693,0.00226721,3.61203e-05,0,2,1
172,res_roUx_m,240,0,0,0,0,0,0,0,2,1
172,res_roUy,240,0.0017068,0.000362998,2.79302e-06,0.00191063,0.00039042,9.94617e-05,0,2,1
172,res_roUy_m,240,0,0,0,0,0,0,0,2,1
172,res_roUz,240,0,0,0,0,0,0,0,2,1
172,res_roUz_m,240,0,0,0,0,0,0,0,2,1
172,res_roY0,240,1.1426e-05,8.23194e-06,6.26736e-10,1.44837e-05,8.23634e-06,5.43531e-08,0,2,1
172,res_roY0_m,240,0,0,0,0,0,0,0,2,1
172,res_roY1,240,1.26494e-07,9.11373e-08,7.97516e-12,1.6041e-07,9.11898e-08,9.96893e-10,0,2,1
172,res_roY1_m,240,0,0,0,0,0,0,0,2,1
172,res_ro_m,240,0,0,0,0,0,0,0,2,1
172,res_roe,240,0.204646,0.175798,1.45397e-07,0.265413,0.177468,0.0124155,0,2,1
172,res_roe_m,240,0,0,0,0,0,0,0,2,1
173,res_ro,240,1.60458e-05,2.0709e-05,0,1.82929e-05,2.07111e-05,4.93097e-08,0,2,1
173,res_roK,240,1.25894e-05,1.43294e-05,3.86012e-09,0.000257979,1.52333e-05,4.29621e-06,0,2,1
173,res_roK_m,240,0,0,0,0,0,0,0,2,1
173,res_roOmega,240,45.2468,89.2445,2.78599e-05,88915.8,1046.11,758.205,0,2,1
173,res_roOmega_m,240,0,0,0,0,0,0,0,2,1
173,res_roUx,240,0.00255838,0.00418299,6.254e-10,0.00420688,0.00418432,3.03134e-05,0,2,1
173,res_roUx_m,240,0,0,0,0,0,0,0,2,1
173,res_roUy,240,0.00172446,0.000820075,8.14556e-11,0.00206623,0.000828966,7.41948e-05,0,2,1
173,res_roUy_m,240,0,0,0,0,0,0,0,2,1
173,res_roUz,240,0,0,0,0,0,0,0,2,1
173,res_roUz_m,240,0,0,0,0,0,0,0,2,1
173,res_roY0,240,1.10725e-05,1.41685e-05,1.34985e-09,1.40735e-05,1.41715e-05,5.42548e-08,0,2,1
173,res_roY0_m,240,0,0,0,0,0,0,0,2,1
173,res_roY1,240,1.22594e-07,1.56863e-07,1.1908e-11,1.55899e-07,1.56898e-07,9.97899e-10,0,2,1
173,res_roY1_m,240,0,0,0,0,0,0,0,2,1
173,res_ro_m,240,0,0,0,0,0,0,0,2,1
173,res_roe,240,0.198084,0.276099,1.32887e-09,0.243462,0.277063,0.0101177,0,2,1
173,res_roe_m,240,0,0,0,0,0,0,0,2,1
174,res_ro,240,1.6846e-05,2.96061e-06,0,2.0064e-05,2.96978e-06,5.024e-08,0,2,1
174,res_roK,240,1.33945e-05,2.09148e-06,3.86062e-09,0.000255075,5.75267e-06,4.14121e-06,0,2,1
174,res_roK_m,240,0,0,0,0,0,0,0,2,1
174,res_roOmega,240,45.2664,128.886,0.000149601,62201.4,1117.23,754.604,0,2,1
174,res_roOmega_m,240,0,0,0,0,0,0,0,2,1
174,res_roUx,240,0.00267519,0.000629357,1.84905e-09,0.00395917,0.000634698,2.86308e-05,0,2,1
174,res_roUx_m,240,0,0,0,0,0,0,0,2,1
174,res_roUy,240,0.0018702,0.000239554,4.81329e-11,0.00211414,0.000265098,6.00671e-05,0,2,1
174,res_roUy_m,240,0,0,0,0,0,0,0,2,1
174,res_roUz,240,0,0,0,0,0,0,0,2,1
174,res_roUz_m,240,0,0,0,0,0,0,0,2,1
174,res_roY0,240,1.17166e-05,2.0696e-06,3.51181e-09,1.59213e-05,2.08247e-06,5.47444e-08,0,2,1
174,res_roY0_m,240,0,0,0,0,0,0,0,2,1
174,res_roY1,240,1.29703e-07,2.29124e-08,2.96718e-11,1.76284e-07,2.30691e-08,1.01691e-09,0,2,1
174,res_roY1_m,240,0,0,0,0,0,0,0,2,1
174,res_ro_m,240,0,0,0,0,0,0,0,2,1
174,res_roe,240,0.183231,0.0856759,2.18543e-05,0.240757,0.0885114,0.0117995,0,2,1
174,res_roe_m,240,0,0,0,0,0,0,0,2,1
175,res_ro,240,1.65064e-05,2.05976e-05,0,1.90507e-05,2.06002e-05,5.14596e-08,0,2,1
175,res_roK,240,1.32481e-05,1.42649e-05,4.98931e-09,0.000254468,1.52366e-05,4.11124e-06,0,2,1
175,res_roK_m,240,0,0,0,0,0,0,0,2,1
175,res_roOmega,240,64.5155,174.954,2.11531e-05,85336.7,1049.08,781.114,0,2,1
175,res_roOmega_m,240,0,0,0,0,0,0,0,2,1
175,res_roUx,240,0.00260591,0.00425307,8.11772e-10,0.00423392,0.00425471,2.85135e-05,0,2,1
175,res_roUx_m,240,0,0,0,0,0,0,0,2,1
175,res_roUy,240,0.00209161,0.000718914,9.39227e-11,0.00233731,0.000729084,6.59037e-05,0,2,1
175,res_roUy_m,240,0,0,0,0,0,0,0,2,1
175,res_roUz,240,0,0,0,0,0,0,0,2,1
175,res_roUz_m,240,0,0,0,0,0,0,0,2,1
175,res_roY0,240,1.14966e-05,1.41026e-05,1.64995e-09,1.48569e-05,1.41063e-05,5.96103e-08,0,2,1
175,res_roY0_m,240,0,0,0,0,0,0,0,2,1
175,res_roY1,240,1.27294e-07,1.56137e-07,2.34823e-11,1.64472e-07,1.5618e-07,1.04494e-09,0,2,1
175,res_roY1_m,240,0,0,0,0,0,0,0,2,1
175,res_ro_m,240,0,0,0,0,0,0,0,2,1
175,res_roe,240,0.185945,0.267505,2.13582e-06,0.231667,0.26849,0.0106111,0,2,1
175,res_roe_m,240,0,0,0,0,0,0,0,2,1
176,res_ro,240,1.61934e-05,1.21132e-05,5.88033e-11,1.91772e-05,1.21165e-05,5.16432e-08,0,2,1
176,res_roK,240,1.27472e-05,8.34026e-06,3.21515e-09,0.000252613,9.7555e-06,4.00555e-06,0,2,1
176,res_roK_m,240,0,0,0,0,0,0,0,2,1
176,res_roOmega,240,141.887,202.918,3.44027e-05,41159.1,1121.64,804.958,0,2,1
176,res_roOmega_m,240,0,0,0,0,0,0,0,2,1
176,res_roUx,240,0.00252863,0.00228602,1.17768e-09,0.004503,0.00228848,3.03464e-05,0,2,1
176,res_roUx_m,240,0,0,0,0,0,0,0,2,1
176,res_roUy,240,0.00186971,0.00034979,7.31596e-11,0.00206906,0.000368415,7.23979e-05,0,2,1
176,res_roUy_m,240,0,0,0,0,0,0,0,2,1
176,res_roUz,240,0,0,0,0,0,0,0,2,1
176,res_roUz_m,240,0,0,0,0,0,0,0,2,1
176,res_roY0,240,1.11514e-05,8.24975e-06,7.06225e-10,1.50857e-05,8.25451e-06,5.44941e-08,0,2,1
176,res_roY0_m,240,0,0,0,0,0,0,0,2,1
176,res_roY1,240,1.23453e-07,9.13339e-08,1.09999e-11,1.67074e-07,9.13905e-08,9.91426e-10,0,2,1
176,res_roY1_m,240,0,0,0,0,0,0,0,2,1
176,res_ro_m,240,0,0,0,0,0,0,0,2,1
176,res_roe,240,0.203707,0.148242,2.6974e-06,0.259177,0.150075,0.0111615,0,2,1
176,res_roe_m,240,0,0,0,0,0,0,0,2,1
177,res_ro,240,1.6972e-05,2.10453e-05,9.31324e-10,2.25407e-05,2.10476e-05,5.02312e-08,0,2,2
177,res_roK,240,1.34919e-05,1.46906e-05,3.40075e-09,0.00025464,1.56004e-05,4.23143e-06,0,2,2
177,res_roK_m,240,0,0,0,0,0,0,0,2,2
177,res_roOmega,240,127.717,245.716,0.00197594,87933.4,1210.14,816.285,0,2,2
177,res_roOmega_m,240,0,0,0,0,0,0,0,2,2
177,res_roUx,240,0.00259764,0.00417412,2.73979e-10,0.0045551,0.00417573,2.98095e-05,0,2,2
177,res_roUx_m,240,0,0,0,0,0,0,0,2,2
177,res_roUy,240,0.00180952,0.000785194,2.86149e-06,0.00212568,0.000793769,7.43003e-05,0,2,2
177,res_roUy_m,240,0,0,0,0,0,0,0,2,2
177,res_roUz,240,0,0,0,0,0,0,0,2,2
177,res_roUz_m,240,0,0,0,0,0,0,0,2,2
177,res_roY0,240,1.18398e-05,1.45294e-05,1.66098e-09,1.88534e-05,1.45326e-05,5.53925e-08,0,2,2
177,res_roY0_m,240,0,0,0,0,0,0,0,2,2
177,res_roY1,240,1.3109e-07,1.60857e-07,2.50308e-11,2.08766e-07,1.60895e-07,9.98629e-10,0,2,2
177,res_roY1_m,240,0,0,0,0,0,0,0,2,2
177,res_ro_m,240,0,0,0,0,0,0,0,2,2
177,res_roe,240,0.206609,0.293576,7.62963e-06,0.273559,0.294468,0.0108426,0,2,2
177,res_roe_m,240,0,0,0,0,0,0,0,2,2
178,res_ro,240,1.65821e-05,1.01088e-05,7.4999e-12,1.89479e-05,1.0112e-05,4.88577e-08,0,2,1
178,res_roK,240,1.28362e-05,7.05098e-06,3.51891e-09,0.00025388,8.68999e-06,4.21164e-06,0,2,1
178,res_roK_m,240,0,0,0,0,0,0,0,2,1
178,res_roOmega,240,136.531,267.146,0.00280516,60031.5,1137.07,750.583,0,2,1
178,res_roOmega_m,240,0,0,0,0,0,0,0,2,1
178,res_roUx,240,0.00260057,0.00193404,2.21636e-08,0.00413841,0.00193659,3.90981e-05,0,2,1
178,res_roUx_m,240,0,0,0,0,0,0,0,2,1
178,res_roUy,240,0.00172899,0.000318183,2.8644e-06,0.00200973,0.000338238,0.000103493,0,2,1
178,res_roUy_m,240,0,0,0,0,0,0,0,2,1
178,res_roUz,240,0,0,0,0,0,0,0,2,1
178,res_roUz_m,240,0,0,0,0,0,0,0,2,1
178,res_roY0,240,1.15016e-05,6.97954e-06,2.98771e-09,1.46451e-05,6.98399e-06,5.5666e-08,0,2,1
178,res_roY0_m,240,0,0,0,0,0,0,0,2,1
178,res_roY1,240,1.27322e-07,7.72698e-08,6.87192e-11,1.62191e-07,7.73235e-08,9.95536e-10,0,2,1
178,res_roY1_m,240,0,0,0,0,0,0,0,2,1
178,res_ro_m,240,0,0,0,0,0,0,0,2,1
178,res_roe,240,0.193478,0.150299,2.20095e-05,0.252913,0.152053,0.0108601,0,2,1
178,res_roe_m,240,0,0,0,0,0,0,0,2,1
179,res_ro,240,1.57854e-05,2.08862e-05,5.82077e-11,1.77046e-05,2.0888e-05,5.00809e-08,0,2,1
179,res_roK,240,1.22844e-05,1.45862e-05,8.22374e-10,0.00025261,1.55077e-05,4.04117e-06,0,2,1
179,res_roK_m,240,0,0,0,0,0,0,0,2,1
179,res_roOmega,240,102.2,339.406,0.00201416,30775.1,1191.52,777.24,0,2,1
179,res_roOmega_m,240,0,0,0,0,0,0,0,2,1
179,res_roUx,240,0.0024897,0.00419306,1.99462e-08,0.00413892,0.00419427,3.62488e-05,0,2,1
179,res_roUx_m,240,0,0,0,0,0,0,0,2,1
179,res_roUy,240,0.00161188,0.000835188,2.86622e-06,0.00211445,0.000842802,9.05233e-05,0,2,1
179,res_roUy_m,240,0,0,0,0,0,0,0,2,1
179,res_roUz,240,0,0,0,0,0,0,0,2,1
179,res_roUz_m,240,0,0,0,0,0,0,0,2,1
179,res_roY0,240,1.11113e-05,1.44276e-05,4.80076e-10,1.365e-05,1.44301e-05,5.53449e-08,0,2,1
179,res_roY0_m,240,0,0,0,0,0,0,0,2,1
179,res_roY1,240,1.23027e-07,1.59732e-07,3.99382e-11,1.51191e-07,1.59763e-07,1.01515e-09,0,2,1
179,res_roY1_m,240,0,0,0,0,0,0,0,2,1
179,res_ro_m,240,0,0,0,0,0,0,0,2,1
179,res_roe,240,0.185482,0.283206,1.21488e-05,0.232435,0.284102,0.0110706,0,2,1
179,res_roe_m,240,0,0,0,0,0,0,0,2,1
180,res_ro,240,1.50039e-05,7.59342e-06,4.06878e-12,1.84923e-05,7.59623e-06,4.87618e-08,0,2,1
180,res_roK,240,1.16795e-05,5.34602e-06,2.38106e-09,0.000252922,7.36638e-06,4.34063e-06,0,2,1
180,res_roK_m,240,0,0,0,0,0,0,0,2,1
180,res_roOmega,240,118.22,452.156,3.93162e-06,51493.5,1280.46,860.947,0,2,1
180,res_roOmega_m,240,0,0,0,0,0,0,0,2,1
180,res_roUx,240,0.00237962,0.0014542,2.04904e-08,0.00411516,0.00145633,3.35742e-05,0,2,1
180,res_roUx_m,240,0,0,0,0,0,0,0,2,1
180,res_roUy,240,0.00128225,0.000240171,2.8616e-06,0.00163495,0.000276454,9.03705e-05,0,2,1
180,res_roUy_m,240,0,0,0,0,0,0,0,2,1
180,res_roUz,240,0,0,0,0,0,0,0,2,1
180,res_roUz_m,240,0,0,0,0,0,0,0,2,1
180,res_roY0,240,1.06232e-05,5.29769e-06,1.47936e-09,1.50725e-05,5.3017e-06,5.49398e-08,0,2,1
180,res_roY0_m,240,0,0,0,0,0,0,0,2,1
180,res_roY1,240,1.17599e-07,5.86509e-08,2.54072e-11,1.669e-07,5.87007e-08,1.02286e-09,0,2,1
180,res_roY1_m,240,0,0,0,0,0,0,0,2,1
180,res_ro_m,240,0,0,0,0,0,0,0,2,1
180,res_roe,240,0.184243,0.120349,6.69162e-08,0.257197,0.122552,0.00988985,0,2,1
180,res_roe_m,240,0,0,0,0,0,0,0,2,1
181,res_ro,240,1.27542e-05,1.88636e-05,8.13485e-12,1.9224e-05,1.88657e-05,5.15136e-08,0,2,1
181,res_roK,240,1.00454e-05,1.32041e-05,1.40851e-09,0.000251131,1.41284e-05,4.37376e-06,0,2,1
181,res_roK_m,240,0,0,0,0,0,0,0,2,1
181,res_roOmega,240,136.987,457.089,2.02646e-06,79874.7,1242.7,774.581,0,2,1
181,res_roOmega_m,240,0,0,0,0,0,0,0,2,1
181,res_roUx,240,0.00203417,0.00377429,1.92385e-08,0.0037946,0.00377564,2.86878e-05,0,2,1
181,res_roUx_m,240,0,0,0,0,0,0,0,2,1
181,res_roUy,240,0.00113154,0.000631026,2.86027e-06,0.00174999,0.000643376,5.90135e-05,0,2,1
181,res_roUy_m,240,0,0,0,0,0,0,0,2,1
181,res_roUz,240,0,0,0,0,0,0,0,2,1
181,res_roUz_m,240,0,0,0,0,0,0,0,2,1
181,res_roY0,240,9.10047e-06,1.30612e-05,7.46149e-10,1.68877e-05,1.30642e-05,5.78491e-08,0,2,1
181,res_roY0_m,240,0,0,0,0,0,0,0,2,1
181,res_roY1,240,1.00757e-07,1.44603e-07,4.1463e-11,1.86996e-07,1.44638e-07,1.00963e-09,0,2,1
181,res_roY1_m,240,0,0,0,0,0,0,0,2,1
181,res_ro_m,240,0,0,0,0,0,0,0,2,1
181,res_roe,240,0.158619,0.267212,5.7236e-06,0.222247,0.268219,0.0108403,0,2,1
181,res_roe_m,240,0,0,0,0,0,0,0,2,1
182,res_ro,240,1.27043e-05,1.43614e-05,4.57459e-13,1.88461e-05,1.43639e-05,4.91387e-08,0,2,1
182,res_roK,240,9.92588e-06,9.94794e-06,2.3479e-09,0.000252846,1.11856e-05,4.36965e-06,0,2,1
182,res_roK_m,240,0,0,0,0,0,0,0,2,1
182,res_roOmega,240,134.642,464.383,0.00201347,86612.7,1348.03,818.811,0,2,1
182,res_roOmega_m,240,0,0,0,0,0,0,0,2,1
182,res_roUx,240,0.0020298,0.00271976,6.25902e-11,0.00423221,0.00272157,2.90419e-05,0,2,1
182,res_roUx_m,240,0,0,0,0,0,0,0,2,1
182,res_roUy,240,0.00103973,0.00034079,3.51719e-11,0.00134884,0.000359857,6.21109e-05,0,2,1
182,res_roUy_m,240,0,0,0,0,0,0,0,2,1
182,res_roUz,240,0,0,0,0,0,0,0,2,1
182,res_roUz_m,240,0,0,0,0,0,0,0,2,1
182,res_roY0,240,8.82057e-06,9.84299e-06,3.71002e-11,1.63513e-05,9.84646e-06,5.19578e-08,0,2,1
182,res_roY0_m,240,0,0,0,0,0,0,0,2,1
182,res_roY1,240,9.76654e-08,1.08974e-07,2.81802e-11,1.81099e-07,1.09016e-07,9.85489e-10,0,2,1
182,res_roY1_m,240,0,0,0,0,0,0,0,2,1
182,res_ro_m,240,0,0,0,0,0,0,0,2,1
182,res_roe,240,0.153614,0.162347,1.93863e-09,0.248134,0.163872,0.0106114,0,2,1
182,res_roe_m,240,0,0,0,0,0,0,0,2,1
183,res_ro,240,1.38015e-05,1.92481e-05,0,1.7608e-05,1.92507e-05,4.94244e-08,0,2,1
183,res_roK,240,1.05807e-05,1.33842e-05,2.29571e-09,0.000250107,1.44355e-05,4.05346e-06,0,2,1
183,res_roK_m,240,0,0,0,0,0,0,0,2,1
183,res_roOmega,240,145.525,492.628,0.00201333,70384,1270.57,866.216,0,2,1
183,res_roOmega_m,240,0,0,0,0,0,0,0,2,1
183,res_roUx,240,0.00226968,0.00380251,9.97676e-10,0.00482265,0.00380421,2.72349e-05,0,2,1
183,res_roUx_m,240,0,0,0,0,0,0,0,2,1
183,res_roUy,240,0.00148903,0.000686947,8.16167e-11,0.00193196,0.00069682,6.40135e-05,0,2,1
183,res_roUy_m,240,0,0,0,0,0,0,0,2,1
183,res_roUz,240,0,0,0,0,0,0,0,2,1
183,res_roUz_m,240,0,0,0,0,0,0,0,2,1
183,res_roY0,240,9.46777e-06,1.32384e-05,1.89082e-09,1.43737e-05,1.32421e-05,5.79358e-08,0,2,1
183,res_roY0_m,240,0,0,0,0,0,0,0,2,1
183,res_roY1,240,1.04802e-07,1.46565e-07,2.90518e-11,1.59157e-07,1.46608e-07,1.01247e-09,0,2,1
183,res_roY1_m,240,0,0,0,0,0,0,0,2,1
183,res_ro_m,240,0,0,0,0,0,0,0,2,1
183,res_roe,240,0.173221,0.26656,9.04735e-06,0.218113,0.267527,0.0121757,0,2,1
183,res_roe_m,240,0,0,0,0,0,0,0,2,1
184,res_ro,240,1.56655e-05,1.16553e-05,8.13735e-12,1.91727e-05,1.16596e-05,4.94402e-08,0,2,2
184,res_roK,240,1.21165e-05,8.10619e-06,3.08497e-09,0.000249491,9.5606e-06,4.29873e-06,0,2,2
184,res_roK_m,240,0,0,0,0,0,0,0,2,2
184,res_roOmega,240,174.045,483.055,0.000736604,74263.2,1345.58,787.88,0,2,2
184,res_roOmega_m,240,0,0,0,0,0,0,0,2,2
184,res_roUx,240,0.00255987,0.00224017,2.58558e-08,0.00443566,0.00224307,2.94386e-05,0,2,2
184,res_roUx_m,240,0,0,0,0,0,0,0,2,2
184,res_roUy,240,0.00181849,0.000394618,2.84926e-06,0.00197454,0.00041307,7.18368e-05,0,2,2
184,res_roUy_m,240,0,0,0,0,0,0,0,2,2
184,res_roUz,240,0,0,0,0,0,0,0,2,2
184,res_roUz_m,240,0,0,0,0,0,0,0,2,2
184,res_roY0,240,1.08169e-05,8.02801e-06,1.06772e-09,1.53788e-05,8.0341e-06,5.81757e-08,0,2,2
184,res_roY0_m,240,0,0,0,0,0,0,0,2,2
184,res_roY1,240,1.19777e-07,8.88809e-08,1.84819e-11,1.70358e-07,8.89521e-08,1.03595e-09,0,2,2
184,res_roY1_m,240,0,0,0,0,0,0,0,2,2
184,res_ro_m,240,0,0,0,0,0,0,0,2,2
184,res_roe,240,0.176671,0.162188,1.07896e-05,0.240961,0.16366,0.0114553,0,2,2
184,res_roe_m,240,0,0,0,0,0,0,0,2,2
185,res_ro,240,1.52342e-05,1.99903e-05,0,1.83644e-05,1.99935e-05,5.0783e-08,0,2,1
185,res_roK,240,1.22375e-05,1.38211e-05,3.6988e-09,0.000247436,1.47972e-05,4.25781e-06,0,2,1
185,res_roK_m,240,0,0,0,0,0,0,0,2,1
185,res_roOmega,240,198.431,521.201,6.13113e-05,67102.8,1339.59,908.502,0,2,1
185,res_roOmega_m,240,0,0,0,0,0,0,0,2,1
185,res_roUx,240,0.00241149,0.00408421,1.09112e-09,0.00387418,0.00408616,2.82603e-05,0,2,1
185,res_roUx_m,240,0,0,0,0,0,0,0,2,1
185,res_roUy,240,0.00184761,0.000828264,7.69612e-11,0.00203314,0.000836492,6.47662e-05,0,2,1
185,res_roUy_m,240,0,0,0,0,0,0,0,2,1
185,res_roUz,240,0,0,0,0,0,0,0,2,1
185,res_roUz_m,240,0,0,0,0,0,0,0,2,1
185,res_roY0,240,1.04565e-05,1.36691e-05,4.21315e-10,1.4567e-05,1.36738e-05,5.70746e-08,0,2,1
185,res_roY0_m,240,0,0,0,0,0,0,0,2,1
185,res_roY1,240,1.15753e-07,1.51334e-07,1.67167e-11,1.6133e-07,1.51388e-07,1.03979e-09,0,2,1
185,res_roY1_m,240,0,0,0,0,0,0,0,2,1
185,res_ro_m,240,0,0,0,0,0,0,0,2,1
185,res_roe,240,0.155883,0.249533,3.09249e-06,0.220439,0.250471,0.011891,0,2,1
185,res_roe_m,240,0,0,0,0,0,0,0,2,1
186,res_ro,240,1.59884e-05,5.20102e-06,0,1.92728e-05,5.21198e-06,4.96911e-08,0,2,1
186,res_roK,240,1.2873e-05,3.7587e-06,3.06378e-09,0.000248614,6.44114e-06,4.23081e-06,0,2,1
186,res_roK_m,240,0,0,0,0,0,0,0,2,1
186,res_roOmega,240,182.976,530.62,0.00201908,68436.2,1353.63,967.886,0,2,1
186,res_roOmega_m,240,0,0,0,0,0,0,0,2,1
186,res_roUx,240,0.00250839,0.00105606,2.33798e-10,0.00491729,0.00106293,2.84448e-05,0,2,1
186,res_roUx_m,240,0,0,0,0,0,0,0,2,1
186,res_roUy,240,0.00164881,0.000263991,2.05996e-11,0.0018155,0.000288255,6.54087e-05,0,2,1
186,res_roUy_m,240,0,0,0,0,0,0,0,2,1
186,res_roUz,240,0,0,0,0,0,0,0,2,1
186,res_roUz_m,240,0,0,0,0,0,0,0,2,1
186,res_roY0,240,1.11397e-05,3.74702e-06,2.29607e-09,1.54074e-05,3.76194e-06,5.81197e-08,0,2,1
186,res_roY0_m,240,0,0,0,0,0,0,0,2,1
186,res_roY1,240,1.23335e-07,4.14844e-08,2.44341e-11,1.70647e-07,4.16583e-08,1.09343e-09,0,2,1
186,res_roY1_m,240,0,0,0,0,0,0,0,2,1
186,res_ro_m,240,0,0,0,0,0,0,0,2,1
186,res_roe,240,0.168706,0.0830541,3.87574e-06,0.23856,0.0858536,0.0113233,0,2,1
186,res_roe_m,240,0,0,0,0,0,0,0,2,1
187,res_ro,240,1.56296e-05,2.04033e-05,0,1.79822e-05,2.04072e-05,5.04338e-08,0,2,1
187,res_roK,240,1.26198e-05,1.41076e-05,2.71185e-09,0.000245749,1.50101e-05,4.12241e-06,0,2,1
187,res_roK_m,240,0,0,0,0,0,0,0,2,1
187,res_roOmega,240,159.191,543.237,0.00204885,65737.9,1309.07,914.326,0,2,1
187,res_roOmega_m,240,0,0,0,0,0,0,0,2,1
187,res_roUx,240,0.00249649,0.00417112,2.33335e-10,0.0046181,0.0041735,2.84401e-05,0,2,1
187,res_roUx_m,240,0,0,0,0,0,0,0,2,1
187,res_roUy,240,0.00196318,0.000681325,6.3169e-11,0.00223584,0.000691665,6.08522e-05,0,2,1
187,res_roUy_m,240,0,0,0,0,0,0,0,2,1
187,res_roUz,240,0,0,0,0,0,0,0,2,1
187,res_roUz_m,240,0,0,0,0,0,0,0,2,1
187,res_roY0,240,1.09403e-05,1.3951e-05,1.63556e-09,1.40372e-05,1.39566e-05,5.65422e-08,0,2,1
187,res_roY0_m,240,0,0,0,0,0,0,0,2,1
187,res_roY1,240,1.21126e-07,1.54455e-07,2.44218e-11,1.55486e-07,1.54519e-07,1.02395e-09,0,2,1
187,res_roY1_m,240,0,0,0,0,0,0,0,2,1
187,res_ro_m,240,0,0,0,0,0,0,0,2,1
187,res_roe,240,0.182675,0.273377,2.86102e-06,0.239948,0.274267,0.0110604,0,2,1
187,res_roe_m,240,0,0,0,0,0,0,0,2,1
188,res_ro,240,1.57936e-05,1.19598e-05,0,1.85935e-05,1.19654e-05,4.89779e-08,0,5,1
188,res_roK,240,1.28472e-05,8.18318e-06,1.20476e-09,0.000244164,9.79831e-06,4.2724e-06,0,5,1
188,res_roK_m,240,0,0,0,0,0,0,0,5,1
188,res_roOmega,240,114.566,544.291,6.49349e-05,86931.9,1257.61,817.751,0,5,1
188,res_roOmega_m,240,0,0,0,0,0,0,0,5,1
188,res_roUx,240,0.00242145,0.00225497,5.5182e-12,0.00429473,0.00225872,3.25198e-05,0,5,1
188,res_roUx_m,240,0,0,0,0,0,0,0,5,1
188,res_roUy,240,0.0019092,0.000391295,3.39815e-11,0.00226951,0.000407267,7.04053e-05,0,5,1
188,res_roUy_m,240,0,0,0,0,0,0,0,5,1
188,res_roUz,240,0,0,0,0,0,0,0,5,1
188,res_roUz_m,240,0,0,0,0,0,0,0,5,1
188,res_roY0,240,1.09206e-05,8.10792e-06,5.07677e-10,1.46106e-05,8.11607e-06,5.45447e-08,0,5,1
188,res_roY0_m,240,0,0,0,0,0,0,0,5,1
188,res_roY1,240,1.20898e-07,8.97636e-08,2.09248e-11,1.61742e-07,8.98575e-08,1.00135e-09,0,5,1
188,res_roY1_m,240,0,0,0,0,0,0,0,5,1
188,res_ro_m,240,0,0,0,0,0,0,0,5,1
188,res_roe,240,0.197774,0.141848,2.73922e-06,0.257525,0.143646,0.0115385,0,5,1
188,res_roe_m,240,0,0,0,0,0,0,0,5,1
189,res_ro,240,1.70636e-05,2.08365e-05,0,2.01812e-05,2.08399e-05,4.77634e-08,0,2,1
189,res_roK,240,1.35763e-05,1.45092e-05,3.38244e-09,0.000242035,1.55612e-05,4.13738e-06,0,2,1
189,res_roK_m,240,0,0,0,0,0,0,0,2,1
189,res_roOmega,240,62.4074,530.116,7.0243e-05,97711.7,1158.83,799.087,0,2,1
189,res_roOmega_m,240,0,0,0,0,0,0,0,2,1
189,res_roUx,240,0.00255455,0.00413926,6.73768e-10,0.00408351,0.0041415,2.74386e-05,0,2,1
189,res_roUx_m,240,0,0,0,0,0,0,0,2,1
189,res_roUy,240,0.00185891,0.000785667,4.61832e-11,0.0022375,0.000793976,5.97953e-05,0,2,1
189,res_roUy_m,240,0,0,0,0,0,0,0,2,1
189,res_roUz,240,0,0,0,0,0,0,0,2,1
189,res_roUz_m,240,0,0,0,0,0,0,0,2,1
189,res_roY0,240,1.1754e-05,1.43536e-05,1.86272e-09,1.58663e-05,1.43584e-05,5.73334e-08,0,2,1
189,res_roY0_m,240,0,0,0,0,0,0,0,2,1
189,res_roY1,240,1.30136e-07,1.58913e-07,4.29877e-11,1.75759e-07,1.58969e-07,1.05529e-09,0,2,1
189,res_roY1_m,240,0,0,0,0,0,0,0,2,1
189,res_ro_m,240,0,0,0,0,0,0,0,2,1
189,res_roe,240,0.20688,0.291248,2.27931e-09,0.294197,0.292114,0.0114916,0,2,1
189,res_roe_m,240,0,0,0,0,0,0,0,2,1
190,res_ro,240,1.72077e-05,1.13165e-05,7.81597e-14,1.93369e-05,1.13209e-05,4.96552e-08,0,2,1
190,res_roK,240,1.33106e-05,7.81343e-06,1.14641e-09,0.000240799,9.47223e-06,4.22879e-06,0,2,1
190,res_roK_m,240,0,0,0,0,0,0,0,2,1
190,res_roOmega,240,54.4088,486.027,0.00284798,60670.5,1154.1,826.785,0,2,1
190,res_roOmega_m,240,0,0,0,0,0,0,0,2,1
190,res_roUx,240,0.00269668,0.00217063,2.37168e-08,0.0048036,0.00217369,3.00799e-05,0,2,1
190,res_roUx_m,240,0,0,0,0,0,0,0,2,1
190,res_roUy,240,0.00206529,0.000343318,2.85333e-06,0.00267465,0.000363302,6.29241e-05,0,2,1
190,res_roUy_m,240,0,0,0,0,0,0,0,2,1
190,res_roUz,240,0,0,0,0,0,0,0,2,1
190,res_roUz_m,240,0,0,0,0,0,0,0,2,1
190,res_roY0,240,1.18954e-05,7.73871e-06,9.77622e-10,1.47523e-05,7.74499e-06,5.56866e-08,0,2,1
190,res_roY0_m,240,0,0,0,0,0,0,0,2,1
190,res_roY1,240,1.31703e-07,8.56738e-08,1.18525e-11,1.63393e-07,8.57467e-08,9.86708e-10,0,2,1
190,res_roY1_m,240,0,0,0,0,0,0,0,2,1
190,res_ro_m,240,0,0,0,0,0,0,0,2,1
190,res_roe,240,0.219497,0.169349,4.80549e-07,0.276449,0.170815,0.0118626,0,2,1
190,res_roe_m,240,0,0,0,0,0,0,0,2,1
191,res_ro,240,1.71808e-05,2.18827e-05,1.87554e-12,2.25904e-05,2.18851e-05,5.04097e-08,0,5,1
191,res_roK,240,1.31998e-05,1.51875e-05,2.13012e-09,0.000239984,1.60655e-05,3.98322e-06,0,5,1
191,res_roK_m,240,0,0,0,0,0,0,0,5,1
191,res_roOmega,240,103.492,446.16,0.00201694,86545,1182.68,812.436,0,5,1
191,res_roOmega_m,240,0,0,0,0,0,0,0,5,1
191,res_roUx,240,0.00274488,0.00441896,2.03511e-08,0.00487965,0.00442047,3.4815e-05,0,5,1
191,res_roUx_m,240,0,0,0,0,0,0,0,5,1
191,res_roUy,240,0.00185373,0.000876501,2.84322e-06,0.00244706,0.000883996,9.63729e-05,0,5,1
191,res_roUy_m,240,0,0,0,0,0,0,0,5,1
191,res_roUz,240,0,0,0,0,0,0,0,5,1
191,res_roUz_m,240,0,0,0,0,0,0,0,5,1
191,res_roY0,240,1.19511e-05,1.50208e-05,2.07143e-09,1.87957e-05,1.50242e-05,6.01043e-08,0,5,1
191,res_roY0_m,240,0,0,0,0,0,0,0,5,1
191,res_roY1,240,1.32312e-07,1.663e-07,2.70178e-11,2.08156e-07,1.6634e-07,1.03805e-09,0,5,1
191,res_roY1_m,240,0,0,0,0,0,0,0,5,1
191,res_ro_m,240,0,0,0,0,0,0,0,5,1
191,res_roe,240,0.210406,0.302265,8.1494e-06,0.260464,0.303216,0.0113253,0,5,1
191,res_roe_m,240,0,0,0,0,0,0,0,5,1
192,res_ro,240,1.67126e-05,6.3232e-06,3.66805e-12,2.19106e-05,6.32774e-06,4.82693e-08,0,2,1
192,res_roK,240,1.30753e-05,4.4104e-06,6.5311e-10,0.000238424,6.91169e-06,4.24494e-06,0,2,1
192,res_roK_m,240,0,0,0,0,0,0,0,2,1
192,res_roOmega,240,169.444,371.629,0.00201325,51126.6,1158.51,797.694,0,2,1
192,res_roOmega_m,240,0,0,0,0,0,0,0,2,1
192,res_roUx,240,0.00261227,0.00121344,2.22058e-08,0.00464641,0.0012168,3.14531e-05,0,2,1
192,res_roUx_m,240,0,0,0,0,0,0,0,2,1
192,res_roUy,240,0.0015807,0.00021401,2.82803e-06,0.00184239,0.000247456,7.8844e-05,0,2,1
192,res_roUy_m,240,0,0,0,0,0,0,0,2,1
192,res_roUz,240,0,0,0,0,0,0,0,2,1
192,res_roUz_m,240,0,0,0,0,0,0,0,2,1
192,res_roY0,240,1.17538e-05,4.37226e-06,3.13071e-09,1.8291e-05,4.37875e-06,5.56328e-08,0,2,1
192,res_roY0_m,240,0,0,0,0,0,0,0,2,1
192,res_roY1,240,1.30119e-07,4.84063e-08,2.12821e-11,2.02507e-07,4.84849e-08,1.00542e-09,0,2,1
192,res_roY1_m,240,0,0,0,0,0,0,0,2,1
192,res_ro_m,240,0,0,0,0,0,0,0,2,1
192,res_roe,240,0.212068,0.106273,5.39772e-06,0.28438,0.108629,0.0105125,0,2,1
192,res_roe_m,240,0,0,0,0,0,0,0,2,1
193,res_ro,240,1.46806e-05,1.98657e-05,0,1.74335e-05,1.98679e-05,5.28189e-08,0,2,1
193,res_roK,240,1.16912e-05,1.38084e-05,1.43769e-09,0.000238982,1.47512e-05,4.39876e-06,0,2,1
193,res_roK_m,240,0,0,0,0,0,0,0,2,1
193,res_roOmega,240,192.899,199.232,0.00202881,76166.6,1162.78,830.668,0,2,1
193,res_roOmega_m,240,0,0,0,0,0,0,0,2,1
193,res_roUx,240,0.00231783,0.00402853,1.11407e-09,0.00459592,0.00403002,3.79551e-05,0,2,1
193,res_roUx_m,240,0,0,0,0,0,0,0,2,1
193,res_roUy,240,0.00151058,0.000670332,7.8644e-11,0.00207418,0.000682913,9.92145e-05,0,2,1
193,res_roUy_m,240,0,0,0,0,0,0,0,2,1
193,res_roUz,240,0,0,0,0,0,0,0,2,1
193,res_roUz_m,240,0,0,0,0,0,0,0,2,1
193,res_roY0,240,1.03812e-05,1.36535e-05,7.24753e-10,1.39385e-05,1.36566e-05,5.49176e-08,0,2,1
193,res_roY0_m,240,0,0,0,0,0,0,0,2,1
193,res_roY1,240,1.14933e-07,1.51164e-07,1.78458e-11,1.54383e-07,1.51201e-07,1.00656e-09,0,2,1
193,res_roY1_m,240,0,0,0,0,0,0,0,2,1
193,res_ro_m,240,0,0,0,0,0,0,0,2,1
193,res_roe,240,0.180913,0.272872,3.75039e-09,0.230067,0.273941,0.0112333,0,2,1
193,res_roe_m,240,0,0,0,0,0,0,0,2,1
194,res_ro,240,1.37777e-05,1.22332e-05,7.29207e-12,1.76136e-05,1.22359e-05,5.09696e-08,0,2,1
194,res_roK,240,1.06646e-05,8.53414e-06,1.48065e-09,0.000238277,1.00625e-05,4.25847e-06,0,2,1
194,res_roK_m,240,0,0,0,0,0,0,0,2,1
194,res_roOmega,240,145.328,132.947,0.00203167,74630.8,1112.27,815.355,0,2,1
194,res_roOmega_m,240,0,0,0,0,0,0,0,2,1
194,res_roUx,240,0.00217078,0.0023149,5.87663e-12,0.00479934,0.00231682,3.01684e-05,0,2,1
194,res_roUx_m,240,0,0,0,0,0,0,0,2,1
194,res_roUy,240,0.00137083,0.000349116,2.80147e-06,0.00178772,0.000368447,6.52306e-05,0,2,1
194,res_roUy_m,240,0,0,0,0,0,0,0,2,1
194,res_roUz,240,0,0,0,0,0,0,0,2,1
194,res_roUz_m,240,0,0,0,0,0,0,0,2,1
194,res_roY0,240,9.53384e-06,8.44157e-06,3.29272e-10,1.44456e-05,8.44542e-06,5.79176e-08,0,2,1
194,res_roY0_m,240,0,0,0,0,0,0,0,2,1
194,res_roY1,240,1.05566e-07,9.34615e-08,3.09896e-11,1.59997e-07,9.3507e-08,1.0276e-09,0,2,1
194,res_roY1_m,240,0,0,0,0,0,0,0,2,1
194,res_ro_m,240,0,0,0,0,0,0,0,2,1
194,res_roe,240,0.173482,0.136559,6.18052e-06,0.237246,0.138406,0.0114072,0,2,1
194,res_roe_m,240,0,0,0,0,0,0,0,2,1
195,res_ro,240,1.35416e-05,1.89804e-05,3.66828e-12,1.75645e-05,1.89828e-05,5.11135e-08,0,2,1
195,res_roK,240,1.04891e-05,1.3316e-05,2.03176e-10,0.000238575,1.44092e-05,4.13379e-06,0,2,1
195,res_roK_m,240,0,0,0,0,0,0,0,2,1
195,res_roOmega,240,118.425,128.113,0.000258079,43046.1,1193.21,811.149,0,2,1
195,res_roOmega_m,240,0,0,0,0,0,0,0,2,1
195,res_roUx,240,0.00210954,0.00374518,1.06391e-08,0.00445322,0.00374681,2.96437e-05,0,2,1
195,res_roUx_m,240,0,0,0,0,0,0,0,2,1
195,res_roUy,240,0.00137561,0.000676265,2.78908e-06,0.00181582,0.000685457,5.86529e-05,0,2,1
195,res_roUy_m,240,0,0,0,0,0,0,0,2,1
195,res_roUz,240,0,0,0,0,0,0,0,2,1
195,res_roUz_m,240,0,0,0,0,0,0,0,2,1
195,res_roY0,240,9.49009e-06,1.31689e-05,8.51798e-10,1.45765e-05,1.31723e-05,5.82483e-08,0,2,1
195,res_roY0_m,240,0,0,0,0,0,0,0,2,1
195,res_roY1,240,1.05062e-07,1.45795e-07,2.41193e-11,1.61434e-07,1.45834e-07,1.05728e-09,0,2,1
195,res_roY1_m,240,0,0,0,0,0,0,0,2,1
195,res_ro_m,240,0,0,0,0,0,0,0,2,1
195,res_roe,240,0.177533,0.280123,7.56301e-07,0.242962,0.281019,0.0114218,0,2,1
195,res_roe_m,240,0,0,0,0,0,0,0,2,1
196,res_ro,240,1.38968e-05,1.11141e-05,7.29021e-12,1.73095e-05,1.11179e-05,4.87136e-08,0,2,1
196,res_roK,240,1.06729e-05,7.68324e-06,2.6335e-09,0.000235148,9.30186e-06,4.41833e-06,0,2,1
196,res_roK_m,240,0,0,0,0,0,0,0,2,1
196,res_roOmega,240,99.9672,96.746,0.00196964,37695.4,1181.65,874.856,0,2,1
196,res_roOmega_m,240,0,0,0,0,0,0,0,2,1
196,res_roUx,240,0.00220362,0.00211912,1.84342e-08,0.00432695,0.00212195,3.27476e-05,0,2,1
196,res_roUx_m,240,0,0,0,0,0,0,0,2,1
196,res_roUy,240,0.00143446,0.000339398,2.7798e-06,0.00185186,0.000362447,8.12658e-05,0,2,1
196,res_roUy_m,240,0,0,0,0,0,0,0,2,1
196,res_roUz,240,0,0,0,0,0,0,0,2,1
196,res_roUz_m,240,0,0,0,0,0,0,0,2,1
196,res_roY0,240,9.57548e-06,7.6e-06,1.41937e-09,1.39962e-05,7.60537e-06,5.73274e-08,0,2,1
196,res_roY0_m,240,0,0,0,0,0,0,0,2,1
196,res_roY1,240,1.06025e-07,8.41444e-08,2.51238e-11,1.54978e-07,8.42077e-08,1.01773e-09,0,2,1
196,res_roY1_m,240,0,0,0,0,0,0,0,2,1
196,res_ro_m,240,0,0,0,0,0,0,0,2,1
196,res_roe,240,0.177656,0.151263,5.39513e-06,0.230009,0.153195,0.011428,0,2,1
196,res_roe_m,240,0,0,0,0,0,0,0,2,1
197,res_ro,240,1.60902e-05,2.11648e-05,0,2.00865e-05,2.1167e-05,5.33484e-08,0,2,1
197,res_roK,240,1.24617e-05,1.47484e-05,3.35387e-09,0.000237795,1.56987e-05,4.44589e-06,0,2,1
197,res_roK_m,240,0,0,0,0,0,0,0,2,1
197,res_roOmega,240,74.2777,20.6804,0.0626221,74107.9,1190.88,885.871,0,2,1
197,res_roOmega_m,240,0,0,0,0,0,0,0,2,1
197,res_roUx,240,0.00255692,0.0042053,4.8392e-10,0.00426065,0.00420671,2.85485e-05,0,2,1
197,res_roUx_m,240,0,0,0,0,0,0,0,2,1
197,res_roUy,240,0.00139412,0.000759283,5.4027e-11,0.00174028,0.000771924,6.008e-05,0,2,1
197,res_roUy_m,240,0,0,0,0,0,0,0,2,1
197,res_roUz,240,0,0,0,0,0,0,0,2,1
197,res_roUz_m,240,0,0,0,0,0,0,0,2,1
197,res_roY0,240,1.11439e-05,1.45842e-05,2.33852e-10,1.62978e-05,1.45873e-05,6.0366e-08,0,2,1
197,res_roY0_m,240,0,0,0,0,0,0,0,2,1
197,res_roY1,240,1.23356e-07,1.61462e-07,1.03929e-11,1.8047e-07,1.615e-07,1.05953e-09,0,2,1
197,res_roY1_m,240,0,0,0,0,0,0,0,2,1
197,res_ro_m,240,0,0,0,0,0,0,0,2,1
197,res_roe,240,0.17971,0.265298,2.74182e-06,0.239516,0.266299,0.0115554,0,2,1
197,res_roe_m,240,0,0,0,0,0,0,0,2,1
198,res_ro,240,1.68207e-05,7.46311e-06,0,1.88744e-05,7.46688e-06,5.15663e-08,0,2,1
198,res_roK,240,1.30738e-05,5.28049e-06,1.70998e-09,0.000236011,7.4515e-06,4.38614e-06,0,2,1
198,res_roK_m,240,0,0,0,0,0,0,0,2,1
198,res_roOmega,240,59.1112,12.2286,0.00201355,46271.1,1270.37,988.916,0,2,1
198,res_roOmega_m,240,0,0,0,0,0,0,0,2,1
198,res_roUx,240,0.00266892,0.00144322,1.82383e-08,0.00438367,0.001446,2.53904e-05,0,2,1
198,res_roUx_m,240,0,0,0,0,0,0,0,2,1
198,res_roUy,240,0.00159506,0.00019657,2.76602e-06,0.00193278,0.000228027,5.81633e-05,0,2,1
198,res_roUy_m,240,0,0,0,0,0,0,0,2,1
198,res_roUz,240,0,0,0,0,0,0,0,2,1
198,res_roUz_m,240,0,0,0,0,0,0,0,2,1
198,res_roY0,240,1.176e-05,5.22437e-06,2.39278e-09,1.44897e-05,5.2297e-06,5.61313e-08,0,2,1
198,res_roY0_m,240,0,0,0,0,0,0,0,2,1
198,res_roY1,240,1.30201e-07,5.78385e-08,2.86997e-11,1.60492e-07,5.79033e-08,1.04575e-09,0,2,1
198,res_roY1_m,240,0,0,0,0,0,0,0,2,1
198,res_ro_m,240,0,0,0,0,0,0,0,2,1
198,res_roe,240,0.184896,0.11405,6.18052e-06,0.236822,0.116231,0.0116853,0,2,1
198,res_roe_m,240,0,0,0,0,0,0,0,2,1
199,res_ro,240,1.42409e-05,1.88578e-05,3.66805e-12,1.68093e-05,1.88602e-05,5.0404e-08,0,2,1
199,res_roK,240,1.11855e-05,1.30382e-05,7.45036e-10,0.000235834,1.41135e-05,4.26138e-06,0,2,1
199,res_roK_m,240,0,0,0,0,0,0,0,2,1
199,res_roOmega,240,89.3203,17.0626,0.00285459,85502.9,1276.48,943.286,0,2,1
199,res_roOmega_m,240,0,0,0,0,0,0,0,2,1
199,res_roUx,240,0.00227776,0.00381377,2.56283e-08,0.00364126,0.00381525,3.83565e-05,0,2,1
199,res_roUx_m,240,0,0,0,0,0,0,0,2,1
199,res_roUy,240,0.00169875,0.000639097,2.7611e-06,0.00204234,0.000648196,0.000103839,0,2,1
199,res_roUy_m,240,0,0,0,0,0,0,0,2,1
199,res_roUz,240,0,0,0,0,0,0,0,2,1
199,res_roUz_m,240,0,0,0,0,0,0,0,2,1
199,res_roY0,240,9.89206e-06,1.28905e-05,2.21185e-09,1.32611e-05,1.2894e-05,5.81339e-08,0,2,1
199,res_roY0_m,240,0,0,0,0,0,0,0,2,1
199,res_roY1,240,1.09522e-07,1.42711e-07,1.98098e-11,1.46883e-07,1.42752e-07,1.01615e-09,0,2,1
199,res_roY1_m,240,0,0,0,0,0,0,0,2,1
199,res_ro_m,240,0,0,0,0,0,0,0,2,1
199,res_roe,240,0.178217,0.258357,1.69203e-09,0.229246,0.259462,0.00998392,0,2,1
199,res_roe_m,240,0,0,0,0,0,0,0,2,1
