file,arm,omega,component,term,signed_sumV,abs_sumV
/home/ubuntu/forge-species-tp/case/16.nozzle_wys/run_0580_g3b_update_on/tp_update.h5,ON,all,w,pre:LHS sum V(pre_end - init),0.0,
/home/ubuntu/forge-species-tp/case/16.nozzle_wys/run_0580_g3b_update_on/tp_update.h5,ON,all,g,pre:LHS sum V(pre_end - init),0.0,
/home/ubuntu/forge-species-tp/case/16.nozzle_wys/run_0580_g3b_update_on/tp_update.h5,ON,all,Q2,pre:LHS sum V(pre_end - init),0.0,
/home/ubuntu/forge-species-tp/case/16.nozzle_wys/run_0580_g3b_update_on/tp_update.h5,ON,all,Q1,pre:LHS sum V(pre_end - init),7.791647712888808e-45,
/home/ubuntu/forge-species-tp/case/16.nozzle_wys/run_0580_g3b_update_on/tp_update.h5,ON,all,Q0,pre:LHS sum V(pre_end - init),0.0,
/home/ubuntu/forge-species-tp/case/16.nozzle_wys/run_0580_g3b_update_on/tp_update.h5,ON,all,w,pre:realiz_lower,0.0,
/home/ubuntu/forge-species-tp/case/16.nozzle_wys/run_0580_g3b_update_on/tp_update.h5,ON,all,g,pre:realiz_lower,0.0,
/home/ubuntu/forge-species-tp/case/16.nozzle_wys/run_0580_g3b_update_on/tp_update.h5,ON,all,Q2,pre:realiz_lower,0.0,
/home/ubuntu/forge-species-tp/case/16.nozzle_wys/run_0580_g3b_update_on/tp_update.h5,ON,all,Q1,pre:realiz_lower,0.0,
/home/ubuntu/forge-species-tp/case/16.nozzle_wys/run_0580_g3b_update_on/tp_update.h5,ON,all,Q0,pre:realiz_lower,0.0,
/home/ubuntu/forge-species-tp/case/16.nozzle_wys/run_0580_g3b_update_on/tp_update.h5,ON,all,w,pre:realiz_upper,0.0,
/home/ubuntu/forge-species-tp/case/16.nozzle_wys/run_0580_g3b_update_on/tp_update.h5,ON,all,g,pre:realiz_upper,0.0,
/home/ubuntu/forge-species-tp/case/16.nozzle_wys/run_0580_g3b_update_on/tp_update.h5,ON,all,Q2,pre:realiz_upper,0.0,
/home/ubuntu/forge-species-tp/case/16.nozzle_wys/run_0580_g3b_update_on/tp_update.h5,ON,all,Q1,pre:realiz_upper,0.0,
/home/ubuntu/forge-species-tp/case/16.nozzle_wys/run_0580_g3b_update_on/tp_update.h5,ON,all,Q0,pre:realiz_upper,0.0,
/home/ubuntu/forge-species-tp/case/16.nozzle_wys/run_0580_g3b_update_on/tp_update.h5,ON,all,w,pre:projection,0.0,
/home/ubuntu/forge-species-tp/case/16.nozzle_wys/run_0580_g3b_update_on/tp_update.h5,ON,all,g,pre:projection,0.0,
/home/ubuntu/forge-species-tp/case/16.nozzle_wys/run_0580_g3b_update_on/tp_update.h5,ON,all,Q2,pre:projection,0.0,
/home/ubuntu/forge-species-tp/case/16.nozzle_wys/run_0580_g3b_update_on/tp_update.h5,ON,all,Q1,pre:projection,7.791647712888808e-45,
/home/ubuntu/forge-species-tp/case/16.nozzle_wys/run_0580_g3b_update_on/tp_update.h5,ON,all,Q0,pre:projection,0.0,
/home/ubuntu/forge-species-tp/case/16.nozzle_wys/run_0580_g3b_update_on/tp_update.h5,ON,all,w,pre:droplet_removal (phys),0.0,
/home/ubuntu/forge-species-tp/case/16.nozzle_wys/run_0580_g3b_update_on/tp_update.h5,ON,all,g,pre:droplet_removal (phys),0.0,
/home/ubuntu/forge-species-tp/case/16.nozzle_wys/run_0580_g3b_update_on/tp_update.h5,ON,all,Q2,pre:droplet_removal (phys),0.0,
/home/ubuntu/forge-species-tp/case/16.nozzle_wys/run_0580_g3b_update_on/tp_update.h5,ON,all,Q1,pre:droplet_removal (phys),0.0,
/home/ubuntu/forge-species-tp/case/16.nozzle_wys/run_0580_g3b_update_on/tp_update.h5,ON,all,Q0,pre:droplet_removal (phys),0.0,
/home/ubuntu/forge-species-tp/case/16.nozzle_wys/run_0580_g3b_update_on/tp_update.h5,ON,all,w,pre:other state ops (pre_state-init-RZ),0.0,
/home/ubuntu/forge-species-tp/case/16.nozzle_wys/run_0580_g3b_update_on/tp_update.h5,ON,all,g,pre:other state ops (pre_state-init-RZ),0.0,
/home/ubuntu/forge-species-tp/case/16.nozzle_wys/run_0580_g3b_update_on/tp_update.h5,ON,all,Q2,pre:other state ops (pre_state-init-RZ),0.0,
/home/ubuntu/forge-species-tp/case/16.nozzle_wys/run_0580_g3b_update_on/tp_update.h5,ON,all,Q1,pre:other state ops (pre_state-init-RZ),0.0,
/home/ubuntu/forge-species-tp/case/16.nozzle_wys/run_0580_g3b_update_on/tp_update.h5,ON,all,Q0,pre:other state ops (pre_state-init-RZ),0.0,
/home/ubuntu/forge-species-tp/case/16.nozzle_wys/run_0580_g3b_update_on/tp_update.h5,ON,all,w,pre:boundary overwrite (pre_end-pre_state),0.0,
/home/ubuntu/forge-species-tp/case/16.nozzle_wys/run_0580_g3b_update_on/tp_update.h5,ON,all,g,pre:boundary overwrite (pre_end-pre_state),0.0,
/home/ubuntu/forge-species-tp/case/16.nozzle_wys/run_0580_g3b_update_on/tp_update.h5,ON,all,Q2,pre:boundary overwrite (pre_end-pre_state),0.0,
/home/ubuntu/forge-species-tp/case/16.nozzle_wys/run_0580_g3b_update_on/tp_update.h5,ON,all,Q1,pre:boundary overwrite (pre_end-pre_state),0.0,
/home/ubuntu/forge-species-tp/case/16.nozzle_wys/run_0580_g3b_update_on/tp_update.h5,ON,all,Q0,pre:boundary overwrite (pre_end-pre_state),0.0,
/home/ubuntu/forge-species-tp/case/16.nozzle_wys/run_0580_g3b_update_on/tp_update.h5,ON,all,w,pre:post-part change (post_end-pre_end),0.0,
/home/ubuntu/forge-species-tp/case/16.nozzle_wys/run_0580_g3b_update_on/tp_update.h5,ON,all,g,pre:post-part change (post_end-pre_end),0.0,
/home/ubuntu/forge-species-tp/case/16.nozzle_wys/run_0580_g3b_update_on/tp_update.h5,ON,all,Q2,pre:post-part change (post_end-pre_end),0.0,
/home/ubuntu/forge-species-tp/case/16.nozzle_wys/run_0580_g3b_update_on/tp_update.h5,ON,all,Q1,pre:post-part change (post_end-pre_end),0.0,
/home/ubuntu/forge-species-tp/case/16.nozzle_wys/run_0580_g3b_update_on/tp_update.h5,ON,all,Q0,pre:post-part change (post_end-pre_end),0.0,
/home/ubuntu/forge-species-tp/case/16.nozzle_wys/run_0580_g3b_update_on/tp_update.h5,ON,"x[in,17)",w,pre:LHS sum V(pre_end - init),0.0,
/home/ubuntu/forge-species-tp/case/16.nozzle_wys/run_0580_g3b_update_on/tp_update.h5,ON,"x[in,17)",g,pre:LHS sum V(pre_end - init),0.0,
/home/ubuntu/forge-species-tp/case/16.nozzle_wys/run_0580_g3b_update_on/tp_update.h5,ON,"x[in,17)",Q2,pre:LHS sum V(pre_end - init),0.0,
/home/ubuntu/forge-species-tp/case/16.nozzle_wys/run_0580_g3b_update_on/tp_update.h5,ON,"x[in,17)",Q1,pre:LHS sum V(pre_end - init),7.791647712888808e-45,
/home/ubuntu/forge-species-tp/case/16.nozzle_wys/run_0580_g3b_update_on/tp_update.h5,ON,"x[in,17)",Q0,pre:LHS sum V(pre_end - init),0.0,
/home/ubuntu/forge-species-tp/case/16.nozzle_wys/run_0580_g3b_update_on/tp_update.h5,ON,"x[in,17)",w,pre:realiz_lower,0.0,
/home/ubuntu/forge-species-tp/case/16.nozzle_wys/run_0580_g3b_update_on/tp_update.h5,ON,"x[in,17)",g,pre:realiz_lower,0.0,
/home/ubuntu/forge-species-tp/case/16.nozzle_wys/run_0580_g3b_update_on/tp_update.h5,ON,"x[in,17)",Q2,pre:realiz_lower,0.0,
/home/ubuntu/forge-species-tp/case/16.nozzle_wys/run_0580_g3b_update_on/tp_update.h5,ON,"x[in,17)",Q1,pre:realiz_lower,0.0,
/home/ubuntu/forge-species-tp/case/16.nozzle_wys/run_0580_g3b_update_on/tp_update.h5,ON,"x[in,17)",Q0,pre:realiz_lower,0.0,
/home/ubuntu/forge-species-tp/case/16.nozzle_wys/run_0580_g3b_update_on/tp_update.h5,ON,"x[in,17)",w,pre:realiz_upper,0.0,
/home/ubuntu/forge-species-tp/case/16.nozzle_wys/run_0580_g3b_update_on/tp_update.h5,ON,"x[in,17)",g,pre:realiz_upper,0.0,
/home/ubuntu/forge-species-tp/case/16.nozzle_wys/run_0580_g3b_update_on/tp_update.h5,ON,"x[in,17)",Q2,pre:realiz_upper,0.0,
/home/ubuntu/forge-species-tp/case/16.nozzle_wys/run_0580_g3b_update_on/tp_update.h5,ON,"x[in,17)",Q1,pre:realiz_upper,0.0,
/home/ubuntu/forge-species-tp/case/16.nozzle_wys/run_0580_g3b_update_on/tp_update.h5,ON,"x[in,17)",Q0,pre:realiz_upper,0.0,
/home/ubuntu/forge-species-tp/case/16.nozzle_wys/run_0580_g3b_update_on/tp_update.h5,ON,"x[in,17)",w,pre:projection,0.0,
/home/ubuntu/forge-species-tp/case/16.nozzle_wys/run_0580_g3b_update_on/tp_update.h5,ON,"x[in,17)",g,pre:projection,0.0,
/home/ubuntu/forge-species-tp/case/16.nozzle_wys/run_0580_g3b_update_on/tp_update.h5,ON,"x[in,17)",Q2,pre:projection,0.0,
/home/ubuntu/forge-species-tp/case/16.nozzle_wys/run_0580_g3b_update_on/tp_update.h5,ON,"x[in,17)",Q1,pre:projection,7.791647712888808e-45,
/home/ubuntu/forge-species-tp/case/16.nozzle_wys/run_0580_g3b_update_on/tp_update.h5,ON,"x[in,17)",Q0,pre:projection,0.0,
/home/ubuntu/forge-species-tp/case/16.nozzle_wys/run_0580_g3b_update_on/tp_update.h5,ON,"x[in,17)",w,pre:droplet_removal (phys),0.0,
/home/ubuntu/forge-species-tp/case/16.nozzle_wys/run_0580_g3b_update_on/tp_update.h5,ON,"x[in,17)",g,pre:droplet_removal (phys),0.0,
/home/ubuntu/forge-species-tp/case/16.nozzle_wys/run_0580_g3b_update_on/tp_update.h5,ON,"x[in,17)",Q2,pre:droplet_removal (phys),0.0,
/home/ubuntu/forge-species-tp/case/16.nozzle_wys/run_0580_g3b_update_on/tp_update.h5,ON,"x[in,17)",Q1,pre:droplet_removal (phys),0.0,
/home/ubuntu/forge-species-tp/case/16.nozzle_wys/run_0580_g3b_update_on/tp_update.h5,ON,"x[in,17)",Q0,pre:droplet_removal (phys),0.0,
/home/ubuntu/forge-species-tp/case/16.nozzle_wys/run_0580_g3b_update_on/tp_update.h5,ON,"x[in,17)",w,pre:other state ops (pre_state-init-RZ),0.0,
/home/ubuntu/forge-species-tp/case/16.nozzle_wys/run_0580_g3b_update_on/tp_update.h5,ON,"x[in,17)",g,pre:other state ops (pre_state-init-RZ),0.0,
/home/ubuntu/forge-species-tp/case/16.nozzle_wys/run_0580_g3b_update_on/tp_update.h5,ON,"x[in,17)",Q2,pre:other state ops (pre_state-init-RZ),0.0,
/home/ubuntu/forge-species-tp/case/16.nozzle_wys/run_0580_g3b_update_on/tp_update.h5,ON,"x[in,17)",Q1,pre:other state ops (pre_state-init-RZ),0.0,
/home/ubuntu/forge-species-tp/case/16.nozzle_wys/run_0580_g3b_update_on/tp_update.h5,ON,"x[in,17)",Q0,pre:other state ops (pre_state-init-RZ),0.0,
/home/ubuntu/forge-species-tp/case/16.nozzle_wys/run_0580_g3b_update_on/tp_update.h5,ON,"x[in,17)",w,pre:boundary overwrite (pre_end-pre_state),0.0,
/home/ubuntu/forge-species-tp/case/16.nozzle_wys/run_0580_g3b_update_on/tp_update.h5,ON,"x[in,17)",g,pre:boundary overwrite (pre_end-pre_state),0.0,
/home/ubuntu/forge-species-tp/case/16.nozzle_wys/run_0580_g3b_update_on/tp_update.h5,ON,"x[in,17)",Q2,pre:boundary overwrite (pre_end-pre_state),0.0,
/home/ubuntu/forge-species-tp/case/16.nozzle_wys/run_0580_g3b_update_on/tp_update.h5,ON,"x[in,17)",Q1,pre:boundary overwrite (pre_end-pre_state),0.0,
/home/ubuntu/forge-species-tp/case/16.nozzle_wys/run_0580_g3b_update_on/tp_update.h5,ON,"x[in,17)",Q0,pre:boundary overwrite (pre_end-pre_state),0.0,
/home/ubuntu/forge-species-tp/case/16.nozzle_wys/run_0580_g3b_update_on/tp_update.h5,ON,"x[in,17)",w,pre:post-part change (post_end-pre_end),0.0,
/home/ubuntu/forge-species-tp/case/16.nozzle_wys/run_0580_g3b_update_on/tp_update.h5,ON,"x[in,17)",g,pre:post-part change (post_end-pre_end),0.0,
/home/ubuntu/forge-species-tp/case/16.nozzle_wys/run_0580_g3b_update_on/tp_update.h5,ON,"x[in,17)",Q2,pre:post-part change (post_end-pre_end),0.0,
/home/ubuntu/forge-species-tp/case/16.nozzle_wys/run_0580_g3b_update_on/tp_update.h5,ON,"x[in,17)",Q1,pre:post-part change (post_end-pre_end),0.0,
/home/ubuntu/forge-species-tp/case/16.nozzle_wys/run_0580_g3b_update_on/tp_update.h5,ON,"x[in,17)",Q0,pre:post-part change (post_end-pre_end),0.0,
/home/ubuntu/forge-species-tp/case/16.nozzle_wys/run_0580_g3b_update_on/tp_update.h5,ON,"x[17,35)",w,pre:LHS sum V(pre_end - init),0.0,
/home/ubuntu/forge-species-tp/case/16.nozzle_wys/run_0580_g3b_update_on/tp_update.h5,ON,"x[17,35)",g,pre:LHS sum V(pre_end - init),0.0,
/home/ubuntu/forge-species-tp/case/16.nozzle_wys/run_0580_g3b_update_on/tp_update.h5,ON,"x[17,35)",Q2,pre:LHS sum V(pre_end - init),0.0,
/home/ubuntu/forge-species-tp/case/16.nozzle_wys/run_0580_g3b_update_on/tp_update.h5,ON,"x[17,35)",Q1,pre:LHS sum V(pre_end - init),0.0,
/home/ubuntu/forge-species-tp/case/16.nozzle_wys/run_0580_g3b_update_on/tp_update.h5,ON,"x[17,35)",Q0,pre:LHS sum V(pre_end - init),0.0,
/home/ubuntu/forge-species-tp/case/16.nozzle_wys/run_0580_g3b_update_on/tp_update.h5,ON,"x[17,35)",w,pre:realiz_lower,0.0,
/home/ubuntu/forge-species-tp/case/16.nozzle_wys/run_0580_g3b_update_on/tp_update.h5,ON,"x[17,35)",g,pre:realiz_lower,0.0,
/home/ubuntu/forge-species-tp/case/16.nozzle_wys/run_0580_g3b_update_on/tp_update.h5,ON,"x[17,35)",Q2,pre:realiz_lower,0.0,
/home/ubuntu/forge-species-tp/case/16.nozzle_wys/run_0580_g3b_update_on/tp_update.h5,ON,"x[17,35)",Q1,pre:realiz_lower,0.0,
/home/ubuntu/forge-species-tp/case/16.nozzle_wys/run_0580_g3b_update_on/tp_update.h5,ON,"x[17,35)",Q0,pre:realiz_lower,0.0,
/home/ubuntu/forge-species-tp/case/16.nozzle_wys/run_0580_g3b_update_on/tp_update.h5,ON,"x[17,35)",w,pre:realiz_upper,0.0,
/home/ubuntu/forge-species-tp/case/16.nozzle_wys/run_0580_g3b_update_on/tp_update.h5,ON,"x[17,35)",g,pre:realiz_upper,0.0,
/home/ubuntu/forge-species-tp/case/16.nozzle_wys/run_0580_g3b_update_on/tp_update.h5,ON,"x[17,35)",Q2,pre:realiz_upper,0.0,
/home/ubuntu/forge-species-tp/case/16.nozzle_wys/run_0580_g3b_update_on/tp_update.h5,ON,"x[17,35)",Q1,pre:realiz_upper,0.0,
/home/ubuntu/forge-species-tp/case/16.nozzle_wys/run_0580_g3b_update_on/tp_update.h5,ON,"x[17,35)",Q0,pre:realiz_upper,0.0,
/home/ubuntu/forge-species-tp/case/16.nozzle_wys/run_0580_g3b_update_on/tp_update.h5,ON,"x[17,35)",w,pre:projection,0.0,
/home/ubuntu/forge-species-tp/case/16.nozzle_wys/run_0580_g3b_update_on/tp_update.h5,ON,"x[17,35)",g,pre:projection,0.0,
/home/ubuntu/forge-species-tp/case/16.nozzle_wys/run_0580_g3b_update_on/tp_update.h5,ON,"x[17,35)",Q2,pre:projection,0.0,
/home/ubuntu/forge-species-tp/case/16.nozzle_wys/run_0580_g3b_update_on/tp_update.h5,ON,"x[17,35)",Q1,pre:projection,0.0,
/home/ubuntu/forge-species-tp/case/16.nozzle_wys/run_0580_g3b_update_on/tp_update.h5,ON,"x[17,35)",Q0,pre:projection,0.0,
/home/ubuntu/forge-species-tp/case/16.nozzle_wys/run_0580_g3b_update_on/tp_update.h5,ON,"x[17,35)",w,pre:droplet_removal (phys),0.0,
/home/ubuntu/forge-species-tp/case/16.nozzle_wys/run_0580_g3b_update_on/tp_update.h5,ON,"x[17,35)",g,pre:droplet_removal (phys),0.0,
/home/ubuntu/forge-species-tp/case/16.nozzle_wys/run_0580_g3b_update_on/tp_update.h5,ON,"x[17,35)",Q2,pre:droplet_removal (phys),0.0,
/home/ubuntu/forge-species-tp/case/16.nozzle_wys/run_0580_g3b_update_on/tp_update.h5,ON,"x[17,35)",Q1,pre:droplet_removal (phys),0.0,
/home/ubuntu/forge-species-tp/case/16.nozzle_wys/run_0580_g3b_update_on/tp_update.h5,ON,"x[17,35)",Q0,pre:droplet_removal (phys),0.0,
/home/ubuntu/forge-species-tp/case/16.nozzle_wys/run_0580_g3b_update_on/tp_update.h5,ON,"x[17,35)",w,pre:other state ops (pre_state-init-RZ),0.0,
/home/ubuntu/forge-species-tp/case/16.nozzle_wys/run_0580_g3b_update_on/tp_update.h5,ON,"x[17,35)",g,pre:other state ops (pre_state-init-RZ),0.0,
/home/ubuntu/forge-species-tp/case/16.nozzle_wys/run_0580_g3b_update_on/tp_update.h5,ON,"x[17,35)",Q2,pre:other state ops (pre_state-init-RZ),0.0,
/home/ubuntu/forge-species-tp/case/16.nozzle_wys/run_0580_g3b_update_on/tp_update.h5,ON,"x[17,35)",Q1,pre:other state ops (pre_state-init-RZ),0.0,
/home/ubuntu/forge-species-tp/case/16.nozzle_wys/run_0580_g3b_update_on/tp_update.h5,ON,"x[17,35)",Q0,pre:other state ops (pre_state-init-RZ),0.0,
/home/ubuntu/forge-species-tp/case/16.nozzle_wys/run_0580_g3b_update_on/tp_update.h5,ON,"x[17,35)",w,pre:boundary overwrite (pre_end-pre_state),0.0,
/home/ubuntu/forge-species-tp/case/16.nozzle_wys/run_0580_g3b_update_on/tp_update.h5,ON,"x[17,35)",g,pre:boundary overwrite (pre_end-pre_state),0.0,
/home/ubuntu/forge-species-tp/case/16.nozzle_wys/run_0580_g3b_update_on/tp_update.h5,ON,"x[17,35)",Q2,pre:boundary overwrite (pre_end-pre_state),0.0,
/home/ubuntu/forge-species-tp/case/16.nozzle_wys/run_0580_g3b_update_on/tp_update.h5,ON,"x[17,35)",Q1,pre:boundary overwrite (pre_end-pre_state),0.0,
/home/ubuntu/forge-species-tp/case/16.nozzle_wys/run_0580_g3b_update_on/tp_update.h5,ON,"x[17,35)",Q0,pre:boundary overwrite (pre_end-pre_state),0.0,
/home/ubuntu/forge-species-tp/case/16.nozzle_wys/run_0580_g3b_update_on/tp_update.h5,ON,"x[17,35)",w,pre:post-part change (post_end-pre_end),0.0,
/home/ubuntu/forge-species-tp/case/16.nozzle_wys/run_0580_g3b_update_on/tp_update.h5,ON,"x[17,35)",g,pre:post-part change (post_end-pre_end),0.0,
/home/ubuntu/forge-species-tp/case/16.nozzle_wys/run_0580_g3b_update_on/tp_update.h5,ON,"x[17,35)",Q2,pre:post-part change (post_end-pre_end),0.0,
/home/ubuntu/forge-species-tp/case/16.nozzle_wys/run_0580_g3b_update_on/tp_update.h5,ON,"x[17,35)",Q1,pre:post-part change (post_end-pre_end),0.0,
/home/ubuntu/forge-species-tp/case/16.nozzle_wys/run_0580_g3b_update_on/tp_update.h5,ON,"x[17,35)",Q0,pre:post-part change (post_end-pre_end),0.0,
/home/ubuntu/forge-species-tp/case/16.nozzle_wys/run_0580_g3b_update_on/tp_update.h5,ON,"x[35,70)",w,pre:LHS sum V(pre_end - init),0.0,
/home/ubuntu/forge-species-tp/case/16.nozzle_wys/run_0580_g3b_update_on/tp_update.h5,ON,"x[35,70)",g,pre:LHS sum V(pre_end - init),0.0,
/home/ubuntu/forge-species-tp/case/16.nozzle_wys/run_0580_g3b_update_on/tp_update.h5,ON,"x[35,70)",Q2,pre:LHS sum V(pre_end - init),0.0,
/home/ubuntu/forge-species-tp/case/16.nozzle_wys/run_0580_g3b_update_on/tp_update.h5,ON,"x[35,70)",Q1,pre:LHS sum V(pre_end - init),0.0,
/home/ubuntu/forge-species-tp/case/16.nozzle_wys/run_0580_g3b_update_on/tp_update.h5,ON,"x[35,70)",Q0,pre:LHS sum V(pre_end - init),0.0,
/home/ubuntu/forge-species-tp/case/16.nozzle_wys/run_0580_g3b_update_on/tp_update.h5,ON,"x[35,70)",w,pre:realiz_lower,0.0,
/home/ubuntu/forge-species-tp/case/16.nozzle_wys/run_0580_g3b_update_on/tp_update.h5,ON,"x[35,70)",g,pre:realiz_lower,0.0,
/home/ubuntu/forge-species-tp/case/16.nozzle_wys/run_0580_g3b_update_on/tp_update.h5,ON,"x[35,70)",Q2,pre:realiz_lower,0.0,
/home/ubuntu/forge-species-tp/case/16.nozzle_wys/run_0580_g3b_update_on/tp_update.h5,ON,"x[35,70)",Q1,pre:realiz_lower,0.0,
/home/ubuntu/forge-species-tp/case/16.nozzle_wys/run_0580_g3b_update_on/tp_update.h5,ON,"x[35,70)",Q0,pre:realiz_lower,0.0,
/home/ubuntu/forge-species-tp/case/16.nozzle_wys/run_0580_g3b_update_on/tp_update.h5,ON,"x[35,70)",w,pre:realiz_upper,0.0,
/home/ubuntu/forge-species-tp/case/16.nozzle_wys/run_0580_g3b_update_on/tp_update.h5,ON,"x[35,70)",g,pre:realiz_upper,0.0,
/home/ubuntu/forge-species-tp/case/16.nozzle_wys/run_0580_g3b_update_on/tp_update.h5,ON,"x[35,70)",Q2,pre:realiz_upper,0.0,
/home/ubuntu/forge-species-tp/case/16.nozzle_wys/run_0580_g3b_update_on/tp_update.h5,ON,"x[35,70)",Q1,pre:realiz_upper,0.0,
/home/ubuntu/forge-species-tp/case/16.nozzle_wys/run_0580_g3b_update_on/tp_update.h5,ON,"x[35,70)",Q0,pre:realiz_upper,0.0,
/home/ubuntu/forge-species-tp/case/16.nozzle_wys/run_0580_g3b_update_on/tp_update.h5,ON,"x[35,70)",w,pre:projection,0.0,
/home/ubuntu/forge-species-tp/case/16.nozzle_wys/run_0580_g3b_update_on/tp_update.h5,ON,"x[35,70)",g,pre:projection,0.0,
/home/ubuntu/forge-species-tp/case/16.nozzle_wys/run_0580_g3b_update_on/tp_update.h5,ON,"x[35,70)",Q2,pre:projection,0.0,
/home/ubuntu/forge-species-tp/case/16.nozzle_wys/run_0580_g3b_update_on/tp_update.h5,ON,"x[35,70)",Q1,pre:projection,0.0,
/home/ubuntu/forge-species-tp/case/16.nozzle_wys/run_0580_g3b_update_on/tp_update.h5,ON,"x[35,70)",Q0,pre:projection,0.0,
/home/ubuntu/forge-species-tp/case/16.nozzle_wys/run_0580_g3b_update_on/tp_update.h5,ON,"x[35,70)",w,pre:droplet_removal (phys),0.0,
/home/ubuntu/forge-species-tp/case/16.nozzle_wys/run_0580_g3b_update_on/tp_update.h5,ON,"x[35,70)",g,pre:droplet_removal (phys),0.0,
/home/ubuntu/forge-species-tp/case/16.nozzle_wys/run_0580_g3b_update_on/tp_update.h5,ON,"x[35,70)",Q2,pre:droplet_removal (phys),0.0,
/home/ubuntu/forge-species-tp/case/16.nozzle_wys/run_0580_g3b_update_on/tp_update.h5,ON,"x[35,70)",Q1,pre:droplet_removal (phys),0.0,
/home/ubuntu/forge-species-tp/case/16.nozzle_wys/run_0580_g3b_update_on/tp_update.h5,ON,"x[35,70)",Q0,pre:droplet_removal (phys),0.0,
/home/ubuntu/forge-species-tp/case/16.nozzle_wys/run_0580_g3b_update_on/tp_update.h5,ON,"x[35,70)",w,pre:other state ops (pre_state-init-RZ),0.0,
/home/ubuntu/forge-species-tp/case/16.nozzle_wys/run_0580_g3b_update_on/tp_update.h5,ON,"x[35,70)",g,pre:other state ops (pre_state-init-RZ),0.0,
/home/ubuntu/forge-species-tp/case/16.nozzle_wys/run_0580_g3b_update_on/tp_update.h5,ON,"x[35,70)",Q2,pre:other state ops (pre_state-init-RZ),0.0,
/home/ubuntu/forge-species-tp/case/16.nozzle_wys/run_0580_g3b_update_on/tp_update.h5,ON,"x[35,70)",Q1,pre:other state ops (pre_state-init-RZ),0.0,
/home/ubuntu/forge-species-tp/case/16.nozzle_wys/run_0580_g3b_update_on/tp_update.h5,ON,"x[35,70)",Q0,pre:other state ops (pre_state-init-RZ),0.0,
/home/ubuntu/forge-species-tp/case/16.nozzle_wys/run_0580_g3b_update_on/tp_update.h5,ON,"x[35,70)",w,pre:boundary overwrite (pre_end-pre_state),0.0,
/home/ubuntu/forge-species-tp/case/16.nozzle_wys/run_0580_g3b_update_on/tp_update.h5,ON,"x[35,70)",g,pre:boundary overwrite (pre_end-pre_state),0.0,
/home/ubuntu/forge-species-tp/case/16.nozzle_wys/run_0580_g3b_update_on/tp_update.h5,ON,"x[35,70)",Q2,pre:boundary overwrite (pre_end-pre_state),0.0,
/home/ubuntu/forge-species-tp/case/16.nozzle_wys/run_0580_g3b_update_on/tp_update.h5,ON,"x[35,70)",Q1,pre:boundary overwrite (pre_end-pre_state),0.0,
/home/ubuntu/forge-species-tp/case/16.nozzle_wys/run_0580_g3b_update_on/tp_update.h5,ON,"x[35,70)",Q0,pre:boundary overwrite (pre_end-pre_state),0.0,
/home/ubuntu/forge-species-tp/case/16.nozzle_wys/run_0580_g3b_update_on/tp_update.h5,ON,"x[35,70)",w,pre:post-part change (post_end-pre_end),0.0,
/home/ubuntu/forge-species-tp/case/16.nozzle_wys/run_0580_g3b_update_on/tp_update.h5,ON,"x[35,70)",g,pre:post-part change (post_end-pre_end),0.0,
/home/ubuntu/forge-species-tp/case/16.nozzle_wys/run_0580_g3b_update_on/tp_update.h5,ON,"x[35,70)",Q2,pre:post-part change (post_end-pre_end),0.0,
/home/ubuntu/forge-species-tp/case/16.nozzle_wys/run_0580_g3b_update_on/tp_update.h5,ON,"x[35,70)",Q1,pre:post-part change (post_end-pre_end),0.0,
/home/ubuntu/forge-species-tp/case/16.nozzle_wys/run_0580_g3b_update_on/tp_update.h5,ON,"x[35,70)",Q0,pre:post-part change (post_end-pre_end),0.0,
/home/ubuntu/forge-species-tp/case/16.nozzle_wys/run_0580_g3b_update_on/tp_update.h5,ON,"x[70,ex]",w,pre:LHS sum V(pre_end - init),0.0,
/home/ubuntu/forge-species-tp/case/16.nozzle_wys/run_0580_g3b_update_on/tp_update.h5,ON,"x[70,ex]",g,pre:LHS sum V(pre_end - init),0.0,
/home/ubuntu/forge-species-tp/case/16.nozzle_wys/run_0580_g3b_update_on/tp_update.h5,ON,"x[70,ex]",Q2,pre:LHS sum V(pre_end - init),0.0,
/home/ubuntu/forge-species-tp/case/16.nozzle_wys/run_0580_g3b_update_on/tp_update.h5,ON,"x[70,ex]",Q1,pre:LHS sum V(pre_end - init),0.0,
/home/ubuntu/forge-species-tp/case/16.nozzle_wys/run_0580_g3b_update_on/tp_update.h5,ON,"x[70,ex]",Q0,pre:LHS sum V(pre_end - init),0.0,
/home/ubuntu/forge-species-tp/case/16.nozzle_wys/run_0580_g3b_update_on/tp_update.h5,ON,"x[70,ex]",w,pre:realiz_lower,0.0,
/home/ubuntu/forge-species-tp/case/16.nozzle_wys/run_0580_g3b_update_on/tp_update.h5,ON,"x[70,ex]",g,pre:realiz_lower,0.0,
/home/ubuntu/forge-species-tp/case/16.nozzle_wys/run_0580_g3b_update_on/tp_update.h5,ON,"x[70,ex]",Q2,pre:realiz_lower,0.0,
/home/ubuntu/forge-species-tp/case/16.nozzle_wys/run_0580_g3b_update_on/tp_update.h5,ON,"x[70,ex]",Q1,pre:realiz_lower,0.0,
/home/ubuntu/forge-species-tp/case/16.nozzle_wys/run_0580_g3b_update_on/tp_update.h5,ON,"x[70,ex]",Q0,pre:realiz_lower,0.0,
/home/ubuntu/forge-species-tp/case/16.nozzle_wys/run_0580_g3b_update_on/tp_update.h5,ON,"x[70,ex]",w,pre:realiz_upper,0.0,
/home/ubuntu/forge-species-tp/case/16.nozzle_wys/run_0580_g3b_update_on/tp_update.h5,ON,"x[70,ex]",g,pre:realiz_upper,0.0,
/home/ubuntu/forge-species-tp/case/16.nozzle_wys/run_0580_g3b_update_on/tp_update.h5,ON,"x[70,ex]",Q2,pre:realiz_upper,0.0,
/home/ubuntu/forge-species-tp/case/16.nozzle_wys/run_0580_g3b_update_on/tp_update.h5,ON,"x[70,ex]",Q1,pre:realiz_upper,0.0,
/home/ubuntu/forge-species-tp/case/16.nozzle_wys/run_0580_g3b_update_on/tp_update.h5,ON,"x[70,ex]",Q0,pre:realiz_upper,0.0,
/home/ubuntu/forge-species-tp/case/16.nozzle_wys/run_0580_g3b_update_on/tp_update.h5,ON,"x[70,ex]",w,pre:projection,0.0,
/home/ubuntu/forge-species-tp/case/16.nozzle_wys/run_0580_g3b_update_on/tp_update.h5,ON,"x[70,ex]",g,pre:projection,0.0,
/home/ubuntu/forge-species-tp/case/16.nozzle_wys/run_0580_g3b_update_on/tp_update.h5,ON,"x[70,ex]",Q2,pre:projection,0.0,
/home/ubuntu/forge-species-tp/case/16.nozzle_wys/run_0580_g3b_update_on/tp_update.h5,ON,"x[70,ex]",Q1,pre:projection,0.0,
/home/ubuntu/forge-species-tp/case/16.nozzle_wys/run_0580_g3b_update_on/tp_update.h5,ON,"x[70,ex]",Q0,pre:projection,0.0,
/home/ubuntu/forge-species-tp/case/16.nozzle_wys/run_0580_g3b_update_on/tp_update.h5,ON,"x[70,ex]",w,pre:droplet_removal (phys),0.0,
/home/ubuntu/forge-species-tp/case/16.nozzle_wys/run_0580_g3b_update_on/tp_update.h5,ON,"x[70,ex]",g,pre:droplet_removal (phys),0.0,
/home/ubuntu/forge-species-tp/case/16.nozzle_wys/run_0580_g3b_update_on/tp_update.h5,ON,"x[70,ex]",Q2,pre:droplet_removal (phys),0.0,
/home/ubuntu/forge-species-tp/case/16.nozzle_wys/run_0580_g3b_update_on/tp_update.h5,ON,"x[70,ex]",Q1,pre:droplet_removal (phys),0.0,
/home/ubuntu/forge-species-tp/case/16.nozzle_wys/run_0580_g3b_update_on/tp_update.h5,ON,"x[70,ex]",Q0,pre:droplet_removal (phys),0.0,
/home/ubuntu/forge-species-tp/case/16.nozzle_wys/run_0580_g3b_update_on/tp_update.h5,ON,"x[70,ex]",w,pre:other state ops (pre_state-init-RZ),0.0,
/home/ubuntu/forge-species-tp/case/16.nozzle_wys/run_0580_g3b_update_on/tp_update.h5,ON,"x[70,ex]",g,pre:other state ops (pre_state-init-RZ),0.0,
/home/ubuntu/forge-species-tp/case/16.nozzle_wys/run_0580_g3b_update_on/tp_update.h5,ON,"x[70,ex]",Q2,pre:other state ops (pre_state-init-RZ),0.0,
/home/ubuntu/forge-species-tp/case/16.nozzle_wys/run_0580_g3b_update_on/tp_update.h5,ON,"x[70,ex]",Q1,pre:other state ops (pre_state-init-RZ),0.0,
/home/ubuntu/forge-species-tp/case/16.nozzle_wys/run_0580_g3b_update_on/tp_update.h5,ON,"x[70,ex]",Q0,pre:other state ops (pre_state-init-RZ),0.0,
/home/ubuntu/forge-species-tp/case/16.nozzle_wys/run_0580_g3b_update_on/tp_update.h5,ON,"x[70,ex]",w,pre:boundary overwrite (pre_end-pre_state),0.0,
/home/ubuntu/forge-species-tp/case/16.nozzle_wys/run_0580_g3b_update_on/tp_update.h5,ON,"x[70,ex]",g,pre:boundary overwrite (pre_end-pre_state),0.0,
/home/ubuntu/forge-species-tp/case/16.nozzle_wys/run_0580_g3b_update_on/tp_update.h5,ON,"x[70,ex]",Q2,pre:boundary overwrite (pre_end-pre_state),0.0,
/home/ubuntu/forge-species-tp/case/16.nozzle_wys/run_0580_g3b_update_on/tp_update.h5,ON,"x[70,ex]",Q1,pre:boundary overwrite (pre_end-pre_state),0.0,
/home/ubuntu/forge-species-tp/case/16.nozzle_wys/run_0580_g3b_update_on/tp_update.h5,ON,"x[70,ex]",Q0,pre:boundary overwrite (pre_end-pre_state),0.0,
/home/ubuntu/forge-species-tp/case/16.nozzle_wys/run_0580_g3b_update_on/tp_update.h5,ON,"x[70,ex]",w,pre:post-part change (post_end-pre_end),0.0,
/home/ubuntu/forge-species-tp/case/16.nozzle_wys/run_0580_g3b_update_on/tp_update.h5,ON,"x[70,ex]",g,pre:post-part change (post_end-pre_end),0.0,
/home/ubuntu/forge-species-tp/case/16.nozzle_wys/run_0580_g3b_update_on/tp_update.h5,ON,"x[70,ex]",Q2,pre:post-part change (post_end-pre_end),0.0,
/home/ubuntu/forge-species-tp/case/16.nozzle_wys/run_0580_g3b_update_on/tp_update.h5,ON,"x[70,ex]",Q1,pre:post-part change (post_end-pre_end),0.0,
/home/ubuntu/forge-species-tp/case/16.nozzle_wys/run_0580_g3b_update_on/tp_update.h5,ON,"x[70,ex]",Q0,pre:post-part change (post_end-pre_end),0.0,
/home/ubuntu/forge-species-tp/case/16.nozzle_wys/run_0580_g3b_update_on/tp_update.h5,ON,x35-70 wd<0.4,w,pre:LHS sum V(pre_end - init),0.0,
/home/ubuntu/forge-species-tp/case/16.nozzle_wys/run_0580_g3b_update_on/tp_update.h5,ON,x35-70 wd<0.4,g,pre:LHS sum V(pre_end - init),0.0,
/home/ubuntu/forge-species-tp/case/16.nozzle_wys/run_0580_g3b_update_on/tp_update.h5,ON,x35-70 wd<0.4,Q2,pre:LHS sum V(pre_end - init),0.0,
/home/ubuntu/forge-species-tp/case/16.nozzle_wys/run_0580_g3b_update_on/tp_update.h5,ON,x35-70 wd<0.4,Q1,pre:LHS sum V(pre_end - init),0.0,
/home/ubuntu/forge-species-tp/case/16.nozzle_wys/run_0580_g3b_update_on/tp_update.h5,ON,x35-70 wd<0.4,Q0,pre:LHS sum V(pre_end - init),0.0,
/home/ubuntu/forge-species-tp/case/16.nozzle_wys/run_0580_g3b_update_on/tp_update.h5,ON,x35-70 wd<0.4,w,pre:realiz_lower,0.0,
/home/ubuntu/forge-species-tp/case/16.nozzle_wys/run_0580_g3b_update_on/tp_update.h5,ON,x35-70 wd<0.4,g,pre:realiz_lower,0.0,
/home/ubuntu/forge-species-tp/case/16.nozzle_wys/run_0580_g3b_update_on/tp_update.h5,ON,x35-70 wd<0.4,Q2,pre:realiz_lower,0.0,
/home/ubuntu/forge-species-tp/case/16.nozzle_wys/run_0580_g3b_update_on/tp_update.h5,ON,x35-70 wd<0.4,Q1,pre:realiz_lower,0.0,
/home/ubuntu/forge-species-tp/case/16.nozzle_wys/run_0580_g3b_update_on/tp_update.h5,ON,x35-70 wd<0.4,Q0,pre:realiz_lower,0.0,
/home/ubuntu/forge-species-tp/case/16.nozzle_wys/run_0580_g3b_update_on/tp_update.h5,ON,x35-70 wd<0.4,w,pre:realiz_upper,0.0,
/home/ubuntu/forge-species-tp/case/16.nozzle_wys/run_0580_g3b_update_on/tp_update.h5,ON,x35-70 wd<0.4,g,pre:realiz_upper,0.0,
/home/ubuntu/forge-species-tp/case/16.nozzle_wys/run_0580_g3b_update_on/tp_update.h5,ON,x35-70 wd<0.4,Q2,pre:realiz_upper,0.0,
/home/ubuntu/forge-species-tp/case/16.nozzle_wys/run_0580_g3b_update_on/tp_update.h5,ON,x35-70 wd<0.4,Q1,pre:realiz_upper,0.0,
/home/ubuntu/forge-species-tp/case/16.nozzle_wys/run_0580_g3b_update_on/tp_update.h5,ON,x35-70 wd<0.4,Q0,pre:realiz_upper,0.0,
/home/ubuntu/forge-species-tp/case/16.nozzle_wys/run_0580_g3b_update_on/tp_update.h5,ON,x35-70 wd<0.4,w,pre:projection,0.0,
/home/ubuntu/forge-species-tp/case/16.nozzle_wys/run_0580_g3b_update_on/tp_update.h5,ON,x35-70 wd<0.4,g,pre:projection,0.0,
/home/ubuntu/forge-species-tp/case/16.nozzle_wys/run_0580_g3b_update_on/tp_update.h5,ON,x35-70 wd<0.4,Q2,pre:projection,0.0,
/home/ubuntu/forge-species-tp/case/16.nozzle_wys/run_0580_g3b_update_on/tp_update.h5,ON,x35-70 wd<0.4,Q1,pre:projection,0.0,
/home/ubuntu/forge-species-tp/case/16.nozzle_wys/run_0580_g3b_update_on/tp_update.h5,ON,x35-70 wd<0.4,Q0,pre:projection,0.0,
/home/ubuntu/forge-species-tp/case/16.nozzle_wys/run_0580_g3b_update_on/tp_update.h5,ON,x35-70 wd<0.4,w,pre:droplet_removal (phys),0.0,
/home/ubuntu/forge-species-tp/case/16.nozzle_wys/run_0580_g3b_update_on/tp_update.h5,ON,x35-70 wd<0.4,g,pre:droplet_removal (phys),0.0,
/home/ubuntu/forge-species-tp/case/16.nozzle_wys/run_0580_g3b_update_on/tp_update.h5,ON,x35-70 wd<0.4,Q2,pre:droplet_removal (phys),0.0,
/home/ubuntu/forge-species-tp/case/16.nozzle_wys/run_0580_g3b_update_on/tp_update.h5,ON,x35-70 wd<0.4,Q1,pre:droplet_removal (phys),0.0,
/home/ubuntu/forge-species-tp/case/16.nozzle_wys/run_0580_g3b_update_on/tp_update.h5,ON,x35-70 wd<0.4,Q0,pre:droplet_removal (phys),0.0,
/home/ubuntu/forge-species-tp/case/16.nozzle_wys/run_0580_g3b_update_on/tp_update.h5,ON,x35-70 wd<0.4,w,pre:other state ops (pre_state-init-RZ),0.0,
/home/ubuntu/forge-species-tp/case/16.nozzle_wys/run_0580_g3b_update_on/tp_update.h5,ON,x35-70 wd<0.4,g,pre:other state ops (pre_state-init-RZ),0.0,
/home/ubuntu/forge-species-tp/case/16.nozzle_wys/run_0580_g3b_update_on/tp_update.h5,ON,x35-70 wd<0.4,Q2,pre:other state ops (pre_state-init-RZ),0.0,
/home/ubuntu/forge-species-tp/case/16.nozzle_wys/run_0580_g3b_update_on/tp_update.h5,ON,x35-70 wd<0.4,Q1,pre:other state ops (pre_state-init-RZ),0.0,
/home/ubuntu/forge-species-tp/case/16.nozzle_wys/run_0580_g3b_update_on/tp_update.h5,ON,x35-70 wd<0.4,Q0,pre:other state ops (pre_state-init-RZ),0.0,
/home/ubuntu/forge-species-tp/case/16.nozzle_wys/run_0580_g3b_update_on/tp_update.h5,ON,x35-70 wd<0.4,w,pre:boundary overwrite (pre_end-pre_state),0.0,
/home/ubuntu/forge-species-tp/case/16.nozzle_wys/run_0580_g3b_update_on/tp_update.h5,ON,x35-70 wd<0.4,g,pre:boundary overwrite (pre_end-pre_state),0.0,
/home/ubuntu/forge-species-tp/case/16.nozzle_wys/run_0580_g3b_update_on/tp_update.h5,ON,x35-70 wd<0.4,Q2,pre:boundary overwrite (pre_end-pre_state),0.0,
/home/ubuntu/forge-species-tp/case/16.nozzle_wys/run_0580_g3b_update_on/tp_update.h5,ON,x35-70 wd<0.4,Q1,pre:boundary overwrite (pre_end-pre_state),0.0,
/home/ubuntu/forge-species-tp/case/16.nozzle_wys/run_0580_g3b_update_on/tp_update.h5,ON,x35-70 wd<0.4,Q0,pre:boundary overwrite (pre_end-pre_state),0.0,
/home/ubuntu/forge-species-tp/case/16.nozzle_wys/run_0580_g3b_update_on/tp_update.h5,ON,x35-70 wd<0.4,w,pre:post-part change (post_end-pre_end),0.0,
/home/ubuntu/forge-species-tp/case/16.nozzle_wys/run_0580_g3b_update_on/tp_update.h5,ON,x35-70 wd<0.4,g,pre:post-part change (post_end-pre_end),0.0,
/home/ubuntu/forge-species-tp/case/16.nozzle_wys/run_0580_g3b_update_on/tp_update.h5,ON,x35-70 wd<0.4,Q2,pre:post-part change (post_end-pre_end),0.0,
/home/ubuntu/forge-species-tp/case/16.nozzle_wys/run_0580_g3b_update_on/tp_update.h5,ON,x35-70 wd<0.4,Q1,pre:post-part change (post_end-pre_end),0.0,
/home/ubuntu/forge-species-tp/case/16.nozzle_wys/run_0580_g3b_update_on/tp_update.h5,ON,x35-70 wd<0.4,Q0,pre:post-part change (post_end-pre_end),0.0,
/home/ubuntu/forge-species-tp/case/16.nozzle_wys/run_0580_g3b_update_on/tp_update.h5,ON,x35-70 wd>=0.4,w,pre:LHS sum V(pre_end - init),0.0,
/home/ubuntu/forge-species-tp/case/16.nozzle_wys/run_0580_g3b_update_on/tp_update.h5,ON,x35-70 wd>=0.4,g,pre:LHS sum V(pre_end - init),0.0,
/home/ubuntu/forge-species-tp/case/16.nozzle_wys/run_0580_g3b_update_on/tp_update.h5,ON,x35-70 wd>=0.4,Q2,pre:LHS sum V(pre_end - init),0.0,
/home/ubuntu/forge-species-tp/case/16.nozzle_wys/run_0580_g3b_update_on/tp_update.h5,ON,x35-70 wd>=0.4,Q1,pre:LHS sum V(pre_end - init),0.0,
/home/ubuntu/forge-species-tp/case/16.nozzle_wys/run_0580_g3b_update_on/tp_update.h5,ON,x35-70 wd>=0.4,Q0,pre:LHS sum V(pre_end - init),0.0,
/home/ubuntu/forge-species-tp/case/16.nozzle_wys/run_0580_g3b_update_on/tp_update.h5,ON,x35-70 wd>=0.4,w,pre:realiz_lower,0.0,
/home/ubuntu/forge-species-tp/case/16.nozzle_wys/run_0580_g3b_update_on/tp_update.h5,ON,x35-70 wd>=0.4,g,pre:realiz_lower,0.0,
/home/ubuntu/forge-species-tp/case/16.nozzle_wys/run_0580_g3b_update_on/tp_update.h5,ON,x35-70 wd>=0.4,Q2,pre:realiz_lower,0.0,
/home/ubuntu/forge-species-tp/case/16.nozzle_wys/run_0580_g3b_update_on/tp_update.h5,ON,x35-70 wd>=0.4,Q1,pre:realiz_lower,0.0,
/home/ubuntu/forge-species-tp/case/16.nozzle_wys/run_0580_g3b_update_on/tp_update.h5,ON,x35-70 wd>=0.4,Q0,pre:realiz_lower,0.0,
/home/ubuntu/forge-species-tp/case/16.nozzle_wys/run_0580_g3b_update_on/tp_update.h5,ON,x35-70 wd>=0.4,w,pre:realiz_upper,0.0,
/home/ubuntu/forge-species-tp/case/16.nozzle_wys/run_0580_g3b_update_on/tp_update.h5,ON,x35-70 wd>=0.4,g,pre:realiz_upper,0.0,
/home/ubuntu/forge-species-tp/case/16.nozzle_wys/run_0580_g3b_update_on/tp_update.h5,ON,x35-70 wd>=0.4,Q2,pre:realiz_upper,0.0,
/home/ubuntu/forge-species-tp/case/16.nozzle_wys/run_0580_g3b_update_on/tp_update.h5,ON,x35-70 wd>=0.4,Q1,pre:realiz_upper,0.0,
/home/ubuntu/forge-species-tp/case/16.nozzle_wys/run_0580_g3b_update_on/tp_update.h5,ON,x35-70 wd>=0.4,Q0,pre:realiz_upper,0.0,
/home/ubuntu/forge-species-tp/case/16.nozzle_wys/run_0580_g3b_update_on/tp_update.h5,ON,x35-70 wd>=0.4,w,pre:projection,0.0,
/home/ubuntu/forge-species-tp/case/16.nozzle_wys/run_0580_g3b_update_on/tp_update.h5,ON,x35-70 wd>=0.4,g,pre:projection,0.0,
/home/ubuntu/forge-species-tp/case/16.nozzle_wys/run_0580_g3b_update_on/tp_update.h5,ON,x35-70 wd>=0.4,Q2,pre:projection,0.0,
/home/ubuntu/forge-species-tp/case/16.nozzle_wys/run_0580_g3b_update_on/tp_update.h5,ON,x35-70 wd>=0.4,Q1,pre:projection,0.0,
/home/ubuntu/forge-species-tp/case/16.nozzle_wys/run_0580_g3b_update_on/tp_update.h5,ON,x35-70 wd>=0.4,Q0,pre:projection,0.0,
/home/ubuntu/forge-species-tp/case/16.nozzle_wys/run_0580_g3b_update_on/tp_update.h5,ON,x35-70 wd>=0.4,w,pre:droplet_removal (phys),0.0,
/home/ubuntu/forge-species-tp/case/16.nozzle_wys/run_0580_g3b_update_on/tp_update.h5,ON,x35-70 wd>=0.4,g,pre:droplet_removal (phys),0.0,
/home/ubuntu/forge-species-tp/case/16.nozzle_wys/run_0580_g3b_update_on/tp_update.h5,ON,x35-70 wd>=0.4,Q2,pre:droplet_removal (phys),0.0,
/home/ubuntu/forge-species-tp/case/16.nozzle_wys/run_0580_g3b_update_on/tp_update.h5,ON,x35-70 wd>=0.4,Q1,pre:droplet_removal (phys),0.0,
/home/ubuntu/forge-species-tp/case/16.nozzle_wys/run_0580_g3b_update_on/tp_update.h5,ON,x35-70 wd>=0.4,Q0,pre:droplet_removal (phys),0.0,
/home/ubuntu/forge-species-tp/case/16.nozzle_wys/run_0580_g3b_update_on/tp_update.h5,ON,x35-70 wd>=0.4,w,pre:other state ops (pre_state-init-RZ),0.0,
/home/ubuntu/forge-species-tp/case/16.nozzle_wys/run_0580_g3b_update_on/tp_update.h5,ON,x35-70 wd>=0.4,g,pre:other state ops (pre_state-init-RZ),0.0,
/home/ubuntu/forge-species-tp/case/16.nozzle_wys/run_0580_g3b_update_on/tp_update.h5,ON,x35-70 wd>=0.4,Q2,pre:other state ops (pre_state-init-RZ),0.0,
/home/ubuntu/forge-species-tp/case/16.nozzle_wys/run_0580_g3b_update_on/tp_update.h5,ON,x35-70 wd>=0.4,Q1,pre:other state ops (pre_state-init-RZ),0.0,
/home/ubuntu/forge-species-tp/case/16.nozzle_wys/run_0580_g3b_update_on/tp_update.h5,ON,x35-70 wd>=0.4,Q0,pre:other state ops (pre_state-init-RZ),0.0,
/home/ubuntu/forge-species-tp/case/16.nozzle_wys/run_0580_g3b_update_on/tp_update.h5,ON,x35-70 wd>=0.4,w,pre:boundary overwrite (pre_end-pre_state),0.0,
/home/ubuntu/forge-species-tp/case/16.nozzle_wys/run_0580_g3b_update_on/tp_update.h5,ON,x35-70 wd>=0.4,g,pre:boundary overwrite (pre_end-pre_state),0.0,
/home/ubuntu/forge-species-tp/case/16.nozzle_wys/run_0580_g3b_update_on/tp_update.h5,ON,x35-70 wd>=0.4,Q2,pre:boundary overwrite (pre_end-pre_state),0.0,
/home/ubuntu/forge-species-tp/case/16.nozzle_wys/run_0580_g3b_update_on/tp_update.h5,ON,x35-70 wd>=0.4,Q1,pre:boundary overwrite (pre_end-pre_state),0.0,
/home/ubuntu/forge-species-tp/case/16.nozzle_wys/run_0580_g3b_update_on/tp_update.h5,ON,x35-70 wd>=0.4,Q0,pre:boundary overwrite (pre_end-pre_state),0.0,
/home/ubuntu/forge-species-tp/case/16.nozzle_wys/run_0580_g3b_update_on/tp_update.h5,ON,x35-70 wd>=0.4,w,pre:post-part change (post_end-pre_end),0.0,
/home/ubuntu/forge-species-tp/case/16.nozzle_wys/run_0580_g3b_update_on/tp_update.h5,ON,x35-70 wd>=0.4,g,pre:post-part change (post_end-pre_end),0.0,
/home/ubuntu/forge-species-tp/case/16.nozzle_wys/run_0580_g3b_update_on/tp_update.h5,ON,x35-70 wd>=0.4,Q2,pre:post-part change (post_end-pre_end),0.0,
/home/ubuntu/forge-species-tp/case/16.nozzle_wys/run_0580_g3b_update_on/tp_update.h5,ON,x35-70 wd>=0.4,Q1,pre:post-part change (post_end-pre_end),0.0,
/home/ubuntu/forge-species-tp/case/16.nozzle_wys/run_0580_g3b_update_on/tp_update.h5,ON,x35-70 wd>=0.4,Q0,pre:post-part change (post_end-pre_end),0.0,
/home/ubuntu/forge-species-tp/case/16.nozzle_wys/run_0580_g3b_update_on/tp_update.h5,ON,pinned (ref),w,pre:LHS sum V(pre_end - init),0.0,
/home/ubuntu/forge-species-tp/case/16.nozzle_wys/run_0580_g3b_update_on/tp_update.h5,ON,pinned (ref),g,pre:LHS sum V(pre_end - init),0.0,
/home/ubuntu/forge-species-tp/case/16.nozzle_wys/run_0580_g3b_update_on/tp_update.h5,ON,pinned (ref),Q2,pre:LHS sum V(pre_end - init),0.0,
/home/ubuntu/forge-species-tp/case/16.nozzle_wys/run_0580_g3b_update_on/tp_update.h5,ON,pinned (ref),Q1,pre:LHS sum V(pre_end - init),0.0,
/home/ubuntu/forge-species-tp/case/16.nozzle_wys/run_0580_g3b_update_on/tp_update.h5,ON,pinned (ref),Q0,pre:LHS sum V(pre_end - init),0.0,
/home/ubuntu/forge-species-tp/case/16.nozzle_wys/run_0580_g3b_update_on/tp_update.h5,ON,pinned (ref),w,pre:realiz_lower,0.0,
/home/ubuntu/forge-species-tp/case/16.nozzle_wys/run_0580_g3b_update_on/tp_update.h5,ON,pinned (ref),g,pre:realiz_lower,0.0,
/home/ubuntu/forge-species-tp/case/16.nozzle_wys/run_0580_g3b_update_on/tp_update.h5,ON,pinned (ref),Q2,pre:realiz_lower,0.0,
/home/ubuntu/forge-species-tp/case/16.nozzle_wys/run_0580_g3b_update_on/tp_update.h5,ON,pinned (ref),Q1,pre:realiz_lower,0.0,
/home/ubuntu/forge-species-tp/case/16.nozzle_wys/run_0580_g3b_update_on/tp_update.h5,ON,pinned (ref),Q0,pre:realiz_lower,0.0,
/home/ubuntu/forge-species-tp/case/16.nozzle_wys/run_0580_g3b_update_on/tp_update.h5,ON,pinned (ref),w,pre:realiz_upper,0.0,
/home/ubuntu/forge-species-tp/case/16.nozzle_wys/run_0580_g3b_update_on/tp_update.h5,ON,pinned (ref),g,pre:realiz_upper,0.0,
/home/ubuntu/forge-species-tp/case/16.nozzle_wys/run_0580_g3b_update_on/tp_update.h5,ON,pinned (ref),Q2,pre:realiz_upper,0.0,
/home/ubuntu/forge-species-tp/case/16.nozzle_wys/run_0580_g3b_update_on/tp_update.h5,ON,pinned (ref),Q1,pre:realiz_upper,0.0,
/home/ubuntu/forge-species-tp/case/16.nozzle_wys/run_0580_g3b_update_on/tp_update.h5,ON,pinned (ref),Q0,pre:realiz_upper,0.0,
/home/ubuntu/forge-species-tp/case/16.nozzle_wys/run_0580_g3b_update_on/tp_update.h5,ON,pinned (ref),w,pre:projection,0.0,
/home/ubuntu/forge-species-tp/case/16.nozzle_wys/run_0580_g3b_update_on/tp_update.h5,ON,pinned (ref),g,pre:projection,0.0,
/home/ubuntu/forge-species-tp/case/16.nozzle_wys/run_0580_g3b_update_on/tp_update.h5,ON,pinned (ref),Q2,pre:projection,0.0,
/home/ubuntu/forge-species-tp/case/16.nozzle_wys/run_0580_g3b_update_on/tp_update.h5,ON,pinned (ref),Q1,pre:projection,0.0,
/home/ubuntu/forge-species-tp/case/16.nozzle_wys/run_0580_g3b_update_on/tp_update.h5,ON,pinned (ref),Q0,pre:projection,0.0,
/home/ubuntu/forge-species-tp/case/16.nozzle_wys/run_0580_g3b_update_on/tp_update.h5,ON,pinned (ref),w,pre:droplet_removal (phys),0.0,
/home/ubuntu/forge-species-tp/case/16.nozzle_wys/run_0580_g3b_update_on/tp_update.h5,ON,pinned (ref),g,pre:droplet_removal (phys),0.0,
/home/ubuntu/forge-species-tp/case/16.nozzle_wys/run_0580_g3b_update_on/tp_update.h5,ON,pinned (ref),Q2,pre:droplet_removal (phys),0.0,
/home/ubuntu/forge-species-tp/case/16.nozzle_wys/run_0580_g3b_update_on/tp_update.h5,ON,pinned (ref),Q1,pre:droplet_removal (phys),0.0,
/home/ubuntu/forge-species-tp/case/16.nozzle_wys/run_0580_g3b_update_on/tp_update.h5,ON,pinned (ref),Q0,pre:droplet_removal (phys),0.0,
/home/ubuntu/forge-species-tp/case/16.nozzle_wys/run_0580_g3b_update_on/tp_update.h5,ON,pinned (ref),w,pre:other state ops (pre_state-init-RZ),0.0,
/home/ubuntu/forge-species-tp/case/16.nozzle_wys/run_0580_g3b_update_on/tp_update.h5,ON,pinned (ref),g,pre:other state ops (pre_state-init-RZ),0.0,
/home/ubuntu/forge-species-tp/case/16.nozzle_wys/run_0580_g3b_update_on/tp_update.h5,ON,pinned (ref),Q2,pre:other state ops (pre_state-init-RZ),0.0,
/home/ubuntu/forge-species-tp/case/16.nozzle_wys/run_0580_g3b_update_on/tp_update.h5,ON,pinned (ref),Q1,pre:other state ops (pre_state-init-RZ),0.0,
/home/ubuntu/forge-species-tp/case/16.nozzle_wys/run_0580_g3b_update_on/tp_update.h5,ON,pinned (ref),Q0,pre:other state ops (pre_state-init-RZ),0.0,
/home/ubuntu/forge-species-tp/case/16.nozzle_wys/run_0580_g3b_update_on/tp_update.h5,ON,pinned (ref),w,pre:boundary overwrite (pre_end-pre_state),0.0,
/home/ubuntu/forge-species-tp/case/16.nozzle_wys/run_0580_g3b_update_on/tp_update.h5,ON,pinned (ref),g,pre:boundary overwrite (pre_end-pre_state),0.0,
/home/ubuntu/forge-species-tp/case/16.nozzle_wys/run_0580_g3b_update_on/tp_update.h5,ON,pinned (ref),Q2,pre:boundary overwrite (pre_end-pre_state),0.0,
/home/ubuntu/forge-species-tp/case/16.nozzle_wys/run_0580_g3b_update_on/tp_update.h5,ON,pinned (ref),Q1,pre:boundary overwrite (pre_end-pre_state),0.0,
/home/ubuntu/forge-species-tp/case/16.nozzle_wys/run_0580_g3b_update_on/tp_update.h5,ON,pinned (ref),Q0,pre:boundary overwrite (pre_end-pre_state),0.0,
/home/ubuntu/forge-species-tp/case/16.nozzle_wys/run_0580_g3b_update_on/tp_update.h5,ON,pinned (ref),w,pre:post-part change (post_end-pre_end),0.0,
/home/ubuntu/forge-species-tp/case/16.nozzle_wys/run_0580_g3b_update_on/tp_update.h5,ON,pinned (ref),g,pre:post-part change (post_end-pre_end),0.0,
/home/ubuntu/forge-species-tp/case/16.nozzle_wys/run_0580_g3b_update_on/tp_update.h5,ON,pinned (ref),Q2,pre:post-part change (post_end-pre_end),0.0,
/home/ubuntu/forge-species-tp/case/16.nozzle_wys/run_0580_g3b_update_on/tp_update.h5,ON,pinned (ref),Q1,pre:post-part change (post_end-pre_end),0.0,
/home/ubuntu/forge-species-tp/case/16.nozzle_wys/run_0580_g3b_update_on/tp_update.h5,ON,pinned (ref),Q0,pre:post-part change (post_end-pre_end),0.0,
/home/ubuntu/forge-species-tp/case/16.nozzle_wys/run_0580_g3b_update_on/tp_update.h5,ON,all,w,delta_limited,1.22830345207282e-14,1.448156651296426e-12
/home/ubuntu/forge-species-tp/case/16.nozzle_wys/run_0580_g3b_update_on/tp_update.h5,ON,all,g,delta_limited,5.736610310997528e-15,2.323157791671196e-13
/home/ubuntu/forge-species-tp/case/16.nozzle_wys/run_0580_g3b_update_on/tp_update.h5,ON,all,Q2,delta_limited,7.64070073205508e-09,1.1306984506978552e-08
/home/ubuntu/forge-species-tp/case/16.nozzle_wys/run_0580_g3b_update_on/tp_update.h5,ON,all,Q1,delta_limited,-0.770792991649236,1.0167325793647302
/home/ubuntu/forge-species-tp/case/16.nozzle_wys/run_0580_g3b_update_on/tp_update.h5,ON,all,Q0,delta_limited,-415728.04048813647,37693371.59679473
/home/ubuntu/forge-species-tp/case/16.nozzle_wys/run_0580_g3b_update_on/tp_update.h5,ON,all,v,delta_limited,6.54642420973067e-15,1.2811657329925408e-12
/home/ubuntu/forge-species-tp/case/16.nozzle_wys/run_0580_g3b_update_on/tp_update.h5,ON,all,w,C_round,-2.6675411834026148e-15,1.626681789123896e-13
/home/ubuntu/forge-species-tp/case/16.nozzle_wys/run_0580_g3b_update_on/tp_update.h5,ON,all,g,C_round,6.560206923977846e-17,2.3346429927434195e-14
/home/ubuntu/forge-species-tp/case/16.nozzle_wys/run_0580_g3b_update_on/tp_update.h5,ON,all,Q2,C_round,-4.968722661107311e-12,3.3317907454256695e-10
/home/ubuntu/forge-species-tp/case/16.nozzle_wys/run_0580_g3b_update_on/tp_update.h5,ON,all,Q1,C_round,0.00032660178002582457,0.020203465581624634
/home/ubuntu/forge-species-tp/case/16.nozzle_wys/run_0580_g3b_update_on/tp_update.h5,ON,all,Q0,C_round,12737.61870367024,1444346.784271749
/home/ubuntu/forge-species-tp/case/16.nozzle_wys/run_0580_g3b_update_on/tp_update.h5,ON,all,v,C_round,-2.7331432526423932e-15,1.697772492895121e-13
/home/ubuntu/forge-species-tp/case/16.nozzle_wys/run_0580_g3b_update_on/tp_update.h5,ON,all,w,C_floor (commit),0.0,0.0
/home/ubuntu/forge-species-tp/case/16.nozzle_wys/run_0580_g3b_update_on/tp_update.h5,ON,all,g,C_floor (commit),0.0,0.0
/home/ubuntu/forge-species-tp/case/16.nozzle_wys/run_0580_g3b_update_on/tp_update.h5,ON,all,Q2,C_floor (commit),1.9540587849171668e-31,1.9540587849171668e-31
/home/ubuntu/forge-species-tp/case/16.nozzle_wys/run_0580_g3b_update_on/tp_update.h5,ON,all,Q1,C_floor (commit),8.128806538455738e-07,8.128806538455738e-07
/home/ubuntu/forge-species-tp/case/16.nozzle_wys/run_0580_g3b_update_on/tp_update.h5,ON,all,Q0,C_floor (commit),5.675057911139133e-14,5.675057911139133e-14
/home/ubuntu/forge-species-tp/case/16.nozzle_wys/run_0580_g3b_update_on/tp_update.h5,ON,all,v,C_floor (commit),0.0,0.0
/home/ubuntu/forge-species-tp/case/16.nozzle_wys/run_0580_g3b_update_on/tp_update.h5,ON,all,w,C_species_commit (undone by hold),9.550041751117969e-15,1.4349635991120921e-12
/home/ubuntu/forge-species-tp/case/16.nozzle_wys/run_0580_g3b_update_on/tp_update.h5,ON,all,g,C_species_commit (undone by hold),0.0,0.0
/home/ubuntu/forge-species-tp/case/16.nozzle_wys/run_0580_g3b_update_on/tp_update.h5,ON,all,Q2,C_species_commit (undone by hold),0.0,0.0
/home/ubuntu/forge-species-tp/case/16.nozzle_wys/run_0580_g3b_update_on/tp_update.h5,ON,all,Q1,C_species_commit (undone by hold),0.0,0.0
/home/ubuntu/forge-species-tp/case/16.nozzle_wys/run_0580_g3b_update_on/tp_update.h5,ON,all,Q0,C_species_commit (undone by hold),0.0,0.0
/home/ubuntu/forge-species-tp/case/16.nozzle_wys/run_0580_g3b_update_on/tp_update.h5,ON,all,v,C_species_commit (undone by hold),9.550041751117969e-15,1.4349635991120921e-12
/home/ubuntu/forge-species-tp/case/16.nozzle_wys/run_0580_g3b_update_on/tp_update.h5,ON,all,w,C_hold (undo species commit),-9.550041751117969e-15,1.4349635991120921e-12
/home/ubuntu/forge-species-tp/case/16.nozzle_wys/run_0580_g3b_update_on/tp_update.h5,ON,all,g,C_hold (undo species commit),0.0,0.0
/home/ubuntu/forge-species-tp/case/16.nozzle_wys/run_0580_g3b_update_on/tp_update.h5,ON,all,Q2,C_hold (undo species commit),0.0,0.0
/home/ubuntu/forge-species-tp/case/16.nozzle_wys/run_0580_g3b_update_on/tp_update.h5,ON,all,Q1,C_hold (undo species commit),0.0,0.0
/home/ubuntu/forge-species-tp/case/16.nozzle_wys/run_0580_g3b_update_on/tp_update.h5,ON,all,Q0,C_hold (undo species commit),0.0,0.0
/home/ubuntu/forge-species-tp/case/16.nozzle_wys/run_0580_g3b_update_on/tp_update.h5,ON,all,v,C_hold (undo species commit),-9.550041751117969e-15,1.4349635991120921e-12
/home/ubuntu/forge-species-tp/case/16.nozzle_wys/run_0580_g3b_update_on/tp_update.h5,ON,all,w,C_renorm_scale,-1.720064870701809e-16,1.1766127351450977e-12
/home/ubuntu/forge-species-tp/case/16.nozzle_wys/run_0580_g3b_update_on/tp_update.h5,ON,all,g,C_renorm_scale,-9.750966857528794e-16,1.1418332227852194e-13
/home/ubuntu/forge-species-tp/case/16.nozzle_wys/run_0580_g3b_update_on/tp_update.h5,ON,all,Q2,C_renorm_scale,-1.1131964830744582e-11,1.5876806249646153e-09
/home/ubuntu/forge-species-tp/case/16.nozzle_wys/run_0580_g3b_update_on/tp_update.h5,ON,all,Q1,C_renorm_scale,-0.0012792653635976046,0.09972058559078133
/home/ubuntu/forge-species-tp/case/16.nozzle_wys/run_0580_g3b_update_on/tp_update.h5,ON,all,Q0,C_renorm_scale,-58360.804668966164,7072696.967869031
/home/ubuntu/forge-species-tp/case/16.nozzle_wys/run_0580_g3b_update_on/tp_update.h5,ON,all,v,C_renorm_scale,8.030901986826978e-16,1.0639441840919026e-12
/home/ubuntu/forge-species-tp/case/16.nozzle_wys/run_0580_g3b_update_on/tp_update.h5,ON,all,w,C_passive_floor,0.0,0.0
/home/ubuntu/forge-species-tp/case/16.nozzle_wys/run_0580_g3b_update_on/tp_update.h5,ON,all,g,C_passive_floor,2.2532374561087054e-36,2.2532374561087054e-36
/home/ubuntu/forge-species-tp/case/16.nozzle_wys/run_0580_g3b_update_on/tp_update.h5,ON,all,Q2,C_passive_floor,0.0,0.0
/home/ubuntu/forge-species-tp/case/16.nozzle_wys/run_0580_g3b_update_on/tp_update.h5,ON,all,Q1,C_passive_floor,0.0,0.0
/home/ubuntu/forge-species-tp/case/16.nozzle_wys/run_0580_g3b_update_on/tp_update.h5,ON,all,Q0,C_passive_floor,0.0,0.0
/home/ubuntu/forge-species-tp/case/16.nozzle_wys/run_0580_g3b_update_on/tp_update.h5,ON,all,v,C_passive_floor,-2.2532374561087054e-36,2.2532374561087054e-36
/home/ubuntu/forge-species-tp/case/16.nozzle_wys/run_0580_g3b_update_on/tp_update.h5,ON,all,w,C_projection,0.0,0.0
/home/ubuntu/forge-species-tp/case/16.nozzle_wys/run_0580_g3b_update_on/tp_update.h5,ON,all,g,C_projection,0.0,0.0
/home/ubuntu/forge-species-tp/case/16.nozzle_wys/run_0580_g3b_update_on/tp_update.h5,ON,all,Q2,C_projection,-7.720398245061854e-09,7.785456478962147e-09
/home/ubuntu/forge-species-tp/case/16.nozzle_wys/run_0580_g3b_update_on/tp_update.h5,ON,all,Q1,C_projection,0.7333927614186272,0.7333927622435528
/home/ubuntu/forge-species-tp/case/16.nozzle_wys/run_0580_g3b_update_on/tp_update.h5,ON,all,Q0,C_projection,0.0,0.0
/home/ubuntu/forge-species-tp/case/16.nozzle_wys/run_0580_g3b_update_on/tp_update.h5,ON,all,v,C_projection,0.0,0.0
/home/ubuntu/forge-species-tp/case/16.nozzle_wys/run_0580_g3b_update_on/tp_update.h5,ON,all,w,C_droplet_removal (physical),0.0,0.0
/home/ubuntu/forge-species-tp/case/16.nozzle_wys/run_0580_g3b_update_on/tp_update.h5,ON,all,g,C_droplet_removal (physical),-1.5330646683462569e-18,1.5330646683462569e-18
/home/ubuntu/forge-species-tp/case/16.nozzle_wys/run_0580_g3b_update_on/tp_update.h5,ON,all,Q2,C_droplet_removal (physical),-1.0393880382572259e-13,1.0393880382572259e-13
/home/ubuntu/forge-species-tp/case/16.nozzle_wys/run_0580_g3b_update_on/tp_update.h5,ON,all,Q1,C_droplet_removal (physical),-9.009399834755546e-05,9.009399834755546e-05
/home/ubuntu/forge-species-tp/case/16.nozzle_wys/run_0580_g3b_update_on/tp_update.h5,ON,all,Q0,C_droplet_removal (physical),-171207.700158502,171207.700158502
/home/ubuntu/forge-species-tp/case/16.nozzle_wys/run_0580_g3b_update_on/tp_update.h5,ON,all,v,C_droplet_removal (physical),1.5330646683462569e-18,1.5330646683462569e-18
/home/ubuntu/forge-species-tp/case/16.nozzle_wys/run_0580_g3b_update_on/tp_update.h5,ON,all,w,B_boundary_overwrite,0.0,0.0
/home/ubuntu/forge-species-tp/case/16.nozzle_wys/run_0580_g3b_update_on/tp_update.h5,ON,all,g,B_boundary_overwrite,0.0,0.0
/home/ubuntu/forge-species-tp/case/16.nozzle_wys/run_0580_g3b_update_on/tp_update.h5,ON,all,Q2,B_boundary_overwrite,0.0,0.0
/home/ubuntu/forge-species-tp/case/16.nozzle_wys/run_0580_g3b_update_on/tp_update.h5,ON,all,Q1,B_boundary_overwrite,0.0,0.0
/home/ubuntu/forge-species-tp/case/16.nozzle_wys/run_0580_g3b_update_on/tp_update.h5,ON,all,Q0,B_boundary_overwrite,0.0,0.0
/home/ubuntu/forge-species-tp/case/16.nozzle_wys/run_0580_g3b_update_on/tp_update.h5,ON,all,v,B_boundary_overwrite,0.0,0.0
/home/ubuntu/forge-species-tp/case/16.nozzle_wys/run_0580_g3b_update_on/tp_update.h5,ON,all,w,LHS,9.443486850302945e-15,
/home/ubuntu/forge-species-tp/case/16.nozzle_wys/run_0580_g3b_update_on/tp_update.h5,ON,all,w,E_bookkeeping,4.7539913592239055e-26,
/home/ubuntu/forge-species-tp/case/16.nozzle_wys/run_0580_g3b_update_on/tp_update.h5,ON,all,w,A_unclosed,-2.6675411833550733e-15,
/home/ubuntu/forge-species-tp/case/16.nozzle_wys/run_0580_g3b_update_on/tp_update.h5,ON,all,w,B_unclosed,4.75414913140495e-26,
/home/ubuntu/forge-species-tp/case/16.nozzle_wys/run_0580_g3b_update_on/tp_update.h5,ON,all,g,LHS,4.8255826297859396e-15,
/home/ubuntu/forge-species-tp/case/16.nozzle_wys/run_0580_g3b_update_on/tp_update.h5,ON,all,g,E_bookkeeping,-3.014079746668442e-26,
/home/ubuntu/forge-species-tp/case/16.nozzle_wys/run_0580_g3b_update_on/tp_update.h5,ON,all,g,A_unclosed,6.560206920963724e-17,
/home/ubuntu/forge-species-tp/case/16.nozzle_wys/run_0580_g3b_update_on/tp_update.h5,ON,all,g,B_unclosed,-3.014121654904032e-26,
/home/ubuntu/forge-species-tp/case/16.nozzle_wys/run_0580_g3b_update_on/tp_update.h5,ON,all,Q2,LHS,-9.59021393028131e-11,
/home/ubuntu/forge-species-tp/case/16.nozzle_wys/run_0580_g3b_update_on/tp_update.h5,ON,all,Q2,E_bookkeeping,-3.613874548061751e-22,
/home/ubuntu/forge-species-tp/case/16.nozzle_wys/run_0580_g3b_update_on/tp_update.h5,ON,all,Q2,A_unclosed,-4.968722661468841e-12,
/home/ubuntu/forge-species-tp/case/16.nozzle_wys/run_0580_g3b_update_on/tp_update.h5,ON,all,Q2,B_unclosed,-3.6152962647395766e-22,
/home/ubuntu/forge-species-tp/case/16.nozzle_wys/run_0580_g3b_update_on/tp_update.h5,ON,all,Q1,LHS,-0.038442174931857157,
/home/ubuntu/forge-species-tp/case/16.nozzle_wys/run_0580_g3b_update_on/tp_update.h5,ON,all,Q1,E_bookkeeping,1.700029006457271e-14,
/home/ubuntu/forge-species-tp/case/16.nozzle_wys/run_0580_g3b_update_on/tp_update.h5,ON,all,Q1,A_unclosed,0.0003266017800429566,
/home/ubuntu/forge-species-tp/case/16.nozzle_wys/run_0580_g3b_update_on/tp_update.h5,ON,all,Q1,B_unclosed,1.7132020628529698e-14,
/home/ubuntu/forge-species-tp/case/16.nozzle_wys/run_0580_g3b_update_on/tp_update.h5,ON,all,Q0,LHS,-632558.9266127038,
/home/ubuntu/forge-species-tp/case/16.nozzle_wys/run_0580_g3b_update_on/tp_update.h5,ON,all,Q0,E_bookkeeping,-7.693888619542122e-07,
/home/ubuntu/forge-species-tp/case/16.nozzle_wys/run_0580_g3b_update_on/tp_update.h5,ON,all,Q0,A_unclosed,12737.6187029008,
/home/ubuntu/forge-species-tp/case/16.nozzle_wys/run_0580_g3b_update_on/tp_update.h5,ON,all,Q0,B_unclosed,-7.694397936575115e-07,
/home/ubuntu/forge-species-tp/case/16.nozzle_wys/run_0580_g3b_update_on/tp_update.h5,ON,all,v,LHS,4.6179042205170025e-15,
/home/ubuntu/forge-species-tp/case/16.nozzle_wys/run_0580_g3b_update_on/tp_update.h5,ON,all,v,E_bookkeeping,7.768071105892347e-26,
/home/ubuntu/forge-species-tp/case/16.nozzle_wys/run_0580_g3b_update_on/tp_update.h5,ON,all,v,A_unclosed,-2.7331432525647117e-15,
/home/ubuntu/forge-species-tp/case/16.nozzle_wys/run_0580_g3b_update_on/tp_update.h5,ON,all,v,B_unclosed,7.76814999198287e-26,
/home/ubuntu/forge-species-tp/case/16.nozzle_wys/run_0580_g3b_update_on/tp_update.h5,ON,"x[in,17)",w,delta_limited,1.4127249652646012e-14,1.1891248783530627e-12
/home/ubuntu/forge-species-tp/case/16.nozzle_wys/run_0580_g3b_update_on/tp_update.h5,ON,"x[in,17)",g,delta_limited,-3.4756824460140107e-16,4.735560931747523e-16
/home/ubuntu/forge-species-tp/case/16.nozzle_wys/run_0580_g3b_update_on/tp_update.h5,ON,"x[in,17)",Q2,delta_limited,-2.6986979805784458e-11,3.5639010916426896e-11
/home/ubuntu/forge-species-tp/case/16.nozzle_wys/run_0580_g3b_update_on/tp_update.h5,ON,"x[in,17)",Q1,delta_limited,-0.009611048824120534,0.01837264332650672
/home/ubuntu/forge-species-tp/case/16.nozzle_wys/run_0580_g3b_update_on/tp_update.h5,ON,"x[in,17)",Q0,delta_limited,-85953.98978303102,16760097.184051193
/home/ubuntu/forge-species-tp/case/16.nozzle_wys/run_0580_g3b_update_on/tp_update.h5,ON,"x[in,17)",v,delta_limited,1.4474817897247413e-14,1.1890881963530319e-12
/home/ubuntu/forge-species-tp/case/16.nozzle_wys/run_0580_g3b_update_on/tp_update.h5,ON,"x[in,17)",w,C_round,-2.1809586746419345e-15,1.327089970566041e-13
/home/ubuntu/forge-species-tp/case/16.nozzle_wys/run_0580_g3b_update_on/tp_update.h5,ON,"x[in,17)",g,C_round,-2.8562155139771613e-19,4.243563310488709e-18
/home/ubuntu/forge-species-tp/case/16.nozzle_wys/run_0580_g3b_update_on/tp_update.h5,ON,"x[in,17)",Q2,C_round,1.815349154227038e-15,1.698078774306452e-13
/home/ubuntu/forge-species-tp/case/16.nozzle_wys/run_0580_g3b_update_on/tp_update.h5,ON,"x[in,17)",Q1,C_round,-3.1761977031078273e-06,3.533748282396323e-05
/home/ubuntu/forge-species-tp/case/16.nozzle_wys/run_0580_g3b_update_on/tp_update.h5,ON,"x[in,17)",Q0,C_round,1890.74221284201,13956.035824837485
/home/ubuntu/forge-species-tp/case/16.nozzle_wys/run_0580_g3b_update_on/tp_update.h5,ON,"x[in,17)",v,C_round,-2.1806730530905368e-15,1.3270847138756396e-13
/home/ubuntu/forge-species-tp/case/16.nozzle_wys/run_0580_g3b_update_on/tp_update.h5,ON,"x[in,17)",w,C_floor (commit),0.0,0.0
/home/ubuntu/forge-species-tp/case/16.nozzle_wys/run_0580_g3b_update_on/tp_update.h5,ON,"x[in,17)",g,C_floor (commit),0.0,0.0
/home/ubuntu/forge-species-tp/case/16.nozzle_wys/run_0580_g3b_update_on/tp_update.h5,ON,"x[in,17)",Q2,C_floor (commit),3.352556996423914e-37,3.352556996423914e-37
/home/ubuntu/forge-species-tp/case/16.nozzle_wys/run_0580_g3b_update_on/tp_update.h5,ON,"x[in,17)",Q1,C_floor (commit),4.418654600135365e-16,4.418654600135365e-16
/home/ubuntu/forge-species-tp/case/16.nozzle_wys/run_0580_g3b_update_on/tp_update.h5,ON,"x[in,17)",Q0,C_floor (commit),1.8712652518448836e-18,1.8712652518448836e-18
/home/ubuntu/forge-species-tp/case/16.nozzle_wys/run_0580_g3b_update_on/tp_update.h5,ON,"x[in,17)",v,C_floor (commit),0.0,0.0
/home/ubuntu/forge-species-tp/case/16.nozzle_wys/run_0580_g3b_update_on/tp_update.h5,ON,"x[in,17)",w,C_species_commit (undone by hold),1.1970712438407362e-14,1.1811020978894736e-12
/home/ubuntu/forge-species-tp/case/16.nozzle_wys/run_0580_g3b_update_on/tp_update.h5,ON,"x[in,17)",g,C_species_commit (undone by hold),0.0,0.0
/home/ubuntu/forge-species-tp/case/16.nozzle_wys/run_0580_g3b_update_on/tp_update.h5,ON,"x[in,17)",Q2,C_species_commit (undone by hold),0.0,0.0
/home/ubuntu/forge-species-tp/case/16.nozzle_wys/run_0580_g3b_update_on/tp_update.h5,ON,"x[in,17)",Q1,C_species_commit (undone by hold),0.0,0.0
/home/ubuntu/forge-species-tp/case/16.nozzle_wys/run_0580_g3b_update_on/tp_update.h5,ON,"x[in,17)",Q0,C_species_commit (undone by hold),0.0,0.0
/home/ubuntu/forge-species-tp/case/16.nozzle_wys/run_0580_g3b_update_on/tp_update.h5,ON,"x[in,17)",v,C_species_commit (undone by hold),1.1970712438407362e-14,1.1811020978894736e-12
/home/ubuntu/forge-species-tp/case/16.nozzle_wys/run_0580_g3b_update_on/tp_update.h5,ON,"x[in,17)",w,C_hold (undo species commit),-1.1970712438407362e-14,1.1811020978894736e-12
/home/ubuntu/forge-species-tp/case/16.nozzle_wys/run_0580_g3b_update_on/tp_update.h5,ON,"x[in,17)",g,C_hold (undo species commit),0.0,0.0
/home/ubuntu/forge-species-tp/case/16.nozzle_wys/run_0580_g3b_update_on/tp_update.h5,ON,"x[in,17)",Q2,C_hold (undo species commit),0.0,0.0
/home/ubuntu/forge-species-tp/case/16.nozzle_wys/run_0580_g3b_update_on/tp_update.h5,ON,"x[in,17)",Q1,C_hold (undo species commit),0.0,0.0
/home/ubuntu/forge-species-tp/case/16.nozzle_wys/run_0580_g3b_update_on/tp_update.h5,ON,"x[in,17)",Q0,C_hold (undo species commit),0.0,0.0
/home/ubuntu/forge-species-tp/case/16.nozzle_wys/run_0580_g3b_update_on/tp_update.h5,ON,"x[in,17)",v,C_hold (undo species commit),-1.1970712438407362e-14,1.1811020978894736e-12
/home/ubuntu/forge-species-tp/case/16.nozzle_wys/run_0580_g3b_update_on/tp_update.h5,ON,"x[in,17)",w,C_renorm_scale,1.3563138874878372e-15,1.0294554410241688e-12
/home/ubuntu/forge-species-tp/case/16.nozzle_wys/run_0580_g3b_update_on/tp_update.h5,ON,"x[in,17)",g,C_renorm_scale,-3.343696389380078e-19,1.610498505521705e-17
/home/ubuntu/forge-species-tp/case/16.nozzle_wys/run_0580_g3b_update_on/tp_update.h5,ON,"x[in,17)",Q2,C_renorm_scale,-1.6948476864157965e-14,6.250738288953402e-13
/home/ubuntu/forge-species-tp/case/16.nozzle_wys/run_0580_g3b_update_on/tp_update.h5,ON,"x[in,17)",Q1,C_renorm_scale,1.4472961060521948e-06,0.0001352138589419321
/home/ubuntu/forge-species-tp/case/16.nozzle_wys/run_0580_g3b_update_on/tp_update.h5,ON,"x[in,17)",Q0,C_renorm_scale,482.1710309695162,45559.975655377326
/home/ubuntu/forge-species-tp/case/16.nozzle_wys/run_0580_g3b_update_on/tp_update.h5,ON,"x[in,17)",v,C_renorm_scale,1.3566482571267753e-15,1.029439484554999e-12
/home/ubuntu/forge-species-tp/case/16.nozzle_wys/run_0580_g3b_update_on/tp_update.h5,ON,"x[in,17)",w,C_passive_floor,0.0,0.0
/home/ubuntu/forge-species-tp/case/16.nozzle_wys/run_0580_g3b_update_on/tp_update.h5,ON,"x[in,17)",g,C_passive_floor,6.588167371950057e-41,6.588167371950057e-41
/home/ubuntu/forge-species-tp/case/16.nozzle_wys/run_0580_g3b_update_on/tp_update.h5,ON,"x[in,17)",Q2,C_passive_floor,0.0,0.0
/home/ubuntu/forge-species-tp/case/16.nozzle_wys/run_0580_g3b_update_on/tp_update.h5,ON,"x[in,17)",Q1,C_passive_floor,0.0,0.0
/home/ubuntu/forge-species-tp/case/16.nozzle_wys/run_0580_g3b_update_on/tp_update.h5,ON,"x[in,17)",Q0,C_passive_floor,0.0,0.0
/home/ubuntu/forge-species-tp/case/16.nozzle_wys/run_0580_g3b_update_on/tp_update.h5,ON,"x[in,17)",v,C_passive_floor,-6.588167371950057e-41,6.588167371950057e-41
/home/ubuntu/forge-species-tp/case/16.nozzle_wys/run_0580_g3b_update_on/tp_update.h5,ON,"x[in,17)",w,C_projection,0.0,0.0
/home/ubuntu/forge-species-tp/case/16.nozzle_wys/run_0580_g3b_update_on/tp_update.h5,ON,"x[in,17)",g,C_projection,0.0,0.0
/home/ubuntu/forge-species-tp/case/16.nozzle_wys/run_0580_g3b_update_on/tp_update.h5,ON,"x[in,17)",Q2,C_projection,-2.710038819842227e-15,2.710776820477471e-15
/home/ubuntu/forge-species-tp/case/16.nozzle_wys/run_0580_g3b_update_on/tp_update.h5,ON,"x[in,17)",Q1,C_projection,7.559836086024559e-07,7.559836086024559e-07
/home/ubuntu/forge-species-tp/case/16.nozzle_wys/run_0580_g3b_update_on/tp_update.h5,ON,"x[in,17)",Q0,C_projection,0.0,0.0
/home/ubuntu/forge-species-tp/case/16.nozzle_wys/run_0580_g3b_update_on/tp_update.h5,ON,"x[in,17)",v,C_projection,0.0,0.0
/home/ubuntu/forge-species-tp/case/16.nozzle_wys/run_0580_g3b_update_on/tp_update.h5,ON,"x[in,17)",w,C_droplet_removal (physical),0.0,0.0
/home/ubuntu/forge-species-tp/case/16.nozzle_wys/run_0580_g3b_update_on/tp_update.h5,ON,"x[in,17)",g,C_droplet_removal (physical),-2.78503320589618e-26,2.78503320589618e-26
/home/ubuntu/forge-species-tp/case/16.nozzle_wys/run_0580_g3b_update_on/tp_update.h5,ON,"x[in,17)",Q2,C_droplet_removal (physical),-2.940202634507049e-22,2.940202634507049e-22
/home/ubuntu/forge-species-tp/case/16.nozzle_wys/run_0580_g3b_update_on/tp_update.h5,ON,"x[in,17)",Q1,C_droplet_removal (physical),-1.3009138296786825e-14,1.3009138296786825e-14
/home/ubuntu/forge-species-tp/case/16.nozzle_wys/run_0580_g3b_update_on/tp_update.h5,ON,"x[in,17)",Q0,C_droplet_removal (physical),-0.0008310896041033319,0.0008310896041033319
/home/ubuntu/forge-species-tp/case/16.nozzle_wys/run_0580_g3b_update_on/tp_update.h5,ON,"x[in,17)",v,C_droplet_removal (physical),2.78503320589618e-26,2.78503320589618e-26
/home/ubuntu/forge-species-tp/case/16.nozzle_wys/run_0580_g3b_update_on/tp_update.h5,ON,"x[in,17)",w,B_boundary_overwrite,0.0,0.0
/home/ubuntu/forge-species-tp/case/16.nozzle_wys/run_0580_g3b_update_on/tp_update.h5,ON,"x[in,17)",g,B_boundary_overwrite,0.0,0.0
/home/ubuntu/forge-species-tp/case/16.nozzle_wys/run_0580_g3b_update_on/tp_update.h5,ON,"x[in,17)",Q2,B_boundary_overwrite,0.0,0.0
/home/ubuntu/forge-species-tp/case/16.nozzle_wys/run_0580_g3b_update_on/tp_update.h5,ON,"x[in,17)",Q1,B_boundary_overwrite,0.0,0.0
/home/ubuntu/forge-species-tp/case/16.nozzle_wys/run_0580_g3b_update_on/tp_update.h5,ON,"x[in,17)",Q0,B_boundary_overwrite,0.0,0.0
/home/ubuntu/forge-species-tp/case/16.nozzle_wys/run_0580_g3b_update_on/tp_update.h5,ON,"x[in,17)",v,B_boundary_overwrite,0.0,0.0
/home/ubuntu/forge-species-tp/case/16.nozzle_wys/run_0580_g3b_update_on/tp_update.h5,ON,"x[in,17)",w,LHS,1.3302604865520227e-14,
/home/ubuntu/forge-species-tp/case/16.nozzle_wys/run_0580_g3b_update_on/tp_update.h5,ON,"x[in,17)",w,E_bookkeeping,2.831064016657167e-26,
/home/ubuntu/forge-species-tp/case/16.nozzle_wys/run_0580_g3b_update_on/tp_update.h5,ON,"x[in,17)",w,A_unclosed,-2.1809586746136223e-15,
/home/ubuntu/forge-species-tp/case/16.nozzle_wys/run_0580_g3b_update_on/tp_update.h5,ON,"x[in,17)",w,B_unclosed,2.8312217888382114e-26,
/home/ubuntu/forge-species-tp/case/16.nozzle_wys/run_0580_g3b_update_on/tp_update.h5,ON,"x[in,17)",g,LHS,-3.481882358195933e-16,
/home/ubuntu/forge-species-tp/case/16.nozzle_wys/run_0580_g3b_update_on/tp_update.h5,ON,"x[in,17)",g,E_bookkeeping,-6.162975822039155e-30,
/home/ubuntu/forge-species-tp/case/16.nozzle_wys/run_0580_g3b_update_on/tp_update.h5,ON,"x[in,17)",g,A_unclosed,-2.8562155140390077e-19,
/home/ubuntu/forge-species-tp/case/16.nozzle_wys/run_0580_g3b_update_on/tp_update.h5,ON,"x[in,17)",g,B_unclosed,-6.184642533913511e-30,
/home/ubuntu/forge-species-tp/case/16.nozzle_wys/run_0580_g3b_update_on/tp_update.h5,ON,"x[in,17)",Q2,LHS,-2.700482297260827e-11,
/home/ubuntu/forge-species-tp/case/16.nozzle_wys/run_0580_g3b_update_on/tp_update.h5,ON,"x[in,17)",Q2,E_bookkeeping,-1.6155871338926322e-26,
/home/ubuntu/forge-species-tp/case/16.nozzle_wys/run_0580_g3b_update_on/tp_update.h5,ON,"x[in,17)",Q2,A_unclosed,1.815349154209603e-15,
/home/ubuntu/forge-species-tp/case/16.nozzle_wys/run_0580_g3b_update_on/tp_update.h5,ON,"x[in,17)",Q2,B_unclosed,-1.7435009296742192e-26,
/home/ubuntu/forge-species-tp/case/16.nozzle_wys/run_0580_g3b_update_on/tp_update.h5,ON,"x[in,17)",Q1,LHS,-0.009612021742121743,
/home/ubuntu/forge-species-tp/case/16.nozzle_wys/run_0580_g3b_update_on/tp_update.h5,ON,"x[in,17)",Q1,E_bookkeeping,-1.8908485888147197e-16,
/home/ubuntu/forge-species-tp/case/16.nozzle_wys/run_0580_g3b_update_on/tp_update.h5,ON,"x[in,17)",Q1,A_unclosed,-3.1761977032955395e-06,
/home/ubuntu/forge-species-tp/case/16.nozzle_wys/run_0580_g3b_update_on/tp_update.h5,ON,"x[in,17)",Q1,B_unclosed,-1.8771224199044638e-16,
/home/ubuntu/forge-species-tp/case/16.nozzle_wys/run_0580_g3b_update_on/tp_update.h5,ON,"x[in,17)",Q0,LHS,-83581.07737030994,
/home/ubuntu/forge-species-tp/case/16.nozzle_wys/run_0580_g3b_update_on/tp_update.h5,ON,"x[in,17)",Q0,E_bookkeeping,-8.440110832452774e-10,
/home/ubuntu/forge-species-tp/case/16.nozzle_wys/run_0580_g3b_update_on/tp_update.h5,ON,"x[in,17)",Q0,A_unclosed,1890.7422128411695,
/home/ubuntu/forge-species-tp/case/16.nozzle_wys/run_0580_g3b_update_on/tp_update.h5,ON,"x[in,17)",Q0,B_unclosed,-8.406004781136289e-10,
/home/ubuntu/forge-species-tp/case/16.nozzle_wys/run_0580_g3b_update_on/tp_update.h5,ON,"x[in,17)",v,LHS,1.365079310133982e-14,
/home/ubuntu/forge-species-tp/case/16.nozzle_wys/run_0580_g3b_update_on/tp_update.h5,ON,"x[in,17)",v,E_bookkeeping,2.831852877562388e-26,
/home/ubuntu/forge-species-tp/case/16.nozzle_wys/run_0580_g3b_update_on/tp_update.h5,ON,"x[in,17)",v,A_unclosed,-2.1806730530622182e-15,
/home/ubuntu/forge-species-tp/case/16.nozzle_wys/run_0580_g3b_update_on/tp_update.h5,ON,"x[in,17)",v,B_unclosed,2.831852877562388e-26,
/home/ubuntu/forge-species-tp/case/16.nozzle_wys/run_0580_g3b_update_on/tp_update.h5,ON,"x[17,35)",w,delta_limited,1.4969803666704659e-15,3.39605148456604e-14
/home/ubuntu/forge-species-tp/case/16.nozzle_wys/run_0580_g3b_update_on/tp_update.h5,ON,"x[17,35)",g,delta_limited,9.061781457934386e-15,1.8934936438483588e-14
/home/ubuntu/forge-species-tp/case/16.nozzle_wys/run_0580_g3b_update_on/tp_update.h5,ON,"x[17,35)",Q2,delta_limited,1.5487008483919872e-10,3.9386828304807577e-10
/home/ubuntu/forge-species-tp/case/16.nozzle_wys/run_0580_g3b_update_on/tp_update.h5,ON,"x[17,35)",Q1,delta_limited,0.005292472838453582,0.04276813315004056
/home/ubuntu/forge-species-tp/case/16.nozzle_wys/run_0580_g3b_update_on/tp_update.h5,ON,"x[17,35)",Q0,delta_limited,-143138.21355019626,6949688.132393723
/home/ubuntu/forge-species-tp/case/16.nozzle_wys/run_0580_g3b_update_on/tp_update.h5,ON,"x[17,35)",v,delta_limited,-7.564801091263921e-15,3.5605429545765076e-14
/home/ubuntu/forge-species-tp/case/16.nozzle_wys/run_0580_g3b_update_on/tp_update.h5,ON,"x[17,35)",w,C_round,1.5607498169032222e-18,6.086959521346878e-15
/home/ubuntu/forge-species-tp/case/16.nozzle_wys/run_0580_g3b_update_on/tp_update.h5,ON,"x[17,35)",g,C_round,5.960487755763161e-17,1.6907223646388579e-15
/home/ubuntu/forge-species-tp/case/16.nozzle_wys/run_0580_g3b_update_on/tp_update.h5,ON,"x[17,35)",Q2,C_round,-1.4586667520684661e-12,3.0152048662092255e-11
/home/ubuntu/forge-species-tp/case/16.nozzle_wys/run_0580_g3b_update_on/tp_update.h5,ON,"x[17,35)",Q1,C_round,-2.7956606064270094e-05,0.0026917361700443026
/home/ubuntu/forge-species-tp/case/16.nozzle_wys/run_0580_g3b_update_on/tp_update.h5,ON,"x[17,35)",Q0,C_round,933.5925536031564,315925.9216110498
/home/ubuntu/forge-species-tp/case/16.nozzle_wys/run_0580_g3b_update_on/tp_update.h5,ON,"x[17,35)",v,C_round,-5.80441277407284e-17,6.410935527586977e-15
/home/ubuntu/forge-species-tp/case/16.nozzle_wys/run_0580_g3b_update_on/tp_update.h5,ON,"x[17,35)",w,C_floor (commit),0.0,0.0
/home/ubuntu/forge-species-tp/case/16.nozzle_wys/run_0580_g3b_update_on/tp_update.h5,ON,"x[17,35)",g,C_floor (commit),0.0,0.0
/home/ubuntu/forge-species-tp/case/16.nozzle_wys/run_0580_g3b_update_on/tp_update.h5,ON,"x[17,35)",Q2,C_floor (commit),8.015823510681086e-33,8.015823510681086e-33
/home/ubuntu/forge-species-tp/case/16.nozzle_wys/run_0580_g3b_update_on/tp_update.h5,ON,"x[17,35)",Q1,C_floor (commit),7.323661643811492e-25,7.323661643811492e-25
/home/ubuntu/forge-species-tp/case/16.nozzle_wys/run_0580_g3b_update_on/tp_update.h5,ON,"x[17,35)",Q0,C_floor (commit),9.87465430594549e-15,9.87465430594549e-15
/home/ubuntu/forge-species-tp/case/16.nozzle_wys/run_0580_g3b_update_on/tp_update.h5,ON,"x[17,35)",v,C_floor (commit),0.0,0.0
/home/ubuntu/forge-species-tp/case/16.nozzle_wys/run_0580_g3b_update_on/tp_update.h5,ON,"x[17,35)",w,C_species_commit (undone by hold),1.4521919367805286e-15,3.334088737736769e-14
/home/ubuntu/forge-species-tp/case/16.nozzle_wys/run_0580_g3b_update_on/tp_update.h5,ON,"x[17,35)",g,C_species_commit (undone by hold),0.0,0.0
/home/ubuntu/forge-species-tp/case/16.nozzle_wys/run_0580_g3b_update_on/tp_update.h5,ON,"x[17,35)",Q2,C_species_commit (undone by hold),0.0,0.0
/home/ubuntu/forge-species-tp/case/16.nozzle_wys/run_0580_g3b_update_on/tp_update.h5,ON,"x[17,35)",Q1,C_species_commit (undone by hold),0.0,0.0
/home/ubuntu/forge-species-tp/case/16.nozzle_wys/run_0580_g3b_update_on/tp_update.h5,ON,"x[17,35)",Q0,C_species_commit (undone by hold),0.0,0.0
/home/ubuntu/forge-species-tp/case/16.nozzle_wys/run_0580_g3b_update_on/tp_update.h5,ON,"x[17,35)",v,C_species_commit (undone by hold),1.4521919367805286e-15,3.334088737736769e-14
/home/ubuntu/forge-species-tp/case/16.nozzle_wys/run_0580_g3b_update_on/tp_update.h5,ON,"x[17,35)",w,C_hold (undo species commit),-1.4521919367805286e-15,3.334088737736769e-14
/home/ubuntu/forge-species-tp/case/16.nozzle_wys/run_0580_g3b_update_on/tp_update.h5,ON,"x[17,35)",g,C_hold (undo species commit),0.0,0.0
/home/ubuntu/forge-species-tp/case/16.nozzle_wys/run_0580_g3b_update_on/tp_update.h5,ON,"x[17,35)",Q2,C_hold (undo species commit),0.0,0.0
/home/ubuntu/forge-species-tp/case/16.nozzle_wys/run_0580_g3b_update_on/tp_update.h5,ON,"x[17,35)",Q1,C_hold (undo species commit),0.0,0.0
/home/ubuntu/forge-species-tp/case/16.nozzle_wys/run_0580_g3b_update_on/tp_update.h5,ON,"x[17,35)",Q0,C_hold (undo species commit),0.0,0.0
/home/ubuntu/forge-species-tp/case/16.nozzle_wys/run_0580_g3b_update_on/tp_update.h5,ON,"x[17,35)",v,C_hold (undo species commit),-1.4521919367805286e-15,3.334088737736769e-14
/home/ubuntu/forge-species-tp/case/16.nozzle_wys/run_0580_g3b_update_on/tp_update.h5,ON,"x[17,35)",w,C_renorm_scale,6.11263021169281e-17,2.8707659798772693e-14
/home/ubuntu/forge-species-tp/case/16.nozzle_wys/run_0580_g3b_update_on/tp_update.h5,ON,"x[17,35)",g,C_renorm_scale,7.107535293720735e-17,6.387372770124976e-15
/home/ubuntu/forge-species-tp/case/16.nozzle_wys/run_0580_g3b_update_on/tp_update.h5,ON,"x[17,35)",Q2,C_renorm_scale,1.8602799194705502e-12,1.1490087348036572e-10
/home/ubuntu/forge-species-tp/case/16.nozzle_wys/run_0580_g3b_update_on/tp_update.h5,ON,"x[17,35)",Q1,C_renorm_scale,7.367157384661146e-05,0.009973058292815591
/home/ubuntu/forge-species-tp/case/16.nozzle_wys/run_0580_g3b_update_on/tp_update.h5,ON,"x[17,35)",Q0,C_renorm_scale,16372.654485394633,1126499.8934103441
/home/ubuntu/forge-species-tp/case/16.nozzle_wys/run_0580_g3b_update_on/tp_update.h5,ON,"x[17,35)",v,C_renorm_scale,-9.94905082027933e-18,2.243991275510615e-14
/home/ubuntu/forge-species-tp/case/16.nozzle_wys/run_0580_g3b_update_on/tp_update.h5,ON,"x[17,35)",w,C_passive_floor,0.0,0.0
/home/ubuntu/forge-species-tp/case/16.nozzle_wys/run_0580_g3b_update_on/tp_update.h5,ON,"x[17,35)",g,C_passive_floor,4.8014867568429114e-37,4.8014867568429114e-37
/home/ubuntu/forge-species-tp/case/16.nozzle_wys/run_0580_g3b_update_on/tp_update.h5,ON,"x[17,35)",Q2,C_passive_floor,0.0,0.0
/home/ubuntu/forge-species-tp/case/16.nozzle_wys/run_0580_g3b_update_on/tp_update.h5,ON,"x[17,35)",Q1,C_passive_floor,0.0,0.0
/home/ubuntu/forge-species-tp/case/16.nozzle_wys/run_0580_g3b_update_on/tp_update.h5,ON,"x[17,35)",Q0,C_passive_floor,0.0,0.0
/home/ubuntu/forge-species-tp/case/16.nozzle_wys/run_0580_g3b_update_on/tp_update.h5,ON,"x[17,35)",v,C_passive_floor,-4.8014867568429114e-37,4.8014867568429114e-37
/home/ubuntu/forge-species-tp/case/16.nozzle_wys/run_0580_g3b_update_on/tp_update.h5,ON,"x[17,35)",w,C_projection,0.0,0.0
/home/ubuntu/forge-species-tp/case/16.nozzle_wys/run_0580_g3b_update_on/tp_update.h5,ON,"x[17,35)",g,C_projection,0.0,0.0
/home/ubuntu/forge-species-tp/case/16.nozzle_wys/run_0580_g3b_update_on/tp_update.h5,ON,"x[17,35)",Q2,C_projection,-1.5975168574666087e-11,1.5975168574681655e-11
/home/ubuntu/forge-species-tp/case/16.nozzle_wys/run_0580_g3b_update_on/tp_update.h5,ON,"x[17,35)",Q1,C_projection,0.0023066673206452787,0.002306667346643993
/home/ubuntu/forge-species-tp/case/16.nozzle_wys/run_0580_g3b_update_on/tp_update.h5,ON,"x[17,35)",Q0,C_projection,0.0,0.0
/home/ubuntu/forge-species-tp/case/16.nozzle_wys/run_0580_g3b_update_on/tp_update.h5,ON,"x[17,35)",v,C_projection,0.0,0.0
/home/ubuntu/forge-species-tp/case/16.nozzle_wys/run_0580_g3b_update_on/tp_update.h5,ON,"x[17,35)",w,C_droplet_removal (physical),0.0,0.0
/home/ubuntu/forge-species-tp/case/16.nozzle_wys/run_0580_g3b_update_on/tp_update.h5,ON,"x[17,35)",g,C_droplet_removal (physical),-1.0680568578238898e-42,1.0680568578238898e-42
/home/ubuntu/forge-species-tp/case/16.nozzle_wys/run_0580_g3b_update_on/tp_update.h5,ON,"x[17,35)",Q2,C_droplet_removal (physical),-1.3022042837606314e-37,1.3022042837606314e-37
/home/ubuntu/forge-species-tp/case/16.nozzle_wys/run_0580_g3b_update_on/tp_update.h5,ON,"x[17,35)",Q1,C_droplet_removal (physical),-8.22327371176343e-29,8.22327371176343e-29
/home/ubuntu/forge-species-tp/case/16.nozzle_wys/run_0580_g3b_update_on/tp_update.h5,ON,"x[17,35)",Q0,C_droplet_removal (physical),-3.398178063084574e-20,3.398178063084574e-20
/home/ubuntu/forge-species-tp/case/16.nozzle_wys/run_0580_g3b_update_on/tp_update.h5,ON,"x[17,35)",v,C_droplet_removal (physical),1.0680568578238898e-42,1.0680568578238898e-42
/home/ubuntu/forge-species-tp/case/16.nozzle_wys/run_0580_g3b_update_on/tp_update.h5,ON,"x[17,35)",w,B_boundary_overwrite,0.0,0.0
/home/ubuntu/forge-species-tp/case/16.nozzle_wys/run_0580_g3b_update_on/tp_update.h5,ON,"x[17,35)",g,B_boundary_overwrite,0.0,0.0
/home/ubuntu/forge-species-tp/case/16.nozzle_wys/run_0580_g3b_update_on/tp_update.h5,ON,"x[17,35)",Q2,B_boundary_overwrite,0.0,0.0
/home/ubuntu/forge-species-tp/case/16.nozzle_wys/run_0580_g3b_update_on/tp_update.h5,ON,"x[17,35)",Q1,B_boundary_overwrite,0.0,0.0
/home/ubuntu/forge-species-tp/case/16.nozzle_wys/run_0580_g3b_update_on/tp_update.h5,ON,"x[17,35)",Q0,B_boundary_overwrite,0.0,0.0
/home/ubuntu/forge-species-tp/case/16.nozzle_wys/run_0580_g3b_update_on/tp_update.h5,ON,"x[17,35)",v,B_boundary_overwrite,0.0,0.0
/home/ubuntu/forge-species-tp/case/16.nozzle_wys/run_0580_g3b_update_on/tp_update.h5,ON,"x[17,35)",w,LHS,1.559667418679316e-15,
/home/ubuntu/forge-species-tp/case/16.nozzle_wys/run_0580_g3b_update_on/tp_update.h5,ON,"x[17,35)",w,E_bookkeeping,7.501869993425517e-26,
/home/ubuntu/forge-species-tp/case/16.nozzle_wys/run_0580_g3b_update_on/tp_update.h5,ON,"x[17,35)",w,A_unclosed,1.5607498919219468e-18,
/home/ubuntu/forge-species-tp/case/16.nozzle_wys/run_0580_g3b_update_on/tp_update.h5,ON,"x[17,35)",w,B_unclosed,7.501872458615846e-26,
/home/ubuntu/forge-species-tp/case/16.nozzle_wys/run_0580_g3b_update_on/tp_update.h5,ON,"x[17,35)",g,LHS,9.192461688441369e-15,
/home/ubuntu/forge-species-tp/case/16.nozzle_wys/run_0580_g3b_update_on/tp_update.h5,ON,"x[17,35)",g,E_bookkeeping,1.2143724774972256e-26,
/home/ubuntu/forge-species-tp/case/16.nozzle_wys/run_0580_g3b_update_on/tp_update.h5,ON,"x[17,35)",g,A_unclosed,5.960487756977536e-17,
/home/ubuntu/forge-species-tp/case/16.nozzle_wys/run_0580_g3b_update_on/tp_update.h5,ON,"x[17,35)",g,B_unclosed,1.2143749426875544e-26,
/home/ubuntu/forge-species-tp/case/16.nozzle_wys/run_0580_g3b_update_on/tp_update.h5,ON,"x[17,35)",Q2,LHS,1.392965294318949e-10,
/home/ubuntu/forge-species-tp/case/16.nozzle_wys/run_0580_g3b_update_on/tp_update.h5,ON,"x[17,35)",Q2,E_bookkeeping,-3.983391637325674e-23,
/home/ubuntu/forge-species-tp/case/16.nozzle_wys/run_0580_g3b_update_on/tp_update.h5,ON,"x[17,35)",Q2,A_unclosed,-1.4586667521082944e-12,
/home/ubuntu/forge-species-tp/case/16.nozzle_wys/run_0580_g3b_update_on/tp_update.h5,ON,"x[17,35)",Q2,B_unclosed,-3.9828261818288115e-23,
/home/ubuntu/forge-species-tp/case/16.nozzle_wys/run_0580_g3b_update_on/tp_update.h5,ON,"x[17,35)",Q1,LHS,0.007644855126890674,
/home/ubuntu/forge-species-tp/case/16.nozzle_wys/run_0580_g3b_update_on/tp_update.h5,ON,"x[17,35)",Q1,E_bookkeeping,9.471590178833367e-15,
/home/ubuntu/forge-species-tp/case/16.nozzle_wys/run_0580_g3b_update_on/tp_update.h5,ON,"x[17,35)",Q1,A_unclosed,-2.7956606054797915e-05,
/home/ubuntu/forge-species-tp/case/16.nozzle_wys/run_0580_g3b_update_on/tp_update.h5,ON,"x[17,35)",Q1,B_unclosed,9.472179713764656e-15,
/home/ubuntu/forge-species-tp/case/16.nozzle_wys/run_0580_g3b_update_on/tp_update.h5,ON,"x[17,35)",Q0,LHS,-125831.96651124721,
/home/ubuntu/forge-species-tp/case/16.nozzle_wys/run_0580_g3b_update_on/tp_update.h5,ON,"x[17,35)",Q0,E_bookkeeping,-4.871981218457222e-08,
/home/ubuntu/forge-species-tp/case/16.nozzle_wys/run_0580_g3b_update_on/tp_update.h5,ON,"x[17,35)",Q0,A_unclosed,933.5925535544156,
/home/ubuntu/forge-species-tp/case/16.nozzle_wys/run_0580_g3b_update_on/tp_update.h5,ON,"x[17,35)",Q0,B_unclosed,-4.8740730562713e-08,
/home/ubuntu/forge-species-tp/case/16.nozzle_wys/run_0580_g3b_update_on/tp_update.h5,ON,"x[17,35)",v,LHS,-7.632794269762051e-15,
/home/ubuntu/forge-species-tp/case/16.nozzle_wys/run_0580_g3b_update_on/tp_update.h5,ON,"x[17,35)",v,E_bookkeeping,6.287694731154597e-26,
/home/ubuntu/forge-species-tp/case/16.nozzle_wys/run_0580_g3b_update_on/tp_update.h5,ON,"x[17,35)",v,A_unclosed,-5.804412767785096e-17,
/home/ubuntu/forge-species-tp/case/16.nozzle_wys/run_0580_g3b_update_on/tp_update.h5,ON,"x[17,35)",v,B_unclosed,6.287744034961173e-26,
/home/ubuntu/forge-species-tp/case/16.nozzle_wys/run_0580_g3b_update_on/tp_update.h5,ON,"x[35,70)",w,delta_limited,-3.23312380029412e-15,6.282698913486606e-14
/home/ubuntu/forge-species-tp/case/16.nozzle_wys/run_0580_g3b_update_on/tp_update.h5,ON,"x[35,70)",g,delta_limited,-2.831935914888646e-15,5.426798754150324e-14
/home/ubuntu/forge-species-tp/case/16.nozzle_wys/run_0580_g3b_update_on/tp_update.h5,ON,"x[35,70)",Q2,delta_limited,2.461577984308179e-09,3.439106282278867e-09
/home/ubuntu/forge-species-tp/case/16.nozzle_wys/run_0580_g3b_update_on/tp_update.h5,ON,"x[35,70)",Q1,delta_limited,-0.2625437146634305,0.3164204113745087
/home/ubuntu/forge-species-tp/case/16.nozzle_wys/run_0580_g3b_update_on/tp_update.h5,ON,"x[35,70)",Q0,delta_limited,-270074.9893836996,4696243.073320907
/home/ubuntu/forge-species-tp/case/16.nozzle_wys/run_0580_g3b_update_on/tp_update.h5,ON,"x[35,70)",v,delta_limited,-4.011878854054736e-16,3.286703659844715e-14
/home/ubuntu/forge-species-tp/case/16.nozzle_wys/run_0580_g3b_update_on/tp_update.h5,ON,"x[35,70)",w,C_round,-7.011158477262234e-16,1.331585938629246e-14
/home/ubuntu/forge-species-tp/case/16.nozzle_wys/run_0580_g3b_update_on/tp_update.h5,ON,"x[35,70)",g,C_round,-6.952648274664773e-17,1.2129055681689062e-14
/home/ubuntu/forge-species-tp/case/16.nozzle_wys/run_0580_g3b_update_on/tp_update.h5,ON,"x[35,70)",Q2,C_round,-2.130638254717723e-12,1.8448996931303635e-10
/home/ubuntu/forge-species-tp/case/16.nozzle_wys/run_0580_g3b_update_on/tp_update.h5,ON,"x[35,70)",Q1,C_round,0.00036769956912577665,0.011975699124707483
/home/ubuntu/forge-species-tp/case/16.nozzle_wys/run_0580_g3b_update_on/tp_update.h5,ON,"x[35,70)",Q0,C_round,4686.787780395386,748450.3021346694
/home/ubuntu/forge-species-tp/case/16.nozzle_wys/run_0580_g3b_update_on/tp_update.h5,ON,"x[35,70)",v,C_round,-6.315893649795755e-16,1.6907847365968774e-14
/home/ubuntu/forge-species-tp/case/16.nozzle_wys/run_0580_g3b_update_on/tp_update.h5,ON,"x[35,70)",w,C_floor (commit),0.0,0.0
/home/ubuntu/forge-species-tp/case/16.nozzle_wys/run_0580_g3b_update_on/tp_update.h5,ON,"x[35,70)",g,C_floor (commit),0.0,0.0
/home/ubuntu/forge-species-tp/case/16.nozzle_wys/run_0580_g3b_update_on/tp_update.h5,ON,"x[35,70)",Q2,C_floor (commit),1.8738808872906637e-31,1.8738808872906637e-31
/home/ubuntu/forge-species-tp/case/16.nozzle_wys/run_0580_g3b_update_on/tp_update.h5,ON,"x[35,70)",Q1,C_floor (commit),3.1411470374616424e-22,3.1411470374616424e-22
/home/ubuntu/forge-species-tp/case/16.nozzle_wys/run_0580_g3b_update_on/tp_update.h5,ON,"x[35,70)",Q0,C_floor (commit),4.687405349996834e-14,4.687405349996834e-14
/home/ubuntu/forge-species-tp/case/16.nozzle_wys/run_0580_g3b_update_on/tp_update.h5,ON,"x[35,70)",v,C_floor (commit),0.0,0.0
/home/ubuntu/forge-species-tp/case/16.nozzle_wys/run_0580_g3b_update_on/tp_update.h5,ON,"x[35,70)",w,C_species_commit (undone by hold),-3.985850588904425e-15,6.064438842999187e-14
/home/ubuntu/forge-species-tp/case/16.nozzle_wys/run_0580_g3b_update_on/tp_update.h5,ON,"x[35,70)",g,C_species_commit (undone by hold),0.0,0.0
/home/ubuntu/forge-species-tp/case/16.nozzle_wys/run_0580_g3b_update_on/tp_update.h5,ON,"x[35,70)",Q2,C_species_commit (undone by hold),0.0,0.0
/home/ubuntu/forge-species-tp/case/16.nozzle_wys/run_0580_g3b_update_on/tp_update.h5,ON,"x[35,70)",Q1,C_species_commit (undone by hold),0.0,0.0
/home/ubuntu/forge-species-tp/case/16.nozzle_wys/run_0580_g3b_update_on/tp_update.h5,ON,"x[35,70)",Q0,C_species_commit (undone by hold),0.0,0.0
/home/ubuntu/forge-species-tp/case/16.nozzle_wys/run_0580_g3b_update_on/tp_update.h5,ON,"x[35,70)",v,C_species_commit (undone by hold),-3.985850588904425e-15,6.064438842999187e-14
/home/ubuntu/forge-species-tp/case/16.nozzle_wys/run_0580_g3b_update_on/tp_update.h5,ON,"x[35,70)",w,C_hold (undo species commit),3.985850588904425e-15,6.064438842999187e-14
/home/ubuntu/forge-species-tp/case/16.nozzle_wys/run_0580_g3b_update_on/tp_update.h5,ON,"x[35,70)",g,C_hold (undo species commit),0.0,0.0
/home/ubuntu/forge-species-tp/case/16.nozzle_wys/run_0580_g3b_update_on/tp_update.h5,ON,"x[35,70)",Q2,C_hold (undo species commit),0.0,0.0
/home/ubuntu/forge-species-tp/case/16.nozzle_wys/run_0580_g3b_update_on/tp_update.h5,ON,"x[35,70)",Q1,C_hold (undo species commit),0.0,0.0
/home/ubuntu/forge-species-tp/case/16.nozzle_wys/run_0580_g3b_update_on/tp_update.h5,ON,"x[35,70)",Q0,C_hold (undo species commit),0.0,0.0
/home/ubuntu/forge-species-tp/case/16.nozzle_wys/run_0580_g3b_update_on/tp_update.h5,ON,"x[35,70)",v,C_hold (undo species commit),3.985850588904425e-15,6.064438842999187e-14
/home/ubuntu/forge-species-tp/case/16.nozzle_wys/run_0580_g3b_update_on/tp_update.h5,ON,"x[35,70)",w,C_renorm_scale,6.669313607019305e-16,4.9183127029680075e-14
/home/ubuntu/forge-species-tp/case/16.nozzle_wys/run_0580_g3b_update_on/tp_update.h5,ON,"x[35,70)",g,C_renorm_scale,9.31814051724346e-16,4.0785258245866744e-14
/home/ubuntu/forge-species-tp/case/16.nozzle_wys/run_0580_g3b_update_on/tp_update.h5,ON,"x[35,70)",Q2,C_renorm_scale,1.662017947629366e-11,5.621997570092116e-10
/home/ubuntu/forge-species-tp/case/16.nozzle_wys/run_0580_g3b_update_on/tp_update.h5,ON,"x[35,70)",Q1,C_renorm_scale,0.0003200326681560452,0.0338861954703609
/home/ubuntu/forge-species-tp/case/16.nozzle_wys/run_0580_g3b_update_on/tp_update.h5,ON,"x[35,70)",Q0,C_renorm_scale,31397.876815754913,2273307.9180096355
/home/ubuntu/forge-species-tp/case/16.nozzle_wys/run_0580_g3b_update_on/tp_update.h5,ON,"x[35,70)",v,C_renorm_scale,-2.6488269102241544e-16,8.814331924201578e-15
/home/ubuntu/forge-species-tp/case/16.nozzle_wys/run_0580_g3b_update_on/tp_update.h5,ON,"x[35,70)",w,C_passive_floor,0.0,0.0
/home/ubuntu/forge-species-tp/case/16.nozzle_wys/run_0580_g3b_update_on/tp_update.h5,ON,"x[35,70)",g,C_passive_floor,1.7729904686850815e-36,1.7729904686850815e-36
/home/ubuntu/forge-species-tp/case/16.nozzle_wys/run_0580_g3b_update_on/tp_update.h5,ON,"x[35,70)",Q2,C_passive_floor,0.0,0.0
/home/ubuntu/forge-species-tp/case/16.nozzle_wys/run_0580_g3b_update_on/tp_update.h5,ON,"x[35,70)",Q1,C_passive_floor,0.0,0.0
/home/ubuntu/forge-species-tp/case/16.nozzle_wys/run_0580_g3b_update_on/tp_update.h5,ON,"x[35,70)",Q0,C_passive_floor,0.0,0.0
/home/ubuntu/forge-species-tp/case/16.nozzle_wys/run_0580_g3b_update_on/tp_update.h5,ON,"x[35,70)",v,C_passive_floor,-1.7729904686850815e-36,1.7729904686850815e-36
/home/ubuntu/forge-species-tp/case/16.nozzle_wys/run_0580_g3b_update_on/tp_update.h5,ON,"x[35,70)",w,C_projection,0.0,0.0
/home/ubuntu/forge-species-tp/case/16.nozzle_wys/run_0580_g3b_update_on/tp_update.h5,ON,"x[35,70)",g,C_projection,0.0,0.0
/home/ubuntu/forge-species-tp/case/16.nozzle_wys/run_0580_g3b_update_on/tp_update.h5,ON,"x[35,70)",Q2,C_projection,-2.575448764526312e-09,2.575448765381835e-09
/home/ubuntu/forge-species-tp/case/16.nozzle_wys/run_0580_g3b_update_on/tp_update.h5,ON,"x[35,70)",Q1,C_projection,0.2374208108306519,0.23742081162957873
/home/ubuntu/forge-species-tp/case/16.nozzle_wys/run_0580_g3b_update_on/tp_update.h5,ON,"x[35,70)",Q0,C_projection,0.0,0.0
/home/ubuntu/forge-species-tp/case/16.nozzle_wys/run_0580_g3b_update_on/tp_update.h5,ON,"x[35,70)",v,C_projection,0.0,0.0
/home/ubuntu/forge-species-tp/case/16.nozzle_wys/run_0580_g3b_update_on/tp_update.h5,ON,"x[35,70)",w,C_droplet_removal (physical),0.0,0.0
/home/ubuntu/forge-species-tp/case/16.nozzle_wys/run_0580_g3b_update_on/tp_update.h5,ON,"x[35,70)",g,C_droplet_removal (physical),-8.479323826562175e-19,8.479323826562175e-19
/home/ubuntu/forge-species-tp/case/16.nozzle_wys/run_0580_g3b_update_on/tp_update.h5,ON,"x[35,70)",Q2,C_droplet_removal (physical),-4.913480506662716e-14,4.913480506662716e-14
/home/ubuntu/forge-species-tp/case/16.nozzle_wys/run_0580_g3b_update_on/tp_update.h5,ON,"x[35,70)",Q1,C_droplet_removal (physical),-3.6430379206758105e-05,3.6430379206758105e-05
/home/ubuntu/forge-species-tp/case/16.nozzle_wys/run_0580_g3b_update_on/tp_update.h5,ON,"x[35,70)",Q0,C_droplet_removal (physical),-65881.7072243162,65881.7072243162
/home/ubuntu/forge-species-tp/case/16.nozzle_wys/run_0580_g3b_update_on/tp_update.h5,ON,"x[35,70)",v,C_droplet_removal (physical),8.479323826562175e-19,8.479323826562175e-19
/home/ubuntu/forge-species-tp/case/16.nozzle_wys/run_0580_g3b_update_on/tp_update.h5,ON,"x[35,70)",w,B_boundary_overwrite,0.0,0.0
/home/ubuntu/forge-species-tp/case/16.nozzle_wys/run_0580_g3b_update_on/tp_update.h5,ON,"x[35,70)",g,B_boundary_overwrite,0.0,0.0
/home/ubuntu/forge-species-tp/case/16.nozzle_wys/run_0580_g3b_update_on/tp_update.h5,ON,"x[35,70)",Q2,B_boundary_overwrite,0.0,0.0
/home/ubuntu/forge-species-tp/case/16.nozzle_wys/run_0580_g3b_update_on/tp_update.h5,ON,"x[35,70)",Q1,B_boundary_overwrite,0.0,0.0
/home/ubuntu/forge-species-tp/case/16.nozzle_wys/run_0580_g3b_update_on/tp_update.h5,ON,"x[35,70)",Q0,B_boundary_overwrite,0.0,0.0
/home/ubuntu/forge-species-tp/case/16.nozzle_wys/run_0580_g3b_update_on/tp_update.h5,ON,"x[35,70)",v,B_boundary_overwrite,0.0,0.0
/home/ubuntu/forge-species-tp/case/16.nozzle_wys/run_0580_g3b_update_on/tp_update.h5,ON,"x[35,70)",w,LHS,-3.267308287345551e-15,
/home/ubuntu/forge-species-tp/case/16.nozzle_wys/run_0580_g3b_update_on/tp_update.h5,ON,"x[35,70)",w,E_bookkeeping,-2.713839286141325e-26,
/home/ubuntu/forge-species-tp/case/16.nozzle_wys/run_0580_g3b_update_on/tp_update.h5,ON,"x[35,70)",w,A_unclosed,-7.011158477533614e-16,
/home/ubuntu/forge-species-tp/case/16.nozzle_wys/run_0580_g3b_update_on/tp_update.h5,ON,"x[35,70)",w,B_unclosed,-2.713799843096064e-26,
/home/ubuntu/forge-species-tp/case/16.nozzle_wys/run_0580_g3b_update_on/tp_update.h5,ON,"x[35,70)",g,LHS,-1.9704962783016928e-15,
/home/ubuntu/forge-species-tp/case/16.nozzle_wys/run_0580_g3b_update_on/tp_update.h5,ON,"x[35,70)",g,E_bookkeeping,-8.088979722136255e-27,
/home/ubuntu/forge-species-tp/case/16.nozzle_wys/run_0580_g3b_update_on/tp_update.h5,ON,"x[35,70)",g,A_unclosed,-6.952648275473661e-17,
/home/ubuntu/forge-species-tp/case/16.nozzle_wys/run_0580_g3b_update_on/tp_update.h5,ON,"x[35,70)",g,B_unclosed,-8.088881114523102e-27,
/home/ubuntu/forge-species-tp/case/16.nozzle_wys/run_0580_g3b_update_on/tp_update.h5,ON,"x[35,70)",Q2,LHS,-9.943037380196114e-11,
/home/ubuntu/forge-species-tp/case/16.nozzle_wys/run_0580_g3b_update_on/tp_update.h5,ON,"x[35,70)",Q2,E_bookkeeping,-3.371148737065722e-22,
/home/ubuntu/forge-species-tp/case/16.nozzle_wys/run_0580_g3b_update_on/tp_update.h5,ON,"x[35,70)",Q2,A_unclosed,-2.1306382550548766e-12,
/home/ubuntu/forge-species-tp/case/16.nozzle_wys/run_0580_g3b_update_on/tp_update.h5,ON,"x[35,70)",Q2,B_unclosed,-3.3715364779778562e-22,
/home/ubuntu/forge-species-tp/case/16.nozzle_wys/run_0580_g3b_update_on/tp_update.h5,ON,"x[35,70)",Q1,LHS,-0.024471601974702623,
/home/ubuntu/forge-species-tp/case/16.nozzle_wys/run_0580_g3b_update_on/tp_update.h5,ON,"x[35,70)",Q1,E_bookkeeping,9.020562075079397e-16,
/home/ubuntu/forge-species-tp/case/16.nozzle_wys/run_0580_g3b_update_on/tp_update.h5,ON,"x[35,70)",Q1,A_unclosed,0.00036769956912668933,
/home/ubuntu/forge-species-tp/case/16.nozzle_wys/run_0580_g3b_update_on/tp_update.h5,ON,"x[35,70)",Q1,B_unclosed,9.126813887982976e-16,
/home/ubuntu/forge-species-tp/case/16.nozzle_wys/run_0580_g3b_update_on/tp_update.h5,ON,"x[35,70)",Q0,LHS,-299872.0320133095,
/home/ubuntu/forge-species-tp/case/16.nozzle_wys/run_0580_g3b_update_on/tp_update.h5,ON,"x[35,70)",Q0,E_bookkeeping,-1.443957444280386e-06,
/home/ubuntu/forge-species-tp/case/16.nozzle_wys/run_0580_g3b_update_on/tp_update.h5,ON,"x[35,70)",Q0,A_unclosed,4686.78777895141,
/home/ubuntu/forge-species-tp/case/16.nozzle_wys/run_0580_g3b_update_on/tp_update.h5,ON,"x[35,70)",Q0,B_unclosed,-1.4439765436691232e-06,
/home/ubuntu/forge-species-tp/case/16.nozzle_wys/run_0580_g3b_update_on/tp_update.h5,ON,"x[35,70)",v,LHS,-1.2968120090438579e-15,
/home/ubuntu/forge-species-tp/case/16.nozzle_wys/run_0580_g3b_update_on/tp_update.h5,ON,"x[35,70)",v,E_bookkeeping,-1.9049413139276993e-26,
/home/ubuntu/forge-species-tp/case/16.nozzle_wys/run_0580_g3b_update_on/tp_update.h5,ON,"x[35,70)",v,A_unclosed,-6.31589364998625e-16,
/home/ubuntu/forge-species-tp/case/16.nozzle_wys/run_0580_g3b_update_on/tp_update.h5,ON,"x[35,70)",v,B_unclosed,-1.9049511746890146e-26,
/home/ubuntu/forge-species-tp/case/16.nozzle_wys/run_0580_g3b_update_on/tp_update.h5,ON,"x[70,ex]",w,delta_limited,-1.0807169829415366e-16,1.622442689628366e-13
/home/ubuntu/forge-species-tp/case/16.nozzle_wys/run_0580_g3b_update_on/tp_update.h5,ON,"x[70,ex]",g,delta_limited,-1.456669874468079e-16,1.58639299093958e-13
/home/ubuntu/forge-species-tp/case/16.nozzle_wys/run_0580_g3b_update_on/tp_update.h5,ON,"x[70,ex]",Q2,delta_limited,5.051239642713486e-09,7.438370930735182e-09
/home/ubuntu/forge-species-tp/case/16.nozzle_wys/run_0580_g3b_update_on/tp_update.h5,ON,"x[70,ex]",Q1,delta_limited,-0.5039307010001384,0.6391713915136743
/home/ubuntu/forge-species-tp/case/16.nozzle_wys/run_0580_g3b_update_on/tp_update.h5,ON,"x[70,ex]",Q0,delta_limited,83439.15222879138,9287343.207028903
/home/ubuntu/forge-species-tp/case/16.nozzle_wys/run_0580_g3b_update_on/tp_update.h5,ON,"x[70,ex]",v,delta_limited,3.75952891526579e-17,2.360507049529658e-14
/home/ubuntu/forge-species-tp/case/16.nozzle_wys/run_0580_g3b_update_on/tp_update.h5,ON,"x[70,ex]",w,C_round,2.1297258914864042e-16,1.055636294814614e-14
/home/ubuntu/forge-species-tp/case/16.nozzle_wys/run_0580_g3b_update_on/tp_update.h5,ON,"x[70,ex]",g,C_round,7.580929598019238e-17,9.522408317795786e-15
/home/ubuntu/forge-species-tp/case/16.nozzle_wys/run_0580_g3b_update_on/tp_update.h5,ON,"x[70,ex]",Q2,C_round,-1.3812330034753495e-12,1.1836724869000772e-10
/home/ubuntu/forge-species-tp/case/16.nozzle_wys/run_0580_g3b_update_on/tp_update.h5,ON,"x[70,ex]",Q1,C_round,-9.964985332574262e-06,0.005500692804048885
/home/ubuntu/forge-species-tp/case/16.nozzle_wys/run_0580_g3b_update_on/tp_update.h5,ON,"x[70,ex]",Q0,C_round,5226.496156829689,366014.52470119216
/home/ubuntu/forge-species-tp/case/16.nozzle_wys/run_0580_g3b_update_on/tp_update.h5,ON,"x[70,ex]",v,C_round,1.3716329316844809e-16,1.3749995008392406e-14
/home/ubuntu/forge-species-tp/case/16.nozzle_wys/run_0580_g3b_update_on/tp_update.h5,ON,"x[70,ex]",w,C_floor (commit),0.0,0.0
/home/ubuntu/forge-species-tp/case/16.nozzle_wys/run_0580_g3b_update_on/tp_update.h5,ON,"x[70,ex]",g,C_floor (commit),0.0,0.0
/home/ubuntu/forge-species-tp/case/16.nozzle_wys/run_0580_g3b_update_on/tp_update.h5,ON,"x[70,ex]",Q2,C_floor (commit),1.6309962695632878e-36,1.6309962695632878e-36
/home/ubuntu/forge-species-tp/case/16.nozzle_wys/run_0580_g3b_update_on/tp_update.h5,ON,"x[70,ex]",Q1,C_floor (commit),8.128806534037081e-07,8.128806534037081e-07
/home/ubuntu/forge-species-tp/case/16.nozzle_wys/run_0580_g3b_update_on/tp_update.h5,ON,"x[70,ex]",Q0,C_floor (commit),4.0225670737964637e-23,4.0225670737964637e-23
/home/ubuntu/forge-species-tp/case/16.nozzle_wys/run_0580_g3b_update_on/tp_update.h5,ON,"x[70,ex]",v,C_floor (commit),0.0,0.0
/home/ubuntu/forge-species-tp/case/16.nozzle_wys/run_0580_g3b_update_on/tp_update.h5,ON,"x[70,ex]",w,C_species_commit (undone by hold),1.1298796483450315e-16,1.5987622541525897e-13
/home/ubuntu/forge-species-tp/case/16.nozzle_wys/run_0580_g3b_update_on/tp_update.h5,ON,"x[70,ex]",g,C_species_commit (undone by hold),0.0,0.0
/home/ubuntu/forge-species-tp/case/16.nozzle_wys/run_0580_g3b_update_on/tp_update.h5,ON,"x[70,ex]",Q2,C_species_commit (undone by hold),0.0,0.0
/home/ubuntu/forge-species-tp/case/16.nozzle_wys/run_0580_g3b_update_on/tp_update.h5,ON,"x[70,ex]",Q1,C_species_commit (undone by hold),0.0,0.0
/home/ubuntu/forge-species-tp/case/16.nozzle_wys/run_0580_g3b_update_on/tp_update.h5,ON,"x[70,ex]",Q0,C_species_commit (undone by hold),0.0,0.0
/home/ubuntu/forge-species-tp/case/16.nozzle_wys/run_0580_g3b_update_on/tp_update.h5,ON,"x[70,ex]",v,C_species_commit (undone by hold),1.1298796483450315e-16,1.5987622541525897e-13
/home/ubuntu/forge-species-tp/case/16.nozzle_wys/run_0580_g3b_update_on/tp_update.h5,ON,"x[70,ex]",w,C_hold (undo species commit),-1.1298796483450315e-16,1.5987622541525897e-13
/home/ubuntu/forge-species-tp/case/16.nozzle_wys/run_0580_g3b_update_on/tp_update.h5,ON,"x[70,ex]",g,C_hold (undo species commit),0.0,0.0
/home/ubuntu/forge-species-tp/case/16.nozzle_wys/run_0580_g3b_update_on/tp_update.h5,ON,"x[70,ex]",Q2,C_hold (undo species commit),0.0,0.0
/home/ubuntu/forge-species-tp/case/16.nozzle_wys/run_0580_g3b_update_on/tp_update.h5,ON,"x[70,ex]",Q1,C_hold (undo species commit),0.0,0.0
/home/ubuntu/forge-species-tp/case/16.nozzle_wys/run_0580_g3b_update_on/tp_update.h5,ON,"x[70,ex]",Q0,C_hold (undo species commit),0.0,0.0
/home/ubuntu/forge-species-tp/case/16.nozzle_wys/run_0580_g3b_update_on/tp_update.h5,ON,"x[70,ex]",v,C_hold (undo species commit),-1.1298796483450315e-16,1.5987622541525897e-13
/home/ubuntu/forge-species-tp/case/16.nozzle_wys/run_0580_g3b_update_on/tp_update.h5,ON,"x[70,ex]",w,C_renorm_scale,-2.2563780373768767e-15,6.926650729247615e-14
/home/ubuntu/forge-species-tp/case/16.nozzle_wys/run_0580_g3b_update_on/tp_update.h5,ON,"x[70,ex]",g,C_renorm_scale,-1.9776517207754946e-15,6.6994586277475e-14
/home/ubuntu/forge-species-tp/case/16.nozzle_wys/run_0580_g3b_update_on/tp_update.h5,ON,"x[70,ex]",Q2,C_renorm_scale,-2.9595475749644636e-11,9.099549206461428e-10
/home/ubuntu/forge-species-tp/case/16.nozzle_wys/run_0580_g3b_update_on/tp_update.h5,ON,"x[70,ex]",Q1,C_renorm_scale,-0.0016744169017063129,0.05572611796866289
/home/ubuntu/forge-species-tp/case/16.nozzle_wys/run_0580_g3b_update_on/tp_update.h5,ON,"x[70,ex]",Q0,C_renorm_scale,-106613.50700108524,3627329.1807936733
/home/ubuntu/forge-species-tp/case/16.nozzle_wys/run_0580_g3b_update_on/tp_update.h5,ON,"x[70,ex]",v,C_renorm_scale,-2.7872631660138203e-16,3.250454857595967e-15
/home/ubuntu/forge-species-tp/case/16.nozzle_wys/run_0580_g3b_update_on/tp_update.h5,ON,"x[70,ex]",w,C_passive_floor,0.0,0.0
/home/ubuntu/forge-species-tp/case/16.nozzle_wys/run_0580_g3b_update_on/tp_update.h5,ON,"x[70,ex]",g,C_passive_floor,3.2430065613138885e-41,3.2430065613138885e-41
/home/ubuntu/forge-species-tp/case/16.nozzle_wys/run_0580_g3b_update_on/tp_update.h5,ON,"x[70,ex]",Q2,C_passive_floor,0.0,0.0
/home/ubuntu/forge-species-tp/case/16.nozzle_wys/run_0580_g3b_update_on/tp_update.h5,ON,"x[70,ex]",Q1,C_passive_floor,0.0,0.0
/home/ubuntu/forge-species-tp/case/16.nozzle_wys/run_0580_g3b_update_on/tp_update.h5,ON,"x[70,ex]",Q0,C_passive_floor,0.0,0.0
/home/ubuntu/forge-species-tp/case/16.nozzle_wys/run_0580_g3b_update_on/tp_update.h5,ON,"x[70,ex]",v,C_passive_floor,-3.2430065613138885e-41,3.2430065613138885e-41
/home/ubuntu/forge-species-tp/case/16.nozzle_wys/run_0580_g3b_update_on/tp_update.h5,ON,"x[70,ex]",w,C_projection,0.0,0.0
/home/ubuntu/forge-species-tp/case/16.nozzle_wys/run_0580_g3b_update_on/tp_update.h5,ON,"x[70,ex]",g,C_projection,0.0,0.0
/home/ubuntu/forge-species-tp/case/16.nozzle_wys/run_0580_g3b_update_on/tp_update.h5,ON,"x[70,ex]",Q2,C_projection,-5.128971601922055e-09,5.1940298342288095e-09
/home/ubuntu/forge-species-tp/case/16.nozzle_wys/run_0580_g3b_update_on/tp_update.h5,ON,"x[70,ex]",Q1,C_projection,0.4936645272837215,0.4936645272837215
/home/ubuntu/forge-species-tp/case/16.nozzle_wys/run_0580_g3b_update_on/tp_update.h5,ON,"x[70,ex]",Q0,C_projection,0.0,0.0
/home/ubuntu/forge-species-tp/case/16.nozzle_wys/run_0580_g3b_update_on/tp_update.h5,ON,"x[70,ex]",v,C_projection,0.0,0.0
/home/ubuntu/forge-species-tp/case/16.nozzle_wys/run_0580_g3b_update_on/tp_update.h5,ON,"x[70,ex]",w,C_droplet_removal (physical),0.0,0.0
/home/ubuntu/forge-species-tp/case/16.nozzle_wys/run_0580_g3b_update_on/tp_update.h5,ON,"x[70,ex]",g,C_droplet_removal (physical),-6.851322578397072e-19,6.851322578397072e-19
/home/ubuntu/forge-species-tp/case/16.nozzle_wys/run_0580_g3b_update_on/tp_update.h5,ON,"x[70,ex]",Q2,C_droplet_removal (physical),-5.480399846507517e-14,5.480399846507517e-14
/home/ubuntu/forge-species-tp/case/16.nozzle_wys/run_0580_g3b_update_on/tp_update.h5,ON,"x[70,ex]",Q1,C_droplet_removal (physical),-5.36636191277882e-05,5.36636191277882e-05
/home/ubuntu/forge-species-tp/case/16.nozzle_wys/run_0580_g3b_update_on/tp_update.h5,ON,"x[70,ex]",Q0,C_droplet_removal (physical),-105325.9921030962,105325.9921030962
/home/ubuntu/forge-species-tp/case/16.nozzle_wys/run_0580_g3b_update_on/tp_update.h5,ON,"x[70,ex]",v,C_droplet_removal (physical),6.851322578397072e-19,6.851322578397072e-19
/home/ubuntu/forge-species-tp/case/16.nozzle_wys/run_0580_g3b_update_on/tp_update.h5,ON,"x[70,ex]",w,B_boundary_overwrite,0.0,0.0
/home/ubuntu/forge-species-tp/case/16.nozzle_wys/run_0580_g3b_update_on/tp_update.h5,ON,"x[70,ex]",g,B_boundary_overwrite,0.0,0.0
/home/ubuntu/forge-species-tp/case/16.nozzle_wys/run_0580_g3b_update_on/tp_update.h5,ON,"x[70,ex]",Q2,B_boundary_overwrite,0.0,0.0
/home/ubuntu/forge-species-tp/case/16.nozzle_wys/run_0580_g3b_update_on/tp_update.h5,ON,"x[70,ex]",Q1,B_boundary_overwrite,0.0,0.0
/home/ubuntu/forge-species-tp/case/16.nozzle_wys/run_0580_g3b_update_on/tp_update.h5,ON,"x[70,ex]",Q0,B_boundary_overwrite,0.0,0.0
/home/ubuntu/forge-species-tp/case/16.nozzle_wys/run_0580_g3b_update_on/tp_update.h5,ON,"x[70,ex]",v,B_boundary_overwrite,0.0,0.0
/home/ubuntu/forge-species-tp/case/16.nozzle_wys/run_0580_g3b_update_on/tp_update.h5,ON,"x[70,ex]",w,LHS,-2.1514771465510462e-15,
/home/ubuntu/forge-species-tp/case/16.nozzle_wys/run_0580_g3b_update_on/tp_update.h5,ON,"x[70,ex]",w,E_bookkeeping,-2.8656161243058475e-26,
/home/ubuntu/forge-species-tp/case/16.nozzle_wys/run_0580_g3b_update_on/tp_update.h5,ON,"x[70,ex]",w,A_unclosed,2.1297258911998416e-16,
/home/ubuntu/forge-species-tp/case/16.nozzle_wys/run_0580_g3b_update_on/tp_update.h5,ON,"x[70,ex]",w,B_unclosed,-2.865625985067163e-26,
/home/ubuntu/forge-species-tp/case/16.nozzle_wys/run_0580_g3b_update_on/tp_update.h5,ON,"x[70,ex]",g,LHS,-2.0481945445341404e-15,
/home/ubuntu/forge-species-tp/case/16.nozzle_wys/run_0580_g3b_update_on/tp_update.h5,ON,"x[70,ex]",g,E_bookkeeping,-3.4190809354089094e-26,
/home/ubuntu/forge-species-tp/case/16.nozzle_wys/run_0580_g3b_update_on/tp_update.h5,ON,"x[70,ex]",g,A_unclosed,7.580929594600167e-17,
/home/ubuntu/forge-species-tp/case/16.nozzle_wys/run_0580_g3b_update_on/tp_update.h5,ON,"x[70,ex]",g,B_unclosed,-3.419071074647594e-26,
/home/ubuntu/forge-species-tp/case/16.nozzle_wys/run_0580_g3b_update_on/tp_update.h5,ON,"x[70,ex]",Q2,LHS,-1.0876347196013852e-10,
/home/ubuntu/forge-species-tp/case/16.nozzle_wys/run_0580_g3b_update_on/tp_update.h5,ON,"x[70,ex]",Q2,E_bookkeeping,1.51735943615196e-23,
/home/ubuntu/forge-species-tp/case/16.nozzle_wys/run_0580_g3b_update_on/tp_update.h5,ON,"x[70,ex]",Q2,A_unclosed,-1.381233003459457e-12,
/home/ubuntu/forge-species-tp/case/16.nozzle_wys/run_0580_g3b_update_on/tp_update.h5,ON,"x[70,ex]",Q2,B_unclosed,1.5892530636101823e-23,
/home/ubuntu/forge-species-tp/case/16.nozzle_wys/run_0580_g3b_update_on/tp_update.h5,ON,"x[70,ex]",Q1,LHS,-0.012003406341923466,
/home/ubuntu/forge-species-tp/case/16.nozzle_wys/run_0580_g3b_update_on/tp_update.h5,ON,"x[70,ex]",Q1,E_bookkeeping,6.624908954755426e-15,
/home/ubuntu/forge-species-tp/case/16.nozzle_wys/run_0580_g3b_update_on/tp_update.h5,ON,"x[70,ex]",Q1,A_unclosed,-9.964985325905396e-06,
/home/ubuntu/forge-species-tp/case/16.nozzle_wys/run_0580_g3b_update_on/tp_update.h5,ON,"x[70,ex]",Q1,B_unclosed,6.6688665765861355e-15,
/home/ubuntu/forge-species-tp/case/16.nozzle_wys/run_0580_g3b_update_on/tp_update.h5,ON,"x[70,ex]",Q0,LHS,-123273.85071783722,
/home/ubuntu/forge-species-tp/case/16.nozzle_wys/run_0580_g3b_update_on/tp_update.h5,ON,"x[70,ex]",Q0,E_bookkeeping,7.231428753584623e-07,
/home/ubuntu/forge-species-tp/case/16.nozzle_wys/run_0580_g3b_update_on/tp_update.h5,ON,"x[70,ex]",Q0,A_unclosed,5226.496157552814,
/home/ubuntu/forge-species-tp/case/16.nozzle_wys/run_0580_g3b_update_on/tp_update.h5,ON,"x[70,ex]",Q0,B_unclosed,7.231246854644269e-07,
/home/ubuntu/forge-species-tp/case/16.nozzle_wys/run_0580_g3b_update_on/tp_update.h5,ON,"x[70,ex]",v,LHS,-1.0328260201690535e-16,
/home/ubuntu/forge-species-tp/case/16.nozzle_wys/run_0580_g3b_update_on/tp_update.h5,ON,"x[70,ex]",v,E_bookkeeping,5.5309873033923276e-27,
/home/ubuntu/forge-species-tp/case/16.nozzle_wys/run_0580_g3b_update_on/tp_update.h5,ON,"x[70,ex]",v,A_unclosed,1.3716329317397906e-16,
/home/ubuntu/forge-species-tp/case/16.nozzle_wys/run_0580_g3b_update_on/tp_update.h5,ON,"x[70,ex]",v,B_unclosed,5.5309749774406835e-27,
/home/ubuntu/forge-species-tp/case/16.nozzle_wys/run_0580_g3b_update_on/tp_update.h5,ON,x35-70 wd<0.4,w,delta_limited,-4.223087587718108e-17,6.0633327344353035e-15
/home/ubuntu/forge-species-tp/case/16.nozzle_wys/run_0580_g3b_update_on/tp_update.h5,ON,x35-70 wd<0.4,g,delta_limited,1.73398017697897e-16,3.4027054400042216e-15
/home/ubuntu/forge-species-tp/case/16.nozzle_wys/run_0580_g3b_update_on/tp_update.h5,ON,x35-70 wd<0.4,Q2,delta_limited,2.512656555695024e-09,2.6472435775502904e-09
/home/ubuntu/forge-species-tp/case/16.nozzle_wys/run_0580_g3b_update_on/tp_update.h5,ON,x35-70 wd<0.4,Q1,delta_limited,-0.2580158177532769,0.25950299231057544
/home/ubuntu/forge-species-tp/case/16.nozzle_wys/run_0580_g3b_update_on/tp_update.h5,ON,x35-70 wd<0.4,Q0,delta_limited,119205.31922853728,210926.09595789207
/home/ubuntu/forge-species-tp/case/16.nozzle_wys/run_0580_g3b_update_on/tp_update.h5,ON,x35-70 wd<0.4,v,delta_limited,-2.1562889357507807e-16,3.315242858831974e-15
/home/ubuntu/forge-species-tp/case/16.nozzle_wys/run_0580_g3b_update_on/tp_update.h5,ON,x35-70 wd<0.4,w,C_round,-4.389995469514168e-19,1.5710273856057045e-15
/home/ubuntu/forge-species-tp/case/16.nozzle_wys/run_0580_g3b_update_on/tp_update.h5,ON,x35-70 wd<0.4,g,C_round,1.955224199708208e-17,6.34691718278338e-16
/home/ubuntu/forge-species-tp/case/16.nozzle_wys/run_0580_g3b_update_on/tp_update.h5,ON,x35-70 wd<0.4,Q2,C_round,-1.0764768446856688e-13,8.170550226204877e-12
/home/ubuntu/forge-species-tp/case/16.nozzle_wys/run_0580_g3b_update_on/tp_update.h5,ON,x35-70 wd<0.4,Q1,C_round,7.144912229084677e-06,0.0003858821046419695
/home/ubuntu/forge-species-tp/case/16.nozzle_wys/run_0580_g3b_update_on/tp_update.h5,ON,x35-70 wd<0.4,Q0,C_round,-200.89637508015363,26872.9606619791
/home/ubuntu/forge-species-tp/case/16.nozzle_wys/run_0580_g3b_update_on/tp_update.h5,ON,x35-70 wd<0.4,v,C_round,-1.999124154403351e-17,1.6051039548457927e-15
/home/ubuntu/forge-species-tp/case/16.nozzle_wys/run_0580_g3b_update_on/tp_update.h5,ON,x35-70 wd<0.4,w,C_floor (commit),0.0,0.0
/home/ubuntu/forge-species-tp/case/16.nozzle_wys/run_0580_g3b_update_on/tp_update.h5,ON,x35-70 wd<0.4,g,C_floor (commit),0.0,0.0
/home/ubuntu/forge-species-tp/case/16.nozzle_wys/run_0580_g3b_update_on/tp_update.h5,ON,x35-70 wd<0.4,Q2,C_floor (commit),1.8738808872906634e-31,1.8738808872906634e-31
/home/ubuntu/forge-species-tp/case/16.nozzle_wys/run_0580_g3b_update_on/tp_update.h5,ON,x35-70 wd<0.4,Q1,C_floor (commit),3.1411470374616424e-22,3.1411470374616424e-22
/home/ubuntu/forge-species-tp/case/16.nozzle_wys/run_0580_g3b_update_on/tp_update.h5,ON,x35-70 wd<0.4,Q0,C_floor (commit),4.687405349996833e-14,4.687405349996833e-14
/home/ubuntu/forge-species-tp/case/16.nozzle_wys/run_0580_g3b_update_on/tp_update.h5,ON,x35-70 wd<0.4,v,C_floor (commit),0.0,0.0
/home/ubuntu/forge-species-tp/case/16.nozzle_wys/run_0580_g3b_update_on/tp_update.h5,ON,x35-70 wd<0.4,w,C_species_commit (undone by hold),-9.776118777114768e-17,5.16921687862364e-15
/home/ubuntu/forge-species-tp/case/16.nozzle_wys/run_0580_g3b_update_on/tp_update.h5,ON,x35-70 wd<0.4,g,C_species_commit (undone by hold),0.0,0.0
/home/ubuntu/forge-species-tp/case/16.nozzle_wys/run_0580_g3b_update_on/tp_update.h5,ON,x35-70 wd<0.4,Q2,C_species_commit (undone by hold),0.0,0.0
/home/ubuntu/forge-species-tp/case/16.nozzle_wys/run_0580_g3b_update_on/tp_update.h5,ON,x35-70 wd<0.4,Q1,C_species_commit (undone by hold),0.0,0.0
/home/ubuntu/forge-species-tp/case/16.nozzle_wys/run_0580_g3b_update_on/tp_update.h5,ON,x35-70 wd<0.4,Q0,C_species_commit (undone by hold),0.0,0.0
/home/ubuntu/forge-species-tp/case/16.nozzle_wys/run_0580_g3b_update_on/tp_update.h5,ON,x35-70 wd<0.4,v,C_species_commit (undone by hold),-9.776118777114768e-17,5.16921687862364e-15
/home/ubuntu/forge-species-tp/case/16.nozzle_wys/run_0580_g3b_update_on/tp_update.h5,ON,x35-70 wd<0.4,w,C_hold (undo species commit),9.776118777114768e-17,5.16921687862364e-15
/home/ubuntu/forge-species-tp/case/16.nozzle_wys/run_0580_g3b_update_on/tp_update.h5,ON,x35-70 wd<0.4,g,C_hold (undo species commit),0.0,0.0
/home/ubuntu/forge-species-tp/case/16.nozzle_wys/run_0580_g3b_update_on/tp_update.h5,ON,x35-70 wd<0.4,Q2,C_hold (undo species commit),0.0,0.0
/home/ubuntu/forge-species-tp/case/16.nozzle_wys/run_0580_g3b_update_on/tp_update.h5,ON,x35-70 wd<0.4,Q1,C_hold (undo species commit),0.0,0.0
/home/ubuntu/forge-species-tp/case/16.nozzle_wys/run_0580_g3b_update_on/tp_update.h5,ON,x35-70 wd<0.4,Q0,C_hold (undo species commit),0.0,0.0
/home/ubuntu/forge-species-tp/case/16.nozzle_wys/run_0580_g3b_update_on/tp_update.h5,ON,x35-70 wd<0.4,v,C_hold (undo species commit),9.776118777114768e-17,5.16921687862364e-15
/home/ubuntu/forge-species-tp/case/16.nozzle_wys/run_0580_g3b_update_on/tp_update.h5,ON,x35-70 wd<0.4,w,C_renorm_scale,3.3196240176319596e-17,3.710704527757049e-15
/home/ubuntu/forge-species-tp/case/16.nozzle_wys/run_0580_g3b_update_on/tp_update.h5,ON,x35-70 wd<0.4,g,C_renorm_scale,3.7467370915506645e-18,1.539805056171408e-15
/home/ubuntu/forge-species-tp/case/16.nozzle_wys/run_0580_g3b_update_on/tp_update.h5,ON,x35-70 wd<0.4,Q2,C_renorm_scale,3.447546428327651e-13,1.8318395706805062e-11
/home/ubuntu/forge-species-tp/case/16.nozzle_wys/run_0580_g3b_update_on/tp_update.h5,ON,x35-70 wd<0.4,Q1,C_renorm_scale,1.7053195989091812e-05,0.000985194667352723
/home/ubuntu/forge-species-tp/case/16.nozzle_wys/run_0580_g3b_update_on/tp_update.h5,ON,x35-70 wd<0.4,Q0,C_renorm_scale,868.822204548857,64115.66048705256
/home/ubuntu/forge-species-tp/case/16.nozzle_wys/run_0580_g3b_update_on/tp_update.h5,ON,x35-70 wd<0.4,v,C_renorm_scale,2.944950308476893e-17,2.4023789232548547e-15
/home/ubuntu/forge-species-tp/case/16.nozzle_wys/run_0580_g3b_update_on/tp_update.h5,ON,x35-70 wd<0.4,w,C_passive_floor,0.0,0.0
/home/ubuntu/forge-species-tp/case/16.nozzle_wys/run_0580_g3b_update_on/tp_update.h5,ON,x35-70 wd<0.4,g,C_passive_floor,1.7729904686850818e-36,1.7729904686850818e-36
/home/ubuntu/forge-species-tp/case/16.nozzle_wys/run_0580_g3b_update_on/tp_update.h5,ON,x35-70 wd<0.4,Q2,C_passive_floor,0.0,0.0
/home/ubuntu/forge-species-tp/case/16.nozzle_wys/run_0580_g3b_update_on/tp_update.h5,ON,x35-70 wd<0.4,Q1,C_passive_floor,0.0,0.0
/home/ubuntu/forge-species-tp/case/16.nozzle_wys/run_0580_g3b_update_on/tp_update.h5,ON,x35-70 wd<0.4,Q0,C_passive_floor,0.0,0.0
/home/ubuntu/forge-species-tp/case/16.nozzle_wys/run_0580_g3b_update_on/tp_update.h5,ON,x35-70 wd<0.4,v,C_passive_floor,-1.7729904686850818e-36,1.7729904686850818e-36
/home/ubuntu/forge-species-tp/case/16.nozzle_wys/run_0580_g3b_update_on/tp_update.h5,ON,x35-70 wd<0.4,w,C_projection,0.0,0.0
/home/ubuntu/forge-species-tp/case/16.nozzle_wys/run_0580_g3b_update_on/tp_update.h5,ON,x35-70 wd<0.4,g,C_projection,0.0,0.0
/home/ubuntu/forge-species-tp/case/16.nozzle_wys/run_0580_g3b_update_on/tp_update.h5,ON,x35-70 wd<0.4,Q2,C_projection,-2.575448764526312e-09,2.5754487653818353e-09
/home/ubuntu/forge-species-tp/case/16.nozzle_wys/run_0580_g3b_update_on/tp_update.h5,ON,x35-70 wd<0.4,Q1,C_projection,0.23742081083065192,0.23742081162957876
/home/ubuntu/forge-species-tp/case/16.nozzle_wys/run_0580_g3b_update_on/tp_update.h5,ON,x35-70 wd<0.4,Q0,C_projection,0.0,0.0
/home/ubuntu/forge-species-tp/case/16.nozzle_wys/run_0580_g3b_update_on/tp_update.h5,ON,x35-70 wd<0.4,v,C_projection,0.0,0.0
/home/ubuntu/forge-species-tp/case/16.nozzle_wys/run_0580_g3b_update_on/tp_update.h5,ON,x35-70 wd<0.4,w,C_droplet_removal (physical),0.0,0.0
/home/ubuntu/forge-species-tp/case/16.nozzle_wys/run_0580_g3b_update_on/tp_update.h5,ON,x35-70 wd<0.4,g,C_droplet_removal (physical),-8.479323826562175e-19,8.479323826562175e-19
/home/ubuntu/forge-species-tp/case/16.nozzle_wys/run_0580_g3b_update_on/tp_update.h5,ON,x35-70 wd<0.4,Q2,C_droplet_removal (physical),-4.913480506662717e-14,4.913480506662717e-14
/home/ubuntu/forge-species-tp/case/16.nozzle_wys/run_0580_g3b_update_on/tp_update.h5,ON,x35-70 wd<0.4,Q1,C_droplet_removal (physical),-3.643037920675811e-05,3.643037920675811e-05
/home/ubuntu/forge-species-tp/case/16.nozzle_wys/run_0580_g3b_update_on/tp_update.h5,ON,x35-70 wd<0.4,Q0,C_droplet_removal (physical),-65881.7072243162,65881.7072243162
/home/ubuntu/forge-species-tp/case/16.nozzle_wys/run_0580_g3b_update_on/tp_update.h5,ON,x35-70 wd<0.4,v,C_droplet_removal (physical),8.479323826562175e-19,8.479323826562175e-19
/home/ubuntu/forge-species-tp/case/16.nozzle_wys/run_0580_g3b_update_on/tp_update.h5,ON,x35-70 wd<0.4,w,B_boundary_overwrite,0.0,0.0
/home/ubuntu/forge-species-tp/case/16.nozzle_wys/run_0580_g3b_update_on/tp_update.h5,ON,x35-70 wd<0.4,g,B_boundary_overwrite,0.0,0.0
/home/ubuntu/forge-species-tp/case/16.nozzle_wys/run_0580_g3b_update_on/tp_update.h5,ON,x35-70 wd<0.4,Q2,B_boundary_overwrite,0.0,0.0
/home/ubuntu/forge-species-tp/case/16.nozzle_wys/run_0580_g3b_update_on/tp_update.h5,ON,x35-70 wd<0.4,Q1,B_boundary_overwrite,0.0,0.0
/home/ubuntu/forge-species-tp/case/16.nozzle_wys/run_0580_g3b_update_on/tp_update.h5,ON,x35-70 wd<0.4,Q0,B_boundary_overwrite,0.0,0.0
/home/ubuntu/forge-species-tp/case/16.nozzle_wys/run_0580_g3b_update_on/tp_update.h5,ON,x35-70 wd<0.4,v,B_boundary_overwrite,0.0,0.0
/home/ubuntu/forge-species-tp/case/16.nozzle_wys/run_0580_g3b_update_on/tp_update.h5,ON,x35-70 wd<0.4,w,LHS,-9.473635211581044e-18,
/home/ubuntu/forge-species-tp/case/16.nozzle_wys/run_0580_g3b_update_on/tp_update.h5,ON,x35-70 wd<0.4,w,E_bookkeeping,3.623186368683202e-26,
/home/ubuntu/forge-species-tp/case/16.nozzle_wys/run_0580_g3b_update_on/tp_update.h5,ON,x35-70 wd<0.4,w,A_unclosed,-4.389995107195581e-19,
/home/ubuntu/forge-species-tp/case/16.nozzle_wys/run_0580_g3b_update_on/tp_update.h5,ON,x35-70 wd<0.4,w,B_unclosed,3.6231858679414166e-26,
/home/ubuntu/forge-species-tp/case/16.nozzle_wys/run_0580_g3b_update_on/tp_update.h5,ON,x35-70 wd<0.4,g,LHS,1.958490644049805e-16,
/home/ubuntu/forge-species-tp/case/16.nozzle_wys/run_0580_g3b_update_on/tp_update.h5,ON,x35-70 wd<0.4,g,E_bookkeeping,1.1069690652513848e-27,
/home/ubuntu/forge-species-tp/case/16.nozzle_wys/run_0580_g3b_update_on/tp_update.h5,ON,x35-70 wd<0.4,g,A_unclosed,1.9552241998189047e-17,
/home/ubuntu/forge-species-tp/case/16.nozzle_wys/run_0580_g3b_update_on/tp_update.h5,ON,x35-70 wd<0.4,g,B_unclosed,1.1069659837634738e-27,
/home/ubuntu/forge-species-tp/case/16.nozzle_wys/run_0580_g3b_update_on/tp_update.h5,ON,x35-70 wd<0.4,Q2,LHS,-6.260423667794825e-11,
/home/ubuntu/forge-species-tp/case/16.nozzle_wys/run_0580_g3b_update_on/tp_update.h5,ON,x35-70 wd<0.4,Q2,E_bookkeeping,4.2573952152338643e-23,
/home/ubuntu/forge-species-tp/case/16.nozzle_wys/run_0580_g3b_update_on/tp_update.h5,ON,x35-70 wd<0.4,Q2,A_unclosed,-1.0764768442614972e-13,
/home/ubuntu/forge-species-tp/case/16.nozzle_wys/run_0580_g3b_update_on/tp_update.h5,ON,x35-70 wd<0.4,Q2,B_unclosed,4.2417164469704157e-23,
/home/ubuntu/forge-species-tp/case/16.nozzle_wys/run_0580_g3b_update_on/tp_update.h5,ON,x35-70 wd<0.4,Q1,LHS,-0.020607239193615585,
/home/ubuntu/forge-species-tp/case/16.nozzle_wys/run_0580_g3b_update_on/tp_update.h5,ON,x35-70 wd<0.4,Q1,E_bookkeeping,-2.0122792321330962e-15,
/home/ubuntu/forge-species-tp/case/16.nozzle_wys/run_0580_g3b_update_on/tp_update.h5,ON,x35-70 wd<0.4,Q1,A_unclosed,7.144912227058375e-06,
/home/ubuntu/forge-species-tp/case/16.nozzle_wys/run_0580_g3b_update_on/tp_update.h5,ON,x35-70 wd<0.4,Q1,B_unclosed,-2.026301862574891e-15,
/home/ubuntu/forge-species-tp/case/16.nozzle_wys/run_0580_g3b_update_on/tp_update.h5,ON,x35-70 wd<0.4,Q0,LHS,53991.537833797396,
/home/ubuntu/forge-species-tp/case/16.nozzle_wys/run_0580_g3b_update_on/tp_update.h5,ON,x35-70 wd<0.4,Q0,E_bookkeeping,1.0761141311377287e-07,
/home/ubuntu/forge-species-tp/case/16.nozzle_wys/run_0580_g3b_update_on/tp_update.h5,ON,x35-70 wd<0.4,Q0,A_unclosed,-200.89637497254444,
/home/ubuntu/forge-species-tp/case/16.nozzle_wys/run_0580_g3b_update_on/tp_update.h5,ON,x35-70 wd<0.4,Q0,B_unclosed,1.076091962204373e-07,
/home/ubuntu/forge-species-tp/case/16.nozzle_wys/run_0580_g3b_update_on/tp_update.h5,ON,x35-70 wd<0.4,v,LHS,-2.0532269961656154e-16,
/home/ubuntu/forge-species-tp/case/16.nozzle_wys/run_0580_g3b_update_on/tp_update.h5,ON,x35-70 wd<0.4,v,E_bookkeeping,3.5124894621580636e-26,
/home/ubuntu/forge-species-tp/case/16.nozzle_wys/run_0580_g3b_update_on/tp_update.h5,ON,x35-70 wd<0.4,v,A_unclosed,-1.999124150890862e-17,
/home/ubuntu/forge-species-tp/case/16.nozzle_wys/run_0580_g3b_update_on/tp_update.h5,ON,x35-70 wd<0.4,v,B_unclosed,3.5124888458604814e-26,
/home/ubuntu/forge-species-tp/case/16.nozzle_wys/run_0580_g3b_update_on/tp_update.h5,ON,x35-70 wd>=0.4,w,delta_limited,-3.190892924416939e-15,5.6763656400430756e-14
/home/ubuntu/forge-species-tp/case/16.nozzle_wys/run_0580_g3b_update_on/tp_update.h5,ON,x35-70 wd>=0.4,g,delta_limited,-3.0053339325865435e-15,5.086528210149902e-14
/home/ubuntu/forge-species-tp/case/16.nozzle_wys/run_0580_g3b_update_on/tp_update.h5,ON,x35-70 wd>=0.4,Q2,delta_limited,-5.107857138684543e-11,7.918627047285766e-10
/home/ubuntu/forge-species-tp/case/16.nozzle_wys/run_0580_g3b_update_on/tp_update.h5,ON,x35-70 wd>=0.4,Q1,delta_limited,-0.004527896910153573,0.056917419063933244
/home/ubuntu/forge-species-tp/case/16.nozzle_wys/run_0580_g3b_update_on/tp_update.h5,ON,x35-70 wd>=0.4,Q0,delta_limited,-389280.30861223687,4485316.977363015
/home/ubuntu/forge-species-tp/case/16.nozzle_wys/run_0580_g3b_update_on/tp_update.h5,ON,x35-70 wd>=0.4,v,delta_limited,-1.8555899183039582e-16,2.955179373961518e-14
/home/ubuntu/forge-species-tp/case/16.nozzle_wys/run_0580_g3b_update_on/tp_update.h5,ON,x35-70 wd>=0.4,w,C_round,-7.00676848179272e-16,1.1744832000686756e-14
/home/ubuntu/forge-species-tp/case/16.nozzle_wys/run_0580_g3b_update_on/tp_update.h5,ON,x35-70 wd>=0.4,g,C_round,-8.907872474372985e-17,1.1494363963410724e-14
/home/ubuntu/forge-species-tp/case/16.nozzle_wys/run_0580_g3b_update_on/tp_update.h5,ON,x35-70 wd>=0.4,Q2,C_round,-2.0229905702491564e-12,1.7631941908683145e-10
/home/ubuntu/forge-species-tp/case/16.nozzle_wys/run_0580_g3b_update_on/tp_update.h5,ON,x35-70 wd>=0.4,Q1,C_round,0.0003605546568966921,0.011589817020065512
/home/ubuntu/forge-species-tp/case/16.nozzle_wys/run_0580_g3b_update_on/tp_update.h5,ON,x35-70 wd>=0.4,Q0,C_round,4887.68415547554,721577.3414726903
/home/ubuntu/forge-species-tp/case/16.nozzle_wys/run_0580_g3b_update_on/tp_update.h5,ON,x35-70 wd>=0.4,v,C_round,-6.115981234355422e-16,1.5302743411122977e-14
/home/ubuntu/forge-species-tp/case/16.nozzle_wys/run_0580_g3b_update_on/tp_update.h5,ON,x35-70 wd>=0.4,w,C_species_commit (undone by hold),-3.888089401133277e-15,5.547517155136823e-14
/home/ubuntu/forge-species-tp/case/16.nozzle_wys/run_0580_g3b_update_on/tp_update.h5,ON,x35-70 wd>=0.4,g,C_species_commit (undone by hold),0.0,0.0
/home/ubuntu/forge-species-tp/case/16.nozzle_wys/run_0580_g3b_update_on/tp_update.h5,ON,x35-70 wd>=0.4,Q2,C_species_commit (undone by hold),0.0,0.0
/home/ubuntu/forge-species-tp/case/16.nozzle_wys/run_0580_g3b_update_on/tp_update.h5,ON,x35-70 wd>=0.4,Q1,C_species_commit (undone by hold),0.0,0.0
/home/ubuntu/forge-species-tp/case/16.nozzle_wys/run_0580_g3b_update_on/tp_update.h5,ON,x35-70 wd>=0.4,Q0,C_species_commit (undone by hold),0.0,0.0
/home/ubuntu/forge-species-tp/case/16.nozzle_wys/run_0580_g3b_update_on/tp_update.h5,ON,x35-70 wd>=0.4,v,C_species_commit (undone by hold),-3.888089401133277e-15,5.547517155136823e-14
/home/ubuntu/forge-species-tp/case/16.nozzle_wys/run_0580_g3b_update_on/tp_update.h5,ON,x35-70 wd>=0.4,w,C_hold (undo species commit),3.888089401133277e-15,5.547517155136823e-14
/home/ubuntu/forge-species-tp/case/16.nozzle_wys/run_0580_g3b_update_on/tp_update.h5,ON,x35-70 wd>=0.4,g,C_hold (undo species commit),0.0,0.0
/home/ubuntu/forge-species-tp/case/16.nozzle_wys/run_0580_g3b_update_on/tp_update.h5,ON,x35-70 wd>=0.4,Q2,C_hold (undo species commit),0.0,0.0
/home/ubuntu/forge-species-tp/case/16.nozzle_wys/run_0580_g3b_update_on/tp_update.h5,ON,x35-70 wd>=0.4,Q1,C_hold (undo species commit),0.0,0.0
/home/ubuntu/forge-species-tp/case/16.nozzle_wys/run_0580_g3b_update_on/tp_update.h5,ON,x35-70 wd>=0.4,Q0,C_hold (undo species commit),0.0,0.0
/home/ubuntu/forge-species-tp/case/16.nozzle_wys/run_0580_g3b_update_on/tp_update.h5,ON,x35-70 wd>=0.4,v,C_hold (undo species commit),3.888089401133277e-15,5.547517155136823e-14
/home/ubuntu/forge-species-tp/case/16.nozzle_wys/run_0580_g3b_update_on/tp_update.h5,ON,x35-70 wd>=0.4,w,C_renorm_scale,6.337351205256109e-16,4.5472422501923025e-14
/home/ubuntu/forge-species-tp/case/16.nozzle_wys/run_0580_g3b_update_on/tp_update.h5,ON,x35-70 wd>=0.4,g,C_renorm_scale,9.280673146327953e-16,3.924545318969534e-14
/home/ubuntu/forge-species-tp/case/16.nozzle_wys/run_0580_g3b_update_on/tp_update.h5,ON,x35-70 wd>=0.4,Q2,C_renorm_scale,1.6275424833460893e-11,5.438813613024065e-10
/home/ubuntu/forge-species-tp/case/16.nozzle_wys/run_0580_g3b_update_on/tp_update.h5,ON,x35-70 wd>=0.4,Q1,C_renorm_scale,0.0003029794721669532,0.032901000803008174
/home/ubuntu/forge-species-tp/case/16.nozzle_wys/run_0580_g3b_update_on/tp_update.h5,ON,x35-70 wd>=0.4,Q0,C_renorm_scale,30529.054611206055,2209192.257522583
/home/ubuntu/forge-species-tp/case/16.nozzle_wys/run_0580_g3b_update_on/tp_update.h5,ON,x35-70 wd>=0.4,v,C_renorm_scale,-2.943321941071844e-16,6.4119530009467244e-15
/home/ubuntu/forge-species-tp/case/16.nozzle_wys/run_0580_g3b_update_on/tp_update.h5,ON,x35-70 wd>=0.4,w,B_boundary_overwrite,0.0,0.0
/home/ubuntu/forge-species-tp/case/16.nozzle_wys/run_0580_g3b_update_on/tp_update.h5,ON,x35-70 wd>=0.4,g,B_boundary_overwrite,0.0,0.0
/home/ubuntu/forge-species-tp/case/16.nozzle_wys/run_0580_g3b_update_on/tp_update.h5,ON,x35-70 wd>=0.4,Q2,B_boundary_overwrite,0.0,0.0
/home/ubuntu/forge-species-tp/case/16.nozzle_wys/run_0580_g3b_update_on/tp_update.h5,ON,x35-70 wd>=0.4,Q1,B_boundary_overwrite,0.0,0.0
/home/ubuntu/forge-species-tp/case/16.nozzle_wys/run_0580_g3b_update_on/tp_update.h5,ON,x35-70 wd>=0.4,Q0,B_boundary_overwrite,0.0,0.0
/home/ubuntu/forge-species-tp/case/16.nozzle_wys/run_0580_g3b_update_on/tp_update.h5,ON,x35-70 wd>=0.4,v,B_boundary_overwrite,0.0,0.0
/home/ubuntu/forge-species-tp/case/16.nozzle_wys/run_0580_g3b_update_on/tp_update.h5,ON,x35-70 wd>=0.4,w,LHS,-3.25783465213397e-15,
/home/ubuntu/forge-species-tp/case/16.nozzle_wys/run_0580_g3b_update_on/tp_update.h5,ON,x35-70 wd>=0.4,w,E_bookkeeping,-6.337077423821432e-26,
/home/ubuntu/forge-species-tp/case/16.nozzle_wys/run_0580_g3b_update_on/tp_update.h5,ON,x35-70 wd>=0.4,w,A_unclosed,-7.006768482426419e-16,
/home/ubuntu/forge-species-tp/case/16.nozzle_wys/run_0580_g3b_update_on/tp_update.h5,ON,x35-70 wd>=0.4,w,B_unclosed,-6.336988676969595e-26,
/home/ubuntu/forge-species-tp/case/16.nozzle_wys/run_0580_g3b_update_on/tp_update.h5,ON,x35-70 wd>=0.4,g,LHS,-2.1663453427066735e-15,
/home/ubuntu/forge-species-tp/case/16.nozzle_wys/run_0580_g3b_update_on/tp_update.h5,ON,x35-70 wd>=0.4,g,E_bookkeeping,-9.195357141708724e-27,
/home/ubuntu/forge-species-tp/case/16.nozzle_wys/run_0580_g3b_update_on/tp_update.h5,ON,x35-70 wd>=0.4,g,A_unclosed,-8.90787247529253e-17,
/home/ubuntu/forge-species-tp/case/16.nozzle_wys/run_0580_g3b_update_on/tp_update.h5,ON,x35-70 wd>=0.4,g,B_unclosed,-9.195455749321877e-27,
/home/ubuntu/forge-species-tp/case/16.nozzle_wys/run_0580_g3b_update_on/tp_update.h5,ON,x35-70 wd>=0.4,Q2,LHS,-3.6826137124012885e-11,
/home/ubuntu/forge-species-tp/case/16.nozzle_wys/run_0580_g3b_update_on/tp_update.h5,ON,x35-70 wd>=0.4,Q2,E_bookkeeping,-3.791912250216719e-22,
/home/ubuntu/forge-species-tp/case/16.nozzle_wys/run_0580_g3b_update_on/tp_update.h5,ON,x35-70 wd>=0.4,Q2,A_unclosed,-2.0229905706283456e-12,
/home/ubuntu/forge-species-tp/case/16.nozzle_wys/run_0580_g3b_update_on/tp_update.h5,ON,x35-70 wd>=0.4,Q2,B_unclosed,-3.7918920553775455e-22,
/home/ubuntu/forge-species-tp/case/16.nozzle_wys/run_0580_g3b_update_on/tp_update.h5,ON,x35-70 wd>=0.4,Q1,LHS,-0.0038643627810870385,
/home/ubuntu/forge-species-tp/case/16.nozzle_wys/run_0580_g3b_update_on/tp_update.h5,ON,x35-70 wd>=0.4,Q1,E_bookkeeping,2.8891819492393722e-15,
/home/ubuntu/forge-species-tp/case/16.nozzle_wys/run_0580_g3b_update_on/tp_update.h5,ON,x35-70 wd>=0.4,Q1,A_unclosed,0.0003605546568995815,
/home/ubuntu/forge-species-tp/case/16.nozzle_wys/run_0580_g3b_update_on/tp_update.h5,ON,x35-70 wd>=0.4,Q1,B_unclosed,2.8893987896738693e-15,
/home/ubuntu/forge-species-tp/case/16.nozzle_wys/run_0580_g3b_update_on/tp_update.h5,ON,x35-70 wd>=0.4,Q0,LHS,-353863.56984710693,
/home/ubuntu/forge-species-tp/case/16.nozzle_wys/run_0580_g3b_update_on/tp_update.h5,ON,x35-70 wd>=0.4,Q0,E_bookkeeping,-1.5516416169703007e-06,
/home/ubuntu/forge-species-tp/case/16.nozzle_wys/run_0580_g3b_update_on/tp_update.h5,ON,x35-70 wd>=0.4,Q0,A_unclosed,4887.684153923881,
/home/ubuntu/forge-species-tp/case/16.nozzle_wys/run_0580_g3b_update_on/tp_update.h5,ON,x35-70 wd>=0.4,Q0,B_unclosed,-1.5516588973696344e-06,
/home/ubuntu/forge-species-tp/case/16.nozzle_wys/run_0580_g3b_update_on/tp_update.h5,ON,x35-70 wd>=0.4,v,LHS,-1.0914893094272965e-15,
/home/ubuntu/forge-species-tp/case/16.nozzle_wys/run_0580_g3b_update_on/tp_update.h5,ON,x35-70 wd>=0.4,v,E_bookkeeping,-5.417423380514776e-26,
/home/ubuntu/forge-species-tp/case/16.nozzle_wys/run_0580_g3b_update_on/tp_update.h5,ON,x35-70 wd>=0.4,v,A_unclosed,-6.115981234897162e-16,
/home/ubuntu/forge-species-tp/case/16.nozzle_wys/run_0580_g3b_update_on/tp_update.h5,ON,x35-70 wd>=0.4,v,B_unclosed,-5.417403658992146e-26,
/home/ubuntu/forge-species-tp/case/16.nozzle_wys/run_0580_g3b_update_on/tp_update.h5,ON,pinned (ref),w,C_renorm_scale,3.339155740061713e-15,3.791654007624465e-14
/home/ubuntu/forge-species-tp/case/16.nozzle_wys/run_0580_g3b_update_on/tp_update.h5,ON,pinned (ref),g,C_renorm_scale,0.0,0.0
/home/ubuntu/forge-species-tp/case/16.nozzle_wys/run_0580_g3b_update_on/tp_update.h5,ON,pinned (ref),Q2,C_renorm_scale,0.0,0.0
/home/ubuntu/forge-species-tp/case/16.nozzle_wys/run_0580_g3b_update_on/tp_update.h5,ON,pinned (ref),Q1,C_renorm_scale,0.0,0.0
/home/ubuntu/forge-species-tp/case/16.nozzle_wys/run_0580_g3b_update_on/tp_update.h5,ON,pinned (ref),Q0,C_renorm_scale,0.0,0.0
/home/ubuntu/forge-species-tp/case/16.nozzle_wys/run_0580_g3b_update_on/tp_update.h5,ON,pinned (ref),v,C_renorm_scale,3.339155740061713e-15,3.791654007624465e-14
/home/ubuntu/forge-species-tp/case/16.nozzle_wys/run_0580_g3b_update_on/tp_update.h5,ON,pinned (ref),w,B_boundary_overwrite,0.0,0.0
/home/ubuntu/forge-species-tp/case/16.nozzle_wys/run_0580_g3b_update_on/tp_update.h5,ON,pinned (ref),g,B_boundary_overwrite,0.0,0.0
/home/ubuntu/forge-species-tp/case/16.nozzle_wys/run_0580_g3b_update_on/tp_update.h5,ON,pinned (ref),Q2,B_boundary_overwrite,0.0,0.0
/home/ubuntu/forge-species-tp/case/16.nozzle_wys/run_0580_g3b_update_on/tp_update.h5,ON,pinned (ref),Q1,B_boundary_overwrite,0.0,0.0
/home/ubuntu/forge-species-tp/case/16.nozzle_wys/run_0580_g3b_update_on/tp_update.h5,ON,pinned (ref),Q0,B_boundary_overwrite,0.0,0.0
/home/ubuntu/forge-species-tp/case/16.nozzle_wys/run_0580_g3b_update_on/tp_update.h5,ON,pinned (ref),v,B_boundary_overwrite,0.0,0.0
/home/ubuntu/forge-species-tp/case/16.nozzle_wys/run_0580_g3b_update_on/tp_update.h5,ON,pinned (ref),w,LHS,3.339155740061713e-15,
/home/ubuntu/forge-species-tp/case/16.nozzle_wys/run_0580_g3b_update_on/tp_update.h5,ON,pinned (ref),w,E_bookkeeping,0.0,
/home/ubuntu/forge-species-tp/case/16.nozzle_wys/run_0580_g3b_update_on/tp_update.h5,ON,pinned (ref),w,A_unclosed,0.0,
/home/ubuntu/forge-species-tp/case/16.nozzle_wys/run_0580_g3b_update_on/tp_update.h5,ON,pinned (ref),w,B_unclosed,0.0,
/home/ubuntu/forge-species-tp/case/16.nozzle_wys/run_0580_g3b_update_on/tp_update.h5,ON,pinned (ref),g,LHS,0.0,
/home/ubuntu/forge-species-tp/case/16.nozzle_wys/run_0580_g3b_update_on/tp_update.h5,ON,pinned (ref),g,E_bookkeeping,0.0,
/home/ubuntu/forge-species-tp/case/16.nozzle_wys/run_0580_g3b_update_on/tp_update.h5,ON,pinned (ref),g,A_unclosed,0.0,
/home/ubuntu/forge-species-tp/case/16.nozzle_wys/run_0580_g3b_update_on/tp_update.h5,ON,pinned (ref),g,B_unclosed,0.0,
/home/ubuntu/forge-species-tp/case/16.nozzle_wys/run_0580_g3b_update_on/tp_update.h5,ON,pinned (ref),Q2,LHS,0.0,
/home/ubuntu/forge-species-tp/case/16.nozzle_wys/run_0580_g3b_update_on/tp_update.h5,ON,pinned (ref),Q2,E_bookkeeping,0.0,
/home/ubuntu/forge-species-tp/case/16.nozzle_wys/run_0580_g3b_update_on/tp_update.h5,ON,pinned (ref),Q2,A_unclosed,0.0,
/home/ubuntu/forge-species-tp/case/16.nozzle_wys/run_0580_g3b_update_on/tp_update.h5,ON,pinned (ref),Q2,B_unclosed,0.0,
/home/ubuntu/forge-species-tp/case/16.nozzle_wys/run_0580_g3b_update_on/tp_update.h5,ON,pinned (ref),Q1,LHS,0.0,
/home/ubuntu/forge-species-tp/case/16.nozzle_wys/run_0580_g3b_update_on/tp_update.h5,ON,pinned (ref),Q1,E_bookkeeping,0.0,
/home/ubuntu/forge-species-tp/case/16.nozzle_wys/run_0580_g3b_update_on/tp_update.h5,ON,pinned (ref),Q1,A_unclosed,0.0,
/home/ubuntu/forge-species-tp/case/16.nozzle_wys/run_0580_g3b_update_on/tp_update.h5,ON,pinned (ref),Q1,B_unclosed,0.0,
/home/ubuntu/forge-species-tp/case/16.nozzle_wys/run_0580_g3b_update_on/tp_update.h5,ON,pinned (ref),Q0,LHS,0.0,
/home/ubuntu/forge-species-tp/case/16.nozzle_wys/run_0580_g3b_update_on/tp_update.h5,ON,pinned (ref),Q0,E_bookkeeping,0.0,
/home/ubuntu/forge-species-tp/case/16.nozzle_wys/run_0580_g3b_update_on/tp_update.h5,ON,pinned (ref),Q0,A_unclosed,0.0,
/home/ubuntu/forge-species-tp/case/16.nozzle_wys/run_0580_g3b_update_on/tp_update.h5,ON,pinned (ref),Q0,B_unclosed,0.0,
/home/ubuntu/forge-species-tp/case/16.nozzle_wys/run_0580_g3b_update_on/tp_update.h5,ON,pinned (ref),v,LHS,3.339155740061713e-15,
/home/ubuntu/forge-species-tp/case/16.nozzle_wys/run_0580_g3b_update_on/tp_update.h5,ON,pinned (ref),v,E_bookkeeping,0.0,
/home/ubuntu/forge-species-tp/case/16.nozzle_wys/run_0580_g3b_update_on/tp_update.h5,ON,pinned (ref),v,A_unclosed,0.0,
/home/ubuntu/forge-species-tp/case/16.nozzle_wys/run_0580_g3b_update_on/tp_update.h5,ON,pinned (ref),v,B_unclosed,0.0,
/home/ubuntu/forge-species-tp/case/16.nozzle_wys/run_0581_g3b_update_off/tp_update.h5,OFF,all,w,pre:LHS sum V(pre_end - init),0.0,
/home/ubuntu/forge-species-tp/case/16.nozzle_wys/run_0581_g3b_update_off/tp_update.h5,OFF,all,g,pre:LHS sum V(pre_end - init),0.0,
/home/ubuntu/forge-species-tp/case/16.nozzle_wys/run_0581_g3b_update_off/tp_update.h5,OFF,all,Q2,pre:LHS sum V(pre_end - init),0.0,
/home/ubuntu/forge-species-tp/case/16.nozzle_wys/run_0581_g3b_update_off/tp_update.h5,OFF,all,Q1,pre:LHS sum V(pre_end - init),6.182698665546524e-48,
/home/ubuntu/forge-species-tp/case/16.nozzle_wys/run_0581_g3b_update_off/tp_update.h5,OFF,all,Q0,pre:LHS sum V(pre_end - init),0.0,
/home/ubuntu/forge-species-tp/case/16.nozzle_wys/run_0581_g3b_update_off/tp_update.h5,OFF,all,w,pre:realiz_lower,0.0,
/home/ubuntu/forge-species-tp/case/16.nozzle_wys/run_0581_g3b_update_off/tp_update.h5,OFF,all,g,pre:realiz_lower,0.0,
/home/ubuntu/forge-species-tp/case/16.nozzle_wys/run_0581_g3b_update_off/tp_update.h5,OFF,all,Q2,pre:realiz_lower,0.0,
/home/ubuntu/forge-species-tp/case/16.nozzle_wys/run_0581_g3b_update_off/tp_update.h5,OFF,all,Q1,pre:realiz_lower,0.0,
/home/ubuntu/forge-species-tp/case/16.nozzle_wys/run_0581_g3b_update_off/tp_update.h5,OFF,all,Q0,pre:realiz_lower,0.0,
/home/ubuntu/forge-species-tp/case/16.nozzle_wys/run_0581_g3b_update_off/tp_update.h5,OFF,all,w,pre:realiz_upper,0.0,
/home/ubuntu/forge-species-tp/case/16.nozzle_wys/run_0581_g3b_update_off/tp_update.h5,OFF,all,g,pre:realiz_upper,0.0,
/home/ubuntu/forge-species-tp/case/16.nozzle_wys/run_0581_g3b_update_off/tp_update.h5,OFF,all,Q2,pre:realiz_upper,0.0,
/home/ubuntu/forge-species-tp/case/16.nozzle_wys/run_0581_g3b_update_off/tp_update.h5,OFF,all,Q1,pre:realiz_upper,0.0,
/home/ubuntu/forge-species-tp/case/16.nozzle_wys/run_0581_g3b_update_off/tp_update.h5,OFF,all,Q0,pre:realiz_upper,0.0,
/home/ubuntu/forge-species-tp/case/16.nozzle_wys/run_0581_g3b_update_off/tp_update.h5,OFF,all,w,pre:projection,0.0,
/home/ubuntu/forge-species-tp/case/16.nozzle_wys/run_0581_g3b_update_off/tp_update.h5,OFF,all,g,pre:projection,0.0,
/home/ubuntu/forge-species-tp/case/16.nozzle_wys/run_0581_g3b_update_off/tp_update.h5,OFF,all,Q2,pre:projection,0.0,
/home/ubuntu/forge-species-tp/case/16.nozzle_wys/run_0581_g3b_update_off/tp_update.h5,OFF,all,Q1,pre:projection,6.182698665546524e-48,
/home/ubuntu/forge-species-tp/case/16.nozzle_wys/run_0581_g3b_update_off/tp_update.h5,OFF,all,Q0,pre:projection,0.0,
/home/ubuntu/forge-species-tp/case/16.nozzle_wys/run_0581_g3b_update_off/tp_update.h5,OFF,all,w,pre:droplet_removal (phys),0.0,
/home/ubuntu/forge-species-tp/case/16.nozzle_wys/run_0581_g3b_update_off/tp_update.h5,OFF,all,g,pre:droplet_removal (phys),0.0,
/home/ubuntu/forge-species-tp/case/16.nozzle_wys/run_0581_g3b_update_off/tp_update.h5,OFF,all,Q2,pre:droplet_removal (phys),0.0,
/home/ubuntu/forge-species-tp/case/16.nozzle_wys/run_0581_g3b_update_off/tp_update.h5,OFF,all,Q1,pre:droplet_removal (phys),0.0,
/home/ubuntu/forge-species-tp/case/16.nozzle_wys/run_0581_g3b_update_off/tp_update.h5,OFF,all,Q0,pre:droplet_removal (phys),0.0,
/home/ubuntu/forge-species-tp/case/16.nozzle_wys/run_0581_g3b_update_off/tp_update.h5,OFF,all,w,pre:other state ops (pre_state-init-RZ),0.0,
/home/ubuntu/forge-species-tp/case/16.nozzle_wys/run_0581_g3b_update_off/tp_update.h5,OFF,all,g,pre:other state ops (pre_state-init-RZ),0.0,
/home/ubuntu/forge-species-tp/case/16.nozzle_wys/run_0581_g3b_update_off/tp_update.h5,OFF,all,Q2,pre:other state ops (pre_state-init-RZ),0.0,
/home/ubuntu/forge-species-tp/case/16.nozzle_wys/run_0581_g3b_update_off/tp_update.h5,OFF,all,Q1,pre:other state ops (pre_state-init-RZ),0.0,
/home/ubuntu/forge-species-tp/case/16.nozzle_wys/run_0581_g3b_update_off/tp_update.h5,OFF,all,Q0,pre:other state ops (pre_state-init-RZ),0.0,
/home/ubuntu/forge-species-tp/case/16.nozzle_wys/run_0581_g3b_update_off/tp_update.h5,OFF,all,w,pre:boundary overwrite (pre_end-pre_state),0.0,
/home/ubuntu/forge-species-tp/case/16.nozzle_wys/run_0581_g3b_update_off/tp_update.h5,OFF,all,g,pre:boundary overwrite (pre_end-pre_state),0.0,
/home/ubuntu/forge-species-tp/case/16.nozzle_wys/run_0581_g3b_update_off/tp_update.h5,OFF,all,Q2,pre:boundary overwrite (pre_end-pre_state),0.0,
/home/ubuntu/forge-species-tp/case/16.nozzle_wys/run_0581_g3b_update_off/tp_update.h5,OFF,all,Q1,pre:boundary overwrite (pre_end-pre_state),0.0,
/home/ubuntu/forge-species-tp/case/16.nozzle_wys/run_0581_g3b_update_off/tp_update.h5,OFF,all,Q0,pre:boundary overwrite (pre_end-pre_state),0.0,
/home/ubuntu/forge-species-tp/case/16.nozzle_wys/run_0581_g3b_update_off/tp_update.h5,OFF,all,w,pre:post-part change (post_end-pre_end),0.0,
/home/ubuntu/forge-species-tp/case/16.nozzle_wys/run_0581_g3b_update_off/tp_update.h5,OFF,all,g,pre:post-part change (post_end-pre_end),0.0,
/home/ubuntu/forge-species-tp/case/16.nozzle_wys/run_0581_g3b_update_off/tp_update.h5,OFF,all,Q2,pre:post-part change (post_end-pre_end),0.0,
/home/ubuntu/forge-species-tp/case/16.nozzle_wys/run_0581_g3b_update_off/tp_update.h5,OFF,all,Q1,pre:post-part change (post_end-pre_end),0.0,
/home/ubuntu/forge-species-tp/case/16.nozzle_wys/run_0581_g3b_update_off/tp_update.h5,OFF,all,Q0,pre:post-part change (post_end-pre_end),0.0,
/home/ubuntu/forge-species-tp/case/16.nozzle_wys/run_0581_g3b_update_off/tp_update.h5,OFF,"x[in,17)",w,pre:LHS sum V(pre_end - init),0.0,
/home/ubuntu/forge-species-tp/case/16.nozzle_wys/run_0581_g3b_update_off/tp_update.h5,OFF,"x[in,17)",g,pre:LHS sum V(pre_end - init),0.0,
/home/ubuntu/forge-species-tp/case/16.nozzle_wys/run_0581_g3b_update_off/tp_update.h5,OFF,"x[in,17)",Q2,pre:LHS sum V(pre_end - init),0.0,
/home/ubuntu/forge-species-tp/case/16.nozzle_wys/run_0581_g3b_update_off/tp_update.h5,OFF,"x[in,17)",Q1,pre:LHS sum V(pre_end - init),0.0,
/home/ubuntu/forge-species-tp/case/16.nozzle_wys/run_0581_g3b_update_off/tp_update.h5,OFF,"x[in,17)",Q0,pre:LHS sum V(pre_end - init),0.0,
/home/ubuntu/forge-species-tp/case/16.nozzle_wys/run_0581_g3b_update_off/tp_update.h5,OFF,"x[in,17)",w,pre:realiz_lower,0.0,
/home/ubuntu/forge-species-tp/case/16.nozzle_wys/run_0581_g3b_update_off/tp_update.h5,OFF,"x[in,17)",g,pre:realiz_lower,0.0,
/home/ubuntu/forge-species-tp/case/16.nozzle_wys/run_0581_g3b_update_off/tp_update.h5,OFF,"x[in,17)",Q2,pre:realiz_lower,0.0,
/home/ubuntu/forge-species-tp/case/16.nozzle_wys/run_0581_g3b_update_off/tp_update.h5,OFF,"x[in,17)",Q1,pre:realiz_lower,0.0,
/home/ubuntu/forge-species-tp/case/16.nozzle_wys/run_0581_g3b_update_off/tp_update.h5,OFF,"x[in,17)",Q0,pre:realiz_lower,0.0,
/home/ubuntu/forge-species-tp/case/16.nozzle_wys/run_0581_g3b_update_off/tp_update.h5,OFF,"x[in,17)",w,pre:realiz_upper,0.0,
/home/ubuntu/forge-species-tp/case/16.nozzle_wys/run_0581_g3b_update_off/tp_update.h5,OFF,"x[in,17)",g,pre:realiz_upper,0.0,
/home/ubuntu/forge-species-tp/case/16.nozzle_wys/run_0581_g3b_update_off/tp_update.h5,OFF,"x[in,17)",Q2,pre:realiz_upper,0.0,
/home/ubuntu/forge-species-tp/case/16.nozzle_wys/run_0581_g3b_update_off/tp_update.h5,OFF,"x[in,17)",Q1,pre:realiz_upper,0.0,
/home/ubuntu/forge-species-tp/case/16.nozzle_wys/run_0581_g3b_update_off/tp_update.h5,OFF,"x[in,17)",Q0,pre:realiz_upper,0.0,
/home/ubuntu/forge-species-tp/case/16.nozzle_wys/run_0581_g3b_update_off/tp_update.h5,OFF,"x[in,17)",w,pre:projection,0.0,
/home/ubuntu/forge-species-tp/case/16.nozzle_wys/run_0581_g3b_update_off/tp_update.h5,OFF,"x[in,17)",g,pre:projection,0.0,
/home/ubuntu/forge-species-tp/case/16.nozzle_wys/run_0581_g3b_update_off/tp_update.h5,OFF,"x[in,17)",Q2,pre:projection,0.0,
/home/ubuntu/forge-species-tp/case/16.nozzle_wys/run_0581_g3b_update_off/tp_update.h5,OFF,"x[in,17)",Q1,pre:projection,0.0,
/home/ubuntu/forge-species-tp/case/16.nozzle_wys/run_0581_g3b_update_off/tp_update.h5,OFF,"x[in,17)",Q0,pre:projection,0.0,
/home/ubuntu/forge-species-tp/case/16.nozzle_wys/run_0581_g3b_update_off/tp_update.h5,OFF,"x[in,17)",w,pre:droplet_removal (phys),0.0,
/home/ubuntu/forge-species-tp/case/16.nozzle_wys/run_0581_g3b_update_off/tp_update.h5,OFF,"x[in,17)",g,pre:droplet_removal (phys),0.0,
/home/ubuntu/forge-species-tp/case/16.nozzle_wys/run_0581_g3b_update_off/tp_update.h5,OFF,"x[in,17)",Q2,pre:droplet_removal (phys),0.0,
/home/ubuntu/forge-species-tp/case/16.nozzle_wys/run_0581_g3b_update_off/tp_update.h5,OFF,"x[in,17)",Q1,pre:droplet_removal (phys),0.0,
/home/ubuntu/forge-species-tp/case/16.nozzle_wys/run_0581_g3b_update_off/tp_update.h5,OFF,"x[in,17)",Q0,pre:droplet_removal (phys),0.0,
/home/ubuntu/forge-species-tp/case/16.nozzle_wys/run_0581_g3b_update_off/tp_update.h5,OFF,"x[in,17)",w,pre:other state ops (pre_state-init-RZ),0.0,
/home/ubuntu/forge-species-tp/case/16.nozzle_wys/run_0581_g3b_update_off/tp_update.h5,OFF,"x[in,17)",g,pre:other state ops (pre_state-init-RZ),0.0,
/home/ubuntu/forge-species-tp/case/16.nozzle_wys/run_0581_g3b_update_off/tp_update.h5,OFF,"x[in,17)",Q2,pre:other state ops (pre_state-init-RZ),0.0,
/home/ubuntu/forge-species-tp/case/16.nozzle_wys/run_0581_g3b_update_off/tp_update.h5,OFF,"x[in,17)",Q1,pre:other state ops (pre_state-init-RZ),0.0,
/home/ubuntu/forge-species-tp/case/16.nozzle_wys/run_0581_g3b_update_off/tp_update.h5,OFF,"x[in,17)",Q0,pre:other state ops (pre_state-init-RZ),0.0,
/home/ubuntu/forge-species-tp/case/16.nozzle_wys/run_0581_g3b_update_off/tp_update.h5,OFF,"x[in,17)",w,pre:boundary overwrite (pre_end-pre_state),0.0,
/home/ubuntu/forge-species-tp/case/16.nozzle_wys/run_0581_g3b_update_off/tp_update.h5,OFF,"x[in,17)",g,pre:boundary overwrite (pre_end-pre_state),0.0,
/home/ubuntu/forge-species-tp/case/16.nozzle_wys/run_0581_g3b_update_off/tp_update.h5,OFF,"x[in,17)",Q2,pre:boundary overwrite (pre_end-pre_state),0.0,
/home/ubuntu/forge-species-tp/case/16.nozzle_wys/run_0581_g3b_update_off/tp_update.h5,OFF,"x[in,17)",Q1,pre:boundary overwrite (pre_end-pre_state),0.0,
/home/ubuntu/forge-species-tp/case/16.nozzle_wys/run_0581_g3b_update_off/tp_update.h5,OFF,"x[in,17)",Q0,pre:boundary overwrite (pre_end-pre_state),0.0,
/home/ubuntu/forge-species-tp/case/16.nozzle_wys/run_0581_g3b_update_off/tp_update.h5,OFF,"x[in,17)",w,pre:post-part change (post_end-pre_end),0.0,
/home/ubuntu/forge-species-tp/case/16.nozzle_wys/run_0581_g3b_update_off/tp_update.h5,OFF,"x[in,17)",g,pre:post-part change (post_end-pre_end),0.0,
/home/ubuntu/forge-species-tp/case/16.nozzle_wys/run_0581_g3b_update_off/tp_update.h5,OFF,"x[in,17)",Q2,pre:post-part change (post_end-pre_end),0.0,
/home/ubuntu/forge-species-tp/case/16.nozzle_wys/run_0581_g3b_update_off/tp_update.h5,OFF,"x[in,17)",Q1,pre:post-part change (post_end-pre_end),0.0,
/home/ubuntu/forge-species-tp/case/16.nozzle_wys/run_0581_g3b_update_off/tp_update.h5,OFF,"x[in,17)",Q0,pre:post-part change (post_end-pre_end),0.0,
/home/ubuntu/forge-species-tp/case/16.nozzle_wys/run_0581_g3b_update_off/tp_update.h5,OFF,"x[17,35)",w,pre:LHS sum V(pre_end - init),0.0,
/home/ubuntu/forge-species-tp/case/16.nozzle_wys/run_0581_g3b_update_off/tp_update.h5,OFF,"x[17,35)",g,pre:LHS sum V(pre_end - init),0.0,
/home/ubuntu/forge-species-tp/case/16.nozzle_wys/run_0581_g3b_update_off/tp_update.h5,OFF,"x[17,35)",Q2,pre:LHS sum V(pre_end - init),0.0,
/home/ubuntu/forge-species-tp/case/16.nozzle_wys/run_0581_g3b_update_off/tp_update.h5,OFF,"x[17,35)",Q1,pre:LHS sum V(pre_end - init),9.449022599973241e-49,
/home/ubuntu/forge-species-tp/case/16.nozzle_wys/run_0581_g3b_update_off/tp_update.h5,OFF,"x[17,35)",Q0,pre:LHS sum V(pre_end - init),0.0,
/home/ubuntu/forge-species-tp/case/16.nozzle_wys/run_0581_g3b_update_off/tp_update.h5,OFF,"x[17,35)",w,pre:realiz_lower,0.0,
/home/ubuntu/forge-species-tp/case/16.nozzle_wys/run_0581_g3b_update_off/tp_update.h5,OFF,"x[17,35)",g,pre:realiz_lower,0.0,
/home/ubuntu/forge-species-tp/case/16.nozzle_wys/run_0581_g3b_update_off/tp_update.h5,OFF,"x[17,35)",Q2,pre:realiz_lower,0.0,
/home/ubuntu/forge-species-tp/case/16.nozzle_wys/run_0581_g3b_update_off/tp_update.h5,OFF,"x[17,35)",Q1,pre:realiz_lower,0.0,
/home/ubuntu/forge-species-tp/case/16.nozzle_wys/run_0581_g3b_update_off/tp_update.h5,OFF,"x[17,35)",Q0,pre:realiz_lower,0.0,
/home/ubuntu/forge-species-tp/case/16.nozzle_wys/run_0581_g3b_update_off/tp_update.h5,OFF,"x[17,35)",w,pre:realiz_upper,0.0,
/home/ubuntu/forge-species-tp/case/16.nozzle_wys/run_0581_g3b_update_off/tp_update.h5,OFF,"x[17,35)",g,pre:realiz_upper,0.0,
/home/ubuntu/forge-species-tp/case/16.nozzle_wys/run_0581_g3b_update_off/tp_update.h5,OFF,"x[17,35)",Q2,pre:realiz_upper,0.0,
/home/ubuntu/forge-species-tp/case/16.nozzle_wys/run_0581_g3b_update_off/tp_update.h5,OFF,"x[17,35)",Q1,pre:realiz_upper,0.0,
/home/ubuntu/forge-species-tp/case/16.nozzle_wys/run_0581_g3b_update_off/tp_update.h5,OFF,"x[17,35)",Q0,pre:realiz_upper,0.0,
/home/ubuntu/forge-species-tp/case/16.nozzle_wys/run_0581_g3b_update_off/tp_update.h5,OFF,"x[17,35)",w,pre:projection,0.0,
/home/ubuntu/forge-species-tp/case/16.nozzle_wys/run_0581_g3b_update_off/tp_update.h5,OFF,"x[17,35)",g,pre:projection,0.0,
/home/ubuntu/forge-species-tp/case/16.nozzle_wys/run_0581_g3b_update_off/tp_update.h5,OFF,"x[17,35)",Q2,pre:projection,0.0,
/home/ubuntu/forge-species-tp/case/16.nozzle_wys/run_0581_g3b_update_off/tp_update.h5,OFF,"x[17,35)",Q1,pre:projection,9.449022599973241e-49,
/home/ubuntu/forge-species-tp/case/16.nozzle_wys/run_0581_g3b_update_off/tp_update.h5,OFF,"x[17,35)",Q0,pre:projection,0.0,
/home/ubuntu/forge-species-tp/case/16.nozzle_wys/run_0581_g3b_update_off/tp_update.h5,OFF,"x[17,35)",w,pre:droplet_removal (phys),0.0,
/home/ubuntu/forge-species-tp/case/16.nozzle_wys/run_0581_g3b_update_off/tp_update.h5,OFF,"x[17,35)",g,pre:droplet_removal (phys),0.0,
/home/ubuntu/forge-species-tp/case/16.nozzle_wys/run_0581_g3b_update_off/tp_update.h5,OFF,"x[17,35)",Q2,pre:droplet_removal (phys),0.0,
/home/ubuntu/forge-species-tp/case/16.nozzle_wys/run_0581_g3b_update_off/tp_update.h5,OFF,"x[17,35)",Q1,pre:droplet_removal (phys),0.0,
/home/ubuntu/forge-species-tp/case/16.nozzle_wys/run_0581_g3b_update_off/tp_update.h5,OFF,"x[17,35)",Q0,pre:droplet_removal (phys),0.0,
/home/ubuntu/forge-species-tp/case/16.nozzle_wys/run_0581_g3b_update_off/tp_update.h5,OFF,"x[17,35)",w,pre:other state ops (pre_state-init-RZ),0.0,
/home/ubuntu/forge-species-tp/case/16.nozzle_wys/run_0581_g3b_update_off/tp_update.h5,OFF,"x[17,35)",g,pre:other state ops (pre_state-init-RZ),0.0,
/home/ubuntu/forge-species-tp/case/16.nozzle_wys/run_0581_g3b_update_off/tp_update.h5,OFF,"x[17,35)",Q2,pre:other state ops (pre_state-init-RZ),0.0,
/home/ubuntu/forge-species-tp/case/16.nozzle_wys/run_0581_g3b_update_off/tp_update.h5,OFF,"x[17,35)",Q1,pre:other state ops (pre_state-init-RZ),0.0,
/home/ubuntu/forge-species-tp/case/16.nozzle_wys/run_0581_g3b_update_off/tp_update.h5,OFF,"x[17,35)",Q0,pre:other state ops (pre_state-init-RZ),0.0,
/home/ubuntu/forge-species-tp/case/16.nozzle_wys/run_0581_g3b_update_off/tp_update.h5,OFF,"x[17,35)",w,pre:boundary overwrite (pre_end-pre_state),0.0,
/home/ubuntu/forge-species-tp/case/16.nozzle_wys/run_0581_g3b_update_off/tp_update.h5,OFF,"x[17,35)",g,pre:boundary overwrite (pre_end-pre_state),0.0,
/home/ubuntu/forge-species-tp/case/16.nozzle_wys/run_0581_g3b_update_off/tp_update.h5,OFF,"x[17,35)",Q2,pre:boundary overwrite (pre_end-pre_state),0.0,
/home/ubuntu/forge-species-tp/case/16.nozzle_wys/run_0581_g3b_update_off/tp_update.h5,OFF,"x[17,35)",Q1,pre:boundary overwrite (pre_end-pre_state),0.0,
/home/ubuntu/forge-species-tp/case/16.nozzle_wys/run_0581_g3b_update_off/tp_update.h5,OFF,"x[17,35)",Q0,pre:boundary overwrite (pre_end-pre_state),0.0,
/home/ubuntu/forge-species-tp/case/16.nozzle_wys/run_0581_g3b_update_off/tp_update.h5,OFF,"x[17,35)",w,pre:post-part change (post_end-pre_end),0.0,
/home/ubuntu/forge-species-tp/case/16.nozzle_wys/run_0581_g3b_update_off/tp_update.h5,OFF,"x[17,35)",g,pre:post-part change (post_end-pre_end),0.0,
/home/ubuntu/forge-species-tp/case/16.nozzle_wys/run_0581_g3b_update_off/tp_update.h5,OFF,"x[17,35)",Q2,pre:post-part change (post_end-pre_end),0.0,
/home/ubuntu/forge-species-tp/case/16.nozzle_wys/run_0581_g3b_update_off/tp_update.h5,OFF,"x[17,35)",Q1,pre:post-part change (post_end-pre_end),0.0,
/home/ubuntu/forge-species-tp/case/16.nozzle_wys/run_0581_g3b_update_off/tp_update.h5,OFF,"x[17,35)",Q0,pre:post-part change (post_end-pre_end),0.0,
/home/ubuntu/forge-species-tp/case/16.nozzle_wys/run_0581_g3b_update_off/tp_update.h5,OFF,"x[35,70)",w,pre:LHS sum V(pre_end - init),0.0,
/home/ubuntu/forge-species-tp/case/16.nozzle_wys/run_0581_g3b_update_off/tp_update.h5,OFF,"x[35,70)",g,pre:LHS sum V(pre_end - init),0.0,
/home/ubuntu/forge-species-tp/case/16.nozzle_wys/run_0581_g3b_update_off/tp_update.h5,OFF,"x[35,70)",Q2,pre:LHS sum V(pre_end - init),0.0,
/home/ubuntu/forge-species-tp/case/16.nozzle_wys/run_0581_g3b_update_off/tp_update.h5,OFF,"x[35,70)",Q1,pre:LHS sum V(pre_end - init),5.2377964055491997e-48,
/home/ubuntu/forge-species-tp/case/16.nozzle_wys/run_0581_g3b_update_off/tp_update.h5,OFF,"x[35,70)",Q0,pre:LHS sum V(pre_end - init),0.0,
/home/ubuntu/forge-species-tp/case/16.nozzle_wys/run_0581_g3b_update_off/tp_update.h5,OFF,"x[35,70)",w,pre:realiz_lower,0.0,
/home/ubuntu/forge-species-tp/case/16.nozzle_wys/run_0581_g3b_update_off/tp_update.h5,OFF,"x[35,70)",g,pre:realiz_lower,0.0,
/home/ubuntu/forge-species-tp/case/16.nozzle_wys/run_0581_g3b_update_off/tp_update.h5,OFF,"x[35,70)",Q2,pre:realiz_lower,0.0,
/home/ubuntu/forge-species-tp/case/16.nozzle_wys/run_0581_g3b_update_off/tp_update.h5,OFF,"x[35,70)",Q1,pre:realiz_lower,0.0,
/home/ubuntu/forge-species-tp/case/16.nozzle_wys/run_0581_g3b_update_off/tp_update.h5,OFF,"x[35,70)",Q0,pre:realiz_lower,0.0,
/home/ubuntu/forge-species-tp/case/16.nozzle_wys/run_0581_g3b_update_off/tp_update.h5,OFF,"x[35,70)",w,pre:realiz_upper,0.0,
/home/ubuntu/forge-species-tp/case/16.nozzle_wys/run_0581_g3b_update_off/tp_update.h5,OFF,"x[35,70)",g,pre:realiz_upper,0.0,
/home/ubuntu/forge-species-tp/case/16.nozzle_wys/run_0581_g3b_update_off/tp_update.h5,OFF,"x[35,70)",Q2,pre:realiz_upper,0.0,
/home/ubuntu/forge-species-tp/case/16.nozzle_wys/run_0581_g3b_update_off/tp_update.h5,OFF,"x[35,70)",Q1,pre:realiz_upper,0.0,
/home/ubuntu/forge-species-tp/case/16.nozzle_wys/run_0581_g3b_update_off/tp_update.h5,OFF,"x[35,70)",Q0,pre:realiz_upper,0.0,
/home/ubuntu/forge-species-tp/case/16.nozzle_wys/run_0581_g3b_update_off/tp_update.h5,OFF,"x[35,70)",w,pre:projection,0.0,
/home/ubuntu/forge-species-tp/case/16.nozzle_wys/run_0581_g3b_update_off/tp_update.h5,OFF,"x[35,70)",g,pre:projection,0.0,
/home/ubuntu/forge-species-tp/case/16.nozzle_wys/run_0581_g3b_update_off/tp_update.h5,OFF,"x[35,70)",Q2,pre:projection,0.0,
/home/ubuntu/forge-species-tp/case/16.nozzle_wys/run_0581_g3b_update_off/tp_update.h5,OFF,"x[35,70)",Q1,pre:projection,5.2377964055491997e-48,
/home/ubuntu/forge-species-tp/case/16.nozzle_wys/run_0581_g3b_update_off/tp_update.h5,OFF,"x[35,70)",Q0,pre:projection,0.0,
/home/ubuntu/forge-species-tp/case/16.nozzle_wys/run_0581_g3b_update_off/tp_update.h5,OFF,"x[35,70)",w,pre:droplet_removal (phys),0.0,
/home/ubuntu/forge-species-tp/case/16.nozzle_wys/run_0581_g3b_update_off/tp_update.h5,OFF,"x[35,70)",g,pre:droplet_removal (phys),0.0,
/home/ubuntu/forge-species-tp/case/16.nozzle_wys/run_0581_g3b_update_off/tp_update.h5,OFF,"x[35,70)",Q2,pre:droplet_removal (phys),0.0,
/home/ubuntu/forge-species-tp/case/16.nozzle_wys/run_0581_g3b_update_off/tp_update.h5,OFF,"x[35,70)",Q1,pre:droplet_removal (phys),0.0,
/home/ubuntu/forge-species-tp/case/16.nozzle_wys/run_0581_g3b_update_off/tp_update.h5,OFF,"x[35,70)",Q0,pre:droplet_removal (phys),0.0,
/home/ubuntu/forge-species-tp/case/16.nozzle_wys/run_0581_g3b_update_off/tp_update.h5,OFF,"x[35,70)",w,pre:other state ops (pre_state-init-RZ),0.0,
/home/ubuntu/forge-species-tp/case/16.nozzle_wys/run_0581_g3b_update_off/tp_update.h5,OFF,"x[35,70)",g,pre:other state ops (pre_state-init-RZ),0.0,
/home/ubuntu/forge-species-tp/case/16.nozzle_wys/run_0581_g3b_update_off/tp_update.h5,OFF,"x[35,70)",Q2,pre:other state ops (pre_state-init-RZ),0.0,
/home/ubuntu/forge-species-tp/case/16.nozzle_wys/run_0581_g3b_update_off/tp_update.h5,OFF,"x[35,70)",Q1,pre:other state ops (pre_state-init-RZ),0.0,
/home/ubuntu/forge-species-tp/case/16.nozzle_wys/run_0581_g3b_update_off/tp_update.h5,OFF,"x[35,70)",Q0,pre:other state ops (pre_state-init-RZ),0.0,
/home/ubuntu/forge-species-tp/case/16.nozzle_wys/run_0581_g3b_update_off/tp_update.h5,OFF,"x[35,70)",w,pre:boundary overwrite (pre_end-pre_state),0.0,
/home/ubuntu/forge-species-tp/case/16.nozzle_wys/run_0581_g3b_update_off/tp_update.h5,OFF,"x[35,70)",g,pre:boundary overwrite (pre_end-pre_state),0.0,
/home/ubuntu/forge-species-tp/case/16.nozzle_wys/run_0581_g3b_update_off/tp_update.h5,OFF,"x[35,70)",Q2,pre:boundary overwrite (pre_end-pre_state),0.0,
/home/ubuntu/forge-species-tp/case/16.nozzle_wys/run_0581_g3b_update_off/tp_update.h5,OFF,"x[35,70)",Q1,pre:boundary overwrite (pre_end-pre_state),0.0,
/home/ubuntu/forge-species-tp/case/16.nozzle_wys/run_0581_g3b_update_off/tp_update.h5,OFF,"x[35,70)",Q0,pre:boundary overwrite (pre_end-pre_state),0.0,
/home/ubuntu/forge-species-tp/case/16.nozzle_wys/run_0581_g3b_update_off/tp_update.h5,OFF,"x[35,70)",w,pre:post-part change (post_end-pre_end),0.0,
/home/ubuntu/forge-species-tp/case/16.nozzle_wys/run_0581_g3b_update_off/tp_update.h5,OFF,"x[35,70)",g,pre:post-part change (post_end-pre_end),0.0,
/home/ubuntu/forge-species-tp/case/16.nozzle_wys/run_0581_g3b_update_off/tp_update.h5,OFF,"x[35,70)",Q2,pre:post-part change (post_end-pre_end),0.0,
/home/ubuntu/forge-species-tp/case/16.nozzle_wys/run_0581_g3b_update_off/tp_update.h5,OFF,"x[35,70)",Q1,pre:post-part change (post_end-pre_end),0.0,
/home/ubuntu/forge-species-tp/case/16.nozzle_wys/run_0581_g3b_update_off/tp_update.h5,OFF,"x[35,70)",Q0,pre:post-part change (post_end-pre_end),0.0,
/home/ubuntu/forge-species-tp/case/16.nozzle_wys/run_0581_g3b_update_off/tp_update.h5,OFF,"x[70,ex]",w,pre:LHS sum V(pre_end - init),0.0,
/home/ubuntu/forge-species-tp/case/16.nozzle_wys/run_0581_g3b_update_off/tp_update.h5,OFF,"x[70,ex]",g,pre:LHS sum V(pre_end - init),0.0,
/home/ubuntu/forge-species-tp/case/16.nozzle_wys/run_0581_g3b_update_off/tp_update.h5,OFF,"x[70,ex]",Q2,pre:LHS sum V(pre_end - init),0.0,
/home/ubuntu/forge-species-tp/case/16.nozzle_wys/run_0581_g3b_update_off/tp_update.h5,OFF,"x[70,ex]",Q1,pre:LHS sum V(pre_end - init),0.0,
/home/ubuntu/forge-species-tp/case/16.nozzle_wys/run_0581_g3b_update_off/tp_update.h5,OFF,"x[70,ex]",Q0,pre:LHS sum V(pre_end - init),0.0,
/home/ubuntu/forge-species-tp/case/16.nozzle_wys/run_0581_g3b_update_off/tp_update.h5,OFF,"x[70,ex]",w,pre:realiz_lower,0.0,
/home/ubuntu/forge-species-tp/case/16.nozzle_wys/run_0581_g3b_update_off/tp_update.h5,OFF,"x[70,ex]",g,pre:realiz_lower,0.0,
/home/ubuntu/forge-species-tp/case/16.nozzle_wys/run_0581_g3b_update_off/tp_update.h5,OFF,"x[70,ex]",Q2,pre:realiz_lower,0.0,
/home/ubuntu/forge-species-tp/case/16.nozzle_wys/run_0581_g3b_update_off/tp_update.h5,OFF,"x[70,ex]",Q1,pre:realiz_lower,0.0,
/home/ubuntu/forge-species-tp/case/16.nozzle_wys/run_0581_g3b_update_off/tp_update.h5,OFF,"x[70,ex]",Q0,pre:realiz_lower,0.0,
/home/ubuntu/forge-species-tp/case/16.nozzle_wys/run_0581_g3b_update_off/tp_update.h5,OFF,"x[70,ex]",w,pre:realiz_upper,0.0,
/home/ubuntu/forge-species-tp/case/16.nozzle_wys/run_0581_g3b_update_off/tp_update.h5,OFF,"x[70,ex]",g,pre:realiz_upper,0.0,
/home/ubuntu/forge-species-tp/case/16.nozzle_wys/run_0581_g3b_update_off/tp_update.h5,OFF,"x[70,ex]",Q2,pre:realiz_upper,0.0,
/home/ubuntu/forge-species-tp/case/16.nozzle_wys/run_0581_g3b_update_off/tp_update.h5,OFF,"x[70,ex]",Q1,pre:realiz_upper,0.0,
/home/ubuntu/forge-species-tp/case/16.nozzle_wys/run_0581_g3b_update_off/tp_update.h5,OFF,"x[70,ex]",Q0,pre:realiz_upper,0.0,
/home/ubuntu/forge-species-tp/case/16.nozzle_wys/run_0581_g3b_update_off/tp_update.h5,OFF,"x[70,ex]",w,pre:projection,0.0,
/home/ubuntu/forge-species-tp/case/16.nozzle_wys/run_0581_g3b_update_off/tp_update.h5,OFF,"x[70,ex]",g,pre:projection,0.0,
/home/ubuntu/forge-species-tp/case/16.nozzle_wys/run_0581_g3b_update_off/tp_update.h5,OFF,"x[70,ex]",Q2,pre:projection,0.0,
/home/ubuntu/forge-species-tp/case/16.nozzle_wys/run_0581_g3b_update_off/tp_update.h5,OFF,"x[70,ex]",Q1,pre:projection,0.0,
/home/ubuntu/forge-species-tp/case/16.nozzle_wys/run_0581_g3b_update_off/tp_update.h5,OFF,"x[70,ex]",Q0,pre:projection,0.0,
/home/ubuntu/forge-species-tp/case/16.nozzle_wys/run_0581_g3b_update_off/tp_update.h5,OFF,"x[70,ex]",w,pre:droplet_removal (phys),0.0,
/home/ubuntu/forge-species-tp/case/16.nozzle_wys/run_0581_g3b_update_off/tp_update.h5,OFF,"x[70,ex]",g,pre:droplet_removal (phys),0.0,
/home/ubuntu/forge-species-tp/case/16.nozzle_wys/run_0581_g3b_update_off/tp_update.h5,OFF,"x[70,ex]",Q2,pre:droplet_removal (phys),0.0,
/home/ubuntu/forge-species-tp/case/16.nozzle_wys/run_0581_g3b_update_off/tp_update.h5,OFF,"x[70,ex]",Q1,pre:droplet_removal (phys),0.0,
/home/ubuntu/forge-species-tp/case/16.nozzle_wys/run_0581_g3b_update_off/tp_update.h5,OFF,"x[70,ex]",Q0,pre:droplet_removal (phys),0.0,
/home/ubuntu/forge-species-tp/case/16.nozzle_wys/run_0581_g3b_update_off/tp_update.h5,OFF,"x[70,ex]",w,pre:other state ops (pre_state-init-RZ),0.0,
/home/ubuntu/forge-species-tp/case/16.nozzle_wys/run_0581_g3b_update_off/tp_update.h5,OFF,"x[70,ex]",g,pre:other state ops (pre_state-init-RZ),0.0,
/home/ubuntu/forge-species-tp/case/16.nozzle_wys/run_0581_g3b_update_off/tp_update.h5,OFF,"x[70,ex]",Q2,pre:other state ops (pre_state-init-RZ),0.0,
/home/ubuntu/forge-species-tp/case/16.nozzle_wys/run_0581_g3b_update_off/tp_update.h5,OFF,"x[70,ex]",Q1,pre:other state ops (pre_state-init-RZ),0.0,
/home/ubuntu/forge-species-tp/case/16.nozzle_wys/run_0581_g3b_update_off/tp_update.h5,OFF,"x[70,ex]",Q0,pre:other state ops (pre_state-init-RZ),0.0,
/home/ubuntu/forge-species-tp/case/16.nozzle_wys/run_0581_g3b_update_off/tp_update.h5,OFF,"x[70,ex]",w,pre:boundary overwrite (pre_end-pre_state),0.0,
/home/ubuntu/forge-species-tp/case/16.nozzle_wys/run_0581_g3b_update_off/tp_update.h5,OFF,"x[70,ex]",g,pre:boundary overwrite (pre_end-pre_state),0.0,
/home/ubuntu/forge-species-tp/case/16.nozzle_wys/run_0581_g3b_update_off/tp_update.h5,OFF,"x[70,ex]",Q2,pre:boundary overwrite (pre_end-pre_state),0.0,
/home/ubuntu/forge-species-tp/case/16.nozzle_wys/run_0581_g3b_update_off/tp_update.h5,OFF,"x[70,ex]",Q1,pre:boundary overwrite (pre_end-pre_state),0.0,
/home/ubuntu/forge-species-tp/case/16.nozzle_wys/run_0581_g3b_update_off/tp_update.h5,OFF,"x[70,ex]",Q0,pre:boundary overwrite (pre_end-pre_state),0.0,
/home/ubuntu/forge-species-tp/case/16.nozzle_wys/run_0581_g3b_update_off/tp_update.h5,OFF,"x[70,ex]",w,pre:post-part change (post_end-pre_end),0.0,
/home/ubuntu/forge-species-tp/case/16.nozzle_wys/run_0581_g3b_update_off/tp_update.h5,OFF,"x[70,ex]",g,pre:post-part change (post_end-pre_end),0.0,
/home/ubuntu/forge-species-tp/case/16.nozzle_wys/run_0581_g3b_update_off/tp_update.h5,OFF,"x[70,ex]",Q2,pre:post-part change (post_end-pre_end),0.0,
/home/ubuntu/forge-species-tp/case/16.nozzle_wys/run_0581_g3b_update_off/tp_update.h5,OFF,"x[70,ex]",Q1,pre:post-part change (post_end-pre_end),0.0,
/home/ubuntu/forge-species-tp/case/16.nozzle_wys/run_0581_g3b_update_off/tp_update.h5,OFF,"x[70,ex]",Q0,pre:post-part change (post_end-pre_end),0.0,
/home/ubuntu/forge-species-tp/case/16.nozzle_wys/run_0581_g3b_update_off/tp_update.h5,OFF,x35-70 wd<0.4,w,pre:LHS sum V(pre_end - init),0.0,
/home/ubuntu/forge-species-tp/case/16.nozzle_wys/run_0581_g3b_update_off/tp_update.h5,OFF,x35-70 wd<0.4,g,pre:LHS sum V(pre_end - init),0.0,
/home/ubuntu/forge-species-tp/case/16.nozzle_wys/run_0581_g3b_update_off/tp_update.h5,OFF,x35-70 wd<0.4,Q2,pre:LHS sum V(pre_end - init),0.0,
/home/ubuntu/forge-species-tp/case/16.nozzle_wys/run_0581_g3b_update_off/tp_update.h5,OFF,x35-70 wd<0.4,Q1,pre:LHS sum V(pre_end - init),5.2377964055491997e-48,
/home/ubuntu/forge-species-tp/case/16.nozzle_wys/run_0581_g3b_update_off/tp_update.h5,OFF,x35-70 wd<0.4,Q0,pre:LHS sum V(pre_end - init),0.0,
/home/ubuntu/forge-species-tp/case/16.nozzle_wys/run_0581_g3b_update_off/tp_update.h5,OFF,x35-70 wd<0.4,w,pre:realiz_lower,0.0,
/home/ubuntu/forge-species-tp/case/16.nozzle_wys/run_0581_g3b_update_off/tp_update.h5,OFF,x35-70 wd<0.4,g,pre:realiz_lower,0.0,
/home/ubuntu/forge-species-tp/case/16.nozzle_wys/run_0581_g3b_update_off/tp_update.h5,OFF,x35-70 wd<0.4,Q2,pre:realiz_lower,0.0,
/home/ubuntu/forge-species-tp/case/16.nozzle_wys/run_0581_g3b_update_off/tp_update.h5,OFF,x35-70 wd<0.4,Q1,pre:realiz_lower,0.0,
/home/ubuntu/forge-species-tp/case/16.nozzle_wys/run_0581_g3b_update_off/tp_update.h5,OFF,x35-70 wd<0.4,Q0,pre:realiz_lower,0.0,
/home/ubuntu/forge-species-tp/case/16.nozzle_wys/run_0581_g3b_update_off/tp_update.h5,OFF,x35-70 wd<0.4,w,pre:realiz_upper,0.0,
/home/ubuntu/forge-species-tp/case/16.nozzle_wys/run_0581_g3b_update_off/tp_update.h5,OFF,x35-70 wd<0.4,g,pre:realiz_upper,0.0,
/home/ubuntu/forge-species-tp/case/16.nozzle_wys/run_0581_g3b_update_off/tp_update.h5,OFF,x35-70 wd<0.4,Q2,pre:realiz_upper,0.0,
/home/ubuntu/forge-species-tp/case/16.nozzle_wys/run_0581_g3b_update_off/tp_update.h5,OFF,x35-70 wd<0.4,Q1,pre:realiz_upper,0.0,
/home/ubuntu/forge-species-tp/case/16.nozzle_wys/run_0581_g3b_update_off/tp_update.h5,OFF,x35-70 wd<0.4,Q0,pre:realiz_upper,0.0,
/home/ubuntu/forge-species-tp/case/16.nozzle_wys/run_0581_g3b_update_off/tp_update.h5,OFF,x35-70 wd<0.4,w,pre:projection,0.0,
/home/ubuntu/forge-species-tp/case/16.nozzle_wys/run_0581_g3b_update_off/tp_update.h5,OFF,x35-70 wd<0.4,g,pre:projection,0.0,
/home/ubuntu/forge-species-tp/case/16.nozzle_wys/run_0581_g3b_update_off/tp_update.h5,OFF,x35-70 wd<0.4,Q2,pre:projection,0.0,
/home/ubuntu/forge-species-tp/case/16.nozzle_wys/run_0581_g3b_update_off/tp_update.h5,OFF,x35-70 wd<0.4,Q1,pre:projection,5.2377964055491997e-48,
/home/ubuntu/forge-species-tp/case/16.nozzle_wys/run_0581_g3b_update_off/tp_update.h5,OFF,x35-70 wd<0.4,Q0,pre:projection,0.0,
/home/ubuntu/forge-species-tp/case/16.nozzle_wys/run_0581_g3b_update_off/tp_update.h5,OFF,x35-70 wd<0.4,w,pre:droplet_removal (phys),0.0,
/home/ubuntu/forge-species-tp/case/16.nozzle_wys/run_0581_g3b_update_off/tp_update.h5,OFF,x35-70 wd<0.4,g,pre:droplet_removal (phys),0.0,
/home/ubuntu/forge-species-tp/case/16.nozzle_wys/run_0581_g3b_update_off/tp_update.h5,OFF,x35-70 wd<0.4,Q2,pre:droplet_removal (phys),0.0,
/home/ubuntu/forge-species-tp/case/16.nozzle_wys/run_0581_g3b_update_off/tp_update.h5,OFF,x35-70 wd<0.4,Q1,pre:droplet_removal (phys),0.0,
/home/ubuntu/forge-species-tp/case/16.nozzle_wys/run_0581_g3b_update_off/tp_update.h5,OFF,x35-70 wd<0.4,Q0,pre:droplet_removal (phys),0.0,
/home/ubuntu/forge-species-tp/case/16.nozzle_wys/run_0581_g3b_update_off/tp_update.h5,OFF,x35-70 wd<0.4,w,pre:other state ops (pre_state-init-RZ),0.0,
/home/ubuntu/forge-species-tp/case/16.nozzle_wys/run_0581_g3b_update_off/tp_update.h5,OFF,x35-70 wd<0.4,g,pre:other state ops (pre_state-init-RZ),0.0,
/home/ubuntu/forge-species-tp/case/16.nozzle_wys/run_0581_g3b_update_off/tp_update.h5,OFF,x35-70 wd<0.4,Q2,pre:other state ops (pre_state-init-RZ),0.0,
/home/ubuntu/forge-species-tp/case/16.nozzle_wys/run_0581_g3b_update_off/tp_update.h5,OFF,x35-70 wd<0.4,Q1,pre:other state ops (pre_state-init-RZ),0.0,
/home/ubuntu/forge-species-tp/case/16.nozzle_wys/run_0581_g3b_update_off/tp_update.h5,OFF,x35-70 wd<0.4,Q0,pre:other state ops (pre_state-init-RZ),0.0,
/home/ubuntu/forge-species-tp/case/16.nozzle_wys/run_0581_g3b_update_off/tp_update.h5,OFF,x35-70 wd<0.4,w,pre:boundary overwrite (pre_end-pre_state),0.0,
/home/ubuntu/forge-species-tp/case/16.nozzle_wys/run_0581_g3b_update_off/tp_update.h5,OFF,x35-70 wd<0.4,g,pre:boundary overwrite (pre_end-pre_state),0.0,
/home/ubuntu/forge-species-tp/case/16.nozzle_wys/run_0581_g3b_update_off/tp_update.h5,OFF,x35-70 wd<0.4,Q2,pre:boundary overwrite (pre_end-pre_state),0.0,
/home/ubuntu/forge-species-tp/case/16.nozzle_wys/run_0581_g3b_update_off/tp_update.h5,OFF,x35-70 wd<0.4,Q1,pre:boundary overwrite (pre_end-pre_state),0.0,
/home/ubuntu/forge-species-tp/case/16.nozzle_wys/run_0581_g3b_update_off/tp_update.h5,OFF,x35-70 wd<0.4,Q0,pre:boundary overwrite (pre_end-pre_state),0.0,
/home/ubuntu/forge-species-tp/case/16.nozzle_wys/run_0581_g3b_update_off/tp_update.h5,OFF,x35-70 wd<0.4,w,pre:post-part change (post_end-pre_end),0.0,
/home/ubuntu/forge-species-tp/case/16.nozzle_wys/run_0581_g3b_update_off/tp_update.h5,OFF,x35-70 wd<0.4,g,pre:post-part change (post_end-pre_end),0.0,
/home/ubuntu/forge-species-tp/case/16.nozzle_wys/run_0581_g3b_update_off/tp_update.h5,OFF,x35-70 wd<0.4,Q2,pre:post-part change (post_end-pre_end),0.0,
/home/ubuntu/forge-species-tp/case/16.nozzle_wys/run_0581_g3b_update_off/tp_update.h5,OFF,x35-70 wd<0.4,Q1,pre:post-part change (post_end-pre_end),0.0,
/home/ubuntu/forge-species-tp/case/16.nozzle_wys/run_0581_g3b_update_off/tp_update.h5,OFF,x35-70 wd<0.4,Q0,pre:post-part change (post_end-pre_end),0.0,
/home/ubuntu/forge-species-tp/case/16.nozzle_wys/run_0581_g3b_update_off/tp_update.h5,OFF,x35-70 wd>=0.4,w,pre:LHS sum V(pre_end - init),0.0,
/home/ubuntu/forge-species-tp/case/16.nozzle_wys/run_0581_g3b_update_off/tp_update.h5,OFF,x35-70 wd>=0.4,g,pre:LHS sum V(pre_end - init),0.0,
/home/ubuntu/forge-species-tp/case/16.nozzle_wys/run_0581_g3b_update_off/tp_update.h5,OFF,x35-70 wd>=0.4,Q2,pre:LHS sum V(pre_end - init),0.0,
/home/ubuntu/forge-species-tp/case/16.nozzle_wys/run_0581_g3b_update_off/tp_update.h5,OFF,x35-70 wd>=0.4,Q1,pre:LHS sum V(pre_end - init),0.0,
/home/ubuntu/forge-species-tp/case/16.nozzle_wys/run_0581_g3b_update_off/tp_update.h5,OFF,x35-70 wd>=0.4,Q0,pre:LHS sum V(pre_end - init),0.0,
/home/ubuntu/forge-species-tp/case/16.nozzle_wys/run_0581_g3b_update_off/tp_update.h5,OFF,x35-70 wd>=0.4,w,pre:realiz_lower,0.0,
/home/ubuntu/forge-species-tp/case/16.nozzle_wys/run_0581_g3b_update_off/tp_update.h5,OFF,x35-70 wd>=0.4,g,pre:realiz_lower,0.0,
/home/ubuntu/forge-species-tp/case/16.nozzle_wys/run_0581_g3b_update_off/tp_update.h5,OFF,x35-70 wd>=0.4,Q2,pre:realiz_lower,0.0,
/home/ubuntu/forge-species-tp/case/16.nozzle_wys/run_0581_g3b_update_off/tp_update.h5,OFF,x35-70 wd>=0.4,Q1,pre:realiz_lower,0.0,
/home/ubuntu/forge-species-tp/case/16.nozzle_wys/run_0581_g3b_update_off/tp_update.h5,OFF,x35-70 wd>=0.4,Q0,pre:realiz_lower,0.0,
/home/ubuntu/forge-species-tp/case/16.nozzle_wys/run_0581_g3b_update_off/tp_update.h5,OFF,x35-70 wd>=0.4,w,pre:realiz_upper,0.0,
/home/ubuntu/forge-species-tp/case/16.nozzle_wys/run_0581_g3b_update_off/tp_update.h5,OFF,x35-70 wd>=0.4,g,pre:realiz_upper,0.0,
/home/ubuntu/forge-species-tp/case/16.nozzle_wys/run_0581_g3b_update_off/tp_update.h5,OFF,x35-70 wd>=0.4,Q2,pre:realiz_upper,0.0,
/home/ubuntu/forge-species-tp/case/16.nozzle_wys/run_0581_g3b_update_off/tp_update.h5,OFF,x35-70 wd>=0.4,Q1,pre:realiz_upper,0.0,
/home/ubuntu/forge-species-tp/case/16.nozzle_wys/run_0581_g3b_update_off/tp_update.h5,OFF,x35-70 wd>=0.4,Q0,pre:realiz_upper,0.0,
/home/ubuntu/forge-species-tp/case/16.nozzle_wys/run_0581_g3b_update_off/tp_update.h5,OFF,x35-70 wd>=0.4,w,pre:projection,0.0,
/home/ubuntu/forge-species-tp/case/16.nozzle_wys/run_0581_g3b_update_off/tp_update.h5,OFF,x35-70 wd>=0.4,g,pre:projection,0.0,
/home/ubuntu/forge-species-tp/case/16.nozzle_wys/run_0581_g3b_update_off/tp_update.h5,OFF,x35-70 wd>=0.4,Q2,pre:projection,0.0,
/home/ubuntu/forge-species-tp/case/16.nozzle_wys/run_0581_g3b_update_off/tp_update.h5,OFF,x35-70 wd>=0.4,Q1,pre:projection,0.0,
/home/ubuntu/forge-species-tp/case/16.nozzle_wys/run_0581_g3b_update_off/tp_update.h5,OFF,x35-70 wd>=0.4,Q0,pre:projection,0.0,
/home/ubuntu/forge-species-tp/case/16.nozzle_wys/run_0581_g3b_update_off/tp_update.h5,OFF,x35-70 wd>=0.4,w,pre:droplet_removal (phys),0.0,
/home/ubuntu/forge-species-tp/case/16.nozzle_wys/run_0581_g3b_update_off/tp_update.h5,OFF,x35-70 wd>=0.4,g,pre:droplet_removal (phys),0.0,
/home/ubuntu/forge-species-tp/case/16.nozzle_wys/run_0581_g3b_update_off/tp_update.h5,OFF,x35-70 wd>=0.4,Q2,pre:droplet_removal (phys),0.0,
/home/ubuntu/forge-species-tp/case/16.nozzle_wys/run_0581_g3b_update_off/tp_update.h5,OFF,x35-70 wd>=0.4,Q1,pre:droplet_removal (phys),0.0,
/home/ubuntu/forge-species-tp/case/16.nozzle_wys/run_0581_g3b_update_off/tp_update.h5,OFF,x35-70 wd>=0.4,Q0,pre:droplet_removal (phys),0.0,
/home/ubuntu/forge-species-tp/case/16.nozzle_wys/run_0581_g3b_update_off/tp_update.h5,OFF,x35-70 wd>=0.4,w,pre:other state ops (pre_state-init-RZ),0.0,
/home/ubuntu/forge-species-tp/case/16.nozzle_wys/run_0581_g3b_update_off/tp_update.h5,OFF,x35-70 wd>=0.4,g,pre:other state ops (pre_state-init-RZ),0.0,
/home/ubuntu/forge-species-tp/case/16.nozzle_wys/run_0581_g3b_update_off/tp_update.h5,OFF,x35-70 wd>=0.4,Q2,pre:other state ops (pre_state-init-RZ),0.0,
/home/ubuntu/forge-species-tp/case/16.nozzle_wys/run_0581_g3b_update_off/tp_update.h5,OFF,x35-70 wd>=0.4,Q1,pre:other state ops (pre_state-init-RZ),0.0,
/home/ubuntu/forge-species-tp/case/16.nozzle_wys/run_0581_g3b_update_off/tp_update.h5,OFF,x35-70 wd>=0.4,Q0,pre:other state ops (pre_state-init-RZ),0.0,
/home/ubuntu/forge-species-tp/case/16.nozzle_wys/run_0581_g3b_update_off/tp_update.h5,OFF,x35-70 wd>=0.4,w,pre:boundary overwrite (pre_end-pre_state),0.0,
/home/ubuntu/forge-species-tp/case/16.nozzle_wys/run_0581_g3b_update_off/tp_update.h5,OFF,x35-70 wd>=0.4,g,pre:boundary overwrite (pre_end-pre_state),0.0,
/home/ubuntu/forge-species-tp/case/16.nozzle_wys/run_0581_g3b_update_off/tp_update.h5,OFF,x35-70 wd>=0.4,Q2,pre:boundary overwrite (pre_end-pre_state),0.0,
/home/ubuntu/forge-species-tp/case/16.nozzle_wys/run_0581_g3b_update_off/tp_update.h5,OFF,x35-70 wd>=0.4,Q1,pre:boundary overwrite (pre_end-pre_state),0.0,
/home/ubuntu/forge-species-tp/case/16.nozzle_wys/run_0581_g3b_update_off/tp_update.h5,OFF,x35-70 wd>=0.4,Q0,pre:boundary overwrite (pre_end-pre_state),0.0,
/home/ubuntu/forge-species-tp/case/16.nozzle_wys/run_0581_g3b_update_off/tp_update.h5,OFF,x35-70 wd>=0.4,w,pre:post-part change (post_end-pre_end),0.0,
/home/ubuntu/forge-species-tp/case/16.nozzle_wys/run_0581_g3b_update_off/tp_update.h5,OFF,x35-70 wd>=0.4,g,pre:post-part change (post_end-pre_end),0.0,
/home/ubuntu/forge-species-tp/case/16.nozzle_wys/run_0581_g3b_update_off/tp_update.h5,OFF,x35-70 wd>=0.4,Q2,pre:post-part change (post_end-pre_end),0.0,
/home/ubuntu/forge-species-tp/case/16.nozzle_wys/run_0581_g3b_update_off/tp_update.h5,OFF,x35-70 wd>=0.4,Q1,pre:post-part change (post_end-pre_end),0.0,
/home/ubuntu/forge-species-tp/case/16.nozzle_wys/run_0581_g3b_update_off/tp_update.h5,OFF,x35-70 wd>=0.4,Q0,pre:post-part change (post_end-pre_end),0.0,
/home/ubuntu/forge-species-tp/case/16.nozzle_wys/run_0581_g3b_update_off/tp_update.h5,OFF,pinned (ref),w,pre:LHS sum V(pre_end - init),0.0,
/home/ubuntu/forge-species-tp/case/16.nozzle_wys/run_0581_g3b_update_off/tp_update.h5,OFF,pinned (ref),g,pre:LHS sum V(pre_end - init),0.0,
/home/ubuntu/forge-species-tp/case/16.nozzle_wys/run_0581_g3b_update_off/tp_update.h5,OFF,pinned (ref),Q2,pre:LHS sum V(pre_end - init),0.0,
/home/ubuntu/forge-species-tp/case/16.nozzle_wys/run_0581_g3b_update_off/tp_update.h5,OFF,pinned (ref),Q1,pre:LHS sum V(pre_end - init),0.0,
/home/ubuntu/forge-species-tp/case/16.nozzle_wys/run_0581_g3b_update_off/tp_update.h5,OFF,pinned (ref),Q0,pre:LHS sum V(pre_end - init),0.0,
/home/ubuntu/forge-species-tp/case/16.nozzle_wys/run_0581_g3b_update_off/tp_update.h5,OFF,pinned (ref),w,pre:realiz_lower,0.0,
/home/ubuntu/forge-species-tp/case/16.nozzle_wys/run_0581_g3b_update_off/tp_update.h5,OFF,pinned (ref),g,pre:realiz_lower,0.0,
/home/ubuntu/forge-species-tp/case/16.nozzle_wys/run_0581_g3b_update_off/tp_update.h5,OFF,pinned (ref),Q2,pre:realiz_lower,0.0,
/home/ubuntu/forge-species-tp/case/16.nozzle_wys/run_0581_g3b_update_off/tp_update.h5,OFF,pinned (ref),Q1,pre:realiz_lower,0.0,
/home/ubuntu/forge-species-tp/case/16.nozzle_wys/run_0581_g3b_update_off/tp_update.h5,OFF,pinned (ref),Q0,pre:realiz_lower,0.0,
/home/ubuntu/forge-species-tp/case/16.nozzle_wys/run_0581_g3b_update_off/tp_update.h5,OFF,pinned (ref),w,pre:realiz_upper,0.0,
/home/ubuntu/forge-species-tp/case/16.nozzle_wys/run_0581_g3b_update_off/tp_update.h5,OFF,pinned (ref),g,pre:realiz_upper,0.0,
/home/ubuntu/forge-species-tp/case/16.nozzle_wys/run_0581_g3b_update_off/tp_update.h5,OFF,pinned (ref),Q2,pre:realiz_upper,0.0,
/home/ubuntu/forge-species-tp/case/16.nozzle_wys/run_0581_g3b_update_off/tp_update.h5,OFF,pinned (ref),Q1,pre:realiz_upper,0.0,
/home/ubuntu/forge-species-tp/case/16.nozzle_wys/run_0581_g3b_update_off/tp_update.h5,OFF,pinned (ref),Q0,pre:realiz_upper,0.0,
/home/ubuntu/forge-species-tp/case/16.nozzle_wys/run_0581_g3b_update_off/tp_update.h5,OFF,pinned (ref),w,pre:projection,0.0,
/home/ubuntu/forge-species-tp/case/16.nozzle_wys/run_0581_g3b_update_off/tp_update.h5,OFF,pinned (ref),g,pre:projection,0.0,
/home/ubuntu/forge-species-tp/case/16.nozzle_wys/run_0581_g3b_update_off/tp_update.h5,OFF,pinned (ref),Q2,pre:projection,0.0,
/home/ubuntu/forge-species-tp/case/16.nozzle_wys/run_0581_g3b_update_off/tp_update.h5,OFF,pinned (ref),Q1,pre:projection,0.0,
/home/ubuntu/forge-species-tp/case/16.nozzle_wys/run_0581_g3b_update_off/tp_update.h5,OFF,pinned (ref),Q0,pre:projection,0.0,
/home/ubuntu/forge-species-tp/case/16.nozzle_wys/run_0581_g3b_update_off/tp_update.h5,OFF,pinned (ref),w,pre:droplet_removal (phys),0.0,
/home/ubuntu/forge-species-tp/case/16.nozzle_wys/run_0581_g3b_update_off/tp_update.h5,OFF,pinned (ref),g,pre:droplet_removal (phys),0.0,
/home/ubuntu/forge-species-tp/case/16.nozzle_wys/run_0581_g3b_update_off/tp_update.h5,OFF,pinned (ref),Q2,pre:droplet_removal (phys),0.0,
/home/ubuntu/forge-species-tp/case/16.nozzle_wys/run_0581_g3b_update_off/tp_update.h5,OFF,pinned (ref),Q1,pre:droplet_removal (phys),0.0,
/home/ubuntu/forge-species-tp/case/16.nozzle_wys/run_0581_g3b_update_off/tp_update.h5,OFF,pinned (ref),Q0,pre:droplet_removal (phys),0.0,
/home/ubuntu/forge-species-tp/case/16.nozzle_wys/run_0581_g3b_update_off/tp_update.h5,OFF,pinned (ref),w,pre:other state ops (pre_state-init-RZ),0.0,
/home/ubuntu/forge-species-tp/case/16.nozzle_wys/run_0581_g3b_update_off/tp_update.h5,OFF,pinned (ref),g,pre:other state ops (pre_state-init-RZ),0.0,
/home/ubuntu/forge-species-tp/case/16.nozzle_wys/run_0581_g3b_update_off/tp_update.h5,OFF,pinned (ref),Q2,pre:other state ops (pre_state-init-RZ),0.0,
/home/ubuntu/forge-species-tp/case/16.nozzle_wys/run_0581_g3b_update_off/tp_update.h5,OFF,pinned (ref),Q1,pre:other state ops (pre_state-init-RZ),0.0,
/home/ubuntu/forge-species-tp/case/16.nozzle_wys/run_0581_g3b_update_off/tp_update.h5,OFF,pinned (ref),Q0,pre:other state ops (pre_state-init-RZ),0.0,
/home/ubuntu/forge-species-tp/case/16.nozzle_wys/run_0581_g3b_update_off/tp_update.h5,OFF,pinned (ref),w,pre:boundary overwrite (pre_end-pre_state),0.0,
/home/ubuntu/forge-species-tp/case/16.nozzle_wys/run_0581_g3b_update_off/tp_update.h5,OFF,pinned (ref),g,pre:boundary overwrite (pre_end-pre_state),0.0,
/home/ubuntu/forge-species-tp/case/16.nozzle_wys/run_0581_g3b_update_off/tp_update.h5,OFF,pinned (ref),Q2,pre:boundary overwrite (pre_end-pre_state),0.0,
/home/ubuntu/forge-species-tp/case/16.nozzle_wys/run_0581_g3b_update_off/tp_update.h5,OFF,pinned (ref),Q1,pre:boundary overwrite (pre_end-pre_state),0.0,
/home/ubuntu/forge-species-tp/case/16.nozzle_wys/run_0581_g3b_update_off/tp_update.h5,OFF,pinned (ref),Q0,pre:boundary overwrite (pre_end-pre_state),0.0,
/home/ubuntu/forge-species-tp/case/16.nozzle_wys/run_0581_g3b_update_off/tp_update.h5,OFF,pinned (ref),w,pre:post-part change (post_end-pre_end),0.0,
/home/ubuntu/forge-species-tp/case/16.nozzle_wys/run_0581_g3b_update_off/tp_update.h5,OFF,pinned (ref),g,pre:post-part change (post_end-pre_end),0.0,
/home/ubuntu/forge-species-tp/case/16.nozzle_wys/run_0581_g3b_update_off/tp_update.h5,OFF,pinned (ref),Q2,pre:post-part change (post_end-pre_end),0.0,
/home/ubuntu/forge-species-tp/case/16.nozzle_wys/run_0581_g3b_update_off/tp_update.h5,OFF,pinned (ref),Q1,pre:post-part change (post_end-pre_end),0.0,
/home/ubuntu/forge-species-tp/case/16.nozzle_wys/run_0581_g3b_update_off/tp_update.h5,OFF,pinned (ref),Q0,pre:post-part change (post_end-pre_end),0.0,
/home/ubuntu/forge-species-tp/case/16.nozzle_wys/run_0581_g3b_update_off/tp_update.h5,OFF,all,w,delta_limited,5.986419464319788e-15,1.1141741709015588e-12
/home/ubuntu/forge-species-tp/case/16.nozzle_wys/run_0581_g3b_update_off/tp_update.h5,OFF,all,g,delta_limited,-7.251256284248302e-16,3.264550037509243e-13
/home/ubuntu/forge-species-tp/case/16.nozzle_wys/run_0581_g3b_update_off/tp_update.h5,OFF,all,Q2,delta_limited,1.685785078839708e-11,4.897766428739133e-09
/home/ubuntu/forge-species-tp/case/16.nozzle_wys/run_0581_g3b_update_off/tp_update.h5,OFF,all,Q1,delta_limited,-0.004575722210869588,0.354113077773095
/home/ubuntu/forge-species-tp/case/16.nozzle_wys/run_0581_g3b_update_off/tp_update.h5,OFF,all,Q0,delta_limited,866443.2130186353,45815906.3090368
/home/ubuntu/forge-species-tp/case/16.nozzle_wys/run_0581_g3b_update_off/tp_update.h5,OFF,all,v,delta_limited,6.711545092744625e-15,1.05351742404617e-12
/home/ubuntu/forge-species-tp/case/16.nozzle_wys/run_0581_g3b_update_off/tp_update.h5,OFF,all,w,C_round,-6.254420892980421e-16,1.6180920781356532e-13
/home/ubuntu/forge-species-tp/case/16.nozzle_wys/run_0581_g3b_update_off/tp_update.h5,OFF,all,g,C_round,6.150866294776478e-16,2.275748322676758e-14
/home/ubuntu/forge-species-tp/case/16.nozzle_wys/run_0581_g3b_update_off/tp_update.h5,OFF,all,Q2,C_round,7.053037121368344e-12,3.2818282923635414e-10
/home/ubuntu/forge-species-tp/case/16.nozzle_wys/run_0581_g3b_update_off/tp_update.h5,OFF,all,Q1,C_round,6.673766985141258e-07,0.019667955363072982
/home/ubuntu/forge-species-tp/case/16.nozzle_wys/run_0581_g3b_update_off/tp_update.h5,OFF,all,Q0,C_round,-59706.43069434509,1426101.088940721
/home/ubuntu/forge-species-tp/case/16.nozzle_wys/run_0581_g3b_update_off/tp_update.h5,OFF,all,v,C_round,-1.24052871877569e-15,1.6894012053443901e-13
/home/ubuntu/forge-species-tp/case/16.nozzle_wys/run_0581_g3b_update_off/tp_update.h5,OFF,all,w,C_floor (commit),0.0,0.0
/home/ubuntu/forge-species-tp/case/16.nozzle_wys/run_0581_g3b_update_off/tp_update.h5,OFF,all,g,C_floor (commit),7.590450279236705e-44,7.590450279236705e-44
/home/ubuntu/forge-species-tp/case/16.nozzle_wys/run_0581_g3b_update_off/tp_update.h5,OFF,all,Q2,C_floor (commit),3.978344676048235e-40,3.978344676048235e-40
/home/ubuntu/forge-species-tp/case/16.nozzle_wys/run_0581_g3b_update_off/tp_update.h5,OFF,all,Q1,C_floor (commit),7.464060436910441e-33,7.464060436910441e-33
/home/ubuntu/forge-species-tp/case/16.nozzle_wys/run_0581_g3b_update_off/tp_update.h5,OFF,all,Q0,C_floor (commit),3.2568096563244685e-28,3.2568096563244685e-28
/home/ubuntu/forge-species-tp/case/16.nozzle_wys/run_0581_g3b_update_off/tp_update.h5,OFF,all,v,C_floor (commit),-7.590450279236705e-44,7.590450279236705e-44
/home/ubuntu/forge-species-tp/case/16.nozzle_wys/run_0581_g3b_update_off/tp_update.h5,OFF,all,w,C_renorm_scale,8.827698436721093e-15,8.628334458413671e-13
/home/ubuntu/forge-species-tp/case/16.nozzle_wys/run_0581_g3b_update_off/tp_update.h5,OFF,all,g,C_renorm_scale,0.0,0.0
/home/ubuntu/forge-species-tp/case/16.nozzle_wys/run_0581_g3b_update_off/tp_update.h5,OFF,all,Q2,C_renorm_scale,0.0,0.0
/home/ubuntu/forge-species-tp/case/16.nozzle_wys/run_0581_g3b_update_off/tp_update.h5,OFF,all,Q1,C_renorm_scale,0.0,0.0
/home/ubuntu/forge-species-tp/case/16.nozzle_wys/run_0581_g3b_update_off/tp_update.h5,OFF,all,Q0,C_renorm_scale,0.0,0.0
/home/ubuntu/forge-species-tp/case/16.nozzle_wys/run_0581_g3b_update_off/tp_update.h5,OFF,all,v,C_renorm_scale,8.827698436721093e-15,8.628334458413671e-13
/home/ubuntu/forge-species-tp/case/16.nozzle_wys/run_0581_g3b_update_off/tp_update.h5,OFF,all,w,C_add_rho_term,0.0,0.0
/home/ubuntu/forge-species-tp/case/16.nozzle_wys/run_0581_g3b_update_off/tp_update.h5,OFF,all,g,C_add_rho_term,-1.315637145288265e-15,1.5115461718718237e-13
/home/ubuntu/forge-species-tp/case/16.nozzle_wys/run_0581_g3b_update_off/tp_update.h5,OFF,all,Q2,C_add_rho_term,-1.5535198971051903e-11,2.1601830436549813e-09
/home/ubuntu/forge-species-tp/case/16.nozzle_wys/run_0581_g3b_update_off/tp_update.h5,OFF,all,Q1,C_add_rho_term,-0.0009661244552344625,0.13367872172190187
/home/ubuntu/forge-species-tp/case/16.nozzle_wys/run_0581_g3b_update_off/tp_update.h5,OFF,all,Q0,C_add_rho_term,-72307.7589711858,9123416.143236231
/home/ubuntu/forge-species-tp/case/16.nozzle_wys/run_0581_g3b_update_off/tp_update.h5,OFF,all,v,C_add_rho_term,1.315637145288265e-15,1.5115461718718237e-13
/home/ubuntu/forge-species-tp/case/16.nozzle_wys/run_0581_g3b_update_off/tp_update.h5,OFF,all,w,C_projection,0.0,0.0
/home/ubuntu/forge-species-tp/case/16.nozzle_wys/run_0581_g3b_update_off/tp_update.h5,OFF,all,g,C_projection,0.0,0.0
/home/ubuntu/forge-species-tp/case/16.nozzle_wys/run_0581_g3b_update_off/tp_update.h5,OFF,all,Q2,C_projection,-4.217022273192596e-40,1.0302860973105777e-39
/home/ubuntu/forge-species-tp/case/16.nozzle_wys/run_0581_g3b_update_off/tp_update.h5,OFF,all,Q1,C_projection,-2.217453694186236e-32,4.999400112961269e-32
/home/ubuntu/forge-species-tp/case/16.nozzle_wys/run_0581_g3b_update_off/tp_update.h5,OFF,all,Q0,C_projection,0.0,0.0
/home/ubuntu/forge-species-tp/case/16.nozzle_wys/run_0581_g3b_update_off/tp_update.h5,OFF,all,v,C_projection,0.0,0.0
/home/ubuntu/forge-species-tp/case/16.nozzle_wys/run_0581_g3b_update_off/tp_update.h5,OFF,all,w,C_droplet_removal (physical),0.0,0.0
/home/ubuntu/forge-species-tp/case/16.nozzle_wys/run_0581_g3b_update_off/tp_update.h5,OFF,all,g,C_droplet_removal (physical),0.0,0.0
/home/ubuntu/forge-species-tp/case/16.nozzle_wys/run_0581_g3b_update_off/tp_update.h5,OFF,all,Q2,C_droplet_removal (physical),-8.993146769102109e-49,8.993146769102109e-49
/home/ubuntu/forge-species-tp/case/16.nozzle_wys/run_0581_g3b_update_off/tp_update.h5,OFF,all,Q1,C_droplet_removal (physical),-9.65335055191861e-42,9.65335055191861e-42
/home/ubuntu/forge-species-tp/case/16.nozzle_wys/run_0581_g3b_update_off/tp_update.h5,OFF,all,Q0,C_droplet_removal (physical),-2.4251372581783546e-34,2.4251372581783546e-34
/home/ubuntu/forge-species-tp/case/16.nozzle_wys/run_0581_g3b_update_off/tp_update.h5,OFF,all,v,C_droplet_removal (physical),0.0,0.0
/home/ubuntu/forge-species-tp/case/16.nozzle_wys/run_0581_g3b_update_off/tp_update.h5,OFF,all,w,B_boundary_overwrite,0.0,0.0
/home/ubuntu/forge-species-tp/case/16.nozzle_wys/run_0581_g3b_update_off/tp_update.h5,OFF,all,g,B_boundary_overwrite,0.0,0.0
/home/ubuntu/forge-species-tp/case/16.nozzle_wys/run_0581_g3b_update_off/tp_update.h5,OFF,all,Q2,B_boundary_overwrite,0.0,0.0
/home/ubuntu/forge-species-tp/case/16.nozzle_wys/run_0581_g3b_update_off/tp_update.h5,OFF,all,Q1,B_boundary_overwrite,0.0,0.0
/home/ubuntu/forge-species-tp/case/16.nozzle_wys/run_0581_g3b_update_off/tp_update.h5,OFF,all,Q0,B_boundary_overwrite,0.0,0.0
/home/ubuntu/forge-species-tp/case/16.nozzle_wys/run_0581_g3b_update_off/tp_update.h5,OFF,all,v,B_boundary_overwrite,0.0,0.0
/home/ubuntu/forge-species-tp/case/16.nozzle_wys/run_0581_g3b_update_off/tp_update.h5,OFF,all,w,LHS,1.4188675811927456e-14,
/home/ubuntu/forge-species-tp/case/16.nozzle_wys/run_0581_g3b_update_off/tp_update.h5,OFF,all,w,E_bookkeeping,1.846171176488734e-25,
/home/ubuntu/forge-species-tp/case/16.nozzle_wys/run_0581_g3b_update_off/tp_update.h5,OFF,all,w,A_unclosed,-6.254420891134258e-16,
/home/ubuntu/forge-species-tp/case/16.nozzle_wys/run_0581_g3b_update_off/tp_update.h5,OFF,all,w,B_unclosed,1.8461623018035502e-25,
/home/ubuntu/forge-species-tp/case/16.nozzle_wys/run_0581_g3b_update_off/tp_update.h5,OFF,all,g,LHS,-1.4256761441129273e-15,
/home/ubuntu/forge-species-tp/case/16.nozzle_wys/run_0581_g3b_update_off/tp_update.h5,OFF,all,g,E_bookkeeping,1.225201565573647e-25,
/home/ubuntu/forge-species-tp/case/16.nozzle_wys/run_0581_g3b_update_off/tp_update.h5,OFF,all,g,A_unclosed,6.150866296001679e-16,
/home/ubuntu/forge-species-tp/case/16.nozzle_wys/run_0581_g3b_update_off/tp_update.h5,OFF,all,g,B_unclosed,1.225201565573647e-25,
/home/ubuntu/forge-species-tp/case/16.nozzle_wys/run_0581_g3b_update_off/tp_update.h5,OFF,all,Q2,LHS,8.375688939122467e-12,
/home/ubuntu/forge-species-tp/case/16.nozzle_wys/run_0581_g3b_update_off/tp_update.h5,OFF,all,Q2,E_bookkeeping,4.089471088537064e-22,
/home/ubuntu/forge-species-tp/case/16.nozzle_wys/run_0581_g3b_update_off/tp_update.h5,OFF,all,Q2,A_unclosed,7.05303712177729e-12,
/home/ubuntu/forge-species-tp/case/16.nozzle_wys/run_0581_g3b_update_off/tp_update.h5,OFF,all,Q2,B_unclosed,4.0894630106013947e-22,
/home/ubuntu/forge-species-tp/case/16.nozzle_wys/run_0581_g3b_update_off/tp_update.h5,OFF,all,Q1,LHS,-0.0055411792894361715,
/home/ubuntu/forge-species-tp/case/16.nozzle_wys/run_0581_g3b_update_off/tp_update.h5,OFF,all,Q1,E_bookkeeping,-3.0634349224012425e-14,
/home/ubuntu/forge-species-tp/case/16.nozzle_wys/run_0581_g3b_update_off/tp_update.h5,OFF,all,Q1,A_unclosed,6.673766678792726e-07,
/home/ubuntu/forge-species-tp/case/16.nozzle_wys/run_0581_g3b_update_off/tp_update.h5,OFF,all,Q1,B_unclosed,-3.063485320861604e-14,
/home/ubuntu/forge-species-tp/case/16.nozzle_wys/run_0581_g3b_update_off/tp_update.h5,OFF,all,Q0,LHS,734429.0233518168,
/home/ubuntu/forge-species-tp/case/16.nozzle_wys/run_0581_g3b_update_off/tp_update.h5,OFF,all,Q0,E_bookkeeping,-1.287669874727726e-06,
/home/ubuntu/forge-species-tp/case/16.nozzle_wys/run_0581_g3b_update_off/tp_update.h5,OFF,all,Q0,A_unclosed,-59706.430695632676,
/home/ubuntu/forge-species-tp/case/16.nozzle_wys/run_0581_g3b_update_off/tp_update.h5,OFF,all,Q0,B_unclosed,-1.28758983919397e-06,
/home/ubuntu/forge-species-tp/case/16.nozzle_wys/run_0581_g3b_update_off/tp_update.h5,OFF,all,v,LHS,1.561435195604038e-14,
/home/ubuntu/forge-species-tp/case/16.nozzle_wys/run_0581_g3b_update_off/tp_update.h5,OFF,all,v,E_bookkeeping,6.208650868451451e-26,
/home/ubuntu/forge-species-tp/case/16.nozzle_wys/run_0581_g3b_update_off/tp_update.h5,OFF,all,v,A_unclosed,-1.2405287187136036e-15,
/home/ubuntu/forge-species-tp/case/16.nozzle_wys/run_0581_g3b_update_off/tp_update.h5,OFF,all,v,B_unclosed,6.208631146928821e-26,
/home/ubuntu/forge-species-tp/case/16.nozzle_wys/run_0581_g3b_update_off/tp_update.h5,OFF,"x[in,17)",w,delta_limited,8.717304274939463e-15,8.482353812920262e-13
/home/ubuntu/forge-species-tp/case/16.nozzle_wys/run_0581_g3b_update_off/tp_update.h5,OFF,"x[in,17)",g,delta_limited,-2.8441041690722516e-16,5.44150861170754e-16
/home/ubuntu/forge-species-tp/case/16.nozzle_wys/run_0581_g3b_update_off/tp_update.h5,OFF,"x[in,17)",Q2,delta_limited,-2.612951227536221e-11,3.939883989605409e-11
/home/ubuntu/forge-species-tp/case/16.nozzle_wys/run_0581_g3b_update_off/tp_update.h5,OFF,"x[in,17)",Q1,delta_limited,-0.009917595886474074,0.019661380371606082
/home/ubuntu/forge-species-tp/case/16.nozzle_wys/run_0581_g3b_update_off/tp_update.h5,OFF,"x[in,17)",Q0,delta_limited,-85468.59058871769,17491564.603636805
/home/ubuntu/forge-species-tp/case/16.nozzle_wys/run_0581_g3b_update_off/tp_update.h5,OFF,"x[in,17)",v,delta_limited,9.001714691846689e-15,8.48179135274129e-13
/home/ubuntu/forge-species-tp/case/16.nozzle_wys/run_0581_g3b_update_off/tp_update.h5,OFF,"x[in,17)",w,C_round,-7.137094864110238e-16,1.3197438660329222e-13
/home/ubuntu/forge-species-tp/case/16.nozzle_wys/run_0581_g3b_update_off/tp_update.h5,OFF,"x[in,17)",g,C_round,3.7621399226636383e-20,4.560708170373291e-18
/home/ubuntu/forge-species-tp/case/16.nozzle_wys/run_0581_g3b_update_off/tp_update.h5,OFF,"x[in,17)",Q2,C_round,2.2701791986857115e-15,1.7244761972214586e-13
/home/ubuntu/forge-species-tp/case/16.nozzle_wys/run_0581_g3b_update_off/tp_update.h5,OFF,"x[in,17)",Q1,C_round,5.270006773565771e-07,3.492971949598802e-05
/home/ubuntu/forge-species-tp/case/16.nozzle_wys/run_0581_g3b_update_off/tp_update.h5,OFF,"x[in,17)",Q0,C_round,-70.3956513533079,13507.870945306626
/home/ubuntu/forge-species-tp/case/16.nozzle_wys/run_0581_g3b_update_off/tp_update.h5,OFF,"x[in,17)",v,C_round,-7.137471078102504e-16,1.3197401605859636e-13
/home/ubuntu/forge-species-tp/case/16.nozzle_wys/run_0581_g3b_update_off/tp_update.h5,OFF,"x[in,17)",w,C_floor (commit),0.0,0.0
/home/ubuntu/forge-species-tp/case/16.nozzle_wys/run_0581_g3b_update_off/tp_update.h5,OFF,"x[in,17)",g,C_floor (commit),0.0,0.0
/home/ubuntu/forge-species-tp/case/16.nozzle_wys/run_0581_g3b_update_off/tp_update.h5,OFF,"x[in,17)",Q2,C_floor (commit),2.36079099576156e-44,2.36079099576156e-44
/home/ubuntu/forge-species-tp/case/16.nozzle_wys/run_0581_g3b_update_off/tp_update.h5,OFF,"x[in,17)",Q1,C_floor (commit),3.232937001934866e-39,3.232937001934866e-39
/home/ubuntu/forge-species-tp/case/16.nozzle_wys/run_0581_g3b_update_off/tp_update.h5,OFF,"x[in,17)",Q0,C_floor (commit),7.602526032337928e-31,7.602526032337928e-31
/home/ubuntu/forge-species-tp/case/16.nozzle_wys/run_0581_g3b_update_off/tp_update.h5,OFF,"x[in,17)",v,C_floor (commit),0.0,0.0
/home/ubuntu/forge-species-tp/case/16.nozzle_wys/run_0581_g3b_update_off/tp_update.h5,OFF,"x[in,17)",w,C_renorm_scale,7.837386291737321e-15,7.1396482143628e-13
/home/ubuntu/forge-species-tp/case/16.nozzle_wys/run_0581_g3b_update_off/tp_update.h5,OFF,"x[in,17)",g,C_renorm_scale,0.0,0.0
/home/ubuntu/forge-species-tp/case/16.nozzle_wys/run_0581_g3b_update_off/tp_update.h5,OFF,"x[in,17)",Q2,C_renorm_scale,0.0,0.0
/home/ubuntu/forge-species-tp/case/16.nozzle_wys/run_0581_g3b_update_off/tp_update.h5,OFF,"x[in,17)",Q1,C_renorm_scale,0.0,0.0
/home/ubuntu/forge-species-tp/case/16.nozzle_wys/run_0581_g3b_update_off/tp_update.h5,OFF,"x[in,17)",Q0,C_renorm_scale,0.0,0.0
/home/ubuntu/forge-species-tp/case/16.nozzle_wys/run_0581_g3b_update_off/tp_update.h5,OFF,"x[in,17)",v,C_renorm_scale,7.837386291737321e-15,7.1396482143628e-13
/home/ubuntu/forge-species-tp/case/16.nozzle_wys/run_0581_g3b_update_off/tp_update.h5,OFF,"x[in,17)",w,C_add_rho_term,0.0,0.0
/home/ubuntu/forge-species-tp/case/16.nozzle_wys/run_0581_g3b_update_off/tp_update.h5,OFF,"x[in,17)",g,C_add_rho_term,3.2969711306636955e-19,1.247535300485463e-17
/home/ubuntu/forge-species-tp/case/16.nozzle_wys/run_0581_g3b_update_off/tp_update.h5,OFF,"x[in,17)",Q2,C_add_rho_term,2.4423659512228555e-14,4.860108991330593e-13
/home/ubuntu/forge-species-tp/case/16.nozzle_wys/run_0581_g3b_update_off/tp_update.h5,OFF,"x[in,17)",Q1,C_add_rho_term,2.99899023178209e-06,0.00010281550091441785
/home/ubuntu/forge-species-tp/case/16.nozzle_wys/run_0581_g3b_update_off/tp_update.h5,OFF,"x[in,17)",Q0,C_add_rho_term,1578.2528708507912,37013.03070936817
/home/ubuntu/forge-species-tp/case/16.nozzle_wys/run_0581_g3b_update_off/tp_update.h5,OFF,"x[in,17)",v,C_add_rho_term,-3.2969711306636955e-19,1.247535300485463e-17
/home/ubuntu/forge-species-tp/case/16.nozzle_wys/run_0581_g3b_update_off/tp_update.h5,OFF,"x[in,17)",w,C_projection,0.0,0.0
/home/ubuntu/forge-species-tp/case/16.nozzle_wys/run_0581_g3b_update_off/tp_update.h5,OFF,"x[in,17)",g,C_projection,0.0,0.0
/home/ubuntu/forge-species-tp/case/16.nozzle_wys/run_0581_g3b_update_off/tp_update.h5,OFF,"x[in,17)",Q2,C_projection,-2.1723351225283735e-41,2.1727691160915716e-41
/home/ubuntu/forge-species-tp/case/16.nozzle_wys/run_0581_g3b_update_off/tp_update.h5,OFF,"x[in,17)",Q1,C_projection,-1.235669290469114e-32,1.2356692905221384e-32
/home/ubuntu/forge-species-tp/case/16.nozzle_wys/run_0581_g3b_update_off/tp_update.h5,OFF,"x[in,17)",Q0,C_projection,0.0,0.0
/home/ubuntu/forge-species-tp/case/16.nozzle_wys/run_0581_g3b_update_off/tp_update.h5,OFF,"x[in,17)",v,C_projection,0.0,0.0
/home/ubuntu/forge-species-tp/case/16.nozzle_wys/run_0581_g3b_update_off/tp_update.h5,OFF,"x[in,17)",w,B_boundary_overwrite,0.0,0.0
/home/ubuntu/forge-species-tp/case/16.nozzle_wys/run_0581_g3b_update_off/tp_update.h5,OFF,"x[in,17)",g,B_boundary_overwrite,0.0,0.0
/home/ubuntu/forge-species-tp/case/16.nozzle_wys/run_0581_g3b_update_off/tp_update.h5,OFF,"x[in,17)",Q2,B_boundary_overwrite,0.0,0.0
/home/ubuntu/forge-species-tp/case/16.nozzle_wys/run_0581_g3b_update_off/tp_update.h5,OFF,"x[in,17)",Q1,B_boundary_overwrite,0.0,0.0
/home/ubuntu/forge-species-tp/case/16.nozzle_wys/run_0581_g3b_update_off/tp_update.h5,OFF,"x[in,17)",Q0,B_boundary_overwrite,0.0,0.0
/home/ubuntu/forge-species-tp/case/16.nozzle_wys/run_0581_g3b_update_off/tp_update.h5,OFF,"x[in,17)",v,B_boundary_overwrite,0.0,0.0
/home/ubuntu/forge-species-tp/case/16.nozzle_wys/run_0581_g3b_update_off/tp_update.h5,OFF,"x[in,17)",w,LHS,1.584098108046677e-14,
/home/ubuntu/forge-species-tp/case/16.nozzle_wys/run_0581_g3b_update_off/tp_update.h5,OFF,"x[in,17)",w,E_bookkeeping,2.0101122498117646e-25,
/home/ubuntu/forge-species-tp/case/16.nozzle_wys/run_0581_g3b_update_off/tp_update.h5,OFF,"x[in,17)",w,A_unclosed,-7.137094862100128e-16,
/home/ubuntu/forge-species-tp/case/16.nozzle_wys/run_0581_g3b_update_off/tp_update.h5,OFF,"x[in,17)",w,B_unclosed,2.01010929158337e-25,
/home/ubuntu/forge-species-tp/case/16.nozzle_wys/run_0581_g3b_update_off/tp_update.h5,OFF,"x[in,17)",g,LHS,-2.840430983949322e-16,
/home/ubuntu/forge-species-tp/case/16.nozzle_wys/run_0581_g3b_update_off/tp_update.h5,OFF,"x[in,17)",g,E_bookkeeping,-4.930380657631324e-32,
/home/ubuntu/forge-species-tp/case/16.nozzle_wys/run_0581_g3b_update_off/tp_update.h5,OFF,"x[in,17)",g,A_unclosed,3.762139922660149e-20,
/home/ubuntu/forge-species-tp/case/16.nozzle_wys/run_0581_g3b_update_off/tp_update.h5,OFF,"x[in,17)",g,B_unclosed,-3.489544317986623e-32,
/home/ubuntu/forge-species-tp/case/16.nozzle_wys/run_0581_g3b_update_off/tp_update.h5,OFF,"x[in,17)",Q2,LHS,-2.6102818436649485e-11,
/home/ubuntu/forge-species-tp/case/16.nozzle_wys/run_0581_g3b_update_off/tp_update.h5,OFF,"x[in,17)",Q2,E_bookkeeping,1.8126887642275333e-24,
/home/ubuntu/forge-species-tp/case/16.nozzle_wys/run_0581_g3b_update_off/tp_update.h5,OFF,"x[in,17)",Q2,A_unclosed,2.270179200496129e-15,
/home/ubuntu/forge-species-tp/case/16.nozzle_wys/run_0581_g3b_update_off/tp_update.h5,OFF,"x[in,17)",Q2,B_unclosed,1.810417633681402e-24,
/home/ubuntu/forge-species-tp/case/16.nozzle_wys/run_0581_g3b_update_off/tp_update.h5,OFF,"x[in,17)",Q1,LHS,-0.009914069895565062,
/home/ubuntu/forge-species-tp/case/16.nozzle_wys/run_0581_g3b_update_off/tp_update.h5,OFF,"x[in,17)",Q1,E_bookkeeping,-1.2663481374630692e-16,
/home/ubuntu/forge-species-tp/case/16.nozzle_wys/run_0581_g3b_update_off/tp_update.h5,OFF,"x[in,17)",Q1,A_unclosed,5.270006772297547e-07,
/home/ubuntu/forge-species-tp/case/16.nozzle_wys/run_0581_g3b_update_off/tp_update.h5,OFF,"x[in,17)",Q1,B_unclosed,-1.2682232566500534e-16,
/home/ubuntu/forge-species-tp/case/16.nozzle_wys/run_0581_g3b_update_off/tp_update.h5,OFF,"x[in,17)",Q0,LHS,-83960.73336922104,
/home/ubuntu/forge-species-tp/case/16.nozzle_wys/run_0581_g3b_update_off/tp_update.h5,OFF,"x[in,17)",Q0,E_bookkeeping,-8.294591680169106e-10,
/home/ubuntu/forge-species-tp/case/16.nozzle_wys/run_0581_g3b_update_off/tp_update.h5,OFF,"x[in,17)",Q0,A_unclosed,-70.39565135413659,
/home/ubuntu/forge-species-tp/case/16.nozzle_wys/run_0581_g3b_update_off/tp_update.h5,OFF,"x[in,17)",Q0,B_unclosed,-8.286917818622896e-10,
/home/ubuntu/forge-species-tp/case/16.nozzle_wys/run_0581_g3b_update_off/tp_update.h5,OFF,"x[in,17)",v,LHS,1.6125024178861702e-14,
/home/ubuntu/forge-species-tp/case/16.nozzle_wys/run_0581_g3b_update_off/tp_update.h5,OFF,"x[in,17)",v,E_bookkeeping,2.0100806953755558e-25,
/home/ubuntu/forge-species-tp/case/16.nozzle_wys/run_0581_g3b_update_off/tp_update.h5,OFF,"x[in,17)",v,A_unclosed,-7.137471076092418e-16,
/home/ubuntu/forge-species-tp/case/16.nozzle_wys/run_0581_g3b_update_off/tp_update.h5,OFF,"x[in,17)",v,B_unclosed,2.0100856257562134e-25,
/home/ubuntu/forge-species-tp/case/16.nozzle_wys/run_0581_g3b_update_off/tp_update.h5,OFF,"x[17,35)",w,delta_limited,3.161435328425816e-16,3.585843545895951e-14
/home/ubuntu/forge-species-tp/case/16.nozzle_wys/run_0581_g3b_update_off/tp_update.h5,OFF,"x[17,35)",g,delta_limited,-3.536461600117034e-16,2.2085540248537714e-14
/home/ubuntu/forge-species-tp/case/16.nozzle_wys/run_0581_g3b_update_off/tp_update.h5,OFF,"x[17,35)",Q2,delta_limited,-3.7713633825014816e-11,4.5531314417971885e-10
/home/ubuntu/forge-species-tp/case/16.nozzle_wys/run_0581_g3b_update_off/tp_update.h5,OFF,"x[17,35)",Q1,delta_limited,-0.0042064887717041905,0.049083217576378874
/home/ubuntu/forge-species-tp/case/16.nozzle_wys/run_0581_g3b_update_off/tp_update.h5,OFF,"x[17,35)",Q0,delta_limited,-54890.73123081913,8105262.113975991
/home/ubuntu/forge-species-tp/case/16.nozzle_wys/run_0581_g3b_update_off/tp_update.h5,OFF,"x[17,35)",v,delta_limited,6.697896928542848e-16,3.9477273973779246e-14
/home/ubuntu/forge-species-tp/case/16.nozzle_wys/run_0581_g3b_update_off/tp_update.h5,OFF,"x[17,35)",w,C_round,-9.491104040439369e-18,6.163567026581868e-15
/home/ubuntu/forge-species-tp/case/16.nozzle_wys/run_0581_g3b_update_off/tp_update.h5,OFF,"x[17,35)",g,C_round,5.670842269401136e-17,1.6885615148953439e-15
/home/ubuntu/forge-species-tp/case/16.nozzle_wys/run_0581_g3b_update_off/tp_update.h5,OFF,"x[17,35)",Q2,C_round,4.985962831611141e-13,2.957516476435676e-11
/home/ubuntu/forge-species-tp/case/16.nozzle_wys/run_0581_g3b_update_off/tp_update.h5,OFF,"x[17,35)",Q1,C_round,-6.283259065818887e-05,0.002767232420510986
/home/ubuntu/forge-species-tp/case/16.nozzle_wys/run_0581_g3b_update_off/tp_update.h5,OFF,"x[17,35)",Q0,C_round,-5117.5492752315095,328959.395609013
/home/ubuntu/forge-species-tp/case/16.nozzle_wys/run_0581_g3b_update_off/tp_update.h5,OFF,"x[17,35)",v,C_round,-6.619952673445076e-17,6.515704117882479e-15
/home/ubuntu/forge-species-tp/case/16.nozzle_wys/run_0581_g3b_update_off/tp_update.h5,OFF,"x[17,35)",w,C_floor (commit),0.0,0.0
/home/ubuntu/forge-species-tp/case/16.nozzle_wys/run_0581_g3b_update_off/tp_update.h5,OFF,"x[17,35)",g,C_floor (commit),0.0,0.0
/home/ubuntu/forge-species-tp/case/16.nozzle_wys/run_0581_g3b_update_off/tp_update.h5,OFF,"x[17,35)",Q2,C_floor (commit),8.25025076795261e-49,8.25025076795261e-49
/home/ubuntu/forge-species-tp/case/16.nozzle_wys/run_0581_g3b_update_off/tp_update.h5,OFF,"x[17,35)",Q1,C_floor (commit),2.922495831890389e-40,2.922495831890389e-40
/home/ubuntu/forge-species-tp/case/16.nozzle_wys/run_0581_g3b_update_off/tp_update.h5,OFF,"x[17,35)",Q0,C_floor (commit),1.2098131067139256e-32,1.2098131067139256e-32
/home/ubuntu/forge-species-tp/case/16.nozzle_wys/run_0581_g3b_update_off/tp_update.h5,OFF,"x[17,35)",v,C_floor (commit),0.0,0.0
/home/ubuntu/forge-species-tp/case/16.nozzle_wys/run_0581_g3b_update_off/tp_update.h5,OFF,"x[17,35)",w,C_renorm_scale,-3.102629065893369e-16,2.972410033166827e-14
/home/ubuntu/forge-species-tp/case/16.nozzle_wys/run_0581_g3b_update_off/tp_update.h5,OFF,"x[17,35)",g,C_renorm_scale,0.0,0.0
/home/ubuntu/forge-species-tp/case/16.nozzle_wys/run_0581_g3b_update_off/tp_update.h5,OFF,"x[17,35)",Q2,C_renorm_scale,0.0,0.0
/home/ubuntu/forge-species-tp/case/16.nozzle_wys/run_0581_g3b_update_off/tp_update.h5,OFF,"x[17,35)",Q1,C_renorm_scale,0.0,0.0
/home/ubuntu/forge-species-tp/case/16.nozzle_wys/run_0581_g3b_update_off/tp_update.h5,OFF,"x[17,35)",Q0,C_renorm_scale,0.0,0.0
/home/ubuntu/forge-species-tp/case/16.nozzle_wys/run_0581_g3b_update_off/tp_update.h5,OFF,"x[17,35)",v,C_renorm_scale,-3.102629065893369e-16,2.972410033166827e-14
/home/ubuntu/forge-species-tp/case/16.nozzle_wys/run_0581_g3b_update_off/tp_update.h5,OFF,"x[17,35)",w,C_add_rho_term,0.0,0.0
/home/ubuntu/forge-species-tp/case/16.nozzle_wys/run_0581_g3b_update_off/tp_update.h5,OFF,"x[17,35)",g,C_add_rho_term,-3.8109288670221024e-16,4.899404638495415e-15
/home/ubuntu/forge-species-tp/case/16.nozzle_wys/run_0581_g3b_update_off/tp_update.h5,OFF,"x[17,35)",Q2,C_add_rho_term,-6.227957779256572e-12,8.844239277065943e-11
/home/ubuntu/forge-species-tp/case/16.nozzle_wys/run_0581_g3b_update_off/tp_update.h5,OFF,"x[17,35)",Q1,C_add_rho_term,-0.0004880481002985203,0.007957753947053932
/home/ubuntu/forge-species-tp/case/16.nozzle_wys/run_0581_g3b_update_off/tp_update.h5,OFF,"x[17,35)",Q0,C_add_rho_term,-35749.00617732444,877955.4026260914
/home/ubuntu/forge-species-tp/case/16.nozzle_wys/run_0581_g3b_update_off/tp_update.h5,OFF,"x[17,35)",v,C_add_rho_term,3.8109288670221024e-16,4.899404638495415e-15
/home/ubuntu/forge-species-tp/case/16.nozzle_wys/run_0581_g3b_update_off/tp_update.h5,OFF,"x[17,35)",w,C_projection,0.0,0.0
/home/ubuntu/forge-species-tp/case/16.nozzle_wys/run_0581_g3b_update_off/tp_update.h5,OFF,"x[17,35)",g,C_projection,0.0,0.0
/home/ubuntu/forge-species-tp/case/16.nozzle_wys/run_0581_g3b_update_off/tp_update.h5,OFF,"x[17,35)",Q2,C_projection,-2.9101361014091385e-40,3.796032137006729e-40
/home/ubuntu/forge-species-tp/case/16.nozzle_wys/run_0581_g3b_update_off/tp_update.h5,OFF,"x[17,35)",Q1,C_projection,1.2446341705464897e-33,6.291346197119666e-33
/home/ubuntu/forge-species-tp/case/16.nozzle_wys/run_0581_g3b_update_off/tp_update.h5,OFF,"x[17,35)",Q0,C_projection,0.0,0.0
/home/ubuntu/forge-species-tp/case/16.nozzle_wys/run_0581_g3b_update_off/tp_update.h5,OFF,"x[17,35)",v,C_projection,0.0,0.0
/home/ubuntu/forge-species-tp/case/16.nozzle_wys/run_0581_g3b_update_off/tp_update.h5,OFF,"x[17,35)",w,C_droplet_removal (physical),0.0,0.0
/home/ubuntu/forge-species-tp/case/16.nozzle_wys/run_0581_g3b_update_off/tp_update.h5,OFF,"x[17,35)",g,C_droplet_removal (physical),0.0,0.0
/home/ubuntu/forge-species-tp/case/16.nozzle_wys/run_0581_g3b_update_off/tp_update.h5,OFF,"x[17,35)",Q2,C_droplet_removal (physical),0.0,0.0
/home/ubuntu/forge-species-tp/case/16.nozzle_wys/run_0581_g3b_update_off/tp_update.h5,OFF,"x[17,35)",Q1,C_droplet_removal (physical),-4.589503601279309e-43,4.589503601279309e-43
/home/ubuntu/forge-species-tp/case/16.nozzle_wys/run_0581_g3b_update_off/tp_update.h5,OFF,"x[17,35)",Q0,C_droplet_removal (physical),-9.65882375928035e-36,9.65882375928035e-36
/home/ubuntu/forge-species-tp/case/16.nozzle_wys/run_0581_g3b_update_off/tp_update.h5,OFF,"x[17,35)",v,C_droplet_removal (physical),0.0,0.0
/home/ubuntu/forge-species-tp/case/16.nozzle_wys/run_0581_g3b_update_off/tp_update.h5,OFF,"x[17,35)",w,B_boundary_overwrite,0.0,0.0
/home/ubuntu/forge-species-tp/case/16.nozzle_wys/run_0581_g3b_update_off/tp_update.h5,OFF,"x[17,35)",g,B_boundary_overwrite,0.0,0.0
/home/ubuntu/forge-species-tp/case/16.nozzle_wys/run_0581_g3b_update_off/tp_update.h5,OFF,"x[17,35)",Q2,B_boundary_overwrite,0.0,0.0
/home/ubuntu/forge-species-tp/case/16.nozzle_wys/run_0581_g3b_update_off/tp_update.h5,OFF,"x[17,35)",Q1,B_boundary_overwrite,0.0,0.0
/home/ubuntu/forge-species-tp/case/16.nozzle_wys/run_0581_g3b_update_off/tp_update.h5,OFF,"x[17,35)",Q0,B_boundary_overwrite,0.0,0.0
/home/ubuntu/forge-species-tp/case/16.nozzle_wys/run_0581_g3b_update_off/tp_update.h5,OFF,"x[17,35)",v,B_boundary_overwrite,0.0,0.0
/home/ubuntu/forge-species-tp/case/16.nozzle_wys/run_0581_g3b_update_off/tp_update.h5,OFF,"x[17,35)",w,LHS,-3.6104777728815675e-18,
/home/ubuntu/forge-species-tp/case/16.nozzle_wys/run_0581_g3b_update_off/tp_update.h5,OFF,"x[17,35)",w,E_bookkeeping,1.4313141568136615e-26,
/home/ubuntu/forge-species-tp/case/16.nozzle_wys/run_0581_g3b_update_off/tp_update.h5,OFF,"x[17,35)",w,A_unclosed,-9.491104026126246e-18,
/home/ubuntu/forge-species-tp/case/16.nozzle_wys/run_0581_g3b_update_off/tp_update.h5,OFF,"x[17,35)",w,B_unclosed,1.4313123079209148e-26,
/home/ubuntu/forge-species-tp/case/16.nozzle_wys/run_0581_g3b_update_off/tp_update.h5,OFF,"x[17,35)",g,LHS,-6.780306240255647e-16,
/home/ubuntu/forge-species-tp/case/16.nozzle_wys/run_0581_g3b_update_off/tp_update.h5,OFF,"x[17,35)",g,E_bookkeeping,-5.662443577676423e-27,
/home/ubuntu/forge-species-tp/case/16.nozzle_wys/run_0581_g3b_update_off/tp_update.h5,OFF,"x[17,35)",g,A_unclosed,5.670842268834895e-17,
/home/ubuntu/forge-species-tp/case/16.nozzle_wys/run_0581_g3b_update_off/tp_update.h5,OFF,"x[17,35)",g,B_unclosed,-5.6624065998214905e-27,
/home/ubuntu/forge-species-tp/case/16.nozzle_wys/run_0581_g3b_update_off/tp_update.h5,OFF,"x[17,35)",Q2,LHS,-4.3442995321129406e-11,
/home/ubuntu/forge-species-tp/case/16.nozzle_wys/run_0581_g3b_update_off/tp_update.h5,OFF,"x[17,35)",Q2,E_bookkeeping,-1.9135014013824336e-23,
/home/ubuntu/forge-species-tp/case/16.nozzle_wys/run_0581_g3b_update_off/tp_update.h5,OFF,"x[17,35)",Q2,A_unclosed,4.985962831419822e-13,
/home/ubuntu/forge-species-tp/case/16.nozzle_wys/run_0581_g3b_update_off/tp_update.h5,OFF,"x[17,35)",Q2,B_unclosed,-1.913188381375242e-23,
/home/ubuntu/forge-species-tp/case/16.nozzle_wys/run_0581_g3b_update_off/tp_update.h5,OFF,"x[17,35)",Q1,LHS,-0.0047573694626515655,
/home/ubuntu/forge-species-tp/case/16.nozzle_wys/run_0581_g3b_update_off/tp_update.h5,OFF,"x[17,35)",Q1,E_bookkeeping,9.33367966249321e-15,
/home/ubuntu/forge-species-tp/case/16.nozzle_wys/run_0581_g3b_update_off/tp_update.h5,OFF,"x[17,35)",Q1,A_unclosed,-6.283259064885467e-05,
/home/ubuntu/forge-species-tp/case/16.nozzle_wys/run_0581_g3b_update_off/tp_update.h5,OFF,"x[17,35)",Q1,B_unclosed,9.334208211052297e-15,
/home/ubuntu/forge-species-tp/case/16.nozzle_wys/run_0581_g3b_update_off/tp_update.h5,OFF,"x[17,35)",Q0,LHS,-95757.2866837018,
/home/ubuntu/forge-species-tp/case/16.nozzle_wys/run_0581_g3b_update_off/tp_update.h5,OFF,"x[17,35)",Q0,E_bookkeeping,-3.2671960070729256e-07,
/home/ubuntu/forge-species-tp/case/16.nozzle_wys/run_0581_g3b_update_off/tp_update.h5,OFF,"x[17,35)",Q0,A_unclosed,-5117.549275558224,
/home/ubuntu/forge-species-tp/case/16.nozzle_wys/run_0581_g3b_update_off/tp_update.h5,OFF,"x[17,35)",Q0,B_unclosed,-3.267141437390819e-07,
/home/ubuntu/forge-species-tp/case/16.nozzle_wys/run_0581_g3b_update_off/tp_update.h5,OFF,"x[17,35)",v,LHS,6.744201462526832e-16,
/home/ubuntu/forge-species-tp/case/16.nozzle_wys/run_0581_g3b_update_off/tp_update.h5,OFF,"x[17,35)",v,E_bookkeeping,1.997583166484592e-26,
/home/ubuntu/forge-species-tp/case/16.nozzle_wys/run_0581_g3b_update_off/tp_update.h5,OFF,"x[17,35)",v,A_unclosed,-6.61995267144749e-17,
/home/ubuntu/forge-species-tp/case/16.nozzle_wys/run_0581_g3b_update_off/tp_update.h5,OFF,"x[17,35)",v,B_unclosed,1.9975856316749207e-26,
/home/ubuntu/forge-species-tp/case/16.nozzle_wys/run_0581_g3b_update_off/tp_update.h5,OFF,"x[35,70)",w,delta_limited,-7.506720976459257e-16,6.297430302868494e-14
/home/ubuntu/forge-species-tp/case/16.nozzle_wys/run_0581_g3b_update_off/tp_update.h5,OFF,"x[35,70)",g,delta_limited,4.787823304850956e-15,7.368422478685383e-14
/home/ubuntu/forge-species-tp/case/16.nozzle_wys/run_0581_g3b_update_off/tp_update.h5,OFF,"x[35,70)",Q2,delta_limited,1.551019395846971e-10,1.1790134005947587e-09
/home/ubuntu/forge-species-tp/case/16.nozzle_wys/run_0581_g3b_update_off/tp_update.h5,OFF,"x[35,70)",Q1,delta_limited,0.015274212983729621,0.08542353051206822
/home/ubuntu/forge-species-tp/case/16.nozzle_wys/run_0581_g3b_update_off/tp_update.h5,OFF,"x[35,70)",Q0,delta_limited,1489949.4469416593,6813636.147719661
/home/ubuntu/forge-species-tp/case/16.nozzle_wys/run_0581_g3b_update_off/tp_update.h5,OFF,"x[35,70)",v,delta_limited,-5.538495402496882e-15,6.284916717619455e-14
/home/ubuntu/forge-species-tp/case/16.nozzle_wys/run_0581_g3b_update_off/tp_update.h5,OFF,"x[35,70)",w,C_round,-4.672086871043758e-17,1.308771352399902e-14
/home/ubuntu/forge-species-tp/case/16.nozzle_wys/run_0581_g3b_update_off/tp_update.h5,OFF,"x[35,70)",g,C_round,4.3335220919328064e-16,1.1555769865101503e-14
/home/ubuntu/forge-species-tp/case/16.nozzle_wys/run_0581_g3b_update_off/tp_update.h5,OFF,"x[35,70)",Q2,C_round,5.0367976891550474e-12,1.868939339018602e-10
/home/ubuntu/forge-species-tp/case/16.nozzle_wys/run_0581_g3b_update_off/tp_update.h5,OFF,"x[35,70)",Q1,C_round,0.00015585713378188766,0.011773633656388133
/home/ubuntu/forge-species-tp/case/16.nozzle_wys/run_0581_g3b_update_off/tp_update.h5,OFF,"x[35,70)",Q0,C_round,-49287.79912993232,742637.9457712541
/home/ubuntu/forge-species-tp/case/16.nozzle_wys/run_0581_g3b_update_off/tp_update.h5,OFF,"x[35,70)",v,C_round,-4.800730779037182e-16,1.7063873240349423e-14
/home/ubuntu/forge-species-tp/case/16.nozzle_wys/run_0581_g3b_update_off/tp_update.h5,OFF,"x[35,70)",w,C_floor (commit),0.0,0.0
/home/ubuntu/forge-species-tp/case/16.nozzle_wys/run_0581_g3b_update_off/tp_update.h5,OFF,"x[35,70)",g,C_floor (commit),7.590450279236705e-44,7.590450279236705e-44
/home/ubuntu/forge-species-tp/case/16.nozzle_wys/run_0581_g3b_update_off/tp_update.h5,OFF,"x[35,70)",Q2,C_floor (commit),3.978108588698408e-40,3.978108588698408e-40
/home/ubuntu/forge-species-tp/case/16.nozzle_wys/run_0581_g3b_update_off/tp_update.h5,OFF,"x[35,70)",Q1,C_floor (commit),7.464056911723856e-33,7.464056911723856e-33
/home/ubuntu/forge-species-tp/case/16.nozzle_wys/run_0581_g3b_update_off/tp_update.h5,OFF,"x[35,70)",Q0,C_floor (commit),3.24908614573825e-28,3.24908614573825e-28
/home/ubuntu/forge-species-tp/case/16.nozzle_wys/run_0581_g3b_update_off/tp_update.h5,OFF,"x[35,70)",v,C_floor (commit),-7.590450279236705e-44,7.590450279236705e-44
/home/ubuntu/forge-species-tp/case/16.nozzle_wys/run_0581_g3b_update_off/tp_update.h5,OFF,"x[35,70)",w,C_renorm_scale,3.613749472698578e-16,5.085646532147957e-14
/home/ubuntu/forge-species-tp/case/16.nozzle_wys/run_0581_g3b_update_off/tp_update.h5,OFF,"x[35,70)",g,C_renorm_scale,0.0,0.0
/home/ubuntu/forge-species-tp/case/16.nozzle_wys/run_0581_g3b_update_off/tp_update.h5,OFF,"x[35,70)",Q2,C_renorm_scale,0.0,0.0
/home/ubuntu/forge-species-tp/case/16.nozzle_wys/run_0581_g3b_update_off/tp_update.h5,OFF,"x[35,70)",Q1,C_renorm_scale,0.0,0.0
/home/ubuntu/forge-species-tp/case/16.nozzle_wys/run_0581_g3b_update_off/tp_update.h5,OFF,"x[35,70)",Q0,C_renorm_scale,0.0,0.0
/home/ubuntu/forge-species-tp/case/16.nozzle_wys/run_0581_g3b_update_off/tp_update.h5,OFF,"x[35,70)",v,C_renorm_scale,3.613749472698578e-16,5.085646532147957e-14
/home/ubuntu/forge-species-tp/case/16.nozzle_wys/run_0581_g3b_update_off/tp_update.h5,OFF,"x[35,70)",w,C_add_rho_term,0.0,0.0
/home/ubuntu/forge-species-tp/case/16.nozzle_wys/run_0581_g3b_update_off/tp_update.h5,OFF,"x[35,70)",g,C_add_rho_term,8.33712854960524e-16,3.068271553606842e-14
/home/ubuntu/forge-species-tp/case/16.nozzle_wys/run_0581_g3b_update_off/tp_update.h5,OFF,"x[35,70)",Q2,C_add_rho_term,1.2169652480919633e-11,4.743155375704038e-10
/home/ubuntu/forge-species-tp/case/16.nozzle_wys/run_0581_g3b_update_off/tp_update.h5,OFF,"x[35,70)",Q1,C_add_rho_term,0.0007882920057984122,0.030906671739901793
/home/ubuntu/forge-species-tp/case/16.nozzle_wys/run_0581_g3b_update_off/tp_update.h5,OFF,"x[35,70)",Q0,C_add_rho_term,44475.39690996526,2001437.6917611728
/home/ubuntu/forge-species-tp/case/16.nozzle_wys/run_0581_g3b_update_off/tp_update.h5,OFF,"x[35,70)",v,C_add_rho_term,-8.33712854960524e-16,3.068271553606842e-14
/home/ubuntu/forge-species-tp/case/16.nozzle_wys/run_0581_g3b_update_off/tp_update.h5,OFF,"x[35,70)",w,C_projection,0.0,0.0
/home/ubuntu/forge-species-tp/case/16.nozzle_wys/run_0581_g3b_update_off/tp_update.h5,OFF,"x[35,70)",g,C_projection,0.0,0.0
/home/ubuntu/forge-species-tp/case/16.nozzle_wys/run_0581_g3b_update_off/tp_update.h5,OFF,"x[35,70)",Q2,C_projection,-8.117844838211123e-41,6.011683748780383e-40
/home/ubuntu/forge-species-tp/case/16.nozzle_wys/run_0581_g3b_update_off/tp_update.h5,OFF,"x[35,70)",Q1,C_projection,-1.1464401708005464e-32,3.094403852698389e-32
/home/ubuntu/forge-species-tp/case/16.nozzle_wys/run_0581_g3b_update_off/tp_update.h5,OFF,"x[35,70)",Q0,C_projection,0.0,0.0
/home/ubuntu/forge-species-tp/case/16.nozzle_wys/run_0581_g3b_update_off/tp_update.h5,OFF,"x[35,70)",v,C_projection,0.0,0.0
/home/ubuntu/forge-species-tp/case/16.nozzle_wys/run_0581_g3b_update_off/tp_update.h5,OFF,"x[35,70)",w,C_droplet_removal (physical),0.0,0.0
/home/ubuntu/forge-species-tp/case/16.nozzle_wys/run_0581_g3b_update_off/tp_update.h5,OFF,"x[35,70)",g,C_droplet_removal (physical),0.0,0.0
/home/ubuntu/forge-species-tp/case/16.nozzle_wys/run_0581_g3b_update_off/tp_update.h5,OFF,"x[35,70)",Q2,C_droplet_removal (physical),-8.993146769102109e-49,8.993146769102109e-49
/home/ubuntu/forge-species-tp/case/16.nozzle_wys/run_0581_g3b_update_off/tp_update.h5,OFF,"x[35,70)",Q1,C_droplet_removal (physical),-9.19440019179068e-42,9.19440019179068e-42
/home/ubuntu/forge-species-tp/case/16.nozzle_wys/run_0581_g3b_update_off/tp_update.h5,OFF,"x[35,70)",Q0,C_droplet_removal (physical),-2.328549020577599e-34,2.328549020577599e-34
/home/ubuntu/forge-species-tp/case/16.nozzle_wys/run_0581_g3b_update_off/tp_update.h5,OFF,"x[35,70)",v,C_droplet_removal (physical),0.0,0.0
/home/ubuntu/forge-species-tp/case/16.nozzle_wys/run_0581_g3b_update_off/tp_update.h5,OFF,"x[35,70)",w,B_boundary_overwrite,0.0,0.0
/home/ubuntu/forge-species-tp/case/16.nozzle_wys/run_0581_g3b_update_off/tp_update.h5,OFF,"x[35,70)",g,B_boundary_overwrite,0.0,0.0
/home/ubuntu/forge-species-tp/case/16.nozzle_wys/run_0581_g3b_update_off/tp_update.h5,OFF,"x[35,70)",Q2,B_boundary_overwrite,0.0,0.0
/home/ubuntu/forge-species-tp/case/16.nozzle_wys/run_0581_g3b_update_off/tp_update.h5,OFF,"x[35,70)",Q1,B_boundary_overwrite,0.0,0.0
/home/ubuntu/forge-species-tp/case/16.nozzle_wys/run_0581_g3b_update_off/tp_update.h5,OFF,"x[35,70)",Q0,B_boundary_overwrite,0.0,0.0
/home/ubuntu/forge-species-tp/case/16.nozzle_wys/run_0581_g3b_update_off/tp_update.h5,OFF,"x[35,70)",v,B_boundary_overwrite,0.0,0.0
/home/ubuntu/forge-species-tp/case/16.nozzle_wys/run_0581_g3b_update_off/tp_update.h5,OFF,"x[35,70)",w,LHS,-4.3601801904362596e-16,
/home/ubuntu/forge-species-tp/case/16.nozzle_wys/run_0581_g3b_update_off/tp_update.h5,OFF,"x[35,70)",w,E_bookkeeping,4.2879520579419623e-26,
/home/ubuntu/forge-species-tp/case/16.nozzle_wys/run_0581_g3b_update_off/tp_update.h5,OFF,"x[35,70)",w,A_unclosed,-4.672086866755806e-17,
/home/ubuntu/forge-species-tp/case/16.nozzle_wys/run_0581_g3b_update_off/tp_update.h5,OFF,"x[35,70)",w,B_unclosed,4.2879520579419623e-26,
/home/ubuntu/forge-species-tp/case/16.nozzle_wys/run_0581_g3b_update_off/tp_update.h5,OFF,"x[35,70)",g,LHS,6.05488836906772e-15,
/home/ubuntu/forge-species-tp/case/16.nozzle_wys/run_0581_g3b_update_off/tp_update.h5,OFF,"x[35,70)",g,E_bookkeeping,6.295977770659417e-26,
/home/ubuntu/forge-species-tp/case/16.nozzle_wys/run_0581_g3b_update_off/tp_update.h5,OFF,"x[35,70)",g,A_unclosed,4.3335220925624007e-16,
/home/ubuntu/forge-species-tp/case/16.nozzle_wys/run_0581_g3b_update_off/tp_update.h5,OFF,"x[35,70)",g,B_unclosed,6.295943257994814e-26,
/home/ubuntu/forge-species-tp/case/16.nozzle_wys/run_0581_g3b_update_off/tp_update.h5,OFF,"x[35,70)",Q2,LHS,1.7230838975520372e-10,
/home/ubuntu/forge-species-tp/case/16.nozzle_wys/run_0581_g3b_update_off/tp_update.h5,OFF,"x[35,70)",Q2,E_bookkeeping,4.319433761175341e-22,
/home/ubuntu/forge-species-tp/case/16.nozzle_wys/run_0581_g3b_update_off/tp_update.h5,OFF,"x[35,70)",Q2,A_unclosed,5.036797689586994e-12,
/home/ubuntu/forge-species-tp/case/16.nozzle_wys/run_0581_g3b_update_off/tp_update.h5,OFF,"x[35,70)",Q2,B_unclosed,4.319466072918019e-22,
/home/ubuntu/forge-species-tp/case/16.nozzle_wys/run_0581_g3b_update_off/tp_update.h5,OFF,"x[35,70)",Q1,LHS,0.016218362123261866,
/home/ubuntu/forge-species-tp/case/16.nozzle_wys/run_0581_g3b_update_off/tp_update.h5,OFF,"x[35,70)",Q1,E_bookkeeping,-4.805530973150951e-14,
/home/ubuntu/forge-species-tp/case/16.nozzle_wys/run_0581_g3b_update_off/tp_update.h5,OFF,"x[35,70)",Q1,A_unclosed,0.00015585713373383295,
/home/ubuntu/forge-species-tp/case/16.nozzle_wys/run_0581_g3b_update_off/tp_update.h5,OFF,"x[35,70)",Q1,B_unclosed,-4.805471342031464e-14,
/home/ubuntu/forge-species-tp/case/16.nozzle_wys/run_0581_g3b_update_off/tp_update.h5,OFF,"x[35,70)",Q0,LHS,1485137.044721283,
/home/ubuntu/forge-species-tp/case/16.nozzle_wys/run_0581_g3b_update_off/tp_update.h5,OFF,"x[35,70)",Q0,E_bookkeeping,-4.0908344089984894e-07,
/home/ubuntu/forge-species-tp/case/16.nozzle_wys/run_0581_g3b_update_off/tp_update.h5,OFF,"x[35,70)",Q0,A_unclosed,-49287.79913034156,
/home/ubuntu/forge-species-tp/case/16.nozzle_wys/run_0581_g3b_update_off/tp_update.h5,OFF,"x[35,70)",Q0,B_unclosed,-4.0924351196736097e-07,
/home/ubuntu/forge-species-tp/case/16.nozzle_wys/run_0581_g3b_update_off/tp_update.h5,OFF,"x[35,70)",v,LHS,-6.490906388111346e-15,
/home/ubuntu/forge-species-tp/case/16.nozzle_wys/run_0581_g3b_update_off/tp_update.h5,OFF,"x[35,70)",v,E_bookkeeping,-2.0079665481495634e-26,
/home/ubuntu/forge-species-tp/case/16.nozzle_wys/run_0581_g3b_update_off/tp_update.h5,OFF,"x[35,70)",v,A_unclosed,-4.800730779237979e-16,
/home/ubuntu/forge-species-tp/case/16.nozzle_wys/run_0581_g3b_update_off/tp_update.h5,OFF,"x[35,70)",v,B_unclosed,-2.0079764089108787e-26,
/home/ubuntu/forge-species-tp/case/16.nozzle_wys/run_0581_g3b_update_off/tp_update.h5,OFF,"x[70,ex]",w,delta_limited,-2.296356245816325e-15,1.671060511218882e-13
/home/ubuntu/forge-species-tp/case/16.nozzle_wys/run_0581_g3b_update_off/tp_update.h5,OFF,"x[70,ex]",g,delta_limited,-4.874892356356856e-15,2.3014108785436196e-13
/home/ubuntu/forge-species-tp/case/16.nozzle_wys/run_0581_g3b_update_off/tp_update.h5,OFF,"x[70,ex]",Q2,delta_limited,-7.440094269592303e-11,3.2240410440686012e-09
/home/ubuntu/forge-species-tp/case/16.nozzle_wys/run_0581_g3b_update_off/tp_update.h5,OFF,"x[70,ex]",Q1,delta_limited,-0.005725850536420946,0.1999449493130418
/home/ubuntu/forge-species-tp/case/16.nozzle_wys/run_0581_g3b_update_off/tp_update.h5,OFF,"x[70,ex]",Q0,delta_limited,-483146.9121034873,13405443.443704344
/home/ubuntu/forge-species-tp/case/16.nozzle_wys/run_0581_g3b_update_off/tp_update.h5,OFF,"x[70,ex]",v,delta_limited,2.5785361105405395e-15,1.0301184762206723e-13
/home/ubuntu/forge-species-tp/case/16.nozzle_wys/run_0581_g3b_update_off/tp_update.h5,OFF,"x[70,ex]",w,C_round,1.4447936986385856e-16,1.0583540659692225e-14
/home/ubuntu/forge-species-tp/case/16.nozzle_wys/run_0581_g3b_update_off/tp_update.h5,OFF,"x[70,ex]",g,C_round,1.2498837619112927e-16,9.508591138600359e-15
/home/ubuntu/forge-species-tp/case/16.nozzle_wys/run_0581_g3b_update_off/tp_update.h5,OFF,"x[70,ex]",Q2,C_round,1.5153729698534966e-12,1.1154128295041504e-10
/home/ubuntu/forge-species-tp/case/16.nozzle_wys/run_0581_g3b_update_off/tp_update.h5,OFF,"x[70,ex]",Q1,C_round,-9.288416710254128e-05,0.005092159566677876
/home/ubuntu/forge-species-tp/case/16.nozzle_wys/run_0581_g3b_update_off/tp_update.h5,OFF,"x[70,ex]",Q0,C_round,-5230.68663782795,340995.8766151472
/home/ubuntu/forge-species-tp/case/16.nozzle_wys/run_0581_g3b_update_off/tp_update.h5,OFF,"x[70,ex]",v,C_round,1.9490993672729216e-17,1.3386527117610746e-14
/home/ubuntu/forge-species-tp/case/16.nozzle_wys/run_0581_g3b_update_off/tp_update.h5,OFF,"x[70,ex]",w,C_floor (commit),0.0,0.0
/home/ubuntu/forge-species-tp/case/16.nozzle_wys/run_0581_g3b_update_off/tp_update.h5,OFF,"x[70,ex]",g,C_floor (commit),0.0,0.0
/home/ubuntu/forge-species-tp/case/16.nozzle_wys/run_0581_g3b_update_off/tp_update.h5,OFF,"x[70,ex]",Q2,C_floor (commit),0.0,0.0
/home/ubuntu/forge-species-tp/case/16.nozzle_wys/run_0581_g3b_update_off/tp_update.h5,OFF,"x[70,ex]",Q1,C_floor (commit),0.0,0.0
/home/ubuntu/forge-species-tp/case/16.nozzle_wys/run_0581_g3b_update_off/tp_update.h5,OFF,"x[70,ex]",Q0,C_floor (commit),3.2432090996923926e-37,3.2432090996923926e-37
/home/ubuntu/forge-species-tp/case/16.nozzle_wys/run_0581_g3b_update_off/tp_update.h5,OFF,"x[70,ex]",v,C_floor (commit),0.0,0.0
/home/ubuntu/forge-species-tp/case/16.nozzle_wys/run_0581_g3b_update_off/tp_update.h5,OFF,"x[70,ex]",w,C_renorm_scale,9.392001043032512e-16,6.828805875193922e-14
/home/ubuntu/forge-species-tp/case/16.nozzle_wys/run_0581_g3b_update_off/tp_update.h5,OFF,"x[70,ex]",g,C_renorm_scale,0.0,0.0
/home/ubuntu/forge-species-tp/case/16.nozzle_wys/run_0581_g3b_update_off/tp_update.h5,OFF,"x[70,ex]",Q2,C_renorm_scale,0.0,0.0
/home/ubuntu/forge-species-tp/case/16.nozzle_wys/run_0581_g3b_update_off/tp_update.h5,OFF,"x[70,ex]",Q1,C_renorm_scale,0.0,0.0
/home/ubuntu/forge-species-tp/case/16.nozzle_wys/run_0581_g3b_update_off/tp_update.h5,OFF,"x[70,ex]",Q0,C_renorm_scale,0.0,0.0
/home/ubuntu/forge-species-tp/case/16.nozzle_wys/run_0581_g3b_update_off/tp_update.h5,OFF,"x[70,ex]",v,C_renorm_scale,9.392001043032512e-16,6.828805875193922e-14
/home/ubuntu/forge-species-tp/case/16.nozzle_wys/run_0581_g3b_update_off/tp_update.h5,OFF,"x[70,ex]",w,C_add_rho_term,0.0,0.0
/home/ubuntu/forge-species-tp/case/16.nozzle_wys/run_0581_g3b_update_off/tp_update.h5,OFF,"x[70,ex]",g,C_add_rho_term,-1.7685868106596455e-15,1.1556002165961369e-13
/home/ubuntu/forge-species-tp/case/16.nozzle_wys/run_0581_g3b_update_off/tp_update.h5,OFF,"x[70,ex]",Q2,C_add_rho_term,-2.1501317332227197e-11,1.5969391024147853e-09
/home/ubuntu/forge-species-tp/case/16.nozzle_wys/run_0581_g3b_update_off/tp_update.h5,OFF,"x[70,ex]",Q1,C_add_rho_term,-0.0012693673509661368,0.09471148053403171
/home/ubuntu/forge-species-tp/case/16.nozzle_wys/run_0581_g3b_update_off/tp_update.h5,OFF,"x[70,ex]",Q0,C_add_rho_term,-82612.4025746774,6207010.018139598
/home/ubuntu/forge-species-tp/case/16.nozzle_wys/run_0581_g3b_update_off/tp_update.h5,OFF,"x[70,ex]",v,C_add_rho_term,1.7685868106596455e-15,1.1556002165961369e-13
/home/ubuntu/forge-species-tp/case/16.nozzle_wys/run_0581_g3b_update_off/tp_update.h5,OFF,"x[70,ex]",w,C_projection,0.0,0.0
/home/ubuntu/forge-species-tp/case/16.nozzle_wys/run_0581_g3b_update_off/tp_update.h5,OFF,"x[70,ex]",g,C_projection,0.0,0.0
/home/ubuntu/forge-species-tp/case/16.nozzle_wys/run_0581_g3b_update_off/tp_update.h5,OFF,"x[70,ex]",Q2,C_projection,-2.778681757095078e-41,2.778681757095078e-41
/home/ubuntu/forge-species-tp/case/16.nozzle_wys/run_0581_g3b_update_off/tp_update.h5,OFF,"x[70,ex]",Q1,C_projection,4.019235002877539e-34,4.019235002877539e-34
/home/ubuntu/forge-species-tp/case/16.nozzle_wys/run_0581_g3b_update_off/tp_update.h5,OFF,"x[70,ex]",Q0,C_projection,0.0,0.0
/home/ubuntu/forge-species-tp/case/16.nozzle_wys/run_0581_g3b_update_off/tp_update.h5,OFF,"x[70,ex]",v,C_projection,0.0,0.0
/home/ubuntu/forge-species-tp/case/16.nozzle_wys/run_0581_g3b_update_off/tp_update.h5,OFF,"x[70,ex]",w,C_droplet_removal (physical),0.0,0.0
/home/ubuntu/forge-species-tp/case/16.nozzle_wys/run_0581_g3b_update_off/tp_update.h5,OFF,"x[70,ex]",g,C_droplet_removal (physical),0.0,0.0
/home/ubuntu/forge-species-tp/case/16.nozzle_wys/run_0581_g3b_update_off/tp_update.h5,OFF,"x[70,ex]",Q2,C_droplet_removal (physical),0.0,0.0
/home/ubuntu/forge-species-tp/case/16.nozzle_wys/run_0581_g3b_update_off/tp_update.h5,OFF,"x[70,ex]",Q1,C_droplet_removal (physical),0.0,0.0
/home/ubuntu/forge-species-tp/case/16.nozzle_wys/run_0581_g3b_update_off/tp_update.h5,OFF,"x[70,ex]",Q0,C_droplet_removal (physical),-7.952058752912607e-46,7.952058752912607e-46
/home/ubuntu/forge-species-tp/case/16.nozzle_wys/run_0581_g3b_update_off/tp_update.h5,OFF,"x[70,ex]",v,C_droplet_removal (physical),0.0,0.0
/home/ubuntu/forge-species-tp/case/16.nozzle_wys/run_0581_g3b_update_off/tp_update.h5,OFF,"x[70,ex]",w,B_boundary_overwrite,0.0,0.0
/home/ubuntu/forge-species-tp/case/16.nozzle_wys/run_0581_g3b_update_off/tp_update.h5,OFF,"x[70,ex]",g,B_boundary_overwrite,0.0,0.0
/home/ubuntu/forge-species-tp/case/16.nozzle_wys/run_0581_g3b_update_off/tp_update.h5,OFF,"x[70,ex]",Q2,B_boundary_overwrite,0.0,0.0
/home/ubuntu/forge-species-tp/case/16.nozzle_wys/run_0581_g3b_update_off/tp_update.h5,OFF,"x[70,ex]",Q1,B_boundary_overwrite,0.0,0.0
/home/ubuntu/forge-species-tp/case/16.nozzle_wys/run_0581_g3b_update_off/tp_update.h5,OFF,"x[70,ex]",Q0,B_boundary_overwrite,0.0,0.0
/home/ubuntu/forge-species-tp/case/16.nozzle_wys/run_0581_g3b_update_off/tp_update.h5,OFF,"x[70,ex]",v,B_boundary_overwrite,0.0,0.0
/home/ubuntu/forge-species-tp/case/16.nozzle_wys/run_0581_g3b_update_off/tp_update.h5,OFF,"x[70,ex]",w,LHS,-1.2126767717228071e-15,
/home/ubuntu/forge-species-tp/case/16.nozzle_wys/run_0581_g3b_update_off/tp_update.h5,OFF,"x[70,ex]",w,E_bookkeeping,-7.359165055671036e-26,
/home/ubuntu/forge-species-tp/case/16.nozzle_wys/run_0581_g3b_update_off/tp_update.h5,OFF,"x[70,ex]",w,A_unclosed,1.4447936979026678e-16,
/home/ubuntu/forge-species-tp/case/16.nozzle_wys/run_0581_g3b_update_off/tp_update.h5,OFF,"x[70,ex]",w,B_unclosed,-7.35917738162268e-26,
/home/ubuntu/forge-species-tp/case/16.nozzle_wys/run_0581_g3b_update_off/tp_update.h5,OFF,"x[70,ex]",g,LHS,-6.518490790760149e-15,
/home/ubuntu/forge-species-tp/case/16.nozzle_wys/run_0581_g3b_update_off/tp_update.h5,OFF,"x[70,ex]",g,E_bookkeeping,6.522223078276804e-26,
/home/ubuntu/forge-species-tp/case/16.nozzle_wys/run_0581_g3b_update_off/tp_update.h5,OFF,"x[70,ex]",g,A_unclosed,1.2498837625635209e-16,
/home/ubuntu/forge-species-tp/case/16.nozzle_wys/run_0581_g3b_update_off/tp_update.h5,OFF,"x[70,ex]",g,B_unclosed,6.522282242844695e-26,
/home/ubuntu/forge-species-tp/case/16.nozzle_wys/run_0581_g3b_update_off/tp_update.h5,OFF,"x[70,ex]",Q2,LHS,-9.438688705830229e-11,
/home/ubuntu/forge-species-tp/case/16.nozzle_wys/run_0581_g3b_update_off/tp_update.h5,OFF,"x[70,ex]",Q2,E_bookkeeping,-5.557619740590655e-24,
/home/ubuntu/forge-species-tp/case/16.nozzle_wys/run_0581_g3b_update_off/tp_update.h5,OFF,"x[70,ex]",Q2,A_unclosed,1.5153729698479414e-12,
/home/ubuntu/forge-species-tp/case/16.nozzle_wys/run_0581_g3b_update_off/tp_update.h5,OFF,"x[70,ex]",Q2,B_unclosed,-5.555196359889816e-24,
/home/ubuntu/forge-species-tp/case/16.nozzle_wys/run_0581_g3b_update_off/tp_update.h5,OFF,"x[70,ex]",Q1,LHS,-0.007088102054481406,
/home/ubuntu/forge-species-tp/case/16.nozzle_wys/run_0581_g3b_update_off/tp_update.h5,OFF,"x[70,ex]",Q1,E_bookkeeping,8.218252467440124e-15,
/home/ubuntu/forge-species-tp/case/16.nozzle_wys/run_0581_g3b_update_off/tp_update.h5,OFF,"x[70,ex]",Q1,A_unclosed,-9.28841670943233e-05,
/home/ubuntu/forge-species-tp/case/16.nozzle_wys/run_0581_g3b_update_off/tp_update.h5,OFF,"x[70,ex]",Q1,B_unclosed,8.217981416897002e-15,
/home/ubuntu/forge-species-tp/case/16.nozzle_wys/run_0581_g3b_update_off/tp_update.h5,OFF,"x[70,ex]",Q0,LHS,-570990.0013165446,
/home/ubuntu/forge-species-tp/case/16.nozzle_wys/run_0581_g3b_update_off/tp_update.h5,OFF,"x[70,ex]",Q0,E_bookkeeping,-5.51925040781498e-07,
/home/ubuntu/forge-species-tp/case/16.nozzle_wys/run_0581_g3b_update_off/tp_update.h5,OFF,"x[70,ex]",Q0,A_unclosed,-5230.686638379906,
/home/ubuntu/forge-species-tp/case/16.nozzle_wys/run_0581_g3b_update_off/tp_update.h5,OFF,"x[70,ex]",Q0,B_unclosed,-5.519559636013582e-07,
/home/ubuntu/forge-species-tp/case/16.nozzle_wys/run_0581_g3b_update_off/tp_update.h5,OFF,"x[70,ex]",v,LHS,5.305814019037343e-15,
/home/ubuntu/forge-species-tp/case/16.nozzle_wys/run_0581_g3b_update_off/tp_update.h5,OFF,"x[70,ex]",v,E_bookkeeping,-1.3882216437898322e-25,
/home/ubuntu/forge-species-tp/case/16.nozzle_wys/run_0581_g3b_update_off/tp_update.h5,OFF,"x[70,ex]",v,A_unclosed,1.9490993533906805e-17,
/home/ubuntu/forge-species-tp/case/16.nozzle_wys/run_0581_g3b_update_off/tp_update.h5,OFF,"x[70,ex]",v,B_unclosed,-1.388224108980161e-25,
/home/ubuntu/forge-species-tp/case/16.nozzle_wys/run_0581_g3b_update_off/tp_update.h5,OFF,x35-70 wd<0.4,w,delta_limited,-5.223415981060578e-17,3.85445612849992e-15
/home/ubuntu/forge-species-tp/case/16.nozzle_wys/run_0581_g3b_update_off/tp_update.h5,OFF,x35-70 wd<0.4,g,delta_limited,-2.6445942071488914e-17,6.328534541260374e-16
/home/ubuntu/forge-species-tp/case/16.nozzle_wys/run_0581_g3b_update_off/tp_update.h5,OFF,x35-70 wd<0.4,Q2,delta_limited,-8.804123953278025e-14,4.66601761484051e-12
/home/ubuntu/forge-species-tp/case/16.nozzle_wys/run_0581_g3b_update_off/tp_update.h5,OFF,x35-70 wd<0.4,Q1,delta_limited,-9.303523668836754e-07,0.00014901843603258659
/home/ubuntu/forge-species-tp/case/16.nozzle_wys/run_0581_g3b_update_off/tp_update.h5,OFF,x35-70 wd<0.4,Q0,delta_limited,24.686529327455673,4968.443060280984
/home/ubuntu/forge-species-tp/case/16.nozzle_wys/run_0581_g3b_update_off/tp_update.h5,OFF,x35-70 wd<0.4,v,delta_limited,-2.5788217739116864e-17,3.884063588715755e-15
/home/ubuntu/forge-species-tp/case/16.nozzle_wys/run_0581_g3b_update_off/tp_update.h5,OFF,x35-70 wd<0.4,w,C_round,1.9531953262409924e-17,1.5975450180999552e-15
/home/ubuntu/forge-species-tp/case/16.nozzle_wys/run_0581_g3b_update_off/tp_update.h5,OFF,x35-70 wd<0.4,g,C_round,7.620784494701727e-19,5.2396915297827846e-17
/home/ubuntu/forge-species-tp/case/16.nozzle_wys/run_0581_g3b_update_off/tp_update.h5,OFF,x35-70 wd<0.4,Q2,C_round,-6.988151449677867e-15,3.3410600710683855e-13
/home/ubuntu/forge-species-tp/case/16.nozzle_wys/run_0581_g3b_update_off/tp_update.h5,OFF,x35-70 wd<0.4,Q1,C_round,5.414995726419611e-07,9.913614021351857e-06
/home/ubuntu/forge-species-tp/case/16.nozzle_wys/run_0581_g3b_update_off/tp_update.h5,OFF,x35-70 wd<0.4,Q0,C_round,-1.2432434885884343,277.80187183541346
/home/ubuntu/forge-species-tp/case/16.nozzle_wys/run_0581_g3b_update_off/tp_update.h5,OFF,x35-70 wd<0.4,v,C_round,1.876987481293975e-17,1.5984507799129277e-15
/home/ubuntu/forge-species-tp/case/16.nozzle_wys/run_0581_g3b_update_off/tp_update.h5,OFF,x35-70 wd<0.4,w,C_floor (commit),0.0,0.0
/home/ubuntu/forge-species-tp/case/16.nozzle_wys/run_0581_g3b_update_off/tp_update.h5,OFF,x35-70 wd<0.4,g,C_floor (commit),7.590450279236705e-44,7.590450279236705e-44
/home/ubuntu/forge-species-tp/case/16.nozzle_wys/run_0581_g3b_update_off/tp_update.h5,OFF,x35-70 wd<0.4,Q2,C_floor (commit),3.978108588698408e-40,3.978108588698408e-40
/home/ubuntu/forge-species-tp/case/16.nozzle_wys/run_0581_g3b_update_off/tp_update.h5,OFF,x35-70 wd<0.4,Q1,C_floor (commit),7.464056911723854e-33,7.464056911723854e-33
/home/ubuntu/forge-species-tp/case/16.nozzle_wys/run_0581_g3b_update_off/tp_update.h5,OFF,x35-70 wd<0.4,Q0,C_floor (commit),3.24908614573825e-28,3.24908614573825e-28
/home/ubuntu/forge-species-tp/case/16.nozzle_wys/run_0581_g3b_update_off/tp_update.h5,OFF,x35-70 wd<0.4,v,C_floor (commit),-7.590450279236705e-44,7.590450279236705e-44
/home/ubuntu/forge-species-tp/case/16.nozzle_wys/run_0581_g3b_update_off/tp_update.h5,OFF,x35-70 wd<0.4,w,C_renorm_scale,1.0572864582969283e-16,2.9888481529201445e-15
/home/ubuntu/forge-species-tp/case/16.nozzle_wys/run_0581_g3b_update_off/tp_update.h5,OFF,x35-70 wd<0.4,g,C_renorm_scale,0.0,0.0
/home/ubuntu/forge-species-tp/case/16.nozzle_wys/run_0581_g3b_update_off/tp_update.h5,OFF,x35-70 wd<0.4,Q2,C_renorm_scale,0.0,0.0
/home/ubuntu/forge-species-tp/case/16.nozzle_wys/run_0581_g3b_update_off/tp_update.h5,OFF,x35-70 wd<0.4,Q1,C_renorm_scale,0.0,0.0
/home/ubuntu/forge-species-tp/case/16.nozzle_wys/run_0581_g3b_update_off/tp_update.h5,OFF,x35-70 wd<0.4,Q0,C_renorm_scale,0.0,0.0
/home/ubuntu/forge-species-tp/case/16.nozzle_wys/run_0581_g3b_update_off/tp_update.h5,OFF,x35-70 wd<0.4,v,C_renorm_scale,1.0572864582969283e-16,2.9888481529201445e-15
/home/ubuntu/forge-species-tp/case/16.nozzle_wys/run_0581_g3b_update_off/tp_update.h5,OFF,x35-70 wd<0.4,w,C_add_rho_term,0.0,0.0
/home/ubuntu/forge-species-tp/case/16.nozzle_wys/run_0581_g3b_update_off/tp_update.h5,OFF,x35-70 wd<0.4,g,C_add_rho_term,6.138794823991206e-19,6.259326913718654e-17
/home/ubuntu/forge-species-tp/case/16.nozzle_wys/run_0581_g3b_update_off/tp_update.h5,OFF,x35-70 wd<0.4,Q2,C_add_rho_term,2.96498089621421e-14,4.201571711916904e-13
/home/ubuntu/forge-species-tp/case/16.nozzle_wys/run_0581_g3b_update_off/tp_update.h5,OFF,x35-70 wd<0.4,Q1,C_add_rho_term,1.1138350448348013e-06,1.1724370497557145e-05
/home/ubuntu/forge-species-tp/case/16.nozzle_wys/run_0581_g3b_update_off/tp_update.h5,OFF,x35-70 wd<0.4,Q0,C_add_rho_term,26.317378295632995,316.60174003940864
/home/ubuntu/forge-species-tp/case/16.nozzle_wys/run_0581_g3b_update_off/tp_update.h5,OFF,x35-70 wd<0.4,v,C_add_rho_term,-6.138794823991206e-19,6.259326913718654e-17
/home/ubuntu/forge-species-tp/case/16.nozzle_wys/run_0581_g3b_update_off/tp_update.h5,OFF,x35-70 wd<0.4,w,C_projection,0.0,0.0
/home/ubuntu/forge-species-tp/case/16.nozzle_wys/run_0581_g3b_update_off/tp_update.h5,OFF,x35-70 wd<0.4,g,C_projection,0.0,0.0
/home/ubuntu/forge-species-tp/case/16.nozzle_wys/run_0581_g3b_update_off/tp_update.h5,OFF,x35-70 wd<0.4,Q2,C_projection,-8.117844838211123e-41,6.011683748780384e-40
/home/ubuntu/forge-species-tp/case/16.nozzle_wys/run_0581_g3b_update_off/tp_update.h5,OFF,x35-70 wd<0.4,Q1,C_projection,-1.1464401708005464e-32,3.094403852698389e-32
/home/ubuntu/forge-species-tp/case/16.nozzle_wys/run_0581_g3b_update_off/tp_update.h5,OFF,x35-70 wd<0.4,Q0,C_projection,0.0,0.0
/home/ubuntu/forge-species-tp/case/16.nozzle_wys/run_0581_g3b_update_off/tp_update.h5,OFF,x35-70 wd<0.4,v,C_projection,0.0,0.0
/home/ubuntu/forge-species-tp/case/16.nozzle_wys/run_0581_g3b_update_off/tp_update.h5,OFF,x35-70 wd<0.4,w,C_droplet_removal (physical),0.0,0.0
/home/ubuntu/forge-species-tp/case/16.nozzle_wys/run_0581_g3b_update_off/tp_update.h5,OFF,x35-70 wd<0.4,g,C_droplet_removal (physical),0.0,0.0
/home/ubuntu/forge-species-tp/case/16.nozzle_wys/run_0581_g3b_update_off/tp_update.h5,OFF,x35-70 wd<0.4,Q2,C_droplet_removal (physical),-8.993146769102109e-49,8.993146769102109e-49
/home/ubuntu/forge-species-tp/case/16.nozzle_wys/run_0581_g3b_update_off/tp_update.h5,OFF,x35-70 wd<0.4,Q1,C_droplet_removal (physical),-9.19440019179068e-42,9.19440019179068e-42
/home/ubuntu/forge-species-tp/case/16.nozzle_wys/run_0581_g3b_update_off/tp_update.h5,OFF,x35-70 wd<0.4,Q0,C_droplet_removal (physical),-2.328549020577599e-34,2.328549020577599e-34
/home/ubuntu/forge-species-tp/case/16.nozzle_wys/run_0581_g3b_update_off/tp_update.h5,OFF,x35-70 wd<0.4,v,C_droplet_removal (physical),0.0,0.0
/home/ubuntu/forge-species-tp/case/16.nozzle_wys/run_0581_g3b_update_off/tp_update.h5,OFF,x35-70 wd<0.4,w,B_boundary_overwrite,0.0,0.0
/home/ubuntu/forge-species-tp/case/16.nozzle_wys/run_0581_g3b_update_off/tp_update.h5,OFF,x35-70 wd<0.4,g,B_boundary_overwrite,0.0,0.0
/home/ubuntu/forge-species-tp/case/16.nozzle_wys/run_0581_g3b_update_off/tp_update.h5,OFF,x35-70 wd<0.4,Q2,B_boundary_overwrite,0.0,0.0
/home/ubuntu/forge-species-tp/case/16.nozzle_wys/run_0581_g3b_update_off/tp_update.h5,OFF,x35-70 wd<0.4,Q1,B_boundary_overwrite,0.0,0.0
/home/ubuntu/forge-species-tp/case/16.nozzle_wys/run_0581_g3b_update_off/tp_update.h5,OFF,x35-70 wd<0.4,Q0,B_boundary_overwrite,0.0,0.0
/home/ubuntu/forge-species-tp/case/16.nozzle_wys/run_0581_g3b_update_off/tp_update.h5,OFF,x35-70 wd<0.4,v,B_boundary_overwrite,0.0,0.0
/home/ubuntu/forge-species-tp/case/16.nozzle_wys/run_0581_g3b_update_off/tp_update.h5,OFF,x35-70 wd<0.4,w,LHS,7.302643928068288e-17,
/home/ubuntu/forge-species-tp/case/16.nozzle_wys/run_0581_g3b_update_off/tp_update.h5,OFF,x35-70 wd<0.4,w,E_bookkeeping,-8.141044541880842e-28,
/home/ubuntu/forge-species-tp/case/16.nozzle_wys/run_0581_g3b_update_off/tp_update.h5,OFF,x35-70 wd<0.4,w,A_unclosed,1.9531953261595838e-17,
/home/ubuntu/forge-species-tp/case/16.nozzle_wys/run_0581_g3b_update_off/tp_update.h5,OFF,x35-70 wd<0.4,w,B_unclosed,-8.14085965260618e-28,
/home/ubuntu/forge-species-tp/case/16.nozzle_wys/run_0581_g3b_update_off/tp_update.h5,OFF,x35-70 wd<0.4,g,LHS,-2.506998414045115e-17,
/home/ubuntu/forge-species-tp/case/16.nozzle_wys/run_0581_g3b_update_off/tp_update.h5,OFF,x35-70 wd<0.4,g,E_bookkeeping,-8.315302683248999e-28,
/home/ubuntu/forge-species-tp/case/16.nozzle_wys/run_0581_g3b_update_off/tp_update.h5,OFF,x35-70 wd<0.4,g,A_unclosed,7.62078448638642e-19,
/home/ubuntu/forge-species-tp/case/16.nozzle_wys/run_0581_g3b_update_off/tp_update.h5,OFF,x35-70 wd<0.4,g,B_unclosed,-8.315306535108888e-28,
/home/ubuntu/forge-species-tp/case/16.nozzle_wys/run_0581_g3b_update_off/tp_update.h5,OFF,x35-70 wd<0.4,Q2,LHS,-6.537958201815603e-14,
/home/ubuntu/forge-species-tp/case/16.nozzle_wys/run_0581_g3b_update_off/tp_update.h5,OFF,x35-70 wd<0.4,Q2,E_bookkeeping,2.159989510916515e-24,
/home/ubuntu/forge-species-tp/case/16.nozzle_wys/run_0581_g3b_update_off/tp_update.h5,OFF,x35-70 wd<0.4,Q2,A_unclosed,-6.9881514475178715e-15,
/home/ubuntu/forge-species-tp/case/16.nozzle_wys/run_0581_g3b_update_off/tp_update.h5,OFF,x35-70 wd<0.4,Q2,B_unclosed,2.159995821803757e-24,
/home/ubuntu/forge-species-tp/case/16.nozzle_wys/run_0581_g3b_update_off/tp_update.h5,OFF,x35-70 wd<0.4,Q1,LHS,7.249822506565238e-07,
/home/ubuntu/forge-species-tp/case/16.nozzle_wys/run_0581_g3b_update_off/tp_update.h5,OFF,x35-70 wd<0.4,Q1,E_bookkeeping,6.343683851871632e-17,
/home/ubuntu/forge-species-tp/case/16.nozzle_wys/run_0581_g3b_update_off/tp_update.h5,OFF,x35-70 wd<0.4,Q1,A_unclosed,5.41499572705398e-07,
/home/ubuntu/forge-species-tp/case/16.nozzle_wys/run_0581_g3b_update_off/tp_update.h5,OFF,x35-70 wd<0.4,Q1,B_unclosed,6.343683851871632e-17,
/home/ubuntu/forge-species-tp/case/16.nozzle_wys/run_0581_g3b_update_off/tp_update.h5,OFF,x35-70 wd<0.4,Q0,LHS,49.76066414266606,
/home/ubuntu/forge-species-tp/case/16.nozzle_wys/run_0581_g3b_update_off/tp_update.h5,OFF,x35-70 wd<0.4,Q0,E_bookkeeping,8.16582712559466e-09,
/home/ubuntu/forge-species-tp/case/16.nozzle_wys/run_0581_g3b_update_off/tp_update.h5,OFF,x35-70 wd<0.4,Q0,A_unclosed,-1.2432434804226098,
/home/ubuntu/forge-species-tp/case/16.nozzle_wys/run_0581_g3b_update_off/tp_update.h5,OFF,x35-70 wd<0.4,Q0,B_unclosed,8.165824461059401e-09,
/home/ubuntu/forge-species-tp/case/16.nozzle_wys/run_0581_g3b_update_off/tp_update.h5,OFF,x35-70 wd<0.4,v,LHS,9.8096423421134e-17,
/home/ubuntu/forge-species-tp/case/16.nozzle_wys/run_0581_g3b_update_off/tp_update.h5,OFF,x35-70 wd<0.4,v,E_bookkeeping,1.741656967308265e-29,
/home/ubuntu/forge-species-tp/case/16.nozzle_wys/run_0581_g3b_update_off/tp_update.h5,OFF,x35-70 wd<0.4,v,A_unclosed,1.8769874812957152e-17,
/home/ubuntu/forge-species-tp/case/16.nozzle_wys/run_0581_g3b_update_off/tp_update.h5,OFF,x35-70 wd<0.4,v,B_unclosed,1.7401162233527553e-29,
/home/ubuntu/forge-species-tp/case/16.nozzle_wys/run_0581_g3b_update_off/tp_update.h5,OFF,x35-70 wd>=0.4,w,delta_limited,-6.984379378353199e-16,5.911984690018503e-14
/home/ubuntu/forge-species-tp/case/16.nozzle_wys/run_0581_g3b_update_off/tp_update.h5,OFF,x35-70 wd>=0.4,g,delta_limited,4.814269246922444e-15,7.30513713327278e-14
/home/ubuntu/forge-species-tp/case/16.nozzle_wys/run_0581_g3b_update_off/tp_update.h5,OFF,x35-70 wd>=0.4,Q2,delta_limited,1.5518998082422985e-10,1.1743473829799183e-09
/home/ubuntu/forge-species-tp/case/16.nozzle_wys/run_0581_g3b_update_off/tp_update.h5,OFF,x35-70 wd>=0.4,Q1,delta_limited,0.015275143336096505,0.08527451207603562
/home/ubuntu/forge-species-tp/case/16.nozzle_wys/run_0581_g3b_update_off/tp_update.h5,OFF,x35-70 wd>=0.4,Q0,delta_limited,1489924.7604123317,6808667.704659378
/home/ubuntu/forge-species-tp/case/16.nozzle_wys/run_0581_g3b_update_off/tp_update.h5,OFF,x35-70 wd>=0.4,v,delta_limited,-5.512707184757765e-15,5.89651035874788e-14
/home/ubuntu/forge-species-tp/case/16.nozzle_wys/run_0581_g3b_update_off/tp_update.h5,OFF,x35-70 wd>=0.4,w,C_round,-6.625282197284745e-17,1.1490168505899065e-14
/home/ubuntu/forge-species-tp/case/16.nozzle_wys/run_0581_g3b_update_off/tp_update.h5,OFF,x35-70 wd>=0.4,g,C_round,4.3259013074381036e-16,1.1503372949803676e-14
/home/ubuntu/forge-species-tp/case/16.nozzle_wys/run_0581_g3b_update_off/tp_update.h5,OFF,x35-70 wd>=0.4,Q2,C_round,5.043785840604724e-12,1.8655982789475337e-10
/home/ubuntu/forge-species-tp/case/16.nozzle_wys/run_0581_g3b_update_off/tp_update.h5,OFF,x35-70 wd>=0.4,Q1,C_round,0.00015531563420924572,0.01176372004236678
/home/ubuntu/forge-species-tp/case/16.nozzle_wys/run_0581_g3b_update_off/tp_update.h5,OFF,x35-70 wd>=0.4,Q0,C_round,-49286.55588644373,742360.1438994186
/home/ubuntu/forge-species-tp/case/16.nozzle_wys/run_0581_g3b_update_off/tp_update.h5,OFF,x35-70 wd>=0.4,v,C_round,-4.988429527166578e-16,1.5465422460436496e-14
/home/ubuntu/forge-species-tp/case/16.nozzle_wys/run_0581_g3b_update_off/tp_update.h5,OFF,x35-70 wd>=0.4,w,C_renorm_scale,2.55646301440165e-16,4.7867617168559427e-14
/home/ubuntu/forge-species-tp/case/16.nozzle_wys/run_0581_g3b_update_off/tp_update.h5,OFF,x35-70 wd>=0.4,g,C_renorm_scale,0.0,0.0
/home/ubuntu/forge-species-tp/case/16.nozzle_wys/run_0581_g3b_update_off/tp_update.h5,OFF,x35-70 wd>=0.4,Q2,C_renorm_scale,0.0,0.0
/home/ubuntu/forge-species-tp/case/16.nozzle_wys/run_0581_g3b_update_off/tp_update.h5,OFF,x35-70 wd>=0.4,Q1,C_renorm_scale,0.0,0.0
/home/ubuntu/forge-species-tp/case/16.nozzle_wys/run_0581_g3b_update_off/tp_update.h5,OFF,x35-70 wd>=0.4,Q0,C_renorm_scale,0.0,0.0
/home/ubuntu/forge-species-tp/case/16.nozzle_wys/run_0581_g3b_update_off/tp_update.h5,OFF,x35-70 wd>=0.4,v,C_renorm_scale,2.55646301440165e-16,4.7867617168559427e-14
/home/ubuntu/forge-species-tp/case/16.nozzle_wys/run_0581_g3b_update_off/tp_update.h5,OFF,x35-70 wd>=0.4,w,C_add_rho_term,0.0,0.0
/home/ubuntu/forge-species-tp/case/16.nozzle_wys/run_0581_g3b_update_off/tp_update.h5,OFF,x35-70 wd>=0.4,g,C_add_rho_term,8.330989754781249e-16,3.0620122266931235e-14
/home/ubuntu/forge-species-tp/case/16.nozzle_wys/run_0581_g3b_update_off/tp_update.h5,OFF,x35-70 wd>=0.4,Q2,C_add_rho_term,1.2140002671957493e-11,4.738953803992121e-10
/home/ubuntu/forge-species-tp/case/16.nozzle_wys/run_0581_g3b_update_off/tp_update.h5,OFF,x35-70 wd>=0.4,Q1,C_add_rho_term,0.0007871781707535774,0.030894947369404235
/home/ubuntu/forge-species-tp/case/16.nozzle_wys/run_0581_g3b_update_off/tp_update.h5,OFF,x35-70 wd>=0.4,Q0,C_add_rho_term,44449.07953166962,2001121.0900211334
/home/ubuntu/forge-species-tp/case/16.nozzle_wys/run_0581_g3b_update_off/tp_update.h5,OFF,x35-70 wd>=0.4,v,C_add_rho_term,-8.330989754781249e-16,3.0620122266931235e-14
/home/ubuntu/forge-species-tp/case/16.nozzle_wys/run_0581_g3b_update_off/tp_update.h5,OFF,x35-70 wd>=0.4,w,B_boundary_overwrite,0.0,0.0
/home/ubuntu/forge-species-tp/case/16.nozzle_wys/run_0581_g3b_update_off/tp_update.h5,OFF,x35-70 wd>=0.4,g,B_boundary_overwrite,0.0,0.0
/home/ubuntu/forge-species-tp/case/16.nozzle_wys/run_0581_g3b_update_off/tp_update.h5,OFF,x35-70 wd>=0.4,Q2,B_boundary_overwrite,0.0,0.0
/home/ubuntu/forge-species-tp/case/16.nozzle_wys/run_0581_g3b_update_off/tp_update.h5,OFF,x35-70 wd>=0.4,Q1,B_boundary_overwrite,0.0,0.0
/home/ubuntu/forge-species-tp/case/16.nozzle_wys/run_0581_g3b_update_off/tp_update.h5,OFF,x35-70 wd>=0.4,Q0,B_boundary_overwrite,0.0,0.0
/home/ubuntu/forge-species-tp/case/16.nozzle_wys/run_0581_g3b_update_off/tp_update.h5,OFF,x35-70 wd>=0.4,v,B_boundary_overwrite,0.0,0.0
/home/ubuntu/forge-species-tp/case/16.nozzle_wys/run_0581_g3b_update_off/tp_update.h5,OFF,x35-70 wd>=0.4,w,LHS,-5.090444583243088e-16,
/home/ubuntu/forge-species-tp/case/16.nozzle_wys/run_0581_g3b_update_off/tp_update.h5,OFF,x35-70 wd>=0.4,w,E_bookkeeping,4.3693526425994555e-26,
/home/ubuntu/forge-species-tp/case/16.nozzle_wys/run_0581_g3b_update_off/tp_update.h5,OFF,x35-70 wd>=0.4,w,A_unclosed,-6.625282192915395e-17,
/home/ubuntu/forge-species-tp/case/16.nozzle_wys/run_0581_g3b_update_off/tp_update.h5,OFF,x35-70 wd>=0.4,w,B_unclosed,4.3693501774091266e-26,
/home/ubuntu/forge-species-tp/case/16.nozzle_wys/run_0581_g3b_update_off/tp_update.h5,OFF,x35-70 wd>=0.4,g,LHS,6.079958353208172e-15,
/home/ubuntu/forge-species-tp/case/16.nozzle_wys/run_0581_g3b_update_off/tp_update.h5,OFF,x35-70 wd>=0.4,g,E_bookkeeping,6.379281482250756e-26,
/home/ubuntu/forge-species-tp/case/16.nozzle_wys/run_0581_g3b_update_off/tp_update.h5,OFF,x35-70 wd>=0.4,g,A_unclosed,4.3259013080760283e-16,
/home/ubuntu/forge-species-tp/case/16.nozzle_wys/run_0581_g3b_update_off/tp_update.h5,OFF,x35-70 wd>=0.4,g,B_unclosed,6.379246969586153e-26,
/home/ubuntu/forge-species-tp/case/16.nozzle_wys/run_0581_g3b_update_off/tp_update.h5,OFF,x35-70 wd>=0.4,Q2,LHS,1.7237376933722188e-10,
/home/ubuntu/forge-species-tp/case/16.nozzle_wys/run_0581_g3b_update_off/tp_update.h5,OFF,x35-70 wd>=0.4,Q2,E_bookkeeping,4.29823725797867e-22,
/home/ubuntu/forge-species-tp/case/16.nozzle_wys/run_0581_g3b_update_off/tp_update.h5,OFF,x35-70 wd>=0.4,Q2,A_unclosed,5.043785841034541e-12,
/home/ubuntu/forge-species-tp/case/16.nozzle_wys/run_0581_g3b_update_off/tp_update.h5,OFF,x35-70 wd>=0.4,Q2,B_unclosed,4.298164556557645e-22,
/home/ubuntu/forge-species-tp/case/16.nozzle_wys/run_0581_g3b_update_off/tp_update.h5,OFF,x35-70 wd>=0.4,Q1,LHS,0.01621763714101121,
/home/ubuntu/forge-species-tp/case/16.nozzle_wys/run_0581_g3b_update_off/tp_update.h5,OFF,x35-70 wd>=0.4,Q1,E_bookkeeping,-4.8117759776644675e-14,
/home/ubuntu/forge-species-tp/case/16.nozzle_wys/run_0581_g3b_update_off/tp_update.h5,OFF,x35-70 wd>=0.4,Q1,A_unclosed,0.00015531563416112774,
/home/ubuntu/forge-species-tp/case/16.nozzle_wys/run_0581_g3b_update_off/tp_update.h5,OFF,x35-70 wd>=0.4,Q1,B_unclosed,-4.811797661707917e-14,
/home/ubuntu/forge-species-tp/case/16.nozzle_wys/run_0581_g3b_update_off/tp_update.h5,OFF,x35-70 wd>=0.4,Q0,LHS,1485087.2840571404,
/home/ubuntu/forge-species-tp/case/16.nozzle_wys/run_0581_g3b_update_off/tp_update.h5,OFF,x35-70 wd>=0.4,Q0,E_bookkeeping,-4.172325134277344e-07,
/home/ubuntu/forge-species-tp/case/16.nozzle_wys/run_0581_g3b_update_off/tp_update.h5,OFF,x35-70 wd>=0.4,Q0,A_unclosed,-49286.55588686094,
/home/ubuntu/forge-species-tp/case/16.nozzle_wys/run_0581_g3b_update_off/tp_update.h5,OFF,x35-70 wd>=0.4,Q0,B_unclosed,-4.1720340959727764e-07,
/home/ubuntu/forge-species-tp/case/16.nozzle_wys/run_0581_g3b_update_off/tp_update.h5,OFF,x35-70 wd>=0.4,v,LHS,-6.5890028115324805e-15,
/home/ubuntu/forge-species-tp/case/16.nozzle_wys/run_0581_g3b_update_off/tp_update.h5,OFF,x35-70 wd>=0.4,v,E_bookkeeping,-2.0097020421410497e-26,
/home/ubuntu/forge-species-tp/case/16.nozzle_wys/run_0581_g3b_update_off/tp_update.h5,OFF,x35-70 wd>=0.4,v,A_unclosed,-4.988429527367552e-16,
/home/ubuntu/forge-species-tp/case/16.nozzle_wys/run_0581_g3b_update_off/tp_update.h5,OFF,x35-70 wd>=0.4,v,B_unclosed,-2.0097414851863107e-26,
/home/ubuntu/forge-species-tp/case/16.nozzle_wys/run_0581_g3b_update_off/tp_update.h5,OFF,pinned (ref),w,C_renorm_scale,7.983287992353018e-15,4.057170879538345e-14
/home/ubuntu/forge-species-tp/case/16.nozzle_wys/run_0581_g3b_update_off/tp_update.h5,OFF,pinned (ref),g,C_renorm_scale,0.0,0.0
/home/ubuntu/forge-species-tp/case/16.nozzle_wys/run_0581_g3b_update_off/tp_update.h5,OFF,pinned (ref),Q2,C_renorm_scale,0.0,0.0
/home/ubuntu/forge-species-tp/case/16.nozzle_wys/run_0581_g3b_update_off/tp_update.h5,OFF,pinned (ref),Q1,C_renorm_scale,0.0,0.0
/home/ubuntu/forge-species-tp/case/16.nozzle_wys/run_0581_g3b_update_off/tp_update.h5,OFF,pinned (ref),Q0,C_renorm_scale,0.0,0.0
/home/ubuntu/forge-species-tp/case/16.nozzle_wys/run_0581_g3b_update_off/tp_update.h5,OFF,pinned (ref),v,C_renorm_scale,7.983287992353018e-15,4.057170879538345e-14
/home/ubuntu/forge-species-tp/case/16.nozzle_wys/run_0581_g3b_update_off/tp_update.h5,OFF,pinned (ref),w,B_boundary_overwrite,0.0,0.0
/home/ubuntu/forge-species-tp/case/16.nozzle_wys/run_0581_g3b_update_off/tp_update.h5,OFF,pinned (ref),g,B_boundary_overwrite,0.0,0.0
/home/ubuntu/forge-species-tp/case/16.nozzle_wys/run_0581_g3b_update_off/tp_update.h5,OFF,pinned (ref),Q2,B_boundary_overwrite,0.0,0.0
/home/ubuntu/forge-species-tp/case/16.nozzle_wys/run_0581_g3b_update_off/tp_update.h5,OFF,pinned (ref),Q1,B_boundary_overwrite,0.0,0.0
/home/ubuntu/forge-species-tp/case/16.nozzle_wys/run_0581_g3b_update_off/tp_update.h5,OFF,pinned (ref),Q0,B_boundary_overwrite,0.0,0.0
/home/ubuntu/forge-species-tp/case/16.nozzle_wys/run_0581_g3b_update_off/tp_update.h5,OFF,pinned (ref),v,B_boundary_overwrite,0.0,0.0
/home/ubuntu/forge-species-tp/case/16.nozzle_wys/run_0581_g3b_update_off/tp_update.h5,OFF,pinned (ref),w,LHS,7.983287992353018e-15,
/home/ubuntu/forge-species-tp/case/16.nozzle_wys/run_0581_g3b_update_off/tp_update.h5,OFF,pinned (ref),w,E_bookkeeping,0.0,
/home/ubuntu/forge-species-tp/case/16.nozzle_wys/run_0581_g3b_update_off/tp_update.h5,OFF,pinned (ref),w,A_unclosed,0.0,
/home/ubuntu/forge-species-tp/case/16.nozzle_wys/run_0581_g3b_update_off/tp_update.h5,OFF,pinned (ref),w,B_unclosed,0.0,
/home/ubuntu/forge-species-tp/case/16.nozzle_wys/run_0581_g3b_update_off/tp_update.h5,OFF,pinned (ref),g,LHS,0.0,
/home/ubuntu/forge-species-tp/case/16.nozzle_wys/run_0581_g3b_update_off/tp_update.h5,OFF,pinned (ref),g,E_bookkeeping,0.0,
/home/ubuntu/forge-species-tp/case/16.nozzle_wys/run_0581_g3b_update_off/tp_update.h5,OFF,pinned (ref),g,A_unclosed,0.0,
/home/ubuntu/forge-species-tp/case/16.nozzle_wys/run_0581_g3b_update_off/tp_update.h5,OFF,pinned (ref),g,B_unclosed,0.0,
/home/ubuntu/forge-species-tp/case/16.nozzle_wys/run_0581_g3b_update_off/tp_update.h5,OFF,pinned (ref),Q2,LHS,0.0,
/home/ubuntu/forge-species-tp/case/16.nozzle_wys/run_0581_g3b_update_off/tp_update.h5,OFF,pinned (ref),Q2,E_bookkeeping,0.0,
/home/ubuntu/forge-species-tp/case/16.nozzle_wys/run_0581_g3b_update_off/tp_update.h5,OFF,pinned (ref),Q2,A_unclosed,0.0,
/home/ubuntu/forge-species-tp/case/16.nozzle_wys/run_0581_g3b_update_off/tp_update.h5,OFF,pinned (ref),Q2,B_unclosed,0.0,
/home/ubuntu/forge-species-tp/case/16.nozzle_wys/run_0581_g3b_update_off/tp_update.h5,OFF,pinned (ref),Q1,LHS,0.0,
/home/ubuntu/forge-species-tp/case/16.nozzle_wys/run_0581_g3b_update_off/tp_update.h5,OFF,pinned (ref),Q1,E_bookkeeping,0.0,
/home/ubuntu/forge-species-tp/case/16.nozzle_wys/run_0581_g3b_update_off/tp_update.h5,OFF,pinned (ref),Q1,A_unclosed,0.0,
/home/ubuntu/forge-species-tp/case/16.nozzle_wys/run_0581_g3b_update_off/tp_update.h5,OFF,pinned (ref),Q1,B_unclosed,0.0,
/home/ubuntu/forge-species-tp/case/16.nozzle_wys/run_0581_g3b_update_off/tp_update.h5,OFF,pinned (ref),Q0,LHS,0.0,
/home/ubuntu/forge-species-tp/case/16.nozzle_wys/run_0581_g3b_update_off/tp_update.h5,OFF,pinned (ref),Q0,E_bookkeeping,0.0,
/home/ubuntu/forge-species-tp/case/16.nozzle_wys/run_0581_g3b_update_off/tp_update.h5,OFF,pinned (ref),Q0,A_unclosed,0.0,
/home/ubuntu/forge-species-tp/case/16.nozzle_wys/run_0581_g3b_update_off/tp_update.h5,OFF,pinned (ref),Q0,B_unclosed,0.0,
/home/ubuntu/forge-species-tp/case/16.nozzle_wys/run_0581_g3b_update_off/tp_update.h5,OFF,pinned (ref),v,LHS,7.983287992353018e-15,
/home/ubuntu/forge-species-tp/case/16.nozzle_wys/run_0581_g3b_update_off/tp_update.h5,OFF,pinned (ref),v,E_bookkeeping,0.0,
/home/ubuntu/forge-species-tp/case/16.nozzle_wys/run_0581_g3b_update_off/tp_update.h5,OFF,pinned (ref),v,A_unclosed,0.0,
/home/ubuntu/forge-species-tp/case/16.nozzle_wys/run_0581_g3b_update_off/tp_update.h5,OFF,pinned (ref),v,B_unclosed,0.0,
