step,var,nS,S_A,S_B,S_BmA,S_ApmA,S_AdotBmA,all_A,all_B,all_BmA,all_ApmA,all_AdotBmA,psi_maxdiff_S,restore_mismatch
101,res_ro,240,1.24671e-05,6.43135e-06,1.61151e-05,3.66673e-12,-1.86882e-10,1.62412e-05,1.22375e-05,1.61158e-05,3.23e-08,-1.86869e-10,0,0
101,res_roK,240,9.77985e-06,4.40168e-06,1.13797e-05,4.43671e-09,-1.02884e-10,0.000490659,0.000490613,1.19219e-05,3.57827e-06,-9.32125e-11,0,0
101,res_roK_m,240,0,0,0,0,0,0,0,0,0,0,0,0
101,res_roOmega,240,446.752,571.348,131.702,0.00213821,54752.6,25871.2,25872.2,269.338,235.36,-11410.2,0,0
101,res_roOmega_m,240,0,0,0,0,0,0,0,0,0,0,0,0
101,res_roUx,240,0.00203593,0.00153209,0.00321695,2.93289e-08,-6.07324e-06,0.00435979,0.00414929,0.00321742,2.56369e-05,-6.07145e-06,0,0
101,res_roUx_m,240,0,0,0,0,0,0,0,0,0,0,0,0
101,res_roUy,240,0.00141144,0.00139105,0.000494231,2.74111e-06,-1.50703e-07,0.00182037,0.00180461,0.000496866,5.10257e-05,-1.52e-07,0,0
101,res_roUy_m,240,0,0,0,0,0,0,0,0,0,0,0,0
101,res_roUz,240,0,0,0,0,0,0,0,0,0,0,0,0
101,res_roUz_m,240,0,0,0,0,0,0,0,0,0,0,0,0
101,res_roY0,240,8.69303e-06,3.96649e-06,1.12565e-05,1.66772e-09,-9.32718e-11,1.34734e-05,1.10334e-05,1.12574e-05,3.81907e-08,-9.32624e-11,0,0
101,res_roY0_m,240,0,0,0,0,0,0,0,0,0,0,0,0
101,res_roY1,240,9.62672e-08,4.38845e-08,1.24623e-07,2.07666e-11,-1.14362e-14,1.49199e-07,1.22165e-07,1.24633e-07,3.25936e-10,-1.14346e-14,0,0
101,res_roY1_m,240,0,0,0,0,0,0,0,0,0,0,0,0
101,res_ro_m,240,0,0,0,0,0,0,0,0,0,0,0,0
101,res_roe,240,0.164228,0.131634,0.250942,4.76868e-07,-0.0363076,0.217975,0.194593,0.250945,0.000340682,-0.0363101,0,0
101,res_roe_m,240,0,0,0,0,0,0,0,0,0,0,0,0
102,res_ro,240,1.52056e-05,1.14551e-05,1.16387e-05,0,-1.17725e-10,1.72645e-05,1.40736e-05,1.16396e-05,3.2378e-08,-1.1774e-10,0,0
102,res_roK,240,1.20425e-05,8.97457e-06,8.10228e-06,3.32627e-09,-6.5063e-11,0.00048385,0.0004838,8.856e-06,3.44162e-06,-6.34287e-11,0,0
102,res_roK_m,240,0,0,0,0,0,0,0,0,0,0,0,0
102,res_roOmega,240,478.455,512.854,47.0887,0.00197211,15941.4,56571.3,56572,246.1,262.182,7618.61,0,0
102,res_roOmega_m,240,0,0,0,0,0,0,0,0,0,0,0,0
102,res_roUx,240,0.00246478,0.00188552,0.00224875,2.99547e-11,-3.78842e-06,0.00414917,0.0038333,0.00224954,2.65443e-05,-3.79096e-06,0,0
102,res_roUx_m,240,0,0,0,0,0,0,0,0,0,0,0,0
102,res_roUy,240,0.00160234,0.00151805,0.000346737,3.42339e-11,-1.91616e-07,0.00182285,0.00174952,0.000350734,5.23835e-05,-1.92491e-07,0,0
102,res_roUy_m,240,0,0,0,0,0,0,0,0,0,0,0,0
102,res_roUz,240,0,0,0,0,0,0,0,0,0,0,0,0
102,res_roUz_m,240,0,0,0,0,0,0,0,0,0,0,0,0
102,res_roY0,240,1.06148e-05,8.08062e-06,8.01641e-06,1.19915e-09,-5.58198e-11,1.33459e-05,1.14334e-05,8.0177e-06,3.96258e-08,-5.5837e-11,0,0
102,res_roY0_m,240,0,0,0,0,0,0,0,0,0,0,0,0
102,res_roY1,240,1.17501e-07,8.94375e-08,8.87517e-08,1.11959e-11,-6.8422e-15,1.47784e-07,1.26613e-07,8.87658e-08,3.7772e-10,-6.84436e-15,0,0
102,res_roY1_m,240,0,0,0,0,0,0,0,0,0,0,0,0
102,res_ro_m,240,0,0,0,0,0,0,0,0,0,0,0,0
102,res_roe,240,0.20168,0.15155,0.174388,2.73739e-09,-0.0240593,0.240461,0.200288,0.174411,0.000350164,-0.0240627,0,0
102,res_roe_m,240,0,0,0,0,0,0,0,0,0,0,0,0
103,res_ro,240,1.68222e-05,9.29564e-06,1.62994e-05,8.13687e-12,-2.31124e-10,1.83475e-05,1.18329e-05,1.6301e-05,3.18314e-08,-2.31167e-10,0,0
103,res_roK,240,1.30974e-05,7.25268e-06,1.13673e-05,2.44344e-09,-1.24077e-10,0.000476271,0.00047614,1.19923e-05,3.75492e-06,-1.34158e-10,0,0
103,res_roK_m,240,0,0,0,0,0,0,0,0,0,0,0,0
103,res_roOmega,240,328.775,373.921,67.5366,0.000550441,13581.4,54935.7,54936.4,246.974,255.743,9282.19,0,0
103,res_roOmega_m,240,0,0,0,0,0,0,0,0,0,0,0,0
103,res_roUx,240,0.00267255,0.00168728,0.00324587,2.09446e-08,-7.41566e-06,0.00382724,0.00321758,0.00324707,2.6089e-05,-7.41922e-06,0,0
103,res_roUx_m,240,0,0,0,0,0,0,0,0,0,0,0,0
103,res_roUy,240,0.00176753,0.00165882,0.000609053,2.7386e-06,-3.71712e-07,0.00194337,0.00184544,0.000611589,5.25894e-05,-3.72542e-07,0,0
103,res_roUy_m,240,0,0,0,0,0,0,0,0,0,0,0,0
103,res_roUz,240,0,0,0,0,0,0,0,0,0,0,0,0
103,res_roUz_m,240,0,0,0,0,0,0,0,0,0,0,0,0
103,res_roY0,240,1.1549e-05,6.17145e-06,1.12471e-05,2.30311e-09,-1.10895e-10,1.36328e-05,9.51425e-06,1.12494e-05,4.04487e-08,-1.1094e-10,0,0
103,res_roY0_m,240,0,0,0,0,0,0,0,0,0,0,0,0
103,res_roY1,240,1.27858e-07,6.83127e-08,1.24521e-07,2.36703e-11,-1.35933e-14,1.51016e-07,1.05456e-07,1.24545e-07,3.75872e-10,-1.35983e-14,0,0
103,res_roY1_m,240,0,0,0,0,0,0,0,0,0,0,0,0
103,res_ro_m,240,0,0,0,0,0,0,0,0,0,0,0,0
103,res_roe,240,0.190602,0.1394,0.231574,4.9152e-07,-0.0352616,0.238319,0.199802,0.231607,0.00035255,-0.0352585,0,0
103,res_roe_m,240,0,0,0,0,0,0,0,0,0,0,0,0
104,res_ro,240,1.70493e-05,1.14778e-05,1.46047e-05,8.34849e-12,-1.86118e-10,1.93253e-05,1.46466e-05,1.46073e-05,3.34668e-08,-1.86158e-10,0,0
104,res_roK,240,1.31436e-05,8.95405e-06,1.0031e-05,3.24249e-09,-9.65993e-11,0.000469325,0.000469186,1.07024e-05,3.80759e-06,-1.2244e-10,0,0
104,res_roK_m,240,0,0,0,0,0,0,0,0,0,0,0,0
104,res_roOmega,240,243.819,294.327,83.5086,0.000246664,10103.5,64445.2,64445.5,365.126,278.086,-45113.1,0,0
104,res_roOmega_m,240,0,0,0,0,0,0,0,0,0,0,0,0
104,res_roUx,240,0.0027778,0.00187288,0.00288517,1.6674e-08,-6.26635e-06,0.0045804,0.00409505,0.00288745,2.81062e-05,-6.27404e-06,0,0
104,res_roUx_m,240,0,0,0,0,0,0,0,0,0,0,0,0
104,res_roUy,240,0.00198218,0.00187011,0.00058002,2.74009e-06,-3.84079e-07,0.00220496,0.00210497,0.000582224,4.87179e-05,-3.84971e-07,0,0
104,res_roUy_m,240,0,0,0,0,0,0,0,0,0,0,0,0
104,res_roUz,240,0,0,0,0,0,0,0,0,0,0,0,0
104,res_roUz_m,240,0,0,0,0,0,0,0,0,0,0,0,0
104,res_roY0,240,1.16966e-05,7.99807e-06,9.92579e-06,6.50135e-10,-8.56815e-11,1.4758e-05,1.20396e-05,9.92953e-06,3.65135e-08,-8.57211e-11,0,0
104,res_roY0_m,240,0,0,0,0,0,0,0,0,0,0,0,0
104,res_roY1,240,1.29496e-07,8.85389e-08,1.09894e-07,6.97025e-12,-1.05034e-14,1.63482e-07,1.33401e-07,1.09935e-07,3.26977e-10,-1.05081e-14,0,0
104,res_roY1_m,240,0,0,0,0,0,0,0,0,0,0,0,0
104,res_ro_m,240,0,0,0,0,0,0,0,0,0,0,0,0
104,res_roe,240,0.166897,0.154289,0.180855,5.98623e-08,-0.0183789,0.21345,0.203729,0.181107,0.000365382,-0.0184275,0,0
104,res_roe_m,240,0,0,0,0,0,0,0,0,0,0,0,0
105,res_ro,240,1.52324e-05,1.08144e-05,1.42922e-05,0,-1.5967e-10,2.38717e-05,2.13289e-05,1.4296e-05,3.17833e-08,-1.59657e-10,0,0
105,res_roK,240,1.183e-05,8.43953e-06,1.00318e-05,1.40419e-09,-8.46796e-11,0.000461816,0.000461771,1.06385e-05,3.59582e-06,-7.71095e-11,0,0
105,res_roK_m,240,0,0,0,0,0,0,0,0,0,0,0,0
105,res_roOmega,240,186.201,240.442,100.158,0.00201545,6554.92,58787.2,58787.1,338.093,271.802,-62688.1,0,0
105,res_roOmega_m,240,0,0,0,0,0,0,0,0,0,0,0,0
105,res_roUx,240,0.00249742,0.00182615,0.00289602,9.54852e-10,-5.64459e-06,0.00462453,0.00430025,0.00289912,2.59408e-05,-5.64951e-06,0,0
105,res_roUx_m,240,0,0,0,0,0,0,0,0,0,0,0,0
105,res_roUy,240,0.00200169,0.00191653,0.00061279,4.4799e-11,-3.54596e-07,0.00214178,0.00206251,0.00061535,4.78131e-05,-3.55959e-07,0,0
105,res_roUy_m,240,0,0,0,0,0,0,0,0,0,0,0,0
105,res_roUz,240,0,0,0,0,0,0,0,0,0,0,0,0
105,res_roUz_m,240,0,0,0,0,0,0,0,0,0,0,0,0
105,res_roY0,240,1.04421e-05,7.29213e-06,9.92941e-06,2.60743e-09,-7.72277e-11,2.09649e-05,1.95912e-05,9.93486e-06,4.01058e-08,-7.72077e-11,0,0
105,res_roY0_m,240,0,0,0,0,0,0,0,0,0,0,0,0
105,res_roY1,240,1.15604e-07,8.07186e-08,1.0993e-07,2.50173e-11,-9.46672e-15,2.32132e-07,2.16914e-07,1.0999e-07,3.70589e-10,-9.46577e-15,0,0
105,res_roY1_m,240,0,0,0,0,0,0,0,0,0,0,0,0
105,res_ro_m,240,0,0,0,0,0,0,0,0,0,0,0,0
105,res_roe,240,0.172873,0.150761,0.223752,1.56011e-09,-0.0286107,0.294476,0.282048,0.223993,0.000343293,-0.0286688,0,0
105,res_roe_m,240,0,0,0,0,0,0,0,0,0,0,0,0
106,res_ro,240,1.4636e-05,1.10447e-05,1.30947e-05,1.82171e-12,-1.31849e-10,1.70929e-05,1.41503e-05,1.30996e-05,3.19754e-08,-1.31767e-10,0,0
106,res_roK,240,1.14767e-05,8.6951e-06,9.18719e-06,3.33195e-09,-7.02569e-11,0.000454582,0.000454514,9.74195e-06,3.38867e-06,-7.84436e-11,0,0
106,res_roK_m,240,0,0,0,0,0,0,0,0,0,0,0,0
106,res_roOmega,240,145.77,199.946,110.699,0.00201351,3237.59,32443,32444.5,333.251,399.293,-5057.19,0,0
106,res_roOmega_m,240,0,0,0,0,0,0,0,0,0,0,0,0
106,res_roUx,240,0.00242394,0.00186044,0.00263031,2.45334e-08,-4.6664e-06,0.00464627,0.00438094,0.00263435,2.58095e-05,-4.66747e-06,0,0
106,res_roUx_m,240,0,0,0,0,0,0,0,0,0,0,0,0
106,res_roUy,240,0.00157229,0.00158164,0.000377393,2.76755e-06,-5.646e-08,0.00223766,0.00224449,0.000381581,5.2831e-05,-5.7499e-08,0,0
106,res_roUy_m,240,0,0,0,0,0,0,0,0,0,0,0,0
106,res_roUz,240,0,0,0,0,0,0,0,0,0,0,0,0
106,res_roUz_m,240,0,0,0,0,0,0,0,0,0,0,0,0
106,res_roY0,240,1.02963e-05,7.62637e-06,9.09551e-06,2.21411e-09,-6.52902e-11,1.35016e-05,1.16068e-05,9.1024e-06,3.38238e-08,-6.52144e-11,0,0
106,res_roY0_m,240,0,0,0,0,0,0,0,0,0,0,0,0
106,res_roY1,240,1.14007e-07,8.44079e-08,1.00701e-07,1.51145e-11,-8.00674e-15,1.49514e-07,1.28517e-07,1.00777e-07,3.02083e-10,-7.9969e-15,0,0
106,res_roY1_m,240,0,0,0,0,0,0,0,0,0,0,0,0
106,res_ro_m,240,0,0,0,0,0,0,0,0,0,0,0,0
106,res_roe,240,0.1785,0.160249,0.165505,1.19576e-07,-0.0167872,0.235776,0.222255,0.165786,0.000345756,-0.0168392,0,0
106,res_roe_m,240,0,0,0,0,0,0,0,0,0,0,0,0
107,res_ro,240,1.46531e-05,9.99404e-06,1.46702e-05,7.51387e-12,-1.65023e-10,1.79149e-05,1.4373e-05,1.46759e-05,3.27116e-08,-1.6487e-10,0,0
107,res_roK,240,1.15996e-05,7.94872e-06,1.03633e-05,1.05555e-09,-8.93828e-11,0.000449926,0.00044983,1.09777e-05,3.49087e-06,-1.03381e-10,0,0
107,res_roK_m,240,0,0,0,0,0,0,0,0,0,0,0,0
107,res_roOmega,240,125.381,250.578,277.968,0.000508368,-15098.6,68012.1,68011.9,356.493,119.797,-79710.9,0,0
107,res_roOmega_m,240,0,0,0,0,0,0,0,0,0,0,0,0
107,res_roUx,240,0.00237584,0.00179208,0.00293133,2.14489e-08,-5.51289e-06,0.00476587,0.00450835,0.002936,2.71725e-05,-5.50419e-06,0,0
107,res_roUx_m,240,0,0,0,0,0,0,0,0,0,0,0,0
107,res_roUy,240,0.00146619,0.00140926,0.000498298,2.80277e-06,-2.05991e-07,0.00206462,0.00202515,0.000503326,5.80574e-05,-2.07391e-07,0,0
107,res_roUy_m,240,0,0,0,0,0,0,0,0,0,0,0,0
107,res_roUz,240,0,0,0,0,0,0,0,0,0,0,0,0
107,res_roUz_m,240,0,0,0,0,0,0,0,0,0,0,0,0
107,res_roY0,240,1.03435e-05,6.9865e-06,1.02618e-05,1.36925e-09,-8.1741e-11,1.45213e-05,1.23755e-05,1.02698e-05,4.02699e-08,-8.15922e-11,0,0
107,res_roY0_m,240,0,0,0,0,0,0,0,0,0,0,0,0
107,res_roY1,240,1.14532e-07,7.73208e-08,1.13612e-07,2.69956e-11,-1.00234e-14,1.6086e-07,1.37092e-07,1.137e-07,3.74105e-10,-1.00047e-14,0,0
107,res_roY1_m,240,0,0,0,0,0,0,0,0,0,0,0,0
107,res_ro_m,240,0,0,0,0,0,0,0,0,0,0,0,0
107,res_roe,240,0.176898,0.147686,0.221509,1.32995e-07,-0.0292739,0.225431,0.203324,0.221739,0.000350369,-0.0293232,0,0
107,res_roe_m,240,0,0,0,0,0,0,0,0,0,0,0,0
108,res_ro,240,1.51549e-05,1.09705e-05,1.17964e-05,0,-1.24236e-10,1.85298e-05,1.53171e-05,1.18045e-05,3.25285e-08,-1.24042e-10,0,0
108,res_roK,240,1.17449e-05,8.82076e-06,8.23244e-06,3.35628e-09,-6.39552e-11,0.000444376,0.00044433,8.99603e-06,3.58907e-06,-6.06849e-11,0,0
108,res_roK_m,240,0,0,0,0,0,0,0,0,0,0,0,0
108,res_roOmega,240,109.058,511.038,454.592,0.00808274,21306.1,65305.7,65306.7,539.845,259.954,-78383.5,0,0
108,res_roOmega_m,240,0,0,0,0,0,0,0,0,0,0,0,0
108,res_roUx,240,0.00246348,0.00187608,0.0023808,7.55025e-10,-4.10864e-06,0.00468873,0.00441609,0.00238717,2.66185e-05,-4.09047e-06,0,0
108,res_roUx_m,240,0,0,0,0,0,0,0,0,0,0,0,0
108,res_roUy,240,0.00150409,0.00148685,0.000397693,2.85731e-06,-1.04856e-07,0.00177689,0.00176263,0.00040188,5.2561e-05,-1.05988e-07,0,0
108,res_roUy_m,240,0,0,0,0,0,0,0,0,0,0,0,0
108,res_roUz,240,0,0,0,0,0,0,0,0,0,0,0,0
108,res_roUz_m,240,0,0,0,0,0,0,0,0,0,0,0,0
108,res_roY0,240,1.05419e-05,7.77337e-06,8.16038e-06,3.88641e-09,-5.86492e-11,1.49096e-05,1.31213e-05,8.17192e-06,3.59884e-08,-5.84543e-11,0,0
108,res_roY0_m,240,0,0,0,0,0,0,0,0,0,0,0,0
108,res_roY1,240,1.16707e-07,8.60334e-08,9.03468e-08,2.78778e-11,-7.19068e-15,1.65113e-07,1.45305e-07,9.04744e-08,3.17386e-10,-7.16729e-15,0,0
108,res_roY1_m,240,0,0,0,0,0,0,0,0,0,0,0,0
108,res_ro_m,240,0,0,0,0,0,0,0,0,0,0,0,0
108,res_roe,240,0.190921,0.150796,0.178009,2.79219e-09,-0.0226994,0.238468,0.207738,0.178279,0.000360383,-0.0227478,0,0
108,res_roe_m,240,0,0,0,0,0,0,0,0,0,0,0,0
109,res_ro,240,1.56786e-05,8.80532e-06,1.72197e-05,7.5001e-12,-2.324e-10,1.78891e-05,1.23414e-05,1.72251e-05,3.205e-08,-2.32207e-10,0,0
109,res_roK,240,1.2271e-05,6.96409e-06,1.21483e-05,1.82993e-09,-1.24829e-10,0.000439384,0.000439272,1.27078e-05,3.73611e-06,-1.30163e-10,0,0
109,res_roK_m,240,0,0,0,0,0,0,0,0,0,0,0,0
109,res_roOmega,240,239.351,759.937,547.07,3.2584e-05,110465,29829.3,29839.8,637.752,268.459,111663,0,0
109,res_roOmega_m,240,0,0,0,0,0,0,0,0,0,0,0,0
109,res_roUx,240,0.00250143,0.00169915,0.00340978,1.04141e-09,-7.49832e-06,0.00414197,0.00372248,0.00341395,2.67509e-05,-7.47707e-06,0,0
109,res_roUx_m,240,0,0,0,0,0,0,0,0,0,0,0,0
109,res_roUy,240,0.00147487,0.00140368,0.000568194,3.43056e-11,-2.63885e-07,0.00167719,0.00161471,0.000571092,5.3932e-05,-2.65909e-07,0,0
109,res_roUy_m,240,0,0,0,0,0,0,0,0,0,0,0,0
109,res_roUz,240,0,0,0,0,0,0,0,0,0,0,0,0
109,res_roUz_m,240,0,0,0,0,0,0,0,0,0,0,0,0
109,res_roY0,240,1.10209e-05,6.17665e-06,1.20313e-05,1.21425e-09,-1.1403e-10,1.39303e-05,1.05504e-05,1.20389e-05,3.46799e-08,-1.13839e-10,0,0
109,res_roY0_m,240,0,0,0,0,0,0,0,0,0,0,0,0
109,res_roY1,240,1.22037e-07,6.83602e-08,1.33201e-07,9.17907e-12,-1.39813e-14,1.54285e-07,1.16844e-07,1.33285e-07,3.24598e-10,-1.39581e-14,0,0
109,res_roY1_m,240,0,0,0,0,0,0,0,0,0,0,0,0
109,res_ro_m,240,0,0,0,0,0,0,0,0,0,0,0,0
109,res_roe,240,0.186424,0.135873,0.26151,9.53677e-07,-0.0423398,0.23194,0.193605,0.2617,0.000345289,-0.0424001,0,0
109,res_roe_m,240,0,0,0,0,0,0,0,0,0,0,0,0
110,res_ro,240,1.6e-05,1.2355e-05,1.12583e-05,0,-1.15051e-10,1.80803e-05,1.49666e-05,1.12648e-05,3.09377e-08,-1.14896e-10,0,0
110,res_roK,240,1.25925e-05,9.90184e-06,7.85226e-06,2.85303e-09,-6.10919e-11,0.000434126,0.000434064,8.5766e-06,3.5459e-06,-6.35842e-11,0,0
110,res_roK_m,240,0,0,0,0,0,0,0,0,0,0,0,0
110,res_roOmega,240,382.518,998.416,640.556,0.00201325,220102,70961.2,70968,675.053,272.916,251114,0,0
110,res_roOmega_m,240,0,0,0,0,0,0,0,0,0,0,0,0
110,res_roUx,240,0.00251508,0.00197465,0.00219148,1.0471e-09,-3.61449e-06,0.00409939,0.00379975,0.00219633,3.03149e-05,-3.59539e-06,0,0
110,res_roUx_m,240,0,0,0,0,0,0,0,0,0,0,0,0
110,res_roUy,240,0.00146408,0.00143328,0.000385187,4.46778e-11,-1.18796e-07,0.00170097,0.00167407,0.000391927,6.7196e-05,-1.22198e-07,0,0
110,res_roUy_m,240,0,0,0,0,0,0,0,0,0,0,0,0
110,res_roUz,240,0,0,0,0,0,0,0,0,0,0,0,0
110,res_roUz_m,240,0,0,0,0,0,0,0,0,0,0,0,0
110,res_roY0,240,1.12368e-05,8.83527e-06,7.79618e-06,1.04586e-09,-5.44916e-11,1.3986e-05,1.21589e-05,7.80533e-06,4.04809e-08,-5.43458e-11,0,0
110,res_roY0_m,240,0,0,0,0,0,0,0,0,0,0,0,0
110,res_roY1,240,1.24399e-07,9.77938e-08,8.63164e-08,2.58429e-11,-6.68095e-15,1.54932e-07,1.34703e-07,8.64174e-08,3.81553e-10,-6.66345e-15,0,0
110,res_roY1_m,240,0,0,0,0,0,0,0,0,0,0,0,0
110,res_ro_m,240,0,0,0,0,0,0,0,0,0,0,0,0
110,res_roe,240,0.1843,0.159218,0.159414,2.14042e-09,-0.0170143,0.228021,0.20826,0.159642,0.000340628,-0.0170533,0,0
110,res_roe_m,240,0,0,0,0,0,0,0,0,0,0,0,0
111,res_ro,240,1.50802e-05,9.54118e-06,1.55926e-05,5.87751e-11,-1.89753e-10,1.85794e-05,1.44608e-05,1.55961e-05,3.03777e-08,-1.89659e-10,0,0
111,res_roK,240,1.16882e-05,7.5792e-06,1.0949e-05,2.28464e-09,-9.95251e-11,0.000428518,0.000428448,1.15642e-05,3.76387e-06,-9.66278e-11,0,0
111,res_roK_m,240,0,0,0,0,0,0,0,0,0,0,0,0
111,res_roOmega,240,441.926,1153.41,733.813,1.70618e-05,298283,101860,101865,787.443,288.732,150887,0,0
111,res_roOmega_m,240,0,0,0,0,0,0,0,0,0,0,0,0
111,res_roUx,240,0.00243903,0.00174162,0.0031369,2.14186e-08,-6.37787e-06,0.00416641,0.00380584,0.00313934,2.44683e-05,-6.36499e-06,0,0
111,res_roUx_m,240,0,0,0,0,0,0,0,0,0,0,0,0
111,res_roUy,240,0.00152768,0.00151682,0.000540782,2.88306e-06,-1.62747e-07,0.00168429,0.00167553,0.000550091,5.06851e-05,-1.6602e-07,0,0
111,res_roUy_m,240,0,0,0,0,0,0,0,0,0,0,0,0
111,res_roUz,240,0,0,0,0,0,0,0,0,0,0,0,0
111,res_roUz_m,240,0,0,0,0,0,0,0,0,0,0,0,0
111,res_roY0,240,1.05908e-05,6.61976e-06,1.08528e-05,3.08477e-09,-9.30641e-11,1.50784e-05,1.26217e-05,1.08578e-05,3.76055e-08,-9.29711e-11,0,0
111,res_roY0_m,240,0,0,0,0,0,0,0,0,0,0,0,0
111,res_roY1,240,1.17263e-07,7.32849e-08,1.20155e-07,3.87874e-11,-1.14087e-14,1.67002e-07,1.39805e-07,1.2021e-07,3.41333e-10,-1.13973e-14,0,0
111,res_roY1_m,240,0,0,0,0,0,0,0,0,0,0,0,0
111,res_ro_m,240,0,0,0,0,0,0,0,0,0,0,0,0
111,res_roe,240,0.178348,0.147309,0.224964,4.95114e-07,-0.0303584,0.236425,0.213962,0.225129,0.000336119,-0.0304002,0,0
111,res_roe_m,240,0,0,0,0,0,0,0,0,0,0,0,0
112,res_ro,240,1.4803e-05,1.16936e-05,1.12364e-05,0,-1.04323e-10,1.76712e-05,1.51665e-05,1.12393e-05,3.27615e-08,-1.04284e-10,0,0
112,res_roK,240,1.16702e-05,9.32878e-06,7.81464e-06,1.70655e-09,-5.51184e-11,0.000423418,0.00042337,8.52167e-06,3.61179e-06,-5.66492e-11,0,0
112,res_roK_m,240,0,0,0,0,0,0,0,0,0,0,0,0
112,res_roOmega,240,416.163,1204.14,809.967,0.000123109,310360,71740.8,71749.9,860.622,320.607,285521,0,0
112,res_roOmega_m,240,0,0,0,0,0,0,0,0,0,0,0,0
112,res_roUx,240,0.00235976,0.00192045,0.00222154,1.6737e-09,-3.40779e-06,0.00484962,0.004654,0.0022234,2.66381e-05,-3.4013e-06,0,0
112,res_roUx_m,240,0,0,0,0,0,0,0,0,0,0,0,0
112,res_roUy,240,0.00149565,0.00144392,0.000417381,3.29684e-11,-1.63143e-07,0.00174419,0.00169974,0.000420948,5.43769e-05,-1.65134e-07,0,0
112,res_roUy_m,240,0,0,0,0,0,0,0,0,0,0,0,0
112,res_roUz,240,0,0,0,0,0,0,0,0,0,0,0,0
112,res_roUz_m,240,0,0,0,0,0,0,0,0,0,0,0,0
112,res_roY0,240,1.04662e-05,8.33221e-06,7.76873e-06,5.57327e-10,-5.02344e-11,1.41642e-05,1.26752e-05,7.77286e-06,3.97503e-08,-5.01911e-11,0,0
112,res_roY0_m,240,0,0,0,0,0,0,0,0,0,0,0,0
112,res_roY1,240,1.15871e-07,9.22378e-08,8.60115e-08,5.04676e-12,-6.15809e-15,1.56885e-07,1.40398e-07,8.60568e-08,3.75848e-10,-6.15345e-15,0,0
112,res_roY1_m,240,0,0,0,0,0,0,0,0,0,0,0,0
112,res_ro_m,240,0,0,0,0,0,0,0,0,0,0,0,0
112,res_roe,240,0.172997,0.160468,0.162276,2.9287e-09,-0.0152557,0.22414,0.21459,0.162518,0.000347867,-0.0153011,0,0
112,res_roe_m,240,0,0,0,0,0,0,0,0,0,0,0,0
113,res_ro,240,1.4506e-05,9.32743e-06,1.45022e-05,5.86889e-11,-1.66868e-10,1.71838e-05,1.31129e-05,1.45039e-05,3.40813e-08,-1.66849e-10,0,0
113,res_roK,240,1.14156e-05,7.30013e-06,1.02914e-05,2.57419e-09,-9.14687e-11,0.000418343,0.000418271,1.08867e-05,3.39565e-06,-8.9688e-11,0,0
113,res_roK_m,240,0,0,0,0,0,0,0,0,0,0,0,0
113,res_roOmega,240,360.862,1204.83,865.045,8.63937e-05,286550,86938.3,86945.8,897.264,306.428,249367,0,0
113,res_roOmega_m,240,0,0,0,0,0,0,0,0,0,0,0,0
113,res_roUx,240,0.00227543,0.00174511,0.00289127,6.07809e-10,-5.2458e-06,0.00403569,0.0037637,0.00289236,2.61992e-05,-5.24356e-06,0,0
113,res_roUx_m,240,0,0,0,0,0,0,0,0,0,0,0,0
113,res_roUy,240,0.00137551,0.00133044,0.000475608,3.04562e-11,-1.74081e-07,0.00165571,0.00161922,0.000481122,5.36275e-05,-1.7549e-07,0,0
113,res_roUy_m,240,0,0,0,0,0,0,0,0,0,0,0,0
113,res_roUz,240,0,0,0,0,0,0,0,0,0,0,0,0
113,res_roUz_m,240,0,0,0,0,0,0,0,0,0,0,0,0
113,res_roY0,240,1.01314e-05,6.47908e-06,1.02115e-05,2.29828e-09,-8.24707e-11,1.36276e-05,1.11861e-05,1.02138e-05,3.92266e-08,-8.24535e-11,0,0
113,res_roY0_m,240,0,0,0,0,0,0,0,0,0,0,0,0
113,res_roY1,240,1.12175e-07,7.17252e-08,1.13056e-07,3.25851e-11,-1.01103e-14,1.50941e-07,1.23913e-07,1.13083e-07,3.62126e-10,-1.01082e-14,0,0
113,res_roY1_m,240,0,0,0,0,0,0,0,0,0,0,0,0
113,res_ro_m,240,0,0,0,0,0,0,0,0,0,0,0,0
113,res_roe,240,0.180096,0.146072,0.230742,3.66074e-09,-0.0321696,0.229687,0.204155,0.230835,0.00036206,-0.0321807,0,0
113,res_roe_m,240,0,0,0,0,0,0,0,0,0,0,0,0
114,res_ro,240,1.46641e-05,1.06649e-05,1.19578e-05,0,-1.22142e-10,1.72228e-05,1.39788e-05,1.19596e-05,3.2344e-08,-1.22125e-10,0,0
114,res_roK,240,1.14098e-05,8.42989e-06,8.32787e-06,4.0769e-09,-6.42366e-11,0.000412786,0.000412724,9.12198e-06,3.46114e-06,-6.70826e-11,0,0
114,res_roK_m,240,0,0,0,0,0,0,0,0,0,0,0,0
114,res_roOmega,240,273.913,1115.29,860.762,0.002028,213968,88515.2,88519.3,927.714,362.844,-71153.6,0,0
114,res_roOmega_m,240,0,0,0,0,0,0,0,0,0,0,0,0
114,res_roUx,240,0.00234423,0.0018688,0.00236438,1.31429e-09,-3.79666e-06,0.00442453,0.00419309,0.00236569,2.65457e-05,-3.79548e-06,0,0
114,res_roUx_m,240,0,0,0,0,0,0,0,0,0,0,0,0
114,res_roUy,240,0.00137119,0.00137392,0.000361397,4.1076e-11,-6.15675e-08,0.00160494,0.00160767,0.000366015,5.15579e-05,-6.25971e-08,0,0
114,res_roUy_m,240,0,0,0,0,0,0,0,0,0,0,0,0
114,res_roUz,240,0,0,0,0,0,0,0,0,0,0,0,0
114,res_roUz_m,240,0,0,0,0,0,0,0,0,0,0,0,0
114,res_roY0,240,1.0165e-05,7.63243e-06,8.26899e-06,2.01774e-09,-5.67252e-11,1.35331e-05,1.17536e-05,8.27153e-06,3.55324e-08,-5.67079e-11,0,0
114,res_roY0_m,240,0,0,0,0,0,0,0,0,0,0,0,0
114,res_roY1,240,1.12551e-07,8.44963e-08,9.15474e-08,1.80037e-11,-6.95448e-15,1.49853e-07,1.30144e-07,9.15754e-08,3.16414e-10,-6.95223e-15,0,0
114,res_roY1_m,240,0,0,0,0,0,0,0,0,0,0,0,0
114,res_ro_m,240,0,0,0,0,0,0,0,0,0,0,0,0
114,res_roe,240,0.184276,0.152886,0.166302,1.18082e-07,-0.0191198,0.231625,0.207603,0.166383,0.000370424,-0.0191171,0,0
114,res_roe_m,240,0,0,0,0,0,0,0,0,0,0,0,0
115,res_ro,240,1.49511e-05,8.69676e-06,1.69682e-05,8.14767e-12,-2.1791e-10,1.82227e-05,1.35755e-05,1.69703e-05,3.20276e-08,-2.17882e-10,0,0
115,res_roK,240,1.14988e-05,6.69456e-06,1.20353e-05,3.27918e-09,-1.16126e-10,0.000407495,0.000407391,1.25611e-05,3.58688e-06,-1.21384e-10,0,0
115,res_roK_m,240,0,0,0,0,0,0,0,0,0,0,0,0
115,res_roOmega,240,147.593,951.556,835.942,0.000179742,92438.2,71543.5,71548.8,917.54,311.974,-41987.4,0,0
115,res_roOmega_m,240,0,0,0,0,0,0,0,0,0,0,0,0
115,res_roUx,240,0.00245966,0.00173283,0.00333742,1.41958e-08,-7.09278e-06,0.00425391,0.00388171,0.00333909,2.3462e-05,-7.08882e-06,0,0
115,res_roUx_m,240,0,0,0,0,0,0,0,0,0,0,0,0
115,res_roUy,240,0.00158067,0.00151279,0.000529531,2.9198e-06,-2.4519e-07,0.00185484,0.00179759,0.000532621,3.95132e-05,-2.46385e-07,0,0
115,res_roUy_m,240,0,0,0,0,0,0,0,0,0,0,0,0
115,res_roUz,240,0,0,0,0,0,0,0,0,0,0,0,0
115,res_roUz_m,240,0,0,0,0,0,0,0,0,0,0,0,0
115,res_roY0,240,1.04151e-05,6.22793e-06,1.19263e-05,9.43683e-10,-1.05963e-10,1.46504e-05,1.20447e-05,1.19293e-05,3.93993e-08,-1.05934e-10,0,0
115,res_roY0_m,240,0,0,0,0,0,0,0,0,0,0,0,0
115,res_roY1,240,1.15286e-07,6.89288e-08,1.3204e-07,1.07029e-12,-1.29871e-14,1.62255e-07,1.33426e-07,1.32073e-07,3.60164e-10,-1.29837e-14,0,0
115,res_roY1_m,240,0,0,0,0,0,0,0,0,0,0,0,0
115,res_ro_m,240,0,0,0,0,0,0,0,0,0,0,0,0
115,res_roe,240,0.183789,0.132947,0.254428,9.53676e-07,-0.0404185,0.232852,0.195327,0.254496,0.000351378,-0.0404177,0,0
115,res_roe_m,240,0,0,0,0,0,0,0,0,0,0,0,0
116,res_ro,240,1.43877e-05,1.23526e-05,9.74212e-06,7.51387e-12,-7.46633e-11,1.69041e-05,1.52138e-05,9.74714e-06,3.12835e-08,-7.46482e-11,0,0
116,res_roK,240,1.14882e-05,1.02589e-05,6.82054e-06,3.56173e-09,-3.66271e-11,0.000401133,0.000401089,7.64474e-06,3.71846e-06,-4.69912e-11,0,0
116,res_roK_m,240,0,0,0,0,0,0,0,0,0,0,0,0
116,res_roOmega,240,112.982,754.052,802.808,0.00809968,-44335.7,104045,104049,860.889,329.966,-36969,0,0
116,res_roOmega_m,240,0,0,0,0,0,0,0,0,0,0,0,0
116,res_roUx,240,0.0023264,0.00198289,0.00192836,2.32831e-08,-2.59944e-06,0.00484076,0.00468831,0.00193249,2.55645e-05,-2.59365e-06,0,0
116,res_roUx_m,240,0,0,0,0,0,0,0,0,0,0,0,0
116,res_roUy,240,0.00162873,0.00163365,0.000343852,2.9336e-06,-5.10968e-08,0.0018057,0.00181011,0.000348357,5.16143e-05,-5.27006e-08,0,0
116,res_roUy_m,240,0,0,0,0,0,0,0,0,0,0,0,0
116,res_roUz,240,0,0,0,0,0,0,0,0,0,0,0,0
116,res_roUz_m,240,0,0,0,0,0,0,0,0,0,0,0,0
116,res_roY0,240,1.01886e-05,8.9052e-06,6.77559e-06,1.59089e-09,-3.52067e-11,1.34493e-05,1.25103e-05,6.78269e-06,3.717e-08,-3.51902e-11,0,0
116,res_roY0_m,240,0,0,0,0,0,0,0,0,0,0,0,0
116,res_roY1,240,1.12825e-07,9.85985e-08,7.50122e-08,1.56463e-11,-4.31728e-15,1.48997e-07,1.38595e-07,7.50903e-08,3.36561e-10,-4.31497e-15,0,0
116,res_roY1_m,240,0,0,0,0,0,0,0,0,0,0,0,0
116,res_ro_m,240,0,0,0,0,0,0,0,0,0,0,0,0
116,res_roe,240,0.169169,0.157305,0.127156,4.91378e-07,-0.0100209,0.213526,0.204395,0.127411,0.000351987,-0.0100248,0,0
116,res_roe_m,240,0,0,0,0,0,0,0,0,0,0,0,0
117,res_ro,240,1.47238e-05,9.50102e-06,1.69856e-05,0,-2.07516e-10,1.66977e-05,1.23428e-05,1.69884e-05,3.17391e-08,-2.07538e-10,0,0
117,res_roK,240,1.20264e-05,8.14342e-06,1.19154e-05,4.31743e-10,-1.10149e-10,0.000396261,0.000396207,1.24228e-05,3.59958e-06,-9.85946e-11,0,0
117,res_roK_m,240,0,0,0,0,0,0,0,0,0,0,0,0
117,res_roOmega,240,272.894,551.532,723.399,0.00806897,-146795,45760.8,45763,777.907,213.542,-203907,0,0
117,res_roOmega_m,240,0,0,0,0,0,0,0,0,0,0,0,0
117,res_roUx,240,0.00227181,0.00170241,0.00335841,3.48617e-11,-6.77092e-06,0.00422216,0.00394773,0.0033607,2.45618e-05,-6.76815e-06,0,0
117,res_roUx_m,240,0,0,0,0,0,0,0,0,0,0,0,0
117,res_roUy,240,0.00148883,0.00141677,0.000590176,3.65754e-11,-2.7883e-07,0.00165589,0.00159114,0.000592747,5.22481e-05,-2.80801e-07,0,0
117,res_roUy_m,240,0,0,0,0,0,0,0,0,0,0,0,0
117,res_roUz,240,0,0,0,0,0,0,0,0,0,0,0,0
117,res_roUz_m,240,0,0,0,0,0,0,0,0,0,0,0,0
117,res_roY0,240,1.0228e-05,6.58856e-06,1.17979e-05,6.11237e-10,-1.00196e-10,1.28578e-05,1.02067e-05,1.18019e-05,3.7023e-08,-1.00217e-10,0,0
117,res_roY0_m,240,0,0,0,0,0,0,0,0,0,0,0,0
117,res_roY1,240,1.13238e-07,7.29334e-08,1.3062e-07,1.7053e-12,-1.22825e-14,1.42414e-07,1.1307e-07,1.30665e-07,3.45379e-10,-1.22851e-14,0,0
117,res_roY1_m,240,0,0,0,0,0,0,0,0,0,0,0,0
117,res_ro_m,240,0,0,0,0,0,0,0,0,0,0,0,0
117,res_roe,240,0.170515,0.141398,0.251809,4.76838e-07,-0.0362449,0.217962,0.19617,0.251964,0.00036449,-0.0362552,0,0
117,res_roe_m,240,0,0,0,0,0,0,0,0,0,0,0,0
118,res_ro,240,1.64623e-05,1.31807e-05,9.1993e-06,7.29028e-12,-9.0951e-11,1.84202e-05,1.55575e-05,9.20273e-06,3.25299e-08,-9.09795e-11,0,0
118,res_roK,240,1.2924e-05,1.0698e-05,6.35787e-06,1.33419e-09,-4.6503e-11,0.000391364,0.000391313,7.23271e-06,3.55787e-06,-4.60237e-11,0,0
118,res_roK_m,240,0,0,0,0,0,0,0,0,0,0,0,0
118,res_roOmega,240,415.335,416.435,616.374,0.0020716,-189501,37466.5,37470.7,658.985,307.029,-61240.8,0,0
118,res_roOmega_m,240,0,0,0,0,0,0,0,0,0,0,0,0
118,res_roUx,240,0.00259241,0.00200863,0.00173848,1.81604e-08,-2.85415e-06,0.00472183,0.00442888,0.00174165,2.8151e-05,-2.85701e-06,0,0
118,res_roUx_m,240,0,0,0,0,0,0,0,0,0,0,0,0
118,res_roUy,240,0.00170207,0.00164873,0.000320743,2.9535e-06,-1.40809e-07,0.00186916,0.0018204,0.00032823,6.4137e-05,-1.43809e-07,0,0
118,res_roUy_m,240,0,0,0,0,0,0,0,0,0,0,0,0
118,res_roUz,240,0,0,0,0,0,0,0,0,0,0,0,0
118,res_roUz_m,240,0,0,0,0,0,0,0,0,0,0,0,0
118,res_roY0,240,1.13527e-05,9.29098e-06,6.30752e-06,1.70353e-09,-4.11735e-11,1.39897e-05,1.23764e-05,6.31244e-06,3.77051e-08,-4.11914e-11,0,0
118,res_roY0_m,240,0,0,0,0,0,0,0,0,0,0,0,0
118,res_roY1,240,1.25687e-07,1.02863e-07,6.9833e-08,1.83852e-11,-5.0465e-15,1.54922e-07,1.37062e-07,6.9887e-08,3.39673e-10,-5.04947e-15,0,0
118,res_roY1_m,240,0,0,0,0,0,0,0,0,0,0,0,0
118,res_ro_m,240,0,0,0,0,0,0,0,0,0,0,0,0
118,res_roe,240,0.180213,0.167828,0.118703,4.95131e-07,-0.00920054,0.223576,0.213829,0.118995,0.000359797,-0.0092117,0,0
118,res_roe_m,240,0,0,0,0,0,0,0,0,0,0,0,0
119,res_ro,240,1.57941e-05,8.43089e-06,1.78515e-05,7.29065e-12,-2.48524e-10,1.77034e-05,1.16257e-05,1.78535e-05,3.23183e-08,-2.48501e-10,0,0
119,res_roK,240,1.23447e-05,6.76908e-06,1.24975e-05,2.80513e-09,-1.31379e-10,0.000387744,0.000387644,1.29572e-05,3.72261e-06,-1.2286e-10,0,0
119,res_roK_m,240,0,0,0,0,0,0,0,0,0,0,0,0
119,res_roOmega,240,479.118,357.65,548.712,1,-201363,57653.8,57653,620.96,301.412,-240036,0,0
119,res_roOmega_m,240,0,0,0,0,0,0,0,0,0,0,0,0
119,res_roUx,240,0.00251784,0.00159394,0.00359281,1.1215e-08,-8.35355e-06,0.00436819,0.0039104,0.00359444,2.9535e-05,-8.35491e-06,0,0
119,res_roUx_m,240,0,0,0,0,0,0,0,0,0,0,0,0
119,res_roUy,240,0.00205094,0.00193611,0.000723686,2.94514e-06,-4.90767e-07,0.00220166,0.00209496,0.00072741,5.93775e-05,-4.93805e-07,0,0
119,res_roUy_m,240,0,0,0,0,0,0,0,0,0,0,0,0
119,res_roUz,240,0,0,0,0,0,0,0,0,0,0,0,0
119,res_roUz_m,240,0,0,0,0,0,0,0,0,0,0,0,0
119,res_roY0,240,1.09561e-05,5.66176e-06,1.23687e-05,1.21229e-09,-1.20483e-10,1.35141e-05,9.73447e-06,1.23717e-05,3.91669e-08,-1.20465e-10,0,0
119,res_roY0_m,240,0,0,0,0,0,0,0,0,0,0,0,0
119,res_roY1,240,1.21302e-07,6.26697e-08,1.36939e-07,1.36625e-11,-1.47695e-14,1.49706e-07,1.0788e-07,1.36972e-07,3.64173e-10,-1.47675e-14,0,0
119,res_roY1_m,240,0,0,0,0,0,0,0,0,0,0,0,0
119,res_ro_m,240,0,0,0,0,0,0,0,0,0,0,0,0
119,res_roe,240,0.19046,0.138714,0.27009,2.73866e-09,-0.0449912,0.231517,0.191331,0.2702,0.000363475,-0.0450005,0,0
119,res_roe_m,240,0,0,0,0,0,0,0,0,0,0,0,0
120,res_ro,240,1.54577e-05,1.28992e-05,9.89631e-06,3.6665e-12,-8.52443e-11,1.90187e-05,1.70074e-05,9.89888e-06,3.44762e-08,-8.52249e-11,0,0
120,res_roK,240,1.21379e-05,1.03812e-05,6.9346e-06,1.71229e-09,-4.38242e-11,0.000381726,0.000381648,7.78922e-06,3.46724e-06,-6.01702e-11,0,0
120,res_roK_m,240,0,0,0,0,0,0,0,0,0,0,0,0
120,res_roOmega,240,449.282,345.313,503.113,0.00280571,-167868,42466.2,42466.6,549.832,260.647,-135133,0,0
120,res_roOmega_m,240,0,0,0,0,0,0,0,0,0,0,0,0
120,res_roUx,240,0.00239994,0.00197065,0.00191051,1.64342e-08,-2.76316e-06,0.004719,0.00451643,0.00191294,2.73388e-05,-2.76507e-06,0,0
120,res_roUx_m,240,0,0,0,0,0,0,0,0,0,0,0,0
120,res_roUy,240,0.00181218,0.00178622,0.000281383,2.92389e-06,-8.6311e-08,0.00196731,0.00194354,0.00028768,5.24192e-05,-8.78491e-08,0,0
120,res_roUy_m,240,0,0,0,0,0,0,0,0,0,0,0,0
120,res_roUz,240,0,0,0,0,0,0,0,0,0,0,0,0
120,res_roUz_m,240,0,0,0,0,0,0,0,0,0,0,0,0
120,res_roY0,240,1.07118e-05,9.13415e-06,6.87116e-06,1.44765e-09,-3.92614e-11,1.5325e-05,1.42702e-05,6.87481e-06,3.78671e-08,-3.924e-11,0,0
120,res_roY0_m,240,0,0,0,0,0,0,0,0,0,0,0,0
120,res_roY1,240,1.18589e-07,1.01132e-07,7.60726e-08,1.51793e-11,-4.81134e-15,1.6968e-07,1.58007e-07,7.61125e-08,3.47098e-10,-4.80904e-15,0,0
120,res_roY1_m,240,0,0,0,0,0,0,0,0,0,0,0,0
120,res_ro_m,240,0,0,0,0,0,0,0,0,0,0,0,0
120,res_roe,240,0.189765,0.169082,0.112236,5.92267e-08,-0.0100097,0.24172,0.22591,0.112526,0.00036524,-0.0100276,0,0
120,res_roe_m,240,0,0,0,0,0,0,0,0,0,0,0,0
121,res_ro,240,1.59855e-05,9.17437e-06,1.76048e-05,3.63915e-12,-2.40648e-10,1.91594e-05,1.39949e-05,1.76071e-05,3.09494e-08,-2.40617e-10,0,0
121,res_roK,240,1.27237e-05,7.63889e-06,1.23322e-05,8.85959e-10,-1.27811e-10,0.000376687,0.000376579,1.2761e-05,3.55428e-06,-1.22022e-10,0,0
121,res_roK_m,240,0,0,0,0,0,0,0,0,0,0,0,0
121,res_roOmega,240,331.925,311.283,482.433,0.00281851,-123009,42911.1,42909.8,543.705,350.929,-201043,0,0
121,res_roOmega_m,240,0,0,0,0,0,0,0,0,0,0,0,0
121,res_roUx,240,0.00241922,0.00165631,0.00351403,2.02763e-08,-7.72885e-06,0.0046084,0.00425978,0.00351595,2.53619e-05,-7.72678e-06,0,0
121,res_roUx_m,240,0,0,0,0,0,0,0,0,0,0,0,0
121,res_roUy,240,0.0017328,0.00167899,0.000624475,2.90604e-06,-2.86769e-07,0.0019589,0.00191184,0.000626604,5.18019e-05,-2.87389e-07,0,0
121,res_roUy_m,240,0,0,0,0,0,0,0,0,0,0,0,0
121,res_roUz,240,0,0,0,0,0,0,0,0,0,0,0,0
121,res_roUz_m,240,0,0,0,0,0,0,0,0,0,0,0,0
121,res_roY0,240,1.107e-05,6.28806e-06,1.2204e-05,1.96052e-09,-1.15971e-10,1.52207e-05,1.2199e-05,1.22073e-05,4.14289e-08,-1.15936e-10,0,0
121,res_roY0_m,240,0,0,0,0,0,0,0,0,0,0,0,0
121,res_roY1,240,1.22566e-07,6.96125e-08,1.35115e-07,1.3839e-11,-1.42163e-14,1.68573e-07,1.35117e-07,1.35151e-07,3.72108e-10,-1.4213e-14,0,0
121,res_roY1_m,240,0,0,0,0,0,0,0,0,0,0,0,0
121,res_ro_m,240,0,0,0,0,0,0,0,0,0,0,0,0
121,res_roe,240,0.184212,0.142107,0.267369,1.19602e-07,-0.0426131,0.246216,0.216614,0.267492,0.00034681,-0.0426265,0,0
121,res_roe_m,240,0,0,0,0,0,0,0,0,0,0,0,0
122,res_ro,240,1.49541e-05,1.28192e-05,8.20153e-06,0,-6.32794e-11,1.96009e-05,1.80305e-05,8.20802e-06,3.34702e-08,-6.32341e-11,0,0
122,res_roK,240,1.18102e-05,1.03627e-05,5.80575e-06,1.4817e-09,-3.29004e-11,0.000373026,0.000373,6.88786e-06,3.69861e-06,-3.356e-11,0,0
122,res_roK_m,240,0,0,0,0,0,0,0,0,0,0,0,0
122,res_roOmega,240,216.104,349.723,497.665,3.49367e-06,-86033,107659,107660,577.821,297.145,-40840.5,0,0
122,res_roOmega_m,240,0,0,0,0,0,0,0,0,0,0,0,0
122,res_roUx,240,0.00230492,0.00201007,0.0016496,7.56689e-10,-1.99671e-06,0.00455161,0.00441345,0.00165515,2.55605e-05,-1.9891e-06,0,0
122,res_roUx_m,240,0,0,0,0,0,0,0,0,0,0,0,0
122,res_roUy,240,0.00169888,0.00169486,0.000292941,2.85007e-11,-4.97295e-08,0.0020734,0.00207092,0.000299017,5.11429e-05,-4.9838e-08,0,0
122,res_roUy_m,240,0,0,0,0,0,0,0,0,0,0,0,0
122,res_roUz,240,0,0,0,0,0,0,0,0,0,0,0,0
122,res_roUz_m,240,0,0,0,0,0,0,0,0,0,0,0,0
122,res_roY0,240,1.04063e-05,9.03005e-06,5.75624e-06,7.1613e-10,-2.99422e-11,1.62917e-05,1.54553e-05,5.76528e-06,4.1953e-08,-2.98963e-11,0,0
122,res_roY0_m,240,0,0,0,0,0,0,0,0,0,0,0,0
122,res_roY1,240,1.15225e-07,9.99838e-08,6.37287e-08,8.99781e-12,-3.67066e-15,1.80437e-07,1.71177e-07,6.38283e-08,3.91576e-10,-3.66493e-15,0,0
122,res_roY1_m,240,0,0,0,0,0,0,0,0,0,0,0,0
122,res_ro_m,240,0,0,0,0,0,0,0,0,0,0,0,0
122,res_roe,240,0.175762,0.167511,0.111863,1.20597e-09,-0.00767283,0.233335,0.227327,0.112174,0.000353243,-0.00767529,0,0
122,res_roe_m,240,0,0,0,0,0,0,0,0,0,0,0,0
123,res_ro,240,1.41148e-05,8.1029e-06,1.73937e-05,0,-2.18057e-10,1.57697e-05,1.07438e-05,1.73982e-05,3.01293e-08,-2.17976e-10,0,0
123,res_roK,240,1.11459e-05,6.39277e-06,1.22884e-05,2.34989e-09,-1.17184e-10,0.000368694,0.000368601,1.27688e-05,3.68058e-06,-1.15834e-10,0,0
123,res_roK_m,240,0,0,0,0,0,0,0,0,0,0,0,0
123,res_roOmega,240,112.958,383.33,484.42,1.73743e-05,-50240.1,69477.6,69478.1,635.633,403.071,-165018,0,0
123,res_roOmega_m,240,0,0,0,0,0,0,0,0,0,0,0,0
123,res_roUx,240,0.00222603,0.00165709,0.00348167,6.52221e-10,-7.16566e-06,0.00350291,0.00318028,0.00348528,2.73754e-05,-7.15166e-06,0,0
123,res_roUx_m,240,0,0,0,0,0,0,0,0,0,0,0,0
123,res_roUy,240,0.00159094,0.00154351,0.000595369,3.60894e-11,-2.51554e-07,0.00184864,0.00180852,0.000598024,5.48936e-05,-2.52173e-07,0,0
123,res_roUy_m,240,0,0,0,0,0,0,0,0,0,0,0,0
123,res_roUz,240,0,0,0,0,0,0,0,0,0,0,0,0
123,res_roUz_m,240,0,0,0,0,0,0,0,0,0,0,0,0
123,res_roY0,240,9.97966e-06,5.52078e-06,1.21627e-05,1.84697e-09,-1.08523e-10,1.21645e-05,8.8976e-06,1.21689e-05,3.97178e-08,-1.08445e-10,0,0
123,res_roY0_m,240,0,0,0,0,0,0,0,0,0,0,0,0
123,res_roY1,240,1.1049e-07,6.11141e-08,1.34659e-07,1.35915e-11,-1.3303e-14,1.34737e-07,9.85844e-08,1.34728e-07,3.68206e-10,-1.32933e-14,0,0
123,res_roY1_m,240,0,0,0,0,0,0,0,0,0,0,0,0
123,res_ro_m,240,0,0,0,0,0,0,0,0,0,0,0,0
123,res_roe,240,0.176903,0.136621,0.26507,4.76862e-07,-0.0414457,0.225455,0.195635,0.265207,0.00032768,-0.041446,0,0
123,res_roe_m,240,0,0,0,0,0,0,0,0,0,0,0,0
124,res_ro,240,1.50017e-05,1.28788e-05,6.68865e-06,0,-5.19618e-11,1.72226e-05,1.54187e-05,6.69898e-06,3.256e-08,-5.18786e-11,0,0
124,res_roK,240,1.17594e-05,1.02532e-05,4.66597e-06,3.09951e-09,-2.74628e-11,0.000364633,0.000364585,6.09397e-06,3.75109e-06,-3.59391e-11,0,0
124,res_roK_m,240,0,0,0,0,0,0,0,0,0,0,0,0
124,res_roOmega,240,168.566,398.002,456.099,0.000183944,-39017.7,32659.2,32662.1,533.165,322.207,-49205,0,0
124,res_roOmega_m,240,0,0,0,0,0,0,0,0,0,0,0,0
124,res_roUx,240,0.00240349,0.00204448,0.00132094,6.89225e-10,-1.67086e-06,0.00390943,0.0037064,0.00132946,2.6859e-05,-1.65686e-06,0,0
124,res_roUx_m,240,0,0,0,0,0,0,0,0,0,0,0,0
124,res_roUy,240,0.00138685,0.00139479,0.000202119,4.70064e-11,-9.37962e-09,0.001722,0.00172825,0.000208675,5.38402e-05,-1.09806e-08,0,0
124,res_roUy_m,240,0,0,0,0,0,0,0,0,0,0,0,0
124,res_roUz,240,0,0,0,0,0,0,0,0,0,0,0,0
124,res_roUz_m,240,0,0,0,0,0,0,0,0,0,0,0,0
124,res_roY0,240,1.05222e-05,9.12076e-06,4.6291e-06,7.50231e-10,-2.44786e-11,1.34439e-05,1.23897e-05,4.64377e-06,3.8844e-08,-2.43992e-11,0,0
124,res_roY0_m,240,0,0,0,0,0,0,0,0,0,0,0,0
124,res_roY1,240,1.16489e-07,1.00972e-07,5.1249e-08,8.90947e-12,-3.00036e-15,1.48906e-07,1.37244e-07,5.14106e-08,3.5336e-10,-2.99e-15,0,0
124,res_roY1_m,240,0,0,0,0,0,0,0,0,0,0,0,0
124,res_ro_m,240,0,0,0,0,0,0,0,0,0,0,0,0
124,res_roe,240,0.186549,0.16492,0.113924,2.18051e-09,-0.0102903,0.239296,0.223011,0.114241,0.000348027,-0.0102898,0,0
124,res_roe_m,240,0,0,0,0,0,0,0,0,0,0,0,0
125,res_ro,240,1.72553e-05,7.20366e-06,2.01154e-05,4.09393e-12,-3.2524e-10,1.95498e-05,1.16909e-05,2.0119e-05,3.20081e-08,-3.25148e-10,0,0
125,res_roK,240,1.34642e-05,5.46998e-06,1.41732e-05,1.80139e-09,-1.76121e-10,0.000362228,0.000362033,1.46168e-05,3.56195e-06,-1.77725e-10,0,0
125,res_roK_m,240,0,0,0,0,0,0,0,0,0,0,0,0
125,res_roOmega,240,271.799,492.397,443.735,0.00282235,-14160.4,67563,67564.7,556.958,354.573,-38310.5,0,0
125,res_roOmega_m,240,0,0,0,0,0,0,0,0,0,0,0,0
125,res_roUx,240,0.00276608,0.00158665,0.00399699,2.65761e-08,-1.05548e-05,0.00384734,0.00311724,0.00399983,2.69875e-05,-1.05417e-05,0,0
125,res_roUx_m,240,0,0,0,0,0,0,0,0,0,0,0,0
125,res_roUy,240,0.00132863,0.0012559,0.000649389,2.85749e-06,-3.04844e-07,0.00159671,0.00153752,0.000655397,5.37646e-05,-3.07529e-07,0,0
125,res_roUy_m,240,0,0,0,0,0,0,0,0,0,0,0,0
125,res_roUz,240,0,0,0,0,0,0,0,0,0,0,0,0
125,res_roUz_m,240,0,0,0,0,0,0,0,0,0,0,0,0
125,res_roY0,240,1.21445e-05,4.79533e-06,1.40242e-05,1.54795e-09,-1.60586e-10,1.51697e-05,1.02933e-05,1.40293e-05,3.87238e-08,-1.60495e-10,0,0
125,res_roY0_m,240,0,0,0,0,0,0,0,0,0,0,0,0
125,res_roY1,240,1.34459e-07,5.30922e-08,1.55265e-07,1.82465e-11,-1.96838e-14,1.6802e-07,1.14064e-07,1.55321e-07,3.59726e-10,-1.96724e-14,0,0
125,res_roY1_m,240,0,0,0,0,0,0,0,0,0,0,0,0
125,res_ro_m,240,0,0,0,0,0,0,0,0,0,0,0,0
125,res_roe,240,0.205598,0.130261,0.29427,1.19285e-07,-0.0559486,0.25438,0.198697,0.294399,0.000363969,-0.0559496,0,0
125,res_roe_m,240,0,0,0,0,0,0,0,0,0,0,0,0
126,res_ro,240,1.82353e-05,1.35688e-05,1.0143e-05,1.42109e-13,-1.25648e-10,1.93269e-05,1.5013e-05,1.01492e-05,3.27866e-08,-1.25571e-10,0,0
126,res_roK,240,1.40917e-05,1.0749e-05,7.04127e-06,3.73812e-09,-6.63068e-11,0.000357639,0.000357539,8.03639e-06,3.7378e-06,-6.80088e-11,0,0
126,res_roK_m,240,0,0,0,0,0,0,0,0,0,0,0,0
126,res_roOmega,240,300.573,455.011,330.717,0.000488411,3658.88,39463.1,39461.4,406.637,210.864,-148165,0,0
126,res_roOmega_m,240,0,0,0,0,0,0,0,0,0,0,0,0
126,res_roUx,240,0.00293889,0.00209804,0.00200137,2.50507e-08,-4.12039e-06,0.00413448,0.0035922,0.00200637,2.76272e-05,-4.10777e-06,0,0
126,res_roUx_m,240,0,0,0,0,0,0,0,0,0,0,0,0
126,res_roUy,240,0.00148634,0.00141365,0.000301702,2.82718e-06,-1.50908e-07,0.00166829,0.00160348,0.000307117,6.39042e-05,-1.53194e-07,0,0
126,res_roUy_m,240,0,0,0,0,0,0,0,0,0,0,0,0
126,res_roUz,240,0,0,0,0,0,0,0,0,0,0,0,0
126,res_roUz_m,240,0,0,0,0,0,0,0,0,0,0,0,0
126,res_roY0,240,1.28038e-05,9.71935e-06,6.97158e-06,1.44741e-09,-5.90379e-11,1.42844e-05,1.16124e-05,6.98036e-06,3.82119e-08,-5.89603e-11,0,0
126,res_roY0_m,240,0,0,0,0,0,0,0,0,0,0,0,0
126,res_roY1,240,1.41732e-07,1.0758e-07,7.71836e-08,4.41819e-12,-7.23594e-15,1.58171e-07,1.28595e-07,7.72806e-08,3.53591e-10,-7.22684e-15,0,0
126,res_roY1_m,240,0,0,0,0,0,0,0,0,0,0,0,0
126,res_ro_m,240,0,0,0,0,0,0,0,0,0,0,0,0
126,res_roe,240,0.204418,0.168779,0.105823,4.3719e-09,-0.0122494,0.24546,0.216845,0.106191,0.000356268,-0.0122527,0,0
126,res_roe_m,240,0,0,0,0,0,0,0,0,0,0,0,0
127,res_ro,240,1.58467e-05,7.98887e-06,1.83313e-05,4.09312e-12,-2.61666e-10,1.80729e-05,1.18183e-05,1.83356e-05,3.2556e-08,-2.61576e-10,0,0
127,res_roK,240,1.24081e-05,6.22943e-06,1.30022e-05,1.99625e-09,-1.42105e-10,0.000355012,0.000354857,1.34809e-05,3.79509e-06,-1.45775e-10,0,0
127,res_roK_m,240,0,0,0,0,0,0,0,0,0,0,0,0
127,res_roOmega,240,282.496,333.155,127.338,0.000122189,7486.78,99347,99346.8,270.807,249.386,-58591.5,0,0
127,res_roOmega_m,240,0,0,0,0,0,0,0,0,0,0,0,0
127,res_roUx,240,0.00255514,0.00166205,0.0037036,2.65958e-08,-8.74149e-06,0.00477782,0.00437271,0.00370691,2.55593e-05,-8.7241e-06,0,0
127,res_roUx_m,240,0,0,0,0,0,0,0,0,0,0,0,0
127,res_roUy,240,0.0015979,0.00154415,0.000623894,2.79888e-06,-2.79069e-07,0.00174412,0.00169469,0.000626353,4.90715e-05,-2.81159e-07,0,0
127,res_roUy_m,240,0,0,0,0,0,0,0,0,0,0,0,0
127,res_roUz,240,0,0,0,0,0,0,0,0,0,0,0,0
127,res_roUz_m,240,0,0,0,0,0,0,0,0,0,0,0,0
127,res_roY0,240,1.13182e-05,5.5167e-06,1.28659e-05,3.04651e-09,-1.316e-10,1.42123e-05,1.02299e-05,1.2872e-05,3.85316e-08,-1.31515e-10,0,0
127,res_roY0_m,240,0,0,0,0,0,0,0,0,0,0,0,0
127,res_roY1,240,1.25305e-07,6.10838e-08,1.42441e-07,2.46905e-11,-1.61298e-14,1.57402e-07,1.13336e-07,1.42508e-07,3.62178e-10,-1.61195e-14,0,0
127,res_roY1_m,240,0,0,0,0,0,0,0,0,0,0,0,0
127,res_ro_m,240,0,0,0,0,0,0,0,0,0,0,0,0
127,res_roe,240,0.176454,0.134521,0.271181,5.96504e-08,-0.0432896,0.226846,0.196207,0.271294,0.000361329,-0.0432811,0,0
127,res_roe_m,240,0,0,0,0,0,0,0,0,0,0,0,0
128,res_ro,240,1.40163e-05,1.31376e-05,5.96023e-06,5.88015e-11,-2.96928e-11,1.86412e-05,1.79944e-05,5.96863e-06,3.22481e-08,-2.96609e-11,0,0
128,res_roK,240,1.10646e-05,1.0508e-05,4.23489e-06,2.27376e-09,-1.49705e-11,0.000350653,0.000350655,5.49501e-06,3.54832e-06,-1.44263e-11,0,0
128,res_roK_m,240,0,0,0,0,0,0,0,0,0,0,0,0
128,res_roOmega,240,201.137,257.73,78.698,0.00195324,9887.52,66024.3,66024.6,246.884,331.742,-7178.07,0,0
128,res_roOmega_m,240,0,0,0,0,0,0,0,0,0,0,0,0
128,res_roUx,240,0.0022614,0.00208344,0.00116848,1.84393e-08,-1.06927e-06,0.00483346,0.00475681,0.00117531,2.67319e-05,-1.05824e-06,0,0
128,res_roUx_m,240,0,0,0,0,0,0,0,0,0,0,0,0
128,res_roUy,240,0.00125899,0.00120961,0.00020983,2.77955e-06,-8.29578e-08,0.00146537,0.00142255,0.000216199,5.05766e-05,-8.5207e-08,0,0
128,res_roUy_m,240,0,0,0,0,0,0,0,0,0,0,0,0
128,res_roUz,240,0,0,0,0,0,0,0,0,0,0,0,0
128,res_roUz_m,240,0,0,0,0,0,0,0,0,0,0,0,0
128,res_roY0,240,9.99595e-06,9.47841e-06,4.20211e-06,1.49357e-09,-1.38682e-11,1.57363e-05,1.54179e-05,4.21384e-06,3.88816e-08,-1.38389e-11,0,0
128,res_roY0_m,240,0,0,0,0,0,0,0,0,0,0,0,0
128,res_roY1,240,1.10653e-07,1.04924e-07,4.65225e-08,1.61212e-12,-1.69973e-15,1.74245e-07,1.70722e-07,4.66515e-08,3.59737e-10,-1.69578e-15,0,0
128,res_roY1_m,240,0,0,0,0,0,0,0,0,0,0,0,0
128,res_ro_m,240,0,0,0,0,0,0,0,0,0,0,0,0
128,res_roe,240,0.171779,0.165879,0.106903,4.80548e-07,-0.00671006,0.244075,0.240092,0.107077,0.000359095,-0.00669693,0,0
128,res_roe_m,240,0,0,0,0,0,0,0,0,0,0,0,0
129,res_ro,240,1.34711e-05,7.71272e-06,1.68627e-05,0,-2.03169e-10,1.58739e-05,1.1405e-05,1.68651e-05,3.29121e-08,-2.03169e-10,0,0
129,res_roK,240,1.05058e-05,5.94823e-06,1.19608e-05,4.432e-10,-1.09026e-10,0.000346875,0.000346754,1.25036e-05,3.19367e-06,-1.20286e-10,0,0
129,res_roK_m,240,0,0,0,0,0,0,0,0,0,0,0,0
129,res_roOmega,240,152.8,213.02,79.0464,5.49668e-06,7890.67,85170,85171.1,240.029,222.293,72025,0,0
129,res_roOmega_m,240,0,0,0,0,0,0,0,0,0,0,0,0
129,res_roUx,240,0.00218447,0.00165874,0.00336621,2.33725e-10,-6.67592e-06,0.00439281,0.00415922,0.00336798,2.91801e-05,-6.67047e-06,0,0
129,res_roUx_m,240,0,0,0,0,0,0,0,0,0,0,0,0
129,res_roUy,240,0.00119177,0.00115846,0.000504645,1.31484e-11,-1.66474e-07,0.00144207,0.00141404,0.000509236,6.69775e-05,-1.69696e-07,0,0
129,res_roUy_m,240,0,0,0,0,0,0,0,0,0,0,0,0
129,res_roUz,240,0,0,0,0,0,0,0,0,0,0,0,0
129,res_roUz_m,240,0,0,0,0,0,0,0,0,0,0,0,0
129,res_roY0,240,9.52107e-06,5.24247e-06,1.18377e-05,1.76339e-09,-1.0165e-10,1.26347e-05,9.82549e-06,1.1841e-05,3.40211e-08,-1.01653e-10,0,0
129,res_roY0_m,240,0,0,0,0,0,0,0,0,0,0,0,0
129,res_roY1,240,1.05421e-07,5.80292e-08,1.31058e-07,2.27617e-11,-1.24613e-14,1.39931e-07,1.08826e-07,1.31095e-07,3.16888e-10,-1.24617e-14,0,0
129,res_roY1_m,240,0,0,0,0,0,0,0,0,0,0,0,0
129,res_ro_m,240,0,0,0,0,0,0,0,0,0,0,0,0
129,res_roe,240,0.176557,0.135345,0.258821,4.30896e-09,-0.0399212,0.233597,0.204317,0.258861,0.000353326,-0.0399155,0,0
129,res_roe_m,240,0,0,0,0,0,0,0,0,0,0,0,0
130,res_ro,240,1.32066e-05,1.22471e-05,1.05047e-05,7.27596e-12,-6.73852e-11,1.59264e-05,1.51398e-05,1.05066e-05,3.32085e-08,-6.74137e-11,0,0
130,res_roK,240,1.05643e-05,9.74519e-06,7.38862e-06,1.42692e-09,-3.56133e-11,0.000343368,0.000343284,8.26079e-06,3.63712e-06,-6.3118e-11,0,0
130,res_roK_m,240,0,0,0,0,0,0,0,0,0,0,0,0
130,res_roOmega,240,121.759,184.414,79.8456,0.002017,6403.93,73315.8,73316.1,166.58,256.354,6945.02,0,0
130,res_roOmega_m,240,0,0,0,0,0,0,0,0,0,0,0,0
130,res_roUx,240,0.00210714,0.00199609,0.00200993,5.20937e-10,-2.24776e-06,0.00441796,0.00436719,0.00201162,2.62708e-05,-2.24634e-06,0,0
130,res_roUx_m,240,0,0,0,0,0,0,0,0,0,0,0,0
130,res_roUy,240,0.00125916,0.00124277,0.000237303,3.02774e-11,-4.86681e-08,0.00151294,0.0014994,0.000242581,5.00116e-05,-4.98221e-08,0,0
130,res_roUy_m,240,0,0,0,0,0,0,0,0,0,0,0,0
130,res_roUz,240,0,0,0,0,0,0,0,0,0,0,0,0
130,res_roUz_m,240,0,0,0,0,0,0,0,0,0,0,0,0
130,res_roY0,240,9.32558e-06,8.81724e-06,7.31337e-06,1.87536e-09,-3.1354e-11,1.28253e-05,1.24599e-05,7.31607e-06,3.90239e-08,-3.13828e-11,0,0
130,res_roY0_m,240,0,0,0,0,0,0,0,0,0,0,0,0
130,res_roY1,240,1.03243e-07,9.76153e-08,8.09681e-08,1.29539e-11,-3.84313e-15,1.42017e-07,1.37975e-07,8.09977e-08,3.54794e-10,-3.84617e-15,0,0
130,res_roY1_m,240,0,0,0,0,0,0,0,0,0,0,0,0
130,res_ro_m,240,0,0,0,0,0,0,0,0,0,0,0,0
130,res_roe,240,0.168032,0.15992,0.144626,4.95114e-07,-0.0117886,0.222685,0.216666,0.144676,0.000359859,-0.0117878,0,0
130,res_roe_m,240,0,0,0,0,0,0,0,0,0,0,0,0
131,res_ro,240,1.38958e-05,9.848e-06,1.5695e-05,3.64197e-12,-1.71221e-10,1.6139e-05,1.28191e-05,1.56966e-05,3.29162e-08,-1.71262e-10,0,0
131,res_roK,240,1.10216e-05,7.8472e-06,1.10037e-05,3.07843e-09,-9.04894e-11,0.000340676,0.000340593,1.16104e-05,3.82768e-06,-9.57069e-11,0,0
131,res_roK_m,240,0,0,0,0,0,0,0,0,0,0,0,0
131,res_roOmega,240,95.7935,160.558,75.1756,7.00607e-06,5475.61,95563.5,95563.7,363.27,354.31,-48600.5,0,0
131,res_roOmega_m,240,0,0,0,0,0,0,0,0,0,0,0,0
131,res_roUx,240,0.00216464,0.00177657,0.00310605,2.30126e-08,-5.58853e-06,0.00440861,0.00423253,0.00310745,2.49621e-05,-5.58892e-06,0,0
131,res_roUx_m,240,0,0,0,0,0,0,0,0,0,0,0,0
131,res_roUy,240,0.00149255,0.00143374,0.000561482,2.74965e-06,-2.43684e-07,0.00167985,0.00162777,0.000563805,4.57444e-05,-2.45056e-07,0,0
131,res_roUy_m,240,0,0,0,0,0,0,0,0,0,0,0,0
131,res_roUz,240,0,0,0,0,0,0,0,0,0,0,0,0
131,res_roUz_m,240,0,0,0,0,0,0,0,0,0,0,0,0
131,res_roY0,240,9.52779e-06,6.80378e-06,1.08881e-05,2.53525e-09,-8.15191e-11,1.25187e-05,1.05926e-05,1.08904e-05,4.0264e-08,-8.15577e-11,0,0
131,res_roY0_m,240,0,0,0,0,0,0,0,0,0,0,0,0
131,res_roY1,240,1.0548e-07,7.53202e-08,1.2055e-07,1.86514e-11,-9.99263e-15,1.38665e-07,1.1735e-07,1.20575e-07,3.654e-10,-9.99758e-15,0,0
131,res_roY1_m,240,0,0,0,0,0,0,0,0,0,0,0,0
131,res_ro_m,240,0,0,0,0,0,0,0,0,0,0,0,0
131,res_roe,240,0.16764,0.143368,0.235212,1.34591e-09,-0.0314367,0.212777,0.194349,0.235271,0.000355112,-0.0314273,0,0
131,res_roe_m,240,0,0,0,0,0,0,0,0,0,0,0,0
132,res_ro,240,1.52072e-05,1.25309e-05,1.10138e-05,7.2783e-12,-9.77694e-11,1.82262e-05,1.60598e-05,1.10166e-05,3.24819e-08,-9.78196e-11,0,0
132,res_roK,240,1.17826e-05,1.00957e-05,7.56099e-06,9.5709e-10,-4.70375e-11,0.000339402,0.000339364,8.32981e-06,3.68955e-06,-4.77184e-11,0,0
132,res_roK_m,240,0,0,0,0,0,0,0,0,0,0,0,0
132,res_roOmega,240,83.2655,145.621,74.2217,0.00195694,4381.73,71956.4,71956.9,354.577,370.215,-32390.5,0,0
132,res_roOmega_m,240,0,0,0,0,0,0,0,0,0,0,0,0
132,res_roUx,240,0.00242104,0.00198062,0.00218423,2.56156e-08,-3.35473e-06,0.00447863,0.00425786,0.00218704,2.77501e-05,-3.35597e-06,0,0
132,res_roUx_m,240,0,0,0,0,0,0,0,0,0,0,0,0
132,res_roUy,240,0.00188599,0.0018759,0.00040369,2.747e-06,-1.00462e-07,0.00200622,0.00199675,0.000408836,5.66041e-05,-1.02532e-07,0,0
132,res_roUy_m,240,0,0,0,0,0,0,0,0,0,0,0,0
132,res_roUz,240,0,0,0,0,0,0,0,0,0,0,0,0
132,res_roUz_m,240,0,0,0,0,0,0,0,0,0,0,0,0
132,res_roY0,240,1.04005e-05,8.74082e-06,7.48277e-06,1.3559e-09,-4.38804e-11,1.43839e-05,1.32317e-05,7.48681e-06,3.52143e-08,-4.39353e-11,0,0
132,res_roY0_m,240,0,0,0,0,0,0,0,0,0,0,0,0
132,res_roY1,240,1.15152e-07,9.67614e-08,8.28412e-08,1.5738e-11,-5.37996e-15,1.59321e-07,1.46569e-07,8.28856e-08,3.09143e-10,-5.38533e-15,0,0
132,res_roY1_m,240,0,0,0,0,0,0,0,0,0,0,0,0
132,res_ro_m,240,0,0,0,0,0,0,0,0,0,0,0,0
132,res_roe,240,0.167299,0.16787,0.127058,2.52215e-09,-0.00797622,0.226169,0.226784,0.127294,0.000353282,-0.00796265,0,0
132,res_roe_m,240,0,0,0,0,0,0,0,0,0,0,0,0
133,res_ro,240,1.41031e-05,9.94653e-06,1.57322e-05,4.09545e-12,-1.73734e-10,1.69761e-05,1.37212e-05,1.57356e-05,3.37749e-08,-1.73762e-10,0,0
133,res_roK,240,1.12914e-05,8.23852e-06,1.09595e-05,2.7249e-09,-8.9867e-11,0.000336097,0.000335998,1.14715e-05,3.73105e-06,-9.89488e-11,0,0
133,res_roK_m,240,0,0,0,0,0,0,0,0,0,0,0,0
133,res_roOmega,240,70.4138,129.497,80.2669,0.00195764,2684.29,53506,53505.5,330.736,312.064,-79441.8,0,0
133,res_roOmega_m,240,0,0,0,0,0,0,0,0,0,0,0,0
133,res_roUx,240,0.00220522,0.00174119,0.00318681,1.7761e-08,-5.99349e-06,0.00374382,0.0034941,0.00318982,2.73128e-05,-5.9912e-06,0,0
133,res_roUx_m,240,0,0,0,0,0,0,0,0,0,0,0,0
133,res_roUy,240,0.00216946,0.00208533,0.000713776,2.74809e-06,-4.33712e-07,0.00230877,0.00222986,0.000715858,5.24395e-05,-4.35296e-07,0,0
133,res_roUy_m,240,0,0,0,0,0,0,0,0,0,0,0,0
133,res_roUz,240,0,0,0,0,0,0,0,0,0,0,0,0
133,res_roUz_m,240,0,0,0,0,0,0,0,0,0,0,0,0
133,res_roY0,240,9.61674e-06,6.72976e-06,1.08412e-05,1.44435e-09,-8.23621e-11,1.3411e-05,1.15197e-05,1.0846e-05,4.00676e-08,-8.23931e-11,0,0
133,res_roY0_m,240,0,0,0,0,0,0,0,0,0,0,0,0
133,res_roY1,240,1.06466e-07,7.45098e-08,1.20029e-07,1.24698e-11,-1.00952e-14,1.48517e-07,1.27589e-07,1.20082e-07,3.69279e-10,-1.0099e-14,0,0
133,res_roY1_m,240,0,0,0,0,0,0,0,0,0,0,0,0
133,res_ro_m,240,0,0,0,0,0,0,0,0,0,0,0,0
133,res_roe,240,0.165431,0.150596,0.239424,4.80456e-07,-0.0310062,0.21569,0.204731,0.23959,0.000357976,-0.0310052,0,0
133,res_roe_m,240,0,0,0,0,0,0,0,0,0,0,0,0
134,res_ro,240,1.42954e-05,1.27007e-05,7.51705e-06,7.29074e-12,-4.9779e-11,1.86278e-05,1.74348e-05,7.52341e-06,3.19308e-08,-4.98116e-11,0,0
134,res_roK,240,1.13787e-05,1.02808e-05,5.24737e-06,3.98959e-09,-2.5658e-11,0.000335379,0.000335309,6.23737e-06,3.32078e-06,-4.28527e-11,0,0
134,res_roK_m,240,0,0,0,0,0,0,0,0,0,0,0,0
134,res_roOmega,240,56.5805,120.53,138.772,0.00280497,-3965.76,54320.4,54319.5,407.135,437.568,-129255,0,0
134,res_roOmega_m,240,0,0,0,0,0,0,0,0,0,0,0,0
134,res_roUx,240,0.00217419,0.00198148,0.00148865,2.54582e-08,-1.50847e-06,0.00394631,0.00384595,0.00149475,2.69489e-05,-1.50815e-06,0,0
134,res_roUx_m,240,0,0,0,0,0,0,0,0,0,0,0,0
134,res_roUy,240,0.00174032,0.00172159,0.000298979,2.753e-06,-7.71167e-08,0.00189936,0.00188232,0.000306607,5.66479e-05,-7.92195e-08,0,0
134,res_roUy_m,240,0,0,0,0,0,0,0,0,0,0,0,0
134,res_roUz,240,0,0,0,0,0,0,0,0,0,0,0,0
134,res_roUz_m,240,0,0,0,0,0,0,0,0,0,0,0,0
134,res_roY0,240,9.73165e-06,8.75616e-06,5.19649e-06,1.2204e-09,-2.25191e-11,1.53055e-05,1.47055e-05,5.20555e-06,3.88899e-08,-2.25509e-11,0,0
134,res_roY0_m,240,0,0,0,0,0,0,0,0,0,0,0,0
134,res_roY1,240,1.07744e-07,9.69303e-08,5.75313e-08,1.32585e-11,-2.76158e-15,1.69489e-07,1.62839e-07,5.76309e-08,3.57344e-10,-2.76553e-15,0,0
134,res_roY1_m,240,0,0,0,0,0,0,0,0,0,0,0,0
134,res_ro_m,240,0,0,0,0,0,0,0,0,0,0,0,0
134,res_roe,240,0.170108,0.16969,0.0986489,1.33301e-07,-0.00493674,0.253425,0.253298,0.0989796,0.000344505,-0.00493065,0,0
134,res_roe_m,240,0,0,0,0,0,0,0,0,0,0,0,0
135,res_ro,240,1.57763e-05,8.15669e-06,1.83086e-05,0,-2.58782e-10,1.85097e-05,1.26639e-05,1.83118e-05,3.23629e-08,-2.5878e-10,0,0
135,res_roK,240,1.23338e-05,6.52675e-06,1.28356e-05,5.71429e-10,-1.37138e-10,0.000331796,0.000331627,1.33633e-05,3.58354e-06,-1.45511e-10,0,0
135,res_roK_m,240,0,0,0,0,0,0,0,0,0,0,0,0
135,res_roOmega,240,94.4727,168.047,246.222,2.72761e-07,-20655.2,78780.2,78781.1,425.104,345.698,-20085.4,0,0
135,res_roOmega_m,240,0,0,0,0,0,0,0,0,0,0,0,0
135,res_roUx,240,0.00247837,0.00161546,0.00364408,4.91401e-11,-8.40595e-06,0.00393402,0.00345968,0.00364693,2.96735e-05,-8.40362e-06,0,0
135,res_roUx_m,240,0,0,0,0,0,0,0,0,0,0,0,0
135,res_roUy,240,0.00183874,0.00177265,0.000623808,7.10833e-11,-3.13912e-07,0.00224599,0.00219183,0.000627668,6.80565e-05,-3.17152e-07,0,0
135,res_roUy_m,240,0,0,0,0,0,0,0,0,0,0,0,0
135,res_roUz,240,0,0,0,0,0,0,0,0,0,0,0,0
135,res_roUz_m,240,0,0,0,0,0,0,0,0,0,0,0,0
135,res_roY0,240,1.08177e-05,5.36332e-06,1.26971e-05,3.40994e-09,-1.24737e-10,1.44468e-05,1.09802e-05,1.27017e-05,3.72789e-08,-1.24739e-10,0,0
135,res_roY0_m,240,0,0,0,0,0,0,0,0,0,0,0,0
135,res_roY1,240,1.1977e-07,5.93637e-08,1.40573e-07,1.27345e-11,-1.52908e-14,1.60004e-07,1.21631e-07,1.40624e-07,3.46335e-10,-1.52911e-14,0,0
135,res_roY1_m,240,0,0,0,0,0,0,0,0,0,0,0,0
135,res_ro_m,240,0,0,0,0,0,0,0,0,0,0,0,0
135,res_roe,240,0.190375,0.137691,0.27133,9.53682e-07,-0.0454519,0.24851,0.211014,0.271455,0.000344122,-0.0454592,0,0
135,res_roe_m,240,0,0,0,0,0,0,0,0,0,0,0,0
136,res_ro,240,1.75266e-05,1.29195e-05,1.10862e-05,7.29083e-12,-1.31586e-10,2.0794e-05,1.70958e-05,1.1091e-05,3.13907e-08,-1.31565e-10,0,0
136,res_roK,240,1.3746e-05,1.04744e-05,7.73679e-06,2.86574e-09,-6.95487e-11,0.000328131,0.000328008,8.59182e-06,3.65169e-06,-7.72379e-11,0,0
136,res_roK_m,240,0,0,0,0,0,0,0,0,0,0,0,0
136,res_roOmega,240,128.791,308.267,397.9,0.00280518,-39941.4,45372.1,45373.7,469.157,276.45,-36286.6,0,0
136,res_roOmega_m,240,0,0,0,0,0,0,0,0,0,0,0,0
136,res_roUx,240,0.00276144,0.00201244,0.0021357,2.57837e-08,-4.06842e-06,0.00482262,0.00443985,0.00214008,2.67334e-05,-4.06267e-06,0,0
136,res_roUx_m,240,0,0,0,0,0,0,0,0,0,0,0,0
136,res_roUy,240,0.00175717,0.00173683,0.000320862,6.99121e-11,-8.70093e-08,0.00218893,0.00217264,0.000324918,5.93518e-05,-8.83134e-08,0,0
136,res_roUy_m,240,0,0,0,0,0,0,0,0,0,0,0,0
136,res_roUz,240,0,0,0,0,0,0,0,0,0,0,0,0
136,res_roUz_m,240,0,0,0,0,0,0,0,0,0,0,0,0
136,res_roY0,240,1.22313e-05,9.17684e-06,7.65879e-06,2.37542e-09,-6.20236e-11,1.64946e-05,1.43809e-05,7.6656e-06,3.89334e-08,-6.20115e-11,0,0
136,res_roY0_m,240,0,0,0,0,0,0,0,0,0,0,0,0
136,res_roY1,240,1.35407e-07,1.01586e-07,8.47903e-08,1.56879e-11,-7.60239e-15,1.82686e-07,1.59296e-07,8.48654e-08,3.55987e-10,-7.60057e-15,0,0
136,res_roY1_m,240,0,0,0,0,0,0,0,0,0,0,0,0
136,res_ro_m,240,0,0,0,0,0,0,0,0,0,0,0,0
136,res_roe,240,0.201675,0.161529,0.127623,4.34898e-09,-0.0154344,0.249697,0.218656,0.12788,0.000343473,-0.0154457,0,0
136,res_roe_m,240,0,0,0,0,0,0,0,0,0,0,0,0
137,res_ro,240,1.73537e-05,8.92278e-06,1.90083e-05,1.81921e-12,-2.91425e-10,2.07466e-05,1.44593e-05,1.90116e-05,3.40375e-08,-2.91395e-10,0,0
137,res_roK,240,1.36024e-05,7.44685e-06,1.32546e-05,2.03565e-09,-1.52627e-10,0.000325253,0.000325064,1.36521e-05,3.6633e-06,-1.54614e-10,0,0
137,res_roK_m,240,0,0,0,0,0,0,0,0,0,0,0,0
137,res_roOmega,240,135.051,476.763,446.434,0.000281887,4880.1,66692.5,66694.5,527.061,415.501,-7507.14,0,0
137,res_roOmega_m,240,0,0,0,0,0,0,0,0,0,0,0,0
137,res_roUx,240,0.00273573,0.00166216,0.0038156,2.49857e-08,-9.64012e-06,0.0050502,0.00456292,0.00381827,2.50614e-05,-9.63173e-06,0,0
137,res_roUx_m,240,0,0,0,0,0,0,0,0,0,0,0,0
137,res_roUy,240,0.00173212,0.00164138,0.000688121,2.78562e-06,-3.89808e-07,0.0018978,0.00181511,0.000689961,4.71581e-05,-3.91528e-07,0,0
137,res_roUy_m,240,0,0,0,0,0,0,0,0,0,0,0,0
137,res_roUz,240,0,0,0,0,0,0,0,0,0,0,0,0
137,res_roUz_m,240,0,0,0,0,0,0,0,0,0,0,0,0
137,res_roY0,240,1.20091e-05,6.06946e-06,1.31102e-05,1.78447e-10,-1.39628e-10,1.64528e-05,1.27864e-05,1.31149e-05,3.90525e-08,-1.396e-10,0,0
137,res_roY0_m,240,0,0,0,0,0,0,0,0,0,0,0,0
137,res_roY1,240,1.32939e-07,6.72049e-08,1.45147e-07,1.12158e-12,-1.71119e-14,1.8221e-07,1.41657e-07,1.45199e-07,3.63814e-10,-1.71083e-14,0,0
137,res_roY1_m,240,0,0,0,0,0,0,0,0,0,0,0,0
137,res_ro_m,240,0,0,0,0,0,0,0,0,0,0,0,0
137,res_roe,240,0.204108,0.133115,0.279598,1.19224e-07,-0.0510578,0.262067,0.2116,0.279726,0.000371605,-0.0510758,0,0
137,res_roe_m,240,0,0,0,0,0,0,0,0,0,0,0,0
138,res_ro,240,1.64428e-05,1.39424e-05,5.80632e-06,0,-5.48435e-11,1.85922e-05,1.64248e-05,5.81279e-06,3.18992e-08,-5.48422e-11,0,0
138,res_roK,240,1.30592e-05,1.13286e-05,3.91235e-06,2.60854e-09,-2.87569e-11,0.000321015,0.000320931,5.30602e-06,3.7214e-06,-4.13219e-11,0,0
138,res_roK_m,240,0,0,0,0,0,0,0,0,0,0,0,0
138,res_roOmega,240,180.814,579.378,477.265,0.002029,37601.2,49909.2,49912.2,536.686,341.72,1422.8,0,0
138,res_roOmega_m,240,0,0,0,0,0,0,0,0,0,0,0,0
138,res_roUx,240,0.00253579,0.00209009,0.00114894,9.01864e-11,-1.6909e-06,0.00471399,0.00449255,0.00115459,2.66511e-05,-1.68591e-06,0,0
138,res_roUx_m,240,0,0,0,0,0,0,0,0,0,0,0,0
138,res_roUy,240,0.001807,0.00175879,0.000310823,4.76505e-11,-1.3426e-07,0.00209012,0.00204861,0.00031579,6.15793e-05,-1.35761e-07,0,0
138,res_roUy_m,240,0,0,0,0,0,0,0,0,0,0,0,0
138,res_roUz,240,0,0,0,0,0,0,0,0,0,0,0,0
138,res_roUz_m,240,0,0,0,0,0,0,0,0,0,0,0,0
138,res_roY0,240,1.14579e-05,9.78671e-06,3.8831e-06,1.3413e-09,-2.52907e-11,1.43169e-05,1.30211e-05,3.89265e-06,3.71783e-08,-2.52882e-11,0,0
138,res_roY0_m,240,0,0,0,0,0,0,0,0,0,0,0,0
138,res_roY1,240,1.26858e-07,1.08358e-07,4.2989e-08,1.42057e-11,-3.09979e-15,1.58561e-07,1.44225e-07,4.30938e-08,3.39032e-10,-3.09895e-15,0,0
138,res_roY1_m,240,0,0,0,0,0,0,0,0,0,0,0,0
138,res_ro_m,240,0,0,0,0,0,0,0,0,0,0,0,0
138,res_roe,240,0.192875,0.172839,0.0750463,5.09816e-09,-0.00647971,0.2371,0.221193,0.0755392,0.000354122,-0.00649815,0,0
138,res_roe_m,240,0,0,0,0,0,0,0,0,0,0,0,0
139,res_ro,240,1.48126e-05,7.76552e-06,1.72063e-05,0,-2.27583e-10,1.68046e-05,1.11064e-05,1.72081e-05,3.26782e-08,-2.27581e-10,0,0
139,res_roK,240,1.15865e-05,5.77216e-06,1.20118e-05,1.18229e-09,-1.22606e-10,0.000319789,0.000319623,1.24896e-05,3.68954e-06,-1.31061e-10,0,0
139,res_roK_m,240,0,0,0,0,0,0,0,0,0,0,0,0
139,res_roOmega,240,196.684,672.41,524.601,0.000251912,69122.1,91498.2,91500.7,598.333,310.561,44066.1,0,0
139,res_roOmega_m,240,0,0,0,0,0,0,0,0,0,0,0,0
139,res_roUx,240,0.0023237,0.00159282,0.00347588,1.13869e-11,-7.47215e-06,0.00418027,0.00382415,0.0034772,3.11476e-05,-7.47071e-06,0,0
139,res_roUx_m,240,0,0,0,0,0,0,0,0,0,0,0,0
139,res_roUy,240,0.00167423,0.00161984,0.000581754,6.07049e-11,-2.58793e-07,0.00195335,0.0019061,0.0005855,7.27259e-05,-2.62583e-07,0,0
139,res_roUy_m,240,0,0,0,0,0,0,0,0,0,0,0,0
139,res_roUz,240,0,0,0,0,0,0,0,0,0,0,0,0
139,res_roUz_m,240,0,0,0,0,0,0,0,0,0,0,0,0
139,res_roY0,240,1.02814e-05,4.90306e-06,1.1885e-05,1.67565e-09,-1.11461e-10,1.29347e-05,9.25763e-06,1.18876e-05,3.81294e-08,-1.11459e-10,0,0
139,res_roY0_m,240,0,0,0,0,0,0,0,0,0,0,0,0
139,res_roY1,240,1.13837e-07,5.42852e-08,1.31584e-07,2.39381e-11,-1.36632e-14,1.43299e-07,1.02621e-07,1.31612e-07,3.62607e-10,-1.36627e-14,0,0
139,res_roY1_m,240,0,0,0,0,0,0,0,0,0,0,0,0
139,res_ro_m,240,0,0,0,0,0,0,0,0,0,0,0,0
139,res_roe,240,0.182187,0.138549,0.259773,4.76838e-07,-0.0407393,0.227732,0.194679,0.259799,0.000353837,-0.0407289,0,0
139,res_roe_m,240,0,0,0,0,0,0,0,0,0,0,0,0
140,res_ro,240,1.43275e-05,1.22483e-05,7.21781e-06,0,-5.36767e-11,1.81376e-05,1.65456e-05,7.21987e-06,3.23829e-08,-5.36701e-11,0,0
140,res_roK,240,1.0981e-05,9.40868e-06,4.98536e-06,3.04416e-09,-2.84561e-11,0.000316018,0.000315931,6.17216e-06,3.47228e-06,-4.6618e-11,0,0
140,res_roK_m,240,0,0,0,0,0,0,0,0,0,0,0,0
140,res_roOmega,240,238.235,781.314,576.152,0.000546859,110872,73176.8,73179.6,649.008,281.587,-11013.1,0,0
140,res_roOmega_m,240,0,0,0,0,0,0,0,0,0,0,0,0
140,res_roUx,240,0.00229141,0.00197819,0.00138816,1.57611e-11,-1.63216e-06,0.00416661,0.00400335,0.0013898,2.615e-05,-1.6327e-06,0,0
140,res_roUx_m,240,0,0,0,0,0,0,0,0,0,0,0,0
140,res_roUy,240,0.0016885,0.00165888,0.000207143,8.50754e-12,-7.10284e-08,0.001857,0.00182991,0.000214239,5.99822e-05,-7.29023e-08,0,0
140,res_roUy_m,240,0,0,0,0,0,0,0,0,0,0,0,0
140,res_roUz,240,0,0,0,0,0,0,0,0,0,0,0,0
140,res_roUz_m,240,0,0,0,0,0,0,0,0,0,0,0,0
140,res_roY0,240,9.86767e-06,8.52926e-06,4.94631e-06,1.57362e-09,-2.45444e-11,1.47782e-05,1.39217e-05,4.9493e-06,3.8246e-08,-2.45395e-11,0,0
140,res_roY0_m,240,0,0,0,0,0,0,0,0,0,0,0,0
140,res_roY1,240,1.09245e-07,9.44305e-08,5.4762e-08,2.03796e-11,-3.00813e-15,1.63659e-07,1.54173e-07,5.47945e-08,3.45803e-10,-3.00864e-15,0,0
140,res_roY1_m,240,0,0,0,0,0,0,0,0,0,0,0,0
140,res_ro_m,240,0,0,0,0,0,0,0,0,0,0,0,0
140,res_roe,240,0.187634,0.160709,0.123205,1.47686e-10,-0.0122793,0.2434,0.223317,0.123226,0.000363209,-0.0122788,0,0
140,res_roe_m,240,0,0,0,0,0,0,0,0,0,0,0,0
141,res_ro,240,1.45616e-05,7.20362e-06,1.68964e-05,0,-2.22818e-10,1.72962e-05,1.17945e-05,1.68979e-05,3.29692e-08,-2.22793e-10,0,0
141,res_roK,240,1.13349e-05,5.3985e-06,1.18432e-05,2.73843e-09,-1.19798e-10,0.00031366,0.000313525,1.23444e-05,3.37628e-06,-1.18541e-10,0,0
141,res_roK_m,240,0,0,0,0,0,0,0,0,0,0,0,0
141,res_roOmega,240,159.844,748.791,602.766,0.000546652,85906,17397.1,17416.6,671.265,314.566,114464,0,0
141,res_roOmega_m,240,0,0,0,0,0,0,0,0,0,0,0,0
141,res_roUx,240,0.00229596,0.00157541,0.00336202,2.08193e-11,-7.04634e-06,0.00421115,0.00386715,0.00336307,2.6262e-05,-7.0446e-06,0,0
141,res_roUx_m,240,0,0,0,0,0,0,0,0,0,0,0,0
141,res_roUy,240,0.00156058,0.00153134,0.000537102,2.06848e-11,-1.89434e-07,0.00178328,0.00175776,0.000539187,5.00417e-05,-1.90546e-07,0,0
141,res_roUy_m,240,0,0,0,0,0,0,0,0,0,0,0,0
141,res_roUz,240,0,0,0,0,0,0,0,0,0,0,0,0
141,res_roUz_m,240,0,0,0,0,0,0,0,0,0,0,0,0
141,res_roY0,240,1.00926e-05,4.68182e-06,1.17228e-05,4.12875e-10,-1.08682e-10,1.36771e-05,1.03552e-05,1.17249e-05,4.0491e-08,-1.08654e-10,0,0
141,res_roY0_m,240,0,0,0,0,0,0,0,0,0,0,0,0
141,res_roY1,240,1.11725e-07,5.1835e-08,1.29786e-07,4.31186e-12,-1.332e-14,1.51469e-07,1.14714e-07,1.2981e-07,3.72235e-10,-1.33171e-14,0,0
141,res_roY1_m,240,0,0,0,0,0,0,0,0,0,0,0,0
141,res_ro_m,240,0,0,0,0,0,0,0,0,0,0,0,0
141,res_roe,240,0.183598,0.129035,0.256949,5.74755e-10,-0.0415405,0.238292,0.199335,0.256966,0.000353106,-0.04154,0,0
141,res_roe_m,240,0,0,0,0,0,0,0,0,0,0,0,0
142,res_ro,240,1.3516e-05,1.16131e-05,1.0719e-05,3.6664e-12,-8.13574e-11,1.69508e-05,1.54806e-05,1.07219e-05,3.20451e-08,-8.1319e-11,0,0
142,res_roK,240,1.07923e-05,9.18285e-06,7.52022e-06,5.78851e-10,-4.43516e-11,0.000312516,0.000312473,8.34037e-06,3.67271e-06,-4.80642e-11,0,0
142,res_roK_m,240,0,0,0,0,0,0,0,0,0,0,0,0
142,res_roOmega,240,132.978,708.834,582.714,2.81332e-06,72603.4,82254.1,82257.1,605.915,332.768,62093.3,0,0
142,res_roOmega_m,240,0,0,0,0,0,0,0,0,0,0,0,0
142,res_roUx,240,0.0021014,0.00190994,0.00206783,3.18738e-08,-2.52195e-06,0.00411589,0.00402385,0.00207018,2.62195e-05,-2.51742e-06,0,0
142,res_roUx_m,240,0,0,0,0,0,0,0,0,0,0,0,0
142,res_roUy,240,0.001496,0.00148432,0.000303129,2.80069e-06,-6.33416e-08,0.0018755,0.00186627,0.000308261,5.38121e-05,-6.47716e-08,0,0
142,res_roUy_m,240,0,0,0,0,0,0,0,0,0,0,0,0
142,res_roUz,240,0,0,0,0,0,0,0,0,0,0,0,0
142,res_roUz_m,240,0,0,0,0,0,0,0,0,0,0,0,0
142,res_roY0,240,9.46888e-06,8.22798e-06,7.45236e-06,1.43578e-09,-3.87489e-11,1.38567e-05,1.30462e-05,7.45653e-06,3.69056e-08,-3.87027e-11,0,0
142,res_roY0_m,240,0,0,0,0,0,0,0,0,0,0,0,0
142,res_roY1,240,1.04839e-07,9.10945e-08,8.25073e-08,2.8284e-11,-4.75026e-15,1.53511e-07,1.44526e-07,8.2553e-08,3.43193e-10,-4.7465e-15,0,0
142,res_roY1_m,240,0,0,0,0,0,0,0,0,0,0,0,0
142,res_ro_m,240,0,0,0,0,0,0,0,0,0,0,0,0
142,res_roe,240,0.174063,0.15103,0.14549,4.76838e-07,-0.0143276,0.220222,0.202534,0.145526,0.000340933,-0.0143279,0,0
142,res_roe_m,240,0,0,0,0,0,0,0,0,0,0,0,0
143,res_ro,240,1.33242e-05,9.54653e-06,1.54938e-05,5.82077e-11,-1.63229e-10,1.74323e-05,1.47543e-05,1.54971e-05,3.16347e-08,-1.63178e-10,0,0
143,res_roK,240,1.05249e-05,7.64143e-06,1.07344e-05,2.09171e-09,-8.38048e-11,0.000308462,0.000308372,1.13264e-05,3.58064e-06,-9.16295e-11,0,0
143,res_roK_m,240,0,0,0,0,0,0,0,0,0,0,0,0
143,res_roOmega,240,116.439,598.053,534.957,0.00201441,28965.2,77077.4,77077.4,660.662,386.438,-220356,0,0
143,res_roOmega_m,240,0,0,0,0,0,0,0,0,0,0,0,0
143,res_roUx,240,0.00207541,0.00173464,0.0030768,1.31115e-09,-5.38252e-06,0.00360835,0.00342779,0.0030793,2.47928e-05,-5.37622e-06,0,0
143,res_roUx_m,240,0,0,0,0,0,0,0,0,0,0,0,0
143,res_roUy,240,0.00145293,0.00141287,0.000512902,6.60155e-11,-1.88937e-07,0.0016179,0.00158256,0.000515224,4.94759e-05,-1.89282e-07,0,0
143,res_roUy_m,240,0,0,0,0,0,0,0,0,0,0,0,0
143,res_roUz,240,0,0,0,0,0,0,0,0,0,0,0,0
143,res_roUz_m,240,0,0,0,0,0,0,0,0,0,0,0,0
143,res_roY0,240,9.08818e-06,6.502e-06,1.06243e-05,1.24168e-09,-7.65971e-11,1.43593e-05,1.28869e-05,1.0629e-05,3.73805e-08,-7.65465e-11,0,0
143,res_roY0_m,240,0,0,0,0,0,0,0,0,0,0,0,0
143,res_roY1,240,1.00625e-07,7.19648e-08,1.17625e-07,6.59024e-12,-9.39101e-15,1.59042e-07,1.42733e-07,1.17677e-07,3.4099e-10,-9.38475e-15,0,0
143,res_roY1_m,240,0,0,0,0,0,0,0,0,0,0,0,0
143,res_ro_m,240,0,0,0,0,0,0,0,0,0,0,0,0
143,res_roe,240,0.167407,0.135973,0.237001,4.711e-09,-0.032853,0.236469,0.215426,0.237033,0.000351206,-0.0328468,0,0
143,res_roe_m,240,0,0,0,0,0,0,0,0,0,0,0,0
144,res_ro,240,1.50016e-05,1.24024e-05,1.04324e-05,8.33857e-12,-9.00314e-11,1.8062e-05,1.59727e-05,1.04366e-05,3.43072e-08,-9.00165e-11,0,0
144,res_roK,240,1.15995e-05,9.90948e-06,7.18958e-06,2.24397e-09,-4.40201e-11,0.000307563,0.000307514,8.02923e-06,3.67743e-06,-4.72203e-11,0,0
144,res_roK_m,240,0,0,0,0,0,0,0,0,0,0,0,0
144,res_roOmega,240,136.664,431.913,473.828,1.58227e-05,-28320.3,38325.6,38327.8,550.163,224.479,-63502.2,0,0
144,res_roOmega_m,240,0,0,0,0,0,0,0,0,0,0,0,0
144,res_roUx,240,0.00245301,0.00196233,0.00204026,2.47813e-08,-3.1646e-06,0.00456638,0.00432473,0.00204372,2.54197e-05,-3.16268e-06,0,0
144,res_roUx_m,240,0,0,0,0,0,0,0,0,0,0,0,0
144,res_roUy,240,0.00184541,0.00181698,0.000368668,2.78583e-06,-1.20008e-07,0.00209799,0.0020733,0.000372118,4.82847e-05,-1.20744e-07,0,0
144,res_roUy_m,240,0,0,0,0,0,0,0,0,0,0,0,0
144,res_roUz,240,0,0,0,0,0,0,0,0,0,0,0,0
144,res_roUz_m,240,0,0,0,0,0,0,0,0,0,0,0,0
144,res_roY0,240,1.02842e-05,8.61019e-06,7.12538e-06,1.27022e-09,-4.12002e-11,1.4309e-05,1.31625e-05,7.13152e-06,3.60825e-08,-4.11774e-11,0,0
144,res_roY0_m,240,0,0,0,0,0,0,0,0,0,0,0,0
144,res_roY1,240,1.13855e-07,9.53153e-08,7.88883e-08,1.23287e-11,-5.05065e-15,1.58458e-07,1.45756e-07,7.8956e-08,3.30203e-10,-5.0491e-15,0,0
144,res_roY1_m,240,0,0,0,0,0,0,0,0,0,0,0,0
144,res_ro_m,240,0,0,0,0,0,0,0,0,0,0,0,0
144,res_roe,240,0.169921,0.162959,0.118659,4.95246e-07,-0.00819879,0.220422,0.215196,0.118964,0.000363817,-0.00821449,0,0
144,res_roe_m,240,0,0,0,0,0,0,0,0,0,0,0,0
145,res_ro,240,1.43791e-05,9.74388e-06,1.63811e-05,0,-1.90077e-10,1.84349e-05,1.51066e-05,1.63845e-05,3.05259e-08,-1.90044e-10,0,0
145,res_roK,240,1.1627e-05,8.2863e-06,1.13538e-05,6.17199e-10,-9.77172e-11,0.000306398,0.00030633,1.19018e-05,3.64735e-06,-9.15895e-11,0,0
145,res_roK_m,240,0,0,0,0,0,0,0,0,0,0,0,0
145,res_roOmega,240,136.211,343.795,433.507,0.00201329,-44143.4,71004.3,71005.6,517.852,347.058,-39645.8,0,0
145,res_roOmega_m,240,0,0,0,0,0,0,0,0,0,0,0,0
145,res_roUx,240,0.00232864,0.00168525,0.00335321,9.47476e-10,-6.91323e-06,0.00462076,0.00433474,0.0033557,2.54364e-05,-6.91108e-06,0,0
145,res_roUx_m,240,0,0,0,0,0,0,0,0,0,0,0,0
145,res_roUy,240,0.00208314,0.00196883,0.000721728,3.06542e-11,-4.92043e-07,0.00220302,0.00209504,0.000723879,5.27536e-05,-4.94063e-07,0,0
145,res_roUy_m,240,0,0,0,0,0,0,0,0,0,0,0,0
145,res_roUz,240,0,0,0,0,0,0,0,0,0,0,0,0
145,res_roUz_m,240,0,0,0,0,0,0,0,0,0,0,0,0
145,res_roY0,240,9.90686e-06,6.61884e-06,1.12345e-05,1.74226e-09,-9.02752e-11,1.51107e-05,1.31975e-05,1.12393e-05,3.87397e-08,-9.0241e-11,0,0
145,res_roY0_m,240,0,0,0,0,0,0,0,0,0,0,0,0
145,res_roY1,240,1.09697e-07,7.32682e-08,1.24379e-07,1.53805e-11,-1.10677e-14,1.6736e-07,1.46171e-07,1.24433e-07,3.62842e-10,-1.10634e-14,0,0
145,res_roY1_m,240,0,0,0,0,0,0,0,0,0,0,0,0
145,res_ro_m,240,0,0,0,0,0,0,0,0,0,0,0,0
145,res_roe,240,0.174056,0.146756,0.260595,4.13771e-09,-0.0383339,0.240965,0.222109,0.260747,0.000331373,-0.0383603,0,0
145,res_roe_m,240,0,0,0,0,0,0,0,0,0,0,0,0
146,res_ro,240,1.5195e-05,1.2973e-05,8.66222e-06,0,-6.88121e-11,1.75413e-05,1.56628e-05,8.66859e-06,3.11672e-08,-6.87579e-11,0,0
146,res_roK,240,1.22703e-05,1.0771e-05,6.07545e-06,2.40166e-09,-3.57288e-11,0.000304598,0.000304548,7.11152e-06,3.62376e-06,-4.04421e-11,0,0
146,res_roK_m,240,0,0,0,0,0,0,0,0,0,0,0,0
146,res_roOmega,240,169.762,234.716,357.207,0.000244186,-50662.3,65215.5,65216.6,442.017,283.373,-21094.4,0,0
146,res_roOmega_m,240,0,0,0,0,0,0,0,0,0,0,0,0
146,res_roUx,240,0.00236273,0.00197763,0.00170229,2.09085e-11,-2.28462e-06,0.00430883,0.00411312,0.00170754,2.605e-05,-2.28196e-06,0,0
146,res_roUx_m,240,0,0,0,0,0,0,0,0,0,0,0,0
146,res_roUy,240,0.00163181,0.00162409,0.000261677,2.55654e-11,-4.68018e-08,0.0018502,0.00184318,0.000267429,5.30247e-05,-4.87336e-08,0,0
146,res_roUy_m,240,0,0,0,0,0,0,0,0,0,0,0,0
146,res_roUz,240,0,0,0,0,0,0,0,0,0,0,0,0
146,res_roUz_m,240,0,0,0,0,0,0,0,0,0,0,0,0
146,res_roY0,240,1.04895e-05,8.98842e-06,6.02331e-06,4.80069e-10,-3.27592e-11,1.36076e-05,1.24956e-05,6.0323e-06,3.65071e-08,-3.27078e-11,0,0
146,res_roY0_m,240,0,0,0,0,0,0,0,0,0,0,0,0
146,res_roY1,240,1.16125e-07,9.95023e-08,6.66844e-08,4.14007e-12,-4.01557e-15,1.50746e-07,1.38441e-07,6.67833e-08,3.28673e-10,-4.00915e-15,0,0
146,res_roY1_m,240,0,0,0,0,0,0,0,0,0,0,0,0
146,res_ro_m,240,0,0,0,0,0,0,0,0,0,0,0,0
146,res_roe,240,0.178889,0.172576,0.0991818,1.87013e-09,-0.00602791,0.23943,0.23482,0.0995716,0.000357791,-0.00605054,0,0
146,res_roe_m,240,0,0,0,0,0,0,0,0,0,0,0,0
147,res_ro,240,1.66475e-05,8.25654e-06,1.85855e-05,7.29021e-12,-2.77194e-10,1.95308e-05,1.31472e-05,1.85894e-05,3.22594e-08,-2.77084e-10,0,0
147,res_roK,240,1.32818e-05,7.01224e-06,1.29905e-05,1.13785e-09,-1.47995e-10,0.000301032,0.000300834,1.34896e-05,3.50625e-06,-1.50433e-10,0,0
147,res_roK_m,240,0,0,0,0,0,0,0,0,0,0,0,0
147,res_roOmega,240,152.499,169.652,269.391,0.00280647,-33522.9,103198,103197,353.996,123.081,-123799,0,0
147,res_roOmega_m,240,0,0,0,0,0,0,0,0,0,0,0,0
147,res_roUx,240,0.00257292,0.00160228,0.00371036,1.64331e-08,-8.90968e-06,0.00480289,0.00436517,0.00371335,2.59298e-05,-8.90097e-06,0,0
147,res_roUx_m,240,0,0,0,0,0,0,0,0,0,0,0,0
147,res_roUy,240,0.00161222,0.00153244,0.000654937,2.76911e-06,-3.399e-07,0.00195608,0.00189045,0.000657787,6.18655e-05,-3.42576e-07,0,0
147,res_roUy_m,240,0,0,0,0,0,0,0,0,0,0,0,0
147,res_roUz,240,0,0,0,0,0,0,0,0,0,0,0,0
147,res_roUz_m,240,0,0,0,0,0,0,0,0,0,0,0,0
147,res_roY0,240,1.15329e-05,5.55485e-06,1.28521e-05,1.58733e-09,-1.33665e-10,1.53322e-05,1.15446e-05,1.28576e-05,3.78504e-08,-1.33557e-10,0,0
147,res_roY0_m,240,0,0,0,0,0,0,0,0,0,0,0,0
147,res_roY1,240,1.27685e-07,6.14952e-08,1.42291e-07,1.48269e-11,-1.63842e-14,1.69769e-07,1.27841e-07,1.42352e-07,3.47045e-10,-1.6371e-14,0,0
147,res_roY1_m,240,0,0,0,0,0,0,0,0,0,0,0,0
147,res_ro_m,240,0,0,0,0,0,0,0,0,0,0,0,0
147,res_roe,240,0.199318,0.13866,0.273869,4.80502e-07,-0.0477528,0.247224,0.201594,0.274007,0.000334967,-0.0477795,0,0
147,res_roe_m,240,0,0,0,0,0,0,0,0,0,0,0,0
148,res_ro,240,1.69964e-05,1.29604e-05,1.0048e-05,5.83496e-11,-1.10933e-10,2.15038e-05,1.84915e-05,1.00554e-05,3.36029e-08,-1.10794e-10,0,0
148,res_roK,240,1.335e-05,1.04829e-05,6.87561e-06,2.05161e-09,-5.78018e-11,0.000297276,0.000297122,7.66872e-06,3.38919e-06,-7.53694e-11,0,0
148,res_roK_m,240,0,0,0,0,0,0,0,0,0,0,0,0
148,res_roOmega,240,107.763,155.14,209.504,0.002017,-15718.2,72567.3,72567.9,280.855,246.568,497.145,0,0
148,res_roOmega_m,240,0,0,0,0,0,0,0,0,0,0,0,0
148,res_roUx,240,0.00267349,0.00203539,0.00202127,2.3319e-08,-3.54513e-06,0.00493973,0.00463132,0.00202718,2.6604e-05,-3.53064e-06,0,0
148,res_roUx_m,240,0,0,0,0,0,0,0,0,0,0,0,0
148,res_roUy,240,0.00181875,0.00178066,0.000320141,2.77611e-06,-1.19798e-07,0.00205511,0.00202125,0.000325363,5.46475e-05,-1.21951e-07,0,0
148,res_roUy_m,240,0,0,0,0,0,0,0,0,0,0,0,0
148,res_roUz,240,0,0,0,0,0,0,0,0,0,0,0,0
148,res_roUz_m,240,0,0,0,0,0,0,0,0,0,0,0,0
148,res_roY0,240,1.18395e-05,9.19642e-06,6.80801e-06,1.08622e-09,-5.09749e-11,1.76054e-05,1.59616e-05,6.81881e-06,4.0713e-08,-5.08377e-11,0,0
148,res_roY0_m,240,0,0,0,0,0,0,0,0,0,0,0,0
148,res_roY1,240,1.31079e-07,1.01816e-07,7.53731e-08,3.45874e-12,-6.24816e-15,1.94966e-07,1.76771e-07,7.54924e-08,3.85228e-10,-6.23139e-15,0,0
148,res_roY1_m,240,0,0,0,0,0,0,0,0,0,0,0,0
148,res_ro_m,240,0,0,0,0,0,0,0,0,0,0,0,0
148,res_roe,240,0.188378,0.16335,0.137297,1.86435e-09,-0.0138269,0.252444,0.234396,0.13758,0.000380433,-0.0138575,0,0
148,res_roe_m,240,0,0,0,0,0,0,0,0,0,0,0,0
149,res_ro,240,1.6995e-05,8.36053e-06,1.83607e-05,0,-2.78024e-10,1.99045e-05,1.33313e-05,1.83656e-05,3.23673e-08,-2.77879e-10,0,0
149,res_roK,240,1.31224e-05,6.65651e-06,1.28781e-05,1.99693e-09,-1.46867e-10,0.000296283,0.00029609,1.32942e-05,3.75951e-06,-1.45386e-10,0,0
149,res_roK_m,240,0,0,0,0,0,0,0,0,0,0,0,0
149,res_roOmega,240,85.1496,132.38,165.039,0.00203166,-8481.89,75984.6,75985.3,294.159,315.224,13119.3,0,0
149,res_roOmega_m,240,0,0,0,0,0,0,0,0,0,0,0,0
149,res_roUx,240,0.00274092,0.00168904,0.00369833,2.51548e-08,-9.16868e-06,0.00460306,0.00407356,0.00370203,2.62406e-05,-9.14965e-06,0,0
149,res_roUx_m,240,0,0,0,0,0,0,0,0,0,0,0,0
149,res_roUy,240,0.00182772,0.001755,0.000601369,2.78529e-06,-3.11081e-07,0.00210882,0.00204613,0.000603941,5.06104e-05,-3.12615e-07,0,0
149,res_roUy_m,240,0,0,0,0,0,0,0,0,0,0,0,0
149,res_roUz,240,0,0,0,0,0,0,0,0,0,0,0,0
149,res_roUz_m,240,0,0,0,0,0,0,0,0,0,0,0,0
149,res_roY0,240,1.17883e-05,5.65341e-06,1.27418e-05,1.14697e-09,-1.34679e-10,1.56206e-05,1.17243e-05,1.27487e-05,4.03159e-08,-1.34537e-10,0,0
149,res_roY0_m,240,0,0,0,0,0,0,0,0,0,0,0,0
149,res_roY1,240,1.30512e-07,6.25944e-08,1.41068e-07,1.15137e-11,-1.65078e-14,1.73008e-07,1.29894e-07,1.41144e-07,3.69678e-10,-1.64904e-14,0,0
149,res_roY1_m,240,0,0,0,0,0,0,0,0,0,0,0,0
149,res_ro_m,240,0,0,0,0,0,0,0,0,0,0,0,0
149,res_roe,240,0.185449,0.135876,0.243162,1.18506e-07,-0.0375283,0.22761,0.189473,0.243319,0.000351137,-0.037555,0,0
149,res_roe_m,240,0,0,0,0,0,0,0,0,0,0,0,0
150,res_ro,240,1.58584e-05,1.26234e-05,1.11927e-05,0,-1.08708e-10,1.81803e-05,1.54504e-05,1.11993e-05,3.28536e-08,-1.08616e-10,0,0
150,res_roK,240,1.26187e-05,1.01572e-05,7.89596e-06,2.30466e-09,-5.92046e-11,0.00029551,0.000295433,8.61351e-06,3.52689e-06,-5.99544e-11,0,0
150,res_roK_m,240,0,0,0,0,0,0,0,0,0,0,0,0
150,res_roOmega,240,84.1116,167.545,207.754,3.6478e-06,-11082.7,52705.2,52705.2,424.528,308.04,-89907.8,0,0
150,res_roOmega_m,240,0,0,0,0,0,0,0,0,0,0,0,0
150,res_roUx,240,0.00250695,0.00203445,0.00227283,1.14322e-09,-3.65577e-06,0.00425418,0.00400075,0.00227776,2.58903e-05,-3.64012e-06,0,0
150,res_roUx_m,240,0,0,0,0,0,0,0,0,0,0,0,0
150,res_roUy,240,0.00175123,0.00165075,0.000389991,4.24483e-11,-2.46962e-07,0.00189551,0.00180264,0.000393383,5.10533e-05,-2.491e-07,0,0
150,res_roUy_m,240,0,0,0,0,0,0,0,0,0,0,0,0
150,res_roUz,240,0,0,0,0,0,0,0,0,0,0,0,0
150,res_roUz_m,240,0,0,0,0,0,0,0,0,0,0,0,0
150,res_roY0,240,1.11867e-05,9.039e-06,7.81865e-06,2.09446e-09,-5.2285e-11,1.42287e-05,1.26229e-05,7.82786e-06,3.35958e-08,-5.21964e-11,0,0
150,res_roY0_m,240,0,0,0,0,0,0,0,0,0,0,0,0
150,res_roY1,240,1.23853e-07,1.00069e-07,8.65621e-08,2.41889e-11,-6.40947e-15,1.57594e-07,1.3982e-07,8.66638e-08,3.13852e-10,-6.39838e-15,0,0
150,res_roY1_m,240,0,0,0,0,0,0,0,0,0,0,0,0
150,res_ro_m,240,0,0,0,0,0,0,0,0,0,0,0,0
150,res_roe,240,0.186642,0.158589,0.176857,9.5368e-07,-0.0204815,0.231251,0.209336,0.177103,0.000352944,-0.0205105,0,0
150,res_roe_m,240,0,0,0,0,0,0,0,0,0,0,0,0
151,res_ro,240,1.34172e-05,9.59933e-06,1.28139e-05,0,-1.26036e-10,1.56451e-05,1.2535e-05,1.2819e-05,3.14222e-08,-1.25985e-10,0,0
151,res_roK,240,1.0567e-05,7.58125e-06,8.98685e-06,3.29827e-09,-6.74751e-11,0.000292626,0.000292549,9.67167e-06,3.65827e-06,-6.91521e-11,0,0
151,res_roK_m,240,0,0,0,0,0,0,0,0,0,0,0,0
151,res_roOmega,240,88.7415,229.62,278.472,0.00281623,-16348.2,75208.1,75207.4,425.554,318.594,-141811,0,0
151,res_roOmega_m,240,0,0,0,0,0,0,0,0,0,0,0,0
151,res_roUx,240,0.00214132,0.00182291,0.00260411,1.53194e-09,-4.02181e-06,0.00393082,0.00377259,0.00260784,2.77113e-05,-4.00988e-06,0,0
151,res_roUx_m,240,0,0,0,0,0,0,0,0,0,0,0,0
151,res_roUy,240,0.00152496,0.00150275,0.000437845,8.87072e-11,-1.29472e-07,0.00170174,0.00168118,0.000441483,5.64902e-05,-1.32232e-07,0,0
151,res_roUy_m,240,0,0,0,0,0,0,0,0,0,0,0,0
151,res_roUz,240,0,0,0,0,0,0,0,0,0,0,0,0
151,res_roUz_m,240,0,0,0,0,0,0,0,0,0,0,0,0
151,res_roY0,240,9.3588e-06,6.62017e-06,8.89653e-06,2.22635e-09,-6.14543e-11,1.22837e-05,1.03614e-05,8.90375e-06,3.69935e-08,-6.14041e-11,0,0
151,res_roY0_m,240,0,0,0,0,0,0,0,0,0,0,0,0
151,res_roY1,240,1.03616e-07,7.3291e-08,9.84944e-08,3.05603e-11,-7.53289e-15,1.36075e-07,1.1481e-07,9.8574e-08,3.40081e-10,-7.52598e-15,0,0
151,res_roY1_m,240,0,0,0,0,0,0,0,0,0,0,0,0
151,res_ro_m,240,0,0,0,0,0,0,0,0,0,0,0,0
151,res_roe,240,0.190439,0.146633,0.220847,3.87355e-09,-0.0317696,0.23746,0.204125,0.220953,0.000352152,-0.0317703,0,0
151,res_roe_m,240,0,0,0,0,0,0,0,0,0,0,0,0
152,res_ro,240,1.36808e-05,1.00337e-05,1.34126e-05,0,-1.33193e-10,1.61535e-05,1.32123e-05,1.3416e-05,3.16515e-08,-1.33181e-10,0,0
152,res_roK,240,1.05714e-05,7.70627e-06,9.49069e-06,2.49567e-09,-7.12206e-11,0.000287379,0.000287358,1.01789e-05,3.79562e-06,-5.77412e-11,0,0
152,res_roK_m,240,0,0,0,0,0,0,0,0,0,0,0,0
152,res_roOmega,240,63.8974,334.328,370.476,3.29626e-06,-14779.9,71856.6,71857.7,552.769,357.265,-73633.9,0,0
152,res_roOmega_m,240,0,0,0,0,0,0,0,0,0,0,0,0
152,res_roUx,240,0.00222247,0.00185479,0.00268581,1.84439e-11,-4.35636e-06,0.00446933,0.00430106,0.00268829,2.61592e-05,-4.35136e-06,0,0
152,res_roUx_m,240,0,0,0,0,0,0,0,0,0,0,0,0
152,res_roUy,240,0.00144439,0.00134959,0.000453347,2.10219e-11,-2.35188e-07,0.00168983,0.00160951,0.000456574,4.9525e-05,-2.36728e-07,0,0
152,res_roUy_m,240,0,0,0,0,0,0,0,0,0,0,0,0
152,res_roUz,240,0,0,0,0,0,0,0,0,0,0,0,0
152,res_roUz_m,240,0,0,0,0,0,0,0,0,0,0,0,0
152,res_roY0,240,9.47849e-06,7.04558e-06,9.39538e-06,2.22426e-09,-6.42373e-11,1.27313e-05,1.10456e-05,9.40024e-06,3.94748e-08,-6.42223e-11,0,0
152,res_roY0_m,240,0,0,0,0,0,0,0,0,0,0,0,0
152,res_roY1,240,1.04947e-07,7.80154e-08,1.04022e-07,1.90863e-11,-7.87401e-15,1.41033e-07,1.22376e-07,1.04075e-07,3.54611e-10,-7.87293e-15,0,0
152,res_roY1_m,240,0,0,0,0,0,0,0,0,0,0,0,0
152,res_ro_m,240,0,0,0,0,0,0,0,0,0,0,0,0
152,res_roe,240,0.194002,0.148678,0.206287,4.76838e-07,-0.029043,0.244263,0.210129,0.206317,0.000340734,-0.0290384,0,0
152,res_roe_m,240,0,0,0,0,0,0,0,0,0,0,0,0
153,res_ro,240,1.5404e-05,1.04452e-05,1.42411e-05,0,-1.65494e-10,1.84858e-05,1.46166e-05,1.42438e-05,3.25069e-08,-1.65484e-10,0,0
153,res_roK,240,1.17194e-05,8.15548e-06,1.00114e-05,2.02658e-09,-8.55302e-11,0.000286202,0.00028611,1.06373e-05,3.32135e-06,-8.29286e-11,0,0
153,res_roK_m,240,0,0,0,0,0,0,0,0,0,0,0,0
153,res_roOmega,240,144.377,456.16,422.376,6.17278e-05,4417.93,99372.3,99373.6,476.653,232.748,18757.7,0,0
153,res_roOmega_m,240,0,0,0,0,0,0,0,0,0,0,0,0
153,res_roUx,240,0.00249598,0.00188333,0.00280127,9.37325e-10,-5.26506e-06,0.00502119,0.00474845,0.00280331,2.70496e-05,-5.26159e-06,0,0
153,res_roUx_m,240,0,0,0,0,0,0,0,0,0,0,0,0
153,res_roUy,240,0.00149181,0.00142769,0.000464308,3.20395e-11,-2.01396e-07,0.00178277,0.00172937,0.00046803,5.86896e-05,-2.03289e-07,0,0
153,res_roUy_m,240,0,0,0,0,0,0,0,0,0,0,0,0
153,res_roUz,240,0,0,0,0,0,0,0,0,0,0,0,0
153,res_roUz_m,240,0,0,0,0,0,0,0,0,0,0,0,0
153,res_roY0,240,1.05588e-05,7.35062e-06,9.91365e-06,9.72912e-10,-7.7868e-11,1.46169e-05,1.25018e-05,9.91756e-06,3.82891e-08,-7.78587e-11,0,0
153,res_roY0_m,240,0,0,0,0,0,0,0,0,0,0,0,0
153,res_roY1,240,1.16894e-07,8.13751e-08,1.09757e-07,1.32582e-11,-9.5444e-15,1.61862e-07,1.38456e-07,1.098e-07,3.42543e-10,-9.54257e-15,0,0
153,res_roY1_m,240,0,0,0,0,0,0,0,0,0,0,0,0
153,res_ro_m,240,0,0,0,0,0,0,0,0,0,0,0,0
153,res_roe,240,0.188505,0.14341,0.235106,2.37835e-09,-0.0351214,0.23126,0.19629,0.235133,0.000364295,-0.0351195,0,0
153,res_roe_m,240,0,0,0,0,0,0,0,0,0,0,0,0
154,res_ro,240,1.71438e-05,1.03769e-05,1.64383e-05,3.66737e-12,-2.28225e-10,1.90124e-05,1.32408e-05,1.64409e-05,3.18905e-08,-2.28227e-10,0,0
154,res_roK,240,1.33415e-05,8.2231e-06,1.1533e-05,2.2465e-09,-1.21693e-10,0.000286793,0.000286619,1.20496e-05,3.57593e-06,-1.22407e-10,0,0
154,res_roK_m,240,0,0,0,0,0,0,0,0,0,0,0,0
154,res_roOmega,240,173.557,502.534,451.147,0.00201354,9442.17,102755,102758,557.949,330.589,78038.9,0,0
154,res_roOmega_m,240,0,0,0,0,0,0,0,0,0,0,0,0
154,res_roUx,240,0.00277381,0.00186489,0.00322492,2.10185e-08,-7.30814e-06,0.00445806,0.0039594,0.00322688,3.17579e-05,-7.3051e-06,0,0
154,res_roUx_m,240,0,0,0,0,0,0,0,0,0,0,0,0
154,res_roUy,240,0.00155644,0.00152113,0.000464211,2.81328e-06,-1.62074e-07,0.00172878,0.00169648,0.000470024,7.22712e-05,-1.65777e-07,0,0
154,res_roUy_m,240,0,0,0,0,0,0,0,0,0,0,0,0
154,res_roUz,240,0,0,0,0,0,0,0,0,0,0,0,0
154,res_roUz_m,240,0,0,0,0,0,0,0,0,0,0,0,0
154,res_roY0,240,1.1971e-05,7.36494e-06,1.14138e-05,4.1382e-10,-1.09668e-10,1.44698e-05,1.09728e-05,1.14174e-05,3.8474e-08,-1.09664e-10,0,0
154,res_roY0_m,240,0,0,0,0,0,0,0,0,0,0,0,0
154,res_roY1,240,1.3253e-07,8.15342e-08,1.26363e-07,5.08719e-12,-1.3442e-14,1.60271e-07,1.21574e-07,1.26403e-07,3.62389e-10,-1.34421e-14,0,0
154,res_roY1_m,240,0,0,0,0,0,0,0,0,0,0,0,0
154,res_ro_m,240,0,0,0,0,0,0,0,0,0,0,0,0
154,res_roe,240,0.192347,0.149245,0.192841,4.9167e-07,-0.0259555,0.23419,0.200352,0.192879,0.000347958,-0.0259532,0,0
154,res_roe_m,240,0,0,0,0,0,0,0,0,0,0,0,0
155,res_ro,240,1.62938e-05,1.14074e-05,1.59946e-05,5.82077e-11,-1.95594e-10,1.7753e-05,1.34107e-05,1.59974e-05,3.12664e-08,-1.9562e-10,0,0
155,res_roK,240,1.27395e-05,9.25427e-06,1.11972e-05,1.02284e-09,-1.01015e-10,0.000284053,0.000283903,1.1751e-05,3.7779e-06,-1.11576e-10,0,0
155,res_roK_m,240,0,0,0,0,0,0,0,0,0,0,0,0
155,res_roOmega,240,147.168,477.92,444.295,0.00207186,4675.42,81255.7,81257.6,503.541,302.268,32275.3,0,0
155,res_roOmega_m,240,0,0,0,0,0,0,0,0,0,0,0,0
155,res_roUx,240,0.0026595,0.00193675,0.00315171,1.42136e-09,-6.62761e-06,0.00388729,0.00343644,0.00315389,2.55231e-05,-6.62449e-06,0,0
155,res_roUx_m,240,0,0,0,0,0,0,0,0,0,0,0,0
155,res_roUy,240,0.00177059,0.00166796,0.00058721,6.67798e-11,-3.48861e-07,0.00194297,0.00184995,0.000589531,4.99714e-05,-3.50167e-07,0,0
155,res_roUy_m,240,0,0,0,0,0,0,0,0,0,0,0,0
155,res_roUz,240,0,0,0,0,0,0,0,0,0,0,0,0
155,res_roUz_m,240,0,0,0,0,0,0,0,0,0,0,0,0
155,res_roY0,240,1.13484e-05,8.15257e-06,1.10817e-05,1.35226e-09,-9.25625e-11,1.33176e-05,1.07271e-05,1.10855e-05,3.70797e-08,-9.25877e-11,0,0
155,res_roY0_m,240,0,0,0,0,0,0,0,0,0,0,0,0
155,res_roY1,240,1.25642e-07,9.02499e-08,1.22688e-07,1.96149e-11,-1.13466e-14,1.47486e-07,1.18809e-07,1.2273e-07,3.34977e-10,-1.13496e-14,0,0
155,res_roY1_m,240,0,0,0,0,0,0,0,0,0,0,0,0
155,res_ro_m,240,0,0,0,0,0,0,0,0,0,0,0,0
155,res_roe,240,0.193078,0.146518,0.253215,9.5368e-07,-0.0399648,0.23046,0.193205,0.253247,0.000337015,-0.0399588,0,0
155,res_roe_m,240,0,0,0,0,0,0,0,0,0,0,0,0
156,res_ro,240,1.55089e-05,1.28083e-05,9.94616e-06,7.50064e-12,-8.77003e-11,1.7743e-05,1.54363e-05,9.94915e-06,3.32547e-08,-8.77615e-11,0,0
156,res_roK,240,1.24263e-05,1.05517e-05,6.97205e-06,1.92842e-09,-4.58419e-11,0.000280446,0.000280338,7.82202e-06,3.33828e-06,-6.08204e-11,0,0
156,res_roK_m,240,0,0,0,0,0,0,0,0,0,0,0,0
156,res_roOmega,240,120.806,430.133,416.961,0.00201365,-1718.21,86038.4,86038.9,462.639,335.881,-63774.2,0,0
156,res_roOmega_m,240,0,0,0,0,0,0,0,0,0,0,0,0
156,res_roUx,240,0.00245884,0.00202091,0.00200742,2.06211e-08,-2.99579e-06,0.00452677,0.00430521,0.00200994,3.55971e-05,-2.99838e-06,0,0
156,res_roUx_m,240,0,0,0,0,0,0,0,0,0,0,0,0
156,res_roUy,240,0.00168511,0.0017028,0.000334436,2.82528e-06,-2.59615e-08,0.00181145,0.00182817,0.000339229,9.5295e-05,-2.71077e-08,0,0
156,res_roUy_m,240,0,0,0,0,0,0,0,0,0,0,0,0
156,res_roUz,240,0,0,0,0,0,0,0,0,0,0,0,0
156,res_roUz_m,240,0,0,0,0,0,0,0,0,0,0,0,0
156,res_roY0,240,1.09276e-05,8.95254e-06,6.90381e-06,2.26918e-09,-4.3464e-11,1.38592e-05,1.23591e-05,6.90806e-06,4.21074e-08,-4.35257e-11,0,0
156,res_roY0_m,240,0,0,0,0,0,0,0,0,0,0,0,0
156,res_roY1,240,1.20991e-07,9.9111e-08,7.64335e-08,1.73905e-11,-5.32899e-15,1.53529e-07,1.3692e-07,7.64802e-08,3.87396e-10,-5.33656e-15,0,0
156,res_roY1_m,240,0,0,0,0,0,0,0,0,0,0,0,0
156,res_ro_m,240,0,0,0,0,0,0,0,0,0,0,0,0
156,res_roe,240,0.182076,0.169058,0.121108,1.19225e-07,-0.0096191,0.223641,0.213288,0.121232,0.000373947,-0.00961026,0,0
156,res_roe_m,240,0,0,0,0,0,0,0,0,0,0,0,0
157,res_ro,240,1.53147e-05,9.17304e-06,1.7391e-05,7.51387e-12,-2.26421e-10,1.94711e-05,1.51213e-05,1.73924e-05,3.0982e-08,-2.26483e-10,0,0
157,res_roK,240,1.23295e-05,7.45703e-06,1.21519e-05,1.68503e-09,-1.22039e-10,0.000279465,0.000279328,1.26464e-05,3.41017e-06,-1.18386e-10,0,0
157,res_roK_m,240,0,0,0,0,0,0,0,0,0,0,0,0
157,res_roOmega,240,141.142,362.571,371.47,2.20494e-05,-13226.7,94586,94586.4,511.346,276.171,-97217.3,0,0
157,res_roOmega_m,240,0,0,0,0,0,0,0,0,0,0,0,0
157,res_roUx,240,0.00238275,0.00170571,0.0034538,1.98289e-08,-7.34836e-06,0.00465592,0.00434831,0.00345493,2.49044e-05,-7.35317e-06,0,0
157,res_roUx_m,240,0,0,0,0,0,0,0,0,0,0,0,0
157,res_roUy,240,0.0016693,0.00159261,0.000568343,2.84478e-06,-2.86586e-07,0.00179271,0.00172129,0.00057132,5.60831e-05,-2.88681e-07,0,0
157,res_roUy_m,240,0,0,0,0,0,0,0,0,0,0,0,0
157,res_roUz,240,0,0,0,0,0,0,0,0,0,0,0,0
157,res_roUz_m,240,0,0,0,0,0,0,0,0,0,0,0,0
157,res_roY0,240,1.07331e-05,6.28519e-06,1.20236e-05,2.05577e-09,-1.10131e-10,1.60199e-05,1.34486e-05,1.20255e-05,4.17425e-08,-1.10192e-10,0,0
157,res_roY0_m,240,0,0,0,0,0,0,0,0,0,0,0,0
157,res_roY1,240,1.1882e-07,6.9573e-08,1.33119e-07,2.074e-11,-1.34993e-14,1.77405e-07,1.48947e-07,1.3314e-07,3.8975e-10,-1.35068e-14,0,0
157,res_roY1_m,240,0,0,0,0,0,0,0,0,0,0,0,0
157,res_ro_m,240,0,0,0,0,0,0,0,0,0,0,0,0
157,res_roe,240,0.203447,0.145932,0.28272,1.32912e-07,-0.0500125,0.258802,0.216588,0.282867,0.000340169,-0.0500408,0,0
157,res_roe_m,240,0,0,0,0,0,0,0,0,0,0,0,0
158,res_ro,240,1.57121e-05,1.27354e-05,6.71929e-06,0,-6.4914e-11,1.85082e-05,1.60569e-05,6.72208e-06,3.25172e-08,-6.49572e-11,0,0
158,res_roK,240,1.22599e-05,1.0012e-05,4.69294e-06,2.81597e-09,-3.60441e-11,0.000277897,0.000277823,5.89387e-06,3.66529e-06,-3.78154e-11,0,0
158,res_roK_m,240,0,0,0,0,0,0,0,0,0,0,0,0
158,res_roOmega,240,114.649,323.341,359.92,0.000977072,-19068.9,46275.6,46275.7,433.098,312.448,-87938.5,0,0
158,res_roOmega_m,240,0,0,0,0,0,0,0,0,0,0,0,0
158,res_roUx,240,0.00248483,0.00202219,0.00131259,4.00513e-11,-1.904e-06,0.00462311,0.00439113,0.00131537,2.76647e-05,-1.91063e-06,0,0
158,res_roUx_m,240,0,0,0,0,0,0,0,0,0,0,0,0
158,res_roUy,240,0.00160364,0.00159424,0.00021495,3.24818e-11,-3.81344e-08,0.0018421,0.00183349,0.000223666,5.85297e-05,-4.08542e-08,0,0
158,res_roUy_m,240,0,0,0,0,0,0,0,0,0,0,0,0
158,res_roUz,240,0,0,0,0,0,0,0,0,0,0,0,0
158,res_roUz_m,240,0,0,0,0,0,0,0,0,0,0,0,0
158,res_roY0,240,1.08551e-05,8.87787e-06,4.64952e-06,2.42752e-09,-3.03178e-11,1.45416e-05,1.31295e-05,4.65353e-06,4.08484e-08,-3.03659e-11,0,0
158,res_roY0_m,240,0,0,0,0,0,0,0,0,0,0,0,0
158,res_roY1,240,1.20183e-07,9.82871e-08,5.14778e-08,2.25923e-11,-3.71678e-15,1.61008e-07,1.45376e-07,5.15215e-08,3.707e-10,-3.72191e-15,0,0
158,res_roY1_m,240,0,0,0,0,0,0,0,0,0,0,0,0
158,res_ro_m,240,0,0,0,0,0,0,0,0,0,0,0,0
158,res_roe,240,0.202349,0.169895,0.0838801,4.76847e-07,-0.00955837,0.256866,0.232182,0.0843772,0.000360993,-0.00959577,0,0
158,res_roe_m,240,0,0,0,0,0,0,0,0,0,0,0,0
159,res_ro,240,1.70422e-05,6.2113e-06,1.97169e-05,0,-3.20307e-10,1.83634e-05,9.2415e-06,1.97188e-05,3.29022e-08,-3.20319e-10,0,0
159,res_roK,240,1.33041e-05,4.47712e-06,1.39286e-05,2.14221e-09,-1.75481e-10,0.000277936,0.000277668,1.43957e-05,3.68095e-06,-1.77904e-10,0,0
159,res_roK_m,240,0,0,0,0,0,0,0,0,0,0,0,0
159,res_roOmega,240,145.689,322.125,358.593,0.000136498,-23025.1,106143,106140,504.425,327.919,-472387,0,0
159,res_roOmega_m,240,0,0,0,0,0,0,0,0,0,0,0,0
159,res_roUx,240,0.00271906,0.00153834,0.00392221,2.3436e-11,-1.02053e-05,0.00401058,0.00332567,0.00392372,2.53576e-05,-1.02101e-05,0,0
159,res_roUx_m,240,0,0,0,0,0,0,0,0,0,0,0,0
159,res_roUy,240,0.00165692,0.00161111,0.000611289,2.281e-11,-2.6169e-07,0.00202997,0.00199268,0.000614673,5.25291e-05,-2.63902e-07,0,0
159,res_roUy_m,240,0,0,0,0,0,0,0,0,0,0,0,0
159,res_roUz,240,0,0,0,0,0,0,0,0,0,0,0,0
159,res_roUz_m,240,0,0,0,0,0,0,0,0,0,0,0,0
159,res_roY0,240,1.20358e-05,4.10043e-06,1.37816e-05,2.65747e-09,-1.58989e-10,1.38065e-05,7.9135e-06,1.37841e-05,4.05323e-08,-1.58999e-10,0,0
159,res_roY0_m,240,0,0,0,0,0,0,0,0,0,0,0,0
159,res_roY1,240,1.33257e-07,4.53893e-08,1.52578e-07,1.71473e-11,-1.94886e-14,1.52915e-07,8.77084e-08,1.52606e-07,3.64863e-10,-1.94894e-14,0,0
159,res_roY1_m,240,0,0,0,0,0,0,0,0,0,0,0,0
159,res_ro_m,240,0,0,0,0,0,0,0,0,0,0,0,0
159,res_roe,240,0.207716,0.126181,0.293924,1.02155e-09,-0.0568077,0.244747,0.18079,0.294049,0.000349102,-0.0568403,0,0
159,res_roe_m,240,0,0,0,0,0,0,0,0,0,0,0,0
160,res_ro,240,1.70738e-05,1.27047e-05,9.87091e-06,1.819e-12,-1.1377e-10,1.90051e-05,1.52041e-05,9.87485e-06,3.29484e-08,-1.13771e-10,0,0
160,res_roK,240,1.33457e-05,1.01041e-05,6.90255e-06,1.86249e-09,-6.18294e-11,0.000277196,0.000277041,7.82663e-06,3.57075e-06,-7.34319e-11,0,0
160,res_roK_m,240,0,0,0,0,0,0,0,0,0,0,0,0
160,res_roOmega,240,124.815,392.907,374.642,0.000562755,-779.784,72555.5,72556.6,461.193,263.538,-23874.7,0,0
160,res_roOmega_m,240,0,0,0,0,0,0,0,0,0,0,0,0
160,res_roUx,240,0.00273504,0.00203683,0.00193518,1.72107e-08,-3.53833e-06,0.00451129,0.00412646,0.00193884,2.62577e-05,-3.54161e-06,0,0
160,res_roUx_m,240,0,0,0,0,0,0,0,0,0,0,0,0
160,res_roUy,240,0.00147653,0.00142176,0.000322893,2.91151e-06,-1.31495e-07,0.00176679,0.00172168,0.000328501,5.13928e-05,-1.32633e-07,0,0
160,res_roUy_m,240,0,0,0,0,0,0,0,0,0,0,0,0
160,res_roUz,240,0,0,0,0,0,0,0,0,0,0,0,0
160,res_roUz_m,240,0,0,0,0,0,0,0,0,0,0,0,0
160,res_roY0,240,1.20983e-05,9.19586e-06,6.83556e-06,1.66872e-09,-5.42654e-11,1.46458e-05,1.23598e-05,6.84116e-06,3.25338e-08,-5.42682e-11,0,0
160,res_roY0_m,240,0,0,0,0,0,0,0,0,0,0,0,0
160,res_roY1,240,1.33938e-07,1.01801e-07,7.56788e-08,2.09702e-11,-6.65156e-15,1.62229e-07,1.36938e-07,7.57406e-08,3.12743e-10,-6.65152e-15,0,0
160,res_roY1_m,240,0,0,0,0,0,0,0,0,0,0,0,0
160,res_ro_m,240,0,0,0,0,0,0,0,0,0,0,0,0
160,res_roe,240,0.209797,0.159379,0.148438,5.9727e-08,-0.0203236,0.246153,0.204923,0.148698,0.000368638,-0.0203544,0,0
160,res_roe_m,240,0,0,0,0,0,0,0,0,0,0,0,0
161,res_ro,240,1.52132e-05,7.46147e-06,1.81666e-05,0,-2.52896e-10,1.72251e-05,1.10061e-05,1.81702e-05,3.43657e-08,-2.52864e-10,0,0
161,res_roK,240,1.18452e-05,5.72083e-06,1.28573e-05,2.36177e-10,-1.36445e-10,0.000276203,0.000276015,1.33707e-05,3.68419e-06,-1.41384e-10,0,0
161,res_roK_m,240,0,0,0,0,0,0,0,0,0,0,0,0
161,res_roOmega,240,142.856,500.969,442.168,0.000122086,17524.6,32865.2,32870.4,568.516,332.705,8398.98,0,0
161,res_roOmega_m,240,0,0,0,0,0,0,0,0,0,0,0,0
161,res_roUx,240,0.00248518,0.00164075,0.00366532,2.69186e-11,-8.45932e-06,0.00441652,0.00400603,0.00366831,2.66573e-05,-8.45695e-06,0,0
161,res_roUx_m,240,0,0,0,0,0,0,0,0,0,0,0,0
161,res_roUy,240,0.00129478,0.00125158,0.000608215,1.92625e-11,-2.39969e-07,0.00149064,0.00145359,0.000610996,5.28894e-05,-2.41198e-07,0,0
161,res_roUy_m,240,0,0,0,0,0,0,0,0,0,0,0,0
161,res_roUz,240,0,0,0,0,0,0,0,0,0,0,0,0
161,res_roUz_m,240,0,0,0,0,0,0,0,0,0,0,0,0
161,res_roY0,240,1.08583e-05,5.16151e-06,1.27237e-05,0,-1.26577e-10,1.34812e-05,9.52219e-06,1.27288e-05,3.68289e-08,-1.26547e-10,0,0
161,res_roY0_m,240,0,0,0,0,0,0,0,0,0,0,0,0
161,res_roY1,240,1.20216e-07,5.71316e-08,1.4087e-07,2.36089e-13,-1.5516e-14,1.49293e-07,1.0547e-07,1.40926e-07,3.2462e-10,-1.55123e-14,0,0
161,res_roY1_m,240,0,0,0,0,0,0,0,0,0,0,0,0
161,res_ro_m,240,0,0,0,0,0,0,0,0,0,0,0,0
161,res_roe,240,0.184373,0.128066,0.272236,9.53675e-07,-0.0458525,0.225444,0.182359,0.272377,0.000370596,-0.0458798,0,0
161,res_roe_m,240,0,0,0,0,0,0,0,0,0,0,0,0
162,res_ro,240,1.4176e-05,1.28096e-05,8.01079e-06,8.34864e-12,-5.05225e-11,1.81558e-05,1.71153e-05,8.01929e-06,3.32328e-08,-5.05053e-11,0,0
162,res_roK,240,1.12432e-05,1.02365e-05,5.5841e-06,1.14032e-09,-2.6403e-11,0.000273887,0.000273839,6.72451e-06,3.75606e-06,-3.58498e-11,0,0
162,res_roK_m,240,0,0,0,0,0,0,0,0,0,0,0,0
162,res_roOmega,240,204.454,708.867,533.527,0.0157628,88020.4,51643.5,51648,598.477,301.168,56278.8,0,0
162,res_roOmega_m,240,0,0,0,0,0,0,0,0,0,0,0,0
162,res_roUx,240,0.0022858,0.00205117,0.00160964,2.52159e-08,-1.80427e-06,0.00431565,0.00419982,0.00161694,2.8216e-05,-1.80045e-06,0,0
162,res_roUx_m,240,0,0,0,0,0,0,0,0,0,0,0,0
162,res_roUy,240,0.0011004,0.00107409,0.000293262,2.9349e-06,-7.16075e-08,0.00134028,0.00132039,0.000303589,5.73491e-05,-7.25396e-08,0,0
162,res_roUy_m,240,0,0,0,0,0,0,0,0,0,0,0,0
162,res_roUz,240,0,0,0,0,0,0,0,0,0,0,0,0
162,res_roUz_m,240,0,0,0,0,0,0,0,0,0,0,0,0
162,res_roY0,240,1.01416e-05,9.20598e-06,5.5438e-06,1.33255e-09,-2.44182e-11,1.51238e-05,1.45188e-05,5.55585e-06,3.88891e-08,-2.44011e-11,0,0
162,res_roY0_m,240,0,0,0,0,0,0,0,0,0,0,0,0
162,res_roY1,240,1.12284e-07,1.01923e-07,6.13757e-08,2.43465e-11,-2.99313e-15,1.67534e-07,1.60838e-07,6.15085e-08,3.64324e-10,-2.99094e-15,0,0
162,res_roY1_m,240,0,0,0,0,0,0,0,0,0,0,0,0
162,res_ro_m,240,0,0,0,0,0,0,0,0,0,0,0,0
162,res_roe,240,0.183023,0.162191,0.135248,6.01528e-08,-0.0127416,0.235267,0.219545,0.135559,0.000356665,-0.0127633,0,0
162,res_roe_m,240,0,0,0,0,0,0,0,0,0,0,0,0
163,res_ro,240,1.42696e-05,8.35312e-06,1.692e-05,1.87583e-12,-2.10067e-10,1.65337e-05,1.18205e-05,1.69244e-05,3.31512e-08,-2.10039e-10,0,0
163,res_roK,240,1.13078e-05,6.37018e-06,1.19368e-05,3.2331e-09,-1.14888e-10,0.000273496,0.000273329,1.24398e-05,3.87154e-06,-1.23084e-10,0,0
163,res_roK_m,240,0,0,0,0,0,0,0,0,0,0,0,0
163,res_roOmega,240,206.448,794.611,611.316,0.000193074,107539,109284,109288,714.23,251.206,120445,0,0
163,res_roOmega_m,240,0,0,0,0,0,0,0,0,0,0,0,0
163,res_roUx,240,0.00224188,0.00167906,0.00336848,2.14896e-08,-6.77671e-06,0.00386444,0.00357243,0.00337211,2.693e-05,-6.77139e-06,0,0
163,res_roUx_m,240,0,0,0,0,0,0,0,0,0,0,0,0
163,res_roUy,240,0.00121711,0.001145,0.000609358,2.93513e-06,-2.70818e-07,0.0014725,0.0014144,0.00061246,4.63673e-05,-2.71412e-07,0,0
163,res_roUy_m,240,0,0,0,0,0,0,0,0,0,0,0,0
163,res_roUz,240,0,0,0,0,0,0,0,0,0,0,0,0
163,res_roUz_m,240,0,0,0,0,0,0,0,0,0,0,0,0
163,res_roY0,240,1.00335e-05,5.63183e-06,1.18198e-05,2.07838e-09,-1.04331e-10,1.29961e-05,1.00077e-05,1.18261e-05,3.7964e-08,-1.043e-10,0,0
163,res_roY0_m,240,0,0,0,0,0,0,0,0,0,0,0,0
163,res_roY1,240,1.11098e-07,6.2356e-08,1.3086e-07,2.44584e-11,-1.27895e-14,1.43977e-07,1.10901e-07,1.30929e-07,3.55154e-10,-1.27863e-14,0,0
163,res_roY1_m,240,0,0,0,0,0,0,0,0,0,0,0,0
163,res_ro_m,240,0,0,0,0,0,0,0,0,0,0,0,0
163,res_roe,240,0.180146,0.137069,0.258077,1.33304e-07,-0.0401342,0.224446,0.191708,0.25824,0.000356527,-0.040156,0,0
163,res_roe_m,240,0,0,0,0,0,0,0,0,0,0,0,0
164,res_ro,240,1.49202e-05,1.25457e-05,1.01152e-05,0,-8.37674e-11,1.74201e-05,1.54405e-05,1.0121e-05,3.45079e-08,-8.37424e-11,0,0
164,res_roK,240,1.14951e-05,9.69987e-06,7.0822e-06,3.76975e-09,-4.41033e-11,0.000271521,0.000271449,7.91834e-06,3.55555e-06,-5.06631e-11,0,0
164,res_roK_m,240,0,0,0,0,0,0,0,0,0,0,0,0
164,res_roOmega,240,257.156,934.453,694.816,1.64763e-05,162152,72064.4,72070.7,763.513,271.712,162947,0,0
164,res_roOmega_m,240,0,0,0,0,0,0,0,0,0,0,0,0
164,res_roUx,240,0.00239209,0.00199922,0.00196049,1.16706e-09,-2.78439e-06,0.00425234,0.00404786,0.0019655,2.63281e-05,-2.78023e-06,0,0
164,res_roUx_m,240,0,0,0,0,0,0,0,0,0,0,0,0
164,res_roUy,240,0.00148948,0.00145857,0.000319953,2.92719e-06,-9.67474e-08,0.00161517,0.00158711,0.000324629,5.14716e-05,-9.7621e-08,0,0
164,res_roUy_m,240,0,0,0,0,0,0,0,0,0,0,0,0
164,res_roUz,240,0,0,0,0,0,0,0,0,0,0,0,0
164,res_roUz_m,240,0,0,0,0,0,0,0,0,0,0,0,0
164,res_roY0,240,1.03322e-05,8.83295e-06,7.02892e-06,2.2057e-09,-3.907e-11,1.36326e-05,1.2541e-05,7.0371e-06,3.89799e-08,-3.90462e-11,0,0
164,res_roY0_m,240,0,0,0,0,0,0,0,0,0,0,0,0
164,res_roY1,240,1.14386e-07,9.77912e-08,7.78197e-08,2.77626e-11,-4.78847e-15,1.50999e-07,1.38923e-07,7.79098e-08,3.64316e-10,-4.78542e-15,0,0
164,res_roY1_m,240,0,0,0,0,0,0,0,0,0,0,0,0
164,res_ro_m,240,0,0,0,0,0,0,0,0,0,0,0,0
164,res_roe,240,0.170707,0.164109,0.123213,4.51136e-09,-0.00869539,0.223159,0.218248,0.12354,0.000381612,-0.00871495,0,0
164,res_roe_m,240,0,0,0,0,0,0,0,0,0,0,0,0
165,res_ro,240,1.49692e-05,9.14305e-06,1.70706e-05,0,-2.15943e-10,1.84264e-05,1.41165e-05,1.70744e-05,3.09448e-08,-2.15895e-10,0,0
165,res_roK,240,1.16666e-05,7.15107e-06,1.1971e-05,4.13226e-10,-1.14138e-10,0.000270283,0.00027007,1.24468e-05,3.53549e-06,-1.35059e-10,0,0
165,res_roK_m,240,0,0,0,0,0,0,0,0,0,0,0,0
165,res_roOmega,240,299.086,1003.23,737.157,0.000251667,186813,101142,101147,818.426,222.812,187152,0,0
165,res_roOmega_m,240,0,0,0,0,0,0,0,0,0,0,0,0
165,res_roUx,240,0.00234713,0.00169119,0.00341143,9.54534e-10,-7.14338e-06,0.00430835,0.00399343,0.00341446,3.41394e-05,-7.13646e-06,0,0
165,res_roUx_m,240,0,0,0,0,0,0,0,0,0,0,0,0
165,res_roUy,240,0.00176675,0.00170917,0.000625602,2.92022e-06,-2.95758e-07,0.00193615,0.00188287,0.000631741,8.85976e-05,-3.01283e-07,0,0
165,res_roUy_m,240,0,0,0,0,0,0,0,0,0,0,0,0
165,res_roUz,240,0,0,0,0,0,0,0,0,0,0,0,0
165,res_roUz_m,240,0,0,0,0,0,0,0,0,0,0,0,0
165,res_roY0,240,1.03297e-05,6.25079e-06,1.1855e-05,1.58788e-09,-1.04085e-10,1.48199e-05,1.23378e-05,1.18604e-05,4.19896e-08,-1.04038e-10,0,0
165,res_roY0_m,240,0,0,0,0,0,0,0,0,0,0,0,0
165,res_roY1,240,1.14374e-07,6.9211e-08,1.31254e-07,2.24671e-11,-1.27593e-14,1.64158e-07,1.3669e-07,1.31313e-07,3.84e-10,-1.27533e-14,0,0
165,res_roY1_m,240,0,0,0,0,0,0,0,0,0,0,0,0
165,res_ro_m,240,0,0,0,0,0,0,0,0,0,0,0,0
165,res_roe,240,0.184012,0.140563,0.266913,2.80014e-09,-0.0426726,0.247701,0.2175,0.26706,0.000344213,-0.0426853,0,0
165,res_roe_m,240,0,0,0,0,0,0,0,0,0,0,0,0
166,res_ro,240,1.52082e-05,1.27307e-05,1.04138e-05,1.81988e-12,-8.88345e-11,1.88068e-05,1.68747e-05,1.04205e-05,3.1033e-08,-8.87631e-11,0,0
166,res_roK,240,1.18503e-05,1.01738e-05,7.28728e-06,1.48086e-09,-4.50135e-11,0.000269032,0.000268959,8.17414e-06,3.48024e-06,-5.28324e-11,0,0
166,res_roK_m,240,0,0,0,0,0,0,0,0,0,0,0,0
166,res_roOmega,240,322.913,1012.68,757.497,0.00201353,173728,36728.5,36741.5,783.239,304.669,170403,0,0
166,res_roOmega_m,240,0,0,0,0,0,0,0,0,0,0,0,0
166,res_roUx,240,0.00239272,0.00199642,0.00208797,2.19184e-08,-3.04952e-06,0.00393459,0.00371315,0.00209327,2.56657e-05,-3.03763e-06,0,0
166,res_roUx_m,240,0,0,0,0,0,0,0,0,0,0,0,0
166,res_roUy,240,0.00152272,0.00151691,0.000309018,2.91156e-06,-5.6579e-08,0.00185537,0.00185053,0.00031453,4.92565e-05,-5.84351e-08,0,0
166,res_roUy_m,240,0,0,0,0,0,0,0,0,0,0,0,0
166,res_roUz,240,0,0,0,0,0,0,0,0,0,0,0,0
166,res_roUz_m,240,0,0,0,0,0,0,0,0,0,0,0,0
166,res_roY0,240,1.05183e-05,8.97037e-06,7.23333e-06,1.38052e-10,-4.12445e-11,1.51782e-05,1.41588e-05,7.24273e-06,4.13755e-08,-4.11805e-11,0,0
166,res_roY0_m,240,0,0,0,0,0,0,0,0,0,0,0,0
166,res_roY1,240,1.16469e-07,9.93169e-08,8.00826e-08,1.09045e-12,-5.05717e-15,1.68108e-07,1.56814e-07,8.01865e-08,3.8692e-10,-5.04974e-15,0,0
166,res_roY1_m,240,0,0,0,0,0,0,0,0,0,0,0,0
166,res_ro_m,240,0,0,0,0,0,0,0,0,0,0,0,0
166,res_roe,240,0.173431,0.165596,0.136711,6.10298e-08,-0.0106731,0.226266,0.220446,0.137009,0.00033877,-0.0106856,0,0
166,res_roe_m,240,0,0,0,0,0,0,0,0,0,0,0,0
167,res_ro,240,1.36444e-05,9.01791e-06,1.51551e-05,7.27596e-12,-1.67262e-10,1.66691e-05,1.31687e-05,1.51611e-05,3.18417e-08,-1.67152e-10,0,0
167,res_roK,240,1.08707e-05,7.31274e-06,1.07163e-05,3.55167e-09,-8.97675e-11,0.000268065,0.000267931,1.12078e-05,3.67082e-06,-9.85017e-11,0,0
167,res_roK_m,240,0,0,0,0,0,0,0,0,0,0,0,0
167,res_roOmega,240,265.746,892.746,744.892,0.00201815,85755.4,52651.4,52659.2,775.357,236.354,109600,0,0
167,res_roOmega_m,240,0,0,0,0,0,0,0,0,0,0,0,0
167,res_roUx,240,0.00216464,0.00172387,0.00304262,2.22085e-08,-5.48573e-06,0.00422773,0.0040285,0.00304735,2.75033e-05,-5.46561e-06,0,0
167,res_roUx_m,240,0,0,0,0,0,0,0,0,0,0,0,0
167,res_roUy,240,0.00165774,0.00162484,0.00051664,2.90726e-06,-1.87451e-07,0.00181046,0.00178031,0.000520332,5.67864e-05,-1.89514e-07,0,0
167,res_roUy_m,240,0,0,0,0,0,0,0,0,0,0,0,0
167,res_roUz,240,0,0,0,0,0,0,0,0,0,0,0,0
167,res_roUz_m,240,0,0,0,0,0,0,0,0,0,0,0,0
167,res_roY0,240,9.52528e-06,6.25186e-06,1.06167e-05,1.77087e-09,-8.21792e-11,1.34327e-05,1.13661e-05,1.06251e-05,3.88007e-08,-8.20713e-11,0,0
167,res_roY0_m,240,0,0,0,0,0,0,0,0,0,0,0,0
167,res_roY1,240,1.05434e-07,6.92044e-08,1.1754e-07,1.55954e-11,-1.00714e-14,1.4876e-07,1.259e-07,1.17633e-07,3.51633e-10,-1.00582e-14,0,0
167,res_roY1_m,240,0,0,0,0,0,0,0,0,0,0,0,0
167,res_ro_m,240,0,0,0,0,0,0,0,0,0,0,0,0
167,res_roe,240,0.160074,0.145493,0.211934,1.33209e-07,-0.0246857,0.21188,0.201246,0.212119,0.000345394,-0.024694,0,0
167,res_roe_m,240,0,0,0,0,0,0,0,0,0,0,0,0
168,res_ro,240,1.31286e-05,1.15586e-05,1.16759e-05,0,-8.7544e-11,1.49514e-05,1.36053e-05,1.16827e-05,3.25534e-08,-8.74632e-11,0,0
168,res_roK,240,1.07704e-05,9.45796e-06,8.31878e-06,1.84845e-09,-4.78757e-11,0.000266322,0.000266266,9.11789e-06,3.47855e-06,-5.66356e-11,0,0
168,res_roK_m,240,0,0,0,0,0,0,0,0,0,0,0,0
168,res_roOmega,240,181.952,749.584,704.404,1.60221e-05,16292.1,31605.2,31613.6,776.982,312.367,-36775,0,0
168,res_roOmega_m,240,0,0,0,0,0,0,0,0,0,0,0,0
168,res_roUx,240,0.00205196,0.00192288,0.00231636,7.43905e-10,-2.9393e-06,0.00349555,0.00343047,0.00232173,2.95475e-05,-2.92059e-06,0,0
168,res_roUx_m,240,0,0,0,0,0,0,0,0,0,0,0,0
168,res_roUy,240,0.00165517,0.00161134,0.000347588,1.14615e-11,-1.31995e-07,0.00178409,0.00174334,0.000351776,6.30144e-05,-1.3374e-07,0,0
168,res_roUy_m,240,0,0,0,0,0,0,0,0,0,0,0,0
168,res_roUz,240,0,0,0,0,0,0,0,0,0,0,0,0
168,res_roUz_m,240,0,0,0,0,0,0,0,0,0,0,0,0
168,res_roY0,240,9.19885e-06,8.32071e-06,8.25238e-06,1.24846e-09,-4.17432e-11,1.16059e-05,1.09368e-05,8.2618e-06,4.01406e-08,-4.16708e-11,0,0
168,res_roY0_m,240,0,0,0,0,0,0,0,0,0,0,0,0
168,res_roY1,240,1.01853e-07,9.21196e-08,9.1364e-08,1.9946e-11,-5.11771e-15,1.28608e-07,1.21203e-07,9.14679e-08,3.66081e-10,-5.10808e-15,0,0
168,res_roY1_m,240,0,0,0,0,0,0,0,0,0,0,0,0
168,res_ro_m,240,0,0,0,0,0,0,0,0,0,0,0,0
168,res_roe,240,0.162231,0.153357,0.193207,2.17492e-09,-0.0200646,0.208473,0.201834,0.193417,0.00034791,-0.0200671,0,0
168,res_roe_m,240,0,0,0,0,0,0,0,0,0,0,0,0
169,res_ro,240,1.38932e-05,1.05556e-05,1.20355e-05,8.14791e-12,-1.13228e-10,2.1832e-05,1.98795e-05,1.20398e-05,3.16946e-08,-1.13199e-10,0,0
169,res_roK,240,1.09591e-05,8.63843e-06,8.3227e-06,2.72625e-09,-5.73736e-11,0.000262968,0.000262892,9.02501e-06,3.38915e-06,-6.07877e-11,0,0
169,res_roK_m,240,0,0,0,0,0,0,0,0,0,0,0,0
169,res_roOmega,240,173.487,580.925,649.584,0.00195795,-57291.9,76798.2,76799.7,693.551,306.632,-127110,0,0
169,res_roOmega_m,240,0,0,0,0,0,0,0,0,0,0,0,0
169,res_roUx,240,0.0021801,0.00183664,0.00235286,2.42705e-08,-3.45778e-06,0.00398669,0.00381471,0.00235641,2.80488e-05,-3.44717e-06,0,0
169,res_roUx_m,240,0,0,0,0,0,0,0,0,0,0,0,0
169,res_roUy,240,0.0017044,0.00163149,0.000443497,2.8801e-06,-2.19953e-07,0.00184055,0.00177315,0.000447839,5.60684e-05,-2.22051e-07,0,0
169,res_roUy_m,240,0,0,0,0,0,0,0,0,0,0,0,0
169,res_roUz,240,0,0,0,0,0,0,0,0,0,0,0,0
169,res_roUz_m,240,0,0,0,0,0,0,0,0,0,0,0,0
169,res_roY0,240,9.3931e-06,7.38604e-06,8.24949e-06,2.61368e-09,-5.08655e-11,1.91222e-05,1.82246e-05,8.25555e-06,3.90588e-08,-5.08374e-11,0,0
169,res_roY0_m,240,0,0,0,0,0,0,0,0,0,0,0,0
169,res_roY1,240,1.04002e-07,8.1769e-08,9.13324e-08,2.43053e-11,-6.23591e-15,2.11748e-07,2.01808e-07,9.13993e-08,3.69057e-10,-6.2323e-15,0,0
169,res_roY1_m,240,0,0,0,0,0,0,0,0,0,0,0,0
169,res_ro_m,240,0,0,0,0,0,0,0,0,0,0,0,0
169,res_roe,240,0.165171,0.151273,0.17806,5.98456e-08,-0.0180516,0.276783,0.268844,0.178232,0.000355878,-0.0180492,0,0
169,res_roe_m,240,0,0,0,0,0,0,0,0,0,0,0,0
170,res_ro,240,1.42468e-05,1.00959e-05,1.51989e-05,0,-1.66025e-10,1.64209e-05,1.29859e-05,1.52006e-05,3.2627e-08,-1.66035e-10,0,0
170,res_roK,240,1.11108e-05,7.95639e-06,1.07401e-05,1.685e-09,-8.77472e-11,0.000261674,0.000261539,1.13114e-05,3.57809e-06,-9.93376e-11,0,0
170,res_roK_m,240,0,0,0,0,0,0,0,0,0,0,0,0
170,res_roOmega,240,216.428,459.161,589.965,2.1481e-06,-92035.9,55631,55631.1,652.033,255.113,-206929,0,0
170,res_roOmega_m,240,0,0,0,0,0,0,0,0,0,0,0,0
170,res_roUx,240,0.00223248,0.00176352,0.00299664,4.90221e-11,-5.4269e-06,0.00412013,0.00388817,0.00299815,2.54799e-05,-5.42325e-06,0,0
170,res_roUx_m,240,0,0,0,0,0,0,0,0,0,0,0,0
170,res_roUy,240,0.00193661,0.00185268,0.000532042,4.06408e-11,-3.00548e-07,0.00244469,0.00237846,0.000535018,5.33142e-05,-3.02831e-07,0,0
170,res_roUy_m,240,0,0,0,0,0,0,0,0,0,0,0,0
170,res_roUz,240,0,0,0,0,0,0,0,0,0,0,0,0
170,res_roUz_m,240,0,0,0,0,0,0,0,0,0,0,0,0
170,res_roY0,240,9.72892e-06,6.98296e-06,1.06375e-05,1.34306e-09,-7.9523e-11,1.26453e-05,1.06791e-05,1.064e-05,4.09772e-08,-7.95338e-11,0,0
170,res_roY0_m,240,0,0,0,0,0,0,0,0,0,0,0,0
170,res_roY1,240,1.07704e-07,7.73074e-08,1.1777e-07,1.17837e-11,-9.74668e-15,1.40089e-07,1.18343e-07,1.17797e-07,3.74309e-10,-9.74794e-15,0,0
170,res_roY1_m,240,0,0,0,0,0,0,0,0,0,0,0,0
170,res_ro_m,240,0,0,0,0,0,0,0,0,0,0,0,0
170,res_roe,240,0.168317,0.149133,0.213811,5.26892e-10,-0.0259027,0.223535,0.209615,0.213911,0.000341192,-0.0258937,0,0
170,res_roe_m,240,0,0,0,0,0,0,0,0,0,0,0,0
171,res_ro,240,1.36061e-05,1.20964e-05,9.95622e-06,0,-6.89642e-11,1.73498e-05,1.61931e-05,9.95757e-06,3.12873e-08,-6.89763e-11,0,0
171,res_roK,240,1.05513e-05,9.65956e-06,6.83195e-06,2.53803e-09,-3.23496e-11,0.000260091,0.000260053,7.71374e-06,3.67135e-06,-3.9548e-11,0,0
171,res_roK_m,240,0,0,0,0,0,0,0,0,0,0,0,0
171,res_roOmega,240,253.289,362.872,541.888,0.00220126,-113061,60957.4,60960.2,625.874,333.031,-19717.7,0,0
171,res_roOmega_m,240,0,0,0,0,0,0,0,0,0,0,0,0
171,res_roUx,240,0.00220589,0.00192136,0.00197847,6.5065e-10,-2.54433e-06,0.00441061,0.00427632,0.00197968,2.66887e-05,-2.54284e-06,0,0
171,res_roUx_m,240,0,0,0,0,0,0,0,0,0,0,0,0
171,res_roUy,240,0.00186626,0.00182333,0.000426978,3.20976e-11,-1.70349e-07,0.00230711,0.00227225,0.000430534,5.14126e-05,-1.725e-07,0,0
171,res_roUy_m,240,0,0,0,0,0,0,0,0,0,0,0,0
171,res_roUz,240,0,0,0,0,0,0,0,0,0,0,0,0
171,res_roUz_m,240,0,0,0,0,0,0,0,0,0,0,0,0
171,res_roY0,240,9.30186e-06,8.4274e-06,6.76794e-06,1.27487e-09,-3.06542e-11,1.41384e-05,1.35787e-05,6.76995e-06,3.76543e-08,-3.06726e-11,0,0
171,res_roY0_m,240,0,0,0,0,0,0,0,0,0,0,0,0
171,res_roY1,240,1.02972e-07,9.32854e-08,7.49316e-08,1.77205e-11,-3.75786e-15,1.56572e-07,1.50375e-07,7.49534e-08,3.40316e-10,-3.7602e-15,0,0
171,res_roY1_m,240,0,0,0,0,0,0,0,0,0,0,0,0
171,res_ro_m,240,0,0,0,0,0,0,0,0,0,0,0,0
171,res_roe,240,0.158151,0.160024,0.156581,1.19335e-07,-0.0119609,0.211869,0.213385,0.15664,0.000349319,-0.0119459,0,0
171,res_roe_m,240,0,0,0,0,0,0,0,0,0,0,0,0
172,res_ro,240,1.49299e-05,9.57449e-06,1.56477e-05,3.66933e-12,-1.88041e-10,1.6918e-05,1.24498e-05,1.56485e-05,3.15778e-08,-1.88047e-10,0,0
172,res_roK,240,1.16533e-05,7.66542e-06,1.11088e-05,2.64061e-10,-1.00224e-10,0.000259228,0.00025907,1.16036e-05,3.64098e-06,-1.08154e-10,0,0
172,res_roK_m,240,0,0,0,0,0,0,0,0,0,0,0,0
172,res_roOmega,240,245.677,299.865,491.478,6.11744e-05,-105995,83524.6,83524,571.405,227.729,-213746,0,0
172,res_roOmega_m,240,0,0,0,0,0,0,0,0,0,0,0,0
172,res_roUx,240,0.00242851,0.00169132,0.00309637,1.60777e-08,-6.31232e-06,0.00424022,0.00386637,0.003097,3.23825e-05,-6.31105e-06,0,0
172,res_roUx_m,240,0,0,0,0,0,0,0,0,0,0,0,0
172,res_roUy,240,0.00156789,0.00154926,0.000474189,2.844e-06,-1.41461e-07,0.00185059,0.00183468,0.000477506,7.70271e-05,-1.43318e-07,0,0
172,res_roUy_m,240,0,0,0,0,0,0,0,0,0,0,0,0
172,res_roUz,240,0,0,0,0,0,0,0,0,0,0,0,0
172,res_roUz_m,240,0,0,0,0,0,0,0,0,0,0,0,0
172,res_roY0,240,1.03817e-05,6.40223e-06,1.09958e-05,1.60593e-09,-9.38499e-11,1.30274e-05,1.01455e-05,1.09969e-05,3.71859e-08,-9.38568e-11,0,0
172,res_roY0_m,240,0,0,0,0,0,0,0,0,0,0,0,0
172,res_roY1,240,1.14946e-07,7.08869e-08,1.21738e-07,1.53686e-11,-1.15039e-14,1.44287e-07,1.12396e-07,1.2175e-07,3.42289e-10,-1.15045e-14,0,0
172,res_roY1_m,240,0,0,0,0,0,0,0,0,0,0,0,0
172,res_ro_m,240,0,0,0,0,0,0,0,0,0,0,0,0
172,res_roe,240,0.167557,0.150596,0.215356,5.98251e-08,-0.0258872,0.217514,0.204789,0.215372,0.00034557,-0.0258794,0,0
172,res_roe_m,240,0,0,0,0,0,0,0,0,0,0,0,0
173,res_ro,240,1.59674e-05,1.15839e-05,1.20887e-05,7.10543e-15,-1.33454e-10,1.87893e-05,1.52405e-05,1.20893e-05,3.32515e-08,-1.33459e-10,0,0
173,res_roK,240,1.26739e-05,9.44582e-06,8.38723e-06,1.57488e-09,-7.08747e-11,0.000256501,0.000256404,9.04026e-06,3.34432e-06,-6.57385e-11,0,0
173,res_roK_m,240,0,0,0,0,0,0,0,0,0,0,0,0
173,res_roOmega,240,236.973,270.817,474.491,0.000165441,-103978,38656.2,38655.7,516.555,270.997,-153186,0,0
173,res_roOmega_m,240,0,0,0,0,0,0,0,0,0,0,0,0
173,res_roUx,240,0.00253955,0.00184391,0.00237125,2.12578e-08,-4.33606e-06,0.00426903,0.00389612,0.00237173,2.73253e-05,-4.33496e-06,0,0
173,res_roUx_m,240,0,0,0,0,0,0,0,0,0,0,0,0
173,res_roUy,240,0.00149271,0.00145147,0.000407313,2.82528e-06,-1.43662e-07,0.00179407,0.00176007,0.000411179,5.78579e-05,-1.44945e-07,0,0
173,res_roUy_m,240,0,0,0,0,0,0,0,0,0,0,0,0
173,res_roUz,240,0,0,0,0,0,0,0,0,0,0,0,0
173,res_roUz_m,240,0,0,0,0,0,0,0,0,0,0,0,0
173,res_roY0,240,1.12707e-05,8.2386e-06,8.30087e-06,1.40095e-09,-6.40297e-11,1.4933e-05,1.28001e-05,8.3017e-06,3.72182e-08,-6.40356e-11,0,0
173,res_roY0_m,240,0,0,0,0,0,0,0,0,0,0,0,0
173,res_roY1,240,1.2477e-07,9.12152e-08,9.1899e-08,1.59712e-11,-7.84637e-15,1.65367e-07,1.41773e-07,9.19079e-08,3.40051e-10,-7.84688e-15,0,0
173,res_roY1_m,240,0,0,0,0,0,0,0,0,0,0,0,0
173,res_ro_m,240,0,0,0,0,0,0,0,0,0,0,0,0
173,res_roe,240,0.18309,0.159493,0.181291,4.76837e-07,-0.0204751,0.229842,0.211539,0.181305,0.00035365,-0.0204752,0,0
173,res_roe_m,240,0,0,0,0,0,0,0,0,0,0,0,0
174,res_ro,240,1.5706e-05,9.2126e-06,1.51212e-05,3.66685e-12,-1.95229e-10,1.73082e-05,1.17394e-05,1.5122e-05,3.32793e-08,-1.95218e-10,0,0
174,res_roK,240,1.25086e-05,7.4312e-06,1.06991e-05,2.68564e-09,-1.07857e-10,0.000257297,0.000257057,1.12513e-05,3.76359e-06,-1.25013e-10,0,0
174,res_roK_m,240,0,0,0,0,0,0,0,0,0,0,0,0
174,res_roOmega,240,230.07,211.943,407.736,0.00281826,-87130.4,79218.6,79219,454.104,323.422,-71046.6,0,0
174,res_roOmega_m,240,0,0,0,0,0,0,0,0,0,0,0,0
174,res_roUx,240,0.00245943,0.00166199,0.00301952,2.05416e-08,-6.20204e-06,0.00404683,0.0036193,0.00302013,2.77463e-05,-6.19934e-06,0,0
174,res_roUx_m,240,0,0,0,0,0,0,0,0,0,0,0,0
174,res_roUy,240,0.00149725,0.00145528,0.000475513,2.80329e-06,-1.75005e-07,0.00173121,0.00169556,0.000478634,5.51666e-05,-1.75623e-07,0,0
174,res_roUy_m,240,0,0,0,0,0,0,0,0,0,0,0,0
174,res_roUz,240,0,0,0,0,0,0,0,0,0,0,0,0
174,res_roUz_m,240,0,0,0,0,0,0,0,0,0,0,0,0
174,res_roY0,240,1.10238e-05,6.34202e-06,1.05876e-05,5.37421e-10,-9.66999e-11,1.31654e-05,9.59499e-06,1.05888e-05,3.56328e-08,-9.66939e-11,0,0
174,res_roY0_m,240,0,0,0,0,0,0,0,0,0,0,0,0
174,res_roY1,240,1.22065e-07,7.02261e-08,1.17219e-07,2.55322e-12,-1.18543e-14,1.45811e-07,1.06292e-07,1.17232e-07,3.2126e-10,-1.18531e-14,0,0
174,res_roY1_m,240,0,0,0,0,0,0,0,0,0,0,0,0
174,res_ro_m,240,0,0,0,0,0,0,0,0,0,0,0,0
174,res_roe,240,0.199119,0.144104,0.231177,9.62976e-07,-0.0361627,0.238423,0.194886,0.2312,0.000361504,-0.0361593,0,0
174,res_roe_m,240,0,0,0,0,0,0,0,0,0,0,0,0
175,res_ro,240,1.60673e-05,1.08216e-05,1.28679e-05,4.09282e-12,-1.53317e-10,1.84326e-05,1.40971e-05,1.28692e-05,3.06369e-08,-1.53325e-10,0,0
175,res_roK,240,1.2452e-05,8.56429e-06,8.86166e-06,3.91268e-09,-8.01171e-11,0.000255017,0.000254823,9.65716e-06,3.46454e-06,-9.6072e-11,0,0
175,res_roK_m,240,0,0,0,0,0,0,0,0,0,0,0,0
175,res_roOmega,240,173.047,195.331,330.798,0.00280496,-50609.1,72179.1,72177.6,468.731,229.298,-219352,0,0
175,res_roOmega_m,240,0,0,0,0,0,0,0,0,0,0,0,0
175,res_roUx,240,0.00253083,0.00181147,0.00257947,1.73903e-08,-4.88866e-06,0.00469415,0.00434928,0.00258059,2.51503e-05,-4.88912e-06,0,0
175,res_roUx_m,240,0,0,0,0,0,0,0,0,0,0,0,0
175,res_roUy,240,0.00151265,0.00146147,0.000435857,2.78653e-06,-1.71091e-07,0.00174307,0.00169977,0.000440062,4.66586e-05,-1.71354e-07,0,0
175,res_roUy_m,240,0,0,0,0,0,0,0,0,0,0,0,0
175,res_roUz,240,0,0,0,0,0,0,0,0,0,0,0,0
175,res_roUz_m,240,0,0,0,0,0,0,0,0,0,0,0,0
175,res_roY0,240,1.11528e-05,7.66424e-06,8.76617e-06,1.21096e-10,-7.12449e-11,1.42915e-05,1.17736e-05,8.76814e-06,3.782e-08,-7.12553e-11,0,0
175,res_roY0_m,240,0,0,0,0,0,0,0,0,0,0,0,0
175,res_roY1,240,1.23473e-07,8.48504e-08,9.70536e-08,3.82776e-12,-8.73264e-15,1.58248e-07,1.3038e-07,9.70752e-08,3.48486e-10,-8.73343e-15,0,0
175,res_roY1_m,240,0,0,0,0,0,0,0,0,0,0,0,0
175,res_ro_m,240,0,0,0,0,0,0,0,0,0,0,0,0
175,res_roe,240,0.202008,0.150269,0.197437,1.18691e-07,-0.028604,0.239264,0.197627,0.197483,0.000338469,-0.0285952,0,0
175,res_roe_m,240,0,0,0,0,0,0,0,0,0,0,0,0
176,res_ro,240,1.51729e-05,9.30144e-06,1.54863e-05,0,-1.91761e-10,1.71074e-05,1.22074e-05,1.54888e-05,3.21254e-08,-1.91773e-10,0,0
176,res_roK,240,1.18777e-05,7.18257e-06,1.1002e-05,8.70345e-10,-1.05266e-10,0.00025303,0.000252911,1.16877e-05,3.82503e-06,-9.84066e-11,0,0
176,res_roK_m,240,0,0,0,0,0,0,0,0,0,0,0,0
176,res_roOmega,240,118.303,187.21,246.389,1.5677e-05,-19827.6,35333.6,35334.9,319.463,263.523,-3896.41,0,0
176,res_roOmega_m,240,0,0,0,0,0,0,0,0,0,0,0,0
176,res_roUx,240,0.00243899,0.00172328,0.0030719,1.35305e-09,-6.20776e-06,0.00419031,0.00381958,0.00307413,2.70699e-05,-6.20988e-06,0,0
176,res_roUx_m,240,0,0,0,0,0,0,0,0,0,0,0,0
176,res_roUy,240,0.00166287,0.00157697,0.000542105,3.12976e-11,-2.86082e-07,0.0018376,0.00176117,0.000546175,5.09218e-05,-2.86686e-07,0,0
176,res_roUy_m,240,0,0,0,0,0,0,0,0,0,0,0,0
176,res_roUz,240,0,0,0,0,0,0,0,0,0,0,0,0
176,res_roUz_m,240,0,0,0,0,0,0,0,0,0,0,0,0
176,res_roY0,240,1.07245e-05,6.4807e-06,1.08891e-05,1.82782e-09,-9.57936e-11,1.32699e-05,1.01555e-05,1.08927e-05,4.11036e-08,-9.58031e-11,0,0
176,res_roY0_m,240,0,0,0,0,0,0,0,0,0,0,0,0
176,res_roY1,240,1.18745e-07,7.17508e-08,1.20557e-07,1.85157e-11,-1.1743e-14,1.46999e-07,1.12532e-07,1.20596e-07,3.84359e-10,-1.17444e-14,0,0
176,res_roY1_m,240,0,0,0,0,0,0,0,0,0,0,0,0
176,res_ro_m,240,0,0,0,0,0,0,0,0,0,0,0,0
176,res_roe,240,0.174495,0.139792,0.206258,3.0826e-09,-0.0267246,0.218132,0.191586,0.20644,0.000350515,-0.0267469,0,0
176,res_roe_m,240,0,0,0,0,0,0,0,0,0,0,0,0
177,res_ro,240,1.42051e-05,1.15313e-05,1.19524e-05,4.0943e-12,-1.05837e-10,1.86053e-05,1.66585e-05,1.19572e-05,3.13506e-08,-1.05813e-10,0,0
177,res_roK,240,1.12453e-05,9.34372e-06,8.19125e-06,2.64043e-09,-5.3124e-11,0.000253977,0.000253881,8.96025e-06,3.66049e-06,-6.44162e-11,0,0
177,res_roK_m,240,0,0,0,0,0,0,0,0,0,0,0,0
177,res_roOmega,240,74.7568,189.778,168.908,0.0020176,948.522,70184.6,70184,264.575,172.198,-78852.5,0,0
177,res_roOmega_m,240,0,0,0,0,0,0,0,0,0,0,0,0
177,res_roUx,240,0.00231975,0.00189718,0.00240522,3.87577e-11,-3.78351e-06,0.00428529,0.00407388,0.00240918,2.46996e-05,-3.78571e-06,0,0
177,res_roUx_m,240,0,0,0,0,0,0,0,0,0,0,0,0
177,res_roUy,240,0.00145999,0.00140486,0.00046524,3.20363e-11,-1.87188e-07,0.00161302,0.00156375,0.000468939,5.08454e-05,-1.88208e-07,0,0
177,res_roUy_m,240,0,0,0,0,0,0,0,0,0,0,0,0
177,res_roUz,240,0,0,0,0,0,0,0,0,0,0,0,0
177,res_roUz_m,240,0,0,0,0,0,0,0,0,0,0,0,0
177,res_roY0,240,9.95311e-06,8.16833e-06,8.10204e-06,1.5309e-09,-4.89928e-11,1.55013e-05,1.4426e-05,8.10896e-06,3.8891e-08,-4.89685e-11,0,0
177,res_roY0_m,240,0,0,0,0,0,0,0,0,0,0,0,0
177,res_roY1,240,1.10186e-07,9.04257e-08,8.97017e-08,1.90533e-11,-6.00523e-15,1.71653e-07,1.59747e-07,8.97781e-08,3.70688e-10,-6.00276e-15,0,0
177,res_roY1_m,240,0,0,0,0,0,0,0,0,0,0,0,0
177,res_ro_m,240,0,0,0,0,0,0,0,0,0,0,0,0
177,res_roe,240,0.177265,0.149263,0.1977,1.60256e-09,-0.0241144,0.246814,0.227573,0.197984,0.000335925,-0.0241629,0,0
177,res_roe_m,240,0,0,0,0,0,0,0,0,0,0,0,0
178,res_ro,240,1.5027e-05,1.04107e-05,1.41454e-05,0,-1.5876e-10,1.80104e-05,1.43959e-05,1.41499e-05,3.09487e-08,-1.58676e-10,0,0
178,res_roK,240,1.20116e-05,8.4214e-06,1.00015e-05,2.91339e-09,-8.66943e-11,0.000255955,0.000255769,1.06197e-05,3.64266e-06,-1.04005e-10,0,0
178,res_roK_m,240,0,0,0,0,0,0,0,0,0,0,0,0
178,res_roOmega,240,87.7211,167.918,103.579,1.57701e-05,4886.47,62099.9,62100.4,231.965,305.316,5220.66,0,0
178,res_roOmega_m,240,0,0,0,0,0,0,0,0,0,0,0,0
178,res_roUx,240,0.00235895,0.00179784,0.00279483,8.02244e-10,-5.07176e-06,0.00444664,0.0041788,0.00279852,2.61975e-05,-5.07096e-06,0,0
178,res_roUx_m,240,0,0,0,0,0,0,0,0,0,0,0,0
178,res_roUy,240,0.00144666,0.00140786,0.000481157,2.74219e-11,-1.71128e-07,0.00177351,0.00174258,0.000485077,5.40872e-05,-1.72026e-07,0,0
178,res_roUy_m,240,0,0,0,0,0,0,0,0,0,0,0,0
178,res_roUz,240,0,0,0,0,0,0,0,0,0,0,0,0
178,res_roUz_m,240,0,0,0,0,0,0,0,0,0,0,0,0
178,res_roY0,240,1.04037e-05,7.0505e-06,9.89933e-06,1.77626e-09,-7.82623e-11,1.43065e-05,1.2101e-05,9.90568e-06,3.86471e-08,-7.81819e-11,0,0
178,res_roY0_m,240,0,0,0,0,0,0,0,0,0,0,0,0
178,res_roY1,240,1.15194e-07,7.80699e-08,1.096e-07,1.93166e-11,-9.59353e-15,1.58431e-07,1.34019e-07,1.0967e-07,3.52364e-10,-9.58339e-15,0,0
178,res_roY1_m,240,0,0,0,0,0,0,0,0,0,0,0,0
178,res_ro_m,240,0,0,0,0,0,0,0,0,0,0,0,0
178,res_roe,240,0.181172,0.15156,0.195931,1.06625e-06,-0.0241211,0.223745,0.200577,0.196193,0.000324665,-0.0241612,0,0
178,res_roe_m,240,0,0,0,0,0,0,0,0,0,0,0,0
179,res_ro,240,1.60248e-05,1.10157e-05,1.43187e-05,0,-1.70237e-10,1.92792e-05,1.53818e-05,1.43228e-05,3.29951e-08,-1.70115e-10,0,0
179,res_roK,240,1.26191e-05,8.6821e-06,9.9209e-06,1.6177e-09,-9.1143e-11,0.000255312,0.000255153,1.04777e-05,3.71353e-06,-9.55332e-11,0,0
179,res_roK_m,240,0,0,0,0,0,0,0,0,0,0,0,0
179,res_roOmega,240,92.7269,135.724,69.889,0.000141802,2469.14,71821.1,71820.6,278.983,235.706,-80544.8,0,0
179,res_roOmega_m,240,0,0,0,0,0,0,0,0,0,0,0,0
179,res_roUx,240,0.00256523,0.00184262,0.00283925,1.56546e-10,-5.62325e-06,0.00444864,0.00407823,0.00284262,2.65734e-05,-5.61946e-06,0,0
179,res_roUx_m,240,0,0,0,0,0,0,0,0,0,0,0,0
179,res_roUy,240,0.00181014,0.00174413,0.000498951,4.64312e-11,-2.41788e-07,0.00194479,0.00188355,0.000502476,5.28449e-05,-2.43462e-07,0,0
179,res_roUy_m,240,0,0,0,0,0,0,0,0,0,0,0,0
179,res_roUz,240,0,0,0,0,0,0,0,0,0,0,0,0
179,res_roUz_m,240,0,0,0,0,0,0,0,0,0,0,0,0
179,res_roY0,240,1.11102e-05,7.70104e-06,9.81564e-06,9.4688e-10,-8.02387e-11,1.53563e-05,1.31164e-05,9.82151e-06,3.60139e-08,-8.01193e-11,0,0
179,res_roY0_m,240,0,0,0,0,0,0,0,0,0,0,0,0
179,res_roY1,240,1.22977e-07,8.52433e-08,1.08671e-07,1.39248e-11,-9.83318e-15,1.70044e-07,1.45268e-07,1.08736e-07,3.23841e-10,-9.8178e-15,0,0
179,res_roY1_m,240,0,0,0,0,0,0,0,0,0,0,0,0
179,res_ro_m,240,0,0,0,0,0,0,0,0,0,0,0,0
179,res_roe,240,0.182226,0.154991,0.199468,2.26412e-09,-0.0244857,0.236373,0.21611,0.19972,0.000348158,-0.0245281,0,0
179,res_roe_m,240,0,0,0,0,0,0,0,0,0,0,0,0
180,res_ro,240,1.60677e-05,1.08445e-05,1.4083e-05,7.49989e-12,-1.6945e-10,1.80581e-05,1.3635e-05,1.40871e-05,3.26001e-08,-1.69313e-10,0,0
180,res_roK,240,1.24351e-05,8.52403e-06,9.92799e-06,3.07251e-09,-9.02686e-11,0.000253211,0.000253043,1.05265e-05,3.4152e-06,-9.78887e-11,0,0
180,res_roK_m,240,0,0,0,0,0,0,0,0,0,0,0,0
180,res_roOmega,240,70.489,99.0783,81.9249,0.00209063,-931.943,79051.9,79053.5,326.131,326.967,69356.1,0,0
180,res_roOmega_m,240,0,0,0,0,0,0,0,0,0,0,0,0
180,res_roUx,240,0.00257909,0.00182461,0.00282263,2.27655e-08,-5.64486e-06,0.00457092,0.00419584,0.00282594,2.60087e-05,-5.6371e-06,0,0
180,res_roUx_m,240,0,0,0,0,0,0,0,0,0,0,0,0
180,res_roUy,240,0.00201573,0.00193029,0.000570449,2.82849e-06,-3.31274e-07,0.00215895,0.00207948,0.000574165,5.84556e-05,-3.33259e-07,0,0
180,res_roUy_m,240,0,0,0,0,0,0,0,0,0,0,0,0
180,res_roUz,240,0,0,0,0,0,0,0,0,0,0,0,0
180,res_roUz_m,240,0,0,0,0,0,0,0,0,0,0,0,0
180,res_roY0,240,1.09732e-05,7.46401e-06,9.82753e-06,1.07932e-09,-8.064e-11,1.36686e-05,1.10686e-05,9.83329e-06,3.96802e-08,-8.05054e-11,0,0
180,res_roY0_m,240,0,0,0,0,0,0,0,0,0,0,0,0
180,res_roY1,240,1.21504e-07,8.26455e-08,1.08803e-07,2.34744e-11,-9.88552e-15,1.51404e-07,1.22622e-07,1.08867e-07,3.68448e-10,-9.86944e-15,0,0
180,res_roY1_m,240,0,0,0,0,0,0,0,0,0,0,0,0
180,res_ro_m,240,0,0,0,0,0,0,0,0,0,0,0,0
180,res_roe,240,0.190912,0.15379,0.206508,1.19242e-07,-0.0277207,0.228797,0.198922,0.20674,0.000357824,-0.0277599,0,0
180,res_roe_m,240,0,0,0,0,0,0,0,0,0,0,0,0
181,res_ro,240,1.5462e-05,1.07672e-05,1.35473e-05,1.42109e-13,-1.53335e-10,1.79489e-05,1.4122e-05,1.35521e-05,3.35774e-08,-1.53196e-10,0,0
181,res_roK,240,1.20529e-05,8.68124e-06,9.45404e-06,1.03617e-09,-7.96438e-11,0.000252883,0.000252705,1.01632e-05,3.52407e-06,-9.65608e-11,0,0
181,res_roK_m,240,0,0,0,0,0,0,0,0,0,0,0,0
181,res_roOmega,240,77.9029,91.4377,131.03,0.00207908,-7438.43,55601.1,55600.9,272.14,204.163,-47910.8,0,0
181,res_roOmega_m,240,0,0,0,0,0,0,0,0,0,0,0,0
181,res_roUx,240,0.00242655,0.00180419,0.00272378,2.40521e-08,-5.02602e-06,0.00430016,0.00398771,0.0027276,2.57292e-05,-5.01468e-06,0,0
181,res_roUx_m,240,0,0,0,0,0,0,0,0,0,0,0,0
181,res_roUy,240,0.00172724,0.00171166,0.000508841,2.8583e-06,-1.56241e-07,0.0018716,0.00185762,0.000512029,4.71008e-05,-1.57153e-07,0,0
181,res_roUy_m,240,0,0,0,0,0,0,0,0,0,0,0,0
181,res_roUz,240,0,0,0,0,0,0,0,0,0,0,0,0
181,res_roUz_m,240,0,0,0,0,0,0,0,0,0,0,0,0
181,res_roY0,240,1.07451e-05,7.57718e-06,9.36066e-06,1.22884e-09,-7.28327e-11,1.40268e-05,1.17944e-05,9.36749e-06,3.84853e-08,-7.26968e-11,0,0
181,res_roY0_m,240,0,0,0,0,0,0,0,0,0,0,0,0
181,res_roY1,240,1.18956e-07,8.38848e-08,1.03635e-07,1.18919e-11,-8.92703e-15,1.55361e-07,1.30663e-07,1.0371e-07,3.56546e-10,-8.9099e-15,0,0
181,res_roY1_m,240,0,0,0,0,0,0,0,0,0,0,0,0
181,res_ro_m,240,0,0,0,0,0,0,0,0,0,0,0,0
181,res_roe,240,0.178226,0.151235,0.195606,5.97644e-08,-0.0235772,0.22766,0.207184,0.195867,0.000355154,-0.0236339,0,0
181,res_roe_m,240,0,0,0,0,0,0,0,0,0,0,0,0
182,res_ro,240,1.49225e-05,1.01907e-05,1.44619e-05,7.50029e-12,-1.63988e-10,1.70929e-05,1.31831e-05,1.44671e-05,3.20536e-08,-1.63835e-10,0,0
182,res_roK,240,1.1673e-05,8.08825e-06,1.02177e-05,2.89565e-09,-8.76205e-11,0.000250309,0.000250177,1.08364e-05,3.66817e-06,-9.18531e-11,0,0
182,res_roK_m,240,0,0,0,0,0,0,0,0,0,0,0,0
182,res_roOmega,240,105.84,239.023,317.354,0.00203258,-27391.8,72300.4,72302.1,451.958,395.553,19600.9,0,0
182,res_roOmega_m,240,0,0,0,0,0,0,0,0,0,0,0,0
182,res_roUx,240,0.00233822,0.00178166,0.00288348,2.32516e-08,-5.30371e-06,0.00420432,0.00392961,0.00288755,3.12491e-05,-5.28622e-06,0,0
182,res_roUx_m,240,0,0,0,0,0,0,0,0,0,0,0,0
182,res_roUy,240,0.00137252,0.00131186,0.000511755,2.86823e-06,-2.12361e-07,0.0015817,0.00152886,0.000516779,7.57903e-05,-2.15711e-07,0,0
182,res_roUy_m,240,0,0,0,0,0,0,0,0,0,0,0,0
182,res_roUz,240,0,0,0,0,0,0,0,0,0,0,0,0
182,res_roUz_m,240,0,0,0,0,0,0,0,0,0,0,0,0
182,res_roY0,240,1.04003e-05,7.11621e-06,1.01191e-05,0,-7.99605e-11,1.32727e-05,1.09126e-05,1.01263e-05,3.19985e-08,-7.9811e-11,0,0
182,res_roY0_m,240,0,0,0,0,0,0,0,0,0,0,0,0
182,res_roY1,240,1.15172e-07,7.87894e-08,1.12031e-07,1.38778e-17,-9.80395e-15,1.47026e-07,1.20892e-07,1.12111e-07,2.72902e-10,-9.78532e-15,0,0
182,res_roY1_m,240,0,0,0,0,0,0,0,0,0,0,0,0
182,res_ro_m,240,0,0,0,0,0,0,0,0,0,0,0,0
182,res_roe,240,0.171362,0.147202,0.211745,5.15541e-09,-0.0262664,0.222266,0.204281,0.211927,0.000349617,-0.0262923,0,0
182,res_roe_m,240,0,0,0,0,0,0,0,0,0,0,0,0
183,res_ro,240,1.48215e-05,1.10934e-05,1.19453e-05,2.84217e-14,-1.19651e-10,1.98328e-05,1.72395e-05,1.1952e-05,3.10792e-08,-1.19494e-10,0,0
183,res_roK,240,1.15578e-05,8.78626e-06,8.32552e-06,1.59181e-09,-6.28491e-11,0.000249706,0.000249585,9.09182e-06,3.35554e-06,-7.16111e-11,0,0
183,res_roK_m,240,0,0,0,0,0,0,0,0,0,0,0,0
183,res_roOmega,240,96.7405,493.926,447.419,0.00390625,17210.5,71310.7,71312.2,472.45,203.662,-7025.91,0,0
183,res_roOmega_m,240,0,0,0,0,0,0,0,0,0,0,0,0
183,res_roUx,240,0.00234557,0.00187651,0.00240193,2.41425e-08,-3.87483e-06,0.00494622,0.0047486,0.00240696,3.04545e-05,-3.85466e-06,0,0
183,res_roUx_m,240,0,0,0,0,0,0,0,0,0,0,0,0
183,res_roUy,240,0.00135165,0.0013616,0.000396567,2.86757e-06,-6.51251e-08,0.00161984,0.00162814,0.000400564,7.6235e-05,-6.67378e-08,0,0
183,res_roUy_m,240,0,0,0,0,0,0,0,0,0,0,0,0
183,res_roUz,240,0,0,0,0,0,0,0,0,0,0,0,0
183,res_roUz_m,240,0,0,0,0,0,0,0,0,0,0,0,0
183,res_roY0,240,1.04047e-05,7.82779e-06,8.25463e-06,1.43565e-09,-5.75614e-11,1.6678e-05,1.52194e-05,8.26416e-06,3.94847e-08,-5.74104e-11,0,0
183,res_roY0_m,240,0,0,0,0,0,0,0,0,0,0,0,0
183,res_roY1,240,1.15177e-07,8.6659e-08,9.13908e-08,1.124e-11,-7.05408e-15,1.84665e-07,1.68532e-07,9.14959e-08,3.71798e-10,-7.03481e-15,0,0
183,res_roY1_m,240,0,0,0,0,0,0,0,0,0,0,0,0
183,res_ro_m,240,0,0,0,0,0,0,0,0,0,0,0,0
183,res_roe,240,0.178958,0.152066,0.189082,4.03666e-09,-0.0223272,0.234412,0.214629,0.189313,0.000338013,-0.0223613,0,0
183,res_roe_m,240,0,0,0,0,0,0,0,0,0,0,0,0
184,res_ro,240,1.56531e-05,9.44517e-06,1.55679e-05,1.81921e-12,-1.99085e-10,2.05769e-05,1.63713e-05,1.55726e-05,3.06128e-08,-1.98947e-10,0,0
184,res_roK,240,1.21992e-05,7.30747e-06,1.09922e-05,1.35736e-09,-1.08125e-10,0.000249886,0.000249687,1.15416e-05,3.55544e-06,-1.16394e-10,0,0
184,res_roK_m,240,0,0,0,0,0,0,0,0,0,0,0,0
184,res_roOmega,240,166.818,676.178,538.795,0.00808457,69543.8,74506.5,74599.1,601.349,324.969,6.72433e+06,0,0
184,res_roOmega_m,240,0,0,0,0,0,0,0,0,0,0,0,0
184,res_roUx,240,0.0025066,0.00176631,0.0030871,2.22877e-08,-6.34668e-06,0.00456549,0.00421161,0.00309049,2.47324e-05,-6.32857e-06,0,0
184,res_roUx_m,240,0,0,0,0,0,0,0,0,0,0,0,0
184,res_roUy,240,0.00135038,0.00131007,0.000486229,2.86797e-06,-1.71829e-07,0.0015332,0.00149769,0.000489327,5.17131e-05,-1.7354e-07,0,0
184,res_roUy_m,240,0,0,0,0,0,0,0,0,0,0,0,0
184,res_roUz,240,0,0,0,0,0,0,0,0,0,0,0,0
184,res_roUz_m,240,0,0,0,0,0,0,0,0,0,0,0,0
184,res_roY0,240,1.10034e-05,6.60399e-06,1.08896e-05,1.59967e-09,-9.80227e-11,1.71935e-05,1.4784e-05,1.08961e-05,3.87671e-08,-9.78883e-11,0,0
184,res_roY0_m,240,0,0,0,0,0,0,0,0,0,0,0,0
184,res_roY1,240,1.21835e-07,7.31378e-08,1.20563e-07,2.32005e-11,-1.2015e-14,1.904e-07,1.63732e-07,1.20635e-07,3.528e-10,-1.19984e-14,0,0
184,res_roY1_m,240,0,0,0,0,0,0,0,0,0,0,0,0
184,res_ro_m,240,0,0,0,0,0,0,0,0,0,0,0,0
184,res_roe,240,0.178942,0.143675,0.213143,9.61091e-07,-0.0284037,0.257883,0.234839,0.213334,0.000355282,-0.028433,0,0
184,res_roe_m,240,0,0,0,0,0,0,0,0,0,0,0,0
185,res_ro,240,1.74079e-05,1.10072e-05,1.50372e-05,8.14747e-12,-2.03997e-10,1.92108e-05,1.3693e-05,1.50412e-05,3.17299e-08,-2.03898e-10,0,0
185,res_roK,240,1.34766e-05,8.69931e-06,1.05681e-05,2.15781e-09,-1.08812e-10,0.000249796,0.000249613,1.11127e-05,3.70611e-06,-1.07293e-10,0,0
185,res_roK_m,240,0,0,0,0,0,0,0,0,0,0,0,0
185,res_roOmega,240,254.078,843.907,607.217,7.01256e-05,139456,72101.7,72106.3,655.062,240.58,120321,0,0
185,res_roOmega_m,240,0,0,0,0,0,0,0,0,0,0,0,0
185,res_roUx,240,0.00282874,0.00190118,0.00296506,1.62398e-08,-6.58943e-06,0.00460943,0.00411159,0.00296801,2.80028e-05,-6.57537e-06,0,0
185,res_roUx_m,240,0,0,0,0,0,0,0,0,0,0,0,0
185,res_roUy,240,0.00132816,0.00129197,0.000424994,2.86275e-06,-1.37734e-07,0.00177831,0.00175092,0.000429881,5.53388e-05,-1.40725e-07,0,0
185,res_roUy_m,240,0,0,0,0,0,0,0,0,0,0,0,0
185,res_roUz,240,0,0,0,0,0,0,0,0,0,0,0,0
185,res_roUz_m,240,0,0,0,0,0,0,0,0,0,0,0,0
185,res_roY0,240,1.22707e-05,7.94084e-06,1.04739e-05,1.82005e-09,-9.86081e-11,1.46692e-05,1.13129e-05,1.04796e-05,4.14515e-08,-9.85129e-11,0,0
185,res_roY0_m,240,0,0,0,0,0,0,0,0,0,0,0,0
185,res_roY1,240,1.35834e-07,8.79194e-08,1.15961e-07,2.09281e-11,-1.2084e-14,1.62444e-07,1.25318e-07,1.16023e-07,3.89421e-10,-1.20724e-14,0,0
185,res_roY1_m,240,0,0,0,0,0,0,0,0,0,0,0,0
185,res_ro_m,240,0,0,0,0,0,0,0,0,0,0,0,0
185,res_roe,240,0.193038,0.147517,0.216274,1.33404e-07,-0.0311384,0.230217,0.193704,0.216458,0.000359936,-0.0311662,0,0
185,res_roe_m,240,0,0,0,0,0,0,0,0,0,0,0,0
186,res_ro,240,1.68911e-05,1.02946e-05,1.61069e-05,1.87583e-12,-2.19382e-10,2.04797e-05,1.55048e-05,1.6111e-05,3.13503e-08,-2.19292e-10,0,0
186,res_roK,240,1.30158e-05,8.29134e-06,1.13755e-05,2.37551e-10,-1.15033e-10,0.000247979,0.000247776,1.1887e-05,3.46941e-06,-1.21079e-10,0,0
186,res_roK_m,240,0,0,0,0,0,0,0,0,0,0,0,0
186,res_roOmega,240,280.058,896.926,629.284,1.6743e-07,165022,64928.8,64934.4,684.955,295.128,134088,0,0
186,res_roOmega_m,240,0,0,0,0,0,0,0,0,0,0,0,0
186,res_roUx,240,0.00279263,0.00185721,0.00324043,2.25554e-08,-7.42494e-06,0.00446388,0.00395292,0.00324334,2.61761e-05,-7.40996e-06,0,0
186,res_roUx_m,240,0,0,0,0,0,0,0,0,0,0,0,0
186,res_roUy,240,0.00152927,0.00147665,0.000495425,2.8584e-06,-2.01812e-07,0.00177208,0.00172684,0.000499028,6.16899e-05,-2.03661e-07,0,0
186,res_roUy_m,240,0,0,0,0,0,0,0,0,0,0,0,0
186,res_roUz,240,0,0,0,0,0,0,0,0,0,0,0,0
186,res_roUz_m,240,0,0,0,0,0,0,0,0,0,0,0,0
186,res_roY0,240,1.1935e-05,7.44784e-06,1.1268e-05,5.66507e-10,-1.06971e-10,1.65412e-05,1.36732e-05,1.12738e-05,3.795e-08,-1.06875e-10,0,0
186,res_roY0_m,240,0,0,0,0,0,0,0,0,0,0,0,0
186,res_roY1,240,1.32156e-07,8.24726e-08,1.24751e-07,5.87106e-12,-1.31132e-14,1.83221e-07,1.51476e-07,1.24814e-07,3.47552e-10,-1.31017e-14,0,0
186,res_roY1_m,240,0,0,0,0,0,0,0,0,0,0,0,0
186,res_ro_m,240,0,0,0,0,0,0,0,0,0,0,0,0
186,res_roe,240,0.190721,0.147274,0.207997,5.97283e-08,-0.0289738,0.242224,0.209824,0.208184,0.000343407,-0.0289934,0,0
186,res_roe_m,240,0,0,0,0,0,0,0,0,0,0,0,0
187,res_ro,240,1.48888e-05,1.14162e-05,1.45834e-05,0,-1.52011e-10,1.683e-05,1.38632e-05,1.45886e-05,3.23347e-08,-1.51945e-10,0,0
187,res_roK,240,1.18544e-05,9.5214e-06,1.03005e-05,1.69148e-09,-7.79848e-11,0.00024549,0.000245372,1.08841e-05,3.60159e-06,-8.82774e-11,0,0
187,res_roK_m,240,0,0,0,0,0,0,0,0,0,0,0,0
187,res_roOmega,240,246.35,871.528,640.926,0.00203166,144043,28164.9,28176,683.448,278.706,79467.2,0,0
187,res_roOmega_m,240,0,0,0,0,0,0,0,0,0,0,0,0
187,res_roUx,240,0.00243215,0.00194803,0.00293686,2.21471e-08,-5.37283e-06,0.00408707,0.00382643,0.00294084,2.71572e-05,-5.35556e-06,0,0
187,res_roUx_m,240,0,0,0,0,0,0,0,0,0,0,0,0
187,res_roUy,240,0.00158923,0.00152085,0.000493485,2.84943e-06,-2.28093e-07,0.00180157,0.00174193,0.00049933,4.57146e-05,-2.30341e-07,0,0
187,res_roUy_m,240,0,0,0,0,0,0,0,0,0,0,0,0
187,res_roUz,240,0,0,0,0,0,0,0,0,0,0,0,0
187,res_roUz_m,240,0,0,0,0,0,0,0,0,0,0,0,0
187,res_roY0,240,1.06479e-05,8.38916e-06,1.02047e-05,1.1596e-10,-7.35679e-11,1.31776e-05,1.14426e-05,1.02119e-05,3.15698e-08,-7.34996e-11,0,0
187,res_roY0_m,240,0,0,0,0,0,0,0,0,0,0,0,0
187,res_roY1,240,1.17861e-07,9.28631e-08,1.12978e-07,1.46475e-12,-9.01584e-15,1.45887e-07,1.2669e-07,1.13058e-07,2.81354e-10,-9.00732e-15,0,0
187,res_roY1_m,240,0,0,0,0,0,0,0,0,0,0,0,0
187,res_ro_m,240,0,0,0,0,0,0,0,0,0,0,0,0
187,res_roe,240,0.166235,0.150293,0.205785,4.76839e-07,-0.0236968,0.217041,0.205255,0.205925,0.000364313,-0.0236912,0,0
187,res_roe_m,240,0,0,0,0,0,0,0,0,0,0,0,0
188,res_ro,240,1.32839e-05,1.18065e-05,1.23843e-05,0,-9.52201e-11,1.48808e-05,1.35849e-05,1.239e-05,3.23246e-08,-9.51997e-11,0,0
188,res_roK,240,1.05748e-05,9.81164e-06,8.64805e-06,2.40524e-09,-4.51734e-11,0.000245603,0.000245601,9.34013e-06,3.65259e-06,-4.4207e-11,0,0
188,res_roK_m,240,0,0,0,0,0,0,0,0,0,0,0,0
188,res_roOmega,240,187.87,732.703,668.885,0.000488304,27075.6,42322.7,42329.5,724.677,308.806,27107.1,0,0
188,res_roOmega_m,240,0,0,0,0,0,0,0,0,0,0,0,0
188,res_roUx,240,0.00214826,0.00198749,0.00250314,7.60633e-10,-3.46531e-06,0.00355272,0.00346503,0.00250757,2.59892e-05,-3.45163e-06,0,0
188,res_roUx_m,240,0,0,0,0,0,0,0,0,0,0,0,0
188,res_roUy,240,0.001398,0.00134512,0.000406242,4.50326e-11,-1.55046e-07,0.00172856,0.00168637,0.000409574,4.8511e-05,-1.55918e-07,0,0
188,res_roUy_m,240,0,0,0,0,0,0,0,0,0,0,0,0
188,res_roUz,240,0,0,0,0,0,0,0,0,0,0,0,0
188,res_roUz_m,240,0,0,0,0,0,0,0,0,0,0,0,0
188,res_roY0,240,9.30526e-06,8.45827e-06,8.56654e-06,1.89042e-09,-4.42156e-11,1.14269e-05,1.07569e-05,8.57454e-06,4.03948e-08,-4.41931e-11,0,0
188,res_roY0_m,240,0,0,0,0,0,0,0,0,0,0,0,0
188,res_roY1,240,1.03032e-07,9.36375e-08,9.48431e-08,1.68481e-11,-5.42137e-15,1.266e-07,1.19167e-07,9.49314e-08,3.66203e-10,-5.41934e-15,0,0
188,res_roY1_m,240,0,0,0,0,0,0,0,0,0,0,0,0
188,res_ro_m,240,0,0,0,0,0,0,0,0,0,0,0,0
188,res_roe,240,0.177694,0.155677,0.19642,3.03113e-09,-0.0229602,0.218709,0.201407,0.196526,0.0003585,-0.0229457,0,0
188,res_roe_m,240,0,0,0,0,0,0,0,0,0,0,0,0
189,res_ro,240,1.33647e-05,1.10446e-05,1.30503e-05,3.64165e-12,-1.13471e-10,1.54346e-05,1.34806e-05,1.30557e-05,3.29953e-08,-1.13476e-10,0,0
189,res_roK,240,1.08122e-05,9.1854e-06,9.1803e-06,1.42524e-09,-5.84053e-11,0.000248118,0.000248005,9.9244e-06,3.59811e-06,-7.71794e-11,0,0
189,res_roK_m,240,0,0,0,0,0,0,0,0,0,0,0,0
189,res_roOmega,240,275.039,580.939,585.248,1.73192e-05,-40335.8,39639.8,39642.5,646.573,279.392,-104405,0,0
189,res_roOmega_m,240,0,0,0,0,0,0,0,0,0,0,0,0
189,res_roUx,240,0.0020522,0.00192308,0.00260359,1.8125e-08,-3.64599e-06,0.00384044,0.00377947,0.00260807,2.48802e-05,-3.63333e-06,0,0
189,res_roUx_m,240,0,0,0,0,0,0,0,0,0,0,0,0
189,res_roUy,240,0.00148202,0.00147734,0.000433937,2.83173e-06,-1.01068e-07,0.00174952,0.00174607,0.000436976,4.34879e-05,-1.01516e-07,0,0
189,res_roUy_m,240,0,0,0,0,0,0,0,0,0,0,0,0
189,res_roUz,240,0,0,0,0,0,0,0,0,0,0,0,0
189,res_roUz_m,240,0,0,0,0,0,0,0,0,0,0,0,0
189,res_roY0,240,9.30356e-06,7.77353e-06,9.09388e-06,7.0265e-10,-5.44135e-11,1.2036e-05,1.0903e-05,9.10142e-06,4.17484e-08,-5.44131e-11,0,0
189,res_roY0_m,240,0,0,0,0,0,0,0,0,0,0,0,0
189,res_roY1,240,1.02986e-07,8.60492e-08,1.00679e-07,9.05168e-12,-6.66896e-15,1.33316e-07,1.20787e-07,1.00762e-07,3.82915e-10,-6.66827e-15,0,0
189,res_roY1_m,240,0,0,0,0,0,0,0,0,0,0,0,0
189,res_ro_m,240,0,0,0,0,0,0,0,0,0,0,0,0
189,res_roe,240,0.186271,0.155177,0.211457,4.46613e-09,-0.0276656,0.230545,0.206467,0.211555,0.000352142,-0.027639,0,0
189,res_roe_m,240,0,0,0,0,0,0,0,0,0,0,0,0
190,res_ro,240,1.3351e-05,1.11177e-05,1.38675e-05,0,-1.23477e-10,1.64959e-05,1.47495e-05,1.38718e-05,3.10512e-08,-1.23497e-10,0,0
190,res_roK,240,1.06759e-05,9.14819e-06,9.66597e-06,2.16288e-09,-6.18579e-11,0.00024367,0.000243615,1.03517e-05,3.5518e-06,-6.70791e-11,0,0
190,res_roK_m,240,0,0,0,0,0,0,0,0,0,0,0,0
190,res_roOmega,240,365.653,478.073,489.99,7.80084e-06,-72619.3,35637.9,35635.6,559.668,302.772,-237480,0,0
190,res_roOmega_m,240,0,0,0,0,0,0,0,0,0,0,0,0
190,res_roUx,240,0.00210219,0.0019244,0.00274987,9.45829e-10,-4.13884e-06,0.00406756,0.00398358,0.00275363,2.64929e-05,-4.1293e-06,0,0
190,res_roUx_m,240,0,0,0,0,0,0,0,0,0,0,0,0
190,res_roUy,240,0.00183787,0.00179063,0.000473706,5.0398e-11,-1.97911e-07,0.00207025,0.00202876,0.0004776,5.05189e-05,-1.99089e-07,0,0
190,res_roUy_m,240,0,0,0,0,0,0,0,0,0,0,0,0
190,res_roUz,240,0,0,0,0,0,0,0,0,0,0,0,0
190,res_roUz_m,240,0,0,0,0,0,0,0,0,0,0,0,0
190,res_roY0,240,9.1225e-06,7.8536e-06,9.56432e-06,9.31723e-10,-5.65086e-11,1.32315e-05,1.2394e-05,9.57044e-06,4.00091e-08,-5.65282e-11,0,0
190,res_roY0_m,240,0,0,0,0,0,0,0,0,0,0,0,0
190,res_roY1,240,1.01022e-07,8.69348e-08,1.0589e-07,1.14272e-11,-6.93025e-15,1.46568e-07,1.37273e-07,1.05958e-07,3.67035e-10,-6.93257e-15,0,0
190,res_roY1_m,240,0,0,0,0,0,0,0,0,0,0,0,0
190,res_ro_m,240,0,0,0,0,0,0,0,0,0,0,0,0
190,res_roe,240,0.18194,0.15505,0.199043,7.13939e-09,-0.0243399,0.226803,0.206119,0.19917,0.000351179,-0.0243114,0,0
190,res_roe_m,240,0,0,0,0,0,0,0,0,0,0,0,0
191,res_ro,240,1.50206e-05,1.21603e-05,1.29507e-05,8.33567e-12,-1.22733e-10,1.76664e-05,1.53105e-05,1.29551e-05,3.25354e-08,-1.22761e-10,0,0
191,res_roK,240,1.2049e-05,1.01338e-05,9.04369e-06,2.49518e-09,-6.21361e-11,0.000242596,0.000242497,9.76237e-06,3.61867e-06,-7.17749e-11,0,0
191,res_roK_m,240,0,0,0,0,0,0,0,0,0,0,0,0
191,res_roOmega,240,468.14,493.694,395.325,0.0020716,-65852,68156.3,68156.7,467.035,235.303,-82661.2,0,0
191,res_roOmega_m,240,0,0,0,0,0,0,0,0,0,0,0,0
191,res_roUx,240,0.00233464,0.00197816,0.0025604,2.55149e-08,-4.04655e-06,0.00426022,0.00408004,0.00256425,2.8245e-05,-4.03907e-06,0,0
191,res_roUx_m,240,0,0,0,0,0,0,0,0,0,0,0,0
191,res_roUy,240,0.00210969,0.00207564,0.000537491,1.48195e-11,-2.15689e-07,0.00223206,0.00219992,0.000540338,5.5535e-05,-2.17218e-07,0,0
191,res_roUy_m,240,0,0,0,0,0,0,0,0,0,0,0,0
191,res_roUz,240,0,0,0,0,0,0,0,0,0,0,0,0
191,res_roUz_m,240,0,0,0,0,0,0,0,0,0,0,0,0
191,res_roY0,240,1.02915e-05,8.45503e-06,8.95267e-06,2.13423e-09,-5.7289e-11,1.38041e-05,1.24971e-05,8.95893e-06,3.82597e-08,-5.73194e-11,0,0
191,res_roY0_m,240,0,0,0,0,0,0,0,0,0,0,0,0
191,res_roY1,240,1.13924e-07,9.36002e-08,9.91174e-08,1.65259e-11,-7.02096e-15,1.52902e-07,1.38449e-07,9.91865e-08,3.5994e-10,-7.02433e-15,0,0
191,res_roY1_m,240,0,0,0,0,0,0,0,0,0,0,0,0
191,res_ro_m,240,0,0,0,0,0,0,0,0,0,0,0,0
191,res_roe,240,0.182637,0.158687,0.201528,1.64636e-09,-0.0243943,0.232542,0.214481,0.201733,0.000353698,-0.0243848,0,0
191,res_roe_m,240,0,0,0,0,0,0,0,0,0,0,0,0
192,res_ro,240,1.66104e-05,1.15862e-05,1.51754e-05,4.96364e-13,-1.85978e-10,2.08202e-05,1.70848e-05,1.51791e-05,3.31261e-08,-1.85999e-10,0,0
192,res_roK,240,1.32701e-05,9.78153e-06,1.05464e-05,3.34464e-09,-9.58209e-11,0.000241262,0.000241088,1.12038e-05,3.62057e-06,-1.04705e-10,0,0
192,res_roK_m,240,0,0,0,0,0,0,0,0,0,0,0,0
192,res_roOmega,240,439.221,528.11,215.071,0.00284939,19864.7,68890.8,68890.6,359.266,269.225,-76234.8,0,0
192,res_roOmega_m,240,0,0,0,0,0,0,0,0,0,0,0,0
192,res_roUx,240,0.00253694,0.00189214,0.00301883,2.28031e-08,-5.9846e-06,0.00468757,0.00437608,0.00302204,2.7497e-05,-5.97798e-06,0,0
192,res_roUx_m,240,0,0,0,0,0,0,0,0,0,0,0,0
192,res_roUy,240,0.0021458,0.00210629,0.000579532,2.76587e-06,-2.51935e-07,0.00230449,0.00226738,0.000582567,5.64739e-05,-2.54535e-07,0,0
192,res_roUy_m,240,0,0,0,0,0,0,0,0,0,0,0,0
192,res_roUz,240,0,0,0,0,0,0,0,0,0,0,0,0
192,res_roUz_m,240,0,0,0,0,0,0,0,0,0,0,0,0
192,res_roY0,240,1.13946e-05,7.96849e-06,1.04318e-05,1.15101e-10,-8.75817e-11,1.68532e-05,1.47563e-05,1.04372e-05,3.74002e-08,-8.7608e-11,0,0
192,res_roY0_m,240,0,0,0,0,0,0,0,0,0,0,0,0
192,res_roY1,240,1.26163e-07,8.82377e-08,1.15493e-07,7.91546e-12,-1.0735e-14,1.86563e-07,1.63346e-07,1.15553e-07,3.35857e-10,-1.07381e-14,0,0
192,res_roY1_m,240,0,0,0,0,0,0,0,0,0,0,0,0
192,res_ro_m,240,0,0,0,0,0,0,0,0,0,0,0,0
192,res_roe,240,0.192099,0.161289,0.209939,5.96617e-08,-0.0274811,0.249397,0.226742,0.210102,0.000357253,-0.0274649,0,0
192,res_roe_m,240,0,0,0,0,0,0,0,0,0,0,0,0
193,res_ro,240,1.6798e-05,1.20856e-05,1.21575e-05,0,-1.41957e-10,1.88896e-05,1.48593e-05,1.21618e-05,3.16674e-08,-1.41964e-10,0,0
193,res_roK,240,1.34173e-05,1.00226e-05,8.38239e-06,2.93733e-09,-7.4918e-11,0.000240212,0.00024003,9.08365e-06,3.58087e-06,-8.48759e-11,0,0
193,res_roK_m,240,0,0,0,0,0,0,0,0,0,0,0,0
193,res_roOmega,240,411.507,563.612,173.727,6.16198e-05,59069.5,65860.3,65862.5,313.209,224.589,98335.2,0,0
193,res_roOmega_m,240,0,0,0,0,0,0,0,0,0,0,0,0
193,res_roUx,240,0.00254701,0.00194623,0.00241488,9.01866e-10,-4.26556e-06,0.00458291,0.00428189,0.00241867,2.7553e-05,-4.25923e-06,0,0
193,res_roUx_m,240,0,0,0,0,0,0,0,0,0,0,0,0
193,res_roUy,240,0.00205199,0.00203588,0.000511867,7.34237e-11,-1.63935e-07,0.00223199,0.00221735,0.000518078,5.55236e-05,-1.66777e-07,0,0
193,res_roUy_m,240,0,0,0,0,0,0,0,0,0,0,0,0
193,res_roUz,240,0,0,0,0,0,0,0,0,0,0,0,0
193,res_roUz_m,240,0,0,0,0,0,0,0,0,0,0,0,0
193,res_roY0,240,1.15749e-05,8.38186e-06,8.29563e-06,1.03399e-11,-6.62702e-11,1.43895e-05,1.19759e-05,8.30189e-06,3.51424e-08,-6.62782e-11,0,0
193,res_roY0_m,240,0,0,0,0,0,0,0,0,0,0,0,0
193,res_roY1,240,1.28149e-07,9.28096e-08,9.18444e-08,1.79931e-13,-8.12196e-15,1.5939e-07,1.32692e-07,9.19134e-08,3.24582e-10,-8.12307e-15,0,0
193,res_roY1_m,240,0,0,0,0,0,0,0,0,0,0,0,0
193,res_ro_m,240,0,0,0,0,0,0,0,0,0,0,0,0
193,res_roe,240,0.192253,0.161394,0.191328,4.76859e-07,-0.0237599,0.234394,0.210051,0.19149,0.00034329,-0.0237437,0,0
193,res_roe_m,240,0,0,0,0,0,0,0,0,0,0,0,0
194,res_ro,240,1.7591e-05,9.81331e-06,1.63501e-05,5.82077e-11,-2.40235e-10,2.03217e-05,1.41378e-05,1.63524e-05,3.27435e-08,-2.40248e-10,0,0
194,res_roK,240,1.36401e-05,7.72285e-06,1.14025e-05,1.09985e-09,-1.28213e-10,0.000239089,0.000238787,1.20348e-05,3.53845e-06,-1.4443e-10,0,0
194,res_roK_m,240,0,0,0,0,0,0,0,0,0,0,0,0
194,res_roOmega,240,339.283,529.138,207.059,6.10846e-05,61000.3,48622.6,48623.3,414.098,323.244,-50777.5,0,0
194,res_roOmega_m,240,0,0,0,0,0,0,0,0,0,0,0,0
194,res_roUx,240,0.00272649,0.00176408,0.00325968,9.39281e-10,-7.47365e-06,0.00523387,0.00480524,0.00326164,3.50669e-05,-7.47071e-06,0,0
194,res_roUx_m,240,0,0,0,0,0,0,0,0,0,0,0,0
194,res_roUy,240,0.00181862,0.001745,0.000567434,3.93508e-11,-2.92179e-07,0.00200318,0.00193622,0.000569797,8.761e-05,-2.94234e-07,0,0
194,res_roUy_m,240,0,0,0,0,0,0,0,0,0,0,0,0
194,res_roUz,240,0,0,0,0,0,0,0,0,0,0,0,0
194,res_roUz_m,240,0,0,0,0,0,0,0,0,0,0,0,0
194,res_roY0,240,1.20678e-05,6.65811e-06,1.12768e-05,1.93694e-09,-1.14235e-10,1.57125e-05,1.20678e-05,1.12801e-05,3.68572e-08,-1.14246e-10,0,0
194,res_roY0_m,240,0,0,0,0,0,0,0,0,0,0,0,0
194,res_roY1,240,1.33614e-07,7.37236e-08,1.24849e-07,1.8707e-11,-1.40024e-14,1.74034e-07,1.33701e-07,1.24885e-07,3.30227e-10,-1.4004e-14,0,0
194,res_roY1_m,240,0,0,0,0,0,0,0,0,0,0,0,0
194,res_ro_m,240,0,0,0,0,0,0,0,0,0,0,0,0
194,res_roe,240,0.209547,0.146784,0.232037,1.57107e-09,-0.0381027,0.257409,0.209687,0.232181,0.000359376,-0.0380993,0,0
194,res_roe_m,240,0,0,0,0,0,0,0,0,0,0,0,0
195,res_ro,240,1.75852e-05,1.14518e-05,1.36883e-05,4.55635e-13,-1.82732e-10,2.04235e-05,1.54601e-05,1.369e-05,3.19045e-08,-1.8276e-10,0,0
195,res_roK,240,1.35937e-05,8.84795e-06,9.6031e-06,2.23717e-09,-9.93617e-11,0.000238487,0.000238248,1.03454e-05,3.5592e-06,-1.10474e-10,0,0
195,res_roK_m,240,0,0,0,0,0,0,0,0,0,0,0,0
195,res_roOmega,240,223.553,420.507,214.285,0.00196179,40465.9,28101.9,28106.2,305.337,230.324,72066.9,0,0
195,res_roOmega_m,240,0,0,0,0,0,0,0,0,0,0,0,0
195,res_roUx,240,0.00276272,0.00190595,0.00269108,1.88554e-08,-5.62093e-06,0.00487029,0.00444173,0.00269257,2.57063e-05,-5.62035e-06,0,0
195,res_roUx_m,240,0,0,0,0,0,0,0,0,0,0,0,0
195,res_roUy,240,0.00186717,0.00180653,0.000471868,2.73382e-06,-2.22713e-07,0.00201511,0.00195911,0.000475627,5.45407e-05,-2.24376e-07,0,0
195,res_roUy_m,240,0,0,0,0,0,0,0,0,0,0,0,0
195,res_roUz,240,0,0,0,0,0,0,0,0,0,0,0,0
195,res_roUz_m,240,0,0,0,0,0,0,0,0,0,0,0,0
195,res_roY0,240,1.23111e-05,7.98302e-06,9.50332e-06,2.09241e-09,-8.90733e-11,1.6034e-05,1.30094e-05,9.50562e-06,3.29119e-08,-8.91007e-11,0,0
195,res_roY0_m,240,0,0,0,0,0,0,0,0,0,0,0,0
195,res_roY1,240,1.36275e-07,8.83695e-08,1.05213e-07,1.62415e-11,-1.09157e-14,1.77542e-07,1.44077e-07,1.05238e-07,3.13324e-10,-1.0919e-14,0,0
195,res_roY1_m,240,0,0,0,0,0,0,0,0,0,0,0,0
195,res_ro_m,240,0,0,0,0,0,0,0,0,0,0,0,0
195,res_roe,240,0.207525,0.150769,0.208013,5.9153e-08,-0.0318022,0.251116,0.206835,0.208188,0.000331606,-0.0318105,0,0
195,res_roe_m,240,0,0,0,0,0,0,0,0,0,0,0,0
196,res_ro,240,1.59601e-05,9.76147e-06,1.60745e-05,0,-2.08913e-10,1.89555e-05,1.41377e-05,1.60762e-05,3.23552e-08,-2.0894e-10,0,0
196,res_roK,240,1.2478e-05,7.50302e-06,1.12751e-05,8.61109e-10,-1.13267e-10,0.000237429,0.0002372,1.17723e-05,3.75614e-06,-1.23729e-10,0,0
196,res_roK_m,240,0,0,0,0,0,0,0,0,0,0,0,0
196,res_roOmega,240,102.707,283.194,201.849,0.00203654,14453.5,31024.2,31027.4,409.625,323.674,14938.6,0,0
196,res_roOmega_m,240,0,0,0,0,0,0,0,0,0,0,0,0
196,res_roUx,240,0.00253515,0.00176423,0.00324241,7.77291e-10,-6.91385e-06,0.00434213,0.00394307,0.00324373,2.57799e-05,-6.91402e-06,0,0
196,res_roUx_m,240,0,0,0,0,0,0,0,0,0,0,0,0
196,res_roUy,240,0.00158599,0.00154348,0.000507356,3.4915e-11,-1.95216e-07,0.00173632,0.00169742,0.00051003,5.18258e-05,-1.96847e-07,0,0
196,res_roUy_m,240,0,0,0,0,0,0,0,0,0,0,0,0
196,res_roUz,240,0,0,0,0,0,0,0,0,0,0,0,0
196,res_roUz_m,240,0,0,0,0,0,0,0,0,0,0,0,0
196,res_roY0,240,1.13453e-05,6.7466e-06,1.11511e-05,1.31434e-09,-1.03772e-10,1.52e-05,1.21592e-05,1.11535e-05,3.72971e-08,-1.03797e-10,0,0
196,res_roY0_m,240,0,0,0,0,0,0,0,0,0,0,0,0
196,res_roY1,240,1.25628e-07,7.47145e-08,1.23458e-07,1.43668e-11,-1.2721e-14,1.68348e-07,1.34689e-07,1.23485e-07,3.41354e-10,-1.27242e-14,0,0
196,res_roY1_m,240,0,0,0,0,0,0,0,0,0,0,0,0
196,res_ro_m,240,0,0,0,0,0,0,0,0,0,0,0,0
196,res_roe,240,0.195661,0.141742,0.235898,4.76859e-07,-0.0369201,0.249303,0.209796,0.235954,0.000365762,-0.0369061,0,0
196,res_roe_m,240,0,0,0,0,0,0,0,0,0,0,0,0
197,res_ro,240,1.38051e-05,1.17482e-05,1.03233e-05,8.13508e-12,-7.95649e-11,1.58875e-05,1.41369e-05,1.0326e-05,3.18148e-08,-7.95918e-11,0,0
197,res_roK,240,1.07957e-05,9.17312e-06,7.20892e-06,1.97329e-09,-4.21846e-11,0.000236704,0.000236679,8.01461e-06,3.61538e-06,-3.78461e-11,0,0
197,res_roK_m,240,0,0,0,0,0,0,0,0,0,0,0,0
197,res_roOmega,240,97.5467,85.0009,142.383,0.00280588,-11281.6,79406.7,79404.4,498.63,281.445,-305734,0,0
197,res_roOmega_m,240,0,0,0,0,0,0,0,0,0,0,0,0
197,res_roUx,240,0.00215819,0.00193696,0.0020635,2.45865e-08,-2.582e-06,0.00374124,0.00361906,0.00206572,3.13767e-05,-2.58324e-06,0,0
197,res_roUx_m,240,0,0,0,0,0,0,0,0,0,0,0,0
197,res_roUy,240,0.00125637,0.00122165,0.000395573,2.73419e-06,-1.21262e-07,0.00150174,0.00147385,0.000402879,7.71795e-05,-1.22645e-07,0,0
197,res_roUy_m,240,0,0,0,0,0,0,0,0,0,0,0,0
197,res_roUz,240,0,0,0,0,0,0,0,0,0,0,0,0
197,res_roUz_m,240,0,0,0,0,0,0,0,0,0,0,0,0
197,res_roY0,240,9.66317e-06,8.16578e-06,7.13161e-06,2.29888e-09,-3.87784e-11,1.24034e-05,1.12763e-05,7.13537e-06,3.92216e-08,-3.88021e-11,0,0
197,res_roY0_m,240,0,0,0,0,0,0,0,0,0,0,0,0
197,res_roY1,240,1.06971e-07,9.04093e-08,7.89557e-08,1.91872e-11,-4.75152e-15,1.37343e-07,1.24874e-07,7.89971e-08,3.64243e-10,-4.75507e-15,0,0
197,res_roY1_m,240,0,0,0,0,0,0,0,0,0,0,0,0
197,res_ro_m,240,0,0,0,0,0,0,0,0,0,0,0,0
197,res_roe,240,0.19211,0.155128,0.190252,1.19578e-07,-0.0245187,0.244952,0.217193,0.190277,0.000363892,-0.0245171,0,0
197,res_roe_m,240,0,0,0,0,0,0,0,0,0,0,0,0
198,res_ro,240,1.31819e-05,9.57205e-06,1.3214e-05,0,-1.28374e-10,1.57773e-05,1.29149e-05,1.32157e-05,3.24259e-08,-1.28392e-10,0,0
198,res_roK,240,1.01646e-05,7.12249e-06,9.32561e-06,3.65791e-09,-6.97785e-11,0.000237345,0.00023719,1.00658e-05,3.9035e-06,-8.73804e-11,0,0
198,res_roK_m,240,0,0,0,0,0,0,0,0,0,0,0,0
198,res_roOmega,240,254.358,201.37,58.6739,0.00807258,-13795.5,72633,72632.8,322.893,306.792,-60825.9,0,0
198,res_roOmega_m,240,0,0,0,0,0,0,0,0,0,0,0,0
198,res_roUx,240,0.00208331,0.00175884,0.00266557,6.49481e-11,-4.17596e-06,0.00394879,0.00378799,0.00266701,2.99895e-05,-4.17852e-06,0,0
198,res_roUx_m,240,0,0,0,0,0,0,0,0,0,0,0,0
198,res_roUy,240,0.00119151,0.00119302,0.000409779,2.73798e-06,-8.2166e-08,0.00151367,0.00151626,0.000416644,7.28969e-05,-8.28778e-08,0,0
198,res_roUy_m,240,0,0,0,0,0,0,0,0,0,0,0,0
198,res_roUz,240,0,0,0,0,0,0,0,0,0,0,0,0
198,res_roUz_m,240,0,0,0,0,0,0,0,0,0,0,0,0
198,res_roY0,240,9.18173e-06,6.41323e-06,9.2244e-06,2.7188e-09,-6.41321e-11,1.25641e-05,1.07088e-05,9.22681e-06,3.92728e-08,-6.41567e-11,0,0
198,res_roY0_m,240,0,0,0,0,0,0,0,0,0,0,0,0
198,res_roY1,240,1.01647e-07,7.09937e-08,1.02126e-07,2.08889e-11,-7.86081e-15,1.39166e-07,1.18643e-07,1.02152e-07,3.613e-10,-7.863e-15,0,0
198,res_roY1_m,240,0,0,0,0,0,0,0,0,0,0,0,0
198,res_ro_m,240,0,0,0,0,0,0,0,0,0,0,0,0
198,res_roe,240,0.181017,0.149181,0.21495,2.97119e-09,-0.028358,0.235046,0.211542,0.214971,0.000360806,-0.0283548,0,0
198,res_roe_m,240,0,0,0,0,0,0,0,0,0,0,0,0
199,res_ro,240,1.40938e-05,1.02907e-05,1.25108e-05,7.27708e-12,-1.2463e-10,1.62419e-05,1.30798e-05,1.25124e-05,3.28453e-08,-1.24639e-10,0,0
199,res_roK,240,1.07748e-05,7.73267e-06,8.76741e-06,3.79152e-09,-6.65846e-11,0.000238404,0.000238296,9.58535e-06,3.49103e-06,-7.16034e-11,0,0
199,res_roK_m,240,0,0,0,0,0,0,0,0,0,0,0,0
199,res_roOmega,240,404.382,478.655,78.7547,0.00807142,29691.7,21901.3,21905.8,353.216,363.014,36263.2,0,0
199,res_roOmega_m,240,0,0,0,0,0,0,0,0,0,0,0,0
199,res_roUx,240,0.00230083,0.00181405,0.00245253,2.23857e-08,-4.00897e-06,0.00369757,0.00341587,0.00245388,2.82399e-05,-4.01269e-06,0,0
199,res_roUx_m,240,0,0,0,0,0,0,0,0,0,0,0,0
199,res_roUy,240,0.00143217,0.0013896,0.000419041,2.74105e-06,-1.47867e-07,0.00169273,0.00165692,0.000422818,5.76524e-05,-1.4935e-07,0,0
199,res_roUy_m,240,0,0,0,0,0,0,0,0,0,0,0,0
199,res_roUz,240,0,0,0,0,0,0,0,0,0,0,0,0
199,res_roUz_m,240,0,0,0,0,0,0,0,0,0,0,0,0
199,res_roY0,240,9.82195e-06,7.09028e-06,8.67422e-06,2.79899e-09,-6.07204e-11,1.26584e-05,1.06794e-05,8.67644e-06,3.80578e-08,-6.07327e-11,0,0
199,res_roY0_m,240,0,0,0,0,0,0,0,0,0,0,0,0
199,res_roY1,240,1.08728e-07,7.84873e-08,9.60358e-08,2.08756e-11,-7.44223e-15,1.40169e-07,1.18268e-07,9.60601e-08,3.51461e-10,-7.44375e-15,0,0
199,res_roY1_m,240,0,0,0,0,0,0,0,0,0,0,0,0
199,res_ro_m,240,0,0,0,0,0,0,0,0,0,0,0,0
199,res_roe,240,0.182974,0.14977,0.189918,1.33282e-07,-0.0235587,0.238894,0.214534,0.189942,0.000367155,-0.0235618,0,0
199,res_roe_m,240,0,0,0,0,0,0,0,0,0,0,0,0
200,res_ro,240,1.57917e-05,9.59982e-06,1.49957e-05,2.84217e-14,-1.91047e-10,1.83069e-05,1.33391e-05,1.49973e-05,3.31615e-08,-1.91064e-10,0,0
200,res_roK,240,1.22342e-05,7.37975e-06,1.04589e-05,4.30844e-09,-1.02302e-10,0.000238272,0.000238026,1.11e-05,3.78849e-06,-1.20218e-10,0,0
200,res_roK_m,240,0,0,0,0,0,0,0,0,0,0,0,0
200,res_roOmega,240,503.848,589.556,96.6634,0.00806773,42184.4,64591.4,64593.1,341.815,282.714,51395.8,0,0
200,res_roOmega_m,240,0,0,0,0,0,0,0,0,0,0,0,0
200,res_roUx,240,0.00250769,0.00171969,0.00297368,1.66598e-08,-6.08698e-06,0.00384946,0.00338961,0.00297498,3.82861e-05,-6.08972e-06,0,0
200,res_roUx_m,240,0,0,0,0,0,0,0,0,0,0,0,0
200,res_roUy,240,0.00144063,0.00136768,0.000520134,2.74679e-06,-2.37699e-07,0.00170857,0.00164837,0.000524926,0.00010145,-2.38807e-07,0,0
200,res_roUy_m,240,0,0,0,0,0,0,0,0,0,0,0,0
200,res_roUz,240,0,0,0,0,0,0,0,0,0,0,0,0
200,res_roUz_m,240,0,0,0,0,0,0,0,0,0,0,0,0
200,res_roY0,240,1.08819e-05,6.5385e-06,1.03451e-05,1.45133e-09,-9.13428e-11,1.42244e-05,1.12549e-05,1.03474e-05,3.99954e-08,-9.13636e-11,0,0
200,res_roY0_m,240,0,0,0,0,0,0,0,0,0,0,0,0
200,res_roY1,240,1.20487e-07,7.23853e-08,1.14535e-07,2.19521e-11,-1.11979e-14,1.57546e-07,1.24679e-07,1.1456e-07,3.82129e-10,-1.12e-14,0,0
200,res_roY1_m,240,0,0,0,0,0,0,0,0,0,0,0,0
200,res_ro_m,240,0,0,0,0,0,0,0,0,0,0,0,0
200,res_roe,240,0.177916,0.142651,0.218245,9.55537e-07,-0.0294679,0.225957,0.199422,0.218282,0.000372947,-0.0294672,0,0
200,res_roe_m,240,0,0,0,0,0,0,0,0,0,0,0,0
