x_m,r_m,x_over_rt,r_over_rt  (物理壁 = run_0038_ns_final_rt77p02 のメッシュ壁線; r_t 0.07702 m; 入口直管〜出口 x_F 7.3249 m; 出口半径 0.7750 m)
-9.627500176429748535e-01,4.994747042655944824e-01,-1.250000095367431641e+01,6.485000133514404297e+00
-9.557866454124450684e-01,4.994747042655944824e-01,-1.240959072113037109e+01,6.485000133514404297e+00
-9.488233327865600586e-01,4.994747042655944824e-01,-1.231918144226074219e+01,6.485000133514404297e+00
-9.418600201606750488e-01,4.994747042655944824e-01,-1.222877216339111328e+01,6.485000133514404297e+00
-9.348966479301452637e-01,4.994747042655944824e-01,-1.213836288452148438e+01,6.485000133514404297e+00
-9.279333353042602539e-01,4.994747042655944824e-01,-1.204795360565185547e+01,6.485000133514404297e+00
-9.209699630737304688e-01,4.994746446609497070e-01,-1.195754337310791016e+01,6.484999656677246094e+00
-9.140066504478454590e-01,4.994727075099945068e-01,-1.186713409423828125e+01,6.484974384307861328e+00
-9.070433378219604492e-01,4.994652271270751953e-01,-1.177672481536865234e+01,6.484877109527587891e+00
-9.000799655914306641e-01,4.994485378265380859e-01,-1.168631553649902344e+01,6.484660625457763672e+00
-8.931165933609008789e-01,4.994190633296966553e-01,-1.159590530395507812e+01,6.484277725219726562e+00
-8.861532807350158691e-01,4.993731379508972168e-01,-1.150549602508544922e+01,6.483681678771972656e+00
-8.791899681091308594e-01,4.993074536323547363e-01,-1.141508674621582031e+01,6.482828617095947266e+00
-8.722265958786010742e-01,4.992184042930603027e-01,-1.132467746734619141e+01,6.481672763824462891e+00
-8.652632832527160645e-01,4.991028308868408203e-01,-1.123426818847656250e+01,6.480172157287597656e+00
-8.582999110221862793e-01,4.989573657512664795e-01,-1.114385795593261719e+01,6.478283405303955078e+00
-8.513365983963012695e-01,4.987788796424865723e-01,-1.105344867706298828e+01,6.475965976715087891e+00
-8.443732857704162598e-01,4.985641837120056152e-01,-1.096303939819335938e+01,6.473178386688232422e+00
-8.374099135398864746e-01,4.983102679252624512e-01,-1.087263011932373047e+01,6.469881534576416016e+00
-8.304466009140014648e-01,4.980141222476959229e-01,-1.078222084045410156e+01,6.466036796569824219e+00
-8.234832286834716797e-01,4.976729154586791992e-01,-1.069181060791015625e+01,6.461606502532958984e+00
-8.165199160575866699e-01,4.972837567329406738e-01,-1.060140132904052734e+01,6.456553936004638672e+00
-8.095566034317016602e-01,4.968439042568206787e-01,-1.051099205017089844e+01,6.450842857360839844e+00
-8.025932312011718750e-01,4.963507056236267090e-01,-1.042058277130126953e+01,6.444439411163330078e+00
-7.956299185752868652e-01,4.958015084266662598e-01,-1.033017349243164062e+01,6.437308788299560547e+00
-7.886665463447570801e-01,4.951938688755035400e-01,-1.023976325988769531e+01,6.429419517517089844e+00
-7.817032337188720703e-01,4.945252239704132080e-01,-1.014935398101806641e+01,6.420738220214843750e+00
-7.747398614883422852e-01,4.937933683395385742e-01,-1.005894470214843750e+01,6.411235809326171875e+00
-7.677765488624572754e-01,4.929958581924438477e-01,-9.968535423278808594e+00,6.400881290435791016e+00
-7.608131766319274902e-01,4.921306073665618896e-01,-9.878125190734863281e+00,6.389647006988525391e+00
-7.538498640060424805e-01,4.911953508853912354e-01,-9.787715911865234375e+00,6.377504348754882812e+00
-7.468865513801574707e-01,4.901881515979766846e-01,-9.697306632995605469e+00,6.364427089691162109e+00
-7.399231791496276855e-01,4.891070127487182617e-01,-9.606897354125976562e+00,6.350389957427978516e+00
-7.329598665237426758e-01,4.879500269889831543e-01,-9.516488075256347656e+00,6.335368156433105469e+00
-7.259964942932128906e-01,4.867154061794281006e-01,-9.426077842712402344e+00,6.319338321685791016e+00
-7.190331816673278809e-01,4.854014217853546143e-01,-9.335668563842773438e+00,6.302278041839599609e+00
-7.120698690414428711e-01,4.840064346790313721e-01,-9.245259284973144531e+00,6.284165859222412109e+00
-7.051064968109130859e-01,4.825289249420166016e-01,-9.154850006103515625e+00,6.264982223510742188e+00
-6.981431841850280762e-01,4.809673726558685303e-01,-9.064440727233886719e+00,6.244707584381103516e+00
-6.911798119544982910e-01,4.793203771114349365e-01,-8.974030494689941406e+00,6.223323822021484375e+00
-6.842164993286132812e-01,4.775867164134979248e-01,-8.883621215820312500e+00,6.200814723968505859e+00
-6.772531270980834961e-01,4.757651090621948242e-01,-8.793211936950683594e+00,6.177163600921630859e+00
-6.702898144721984863e-01,4.738545119762420654e-01,-8.702802658081054688e+00,6.152357101440429688e+00
-6.633265018463134766e-01,4.718538522720336914e-01,-8.612393379211425781e+00,6.126380920410156250e+00
-6.563631296157836914e-01,4.697620868682861328e-01,-8.521983146667480469e+00,6.099222183227539062e+00
-6.493998169898986816e-01,4.675784707069396973e-01,-8.431573867797851562e+00,6.070870876312255859e+00
-6.424364447593688965e-01,4.653022289276123047e-01,-8.341164588928222656e+00,6.041316986083984375e+00
-6.354731321334838867e-01,4.629325866699218750e-01,-8.250755310058593750e+00,6.010550498962402344e+00
-6.285097599029541016e-01,4.604690670967102051e-01,-8.160345077514648438e+00,5.978565216064453125e+00
-6.215464472770690918e-01,4.579111039638519287e-01,-8.069935798645019531e+00,5.945353507995605469e+00
-6.145831346511840820e-01,4.552583098411560059e-01,-7.979526996612548828e+00,5.910910606384277344e+00
-6.076197624206542969e-01,4.525103569030761719e-01,-7.889116764068603516e+00,5.875232219696044922e+00
-6.006564497947692871e-01,4.496670663356781006e-01,-7.798707962036132812e+00,5.838315963745117188e+00
-5.936930775642395020e-01,4.467282295227050781e-01,-7.708297729492187500e+00,5.800158977508544922e+00
-5.867297649383544922e-01,4.436938762664794922e-01,-7.617888927459716797e+00,5.760762214660644531e+00
-5.797663927078247070e-01,4.405640661716461182e-01,-7.527478694915771484e+00,5.720125675201416016e+00
-5.728030800819396973e-01,4.373389184474945068e-01,-7.437069416046142578e+00,5.678251743316650391e+00
-5.658397674560546875e-01,4.340187609195709229e-01,-7.346660614013671875e+00,5.635143756866455078e+00
-5.588763952255249023e-01,4.306038320064544678e-01,-7.256250381469726562e+00,5.590805530548095703e+00
-5.519130825996398926e-01,4.270946681499481201e-01,-7.165841579437255859e+00,5.545243740081787109e+00
-5.449497103691101074e-01,4.234917759895324707e-01,-7.075431346893310547e+00,5.498465061187744141e+00
-5.379863977432250977e-01,4.197957813739776611e-01,-6.985022544860839844e+00,5.450477600097656250e+00
-5.310230255126953125e-01,4.160074591636657715e-01,-6.894612312316894531e+00,5.401291370391845703e+00
-5.240597128868103027e-01,4.121276140213012695e-01,-6.804203033447265625e+00,5.350916862487792969e+00
-5.170964002609252930e-01,4.081572294235229492e-01,-6.713794231414794922e+00,5.299366950988769531e+00
-5.101330280303955078e-01,4.040972888469696045e-01,-6.623383998870849609e+00,5.246654033660888672e+00
-5.031697154045104980e-01,3.999489545822143555e-01,-6.532975196838378906e+00,5.192793846130371094e+00
-4.962063729763031006e-01,3.957135677337646484e-01,-6.442565441131591797e+00,5.137803077697753906e+00
-4.892430603504180908e-01,3.913923501968383789e-01,-6.352156162261962891e+00,5.081697940826416016e+00
-4.822796881198883057e-01,3.869867920875549316e-01,-6.261746406555175781e+00,5.024497509002685547e+00
-4.753163158893585205e-01,3.824984133243560791e-01,-6.171336650848388672e+00,4.966222286224365234e+00
-4.683530032634735107e-01,3.779289722442626953e-01,-6.080927371978759766e+00,4.906894207000732422e+00
-4.613896906375885010e-01,3.732801377773284912e-01,-5.990518093109130859e+00,4.846535205841064453e+00
-4.544263482093811035e-01,3.685537874698638916e-01,-5.900108814239501953e+00,4.785170078277587891e+00
-4.474630057811737061e-01,3.637519478797912598e-01,-5.809699058532714844e+00,4.722824573516845703e+00
-4.404996931552886963e-01,3.588766455650329590e-01,-5.719289779663085938e+00,4.659525394439697266e+00
-4.335363507270812988e-01,3.539300858974456787e-01,-5.628880500793457031e+00,4.595301151275634766e+00
-4.265730082988739014e-01,3.489145636558532715e-01,-5.538470745086669922e+00,4.530181407928466797e+00
-4.196096658706665039e-01,3.438325226306915283e-01,-5.448061466217041016e+00,4.464198112487792969e+00
-4.126464426517486572e-01,3.386864364147186279e-01,-5.357653141021728516e+00,4.397383213043212891e+00
-4.056831002235412598e-01,3.334789276123046875e-01,-5.267243862152099609e+00,4.329770565032958984e+00
-3.987198472023010254e-01,3.282127678394317627e-01,-5.176835536956787109e+00,4.261396884918212891e+00
-3.917565941810607910e-01,3.228907883167266846e-01,-5.086427211761474609e+00,4.192297935485839844e+00
-3.847934603691101074e-01,3.175159990787506104e-01,-4.996020317077636719e+00,4.122513771057128906e+00
-3.778304159641265869e-01,3.120914697647094727e-01,-4.905614376068115234e+00,4.052083492279052734e+00
-3.708674609661102295e-01,3.066203296184539795e-01,-4.815209865570068359e+00,3.981048345565795898e+00
-3.639046549797058105e-01,3.011060059070587158e-01,-4.724807262420654297e+00,3.909452438354492188e+00
-3.569421768188476562e-01,2.955519855022430420e-01,-4.634408950805664062e+00,3.837340831756591797e+00
-3.499800264835357666e-01,2.899618446826934814e-01,-4.544014930725097656e+00,3.764760494232177734e+00
-3.430184125900268555e-01,2.843393683433532715e-01,-4.453628063201904297e+00,3.691760301589965820e+00
-3.360575437545776367e-01,2.786884605884552002e-01,-4.363250732421875000e+00,3.618391036987304688e+00
-3.290977478027343750e-01,2.730132639408111572e-01,-4.272887229919433594e+00,3.544706344604492188e+00
-3.221393823623657227e-01,2.673180699348449707e-01,-4.182542324066162109e+00,3.470761775970458984e+00
-3.151829838752746582e-01,2.616074383258819580e-01,-4.092222690582275391e+00,3.396617174148559570e+00
-3.082292675971984863e-01,2.558861970901489258e-01,-4.001938343048095703e+00,3.322334527969360352e+00
-3.012792170047760010e-01,2.501594126224517822e-01,-3.911701202392578125e+00,3.247980117797851562e+00
-2.943340241909027100e-01,2.444325685501098633e-01,-3.821527242660522461e+00,3.173624753952026367e+00
-2.873952686786651611e-01,2.387115210294723511e-01,-3.731436967849731445e+00,3.099344730377197266e+00
-2.804650962352752686e-01,2.330026179552078247e-01,-3.641458272933959961e+00,3.025222301483154297e+00
-2.735459804534912109e-01,2.273126691579818726e-01,-3.551622867584228516e+00,2.951346158981323242e+00
-2.666412293910980225e-01,2.216491252183914185e-01,-3.461974143981933594e+00,2.877812623977661133e+00
-2.597548961639404297e-01,2.160201370716094971e-01,-3.372564315795898438e+00,2.804728031158447266e+00
-2.528917491436004639e-01,2.104344367980957031e-01,-3.283455610275268555e+00,2.732205152511596680e+00
-2.460577487945556641e-01,2.049015909433364868e-01,-3.194725513458251953e+00,2.660368680953979492e+00
-2.392598539590835571e-01,1.994319111108779907e-01,-3.106464147567749023e+00,2.589352369308471680e+00
-2.325059175491333008e-01,1.940362453460693359e-01,-3.018773317337036133e+00,2.519296884536743164e+00
-2.258053272962570190e-01,1.887263506650924683e-01,-2.931775331497192383e+00,2.450355291366577148e+00
-2.191679477691650391e-01,1.835140138864517212e-01,-2.845597982406616211e+00,2.382680177688598633e+00
-2.126048356294631958e-01,1.784114688634872437e-01,-2.760384798049926758e+00,2.316430568695068359e+00
-2.061278522014617920e-01,1.734310686588287354e-01,-2.676290035247802734e+00,2.251766681671142578e+00
-1.997485011816024780e-01,1.685840636491775513e-01,-2.593462944030761719e+00,2.188834905624389648e+00
-1.934786587953567505e-01,1.638813912868499756e-01,-2.512057542800903320e+00,2.127777099609375000e+00
-1.873295158147811890e-01,1.593326479196548462e-01,-2.432219266891479492e+00,2.068717956542968750e+00
-1.813112646341323853e-01,1.549458205699920654e-01,-2.354080438613891602e+00,2.011760950088500977e+00
-1.754324436187744141e-01,1.507269591093063354e-01,-2.277751922607421875e+00,1.956984758377075195e+00
-1.697017997503280640e-01,1.466813832521438599e-01,-2.203347206115722656e+00,1.904458403587341309e+00
-1.641227304935455322e-01,1.428099721670150757e-01,-2.130910634994506836e+00,1.854193449020385742e+00
-1.587003022432327271e-01,1.391141861677169800e-01,-2.060507774353027344e+00,1.806208610534667969e+00
-1.534357219934463501e-01,1.355922669172286987e-01,-1.992154359817504883e+00,1.760481357574462891e+00
-1.483285427093505859e-01,1.322410106658935547e-01,-1.925844550132751465e+00,1.716969847679138184e+00
-1.433773189783096313e-01,1.290562599897384644e-01,-1.861559629440307617e+00,1.675620198249816895e+00
-1.385799944400787354e-01,1.260332912206649780e-01,-1.799272894859313965e+00,1.636371016502380371e+00
-1.339302808046340942e-01,1.231646165251731873e-01,-1.738902688026428223e+00,1.599125146865844727e+00
-1.294260025024414062e-01,1.204453408718109131e-01,-1.680420756340026855e+00,1.563819050788879395e+00
-1.250594705343246460e-01,1.178672313690185547e-01,-1.623727321624755859e+00,1.530345797538757324e+00
-1.208253204822540283e-01,1.154236495494842529e-01,-1.568752646446228027e+00,1.498619198799133301e+00
-1.167176216840744019e-01,1.131077334284782410e-01,-1.515419721603393555e+00,1.468550205230712891e+00
-1.127299219369888306e-01,1.109125539660453796e-01,-1.463644862174987793e+00,1.440048813819885254e+00
-1.088555380702018738e-01,1.088312640786170959e-01,-1.413341283798217773e+00,1.413026094436645508e+00
-1.050884425640106201e-01,1.068576127290725708e-01,-1.364430665969848633e+00,1.387400865554809570e+00
-1.014237180352210999e-01,1.049861237406730652e-01,-1.316849112510681152e+00,1.363102197647094727e+00
-9.785342216491699219e-02,1.032100394368171692e-01,-1.270493745803833008e+00,1.340042114257812500e+00
-9.437388181686401367e-02,1.015249714255332947e-01,-1.225316643714904785e+00,1.318163752555847168e+00
-9.097894281148910522e-02,9.992551803588867188e-02,-1.181237936019897461e+00,1.297397017478942871e+00
-8.766309171915054321e-02,9.840682148933410645e-02,-1.138186097145080566e+00,1.277678847312927246e+00
-8.442185819149017334e-02,9.696473181247711182e-02,-1.096103072166442871e+00,1.258955240249633789e+00
-8.125087618827819824e-02,9.559532999992370605e-02,-1.054932236671447754e+00,1.241175413131713867e+00
-7.814592123031616211e-02,9.429490566253662109e-02,-1.014618635177612305e+00,1.224291205406188965e+00
-7.510294020175933838e-02,9.306004643440246582e-02,-9.751096367835998535e-01,1.208258271217346191e+00
-7.211799174547195435e-02,9.188753366470336914e-02,-9.363541007041931152e-01,1.193034768104553223e+00
-6.918735802173614502e-02,9.077440947294235229e-02,-8.983038067817687988e-01,1.178582310676574707e+00
-6.630747765302658081e-02,8.971792459487915039e-02,-8.609125018119812012e-01,1.164865374565124512e+00
-6.347499787807464600e-02,8.871558308601379395e-02,-8.241366147994995117e-01,1.151851296424865723e+00
-6.068820506334304810e-02,8.776554465293884277e-02,-7.879538536071777344e-01,1.139516353607177734e+00
-5.794310197234153748e-02,8.686534315347671509e-02,-7.523124217987060547e-01,1.127828478813171387e+00
-5.523648485541343689e-02,8.601290732622146606e-02,-7.171707153320312500e-01,1.116760730743408203e+00
-5.256782099604606628e-02,8.520712703466415405e-02,-6.825217008590698242e-01,1.106298804283142090e+00
-4.993252083659172058e-02,8.444571495056152344e-02,-6.483059525489807129e-01,1.096412897109985352e+00
-4.732984304428100586e-02,8.372770994901657104e-02,-6.145136952400207520e-01,1.087090492248535156e+00
-4.475646466016769409e-02,8.305141329765319824e-02,-5.811018943786621094e-01,1.078309774398803711e+00
-4.221142455935478210e-02,8.241593837738037109e-02,-5.480579733848571777e-01,1.070058941841125488e+00
-3.969144448637962341e-02,8.181987702846527100e-02,-5.153394937515258789e-01,1.062319874763488770e+00
-3.719631955027580261e-02,8.126263320446014404e-02,-4.829436540603637695e-01,1.055084824562072754e+00
-3.472269326448440552e-02,8.074295520782470703e-02,-4.508270025253295898e-01,1.048337578773498535e+00
-3.226964548230171204e-02,8.026026934385299683e-02,-4.189774990081787109e-01,1.042070508003234863e+00
-2.983550168573856354e-02,7.981385290622711182e-02,-3.873734474182128906e-01,1.036274433135986328e+00
-2.741813845932483673e-02,7.940300554037094116e-02,-3.559872806072235107e-01,1.030940175056457520e+00
-2.501662820577621460e-02,7.902733981609344482e-02,-3.248069286346435547e-01,1.026062607765197754e+00
-2.262928895652294159e-02,7.868635654449462891e-02,-2.938105762004852295e-01,1.021635413169860840e+00
-2.025439217686653137e-02,7.837966829538345337e-02,-2.629757523536682129e-01,1.017653465270996094e+00
-1.789071597158908844e-02,7.810701429843902588e-02,-2.322866320610046387e-01,1.014113426208496094e+00
-1.553716044872999191e-02,7.786820828914642334e-02,-2.017289102077484131e-01,1.011012911796569824e+00
-1.319197937846183777e-02,7.766307890415191650e-02,-1.712799221277236938e-01,1.008349537849426270e+00
-1.085390988737344742e-02,7.749155908823013306e-02,-1.409232765436172485e-01,1.006122589111328125e+00
-8.521799929440021515e-03,7.735366374254226685e-02,-1.106439903378486633e-01,1.004332184791564941e+00
-6.194366142153739929e-03,7.724948227405548096e-02,-8.042542636394500732e-02,1.002979516983032227e+00
-3.870220156386494637e-03,7.717914134263992310e-02,-5.024955049157142639e-02,1.002066254615783691e+00
-1.548145897686481476e-03,7.714287191629409790e-02,-2.010057121515274048e-02,1.001595377922058105e+00
7.730739889666438103e-04,7.714107632637023926e-02,1.003731507807970047e-02,1.001572012901306152e+00
3.094726474955677986e-03,7.717470824718475342e-02,4.018081724643707275e-02,1.002008676528930664e+00
5.418045446276664734e-03,7.724190503358840942e-02,7.034596055746078491e-02,1.002881169319152832e+00
7.744246628135442734e-03,7.734188437461853027e-02,1.005485206842422485e-01,1.004179239273071289e+00
1.007461082190275192e-02,7.747426629066467285e-02,1.308051347732543945e-01,1.005898118019104004e+00
1.241058669984340668e-02,7.763848453760147095e-02,1.611346006393432617e-01,1.008030176162719727e+00
1.475325413048267365e-02,7.783399522304534912e-02,1.915509551763534546e-01,1.010568618774414062e+00
1.710387133061885834e-02,7.806013524532318115e-02,2.220705300569534302e-01,1.013504743576049805e+00
1.946396566927433014e-02,7.831597328186035156e-02,2.527131438255310059e-01,1.016826510429382324e+00
2.183501236140727997e-02,7.860078662633895874e-02,2.834979593753814697e-01,1.020524382591247559e+00
2.421804890036582947e-02,7.891366630792617798e-02,3.144384622573852539e-01,1.024586677551269531e+00
2.661448903381824493e-02,7.925336062908172607e-02,3.455529808998107910e-01,1.028997182846069336e+00
2.902656607329845428e-02,7.961917668581008911e-02,3.768705129623413086e-01,1.033746838569641113e+00
3.145495057106018066e-02,8.001012355089187622e-02,4.083997905254364014e-01,1.038822770118713379e+00
3.390128538012504578e-02,8.042519539594650269e-02,4.401621222496032715e-01,1.044211864471435547e+00
3.636807948350906372e-02,8.086351305246353149e-02,4.721900820732116699e-01,1.049902796745300293e+00
3.885585814714431763e-02,8.132404834032058716e-02,5.044904947280883789e-01,1.055882215499877930e+00
4.136729985475540161e-02,8.180621266365051270e-02,5.370981693267822266e-01,1.062142491340637207e+00
4.390381649136543274e-02,8.230927586555480957e-02,5.700314044952392578e-01,1.068674087524414062e+00
4.646730422973632812e-02,8.283254504203796387e-02,6.033148169517517090e-01,1.075468063354492188e+00
4.906020686030387878e-02,8.337555825710296631e-02,6.369801163673400879e-01,1.082518339157104492e+00
5.168414488434791565e-02,8.393783122301101685e-02,6.710484027862548828e-01,1.089818716049194336e+00
5.434168875217437744e-02,8.451916277408599854e-02,7.055529952049255371e-01,1.097366452217102051e+00
5.703534558415412903e-02,8.511938899755477905e-02,7.405264377593994141e-01,1.105159640312194824e+00
5.976658314466476440e-02,8.573816716670989990e-02,7.759878635406494141e-01,1.113193631172180176e+00
6.254000216722488403e-02,8.637595176696777344e-02,8.119969367980957031e-01,1.121474385261535645e+00
6.535681337118148804e-02,8.703245222568511963e-02,8.485693931579589844e-01,1.129998087882995605e+00
6.821999698877334595e-02,8.770781010389328003e-02,8.857439756393432617e-01,1.138766765594482422e+00
7.113289088010787964e-02,8.840236812829971313e-02,9.235639572143554688e-01,1.147784590721130371e+00
7.409989088773727417e-02,8.911672979593276978e-02,9.620863795280456543e-01,1.157059669494628906e+00
7.712344825267791748e-02,8.985113352537155151e-02,1.001343131065368652e+00,1.166594862937927246e+00
8.020738512277603149e-02,9.060616046190261841e-02,1.041383862495422363e+00,1.176397919654846191e+00
8.335566520690917969e-02,9.138257056474685669e-02,1.082260012626647949e+00,1.186478495597839355e+00
8.657244592905044556e-02,9.218118339776992798e-02,1.124025583267211914e+00,1.196847438812255859e+00
8.986258506774902344e-02,9.300296753644943237e-02,1.166743516921997070e+00,1.207517147064208984e+00
9.323125332593917847e-02,9.384918957948684692e-02,1.210481166839599609e+00,1.218504190444946289e+00
9.668225795030593872e-02,9.472081065177917480e-02,1.255287766456604004e+00,1.229820966720581055e+00
1.002207696437835693e-01,9.561824053525924683e-02,1.301230549812316895e+00,1.241472959518432617e+00
1.038542315363883972e-01,9.654311090707778931e-02,1.348406076431274414e+00,1.253481149673461914e+00
1.075860485434532166e-01,9.749721735715866089e-02,1.396858692169189453e+00,1.265868902206420898e+00
1.114234477281570435e-01,9.848210960626602173e-02,1.446682095527648926e+00,1.278656363487243652e+00
1.153730452060699463e-01,9.949894994497299194e-02,1.497962236404418945e+00,1.291858673095703125e+00
1.194401457905769348e-01,1.005491614341735840e-01,1.550768017768859863e+00,1.305494189262390137e+00
1.236312612891197205e-01,1.016343310475349426e-01,1.605183959007263184e+00,1.319583654403686523e+00
1.279525309801101685e-01,1.027561053633689880e-01,1.661289691925048828e+00,1.334148406982421875e+00
1.324106305837631226e-01,1.039162278175354004e-01,1.719172120094299316e+00,1.349210977554321289e+00
1.370113939046859741e-01,1.051161065697669983e-01,1.778906822204589844e+00,1.364789843559265137e+00
1.417587399482727051e-01,1.063568443059921265e-01,1.840544581413269043e+00,1.380899071693420410e+00
1.466580778360366821e-01,1.076398640871047974e-01,1.904155850410461426e+00,1.397557377815246582e+00
1.517130434513092041e-01,1.089660152792930603e-01,1.969787716865539551e+00,1.414775609970092773e+00
1.569249629974365234e-01,1.103357821702957153e-01,2.037457466125488281e+00,1.432560205459594727e+00
1.622944772243499756e-01,1.117495745420455933e-01,2.107173204421997070e+00,1.450916409492492676e+00
1.678218841552734375e-01,1.132075786590576172e-01,2.178939104080200195e+00,1.469846606254577637e+00
1.735024899244308472e-01,1.147088035941123962e-01,2.252694129943847656e+00,1.489337921142578125e+00
1.793326437473297119e-01,1.162524819374084473e-01,2.328390598297119141e+00,1.509380459785461426e+00
1.853048950433731079e-01,1.178369671106338501e-01,2.405932188034057617e+00,1.529952883720397949e+00
1.914112716913223267e-01,1.194606199860572815e-01,2.485215187072753906e+00,1.551033854484558105e+00
1.976420879364013672e-01,1.211211308836936951e-01,2.566113948822021484e+00,1.572593331336975098e+00
2.039863020181655884e-01,1.228160932660102844e-01,2.648484945297241211e+00,1.594600081443786621e+00
2.104321867227554321e-01,1.245429217815399170e-01,2.732176065444946289e+00,1.617020606994628906e+00
2.169677913188934326e-01,1.262987256050109863e-01,2.817031860351562500e+00,1.639817357063293457e+00
2.235815376043319702e-01,1.280810385942459106e-01,2.902902364730834961e+00,1.662958264350891113e+00
2.302623093128204346e-01,1.298874914646148682e-01,2.989643096923828125e+00,1.686412572860717773e+00
2.369993776082992554e-01,1.317155510187149048e-01,3.077114820480346680e+00,1.710147500038146973e+00
2.437836229801177979e-01,1.335632205009460449e-01,3.165199041366577148e+00,1.734136939048767090e+00
2.506063878536224365e-01,1.354288160800933838e-01,3.253783464431762695e+00,1.758359193801879883e+00
2.574604749679565430e-01,1.373108625411987305e-01,3.342774391174316406e+00,1.782794952392578125e+00
2.643396854400634766e-01,1.392078399658203125e-01,3.432091712951660156e+00,1.807424664497375488e+00
2.712387442588806152e-01,1.411186754703521729e-01,3.521666526794433594e+00,1.832234263420104980e+00
2.781534492969512939e-01,1.430425345897674561e-01,3.611444473266601562e+00,1.857212901115417480e+00
2.850802838802337646e-01,1.449788063764572144e-01,3.701380014419555664e+00,1.882352828979492188e+00
2.920164167881011963e-01,1.469267755746841431e-01,3.791436433792114258e+00,1.907644510269165039e+00
2.989596426486968994e-01,1.488859802484512329e-01,3.881584644317626953e+00,1.933082103729248047e+00
3.059082329273223877e-01,1.508558392524719238e-01,3.971802711486816406e+00,1.958658099174499512e+00
3.128608167171478271e-01,1.528359055519104004e-01,4.062072753906250000e+00,1.984366536140441895e+00
3.198164403438568115e-01,1.548256725072860718e-01,4.152381896972656250e+00,2.010200977325439453e+00
3.267742097377777100e-01,1.568247377872467041e-01,4.242719173431396484e+00,2.036156177520751953e+00
3.337336182594299316e-01,1.588325947523117065e-01,4.333077430725097656e+00,2.062225341796875000e+00
3.406941294670104980e-01,1.608487516641616821e-01,4.423450469970703125e+00,2.088402509689331055e+00
3.476555049419403076e-01,1.628725528717041016e-01,4.513834476470947266e+00,2.114678859710693359e+00
3.546175062656402588e-01,1.649033576250076294e-01,4.604226589202880859e+00,2.141046047210693359e+00
3.615798950195312500e-01,1.669404953718185425e-01,4.694623470306396484e+00,2.167495489120483398e+00
3.685425817966461182e-01,1.689832806587219238e-01,4.785024642944335938e+00,2.194018363952636719e+00
3.755055069923400879e-01,1.710310876369476318e-01,4.875428676605224609e+00,2.220606327056884766e+00
3.824685215950012207e-01,1.730831712484359741e-01,4.965834140777587891e+00,2.247249841690063477e+00
3.894316554069519043e-01,1.751388460397720337e-01,5.056241035461425781e+00,2.273939847946166992e+00
3.963948786258697510e-01,1.771973520517349243e-01,5.146648883819580078e+00,2.300666809082031250e+00
4.033581316471099854e-01,1.792580485343933105e-01,5.237057209014892578e+00,2.327422142028808594e+00
4.103214144706726074e-01,1.813202500343322754e-01,5.327466011047363281e+00,2.354197025299072266e+00
4.172846972942352295e-01,1.833833605051040649e-01,5.417874813079833984e+00,2.380983829498291016e+00
4.242480099201202393e-01,1.854467689990997314e-01,5.508284091949462891e+00,2.407774209976196289e+00
4.312113523483276367e-01,1.875099241733551025e-01,5.598693370819091797e+00,2.434561491012573242e+00
4.381746649742126465e-01,1.895722597837448120e-01,5.689102649688720703e+00,2.461338281631469727e+00
4.451379776000976562e-01,1.916333287954330444e-01,5.779511928558349609e+00,2.488098382949829102e+00
4.521013498306274414e-01,1.936926096677780151e-01,5.869921684265136719e+00,2.514835357666015625e+00
4.590646624565124512e-01,1.957497447729110718e-01,5.960330963134765625e+00,2.541544437408447266e+00
4.660280048847198486e-01,1.978042721748352051e-01,6.050740242004394531e+00,2.568219661712646484e+00
4.729913473129272461e-01,1.998558938503265381e-01,6.141149997711181641e+00,2.594857215881347656e+00
4.799546897411346436e-01,2.019042074680328369e-01,6.231559276580810547e+00,2.621451854705810547e+00
4.869180321693420410e-01,2.039489895105361938e-01,6.321969032287597656e+00,2.648000478744506836e+00
4.938813447952270508e-01,2.059898823499679565e-01,6.412378311157226562e+00,2.674498796463012695e+00
5.008447170257568359e-01,2.080266326665878296e-01,6.502788066864013672e+00,2.700943231582641602e+00
5.078080296516418457e-01,2.100590616464614868e-01,6.593197345733642578e+00,2.727331399917602539e+00
5.147713422775268555e-01,2.120869010686874390e-01,6.683606147766113281e+00,2.753660202026367188e+00
5.217347145080566406e-01,2.141099721193313599e-01,6.774016380310058594e+00,2.779927015304565430e+00
5.286980271339416504e-01,2.161280959844589233e-01,6.864425659179687500e+00,2.806129693984985352e+00
5.356613993644714355e-01,2.181411236524581909e-01,6.954835414886474609e+00,2.832266092300415039e+00
5.426247119903564453e-01,2.201489061117172241e-01,7.045244693756103516e+00,2.858334302902221680e+00
5.495880842208862305e-01,2.221512943506240845e-01,7.135654449462890625e+00,2.884332656860351562e+00
5.565513968467712402e-01,2.241481840610504150e-01,7.226063728332519531e+00,2.910259485244750977e+00
5.635147094726562500e-01,2.261394560337066650e-01,7.316472530364990234e+00,2.936113595962524414e+00
5.704780817031860352e-01,2.281250506639480591e-01,7.406882762908935547e+00,2.961893796920776367e+00
5.774413943290710449e-01,2.301048636436462402e-01,7.497292041778564453e+00,2.987598896026611328e+00
5.844047665596008301e-01,2.320787757635116577e-01,7.587701797485351562e+00,3.013227462768554688e+00
5.913680791854858398e-01,2.340467870235443115e-01,7.678111076354980469e+00,3.038779497146606445e+00
5.983314514160156250e-01,2.360087931156158447e-01,7.768520832061767578e+00,3.064253568649291992e+00
6.052947640419006348e-01,2.379647791385650635e-01,7.858930110931396484e+00,3.089649200439453125e+00
6.122580766677856445e-01,2.399146407842636108e-01,7.949338912963867188e+00,3.114965677261352539e+00
6.192214488983154297e-01,2.418583631515502930e-01,8.039749145507812500e+00,3.140202283859252930e+00
6.261847615242004395e-01,2.437959611415863037e-01,8.130158424377441406e+00,3.165359258651733398e+00
6.331480741500854492e-01,2.457273602485656738e-01,8.220567703247070312e+00,3.190435886383056641e+00
6.401114463806152344e-01,2.476525455713272095e-01,8.310976982116699219e+00,3.215431690216064453e+00
6.470748186111450195e-01,2.495715022087097168e-01,8.401387214660644531e+00,3.240346908569335938e+00
6.540381312370300293e-01,2.514842450618743896e-01,8.491796493530273438e+00,3.265181303024291992e+00
6.610014438629150391e-01,2.533907294273376465e-01,8.582205772399902344e+00,3.289934396743774414e+00
6.679647564888000488e-01,2.552909851074218750e-01,8.672615051269531250e+00,3.314606428146362305e+00
6.749281287193298340e-01,2.571849822998046875e-01,8.763024330139160156e+00,3.339197397232055664e+00
6.818915009498596191e-01,2.590727210044860840e-01,8.853434562683105469e+00,3.363707304000854492e+00
6.888548135757446289e-01,2.609542012214660645e-01,8.943843841552734375e+00,3.388135671615600586e+00
6.958181262016296387e-01,2.628294527530670166e-01,9.034253120422363281e+00,3.412483215332031250e+00
7.027814984321594238e-01,2.646984457969665527e-01,9.124662399291992188e+00,3.436749696731567383e+00
7.097448110580444336e-01,2.665611803531646729e-01,9.215071678161621094e+00,3.460934638977050781e+00
7.167081832885742188e-01,2.684177160263061523e-01,9.305481910705566406e+00,3.485039234161376953e+00
7.236714959144592285e-01,2.702680528163909912e-01,9.395891189575195312e+00,3.509063482284545898e+00
7.306348085403442383e-01,2.721121907234191895e-01,9.486300468444824219e+00,3.533007144927978516e+00
7.375981807708740234e-01,2.739501893520355225e-01,9.576709747314453125e+00,3.556870937347412109e+00
7.445614933967590332e-01,2.757820188999176025e-01,9.667119026184082031e+00,3.580654859542846680e+00
7.515248656272888184e-01,2.776077389717102051e-01,9.757529258728027344e+00,3.604359149932861328e+00
7.584881782531738281e-01,2.794273495674133301e-01,9.847938537597656250e+00,3.627984523773193359e+00
7.654514908790588379e-01,2.812409102916717529e-01,9.938347816467285156e+00,3.651530981063842773e+00
7.724148631095886230e-01,2.830483913421630859e-01,1.002875709533691406e+01,3.674998760223388672e+00
7.793782353401184082e-01,2.848498523235321045e-01,1.011916732788085938e+01,3.698388338088989258e+00
7.863415479660034180e-01,2.866452932357788086e-01,1.020957660675048828e+01,3.721699714660644531e+00
7.933048605918884277e-01,2.884347736835479736e-01,1.029998588562011719e+01,3.744933605194091797e+00
8.002682328224182129e-01,2.902182936668395996e-01,1.039039516448974609e+01,3.768090248107910156e+00
8.072315454483032227e-01,2.919958829879760742e-01,1.048080444335937500e+01,3.791169643402099609e+00
8.141949176788330078e-01,2.937676012516021729e-01,1.057121467590332031e+01,3.814173221588134766e+00
8.211582303047180176e-01,2.955334186553955078e-01,1.066162395477294922e+01,3.837099790573120117e+00
8.281215429306030273e-01,2.972933948040008545e-01,1.075203323364257812e+01,3.859950780868530273e+00
8.350849151611328125e-01,2.990475594997406006e-01,1.084244251251220703e+01,3.882726192474365234e+00
8.420482277870178223e-01,3.007959127426147461e-01,1.093285179138183594e+01,3.905426263809204102e+00
8.490116000175476074e-01,3.025384843349456787e-01,1.102326202392578125e+01,3.928050994873046875e+00
8.559749126434326172e-01,3.042753040790557861e-01,1.111367130279541016e+01,3.950601339340209961e+00
8.629382252693176270e-01,3.060064017772674561e-01,1.120408058166503906e+01,3.973077297210693359e+00
8.699015974998474121e-01,3.077317774295806885e-01,1.129448986053466797e+01,3.995478868484497070e+00
8.768649101257324219e-01,3.094514608383178711e-01,1.138489913940429688e+01,4.017806529998779297e+00
8.838282823562622070e-01,3.111654520034790039e-01,1.147530937194824219e+01,4.040060520172119141e+00
8.907915949821472168e-01,3.128737807273864746e-01,1.156571865081787109e+01,4.062241077423095703e+00
8.977549672126770020e-01,3.145765364170074463e-01,1.165612792968750000e+01,4.084348678588867188e+00
9.047182798385620117e-01,3.162736594676971436e-01,1.174653720855712891e+01,4.106383800506591797e+00
9.116816520690917969e-01,3.179651796817779541e-01,1.183694744110107422e+01,4.128345966339111328e+00
9.186449646949768066e-01,3.196511268615722656e-01,1.192735671997070312e+01,4.150235652923583984e+00
9.256082773208618164e-01,3.213315010070800781e-01,1.201776599884033203e+01,4.172052860260009766e+00
9.325716495513916016e-01,3.230063617229461670e-01,1.210817527770996094e+01,4.193798542022705078e+00
9.395349621772766113e-01,3.246757090091705322e-01,1.219858455657958984e+01,4.215472698211669922e+00
9.464983344078063965e-01,3.263395428657531738e-01,1.228899478912353516e+01,4.237075328826904297e+00
9.534616470336914062e-01,3.279978632926940918e-01,1.237940406799316406e+01,4.258606433868408203e+00
9.604249596595764160e-01,3.296507298946380615e-01,1.246981334686279297e+01,4.280066967010498047e+00
9.673883318901062012e-01,3.312981724739074707e-01,1.256022262573242188e+01,4.301456451416015625e+00
9.743516445159912109e-01,3.329401314258575439e-01,1.265063190460205078e+01,4.322775363922119141e+00
9.813150167465209961e-01,3.345767259597778320e-01,1.274104213714599609e+01,4.344024181365966797e+00
9.882783293724060059e-01,3.362078666687011719e-01,1.283145141601562500e+01,4.365202426910400391e+00
9.952416419982910156e-01,3.378336131572723389e-01,1.292186069488525391e+01,4.386310577392578125e+00
1.002205014228820801e+00,3.394539058208465576e-01,1.301226997375488281e+01,4.407347679138183594e+00
1.009168386459350586e+00,3.410688340663909912e-01,1.310268020629882812e+01,4.428315162658691406e+00
1.016131639480590820e+00,3.426783382892608643e-01,1.319308853149414062e+01,4.449212551116943359e+00
1.023095011711120605e+00,3.442824780941009521e-01,1.328349876403808594e+01,4.470040321350097656e+00
1.030058383941650391e+00,3.458812534809112549e-01,1.337390804290771484e+01,4.490797996520996094e+00
1.037021756172180176e+00,3.474747538566589355e-01,1.346431827545166016e+01,4.511487483978271484e+00
1.043985009193420410e+00,3.490629196166992188e-01,1.355472660064697266e+01,4.532107830047607422e+00
1.050948381423950195e+00,3.506458103656768799e-01,1.364513683319091797e+01,4.552659511566162109e+00
1.057911753654479980e+00,3.522233963012695312e-01,1.373554611206054688e+01,4.573142051696777344e+00
1.064875006675720215e+00,3.537957072257995605e-01,1.382595539093017578e+01,4.593556404113769531e+00
1.071838378906250000e+00,3.553627133369445801e-01,1.391636466979980469e+01,4.613902091979980469e+00
1.078801751136779785e+00,3.569244742393493652e-01,1.400677490234375000e+01,4.634179115295410156e+00
1.085765123367309570e+00,3.584809601306915283e-01,1.409718513488769531e+01,4.654387950897216797e+00
1.092728376388549805e+00,3.600321114063262939e-01,1.418759346008300781e+01,4.674527645111083984e+00
1.099691748619079590e+00,3.615781366825103760e-01,1.427800273895263672e+01,4.694600582122802734e+00
1.106655120849609375e+00,3.631188869476318359e-01,1.436841297149658203e+01,4.714605331420898438e+00
1.113618373870849609e+00,3.646544814109802246e-01,1.445882129669189453e+01,4.734542846679687500e+00
1.120581746101379395e+00,3.661849498748779297e-01,1.454923152923583984e+01,4.754414081573486328e+00
1.127545118331909180e+00,3.677102327346801758e-01,1.463964080810546875e+01,4.774217605590820312e+00
1.134508490562438965e+00,3.692304193973541260e-01,1.473005104064941406e+01,4.793955326080322266e+00
1.141471743583679199e+00,3.707454502582550049e-01,1.482045936584472656e+01,4.813625812530517578e+00
1.148435115814208984e+00,3.722553253173828125e-01,1.491086959838867188e+01,4.833229541778564453e+00
1.155398488044738770e+00,3.737601339817047119e-01,1.500127887725830078e+01,4.852767467498779297e+00
1.162361741065979004e+00,3.752598166465759277e-01,1.509168815612792969e+01,4.872238636016845703e+00
1.169325113296508789e+00,3.767543733119964600e-01,1.518209743499755859e+01,4.891643524169921875e+00
1.176288485527038574e+00,3.782438933849334717e-01,1.527250766754150391e+01,4.910983085632324219e+00
1.183251857757568359e+00,3.797284066677093506e-01,1.536291790008544922e+01,4.930257320404052734e+00
1.190215110778808594e+00,3.812078237533569336e-01,1.545332622528076172e+01,4.949465751647949219e+00
1.197178483009338379e+00,3.826823234558105469e-01,1.554373550415039062e+01,4.968609809875488281e+00
1.204141855239868164e+00,3.841518163681030273e-01,1.563414573669433594e+01,4.987689495086669922e+00
1.211105108261108398e+00,3.856163024902343750e-01,1.572455406188964844e+01,5.006703853607177734e+00
1.218068480491638184e+00,3.870759308338165283e-01,1.581496429443359375e+01,5.025654792785644531e+00
1.225031852722167969e+00,3.885305225849151611e-01,1.590537357330322266e+01,5.044540882110595703e+00
1.231995224952697754e+00,3.899801969528198242e-01,1.599578380584716797e+01,5.063363075256347656e+00
1.238958597183227539e+00,3.914250135421752930e-01,1.608619308471679688e+01,5.082121849060058594e+00
1.245921850204467773e+00,3.928648829460144043e-01,1.617660140991210938e+01,5.100816726684570312e+00
1.252885222434997559e+00,3.942998349666595459e-01,1.626701164245605469e+01,5.119447708129882812e+00
1.259848475456237793e+00,3.957299590110778809e-01,1.635741996765136719e+01,5.138015747070312500e+00
1.266811847686767578e+00,3.971551954746246338e-01,1.644783020019531250e+01,5.156520366668701172e+00
1.273775219917297363e+00,3.985756039619445801e-01,1.653824043273925781e+01,5.174962520599365234e+00
1.280738592147827148e+00,3.999911546707153320e-01,1.662865066528320312e+01,5.193341732025146484e+00
1.287701845169067383e+00,4.014019668102264404e-01,1.671905899047851562e+01,5.211658954620361328e+00
1.294665217399597168e+00,4.028079509735107422e-01,1.680946922302246094e+01,5.229913711547851562e+00
1.301628470420837402e+00,4.042092263698577881e-01,1.689987754821777344e+01,5.248107433319091797e+00
1.308591961860656738e+00,4.056057333946228027e-01,1.699028778076171875e+01,5.266239166259765625e+00
1.315555214881896973e+00,4.069975018501281738e-01,1.708069610595703125e+01,5.284309387207031250e+00
1.322518587112426758e+00,4.083845913410186768e-01,1.717110633850097656e+01,5.302319049835205078e+00
1.329481959342956543e+00,4.097669720649719238e-01,1.726151657104492188e+01,5.320267200469970703e+00
1.336445212364196777e+00,4.111446142196655273e-01,1.735192489624023438e+01,5.338154315948486328e+00
1.343408584594726562e+00,4.125176966190338135e-01,1.744233512878417969e+01,5.355981826782226562e+00
1.350371956825256348e+00,4.138860702514648438e-01,1.753274536132812500e+01,5.373748302459716797e+00
1.357335209846496582e+00,4.152498543262481689e-01,1.762315368652343750e+01,5.391455173492431641e+00
1.364298582077026367e+00,4.166089892387390137e-01,1.771356391906738281e+01,5.409101486206054688e+00
1.371261835098266602e+00,4.179635941982269287e-01,1.780397224426269531e+01,5.426689147949218750e+00
1.378225088119506836e+00,4.193135499954223633e-01,1.789438056945800781e+01,5.444216728210449219e+00
1.385188579559326172e+00,4.206589460372924805e-01,1.798479080200195312e+01,5.461684703826904297e+00
1.392151951789855957e+00,4.219998121261596680e-01,1.807520103454589844e+01,5.479094028472900391e+00
1.399115324020385742e+00,4.233361184597015381e-01,1.816561126708984375e+01,5.496444225311279297e+00
1.406078577041625977e+00,4.246679246425628662e-01,1.825601959228515625e+01,5.513735771179199219e+00
1.413041949272155762e+00,4.259952008724212646e-01,1.834642982482910156e+01,5.530968666076660156e+00
1.420005321502685547e+00,4.273180365562438965e-01,1.843684005737304688e+01,5.548143863677978516e+00
1.426968574523925781e+00,4.286363422870635986e-01,1.852724838256835938e+01,5.565260410308837891e+00
1.433932065963745117e+00,4.299502372741699219e-01,1.861765861511230469e+01,5.582319736480712891e+00
1.440895199775695801e+00,4.312596917152404785e-01,1.870806694030761719e+01,5.599320888519287109e+00
1.447858691215515137e+00,4.325647652149200439e-01,1.879847717285156250e+01,5.616265773773193359e+00
1.454821944236755371e+00,4.338654279708862305e-01,1.888888549804687500e+01,5.633152961730957031e+00
1.461785316467285156e+00,4.351617097854614258e-01,1.897929573059082031e+01,5.649983406066894531e+00
1.468748688697814941e+00,4.364536404609680176e-01,1.906970596313476562e+01,5.666757583618164062e+00
1.475711941719055176e+00,4.377412199974060059e-01,1.916011428833007812e+01,5.683475017547607422e+00
1.482675313949584961e+00,4.390244781970977783e-01,1.925052452087402344e+01,5.700136184692382812e+00
1.489638686180114746e+00,4.403034150600433350e-01,1.934093475341796875e+01,5.716741561889648438e+00
1.496602177619934082e+00,4.415780305862426758e-01,1.943134498596191406e+01,5.733290672302246094e+00
1.503565430641174316e+00,4.428484141826629639e-01,1.952175331115722656e+01,5.749784946441650391e+00
1.510528683662414551e+00,4.441145062446594238e-01,1.961216163635253906e+01,5.766223430633544922e+00
1.517492055892944336e+00,4.453763365745544434e-01,1.970257186889648438e+01,5.782606601715087891e+00
1.524455308914184570e+00,4.466339647769927979e-01,1.979298019409179688e+01,5.798934936523437500e+00
1.531418681144714355e+00,4.478873610496520996e-01,1.988339042663574219e+01,5.815208911895751953e+00
1.538382053375244141e+00,4.491365849971771240e-01,1.997380065917968750e+01,5.831428050994873047e+00
1.545345425605773926e+00,4.503816068172454834e-01,2.006421089172363281e+01,5.847593307495117188e+00
1.552308678627014160e+00,4.516224563121795654e-01,2.015461921691894531e+01,5.863703727722167969e+00
1.559272050857543945e+00,4.528591632843017578e-01,2.024502944946289062e+01,5.879760742187500000e+00
1.566235303878784180e+00,4.540917277336120605e-01,2.033543777465820312e+01,5.895763874053955078e+00
1.573198556900024414e+00,4.553201496601104736e-01,2.042584609985351562e+01,5.911713600158691406e+00
1.580162048339843750e+00,4.565444886684417725e-01,2.051625633239746094e+01,5.927609920501708984e+00
1.587125420570373535e+00,4.577647447586059570e-01,2.060666656494140625e+01,5.943453311920166016e+00
1.594088792800903320e+00,4.589808881282806396e-01,2.069707679748535156e+01,5.959243297576904297e+00
1.601052045822143555e+00,4.601930677890777588e-01,2.078748512268066406e+01,5.974981784820556641e+00
1.608015418052673340e+00,4.614011347293853760e-01,2.087789535522460938e+01,5.990666866302490234e+00
1.614978790283203125e+00,4.626051783561706543e-01,2.096830558776855469e+01,6.006299495697021484e+00
1.621942043304443359e+00,4.638052284717559814e-01,2.105871391296386719e+01,6.021880626678466797e+00
1.628905534744262695e+00,4.650012552738189697e-01,2.114912414550781250e+01,6.037409305572509766e+00
1.635868668556213379e+00,4.661933481693267822e-01,2.123953247070312500e+01,6.052886962890625000e+00
1.642832159996032715e+00,4.673813879489898682e-01,2.132994270324707031e+01,6.068312168121337891e+00
1.649795413017272949e+00,4.685655534267425537e-01,2.142035102844238281e+01,6.083686828613281250e+00
1.656758785247802734e+00,4.697456955909729004e-01,2.151076126098632812e+01,6.099009513854980469e+00
1.663722157478332520e+00,4.709219932556152344e-01,2.160117149353027344e+01,6.114282131195068359e+00
1.670685410499572754e+00,4.720943272113800049e-01,2.169157981872558594e+01,6.129503250122070312e+00
1.677648782730102539e+00,4.732628464698791504e-01,2.178199005126953125e+01,6.144674777984619141e+00
1.684612154960632324e+00,4.744273722171783447e-01,2.187240028381347656e+01,6.159794807434082031e+00
1.691575646400451660e+00,4.755880534648895264e-01,2.196281051635742188e+01,6.174864768981933594e+00
1.698538899421691895e+00,4.767449200153350830e-01,2.205321884155273438e+01,6.189885139465332031e+00
1.705502152442932129e+00,4.778979718685150146e-01,2.214362716674804688e+01,6.204855918884277344e+00
1.712465524673461914e+00,4.790471494197845459e-01,2.223403739929199219e+01,6.219776153564453125e+00
1.719428777694702148e+00,4.801925420761108398e-01,2.232444572448730469e+01,6.234647750854492188e+00
1.726392149925231934e+00,4.813340902328491211e-01,2.241485595703125000e+01,6.249469280242919922e+00
1.733355522155761719e+00,4.824719130992889404e-01,2.250526618957519531e+01,6.264242172241210938e+00
1.740318775177001953e+00,4.836059510707855225e-01,2.259567451477050781e+01,6.278965950012207031e+00
1.747282147407531738e+00,4.847362041473388672e-01,2.268608474731445312e+01,6.293641090393066406e+00
1.754245519638061523e+00,4.858627021312713623e-01,2.277649497985839844e+01,6.308267116546630859e+00
1.761208772659301758e+00,4.869855046272277832e-01,2.286690330505371094e+01,6.322844982147216797e+00
1.768172025680541992e+00,4.881045818328857422e-01,2.295731163024902344e+01,6.337374687194824219e+00
1.775135517120361328e+00,4.892199337482452393e-01,2.304772186279296875e+01,6.351856231689453125e+00
1.782098889350891113e+00,4.903316199779510498e-01,2.313813209533691406e+01,6.366289615631103516e+00
1.789062142372131348e+00,4.914395809173583984e-01,2.322854042053222656e+01,6.380675315856933594e+00
1.796025514602661133e+00,4.925438761711120605e-01,2.331895065307617188e+01,6.395012855529785156e+00
1.802988886833190918e+00,4.936445355415344238e-01,2.340936088562011719e+01,6.409303665161132812e+00
1.809952259063720703e+00,4.947415590286254883e-01,2.349977111816406250e+01,6.423546791076660156e+00
1.816915512084960938e+00,4.958349466323852539e-01,2.359017944335937500e+01,6.437743186950683594e+00
1.823879003524780273e+00,4.969247281551361084e-01,2.368058967590332031e+01,6.451892375946044922e+00
1.830842137336730957e+00,4.980108737945556641e-01,2.377099800109863281e+01,6.465994358062744141e+00
1.837805390357971191e+00,4.990934431552886963e-01,2.386140632629394531e+01,6.480050086975097656e+00
1.844768881797790527e+00,5.001724362373352051e-01,2.395181655883789062e+01,6.494059562683105469e+00
1.851732254028320312e+00,5.012478232383728027e-01,2.404222679138183594e+01,6.508021831512451172e+00
1.858695626258850098e+00,5.023196339607238770e-01,2.413263702392578125e+01,6.521937847137451172e+00
1.865658879280090332e+00,5.033878684043884277e-01,2.422304534912109375e+01,6.535807609558105469e+00
1.872622251510620117e+00,5.044525861740112305e-01,2.431345558166503906e+01,6.549631118774414062e+00
1.879585623741149902e+00,5.055137276649475098e-01,2.440386581420898438e+01,6.563408851623535156e+00
1.886548876762390137e+00,5.065714120864868164e-01,2.449427413940429688e+01,6.577141284942626953e+00
1.893512368202209473e+00,5.076255798339843750e-01,2.458468437194824219e+01,6.590828418731689453e+00
1.900475621223449707e+00,5.086762309074401855e-01,2.467509269714355469e+01,6.604469776153564453e+00
1.907438993453979492e+00,5.097234249114990234e-01,2.476550292968750000e+01,6.618065834045410156e+00
1.914402246475219727e+00,5.107671618461608887e-01,2.485591125488281250e+01,6.631617546081542969e+00
1.921365618705749512e+00,5.118073821067810059e-01,2.494632148742675781e+01,6.645123481750488281e+00
1.928328990936279297e+00,5.128442049026489258e-01,2.503673171997070312e+01,6.658585071563720703e+00
1.935292243957519531e+00,5.138775706291198730e-01,2.512714004516601562e+01,6.672001838684082031e+00
1.942255616188049316e+00,5.149075388908386230e-01,2.521755027770996094e+01,6.685374736785888672e+00
1.949218988418579102e+00,5.159340500831604004e-01,2.530796051025390625e+01,6.698702335357666016e+00
1.956182241439819336e+00,5.169572234153747559e-01,2.539836883544921875e+01,6.711987018585205078e+00
1.963145732879638672e+00,5.179769396781921387e-01,2.548877906799316406e+01,6.725226879119873047e+00
1.970108985900878906e+00,5.189933180809020996e-01,2.557918739318847656e+01,6.738422870635986328e+00
1.977072358131408691e+00,5.200062990188598633e-01,2.566959762573242188e+01,6.751574993133544922e+00
1.984035611152648926e+00,5.210159420967102051e-01,2.576000595092773438e+01,6.764684200286865234e+00
1.990998983383178711e+00,5.220222473144531250e-01,2.585041618347167969e+01,6.777749538421630859e+00
1.997962355613708496e+00,5.230252146720886230e-01,2.594082641601562500e+01,6.790771484375000000e+00
2.004925727844238281e+00,5.240247845649719238e-01,2.603123664855957031e+01,6.803749561309814453e+00
2.011888980865478516e+00,5.250210762023925781e-01,2.612164497375488281e+01,6.816685199737548828e+00
2.018852233886718750e+00,5.260139703750610352e-01,2.621205329895019531e+01,6.829576492309570312e+00
2.025815725326538086e+00,5.270035862922668457e-01,2.630246353149414062e+01,6.842425346374511719e+00
2.032778978347778320e+00,5.279899239540100098e-01,2.639287185668945312e+01,6.855231761932373047e+00
2.039742469787597656e+00,5.289729237556457520e-01,2.648328399658203125e+01,6.867994785308837891e+00
2.046705722808837891e+00,5.299527049064636230e-01,2.657369232177734375e+01,6.880715847015380859e+00
2.053668975830078125e+00,5.309292078018188477e-01,2.666410064697265625e+01,6.893394470214843750e+00
2.060632467269897461e+00,5.319024920463562012e-01,2.675451278686523438e+01,6.906031131744384766e+00
2.067595720291137695e+00,5.328725576400756836e-01,2.684492111206054688e+01,6.918625831604003906e+00
2.074558973312377930e+00,5.338393449783325195e-01,2.693532943725585938e+01,6.931178569793701172e+00
2.081522464752197266e+00,5.348029732704162598e-01,2.702574157714843750e+01,6.943689823150634766e+00
2.088485717773437500e+00,5.357633829116821289e-01,2.711614990234375000e+01,6.956159591674804688e+00
2.095448970794677734e+00,5.367205739021301270e-01,2.720655822753906250e+01,6.968587398529052734e+00
2.102412462234497070e+00,5.376746058464050293e-01,2.729696846008300781e+01,6.980974197387695312e+00
2.109375715255737305e+00,5.386254191398620605e-01,2.738737678527832031e+01,6.993319034576416016e+00
2.116338968276977539e+00,5.395730733871459961e-01,2.747778511047363281e+01,7.005623340606689453e+00
2.123302459716796875e+00,5.405175685882568359e-01,2.756819725036621094e+01,7.017886161804199219e+00
2.130265712738037109e+00,5.414588451385498047e-01,2.765860557556152344e+01,7.030107498168945312e+00
2.137229204177856445e+00,5.423970222473144531e-01,2.774901771545410156e+01,7.042288303375244141e+00
2.144192457199096680e+00,5.433320403099060059e-01,2.783942604064941406e+01,7.054428100585937500e+00
2.151155710220336914e+00,5.442639589309692383e-01,2.792983436584472656e+01,7.066527843475341797e+00
2.158119201660156250e+00,5.451927185058593750e-01,2.802024459838867188e+01,7.078586578369140625e+00
2.165082454681396484e+00,5.461184382438659668e-01,2.811065292358398438e+01,7.090605735778808594e+00
2.172045707702636719e+00,5.470410585403442383e-01,2.820106124877929688e+01,7.102584838867187500e+00
2.179009199142456055e+00,5.479606389999389648e-01,2.829147338867187500e+01,7.114524364471435547e+00
2.185972452163696289e+00,5.488771200180053711e-01,2.838188171386718750e+01,7.126423358917236328e+00
2.192935705184936523e+00,5.497905611991882324e-01,2.847229003906250000e+01,7.138283252716064453e+00
2.199899196624755859e+00,5.507009625434875488e-01,2.856270217895507812e+01,7.150103569030761719e+00
2.206862449645996094e+00,5.516082644462585449e-01,2.865311050415039062e+01,7.161883831024169922e+00
2.213825702667236328e+00,5.525125265121459961e-01,2.874351882934570312e+01,7.173624515533447266e+00
2.220789194107055664e+00,5.534137487411499023e-01,2.883392906188964844e+01,7.185325622558593750e+00
2.227752447128295898e+00,5.543119311332702637e-01,2.892433738708496094e+01,7.196987152099609375e+00
2.234715938568115234e+00,5.552070736885070801e-01,2.901474952697753906e+01,7.208609580993652344e+00
2.241679191589355469e+00,5.560992956161499023e-01,2.910515785217285156e+01,7.220193862915039062e+00
2.248642444610595703e+00,5.569884777069091797e-01,2.919556617736816406e+01,7.231738567352294922e+00
2.255605936050415039e+00,5.578747391700744629e-01,2.928597831726074219e+01,7.243245601654052734e+00
2.262569189071655273e+00,5.587580204010009766e-01,2.937638664245605469e+01,7.254713535308837891e+00
2.269532442092895508e+00,5.596383810043334961e-01,2.946679496765136719e+01,7.266143798828125000e+00
2.276495933532714844e+00,5.605157613754272461e-01,2.955720710754394531e+01,7.277535438537597656e+00
2.283459186553955078e+00,5.613902211189270020e-01,2.964761543273925781e+01,7.288888931274414062e+00
2.290422439575195312e+00,5.622617006301879883e-01,2.973802375793457031e+01,7.300204277038574219e+00
2.297385931015014648e+00,5.631303191184997559e-01,2.982843399047851562e+01,7.311481952667236328e+00
2.304349184036254883e+00,5.639959573745727539e-01,2.991884231567382812e+01,7.322721004486083984e+00
2.311312437057495117e+00,5.648586750030517578e-01,3.000925064086914062e+01,7.333922386169433594e+00
2.318275928497314453e+00,5.657185316085815430e-01,3.009966278076171875e+01,7.345086574554443359e+00
2.325239181518554688e+00,5.665754675865173340e-01,3.019007110595703125e+01,7.356212615966796875e+00
2.332202434539794922e+00,5.674295425415039062e-01,3.028047943115234375e+01,7.367301464080810547e+00
2.339165925979614258e+00,5.682807564735412598e-01,3.037089157104492188e+01,7.378353595733642578e+00
2.346129179000854492e+00,5.691291093826293945e-01,3.046129989624023438e+01,7.389368057250976562e+00
2.353092670440673828e+00,5.699746608734130859e-01,3.055171012878417969e+01,7.400346279144287109e+00
2.360055923461914062e+00,5.708173513412475586e-01,3.064211845397949219e+01,7.411287784576416016e+00
2.367019176483154297e+00,5.716571807861328125e-01,3.073252677917480469e+01,7.422191619873046875e+00
2.373982667922973633e+00,5.724942684173583984e-01,3.082293891906738281e+01,7.433060169219970703e+00
2.380945920944213867e+00,5.733284950256347656e-01,3.091334724426269531e+01,7.443891525268554688e+00
2.387909173965454102e+00,5.741599202156066895e-01,3.100375556945800781e+01,7.454686164855957031e+00
2.394872665405273438e+00,5.749886035919189453e-01,3.109416770935058594e+01,7.465445518493652344e+00
2.401835918426513672e+00,5.758144259452819824e-01,3.118457603454589844e+01,7.476167678833007812e+00
2.408799171447753906e+00,5.766375064849853516e-01,3.127498435974121094e+01,7.486854553222656250e+00
2.415762662887573242e+00,5.774577856063842773e-01,3.136539459228515625e+01,7.497504711151123047e+00
2.422725915908813477e+00,5.782752633094787598e-01,3.145580291748046875e+01,7.508118629455566406e+00
2.429689168930053711e+00,5.790899991989135742e-01,3.154621315002441406e+01,7.518696784973144531e+00
2.436652660369873047e+00,5.799019932746887207e-01,3.163662338256835938e+01,7.529239177703857422e+00
2.443615913391113281e+00,5.807112455368041992e-01,3.172703170776367188e+01,7.539746284484863281e+00
2.450579404830932617e+00,5.815178155899047852e-01,3.181744384765625000e+01,7.550218582153320312e+00
2.457542657852172852e+00,5.823216438293457031e-01,3.190785217285156250e+01,7.560655117034912109e+00
2.464505910873413086e+00,5.831227898597717285e-01,3.199826049804687500e+01,7.571056842803955078e+00
2.471469402313232422e+00,5.839212536811828613e-01,3.208867263793945312e+01,7.581424236297607422e+00
2.478432655334472656e+00,5.847169756889343262e-01,3.217908096313476562e+01,7.591755390167236328e+00
2.485395908355712891e+00,5.855100750923156738e-01,3.226948928833007812e+01,7.602052688598632812e+00
2.492359399795532227e+00,5.863004922866821289e-01,3.235990142822265625e+01,7.612315177917480469e+00
2.499322652816772461e+00,5.870882272720336914e-01,3.245030975341796875e+01,7.622542858123779297e+00
2.506285905838012695e+00,5.878733396530151367e-01,3.254071807861328125e+01,7.632736682891845703e+00
2.513249158859252930e+00,5.886557698249816895e-01,3.263112640380859375e+01,7.642895221710205078e+00
2.520212411880493164e+00,5.894355773925781250e-01,3.272153472900390625e+01,7.653019905090332031e+00
2.527176141738891602e+00,5.902127623558044434e-01,3.281194686889648438e+01,7.663110733032226562e+00
2.534139394760131836e+00,5.909873247146606445e-01,3.290235519409179688e+01,7.673167228698730469e+00
2.541102647781372070e+00,5.917592644691467285e-01,3.299276351928710938e+01,7.683189868927001953e+00
2.548066139221191406e+00,5.925286412239074707e-01,3.308317565917968750e+01,7.693179130554199219e+00
2.555029392242431641e+00,5.932953953742980957e-01,3.317358398437500000e+01,7.703134536743164062e+00
2.561992645263671875e+00,5.940595269203186035e-01,3.326399230957031250e+01,7.713055610656738281e+00
2.568956136703491211e+00,5.948210954666137695e-01,3.335440444946289062e+01,7.722943782806396484e+00
2.575919389724731445e+00,5.955800414085388184e-01,3.344481277465820312e+01,7.732797622680664062e+00
2.582882642745971680e+00,5.963364839553833008e-01,3.353522109985351562e+01,7.742619037628173828e+00
2.589846134185791016e+00,5.970903038978576660e-01,3.362563323974609375e+01,7.752406120300292969e+00
2.596809387207031250e+00,5.978416204452514648e-01,3.371604156494140625e+01,7.762161254882812500e+00
2.603772640228271484e+00,5.985903739929199219e-01,3.380644989013671875e+01,7.771882534027099609e+00
2.610736131668090820e+00,5.993365645408630371e-01,3.389686203002929688e+01,7.781570911407470703e+00
2.617699384689331055e+00,6.000802516937255859e-01,3.398727035522460938e+01,7.791226863861083984e+00
2.624662637710571289e+00,6.008214354515075684e-01,3.407767868041992188e+01,7.800849914550781250e+00
2.631626367568969727e+00,6.015601158142089844e-01,3.416809082031250000e+01,7.810440540313720703e+00
2.638589382171630859e+00,6.022962927818298340e-01,3.425849914550781250e+01,7.819998741149902344e+00
2.645552635192871094e+00,6.030300259590148926e-01,3.434890747070312500e+01,7.829525470733642578e+00
2.652515888214111328e+00,6.037611961364746094e-01,3.443931579589843750e+01,7.839018821716308594e+00
2.659479141235351562e+00,6.044899225234985352e-01,3.452972412109375000e+01,7.848480224609375000e+00
2.666442871093750000e+00,6.052162051200866699e-01,3.462013626098632812e+01,7.857910156250000000e+00
2.673406124114990234e+00,6.059399843215942383e-01,3.471054458618164062e+01,7.867307186126708984e+00
2.680369377136230469e+00,6.066613197326660156e-01,3.480095291137695312e+01,7.876672744750976562e+00
2.687332868576049805e+00,6.073802113533020020e-01,3.489136505126953125e+01,7.886006832122802734e+00
2.694296121597290039e+00,6.080967187881469727e-01,3.498177337646484375e+01,7.895309448242187500e+00
2.701259374618530273e+00,6.088107228279113770e-01,3.507218170166015625e+01,7.904580116271972656e+00
2.708222866058349609e+00,6.095223426818847656e-01,3.516259384155273438e+01,7.913819313049316406e+00
2.715186119079589844e+00,6.102315187454223633e-01,3.525300216674804688e+01,7.923027038574218750e+00
2.722149372100830078e+00,6.109383106231689453e-01,3.534341049194335938e+01,7.932203769683837891e+00
2.729112863540649414e+00,6.116426587104797363e-01,3.543382263183593750e+01,7.941348552703857422e+00
2.736076116561889648e+00,6.123446226119995117e-01,3.552423095703125000e+01,7.950462818145751953e+00
2.743039369583129883e+00,6.130442619323730469e-01,3.561463928222656250e+01,7.959546566009521484e+00
2.750002861022949219e+00,6.137414574623107910e-01,3.570505142211914062e+01,7.968598842620849609e+00
2.756966114044189453e+00,6.144363284111022949e-01,3.579545974731445312e+01,7.977620601654052734e+00
2.763929843902587891e+00,6.151287555694580078e-01,3.588587188720703125e+01,7.986610889434814453e+00
2.770893096923828125e+00,6.158189177513122559e-01,3.597628021240234375e+01,7.995571613311767578e+00
2.777856349945068359e+00,6.165066957473754883e-01,3.606668853759765625e+01,8.004501342773437500e+00
2.784819602966308594e+00,6.171921491622924805e-01,3.615709686279296875e+01,8.013401031494140625e+00
2.791782855987548828e+00,6.178752183914184570e-01,3.624750518798828125e+01,8.022270202636718750e+00
2.798745870590209961e+00,6.185559630393981934e-01,3.633791351318359375e+01,8.031108856201171875e+00
2.805709600448608398e+00,6.192343831062316895e-01,3.642832565307617188e+01,8.039916992187500000e+00
2.812672853469848633e+00,6.199104785919189453e-01,3.651873397827148438e+01,8.048695564270019531e+00
2.819636106491088867e+00,6.205843687057495117e-01,3.660914230346679688e+01,8.057444572448730469e+00
2.826599597930908203e+00,6.212558746337890625e-01,3.669955444335937500e+01,8.066163063049316406e+00
2.833562850952148438e+00,6.219251751899719238e-01,3.678996276855468750e+01,8.074852943420410156e+00
2.840526103973388672e+00,6.225920319557189941e-01,3.688037109375000000e+01,8.083511352539062500e+00
2.847489595413208008e+00,6.232566833496093750e-01,3.697078323364257812e+01,8.092141151428222656e+00
2.854452848434448242e+00,6.239191293716430664e-01,3.706119155883789062e+01,8.100742340087890625e+00
2.861416339874267578e+00,6.245792508125305176e-01,3.715160369873046875e+01,8.109313011169433594e+00
2.868379592895507812e+00,6.252371072769165039e-01,3.724201202392578125e+01,8.117854118347167969e+00
2.875342845916748047e+00,6.258927583694458008e-01,3.733242034912109375e+01,8.126366615295410156e+00
2.882306337356567383e+00,6.265460848808288574e-01,3.742283248901367188e+01,8.134849548339843750e+00
2.889269590377807617e+00,6.271972656250000000e-01,3.751324081420898438e+01,8.143303871154785156e+00
2.896232843399047852e+00,6.278461217880249023e-01,3.760364913940429688e+01,8.151728630065917969e+00
2.903196096420288086e+00,6.284927725791931152e-01,3.769405746459960938e+01,8.160124778747558594e+00
2.910159826278686523e+00,6.291372776031494141e-01,3.778446960449218750e+01,8.168492317199707031e+00
2.917123079299926758e+00,6.297794580459594727e-01,3.787487792968750000e+01,8.176830291748046875e+00
2.924086332321166992e+00,6.304194927215576172e-01,3.796528625488281250e+01,8.185140609741210938e+00
2.931049585342407227e+00,6.310573816299438477e-01,3.805569458007812500e+01,8.193422317504882812e+00
2.938012838363647461e+00,6.316930055618286133e-01,3.814610290527343750e+01,8.201675415039062500e+00
2.944976329803466797e+00,6.323264837265014648e-01,3.823651504516601562e+01,8.209899902343750000e+00
2.951939582824707031e+00,6.329577565193176270e-01,3.832692337036132812e+01,8.218096733093261719e+00
2.958903074264526367e+00,6.335868835449218750e-01,3.841733551025390625e+01,8.226264953613281250e+00
2.965866327285766602e+00,6.342138051986694336e-01,3.850774383544921875e+01,8.234404563903808594e+00
2.972829580307006836e+00,6.348385810852050781e-01,3.859815216064453125e+01,8.242516517639160156e+00
2.979793071746826172e+00,6.354611515998840332e-01,3.868856430053710938e+01,8.250599861145019531e+00
2.986756324768066406e+00,6.360816359519958496e-01,3.877897262573242188e+01,8.258655548095703125e+00
2.993719577789306641e+00,6.366999149322509766e-01,3.886938095092773438e+01,8.266683578491210938e+00
3.000683069229125977e+00,6.373161077499389648e-01,3.895979309082031250e+01,8.274683952331542969e+00
3.007646322250366211e+00,6.379302144050598145e-01,3.905020141601562500e+01,8.282656669616699219e+00
3.014609575271606445e+00,6.385421156883239746e-01,3.914060974121093750e+01,8.290601730346679688e+00
3.021573066711425781e+00,6.391519308090209961e-01,3.923102188110351562e+01,8.298519134521484375e+00
3.028536319732666016e+00,6.397596001625061035e-01,3.932143020629882812e+01,8.306408882141113281e+00
3.035499572753906250e+00,6.403652429580688477e-01,3.941183853149414062e+01,8.314272880554199219e+00
3.042462825775146484e+00,6.409687399864196777e-01,3.950224685668945312e+01,8.322108268737792969e+00
3.049426078796386719e+00,6.415701508522033691e-01,3.959265518188476562e+01,8.329916954040527344e+00
3.056389331817626953e+00,6.421695351600646973e-01,3.968306350708007812e+01,8.337698936462402344e+00
3.063353061676025391e+00,6.427667737007141113e-01,3.977347564697265625e+01,8.345453262329101562e+00
3.070316314697265625e+00,6.433619856834411621e-01,3.986388397216796875e+01,8.353180885314941406e+00
3.077279806137084961e+00,6.439551115036010742e-01,3.995429611206054688e+01,8.360881805419921875e+00
3.084243059158325195e+00,6.445462107658386230e-01,4.004470443725585938e+01,8.368556976318359375e+00
3.091206312179565430e+00,6.451352238655090332e-01,4.013511276245117188e+01,8.376204490661621094e+00
3.098169803619384766e+00,6.457221508026123047e-01,4.022552490234375000e+01,8.383824348449707031e+00
3.105133056640625000e+00,6.463071107864379883e-01,4.031593322753906250e+01,8.391419410705566406e+00
3.112096309661865234e+00,6.468899846076965332e-01,4.040634155273437500e+01,8.398987770080566406e+00
3.119059801101684570e+00,6.474707722663879395e-01,4.049675369262695312e+01,8.406528472900390625e+00
3.126023054122924805e+00,6.480495929718017578e-01,4.058716201782226562e+01,8.414043426513671875e+00
3.132986307144165039e+00,6.486264467239379883e-01,4.067757034301757812e+01,8.421532630920410156e+00
3.139949798583984375e+00,6.492011547088623047e-01,4.076798248291015625e+01,8.428995132446289062e+00
3.146913051605224609e+00,6.497738957405090332e-01,4.085839080810546875e+01,8.436430931091308594e+00
3.153876304626464844e+00,6.503446102142333984e-01,4.094879913330078125e+01,8.443840980529785156e+00
3.160840034484863281e+00,6.509134173393249512e-01,4.103921127319335938e+01,8.451226234436035156e+00
3.167803287506103516e+00,6.514801979064941406e-01,4.112961959838867188e+01,8.458584785461425781e+00
3.174766540527343750e+00,6.520449519157409668e-01,4.122002792358398438e+01,8.465917587280273438e+00
3.181729555130004883e+00,6.526077985763549805e-01,4.131043624877929688e+01,8.473225593566894531e+00
3.188692808151245117e+00,6.531686782836914062e-01,4.140084457397460938e+01,8.480507850646972656e+00
3.195656538009643555e+00,6.537275910377502441e-01,4.149125671386718750e+01,8.487764358520507812e+00
3.202619791030883789e+00,6.542844772338867188e-01,4.158166503906250000e+01,8.494995117187500000e+00
3.209583044052124023e+00,6.548394560813903809e-01,4.167207336425781250e+01,8.502200126647949219e+00
3.216546535491943359e+00,6.553923487663269043e-01,4.176248550415039062e+01,8.509379386901855469e+00
3.223509788513183594e+00,6.559435129165649414e-01,4.185289382934570312e+01,8.516534805297851562e+00
3.230473041534423828e+00,6.564925312995910645e-01,4.194330215454101562e+01,8.523663520812988281e+00
3.237436532974243164e+00,6.570397019386291504e-01,4.203371429443359375e+01,8.530767440795898438e+00
3.244399785995483398e+00,6.575849056243896484e-01,4.212412261962890625e+01,8.537846565246582031e+00
3.251363039016723633e+00,6.581281423568725586e-01,4.221453094482421875e+01,8.544899940490722656e+00
3.258326530456542969e+00,6.586696505546569824e-01,4.230494308471679688e+01,8.551930427551269531e+00
3.265289783477783203e+00,6.592091321945190430e-01,4.239535140991210938e+01,8.558935165405273438e+00
3.272253274917602539e+00,6.597467064857482910e-01,4.248576354980468750e+01,8.565914154052734375e+00
3.279216527938842773e+00,6.602824330329895020e-01,4.257617187500000000e+01,8.572870254516601562e+00
3.286179780960083008e+00,6.608161926269531250e-01,4.266658020019531250e+01,8.579800605773925781e+00
3.293143510818481445e+00,6.613479852676391602e-01,4.275699234008789062e+01,8.586705207824707031e+00
3.300106763839721680e+00,6.618780493736267090e-01,4.284740066528320312e+01,8.593586921691894531e+00
3.307070016860961914e+00,6.624061465263366699e-01,4.293780899047851562e+01,8.600443840026855469e+00
3.314033269882202148e+00,6.629323959350585938e-01,4.302821731567382812e+01,8.607275962829589844e+00
3.320996522903442383e+00,6.634567379951477051e-01,4.311862564086914062e+01,8.614084243774414062e+00
3.327959775924682617e+00,6.639792323112487793e-01,4.320903396606445312e+01,8.620867729187011719e+00
3.334923267364501953e+00,6.644998788833618164e-01,4.329944610595703125e+01,8.627628326416015625e+00
3.341886520385742188e+00,6.650186777114868164e-01,4.338985443115234375e+01,8.634364128112792969e+00
3.348849773406982422e+00,6.655356287956237793e-01,4.348026275634765625e+01,8.641076087951660156e+00
3.355813264846801758e+00,6.660507917404174805e-01,4.357067489624023438e+01,8.647764205932617188e+00
3.362776517868041992e+00,6.665640473365783691e-01,4.366108322143554688e+01,8.654428482055664062e+00
3.369740009307861328e+00,6.670754551887512207e-01,4.375149536132812500e+01,8.661067962646484375e+00
3.376703262329101562e+00,6.675850152969360352e-01,4.384190368652343750e+01,8.667684555053710938e+00
3.383666515350341797e+00,6.680927872657775879e-01,4.393231201171875000e+01,8.674277305603027344e+00
3.390630006790161133e+00,6.685986518859863281e-01,4.402272415161132812e+01,8.680845260620117188e+00
3.397593259811401367e+00,6.691027879714965820e-01,4.411313247680664062e+01,8.687390327453613281e+00
3.404556512832641602e+00,6.696050167083740234e-01,4.420354080200195312e+01,8.693911552429199219e+00
3.411520004272460938e+00,6.701055169105529785e-01,4.429395294189453125e+01,8.700409889221191406e+00
3.418483257293701172e+00,6.706042885780334473e-01,4.438436126708984375e+01,8.706885337829589844e+00
3.425446510314941406e+00,6.711012721061706543e-01,4.447476959228515625e+01,8.713337898254394531e+00
3.432409763336181641e+00,6.715964078903198242e-01,4.456517791748046875e+01,8.719766616821289062e+00
3.439373016357421875e+00,6.720897555351257324e-01,4.465558624267578125e+01,8.726172447204589844e+00
3.446336269378662109e+00,6.725813746452331543e-01,4.474599456787109375e+01,8.732555389404296875e+00
3.453299999237060547e+00,6.730711460113525391e-01,4.483640670776367188e+01,8.738914489746093750e+00
3.460263252258300781e+00,6.735591888427734375e-01,4.492681503295898438e+01,8.745250701904296875e+00
3.467226505279541016e+00,6.740454435348510742e-01,4.501722335815429688e+01,8.751564025878906250e+00
3.474189996719360352e+00,6.745299696922302246e-01,4.510763549804687500e+01,8.757855415344238281e+00
3.481153249740600586e+00,6.750126481056213379e-01,4.519804382324218750e+01,8.764122009277343750e+00
3.488116741180419922e+00,6.754937171936035156e-01,4.528845596313476562e+01,8.770367622375488281e+00
3.495079994201660156e+00,6.759728789329528809e-01,4.537886428833007812e+01,8.776589393615722656e+00
3.502043247222900391e+00,6.764503717422485352e-01,4.546927261352539062e+01,8.782789230346679688e+00
3.509006738662719727e+00,6.769261360168457031e-01,4.555968475341796875e+01,8.788966178894042969e+00
3.515969991683959961e+00,6.774002313613891602e-01,4.565009307861328125e+01,8.795121192932128906e+00
3.522933244705200195e+00,6.778724789619445801e-01,4.574050140380859375e+01,8.801253318786621094e+00
3.529896736145019531e+00,6.783431172370910645e-01,4.583091354370117188e+01,8.807363510131835938e+00
3.536859989166259766e+00,6.788119673728942871e-01,4.592132186889648438e+01,8.813450813293457031e+00
3.543823242187500000e+00,6.792792081832885742e-01,4.601173019409179688e+01,8.819517135620117188e+00
3.550786972045898438e+00,6.797446608543395996e-01,4.610214233398437500e+01,8.825560569763183594e+00
3.557750225067138672e+00,6.802084445953369141e-01,4.619255065917968750e+01,8.831582069396972656e+00
3.564713478088378906e+00,6.806704998016357422e-01,4.628295898437500000e+01,8.837581634521484375e+00
3.571676492691040039e+00,6.811308860778808594e-01,4.637336730957031250e+01,8.843559265136718750e+00
3.578639745712280273e+00,6.815896034240722656e-01,4.646377563476562500e+01,8.849514961242675781e+00
3.585603475570678711e+00,6.820466518402099609e-01,4.655418777465820312e+01,8.855448722839355469e+00
3.592566728591918945e+00,6.825019717216491699e-01,4.664459609985351562e+01,8.861360549926757812e+00
3.599529981613159180e+00,6.829556226730346680e-01,4.673500442504882812e+01,8.867250442504882812e+00
3.606493473052978516e+00,6.834076046943664551e-01,4.682541656494140625e+01,8.873119354248046875e+00
3.613456726074218750e+00,6.838578581809997559e-01,4.691582489013671875e+01,8.878965377807617188e+00
3.620419979095458984e+00,6.843065023422241211e-01,4.700623321533203125e+01,8.884790420532226562e+00
3.627383470535278320e+00,6.847535371780395508e-01,4.709664535522460938e+01,8.890594482421875000e+00
3.634346723556518555e+00,6.851989030838012695e-01,4.718705368041992188e+01,8.896376609802246094e+00
3.641309976577758789e+00,6.856425404548645020e-01,4.727746200561523438e+01,8.902136802673339844e+00
3.648273468017578125e+00,6.860846281051635742e-01,4.736787414550781250e+01,8.907876968383789062e+00
3.655236721038818359e+00,6.865250468254089355e-01,4.745828247070312500e+01,8.913595199584960938e+00
3.662199974060058594e+00,6.869637966156005859e-01,4.754869079589843750e+01,8.919291496276855469e+00
3.669163465499877930e+00,6.874009370803833008e-01,4.763910293579101562e+01,8.924966812133789062e+00
3.676126718521118164e+00,6.878364682197570801e-01,4.772951126098632812e+01,8.930622100830078125e+00
3.683090448379516602e+00,6.882703900337219238e-01,4.781992340087890625e+01,8.936255455017089844e+00
3.690053701400756836e+00,6.887027025222778320e-01,4.791033172607421875e+01,8.941868782043457031e+00
3.697016954421997070e+00,6.891333460807800293e-01,4.800074005126953125e+01,8.947460174560546875e+00
3.703980207443237305e+00,6.895624399185180664e-01,4.809114837646484375e+01,8.953031539916992188e+00
3.710943460464477539e+00,6.899899244308471680e-01,4.818155670166015625e+01,8.958581924438476562e+00
3.717906713485717773e+00,6.904157996177673340e-01,4.827196502685546875e+01,8.964111328125000000e+00
3.724870204925537109e+00,6.908400654792785645e-01,4.836237716674804688e+01,8.969619750976562500e+00
3.731833457946777344e+00,6.912627816200256348e-01,4.845278549194335938e+01,8.975108146667480469e+00
3.738796710968017578e+00,6.916838884353637695e-01,4.854319381713867188e+01,8.980575561523437500e+00
3.745760202407836914e+00,6.921034455299377441e-01,4.863360595703125000e+01,8.986022949218750000e+00
3.752723455429077148e+00,6.925213932991027832e-01,4.872401428222656250e+01,8.991449356079101562e+00
3.759686708450317383e+00,6.929377913475036621e-01,4.881442260742187500e+01,8.996855735778808594e+00
3.766650199890136719e+00,6.933526396751403809e-01,4.890483474731445312e+01,9.002242088317871094e+00
3.773613452911376953e+00,6.937658786773681641e-01,4.899524307250976562e+01,9.007607460021972656e+00
3.780576705932617188e+00,6.941775679588317871e-01,4.908565139770507812e+01,9.012952804565429688e+00
3.787540197372436523e+00,6.945877075195312500e-01,4.917606353759765625e+01,9.018277168273925781e+00
3.794503450393676758e+00,6.949962973594665527e-01,4.926647186279296875e+01,9.023582458496093750e+00
3.801466941833496094e+00,6.954033374786376953e-01,4.935688400268554688e+01,9.028867721557617188e+00
3.808430194854736328e+00,6.958088874816894531e-01,4.944729232788085938e+01,9.034132957458496094e+00
3.815393447875976562e+00,6.962128281593322754e-01,4.953770065307617188e+01,9.039377212524414062e+00
3.822356700897216797e+00,6.966152191162109375e-01,4.962810897827148438e+01,9.044602394104003906e+00
3.829319953918457031e+00,6.970161199569702148e-01,4.971851730346679688e+01,9.049807548522949219e+00
3.836283206939697266e+00,6.974155306816101074e-01,4.980892562866210938e+01,9.054992675781250000e+00
3.843246936798095703e+00,6.978133916854858398e-01,4.989933776855468750e+01,9.060158729553222656e+00
3.850210189819335938e+00,6.982097625732421875e-01,4.998974609375000000e+01,9.065304756164550781e+00
3.857173442840576172e+00,6.986045241355895996e-01,5.008015441894531250e+01,9.070430755615234375e+00
3.864136934280395508e+00,6.989978551864624023e-01,5.017056655883789062e+01,9.075537681579589844e+00
3.871100187301635742e+00,6.993897557258605957e-01,5.026097488403320312e+01,9.080625534057617188e+00
3.878063440322875977e+00,6.997800469398498535e-01,5.035138320922851562e+01,9.085693359375000000e+00
3.885026931762695312e+00,7.001688480377197266e-01,5.044179534912109375e+01,9.090741157531738281e+00
3.891990184783935547e+00,7.005562186241149902e-01,5.053220367431640625e+01,9.095770835876464844e+00
3.898953676223754883e+00,7.009420394897460938e-01,5.062261581420898438e+01,9.100779533386230469e+00
3.905916929244995117e+00,7.013264298439025879e-01,5.071302413940429688e+01,9.105771064758300781e+00
3.912880182266235352e+00,7.017092704772949219e-01,5.080343246459960938e+01,9.110741615295410156e+00
3.919843673706054688e+00,7.020906805992126465e-01,5.089384460449218750e+01,9.115693092346191406e+00
3.926806926727294922e+00,7.024707198143005371e-01,5.098425292968750000e+01,9.120627403259277344e+00
3.933770179748535156e+00,7.028490900993347168e-01,5.107466125488281250e+01,9.125540733337402344e+00
3.940733909606933594e+00,7.032261490821838379e-01,5.116507339477539062e+01,9.130435943603515625e+00
3.947697162628173828e+00,7.036016583442687988e-01,5.125548171997070312e+01,9.135311126708984375e+00
3.954660177230834961e+00,7.039757966995239258e-01,5.134589004516601562e+01,9.140169143676757812e+00
3.961623430252075195e+00,7.043484449386596680e-01,5.143629837036132812e+01,9.145007133483886719e+00
3.968586683273315430e+00,7.047196030616760254e-01,5.152670669555664062e+01,9.149826049804687500e+00
3.975549936294555664e+00,7.050893306732177734e-01,5.161711502075195312e+01,9.154626846313476562e+00
3.982513666152954102e+00,7.054576277732849121e-01,5.170752716064453125e+01,9.159408569335937500e+00
3.989476919174194336e+00,7.058244943618774414e-01,5.179793548583984375e+01,9.164172172546386719e+00
3.996440410614013672e+00,7.061898708343505859e-01,5.188834762573242188e+01,9.168915748596191406e+00
4.003403663635253906e+00,7.065538763999938965e-01,5.197875595092773438e+01,9.173642158508300781e+00
4.010366916656494141e+00,7.069164514541625977e-01,5.206916427612304688e+01,9.178349494934082031e+00
4.017330169677734375e+00,7.072775959968566895e-01,5.215957260131835938e+01,9.183038711547851562e+00
4.024293422698974609e+00,7.076373100280761719e-01,5.224998092651367188e+01,9.187708854675292969e+00
4.031257152557373047e+00,7.079955935478210449e-01,5.234039688110351562e+01,9.192360877990722656e+00
4.038220405578613281e+00,7.083525061607360840e-01,5.243080520629882812e+01,9.196994781494140625e+00
4.045183658599853516e+00,7.087079882621765137e-01,5.252121353149414062e+01,9.201610565185546875e+00
4.052146911621093750e+00,7.090621590614318848e-01,5.261162185668945312e+01,9.206208229064941406e+00
4.059110164642333984e+00,7.094148397445678711e-01,5.270203018188476562e+01,9.210787773132324219e+00
4.066073894500732422e+00,7.097661495208740234e-01,5.279244613647460938e+01,9.215349197387695312e+00
4.073037147521972656e+00,7.101160883903503418e-01,5.288285446166992188e+01,9.219892501831054688e+00
4.080000400543212891e+00,7.104645967483520508e-01,5.297326278686523438e+01,9.224417686462402344e+00
4.086963653564453125e+00,7.108118534088134766e-01,5.306367111206054688e+01,9.228925704956054688e+00
4.093926906585693359e+00,7.111576199531555176e-01,5.315407943725585938e+01,9.233415603637695312e+00
4.100890159606933594e+00,7.115019559860229492e-01,5.324448776245117188e+01,9.237886428833007812e+00
4.107853889465332031e+00,7.118450999259948730e-01,5.333489990234375000e+01,9.242341041564941406e+00
4.114817142486572266e+00,7.121867537498474121e-01,5.342530822753906250e+01,9.246777534484863281e+00
4.121780395507812500e+00,7.125270366668701172e-01,5.351571655273437500e+01,9.251194953918457031e+00
4.128743648529052734e+00,7.128658890724182129e-01,5.360612487792968750e+01,9.255595207214355469e+00
4.135706901550292969e+00,7.132035493850708008e-01,5.369653320312500000e+01,9.259979248046875000e+00
4.142670154571533203e+00,7.135396599769592285e-01,5.378694152832031250e+01,9.264343261718750000e+00
4.149633884429931641e+00,7.138745784759521484e-01,5.387735748291015625e+01,9.268691062927246094e+00
4.156597137451171875e+00,7.142081260681152344e-01,5.396776580810546875e+01,9.273021697998046875e+00
4.163560390472412109e+00,7.145403027534484863e-01,5.405817413330078125e+01,9.277335166931152344e+00
4.170523643493652344e+00,7.148711681365966797e-01,5.414858245849609375e+01,9.281630516052246094e+00
4.177486896514892578e+00,7.152007222175598145e-01,5.423899078369140625e+01,9.285909652709960938e+00
4.184450626373291016e+00,7.155289649963378906e-01,5.432940673828125000e+01,9.290171623229980469e+00
4.191413879394531250e+00,7.158558368682861328e-01,5.441981506347656250e+01,9.294415473937988281e+00
4.198377132415771484e+00,7.161814570426940918e-01,5.451022338867187500e+01,9.298643112182617188e+00
4.205340385437011719e+00,7.165057063102722168e-01,5.460063171386718750e+01,9.302852630615234375e+00
4.212303638458251953e+00,7.168285846710205078e-01,5.469104003906250000e+01,9.307044982910156250e+00
4.219266891479492188e+00,7.171501517295837402e-01,5.478144836425781250e+01,9.311220169067382812e+00
4.226230621337890625e+00,7.174703478813171387e-01,5.487186050415039062e+01,9.315377235412597656e+00
4.233193874359130859e+00,7.177893519401550293e-01,5.496226882934570312e+01,9.319519042968750000e+00
4.240157127380371094e+00,7.181069850921630859e-01,5.505267715454101562e+01,9.323643684387207031e+00
4.247120380401611328e+00,7.184233665466308594e-01,5.514308547973632812e+01,9.327751159667968750e+00
4.254083633422851562e+00,7.187383770942687988e-01,5.523349380493164062e+01,9.331841468811035156e+00
4.261047363281250000e+00,7.190522551536560059e-01,5.532390975952148438e+01,9.335916519165039062e+00
4.268010616302490234e+00,7.193648219108581543e-01,5.541431808471679688e+01,9.339974403381347656e+00
4.274973869323730469e+00,7.196760773658752441e-01,5.550472640991210938e+01,9.344016075134277344e+00
4.281937122344970703e+00,7.199860811233520508e-01,5.559513473510742188e+01,9.348040580749511719e+00
4.288900375366210938e+00,7.202946543693542480e-01,5.568554306030273438e+01,9.352046966552734375e+00
4.295863628387451172e+00,7.206019759178161621e-01,5.577595138549804688e+01,9.356037139892578125e+00
4.302827358245849609e+00,7.209081053733825684e-01,5.586636734008789062e+01,9.360012054443359375e+00
4.309790611267089844e+00,7.212129235267639160e-01,5.595677566528320312e+01,9.363969802856445312e+00
4.316753864288330078e+00,7.215165495872497559e-01,5.604718399047851562e+01,9.367912292480468750e+00
4.323717117309570312e+00,7.218189239501953125e-01,5.613759231567382812e+01,9.371837615966796875e+00
4.330680370330810547e+00,7.221200466156005859e-01,5.622800064086914062e+01,9.375747680664062500e+00
4.337643623352050781e+00,7.224199175834655762e-01,5.631840896606445312e+01,9.379640579223632812e+00
4.344607353210449219e+00,7.227184772491455078e-01,5.640882110595703125e+01,9.383517265319824219e+00
4.351570606231689453e+00,7.230157852172851562e-01,5.649922943115234375e+01,9.387377738952636719e+00
4.358533859252929688e+00,7.233118414878845215e-01,5.658963775634765625e+01,9.391221046447753906e+00
4.365497112274169922e+00,7.236066460609436035e-01,5.668004608154296875e+01,9.395049095153808594e+00
4.372460365295410156e+00,7.239002585411071777e-01,5.677045440673828125e+01,9.398860931396484375e+00
4.379424095153808594e+00,7.241926789283752441e-01,5.686087036132812500e+01,9.402657508850097656e+00
4.386387348175048828e+00,7.244837284088134766e-01,5.695127868652343750e+01,9.406436920166015625e+00
4.393350601196289062e+00,7.247737050056457520e-01,5.704168701171875000e+01,9.410202026367187500e+00
4.400313854217529297e+00,7.250623703002929688e-01,5.713209533691406250e+01,9.413949966430664062e+00
4.407277107238769531e+00,7.253499627113342285e-01,5.722250366210937500e+01,9.417683601379394531e+00
4.414240360260009766e+00,7.256363034248352051e-01,5.731291198730468750e+01,9.421401023864746094e+00
4.421204090118408203e+00,7.259213328361511230e-01,5.740332794189453125e+01,9.425102233886718750e+00
4.428167343139648438e+00,7.262051701545715332e-01,5.749373626708984375e+01,9.428787231445312500e+00
4.435130596160888672e+00,7.264878153800964355e-01,5.758414459228515625e+01,9.432456970214843750e+00
4.442093849182128906e+00,7.267692089080810547e-01,5.767455291748046875e+01,9.436110496520996094e+00
4.449057102203369141e+00,7.270494699478149414e-01,5.776496124267578125e+01,9.439749717712402344e+00
4.456020832061767578e+00,7.273284792900085449e-01,5.785537719726562500e+01,9.443371772766113281e+00
4.462984085083007812e+00,7.276063561439514160e-01,5.794578552246093750e+01,9.446979522705078125e+00
4.469947338104248047e+00,7.278830409049987793e-01,5.803619384765625000e+01,9.450572013854980469e+00
4.476910591125488281e+00,7.281585335731506348e-01,5.812660217285156250e+01,9.454149246215820312e+00
4.483873844146728516e+00,7.284328341484069824e-01,5.821701049804687500e+01,9.457710266113281250e+00
4.490837097167968750e+00,7.287060022354125977e-01,5.830741882324218750e+01,9.461256980895996094e+00
4.497800827026367188e+00,7.289779782295227051e-01,5.839783096313476562e+01,9.464788436889648438e+00
4.504764080047607422e+00,7.292488217353820801e-01,5.848823928833007812e+01,9.468304634094238281e+00
4.511727333068847656e+00,7.295184135437011719e-01,5.857864761352539062e+01,9.471805572509765625e+00
4.518690586090087891e+00,7.297869324684143066e-01,5.866905593872070312e+01,9.475291252136230469e+00
4.525653839111328125e+00,7.300541996955871582e-01,5.875946426391601562e+01,9.478761672973632812e+00
4.532617092132568359e+00,7.303203344345092773e-01,5.884987258911132812e+01,9.482216835021972656e+00
4.539580821990966797e+00,7.305853366851806641e-01,5.894028854370117188e+01,9.485657691955566406e+00
4.546544075012207031e+00,7.308491468429565430e-01,5.903069686889648438e+01,9.489083290100097656e+00
4.553507328033447266e+00,7.311118245124816895e-01,5.912110519409179688e+01,9.492493629455566406e+00
4.560470581054687500e+00,7.313733100891113281e-01,5.921151351928710938e+01,9.495888710021972656e+00
4.567433834075927734e+00,7.316337227821350098e-01,5.930192184448242188e+01,9.499269485473632812e+00
4.574397563934326172e+00,7.318929433822631836e-01,5.939233779907226562e+01,9.502635002136230469e+00
4.581360816955566406e+00,7.321510910987854004e-01,5.948274612426757812e+01,9.505987167358398438e+00
4.588324069976806641e+00,7.324080467224121094e-01,5.957315444946289062e+01,9.509323120117187500e+00
4.595287322998046875e+00,7.326639294624328613e-01,5.966356277465820312e+01,9.512645721435546875e+00
4.602250576019287109e+00,7.329186797142028809e-01,5.975397109985351562e+01,9.515953063964843750e+00
4.609213829040527344e+00,7.331722974777221680e-01,5.984437942504882812e+01,9.519246101379394531e+00
4.616177558898925781e+00,7.334247827529907227e-01,5.993479156494140625e+01,9.522523880004882812e+00
4.623140811920166016e+00,7.336761951446533203e-01,6.002519989013671875e+01,9.525788307189941406e+00
4.630104064941406250e+00,7.339265346527099609e-01,6.011560821533203125e+01,9.529038429260253906e+00
4.637067317962646484e+00,7.341755628585815430e-01,6.020601654052734375e+01,9.532272338867187500e+00
4.644030570983886719e+00,7.344236969947814941e-01,6.029642486572265625e+01,9.535493850708007812e+00
4.650993824005126953e+00,7.346706390380859375e-01,6.038683319091796875e+01,9.538700103759765625e+00
4.657957553863525391e+00,7.349165081977844238e-01,6.047724914550781250e+01,9.541892051696777344e+00
4.664920806884765625e+00,7.351612448692321777e-01,6.056765747070312500e+01,9.545069694519042969e+00
4.671884059906005859e+00,7.354049682617187500e-01,6.065806579589843750e+01,9.548233985900878906e+00
4.678847312927246094e+00,7.356474995613098145e-01,6.074847412109375000e+01,9.551383018493652344e+00
4.685810565948486328e+00,7.358890175819396973e-01,6.083888244628906250e+01,9.554518699645996094e+00
4.692774295806884766e+00,7.361294627189636230e-01,6.092929840087890625e+01,9.557641029357910156e+00
4.699737548828125000e+00,7.363687753677368164e-01,6.101970672607421875e+01,9.560748100280761719e+00
4.706700801849365234e+00,7.366070151329040527e-01,6.111011505126953125e+01,9.563840866088867188e+00
4.713664054870605469e+00,7.368441820144653320e-01,6.120052337646484375e+01,9.566920280456542969e+00
4.720627307891845703e+00,7.370803356170654297e-01,6.129093170166015625e+01,9.569986343383789062e+00
4.727590560913085938e+00,7.373153567314147949e-01,6.138134002685546875e+01,9.573038101196289062e+00
4.734554290771484375e+00,7.375493049621582031e-01,6.147175216674804688e+01,9.576075553894042969e+00
4.741517543792724609e+00,7.377822399139404297e-01,6.156216049194335938e+01,9.579099655151367188e+00
4.748480796813964844e+00,7.380141019821166992e-01,6.165256881713867188e+01,9.582110404968261719e+00
4.755444049835205078e+00,7.382448911666870117e-01,6.174297714233398438e+01,9.585106849670410156e+00
4.762407302856445312e+00,7.384746074676513672e-01,6.183338546752929688e+01,9.588088989257812500e+00
4.769371032714843750e+00,7.387033104896545410e-01,6.192380142211914062e+01,9.591058731079101562e+00
4.776334285736083984e+00,7.389309406280517578e-01,6.201420974731445312e+01,9.594014167785644531e+00
4.783297538757324219e+00,7.391575574874877930e-01,6.210461807250976562e+01,9.596956253051757812e+00
4.790260791778564453e+00,7.393831014633178711e-01,6.219502639770507812e+01,9.599884986877441406e+00
4.797224044799804688e+00,7.396076321601867676e-01,6.228543472290039062e+01,9.602800369262695312e+00
4.804187297821044922e+00,7.398310899734497070e-01,6.237584304809570312e+01,9.605701446533203125e+00
4.811151027679443359e+00,7.400535345077514648e-01,6.246625900268554688e+01,9.608589172363281250e+00
4.818114280700683594e+00,7.402749657630920410e-01,6.255666732788085938e+01,9.611464500427246094e+00
4.825077533721923828e+00,7.404953837394714355e-01,6.264707565307617188e+01,9.614326477050781250e+00
4.832040786743164062e+00,7.407147884368896484e-01,6.273748397827148438e+01,9.617175102233886719e+00
4.839004039764404297e+00,7.409331202507019043e-01,6.282789230346679688e+01,9.620009422302246094e+00
4.845967292785644531e+00,7.411504387855529785e-01,6.291830062866210938e+01,9.622831344604492188e+00
4.852931022644042969e+00,7.413668036460876465e-01,6.300871658325195312e+01,9.625640869140625000e+00
4.859894275665283203e+00,7.415820956230163574e-01,6.309912490844726562e+01,9.628436088562011719e+00
4.866857528686523438e+00,7.417964339256286621e-01,6.318953323364257812e+01,9.631218910217285156e+00
4.873820781707763672e+00,7.420096993446350098e-01,6.327994155883789062e+01,9.633987426757812500e+00
4.880784034729003906e+00,7.422220110893249512e-01,6.337034988403320312e+01,9.636744499206542969e+00
4.887747764587402344e+00,7.424333095550537109e-01,6.346076202392578125e+01,9.639487266540527344e+00
4.894711017608642578e+00,7.426436543464660645e-01,6.355117034912109375e+01,9.642218589782714844e+00
4.901674270629882812e+00,7.428529858589172363e-01,6.364157867431640625e+01,9.644936561584472656e+00
4.908637523651123047e+00,7.430613040924072266e-01,6.373198699951171875e+01,9.647641181945800781e+00
4.915600776672363281e+00,7.432686686515808105e-01,6.382239532470703125e+01,9.650333404541015625e+00
4.922564029693603516e+00,7.434750199317932129e-01,6.391280364990234375e+01,9.653013229370117188e+00
4.929527759552001953e+00,7.436804175376892090e-01,6.400321960449218750e+01,9.655679702758789062e+00
4.936491012573242188e+00,7.438848614692687988e-01,6.409362792968750000e+01,9.658333778381347656e+00
4.943454265594482422e+00,7.440882921218872070e-01,6.418403625488281250e+01,9.660975456237792969e+00
4.950417518615722656e+00,7.442907094955444336e-01,6.427444458007812500e+01,9.663603782653808594e+00
4.957380771636962891e+00,7.444922924041748047e-01,6.436485290527343750e+01,9.666220664978027344e+00
4.964344024658203125e+00,7.446928024291992188e-01,6.445526123046875000e+01,9.668824195861816406e+00
4.971307754516601562e+00,7.448924779891967773e-01,6.454567718505859375e+01,9.671416282653808594e+00
4.978271007537841797e+00,7.450910806655883789e-01,6.463608551025390625e+01,9.673995018005371094e+00
4.985234260559082031e+00,7.452887296676635742e-01,6.472649383544921875e+01,9.676561355590820312e+00
4.992197513580322266e+00,7.454854846000671387e-01,6.481690216064453125e+01,9.679116249084472656e+00
4.999160766601562500e+00,7.456812262535095215e-01,6.490731048583984375e+01,9.681657791137695312e+00
5.006124496459960938e+00,7.458760738372802734e-01,6.499772644042968750e+01,9.684186935424804688e+00
5.013087749481201172e+00,7.460699677467346191e-01,6.508813476562500000e+01,9.686704635620117188e+00
5.020051002502441406e+00,7.462628483772277832e-01,6.517854309082031250e+01,9.689208984375000000e+00
5.027014255523681641e+00,7.464548349380493164e-01,6.526895141601562500e+01,9.691701889038085938e+00
5.033977508544921875e+00,7.466459274291992188e-01,6.535935974121093750e+01,9.694182395935058594e+00
5.040940761566162109e+00,7.468359470367431641e-01,6.544976806640625000e+01,9.696649551391601562e+00
5.047904968261718750e+00,7.470251321792602539e-01,6.554018402099609375e+01,9.699106216430664062e+00
5.054868221282958984e+00,7.472133636474609375e-01,6.563059234619140625e+01,9.701550483703613281e+00
5.061831474304199219e+00,7.474007010459899902e-01,6.572100067138671875e+01,9.703982353210449219e+00
5.068794727325439453e+00,7.475870847702026367e-01,6.581140899658203125e+01,9.706402778625488281e+00
5.075757980346679688e+00,7.477726340293884277e-01,6.590181732177734375e+01,9.708811759948730469e+00
5.082721233367919922e+00,7.479572892189025879e-01,6.599222564697265625e+01,9.711209297180175781e+00
5.089684486389160156e+00,7.481409907341003418e-01,6.608263397216796875e+01,9.713594436645507812e+00
5.096647739410400391e+00,7.483237385749816895e-01,6.617304229736328125e+01,9.715967178344726562e+00
5.103610992431640625e+00,7.485055327415466309e-01,6.626345062255859375e+01,9.718327522277832031e+00
5.110574245452880859e+00,7.486865520477294922e-01,6.635385894775390625e+01,9.720677375793457031e+00
5.117537498474121094e+00,7.488665580749511719e-01,6.644426727294921875e+01,9.723014831542968750e+00
5.124501228332519531e+00,7.490456700325012207e-01,6.653468322753906250e+01,9.725339889526367188e+00
5.131464481353759766e+00,7.492238879203796387e-01,6.662509155273437500e+01,9.727654457092285156e+00
5.138427734375000000e+00,7.494012117385864258e-01,6.671549987792968750e+01,9.729956626892089844e+00
5.145390987396240234e+00,7.495776414871215820e-01,6.680590820312500000e+01,9.732247352600097656e+00
5.152354240417480469e+00,7.497532367706298828e-01,6.689631652832031250e+01,9.734526634216308594e+00
5.159317493438720703e+00,7.499279975891113281e-01,6.698672485351562500e+01,9.736796379089355469e+00
5.166281223297119141e+00,7.501018047332763672e-01,6.707714080810546875e+01,9.739052772521972656e+00
5.173244476318359375e+00,7.502747774124145508e-01,6.716754913330078125e+01,9.741298675537109375e+00
5.180207729339599609e+00,7.504467964172363281e-01,6.725795745849609375e+01,9.743532180786132812e+00
5.187170982360839844e+00,7.506179809570312500e-01,6.734836578369140625e+01,9.745754241943359375e+00
5.194134235382080078e+00,7.507882118225097656e-01,6.743877410888671875e+01,9.747964859008789062e+00
5.201097965240478516e+00,7.509576082229614258e-01,6.752919006347656250e+01,9.750164031982421875e+00
5.208061218261718750e+00,7.511261701583862305e-01,6.761959838867187500e+01,9.752352714538574219e+00
5.215024471282958984e+00,7.512938380241394043e-01,6.771000671386718750e+01,9.754529953002929688e+00
5.221987724304199219e+00,7.514608502388000488e-01,6.780041503906250000e+01,9.756697654724121094e+00
5.228950977325439453e+00,7.516268491744995117e-01,6.789082336425781250e+01,9.758852958679199219e+00
5.235914230346679688e+00,7.517919540405273438e-01,6.798123168945312500e+01,9.760996818542480469e+00
5.242877960205078125e+00,7.519561648368835449e-01,6.807164764404296875e+01,9.763129234313964844e+00
5.249841213226318359e+00,7.521195411682128906e-01,6.816205596923828125e+01,9.765250205993652344e+00
5.256804466247558594e+00,7.522820830345153809e-01,6.825246429443359375e+01,9.767360687255859375e+00
5.263767719268798828e+00,7.524437308311462402e-01,6.834287261962890625e+01,9.769459724426269531e+00
5.270730972290039062e+00,7.526046633720397949e-01,6.843328094482421875e+01,9.771549224853515625e+00
5.277694225311279297e+00,7.527648210525512695e-01,6.852368927001953125e+01,9.773628234863281250e+00
5.284657955169677734e+00,7.529240846633911133e-01,6.861410522460937500e+01,9.775695800781250000e+00
5.291621208190917969e+00,7.530823945999145508e-01,6.870451354980468750e+01,9.777751922607421875e+00
5.298584461212158203e+00,7.532399296760559082e-01,6.879492187500000000e+01,9.779796600341796875e+00
5.305547714233398438e+00,7.533965706825256348e-01,6.888533020019531250e+01,9.781830787658691406e+00
5.312510967254638672e+00,7.535524368286132812e-01,6.897573852539062500e+01,9.783854484558105469e+00
5.319474220275878906e+00,7.537075281143188477e-01,6.906614685058593750e+01,9.785867691040039062e+00
5.326437473297119141e+00,7.538617253303527832e-01,6.915655517578125000e+01,9.787870407104492188e+00
5.333400726318359375e+00,7.540152072906494141e-01,6.924696350097656250e+01,9.789862632751464844e+00
5.340363979339599609e+00,7.541677951812744141e-01,6.933737182617187500e+01,9.791844367980957031e+00
5.347328186035156250e+00,7.543195486068725586e-01,6.942778778076171875e+01,9.793814659118652344e+00
5.354291439056396484e+00,7.544705271720886230e-01,6.951819610595703125e+01,9.795774459838867188e+00
5.361254692077636719e+00,7.546205520629882812e-01,6.960860443115234375e+01,9.797722816467285156e+00
5.368217945098876953e+00,7.547699213027954102e-01,6.969901275634765625e+01,9.799661636352539062e+00
5.375181198120117188e+00,7.549184560775756836e-01,6.978942108154296875e+01,9.801589965820312500e+00
5.382144451141357422e+00,7.550662159919738770e-01,6.987982940673828125e+01,9.803508758544921875e+00
5.389107704162597656e+00,7.552132010459899902e-01,6.997023773193359375e+01,9.805417060852050781e+00
5.396071434020996094e+00,7.553593516349792480e-01,7.006065368652343750e+01,9.807314872741699219e+00
5.403034687042236328e+00,7.555047273635864258e-01,7.015106201171875000e+01,9.809202194213867188e+00
5.409997940063476562e+00,7.556493282318115234e-01,7.024147033691406250e+01,9.811079978942871094e+00
5.416961193084716797e+00,7.557930350303649902e-01,7.033187866210937500e+01,9.812945365905761719e+00
5.423924446105957031e+00,7.559359669685363770e-01,7.042228698730468750e+01,9.814801216125488281e+00
5.430887699127197266e+00,7.560780644416809082e-01,7.051269531250000000e+01,9.816646575927734375e+00
5.437851428985595703e+00,7.562195062637329102e-01,7.060311126708984375e+01,9.818482398986816406e+00
5.444814682006835938e+00,7.563601732254028320e-01,7.069351959228515625e+01,9.820308685302734375e+00
5.451777935028076172e+00,7.564999461174011230e-01,7.078392791748046875e+01,9.822123527526855469e+00
5.458741188049316406e+00,7.566390633583068848e-01,7.087433624267578125e+01,9.823929786682128906e+00
5.465704441070556641e+00,7.567773461341857910e-01,7.096474456787109375e+01,9.825725555419921875e+00
5.472667694091796875e+00,7.569149136543273926e-01,7.105515289306640625e+01,9.827511787414550781e+00
5.479631423950195312e+00,7.570517063140869141e-01,7.114556884765625000e+01,9.829287528991699219e+00
5.486594676971435547e+00,7.571876645088195801e-01,7.123597717285156250e+01,9.831052780151367188e+00
5.493557929992675781e+00,7.573229074478149414e-01,7.132638549804687500e+01,9.832808494567871094e+00
5.500521183013916016e+00,7.574571967124938965e-01,7.141679382324218750e+01,9.834552764892578125e+00
5.507484436035156250e+00,7.575910091400146484e-01,7.150720214843750000e+01,9.836289405822753906e+00
5.514448165893554688e+00,7.577238678932189941e-01,7.159761810302734375e+01,9.838014602661132812e+00
5.521411418914794922e+00,7.578560113906860352e-01,7.168802642822265625e+01,9.839730262756347656e+00
5.528374671936035156e+00,7.579874992370605469e-01,7.177843475341796875e+01,9.841437339782714844e+00
5.535337924957275391e+00,7.581180930137634277e-01,7.186884307861328125e+01,9.843132972717285156e+00
5.542301177978515625e+00,7.582480311393737793e-01,7.195925140380859375e+01,9.844820022583007812e+00
5.549264430999755859e+00,7.583771944046020508e-01,7.204965972900390625e+01,9.846497535705566406e+00
5.556228637695312500e+00,7.585057020187377930e-01,7.214007568359375000e+01,9.848165512084960938e+00
5.563191890716552734e+00,7.586333155632019043e-01,7.223048400878906250e+01,9.849822998046875000e+00
5.570155143737792969e+00,7.587602734565734863e-01,7.232089233398437500e+01,9.851470947265625000e+00
5.577117919921875000e+00,7.588865160942077637e-01,7.241130065917968750e+01,9.853110313415527344e+00
5.584081172943115234e+00,7.590120434761047363e-01,7.250170898437500000e+01,9.854740142822265625e+00
5.591044425964355469e+00,7.591367959976196289e-01,7.259211730957031250e+01,9.856359481811523438e+00
5.598007678985595703e+00,7.592607736587524414e-01,7.268252563476562500e+01,9.857969284057617188e+00
5.604970932006835938e+00,7.593840360641479492e-01,7.277293395996093750e+01,9.859569549560546875e+00
5.611934185028076172e+00,7.595065832138061523e-01,7.286334228515625000e+01,9.861161231994628906e+00
5.618897438049316406e+00,7.596284151077270508e-01,7.295375061035156250e+01,9.862742424011230469e+00
5.625860691070556641e+00,7.597494125366210938e-01,7.304415893554687500e+01,9.864314079284667969e+00
5.632824897766113281e+00,7.598698139190673828e-01,7.313457489013671875e+01,9.865877151489257812e+00
5.639788150787353516e+00,7.599895000457763672e-01,7.322498321533203125e+01,9.867430686950683594e+00
5.646751403808593750e+00,7.601084113121032715e-01,7.331539154052734375e+01,9.868974685668945312e+00
5.653714656829833984e+00,7.602266669273376465e-01,7.340579986572265625e+01,9.870510101318359375e+00
5.660677909851074219e+00,7.603442072868347168e-01,7.349620819091796875e+01,9.872035980224609375e+00
5.667641162872314453e+00,7.604609727859497070e-01,7.358661651611328125e+01,9.873552322387695312e+00
5.674604892730712891e+00,7.605770826339721680e-01,7.367703247070312500e+01,9.875060081481933594e+00
5.681568145751953125e+00,7.606924772262573242e-01,7.376744079589843750e+01,9.876558303833007812e+00
5.688531398773193359e+00,7.608071565628051758e-01,7.385784912109375000e+01,9.878046989440917969e+00
5.695494651794433594e+00,7.609211206436157227e-01,7.394825744628906250e+01,9.879527091979980469e+00
5.702457904815673828e+00,7.610344290733337402e-01,7.403866577148437500e+01,9.880997657775878906e+00
5.709421634674072266e+00,7.611470818519592285e-01,7.412908172607421875e+01,9.882460594177246094e+00
5.716384887695312500e+00,7.612589597702026367e-01,7.421949005126953125e+01,9.883913040161132812e+00
5.723348140716552734e+00,7.613701820373535156e-01,7.430989837646484375e+01,9.885356903076171875e+00
5.730311393737792969e+00,7.614807486534118652e-01,7.440030670166015625e+01,9.886793136596679688e+00
5.737274646759033203e+00,7.615906000137329102e-01,7.449071502685546875e+01,9.888218879699707031e+00
5.744237899780273438e+00,7.616997361183166504e-01,7.458112335205078125e+01,9.889636039733886719e+00
5.751201629638671875e+00,7.618082165718078613e-01,7.467153930664062500e+01,9.891044616699218750e+00
5.758164882659912109e+00,7.619160413742065430e-01,7.476194763183593750e+01,9.892444610595703125e+00
5.765128135681152344e+00,7.620231509208679199e-01,7.485235595703125000e+01,9.893835067749023438e+00
5.772091388702392578e+00,7.621296048164367676e-01,7.494276428222656250e+01,9.895216941833496094e+00
5.779054641723632812e+00,7.622354030609130859e-01,7.503317260742187500e+01,9.896591186523437500e+00
5.786017894744873047e+00,7.623404860496520996e-01,7.512358093261718750e+01,9.897954940795898438e+00
5.792981624603271484e+00,7.624449133872985840e-01,7.521399688720703125e+01,9.899311065673828125e+00
5.799944877624511719e+00,7.625486850738525391e-01,7.530440521240234375e+01,9.900658607482910156e+00
5.806908130645751953e+00,7.626518011093139648e-01,7.539481353759765625e+01,9.901997566223144531e+00
5.813871383666992188e+00,7.627542614936828613e-01,7.548522186279296875e+01,9.903327941894531250e+00
5.820834636688232422e+00,7.628560662269592285e-01,7.557563018798828125e+01,9.904649734497070312e+00
5.827798843383789062e+00,7.629572153091430664e-01,7.566604614257812500e+01,9.905962944030761719e+00
5.834762096405029297e+00,7.630577087402343750e-01,7.575645446777343750e+01,9.907267570495605469e+00
5.841725349426269531e+00,7.631576061248779297e-01,7.584686279296875000e+01,9.908564567565917969e+00
5.848688602447509766e+00,7.632567882537841797e-01,7.593727111816406250e+01,9.909852027893066406e+00
5.855651855468750000e+00,7.633553743362426758e-01,7.602767944335937500e+01,9.911131858825683594e+00
5.862615108489990234e+00,7.634533047676086426e-01,7.611808776855468750e+01,9.912404060363769531e+00
5.869578361511230469e+00,7.635505795478820801e-01,7.620849609375000000e+01,9.913666725158691406e+00
5.876541614532470703e+00,7.636471986770629883e-01,7.629890441894531250e+01,9.914920806884765625e+00
5.883504867553710938e+00,7.637432217597961426e-01,7.638931274414062500e+01,9.916168212890625000e+00
5.890468120574951172e+00,7.638386487960815430e-01,7.647972106933593750e+01,9.917407035827636719e+00
5.897430896759033203e+00,7.639334201812744141e-01,7.657012939453125000e+01,9.918637275695800781e+00
5.904395103454589844e+00,7.640274763107299805e-01,7.666054534912109375e+01,9.919858932495117188e+00
5.911358356475830078e+00,7.641209959983825684e-01,7.675095367431640625e+01,9.921072959899902344e+00
5.918321609497070312e+00,7.642138600349426270e-01,7.684136199951171875e+01,9.922278404235839844e+00
5.925284862518310547e+00,7.643060088157653809e-01,7.693177032470703125e+01,9.923475265502929688e+00
5.932248115539550781e+00,7.643977999687194824e-01,7.702217864990234375e+01,9.924666404724121094e+00
5.939211368560791016e+00,7.644887566566467285e-01,7.711258697509765625e+01,9.925848007202148438e+00
5.946175098419189453e+00,7.645791769027709961e-01,7.720300292968750000e+01,9.927021980285644531e+00
5.953138351440429688e+00,7.646690607070922852e-01,7.729341125488281250e+01,9.928188323974609375e+00
5.960101604461669922e+00,7.647582292556762695e-01,7.738381958007812500e+01,9.929346084594726562e+00
5.967064857482910156e+00,7.648468613624572754e-01,7.747422790527343750e+01,9.930497169494628906e+00
5.974028110504150391e+00,7.649349570274353027e-01,7.756463623046875000e+01,9.931640625000000000e+00
5.980991363525390625e+00,7.650223970413208008e-01,7.765504455566406250e+01,9.932776451110839844e+00
5.987955093383789062e+00,7.651093006134033203e-01,7.774546051025390625e+01,9.933904647827148438e+00
5.994918346405029297e+00,7.651956081390380859e-01,7.783586883544921875e+01,9.935025215148925781e+00
6.001881599426269531e+00,7.652812600135803223e-01,7.792627716064453125e+01,9.936137199401855469e+00
6.008844852447509766e+00,7.653663754463195801e-01,7.801668548583984375e+01,9.937242507934570312e+00
6.015808105468750000e+00,7.654508352279663086e-01,7.810709381103515625e+01,9.938339233398437500e+00
6.022771835327148438e+00,7.655348181724548340e-01,7.819750976562500000e+01,9.939429283142089844e+00
6.029735088348388672e+00,7.656182050704956055e-01,7.828791809082031250e+01,9.940511703491210938e+00
6.036698341369628906e+00,7.657009363174438477e-01,7.837832641601562500e+01,9.941586494445800781e+00
6.043661594390869141e+00,7.657832503318786621e-01,7.846873474121093750e+01,9.942654609680175781e+00
6.050624847412109375e+00,7.658650279045104980e-01,7.855914306640625000e+01,9.943717002868652344e+00
6.057588100433349609e+00,7.659462094306945801e-01,7.864955139160156250e+01,9.944770812988281250e+00
6.064551830291748047e+00,7.660267949104309082e-01,7.873996734619140625e+01,9.945816993713378906e+00
6.071515083312988281e+00,7.661068439483642578e-01,7.883037567138671875e+01,9.946856498718261719e+00
6.078478336334228516e+00,7.661863565444946289e-01,7.892078399658203125e+01,9.947888374328613281e+00
6.085441589355468750e+00,7.662651538848876953e-01,7.901119232177734375e+01,9.948911666870117188e+00
6.092404842376708984e+00,7.663435935974121094e-01,7.910160064697265625e+01,9.949930191040039062e+00
6.099368095397949219e+00,7.664214372634887695e-01,7.919200897216796875e+01,9.950941085815429688e+00
6.106331348419189453e+00,7.664988636970520020e-01,7.928241729736328125e+01,9.951946258544921875e+00
6.113294601440429688e+00,7.665757536888122559e-01,7.937282562255859375e+01,9.952944755554199219e+00
6.120258808135986328e+00,7.666519880294799805e-01,7.946324157714843750e+01,9.953934669494628906e+00
6.127222061157226562e+00,7.667277455329895020e-01,7.955364990234375000e+01,9.954917907714843750e+00
6.134185314178466797e+00,7.668029665946960449e-01,7.964405822753906250e+01,9.955894470214843750e+00
6.141148567199707031e+00,7.668776512145996094e-01,7.973446655273437500e+01,9.956864356994628906e+00
6.148111820220947266e+00,7.669519186019897461e-01,7.982487487792968750e+01,9.957828521728515625e+00
6.155075073242187500e+00,7.670256495475769043e-01,7.991528320312500000e+01,9.958786010742187500e+00
6.162038326263427734e+00,7.670989036560058594e-01,8.000569152832031250e+01,9.959736824035644531e+00
6.169001579284667969e+00,7.671716809272766113e-01,8.009609985351562500e+01,9.960681915283203125e+00
6.175964832305908203e+00,7.672439217567443848e-01,8.018650817871093750e+01,9.961619377136230469e+00
6.182928562164306641e+00,7.673155069351196289e-01,8.027692413330078125e+01,9.962549209594726562e+00
6.189891815185546875e+00,7.673867344856262207e-01,8.036733245849609375e+01,9.963474273681640625e+00
6.196855068206787109e+00,7.674575448036193848e-01,8.045774078369140625e+01,9.964393615722656250e+00
6.203818321228027344e+00,7.675278782844543457e-01,8.054814910888671875e+01,9.965306282043457031e+00
6.210781574249267578e+00,7.675976157188415527e-01,8.063855743408203125e+01,9.966212272644042969e+00
6.217745304107666016e+00,7.676668763160705566e-01,8.072897338867187500e+01,9.967111587524414062e+00
6.224708557128906250e+00,7.677357196807861328e-01,8.081938171386718750e+01,9.968005180358886719e+00
6.231671810150146484e+00,7.678040862083435059e-01,8.090979003906250000e+01,9.968893051147460938e+00
6.238635063171386719e+00,7.678721547126770020e-01,8.100019836425781250e+01,9.969776153564453125e+00
6.245598316192626953e+00,7.679395675659179688e-01,8.109060668945312500e+01,9.970651626586914062e+00
6.252561569213867188e+00,7.680065631866455078e-01,8.118101501464843750e+01,9.971521377563476562e+00
6.259525299072265625e+00,7.680730819702148438e-01,8.127143096923828125e+01,9.972385406494140625e+00
6.266488552093505859e+00,7.681391835212707520e-01,8.136183929443359375e+01,9.973243713378906250e+00
6.273451805114746094e+00,7.682048678398132324e-01,8.145224761962890625e+01,9.974096298217773438e+00
6.280415058135986328e+00,7.682700753211975098e-01,8.154265594482421875e+01,9.974943161010742188e+00
6.287378311157226562e+00,7.683348059654235840e-01,8.163306427001953125e+01,9.975783348083496094e+00
6.294341564178466797e+00,7.683991193771362305e-01,8.172347259521484375e+01,9.976618766784667969e+00
6.301305294036865234e+00,7.684630751609802246e-01,8.181388854980468750e+01,9.977448463439941406e+00
6.308268547058105469e+00,7.685266137123107910e-01,8.190429687500000000e+01,9.978273391723632812e+00
6.315231800079345703e+00,7.685896158218383789e-01,8.199470520019531250e+01,9.979091644287109375e+00
6.322195053100585938e+00,7.686522603034973145e-01,8.208511352539062500e+01,9.979905128479003906e+00
6.329158306121826172e+00,7.687145471572875977e-01,8.217552185058593750e+01,9.980713844299316406e+00
6.336122512817382812e+00,7.687762975692749023e-01,8.226593780517578125e+01,9.981515884399414062e+00
6.343085289001464844e+00,7.688376307487487793e-01,8.235634613037109375e+01,9.982312202453613281e+00
6.350048542022705078e+00,7.688986659049987793e-01,8.244675445556640625e+01,9.983104705810546875e+00
6.357011795043945312e+00,7.689592838287353516e-01,8.253716278076171875e+01,9.983891487121582031e+00
6.363975048065185547e+00,7.690195441246032715e-01,8.262757110595703125e+01,9.984673500061035156e+00
6.370938301086425781e+00,7.690793275833129883e-01,8.271797943115234375e+01,9.985449790954589844e+00
6.377901554107666016e+00,7.691386342048645020e-01,8.280838775634765625e+01,9.986220359802246094e+00
6.384864807128906250e+00,7.691976428031921387e-01,8.289879608154296875e+01,9.986986160278320312e+00
6.391828060150146484e+00,7.692562341690063477e-01,8.298920440673828125e+01,9.987747192382812500e+00
6.398791313171386719e+00,7.693145871162414551e-01,8.307961273193359375e+01,9.988504409790039062e+00
6.405754566192626953e+00,7.693724036216735840e-01,8.317002105712890625e+01,9.989254951477050781e+00
6.412717819213867188e+00,7.694298028945922852e-01,8.326042938232421875e+01,9.990000724792480469e+00
6.419682025909423828e+00,7.694869041442871094e-01,8.335084533691406250e+01,9.990741729736328125e+00
6.426645278930664062e+00,7.695436477661132812e-01,8.344125366210937500e+01,9.991478919982910156e+00
6.433608531951904297e+00,7.696000337600708008e-01,8.353166198730468750e+01,9.992210388183593750e+00
6.440571784973144531e+00,7.696560621261596680e-01,8.362207031250000000e+01,9.992938041687011719e+00
6.447535037994384766e+00,7.697116732597351074e-01,8.371247863769531250e+01,9.993659973144531250e+00
6.454498767852783203e+00,7.697668671607971191e-01,8.380289459228515625e+01,9.994377136230468750e+00
6.461462020874023438e+00,7.698217630386352539e-01,8.389330291748046875e+01,9.995089530944824219e+00
6.468425273895263672e+00,7.698763608932495117e-01,8.398371124267578125e+01,9.995798110961914062e+00
6.475388526916503906e+00,7.699306011199951172e-01,8.407411956787109375e+01,9.996502876281738281e+00
6.482351779937744141e+00,7.699844837188720703e-01,8.416452789306640625e+01,9.997201919555664062e+00
6.489315032958984375e+00,7.700379490852355957e-01,8.425493621826171875e+01,9.997896194458007812e+00
6.496278762817382812e+00,7.700910568237304688e-01,8.434535217285156250e+01,9.998585700988769531e+00
6.503242015838623047e+00,7.701438665390014648e-01,8.443576049804687500e+01,9.999271392822265625e+00
6.510205268859863281e+00,7.701963186264038086e-01,8.452616882324218750e+01,9.999952316284179688e+00
6.517168521881103516e+00,7.702485322952270508e-01,8.461657714843750000e+01,1.000063037872314453e+01
6.524131774902343750e+00,7.703003883361816406e-01,8.470698547363281250e+01,1.000130367279052734e+01
6.531095504760742188e+00,7.703518867492675781e-01,8.479740142822265625e+01,1.000197219848632812e+01
6.538058757781982422e+00,7.704029679298400879e-01,8.488780975341796875e+01,1.000263595581054688e+01
6.545022010803222656e+00,7.704537510871887207e-01,8.497821807861328125e+01,1.000329494476318359e+01
6.551985263824462891e+00,7.705042362213134766e-01,8.506862640380859375e+01,1.000395011901855469e+01
6.558948516845703125e+00,7.705544233322143555e-01,8.515903472900390625e+01,1.000460243225097656e+01
6.565911769866943359e+00,7.706043720245361328e-01,8.524944305419921875e+01,1.000525093078613281e+01
6.572875499725341797e+00,7.706539034843444824e-01,8.533985900878906250e+01,1.000589370727539062e+01
6.579838752746582031e+00,7.707031369209289551e-01,8.543026733398437500e+01,1.000653266906738281e+01
6.586802005767822266e+00,7.707519531250000000e-01,8.552067565917968750e+01,1.000716686248779297e+01
6.593765258789062500e+00,7.708005309104919434e-01,8.561108398437500000e+01,1.000779724121093750e+01
6.600728511810302734e+00,7.708488702774047852e-01,8.570149230957031250e+01,1.000842475891113281e+01
6.607691764831542969e+00,7.708967924118041992e-01,8.579190063476562500e+01,1.000904750823974609e+01
6.614655971527099609e+00,7.709445357322692871e-01,8.588231658935546875e+01,1.000966739654541016e+01
6.621619224548339844e+00,7.709921002388000488e-01,8.597272491455078125e+01,1.001028442382812500e+01
6.628582477569580078e+00,7.710391879081726074e-01,8.606313323974609375e+01,1.001089572906494141e+01
6.635545730590820312e+00,7.710859179496765137e-01,8.615354156494140625e+01,1.001150321960449219e+01
6.642508983612060547e+00,7.711324691772460938e-01,8.624394989013671875e+01,1.001210689544677734e+01
6.649472236633300781e+00,7.711787223815917969e-01,8.633435821533203125e+01,1.001270771026611328e+01
6.656435489654541016e+00,7.712247967720031738e-01,8.642476654052734375e+01,1.001330566406250000e+01
6.663398265838623047e+00,7.712704539299011230e-01,8.651517486572265625e+01,1.001389884948730469e+01
6.670361518859863281e+00,7.713159322738647461e-01,8.660558319091796875e+01,1.001448917388916016e+01
6.677324771881103516e+00,7.713611721992492676e-01,8.669599151611328125e+01,1.001507663726806641e+01
6.684288024902343750e+00,7.714061737060546875e-01,8.678639984130859375e+01,1.001566123962402344e+01
6.691252231597900391e+00,7.714509367942810059e-01,8.687681579589843750e+01,1.001624202728271484e+01
6.698215484619140625e+00,7.714953422546386719e-01,8.696722412109375000e+01,1.001681900024414062e+01
6.705178737640380859e+00,7.715394496917724609e-01,8.705763244628906250e+01,1.001739120483398438e+01
6.712141990661621094e+00,7.715834379196166992e-01,8.714804077148437500e+01,1.001796245574951172e+01
6.719105243682861328e+00,7.716271877288818359e-01,8.723844909667968750e+01,1.001853084564208984e+01
6.726068496704101562e+00,7.716706991195678711e-01,8.732885742187500000e+01,1.001909542083740234e+01
6.733032226562500000e+00,7.717140316963195801e-01,8.741927337646484375e+01,1.001965808868408203e+01
6.739995479583740234e+00,7.717571258544921875e-01,8.750968170166015625e+01,1.002021789550781250e+01
6.746958732604980469e+00,7.718001008033752441e-01,8.760009002685546875e+01,1.002077579498291016e+01
6.753921985626220703e+00,7.718428969383239746e-01,8.769049835205078125e+01,1.002133083343505859e+01
6.760885238647460938e+00,7.718854546546936035e-01,8.778090667724609375e+01,1.002188396453857422e+01
6.767848968505859375e+00,7.719278335571289062e-01,8.787132263183593750e+01,1.002243423461914062e+01
6.774812221527099609e+00,7.719699144363403320e-01,8.796173095703125000e+01,1.002298069000244141e+01
6.781775474548339844e+00,7.720120549201965332e-01,8.805213928222656250e+01,1.002352714538574219e+01
6.788738727569580078e+00,7.720538377761840820e-01,8.814254760742187500e+01,1.002406978607177734e+01
6.795701980590820312e+00,7.720955610275268555e-01,8.823295593261718750e+01,1.002461147308349609e+01
6.802665233612060547e+00,7.721371650695800781e-01,8.832336425781250000e+01,1.002515220642089844e+01
6.809628963470458984e+00,7.721785902976989746e-01,8.841378021240234375e+01,1.002569007873535156e+01
6.816592216491699219e+00,7.722200751304626465e-01,8.850418853759765625e+01,1.002622795104980469e+01
6.823555469512939453e+00,7.722612023353576660e-01,8.859459686279296875e+01,1.002676200866699219e+01
6.830518722534179688e+00,7.723023295402526855e-01,8.868500518798828125e+01,1.002729606628417969e+01
6.837481975555419922e+00,7.723433971405029297e-01,8.877541351318359375e+01,1.002782917022705078e+01
6.844445705413818359e+00,7.723842263221740723e-01,8.886582946777343750e+01,1.002835941314697266e+01
6.851408958435058594e+00,7.724250555038452148e-01,8.895623779296875000e+01,1.002888965606689453e+01
6.858372211456298828e+00,7.724657654762268066e-01,8.904664611816406250e+01,1.002941799163818359e+01
6.865335464477539062e+00,7.725063562393188477e-01,8.913705444335937500e+01,1.002994537353515625e+01
6.872298717498779297e+00,7.725468277931213379e-01,8.922746276855468750e+01,1.003047084808349609e+01
6.879261970520019531e+00,7.725872397422790527e-01,8.931787109375000000e+01,1.003099536895751953e+01
6.886225223541259766e+00,7.726275324821472168e-01,8.940827941894531250e+01,1.003151893615722656e+01
6.893189430236816406e+00,7.726678252220153809e-01,8.949869537353515625e+01,1.003204154968261719e+01
6.900152683258056641e+00,7.727080583572387695e-01,8.958910369873046875e+01,1.003256416320800781e+01
6.907115936279296875e+00,7.727482318878173828e-01,8.967951202392578125e+01,1.003308582305908203e+01
6.914079189300537109e+00,7.727883458137512207e-01,8.976992034912109375e+01,1.003360652923583984e+01
6.921042442321777344e+00,7.728284001350402832e-01,8.986032867431640625e+01,1.003412628173828125e+01
6.928005695343017578e+00,7.728683948516845703e-01,8.995073699951171875e+01,1.003464603424072266e+01
6.934968948364257812e+00,7.729083895683288574e-01,9.004114532470703125e+01,1.003516483306884766e+01
6.941932201385498047e+00,7.729483246803283691e-01,9.013155364990234375e+01,1.003568363189697266e+01
6.948895454406738281e+00,7.729882597923278809e-01,9.022196197509765625e+01,1.003620243072509766e+01
6.955858707427978516e+00,7.730281352996826172e-01,9.031237030029296875e+01,1.003672027587890625e+01
6.962822437286376953e+00,7.730679512023925781e-01,9.040278625488281250e+01,1.003723716735839844e+01
6.969785690307617188e+00,7.731077671051025391e-01,9.049319458007812500e+01,1.003775405883789062e+01
6.976748943328857422e+00,7.731475234031677246e-01,9.058360290527343750e+01,1.003826999664306641e+01
6.983712196350097656e+00,7.731872797012329102e-01,9.067401123046875000e+01,1.003878593444824219e+01
6.990675449371337891e+00,7.732269763946533203e-01,9.076441955566406250e+01,1.003930187225341797e+01
6.997638702392578125e+00,7.732666730880737305e-01,9.085482788085937500e+01,1.003981685638427734e+01
7.004602432250976562e+00,7.733063101768493652e-01,9.094524383544921875e+01,1.004033184051513672e+01
7.011565685272216797e+00,7.733459472656250000e-01,9.103565216064453125e+01,1.004084587097167969e+01
7.018528938293457031e+00,7.733855247497558594e-01,9.112606048583984375e+01,1.004135990142822266e+01
7.025492191314697266e+00,7.734250426292419434e-01,9.121646881103515625e+01,1.004187297821044922e+01
7.032455444335937500e+00,7.734645605087280273e-01,9.130687713623046875e+01,1.004238605499267578e+01
7.039419174194335938e+00,7.735040783882141113e-01,9.139729309082031250e+01,1.004289913177490234e+01
7.046382427215576172e+00,7.735434770584106445e-01,9.148770141601562500e+01,1.004341125488281250e+01
7.053345680236816406e+00,7.735828757286071777e-01,9.157810974121093750e+01,1.004392242431640625e+01
7.060308933258056641e+00,7.736222743988037109e-01,9.166851806640625000e+01,1.004443359375000000e+01
7.067272186279296875e+00,7.736614942550659180e-01,9.175892639160156250e+01,1.004494285583496094e+01
7.074235439300537109e+00,7.737007141113281250e-01,9.184933471679687500e+01,1.004545211791992188e+01
7.081199169158935547e+00,7.737398147583007812e-01,9.193975067138671875e+01,1.004596042633056641e+01
7.088162422180175781e+00,7.737790942192077637e-01,9.203015899658203125e+01,1.004646968841552734e+01
7.095125675201416016e+00,7.738180756568908691e-01,9.212056732177734375e+01,1.004697608947753906e+01
7.102088928222656250e+00,7.738571166992187500e-01,9.221097564697265625e+01,1.004748344421386719e+01
7.109052181243896484e+00,7.738960981369018555e-01,9.230138397216796875e+01,1.004798889160156250e+01
7.116015434265136719e+00,7.739349007606506348e-01,9.239179229736328125e+01,1.004849338531494141e+01
7.122979164123535156e+00,7.739736437797546387e-01,9.248220825195312500e+01,1.004899597167968750e+01
7.129942417144775391e+00,7.740123271942138672e-01,9.257261657714843750e+01,1.004949855804443359e+01
7.136905670166015625e+00,7.740510106086730957e-01,9.266302490234375000e+01,1.005000019073486328e+01
7.143868923187255859e+00,7.740894556045532227e-01,9.275343322753906250e+01,1.005049991607666016e+01
7.150832176208496094e+00,7.741278409957885742e-01,9.284384155273437500e+01,1.005099773406982422e+01
7.157795429229736328e+00,7.741661071777343750e-01,9.293424987792968750e+01,1.005149459838867188e+01
7.164758682250976562e+00,7.742042541503906250e-01,9.302465820312500000e+01,1.005199050903320312e+01
7.171721935272216797e+00,7.742422819137573242e-01,9.311506652832031250e+01,1.005248355865478516e+01
7.178685188293457031e+00,7.742801308631896973e-01,9.320547485351562500e+01,1.005297565460205078e+01
7.185648441314697266e+00,7.743178606033325195e-01,9.329588317871093750e+01,1.005346488952636719e+01
7.192611694335937500e+00,7.743552923202514648e-01,9.338629150390625000e+01,1.005395126342773438e+01
7.199575901031494141e+00,7.743925452232360840e-01,9.347670745849609375e+01,1.005443477630615234e+01
7.206539154052734375e+00,7.744295597076416016e-01,9.356711578369140625e+01,1.005491542816162109e+01
7.213502407073974609e+00,7.744663357734680176e-01,9.365752410888671875e+01,1.005539321899414062e+01
7.220465660095214844e+00,7.745028138160705566e-01,9.374793243408203125e+01,1.005586624145507812e+01
7.227428913116455078e+00,7.745387554168701172e-01,9.383834075927734375e+01,1.005633354187011719e+01
7.234392166137695312e+00,7.745745778083801270e-01,9.392874908447265625e+01,1.005679798126220703e+01
7.241355895996093750e+00,7.746098637580871582e-01,9.401916503906250000e+01,1.005725669860839844e+01
7.248319149017333984e+00,7.746446728706359863e-01,9.410957336425781250e+01,1.005770874023437500e+01
7.255282402038574219e+00,7.746789455413818359e-01,9.419998168945312500e+01,1.005815315246582031e+01
7.262245655059814453e+00,7.747127413749694824e-01,9.429039001464843750e+01,1.005859184265136719e+01
7.269208908081054688e+00,7.747457623481750488e-01,9.438079833984375000e+01,1.005902099609375000e+01
7.276172637939453125e+00,7.747780680656433105e-01,9.447121429443359375e+01,1.005944061279296875e+01
7.283135890960693359e+00,7.748096585273742676e-01,9.456162261962890625e+01,1.005985069274902344e+01
7.290099143981933594e+00,7.748403549194335938e-01,9.465203094482421875e+01,1.006024932861328125e+01
7.297062397003173828e+00,7.748702168464660645e-01,9.474243927001953125e+01,1.006063652038574219e+01
7.304025650024414062e+00,7.748988866806030273e-01,9.483284759521484375e+01,1.006100940704345703e+01
7.310988903045654297e+00,7.749266028404235840e-01,9.492325592041015625e+01,1.006136894226074219e+01
7.317952632904052734e+00,7.749529480934143066e-01,9.501367187500000000e+01,1.006171131134033203e+01
7.324915885925292969e+00,7.749781012535095215e-01,9.510408020019531250e+01,1.006203746795654297e+01
