"Time_Iter","Outer_Iter","Inner_Iter",    "bgs[P][0]"   ,    "bgs[U][0]"   ,    "bgs[V][0]"   ,    "bgs[h][0]"   ,      "HF[0]"     ,    "maxHF[0]"    ,     "Temp[0]"    ,    "bgs[T][1]"   ,      "HF[1]"     ,   "AvgTemp[1]"   
          0,           0,           0,               -32,               -32,               -32,       4.555257223,                 0,                 0,                 0,     -0.2881311752,                 0,                 0
          0,           1,           0,               -32,               -32,               -32,       3.590864895,                 0,                 0,                 0,     -0.4454114097,                 0,                 0
          0,           2,           0,               -32,               -32,               -32,       3.239574056,                 0,                 0,                 0,     -0.4755236067,                 0,                 0
          0,           3,           0,               -32,               -32,               -32,       2.990925302,                 0,                 0,                 0,     -0.4959735588,                 0,                 0
          0,           4,           0,               -32,               -32,               -32,       2.749308239,                 0,                 0,                 0,     -0.5145926298,                 0,                 0
          0,           5,           0,               -32,               -32,               -32,        2.50457367,                 0,                 0,                 0,     -0.5326268007,                 0,                 0
          0,           6,           0,               -32,               -32,               -32,       2.254664574,                 0,                 0,                 0,     -0.5504521601,                 0,                 0
          0,           7,           0,               -32,               -32,               -32,       2.002503509,                 0,                 0,                 0,     -0.5682154328,                 0,                 0
          0,           8,           0,               -32,               -32,               -32,       1.765277612,                 0,                 0,                 0,     -0.5859762704,                 0,                 0
          0,           9,           0,               -32,               -32,               -32,       1.589359356,                 0,                 0,                 0,     -0.6037547871,                 0,                 0
          0,          10,           0,               -32,               -32,               -32,       1.512224063,                 0,                 0,                 0,     -0.6215515452,                 0,                 0
          0,          11,           0,               -32,               -32,               -32,       1.498586372,                 0,                 0,                 0,     -0.6393571999,                 0,                 0
          0,          12,           0,               -32,               -32,               -32,       1.502997818,                 0,                 0,                 0,     -0.6571575721,                 0,                 0
          0,          13,           0,               -32,               -32,               -32,       1.508593522,                 0,                 0,                 0,     -0.6749364589,                 0,                 0
          0,          14,           0,               -32,               -32,               -32,       1.512020173,                 0,                 0,                 0,     -0.6926772255,                 0,                 0
          0,          15,           0,               -32,               -32,               -32,       1.513301164,                 0,                 0,                 0,      -0.710363706,                 0,                 0
          0,          16,           0,               -32,               -32,               -32,       1.512969796,                 0,                 0,                 0,      -0.727980701,                 0,                 0
          0,          17,           0,               -32,               -32,               -32,       1.511470967,                 0,                 0,                 0,     -0.7455142352,                 0,                 0
          0,          18,           0,               -32,               -32,               -32,        1.50909934,                 0,                 0,                 0,     -0.7629516738,                 0,                 0
          0,          19,           0,               -32,               -32,               -32,       1.506037036,                 0,                 0,                 0,     -0.7802817545,                 0,                 0
          0,          20,           0,               -32,               -32,               -32,       1.502394366,                 0,                 0,                 0,     -0.7974945695,                 0,                 0
          0,          21,           0,               -32,               -32,               -32,       1.498238154,                 0,                 0,                 0,     -0.8145815197,                 0,                 0
          0,          22,           0,               -32,               -32,               -32,       1.493609243,                 0,                 0,                 0,     -0.8315352509,                 0,                 0
          0,          23,           0,               -32,               -32,               -32,       1.488532859,                 0,                 0,                 0,     -0.8483495821,                 0,                 0
          0,          24,           0,               -32,               -32,               -32,       1.483024667,                 0,                 0,                 0,     -0.8650194277,                 0,                 0
          0,          25,           0,               -32,               -32,               -32,       1.477094317,                 0,                 0,                 0,     -0.8815407186,                 0,                 0
          0,          26,           0,               -32,               -32,               -32,       1.470747538,                 0,                 0,                 0,     -0.8979103213,                 0,                 0
          0,          27,           0,               -32,               -32,               -32,       1.463987409,                 0,                 0,                 0,     -0.9141259582,                 0,                 0
          0,          28,           0,               -32,               -32,               -32,       1.456815143,                 0,                 0,                 0,     -0.9301861286,                 0,                 0
          0,          29,           0,               -32,               -32,               -32,       1.449230584,                 0,                 0,                 0,     -0.9460900307,                 0,                 0
          0,          30,           0,               -32,               -32,               -32,       1.441232531,                 0,                 0,                 0,     -0.9618374865,                 0,                 0
          0,          31,           0,               -32,               -32,               -32,       1.432818953,                 0,                 0,                 0,     -0.9774288675,                 0,                 0
          0,          32,           0,               -32,               -32,               -32,       1.423987126,                 0,                 0,                 0,     -0.9928650241,                 0,                 0
          0,          33,           0,               -32,               -32,               -32,       1.414733724,                 0,                 0,                 0,      -1.008147217,                 0,                 0
          0,          34,           0,               -32,               -32,               -32,       1.405054873,                 0,                 0,                 0,      -1.023277053,                 0,                 0
          0,          35,           0,               -32,               -32,               -32,       1.394946172,                 0,                 0,                 0,       -1.03825642,                 0,                 0
          0,          36,           0,               -32,               -32,               -32,       1.384402695,                 0,                 0,                 0,      -1.053087432,                 0,                 0
          0,          37,           0,               -32,               -32,               -32,       1.373418973,                 0,                 0,                 0,      -1.067772374,                 0,                 0
          0,          38,           0,               -32,               -32,               -32,        1.36198896,                 0,                 0,                 0,      -1.082313645,                 0,                 0
          0,          39,           0,               -32,               -32,               -32,       1.350105981,                 0,                 0,                 0,      -1.096713722,                 0,                 0
          0,          40,           0,               -32,               -32,               -32,       1.337762671,                 0,                 0,                 0,      -1.110975104,                 0,                 0
          0,          41,           0,               -32,               -32,               -32,       1.324950896,                 0,                 0,                 0,      -1.125100283,                 0,                 0
          0,          42,           0,               -32,               -32,               -32,       1.311661667,                 0,                 0,                 0,      -1.139091705,                 0,                 0
          0,          43,           0,               -32,               -32,               -32,        1.29788503,                 0,                 0,                 0,      -1.152951735,                 0,                 0
          0,          44,           0,               -32,               -32,               -32,       1.283609953,                 0,                 0,                 0,      -1.166682637,                 0,                 0
          0,          45,           0,               -32,               -32,               -32,       1.268824189,                 0,                 0,                 0,      -1.180286543,                 0,                 0
          0,          46,           0,               -32,               -32,               -32,       1.253514126,                 0,                 0,                 0,       -1.19376544,                 0,                 0
          0,          47,           0,               -32,               -32,               -32,       1.237664611,                 0,                 0,                 0,      -1.207121145,                 0,                 0
          0,          48,           0,               -32,               -32,               -32,       1.221258758,                 0,                 0,                 0,      -1.220355298,                 0,                 0
          0,          49,           0,               -32,               -32,               -32,       1.204277723,                 0,                 0,                 0,       -1.23346935,                 0,                 0
          0,          50,           0,               -32,               -32,               -32,       1.186700449,                 0,                 0,                 0,      -1.246464553,                 0,                 0
          0,          51,           0,               -32,               -32,               -32,       1.168503372,                 0,                 0,                 0,      -1.259341957,                 0,                 0
          0,          52,           0,               -32,               -32,               -32,       1.149660086,                 0,                 0,                 0,      -1.272102407,                 0,                 0
          0,          53,           0,               -32,               -32,               -32,       1.130140947,                 0,                 0,                 0,      -1.284746545,                 0,                 0
          0,          54,           0,               -32,               -32,               -32,       1.109912617,                 0,                 0,                 0,      -1.297274806,                 0,                 0
          0,          55,           0,               -32,               -32,               -32,       1.088937527,                 0,                 0,                 0,       -1.30968743,                 0,                 0
          0,          56,           0,               -32,               -32,               -32,       1.067173242,                 0,                 0,                 0,      -1.321984459,                 0,                 0
          0,          57,           0,               -32,               -32,               -32,       1.044571711,                 0,                 0,                 0,      -1.334165751,                 0,                 0
          0,          58,           0,               -32,               -32,               -32,       1.021078373,                 0,                 0,                 0,      -1.346230983,                 0,                 0
          0,          59,           0,               -32,               -32,               -32,      0.9966310744,                 0,                 0,                 0,      -1.358179666,                 0,                 0
          0,          60,           0,               -32,               -32,               -32,      0.9711587786,                 0,                 0,                 0,      -1.370011151,                 0,                 0
          0,          61,           0,               -32,               -32,               -32,      0.9445799838,                 0,                 0,                 0,      -1.381724643,                 0,                 0
          0,          62,           0,               -32,               -32,               -32,      0.9168008001,                 0,                 0,                 0,      -1.393319214,                 0,                 0
          0,          63,           0,               -32,               -32,               -32,      0.8877125844,                 0,                 0,                 0,      -1.404793816,                 0,                 0
          0,          64,           0,               -32,               -32,               -32,      0.8571890243,                 0,                 0,                 0,      -1.416147293,                 0,                 0
          0,          65,           0,               -32,               -32,               -32,      0.8250825258,                 0,                 0,                 0,      -1.427378398,                 0,                 0
          0,          66,           0,               -32,               -32,               -32,      0.7912197319,                 0,                 0,                 0,      -1.438485808,                 0,                 0
          0,          67,           0,               -32,               -32,               -32,      0.7553959714,                 0,                 0,                 0,      -1.449468136,                 0,                 0
          0,          68,           0,               -32,               -32,               -32,      0.7173684358,                 0,                 0,                 0,      -1.460323948,                 0,                 0
          0,          69,           0,               -32,               -32,               -32,      0.6768479549,                 0,                 0,                 0,      -1.471051782,                 0,                 0
          0,          70,           0,               -32,               -32,               -32,      0.6334895128,                 0,                 0,                 0,      -1.481650156,                 0,                 0
          0,          71,           0,               -32,               -32,               -32,      0.5868824181,                 0,                 0,                 0,      -1.492117589,                 0,                 0
          0,          72,           0,               -32,               -32,               -32,      0.5365430571,                 0,                 0,                 0,      -1.502452614,                 0,                 0
          0,          73,           0,               -32,               -32,               -32,      0.4819182739,                 0,                 0,                 0,      -1.512653792,                 0,                 0
          0,          74,           0,               -32,               -32,               -32,       0.422420348,                 0,                 0,                 0,      -1.522719728,                 0,                 0
          0,          75,           0,               -32,               -32,               -32,      0.3575471069,                 0,                 0,                 0,      -1.532649086,                 0,                 0
          0,          76,           0,               -32,               -32,               -32,      0.2872209302,                 0,                 0,                 0,      -1.542440596,                 0,                 0
          0,          77,           0,               -32,               -32,               -32,      0.2126586068,                 0,                 0,                 0,      -1.552093074,                 0,                 0
          0,          78,           0,               -32,               -32,               -32,      0.1383402086,                 0,                 0,                 0,      -1.561605431,                 0,                 0
          0,          79,           0,               -32,               -32,               -32,      0.0751940223,                 0,                 0,                 0,      -1.570976682,                 0,                 0
          0,          80,           0,               -32,               -32,               -32,      0.0409610325,                 0,                 0,                 0,      -1.580205961,                 0,                 0
          0,          81,           0,               -32,               -32,               -32,     0.04840647317,                 0,                 0,                 0,      -1.589292524,                 0,                 0
          0,          82,           0,               -32,               -32,               -32,      0.0907159219,                 0,                 0,                 0,      -1.598235765,                 0,                 0
          0,          83,           0,               -32,               -32,               -32,      0.1498100399,                 0,                 0,                 0,      -1.607035216,                 0,                 0
          0,          84,           0,               -32,               -32,               -32,       0.212033419,                 0,                 0,                 0,      -1.615690557,                 0,                 0
          0,          85,           0,               -32,               -32,               -32,      0.2710687011,                 0,                 0,                 0,      -1.624201621,                 0,                 0
          0,          86,           0,               -32,               -32,               -32,      0.3248779543,                 0,                 0,                 0,      -1.632568398,                 0,                 0
          0,          87,           0,               -32,               -32,               -32,       0.373238187,                 0,                 0,                 0,      -1.640791036,                 0,                 0
          0,          88,           0,               -32,               -32,               -32,      0.4165666531,                 0,                 0,                 0,      -1.648869845,                 0,                 0
          0,          89,           0,               -32,               -32,               -32,      0.4554473428,                 0,                 0,                 0,      -1.656805297,                 0,                 0
          0,          90,           0,               -32,               -32,               -32,      0.4904570477,                 0,                 0,                 0,      -1.664598025,                 0,                 0
          0,          91,           0,               -32,               -32,               -32,      0.5221097858,                 0,                 0,                 0,      -1.672248822,                 0,                 0
          0,          92,           0,               -32,               -32,               -32,       0.550845973,                 0,                 0,                 0,       -1.67975864,                 0,                 0
          0,          93,           0,               -32,               -32,               -32,      0.5770373403,                 0,                 0,                 0,      -1.687128583,                 0,                 0
          0,          94,           0,               -32,               -32,               -32,      0.6009963732,                 0,                 0,                 0,      -1.694359906,                 0,                 0
          0,          95,           0,               -32,               -32,               -32,      0.6229860831,                 0,                 0,                 0,       -1.70145401,                 0,                 0
          0,          96,           0,               -32,               -32,               -32,      0.6432287064,                 0,                 0,                 0,      -1.708412433,                 0,                 0
          0,          97,           0,               -32,               -32,               -32,      0.6619130042,                 0,                 0,                 0,      -1.715236848,                 0,                 0
          0,          98,           0,               -32,               -32,               -32,        0.67920023,                 0,                 0,                 0,      -1.721929053,                 0,                 0
          0,          99,           0,               -32,               -32,               -32,      0.6952289561,                 0,                 0,                 0,      -1.728490961,                 0,                 0
          0,         100,           0,               -32,               -32,               -32,      0.7101189632,                 0,                 0,                 0,        -1.7349246,                 0,                 0
          0,         101,           0,               -32,               -32,               -32,      0.7239743781,                 0,                 0,                 0,      -1.741232096,                 0,                 0
          0,         102,           0,               -32,               -32,               -32,      0.7368862125,                 0,                 0,                 0,       -1.74741567,                 0,                 0
          0,         103,           0,               -32,               -32,               -32,      0.7489344267,                 0,                 0,                 0,      -1.753477627,                 0,                 0
          0,         104,           0,               -32,               -32,               -32,      0.7601896147,                 0,                 0,                 0,      -1.759420346,                 0,                 0
          0,         105,           0,               -32,               -32,               -32,      0.7707143891,                 0,                 0,                 0,      -1.765246276,                 0,                 0
          0,         106,           0,               -32,               -32,               -32,      0.7805645241,                 0,                 0,                 0,      -1.770957921,                 0,                 0
          0,         107,           0,               -32,               -32,               -32,      0.7897899056,                 0,                 0,                 0,      -1.776557836,                 0,                 0
          0,         108,           0,               -32,               -32,               -32,      0.7984353238,                 0,                 0,                 0,      -1.782048615,                 0,                 0
          0,         109,           0,               -32,               -32,               -32,      0.8065411388,                 0,                 0,                 0,      -1.787432886,                 0,                 0
          0,         110,           0,               -32,               -32,               -32,       0.814143843,                 0,                 0,                 0,      -1.792713301,                 0,                 0
          0,         111,           0,               -32,               -32,               -32,      0.8212765367,                 0,                 0,                 0,      -1.797892527,                 0,                 0
          0,         112,           0,               -32,               -32,               -32,      0.8279693339,                 0,                 0,                 0,      -1.802973243,                 0,                 0
          0,         113,           0,               -32,               -32,               -32,      0.8342497101,                 0,                 0,                 0,      -1.807958127,                 0,                 0
          0,         114,           0,               -32,               -32,               -32,      0.8401428004,                 0,                 0,                 0,      -1.812849856,                 0,                 0
          0,         115,           0,               -32,               -32,               -32,      0.8456716571,                 0,                 0,                 0,      -1.817651092,                 0,                 0
          0,         116,           0,               -32,               -32,               -32,      0.8508574731,                 0,                 0,                 0,      -1.822364484,                 0,                 0
          0,         117,           0,               -32,               -32,               -32,      0.8557197758,                 0,                 0,                 0,      -1.826992657,                 0,                 0
          0,         118,           0,               -32,               -32,               -32,       0.860276597,                 0,                 0,                 0,      -1.831538212,                 0,                 0
          0,         119,           0,               -32,               -32,               -32,      0.8645446209,                 0,                 0,                 0,      -1.836003714,                 0,                 0
          0,         120,           0,               -32,               -32,               -32,      0.8685393149,                 0,                 0,                 0,      -1.840391697,                 0,                 0
          0,         121,           0,               -32,               -32,               -32,      0.8722750445,                 0,                 0,                 0,      -1.844704652,                 0,                 0
          0,         122,           0,               -32,               -32,               -32,      0.8757651748,                 0,                 0,                 0,      -1.848945032,                 0,                 0
          0,         123,           0,               -32,               -32,               -32,      0.8790221612,                 0,                 0,                 0,      -1.853115239,                 0,                 0
          0,         124,           0,               -32,               -32,               -32,      0.8820576291,                 0,                 0,                 0,      -1.857217632,                 0,                 0
          0,         125,           0,               -32,               -32,               -32,      0.8848824456,                 0,                 0,                 0,      -1.861254517,                 0,                 0
          0,         126,           0,               -32,               -32,               -32,      0.8875067837,                 0,                 0,                 0,      -1.865228149,                 0,                 0
          0,         127,           0,               -32,               -32,               -32,      0.8899401792,                 0,                 0,                 0,       -1.86914073,                 0,                 0
          0,         128,           0,               -32,               -32,               -32,      0.8921915823,                 0,                 0,                 0,      -1.872994406,                 0,                 0
          0,         129,           0,               -32,               -32,               -32,      0.8942694043,                 0,                 0,                 0,       -1.87679127,                 0,                 0
          0,         130,           0,               -32,               -32,               -32,      0.8961815589,                 0,                 0,                 0,      -1.880533355,                 0,                 0
          0,         131,           0,               -32,               -32,               -32,         0.8979355,                 0,                 0,                 0,      -1.884222642,                 0,                 0
          0,         132,           0,               -32,               -32,               -32,      0.8995382567,                 0,                 0,                 0,       -1.88786105,                 0,                 0
          0,         133,           0,               -32,               -32,               -32,      0.9009964634,                 0,                 0,                 0,      -1.891450445,                 0,                 0
          0,         134,           0,               -32,               -32,               -32,      0.9023163889,                 0,                 0,                 0,      -1.894992636,                 0,                 0
          0,         135,           0,               -32,               -32,               -32,      0.9035039616,                 0,                 0,                 0,      -1.898489374,                 0,                 0
          0,         136,           0,               -32,               -32,               -32,      0.9045647933,                 0,                 0,                 0,      -1.901942354,                 0,                 0
          0,         137,           0,               -32,               -32,               -32,      0.9055042008,                 0,                 0,                 0,      -1.905353219,                 0,                 0
          0,         138,           0,               -32,               -32,               -32,      0.9063272254,                 0,                 0,                 0,      -1.908723554,                 0,                 0
          0,         139,           0,               -32,               -32,               -32,      0.9070386509,                 0,                 0,                 0,      -1.912054893,                 0,                 0
          0,         140,           0,               -32,               -32,               -32,      0.9076430206,                 0,                 0,                 0,      -1.915348715,                 0,                 0
          0,         141,           0,               -32,               -32,               -32,      0.9081446521,                 0,                 0,                 0,       -1.91860645,                 0,                 0
          0,         142,           0,               -32,               -32,               -32,      0.9085476516,                 0,                 0,                 0,      -1.921829476,                 0,                 0
          0,         143,           0,               -32,               -32,               -32,      0.9088559271,                 0,                 0,                 0,      -1.925019122,                 0,                 0
          0,         144,           0,               -32,               -32,               -32,      0.9090731999,                 0,                 0,                 0,       -1.92817667,                 0,                 0
          0,         145,           0,               -32,               -32,               -32,      0.9092030161,                 0,                 0,                 0,      -1.931303352,                 0,                 0
          0,         146,           0,               -32,               -32,               -32,      0.9092487567,                 0,                 0,                 0,      -1.934400358,                 0,                 0
          0,         147,           0,               -32,               -32,               -32,      0.9092136472,                 0,                 0,                 0,      -1.937468832,                 0,                 0
          0,         148,           0,               -32,               -32,               -32,      0.9091007666,                 0,                 0,                 0,      -1.940509875,                 0,                 0
          0,         149,           0,               -32,               -32,               -32,      0.9089130553,                 0,                 0,                 0,      -1.943524546,                 0,                 0
          0,         150,           0,               -32,               -32,               -32,       0.908653323,                 0,                 0,                 0,      -1.946513864,                 0,                 0
          0,         151,           0,               -32,               -32,               -32,      0.9083242557,                 0,                 0,                 0,      -1.949478809,                 0,                 0
          0,         152,           0,               -32,               -32,               -32,      0.9079284226,                 0,                 0,                 0,      -1.952420321,                 0,                 0
          0,         153,           0,               -32,               -32,               -32,       0.907468282,                 0,                 0,                 0,      -1.955339308,                 0,                 0
          0,         154,           0,               -32,               -32,               -32,      0.9069461874,                 0,                 0,                 0,      -1.958236637,                 0,                 0
          0,         155,           0,               -32,               -32,               -32,      0.9063643927,                 0,                 0,                 0,      -1.961113145,                 0,                 0
          0,         156,           0,               -32,               -32,               -32,      0.9057250574,                 0,                 0,                 0,      -1.963969634,                 0,                 0
          0,         157,           0,               -32,               -32,               -32,      0.9050302514,                 0,                 0,                 0,      -1.966806876,                 0,                 0
          0,         158,           0,               -32,               -32,               -32,      0.9042819595,                 0,                 0,                 0,       -1.96962561,                 0,                 0
          0,         159,           0,               -32,               -32,               -32,      0.9034820854,                 0,                 0,                 0,      -1.972426547,                 0,                 0
          0,         160,           0,               -32,               -32,               -32,      0.9026324559,                 0,                 0,                 0,       -1.97521037,                 0,                 0
          0,         161,           0,               -32,               -32,               -32,      0.9017348244,                 0,                 0,                 0,      -1.977977734,                 0,                 0
          0,         162,           0,               -32,               -32,               -32,      0.9007908746,                 0,                 0,                 0,      -1.980729268,                 0,                 0
          0,         163,           0,               -32,               -32,               -32,      0.8998022237,                 0,                 0,                 0,      -1.983465576,                 0,                 0
          0,         164,           0,               -32,               -32,               -32,      0.8987704255,                 0,                 0,                 0,      -1.986187237,                 0,                 0
          0,         165,           0,               -32,               -32,               -32,      0.8976969731,                 0,                 0,                 0,      -1.988894808,                 0,                 0
          0,         166,           0,               -32,               -32,               -32,      0.8965833023,                 0,                 0,                 0,      -1.991588822,                 0,                 0
          0,         167,           0,               -32,               -32,               -32,      0.8954307934,                 0,                 0,                 0,      -1.994269792,                 0,                 0
          0,         168,           0,               -32,               -32,               -32,      0.8942407743,                 0,                 0,                 0,       -1.99693821,                 0,                 0
          0,         169,           0,               -32,               -32,               -32,      0.8930145227,                 0,                 0,                 0,      -1.999594548,                 0,                 0
          0,         170,           0,               -32,               -32,               -32,       0.891753268,                 0,                 0,                 0,      -2.002239259,                 0,                 0
          0,         171,           0,               -32,               -32,               -32,      0.8904581936,                 0,                 0,                 0,      -2.004872778,                 0,                 0
          0,         172,           0,               -32,               -32,               -32,      0.8891304393,                 0,                 0,                 0,      -2.007495523,                 0,                 0
          0,         173,           0,               -32,               -32,               -32,      0.8877711022,                 0,                 0,                 0,      -2.010107895,                 0,                 0
          0,         174,           0,               -32,               -32,               -32,      0.8863812396,                 0,                 0,                 0,      -2.012710279,                 0,                 0
          0,         175,           0,               -32,               -32,               -32,      0.8849618699,                 0,                 0,                 0,      -2.015303043,                 0,                 0
          0,         176,           0,               -32,               -32,               -32,      0.8835139745,                 0,                 0,                 0,      -2.017886543,                 0,                 0
          0,         177,           0,               -32,               -32,               -32,      0.8820384995,                 0,                 0,                 0,      -2.020461119,                 0,                 0
          0,         178,           0,               -32,               -32,               -32,      0.8805363567,                 0,                 0,                 0,      -2.023027099,                 0,                 0
          0,         179,           0,               -32,               -32,               -32,      0.8790084254,                 0,                 0,                 0,      -2.025584796,                 0,                 0
          0,         180,           0,               -32,               -32,               -32,      0.8774555536,                 0,                 0,                 0,      -2.028134513,                 0,                 0
          0,         181,           0,               -32,               -32,               -32,      0.8758785594,                 0,                 0,                 0,      -2.030676538,                 0,                 0
          0,         182,           0,               -32,               -32,               -32,      0.8742782316,                 0,                 0,                 0,      -2.033211151,                 0,                 0
          0,         183,           0,               -32,               -32,               -32,      0.8726553318,                 0,                 0,                 0,      -2.035738619,                 0,                 0
          0,         184,           0,               -32,               -32,               -32,      0.8710105945,                 0,                 0,                 0,      -2.038259199,                 0,                 0
          0,         185,           0,               -32,               -32,               -32,       0.869344729,                 0,                 0,                 0,      -2.040773138,                 0,                 0
          0,         186,           0,               -32,               -32,               -32,      0.8676584198,                 0,                 0,                 0,      -2.043280673,                 0,                 0
          0,         187,           0,               -32,               -32,               -32,      0.8659523277,                 0,                 0,                 0,      -2.045782033,                 0,                 0
          0,         188,           0,               -32,               -32,               -32,      0.8642270909,                 0,                 0,                 0,      -2.048277436,                 0,                 0
          0,         189,           0,               -32,               -32,               -32,      0.8624833257,                 0,                 0,                 0,      -2.050767093,                 0,                 0
          0,         190,           0,               -32,               -32,               -32,      0.8607216274,                 0,                 0,                 0,      -2.053251208,                 0,                 0
          0,         191,           0,               -32,               -32,               -32,      0.8589425708,                 0,                 0,                 0,      -2.055729975,                 0,                 0
          0,         192,           0,               -32,               -32,               -32,      0.8571467114,                 0,                 0,                 0,      -2.058203582,                 0,                 0
          0,         193,           0,               -32,               -32,               -32,       0.855334586,                 0,                 0,                 0,      -2.060672208,                 0,                 0
          0,         194,           0,               -32,               -32,               -32,      0.8535067132,                 0,                 0,                 0,      -2.063136029,                 0,                 0
          0,         195,           0,               -32,               -32,               -32,       0.851663594,                 0,                 0,                 0,      -2.065595209,                 0,                 0
          0,         196,           0,               -32,               -32,               -32,      0.8498057131,                 0,                 0,                 0,      -2.068049911,                 0,                 0
          0,         197,           0,               -32,               -32,               -32,      0.8479335385,                 0,                 0,                 0,      -2.070500288,                 0,                 0
          0,         198,           0,               -32,               -32,               -32,      0.8460475231,                 0,                 0,                 0,       -2.07294649,                 0,                 0
          0,         199,           0,               -32,               -32,               -32,      0.8441481044,                 0,                 0,                 0,      -2.075388659,                 0,                 0
          0,         200,           0,               -32,               -32,               -32,      0.8422357056,                 0,                 0,                 0,      -2.077826934,                 0,                 0
          0,         201,           0,               -32,               -32,               -32,      0.8403107359,                 0,                 0,                 0,      -2.080261447,                 0,                 0
          0,         202,           0,               -32,               -32,               -32,      0.8383735911,                 0,                 0,                 0,      -2.082692327,                 0,                 0
          0,         203,           0,               -32,               -32,               -32,       0.836424654,                 0,                 0,                 0,      -2.085119696,                 0,                 0
          0,         204,           0,               -32,               -32,               -32,      0.8344642947,                 0,                 0,                 0,      -2.087543673,                 0,                 0
          0,         205,           0,               -32,               -32,               -32,      0.8324928713,                 0,                 0,                 0,      -2.089964373,                 0,                 0
          0,         206,           0,               -32,               -32,               -32,      0.8305107304,                 0,                 0,                 0,      -2.092381905,                 0,                 0
          0,         207,           0,               -32,               -32,               -32,      0.8285182071,                 0,                 0,                 0,      -2.094796376,                 0,                 0
          0,         208,           0,               -32,               -32,               -32,      0.8265156258,                 0,                 0,                 0,      -2.097207888,                 0,                 0
          0,         209,           0,               -32,               -32,               -32,      0.8245033002,                 0,                 0,                 0,      -2.099616539,                 0,                 0
          0,         210,           0,               -32,               -32,               -32,      0.8224815341,                 0,                 0,                 0,      -2.102022426,                 0,                 0
          0,         211,           0,               -32,               -32,               -32,      0.8204506214,                 0,                 0,                 0,      -2.104425639,                 0,                 0
          0,         212,           0,               -32,               -32,               -32,      0.8184108464,                 0,                 0,                 0,      -2.106826267,                 0,                 0
          0,         213,           0,               -32,               -32,               -32,      0.8163624846,                 0,                 0,                 0,      -2.109224395,                 0,                 0
          0,         214,           0,               -32,               -32,               -32,      0.8143058024,                 0,                 0,                 0,      -2.111620106,                 0,                 0
          0,         215,           0,               -32,               -32,               -32,      0.8122410578,                 0,                 0,                 0,      -2.114013478,                 0,                 0
          0,         216,           0,               -32,               -32,               -32,      0.8101685005,                 0,                 0,                 0,      -2.116404589,                 0,                 0
          0,         217,           0,               -32,               -32,               -32,      0.8080883724,                 0,                 0,                 0,      -2.118793511,                 0,                 0
          0,         218,           0,               -32,               -32,               -32,      0.8060009073,                 0,                 0,                 0,      -2.121180318,                 0,                 0
          0,         219,           0,               -32,               -32,               -32,      0.8039063321,                 0,                 0,                 0,      -2.123565076,                 0,                 0
          0,         220,           0,               -32,               -32,               -32,      0.8018048662,                 0,                 0,                 0,      -2.125947854,                 0,                 0
          0,         221,           0,               -32,               -32,               -32,       0.799696722,                 0,                 0,                 0,      -2.128328714,                 0,                 0
          0,         222,           0,               -32,               -32,               -32,      0.7975821054,                 0,                 0,                 0,      -2.130707719,                 0,                 0
          0,         223,           0,               -32,               -32,               -32,      0.7954612157,                 0,                 0,                 0,      -2.133084928,                 0,                 0
          0,         224,           0,               -32,               -32,               -32,      0.7933342458,                 0,                 0,                 0,        -2.1354604,                 0,                 0
          0,         225,           0,               -32,               -32,               -32,      0.7912013827,                 0,                 0,                 0,      -2.137834189,                 0,                 0
          0,         226,           0,               -32,               -32,               -32,      0.7890628075,                 0,                 0,                 0,      -2.140206351,                 0,                 0
          0,         227,           0,               -32,               -32,               -32,      0.7869186955,                 0,                 0,                 0,      -2.142576936,                 0,                 0
          0,         228,           0,               -32,               -32,               -32,      0.7847692166,                 0,                 0,                 0,      -2.144945996,                 0,                 0
          0,         229,           0,               -32,               -32,               -32,      0.7826145354,                 0,                 0,                 0,      -2.147313578,                 0,                 0
          0,         230,           0,               -32,               -32,               -32,      0.7804548112,                 0,                 0,                 0,       -2.14967973,                 0,                 0
          0,         231,           0,               -32,               -32,               -32,      0.7782901985,                 0,                 0,                 0,      -2.152044496,                 0,                 0
          0,         232,           0,               -32,               -32,               -32,      0.7761208469,                 0,                 0,                 0,      -2.154407922,                 0,                 0
          0,         233,           0,               -32,               -32,               -32,      0.7739469013,                 0,                 0,                 0,      -2.156770049,                 0,                 0
          0,         234,           0,               -32,               -32,               -32,      0.7717685022,                 0,                 0,                 0,      -2.159130918,                 0,                 0
          0,         235,           0,               -32,               -32,               -32,      0.7695857856,                 0,                 0,                 0,      -2.161490569,                 0,                 0
          0,         236,           0,               -32,               -32,               -32,      0.7673988834,                 0,                 0,                 0,       -2.16384904,                 0,                 0
          0,         237,           0,               -32,               -32,               -32,      0.7652079233,                 0,                 0,                 0,      -2.166206368,                 0,                 0
          0,         238,           0,               -32,               -32,               -32,       0.763013029,                 0,                 0,                 0,      -2.168562589,                 0,                 0
          0,         239,           0,               -32,               -32,               -32,      0.7608143205,                 0,                 0,                 0,      -2.170917738,                 0,                 0
          0,         240,           0,               -32,               -32,               -32,      0.7586119141,                 0,                 0,                 0,      -2.173271847,                 0,                 0
          0,         241,           0,               -32,               -32,               -32,      0.7564059224,                 0,                 0,                 0,      -2.175624951,                 0,                 0
          0,         242,           0,               -32,               -32,               -32,      0.7541964545,                 0,                 0,                 0,      -2.177977078,                 0,                 0
          0,         243,           0,               -32,               -32,               -32,      0.7519836163,                 0,                 0,                 0,      -2.180328261,                 0,                 0
          0,         244,           0,               -32,               -32,               -32,      0.7497675102,                 0,                 0,                 0,      -2.182678529,                 0,                 0
          0,         245,           0,               -32,               -32,               -32,      0.7475482356,                 0,                 0,                 0,      -2.185027909,                 0,                 0
          0,         246,           0,               -32,               -32,               -32,      0.7453258888,                 0,                 0,                 0,       -2.18737643,                 0,                 0
          0,         247,           0,               -32,               -32,               -32,      0.7431005631,                 0,                 0,                 0,      -2.189724117,                 0,                 0
          0,         248,           0,               -32,               -32,               -32,      0.7408723491,                 0,                 0,                 0,      -2.192070998,                 0,                 0
          0,         249,           0,               -32,               -32,               -32,      0.7386413343,                 0,                 0,                 0,      -2.194417095,                 0,                 0
          0,         250,           0,               -32,               -32,               -32,      0.7364076039,                 0,                 0,                 0,      -2.196762435,                 0,                 0
          0,         251,           0,               -32,               -32,               -32,      0.7341712401,                 0,                 0,                 0,      -2.199107039,                 0,                 0
          0,         252,           0,               -32,               -32,               -32,      0.7319323229,                 0,                 0,                 0,      -2.201450931,                 0,                 0
          0,         253,           0,               -32,               -32,               -32,      0.7296909296,                 0,                 0,                 0,      -2.203794133,                 0,                 0
          0,         254,           0,               -32,               -32,               -32,      0.7274471353,                 0,                 0,                 0,      -2.206136665,                 0,                 0
          0,         255,           0,               -32,               -32,               -32,      0.7252010127,                 0,                 0,                 0,      -2.208478548,                 0,                 0
          0,         256,           0,               -32,               -32,               -32,      0.7229526324,                 0,                 0,                 0,      -2.210819803,                 0,                 0
          0,         257,           0,               -32,               -32,               -32,      0.7207020626,                 0,                 0,                 0,      -2.213160447,                 0,                 0
          0,         258,           0,               -32,               -32,               -32,      0.7184493697,                 0,                 0,                 0,        -2.2155005,                 0,                 0
          0,         259,           0,               -32,               -32,               -32,      0.7161946179,                 0,                 0,                 0,      -2.217839981,                 0,                 0
          0,         260,           0,               -32,               -32,               -32,      0.7139378696,                 0,                 0,                 0,      -2.220178905,                 0,                 0
          0,         261,           0,               -32,               -32,               -32,       0.711679185,                 0,                 0,                 0,      -2.222517291,                 0,                 0
          0,         262,           0,               -32,               -32,               -32,      0.7094186227,                 0,                 0,                 0,      -2.224855154,                 0,                 0
          0,         263,           0,               -32,               -32,               -32,      0.7071562395,                 0,                 0,                 0,      -2.227192511,                 0,                 0
          0,         264,           0,               -32,               -32,               -32,      0.7048920904,                 0,                 0,                 0,      -2.229529377,                 0,                 0
          0,         265,           0,               -32,               -32,               -32,      0.7026262288,                 0,                 0,                 0,      -2.231865767,                 0,                 0
          0,         266,           0,               -32,               -32,               -32,      0.7003587063,                 0,                 0,                 0,      -2.234201695,                 0,                 0
          0,         267,           0,               -32,               -32,               -32,      0.6980895732,                 0,                 0,                 0,      -2.236537175,                 0,                 0
          0,         268,           0,               -32,               -32,               -32,      0.6958188781,                 0,                 0,                 0,      -2.238872221,                 0,                 0
          0,         269,           0,               -32,               -32,               -32,       0.693546668,                 0,                 0,                 0,      -2.241206846,                 0,                 0
          0,         270,           0,               -32,               -32,               -32,      0.6912729888,                 0,                 0,                 0,      -2.243541062,                 0,                 0
          0,         271,           0,               -32,               -32,               -32,      0.6889978848,                 0,                 0,                 0,      -2.245874882,                 0,                 0
          0,         272,           0,               -32,               -32,               -32,      0.6867213988,                 0,                 0,                 0,      -2.248208318,                 0,                 0
          0,         273,           0,               -32,               -32,               -32,      0.6844435728,                 0,                 0,                 0,      -2.250541382,                 0,                 0
          0,         274,           0,               -32,               -32,               -32,      0.6821644469,                 0,                 0,                 0,      -2.252874084,                 0,                 0
          0,         275,           0,               -32,               -32,               -32,      0.6798840604,                 0,                 0,                 0,      -2.255206436,                 0,                 0
          0,         276,           0,               -32,               -32,               -32,      0.6776024513,                 0,                 0,                 0,      -2.257538448,                 0,                 0
          0,         277,           0,               -32,               -32,               -32,      0.6753196565,                 0,                 0,                 0,      -2.259870131,                 0,                 0
          0,         278,           0,               -32,               -32,               -32,      0.6730357117,                 0,                 0,                 0,      -2.262201493,                 0,                 0
          0,         279,           0,               -32,               -32,               -32,      0.6707506515,                 0,                 0,                 0,      -2.264532546,                 0,                 0
          0,         280,           0,               -32,               -32,               -32,      0.6684645095,                 0,                 0,                 0,      -2.266863297,                 0,                 0
          0,         281,           0,               -32,               -32,               -32,      0.6661773183,                 0,                 0,                 0,      -2.269193757,                 0,                 0
          0,         282,           0,               -32,               -32,               -32,      0.6638891095,                 0,                 0,                 0,      -2.271523933,                 0,                 0
          0,         283,           0,               -32,               -32,               -32,      0.6615999137,                 0,                 0,                 0,      -2.273853835,                 0,                 0
          0,         284,           0,               -32,               -32,               -32,      0.6593097607,                 0,                 0,                 0,      -2.276183471,                 0,                 0
          0,         285,           0,               -32,               -32,               -32,      0.6570186792,                 0,                 0,                 0,      -2.278512848,                 0,                 0
          0,         286,           0,               -32,               -32,               -32,      0.6547266971,                 0,                 0,                 0,      -2.280841974,                 0,                 0
          0,         287,           0,               -32,               -32,               -32,      0.6524338417,                 0,                 0,                 0,      -2.283170858,                 0,                 0
          0,         288,           0,               -32,               -32,               -32,      0.6501401391,                 0,                 0,                 0,      -2.285499505,                 0,                 0
          0,         289,           0,               -32,               -32,               -32,      0.6478456148,                 0,                 0,                 0,      -2.287827923,                 0,                 0
          0,         290,           0,               -32,               -32,               -32,      0.6455502936,                 0,                 0,                 0,      -2.290156119,                 0,                 0
          0,         291,           0,               -32,               -32,               -32,      0.6432541994,                 0,                 0,                 0,        -2.2924841,                 0,                 0
          0,         292,           0,               -32,               -32,               -32,      0.6409573555,                 0,                 0,                 0,      -2.294811872,                 0,                 0
          0,         293,           0,               -32,               -32,               -32,      0.6386597843,                 0,                 0,                 0,      -2.297139441,                 0,                 0
          0,         294,           0,               -32,               -32,               -32,      0.6363615078,                 0,                 0,                 0,      -2.299466813,                 0,                 0
          0,         295,           0,               -32,               -32,               -32,      0.6340625471,                 0,                 0,                 0,      -2.301793995,                 0,                 0
          0,         296,           0,               -32,               -32,               -32,      0.6317629228,                 0,                 0,                 0,      -2.304120991,                 0,                 0
          0,         297,           0,               -32,               -32,               -32,      0.6294626549,                 0,                 0,                 0,      -2.306447807,                 0,                 0
          0,         298,           0,               -32,               -32,               -32,      0.6271617627,                 0,                 0,                 0,      -2.308774449,                 0,                 0
          0,         299,           0,               -32,               -32,               -32,      0.6248602649,                 0,                 0,                 0,      -2.311100922,                 0,                 0
          0,         300,           0,               -32,               -32,               -32,      0.6225581797,                 0,                 0,                 0,      -2.313427231,                 0,                 0
          0,         301,           0,               -32,               -32,               -32,      0.6202555248,                 0,                 0,                 0,       -2.31575338,                 0,                 0
          0,         302,           0,               -32,               -32,               -32,      0.6179523173,                 0,                 0,                 0,      -2.318079375,                 0,                 0
          0,         303,           0,               -32,               -32,               -32,      0.6156485738,                 0,                 0,                 0,       -2.32040522,                 0,                 0
          0,         304,           0,               -32,               -32,               -32,      0.6133443103,                 0,                 0,                 0,      -2.322730919,                 0,                 0
          0,         305,           0,               -32,               -32,               -32,      0.6110395425,                 0,                 0,                 0,      -2.325056477,                 0,                 0
          0,         306,           0,               -32,               -32,               -32,      0.6087342855,                 0,                 0,                 0,      -2.327381899,                 0,                 0
          0,         307,           0,               -32,               -32,               -32,       0.606428554,                 0,                 0,                 0,      -2.329707187,                 0,                 0
          0,         308,           0,               -32,               -32,               -32,      0.6041223622,                 0,                 0,                 0,      -2.332032346,                 0,                 0
          0,         309,           0,               -32,               -32,               -32,       0.601815724,                 0,                 0,                 0,       -2.33435738,                 0,                 0
          0,         310,           0,               -32,               -32,               -32,      0.5995086527,                 0,                 0,                 0,      -2.336682292,                 0,                 0
          0,         311,           0,               -32,               -32,               -32,      0.5972011613,                 0,                 0,                 0,      -2.339007087,                 0,                 0
          0,         312,           0,               -32,               -32,               -32,      0.5948932625,                 0,                 0,                 0,      -2.341331767,                 0,                 0
          0,         313,           0,               -32,               -32,               -32,      0.5925849684,                 0,                 0,                 0,      -2.343656336,                 0,                 0
          0,         314,           0,               -32,               -32,               -32,      0.5902762909,                 0,                 0,                 0,      -2.345980798,                 0,                 0
          0,         315,           0,               -32,               -32,               -32,      0.5879672416,                 0,                 0,                 0,      -2.348305155,                 0,                 0
          0,         316,           0,               -32,               -32,               -32,      0.5856578314,                 0,                 0,                 0,       -2.35062941,                 0,                 0
          0,         317,           0,               -32,               -32,               -32,      0.5833480714,                 0,                 0,                 0,      -2.352953567,                 0,                 0
          0,         318,           0,               -32,               -32,               -32,      0.5810379719,                 0,                 0,                 0,      -2.355277629,                 0,                 0
          0,         319,           0,               -32,               -32,               -32,      0.5787275432,                 0,                 0,                 0,      -2.357601598,                 0,                 0
          0,         320,           0,               -32,               -32,               -32,       0.576416795,                 0,                 0,                 0,      -2.359925476,                 0,                 0
          0,         321,           0,               -32,               -32,               -32,      0.5741057371,                 0,                 0,                 0,      -2.362249268,                 0,                 0
          0,         322,           0,               -32,               -32,               -32,      0.5717943786,                 0,                 0,                 0,      -2.364572975,                 0,                 0
          0,         323,           0,               -32,               -32,               -32,      0.5694827285,                 0,                 0,                 0,      -2.366896599,                 0,                 0
          0,         324,           0,               -32,               -32,               -32,      0.5671707957,                 0,                 0,                 0,      -2.369220144,                 0,                 0
          0,         325,           0,               -32,               -32,               -32,      0.5648585885,                 0,                 0,                 0,      -2.371543611,                 0,                 0
          0,         326,           0,               -32,               -32,               -32,      0.5625461152,                 0,                 0,                 0,      -2.373867003,                 0,                 0
          0,         327,           0,               -32,               -32,               -32,      0.5602333838,                 0,                 0,                 0,      -2.376190322,                 0,                 0
          0,         328,           0,               -32,               -32,               -32,       0.557920402,                 0,                 0,                 0,       -2.37851357,                 0,                 0
          0,         329,           0,               -32,               -32,               -32,      0.5556071773,                 0,                 0,                 0,       -2.38083675,                 0,                 0
          0,         330,           0,               -32,               -32,               -32,      0.5532937169,                 0,                 0,                 0,      -2.383159863,                 0,                 0
          0,         331,           0,               -32,               -32,               -32,      0.5509800279,                 0,                 0,                 0,      -2.385482911,                 0,                 0
          0,         332,           0,               -32,               -32,               -32,      0.5486661172,                 0,                 0,                 0,      -2.387805896,                 0,                 0
          0,         333,           0,               -32,               -32,               -32,      0.5463519915,                 0,                 0,                 0,      -2.390128821,                 0,                 0
          0,         334,           0,               -32,               -32,               -32,       0.544037657,                 0,                 0,                 0,      -2.392451686,                 0,                 0
          0,         335,           0,               -32,               -32,               -32,      0.5417231201,                 0,                 0,                 0,      -2.394774494,                 0,                 0
          0,         336,           0,               -32,               -32,               -32,      0.5394083869,                 0,                 0,                 0,      -2.397097246,                 0,                 0
          0,         337,           0,               -32,               -32,               -32,      0.5370934631,                 0,                 0,                 0,      -2.399419944,                 0,                 0
          0,         338,           0,               -32,               -32,               -32,      0.5347783546,                 0,                 0,                 0,       -2.40174259,                 0,                 0
          0,         339,           0,               -32,               -32,               -32,      0.5324630668,                 0,                 0,                 0,      -2.404065184,                 0,                 0
          0,         340,           0,               -32,               -32,               -32,      0.5301476051,                 0,                 0,                 0,       -2.40638773,                 0,                 0
          0,         341,           0,               -32,               -32,               -32,      0.5278319748,                 0,                 0,                 0,      -2.408710227,                 0,                 0
          0,         342,           0,               -32,               -32,               -32,      0.5255161807,                 0,                 0,                 0,      -2.411032677,                 0,                 0
          0,         343,           0,               -32,               -32,               -32,      0.5232002279,                 0,                 0,                 0,      -2.413355083,                 0,                 0
          0,         344,           0,               -32,               -32,               -32,      0.5208841211,                 0,                 0,                 0,      -2.415677445,                 0,                 0
          0,         345,           0,               -32,               -32,               -32,      0.5185678649,                 0,                 0,                 0,      -2.417999764,                 0,                 0
          0,         346,           0,               -32,               -32,               -32,      0.5162514637,                 0,                 0,                 0,      -2.420322041,                 0,                 0
          0,         347,           0,               -32,               -32,               -32,      0.5139349219,                 0,                 0,                 0,      -2.422644279,                 0,                 0
          0,         348,           0,               -32,               -32,               -32,      0.5116182437,                 0,                 0,                 0,      -2.424966478,                 0,                 0
          0,         349,           0,               -32,               -32,               -32,      0.5093014331,                 0,                 0,                 0,      -2.427288639,                 0,                 0
          0,         350,           0,               -32,               -32,               -32,      0.5069844942,                 0,                 0,                 0,      -2.429610763,                 0,                 0
          0,         351,           0,               -32,               -32,               -32,      0.5046674307,                 0,                 0,                 0,      -2.431932852,                 0,                 0
          0,         352,           0,               -32,               -32,               -32,      0.5023502464,                 0,                 0,                 0,      -2.434254907,                 0,                 0
          0,         353,           0,               -32,               -32,               -32,      0.5000329449,                 0,                 0,                 0,      -2.436576927,                 0,                 0
          0,         354,           0,               -32,               -32,               -32,      0.4977155296,                 0,                 0,                 0,      -2.438898916,                 0,                 0
          0,         355,           0,               -32,               -32,               -32,       0.495398004,                 0,                 0,                 0,      -2.441220873,                 0,                 0
          0,         356,           0,               -32,               -32,               -32,      0.4930803714,                 0,                 0,                 0,      -2.443542799,                 0,                 0
          0,         357,           0,               -32,               -32,               -32,      0.4907626349,                 0,                 0,                 0,      -2.445864695,                 0,                 0
          0,         358,           0,               -32,               -32,               -32,      0.4884447977,                 0,                 0,                 0,      -2.448186563,                 0,                 0
          0,         359,           0,               -32,               -32,               -32,      0.4861268628,                 0,                 0,                 0,      -2.450508403,                 0,                 0
          0,         360,           0,               -32,               -32,               -32,       0.483808833,                 0,                 0,                 0,      -2.452830215,                 0,                 0
          0,         361,           0,               -32,               -32,               -32,      0.4814907112,                 0,                 0,                 0,      -2.455152001,                 0,                 0
          0,         362,           0,               -32,               -32,               -32,      0.4791725002,                 0,                 0,                 0,      -2.457473762,                 0,                 0
          0,         363,           0,               -32,               -32,               -32,      0.4768542026,                 0,                 0,                 0,      -2.459795498,                 0,                 0
          0,         364,           0,               -32,               -32,               -32,       0.474535821,                 0,                 0,                 0,       -2.46211721,                 0,                 0
          0,         365,           0,               -32,               -32,               -32,      0.4722173579,                 0,                 0,                 0,      -2.464438898,                 0,                 0
          0,         366,           0,               -32,               -32,               -32,      0.4698988157,                 0,                 0,                 0,      -2.466760564,                 0,                 0
          0,         367,           0,               -32,               -32,               -32,      0.4675801968,                 0,                 0,                 0,      -2.469082208,                 0,                 0
          0,         368,           0,               -32,               -32,               -32,      0.4652615034,                 0,                 0,                 0,       -2.47140383,                 0,                 0
          0,         369,           0,               -32,               -32,               -32,      0.4629427378,                 0,                 0,                 0,      -2.473725432,                 0,                 0
          0,         370,           0,               -32,               -32,               -32,      0.4606239022,                 0,                 0,                 0,      -2.476047014,                 0,                 0
          0,         371,           0,               -32,               -32,               -32,      0.4583049986,                 0,                 0,                 0,      -2.478368576,                 0,                 0
          0,         372,           0,               -32,               -32,               -32,       0.455986029,                 0,                 0,                 0,       -2.48069012,                 0,                 0
          0,         373,           0,               -32,               -32,               -32,      0.4536669954,                 0,                 0,                 0,      -2.483011645,                 0,                 0
          0,         374,           0,               -32,               -32,               -32,      0.4513478997,                 0,                 0,                 0,      -2.485333152,                 0,                 0
          0,         375,           0,               -32,               -32,               -32,      0.4490287438,                 0,                 0,                 0,      -2.487654642,                 0,                 0
          0,         376,           0,               -32,               -32,               -32,      0.4467095294,                 0,                 0,                 0,      -2.489976115,                 0,                 0
          0,         377,           0,               -32,               -32,               -32,      0.4443902583,                 0,                 0,                 0,      -2.492297572,                 0,                 0
          0,         378,           0,               -32,               -32,               -32,      0.4420709322,                 0,                 0,                 0,      -2.494619013,                 0,                 0
          0,         379,           0,               -32,               -32,               -32,      0.4397515526,                 0,                 0,                 0,      -2.496940439,                 0,                 0
          0,         380,           0,               -32,               -32,               -32,      0.4374321213,                 0,                 0,                 0,       -2.49926185,                 0,                 0
          0,         381,           0,               -32,               -32,               -32,      0.4351126397,                 0,                 0,                 0,      -2.501583247,                 0,                 0
          0,         382,           0,               -32,               -32,               -32,      0.4327931093,                 0,                 0,                 0,      -2.503904629,                 0,                 0
          0,         383,           0,               -32,               -32,               -32,      0.4304735316,                 0,                 0,                 0,      -2.506225999,                 0,                 0
          0,         384,           0,               -32,               -32,               -32,      0.4281539079,                 0,                 0,                 0,      -2.508547355,                 0,                 0
          0,         385,           0,               -32,               -32,               -32,      0.4258342397,                 0,                 0,                 0,      -2.510868698,                 0,                 0
          0,         386,           0,               -32,               -32,               -32,      0.4235145283,                 0,                 0,                 0,      -2.513190029,                 0,                 0
          0,         387,           0,               -32,               -32,               -32,      0.4211947749,                 0,                 0,                 0,      -2.515511348,                 0,                 0
          0,         388,           0,               -32,               -32,               -32,      0.4188749808,                 0,                 0,                 0,      -2.517832656,                 0,                 0
          0,         389,           0,               -32,               -32,               -32,      0.4165551471,                 0,                 0,                 0,      -2.520153952,                 0,                 0
          0,         390,           0,               -32,               -32,               -32,      0.4142352751,                 0,                 0,                 0,      -2.522475237,                 0,                 0
          0,         391,           0,               -32,               -32,               -32,       0.411915366,                 0,                 0,                 0,      -2.524796512,                 0,                 0
          0,         392,           0,               -32,               -32,               -32,      0.4095954207,                 0,                 0,                 0,      -2.527117776,                 0,                 0
          0,         393,           0,               -32,               -32,               -32,      0.4072754404,                 0,                 0,                 0,      -2.529439031,                 0,                 0
          0,         394,           0,               -32,               -32,               -32,       0.404955426,                 0,                 0,                 0,      -2.531760275,                 0,                 0
          0,         395,           0,               -32,               -32,               -32,      0.4026353787,                 0,                 0,                 0,      -2.534081511,                 0,                 0
          0,         396,           0,               -32,               -32,               -32,      0.4003152994,                 0,                 0,                 0,      -2.536402737,                 0,                 0
          0,         397,           0,               -32,               -32,               -32,       0.397995189,                 0,                 0,                 0,      -2.538723955,                 0,                 0
          0,         398,           0,               -32,               -32,               -32,      0.3956750485,                 0,                 0,                 0,      -2.541045164,                 0,                 0
          0,         399,           0,               -32,               -32,               -32,      0.3933548786,                 0,                 0,                 0,      -2.543366365,                 0,                 0
          0,         400,           0,               -32,               -32,               -32,      0.3910346804,                 0,                 0,                 0,      -2.545687558,                 0,                 0
          0,         401,           0,               -32,               -32,               -32,      0.3887144546,                 0,                 0,                 0,      -2.548008743,                 0,                 0
          0,         402,           0,               -32,               -32,               -32,      0.3863942021,                 0,                 0,                 0,      -2.550329921,                 0,                 0
          0,         403,           0,               -32,               -32,               -32,      0.3840739236,                 0,                 0,                 0,      -2.552651091,                 0,                 0
          0,         404,           0,               -32,               -32,               -32,      0.3817536199,                 0,                 0,                 0,      -2.554972254,                 0,                 0
          0,         405,           0,               -32,               -32,               -32,      0.3794332918,                 0,                 0,                 0,      -2.557293411,                 0,                 0
          0,         406,           0,               -32,               -32,               -32,      0.3771129399,                 0,                 0,                 0,      -2.559614561,                 0,                 0
          0,         407,           0,               -32,               -32,               -32,       0.374792565,                 0,                 0,                 0,      -2.561935704,                 0,                 0
          0,         408,           0,               -32,               -32,               -32,      0.3724721678,                 0,                 0,                 0,      -2.564256841,                 0,                 0
          0,         409,           0,               -32,               -32,               -32,      0.3701517488,                 0,                 0,                 0,      -2.566577973,                 0,                 0
          0,         410,           0,               -32,               -32,               -32,      0.3678313087,                 0,                 0,                 0,      -2.568899098,                 0,                 0
          0,         411,           0,               -32,               -32,               -32,      0.3655108483,                 0,                 0,                 0,      -2.571220218,                 0,                 0
          0,         412,           0,               -32,               -32,               -32,      0.3631903679,                 0,                 0,                 0,      -2.573541332,                 0,                 0
          0,         413,           0,               -32,               -32,               -32,      0.3608698684,                 0,                 0,                 0,      -2.575862442,                 0,                 0
          0,         414,           0,               -32,               -32,               -32,      0.3585493501,                 0,                 0,                 0,      -2.578183545,                 0,                 0
          0,         415,           0,               -32,               -32,               -32,      0.3562288136,                 0,                 0,                 0,      -2.580504645,                 0,                 0
          0,         416,           0,               -32,               -32,               -32,      0.3539082596,                 0,                 0,                 0,      -2.582825739,                 0,                 0
          0,         417,           0,               -32,               -32,               -32,      0.3515876884,                 0,                 0,                 0,      -2.585146828,                 0,                 0
          0,         418,           0,               -32,               -32,               -32,      0.3492671006,                 0,                 0,                 0,      -2.587467914,                 0,                 0
          0,         419,           0,               -32,               -32,               -32,      0.3469464967,                 0,                 0,                 0,      -2.589788994,                 0,                 0
          0,         420,           0,               -32,               -32,               -32,      0.3446258772,                 0,                 0,                 0,      -2.592110071,                 0,                 0
          0,         421,           0,               -32,               -32,               -32,      0.3423052424,                 0,                 0,                 0,      -2.594431144,                 0,                 0
          0,         422,           0,               -32,               -32,               -32,      0.3399845929,                 0,                 0,                 0,      -2.596752212,                 0,                 0
          0,         423,           0,               -32,               -32,               -32,      0.3376639291,                 0,                 0,                 0,      -2.599073277,                 0,                 0
          0,         424,           0,               -32,               -32,               -32,      0.3353432514,                 0,                 0,                 0,      -2.601394339,                 0,                 0
          0,         425,           0,               -32,               -32,               -32,      0.3330225602,                 0,                 0,                 0,      -2.603715396,                 0,                 0
          0,         426,           0,               -32,               -32,               -32,      0.3307018559,                 0,                 0,                 0,      -2.606036451,                 0,                 0
          0,         427,           0,               -32,               -32,               -32,      0.3283811389,                 0,                 0,                 0,      -2.608357502,                 0,                 0
          0,         428,           0,               -32,               -32,               -32,      0.3260604095,                 0,                 0,                 0,       -2.61067855,                 0,                 0
          0,         429,           0,               -32,               -32,               -32,      0.3237396681,                 0,                 0,                 0,      -2.612999594,                 0,                 0
          0,         430,           0,               -32,               -32,               -32,       0.321418915,                 0,                 0,                 0,      -2.615320636,                 0,                 0
          0,         431,           0,               -32,               -32,               -32,      0.3190981506,                 0,                 0,                 0,      -2.617641675,                 0,                 0
          0,         432,           0,               -32,               -32,               -32,      0.3167773753,                 0,                 0,                 0,      -2.619962711,                 0,                 0
          0,         433,           0,               -32,               -32,               -32,      0.3144565893,                 0,                 0,                 0,      -2.622283745,                 0,                 0
          0,         434,           0,               -32,               -32,               -32,      0.3121357929,                 0,                 0,                 0,      -2.624604776,                 0,                 0
          0,         435,           0,               -32,               -32,               -32,      0.3098149864,                 0,                 0,                 0,      -2.626925804,                 0,                 0
          0,         436,           0,               -32,               -32,               -32,      0.3074941702,                 0,                 0,                 0,       -2.62924683,                 0,                 0
          0,         437,           0,               -32,               -32,               -32,      0.3051733445,                 0,                 0,                 0,      -2.631567854,                 0,                 0
          0,         438,           0,               -32,               -32,               -32,      0.3028525096,                 0,                 0,                 0,      -2.633888876,                 0,                 0
          0,         439,           0,               -32,               -32,               -32,      0.3005316657,                 0,                 0,                 0,      -2.636209895,                 0,                 0
          0,         440,           0,               -32,               -32,               -32,      0.2982108131,                 0,                 0,                 0,      -2.638530913,                 0,                 0
          0,         441,           0,               -32,               -32,               -32,       0.295889952,                 0,                 0,                 0,      -2.640851928,                 0,                 0
          0,         442,           0,               -32,               -32,               -32,      0.2935690828,                 0,                 0,                 0,      -2.643172942,                 0,                 0
          0,         443,           0,               -32,               -32,               -32,      0.2912482056,                 0,                 0,                 0,      -2.645493953,                 0,                 0
          0,         444,           0,               -32,               -32,               -32,      0.2889273206,                 0,                 0,                 0,      -2.647814963,                 0,                 0
          0,         445,           0,               -32,               -32,               -32,      0.2866064281,                 0,                 0,                 0,      -2.650135971,                 0,                 0
          0,         446,           0,               -32,               -32,               -32,      0.2842855283,                 0,                 0,                 0,      -2.652456978,                 0,                 0
          0,         447,           0,               -32,               -32,               -32,      0.2819646214,                 0,                 0,                 0,      -2.654777983,                 0,                 0
          0,         448,           0,               -32,               -32,               -32,      0.2796437076,                 0,                 0,                 0,      -2.657098987,                 0,                 0
          0,         449,           0,               -32,               -32,               -32,      0.2773227871,                 0,                 0,                 0,      -2.659419989,                 0,                 0
          0,         450,           0,               -32,               -32,               -32,        0.27500186,                 0,                 0,                 0,       -2.66174099,                 0,                 0
          0,         451,           0,               -32,               -32,               -32,      0.2726809267,                 0,                 0,                 0,      -2.664061989,                 0,                 0
          0,         452,           0,               -32,               -32,               -32,      0.2703599872,                 0,                 0,                 0,      -2.666382988,                 0,                 0
          0,         453,           0,               -32,               -32,               -32,      0.2680390417,                 0,                 0,                 0,      -2.668703985,                 0,                 0
          0,         454,           0,               -32,               -32,               -32,      0.2657180903,                 0,                 0,                 0,      -2.671024981,                 0,                 0
          0,         455,           0,               -32,               -32,               -32,      0.2633971334,                 0,                 0,                 0,      -2.673345975,                 0,                 0
          0,         456,           0,               -32,               -32,               -32,      0.2610761709,                 0,                 0,                 0,      -2.675666969,                 0,                 0
          0,         457,           0,               -32,               -32,               -32,      0.2587552031,                 0,                 0,                 0,      -2.677987962,                 0,                 0
          0,         458,           0,               -32,               -32,               -32,      0.2564342302,                 0,                 0,                 0,      -2.680308954,                 0,                 0
          0,         459,           0,               -32,               -32,               -32,      0.2541132521,                 0,                 0,                 0,      -2.682629945,                 0,                 0
          0,         460,           0,               -32,               -32,               -32,      0.2517922692,                 0,                 0,                 0,      -2.684950935,                 0,                 0
          0,         461,           0,               -32,               -32,               -32,      0.2494712815,                 0,                 0,                 0,      -2.687271924,                 0,                 0
          0,         462,           0,               -32,               -32,               -32,      0.2471502892,                 0,                 0,                 0,      -2.689592913,                 0,                 0
          0,         463,           0,               -32,               -32,               -32,      0.2448292923,                 0,                 0,                 0,      -2.691913901,                 0,                 0
          0,         464,           0,               -32,               -32,               -32,      0.2425082911,                 0,                 0,                 0,      -2.694234888,                 0,                 0
          0,         465,           0,               -32,               -32,               -32,      0.2401872856,                 0,                 0,                 0,      -2.696555874,                 0,                 0
          0,         466,           0,               -32,               -32,               -32,       0.237866276,                 0,                 0,                 0,       -2.69887686,                 0,                 0
          0,         467,           0,               -32,               -32,               -32,      0.2355452623,                 0,                 0,                 0,      -2.701197846,                 0,                 0
          0,         468,           0,               -32,               -32,               -32,      0.2332242447,                 0,                 0,                 0,       -2.70351883,                 0,                 0
          0,         469,           0,               -32,               -32,               -32,      0.2309032233,                 0,                 0,                 0,      -2.705839815,                 0,                 0
          0,         470,           0,               -32,               -32,               -32,      0.2285821982,                 0,                 0,                 0,      -2.708160798,                 0,                 0
          0,         471,           0,               -32,               -32,               -32,      0.2262611695,                 0,                 0,                 0,      -2.710481782,                 0,                 0
          0,         472,           0,               -32,               -32,               -32,      0.2239401373,                 0,                 0,                 0,      -2.712802765,                 0,                 0
          0,         473,           0,               -32,               -32,               -32,      0.2216191016,                 0,                 0,                 0,      -2.715123747,                 0,                 0
          0,         474,           0,               -32,               -32,               -32,      0.2192980626,                 0,                 0,                 0,       -2.71744473,                 0,                 0
          0,         475,           0,               -32,               -32,               -32,      0.2169770204,                 0,                 0,                 0,      -2.719765712,                 0,                 0
          0,         476,           0,               -32,               -32,               -32,       0.214655975,                 0,                 0,                 0,      -2.722086693,                 0,                 0
          0,         477,           0,               -32,               -32,               -32,      0.2123349266,                 0,                 0,                 0,      -2.724407675,                 0,                 0
          0,         478,           0,               -32,               -32,               -32,      0.2100138752,                 0,                 0,                 0,      -2.726728656,                 0,                 0
          0,         479,           0,               -32,               -32,               -32,      0.2076928209,                 0,                 0,                 0,      -2.729049637,                 0,                 0
          0,         480,           0,               -32,               -32,               -32,      0.2053717637,                 0,                 0,                 0,      -2.731370618,                 0,                 0
          0,         481,           0,               -32,               -32,               -32,      0.2030507038,                 0,                 0,                 0,      -2.733691599,                 0,                 0
          0,         482,           0,               -32,               -32,               -32,      0.2007296413,                 0,                 0,                 0,      -2.736012579,                 0,                 0
          0,         483,           0,               -32,               -32,               -32,      0.1984085761,                 0,                 0,                 0,       -2.73833356,                 0,                 0
          0,         484,           0,               -32,               -32,               -32,      0.1960875083,                 0,                 0,                 0,       -2.74065454,                 0,                 0
          0,         485,           0,               -32,               -32,               -32,      0.1937664381,                 0,                 0,                 0,       -2.74297552,                 0,                 0
          0,         486,           0,               -32,               -32,               -32,      0.1914453655,                 0,                 0,                 0,        -2.7452965,                 0,                 0
          0,         487,           0,               -32,               -32,               -32,      0.1891242905,                 0,                 0,                 0,      -2.747617481,                 0,                 0
          0,         488,           0,               -32,               -32,               -32,      0.1868032133,                 0,                 0,                 0,      -2.749938461,                 0,                 0
          0,         489,           0,               -32,               -32,               -32,      0.1844821338,                 0,                 0,                 0,      -2.752259441,                 0,                 0
          0,         490,           0,               -32,               -32,               -32,      0.1821610521,                 0,                 0,                 0,      -2.754580422,                 0,                 0
          0,         491,           0,               -32,               -32,               -32,      0.1798399683,                 0,                 0,                 0,      -2.756901402,                 0,                 0
          0,         492,           0,               -32,               -32,               -32,      0.1775188825,                 0,                 0,                 0,      -2.759222382,                 0,                 0
          0,         493,           0,               -32,               -32,               -32,      0.1751977946,                 0,                 0,                 0,      -2.761543363,                 0,                 0
          0,         494,           0,               -32,               -32,               -32,      0.1728767048,                 0,                 0,                 0,      -2.763864344,                 0,                 0
          0,         495,           0,               -32,               -32,               -32,       0.170555613,                 0,                 0,                 0,      -2.766185324,                 0,                 0
          0,         496,           0,               -32,               -32,               -32,      0.1682345194,                 0,                 0,                 0,      -2.768506305,                 0,                 0
          0,         497,           0,               -32,               -32,               -32,       0.165913424,                 0,                 0,                 0,      -2.770827287,                 0,                 0
          0,         498,           0,               -32,               -32,               -32,      0.1635923268,                 0,                 0,                 0,      -2.773148268,                 0,                 0
          0,         499,           0,               -32,               -32,               -32,      0.1612712279,                 0,                 0,                 0,      -2.775469249,                 0,                 0
          0,         500,           0,               -32,               -32,               -32,      0.1589501273,                 0,                 0,                 0,      -2.777790231,                 0,                 0
          0,         501,           0,               -32,               -32,               -32,       0.156629025,                 0,                 0,                 0,      -2.780111213,                 0,                 0
          0,         502,           0,               -32,               -32,               -32,      0.1543079211,                 0,                 0,                 0,      -2.782432195,                 0,                 0
          0,         503,           0,               -32,               -32,               -32,      0.1519868157,                 0,                 0,                 0,      -2.784753177,                 0,                 0
          0,         504,           0,               -32,               -32,               -32,      0.1496657087,                 0,                 0,                 0,       -2.78707416,                 0,                 0
          0,         505,           0,               -32,               -32,               -32,      0.1473446003,                 0,                 0,                 0,      -2.789395143,                 0,                 0
          0,         506,           0,               -32,               -32,               -32,      0.1450234904,                 0,                 0,                 0,      -2.791716126,                 0,                 0
          0,         507,           0,               -32,               -32,               -32,       0.142702379,                 0,                 0,                 0,      -2.794037109,                 0,                 0
          0,         508,           0,               -32,               -32,               -32,      0.1403812663,                 0,                 0,                 0,      -2.796358093,                 0,                 0
          0,         509,           0,               -32,               -32,               -32,      0.1380601522,                 0,                 0,                 0,      -2.798679077,                 0,                 0
          0,         510,           0,               -32,               -32,               -32,      0.1357390368,                 0,                 0,                 0,      -2.801000062,                 0,                 0
          0,         511,           0,               -32,               -32,               -32,        0.13341792,                 0,                 0,                 0,      -2.803321046,                 0,                 0
          0,         512,           0,               -32,               -32,               -32,      0.1310968021,                 0,                 0,                 0,      -2.805642032,                 0,                 0
          0,         513,           0,               -32,               -32,               -32,      0.1287756828,                 0,                 0,                 0,      -2.807963017,                 0,                 0
          0,         514,           0,               -32,               -32,               -32,      0.1264545624,                 0,                 0,                 0,      -2.810284003,                 0,                 0
          0,         515,           0,               -32,               -32,               -32,      0.1241334408,                 0,                 0,                 0,      -2.812604989,                 0,                 0
          0,         516,           0,               -32,               -32,               -32,       0.121812318,                 0,                 0,                 0,      -2.814925976,                 0,                 0
          0,         517,           0,               -32,               -32,               -32,      0.1194911941,                 0,                 0,                 0,      -2.817246963,                 0,                 0
          0,         518,           0,               -32,               -32,               -32,      0.1171700691,                 0,                 0,                 0,       -2.81956795,                 0,                 0
          0,         519,           0,               -32,               -32,               -32,       0.114848943,                 0,                 0,                 0,      -2.821888938,                 0,                 0
          0,         520,           0,               -32,               -32,               -32,      0.1125278158,                 0,                 0,                 0,      -2.824209926,                 0,                 0
          0,         521,           0,               -32,               -32,               -32,      0.1102066877,                 0,                 0,                 0,      -2.826530914,                 0,                 0
          0,         522,           0,               -32,               -32,               -32,      0.1078855585,                 0,                 0,                 0,      -2.828851903,                 0,                 0
          0,         523,           0,               -32,               -32,               -32,      0.1055644283,                 0,                 0,                 0,      -2.831172893,                 0,                 0
          0,         524,           0,               -32,               -32,               -32,      0.1032432971,                 0,                 0,                 0,      -2.833493883,                 0,                 0
          0,         525,           0,               -32,               -32,               -32,       0.100922165,                 0,                 0,                 0,      -2.835814873,                 0,                 0
          0,         526,           0,               -32,               -32,               -32,     0.09860103194,                 0,                 0,                 0,      -2.838135864,                 0,                 0
          0,         527,           0,               -32,               -32,               -32,     0.09627989798,                 0,                 0,                 0,      -2.840456855,                 0,                 0
          0,         528,           0,               -32,               -32,               -32,     0.09395876313,                 0,                 0,                 0,      -2.842777847,                 0,                 0
          0,         529,           0,               -32,               -32,               -32,      0.0916376274,                 0,                 0,                 0,      -2.845098839,                 0,                 0
          0,         530,           0,               -32,               -32,               -32,     0.08931649082,                 0,                 0,                 0,      -2.847419832,                 0,                 0
          0,         531,           0,               -32,               -32,               -32,     0.08699535339,                 0,                 0,                 0,      -2.849740825,                 0,                 0
          0,         532,           0,               -32,               -32,               -32,     0.08467421514,                 0,                 0,                 0,      -2.852061819,                 0,                 0
          0,         533,           0,               -32,               -32,               -32,     0.08235307609,                 0,                 0,                 0,      -2.854382813,                 0,                 0
          0,         534,           0,               -32,               -32,               -32,     0.08003193624,                 0,                 0,                 0,      -2.856703808,                 0,                 0
          0,         535,           0,               -32,               -32,               -32,     0.07771079561,                 0,                 0,                 0,      -2.859024803,                 0,                 0
          0,         536,           0,               -32,               -32,               -32,     0.07538965422,                 0,                 0,                 0,      -2.861345798,                 0,                 0
          0,         537,           0,               -32,               -32,               -32,     0.07306851208,                 0,                 0,                 0,      -2.863666795,                 0,                 0
          0,         538,           0,               -32,               -32,               -32,     0.07074736921,                 0,                 0,                 0,      -2.865987791,                 0,                 0
          0,         539,           0,               -32,               -32,               -32,     0.06842622562,                 0,                 0,                 0,      -2.868308789,                 0,                 0
          0,         540,           0,               -32,               -32,               -32,     0.06610508132,                 0,                 0,                 0,      -2.870629786,                 0,                 0
          0,         541,           0,               -32,               -32,               -32,     0.06378393633,                 0,                 0,                 0,      -2.872950785,                 0,                 0
          0,         542,           0,               -32,               -32,               -32,     0.06146279065,                 0,                 0,                 0,      -2.875271783,                 0,                 0
          0,         543,           0,               -32,               -32,               -32,     0.05914164431,                 0,                 0,                 0,      -2.877592783,                 0,                 0
          0,         544,           0,               -32,               -32,               -32,     0.05682049731,                 0,                 0,                 0,      -2.879913783,                 0,                 0
          0,         545,           0,               -32,               -32,               -32,     0.05449934966,                 0,                 0,                 0,      -2.882234783,                 0,                 0
          0,         546,           0,               -32,               -32,               -32,     0.05217820137,                 0,                 0,                 0,      -2.884555784,                 0,                 0
          0,         547,           0,               -32,               -32,               -32,     0.04985705246,                 0,                 0,                 0,      -2.886876786,                 0,                 0
          0,         548,           0,               -32,               -32,               -32,     0.04753590294,                 0,                 0,                 0,      -2.889197788,                 0,                 0
          0,         549,           0,               -32,               -32,               -32,     0.04521475281,                 0,                 0,                 0,      -2.891518791,                 0,                 0
          0,         550,           0,               -32,               -32,               -32,     0.04289360208,                 0,                 0,                 0,      -2.893839794,                 0,                 0
          0,         551,           0,               -32,               -32,               -32,     0.04057245078,                 0,                 0,                 0,      -2.896160798,                 0,                 0
          0,         552,           0,               -32,               -32,               -32,     0.03825129889,                 0,                 0,                 0,      -2.898481802,                 0,                 0
          0,         553,           0,               -32,               -32,               -32,     0.03593014645,                 0,                 0,                 0,      -2.900802807,                 0,                 0
          0,         554,           0,               -32,               -32,               -32,     0.03360899344,                 0,                 0,                 0,      -2.903123812,                 0,                 0
          0,         555,           0,               -32,               -32,               -32,     0.03128783989,                 0,                 0,                 0,      -2.905444818,                 0,                 0
          0,         556,           0,               -32,               -32,               -32,      0.0289666858,                 0,                 0,                 0,      -2.907765825,                 0,                 0
          0,         557,           0,               -32,               -32,               -32,     0.02664553117,                 0,                 0,                 0,      -2.910086832,                 0,                 0
          0,         558,           0,               -32,               -32,               -32,     0.02432437603,                 0,                 0,                 0,       -2.91240784,                 0,                 0
          0,         559,           0,               -32,               -32,               -32,     0.02200322036,                 0,                 0,                 0,      -2.914728848,                 0,                 0
          0,         560,           0,               -32,               -32,               -32,     0.01968206419,                 0,                 0,                 0,      -2.917049857,                 0,                 0
          0,         561,           0,               -32,               -32,               -32,     0.01736090752,                 0,                 0,                 0,      -2.919370867,                 0,                 0
          0,         562,           0,               -32,               -32,               -32,     0.01503975035,                 0,                 0,                 0,      -2.921691877,                 0,                 0
          0,         563,           0,               -32,               -32,               -32,      0.0127185927,                 0,                 0,                 0,      -2.924012888,                 0,                 0
          0,         564,           0,               -32,               -32,               -32,     0.01039743456,                 0,                 0,                 0,      -2.926333899,                 0,                 0
          0,         565,           0,               -32,               -32,               -32,    0.008076275957,                 0,                 0,                 0,      -2.928654911,                 0,                 0
          0,         566,           0,               -32,               -32,               -32,    0.005755116883,                 0,                 0,                 0,      -2.930975923,                 0,                 0
          0,         567,           0,               -32,               -32,               -32,    0.003433957349,                 0,                 0,                 0,      -2.933296937,                 0,                 0
          0,         568,           0,               -32,               -32,               -32,     0.00111279736,                 0,                 0,                 0,       -2.93561795,                 0,                 0
          0,         569,           0,               -32,               -32,               -32,   -0.001208363078,                 0,                 0,                 0,      -2.937938965,                 0,                 0
          0,         570,           0,               -32,               -32,               -32,   -0.003529523957,                 0,                 0,                 0,      -2.940259979,                 0,                 0
          0,         571,           0,               -32,               -32,               -32,   -0.005850685276,                 0,                 0,                 0,      -2.942580995,                 0,                 0
          0,         572,           0,               -32,               -32,               -32,   -0.008171847025,                 0,                 0,                 0,      -2.944902011,                 0,                 0
          0,         573,           0,               -32,               -32,               -32,     -0.0104930092,                 0,                 0,                 0,      -2.947223028,                 0,                 0
          0,         574,           0,               -32,               -32,               -32,     -0.0128141718,                 0,                 0,                 0,      -2.949544045,                 0,                 0
          0,         575,           0,               -32,               -32,               -32,    -0.01513533481,                 0,                 0,                 0,      -2.951865063,                 0,                 0
          0,         576,           0,               -32,               -32,               -32,    -0.01745649823,                 0,                 0,                 0,      -2.954186081,                 0,                 0
          0,         577,           0,               -32,               -32,               -32,    -0.01977766207,                 0,                 0,                 0,        -2.9565071,                 0,                 0
          0,         578,           0,               -32,               -32,               -32,     -0.0220988263,                 0,                 0,                 0,       -2.95882812,                 0,                 0
          0,         579,           0,               -32,               -32,               -32,    -0.02441999093,                 0,                 0,                 0,       -2.96114914,                 0,                 0
          0,         580,           0,               -32,               -32,               -32,    -0.02674115595,                 0,                 0,                 0,      -2.963470161,                 0,                 0
          0,         581,           0,               -32,               -32,               -32,    -0.02906232136,                 0,                 0,                 0,      -2.965791183,                 0,                 0
          0,         582,           0,               -32,               -32,               -32,    -0.03138348715,                 0,                 0,                 0,      -2.968112205,                 0,                 0
          0,         583,           0,               -32,               -32,               -32,    -0.03370465333,                 0,                 0,                 0,      -2.970433227,                 0,                 0
          0,         584,           0,               -32,               -32,               -32,    -0.03602581988,                 0,                 0,                 0,      -2.972754251,                 0,                 0
          0,         585,           0,               -32,               -32,               -32,     -0.0383469868,                 0,                 0,                 0,      -2.975075275,                 0,                 0
          0,         586,           0,               -32,               -32,               -32,    -0.04066815409,                 0,                 0,                 0,      -2.977396299,                 0,                 0
          0,         587,           0,               -32,               -32,               -32,    -0.04298932174,                 0,                 0,                 0,      -2.979717324,                 0,                 0
          0,         588,           0,               -32,               -32,               -32,    -0.04531048975,                 0,                 0,                 0,       -2.98203835,                 0,                 0
          0,         589,           0,               -32,               -32,               -32,    -0.04763165813,                 0,                 0,                 0,      -2.984359376,                 0,                 0
          0,         590,           0,               -32,               -32,               -32,    -0.04995282685,                 0,                 0,                 0,      -2.986680403,                 0,                 0
          0,         591,           0,               -32,               -32,               -32,    -0.05227399593,                 0,                 0,                 0,      -2.989001431,                 0,                 0
          0,         592,           0,               -32,               -32,               -32,    -0.05459516535,                 0,                 0,                 0,      -2.991322459,                 0,                 0
          0,         593,           0,               -32,               -32,               -32,    -0.05691633511,                 0,                 0,                 0,      -2.993643488,                 0,                 0
          0,         594,           0,               -32,               -32,               -32,    -0.05923750522,                 0,                 0,                 0,      -2.995964517,                 0,                 0
          0,         595,           0,               -32,               -32,               -32,    -0.06155867566,                 0,                 0,                 0,      -2.998285547,                 0,                 0
          0,         596,           0,               -32,               -32,               -32,    -0.06387984643,                 0,                 0,                 0,      -3.000606578,                 0,                 0
          0,         597,           0,               -32,               -32,               -32,    -0.06620101754,                 0,                 0,                 0,      -3.002927609,                 0,                 0
          0,         598,           0,               -32,               -32,               -32,    -0.06852218898,                 0,                 0,                 0,      -3.005248641,                 0,                 0
          0,         599,           0,               -32,               -32,               -32,    -0.07084336074,                 0,                 0,                 0,      -3.007569673,                 0,                 0
          0,         600,           0,               -32,               -32,               -32,    -0.07316453282,                 0,                 0,                 0,      -3.009890706,                 0,                 0
          0,         601,           0,               -32,               -32,               -32,    -0.07548570523,                 0,                 0,                 0,       -3.01221174,                 0,                 0
          0,         602,           0,               -32,               -32,               -32,    -0.07780687795,                 0,                 0,                 0,      -3.014532774,                 0,                 0
          0,         603,           0,               -32,               -32,               -32,    -0.08012805099,                 0,                 0,                 0,      -3.016853809,                 0,                 0
          0,         604,           0,               -32,               -32,               -32,    -0.08244922433,                 0,                 0,                 0,      -3.019174845,                 0,                 0
          0,         605,           0,               -32,               -32,               -32,    -0.08477039799,                 0,                 0,                 0,      -3.021495881,                 0,                 0
          0,         606,           0,               -32,               -32,               -32,    -0.08709157196,                 0,                 0,                 0,      -3.023816917,                 0,                 0
          0,         607,           0,               -32,               -32,               -32,    -0.08941274623,                 0,                 0,                 0,      -3.026137955,                 0,                 0
          0,         608,           0,               -32,               -32,               -32,     -0.0917339208,                 0,                 0,                 0,      -3.028458992,                 0,                 0
          0,         609,           0,               -32,               -32,               -32,    -0.09405509567,                 0,                 0,                 0,      -3.030780031,                 0,                 0
          0,         610,           0,               -32,               -32,               -32,    -0.09637627085,                 0,                 0,                 0,       -3.03310107,                 0,                 0
          0,         611,           0,               -32,               -32,               -32,    -0.09869744631,                 0,                 0,                 0,       -3.03542211,                 0,                 0
          0,         612,           0,               -32,               -32,               -32,     -0.1010186221,                 0,                 0,                 0,       -3.03774315,                 0,                 0
          0,         613,           0,               -32,               -32,               -32,     -0.1033397981,                 0,                 0,                 0,      -3.040064191,                 0,                 0
          0,         614,           0,               -32,               -32,               -32,     -0.1056609745,                 0,                 0,                 0,      -3.042385232,                 0,                 0
          0,         615,           0,               -32,               -32,               -32,     -0.1079821511,                 0,                 0,                 0,      -3.044706274,                 0,                 0
          0,         616,           0,               -32,               -32,               -32,      -0.110303328,                 0,                 0,                 0,      -3.047027317,                 0,                 0
          0,         617,           0,               -32,               -32,               -32,     -0.1126245052,                 0,                 0,                 0,       -3.04934836,                 0,                 0
          0,         618,           0,               -32,               -32,               -32,     -0.1149456827,                 0,                 0,                 0,      -3.051669404,                 0,                 0
          0,         619,           0,               -32,               -32,               -32,     -0.1172668605,                 0,                 0,                 0,      -3.053990449,                 0,                 0
          0,         620,           0,               -32,               -32,               -32,     -0.1195880385,                 0,                 0,                 0,      -3.056311494,                 0,                 0
          0,         621,           0,               -32,               -32,               -32,     -0.1219092168,                 0,                 0,                 0,       -3.05863254,                 0,                 0
          0,         622,           0,               -32,               -32,               -32,     -0.1242303954,                 0,                 0,                 0,      -3.060953586,                 0,                 0
          0,         623,           0,               -32,               -32,               -32,     -0.1265515743,                 0,                 0,                 0,      -3.063274633,                 0,                 0
          0,         624,           0,               -32,               -32,               -32,     -0.1288727534,                 0,                 0,                 0,       -3.06559568,                 0,                 0
          0,         625,           0,               -32,               -32,               -32,     -0.1311939328,                 0,                 0,                 0,      -3.067916728,                 0,                 0
          0,         626,           0,               -32,               -32,               -32,     -0.1335151125,                 0,                 0,                 0,      -3.070237777,                 0,                 0
          0,         627,           0,               -32,               -32,               -32,     -0.1358362924,                 0,                 0,                 0,      -3.072558826,                 0,                 0
          0,         628,           0,               -32,               -32,               -32,     -0.1381574726,                 0,                 0,                 0,      -3.074879876,                 0,                 0
          0,         629,           0,               -32,               -32,               -32,     -0.1404786531,                 0,                 0,                 0,      -3.077200926,                 0,                 0
          0,         630,           0,               -32,               -32,               -32,     -0.1427998338,                 0,                 0,                 0,      -3.079521977,                 0,                 0
          0,         631,           0,               -32,               -32,               -32,     -0.1451210148,                 0,                 0,                 0,      -3.081843029,                 0,                 0
          0,         632,           0,               -32,               -32,               -32,     -0.1474421961,                 0,                 0,                 0,      -3.084164081,                 0,                 0
          0,         633,           0,               -32,               -32,               -32,     -0.1497633776,                 0,                 0,                 0,      -3.086485134,                 0,                 0
          0,         634,           0,               -32,               -32,               -32,     -0.1520845593,                 0,                 0,                 0,      -3.088806187,                 0,                 0
          0,         635,           0,               -32,               -32,               -32,     -0.1544057413,                 0,                 0,                 0,      -3.091127241,                 0,                 0
          0,         636,           0,               -32,               -32,               -32,     -0.1567269236,                 0,                 0,                 0,      -3.093448296,                 0,                 0
          0,         637,           0,               -32,               -32,               -32,     -0.1590481061,                 0,                 0,                 0,      -3.095769351,                 0,                 0
          0,         638,           0,               -32,               -32,               -32,     -0.1613692889,                 0,                 0,                 0,      -3.098090407,                 0,                 0
          0,         639,           0,               -32,               -32,               -32,     -0.1636904719,                 0,                 0,                 0,      -3.100411463,                 0,                 0
          0,         640,           0,               -32,               -32,               -32,     -0.1660116552,                 0,                 0,                 0,       -3.10273252,                 0,                 0
          0,         641,           0,               -32,               -32,               -32,     -0.1683328387,                 0,                 0,                 0,      -3.105053577,                 0,                 0
          0,         642,           0,               -32,               -32,               -32,     -0.1706540225,                 0,                 0,                 0,      -3.107374635,                 0,                 0
          0,         643,           0,               -32,               -32,               -32,     -0.1729752065,                 0,                 0,                 0,      -3.109695694,                 0,                 0
          0,         644,           0,               -32,               -32,               -32,     -0.1752963907,                 0,                 0,                 0,      -3.112016753,                 0,                 0
          0,         645,           0,               -32,               -32,               -32,     -0.1776175752,                 0,                 0,                 0,      -3.114337813,                 0,                 0
          0,         646,           0,               -32,               -32,               -32,     -0.1799387599,                 0,                 0,                 0,      -3.116658873,                 0,                 0
          0,         647,           0,               -32,               -32,               -32,     -0.1822599449,                 0,                 0,                 0,      -3.118979934,                 0,                 0
          0,         648,           0,               -32,               -32,               -32,     -0.1845811301,                 0,                 0,                 0,      -3.121300995,                 0,                 0
          0,         649,           0,               -32,               -32,               -32,     -0.1869023156,                 0,                 0,                 0,      -3.123622057,                 0,                 0
          0,         650,           0,               -32,               -32,               -32,     -0.1892235012,                 0,                 0,                 0,       -3.12594312,                 0,                 0
          0,         651,           0,               -32,               -32,               -32,     -0.1915446871,                 0,                 0,                 0,      -3.128264183,                 0,                 0
          0,         652,           0,               -32,               -32,               -32,     -0.1938658733,                 0,                 0,                 0,      -3.130585247,                 0,                 0
          0,         653,           0,               -32,               -32,               -32,     -0.1961870597,                 0,                 0,                 0,      -3.132906311,                 0,                 0
          0,         654,           0,               -32,               -32,               -32,     -0.1985082463,                 0,                 0,                 0,      -3.135227376,                 0,                 0
          0,         655,           0,               -32,               -32,               -32,     -0.2008294331,                 0,                 0,                 0,      -3.137548441,                 0,                 0
          0,         656,           0,               -32,               -32,               -32,     -0.2031506202,                 0,                 0,                 0,      -3.139869507,                 0,                 0
          0,         657,           0,               -32,               -32,               -32,     -0.2054718075,                 0,                 0,                 0,      -3.142190574,                 0,                 0
          0,         658,           0,               -32,               -32,               -32,      -0.207792995,                 0,                 0,                 0,      -3.144511641,                 0,                 0
          0,         659,           0,               -32,               -32,               -32,     -0.2101141828,                 0,                 0,                 0,      -3.146832709,                 0,                 0
          0,         660,           0,               -32,               -32,               -32,     -0.2124353708,                 0,                 0,                 0,      -3.149153777,                 0,                 0
          0,         661,           0,               -32,               -32,               -32,      -0.214756559,                 0,                 0,                 0,      -3.151474846,                 0,                 0
          0,         662,           0,               -32,               -32,               -32,     -0.2170777474,                 0,                 0,                 0,      -3.153795915,                 0,                 0
          0,         663,           0,               -32,               -32,               -32,     -0.2193989361,                 0,                 0,                 0,      -3.156116985,                 0,                 0
          0,         664,           0,               -32,               -32,               -32,     -0.2217201249,                 0,                 0,                 0,      -3.158438055,                 0,                 0
          0,         665,           0,               -32,               -32,               -32,      -0.224041314,                 0,                 0,                 0,      -3.160759126,                 0,                 0
          0,         666,           0,               -32,               -32,               -32,     -0.2263625033,                 0,                 0,                 0,      -3.163080198,                 0,                 0
          0,         667,           0,               -32,               -32,               -32,     -0.2286836929,                 0,                 0,                 0,       -3.16540127,                 0,                 0
          0,         668,           0,               -32,               -32,               -32,     -0.2310048826,                 0,                 0,                 0,      -3.167722342,                 0,                 0
          0,         669,           0,               -32,               -32,               -32,     -0.2333260726,                 0,                 0,                 0,      -3.170043416,                 0,                 0
          0,         670,           0,               -32,               -32,               -32,     -0.2356472628,                 0,                 0,                 0,      -3.172364489,                 0,                 0
          0,         671,           0,               -32,               -32,               -32,     -0.2379684532,                 0,                 0,                 0,      -3.174685564,                 0,                 0
          0,         672,           0,               -32,               -32,               -32,     -0.2402896438,                 0,                 0,                 0,      -3.177006638,                 0,                 0
          0,         673,           0,               -32,               -32,               -32,     -0.2426108346,                 0,                 0,                 0,      -3.179327714,                 0,                 0
          0,         674,           0,               -32,               -32,               -32,     -0.2449320257,                 0,                 0,                 0,       -3.18164879,                 0,                 0
          0,         675,           0,               -32,               -32,               -32,     -0.2472532169,                 0,                 0,                 0,      -3.183969866,                 0,                 0
          0,         676,           0,               -32,               -32,               -32,     -0.2495744084,                 0,                 0,                 0,      -3.186290943,                 0,                 0
          0,         677,           0,               -32,               -32,               -32,     -0.2518956001,                 0,                 0,                 0,      -3.188612021,                 0,                 0
          0,         678,           0,               -32,               -32,               -32,      -0.254216792,                 0,                 0,                 0,      -3.190933099,                 0,                 0
          0,         679,           0,               -32,               -32,               -32,     -0.2565379841,                 0,                 0,                 0,      -3.193254177,                 0,                 0
          0,         680,           0,               -32,               -32,               -32,     -0.2588591764,                 0,                 0,                 0,      -3.195575257,                 0,                 0
          0,         681,           0,               -32,               -32,               -32,     -0.2611803689,                 0,                 0,                 0,      -3.197896336,                 0,                 0
          0,         682,           0,               -32,               -32,               -32,     -0.2635015616,                 0,                 0,                 0,      -3.200217416,                 0,                 0
          0,         683,           0,               -32,               -32,               -32,     -0.2658227545,                 0,                 0,                 0,      -3.202538497,                 0,                 0
          0,         684,           0,               -32,               -32,               -32,     -0.2681439477,                 0,                 0,                 0,      -3.204859578,                 0,                 0
          0,         685,           0,               -32,               -32,               -32,      -0.270465141,                 0,                 0,                 0,       -3.20718066,                 0,                 0
          0,         686,           0,               -32,               -32,               -32,     -0.2727863345,                 0,                 0,                 0,      -3.209501743,                 0,                 0
          0,         687,           0,               -32,               -32,               -32,     -0.2751075283,                 0,                 0,                 0,      -3.211822825,                 0,                 0
          0,         688,           0,               -32,               -32,               -32,     -0.2774287222,                 0,                 0,                 0,      -3.214143909,                 0,                 0
          0,         689,           0,               -32,               -32,               -32,     -0.2797499163,                 0,                 0,                 0,      -3.216464993,                 0,                 0
          0,         690,           0,               -32,               -32,               -32,     -0.2820711107,                 0,                 0,                 0,      -3.218786077,                 0,                 0
          0,         691,           0,               -32,               -32,               -32,     -0.2843923052,                 0,                 0,                 0,      -3.221107162,                 0,                 0
          0,         692,           0,               -32,               -32,               -32,        -0.2867135,                 0,                 0,                 0,      -3.223428247,                 0,                 0
          0,         693,           0,               -32,               -32,               -32,     -0.2890346949,                 0,                 0,                 0,      -3.225749333,                 0,                 0
          0,         694,           0,               -32,               -32,               -32,       -0.29135589,                 0,                 0,                 0,       -3.22807042,                 0,                 0
          0,         695,           0,               -32,               -32,               -32,     -0.2936770854,                 0,                 0,                 0,      -3.230391507,                 0,                 0
          0,         696,           0,               -32,               -32,               -32,     -0.2959982809,                 0,                 0,                 0,      -3.232712594,                 0,                 0
          0,         697,           0,               -32,               -32,               -32,     -0.2983194766,                 0,                 0,                 0,      -3.235033683,                 0,                 0
          0,         698,           0,               -32,               -32,               -32,     -0.3006406726,                 0,                 0,                 0,      -3.237354771,                 0,                 0
          0,         699,           0,               -32,               -32,               -32,     -0.3029618687,                 0,                 0,                 0,       -3.23967586,                 0,                 0
          0,         700,           0,               -32,               -32,               -32,      -0.305283065,                 0,                 0,                 0,       -3.24199695,                 0,                 0
          0,         701,           0,               -32,               -32,               -32,     -0.3076042615,                 0,                 0,                 0,       -3.24431804,                 0,                 0
          0,         702,           0,               -32,               -32,               -32,     -0.3099254582,                 0,                 0,                 0,       -3.24663913,                 0,                 0
          0,         703,           0,               -32,               -32,               -32,     -0.3122466551,                 0,                 0,                 0,      -3.248960221,                 0,                 0
          0,         704,           0,               -32,               -32,               -32,     -0.3145678521,                 0,                 0,                 0,      -3.251281313,                 0,                 0
          0,         705,           0,               -32,               -32,               -32,     -0.3168890494,                 0,                 0,                 0,      -3.253602405,                 0,                 0
          0,         706,           0,               -32,               -32,               -32,     -0.3192102469,                 0,                 0,                 0,      -3.255923498,                 0,                 0
          0,         707,           0,               -32,               -32,               -32,     -0.3215314445,                 0,                 0,                 0,      -3.258244591,                 0,                 0
          0,         708,           0,               -32,               -32,               -32,     -0.3238526423,                 0,                 0,                 0,      -3.260565684,                 0,                 0
          0,         709,           0,               -32,               -32,               -32,     -0.3261738403,                 0,                 0,                 0,      -3.262886779,                 0,                 0
          0,         710,           0,               -32,               -32,               -32,     -0.3284950386,                 0,                 0,                 0,      -3.265207873,                 0,                 0
          0,         711,           0,               -32,               -32,               -32,     -0.3308162369,                 0,                 0,                 0,      -3.267528968,                 0,                 0
          0,         712,           0,               -32,               -32,               -32,     -0.3331374355,                 0,                 0,                 0,      -3.269850064,                 0,                 0
          0,         713,           0,               -32,               -32,               -32,     -0.3354586343,                 0,                 0,                 0,       -3.27217116,                 0,                 0
          0,         714,           0,               -32,               -32,               -32,     -0.3377798332,                 0,                 0,                 0,      -3.274492256,                 0,                 0
          0,         715,           0,               -32,               -32,               -32,     -0.3401010324,                 0,                 0,                 0,      -3.276813354,                 0,                 0
          0,         716,           0,               -32,               -32,               -32,     -0.3424222317,                 0,                 0,                 0,      -3.279134451,                 0,                 0
          0,         717,           0,               -32,               -32,               -32,     -0.3447434312,                 0,                 0,                 0,      -3.281455549,                 0,                 0
          0,         718,           0,               -32,               -32,               -32,     -0.3470646308,                 0,                 0,                 0,      -3.283776648,                 0,                 0
          0,         719,           0,               -32,               -32,               -32,     -0.3493858307,                 0,                 0,                 0,      -3.286097747,                 0,                 0
          0,         720,           0,               -32,               -32,               -32,     -0.3517070307,                 0,                 0,                 0,      -3.288418846,                 0,                 0
          0,         721,           0,               -32,               -32,               -32,      -0.354028231,                 0,                 0,                 0,      -3.290739946,                 0,                 0
          0,         722,           0,               -32,               -32,               -32,     -0.3563494314,                 0,                 0,                 0,      -3.293061047,                 0,                 0
          0,         723,           0,               -32,               -32,               -32,     -0.3586706319,                 0,                 0,                 0,      -3.295382148,                 0,                 0
          0,         724,           0,               -32,               -32,               -32,     -0.3609918327,                 0,                 0,                 0,      -3.297703249,                 0,                 0
          0,         725,           0,               -32,               -32,               -32,     -0.3633130336,                 0,                 0,                 0,      -3.300024351,                 0,                 0
          0,         726,           0,               -32,               -32,               -32,     -0.3656342347,                 0,                 0,                 0,      -3.302345453,                 0,                 0
          0,         727,           0,               -32,               -32,               -32,      -0.367955436,                 0,                 0,                 0,      -3.304666556,                 0,                 0
          0,         728,           0,               -32,               -32,               -32,     -0.3702766375,                 0,                 0,                 0,      -3.306987659,                 0,                 0
          0,         729,           0,               -32,               -32,               -32,     -0.3725978391,                 0,                 0,                 0,      -3.309308763,                 0,                 0
          0,         730,           0,               -32,               -32,               -32,     -0.3749190409,                 0,                 0,                 0,      -3.311629867,                 0,                 0
          0,         731,           0,               -32,               -32,               -32,     -0.3772402429,                 0,                 0,                 0,      -3.313950972,                 0,                 0
          0,         732,           0,               -32,               -32,               -32,     -0.3795614451,                 0,                 0,                 0,      -3.316272077,                 0,                 0
          0,         733,           0,               -32,               -32,               -32,     -0.3818826474,                 0,                 0,                 0,      -3.318593183,                 0,                 0
          0,         734,           0,               -32,               -32,               -32,     -0.3842038499,                 0,                 0,                 0,      -3.320914289,                 0,                 0
          0,         735,           0,               -32,               -32,               -32,     -0.3865250526,                 0,                 0,                 0,      -3.323235396,                 0,                 0
          0,         736,           0,               -32,               -32,               -32,     -0.3888462555,                 0,                 0,                 0,      -3.325556503,                 0,                 0
          0,         737,           0,               -32,               -32,               -32,     -0.3911674585,                 0,                 0,                 0,       -3.32787761,                 0,                 0
          0,         738,           0,               -32,               -32,               -32,     -0.3934886617,                 0,                 0,                 0,      -3.330198718,                 0,                 0
          0,         739,           0,               -32,               -32,               -32,      -0.395809865,                 0,                 0,                 0,      -3.332519827,                 0,                 0
          0,         740,           0,               -32,               -32,               -32,     -0.3981310686,                 0,                 0,                 0,      -3.334840936,                 0,                 0
          0,         741,           0,               -32,               -32,               -32,     -0.4004522723,                 0,                 0,                 0,      -3.337162045,                 0,                 0
          0,         742,           0,               -32,               -32,               -32,     -0.4027734761,                 0,                 0,                 0,      -3.339483155,                 0,                 0
          0,         743,           0,               -32,               -32,               -32,     -0.4050946802,                 0,                 0,                 0,      -3.341804265,                 0,                 0
          0,         744,           0,               -32,               -32,               -32,     -0.4074158844,                 0,                 0,                 0,      -3.344125376,                 0,                 0
          0,         745,           0,               -32,               -32,               -32,     -0.4097370887,                 0,                 0,                 0,      -3.346446487,                 0,                 0
          0,         746,           0,               -32,               -32,               -32,     -0.4120582933,                 0,                 0,                 0,      -3.348767599,                 0,                 0
          0,         747,           0,               -32,               -32,               -32,      -0.414379498,                 0,                 0,                 0,      -3.351088711,                 0,                 0
          0,         748,           0,               -32,               -32,               -32,     -0.4167007028,                 0,                 0,                 0,      -3.353409824,                 0,                 0
          0,         749,           0,               -32,               -32,               -32,     -0.4190219079,                 0,                 0,                 0,      -3.355730937,                 0,                 0
          0,         750,           0,               -32,               -32,               -32,     -0.4213431131,                 0,                 0,                 0,       -3.35805205,                 0,                 0
          0,         751,           0,               -32,               -32,               -32,     -0.4236643184,                 0,                 0,                 0,      -3.360373164,                 0,                 0
          0,         752,           0,               -32,               -32,               -32,     -0.4259855239,                 0,                 0,                 0,      -3.362694278,                 0,                 0
          0,         753,           0,               -32,               -32,               -32,     -0.4283067296,                 0,                 0,                 0,      -3.365015393,                 0,                 0
          0,         754,           0,               -32,               -32,               -32,     -0.4306279354,                 0,                 0,                 0,      -3.367336508,                 0,                 0
          0,         755,           0,               -32,               -32,               -32,     -0.4329491414,                 0,                 0,                 0,      -3.369657624,                 0,                 0
          0,         756,           0,               -32,               -32,               -32,     -0.4352703476,                 0,                 0,                 0,       -3.37197874,                 0,                 0
          0,         757,           0,               -32,               -32,               -32,     -0.4375915539,                 0,                 0,                 0,      -3.374299856,                 0,                 0
          0,         758,           0,               -32,               -32,               -32,     -0.4399127604,                 0,                 0,                 0,      -3.376620973,                 0,                 0
          0,         759,           0,               -32,               -32,               -32,     -0.4422339671,                 0,                 0,                 0,      -3.378942091,                 0,                 0
          0,         760,           0,               -32,               -32,               -32,     -0.4445551739,                 0,                 0,                 0,      -3.381263209,                 0,                 0
          0,         761,           0,               -32,               -32,               -32,     -0.4468763808,                 0,                 0,                 0,      -3.383584327,                 0,                 0
          0,         762,           0,               -32,               -32,               -32,     -0.4491975879,                 0,                 0,                 0,      -3.385905446,                 0,                 0
          0,         763,           0,               -32,               -32,               -32,     -0.4515187952,                 0,                 0,                 0,      -3.388226565,                 0,                 0
          0,         764,           0,               -32,               -32,               -32,     -0.4538400026,                 0,                 0,                 0,      -3.390547684,                 0,                 0
          0,         765,           0,               -32,               -32,               -32,     -0.4561612102,                 0,                 0,                 0,      -3.392868804,                 0,                 0
          0,         766,           0,               -32,               -32,               -32,      -0.458482418,                 0,                 0,                 0,      -3.395189925,                 0,                 0
          0,         767,           0,               -32,               -32,               -32,     -0.4608036259,                 0,                 0,                 0,      -3.397511046,                 0,                 0
          0,         768,           0,               -32,               -32,               -32,     -0.4631248339,                 0,                 0,                 0,      -3.399832167,                 0,                 0
          0,         769,           0,               -32,               -32,               -32,     -0.4654460421,                 0,                 0,                 0,      -3.402153289,                 0,                 0
          0,         770,           0,               -32,               -32,               -32,     -0.4677672505,                 0,                 0,                 0,      -3.404474411,                 0,                 0
          0,         771,           0,               -32,               -32,               -32,      -0.470088459,                 0,                 0,                 0,      -3.406795533,                 0,                 0
          0,         772,           0,               -32,               -32,               -32,     -0.4724096676,                 0,                 0,                 0,      -3.409116656,                 0,                 0
          0,         773,           0,               -32,               -32,               -32,     -0.4747308765,                 0,                 0,                 0,       -3.41143778,                 0,                 0
          0,         774,           0,               -32,               -32,               -32,     -0.4770520854,                 0,                 0,                 0,      -3.413758903,                 0,                 0
          0,         775,           0,               -32,               -32,               -32,     -0.4793732945,                 0,                 0,                 0,      -3.416080028,                 0,                 0
          0,         776,           0,               -32,               -32,               -32,     -0.4816945038,                 0,                 0,                 0,      -3.418401152,                 0,                 0
          0,         777,           0,               -32,               -32,               -32,     -0.4840157132,                 0,                 0,                 0,      -3.420722277,                 0,                 0
          0,         778,           0,               -32,               -32,               -32,     -0.4863369228,                 0,                 0,                 0,      -3.423043403,                 0,                 0
          0,         779,           0,               -32,               -32,               -32,     -0.4886581325,                 0,                 0,                 0,      -3.425364529,                 0,                 0
          0,         780,           0,               -32,               -32,               -32,     -0.4909793424,                 0,                 0,                 0,      -3.427685655,                 0,                 0
          0,         781,           0,               -32,               -32,               -32,     -0.4933005524,                 0,                 0,                 0,      -3.430006782,                 0,                 0
          0,         782,           0,               -32,               -32,               -32,     -0.4956217626,                 0,                 0,                 0,      -3.432327909,                 0,                 0
          0,         783,           0,               -32,               -32,               -32,     -0.4979429729,                 0,                 0,                 0,      -3.434649036,                 0,                 0
          0,         784,           0,               -32,               -32,               -32,     -0.5002641833,                 0,                 0,                 0,      -3.436970164,                 0,                 0
          0,         785,           0,               -32,               -32,               -32,     -0.5025853939,                 0,                 0,                 0,      -3.439291292,                 0,                 0
          0,         786,           0,               -32,               -32,               -32,     -0.5049066047,                 0,                 0,                 0,      -3.441612421,                 0,                 0
          0,         787,           0,               -32,               -32,               -32,     -0.5072278156,                 0,                 0,                 0,       -3.44393355,                 0,                 0
          0,         788,           0,               -32,               -32,               -32,     -0.5095490266,                 0,                 0,                 0,       -3.44625468,                 0,                 0
          0,         789,           0,               -32,               -32,               -32,     -0.5118702378,                 0,                 0,                 0,       -3.44857581,                 0,                 0
          0,         790,           0,               -32,               -32,               -32,     -0.5141914491,                 0,                 0,                 0,       -3.45089694,                 0,                 0
          0,         791,           0,               -32,               -32,               -32,     -0.5165126606,                 0,                 0,                 0,      -3.453218071,                 0,                 0
          0,         792,           0,               -32,               -32,               -32,     -0.5188338722,                 0,                 0,                 0,      -3.455539202,                 0,                 0
          0,         793,           0,               -32,               -32,               -32,      -0.521155084,                 0,                 0,                 0,      -3.457860333,                 0,                 0
          0,         794,           0,               -32,               -32,               -32,     -0.5234762959,                 0,                 0,                 0,      -3.460181465,                 0,                 0
          0,         795,           0,               -32,               -32,               -32,     -0.5257975079,                 0,                 0,                 0,      -3.462502597,                 0,                 0
          0,         796,           0,               -32,               -32,               -32,     -0.5281187201,                 0,                 0,                 0,       -3.46482373,                 0,                 0
          0,         797,           0,               -32,               -32,               -32,     -0.5304399324,                 0,                 0,                 0,      -3.467144863,                 0,                 0
          0,         798,           0,               -32,               -32,               -32,     -0.5327611449,                 0,                 0,                 0,      -3.469465997,                 0,                 0
          0,         799,           0,               -32,               -32,               -32,     -0.5350823575,                 0,                 0,                 0,      -3.471787131,                 0,                 0
          0,         800,           0,               -32,               -32,               -32,     -0.5374035702,                 0,                 0,                 0,      -3.474108265,                 0,                 0
          0,         801,           0,               -32,               -32,               -32,     -0.5397247831,                 0,                 0,                 0,      -3.476429399,                 0,                 0
          0,         802,           0,               -32,               -32,               -32,     -0.5420459962,                 0,                 0,                 0,      -3.478750534,                 0,                 0
          0,         803,           0,               -32,               -32,               -32,     -0.5443672093,                 0,                 0,                 0,       -3.48107167,                 0,                 0
          0,         804,           0,               -32,               -32,               -32,     -0.5466884226,                 0,                 0,                 0,      -3.483392806,                 0,                 0
          0,         805,           0,               -32,               -32,               -32,     -0.5490096361,                 0,                 0,                 0,      -3.485713942,                 0,                 0
          0,         806,           0,               -32,               -32,               -32,     -0.5513308496,                 0,                 0,                 0,      -3.488035078,                 0,                 0
          0,         807,           0,               -32,               -32,               -32,     -0.5536520633,                 0,                 0,                 0,      -3.490356215,                 0,                 0
          0,         808,           0,               -32,               -32,               -32,     -0.5559732772,                 0,                 0,                 0,      -3.492677353,                 0,                 0
          0,         809,           0,               -32,               -32,               -32,     -0.5582944912,                 0,                 0,                 0,       -3.49499849,                 0,                 0
          0,         810,           0,               -32,               -32,               -32,     -0.5606157053,                 0,                 0,                 0,      -3.497319628,                 0,                 0
          0,         811,           0,               -32,               -32,               -32,     -0.5629369195,                 0,                 0,                 0,      -3.499640767,                 0,                 0
          0,         812,           0,               -32,               -32,               -32,     -0.5652581339,                 0,                 0,                 0,      -3.501961905,                 0,                 0
          0,         813,           0,               -32,               -32,               -32,     -0.5675793484,                 0,                 0,                 0,      -3.504283045,                 0,                 0
          0,         814,           0,               -32,               -32,               -32,     -0.5699005631,                 0,                 0,                 0,      -3.506604184,                 0,                 0
          0,         815,           0,               -32,               -32,               -32,     -0.5722217779,                 0,                 0,                 0,      -3.508925324,                 0,                 0
          0,         816,           0,               -32,               -32,               -32,     -0.5745429928,                 0,                 0,                 0,      -3.511246464,                 0,                 0
          0,         817,           0,               -32,               -32,               -32,     -0.5768642079,                 0,                 0,                 0,      -3.513567605,                 0,                 0
          0,         818,           0,               -32,               -32,               -32,      -0.579185423,                 0,                 0,                 0,      -3.515888746,                 0,                 0
          0,         819,           0,               -32,               -32,               -32,     -0.5815066384,                 0,                 0,                 0,      -3.518209887,                 0,                 0
          0,         820,           0,               -32,               -32,               -32,     -0.5838278538,                 0,                 0,                 0,      -3.520531029,                 0,                 0
          0,         821,           0,               -32,               -32,               -32,     -0.5861490694,                 0,                 0,                 0,      -3.522852171,                 0,                 0
          0,         822,           0,               -32,               -32,               -32,     -0.5884702851,                 0,                 0,                 0,      -3.525173314,                 0,                 0
          0,         823,           0,               -32,               -32,               -32,     -0.5907915009,                 0,                 0,                 0,      -3.527494457,                 0,                 0
          0,         824,           0,               -32,               -32,               -32,     -0.5931127169,                 0,                 0,                 0,        -3.5298156,                 0,                 0
          0,         825,           0,               -32,               -32,               -32,      -0.595433933,                 0,                 0,                 0,      -3.532136743,                 0,                 0
          0,         826,           0,               -32,               -32,               -32,     -0.5977551492,                 0,                 0,                 0,      -3.534457887,                 0,                 0
          0,         827,           0,               -32,               -32,               -32,     -0.6000763656,                 0,                 0,                 0,      -3.536779032,                 0,                 0
          0,         828,           0,               -32,               -32,               -32,      -0.602397582,                 0,                 0,                 0,      -3.539100176,                 0,                 0
          0,         829,           0,               -32,               -32,               -32,     -0.6047187986,                 0,                 0,                 0,      -3.541421321,                 0,                 0
          0,         830,           0,               -32,               -32,               -32,     -0.6070400154,                 0,                 0,                 0,      -3.543742467,                 0,                 0
          0,         831,           0,               -32,               -32,               -32,     -0.6093612322,                 0,                 0,                 0,      -3.546063612,                 0,                 0
          0,         832,           0,               -32,               -32,               -32,     -0.6116824492,                 0,                 0,                 0,      -3.548384758,                 0,                 0
          0,         833,           0,               -32,               -32,               -32,     -0.6140036663,                 0,                 0,                 0,      -3.550705905,                 0,                 0
          0,         834,           0,               -32,               -32,               -32,     -0.6163248836,                 0,                 0,                 0,      -3.553027051,                 0,                 0
          0,         835,           0,               -32,               -32,               -32,     -0.6186461009,                 0,                 0,                 0,      -3.555348199,                 0,                 0
          0,         836,           0,               -32,               -32,               -32,     -0.6209673184,                 0,                 0,                 0,      -3.557669346,                 0,                 0
          0,         837,           0,               -32,               -32,               -32,      -0.623288536,                 0,                 0,                 0,      -3.559990494,                 0,                 0
          0,         838,           0,               -32,               -32,               -32,     -0.6256097538,                 0,                 0,                 0,      -3.562311642,                 0,                 0
          0,         839,           0,               -32,               -32,               -32,     -0.6279309716,                 0,                 0,                 0,       -3.56463279,                 0,                 0
          0,         840,           0,               -32,               -32,               -32,     -0.6302521896,                 0,                 0,                 0,      -3.566953939,                 0,                 0
          0,         841,           0,               -32,               -32,               -32,     -0.6325734077,                 0,                 0,                 0,      -3.569275088,                 0,                 0
          0,         842,           0,               -32,               -32,               -32,      -0.634894626,                 0,                 0,                 0,      -3.571596238,                 0,                 0
          0,         843,           0,               -32,               -32,               -32,     -0.6372158443,                 0,                 0,                 0,      -3.573917388,                 0,                 0
          0,         844,           0,               -32,               -32,               -32,     -0.6395370628,                 0,                 0,                 0,      -3.576238538,                 0,                 0
          0,         845,           0,               -32,               -32,               -32,     -0.6418582814,                 0,                 0,                 0,      -3.578559689,                 0,                 0
          0,         846,           0,               -32,               -32,               -32,     -0.6441795001,                 0,                 0,                 0,      -3.580880839,                 0,                 0
          0,         847,           0,               -32,               -32,               -32,     -0.6465007189,                 0,                 0,                 0,      -3.583201991,                 0,                 0
          0,         848,           0,               -32,               -32,               -32,     -0.6488219379,                 0,                 0,                 0,      -3.585523142,                 0,                 0
          0,         849,           0,               -32,               -32,               -32,     -0.6511431569,                 0,                 0,                 0,      -3.587844294,                 0,                 0
          0,         850,           0,               -32,               -32,               -32,     -0.6534643761,                 0,                 0,                 0,      -3.590165446,                 0,                 0
          0,         851,           0,               -32,               -32,               -32,     -0.6557855954,                 0,                 0,                 0,      -3.592486599,                 0,                 0
          0,         852,           0,               -32,               -32,               -32,     -0.6581068149,                 0,                 0,                 0,      -3.594807752,                 0,                 0
          0,         853,           0,               -32,               -32,               -32,     -0.6604280344,                 0,                 0,                 0,      -3.597128905,                 0,                 0
          0,         854,           0,               -32,               -32,               -32,     -0.6627492541,                 0,                 0,                 0,      -3.599450058,                 0,                 0
          0,         855,           0,               -32,               -32,               -32,     -0.6650704739,                 0,                 0,                 0,      -3.601771212,                 0,                 0
          0,         856,           0,               -32,               -32,               -32,     -0.6673916937,                 0,                 0,                 0,      -3.604092366,                 0,                 0
          0,         857,           0,               -32,               -32,               -32,     -0.6697129138,                 0,                 0,                 0,      -3.606413521,                 0,                 0
          0,         858,           0,               -32,               -32,               -32,     -0.6720341339,                 0,                 0,                 0,      -3.608734676,                 0,                 0
          0,         859,           0,               -32,               -32,               -32,     -0.6743553541,                 0,                 0,                 0,      -3.611055831,                 0,                 0
          0,         860,           0,               -32,               -32,               -32,     -0.6766765745,                 0,                 0,                 0,      -3.613376987,                 0,                 0
          0,         861,           0,               -32,               -32,               -32,      -0.678997795,                 0,                 0,                 0,      -3.615698142,                 0,                 0
          0,         862,           0,               -32,               -32,               -32,     -0.6813190156,                 0,                 0,                 0,      -3.618019298,                 0,                 0
          0,         863,           0,               -32,               -32,               -32,     -0.6836402363,                 0,                 0,                 0,      -3.620340455,                 0,                 0
          0,         864,           0,               -32,               -32,               -32,     -0.6859614571,                 0,                 0,                 0,      -3.622661612,                 0,                 0
          0,         865,           0,               -32,               -32,               -32,      -0.688282678,                 0,                 0,                 0,      -3.624982769,                 0,                 0
          0,         866,           0,               -32,               -32,               -32,     -0.6906038991,                 0,                 0,                 0,      -3.627303926,                 0,                 0
          0,         867,           0,               -32,               -32,               -32,     -0.6929251202,                 0,                 0,                 0,      -3.629625084,                 0,                 0
          0,         868,           0,               -32,               -32,               -32,     -0.6952463415,                 0,                 0,                 0,      -3.631946242,                 0,                 0
          0,         869,           0,               -32,               -32,               -32,     -0.6975675629,                 0,                 0,                 0,        -3.6342674,                 0,                 0
          0,         870,           0,               -32,               -32,               -32,     -0.6998887844,                 0,                 0,                 0,      -3.636588559,                 0,                 0
          0,         871,           0,               -32,               -32,               -32,      -0.702210006,                 0,                 0,                 0,      -3.638909718,                 0,                 0
          0,         872,           0,               -32,               -32,               -32,     -0.7045312277,                 0,                 0,                 0,      -3.641230877,                 0,                 0
          0,         873,           0,               -32,               -32,               -32,     -0.7068524495,                 0,                 0,                 0,      -3.643552037,                 0,                 0
          0,         874,           0,               -32,               -32,               -32,     -0.7091736715,                 0,                 0,                 0,      -3.645873197,                 0,                 0
          0,         875,           0,               -32,               -32,               -32,     -0.7114948935,                 0,                 0,                 0,      -3.648194357,                 0,                 0
          0,         876,           0,               -32,               -32,               -32,     -0.7138161157,                 0,                 0,                 0,      -3.650515518,                 0,                 0
          0,         877,           0,               -32,               -32,               -32,      -0.716137338,                 0,                 0,                 0,      -3.652836678,                 0,                 0
          0,         878,           0,               -32,               -32,               -32,     -0.7184585603,                 0,                 0,                 0,       -3.65515784,                 0,                 0
          0,         879,           0,               -32,               -32,               -32,     -0.7207797828,                 0,                 0,                 0,      -3.657479001,                 0,                 0
          0,         880,           0,               -32,               -32,               -32,     -0.7231010054,                 0,                 0,                 0,      -3.659800163,                 0,                 0
          0,         881,           0,               -32,               -32,               -32,     -0.7254222281,                 0,                 0,                 0,      -3.662121325,                 0,                 0
          0,         882,           0,               -32,               -32,               -32,     -0.7277434509,                 0,                 0,                 0,      -3.664442487,                 0,                 0
          0,         883,           0,               -32,               -32,               -32,     -0.7300646738,                 0,                 0,                 0,       -3.66676365,                 0,                 0
          0,         884,           0,               -32,               -32,               -32,     -0.7323858969,                 0,                 0,                 0,      -3.669084813,                 0,                 0
          0,         885,           0,               -32,               -32,               -32,       -0.73470712,                 0,                 0,                 0,      -3.671405976,                 0,                 0
          0,         886,           0,               -32,               -32,               -32,     -0.7370283432,                 0,                 0,                 0,       -3.67372714,                 0,                 0
          0,         887,           0,               -32,               -32,               -32,     -0.7393495666,                 0,                 0,                 0,      -3.676048304,                 0,                 0
          0,         888,           0,               -32,               -32,               -32,       -0.74167079,                 0,                 0,                 0,      -3.678369468,                 0,                 0
          0,         889,           0,               -32,               -32,               -32,     -0.7439920136,                 0,                 0,                 0,      -3.680690632,                 0,                 0
          0,         890,           0,               -32,               -32,               -32,     -0.7463132372,                 0,                 0,                 0,      -3.683011797,                 0,                 0
          0,         891,           0,               -32,               -32,               -32,      -0.748634461,                 0,                 0,                 0,      -3.685332962,                 0,                 0
          0,         892,           0,               -32,               -32,               -32,     -0.7509556849,                 0,                 0,                 0,      -3.687654127,                 0,                 0
          0,         893,           0,               -32,               -32,               -32,     -0.7532769088,                 0,                 0,                 0,      -3.689975293,                 0,                 0
          0,         894,           0,               -32,               -32,               -32,     -0.7555981329,                 0,                 0,                 0,      -3.692296459,                 0,                 0
          0,         895,           0,               -32,               -32,               -32,     -0.7579193571,                 0,                 0,                 0,      -3.694617625,                 0,                 0
          0,         896,           0,               -32,               -32,               -32,     -0.7602405814,                 0,                 0,                 0,      -3.696938792,                 0,                 0
          0,         897,           0,               -32,               -32,               -32,     -0.7625618058,                 0,                 0,                 0,      -3.699259958,                 0,                 0
          0,         898,           0,               -32,               -32,               -32,     -0.7648830302,                 0,                 0,                 0,      -3.701581125,                 0,                 0
          0,         899,           0,               -32,               -32,               -32,     -0.7672042548,                 0,                 0,                 0,      -3.703902293,                 0,                 0
          0,         900,           0,               -32,               -32,               -32,     -0.7695254795,                 0,                 0,                 0,       -3.70622346,                 0,                 0
          0,         901,           0,               -32,               -32,               -32,     -0.7718467043,                 0,                 0,                 0,      -3.708544628,                 0,                 0
          0,         902,           0,               -32,               -32,               -32,     -0.7741679292,                 0,                 0,                 0,      -3.710865797,                 0,                 0
          0,         903,           0,               -32,               -32,               -32,     -0.7764891542,                 0,                 0,                 0,      -3.713186965,                 0,                 0
          0,         904,           0,               -32,               -32,               -32,     -0.7788103793,                 0,                 0,                 0,      -3.715508134,                 0,                 0
          0,         905,           0,               -32,               -32,               -32,     -0.7811316045,                 0,                 0,                 0,      -3.717829303,                 0,                 0
          0,         906,           0,               -32,               -32,               -32,     -0.7834528298,                 0,                 0,                 0,      -3.720150472,                 0,                 0
          0,         907,           0,               -32,               -32,               -32,     -0.7857740552,                 0,                 0,                 0,      -3.722471642,                 0,                 0
          0,         908,           0,               -32,               -32,               -32,     -0.7880952807,                 0,                 0,                 0,      -3.724792812,                 0,                 0
          0,         909,           0,               -32,               -32,               -32,     -0.7904165063,                 0,                 0,                 0,      -3.727113982,                 0,                 0
          0,         910,           0,               -32,               -32,               -32,     -0.7927377319,                 0,                 0,                 0,      -3.729435152,                 0,                 0
          0,         911,           0,               -32,               -32,               -32,     -0.7950589577,                 0,                 0,                 0,      -3.731756323,                 0,                 0
          0,         912,           0,               -32,               -32,               -32,     -0.7973801836,                 0,                 0,                 0,      -3.734077494,                 0,                 0
          0,         913,           0,               -32,               -32,               -32,     -0.7997014096,                 0,                 0,                 0,      -3.736398666,                 0,                 0
          0,         914,           0,               -32,               -32,               -32,     -0.8020226357,                 0,                 0,                 0,      -3.738719837,                 0,                 0
          0,         915,           0,               -32,               -32,               -32,     -0.8043438618,                 0,                 0,                 0,      -3.741041009,                 0,                 0
          0,         916,           0,               -32,               -32,               -32,     -0.8066650881,                 0,                 0,                 0,      -3.743362181,                 0,                 0
          0,         917,           0,               -32,               -32,               -32,     -0.8089863145,                 0,                 0,                 0,      -3.745683353,                 0,                 0
          0,         918,           0,               -32,               -32,               -32,     -0.8113075409,                 0,                 0,                 0,      -3.748004526,                 0,                 0
          0,         919,           0,               -32,               -32,               -32,     -0.8136287675,                 0,                 0,                 0,      -3.750325699,                 0,                 0
          0,         920,           0,               -32,               -32,               -32,     -0.8159499942,                 0,                 0,                 0,      -3.752646872,                 0,                 0
          0,         921,           0,               -32,               -32,               -32,     -0.8182712209,                 0,                 0,                 0,      -3.754968046,                 0,                 0
          0,         922,           0,               -32,               -32,               -32,     -0.8205924478,                 0,                 0,                 0,      -3.757289219,                 0,                 0
          0,         923,           0,               -32,               -32,               -32,     -0.8229136747,                 0,                 0,                 0,      -3.759610393,                 0,                 0
          0,         924,           0,               -32,               -32,               -32,     -0.8252349017,                 0,                 0,                 0,      -3.761931568,                 0,                 0
          0,         925,           0,               -32,               -32,               -32,     -0.8275561289,                 0,                 0,                 0,      -3.764252742,                 0,                 0
          0,         926,           0,               -32,               -32,               -32,     -0.8298773561,                 0,                 0,                 0,      -3.766573917,                 0,                 0
          0,         927,           0,               -32,               -32,               -32,     -0.8321985834,                 0,                 0,                 0,      -3.768895092,                 0,                 0
          0,         928,           0,               -32,               -32,               -32,     -0.8345198108,                 0,                 0,                 0,      -3.771216267,                 0,                 0
          0,         929,           0,               -32,               -32,               -32,     -0.8368410383,                 0,                 0,                 0,      -3.773537443,                 0,                 0
          0,         930,           0,               -32,               -32,               -32,     -0.8391622659,                 0,                 0,                 0,      -3.775858619,                 0,                 0
          0,         931,           0,               -32,               -32,               -32,     -0.8414834936,                 0,                 0,                 0,      -3.778179795,                 0,                 0
          0,         932,           0,               -32,               -32,               -32,     -0.8438047213,                 0,                 0,                 0,      -3.780500971,                 0,                 0
          0,         933,           0,               -32,               -32,               -32,     -0.8461259492,                 0,                 0,                 0,      -3.782822148,                 0,                 0
          0,         934,           0,               -32,               -32,               -32,     -0.8484471772,                 0,                 0,                 0,      -3.785143325,                 0,                 0
          0,         935,           0,               -32,               -32,               -32,     -0.8507684052,                 0,                 0,                 0,      -3.787464502,                 0,                 0
          0,         936,           0,               -32,               -32,               -32,     -0.8530896333,                 0,                 0,                 0,      -3.789785679,                 0,                 0
          0,         937,           0,               -32,               -32,               -32,     -0.8554108616,                 0,                 0,                 0,      -3.792106857,                 0,                 0
          0,         938,           0,               -32,               -32,               -32,     -0.8577320899,                 0,                 0,                 0,      -3.794428035,                 0,                 0
          0,         939,           0,               -32,               -32,               -32,     -0.8600533183,                 0,                 0,                 0,      -3.796749213,                 0,                 0
          0,         940,           0,               -32,               -32,               -32,     -0.8623745468,                 0,                 0,                 0,      -3.799070391,                 0,                 0
          0,         941,           0,               -32,               -32,               -32,     -0.8646957754,                 0,                 0,                 0,       -3.80139157,                 0,                 0
          0,         942,           0,               -32,               -32,               -32,     -0.8670170041,                 0,                 0,                 0,      -3.803712749,                 0,                 0
          0,         943,           0,               -32,               -32,               -32,     -0.8693382328,                 0,                 0,                 0,      -3.806033928,                 0,                 0
          0,         944,           0,               -32,               -32,               -32,     -0.8716594617,                 0,                 0,                 0,      -3.808355107,                 0,                 0
          0,         945,           0,               -32,               -32,               -32,     -0.8739806906,                 0,                 0,                 0,      -3.810676287,                 0,                 0
          0,         946,           0,               -32,               -32,               -32,     -0.8763019197,                 0,                 0,                 0,      -3.812997467,                 0,                 0
          0,         947,           0,               -32,               -32,               -32,     -0.8786231488,                 0,                 0,                 0,      -3.815318647,                 0,                 0
          0,         948,           0,               -32,               -32,               -32,      -0.880944378,                 0,                 0,                 0,      -3.817639827,                 0,                 0
          0,         949,           0,               -32,               -32,               -32,     -0.8832656073,                 0,                 0,                 0,      -3.819961008,                 0,                 0
          0,         950,           0,               -32,               -32,               -32,     -0.8855868366,                 0,                 0,                 0,      -3.822282189,                 0,                 0
          0,         951,           0,               -32,               -32,               -32,     -0.8879080661,                 0,                 0,                 0,       -3.82460337,                 0,                 0
          0,         952,           0,               -32,               -32,               -32,     -0.8902292957,                 0,                 0,                 0,      -3.826924551,                 0,                 0
          0,         953,           0,               -32,               -32,               -32,     -0.8925505253,                 0,                 0,                 0,      -3.829245733,                 0,                 0
          0,         954,           0,               -32,               -32,               -32,      -0.894871755,                 0,                 0,                 0,      -3.831566915,                 0,                 0
          0,         955,           0,               -32,               -32,               -32,     -0.8971929848,                 0,                 0,                 0,      -3.833888097,                 0,                 0
          0,         956,           0,               -32,               -32,               -32,     -0.8995142147,                 0,                 0,                 0,      -3.836209279,                 0,                 0
          0,         957,           0,               -32,               -32,               -32,     -0.9018354447,                 0,                 0,                 0,      -3.838530462,                 0,                 0
          0,         958,           0,               -32,               -32,               -32,     -0.9041566747,                 0,                 0,                 0,      -3.840851644,                 0,                 0
          0,         959,           0,               -32,               -32,               -32,     -0.9064779049,                 0,                 0,                 0,      -3.843172827,                 0,                 0
          0,         960,           0,               -32,               -32,               -32,     -0.9087991351,                 0,                 0,                 0,      -3.845494011,                 0,                 0
          0,         961,           0,               -32,               -32,               -32,     -0.9111203654,                 0,                 0,                 0,      -3.847815194,                 0,                 0
          0,         962,           0,               -32,               -32,               -32,     -0.9134415958,                 0,                 0,                 0,      -3.850136378,                 0,                 0
          0,         963,           0,               -32,               -32,               -32,     -0.9157628263,                 0,                 0,                 0,      -3.852457562,                 0,                 0
          0,         964,           0,               -32,               -32,               -32,     -0.9180840568,                 0,                 0,                 0,      -3.854778746,                 0,                 0
          0,         965,           0,               -32,               -32,               -32,     -0.9204052875,                 0,                 0,                 0,       -3.85709993,                 0,                 0
          0,         966,           0,               -32,               -32,               -32,     -0.9227265182,                 0,                 0,                 0,      -3.859421115,                 0,                 0
          0,         967,           0,               -32,               -32,               -32,      -0.925047749,                 0,                 0,                 0,        -3.8617423,                 0,                 0
          0,         968,           0,               -32,               -32,               -32,     -0.9273689799,                 0,                 0,                 0,      -3.864063485,                 0,                 0
          0,         969,           0,               -32,               -32,               -32,     -0.9296902109,                 0,                 0,                 0,      -3.866384671,                 0,                 0
          0,         970,           0,               -32,               -32,               -32,     -0.9320114419,                 0,                 0,                 0,      -3.868705856,                 0,                 0
          0,         971,           0,               -32,               -32,               -32,      -0.934332673,                 0,                 0,                 0,      -3.871027042,                 0,                 0
          0,         972,           0,               -32,               -32,               -32,     -0.9366539043,                 0,                 0,                 0,      -3.873348228,                 0,                 0
          0,         973,           0,               -32,               -32,               -32,     -0.9389751356,                 0,                 0,                 0,      -3.875669414,                 0,                 0
          0,         974,           0,               -32,               -32,               -32,     -0.9412963669,                 0,                 0,                 0,      -3.877990601,                 0,                 0
          0,         975,           0,               -32,               -32,               -32,     -0.9436175984,                 0,                 0,                 0,      -3.880311788,                 0,                 0
          0,         976,           0,               -32,               -32,               -32,     -0.9459388299,                 0,                 0,                 0,      -3.882632975,                 0,                 0
          0,         977,           0,               -32,               -32,               -32,     -0.9482600615,                 0,                 0,                 0,      -3.884954162,                 0,                 0
          0,         978,           0,               -32,               -32,               -32,     -0.9505812932,                 0,                 0,                 0,      -3.887275349,                 0,                 0
          0,         979,           0,               -32,               -32,               -32,      -0.952902525,                 0,                 0,                 0,      -3.889596537,                 0,                 0
          0,         980,           0,               -32,               -32,               -32,     -0.9552237568,                 0,                 0,                 0,      -3.891917725,                 0,                 0
          0,         981,           0,               -32,               -32,               -32,     -0.9575449888,                 0,                 0,                 0,      -3.894238913,                 0,                 0
          0,         982,           0,               -32,               -32,               -32,     -0.9598662208,                 0,                 0,                 0,      -3.896560101,                 0,                 0
          0,         983,           0,               -32,               -32,               -32,     -0.9621874528,                 0,                 0,                 0,       -3.89888129,                 0,                 0
          0,         984,           0,               -32,               -32,               -32,      -0.964508685,                 0,                 0,                 0,      -3.901202478,                 0,                 0
          0,         985,           0,               -32,               -32,               -32,     -0.9668299172,                 0,                 0,                 0,      -3.903523667,                 0,                 0
          0,         986,           0,               -32,               -32,               -32,     -0.9691511496,                 0,                 0,                 0,      -3.905844856,                 0,                 0
          0,         987,           0,               -32,               -32,               -32,     -0.9714723819,                 0,                 0,                 0,      -3.908166046,                 0,                 0
          0,         988,           0,               -32,               -32,               -32,     -0.9737936144,                 0,                 0,                 0,      -3.910487235,                 0,                 0
          0,         989,           0,               -32,               -32,               -32,      -0.976114847,                 0,                 0,                 0,      -3.912808425,                 0,                 0
          0,         990,           0,               -32,               -32,               -32,     -0.9784360796,                 0,                 0,                 0,      -3.915129615,                 0,                 0
          0,         991,           0,               -32,               -32,               -32,     -0.9807573123,                 0,                 0,                 0,      -3.917450805,                 0,                 0
          0,         992,           0,               -32,               -32,               -32,      -0.983078545,                 0,                 0,                 0,      -3.919771996,                 0,                 0
          0,         993,           0,               -32,               -32,               -32,     -0.9853997779,                 0,                 0,                 0,      -3.922093187,                 0,                 0
          0,         994,           0,               -32,               -32,               -32,     -0.9877210108,                 0,                 0,                 0,      -3.924414378,                 0,                 0
          0,         995,           0,               -32,               -32,               -32,     -0.9900422438,                 0,                 0,                 0,      -3.926735569,                 0,                 0
          0,         996,           0,               -32,               -32,               -32,     -0.9923634769,                 0,                 0,                 0,       -3.92905676,                 0,                 0
          0,         997,           0,               -32,               -32,               -32,       -0.99468471,                 0,                 0,                 0,      -3.931377951,                 0,                 0
          0,         998,           0,               -32,               -32,               -32,     -0.9970059432,                 0,                 0,                 0,      -3.933699143,                 0,                 0
          0,         999,           0,               -32,               -32,               -32,     -0.9993271765,                 0,                 0,                 0,      -3.936020335,                 0,                 0
          0,        1000,           0,               -32,               -32,               -32,       -1.00164841,                 0,                 0,                 0,      -3.938341527,                 0,                 0
          0,        1001,           0,               -32,               -32,               -32,      -1.003969643,                 0,                 0,                 0,       -3.94066272,                 0,                 0
          0,        1002,           0,               -32,               -32,               -32,      -1.006290877,                 0,                 0,                 0,      -3.942983912,                 0,                 0
          0,        1003,           0,               -32,               -32,               -32,       -1.00861211,                 0,                 0,                 0,      -3.945305105,                 0,                 0
          0,        1004,           0,               -32,               -32,               -32,      -1.010933344,                 0,                 0,                 0,      -3.947626298,                 0,                 0
          0,        1005,           0,               -32,               -32,               -32,      -1.013254578,                 0,                 0,                 0,      -3.949947491,                 0,                 0
          0,        1006,           0,               -32,               -32,               -32,      -1.015575812,                 0,                 0,                 0,      -3.952268685,                 0,                 0
          0,        1007,           0,               -32,               -32,               -32,      -1.017897046,                 0,                 0,                 0,      -3.954589878,                 0,                 0
          0,        1008,           0,               -32,               -32,               -32,      -1.020218279,                 0,                 0,                 0,      -3.956911072,                 0,                 0
          0,        1009,           0,               -32,               -32,               -32,      -1.022539513,                 0,                 0,                 0,      -3.959232266,                 0,                 0
          0,        1010,           0,               -32,               -32,               -32,      -1.024860748,                 0,                 0,                 0,       -3.96155346,                 0,                 0
          0,        1011,           0,               -32,               -32,               -32,      -1.027181982,                 0,                 0,                 0,      -3.963874655,                 0,                 0
          0,        1012,           0,               -32,               -32,               -32,      -1.029503216,                 0,                 0,                 0,      -3.966195849,                 0,                 0
          0,        1013,           0,               -32,               -32,               -32,       -1.03182445,                 0,                 0,                 0,      -3.968517044,                 0,                 0
          0,        1014,           0,               -32,               -32,               -32,      -1.034145685,                 0,                 0,                 0,      -3.970838239,                 0,                 0
          0,        1015,           0,               -32,               -32,               -32,      -1.036466919,                 0,                 0,                 0,      -3.973159434,                 0,                 0
          0,        1016,           0,               -32,               -32,               -32,      -1.038788154,                 0,                 0,                 0,       -3.97548063,                 0,                 0
          0,        1017,           0,               -32,               -32,               -32,      -1.041109388,                 0,                 0,                 0,      -3.977801825,                 0,                 0
          0,        1018,           0,               -32,               -32,               -32,      -1.043430623,                 0,                 0,                 0,      -3.980123021,                 0,                 0
          0,        1019,           0,               -32,               -32,               -32,      -1.045751858,                 0,                 0,                 0,      -3.982444217,                 0,                 0
          0,        1020,           0,               -32,               -32,               -32,      -1.048073092,                 0,                 0,                 0,      -3.984765413,                 0,                 0
          0,        1021,           0,               -32,               -32,               -32,      -1.050394327,                 0,                 0,                 0,       -3.98708661,                 0,                 0
          0,        1022,           0,               -32,               -32,               -32,      -1.052715562,                 0,                 0,                 0,      -3.989407806,                 0,                 0
          0,        1023,           0,               -32,               -32,               -32,      -1.055036797,                 0,                 0,                 0,      -3.991729003,                 0,                 0
          0,        1024,           0,               -32,               -32,               -32,      -1.057358032,                 0,                 0,                 0,        -3.9940502,                 0,                 0
          0,        1025,           0,               -32,               -32,               -32,      -1.059679267,                 0,                 0,                 0,      -3.996371397,                 0,                 0
          0,        1026,           0,               -32,               -32,               -32,      -1.062000503,                 0,                 0,                 0,      -3.998692594,                 0,                 0
          0,        1027,           0,               -32,               -32,               -32,      -1.064321738,                 0,                 0,                 0,      -4.001013792,                 0,                 0
          0,        1028,           0,               -32,               -32,               -32,      -1.066642973,                 0,                 0,                 0,       -4.00333499,                 0,                 0
          0,        1029,           0,               -32,               -32,               -32,      -1.068964209,                 0,                 0,                 0,      -4.005656188,                 0,                 0
          0,        1030,           0,               -32,               -32,               -32,      -1.071285444,                 0,                 0,                 0,      -4.007977386,                 0,                 0
          0,        1031,           0,               -32,               -32,               -32,       -1.07360668,                 0,                 0,                 0,      -4.010298584,                 0,                 0
          0,        1032,           0,               -32,               -32,               -32,      -1.075927915,                 0,                 0,                 0,      -4.012619782,                 0,                 0
          0,        1033,           0,               -32,               -32,               -32,      -1.078249151,                 0,                 0,                 0,      -4.014940981,                 0,                 0
          0,        1034,           0,               -32,               -32,               -32,      -1.080570387,                 0,                 0,                 0,       -4.01726218,                 0,                 0
          0,        1035,           0,               -32,               -32,               -32,      -1.082891622,                 0,                 0,                 0,      -4.019583379,                 0,                 0
          0,        1036,           0,               -32,               -32,               -32,      -1.085212858,                 0,                 0,                 0,      -4.021904578,                 0,                 0
          0,        1037,           0,               -32,               -32,               -32,      -1.087534094,                 0,                 0,                 0,      -4.024225778,                 0,                 0
          0,        1038,           0,               -32,               -32,               -32,       -1.08985533,                 0,                 0,                 0,      -4.026546977,                 0,                 0
          0,        1039,           0,               -32,               -32,               -32,      -1.092176566,                 0,                 0,                 0,      -4.028868177,                 0,                 0
          0,        1040,           0,               -32,               -32,               -32,      -1.094497802,                 0,                 0,                 0,      -4.031189377,                 0,                 0
          0,        1041,           0,               -32,               -32,               -32,      -1.096819039,                 0,                 0,                 0,      -4.033510577,                 0,                 0
          0,        1042,           0,               -32,               -32,               -32,      -1.099140275,                 0,                 0,                 0,      -4.035831777,                 0,                 0
          0,        1043,           0,               -32,               -32,               -32,      -1.101461511,                 0,                 0,                 0,      -4.038152978,                 0,                 0
          0,        1044,           0,               -32,               -32,               -32,      -1.103782747,                 0,                 0,                 0,      -4.040474179,                 0,                 0
          0,        1045,           0,               -32,               -32,               -32,      -1.106103984,                 0,                 0,                 0,       -4.04279538,                 0,                 0
          0,        1046,           0,               -32,               -32,               -32,       -1.10842522,                 0,                 0,                 0,      -4.045116581,                 0,                 0
          0,        1047,           0,               -32,               -32,               -32,      -1.110746457,                 0,                 0,                 0,      -4.047437782,                 0,                 0
          0,        1048,           0,               -32,               -32,               -32,      -1.113067694,                 0,                 0,                 0,      -4.049758983,                 0,                 0
          0,        1049,           0,               -32,               -32,               -32,       -1.11538893,                 0,                 0,                 0,      -4.052080185,                 0,                 0
          0,        1050,           0,               -32,               -32,               -32,      -1.117710167,                 0,                 0,                 0,      -4.054401387,                 0,                 0
          0,        1051,           0,               -32,               -32,               -32,      -1.120031404,                 0,                 0,                 0,      -4.056722589,                 0,                 0
          0,        1052,           0,               -32,               -32,               -32,      -1.122352641,                 0,                 0,                 0,      -4.059043791,                 0,                 0
          0,        1053,           0,               -32,               -32,               -32,      -1.124673878,                 0,                 0,                 0,      -4.061364993,                 0,                 0
          0,        1054,           0,               -32,               -32,               -32,      -1.126995115,                 0,                 0,                 0,      -4.063686196,                 0,                 0
          0,        1055,           0,               -32,               -32,               -32,      -1.129316352,                 0,                 0,                 0,      -4.066007398,                 0,                 0
          0,        1056,           0,               -32,               -32,               -32,      -1.131637589,                 0,                 0,                 0,      -4.068328601,                 0,                 0
          0,        1057,           0,               -32,               -32,               -32,      -1.133958826,                 0,                 0,                 0,      -4.070649804,                 0,                 0
          0,        1058,           0,               -32,               -32,               -32,      -1.136280063,                 0,                 0,                 0,      -4.072971007,                 0,                 0
          0,        1059,           0,               -32,               -32,               -32,      -1.138601301,                 0,                 0,                 0,      -4.075292211,                 0,                 0
          0,        1060,           0,               -32,               -32,               -32,      -1.140922538,                 0,                 0,                 0,      -4.077613414,                 0,                 0
          0,        1061,           0,               -32,               -32,               -32,      -1.143243776,                 0,                 0,                 0,      -4.079934618,                 0,                 0
          0,        1062,           0,               -32,               -32,               -32,      -1.145565013,                 0,                 0,                 0,      -4.082255822,                 0,                 0
          0,        1063,           0,               -32,               -32,               -32,      -1.147886251,                 0,                 0,                 0,      -4.084577026,                 0,                 0
          0,        1064,           0,               -32,               -32,               -32,      -1.150207488,                 0,                 0,                 0,       -4.08689823,                 0,                 0
          0,        1065,           0,               -32,               -32,               -32,      -1.152528726,                 0,                 0,                 0,      -4.089219434,                 0,                 0
          0,        1066,           0,               -32,               -32,               -32,      -1.154849964,                 0,                 0,                 0,      -4.091540639,                 0,                 0
          0,        1067,           0,               -32,               -32,               -32,      -1.157171201,                 0,                 0,                 0,      -4.093861843,                 0,                 0
          0,        1068,           0,               -32,               -32,               -32,      -1.159492439,                 0,                 0,                 0,      -4.096183048,                 0,                 0
          0,        1069,           0,               -32,               -32,               -32,      -1.161813677,                 0,                 0,                 0,      -4.098504253,                 0,                 0
          0,        1070,           0,               -32,               -32,               -32,      -1.164134915,                 0,                 0,                 0,      -4.100825459,                 0,                 0
          0,        1071,           0,               -32,               -32,               -32,      -1.166456153,                 0,                 0,                 0,      -4.103146664,                 0,                 0
          0,        1072,           0,               -32,               -32,               -32,      -1.168777391,                 0,                 0,                 0,      -4.105467869,                 0,                 0
          0,        1073,           0,               -32,               -32,               -32,      -1.171098629,                 0,                 0,                 0,      -4.107789075,                 0,                 0
          0,        1074,           0,               -32,               -32,               -32,      -1.173419868,                 0,                 0,                 0,      -4.110110281,                 0,                 0
          0,        1075,           0,               -32,               -32,               -32,      -1.175741106,                 0,                 0,                 0,      -4.112431487,                 0,                 0
          0,        1076,           0,               -32,               -32,               -32,      -1.178062344,                 0,                 0,                 0,      -4.114752693,                 0,                 0
          0,        1077,           0,               -32,               -32,               -32,      -1.180383583,                 0,                 0,                 0,        -4.1170739,                 0,                 0
          0,        1078,           0,               -32,               -32,               -32,      -1.182704821,                 0,                 0,                 0,      -4.119395106,                 0,                 0
          0,        1079,           0,               -32,               -32,               -32,       -1.18502606,                 0,                 0,                 0,      -4.121716313,                 0,                 0
          0,        1080,           0,               -32,               -32,               -32,      -1.187347298,                 0,                 0,                 0,       -4.12403752,                 0,                 0
          0,        1081,           0,               -32,               -32,               -32,      -1.189668537,                 0,                 0,                 0,      -4.126358727,                 0,                 0
          0,        1082,           0,               -32,               -32,               -32,      -1.191989775,                 0,                 0,                 0,      -4.128679934,                 0,                 0
          0,        1083,           0,               -32,               -32,               -32,      -1.194311014,                 0,                 0,                 0,      -4.131001141,                 0,                 0
          0,        1084,           0,               -32,               -32,               -32,      -1.196632253,                 0,                 0,                 0,      -4.133322349,                 0,                 0
          0,        1085,           0,               -32,               -32,               -32,      -1.198953492,                 0,                 0,                 0,      -4.135643556,                 0,                 0
          0,        1086,           0,               -32,               -32,               -32,      -1.201274731,                 0,                 0,                 0,      -4.137964764,                 0,                 0
          0,        1087,           0,               -32,               -32,               -32,       -1.20359597,                 0,                 0,                 0,      -4.140285972,                 0,                 0
          0,        1088,           0,               -32,               -32,               -32,      -1.205917209,                 0,                 0,                 0,       -4.14260718,                 0,                 0
          0,        1089,           0,               -32,               -32,               -32,      -1.208238448,                 0,                 0,                 0,      -4.144928388,                 0,                 0
          0,        1090,           0,               -32,               -32,               -32,      -1.210559687,                 0,                 0,                 0,      -4.147249597,                 0,                 0
          0,        1091,           0,               -32,               -32,               -32,      -1.212880926,                 0,                 0,                 0,      -4.149570805,                 0,                 0
          0,        1092,           0,               -32,               -32,               -32,      -1.215202165,                 0,                 0,                 0,      -4.151892014,                 0,                 0
          0,        1093,           0,               -32,               -32,               -32,      -1.217523404,                 0,                 0,                 0,      -4.154213223,                 0,                 0
          0,        1094,           0,               -32,               -32,               -32,      -1.219844644,                 0,                 0,                 0,      -4.156534432,                 0,                 0
          0,        1095,           0,               -32,               -32,               -32,      -1.222165883,                 0,                 0,                 0,      -4.158855641,                 0,                 0
          0,        1096,           0,               -32,               -32,               -32,      -1.224487122,                 0,                 0,                 0,      -4.161176851,                 0,                 0
          0,        1097,           0,               -32,               -32,               -32,      -1.226808362,                 0,                 0,                 0,       -4.16349806,                 0,                 0
          0,        1098,           0,               -32,               -32,               -32,      -1.229129601,                 0,                 0,                 0,       -4.16581927,                 0,                 0
          0,        1099,           0,               -32,               -32,               -32,      -1.231450841,                 0,                 0,                 0,       -4.16814048,                 0,                 0
          0,        1100,           0,               -32,               -32,               -32,      -1.233772081,                 0,                 0,                 0,       -4.17046169,                 0,                 0
          0,        1101,           0,               -32,               -32,               -32,       -1.23609332,                 0,                 0,                 0,        -4.1727829,                 0,                 0
          0,        1102,           0,               -32,               -32,               -32,       -1.23841456,                 0,                 0,                 0,       -4.17510411,                 0,                 0
          0,        1103,           0,               -32,               -32,               -32,        -1.2407358,                 0,                 0,                 0,       -4.17742532,                 0,                 0
          0,        1104,           0,               -32,               -32,               -32,       -1.24305704,                 0,                 0,                 0,      -4.179746531,                 0,                 0
          0,        1105,           0,               -32,               -32,               -32,       -1.24537828,                 0,                 0,                 0,      -4.182067742,                 0,                 0
          0,        1106,           0,               -32,               -32,               -32,       -1.24769952,                 0,                 0,                 0,      -4.184388952,                 0,                 0
          0,        1107,           0,               -32,               -32,               -32,       -1.25002076,                 0,                 0,                 0,      -4.186710163,                 0,                 0
          0,        1108,           0,               -32,               -32,               -32,         -1.252342,                 0,                 0,                 0,      -4.189031375,                 0,                 0
          0,        1109,           0,               -32,               -32,               -32,       -1.25466324,                 0,                 0,                 0,      -4.191352586,                 0,                 0
          0,        1110,           0,               -32,               -32,               -32,       -1.25698448,                 0,                 0,                 0,      -4.193673797,                 0,                 0
          0,        1111,           0,               -32,               -32,               -32,       -1.25930572,                 0,                 0,                 0,      -4.195995009,                 0,                 0
          0,        1112,           0,               -32,               -32,               -32,      -1.261626961,                 0,                 0,                 0,      -4.198316221,                 0,                 0
          0,        1113,           0,               -32,               -32,               -32,      -1.263948201,                 0,                 0,                 0,      -4.200637433,                 0,                 0
          0,        1114,           0,               -32,               -32,               -32,      -1.266269441,                 0,                 0,                 0,      -4.202958645,                 0,                 0
          0,        1115,           0,               -32,               -32,               -32,      -1.268590682,                 0,                 0,                 0,      -4.205279857,                 0,                 0
          0,        1116,           0,               -32,               -32,               -32,      -1.270911922,                 0,                 0,                 0,      -4.207601069,                 0,                 0
          0,        1117,           0,               -32,               -32,               -32,      -1.273233163,                 0,                 0,                 0,      -4.209922281,                 0,                 0
          0,        1118,           0,               -32,               -32,               -32,      -1.275554403,                 0,                 0,                 0,      -4.212243494,                 0,                 0
          0,        1119,           0,               -32,               -32,               -32,      -1.277875644,                 0,                 0,                 0,      -4.214564707,                 0,                 0
          0,        1120,           0,               -32,               -32,               -32,      -1.280196885,                 0,                 0,                 0,       -4.21688592,                 0,                 0
          0,        1121,           0,               -32,               -32,               -32,      -1.282518125,                 0,                 0,                 0,      -4.219207133,                 0,                 0
          0,        1122,           0,               -32,               -32,               -32,      -1.284839366,                 0,                 0,                 0,      -4.221528346,                 0,                 0
          0,        1123,           0,               -32,               -32,               -32,      -1.287160607,                 0,                 0,                 0,      -4.223849559,                 0,                 0
          0,        1124,           0,               -32,               -32,               -32,      -1.289481848,                 0,                 0,                 0,      -4.226170773,                 0,                 0
          0,        1125,           0,               -32,               -32,               -32,      -1.291803089,                 0,                 0,                 0,      -4.228491986,                 0,                 0
          0,        1126,           0,               -32,               -32,               -32,       -1.29412433,                 0,                 0,                 0,        -4.2308132,                 0,                 0
          0,        1127,           0,               -32,               -32,               -32,      -1.296445571,                 0,                 0,                 0,      -4.233134414,                 0,                 0
          0,        1128,           0,               -32,               -32,               -32,      -1.298766812,                 0,                 0,                 0,      -4.235455628,                 0,                 0
          0,        1129,           0,               -32,               -32,               -32,      -1.301088053,                 0,                 0,                 0,      -4.237776842,                 0,                 0
          0,        1130,           0,               -32,               -32,               -32,      -1.303409294,                 0,                 0,                 0,      -4.240098056,                 0,                 0
          0,        1131,           0,               -32,               -32,               -32,      -1.305730535,                 0,                 0,                 0,      -4.242419271,                 0,                 0
          0,        1132,           0,               -32,               -32,               -32,      -1.308051777,                 0,                 0,                 0,      -4.244740485,                 0,                 0
          0,        1133,           0,               -32,               -32,               -32,      -1.310373018,                 0,                 0,                 0,        -4.2470617,                 0,                 0
          0,        1134,           0,               -32,               -32,               -32,      -1.312694259,                 0,                 0,                 0,      -4.249382915,                 0,                 0
          0,        1135,           0,               -32,               -32,               -32,      -1.315015501,                 0,                 0,                 0,       -4.25170413,                 0,                 0
          0,        1136,           0,               -32,               -32,               -32,      -1.317336742,                 0,                 0,                 0,      -4.254025345,                 0,                 0
          0,        1137,           0,               -32,               -32,               -32,      -1.319657984,                 0,                 0,                 0,       -4.25634656,                 0,                 0
          0,        1138,           0,               -32,               -32,               -32,      -1.321979225,                 0,                 0,                 0,      -4.258667775,                 0,                 0
          0,        1139,           0,               -32,               -32,               -32,      -1.324300467,                 0,                 0,                 0,      -4.260988991,                 0,                 0
          0,        1140,           0,               -32,               -32,               -32,      -1.326621708,                 0,                 0,                 0,      -4.263310206,                 0,                 0
          0,        1141,           0,               -32,               -32,               -32,       -1.32894295,                 0,                 0,                 0,      -4.265631422,                 0,                 0
          0,        1142,           0,               -32,               -32,               -32,      -1.331264192,                 0,                 0,                 0,      -4.267952638,                 0,                 0
          0,        1143,           0,               -32,               -32,               -32,      -1.333585434,                 0,                 0,                 0,      -4.270273854,                 0,                 0
          0,        1144,           0,               -32,               -32,               -32,      -1.335906675,                 0,                 0,                 0,       -4.27259507,                 0,                 0
          0,        1145,           0,               -32,               -32,               -32,      -1.338227917,                 0,                 0,                 0,      -4.274916286,                 0,                 0
          0,        1146,           0,               -32,               -32,               -32,      -1.340549159,                 0,                 0,                 0,      -4.277237503,                 0,                 0
          0,        1147,           0,               -32,               -32,               -32,      -1.342870401,                 0,                 0,                 0,      -4.279558719,                 0,                 0
          0,        1148,           0,               -32,               -32,               -32,      -1.345191643,                 0,                 0,                 0,      -4.281879936,                 0,                 0
          0,        1149,           0,               -32,               -32,               -32,      -1.347512885,                 0,                 0,                 0,      -4.284201153,                 0,                 0
          0,        1150,           0,               -32,               -32,               -32,      -1.349834127,                 0,                 0,                 0,       -4.28652237,                 0,                 0
          0,        1151,           0,               -32,               -32,               -32,      -1.352155369,                 0,                 0,                 0,      -4.288843587,                 0,                 0
          0,        1152,           0,               -32,               -32,               -32,      -1.354476612,                 0,                 0,                 0,      -4.291164804,                 0,                 0
          0,        1153,           0,               -32,               -32,               -32,      -1.356797854,                 0,                 0,                 0,      -4.293486021,                 0,                 0
          0,        1154,           0,               -32,               -32,               -32,      -1.359119096,                 0,                 0,                 0,      -4.295807239,                 0,                 0
          0,        1155,           0,               -32,               -32,               -32,      -1.361440338,                 0,                 0,                 0,      -4.298128456,                 0,                 0
          0,        1156,           0,               -32,               -32,               -32,      -1.363761581,                 0,                 0,                 0,      -4.300449674,                 0,                 0
          0,        1157,           0,               -32,               -32,               -32,      -1.366082823,                 0,                 0,                 0,      -4.302770892,                 0,                 0
          0,        1158,           0,               -32,               -32,               -32,      -1.368404066,                 0,                 0,                 0,       -4.30509211,                 0,                 0
          0,        1159,           0,               -32,               -32,               -32,      -1.370725308,                 0,                 0,                 0,      -4.307413328,                 0,                 0
          0,        1160,           0,               -32,               -32,               -32,      -1.373046551,                 0,                 0,                 0,      -4.309734546,                 0,                 0
          0,        1161,           0,               -32,               -32,               -32,      -1.375367793,                 0,                 0,                 0,      -4.312055764,                 0,                 0
          0,        1162,           0,               -32,               -32,               -32,      -1.377689036,                 0,                 0,                 0,      -4.314376983,                 0,                 0
          0,        1163,           0,               -32,               -32,               -32,      -1.380010279,                 0,                 0,                 0,      -4.316698201,                 0,                 0
          0,        1164,           0,               -32,               -32,               -32,      -1.382331521,                 0,                 0,                 0,       -4.31901942,                 0,                 0
          0,        1165,           0,               -32,               -32,               -32,      -1.384652764,                 0,                 0,                 0,      -4.321340639,                 0,                 0
          0,        1166,           0,               -32,               -32,               -32,      -1.386974007,                 0,                 0,                 0,      -4.323661858,                 0,                 0
          0,        1167,           0,               -32,               -32,               -32,       -1.38929525,                 0,                 0,                 0,      -4.325983077,                 0,                 0
          0,        1168,           0,               -32,               -32,               -32,      -1.391616493,                 0,                 0,                 0,      -4.328304296,                 0,                 0
          0,        1169,           0,               -32,               -32,               -32,      -1.393937736,                 0,                 0,                 0,      -4.330625515,                 0,                 0
          0,        1170,           0,               -32,               -32,               -32,      -1.396258979,                 0,                 0,                 0,      -4.332946734,                 0,                 0
          0,        1171,           0,               -32,               -32,               -32,      -1.398580222,                 0,                 0,                 0,      -4.335267954,                 0,                 0
          0,        1172,           0,               -32,               -32,               -32,      -1.400901465,                 0,                 0,                 0,      -4.337589174,                 0,                 0
          0,        1173,           0,               -32,               -32,               -32,      -1.403222708,                 0,                 0,                 0,      -4.339910393,                 0,                 0
          0,        1174,           0,               -32,               -32,               -32,      -1.405543951,                 0,                 0,                 0,      -4.342231613,                 0,                 0
          0,        1175,           0,               -32,               -32,               -32,      -1.407865194,                 0,                 0,                 0,      -4.344552833,                 0,                 0
          0,        1176,           0,               -32,               -32,               -32,      -1.410186437,                 0,                 0,                 0,      -4.346874053,                 0,                 0
          0,        1177,           0,               -32,               -32,               -32,       -1.41250768,                 0,                 0,                 0,      -4.349195274,                 0,                 0
          0,        1178,           0,               -32,               -32,               -32,      -1.414828924,                 0,                 0,                 0,      -4.351516494,                 0,                 0
          0,        1179,           0,               -32,               -32,               -32,      -1.417150167,                 0,                 0,                 0,      -4.353837714,                 0,                 0
          0,        1180,           0,               -32,               -32,               -32,      -1.419471411,                 0,                 0,                 0,      -4.356158935,                 0,                 0
          0,        1181,           0,               -32,               -32,               -32,      -1.421792654,                 0,                 0,                 0,      -4.358480156,                 0,                 0
          0,        1182,           0,               -32,               -32,               -32,      -1.424113897,                 0,                 0,                 0,      -4.360801376,                 0,                 0
          0,        1183,           0,               -32,               -32,               -32,      -1.426435141,                 0,                 0,                 0,      -4.363122597,                 0,                 0
          0,        1184,           0,               -32,               -32,               -32,      -1.428756384,                 0,                 0,                 0,      -4.365443818,                 0,                 0
          0,        1185,           0,               -32,               -32,               -32,      -1.431077628,                 0,                 0,                 0,       -4.36776504,                 0,                 0
          0,        1186,           0,               -32,               -32,               -32,      -1.433398872,                 0,                 0,                 0,      -4.370086261,                 0,                 0
          0,        1187,           0,               -32,               -32,               -32,      -1.435720115,                 0,                 0,                 0,      -4.372407482,                 0,                 0
          0,        1188,           0,               -32,               -32,               -32,      -1.438041359,                 0,                 0,                 0,      -4.374728704,                 0,                 0
          0,        1189,           0,               -32,               -32,               -32,      -1.440362603,                 0,                 0,                 0,      -4.377049925,                 0,                 0
          0,        1190,           0,               -32,               -32,               -32,      -1.442683847,                 0,                 0,                 0,      -4.379371147,                 0,                 0
          0,        1191,           0,               -32,               -32,               -32,       -1.44500509,                 0,                 0,                 0,      -4.381692369,                 0,                 0
          0,        1192,           0,               -32,               -32,               -32,      -1.447326334,                 0,                 0,                 0,      -4.384013591,                 0,                 0
          0,        1193,           0,               -32,               -32,               -32,      -1.449647578,                 0,                 0,                 0,      -4.386334813,                 0,                 0
          0,        1194,           0,               -32,               -32,               -32,      -1.451968822,                 0,                 0,                 0,      -4.388656035,                 0,                 0
          0,        1195,           0,               -32,               -32,               -32,      -1.454290066,                 0,                 0,                 0,      -4.390977257,                 0,                 0
          0,        1196,           0,               -32,               -32,               -32,       -1.45661131,                 0,                 0,                 0,       -4.39329848,                 0,                 0
          0,        1197,           0,               -32,               -32,               -32,      -1.458932554,                 0,                 0,                 0,      -4.395619702,                 0,                 0
          0,        1198,           0,               -32,               -32,               -32,      -1.461253798,                 0,                 0,                 0,      -4.397940925,                 0,                 0
          0,        1199,           0,               -32,               -32,               -32,      -1.463575042,                 0,                 0,                 0,      -4.400262148,                 0,                 0
          0,        1200,           0,               -32,               -32,               -32,      -1.465896287,                 0,                 0,                 0,       -4.40258337,                 0,                 0
          0,        1201,           0,               -32,               -32,               -32,      -1.468217531,                 0,                 0,                 0,      -4.404904593,                 0,                 0
          0,        1202,           0,               -32,               -32,               -32,      -1.470538775,                 0,                 0,                 0,      -4.407225816,                 0,                 0
          0,        1203,           0,               -32,               -32,               -32,      -1.472860019,                 0,                 0,                 0,       -4.40954704,                 0,                 0
          0,        1204,           0,               -32,               -32,               -32,      -1.475181264,                 0,                 0,                 0,      -4.411868263,                 0,                 0
          0,        1205,           0,               -32,               -32,               -32,      -1.477502508,                 0,                 0,                 0,      -4.414189486,                 0,                 0
          0,        1206,           0,               -32,               -32,               -32,      -1.479823753,                 0,                 0,                 0,       -4.41651071,                 0,                 0
          0,        1207,           0,               -32,               -32,               -32,      -1.482144997,                 0,                 0,                 0,      -4.418831933,                 0,                 0
          0,        1208,           0,               -32,               -32,               -32,      -1.484466241,                 0,                 0,                 0,      -4.421153157,                 0,                 0
          0,        1209,           0,               -32,               -32,               -32,      -1.486787486,                 0,                 0,                 0,      -4.423474381,                 0,                 0
          0,        1210,           0,               -32,               -32,               -32,      -1.489108731,                 0,                 0,                 0,      -4.425795605,                 0,                 0
          0,        1211,           0,               -32,               -32,               -32,      -1.491429975,                 0,                 0,                 0,      -4.428116829,                 0,                 0
          0,        1212,           0,               -32,               -32,               -32,       -1.49375122,                 0,                 0,                 0,      -4.430438053,                 0,                 0
          0,        1213,           0,               -32,               -32,               -32,      -1.496072464,                 0,                 0,                 0,      -4.432759277,                 0,                 0
          0,        1214,           0,               -32,               -32,               -32,      -1.498393709,                 0,                 0,                 0,      -4.435080501,                 0,                 0
          0,        1215,           0,               -32,               -32,               -32,      -1.500714954,                 0,                 0,                 0,      -4.437401726,                 0,                 0
          0,        1216,           0,               -32,               -32,               -32,      -1.503036199,                 0,                 0,                 0,       -4.43972295,                 0,                 0
          0,        1217,           0,               -32,               -32,               -32,      -1.505357444,                 0,                 0,                 0,      -4.442044175,                 0,                 0
          0,        1218,           0,               -32,               -32,               -32,      -1.507678688,                 0,                 0,                 0,        -4.4443654,                 0,                 0
          0,        1219,           0,               -32,               -32,               -32,      -1.509999933,                 0,                 0,                 0,      -4.446686624,                 0,                 0
          0,        1220,           0,               -32,               -32,               -32,      -1.512321178,                 0,                 0,                 0,      -4.449007849,                 0,                 0
          0,        1221,           0,               -32,               -32,               -32,      -1.514642423,                 0,                 0,                 0,      -4.451329074,                 0,                 0
          0,        1222,           0,               -32,               -32,               -32,      -1.516963668,                 0,                 0,                 0,        -4.4536503,                 0,                 0
          0,        1223,           0,               -32,               -32,               -32,      -1.519284913,                 0,                 0,                 0,      -4.455971525,                 0,                 0
          0,        1224,           0,               -32,               -32,               -32,      -1.521606158,                 0,                 0,                 0,       -4.45829275,                 0,                 0
          0,        1225,           0,               -32,               -32,               -32,      -1.523927403,                 0,                 0,                 0,      -4.460613976,                 0,                 0
          0,        1226,           0,               -32,               -32,               -32,      -1.526248648,                 0,                 0,                 0,      -4.462935201,                 0,                 0
          0,        1227,           0,               -32,               -32,               -32,      -1.528569894,                 0,                 0,                 0,      -4.465256427,                 0,                 0
          0,        1228,           0,               -32,               -32,               -32,      -1.530891139,                 0,                 0,                 0,      -4.467577653,                 0,                 0
          0,        1229,           0,               -32,               -32,               -32,      -1.533212384,                 0,                 0,                 0,      -4.469898878,                 0,                 0
          0,        1230,           0,               -32,               -32,               -32,      -1.535533629,                 0,                 0,                 0,      -4.472220104,                 0,                 0
          0,        1231,           0,               -32,               -32,               -32,      -1.537854875,                 0,                 0,                 0,       -4.47454133,                 0,                 0
          0,        1232,           0,               -32,               -32,               -32,       -1.54017612,                 0,                 0,                 0,      -4.476862557,                 0,                 0
          0,        1233,           0,               -32,               -32,               -32,      -1.542497365,                 0,                 0,                 0,      -4.479183783,                 0,                 0
          0,        1234,           0,               -32,               -32,               -32,      -1.544818611,                 0,                 0,                 0,      -4.481505009,                 0,                 0
          0,        1235,           0,               -32,               -32,               -32,      -1.547139856,                 0,                 0,                 0,      -4.483826235,                 0,                 0
          0,        1236,           0,               -32,               -32,               -32,      -1.549461102,                 0,                 0,                 0,      -4.486147462,                 0,                 0
          0,        1237,           0,               -32,               -32,               -32,      -1.551782347,                 0,                 0,                 0,      -4.488468689,                 0,                 0
          0,        1238,           0,               -32,               -32,               -32,      -1.554103593,                 0,                 0,                 0,      -4.490789915,                 0,                 0
          0,        1239,           0,               -32,               -32,               -32,      -1.556424838,                 0,                 0,                 0,      -4.493111142,                 0,                 0
          0,        1240,           0,               -32,               -32,               -32,      -1.558746084,                 0,                 0,                 0,      -4.495432369,                 0,                 0
          0,        1241,           0,               -32,               -32,               -32,       -1.56106733,                 0,                 0,                 0,      -4.497753596,                 0,                 0
          0,        1242,           0,               -32,               -32,               -32,      -1.563388575,                 0,                 0,                 0,      -4.500074823,                 0,                 0
          0,        1243,           0,               -32,               -32,               -32,      -1.565709821,                 0,                 0,                 0,       -4.50239605,                 0,                 0
          0,        1244,           0,               -32,               -32,               -32,      -1.568031067,                 0,                 0,                 0,      -4.504717278,                 0,                 0
          0,        1245,           0,               -32,               -32,               -32,      -1.570352313,                 0,                 0,                 0,      -4.507038505,                 0,                 0
          0,        1246,           0,               -32,               -32,               -32,      -1.572673558,                 0,                 0,                 0,      -4.509359733,                 0,                 0
          0,        1247,           0,               -32,               -32,               -32,      -1.574994804,                 0,                 0,                 0,       -4.51168096,                 0,                 0
          0,        1248,           0,               -32,               -32,               -32,       -1.57731605,                 0,                 0,                 0,      -4.514002188,                 0,                 0
          0,        1249,           0,               -32,               -32,               -32,      -1.579637296,                 0,                 0,                 0,      -4.516323416,                 0,                 0
          0,        1250,           0,               -32,               -32,               -32,      -1.581958542,                 0,                 0,                 0,      -4.518644643,                 0,                 0
          0,        1251,           0,               -32,               -32,               -32,      -1.584279788,                 0,                 0,                 0,      -4.520965871,                 0,                 0
          0,        1252,           0,               -32,               -32,               -32,      -1.586601034,                 0,                 0,                 0,      -4.523287099,                 0,                 0
          0,        1253,           0,               -32,               -32,               -32,       -1.58892228,                 0,                 0,                 0,      -4.525608328,                 0,                 0
          0,        1254,           0,               -32,               -32,               -32,      -1.591243526,                 0,                 0,                 0,      -4.527929556,                 0,                 0
          0,        1255,           0,               -32,               -32,               -32,      -1.593564772,                 0,                 0,                 0,      -4.530250784,                 0,                 0
          0,        1256,           0,               -32,               -32,               -32,      -1.595886018,                 0,                 0,                 0,      -4.532572012,                 0,                 0
          0,        1257,           0,               -32,               -32,               -32,      -1.598207264,                 0,                 0,                 0,      -4.534893241,                 0,                 0
          0,        1258,           0,               -32,               -32,               -32,      -1.600528511,                 0,                 0,                 0,      -4.537214469,                 0,                 0
          0,        1259,           0,               -32,               -32,               -32,      -1.602849757,                 0,                 0,                 0,      -4.539535698,                 0,                 0
          0,        1260,           0,               -32,               -32,               -32,      -1.605171003,                 0,                 0,                 0,      -4.541856927,                 0,                 0
          0,        1261,           0,               -32,               -32,               -32,      -1.607492249,                 0,                 0,                 0,      -4.544178156,                 0,                 0
          0,        1262,           0,               -32,               -32,               -32,      -1.609813496,                 0,                 0,                 0,      -4.546499385,                 0,                 0
          0,        1263,           0,               -32,               -32,               -32,      -1.612134742,                 0,                 0,                 0,      -4.548820614,                 0,                 0
          0,        1264,           0,               -32,               -32,               -32,      -1.614455989,                 0,                 0,                 0,      -4.551141843,                 0,                 0
          0,        1265,           0,               -32,               -32,               -32,      -1.616777235,                 0,                 0,                 0,      -4.553463072,                 0,                 0
          0,        1266,           0,               -32,               -32,               -32,      -1.619098481,                 0,                 0,                 0,      -4.555784301,                 0,                 0
          0,        1267,           0,               -32,               -32,               -32,      -1.621419728,                 0,                 0,                 0,      -4.558105531,                 0,                 0
          0,        1268,           0,               -32,               -32,               -32,      -1.623740974,                 0,                 0,                 0,       -4.56042676,                 0,                 0
          0,        1269,           0,               -32,               -32,               -32,      -1.626062221,                 0,                 0,                 0,       -4.56274799,                 0,                 0
          0,        1270,           0,               -32,               -32,               -32,      -1.628383468,                 0,                 0,                 0,      -4.565069219,                 0,                 0
          0,        1271,           0,               -32,               -32,               -32,      -1.630704714,                 0,                 0,                 0,      -4.567390449,                 0,                 0
          0,        1272,           0,               -32,               -32,               -32,      -1.633025961,                 0,                 0,                 0,      -4.569711679,                 0,                 0
          0,        1273,           0,               -32,               -32,               -32,      -1.635347207,                 0,                 0,                 0,      -4.572032909,                 0,                 0
          0,        1274,           0,               -32,               -32,               -32,      -1.637668454,                 0,                 0,                 0,      -4.574354139,                 0,                 0
          0,        1275,           0,               -32,               -32,               -32,      -1.639989701,                 0,                 0,                 0,      -4.576675369,                 0,                 0
          0,        1276,           0,               -32,               -32,               -32,      -1.642310948,                 0,                 0,                 0,      -4.578996599,                 0,                 0
          0,        1277,           0,               -32,               -32,               -32,      -1.644632194,                 0,                 0,                 0,      -4.581317829,                 0,                 0
          0,        1278,           0,               -32,               -32,               -32,      -1.646953441,                 0,                 0,                 0,       -4.58363906,                 0,                 0
          0,        1279,           0,               -32,               -32,               -32,      -1.649274688,                 0,                 0,                 0,       -4.58596029,                 0,                 0
          0,        1280,           0,               -32,               -32,               -32,      -1.651595935,                 0,                 0,                 0,       -4.58828152,                 0,                 0
          0,        1281,           0,               -32,               -32,               -32,      -1.653917182,                 0,                 0,                 0,      -4.590602751,                 0,                 0
          0,        1282,           0,               -32,               -32,               -32,      -1.656238429,                 0,                 0,                 0,      -4.592923982,                 0,                 0
          0,        1283,           0,               -32,               -32,               -32,      -1.658559676,                 0,                 0,                 0,      -4.595245212,                 0,                 0
          0,        1284,           0,               -32,               -32,               -32,      -1.660880923,                 0,                 0,                 0,      -4.597566443,                 0,                 0
          0,        1285,           0,               -32,               -32,               -32,       -1.66320217,                 0,                 0,                 0,      -4.599887674,                 0,                 0
          0,        1286,           0,               -32,               -32,               -32,      -1.665523417,                 0,                 0,                 0,      -4.602208905,                 0,                 0
          0,        1287,           0,               -32,               -32,               -32,      -1.667844664,                 0,                 0,                 0,      -4.604530136,                 0,                 0
          0,        1288,           0,               -32,               -32,               -32,      -1.670165911,                 0,                 0,                 0,      -4.606851367,                 0,                 0
          0,        1289,           0,               -32,               -32,               -32,      -1.672487158,                 0,                 0,                 0,      -4.609172599,                 0,                 0
          0,        1290,           0,               -32,               -32,               -32,      -1.674808405,                 0,                 0,                 0,       -4.61149383,                 0,                 0
          0,        1291,           0,               -32,               -32,               -32,      -1.677129652,                 0,                 0,                 0,      -4.613815061,                 0,                 0
          0,        1292,           0,               -32,               -32,               -32,        -1.6794509,                 0,                 0,                 0,      -4.616136293,                 0,                 0
          0,        1293,           0,               -32,               -32,               -32,      -1.681772147,                 0,                 0,                 0,      -4.618457524,                 0,                 0
          0,        1294,           0,               -32,               -32,               -32,      -1.684093394,                 0,                 0,                 0,      -4.620778756,                 0,                 0
          0,        1295,           0,               -32,               -32,               -32,      -1.686414641,                 0,                 0,                 0,      -4.623099988,                 0,                 0
          0,        1296,           0,               -32,               -32,               -32,      -1.688735889,                 0,                 0,                 0,       -4.62542122,                 0,                 0
          0,        1297,           0,               -32,               -32,               -32,      -1.691057136,                 0,                 0,                 0,      -4.627742451,                 0,                 0
          0,        1298,           0,               -32,               -32,               -32,      -1.693378384,                 0,                 0,                 0,      -4.630063683,                 0,                 0
          0,        1299,           0,               -32,               -32,               -32,      -1.695699631,                 0,                 0,                 0,      -4.632384915,                 0,                 0
          0,        1300,           0,               -32,               -32,               -32,      -1.698020878,                 0,                 0,                 0,      -4.634706147,                 0,                 0
          0,        1301,           0,               -32,               -32,               -32,      -1.700342126,                 0,                 0,                 0,       -4.63702738,                 0,                 0
          0,        1302,           0,               -32,               -32,               -32,      -1.702663373,                 0,                 0,                 0,      -4.639348612,                 0,                 0
          0,        1303,           0,               -32,               -32,               -32,      -1.704984621,                 0,                 0,                 0,      -4.641669844,                 0,                 0
          0,        1304,           0,               -32,               -32,               -32,      -1.707305868,                 0,                 0,                 0,      -4.643991077,                 0,                 0
          0,        1305,           0,               -32,               -32,               -32,      -1.709627116,                 0,                 0,                 0,      -4.646312309,                 0,                 0
          0,        1306,           0,               -32,               -32,               -32,      -1.711948364,                 0,                 0,                 0,      -4.648633542,                 0,                 0
          0,        1307,           0,               -32,               -32,               -32,      -1.714269611,                 0,                 0,                 0,      -4.650954774,                 0,                 0
          0,        1308,           0,               -32,               -32,               -32,      -1.716590859,                 0,                 0,                 0,      -4.653276007,                 0,                 0
          0,        1309,           0,               -32,               -32,               -32,      -1.718912107,                 0,                 0,                 0,       -4.65559724,                 0,                 0
          0,        1310,           0,               -32,               -32,               -32,      -1.721233354,                 0,                 0,                 0,      -4.657918473,                 0,                 0
          0,        1311,           0,               -32,               -32,               -32,      -1.723554602,                 0,                 0,                 0,      -4.660239706,                 0,                 0
          0,        1312,           0,               -32,               -32,               -32,       -1.72587585,                 0,                 0,                 0,      -4.662560939,                 0,                 0
          0,        1313,           0,               -32,               -32,               -32,      -1.728197098,                 0,                 0,                 0,      -4.664882172,                 0,                 0
          0,        1314,           0,               -32,               -32,               -32,      -1.730518346,                 0,                 0,                 0,      -4.667203405,                 0,                 0
          0,        1315,           0,               -32,               -32,               -32,      -1.732839593,                 0,                 0,                 0,      -4.669524638,                 0,                 0
          0,        1316,           0,               -32,               -32,               -32,      -1.735160841,                 0,                 0,                 0,      -4.671845872,                 0,                 0
          0,        1317,           0,               -32,               -32,               -32,      -1.737482089,                 0,                 0,                 0,      -4.674167105,                 0,                 0
          0,        1318,           0,               -32,               -32,               -32,      -1.739803337,                 0,                 0,                 0,      -4.676488339,                 0,                 0
          0,        1319,           0,               -32,               -32,               -32,      -1.742124585,                 0,                 0,                 0,      -4.678809572,                 0,                 0
          0,        1320,           0,               -32,               -32,               -32,      -1.744445833,                 0,                 0,                 0,      -4.681130806,                 0,                 0
          0,        1321,           0,               -32,               -32,               -32,      -1.746767081,                 0,                 0,                 0,      -4.683452039,                 0,                 0
          0,        1322,           0,               -32,               -32,               -32,      -1.749088329,                 0,                 0,                 0,      -4.685773273,                 0,                 0
          0,        1323,           0,               -32,               -32,               -32,      -1.751409577,                 0,                 0,                 0,      -4.688094507,                 0,                 0
          0,        1324,           0,               -32,               -32,               -32,      -1.753730825,                 0,                 0,                 0,      -4.690415741,                 0,                 0
          0,        1325,           0,               -32,               -32,               -32,      -1.756052073,                 0,                 0,                 0,      -4.692736975,                 0,                 0
          0,        1326,           0,               -32,               -32,               -32,      -1.758373321,                 0,                 0,                 0,      -4.695058209,                 0,                 0
          0,        1327,           0,               -32,               -32,               -32,       -1.76069457,                 0,                 0,                 0,      -4.697379443,                 0,                 0
          0,        1328,           0,               -32,               -32,               -32,      -1.763015818,                 0,                 0,                 0,      -4.699700677,                 0,                 0
          0,        1329,           0,               -32,               -32,               -32,      -1.765337066,                 0,                 0,                 0,      -4.702021912,                 0,                 0
          0,        1330,           0,               -32,               -32,               -32,      -1.767658314,                 0,                 0,                 0,      -4.704343146,                 0,                 0
          0,        1331,           0,               -32,               -32,               -32,      -1.769979562,                 0,                 0,                 0,       -4.70666438,                 0,                 0
          0,        1332,           0,               -32,               -32,               -32,      -1.772300811,                 0,                 0,                 0,      -4.708985615,                 0,                 0
          0,        1333,           0,               -32,               -32,               -32,      -1.774622059,                 0,                 0,                 0,      -4.711306849,                 0,                 0
          0,        1334,           0,               -32,               -32,               -32,      -1.776943307,                 0,                 0,                 0,      -4.713628084,                 0,                 0
          0,        1335,           0,               -32,               -32,               -32,      -1.779264556,                 0,                 0,                 0,      -4.715949319,                 0,                 0
          0,        1336,           0,               -32,               -32,               -32,      -1.781585804,                 0,                 0,                 0,      -4.718270554,                 0,                 0
          0,        1337,           0,               -32,               -32,               -32,      -1.783907052,                 0,                 0,                 0,      -4.720591788,                 0,                 0
          0,        1338,           0,               -32,               -32,               -32,      -1.786228301,                 0,                 0,                 0,      -4.722913023,                 0,                 0
          0,        1339,           0,               -32,               -32,               -32,      -1.788549549,                 0,                 0,                 0,      -4.725234258,                 0,                 0
          0,        1340,           0,               -32,               -32,               -32,      -1.790870798,                 0,                 0,                 0,      -4.727555493,                 0,                 0
          0,        1341,           0,               -32,               -32,               -32,      -1.793192046,                 0,                 0,                 0,      -4.729876728,                 0,                 0
          0,        1342,           0,               -32,               -32,               -32,      -1.795513295,                 0,                 0,                 0,      -4.732197964,                 0,                 0
          0,        1343,           0,               -32,               -32,               -32,      -1.797834543,                 0,                 0,                 0,      -4.734519199,                 0,                 0
          0,        1344,           0,               -32,               -32,               -32,      -1.800155792,                 0,                 0,                 0,      -4.736840434,                 0,                 0
          0,        1345,           0,               -32,               -32,               -32,      -1.802477041,                 0,                 0,                 0,       -4.73916167,                 0,                 0
          0,        1346,           0,               -32,               -32,               -32,      -1.804798289,                 0,                 0,                 0,      -4.741482905,                 0,                 0
          0,        1347,           0,               -32,               -32,               -32,      -1.807119538,                 0,                 0,                 0,      -4.743804141,                 0,                 0
          0,        1348,           0,               -32,               -32,               -32,      -1.809440787,                 0,                 0,                 0,      -4.746125376,                 0,                 0
          0,        1349,           0,               -32,               -32,               -32,      -1.811762035,                 0,                 0,                 0,      -4.748446612,                 0,                 0
          0,        1350,           0,               -32,               -32,               -32,      -1.814083284,                 0,                 0,                 0,      -4.750767848,                 0,                 0
          0,        1351,           0,               -32,               -32,               -32,      -1.816404533,                 0,                 0,                 0,      -4.753089083,                 0,                 0
          0,        1352,           0,               -32,               -32,               -32,      -1.818725781,                 0,                 0,                 0,      -4.755410319,                 0,                 0
          0,        1353,           0,               -32,               -32,               -32,       -1.82104703,                 0,                 0,                 0,      -4.757731555,                 0,                 0
          0,        1354,           0,               -32,               -32,               -32,      -1.823368279,                 0,                 0,                 0,      -4.760052791,                 0,                 0
          0,        1355,           0,               -32,               -32,               -32,      -1.825689528,                 0,                 0,                 0,      -4.762374027,                 0,                 0
          0,        1356,           0,               -32,               -32,               -32,      -1.828010777,                 0,                 0,                 0,      -4.764695263,                 0,                 0
          0,        1357,           0,               -32,               -32,               -32,      -1.830332026,                 0,                 0,                 0,      -4.767016499,                 0,                 0
          0,        1358,           0,               -32,               -32,               -32,      -1.832653274,                 0,                 0,                 0,      -4.769337736,                 0,                 0
          0,        1359,           0,               -32,               -32,               -32,      -1.834974523,                 0,                 0,                 0,      -4.771658972,                 0,                 0
          0,        1360,           0,               -32,               -32,               -32,      -1.837295772,                 0,                 0,                 0,      -4.773980208,                 0,                 0
          0,        1361,           0,               -32,               -32,               -32,      -1.839617021,                 0,                 0,                 0,      -4.776301445,                 0,                 0
          0,        1362,           0,               -32,               -32,               -32,       -1.84193827,                 0,                 0,                 0,      -4.778622681,                 0,                 0
          0,        1363,           0,               -32,               -32,               -32,      -1.844259519,                 0,                 0,                 0,      -4.780943918,                 0,                 0
          0,        1364,           0,               -32,               -32,               -32,      -1.846580768,                 0,                 0,                 0,      -4.783265155,                 0,                 0
          0,        1365,           0,               -32,               -32,               -32,      -1.848902017,                 0,                 0,                 0,      -4.785586391,                 0,                 0
          0,        1366,           0,               -32,               -32,               -32,      -1.851223266,                 0,                 0,                 0,      -4.787907628,                 0,                 0
          0,        1367,           0,               -32,               -32,               -32,      -1.853544516,                 0,                 0,                 0,      -4.790228865,                 0,                 0
          0,        1368,           0,               -32,               -32,               -32,      -1.855865765,                 0,                 0,                 0,      -4.792550102,                 0,                 0
          0,        1369,           0,               -32,               -32,               -32,      -1.858187014,                 0,                 0,                 0,      -4.794871339,                 0,                 0
          0,        1370,           0,               -32,               -32,               -32,      -1.860508263,                 0,                 0,                 0,      -4.797192576,                 0,                 0
          0,        1371,           0,               -32,               -32,               -32,      -1.862829512,                 0,                 0,                 0,      -4.799513813,                 0,                 0
          0,        1372,           0,               -32,               -32,               -32,      -1.865150761,                 0,                 0,                 0,       -4.80183505,                 0,                 0
          0,        1373,           0,               -32,               -32,               -32,      -1.867472011,                 0,                 0,                 0,      -4.804156287,                 0,                 0
          0,        1374,           0,               -32,               -32,               -32,       -1.86979326,                 0,                 0,                 0,      -4.806477524,                 0,                 0
          0,        1375,           0,               -32,               -32,               -32,      -1.872114509,                 0,                 0,                 0,      -4.808798762,                 0,                 0
          0,        1376,           0,               -32,               -32,               -32,      -1.874435758,                 0,                 0,                 0,      -4.811119999,                 0,                 0
          0,        1377,           0,               -32,               -32,               -32,      -1.876757008,                 0,                 0,                 0,      -4.813441236,                 0,                 0
          0,        1378,           0,               -32,               -32,               -32,      -1.879078257,                 0,                 0,                 0,      -4.815762474,                 0,                 0
          0,        1379,           0,               -32,               -32,               -32,      -1.881399506,                 0,                 0,                 0,      -4.818083712,                 0,                 0
          0,        1380,           0,               -32,               -32,               -32,      -1.883720756,                 0,                 0,                 0,      -4.820404949,                 0,                 0
          0,        1381,           0,               -32,               -32,               -32,      -1.886042005,                 0,                 0,                 0,      -4.822726187,                 0,                 0
          0,        1382,           0,               -32,               -32,               -32,      -1.888363255,                 0,                 0,                 0,      -4.825047425,                 0,                 0
          0,        1383,           0,               -32,               -32,               -32,      -1.890684504,                 0,                 0,                 0,      -4.827368662,                 0,                 0
          0,        1384,           0,               -32,               -32,               -32,      -1.893005754,                 0,                 0,                 0,        -4.8296899,                 0,                 0
          0,        1385,           0,               -32,               -32,               -32,      -1.895327003,                 0,                 0,                 0,      -4.832011138,                 0,                 0
          0,        1386,           0,               -32,               -32,               -32,      -1.897648253,                 0,                 0,                 0,      -4.834332376,                 0,                 0
          0,        1387,           0,               -32,               -32,               -32,      -1.899969502,                 0,                 0,                 0,      -4.836653614,                 0,                 0
          0,        1388,           0,               -32,               -32,               -32,      -1.902290752,                 0,                 0,                 0,      -4.838974852,                 0,                 0
          0,        1389,           0,               -32,               -32,               -32,      -1.904612001,                 0,                 0,                 0,       -4.84129609,                 0,                 0
          0,        1390,           0,               -32,               -32,               -32,      -1.906933251,                 0,                 0,                 0,      -4.843617329,                 0,                 0
          0,        1391,           0,               -32,               -32,               -32,        -1.9092545,                 0,                 0,                 0,      -4.845938567,                 0,                 0
          0,        1392,           0,               -32,               -32,               -32,       -1.91157575,                 0,                 0,                 0,      -4.848259805,                 0,                 0
          0,        1393,           0,               -32,               -32,               -32,         -1.913897,                 0,                 0,                 0,      -4.850581044,                 0,                 0
          0,        1394,           0,               -32,               -32,               -32,      -1.916218249,                 0,                 0,                 0,      -4.852902282,                 0,                 0
          0,        1395,           0,               -32,               -32,               -32,      -1.918539499,                 0,                 0,                 0,      -4.855223521,                 0,                 0
          0,        1396,           0,               -32,               -32,               -32,      -1.920860749,                 0,                 0,                 0,      -4.857544759,                 0,                 0
          0,        1397,           0,               -32,               -32,               -32,      -1.923181999,                 0,                 0,                 0,      -4.859865998,                 0,                 0
          0,        1398,           0,               -32,               -32,               -32,      -1.925503248,                 0,                 0,                 0,      -4.862187236,                 0,                 0
          0,        1399,           0,               -32,               -32,               -32,      -1.927824498,                 0,                 0,                 0,      -4.864508475,                 0,                 0
          0,        1400,           0,               -32,               -32,               -32,      -1.930145748,                 0,                 0,                 0,      -4.866829714,                 0,                 0
          0,        1401,           0,               -32,               -32,               -32,      -1.932466998,                 0,                 0,                 0,      -4.869150953,                 0,                 0
          0,        1402,           0,               -32,               -32,               -32,      -1.934788248,                 0,                 0,                 0,      -4.871472192,                 0,                 0
          0,        1403,           0,               -32,               -32,               -32,      -1.937109497,                 0,                 0,                 0,      -4.873793431,                 0,                 0
          0,        1404,           0,               -32,               -32,               -32,      -1.939430747,                 0,                 0,                 0,       -4.87611467,                 0,                 0
          0,        1405,           0,               -32,               -32,               -32,      -1.941751997,                 0,                 0,                 0,      -4.878435909,                 0,                 0
          0,        1406,           0,               -32,               -32,               -32,      -1.944073247,                 0,                 0,                 0,      -4.880757148,                 0,                 0
          0,        1407,           0,               -32,               -32,               -32,      -1.946394497,                 0,                 0,                 0,      -4.883078387,                 0,                 0
          0,        1408,           0,               -32,               -32,               -32,      -1.948715747,                 0,                 0,                 0,      -4.885399626,                 0,                 0
          0,        1409,           0,               -32,               -32,               -32,      -1.951036997,                 0,                 0,                 0,      -4.887720865,                 0,                 0
          0,        1410,           0,               -32,               -32,               -32,      -1.953358247,                 0,                 0,                 0,      -4.890042105,                 0,                 0
          0,        1411,           0,               -32,               -32,               -32,      -1.955679497,                 0,                 0,                 0,      -4.892363344,                 0,                 0
          0,        1412,           0,               -32,               -32,               -32,      -1.958000747,                 0,                 0,                 0,      -4.894684584,                 0,                 0
          0,        1413,           0,               -32,               -32,               -32,      -1.960321997,                 0,                 0,                 0,      -4.897005823,                 0,                 0
          0,        1414,           0,               -32,               -32,               -32,      -1.962643247,                 0,                 0,                 0,      -4.899327063,                 0,                 0
          0,        1415,           0,               -32,               -32,               -32,      -1.964964497,                 0,                 0,                 0,      -4.901648302,                 0,                 0
          0,        1416,           0,               -32,               -32,               -32,      -1.967285747,                 0,                 0,                 0,      -4.903969542,                 0,                 0
          0,        1417,           0,               -32,               -32,               -32,      -1.969606997,                 0,                 0,                 0,      -4.906290782,                 0,                 0
          0,        1418,           0,               -32,               -32,               -32,      -1.971928247,                 0,                 0,                 0,      -4.908612021,                 0,                 0
          0,        1419,           0,               -32,               -32,               -32,      -1.974249498,                 0,                 0,                 0,      -4.910933261,                 0,                 0
          0,        1420,           0,               -32,               -32,               -32,      -1.976570748,                 0,                 0,                 0,      -4.913254501,                 0,                 0
          0,        1421,           0,               -32,               -32,               -32,      -1.978891998,                 0,                 0,                 0,      -4.915575741,                 0,                 0
          0,        1422,           0,               -32,               -32,               -32,      -1.981213248,                 0,                 0,                 0,      -4.917896981,                 0,                 0
          0,        1423,           0,               -32,               -32,               -32,      -1.983534498,                 0,                 0,                 0,      -4.920218221,                 0,                 0
          0,        1424,           0,               -32,               -32,               -32,      -1.985855749,                 0,                 0,                 0,      -4.922539461,                 0,                 0
          0,        1425,           0,               -32,               -32,               -32,      -1.988176999,                 0,                 0,                 0,      -4.924860701,                 0,                 0
          0,        1426,           0,               -32,               -32,               -32,      -1.990498249,                 0,                 0,                 0,      -4.927181942,                 0,                 0
          0,        1427,           0,               -32,               -32,               -32,      -1.992819499,                 0,                 0,                 0,      -4.929503182,                 0,                 0
          0,        1428,           0,               -32,               -32,               -32,       -1.99514075,                 0,                 0,                 0,      -4.931824422,                 0,                 0
          0,        1429,           0,               -32,               -32,               -32,         -1.997462,                 0,                 0,                 0,      -4.934145662,                 0,                 0
          0,        1430,           0,               -32,               -32,               -32,       -1.99978325,                 0,                 0,                 0,      -4.936466903,                 0,                 0
          0,        1431,           0,               -32,               -32,               -32,      -2.002104501,                 0,                 0,                 0,      -4.938788143,                 0,                 0
          0,        1432,           0,               -32,               -32,               -32,      -2.004425751,                 0,                 0,                 0,      -4.941109384,                 0,                 0
          0,        1433,           0,               -32,               -32,               -32,      -2.006747002,                 0,                 0,                 0,      -4.943430624,                 0,                 0
          0,        1434,           0,               -32,               -32,               -32,      -2.009068252,                 0,                 0,                 0,      -4.945751865,                 0,                 0
          0,        1435,           0,               -32,               -32,               -32,      -2.011389503,                 0,                 0,                 0,      -4.948073106,                 0,                 0
          0,        1436,           0,               -32,               -32,               -32,      -2.013710753,                 0,                 0,                 0,      -4.950394346,                 0,                 0
          0,        1437,           0,               -32,               -32,               -32,      -2.016032003,                 0,                 0,                 0,      -4.952715587,                 0,                 0
          0,        1438,           0,               -32,               -32,               -32,      -2.018353254,                 0,                 0,                 0,      -4.955036828,                 0,                 0
          0,        1439,           0,               -32,               -32,               -32,      -2.020674505,                 0,                 0,                 0,      -4.957358069,                 0,                 0
          0,        1440,           0,               -32,               -32,               -32,      -2.022995755,                 0,                 0,                 0,       -4.95967931,                 0,                 0
          0,        1441,           0,               -32,               -32,               -32,      -2.025317006,                 0,                 0,                 0,       -4.96200055,                 0,                 0
          0,        1442,           0,               -32,               -32,               -32,      -2.027638256,                 0,                 0,                 0,      -4.964321791,                 0,                 0
          0,        1443,           0,               -32,               -32,               -32,      -2.029959507,                 0,                 0,                 0,      -4.966643033,                 0,                 0
          0,        1444,           0,               -32,               -32,               -32,      -2.032280757,                 0,                 0,                 0,      -4.968964274,                 0,                 0
          0,        1445,           0,               -32,               -32,               -32,      -2.034602008,                 0,                 0,                 0,      -4.971285515,                 0,                 0
          0,        1446,           0,               -32,               -32,               -32,      -2.036923259,                 0,                 0,                 0,      -4.973606756,                 0,                 0
          0,        1447,           0,               -32,               -32,               -32,      -2.039244509,                 0,                 0,                 0,      -4.975927997,                 0,                 0
          0,        1448,           0,               -32,               -32,               -32,       -2.04156576,                 0,                 0,                 0,      -4.978249238,                 0,                 0
          0,        1449,           0,               -32,               -32,               -32,      -2.043887011,                 0,                 0,                 0,       -4.98057048,                 0,                 0
          0,        1450,           0,               -32,               -32,               -32,      -2.046208261,                 0,                 0,                 0,      -4.982891721,                 0,                 0
          0,        1451,           0,               -32,               -32,               -32,      -2.048529512,                 0,                 0,                 0,      -4.985212963,                 0,                 0
          0,        1452,           0,               -32,               -32,               -32,      -2.050850763,                 0,                 0,                 0,      -4.987534204,                 0,                 0
          0,        1453,           0,               -32,               -32,               -32,      -2.053172013,                 0,                 0,                 0,      -4.989855446,                 0,                 0
          0,        1454,           0,               -32,               -32,               -32,      -2.055493264,                 0,                 0,                 0,      -4.992176687,                 0,                 0
          0,        1455,           0,               -32,               -32,               -32,      -2.057814515,                 0,                 0,                 0,      -4.994497929,                 0,                 0
          0,        1456,           0,               -32,               -32,               -32,      -2.060135766,                 0,                 0,                 0,      -4.996819171,                 0,                 0
          0,        1457,           0,               -32,               -32,               -32,      -2.062457017,                 0,                 0,                 0,      -4.999140412,                 0,                 0
          0,        1458,           0,               -32,               -32,               -32,      -2.064778268,                 0,                 0,                 0,      -5.001461654,                 0,                 0
          0,        1459,           0,               -32,               -32,               -32,      -2.067099518,                 0,                 0,                 0,      -5.003782896,                 0,                 0
          0,        1460,           0,               -32,               -32,               -32,      -2.069420769,                 0,                 0,                 0,      -5.006104138,                 0,                 0
          0,        1461,           0,               -32,               -32,               -32,       -2.07174202,                 0,                 0,                 0,      -5.008425379,                 0,                 0
          0,        1462,           0,               -32,               -32,               -32,      -2.074063271,                 0,                 0,                 0,      -5.010746621,                 0,                 0
          0,        1463,           0,               -32,               -32,               -32,      -2.076384522,                 0,                 0,                 0,      -5.013067863,                 0,                 0
          0,        1464,           0,               -32,               -32,               -32,      -2.078705773,                 0,                 0,                 0,      -5.015389105,                 0,                 0
          0,        1465,           0,               -32,               -32,               -32,      -2.081027024,                 0,                 0,                 0,      -5.017710348,                 0,                 0
          0,        1466,           0,               -32,               -32,               -32,      -2.083348275,                 0,                 0,                 0,       -5.02003159,                 0,                 0
          0,        1467,           0,               -32,               -32,               -32,      -2.085669526,                 0,                 0,                 0,      -5.022352832,                 0,                 0
          0,        1468,           0,               -32,               -32,               -32,      -2.087990777,                 0,                 0,                 0,      -5.024674074,                 0,                 0
          0,        1469,           0,               -32,               -32,               -32,      -2.090312028,                 0,                 0,                 0,      -5.026995316,                 0,                 0
          0,        1470,           0,               -32,               -32,               -32,      -2.092633279,                 0,                 0,                 0,      -5.029316559,                 0,                 0
          0,        1471,           0,               -32,               -32,               -32,       -2.09495453,                 0,                 0,                 0,      -5.031637801,                 0,                 0
          0,        1472,           0,               -32,               -32,               -32,      -2.097275781,                 0,                 0,                 0,      -5.033959043,                 0,                 0
          0,        1473,           0,               -32,               -32,               -32,      -2.099597032,                 0,                 0,                 0,      -5.036280286,                 0,                 0
          0,        1474,           0,               -32,               -32,               -32,      -2.101918283,                 0,                 0,                 0,      -5.038601528,                 0,                 0
          0,        1475,           0,               -32,               -32,               -32,      -2.104239534,                 0,                 0,                 0,      -5.040922771,                 0,                 0
          0,        1476,           0,               -32,               -32,               -32,      -2.106560785,                 0,                 0,                 0,      -5.043244013,                 0,                 0
          0,        1477,           0,               -32,               -32,               -32,      -2.108882036,                 0,                 0,                 0,      -5.045565256,                 0,                 0
          0,        1478,           0,               -32,               -32,               -32,      -2.111203288,                 0,                 0,                 0,      -5.047886499,                 0,                 0
          0,        1479,           0,               -32,               -32,               -32,      -2.113524539,                 0,                 0,                 0,      -5.050207741,                 0,                 0
          0,        1480,           0,               -32,               -32,               -32,       -2.11584579,                 0,                 0,                 0,      -5.052528984,                 0,                 0
          0,        1481,           0,               -32,               -32,               -32,      -2.118167041,                 0,                 0,                 0,      -5.054850227,                 0,                 0
          0,        1482,           0,               -32,               -32,               -32,      -2.120488292,                 0,                 0,                 0,       -5.05717147,                 0,                 0
          0,        1483,           0,               -32,               -32,               -32,      -2.122809544,                 0,                 0,                 0,      -5.059492713,                 0,                 0
          0,        1484,           0,               -32,               -32,               -32,      -2.125130795,                 0,                 0,                 0,      -5.061813956,                 0,                 0
          0,        1485,           0,               -32,               -32,               -32,      -2.127452046,                 0,                 0,                 0,      -5.064135198,                 0,                 0
          0,        1486,           0,               -32,               -32,               -32,      -2.129773297,                 0,                 0,                 0,      -5.066456441,                 0,                 0
          0,        1487,           0,               -32,               -32,               -32,      -2.132094549,                 0,                 0,                 0,      -5.068777684,                 0,                 0
          0,        1488,           0,               -32,               -32,               -32,        -2.1344158,                 0,                 0,                 0,      -5.071098928,                 0,                 0
          0,        1489,           0,               -32,               -32,               -32,      -2.136737051,                 0,                 0,                 0,      -5.073420171,                 0,                 0
          0,        1490,           0,               -32,               -32,               -32,      -2.139058303,                 0,                 0,                 0,      -5.075741414,                 0,                 0
          0,        1491,           0,               -32,               -32,               -32,      -2.141379554,                 0,                 0,                 0,      -5.078062657,                 0,                 0
          0,        1492,           0,               -32,               -32,               -32,      -2.143700805,                 0,                 0,                 0,        -5.0803839,                 0,                 0
          0,        1493,           0,               -32,               -32,               -32,      -2.146022057,                 0,                 0,                 0,      -5.082705144,                 0,                 0
          0,        1494,           0,               -32,               -32,               -32,      -2.148343308,                 0,                 0,                 0,      -5.085026387,                 0,                 0
          0,        1495,           0,               -32,               -32,               -32,       -2.15066456,                 0,                 0,                 0,       -5.08734763,                 0,                 0
          0,        1496,           0,               -32,               -32,               -32,      -2.152985811,                 0,                 0,                 0,      -5.089668874,                 0,                 0
          0,        1497,           0,               -32,               -32,               -32,      -2.155307062,                 0,                 0,                 0,      -5.091990117,                 0,                 0
          0,        1498,           0,               -32,               -32,               -32,      -2.157628314,                 0,                 0,                 0,      -5.094311361,                 0,                 0
          0,        1499,           0,               -32,               -32,               -32,      -2.159949565,                 0,                 0,                 0,      -5.096632604,                 0,                 0
          0,        1500,           0,               -32,               -32,               -32,      -2.162270817,                 0,                 0,                 0,      -5.098953848,                 0,                 0
          0,        1501,           0,               -32,               -32,               -32,      -2.164592068,                 0,                 0,                 0,      -5.101275091,                 0,                 0
          0,        1502,           0,               -32,               -32,               -32,       -2.16691332,                 0,                 0,                 0,      -5.103596335,                 0,                 0
          0,        1503,           0,               -32,               -32,               -32,      -2.169234571,                 0,                 0,                 0,      -5.105917579,                 0,                 0
          0,        1504,           0,               -32,               -32,               -32,      -2.171555823,                 0,                 0,                 0,      -5.108238823,                 0,                 0
          0,        1505,           0,               -32,               -32,               -32,      -2.173877074,                 0,                 0,                 0,      -5.110560066,                 0,                 0
          0,        1506,           0,               -32,               -32,               -32,      -2.176198326,                 0,                 0,                 0,       -5.11288131,                 0,                 0
          0,        1507,           0,               -32,               -32,               -32,      -2.178519578,                 0,                 0,                 0,      -5.115202554,                 0,                 0
          0,        1508,           0,               -32,               -32,               -32,      -2.180840829,                 0,                 0,                 0,      -5.117523798,                 0,                 0
          0,        1509,           0,               -32,               -32,               -32,      -2.183162081,                 0,                 0,                 0,      -5.119845042,                 0,                 0
          0,        1510,           0,               -32,               -32,               -32,      -2.185483332,                 0,                 0,                 0,      -5.122166286,                 0,                 0
          0,        1511,           0,               -32,               -32,               -32,      -2.187804584,                 0,                 0,                 0,       -5.12448753,                 0,                 0
          0,        1512,           0,               -32,               -32,               -32,      -2.190125836,                 0,                 0,                 0,      -5.126808774,                 0,                 0
          0,        1513,           0,               -32,               -32,               -32,      -2.192447087,                 0,                 0,                 0,      -5.129130018,                 0,                 0
          0,        1514,           0,               -32,               -32,               -32,      -2.194768339,                 0,                 0,                 0,      -5.131451262,                 0,                 0
          0,        1515,           0,               -32,               -32,               -32,      -2.197089591,                 0,                 0,                 0,      -5.133772506,                 0,                 0
          0,        1516,           0,               -32,               -32,               -32,      -2.199410842,                 0,                 0,                 0,      -5.136093751,                 0,                 0
          0,        1517,           0,               -32,               -32,               -32,      -2.201732094,                 0,                 0,                 0,      -5.138414995,                 0,                 0
          0,        1518,           0,               -32,               -32,               -32,      -2.204053346,                 0,                 0,                 0,      -5.140736239,                 0,                 0
          0,        1519,           0,               -32,               -32,               -32,      -2.206374598,                 0,                 0,                 0,      -5.143057483,                 0,                 0
          0,        1520,           0,               -32,               -32,               -32,      -2.208695849,                 0,                 0,                 0,      -5.145378728,                 0,                 0
          0,        1521,           0,               -32,               -32,               -32,      -2.211017101,                 0,                 0,                 0,      -5.147699972,                 0,                 0
          0,        1522,           0,               -32,               -32,               -32,      -2.213338353,                 0,                 0,                 0,      -5.150021217,                 0,                 0
          0,        1523,           0,               -32,               -32,               -32,      -2.215659605,                 0,                 0,                 0,      -5.152342461,                 0,                 0
          0,        1524,           0,               -32,               -32,               -32,      -2.217980856,                 0,                 0,                 0,      -5.154663706,                 0,                 0
          0,        1525,           0,               -32,               -32,               -32,      -2.220302108,                 0,                 0,                 0,       -5.15698495,                 0,                 0
          0,        1526,           0,               -32,               -32,               -32,       -2.22262336,                 0,                 0,                 0,      -5.159306195,                 0,                 0
          0,        1527,           0,               -32,               -32,               -32,      -2.224944612,                 0,                 0,                 0,      -5.161627439,                 0,                 0
          0,        1528,           0,               -32,               -32,               -32,      -2.227265864,                 0,                 0,                 0,      -5.163948684,                 0,                 0
          0,        1529,           0,               -32,               -32,               -32,      -2.229587116,                 0,                 0,                 0,      -5.166269929,                 0,                 0
          0,        1530,           0,               -32,               -32,               -32,      -2.231908367,                 0,                 0,                 0,      -5.168591174,                 0,                 0
          0,        1531,           0,               -32,               -32,               -32,      -2.234229619,                 0,                 0,                 0,      -5.170912418,                 0,                 0
          0,        1532,           0,               -32,               -32,               -32,      -2.236550871,                 0,                 0,                 0,      -5.173233663,                 0,                 0
          0,        1533,           0,               -32,               -32,               -32,      -2.238872123,                 0,                 0,                 0,      -5.175554908,                 0,                 0
          0,        1534,           0,               -32,               -32,               -32,      -2.241193375,                 0,                 0,                 0,      -5.177876153,                 0,                 0
          0,        1535,           0,               -32,               -32,               -32,      -2.243514627,                 0,                 0,                 0,      -5.180197398,                 0,                 0
          0,        1536,           0,               -32,               -32,               -32,      -2.245835879,                 0,                 0,                 0,      -5.182518643,                 0,                 0
          0,        1537,           0,               -32,               -32,               -32,      -2.248157131,                 0,                 0,                 0,      -5.184839888,                 0,                 0
          0,        1538,           0,               -32,               -32,               -32,      -2.250478383,                 0,                 0,                 0,      -5.187161133,                 0,                 0
          0,        1539,           0,               -32,               -32,               -32,      -2.252799635,                 0,                 0,                 0,      -5.189482378,                 0,                 0
          0,        1540,           0,               -32,               -32,               -32,      -2.255120887,                 0,                 0,                 0,      -5.191803623,                 0,                 0
          0,        1541,           0,               -32,               -32,               -32,      -2.257442139,                 0,                 0,                 0,      -5.194124868,                 0,                 0
          0,        1542,           0,               -32,               -32,               -32,      -2.259763391,                 0,                 0,                 0,      -5.196446113,                 0,                 0
          0,        1543,           0,               -32,               -32,               -32,      -2.262084643,                 0,                 0,                 0,      -5.198767358,                 0,                 0
          0,        1544,           0,               -32,               -32,               -32,      -2.264405895,                 0,                 0,                 0,      -5.201088604,                 0,                 0
          0,        1545,           0,               -32,               -32,               -32,      -2.266727147,                 0,                 0,                 0,      -5.203409849,                 0,                 0
          0,        1546,           0,               -32,               -32,               -32,        -2.2690484,                 0,                 0,                 0,      -5.205731094,                 0,                 0
          0,        1547,           0,               -32,               -32,               -32,      -2.271369652,                 0,                 0,                 0,       -5.20805234,                 0,                 0
          0,        1548,           0,               -32,               -32,               -32,      -2.273690904,                 0,                 0,                 0,      -5.210373585,                 0,                 0
          0,        1549,           0,               -32,               -32,               -32,      -2.276012156,                 0,                 0,                 0,       -5.21269483,                 0,                 0
          0,        1550,           0,               -32,               -32,               -32,      -2.278333408,                 0,                 0,                 0,      -5.215016076,                 0,                 0
          0,        1551,           0,               -32,               -32,               -32,       -2.28065466,                 0,                 0,                 0,      -5.217337321,                 0,                 0
          0,        1552,           0,               -32,               -32,               -32,      -2.282975912,                 0,                 0,                 0,      -5.219658567,                 0,                 0
          0,        1553,           0,               -32,               -32,               -32,      -2.285297164,                 0,                 0,                 0,      -5.221979813,                 0,                 0
          0,        1554,           0,               -32,               -32,               -32,      -2.287618417,                 0,                 0,                 0,      -5.224301058,                 0,                 0
          0,        1555,           0,               -32,               -32,               -32,      -2.289939669,                 0,                 0,                 0,      -5.226622304,                 0,                 0
          0,        1556,           0,               -32,               -32,               -32,      -2.292260921,                 0,                 0,                 0,      -5.228943549,                 0,                 0
          0,        1557,           0,               -32,               -32,               -32,      -2.294582173,                 0,                 0,                 0,      -5.231264795,                 0,                 0
          0,        1558,           0,               -32,               -32,               -32,      -2.296903425,                 0,                 0,                 0,      -5.233586041,                 0,                 0
          0,        1559,           0,               -32,               -32,               -32,      -2.299224678,                 0,                 0,                 0,      -5.235907286,                 0,                 0
          0,        1560,           0,               -32,               -32,               -32,       -2.30154593,                 0,                 0,                 0,      -5.238228532,                 0,                 0
          0,        1561,           0,               -32,               -32,               -32,      -2.303867182,                 0,                 0,                 0,      -5.240549778,                 0,                 0
          0,        1562,           0,               -32,               -32,               -32,      -2.306188434,                 0,                 0,                 0,      -5.242871024,                 0,                 0
          0,        1563,           0,               -32,               -32,               -32,      -2.308509687,                 0,                 0,                 0,       -5.24519227,                 0,                 0
          0,        1564,           0,               -32,               -32,               -32,      -2.310830939,                 0,                 0,                 0,      -5.247513516,                 0,                 0
          0,        1565,           0,               -32,               -32,               -32,      -2.313152191,                 0,                 0,                 0,      -5.249834762,                 0,                 0
          0,        1566,           0,               -32,               -32,               -32,      -2.315473444,                 0,                 0,                 0,      -5.252156008,                 0,                 0
          0,        1567,           0,               -32,               -32,               -32,      -2.317794696,                 0,                 0,                 0,      -5.254477254,                 0,                 0
          0,        1568,           0,               -32,               -32,               -32,      -2.320115948,                 0,                 0,                 0,        -5.2567985,                 0,                 0
          0,        1569,           0,               -32,               -32,               -32,      -2.322437201,                 0,                 0,                 0,      -5.259119746,                 0,                 0
          0,        1570,           0,               -32,               -32,               -32,      -2.324758453,                 0,                 0,                 0,      -5.261440992,                 0,                 0
          0,        1571,           0,               -32,               -32,               -32,      -2.327079705,                 0,                 0,                 0,      -5.263762238,                 0,                 0
          0,        1572,           0,               -32,               -32,               -32,      -2.329400958,                 0,                 0,                 0,      -5.266083484,                 0,                 0
          0,        1573,           0,               -32,               -32,               -32,       -2.33172221,                 0,                 0,                 0,       -5.26840473,                 0,                 0
          0,        1574,           0,               -32,               -32,               -32,      -2.334043463,                 0,                 0,                 0,      -5.270725977,                 0,                 0
          0,        1575,           0,               -32,               -32,               -32,      -2.336364715,                 0,                 0,                 0,      -5.273047223,                 0,                 0
          0,        1576,           0,               -32,               -32,               -32,      -2.338685967,                 0,                 0,                 0,      -5.275368469,                 0,                 0
          0,        1577,           0,               -32,               -32,               -32,       -2.34100722,                 0,                 0,                 0,      -5.277689716,                 0,                 0
          0,        1578,           0,               -32,               -32,               -32,      -2.343328472,                 0,                 0,                 0,      -5.280010962,                 0,                 0
          0,        1579,           0,               -32,               -32,               -32,      -2.345649725,                 0,                 0,                 0,      -5.282332208,                 0,                 0
          0,        1580,           0,               -32,               -32,               -32,      -2.347970977,                 0,                 0,                 0,      -5.284653455,                 0,                 0
          0,        1581,           0,               -32,               -32,               -32,       -2.35029223,                 0,                 0,                 0,      -5.286974701,                 0,                 0
          0,        1582,           0,               -32,               -32,               -32,      -2.352613482,                 0,                 0,                 0,      -5.289295948,                 0,                 0
          0,        1583,           0,               -32,               -32,               -32,      -2.354934735,                 0,                 0,                 0,      -5.291617194,                 0,                 0
          0,        1584,           0,               -32,               -32,               -32,      -2.357255987,                 0,                 0,                 0,      -5.293938441,                 0,                 0
          0,        1585,           0,               -32,               -32,               -32,       -2.35957724,                 0,                 0,                 0,      -5.296259687,                 0,                 0
          0,        1586,           0,               -32,               -32,               -32,      -2.361898492,                 0,                 0,                 0,      -5.298580934,                 0,                 0
          0,        1587,           0,               -32,               -32,               -32,      -2.364219745,                 0,                 0,                 0,      -5.300902181,                 0,                 0
          0,        1588,           0,               -32,               -32,               -32,      -2.366540997,                 0,                 0,                 0,      -5.303223427,                 0,                 0
          0,        1589,           0,               -32,               -32,               -32,       -2.36886225,                 0,                 0,                 0,      -5.305544674,                 0,                 0
          0,        1590,           0,               -32,               -32,               -32,      -2.371183503,                 0,                 0,                 0,      -5.307865921,                 0,                 0
          0,        1591,           0,               -32,               -32,               -32,      -2.373504755,                 0,                 0,                 0,      -5.310187167,                 0,                 0
          0,        1592,           0,               -32,               -32,               -32,      -2.375826008,                 0,                 0,                 0,      -5.312508414,                 0,                 0
          0,        1593,           0,               -32,               -32,               -32,      -2.378147261,                 0,                 0,                 0,      -5.314829661,                 0,                 0
          0,        1594,           0,               -32,               -32,               -32,      -2.380468513,                 0,                 0,                 0,      -5.317150908,                 0,                 0
          0,        1595,           0,               -32,               -32,               -32,      -2.382789766,                 0,                 0,                 0,      -5.319472155,                 0,                 0
          0,        1596,           0,               -32,               -32,               -32,      -2.385111018,                 0,                 0,                 0,      -5.321793401,                 0,                 0
          0,        1597,           0,               -32,               -32,               -32,      -2.387432271,                 0,                 0,                 0,      -5.324114649,                 0,                 0
          0,        1598,           0,               -32,               -32,               -32,      -2.389753524,                 0,                 0,                 0,      -5.326435896,                 0,                 0
          0,        1599,           0,               -32,               -32,               -32,      -2.392074776,                 0,                 0,                 0,      -5.328757142,                 0,                 0
          0,        1600,           0,               -32,               -32,               -32,      -2.394396029,                 0,                 0,                 0,      -5.331078389,                 0,                 0
          0,        1601,           0,               -32,               -32,               -32,      -2.396717282,                 0,                 0,                 0,      -5.333399637,                 0,                 0
          0,        1602,           0,               -32,               -32,               -32,      -2.399038534,                 0,                 0,                 0,      -5.335720884,                 0,                 0
          0,        1603,           0,               -32,               -32,               -32,      -2.401359787,                 0,                 0,                 0,      -5.338042131,                 0,                 0
          0,        1604,           0,               -32,               -32,               -32,       -2.40368104,                 0,                 0,                 0,      -5.340363378,                 0,                 0
          0,        1605,           0,               -32,               -32,               -32,      -2.406002293,                 0,                 0,                 0,      -5.342684625,                 0,                 0
          0,        1606,           0,               -32,               -32,               -32,      -2.408323545,                 0,                 0,                 0,      -5.345005872,                 0,                 0
          0,        1607,           0,               -32,               -32,               -32,      -2.410644798,                 0,                 0,                 0,       -5.34732712,                 0,                 0
          0,        1608,           0,               -32,               -32,               -32,      -2.412966051,                 0,                 0,                 0,      -5.349648367,                 0,                 0
          0,        1609,           0,               -32,               -32,               -32,      -2.415287304,                 0,                 0,                 0,      -5.351969614,                 0,                 0
          0,        1610,           0,               -32,               -32,               -32,      -2.417608557,                 0,                 0,                 0,      -5.354290861,                 0,                 0
          0,        1611,           0,               -32,               -32,               -32,      -2.419929809,                 0,                 0,                 0,      -5.356612109,                 0,                 0
          0,        1612,           0,               -32,               -32,               -32,      -2.422251062,                 0,                 0,                 0,      -5.358933356,                 0,                 0
          0,        1613,           0,               -32,               -32,               -32,      -2.424572315,                 0,                 0,                 0,      -5.361254604,                 0,                 0
          0,        1614,           0,               -32,               -32,               -32,      -2.426893568,                 0,                 0,                 0,      -5.363575851,                 0,                 0
          0,        1615,           0,               -32,               -32,               -32,      -2.429214821,                 0,                 0,                 0,      -5.365897098,                 0,                 0
          0,        1616,           0,               -32,               -32,               -32,      -2.431536073,                 0,                 0,                 0,      -5.368218346,                 0,                 0
          0,        1617,           0,               -32,               -32,               -32,      -2.433857326,                 0,                 0,                 0,      -5.370539593,                 0,                 0
          0,        1618,           0,               -32,               -32,               -32,      -2.436178579,                 0,                 0,                 0,      -5.372860841,                 0,                 0
          0,        1619,           0,               -32,               -32,               -32,      -2.438499832,                 0,                 0,                 0,      -5.375182088,                 0,                 0
          0,        1620,           0,               -32,               -32,               -32,      -2.440821085,                 0,                 0,                 0,      -5.377503336,                 0,                 0
          0,        1621,           0,               -32,               -32,               -32,      -2.443142338,                 0,                 0,                 0,      -5.379824584,                 0,                 0
          0,        1622,           0,               -32,               -32,               -32,      -2.445463591,                 0,                 0,                 0,      -5.382145831,                 0,                 0
          0,        1623,           0,               -32,               -32,               -32,      -2.447784844,                 0,                 0,                 0,      -5.384467079,                 0,                 0
          0,        1624,           0,               -32,               -32,               -32,      -2.450106097,                 0,                 0,                 0,      -5.386788327,                 0,                 0
          0,        1625,           0,               -32,               -32,               -32,       -2.45242735,                 0,                 0,                 0,      -5.389109574,                 0,                 0
          0,        1626,           0,               -32,               -32,               -32,      -2.454748602,                 0,                 0,                 0,      -5.391430822,                 0,                 0
          0,        1627,           0,               -32,               -32,               -32,      -2.457069855,                 0,                 0,                 0,       -5.39375207,                 0,                 0
          0,        1628,           0,               -32,               -32,               -32,      -2.459391108,                 0,                 0,                 0,      -5.396073318,                 0,                 0
          0,        1629,           0,               -32,               -32,               -32,      -2.461712361,                 0,                 0,                 0,      -5.398394565,                 0,                 0
          0,        1630,           0,               -32,               -32,               -32,      -2.464033614,                 0,                 0,                 0,      -5.400715814,                 0,                 0
          0,        1631,           0,               -32,               -32,               -32,      -2.466354867,                 0,                 0,                 0,      -5.403037061,                 0,                 0
          0,        1632,           0,               -32,               -32,               -32,       -2.46867612,                 0,                 0,                 0,      -5.405358309,                 0,                 0
          0,        1633,           0,               -32,               -32,               -32,      -2.470997373,                 0,                 0,                 0,      -5.407679557,                 0,                 0
          0,        1634,           0,               -32,               -32,               -32,      -2.473318627,                 0,                 0,                 0,      -5.410000805,                 0,                 0
          0,        1635,           0,               -32,               -32,               -32,      -2.475639879,                 0,                 0,                 0,      -5.412322053,                 0,                 0
          0,        1636,           0,               -32,               -32,               -32,      -2.477961132,                 0,                 0,                 0,      -5.414643301,                 0,                 0
          0,        1637,           0,               -32,               -32,               -32,      -2.480282385,                 0,                 0,                 0,      -5.416964549,                 0,                 0
          0,        1638,           0,               -32,               -32,               -32,      -2.482603638,                 0,                 0,                 0,      -5.419285797,                 0,                 0
          0,        1639,           0,               -32,               -32,               -32,      -2.484924891,                 0,                 0,                 0,      -5.421607045,                 0,                 0
          0,        1640,           0,               -32,               -32,               -32,      -2.487246145,                 0,                 0,                 0,      -5.423928293,                 0,                 0
          0,        1641,           0,               -32,               -32,               -32,      -2.489567398,                 0,                 0,                 0,      -5.426249542,                 0,                 0
          0,        1642,           0,               -32,               -32,               -32,      -2.491888651,                 0,                 0,                 0,       -5.42857079,                 0,                 0
          0,        1643,           0,               -32,               -32,               -32,      -2.494209904,                 0,                 0,                 0,      -5.430892038,                 0,                 0
          0,        1644,           0,               -32,               -32,               -32,      -2.496531157,                 0,                 0,                 0,      -5.433213286,                 0,                 0
          0,        1645,           0,               -32,               -32,               -32,       -2.49885241,                 0,                 0,                 0,      -5.435534534,                 0,                 0
          0,        1646,           0,               -32,               -32,               -32,      -2.501173663,                 0,                 0,                 0,      -5.437855782,                 0,                 0
          0,        1647,           0,               -32,               -32,               -32,      -2.503494916,                 0,                 0,                 0,      -5.440177031,                 0,                 0
          0,        1648,           0,               -32,               -32,               -32,      -2.505816169,                 0,                 0,                 0,      -5.442498279,                 0,                 0
          0,        1649,           0,               -32,               -32,               -32,      -2.508137423,                 0,                 0,                 0,      -5.444819528,                 0,                 0
          0,        1650,           0,               -32,               -32,               -32,      -2.510458676,                 0,                 0,                 0,      -5.447140776,                 0,                 0
          0,        1651,           0,               -32,               -32,               -32,      -2.512779929,                 0,                 0,                 0,      -5.449462024,                 0,                 0
          0,        1652,           0,               -32,               -32,               -32,      -2.515101182,                 0,                 0,                 0,      -5.451783273,                 0,                 0
          0,        1653,           0,               -32,               -32,               -32,      -2.517422435,                 0,                 0,                 0,      -5.454104521,                 0,                 0
          0,        1654,           0,               -32,               -32,               -32,      -2.519743689,                 0,                 0,                 0,       -5.45642577,                 0,                 0
          0,        1655,           0,               -32,               -32,               -32,      -2.522064942,                 0,                 0,                 0,      -5.458747018,                 0,                 0
          0,        1656,           0,               -32,               -32,               -32,      -2.524386195,                 0,                 0,                 0,      -5.461068267,                 0,                 0
          0,        1657,           0,               -32,               -32,               -32,      -2.526707448,                 0,                 0,                 0,      -5.463389515,                 0,                 0
          0,        1658,           0,               -32,               -32,               -32,      -2.529028701,                 0,                 0,                 0,      -5.465710764,                 0,                 0
          0,        1659,           0,               -32,               -32,               -32,      -2.531349955,                 0,                 0,                 0,      -5.468032012,                 0,                 0
          0,        1660,           0,               -32,               -32,               -32,      -2.533671208,                 0,                 0,                 0,      -5.470353261,                 0,                 0
          0,        1661,           0,               -32,               -32,               -32,      -2.535992461,                 0,                 0,                 0,       -5.47267451,                 0,                 0
          0,        1662,           0,               -32,               -32,               -32,      -2.538313714,                 0,                 0,                 0,      -5.474995758,                 0,                 0
          0,        1663,           0,               -32,               -32,               -32,      -2.540634968,                 0,                 0,                 0,      -5.477317007,                 0,                 0
          0,        1664,           0,               -32,               -32,               -32,      -2.542956221,                 0,                 0,                 0,      -5.479638256,                 0,                 0
          0,        1665,           0,               -32,               -32,               -32,      -2.545277474,                 0,                 0,                 0,      -5.481959504,                 0,                 0
          0,        1666,           0,               -32,               -32,               -32,      -2.547598728,                 0,                 0,                 0,      -5.484280753,                 0,                 0
          0,        1667,           0,               -32,               -32,               -32,      -2.549919981,                 0,                 0,                 0,      -5.486602002,                 0,                 0
          0,        1668,           0,               -32,               -32,               -32,      -2.552241234,                 0,                 0,                 0,       -5.48892325,                 0,                 0
          0,        1669,           0,               -32,               -32,               -32,      -2.554562487,                 0,                 0,                 0,      -5.491244499,                 0,                 0
          0,        1670,           0,               -32,               -32,               -32,      -2.556883741,                 0,                 0,                 0,      -5.493565748,                 0,                 0
          0,        1671,           0,               -32,               -32,               -32,      -2.559204994,                 0,                 0,                 0,      -5.495886997,                 0,                 0
          0,        1672,           0,               -32,               -32,               -32,      -2.561526247,                 0,                 0,                 0,      -5.498208246,                 0,                 0
          0,        1673,           0,               -32,               -32,               -32,      -2.563847501,                 0,                 0,                 0,      -5.500529495,                 0,                 0
          0,        1674,           0,               -32,               -32,               -32,      -2.566168754,                 0,                 0,                 0,      -5.502850744,                 0,                 0
          0,        1675,           0,               -32,               -32,               -32,      -2.568490008,                 0,                 0,                 0,      -5.505171993,                 0,                 0
          0,        1676,           0,               -32,               -32,               -32,      -2.570811261,                 0,                 0,                 0,      -5.507493242,                 0,                 0
          0,        1677,           0,               -32,               -32,               -32,      -2.573132514,                 0,                 0,                 0,      -5.509814491,                 0,                 0
          0,        1678,           0,               -32,               -32,               -32,      -2.575453768,                 0,                 0,                 0,       -5.51213574,                 0,                 0
          0,        1679,           0,               -32,               -32,               -32,      -2.577775021,                 0,                 0,                 0,      -5.514456989,                 0,                 0
          0,        1680,           0,               -32,               -32,               -32,      -2.580096275,                 0,                 0,                 0,      -5.516778238,                 0,                 0
          0,        1681,           0,               -32,               -32,               -32,      -2.582417528,                 0,                 0,                 0,      -5.519099487,                 0,                 0
          0,        1682,           0,               -32,               -32,               -32,      -2.584738781,                 0,                 0,                 0,      -5.521420736,                 0,                 0
          0,        1683,           0,               -32,               -32,               -32,      -2.587060035,                 0,                 0,                 0,      -5.523741985,                 0,                 0
          0,        1684,           0,               -32,               -32,               -32,      -2.589381288,                 0,                 0,                 0,      -5.526063234,                 0,                 0
          0,        1685,           0,               -32,               -32,               -32,      -2.591702542,                 0,                 0,                 0,      -5.528384483,                 0,                 0
          0,        1686,           0,               -32,               -32,               -32,      -2.594023795,                 0,                 0,                 0,      -5.530705733,                 0,                 0
          0,        1687,           0,               -32,               -32,               -32,      -2.596345048,                 0,                 0,                 0,      -5.533026982,                 0,                 0
          0,        1688,           0,               -32,               -32,               -32,      -2.598666302,                 0,                 0,                 0,      -5.535348231,                 0,                 0
          0,        1689,           0,               -32,               -32,               -32,      -2.600987555,                 0,                 0,                 0,      -5.537669481,                 0,                 0
          0,        1690,           0,               -32,               -32,               -32,      -2.603308809,                 0,                 0,                 0,       -5.53999073,                 0,                 0
          0,        1691,           0,               -32,               -32,               -32,      -2.605630063,                 0,                 0,                 0,      -5.542311979,                 0,                 0
          0,        1692,           0,               -32,               -32,               -32,      -2.607951316,                 0,                 0,                 0,      -5.544633228,                 0,                 0
          0,        1693,           0,               -32,               -32,               -32,      -2.610272569,                 0,                 0,                 0,      -5.546954478,                 0,                 0
          0,        1694,           0,               -32,               -32,               -32,      -2.612593823,                 0,                 0,                 0,      -5.549275727,                 0,                 0
          0,        1695,           0,               -32,               -32,               -32,      -2.614915076,                 0,                 0,                 0,      -5.551596976,                 0,                 0
          0,        1696,           0,               -32,               -32,               -32,       -2.61723633,                 0,                 0,                 0,      -5.553918226,                 0,                 0
          0,        1697,           0,               -32,               -32,               -32,      -2.619557584,                 0,                 0,                 0,      -5.556239475,                 0,                 0
          0,        1698,           0,               -32,               -32,               -32,      -2.621878837,                 0,                 0,                 0,      -5.558560725,                 0,                 0
          0,        1699,           0,               -32,               -32,               -32,       -2.62420009,                 0,                 0,                 0,      -5.560881974,                 0,                 0
          0,        1700,           0,               -32,               -32,               -32,      -2.626521344,                 0,                 0,                 0,      -5.563203224,                 0,                 0
          0,        1701,           0,               -32,               -32,               -32,      -2.628842598,                 0,                 0,                 0,      -5.565524473,                 0,                 0
          0,        1702,           0,               -32,               -32,               -32,      -2.631163851,                 0,                 0,                 0,      -5.567845723,                 0,                 0
          0,        1703,           0,               -32,               -32,               -32,      -2.633485105,                 0,                 0,                 0,      -5.570166972,                 0,                 0
          0,        1704,           0,               -32,               -32,               -32,      -2.635806358,                 0,                 0,                 0,      -5.572488222,                 0,                 0
          0,        1705,           0,               -32,               -32,               -32,      -2.638127612,                 0,                 0,                 0,      -5.574809472,                 0,                 0
          0,        1706,           0,               -32,               -32,               -32,      -2.640448866,                 0,                 0,                 0,      -5.577130721,                 0,                 0
          0,        1707,           0,               -32,               -32,               -32,      -2.642770119,                 0,                 0,                 0,      -5.579451971,                 0,                 0
          0,        1708,           0,               -32,               -32,               -32,      -2.645091373,                 0,                 0,                 0,      -5.581773221,                 0,                 0
          0,        1709,           0,               -32,               -32,               -32,      -2.647412627,                 0,                 0,                 0,       -5.58409447,                 0,                 0
          0,        1710,           0,               -32,               -32,               -32,       -2.64973388,                 0,                 0,                 0,       -5.58641572,                 0,                 0
          0,        1711,           0,               -32,               -32,               -32,      -2.652055134,                 0,                 0,                 0,       -5.58873697,                 0,                 0
          0,        1712,           0,               -32,               -32,               -32,      -2.654376388,                 0,                 0,                 0,      -5.591058219,                 0,                 0
          0,        1713,           0,               -32,               -32,               -32,      -2.656697641,                 0,                 0,                 0,      -5.593379469,                 0,                 0
          0,        1714,           0,               -32,               -32,               -32,      -2.659018895,                 0,                 0,                 0,      -5.595700719,                 0,                 0
          0,        1715,           0,               -32,               -32,               -32,      -2.661340149,                 0,                 0,                 0,      -5.598021969,                 0,                 0
          0,        1716,           0,               -32,               -32,               -32,      -2.663661402,                 0,                 0,                 0,      -5.600343219,                 0,                 0
          0,        1717,           0,               -32,               -32,               -32,      -2.665982656,                 0,                 0,                 0,      -5.602664468,                 0,                 0
          0,        1718,           0,               -32,               -32,               -32,       -2.66830391,                 0,                 0,                 0,      -5.604985718,                 0,                 0
          0,        1719,           0,               -32,               -32,               -32,      -2.670625163,                 0,                 0,                 0,      -5.607306968,                 0,                 0
          0,        1720,           0,               -32,               -32,               -32,      -2.672946417,                 0,                 0,                 0,      -5.609628218,                 0,                 0
          0,        1721,           0,               -32,               -32,               -32,      -2.675267671,                 0,                 0,                 0,      -5.611949468,                 0,                 0
          0,        1722,           0,               -32,               -32,               -32,      -2.677588924,                 0,                 0,                 0,      -5.614270718,                 0,                 0
          0,        1723,           0,               -32,               -32,               -32,      -2.679910178,                 0,                 0,                 0,      -5.616591967,                 0,                 0
          0,        1724,           0,               -32,               -32,               -32,      -2.682231432,                 0,                 0,                 0,      -5.618913217,                 0,                 0
          0,        1725,           0,               -32,               -32,               -32,      -2.684552685,                 0,                 0,                 0,      -5.621234468,                 0,                 0
          0,        1726,           0,               -32,               -32,               -32,      -2.686873939,                 0,                 0,                 0,      -5.623555718,                 0,                 0
          0,        1727,           0,               -32,               -32,               -32,      -2.689195193,                 0,                 0,                 0,      -5.625876968,                 0,                 0
          0,        1728,           0,               -32,               -32,               -32,      -2.691516446,                 0,                 0,                 0,      -5.628198218,                 0,                 0
          0,        1729,           0,               -32,               -32,               -32,        -2.6938377,                 0,                 0,                 0,      -5.630519468,                 0,                 0
          0,        1730,           0,               -32,               -32,               -32,      -2.696158954,                 0,                 0,                 0,      -5.632840718,                 0,                 0
          0,        1731,           0,               -32,               -32,               -32,      -2.698480208,                 0,                 0,                 0,      -5.635161968,                 0,                 0
          0,        1732,           0,               -32,               -32,               -32,      -2.700801462,                 0,                 0,                 0,      -5.637483218,                 0,                 0
          0,        1733,           0,               -32,               -32,               -32,      -2.703122716,                 0,                 0,                 0,      -5.639804469,                 0,                 0
          0,        1734,           0,               -32,               -32,               -32,      -2.705443969,                 0,                 0,                 0,      -5.642125718,                 0,                 0
          0,        1735,           0,               -32,               -32,               -32,      -2.707765223,                 0,                 0,                 0,      -5.644446968,                 0,                 0
          0,        1736,           0,               -32,               -32,               -32,      -2.710086477,                 0,                 0,                 0,      -5.646768219,                 0,                 0
          0,        1737,           0,               -32,               -32,               -32,      -2.712407731,                 0,                 0,                 0,      -5.649089469,                 0,                 0
          0,        1738,           0,               -32,               -32,               -32,      -2.714728984,                 0,                 0,                 0,       -5.65141072,                 0,                 0
          0,        1739,           0,               -32,               -32,               -32,      -2.717050238,                 0,                 0,                 0,       -5.65373197,                 0,                 0
          0,        1740,           0,               -32,               -32,               -32,      -2.719371492,                 0,                 0,                 0,       -5.65605322,                 0,                 0
          0,        1741,           0,               -32,               -32,               -32,      -2.721692746,                 0,                 0,                 0,       -5.65837447,                 0,                 0
          0,        1742,           0,               -32,               -32,               -32,         -2.724014,                 0,                 0,                 0,      -5.660695721,                 0,                 0
          0,        1743,           0,               -32,               -32,               -32,      -2.726335254,                 0,                 0,                 0,      -5.663016971,                 0,                 0
          0,        1744,           0,               -32,               -32,               -32,      -2.728656508,                 0,                 0,                 0,      -5.665338221,                 0,                 0
          0,        1745,           0,               -32,               -32,               -32,      -2.730977761,                 0,                 0,                 0,      -5.667659472,                 0,                 0
          0,        1746,           0,               -32,               -32,               -32,      -2.733299015,                 0,                 0,                 0,      -5.669980722,                 0,                 0
          0,        1747,           0,               -32,               -32,               -32,      -2.735620269,                 0,                 0,                 0,      -5.672301973,                 0,                 0
          0,        1748,           0,               -32,               -32,               -32,      -2.737941523,                 0,                 0,                 0,      -5.674623223,                 0,                 0
          0,        1749,           0,               -32,               -32,               -32,      -2.740262777,                 0,                 0,                 0,      -5.676944474,                 0,                 0
          0,        1750,           0,               -32,               -32,               -32,      -2.742584031,                 0,                 0,                 0,      -5.679265724,                 0,                 0
          0,        1751,           0,               -32,               -32,               -32,      -2.744905285,                 0,                 0,                 0,      -5.681586974,                 0,                 0
          0,        1752,           0,               -32,               -32,               -32,      -2.747226539,                 0,                 0,                 0,      -5.683908225,                 0,                 0
          0,        1753,           0,               -32,               -32,               -32,      -2.749547793,                 0,                 0,                 0,      -5.686229475,                 0,                 0
          0,        1754,           0,               -32,               -32,               -32,      -2.751869047,                 0,                 0,                 0,      -5.688550725,                 0,                 0
          0,        1755,           0,               -32,               -32,               -32,        -2.7541903,                 0,                 0,                 0,      -5.690871977,                 0,                 0
          0,        1756,           0,               -32,               -32,               -32,      -2.756511555,                 0,                 0,                 0,      -5.693193227,                 0,                 0
          0,        1757,           0,               -32,               -32,               -32,      -2.758832809,                 0,                 0,                 0,      -5.695514478,                 0,                 0
          0,        1758,           0,               -32,               -32,               -32,      -2.761154063,                 0,                 0,                 0,      -5.697835728,                 0,                 0
          0,        1759,           0,               -32,               -32,               -32,      -2.763475317,                 0,                 0,                 0,      -5.700156979,                 0,                 0
          0,        1760,           0,               -32,               -32,               -32,       -2.76579657,                 0,                 0,                 0,      -5.702478229,                 0,                 0
          0,        1761,           0,               -32,               -32,               -32,      -2.768117824,                 0,                 0,                 0,       -5.70479948,                 0,                 0
          0,        1762,           0,               -32,               -32,               -32,      -2.770439078,                 0,                 0,                 0,      -5.707120731,                 0,                 0
          0,        1763,           0,               -32,               -32,               -32,      -2.772760332,                 0,                 0,                 0,      -5.709441982,                 0,                 0
          0,        1764,           0,               -32,               -32,               -32,      -2.775081586,                 0,                 0,                 0,      -5.711763232,                 0,                 0
          0,        1765,           0,               -32,               -32,               -32,       -2.77740284,                 0,                 0,                 0,      -5.714084483,                 0,                 0
          0,        1766,           0,               -32,               -32,               -32,      -2.779724094,                 0,                 0,                 0,      -5.716405733,                 0,                 0
          0,        1767,           0,               -32,               -32,               -32,      -2.782045348,                 0,                 0,                 0,      -5.718726984,                 0,                 0
          0,        1768,           0,               -32,               -32,               -32,      -2.784366602,                 0,                 0,                 0,      -5.721048235,                 0,                 0
          0,        1769,           0,               -32,               -32,               -32,      -2.786687856,                 0,                 0,                 0,      -5.723369486,                 0,                 0
          0,        1770,           0,               -32,               -32,               -32,       -2.78900911,                 0,                 0,                 0,      -5.725690737,                 0,                 0
          0,        1771,           0,               -32,               -32,               -32,      -2.791330364,                 0,                 0,                 0,      -5.728011987,                 0,                 0
          0,        1772,           0,               -32,               -32,               -32,      -2.793651618,                 0,                 0,                 0,      -5.730333238,                 0,                 0
          0,        1773,           0,               -32,               -32,               -32,      -2.795972872,                 0,                 0,                 0,      -5.732654489,                 0,                 0
          0,        1774,           0,               -32,               -32,               -32,      -2.798294126,                 0,                 0,                 0,      -5.734975739,                 0,                 0
          0,        1775,           0,               -32,               -32,               -32,       -2.80061538,                 0,                 0,                 0,      -5.737296991,                 0,                 0
          0,        1776,           0,               -32,               -32,               -32,      -2.802936634,                 0,                 0,                 0,      -5.739618242,                 0,                 0
          0,        1777,           0,               -32,               -32,               -32,      -2.805257888,                 0,                 0,                 0,      -5.741939493,                 0,                 0
          0,        1778,           0,               -32,               -32,               -32,      -2.807579142,                 0,                 0,                 0,      -5.744260744,                 0,                 0
          0,        1779,           0,               -32,               -32,               -32,      -2.809900396,                 0,                 0,                 0,      -5.746581994,                 0,                 0
          0,        1780,           0,               -32,               -32,               -32,       -2.81222165,                 0,                 0,                 0,      -5.748903245,                 0,                 0
          0,        1781,           0,               -32,               -32,               -32,      -2.814542904,                 0,                 0,                 0,      -5.751224497,                 0,                 0
          0,        1782,           0,               -32,               -32,               -32,      -2.816864159,                 0,                 0,                 0,      -5.753545747,                 0,                 0
          0,        1783,           0,               -32,               -32,               -32,      -2.819185413,                 0,                 0,                 0,      -5.755866999,                 0,                 0
          0,        1784,           0,               -32,               -32,               -32,      -2.821506667,                 0,                 0,                 0,       -5.75818825,                 0,                 0
          0,        1785,           0,               -32,               -32,               -32,      -2.823827921,                 0,                 0,                 0,        -5.7605095,                 0,                 0
          0,        1786,           0,               -32,               -32,               -32,      -2.826149175,                 0,                 0,                 0,      -5.762830751,                 0,                 0
          0,        1787,           0,               -32,               -32,               -32,      -2.828470429,                 0,                 0,                 0,      -5.765152003,                 0,                 0
          0,        1788,           0,               -32,               -32,               -32,      -2.830791683,                 0,                 0,                 0,      -5.767473254,                 0,                 0
          0,        1789,           0,               -32,               -32,               -32,      -2.833112937,                 0,                 0,                 0,      -5.769794505,                 0,                 0
          0,        1790,           0,               -32,               -32,               -32,      -2.835434191,                 0,                 0,                 0,      -5.772115756,                 0,                 0
          0,        1791,           0,               -32,               -32,               -32,      -2.837755446,                 0,                 0,                 0,      -5.774437007,                 0,                 0
          0,        1792,           0,               -32,               -32,               -32,        -2.8400767,                 0,                 0,                 0,      -5.776758258,                 0,                 0
          0,        1793,           0,               -32,               -32,               -32,      -2.842397954,                 0,                 0,                 0,       -5.77907951,                 0,                 0
          0,        1794,           0,               -32,               -32,               -32,      -2.844719208,                 0,                 0,                 0,       -5.78140076,                 0,                 0
          0,        1795,           0,               -32,               -32,               -32,      -2.847040462,                 0,                 0,                 0,      -5.783722011,                 0,                 0
          0,        1796,           0,               -32,               -32,               -32,      -2.849361717,                 0,                 0,                 0,      -5.786043263,                 0,                 0
          0,        1797,           0,               -32,               -32,               -32,      -2.851682971,                 0,                 0,                 0,      -5.788364514,                 0,                 0
          0,        1798,           0,               -32,               -32,               -32,      -2.854004225,                 0,                 0,                 0,      -5.790685765,                 0,                 0
          0,        1799,           0,               -32,               -32,               -32,      -2.856325479,                 0,                 0,                 0,      -5.793007016,                 0,                 0
          0,        1800,           0,               -32,               -32,               -32,      -2.858646734,                 0,                 0,                 0,      -5.795328268,                 0,                 0
          0,        1801,           0,               -32,               -32,               -32,      -2.860967988,                 0,                 0,                 0,      -5.797649519,                 0,                 0
          0,        1802,           0,               -32,               -32,               -32,      -2.863289242,                 0,                 0,                 0,       -5.79997077,                 0,                 0
          0,        1803,           0,               -32,               -32,               -32,      -2.865610496,                 0,                 0,                 0,      -5.802292022,                 0,                 0
          0,        1804,           0,               -32,               -32,               -32,       -2.86793175,                 0,                 0,                 0,      -5.804613274,                 0,                 0
          0,        1805,           0,               -32,               -32,               -32,      -2.870253004,                 0,                 0,                 0,      -5.806934524,                 0,                 0
          0,        1806,           0,               -32,               -32,               -32,      -2.872574259,                 0,                 0,                 0,      -5.809255776,                 0,                 0
          0,        1807,           0,               -32,               -32,               -32,      -2.874895512,                 0,                 0,                 0,      -5.811577027,                 0,                 0
          0,        1808,           0,               -32,               -32,               -32,      -2.877216767,                 0,                 0,                 0,      -5.813898279,                 0,                 0
          0,        1809,           0,               -32,               -32,               -32,      -2.879538022,                 0,                 0,                 0,       -5.81621953,                 0,                 0
          0,        1810,           0,               -32,               -32,               -32,      -2.881859276,                 0,                 0,                 0,      -5.818540782,                 0,                 0
          0,        1811,           0,               -32,               -32,               -32,      -2.884180529,                 0,                 0,                 0,      -5.820862033,                 0,                 0
          0,        1812,           0,               -32,               -32,               -32,      -2.886501784,                 0,                 0,                 0,      -5.823183285,                 0,                 0
          0,        1813,           0,               -32,               -32,               -32,      -2.888823038,                 0,                 0,                 0,      -5.825504536,                 0,                 0
          0,        1814,           0,               -32,               -32,               -32,      -2.891144292,                 0,                 0,                 0,      -5.827825787,                 0,                 0
          0,        1815,           0,               -32,               -32,               -32,      -2.893465547,                 0,                 0,                 0,      -5.830147038,                 0,                 0
          0,        1816,           0,               -32,               -32,               -32,      -2.895786801,                 0,                 0,                 0,      -5.832468291,                 0,                 0
          0,        1817,           0,               -32,               -32,               -32,      -2.898108055,                 0,                 0,                 0,      -5.834789541,                 0,                 0
          0,        1818,           0,               -32,               -32,               -32,       -2.90042931,                 0,                 0,                 0,      -5.837110793,                 0,                 0
          0,        1819,           0,               -32,               -32,               -32,      -2.902750564,                 0,                 0,                 0,      -5.839432045,                 0,                 0
          0,        1820,           0,               -32,               -32,               -32,      -2.905071818,                 0,                 0,                 0,      -5.841753296,                 0,                 0
          0,        1821,           0,               -32,               -32,               -32,      -2.907393072,                 0,                 0,                 0,      -5.844074548,                 0,                 0
          0,        1822,           0,               -32,               -32,               -32,      -2.909714326,                 0,                 0,                 0,        -5.8463958,                 0,                 0
          0,        1823,           0,               -32,               -32,               -32,      -2.912035581,                 0,                 0,                 0,      -5.848717052,                 0,                 0
          0,        1824,           0,               -32,               -32,               -32,      -2.914356835,                 0,                 0,                 0,      -5.851038303,                 0,                 0
          0,        1825,           0,               -32,               -32,               -32,      -2.916678089,                 0,                 0,                 0,      -5.853359554,                 0,                 0
          0,        1826,           0,               -32,               -32,               -32,      -2.918999344,                 0,                 0,                 0,      -5.855680806,                 0,                 0
          0,        1827,           0,               -32,               -32,               -32,      -2.921320598,                 0,                 0,                 0,      -5.858002058,                 0,                 0
          0,        1828,           0,               -32,               -32,               -32,      -2.923641852,                 0,                 0,                 0,       -5.86032331,                 0,                 0
          0,        1829,           0,               -32,               -32,               -32,      -2.925963106,                 0,                 0,                 0,      -5.862644562,                 0,                 0
          0,        1830,           0,               -32,               -32,               -32,      -2.928284361,                 0,                 0,                 0,      -5.864965813,                 0,                 0
          0,        1831,           0,               -32,               -32,               -32,      -2.930605615,                 0,                 0,                 0,      -5.867287065,                 0,                 0
          0,        1832,           0,               -32,               -32,               -32,      -2.932926869,                 0,                 0,                 0,      -5.869608317,                 0,                 0
          0,        1833,           0,               -32,               -32,               -32,      -2.935248124,                 0,                 0,                 0,      -5.871929568,                 0,                 0
          0,        1834,           0,               -32,               -32,               -32,      -2.937569379,                 0,                 0,                 0,      -5.874250819,                 0,                 0
          0,        1835,           0,               -32,               -32,               -32,      -2.939890633,                 0,                 0,                 0,      -5.876572071,                 0,                 0
          0,        1836,           0,               -32,               -32,               -32,      -2.942211887,                 0,                 0,                 0,      -5.878893323,                 0,                 0
          0,        1837,           0,               -32,               -32,               -32,      -2.944533142,                 0,                 0,                 0,      -5.881214575,                 0,                 0
          0,        1838,           0,               -32,               -32,               -32,      -2.946854395,                 0,                 0,                 0,      -5.883535827,                 0,                 0
          0,        1839,           0,               -32,               -32,               -32,       -2.94917565,                 0,                 0,                 0,      -5.885857079,                 0,                 0
          0,        1840,           0,               -32,               -32,               -32,      -2.951496905,                 0,                 0,                 0,      -5.888178331,                 0,                 0
          0,        1841,           0,               -32,               -32,               -32,      -2.953818159,                 0,                 0,                 0,      -5.890499583,                 0,                 0
          0,        1842,           0,               -32,               -32,               -32,      -2.956139414,                 0,                 0,                 0,      -5.892820834,                 0,                 0
          0,        1843,           0,               -32,               -32,               -32,      -2.958460668,                 0,                 0,                 0,      -5.895142086,                 0,                 0
          0,        1844,           0,               -32,               -32,               -32,      -2.960781922,                 0,                 0,                 0,      -5.897463338,                 0,                 0
          0,        1845,           0,               -32,               -32,               -32,      -2.963103176,                 0,                 0,                 0,      -5.899784589,                 0,                 0
          0,        1846,           0,               -32,               -32,               -32,      -2.965424431,                 0,                 0,                 0,      -5.902105842,                 0,                 0
          0,        1847,           0,               -32,               -32,               -32,      -2.967745685,                 0,                 0,                 0,      -5.904427094,                 0,                 0
          0,        1848,           0,               -32,               -32,               -32,       -2.97006694,                 0,                 0,                 0,      -5.906748345,                 0,                 0
          0,        1849,           0,               -32,               -32,               -32,      -2.972388194,                 0,                 0,                 0,      -5.909069597,                 0,                 0
          0,        1850,           0,               -32,               -32,               -32,      -2.974709448,                 0,                 0,                 0,      -5.911390849,                 0,                 0
          0,        1851,           0,               -32,               -32,               -32,      -2.977030703,                 0,                 0,                 0,      -5.913712102,                 0,                 0
          0,        1852,           0,               -32,               -32,               -32,      -2.979351957,                 0,                 0,                 0,      -5.916033353,                 0,                 0
          0,        1853,           0,               -32,               -32,               -32,      -2.981673212,                 0,                 0,                 0,      -5.918354606,                 0,                 0
          0,        1854,           0,               -32,               -32,               -32,      -2.983994466,                 0,                 0,                 0,      -5.920675857,                 0,                 0
          0,        1855,           0,               -32,               -32,               -32,      -2.986315721,                 0,                 0,                 0,       -5.92299711,                 0,                 0
          0,        1856,           0,               -32,               -32,               -32,      -2.988636975,                 0,                 0,                 0,      -5.925318362,                 0,                 0
          0,        1857,           0,               -32,               -32,               -32,       -2.99095823,                 0,                 0,                 0,      -5.927639613,                 0,                 0
          0,        1858,           0,               -32,               -32,               -32,      -2.993279483,                 0,                 0,                 0,      -5.929960865,                 0,                 0
          0,        1859,           0,               -32,               -32,               -32,      -2.995600738,                 0,                 0,                 0,      -5.932282118,                 0,                 0
          0,        1860,           0,               -32,               -32,               -32,      -2.997921993,                 0,                 0,                 0,       -5.93460337,                 0,                 0
          0,        1861,           0,               -32,               -32,               -32,      -3.000243247,                 0,                 0,                 0,      -5.936924622,                 0,                 0
          0,        1862,           0,               -32,               -32,               -32,      -3.002564502,                 0,                 0,                 0,      -5.939245874,                 0,                 0
          0,        1863,           0,               -32,               -32,               -32,      -3.004885756,                 0,                 0,                 0,      -5.941567126,                 0,                 0
          0,        1864,           0,               -32,               -32,               -32,      -3.007207011,                 0,                 0,                 0,      -5.943888377,                 0,                 0
          0,        1865,           0,               -32,               -32,               -32,      -3.009528265,                 0,                 0,                 0,       -5.94620963,                 0,                 0
          0,        1866,           0,               -32,               -32,               -32,       -3.01184952,                 0,                 0,                 0,      -5.948530883,                 0,                 0
          0,        1867,           0,               -32,               -32,               -32,      -3.014170775,                 0,                 0,                 0,      -5.950852135,                 0,                 0
          0,        1868,           0,               -32,               -32,               -32,      -3.016492029,                 0,                 0,                 0,      -5.953173387,                 0,                 0
          0,        1869,           0,               -32,               -32,               -32,      -3.018813284,                 0,                 0,                 0,      -5.955494639,                 0,                 0
          0,        1870,           0,               -32,               -32,               -32,      -3.021134538,                 0,                 0,                 0,       -5.95781589,                 0,                 0
          0,        1871,           0,               -32,               -32,               -32,      -3.023455792,                 0,                 0,                 0,      -5.960137142,                 0,                 0
          0,        1872,           0,               -32,               -32,               -32,      -3.025777046,                 0,                 0,                 0,      -5.962458395,                 0,                 0
          0,        1873,           0,               -32,               -32,               -32,      -3.028098301,                 0,                 0,                 0,      -5.964779648,                 0,                 0
          0,        1874,           0,               -32,               -32,               -32,      -3.030419556,                 0,                 0,                 0,        -5.9671009,                 0,                 0
          0,        1875,           0,               -32,               -32,               -32,       -3.03274081,                 0,                 0,                 0,      -5.969422153,                 0,                 0
          0,        1876,           0,               -32,               -32,               -32,      -3.035062065,                 0,                 0,                 0,      -5.971743404,                 0,                 0
          0,        1877,           0,               -32,               -32,               -32,      -3.037383319,                 0,                 0,                 0,      -5.974064657,                 0,                 0
          0,        1878,           0,               -32,               -32,               -32,      -3.039704573,                 0,                 0,                 0,      -5.976385909,                 0,                 0
          0,        1879,           0,               -32,               -32,               -32,      -3.042025828,                 0,                 0,                 0,      -5.978707161,                 0,                 0
          0,        1880,           0,               -32,               -32,               -32,      -3.044347083,                 0,                 0,                 0,      -5.981028414,                 0,                 0
          0,        1881,           0,               -32,               -32,               -32,      -3.046668337,                 0,                 0,                 0,      -5.983349666,                 0,                 0
          0,        1882,           0,               -32,               -32,               -32,      -3.048989592,                 0,                 0,                 0,      -5.985670919,                 0,                 0
          0,        1883,           0,               -32,               -32,               -32,      -3.051310847,                 0,                 0,                 0,      -5.987992172,                 0,                 0
          0,        1884,           0,               -32,               -32,               -32,      -3.053632102,                 0,                 0,                 0,      -5.990313424,                 0,                 0
          0,        1885,           0,               -32,               -32,               -32,      -3.055953356,                 0,                 0,                 0,      -5.992634676,                 0,                 0
          0,        1886,           0,               -32,               -32,               -32,      -3.058274611,                 0,                 0,                 0,      -5.994955928,                 0,                 0
          0,        1887,           0,               -32,               -32,               -32,      -3.060595865,                 0,                 0,                 0,       -5.99727718,                 0,                 0
          0,        1888,           0,               -32,               -32,               -32,      -3.062917119,                 0,                 0,                 0,      -5.999598433,                 0,                 0
          0,        1889,           0,               -32,               -32,               -32,      -3.065238374,                 0,                 0,                 0,      -6.001919684,                 0,                 0
          0,        1890,           0,               -32,               -32,               -32,      -3.067559629,                 0,                 0,                 0,      -6.004240938,                 0,                 0
          0,        1891,           0,               -32,               -32,               -32,      -3.069880884,                 0,                 0,                 0,      -6.006562191,                 0,                 0
          0,        1892,           0,               -32,               -32,               -32,      -3.072202138,                 0,                 0,                 0,      -6.008883443,                 0,                 0
          0,        1893,           0,               -32,               -32,               -32,      -3.074523393,                 0,                 0,                 0,      -6.011204696,                 0,                 0
          0,        1894,           0,               -32,               -32,               -32,      -3.076844648,                 0,                 0,                 0,      -6.013525948,                 0,                 0
          0,        1895,           0,               -32,               -32,               -32,      -3.079165902,                 0,                 0,                 0,        -6.0158472,                 0,                 0
          0,        1896,           0,               -32,               -32,               -32,      -3.081487157,                 0,                 0,                 0,      -6.018168451,                 0,                 0
          0,        1897,           0,               -32,               -32,               -32,      -3.083808411,                 0,                 0,                 0,      -6.020489705,                 0,                 0
          0,        1898,           0,               -32,               -32,               -32,      -3.086129666,                 0,                 0,                 0,      -6.022810958,                 0,                 0
          0,        1899,           0,               -32,               -32,               -32,       -3.08845092,                 0,                 0,                 0,      -6.025132211,                 0,                 0
          0,        1900,           0,               -32,               -32,               -32,      -3.090772176,                 0,                 0,                 0,      -6.027453463,                 0,                 0
          0,        1901,           0,               -32,               -32,               -32,      -3.093093431,                 0,                 0,                 0,      -6.029774716,                 0,                 0
          0,        1902,           0,               -32,               -32,               -32,      -3.095414685,                 0,                 0,                 0,      -6.032095967,                 0,                 0
          0,        1903,           0,               -32,               -32,               -32,      -3.097735939,                 0,                 0,                 0,       -6.03441722,                 0,                 0
          0,        1904,           0,               -32,               -32,               -32,      -3.100057193,                 0,                 0,                 0,      -6.036738473,                 0,                 0
          0,        1905,           0,               -32,               -32,               -32,      -3.102378448,                 0,                 0,                 0,      -6.039059726,                 0,                 0
          0,        1906,           0,               -32,               -32,               -32,      -3.104699703,                 0,                 0,                 0,      -6.041380978,                 0,                 0
          0,        1907,           0,               -32,               -32,               -32,      -3.107020957,                 0,                 0,                 0,      -6.043702232,                 0,                 0
          0,        1908,           0,               -32,               -32,               -32,      -3.109342212,                 0,                 0,                 0,      -6.046023484,                 0,                 0
          0,        1909,           0,               -32,               -32,               -32,      -3.111663467,                 0,                 0,                 0,      -6.048344736,                 0,                 0
          0,        1910,           0,               -32,               -32,               -32,      -3.113984722,                 0,                 0,                 0,      -6.050665989,                 0,                 0
          0,        1911,           0,               -32,               -32,               -32,      -3.116305976,                 0,                 0,                 0,      -6.052987242,                 0,                 0
          0,        1912,           0,               -32,               -32,               -32,      -3.118627231,                 0,                 0,                 0,      -6.055308495,                 0,                 0
          0,        1913,           0,               -32,               -32,               -32,      -3.120948486,                 0,                 0,                 0,      -6.057629747,                 0,                 0
          0,        1914,           0,               -32,               -32,               -32,       -3.12326974,                 0,                 0,                 0,         -6.059951,                 0,                 0
          0,        1915,           0,               -32,               -32,               -32,      -3.125590995,                 0,                 0,                 0,      -6.062272252,                 0,                 0
          0,        1916,           0,               -32,               -32,               -32,      -3.127912249,                 0,                 0,                 0,      -6.064593505,                 0,                 0
          0,        1917,           0,               -32,               -32,               -32,      -3.130233504,                 0,                 0,                 0,      -6.066914758,                 0,                 0
          0,        1918,           0,               -32,               -32,               -32,      -3.132554759,                 0,                 0,                 0,      -6.069236009,                 0,                 0
          0,        1919,           0,               -32,               -32,               -32,      -3.134876014,                 0,                 0,                 0,      -6.071557263,                 0,                 0
          0,        1920,           0,               -32,               -32,               -32,      -3.137197269,                 0,                 0,                 0,      -6.073878514,                 0,                 0
          0,        1921,           0,               -32,               -32,               -32,      -3.139518523,                 0,                 0,                 0,      -6.076199769,                 0,                 0
          0,        1922,           0,               -32,               -32,               -32,      -3.141839777,                 0,                 0,                 0,       -6.07852102,                 0,                 0
          0,        1923,           0,               -32,               -32,               -32,      -3.144161032,                 0,                 0,                 0,      -6.080842273,                 0,                 0
          0,        1924,           0,               -32,               -32,               -32,      -3.146482287,                 0,                 0,                 0,      -6.083163526,                 0,                 0
          0,        1925,           0,               -32,               -32,               -32,      -3.148803542,                 0,                 0,                 0,      -6.085484779,                 0,                 0
          0,        1926,           0,               -32,               -32,               -32,      -3.151124797,                 0,                 0,                 0,      -6.087806032,                 0,                 0
          0,        1927,           0,               -32,               -32,               -32,      -3.153446051,                 0,                 0,                 0,      -6.090127285,                 0,                 0
          0,        1928,           0,               -32,               -32,               -32,      -3.155767306,                 0,                 0,                 0,      -6.092448539,                 0,                 0
          0,        1929,           0,               -32,               -32,               -32,      -3.158088561,                 0,                 0,                 0,      -6.094769791,                 0,                 0
          0,        1930,           0,               -32,               -32,               -32,      -3.160409816,                 0,                 0,                 0,      -6.097091044,                 0,                 0
          0,        1931,           0,               -32,               -32,               -32,      -3.162731071,                 0,                 0,                 0,      -6.099412295,                 0,                 0
          0,        1932,           0,               -32,               -32,               -32,      -3.165052325,                 0,                 0,                 0,      -6.101733548,                 0,                 0
          0,        1933,           0,               -32,               -32,               -32,      -3.167373579,                 0,                 0,                 0,      -6.104054803,                 0,                 0
          0,        1934,           0,               -32,               -32,               -32,      -3.169694834,                 0,                 0,                 0,      -6.106376055,                 0,                 0
          0,        1935,           0,               -32,               -32,               -32,      -3.172016089,                 0,                 0,                 0,      -6.108697308,                 0,                 0
          0,        1936,           0,               -32,               -32,               -32,      -3.174337344,                 0,                 0,                 0,      -6.111018561,                 0,                 0
          0,        1937,           0,               -32,               -32,               -32,      -3.176658598,                 0,                 0,                 0,      -6.113339815,                 0,                 0
          0,        1938,           0,               -32,               -32,               -32,      -3.178979853,                 0,                 0,                 0,      -6.115661068,                 0,                 0
          0,        1939,           0,               -32,               -32,               -32,      -3.181301109,                 0,                 0,                 0,      -6.117982319,                 0,                 0
          0,        1940,           0,               -32,               -32,               -32,      -3.183622363,                 0,                 0,                 0,      -6.120303572,                 0,                 0
          0,        1941,           0,               -32,               -32,               -32,      -3.185943618,                 0,                 0,                 0,      -6.122624826,                 0,                 0
          0,        1942,           0,               -32,               -32,               -32,      -3.188264872,                 0,                 0,                 0,       -6.12494608,                 0,                 0
          0,        1943,           0,               -32,               -32,               -32,      -3.190586127,                 0,                 0,                 0,      -6.127267331,                 0,                 0
          0,        1944,           0,               -32,               -32,               -32,      -3.192907382,                 0,                 0,                 0,      -6.129588584,                 0,                 0
          0,        1945,           0,               -32,               -32,               -32,      -3.195228637,                 0,                 0,                 0,      -6.131909838,                 0,                 0
          0,        1946,           0,               -32,               -32,               -32,      -3.197549891,                 0,                 0,                 0,       -6.13423109,                 0,                 0
          0,        1947,           0,               -32,               -32,               -32,      -3.199871147,                 0,                 0,                 0,      -6.136552343,                 0,                 0
          0,        1948,           0,               -32,               -32,               -32,      -3.202192401,                 0,                 0,                 0,      -6.138873597,                 0,                 0
          0,        1949,           0,               -32,               -32,               -32,      -3.204513656,                 0,                 0,                 0,      -6.141194851,                 0,                 0
          0,        1950,           0,               -32,               -32,               -32,      -3.206834911,                 0,                 0,                 0,      -6.143516102,                 0,                 0
          0,        1951,           0,               -32,               -32,               -32,      -3.209156166,                 0,                 0,                 0,      -6.145837356,                 0,                 0
          0,        1952,           0,               -32,               -32,               -32,      -3.211477421,                 0,                 0,                 0,       -6.14815861,                 0,                 0
          0,        1953,           0,               -32,               -32,               -32,      -3.213798676,                 0,                 0,                 0,      -6.150479862,                 0,                 0
          0,        1954,           0,               -32,               -32,               -32,       -3.21611993,                 0,                 0,                 0,      -6.152801114,                 0,                 0
          0,        1955,           0,               -32,               -32,               -32,      -3.218441185,                 0,                 0,                 0,      -6.155122367,                 0,                 0
          0,        1956,           0,               -32,               -32,               -32,       -3.22076244,                 0,                 0,                 0,      -6.157443621,                 0,                 0
          0,        1957,           0,               -32,               -32,               -32,      -3.223083696,                 0,                 0,                 0,      -6.159764874,                 0,                 0
          0,        1958,           0,               -32,               -32,               -32,      -3.225404949,                 0,                 0,                 0,      -6.162086127,                 0,                 0
          0,        1959,           0,               -32,               -32,               -32,      -3.227726204,                 0,                 0,                 0,      -6.164407381,                 0,                 0
          0,        1960,           0,               -32,               -32,               -32,      -3.230047459,                 0,                 0,                 0,      -6.166728632,                 0,                 0
          0,        1961,           0,               -32,               -32,               -32,      -3.232368713,                 0,                 0,                 0,      -6.169049886,                 0,                 0
          0,        1962,           0,               -32,               -32,               -32,      -3.234689969,                 0,                 0,                 0,       -6.17137114,                 0,                 0
          0,        1963,           0,               -32,               -32,               -32,      -3.237011224,                 0,                 0,                 0,      -6.173692392,                 0,                 0
          0,        1964,           0,               -32,               -32,               -32,      -3.239332479,                 0,                 0,                 0,      -6.176013647,                 0,                 0
          0,        1965,           0,               -32,               -32,               -32,      -3.241653732,                 0,                 0,                 0,      -6.178334899,                 0,                 0
          0,        1966,           0,               -32,               -32,               -32,      -3.243974988,                 0,                 0,                 0,      -6.180656153,                 0,                 0
          0,        1967,           0,               -32,               -32,               -32,      -3.246296242,                 0,                 0,                 0,      -6.182977406,                 0,                 0
          0,        1968,           0,               -32,               -32,               -32,      -3.248617498,                 0,                 0,                 0,      -6.185298659,                 0,                 0
          0,        1969,           0,               -32,               -32,               -32,      -3.250938752,                 0,                 0,                 0,      -6.187619912,                 0,                 0
          0,        1970,           0,               -32,               -32,               -32,      -3.253260007,                 0,                 0,                 0,      -6.189941165,                 0,                 0
          0,        1971,           0,               -32,               -32,               -32,      -3.255581261,                 0,                 0,                 0,      -6.192262417,                 0,                 0
          0,        1972,           0,               -32,               -32,               -32,      -3.257902517,                 0,                 0,                 0,      -6.194583672,                 0,                 0
          0,        1973,           0,               -32,               -32,               -32,      -3.260223772,                 0,                 0,                 0,      -6.196904922,                 0,                 0
          0,        1974,           0,               -32,               -32,               -32,      -3.262545026,                 0,                 0,                 0,      -6.199226178,                 0,                 0
          0,        1975,           0,               -32,               -32,               -32,      -3.264866281,                 0,                 0,                 0,       -6.20154743,                 0,                 0
          0,        1976,           0,               -32,               -32,               -32,      -3.267187536,                 0,                 0,                 0,      -6.203868684,                 0,                 0
          0,        1977,           0,               -32,               -32,               -32,      -3.269508791,                 0,                 0,                 0,      -6.206189938,                 0,                 0
          0,        1978,           0,               -32,               -32,               -32,      -3.271830047,                 0,                 0,                 0,      -6.208511192,                 0,                 0
          0,        1979,           0,               -32,               -32,               -32,      -3.274151301,                 0,                 0,                 0,      -6.210832445,                 0,                 0
          0,        1980,           0,               -32,               -32,               -32,      -3.276472557,                 0,                 0,                 0,      -6.213153697,                 0,                 0
          0,        1981,           0,               -32,               -32,               -32,      -3.278793811,                 0,                 0,                 0,      -6.215474951,                 0,                 0
          0,        1982,           0,               -32,               -32,               -32,      -3.281115066,                 0,                 0,                 0,      -6.217796205,                 0,                 0
          0,        1983,           0,               -32,               -32,               -32,      -3.283436321,                 0,                 0,                 0,      -6.220117458,                 0,                 0
          0,        1984,           0,               -32,               -32,               -32,      -3.285757576,                 0,                 0,                 0,       -6.22243871,                 0,                 0
          0,        1985,           0,               -32,               -32,               -32,      -3.288078831,                 0,                 0,                 0,      -6.224759964,                 0,                 0
          0,        1986,           0,               -32,               -32,               -32,      -3.290400085,                 0,                 0,                 0,      -6.227081217,                 0,                 0
          0,        1987,           0,               -32,               -32,               -32,       -3.29272134,                 0,                 0,                 0,      -6.229402472,                 0,                 0
          0,        1988,           0,               -32,               -32,               -32,      -3.295042595,                 0,                 0,                 0,      -6.231723724,                 0,                 0
          0,        1989,           0,               -32,               -32,               -32,      -3.297363851,                 0,                 0,                 0,      -6.234044977,                 0,                 0
          0,        1990,           0,               -32,               -32,               -32,      -3.299685105,                 0,                 0,                 0,      -6.236366231,                 0,                 0
          0,        1991,           0,               -32,               -32,               -32,       -3.30200636,                 0,                 0,                 0,      -6.238687484,                 0,                 0
          0,        1992,           0,               -32,               -32,               -32,      -3.304327615,                 0,                 0,                 0,       -6.24100874,                 0,                 0
          0,        1993,           0,               -32,               -32,               -32,       -3.30664887,                 0,                 0,                 0,      -6.243329992,                 0,                 0
          0,        1994,           0,               -32,               -32,               -32,      -3.308970125,                 0,                 0,                 0,      -6.245651243,                 0,                 0
          0,        1995,           0,               -32,               -32,               -32,       -3.31129138,                 0,                 0,                 0,      -6.247972497,                 0,                 0
          0,        1996,           0,               -32,               -32,               -32,      -3.313612635,                 0,                 0,                 0,       -6.25029375,                 0,                 0
          0,        1997,           0,               -32,               -32,               -32,       -3.31593389,                 0,                 0,                 0,      -6.252615004,                 0,                 0
          0,        1998,           0,               -32,               -32,               -32,      -3.318255145,                 0,                 0,                 0,      -6.254936258,                 0,                 0
          0,        1999,           0,               -32,               -32,               -32,      -3.320576399,                 0,                 0,                 0,      -6.257257513,                 0,                 0
          0,        2000,           0,               -32,               -32,               -32,      -3.322897655,                 0,                 0,                 0,      -6.259578766,                 0,                 0
          0,        2001,           0,               -32,               -32,               -32,       -3.32521891,                 0,                 0,                 0,      -6.261900018,                 0,                 0
          0,        2002,           0,               -32,               -32,               -32,      -3.327540166,                 0,                 0,                 0,      -6.264221271,                 0,                 0
          0,        2003,           0,               -32,               -32,               -32,      -3.329861419,                 0,                 0,                 0,      -6.266542527,                 0,                 0
          0,        2004,           0,               -32,               -32,               -32,      -3.332182675,                 0,                 0,                 0,       -6.26886378,                 0,                 0
          0,        2005,           0,               -32,               -32,               -32,       -3.33450393,                 0,                 0,                 0,      -6.271185032,                 0,                 0
          0,        2006,           0,               -32,               -32,               -32,      -3.336825185,                 0,                 0,                 0,      -6.273506287,                 0,                 0
          0,        2007,           0,               -32,               -32,               -32,       -3.33914644,                 0,                 0,                 0,       -6.27582754,                 0,                 0
          0,        2008,           0,               -32,               -32,               -32,      -3.341467695,                 0,                 0,                 0,      -6.278148793,                 0,                 0
          0,        2009,           0,               -32,               -32,               -32,       -3.34378895,                 0,                 0,                 0,      -6.280470048,                 0,                 0
          0,        2010,           0,               -32,               -32,               -32,      -3.346110204,                 0,                 0,                 0,      -6.282791301,                 0,                 0
          0,        2011,           0,               -32,               -32,               -32,       -3.34843146,                 0,                 0,                 0,      -6.285112554,                 0,                 0
          0,        2012,           0,               -32,               -32,               -32,      -3.350752715,                 0,                 0,                 0,      -6.287433809,                 0,                 0
          0,        2013,           0,               -32,               -32,               -32,       -3.35307397,                 0,                 0,                 0,      -6.289755062,                 0,                 0
          0,        2014,           0,               -32,               -32,               -32,      -3.355395225,                 0,                 0,                 0,      -6.292076316,                 0,                 0
          0,        2015,           0,               -32,               -32,               -32,       -3.35771648,                 0,                 0,                 0,      -6.294397568,                 0,                 0
          0,        2016,           0,               -32,               -32,               -32,      -3.360037735,                 0,                 0,                 0,      -6.296718821,                 0,                 0
          0,        2017,           0,               -32,               -32,               -32,       -3.36235899,                 0,                 0,                 0,      -6.299040076,                 0,                 0
          0,        2018,           0,               -32,               -32,               -32,      -3.364680245,                 0,                 0,                 0,      -6.301361328,                 0,                 0
          0,        2019,           0,               -32,               -32,               -32,        -3.3670015,                 0,                 0,                 0,      -6.303682583,                 0,                 0
          0,        2020,           0,               -32,               -32,               -32,      -3.369322755,                 0,                 0,                 0,      -6.306003835,                 0,                 0
          0,        2021,           0,               -32,               -32,               -32,      -3.371644009,                 0,                 0,                 0,       -6.30832509,                 0,                 0
          0,        2022,           0,               -32,               -32,               -32,      -3.373965264,                 0,                 0,                 0,      -6.310646343,                 0,                 0
          0,        2023,           0,               -32,               -32,               -32,      -3.376286519,                 0,                 0,                 0,      -6.312967597,                 0,                 0
          0,        2024,           0,               -32,               -32,               -32,      -3.378607775,                 0,                 0,                 0,      -6.315288852,                 0,                 0
          0,        2025,           0,               -32,               -32,               -32,       -3.38092903,                 0,                 0,                 0,      -6.317610105,                 0,                 0
          0,        2026,           0,               -32,               -32,               -32,      -3.383250285,                 0,                 0,                 0,      -6.319931357,                 0,                 0
          0,        2027,           0,               -32,               -32,               -32,       -3.38557154,                 0,                 0,                 0,      -6.322252613,                 0,                 0
          0,        2028,           0,               -32,               -32,               -32,      -3.387892795,                 0,                 0,                 0,      -6.324573866,                 0,                 0
          0,        2029,           0,               -32,               -32,               -32,       -3.39021405,                 0,                 0,                 0,      -6.326895118,                 0,                 0
          0,        2030,           0,               -32,               -32,               -32,      -3.392535304,                 0,                 0,                 0,      -6.329216371,                 0,                 0
          0,        2031,           0,               -32,               -32,               -32,      -3.394856559,                 0,                 0,                 0,      -6.331537626,                 0,                 0
          0,        2032,           0,               -32,               -32,               -32,      -3.397177814,                 0,                 0,                 0,      -6.333858881,                 0,                 0
          0,        2033,           0,               -32,               -32,               -32,       -3.39949907,                 0,                 0,                 0,      -6.336180136,                 0,                 0
          0,        2034,           0,               -32,               -32,               -32,      -3.401820327,                 0,                 0,                 0,      -6.338501388,                 0,                 0
          0,        2035,           0,               -32,               -32,               -32,      -3.404141581,                 0,                 0,                 0,      -6.340822642,                 0,                 0
          0,        2036,           0,               -32,               -32,               -32,      -3.406462835,                 0,                 0,                 0,      -6.343143895,                 0,                 0
          0,        2037,           0,               -32,               -32,               -32,      -3.408784091,                 0,                 0,                 0,      -6.345465148,                 0,                 0
          0,        2038,           0,               -32,               -32,               -32,      -3.411105345,                 0,                 0,                 0,      -6.347786402,                 0,                 0
          0,        2039,           0,               -32,               -32,               -32,      -3.413426601,                 0,                 0,                 0,      -6.350107655,                 0,                 0
          0,        2040,           0,               -32,               -32,               -32,      -3.415747855,                 0,                 0,                 0,       -6.35242891,                 0,                 0
          0,        2041,           0,               -32,               -32,               -32,       -3.41806911,                 0,                 0,                 0,      -6.354750163,                 0,                 0
          0,        2042,           0,               -32,               -32,               -32,      -3.420390365,                 0,                 0,                 0,      -6.357071416,                 0,                 0
          0,        2043,           0,               -32,               -32,               -32,       -3.42271162,                 0,                 0,                 0,       -6.35939267,                 0,                 0
          0,        2044,           0,               -32,               -32,               -32,      -3.425032876,                 0,                 0,                 0,      -6.361713926,                 0,                 0
          0,        2045,           0,               -32,               -32,               -32,       -3.42735413,                 0,                 0,                 0,      -6.364035176,                 0,                 0
          0,        2046,           0,               -32,               -32,               -32,      -3.429675384,                 0,                 0,                 0,      -6.366356431,                 0,                 0
          0,        2047,           0,               -32,               -32,               -32,      -3.431996639,                 0,                 0,                 0,      -6.368677687,                 0,                 0
          0,        2048,           0,               -32,               -32,               -32,      -3.434317895,                 0,                 0,                 0,      -6.370998939,                 0,                 0
          0,        2049,           0,               -32,               -32,               -32,       -3.43663915,                 0,                 0,                 0,      -6.373320193,                 0,                 0
          0,        2050,           0,               -32,               -32,               -32,      -3.438960405,                 0,                 0,                 0,      -6.375641448,                 0,                 0
          0,        2051,           0,               -32,               -32,               -32,       -3.44128166,                 0,                 0,                 0,      -6.377962701,                 0,                 0
          0,        2052,           0,               -32,               -32,               -32,      -3.443602916,                 0,                 0,                 0,      -6.380283955,                 0,                 0
          0,        2053,           0,               -32,               -32,               -32,       -3.44592417,                 0,                 0,                 0,      -6.382605208,                 0,                 0
          0,        2054,           0,               -32,               -32,               -32,      -3.448245425,                 0,                 0,                 0,      -6.384926461,                 0,                 0
          0,        2055,           0,               -32,               -32,               -32,       -3.45056668,                 0,                 0,                 0,      -6.387247718,                 0,                 0
          0,        2056,           0,               -32,               -32,               -32,      -3.452887934,                 0,                 0,                 0,       -6.38956897,                 0,                 0
          0,        2057,           0,               -32,               -32,               -32,       -3.45520919,                 0,                 0,                 0,      -6.391890225,                 0,                 0
          0,        2058,           0,               -32,               -32,               -32,      -3.457530445,                 0,                 0,                 0,      -6.394211478,                 0,                 0
          0,        2059,           0,               -32,               -32,               -32,      -3.459851701,                 0,                 0,                 0,      -6.396532731,                 0,                 0
          0,        2060,           0,               -32,               -32,               -32,      -3.462172956,                 0,                 0,                 0,      -6.398853983,                 0,                 0
          0,        2061,           0,               -32,               -32,               -32,      -3.464494213,                 0,                 0,                 0,       -6.40117524,                 0,                 0
          0,        2062,           0,               -32,               -32,               -32,      -3.466815467,                 0,                 0,                 0,      -6.403496492,                 0,                 0
          0,        2063,           0,               -32,               -32,               -32,      -3.469136721,                 0,                 0,                 0,      -6.405817745,                 0,                 0
          0,        2064,           0,               -32,               -32,               -32,      -3.471457976,                 0,                 0,                 0,      -6.408139001,                 0,                 0
          0,        2065,           0,               -32,               -32,               -32,      -3.473779232,                 0,                 0,                 0,      -6.410460256,                 0,                 0
          0,        2066,           0,               -32,               -32,               -32,      -3.476100488,                 0,                 0,                 0,      -6.412781511,                 0,                 0
          0,        2067,           0,               -32,               -32,               -32,      -3.478421743,                 0,                 0,                 0,      -6.415102763,                 0,                 0
          0,        2068,           0,               -32,               -32,               -32,      -3.480742998,                 0,                 0,                 0,      -6.417424016,                 0,                 0
          0,        2069,           0,               -32,               -32,               -32,      -3.483064253,                 0,                 0,                 0,      -6.419745269,                 0,                 0
          0,        2070,           0,               -32,               -32,               -32,      -3.485385508,                 0,                 0,                 0,      -6.422066526,                 0,                 0
          0,        2071,           0,               -32,               -32,               -32,      -3.487706762,                 0,                 0,                 0,       -6.42438778,                 0,                 0
          0,        2072,           0,               -32,               -32,               -32,      -3.490028018,                 0,                 0,                 0,      -6.426709034,                 0,                 0
          0,        2073,           0,               -32,               -32,               -32,      -3.492349274,                 0,                 0,                 0,      -6.429030285,                 0,                 0
          0,        2074,           0,               -32,               -32,               -32,      -3.494670529,                 0,                 0,                 0,       -6.43135154,                 0,                 0
          0,        2075,           0,               -32,               -32,               -32,      -3.496991782,                 0,                 0,                 0,      -6.433672794,                 0,                 0
          0,        2076,           0,               -32,               -32,               -32,      -3.499313038,                 0,                 0,                 0,      -6.435994051,                 0,                 0
          0,        2077,           0,               -32,               -32,               -32,      -3.501634295,                 0,                 0,                 0,      -6.438315301,                 0,                 0
          0,        2078,           0,               -32,               -32,               -32,      -3.503955549,                 0,                 0,                 0,      -6.440636556,                 0,                 0
          0,        2079,           0,               -32,               -32,               -32,      -3.506276804,                 0,                 0,                 0,      -6.442957812,                 0,                 0
          0,        2080,           0,               -32,               -32,               -32,      -3.508598059,                 0,                 0,                 0,      -6.445279062,                 0,                 0
          0,        2081,           0,               -32,               -32,               -32,      -3.510919314,                 0,                 0,                 0,      -6.447600316,                 0,                 0
          0,        2082,           0,               -32,               -32,               -32,       -3.51324057,                 0,                 0,                 0,      -6.449921573,                 0,                 0
          0,        2083,           0,               -32,               -32,               -32,      -3.515561825,                 0,                 0,                 0,      -6.452242825,                 0,                 0
          0,        2084,           0,               -32,               -32,               -32,      -3.517883081,                 0,                 0,                 0,      -6.454564081,                 0,                 0
          0,        2085,           0,               -32,               -32,               -32,      -3.520204335,                 0,                 0,                 0,      -6.456885334,                 0,                 0
          0,        2086,           0,               -32,               -32,               -32,      -3.522525591,                 0,                 0,                 0,      -6.459206588,                 0,                 0
          0,        2087,           0,               -32,               -32,               -32,      -3.524846846,                 0,                 0,                 0,      -6.461527844,                 0,                 0
          0,        2088,           0,               -32,               -32,               -32,      -3.527168103,                 0,                 0,                 0,      -6.463849096,                 0,                 0
          0,        2089,           0,               -32,               -32,               -32,      -3.529489357,                 0,                 0,                 0,      -6.466170351,                 0,                 0
          0,        2090,           0,               -32,               -32,               -32,       -3.53181061,                 0,                 0,                 0,      -6.468491605,                 0,                 0
          0,        2091,           0,               -32,               -32,               -32,      -3.534131866,                 0,                 0,                 0,      -6.470812858,                 0,                 0
          0,        2092,           0,               -32,               -32,               -32,      -3.536453119,                 0,                 0,                 0,      -6.473134116,                 0,                 0
          0,        2093,           0,               -32,               -32,               -32,      -3.538774376,                 0,                 0,                 0,      -6.475455366,                 0,                 0
          0,        2094,           0,               -32,               -32,               -32,      -3.541095632,                 0,                 0,                 0,      -6.477776623,                 0,                 0
          0,        2095,           0,               -32,               -32,               -32,      -3.543416887,                 0,                 0,                 0,      -6.480097877,                 0,                 0
          0,        2096,           0,               -32,               -32,               -32,      -3.545738142,                 0,                 0,                 0,      -6.482419126,                 0,                 0
          0,        2097,           0,               -32,               -32,               -32,      -3.548059397,                 0,                 0,                 0,      -6.484740383,                 0,                 0
          0,        2098,           0,               -32,               -32,               -32,       -3.55038065,                 0,                 0,                 0,      -6.487061636,                 0,                 0
          0,        2099,           0,               -32,               -32,               -32,      -3.552701907,                 0,                 0,                 0,      -6.489382894,                 0,                 0
          0,        2100,           0,               -32,               -32,               -32,      -3.555023162,                 0,                 0,                 0,      -6.491704145,                 0,                 0
          0,        2101,           0,               -32,               -32,               -32,      -3.557344418,                 0,                 0,                 0,        -6.4940254,                 0,                 0
          0,        2102,           0,               -32,               -32,               -32,      -3.559665673,                 0,                 0,                 0,      -6.496346655,                 0,                 0
          0,        2103,           0,               -32,               -32,               -32,       -3.56198693,                 0,                 0,                 0,      -6.498667905,                 0,                 0
          0,        2104,           0,               -32,               -32,               -32,      -3.564308184,                 0,                 0,                 0,      -6.500989161,                 0,                 0
          0,        2105,           0,               -32,               -32,               -32,      -3.566629439,                 0,                 0,                 0,      -6.503310419,                 0,                 0
          0,        2106,           0,               -32,               -32,               -32,      -3.568950694,                 0,                 0,                 0,      -6.505631667,                 0,                 0
          0,        2107,           0,               -32,               -32,               -32,      -3.571271947,                 0,                 0,                 0,      -6.507952927,                 0,                 0
          0,        2108,           0,               -32,               -32,               -32,      -3.573593202,                 0,                 0,                 0,      -6.510274177,                 0,                 0
          0,        2109,           0,               -32,               -32,               -32,      -3.575914459,                 0,                 0,                 0,       -6.51259543,                 0,                 0
          0,        2110,           0,               -32,               -32,               -32,      -3.578235714,                 0,                 0,                 0,      -6.514916689,                 0,                 0
          0,        2111,           0,               -32,               -32,               -32,       -3.58055697,                 0,                 0,                 0,      -6.517237941,                 0,                 0
          0,        2112,           0,               -32,               -32,               -32,      -3.582878225,                 0,                 0,                 0,      -6.519559197,                 0,                 0
          0,        2113,           0,               -32,               -32,               -32,       -3.58519948,                 0,                 0,                 0,      -6.521880448,                 0,                 0
          0,        2114,           0,               -32,               -32,               -32,      -3.587520736,                 0,                 0,                 0,      -6.524201704,                 0,                 0
          0,        2115,           0,               -32,               -32,               -32,       -3.58984199,                 0,                 0,                 0,      -6.526522956,                 0,                 0
          0,        2116,           0,               -32,               -32,               -32,      -3.592163245,                 0,                 0,                 0,      -6.528844214,                 0,                 0
          0,        2117,           0,               -32,               -32,               -32,      -3.594484501,                 0,                 0,                 0,       -6.53116547,                 0,                 0
          0,        2118,           0,               -32,               -32,               -32,      -3.596805756,                 0,                 0,                 0,      -6.533486718,                 0,                 0
          0,        2119,           0,               -32,               -32,               -32,       -3.59912701,                 0,                 0,                 0,      -6.535807976,                 0,                 0
          0,        2120,           0,               -32,               -32,               -32,      -3.601448266,                 0,                 0,                 0,      -6.538129226,                 0,                 0
          0,        2121,           0,               -32,               -32,               -32,       -3.60376952,                 0,                 0,                 0,      -6.540450482,                 0,                 0
          0,        2122,           0,               -32,               -32,               -32,      -3.606090777,                 0,                 0,                 0,      -6.542771737,                 0,                 0
          0,        2123,           0,               -32,               -32,               -32,      -3.608412031,                 0,                 0,                 0,      -6.545092993,                 0,                 0
          0,        2124,           0,               -32,               -32,               -32,      -3.610733287,                 0,                 0,                 0,      -6.547414246,                 0,                 0
          0,        2125,           0,               -32,               -32,               -32,      -3.613054543,                 0,                 0,                 0,      -6.549735503,                 0,                 0
          0,        2126,           0,               -32,               -32,               -32,      -3.615375798,                 0,                 0,                 0,      -6.552056752,                 0,                 0
          0,        2127,           0,               -32,               -32,               -32,      -3.617697055,                 0,                 0,                 0,      -6.554378008,                 0,                 0
          0,        2128,           0,               -32,               -32,               -32,      -3.620018308,                 0,                 0,                 0,      -6.556699265,                 0,                 0
          0,        2129,           0,               -32,               -32,               -32,      -3.622339565,                 0,                 0,                 0,      -6.559020515,                 0,                 0
          0,        2130,           0,               -32,               -32,               -32,       -3.62466082,                 0,                 0,                 0,      -6.561341775,                 0,                 0
          0,        2131,           0,               -32,               -32,               -32,      -3.626982075,                 0,                 0,                 0,      -6.563663026,                 0,                 0
          0,        2132,           0,               -32,               -32,               -32,      -3.629303329,                 0,                 0,                 0,       -6.56598428,                 0,                 0
          0,        2133,           0,               -32,               -32,               -32,      -3.631624585,                 0,                 0,                 0,      -6.568305533,                 0,                 0
          0,        2134,           0,               -32,               -32,               -32,      -3.633945838,                 0,                 0,                 0,      -6.570626787,                 0,                 0
          0,        2135,           0,               -32,               -32,               -32,      -3.636267094,                 0,                 0,                 0,      -6.572948044,                 0,                 0
          0,        2136,           0,               -32,               -32,               -32,      -3.638588349,                 0,                 0,                 0,      -6.575269295,                 0,                 0
          0,        2137,           0,               -32,               -32,               -32,      -3.640909605,                 0,                 0,                 0,      -6.577590553,                 0,                 0
          0,        2138,           0,               -32,               -32,               -32,      -3.643230859,                 0,                 0,                 0,      -6.579911804,                 0,                 0
          0,        2139,           0,               -32,               -32,               -32,      -3.645552114,                 0,                 0,                 0,      -6.582233058,                 0,                 0
          0,        2140,           0,               -32,               -32,               -32,      -3.647873372,                 0,                 0,                 0,      -6.584554312,                 0,                 0
          0,        2141,           0,               -32,               -32,               -32,      -3.650194627,                 0,                 0,                 0,      -6.586875568,                 0,                 0
          0,        2142,           0,               -32,               -32,               -32,      -3.652515879,                 0,                 0,                 0,      -6.589196822,                 0,                 0
          0,        2143,           0,               -32,               -32,               -32,      -3.654837136,                 0,                 0,                 0,      -6.591518074,                 0,                 0
          0,        2144,           0,               -32,               -32,               -32,      -3.657158389,                 0,                 0,                 0,      -6.593839331,                 0,                 0
          0,        2145,           0,               -32,               -32,               -32,      -3.659479645,                 0,                 0,                 0,      -6.596160585,                 0,                 0
          0,        2146,           0,               -32,               -32,               -32,      -3.661800897,                 0,                 0,                 0,      -6.598481839,                 0,                 0
          0,        2147,           0,               -32,               -32,               -32,      -3.664122154,                 0,                 0,                 0,      -6.600803097,                 0,                 0
          0,        2148,           0,               -32,               -32,               -32,      -3.666443412,                 0,                 0,                 0,       -6.60312435,                 0,                 0
          0,        2149,           0,               -32,               -32,               -32,      -3.668764668,                 0,                 0,                 0,      -6.605445607,                 0,                 0
          0,        2150,           0,               -32,               -32,               -32,      -3.671085924,                 0,                 0,                 0,      -6.607766854,                 0,                 0
          0,        2151,           0,               -32,               -32,               -32,      -3.673407179,                 0,                 0,                 0,      -6.610088112,                 0,                 0
          0,        2152,           0,               -32,               -32,               -32,      -3.675728437,                 0,                 0,                 0,      -6.612409366,                 0,                 0
          0,        2153,           0,               -32,               -32,               -32,      -3.678049691,                 0,                 0,                 0,      -6.614730624,                 0,                 0
          0,        2154,           0,               -32,               -32,               -32,      -3.680370946,                 0,                 0,                 0,      -6.617051873,                 0,                 0
          0,        2155,           0,               -32,               -32,               -32,        -3.6826922,                 0,                 0,                 0,      -6.619373127,                 0,                 0
          0,        2156,           0,               -32,               -32,               -32,      -3.685013455,                 0,                 0,                 0,       -6.62169438,                 0,                 0
          0,        2157,           0,               -32,               -32,               -32,      -3.687334709,                 0,                 0,                 0,      -6.624015637,                 0,                 0
          0,        2158,           0,               -32,               -32,               -32,      -3.689655961,                 0,                 0,                 0,      -6.626336889,                 0,                 0
          0,        2159,           0,               -32,               -32,               -32,      -3.691977217,                 0,                 0,                 0,      -6.628658142,                 0,                 0
          0,        2160,           0,               -32,               -32,               -32,      -3.694298474,                 0,                 0,                 0,      -6.630979403,                 0,                 0
          0,        2161,           0,               -32,               -32,               -32,      -3.696619729,                 0,                 0,                 0,      -6.633300656,                 0,                 0
          0,        2162,           0,               -32,               -32,               -32,      -3.698940986,                 0,                 0,                 0,      -6.635621908,                 0,                 0
          0,        2163,           0,               -32,               -32,               -32,       -3.70126224,                 0,                 0,                 0,      -6.637943162,                 0,                 0
          0,        2164,           0,               -32,               -32,               -32,      -3.703583496,                 0,                 0,                 0,      -6.640264421,                 0,                 0
          0,        2165,           0,               -32,               -32,               -32,      -3.705904749,                 0,                 0,                 0,      -6.642585671,                 0,                 0
          0,        2166,           0,               -32,               -32,               -32,      -3.708226007,                 0,                 0,                 0,      -6.644906926,                 0,                 0
          0,        2167,           0,               -32,               -32,               -32,      -3.710547262,                 0,                 0,                 0,      -6.647228183,                 0,                 0
          0,        2168,           0,               -32,               -32,               -32,      -3.712868516,                 0,                 0,                 0,      -6.649549436,                 0,                 0
          0,        2169,           0,               -32,               -32,               -32,      -3.715189774,                 0,                 0,                 0,       -6.65187069,                 0,                 0
          0,        2170,           0,               -32,               -32,               -32,      -3.717511028,                 0,                 0,                 0,      -6.654191948,                 0,                 0
          0,        2171,           0,               -32,               -32,               -32,      -3.719832286,                 0,                 0,                 0,      -6.656513198,                 0,                 0
          0,        2172,           0,               -32,               -32,               -32,      -3.722153541,                 0,                 0,                 0,      -6.658834453,                 0,                 0
          0,        2173,           0,               -32,               -32,               -32,      -3.724474795,                 0,                 0,                 0,       -6.66115571,                 0,                 0
          0,        2174,           0,               -32,               -32,               -32,      -3.726796051,                 0,                 0,                 0,       -6.66347696,                 0,                 0
          0,        2175,           0,               -32,               -32,               -32,      -3.729117305,                 0,                 0,                 0,      -6.665798223,                 0,                 0
          0,        2176,           0,               -32,               -32,               -32,      -3.731438558,                 0,                 0,                 0,      -6.668119469,                 0,                 0
          0,        2177,           0,               -32,               -32,               -32,      -3.733759817,                 0,                 0,                 0,      -6.670440726,                 0,                 0
          0,        2178,           0,               -32,               -32,               -32,      -3.736081069,                 0,                 0,                 0,      -6.672761983,                 0,                 0
          0,        2179,           0,               -32,               -32,               -32,      -3.738402324,                 0,                 0,                 0,      -6.675083236,                 0,                 0
          0,        2180,           0,               -32,               -32,               -32,      -3.740723582,                 0,                 0,                 0,      -6.677404493,                 0,                 0
          0,        2181,           0,               -32,               -32,               -32,      -3.743044839,                 0,                 0,                 0,      -6.679725748,                 0,                 0
          0,        2182,           0,               -32,               -32,               -32,      -3.745366093,                 0,                 0,                 0,      -6.682046996,                 0,                 0
          0,        2183,           0,               -32,               -32,               -32,      -3.747687349,                 0,                 0,                 0,      -6.684368251,                 0,                 0
          0,        2184,           0,               -32,               -32,               -32,      -3.750008605,                 0,                 0,                 0,      -6.686689505,                 0,                 0
          0,        2185,           0,               -32,               -32,               -32,      -3.752329861,                 0,                 0,                 0,      -6.689010765,                 0,                 0
          0,        2186,           0,               -32,               -32,               -32,      -3.754651117,                 0,                 0,                 0,      -6.691332021,                 0,                 0
          0,        2187,           0,               -32,               -32,               -32,      -3.756972373,                 0,                 0,                 0,      -6.693653273,                 0,                 0
          0,        2188,           0,               -32,               -32,               -32,      -3.759293626,                 0,                 0,                 0,      -6.695974531,                 0,                 0
          0,        2189,           0,               -32,               -32,               -32,       -3.76161488,                 0,                 0,                 0,      -6.698295779,                 0,                 0
          0,        2190,           0,               -32,               -32,               -32,      -3.763936134,                 0,                 0,                 0,      -6.700617037,                 0,                 0
          0,        2191,           0,               -32,               -32,               -32,      -3.766257388,                 0,                 0,                 0,      -6.702938289,                 0,                 0
          0,        2192,           0,               -32,               -32,               -32,      -3.768578645,                 0,                 0,                 0,      -6.705259541,                 0,                 0
          0,        2193,           0,               -32,               -32,               -32,        -3.7708999,                 0,                 0,                 0,      -6.707580799,                 0,                 0
          0,        2194,           0,               -32,               -32,               -32,      -3.773221157,                 0,                 0,                 0,      -6.709902055,                 0,                 0
          0,        2195,           0,               -32,               -32,               -32,       -3.77554241,                 0,                 0,                 0,      -6.712223307,                 0,                 0
          0,        2196,           0,               -32,               -32,               -32,      -3.777863668,                 0,                 0,                 0,      -6.714544561,                 0,                 0
          0,        2197,           0,               -32,               -32,               -32,      -3.780184924,                 0,                 0,                 0,      -6.716865817,                 0,                 0
          0,        2198,           0,               -32,               -32,               -32,      -3.782506179,                 0,                 0,                 0,      -6.719187068,                 0,                 0
          0,        2199,           0,               -32,               -32,               -32,      -3.784827432,                 0,                 0,                 0,      -6.721508326,                 0,                 0
          0,        2200,           0,               -32,               -32,               -32,      -3.787148687,                 0,                 0,                 0,      -6.723829582,                 0,                 0
          0,        2201,           0,               -32,               -32,               -32,      -3.789469945,                 0,                 0,                 0,      -6.726150835,                 0,                 0
          0,        2202,           0,               -32,               -32,               -32,      -3.791791198,                 0,                 0,                 0,      -6.728472088,                 0,                 0
          0,        2203,           0,               -32,               -32,               -32,      -3.794112454,                 0,                 0,                 0,      -6.730793344,                 0,                 0
          0,        2204,           0,               -32,               -32,               -32,       -3.79643371,                 0,                 0,                 0,      -6.733114592,                 0,                 0
          0,        2205,           0,               -32,               -32,               -32,      -3.798754966,                 0,                 0,                 0,      -6.735435857,                 0,                 0
          0,        2206,           0,               -32,               -32,               -32,      -3.801076217,                 0,                 0,                 0,      -6.737757113,                 0,                 0
          0,        2207,           0,               -32,               -32,               -32,      -3.803397476,                 0,                 0,                 0,      -6.740078361,                 0,                 0
          0,        2208,           0,               -32,               -32,               -32,      -3.805718731,                 0,                 0,                 0,      -6.742399617,                 0,                 0
          0,        2209,           0,               -32,               -32,               -32,      -3.808039982,                 0,                 0,                 0,      -6.744720872,                 0,                 0
          0,        2210,           0,               -32,               -32,               -32,      -3.810361239,                 0,                 0,                 0,      -6.747042124,                 0,                 0
          0,        2211,           0,               -32,               -32,               -32,      -3.812682495,                 0,                 0,                 0,      -6.749363385,                 0,                 0
          0,        2212,           0,               -32,               -32,               -32,       -3.81500375,                 0,                 0,                 0,      -6.751684635,                 0,                 0
          0,        2213,           0,               -32,               -32,               -32,      -3.817325006,                 0,                 0,                 0,      -6.754005889,                 0,                 0
          0,        2214,           0,               -32,               -32,               -32,      -3.819646264,                 0,                 0,                 0,      -6.756327151,                 0,                 0
          0,        2215,           0,               -32,               -32,               -32,      -3.821967519,                 0,                 0,                 0,      -6.758648402,                 0,                 0
          0,        2216,           0,               -32,               -32,               -32,      -3.824288776,                 0,                 0,                 0,      -6.760969655,                 0,                 0
          0,        2217,           0,               -32,               -32,               -32,      -3.826610031,                 0,                 0,                 0,      -6.763290905,                 0,                 0
          0,        2218,           0,               -32,               -32,               -32,      -3.828931284,                 0,                 0,                 0,      -6.765612161,                 0,                 0
          0,        2219,           0,               -32,               -32,               -32,      -3.831252541,                 0,                 0,                 0,      -6.767933417,                 0,                 0
          0,        2220,           0,               -32,               -32,               -32,      -3.833573796,                 0,                 0,                 0,      -6.770254672,                 0,                 0
          0,        2221,           0,               -32,               -32,               -32,       -3.83589505,                 0,                 0,                 0,       -6.77257593,                 0,                 0
          0,        2222,           0,               -32,               -32,               -32,      -3.838216307,                 0,                 0,                 0,      -6.774897185,                 0,                 0
          0,        2223,           0,               -32,               -32,               -32,      -3.840537562,                 0,                 0,                 0,      -6.777218435,                 0,                 0
          0,        2224,           0,               -32,               -32,               -32,      -3.842858814,                 0,                 0,                 0,      -6.779539691,                 0,                 0
          0,        2225,           0,               -32,               -32,               -32,      -3.845180071,                 0,                 0,                 0,      -6.781860943,                 0,                 0
          0,        2226,           0,               -32,               -32,               -32,      -3.847501323,                 0,                 0,                 0,      -6.784182198,                 0,                 0
          0,        2227,           0,               -32,               -32,               -32,      -3.849822579,                 0,                 0,                 0,      -6.786503462,                 0,                 0
          0,        2228,           0,               -32,               -32,               -32,      -3.852143838,                 0,                 0,                 0,      -6.788824706,                 0,                 0
          0,        2229,           0,               -32,               -32,               -32,      -3.854465095,                 0,                 0,                 0,      -6.791145968,                 0,                 0
          0,        2230,           0,               -32,               -32,               -32,      -3.856786344,                 0,                 0,                 0,      -6.793467218,                 0,                 0
          0,        2231,           0,               -32,               -32,               -32,      -3.859107603,                 0,                 0,                 0,      -6.795788475,                 0,                 0
          0,        2232,           0,               -32,               -32,               -32,       -3.86142886,                 0,                 0,                 0,      -6.798109731,                 0,                 0
          0,        2233,           0,               -32,               -32,               -32,      -3.863750115,                 0,                 0,                 0,       -6.80043099,                 0,                 0
          0,        2234,           0,               -32,               -32,               -32,      -3.866071373,                 0,                 0,                 0,      -6.802752236,                 0,                 0
          0,        2235,           0,               -32,               -32,               -32,      -3.868392627,                 0,                 0,                 0,        -6.8050735,                 0,                 0
          0,        2236,           0,               -32,               -32,               -32,      -3.870713885,                 0,                 0,                 0,      -6.807394746,                 0,                 0
          0,        2237,           0,               -32,               -32,               -32,       -3.87303514,                 0,                 0,                 0,      -6.809716004,                 0,                 0
          0,        2238,           0,               -32,               -32,               -32,      -3.875356394,                 0,                 0,                 0,      -6.812037257,                 0,                 0
          0,        2239,           0,               -32,               -32,               -32,      -3.877677651,                 0,                 0,                 0,      -6.814358516,                 0,                 0
          0,        2240,           0,               -32,               -32,               -32,      -3.879998904,                 0,                 0,                 0,      -6.816679762,                 0,                 0
          0,        2241,           0,               -32,               -32,               -32,      -3.882320158,                 0,                 0,                 0,      -6.819001018,                 0,                 0
          0,        2242,           0,               -32,               -32,               -32,      -3.884641414,                 0,                 0,                 0,      -6.821322273,                 0,                 0
          0,        2243,           0,               -32,               -32,               -32,      -3.886962669,                 0,                 0,                 0,      -6.823643531,                 0,                 0
          0,        2244,           0,               -32,               -32,               -32,      -3.889283927,                 0,                 0,                 0,      -6.825964779,                 0,                 0
          0,        2245,           0,               -32,               -32,               -32,      -3.891605179,                 0,                 0,                 0,      -6.828286042,                 0,                 0
          0,        2246,           0,               -32,               -32,               -32,      -3.893926434,                 0,                 0,                 0,      -6.830607296,                 0,                 0
          0,        2247,           0,               -32,               -32,               -32,      -3.896247687,                 0,                 0,                 0,      -6.832928548,                 0,                 0
          0,        2248,           0,               -32,               -32,               -32,      -3.898568943,                 0,                 0,                 0,        -6.8352498,                 0,                 0
          0,        2249,           0,               -32,               -32,               -32,      -3.900890196,                 0,                 0,                 0,      -6.837571058,                 0,                 0
          0,        2250,           0,               -32,               -32,               -32,      -3.903211456,                 0,                 0,                 0,       -6.83989231,                 0,                 0
          0,        2251,           0,               -32,               -32,               -32,      -3.905532708,                 0,                 0,                 0,      -6.842213571,                 0,                 0
          0,        2252,           0,               -32,               -32,               -32,      -3.907853965,                 0,                 0,                 0,      -6.844534821,                 0,                 0
          0,        2253,           0,               -32,               -32,               -32,      -3.910175224,                 0,                 0,                 0,      -6.846856078,                 0,                 0
          0,        2254,           0,               -32,               -32,               -32,      -3.912496478,                 0,                 0,                 0,      -6.849177333,                 0,                 0
          0,        2255,           0,               -32,               -32,               -32,      -3.914817735,                 0,                 0,                 0,      -6.851498583,                 0,                 0
          0,        2256,           0,               -32,               -32,               -32,      -3.917138993,                 0,                 0,                 0,      -6.853819844,                 0,                 0
          0,        2257,           0,               -32,               -32,               -32,      -3.919460246,                 0,                 0,                 0,      -6.856141102,                 0,                 0
          0,        2258,           0,               -32,               -32,               -32,      -3.921781503,                 0,                 0,                 0,      -6.858462355,                 0,                 0
          0,        2259,           0,               -32,               -32,               -32,      -3.924102761,                 0,                 0,                 0,      -6.860783605,                 0,                 0
          0,        2260,           0,               -32,               -32,               -32,      -3.926424016,                 0,                 0,                 0,      -6.863104868,                 0,                 0
          0,        2261,           0,               -32,               -32,               -32,      -3.928745269,                 0,                 0,                 0,      -6.865426119,                 0,                 0
          0,        2262,           0,               -32,               -32,               -32,      -3.931066523,                 0,                 0,                 0,      -6.867747374,                 0,                 0
          0,        2263,           0,               -32,               -32,               -32,      -3.933387782,                 0,                 0,                 0,      -6.870068629,                 0,                 0
          0,        2264,           0,               -32,               -32,               -32,      -3.935709031,                 0,                 0,                 0,      -6.872389881,                 0,                 0
          0,        2265,           0,               -32,               -32,               -32,      -3.938030287,                 0,                 0,                 0,       -6.87471114,                 0,                 0
          0,        2266,           0,               -32,               -32,               -32,      -3.940351543,                 0,                 0,                 0,       -6.87703239,                 0,                 0
          0,        2267,           0,               -32,               -32,               -32,      -3.942672804,                 0,                 0,                 0,      -6.879353643,                 0,                 0
          0,        2268,           0,               -32,               -32,               -32,      -3.944994058,                 0,                 0,                 0,      -6.881674898,                 0,                 0
          0,        2269,           0,               -32,               -32,               -32,       -3.94731531,                 0,                 0,                 0,      -6.883996145,                 0,                 0
          0,        2270,           0,               -32,               -32,               -32,      -3.949636565,                 0,                 0,                 0,      -6.886317413,                 0,                 0
          0,        2271,           0,               -32,               -32,               -32,      -3.951957817,                 0,                 0,                 0,      -6.888638666,                 0,                 0
          0,        2272,           0,               -32,               -32,               -32,      -3.954279073,                 0,                 0,                 0,      -6.890959921,                 0,                 0
          0,        2273,           0,               -32,               -32,               -32,       -3.95660033,                 0,                 0,                 0,      -6.893281173,                 0,                 0
          0,        2274,           0,               -32,               -32,               -32,      -3.958921585,                 0,                 0,                 0,       -6.89560243,                 0,                 0
          0,        2275,           0,               -32,               -32,               -32,      -3.961242838,                 0,                 0,                 0,      -6.897923689,                 0,                 0
          0,        2276,           0,               -32,               -32,               -32,        -3.9635641,                 0,                 0,                 0,      -6.900244934,                 0,                 0
          0,        2277,           0,               -32,               -32,               -32,      -3.965885353,                 0,                 0,                 0,      -6.902566186,                 0,                 0
          0,        2278,           0,               -32,               -32,               -32,      -3.968206608,                 0,                 0,                 0,      -6.904887446,                 0,                 0
          0,        2279,           0,               -32,               -32,               -32,      -3.970527863,                 0,                 0,                 0,      -6.907208703,                 0,                 0
          0,        2280,           0,               -32,               -32,               -32,      -3.972849118,                 0,                 0,                 0,      -6.909529958,                 0,                 0
          0,        2281,           0,               -32,               -32,               -32,      -3.975170375,                 0,                 0,                 0,       -6.91185122,                 0,                 0
          0,        2282,           0,               -32,               -32,               -32,      -3.977491632,                 0,                 0,                 0,      -6.914172465,                 0,                 0
          0,        2283,           0,               -32,               -32,               -32,      -3.979812888,                 0,                 0,                 0,       -6.91649372,                 0,                 0
          0,        2284,           0,               -32,               -32,               -32,      -3.982134144,                 0,                 0,                 0,      -6.918814988,                 0,                 0
          0,        2285,           0,               -32,               -32,               -32,      -3.984455399,                 0,                 0,                 0,      -6.921136233,                 0,                 0
          0,        2286,           0,               -32,               -32,               -32,      -3.986776659,                 0,                 0,                 0,      -6.923457489,                 0,                 0
          0,        2287,           0,               -32,               -32,               -32,      -3.989097909,                 0,                 0,                 0,      -6.925778743,                 0,                 0
          0,        2288,           0,               -32,               -32,               -32,      -3.991419164,                 0,                 0,                 0,      -6.928100002,                 0,                 0
          0,        2289,           0,               -32,               -32,               -32,      -3.993740419,                 0,                 0,                 0,      -6.930421252,                 0,                 0
          0,        2290,           0,               -32,               -32,               -32,      -3.996061676,                 0,                 0,                 0,      -6.932742508,                 0,                 0
          0,        2291,           0,               -32,               -32,               -32,      -3.998382933,                 0,                 0,                 0,      -6.935063762,                 0,                 0
          0,        2292,           0,               -32,               -32,               -32,      -4.000704188,                 0,                 0,                 0,      -6.937385018,                 0,                 0
          0,        2293,           0,               -32,               -32,               -32,      -4.003025443,                 0,                 0,                 0,      -6.939706274,                 0,                 0
          0,        2294,           0,               -32,               -32,               -32,      -4.005346698,                 0,                 0,                 0,      -6.942027525,                 0,                 0
          0,        2295,           0,               -32,               -32,               -32,       -4.00766795,                 0,                 0,                 0,      -6.944348785,                 0,                 0
          0,        2296,           0,               -32,               -32,               -32,      -4.009989206,                 0,                 0,                 0,       -6.94667003,                 0,                 0
          0,        2297,           0,               -32,               -32,               -32,      -4.012310462,                 0,                 0,                 0,      -6.948991286,                 0,                 0
          0,        2298,           0,               -32,               -32,               -32,      -4.014631713,                 0,                 0,                 0,      -6.951312544,                 0,                 0
          0,        2299,           0,               -32,               -32,               -32,      -4.016952966,                 0,                 0,                 0,      -6.953633802,                 0,                 0
          0,        2300,           0,               -32,               -32,               -32,      -4.019274227,                 0,                 0,                 0,      -6.955955052,                 0,                 0
          0,        2301,           0,               -32,               -32,               -32,      -4.021595482,                 0,                 0,                 0,      -6.958276321,                 0,                 0
          0,        2302,           0,               -32,               -32,               -32,      -4.023916738,                 0,                 0,                 0,      -6.960597565,                 0,                 0
          0,        2303,           0,               -32,               -32,               -32,      -4.026237997,                 0,                 0,                 0,      -6.962918823,                 0,                 0
          0,        2304,           0,               -32,               -32,               -32,      -4.028559251,                 0,                 0,                 0,      -6.965240081,                 0,                 0
          0,        2305,           0,               -32,               -32,               -32,      -4.030880505,                 0,                 0,                 0,      -6.967561327,                 0,                 0
          0,        2306,           0,               -32,               -32,               -32,      -4.033201761,                 0,                 0,                 0,      -6.969882584,                 0,                 0
          0,        2307,           0,               -32,               -32,               -32,      -4.035523017,                 0,                 0,                 0,      -6.972203836,                 0,                 0
          0,        2308,           0,               -32,               -32,               -32,      -4.037844272,                 0,                 0,                 0,      -6.974525103,                 0,                 0
          0,        2309,           0,               -32,               -32,               -32,       -4.04016553,                 0,                 0,                 0,      -6.976846346,                 0,                 0
          0,        2310,           0,               -32,               -32,               -32,      -4.042486786,                 0,                 0,                 0,      -6.979167598,                 0,                 0
          0,        2311,           0,               -32,               -32,               -32,      -4.044808036,                 0,                 0,                 0,      -6.981488858,                 0,                 0
          0,        2312,           0,               -32,               -32,               -32,       -4.04712929,                 0,                 0,                 0,      -6.983810109,                 0,                 0
          0,        2313,           0,               -32,               -32,               -32,      -4.049450547,                 0,                 0,                 0,      -6.986131376,                 0,                 0
          0,        2314,           0,               -32,               -32,               -32,      -4.051771803,                 0,                 0,                 0,      -6.988452626,                 0,                 0
          0,        2315,           0,               -32,               -32,               -32,      -4.054093059,                 0,                 0,                 0,      -6.990773885,                 0,                 0
          0,        2316,           0,               -32,               -32,               -32,      -4.056414319,                 0,                 0,                 0,      -6.993095137,                 0,                 0
          0,        2317,           0,               -32,               -32,               -32,      -4.058735571,                 0,                 0,                 0,      -6.995416387,                 0,                 0
          0,        2318,           0,               -32,               -32,               -32,      -4.061056829,                 0,                 0,                 0,      -6.997737643,                 0,                 0
          0,        2319,           0,               -32,               -32,               -32,      -4.063378086,                 0,                 0,                 0,      -7.000058896,                 0,                 0
          0,        2320,           0,               -32,               -32,               -32,      -4.065699341,                 0,                 0,                 0,      -7.002380156,                 0,                 0
          0,        2321,           0,               -32,               -32,               -32,      -4.068020599,                 0,                 0,                 0,      -7.004701408,                 0,                 0
          0,        2322,           0,               -32,               -32,               -32,      -4.070341845,                 0,                 0,                 0,      -7.007022662,                 0,                 0
          0,        2323,           0,               -32,               -32,               -32,      -4.072663102,                 0,                 0,                 0,      -7.009343919,                 0,                 0
          0,        2324,           0,               -32,               -32,               -32,      -4.074984355,                 0,                 0,                 0,      -7.011665174,                 0,                 0
          0,        2325,           0,               -32,               -32,               -32,      -4.077305613,                 0,                 0,                 0,      -7.013986433,                 0,                 0
          0,        2326,           0,               -32,               -32,               -32,      -4.079626865,                 0,                 0,                 0,      -7.016307679,                 0,                 0
          0,        2327,           0,               -32,               -32,               -32,       -4.08194812,                 0,                 0,                 0,      -7.018628936,                 0,                 0
          0,        2328,           0,               -32,               -32,               -32,      -4.084269374,                 0,                 0,                 0,      -7.020950191,                 0,                 0
          0,        2329,           0,               -32,               -32,               -32,      -4.086590634,                 0,                 0,                 0,      -7.023271456,                 0,                 0
          0,        2330,           0,               -32,               -32,               -32,       -4.08891189,                 0,                 0,                 0,      -7.025592702,                 0,                 0
          0,        2331,           0,               -32,               -32,               -32,      -4.091233147,                 0,                 0,                 0,       -7.02791396,                 0,                 0
          0,        2332,           0,               -32,               -32,               -32,      -4.093554398,                 0,                 0,                 0,       -7.03023521,                 0,                 0
          0,        2333,           0,               -32,               -32,               -32,      -4.095875655,                 0,                 0,                 0,      -7.032556468,                 0,                 0
          0,        2334,           0,               -32,               -32,               -32,      -4.098196923,                 0,                 0,                 0,      -7.034877728,                 0,                 0
          0,        2335,           0,               -32,               -32,               -32,      -4.100518176,                 0,                 0,                 0,      -7.037198991,                 0,                 0
          0,        2336,           0,               -32,               -32,               -32,      -4.102839426,                 0,                 0,                 0,       -7.03952024,                 0,                 0
          0,        2337,           0,               -32,               -32,               -32,      -4.105160686,                 0,                 0,                 0,       -7.04184149,                 0,                 0
          0,        2338,           0,               -32,               -32,               -32,      -4.107481941,                 0,                 0,                 0,      -7.044162755,                 0,                 0
          0,        2339,           0,               -32,               -32,               -32,      -4.109803201,                 0,                 0,                 0,      -7.046484003,                 0,                 0
          0,        2340,           0,               -32,               -32,               -32,      -4.112124455,                 0,                 0,                 0,      -7.048805258,                 0,                 0
          0,        2341,           0,               -32,               -32,               -32,      -4.114445706,                 0,                 0,                 0,      -7.051126514,                 0,                 0
          0,        2342,           0,               -32,               -32,               -32,      -4.116766964,                 0,                 0,                 0,      -7.053447764,                 0,                 0
          0,        2343,           0,               -32,               -32,               -32,      -4.119088214,                 0,                 0,                 0,      -7.055769022,                 0,                 0
          0,        2344,           0,               -32,               -32,               -32,      -4.121409472,                 0,                 0,                 0,      -7.058090277,                 0,                 0
          0,        2345,           0,               -32,               -32,               -32,       -4.12373073,                 0,                 0,                 0,      -7.060411532,                 0,                 0
          0,        2346,           0,               -32,               -32,               -32,      -4.126051989,                 0,                 0,                 0,      -7.062732786,                 0,                 0
          0,        2347,           0,               -32,               -32,               -32,      -4.128373247,                 0,                 0,                 0,      -7.065054049,                 0,                 0
          0,        2348,           0,               -32,               -32,               -32,      -4.130694499,                 0,                 0,                 0,      -7.067375289,                 0,                 0
          0,        2349,           0,               -32,               -32,               -32,      -4.133015747,                 0,                 0,                 0,      -7.069696543,                 0,                 0
          0,        2350,           0,               -32,               -32,               -32,      -4.135337007,                 0,                 0,                 0,      -7.072017796,                 0,                 0
          0,        2351,           0,               -32,               -32,               -32,      -4.137658257,                 0,                 0,                 0,      -7.074339053,                 0,                 0
          0,        2352,           0,               -32,               -32,               -32,      -4.139979505,                 0,                 0,                 0,      -7.076660323,                 0,                 0
          0,        2353,           0,               -32,               -32,               -32,      -4.142300771,                 0,                 0,                 0,      -7.078981562,                 0,                 0
          0,        2354,           0,               -32,               -32,               -32,      -4.144622024,                 0,                 0,                 0,      -7.081302825,                 0,                 0
          0,        2355,           0,               -32,               -32,               -32,      -4.146943276,                 0,                 0,                 0,      -7.083624082,                 0,                 0
          0,        2356,           0,               -32,               -32,               -32,      -4.149264533,                 0,                 0,                 0,      -7.085945329,                 0,                 0
          0,        2357,           0,               -32,               -32,               -32,       -4.15158579,                 0,                 0,                 0,        -7.0882666,                 0,                 0
          0,        2358,           0,               -32,               -32,               -32,      -4.153907047,                 0,                 0,                 0,      -7.090587841,                 0,                 0
          0,        2359,           0,               -32,               -32,               -32,      -4.156228302,                 0,                 0,                 0,        -7.0929091,                 0,                 0
          0,        2360,           0,               -32,               -32,               -32,      -4.158549556,                 0,                 0,                 0,      -7.095230344,                 0,                 0
          0,        2361,           0,               -32,               -32,               -32,      -4.160870802,                 0,                 0,                 0,      -7.097551603,                 0,                 0
          0,        2362,           0,               -32,               -32,               -32,      -4.163192057,                 0,                 0,                 0,      -7.099872878,                 0,                 0
          0,        2363,           0,               -32,               -32,               -32,      -4.165513323,                 0,                 0,                 0,       -7.10219411,                 0,                 0
          0,        2364,           0,               -32,               -32,               -32,      -4.167834578,                 0,                 0,                 0,      -7.104515375,                 0,                 0
          0,        2365,           0,               -32,               -32,               -32,      -4.170155835,                 0,                 0,                 0,       -7.10683663,                 0,                 0
          0,        2366,           0,               -32,               -32,               -32,       -4.17247709,                 0,                 0,                 0,      -7.109157885,                 0,                 0
          0,        2367,           0,               -32,               -32,               -32,      -4.174798343,                 0,                 0,                 0,      -7.111479149,                 0,                 0
          0,        2368,           0,               -32,               -32,               -32,      -4.177119604,                 0,                 0,                 0,      -7.113800398,                 0,                 0
          0,        2369,           0,               -32,               -32,               -32,      -4.179440863,                 0,                 0,                 0,      -7.116121663,                 0,                 0
          0,        2370,           0,               -32,               -32,               -32,       -4.18176212,                 0,                 0,                 0,      -7.118442907,                 0,                 0
          0,        2371,           0,               -32,               -32,               -32,      -4.184083375,                 0,                 0,                 0,      -7.120764168,                 0,                 0
          0,        2372,           0,               -32,               -32,               -32,      -4.186404626,                 0,                 0,                 0,       -7.12308542,                 0,                 0
          0,        2373,           0,               -32,               -32,               -32,      -4.188725886,                 0,                 0,                 0,      -7.125406677,                 0,                 0
          0,        2374,           0,               -32,               -32,               -32,      -4.191047131,                 0,                 0,                 0,      -7.127727942,                 0,                 0
          0,        2375,           0,               -32,               -32,               -32,      -4.193368394,                 0,                 0,                 0,      -7.130049192,                 0,                 0
          0,        2376,           0,               -32,               -32,               -32,      -4.195689649,                 0,                 0,                 0,      -7.132370436,                 0,                 0
          0,        2377,           0,               -32,               -32,               -32,      -4.198010912,                 0,                 0,                 0,      -7.134691699,                 0,                 0
          0,        2378,           0,               -32,               -32,               -32,      -4.200332167,                 0,                 0,                 0,      -7.137012951,                 0,                 0
          0,        2379,           0,               -32,               -32,               -32,       -4.20265342,                 0,                 0,                 0,      -7.139334202,                 0,                 0
          0,        2380,           0,               -32,               -32,               -32,      -4.204974669,                 0,                 0,                 0,      -7.141655454,                 0,                 0
          0,        2381,           0,               -32,               -32,               -32,       -4.20729592,                 0,                 0,                 0,      -7.143976711,                 0,                 0
          0,        2382,           0,               -32,               -32,               -32,      -4.209617173,                 0,                 0,                 0,      -7.146297958,                 0,                 0
          0,        2383,           0,               -32,               -32,               -32,      -4.211938429,                 0,                 0,                 0,      -7.148619234,                 0,                 0
          0,        2384,           0,               -32,               -32,               -32,      -4.214259681,                 0,                 0,                 0,      -7.150940496,                 0,                 0
          0,        2385,           0,               -32,               -32,               -32,      -4.216580949,                 0,                 0,                 0,      -7.153261735,                 0,                 0
          0,        2386,           0,               -32,               -32,               -32,      -4.218902207,                 0,                 0,                 0,      -7.155582976,                 0,                 0
          0,        2387,           0,               -32,               -32,               -32,      -4.221223448,                 0,                 0,                 0,      -7.157904234,                 0,                 0
          0,        2388,           0,               -32,               -32,               -32,      -4.223544707,                 0,                 0,                 0,      -7.160225494,                 0,                 0
          0,        2389,           0,               -32,               -32,               -32,      -4.225865971,                 0,                 0,                 0,      -7.162546762,                 0,                 0
          0,        2390,           0,               -32,               -32,               -32,      -4.228187223,                 0,                 0,                 0,      -7.164868018,                 0,                 0
          0,        2391,           0,               -32,               -32,               -32,      -4.230508491,                 0,                 0,                 0,      -7.167189269,                 0,                 0
          0,        2392,           0,               -32,               -32,               -32,      -4.232829742,                 0,                 0,                 0,      -7.169510516,                 0,                 0
          0,        2393,           0,               -32,               -32,               -32,      -4.235150987,                 0,                 0,                 0,      -7.171831771,                 0,                 0
          0,        2394,           0,               -32,               -32,               -32,      -4.237472256,                 0,                 0,                 0,      -7.174153021,                 0,                 0
          0,        2395,           0,               -32,               -32,               -32,      -4.239793505,                 0,                 0,                 0,      -7.176474284,                 0,                 0
          0,        2396,           0,               -32,               -32,               -32,      -4.242114758,                 0,                 0,                 0,      -7.178795536,                 0,                 0
          0,        2397,           0,               -32,               -32,               -32,      -4.244436008,                 0,                 0,                 0,      -7.181116792,                 0,                 0
          0,        2398,           0,               -32,               -32,               -32,      -4.246757263,                 0,                 0,                 0,      -7.183438056,                 0,                 0
          0,        2399,           0,               -32,               -32,               -32,       -4.24907853,                 0,                 0,                 0,      -7.185759313,                 0,                 0
          0,        2400,           0,               -32,               -32,               -32,      -4.251399786,                 0,                 0,                 0,      -7.188080568,                 0,                 0
          0,        2401,           0,               -32,               -32,               -32,      -4.253721033,                 0,                 0,                 0,      -7.190401812,                 0,                 0
          0,        2402,           0,               -32,               -32,               -32,      -4.256042284,                 0,                 0,                 0,       -7.19272307,                 0,                 0
          0,        2403,           0,               -32,               -32,               -32,      -4.258363546,                 0,                 0,                 0,      -7.195044324,                 0,                 0
          0,        2404,           0,               -32,               -32,               -32,      -4.260684802,                 0,                 0,                 0,      -7.197365579,                 0,                 0
          0,        2405,           0,               -32,               -32,               -32,      -4.263006057,                 0,                 0,                 0,      -7.199686846,                 0,                 0
          0,        2406,           0,               -32,               -32,               -32,       -4.26532732,                 0,                 0,                 0,      -7.202008103,                 0,                 0
          0,        2407,           0,               -32,               -32,               -32,      -4.267648572,                 0,                 0,                 0,      -7.204329341,                 0,                 0
          0,        2408,           0,               -32,               -32,               -32,      -4.269969834,                 0,                 0,                 0,        -7.2066506,                 0,                 0
          0,        2409,           0,               -32,               -32,               -32,      -4.272291073,                 0,                 0,                 0,      -7.208971856,                 0,                 0
          0,        2410,           0,               -32,               -32,               -32,      -4.274612337,                 0,                 0,                 0,      -7.211293122,                 0,                 0
          0,        2411,           0,               -32,               -32,               -32,      -4.276933591,                 0,                 0,                 0,      -7.213614381,                 0,                 0
          0,        2412,           0,               -32,               -32,               -32,      -4.279254851,                 0,                 0,                 0,       -7.21593562,                 0,                 0
          0,        2413,           0,               -32,               -32,               -32,       -4.28157611,                 0,                 0,                 0,      -7.218256883,                 0,                 0
          0,        2414,           0,               -32,               -32,               -32,      -4.283897366,                 0,                 0,                 0,      -7.220578135,                 0,                 0
          0,        2415,           0,               -32,               -32,               -32,      -4.286218626,                 0,                 0,                 0,      -7.222899397,                 0,                 0
          0,        2416,           0,               -32,               -32,               -32,      -4.288539874,                 0,                 0,                 0,      -7.225220644,                 0,                 0
          0,        2417,           0,               -32,               -32,               -32,      -4.290861133,                 0,                 0,                 0,      -7.227541904,                 0,                 0
          0,        2418,           0,               -32,               -32,               -32,      -4.293182382,                 0,                 0,                 0,      -7.229863152,                 0,                 0
          0,        2419,           0,               -32,               -32,               -32,      -4.295503637,                 0,                 0,                 0,      -7.232184403,                 0,                 0
          0,        2420,           0,               -32,               -32,               -32,      -4.297824894,                 0,                 0,                 0,      -7.234505665,                 0,                 0
          0,        2421,           0,               -32,               -32,               -32,      -4.300146149,                 0,                 0,                 0,      -7.236826922,                 0,                 0
          0,        2422,           0,               -32,               -32,               -32,      -4.302467408,                 0,                 0,                 0,      -7.239148165,                 0,                 0
          0,        2423,           0,               -32,               -32,               -32,      -4.304788658,                 0,                 0,                 0,      -7.241469419,                 0,                 0
          0,        2424,           0,               -32,               -32,               -32,      -4.307109913,                 0,                 0,                 0,      -7.243790694,                 0,                 0
          0,        2425,           0,               -32,               -32,               -32,      -4.309431173,                 0,                 0,                 0,      -7.246111927,                 0,                 0
          0,        2426,           0,               -32,               -32,               -32,      -4.311752423,                 0,                 0,                 0,      -7.248433186,                 0,                 0
          0,        2427,           0,               -32,               -32,               -32,      -4.314073679,                 0,                 0,                 0,      -7.250754451,                 0,                 0
          0,        2428,           0,               -32,               -32,               -32,      -4.316394924,                 0,                 0,                 0,      -7.253075709,                 0,                 0
          0,        2429,           0,               -32,               -32,               -32,      -4.318716186,                 0,                 0,                 0,      -7.255396956,                 0,                 0
          0,        2430,           0,               -32,               -32,               -32,      -4.321037445,                 0,                 0,                 0,      -7.257718225,                 0,                 0
          0,        2431,           0,               -32,               -32,               -32,      -4.323358704,                 0,                 0,                 0,      -7.260039458,                 0,                 0
          0,        2432,           0,               -32,               -32,               -32,       -4.32567996,                 0,                 0,                 0,      -7.262360717,                 0,                 0
          0,        2433,           0,               -32,               -32,               -32,      -4.328001217,                 0,                 0,                 0,      -7.264681997,                 0,                 0
          0,        2434,           0,               -32,               -32,               -32,      -4.330322461,                 0,                 0,                 0,      -7.267003226,                 0,                 0
          0,        2435,           0,               -32,               -32,               -32,      -4.332643723,                 0,                 0,                 0,      -7.269324497,                 0,                 0
          0,        2436,           0,               -32,               -32,               -32,       -4.33496498,                 0,                 0,                 0,      -7.271645724,                 0,                 0
          0,        2437,           0,               -32,               -32,               -32,      -4.337286237,                 0,                 0,                 0,      -7.273967009,                 0,                 0
          0,        2438,           0,               -32,               -32,               -32,      -4.339607483,                 0,                 0,                 0,      -7.276288255,                 0,                 0
          0,        2439,           0,               -32,               -32,               -32,      -4.341928743,                 0,                 0,                 0,      -7.278609506,                 0,                 0
          0,        2440,           0,               -32,               -32,               -32,      -4.344249994,                 0,                 0,                 0,       -7.28093076,                 0,                 0
          0,        2441,           0,               -32,               -32,               -32,      -4.346571252,                 0,                 0,                 0,      -7.283252011,                 0,                 0
          0,        2442,           0,               -32,               -32,               -32,      -4.348892502,                 0,                 0,                 0,      -7.285573266,                 0,                 0
          0,        2443,           0,               -32,               -32,               -32,       -4.35121376,                 0,                 0,                 0,       -7.28789453,                 0,                 0
          0,        2444,           0,               -32,               -32,               -32,      -4.353535005,                 0,                 0,                 0,      -7.290215788,                 0,                 0
          0,        2445,           0,               -32,               -32,               -32,      -4.355856273,                 0,                 0,                 0,      -7.292537045,                 0,                 0
          0,        2446,           0,               -32,               -32,               -32,      -4.358177531,                 0,                 0,                 0,      -7.294858312,                 0,                 0
          0,        2447,           0,               -32,               -32,               -32,      -4.360498787,                 0,                 0,                 0,      -7.297179556,                 0,                 0
          0,        2448,           0,               -32,               -32,               -32,      -4.362820044,                 0,                 0,                 0,      -7.299500807,                 0,                 0
          0,        2449,           0,               -32,               -32,               -32,      -4.365141294,                 0,                 0,                 0,      -7.301822059,                 0,                 0
          0,        2450,           0,               -32,               -32,               -32,      -4.367462551,                 0,                 0,                 0,       -7.30414332,                 0,                 0
          0,        2451,           0,               -32,               -32,               -32,      -4.369783809,                 0,                 0,                 0,      -7.306464563,                 0,                 0
          0,        2452,           0,               -32,               -32,               -32,      -4.372105073,                 0,                 0,                 0,      -7.308785824,                 0,                 0
          0,        2453,           0,               -32,               -32,               -32,      -4.374426331,                 0,                 0,                 0,      -7.311107086,                 0,                 0
          0,        2454,           0,               -32,               -32,               -32,      -4.376747585,                 0,                 0,                 0,      -7.313428355,                 0,                 0
          0,        2455,           0,               -32,               -32,               -32,      -4.379068838,                 0,                 0,                 0,      -7.315749607,                 0,                 0
          0,        2456,           0,               -32,               -32,               -32,      -4.381390101,                 0,                 0,                 0,       -7.31807086,                 0,                 0
          0,        2457,           0,               -32,               -32,               -32,      -4.383711349,                 0,                 0,                 0,      -7.320392109,                 0,                 0
          0,        2458,           0,               -32,               -32,               -32,      -4.386032615,                 0,                 0,                 0,      -7.322713342,                 0,                 0
          0,        2459,           0,               -32,               -32,               -32,      -4.388353853,                 0,                 0,                 0,      -7.325034614,                 0,                 0
          0,        2460,           0,               -32,               -32,               -32,      -4.390675103,                 0,                 0,                 0,      -7.327355872,                 0,                 0
          0,        2461,           0,               -32,               -32,               -32,      -4.392996362,                 0,                 0,                 0,      -7.329677107,                 0,                 0
          0,        2462,           0,               -32,               -32,               -32,      -4.395317616,                 0,                 0,                 0,      -7.331998385,                 0,                 0
          0,        2463,           0,               -32,               -32,               -32,      -4.397638872,                 0,                 0,                 0,      -7.334319643,                 0,                 0
          0,        2464,           0,               -32,               -32,               -32,      -4.399960121,                 0,                 0,                 0,      -7.336640887,                 0,                 0
          0,        2465,           0,               -32,               -32,               -32,      -4.402281386,                 0,                 0,                 0,       -7.33896215,                 0,                 0
          0,        2466,           0,               -32,               -32,               -32,      -4.404602637,                 0,                 0,                 0,      -7.341283401,                 0,                 0
          0,        2467,           0,               -32,               -32,               -32,      -4.406923904,                 0,                 0,                 0,      -7.343604656,                 0,                 0
          0,        2468,           0,               -32,               -32,               -32,      -4.409245149,                 0,                 0,                 0,       -7.34592593,                 0,                 0
          0,        2469,           0,               -32,               -32,               -32,       -4.41156641,                 0,                 0,                 0,      -7.348247171,                 0,                 0
          0,        2470,           0,               -32,               -32,               -32,      -4.413887668,                 0,                 0,                 0,      -7.350568428,                 0,                 0
          0,        2471,           0,               -32,               -32,               -32,      -4.416208921,                 0,                 0,                 0,      -7.352889688,                 0,                 0
          0,        2472,           0,               -32,               -32,               -32,      -4.418530172,                 0,                 0,                 0,      -7.355210942,                 0,                 0
          0,        2473,           0,               -32,               -32,               -32,      -4.420851445,                 0,                 0,                 0,      -7.357532181,                 0,                 0
          0,        2474,           0,               -32,               -32,               -32,      -4.423172694,                 0,                 0,                 0,      -7.359853456,                 0,                 0
          0,        2475,           0,               -32,               -32,               -32,      -4.425493952,                 0,                 0,                 0,      -7.362174696,                 0,                 0
          0,        2476,           0,               -32,               -32,               -32,      -4.427815203,                 0,                 0,                 0,      -7.364495961,                 0,                 0
          0,        2477,           0,               -32,               -32,               -32,       -4.43013645,                 0,                 0,                 0,      -7.366817209,                 0,                 0
          0,        2478,           0,               -32,               -32,               -32,      -4.432457714,                 0,                 0,                 0,      -7.369138473,                 0,                 0
          0,        2479,           0,               -32,               -32,               -32,      -4.434778965,                 0,                 0,                 0,      -7.371459729,                 0,                 0
          0,        2480,           0,               -32,               -32,               -32,      -4.437100222,                 0,                 0,                 0,      -7.373780961,                 0,                 0
          0,        2481,           0,               -32,               -32,               -32,      -4.439421467,                 0,                 0,                 0,      -7.376102239,                 0,                 0
          0,        2482,           0,               -32,               -32,               -32,      -4.441742737,                 0,                 0,                 0,      -7.378423492,                 0,                 0
          0,        2483,           0,               -32,               -32,               -32,      -4.444063991,                 0,                 0,                 0,      -7.380744732,                 0,                 0
          0,        2484,           0,               -32,               -32,               -32,      -4.446385245,                 0,                 0,                 0,      -7.383066022,                 0,                 0
          0,        2485,           0,               -32,               -32,               -32,      -4.448706504,                 0,                 0,                 0,      -7.385387251,                 0,                 0
          0,        2486,           0,               -32,               -32,               -32,      -4.451027762,                 0,                 0,                 0,      -7.387708511,                 0,                 0
          0,        2487,           0,               -32,               -32,               -32,      -4.453349023,                 0,                 0,                 0,       -7.39002978,                 0,                 0
          0,        2488,           0,               -32,               -32,               -32,      -4.455670285,                 0,                 0,                 0,      -7.392351015,                 0,                 0
          0,        2489,           0,               -32,               -32,               -32,      -4.457991538,                 0,                 0,                 0,      -7.394672268,                 0,                 0
          0,        2490,           0,               -32,               -32,               -32,      -4.460312792,                 0,                 0,                 0,       -7.39699355,                 0,                 0
          0,        2491,           0,               -32,               -32,               -32,      -4.462634041,                 0,                 0,                 0,      -7.399314797,                 0,                 0
          0,        2492,           0,               -32,               -32,               -32,      -4.464955312,                 0,                 0,                 0,      -7.401636036,                 0,                 0
          0,        2493,           0,               -32,               -32,               -32,       -4.46727656,                 0,                 0,                 0,      -7.403957323,                 0,                 0
          0,        2494,           0,               -32,               -32,               -32,       -4.46959781,                 0,                 0,                 0,      -7.406278579,                 0,                 0
          0,        2495,           0,               -32,               -32,               -32,      -4.471919073,                 0,                 0,                 0,      -7.408599808,                 0,                 0
          0,        2496,           0,               -32,               -32,               -32,       -4.47424032,                 0,                 0,                 0,      -7.410921069,                 0,                 0
          0,        2497,           0,               -32,               -32,               -32,      -4.476561579,                 0,                 0,                 0,      -7.413242304,                 0,                 0
          0,        2498,           0,               -32,               -32,               -32,      -4.478882826,                 0,                 0,                 0,      -7.415563565,                 0,                 0
          0,        2499,           0,               -32,               -32,               -32,      -4.481204081,                 0,                 0,                 0,      -7.417884817,                 0,                 0
          0,        2500,           0,               -32,               -32,               -32,      -4.483525337,                 0,                 0,                 0,      -7.420206089,                 0,                 0
          0,        2501,           0,               -32,               -32,               -32,      -4.485846593,                 0,                 0,                 0,      -7.422527332,                 0,                 0
          0,        2502,           0,               -32,               -32,               -32,      -4.488167842,                 0,                 0,                 0,      -7.424848578,                 0,                 0
          0,        2503,           0,               -32,               -32,               -32,       -4.49048909,                 0,                 0,                 0,      -7.427169855,                 0,                 0
          0,        2504,           0,               -32,               -32,               -32,      -4.492810359,                 0,                 0,                 0,      -7.429491111,                 0,                 0
          0,        2505,           0,               -32,               -32,               -32,      -4.495131615,                 0,                 0,                 0,      -7.431812361,                 0,                 0
          0,        2506,           0,               -32,               -32,               -32,      -4.497452871,                 0,                 0,                 0,      -7.434133594,                 0,                 0
          0,        2507,           0,               -32,               -32,               -32,      -4.499774122,                 0,                 0,                 0,      -7.436454883,                 0,                 0
          0,        2508,           0,               -32,               -32,               -32,      -4.502095373,                 0,                 0,                 0,      -7.438776118,                 0,                 0
          0,        2509,           0,               -32,               -32,               -32,      -4.504416633,                 0,                 0,                 0,      -7.441097384,                 0,                 0
          0,        2510,           0,               -32,               -32,               -32,      -4.506737885,                 0,                 0,                 0,      -7.443418625,                 0,                 0
          0,        2511,           0,               -32,               -32,               -32,      -4.509059142,                 0,                 0,                 0,      -7.445739892,                 0,                 0
          0,        2512,           0,               -32,               -32,               -32,       -4.51138039,                 0,                 0,                 0,      -7.448061145,                 0,                 0
          0,        2513,           0,               -32,               -32,               -32,      -4.513701671,                 0,                 0,                 0,      -7.450382399,                 0,                 0
          0,        2514,           0,               -32,               -32,               -32,      -4.516022924,                 0,                 0,                 0,      -7.452703654,                 0,                 0
          0,        2515,           0,               -32,               -32,               -32,      -4.518344166,                 0,                 0,                 0,      -7.455024927,                 0,                 0
          0,        2516,           0,               -32,               -32,               -32,      -4.520665424,                 0,                 0,                 0,      -7.457346207,                 0,                 0
          0,        2517,           0,               -32,               -32,               -32,      -4.522986701,                 0,                 0,                 0,      -7.459667448,                 0,                 0
          0,        2518,           0,               -32,               -32,               -32,      -4.525307959,                 0,                 0,                 0,      -7.461988673,                 0,                 0
          0,        2519,           0,               -32,               -32,               -32,      -4.527629207,                 0,                 0,                 0,       -7.46430994,                 0,                 0
          0,        2520,           0,               -32,               -32,               -32,      -4.529950471,                 0,                 0,                 0,      -7.466631202,                 0,                 0
          0,        2521,           0,               -32,               -32,               -32,      -4.532271698,                 0,                 0,                 0,      -7.468952417,                 0,                 0
          0,        2522,           0,               -32,               -32,               -32,      -4.534592968,                 0,                 0,                 0,      -7.471273738,                 0,                 0
          0,        2523,           0,               -32,               -32,               -32,      -4.536914243,                 0,                 0,                 0,       -7.47359495,                 0,                 0
          0,        2524,           0,               -32,               -32,               -32,      -4.539235486,                 0,                 0,                 0,        -7.4759162,                 0,                 0
          0,        2525,           0,               -32,               -32,               -32,      -4.541556727,                 0,                 0,                 0,       -7.47823749,                 0,                 0
          0,        2526,           0,               -32,               -32,               -32,      -4.543877975,                 0,                 0,                 0,      -7.480558722,                 0,                 0
          0,        2527,           0,               -32,               -32,               -32,      -4.546199228,                 0,                 0,                 0,      -7.482879994,                 0,                 0
          0,        2528,           0,               -32,               -32,               -32,      -4.548520477,                 0,                 0,                 0,      -7.485201232,                 0,                 0
          0,        2529,           0,               -32,               -32,               -32,      -4.550841746,                 0,                 0,                 0,       -7.48752249,                 0,                 0
          0,        2530,           0,               -32,               -32,               -32,       -4.55316299,                 0,                 0,                 0,      -7.489843717,                 0,                 0
          0,        2531,           0,               -32,               -32,               -32,      -4.555484262,                 0,                 0,                 0,      -7.492164993,                 0,                 0
          0,        2532,           0,               -32,               -32,               -32,      -4.557805496,                 0,                 0,                 0,       -7.49448626,                 0,                 0
          0,        2533,           0,               -32,               -32,               -32,      -4.560126752,                 0,                 0,                 0,      -7.496807487,                 0,                 0
          0,        2534,           0,               -32,               -32,               -32,      -4.562448006,                 0,                 0,                 0,      -7.499128773,                 0,                 0
          0,        2535,           0,               -32,               -32,               -32,      -4.564769276,                 0,                 0,                 0,      -7.501450041,                 0,                 0
          0,        2536,           0,               -32,               -32,               -32,      -4.567090528,                 0,                 0,                 0,       -7.50377129,                 0,                 0
          0,        2537,           0,               -32,               -32,               -32,      -4.569411795,                 0,                 0,                 0,      -7.506092505,                 0,                 0
          0,        2538,           0,               -32,               -32,               -32,      -4.571733041,                 0,                 0,                 0,      -7.508413791,                 0,                 0
          0,        2539,           0,               -32,               -32,               -32,      -4.574054314,                 0,                 0,                 0,      -7.510735056,                 0,                 0
          0,        2540,           0,               -32,               -32,               -32,      -4.576375579,                 0,                 0,                 0,      -7.513056307,                 0,                 0
          0,        2541,           0,               -32,               -32,               -32,      -4.578696811,                 0,                 0,                 0,      -7.515377545,                 0,                 0
          0,        2542,           0,               -32,               -32,               -32,       -4.58101805,                 0,                 0,                 0,      -7.517698795,                 0,                 0
          0,        2543,           0,               -32,               -32,               -32,      -4.583339318,                 0,                 0,                 0,      -7.520020064,                 0,                 0
          0,        2544,           0,               -32,               -32,               -32,      -4.585660563,                 0,                 0,                 0,      -7.522341324,                 0,                 0
          0,        2545,           0,               -32,               -32,               -32,      -4.587981832,                 0,                 0,                 0,      -7.524662597,                 0,                 0
          0,        2546,           0,               -32,               -32,               -32,      -4.590303092,                 0,                 0,                 0,      -7.526983847,                 0,                 0
          0,        2547,           0,               -32,               -32,               -32,       -4.59262436,                 0,                 0,                 0,      -7.529305072,                 0,                 0
          0,        2548,           0,               -32,               -32,               -32,      -4.594945625,                 0,                 0,                 0,       -7.53162637,                 0,                 0
          0,        2549,           0,               -32,               -32,               -32,      -4.597266859,                 0,                 0,                 0,      -7.533947614,                 0,                 0
          0,        2550,           0,               -32,               -32,               -32,      -4.599588132,                 0,                 0,                 0,      -7.536268825,                 0,                 0
          0,        2551,           0,               -32,               -32,               -32,      -4.601909378,                 0,                 0,                 0,      -7.538590115,                 0,                 0
          0,        2552,           0,               -32,               -32,               -32,      -4.604230622,                 0,                 0,                 0,      -7.540911354,                 0,                 0
          0,        2553,           0,               -32,               -32,               -32,      -4.606551878,                 0,                 0,                 0,      -7.543232596,                 0,                 0
          0,        2554,           0,               -32,               -32,               -32,      -4.608873133,                 0,                 0,                 0,      -7.545553891,                 0,                 0
          0,        2555,           0,               -32,               -32,               -32,        -4.6111944,                 0,                 0,                 0,      -7.547875082,                 0,                 0
          0,        2556,           0,               -32,               -32,               -32,      -4.613515663,                 0,                 0,                 0,      -7.550196388,                 0,                 0
          0,        2557,           0,               -32,               -32,               -32,      -4.615836904,                 0,                 0,                 0,      -7.552517609,                 0,                 0
          0,        2558,           0,               -32,               -32,               -32,       -4.61815817,                 0,                 0,                 0,      -7.554838899,                 0,                 0
          0,        2559,           0,               -32,               -32,               -32,       -4.62047942,                 0,                 0,                 0,      -7.557160154,                 0,                 0
          0,        2560,           0,               -32,               -32,               -32,      -4.622800683,                 0,                 0,                 0,      -7.559481415,                 0,                 0
          0,        2561,           0,               -32,               -32,               -32,      -4.625121938,                 0,                 0,                 0,      -7.561802663,                 0,                 0
          0,        2562,           0,               -32,               -32,               -32,      -4.627443195,                 0,                 0,                 0,      -7.564123941,                 0,                 0
          0,        2563,           0,               -32,               -32,               -32,      -4.629764468,                 0,                 0,                 0,      -7.566445193,                 0,                 0
          0,        2564,           0,               -32,               -32,               -32,      -4.632085724,                 0,                 0,                 0,      -7.568766414,                 0,                 0
          0,        2565,           0,               -32,               -32,               -32,      -4.634406956,                 0,                 0,                 0,      -7.571087694,                 0,                 0
          0,        2566,           0,               -32,               -32,               -32,      -4.636728231,                 0,                 0,                 0,      -7.573408911,                 0,                 0
          0,        2567,           0,               -32,               -32,               -32,      -4.639049478,                 0,                 0,                 0,      -7.575730198,                 0,                 0
          0,        2568,           0,               -32,               -32,               -32,      -4.641370748,                 0,                 0,                 0,      -7.578051465,                 0,                 0
          0,        2569,           0,               -32,               -32,               -32,      -4.643691999,                 0,                 0,                 0,      -7.580372728,                 0,                 0
          0,        2570,           0,               -32,               -32,               -32,      -4.646013265,                 0,                 0,                 0,      -7.582693966,                 0,                 0
          0,        2571,           0,               -32,               -32,               -32,      -4.648334512,                 0,                 0,                 0,      -7.585015184,                 0,                 0
          0,        2572,           0,               -32,               -32,               -32,      -4.650655751,                 0,                 0,                 0,      -7.587336466,                 0,                 0
          0,        2573,           0,               -32,               -32,               -32,      -4.652976978,                 0,                 0,                 0,      -7.589657713,                 0,                 0
          0,        2574,           0,               -32,               -32,               -32,      -4.655298262,                 0,                 0,                 0,      -7.591978979,                 0,                 0
          0,        2575,           0,               -32,               -32,               -32,      -4.657619526,                 0,                 0,                 0,      -7.594300219,                 0,                 0
          0,        2576,           0,               -32,               -32,               -32,      -4.659940788,                 0,                 0,                 0,      -7.596621516,                 0,                 0
          0,        2577,           0,               -32,               -32,               -32,       -4.66226203,                 0,                 0,                 0,      -7.598942753,                 0,                 0
          0,        2578,           0,               -32,               -32,               -32,      -4.664583283,                 0,                 0,                 0,      -7.601264027,                 0,                 0
          0,        2579,           0,               -32,               -32,               -32,       -4.66690454,                 0,                 0,                 0,      -7.603585291,                 0,                 0
          0,        2580,           0,               -32,               -32,               -32,       -4.66922579,                 0,                 0,                 0,      -7.605906541,                 0,                 0
          0,        2581,           0,               -32,               -32,               -32,      -4.671547065,                 0,                 0,                 0,      -7.608227781,                 0,                 0
          0,        2582,           0,               -32,               -32,               -32,      -4.673868322,                 0,                 0,                 0,      -7.610549021,                 0,                 0
          0,        2583,           0,               -32,               -32,               -32,       -4.67618957,                 0,                 0,                 0,      -7.612870289,                 0,                 0
          0,        2584,           0,               -32,               -32,               -32,      -4.678510817,                 0,                 0,                 0,      -7.615191508,                 0,                 0
          0,        2585,           0,               -32,               -32,               -32,      -4.680832065,                 0,                 0,                 0,      -7.617512847,                 0,                 0
          0,        2586,           0,               -32,               -32,               -32,      -4.683153333,                 0,                 0,                 0,      -7.619834064,                 0,                 0
          0,        2587,           0,               -32,               -32,               -32,       -4.68547456,                 0,                 0,                 0,      -7.622155298,                 0,                 0
          0,        2588,           0,               -32,               -32,               -32,      -4.687795826,                 0,                 0,                 0,      -7.624476572,                 0,                 0
          0,        2589,           0,               -32,               -32,               -32,      -4.690117074,                 0,                 0,                 0,       -7.62679781,                 0,                 0
          0,        2590,           0,               -32,               -32,               -32,      -4.692438343,                 0,                 0,                 0,      -7.629119071,                 0,                 0
          0,        2591,           0,               -32,               -32,               -32,      -4.694759605,                 0,                 0,                 0,      -7.631440331,                 0,                 0
          0,        2592,           0,               -32,               -32,               -32,      -4.697080856,                 0,                 0,                 0,      -7.633761591,                 0,                 0
          0,        2593,           0,               -32,               -32,               -32,      -4.699402108,                 0,                 0,                 0,      -7.636082811,                 0,                 0
          0,        2594,           0,               -32,               -32,               -32,      -4.701723364,                 0,                 0,                 0,      -7.638404065,                 0,                 0
          0,        2595,           0,               -32,               -32,               -32,      -4.704044623,                 0,                 0,                 0,      -7.640725336,                 0,                 0
          0,        2596,           0,               -32,               -32,               -32,      -4.706365849,                 0,                 0,                 0,      -7.643046623,                 0,                 0
          0,        2597,           0,               -32,               -32,               -32,       -4.70868714,                 0,                 0,                 0,      -7.645367815,                 0,                 0
          0,        2598,           0,               -32,               -32,               -32,      -4.711008401,                 0,                 0,                 0,      -7.647689122,                 0,                 0
          0,        2599,           0,               -32,               -32,               -32,      -4.713329643,                 0,                 0,                 0,       -7.65001035,                 0,                 0
          0,        2600,           0,               -32,               -32,               -32,      -4.715650897,                 0,                 0,                 0,      -7.652331666,                 0,                 0
          0,        2601,           0,               -32,               -32,               -32,      -4.717972139,                 0,                 0,                 0,      -7.654652889,                 0,                 0
          0,        2602,           0,               -32,               -32,               -32,      -4.720293424,                 0,                 0,                 0,      -7.656974114,                 0,                 0
          0,        2603,           0,               -32,               -32,               -32,      -4.722614693,                 0,                 0,                 0,      -7.659295393,                 0,                 0
          0,        2604,           0,               -32,               -32,               -32,      -4.724935939,                 0,                 0,                 0,      -7.661616636,                 0,                 0
          0,        2605,           0,               -32,               -32,               -32,      -4.727257172,                 0,                 0,                 0,      -7.663937914,                 0,                 0
          0,        2606,           0,               -32,               -32,               -32,      -4.729578441,                 0,                 0,                 0,      -7.666259114,                 0,                 0
          0,        2607,           0,               -32,               -32,               -32,      -4.731899704,                 0,                 0,                 0,      -7.668580425,                 0,                 0
          0,        2608,           0,               -32,               -32,               -32,      -4.734220919,                 0,                 0,                 0,       -7.67090167,                 0,                 0
          0,        2609,           0,               -32,               -32,               -32,      -4.736542166,                 0,                 0,                 0,      -7.673222916,                 0,                 0
          0,        2610,           0,               -32,               -32,               -32,      -4.738863443,                 0,                 0,                 0,      -7.675544165,                 0,                 0
          0,        2611,           0,               -32,               -32,               -32,      -4.741184684,                 0,                 0,                 0,       -7.67786543,                 0,                 0
          0,        2612,           0,               -32,               -32,               -32,      -4.743505957,                 0,                 0,                 0,      -7.680186704,                 0,                 0
          0,        2613,           0,               -32,               -32,               -32,      -4.745827215,                 0,                 0,                 0,      -7.682507923,                 0,                 0
          0,        2614,           0,               -32,               -32,               -32,      -4.748148476,                 0,                 0,                 0,      -7.684829191,                 0,                 0
          0,        2615,           0,               -32,               -32,               -32,      -4.750469734,                 0,                 0,                 0,      -7.687150427,                 0,                 0
          0,        2616,           0,               -32,               -32,               -32,      -4.752790987,                 0,                 0,                 0,      -7.689471736,                 0,                 0
          0,        2617,           0,               -32,               -32,               -32,      -4.755112241,                 0,                 0,                 0,      -7.691792984,                 0,                 0
          0,        2618,           0,               -32,               -32,               -32,      -4.757433508,                 0,                 0,                 0,      -7.694114167,                 0,                 0
          0,        2619,           0,               -32,               -32,               -32,       -4.75975473,                 0,                 0,                 0,       -7.69643552,                 0,                 0
          0,        2620,           0,               -32,               -32,               -32,       -4.76207599,                 0,                 0,                 0,        -7.6987567,                 0,                 0
          0,        2621,           0,               -32,               -32,               -32,      -4.764397247,                 0,                 0,                 0,      -7.701077994,                 0,                 0
          0,        2622,           0,               -32,               -32,               -32,      -4.766718502,                 0,                 0,                 0,      -7.703399285,                 0,                 0
          0,        2623,           0,               -32,               -32,               -32,      -4.769039782,                 0,                 0,                 0,      -7.705720513,                 0,                 0
          0,        2624,           0,               -32,               -32,               -32,      -4.771361028,                 0,                 0,                 0,      -7.708041698,                 0,                 0
          0,        2625,           0,               -32,               -32,               -32,      -4.773682274,                 0,                 0,                 0,      -7.710363021,                 0,                 0
          0,        2626,           0,               -32,               -32,               -32,      -4.776003528,                 0,                 0,                 0,      -7.712684292,                 0,                 0
          0,        2627,           0,               -32,               -32,               -32,      -4.778324792,                 0,                 0,                 0,       -7.71500553,                 0,                 0
          0,        2628,           0,               -32,               -32,               -32,      -4.780646059,                 0,                 0,                 0,      -7.717326715,                 0,                 0
          0,        2629,           0,               -32,               -32,               -32,      -4.782967334,                 0,                 0,                 0,      -7.719648028,                 0,                 0
          0,        2630,           0,               -32,               -32,               -32,      -4.785288586,                 0,                 0,                 0,      -7.721969272,                 0,                 0
          0,        2631,           0,               -32,               -32,               -32,      -4.787609841,                 0,                 0,                 0,      -7.724290529,                 0,                 0
          0,        2632,           0,               -32,               -32,               -32,       -4.78993108,                 0,                 0,                 0,      -7.726611777,                 0,                 0
          0,        2633,           0,               -32,               -32,               -32,      -4.792252315,                 0,                 0,                 0,       -7.72893302,                 0,                 0
          0,        2634,           0,               -32,               -32,               -32,       -4.79457356,                 0,                 0,                 0,      -7.731254284,                 0,                 0
          0,        2635,           0,               -32,               -32,               -32,      -4.796894861,                 0,                 0,                 0,      -7.733575592,                 0,                 0
          0,        2636,           0,               -32,               -32,               -32,      -4.799216109,                 0,                 0,                 0,      -7.735896824,                 0,                 0
          0,        2637,           0,               -32,               -32,               -32,      -4.801537341,                 0,                 0,                 0,      -7.738218078,                 0,                 0
          0,        2638,           0,               -32,               -32,               -32,      -4.803858613,                 0,                 0,                 0,      -7.740539345,                 0,                 0
          0,        2639,           0,               -32,               -32,               -32,      -4.806179864,                 0,                 0,                 0,       -7.74286058,                 0,                 0
          0,        2640,           0,               -32,               -32,               -32,      -4.808501115,                 0,                 0,                 0,      -7.745181848,                 0,                 0
          0,        2641,           0,               -32,               -32,               -32,      -4.810822375,                 0,                 0,                 0,      -7.747503085,                 0,                 0
          0,        2642,           0,               -32,               -32,               -32,      -4.813143625,                 0,                 0,                 0,      -7.749824372,                 0,                 0
          0,        2643,           0,               -32,               -32,               -32,      -4.815464881,                 0,                 0,                 0,      -7.752145619,                 0,                 0
          0,        2644,           0,               -32,               -32,               -32,       -4.81778615,                 0,                 0,                 0,      -7.754466838,                 0,                 0
          0,        2645,           0,               -32,               -32,               -32,      -4.820107413,                 0,                 0,                 0,      -7.756788143,                 0,                 0
          0,        2646,           0,               -32,               -32,               -32,      -4.822428658,                 0,                 0,                 0,      -7.759109351,                 0,                 0
          0,        2647,           0,               -32,               -32,               -32,      -4.824749925,                 0,                 0,                 0,      -7.761430638,                 0,                 0
          0,        2648,           0,               -32,               -32,               -32,      -4.827071213,                 0,                 0,                 0,      -7.763751828,                 0,                 0
          0,        2649,           0,               -32,               -32,               -32,      -4.829392438,                 0,                 0,                 0,      -7.766073087,                 0,                 0
          0,        2650,           0,               -32,               -32,               -32,      -4.831713676,                 0,                 0,                 0,        -7.7683944,                 0,                 0
          0,        2651,           0,               -32,               -32,               -32,      -4.834034904,                 0,                 0,                 0,      -7.770715609,                 0,                 0
          0,        2652,           0,               -32,               -32,               -32,      -4.836356158,                 0,                 0,                 0,      -7.773036898,                 0,                 0
          0,        2653,           0,               -32,               -32,               -32,      -4.838677427,                 0,                 0,                 0,      -7.775358143,                 0,                 0
          0,        2654,           0,               -32,               -32,               -32,      -4.840998678,                 0,                 0,                 0,      -7.777679418,                 0,                 0
          0,        2655,           0,               -32,               -32,               -32,      -4.843319929,                 0,                 0,                 0,      -7.780000662,                 0,                 0
          0,        2656,           0,               -32,               -32,               -32,      -4.845641186,                 0,                 0,                 0,       -7.78232193,                 0,                 0
          0,        2657,           0,               -32,               -32,               -32,      -4.847962419,                 0,                 0,                 0,      -7.784643149,                 0,                 0
          0,        2658,           0,               -32,               -32,               -32,      -4.850283704,                 0,                 0,                 0,      -7.786964399,                 0,                 0
          0,        2659,           0,               -32,               -32,               -32,       -4.85260497,                 0,                 0,                 0,      -7.789285737,                 0,                 0
          0,        2660,           0,               -32,               -32,               -32,      -4.854926242,                 0,                 0,                 0,      -7.791606938,                 0,                 0
          0,        2661,           0,               -32,               -32,               -32,      -4.857247496,                 0,                 0,                 0,      -7.793928196,                 0,                 0
          0,        2662,           0,               -32,               -32,               -32,       -4.85956876,                 0,                 0,                 0,      -7.796249429,                 0,                 0
          0,        2663,           0,               -32,               -32,               -32,       -4.86189001,                 0,                 0,                 0,        -7.7985707,                 0,                 0
          0,        2664,           0,               -32,               -32,               -32,       -4.86421124,                 0,                 0,                 0,      -7.800891988,                 0,                 0
          0,        2665,           0,               -32,               -32,               -32,      -4.866532515,                 0,                 0,                 0,      -7.803213181,                 0,                 0
          0,        2666,           0,               -32,               -32,               -32,      -4.868853793,                 0,                 0,                 0,      -7.805534463,                 0,                 0
          0,        2667,           0,               -32,               -32,               -32,      -4.871175054,                 0,                 0,                 0,      -7.807855755,                 0,                 0
          0,        2668,           0,               -32,               -32,               -32,      -4.873496271,                 0,                 0,                 0,      -7.810177013,                 0,                 0
          0,        2669,           0,               -32,               -32,               -32,       -4.87581753,                 0,                 0,                 0,      -7.812498231,                 0,                 0
          0,        2670,           0,               -32,               -32,               -32,      -4.878138779,                 0,                 0,                 0,      -7.814819524,                 0,                 0
          0,        2671,           0,               -32,               -32,               -32,      -4.880460071,                 0,                 0,                 0,      -7.817140778,                 0,                 0
          0,        2672,           0,               -32,               -32,               -32,      -4.882781346,                 0,                 0,                 0,      -7.819462012,                 0,                 0
          0,        2673,           0,               -32,               -32,               -32,      -4.885102581,                 0,                 0,                 0,       -7.82178329,                 0,                 0
          0,        2674,           0,               -32,               -32,               -32,      -4.887423798,                 0,                 0,                 0,      -7.824104536,                 0,                 0
          0,        2675,           0,               -32,               -32,               -32,      -4.889745061,                 0,                 0,                 0,      -7.826425784,                 0,                 0
          0,        2676,           0,               -32,               -32,               -32,      -4.892066322,                 0,                 0,                 0,      -7.828747103,                 0,                 0
          0,        2677,           0,               -32,               -32,               -32,      -4.894387588,                 0,                 0,                 0,      -7.831068333,                 0,                 0
          0,        2678,           0,               -32,               -32,               -32,       -4.89670884,                 0,                 0,                 0,      -7.833389579,                 0,                 0
          0,        2679,           0,               -32,               -32,               -32,      -4.899030082,                 0,                 0,                 0,      -7.835710834,                 0,                 0
          0,        2680,           0,               -32,               -32,               -32,      -4.901351343,                 0,                 0,                 0,      -7.838032042,                 0,                 0
          0,        2681,           0,               -32,               -32,               -32,      -4.903672583,                 0,                 0,                 0,      -7.840353254,                 0,                 0
          0,        2682,           0,               -32,               -32,               -32,      -4.905993856,                 0,                 0,                 0,      -7.842674576,                 0,                 0
          0,        2683,           0,               -32,               -32,               -32,      -4.908315099,                 0,                 0,                 0,      -7.844995797,                 0,                 0
          0,        2684,           0,               -32,               -32,               -32,      -4.910636374,                 0,                 0,                 0,      -7.847316993,                 0,                 0
          0,        2685,           0,               -32,               -32,               -32,      -4.912957577,                 0,                 0,                 0,      -7.849638294,                 0,                 0
          0,        2686,           0,               -32,               -32,               -32,      -4.915278863,                 0,                 0,                 0,       -7.85195961,                 0,                 0
          0,        2687,           0,               -32,               -32,               -32,      -4.917600112,                 0,                 0,                 0,      -7.854280794,                 0,                 0
          0,        2688,           0,               -32,               -32,               -32,      -4.919921423,                 0,                 0,                 0,      -7.856602039,                 0,                 0
          0,        2689,           0,               -32,               -32,               -32,      -4.922242689,                 0,                 0,                 0,      -7.858923361,                 0,                 0
          0,        2690,           0,               -32,               -32,               -32,      -4.924563938,                 0,                 0,                 0,      -7.861244604,                 0,                 0
          0,        2691,           0,               -32,               -32,               -32,      -4.926885128,                 0,                 0,                 0,      -7.863565838,                 0,                 0
          0,        2692,           0,               -32,               -32,               -32,      -4.929206395,                 0,                 0,                 0,      -7.865887112,                 0,                 0
          0,        2693,           0,               -32,               -32,               -32,       -4.93152768,                 0,                 0,                 0,      -7.868208461,                 0,                 0
          0,        2694,           0,               -32,               -32,               -32,      -4.933848995,                 0,                 0,                 0,      -7.870529614,                 0,                 0
          0,        2695,           0,               -32,               -32,               -32,      -4.936170227,                 0,                 0,                 0,      -7.872850961,                 0,                 0
          0,        2696,           0,               -32,               -32,               -32,      -4.938491445,                 0,                 0,                 0,       -7.87517216,                 0,                 0
          0,        2697,           0,               -32,               -32,               -32,       -4.94081272,                 0,                 0,                 0,      -7.877493439,                 0,                 0
          0,        2698,           0,               -32,               -32,               -32,      -4.943133983,                 0,                 0,                 0,      -7.879814702,                 0,                 0
          0,        2699,           0,               -32,               -32,               -32,      -4.945455261,                 0,                 0,                 0,      -7.882135899,                 0,                 0
          0,        2700,           0,               -32,               -32,               -32,      -4.947776509,                 0,                 0,                 0,      -7.884457203,                 0,                 0
          0,        2701,           0,               -32,               -32,               -32,      -4.950097775,                 0,                 0,                 0,      -7.886778378,                 0,                 0
          0,        2702,           0,               -32,               -32,               -32,      -4.952419005,                 0,                 0,                 0,      -7.889099638,                 0,                 0
          0,        2703,           0,               -32,               -32,               -32,      -4.954740226,                 0,                 0,                 0,      -7.891421001,                 0,                 0
          0,        2704,           0,               -32,               -32,               -32,      -4.957061486,                 0,                 0,                 0,      -7.893742231,                 0,                 0
          0,        2705,           0,               -32,               -32,               -32,      -4.959382788,                 0,                 0,                 0,      -7.896063417,                 0,                 0
          0,        2706,           0,               -32,               -32,               -32,      -4.961704032,                 0,                 0,                 0,      -7.898384721,                 0,                 0
          0,        2707,           0,               -32,               -32,               -32,      -4.964025304,                 0,                 0,                 0,      -7.900705934,                 0,                 0
          0,        2708,           0,               -32,               -32,               -32,      -4.966346517,                 0,                 0,                 0,      -7.903027231,                 0,                 0
          0,        2709,           0,               -32,               -32,               -32,      -4.968667774,                 0,                 0,                 0,      -7.905348491,                 0,                 0
          0,        2710,           0,               -32,               -32,               -32,      -4.970988976,                 0,                 0,                 0,      -7.907669671,                 0,                 0
          0,        2711,           0,               -32,               -32,               -32,      -4.973310302,                 0,                 0,                 0,      -7.909990969,                 0,                 0
          0,        2712,           0,               -32,               -32,               -32,      -4.975631529,                 0,                 0,                 0,      -7.912312277,                 0,                 0
          0,        2713,           0,               -32,               -32,               -32,      -4.977952765,                 0,                 0,                 0,       -7.91463362,                 0,                 0
          0,        2714,           0,               -32,               -32,               -32,      -4.980274011,                 0,                 0,                 0,      -7.916954679,                 0,                 0
          0,        2715,           0,               -32,               -32,               -32,      -4.982595292,                 0,                 0,                 0,      -7.919275978,                 0,                 0
          0,        2716,           0,               -32,               -32,               -32,      -4.984916495,                 0,                 0,                 0,      -7.921597173,                 0,                 0
          0,        2717,           0,               -32,               -32,               -32,      -4.987237787,                 0,                 0,                 0,      -7.923918641,                 0,                 0
          0,        2718,           0,               -32,               -32,               -32,      -4.989559071,                 0,                 0,                 0,      -7.926239781,                 0,                 0
          0,        2719,           0,               -32,               -32,               -32,      -4.991880382,                 0,                 0,                 0,      -7.928561039,                 0,                 0
          0,        2720,           0,               -32,               -32,               -32,      -4.994201634,                 0,                 0,                 0,      -7.930882228,                 0,                 0
          0,        2721,           0,               -32,               -32,               -32,      -4.996522854,                 0,                 0,                 0,      -7.933203482,                 0,                 0
          0,        2722,           0,               -32,               -32,               -32,      -4.998844073,                 0,                 0,                 0,      -7.935524891,                 0,                 0
          0,        2723,           0,               -32,               -32,               -32,      -5.001165349,                 0,                 0,                 0,      -7.937846145,                 0,                 0
          0,        2724,           0,               -32,               -32,               -32,      -5.003486651,                 0,                 0,                 0,      -7.940167318,                 0,                 0
          0,        2725,           0,               -32,               -32,               -32,       -5.00580792,                 0,                 0,                 0,      -7.942488548,                 0,                 0
          0,        2726,           0,               -32,               -32,               -32,      -5.008129211,                 0,                 0,                 0,      -7.944809731,                 0,                 0
          0,        2727,           0,               -32,               -32,               -32,      -5.010450391,                 0,                 0,                 0,      -7.947130961,                 0,                 0
          0,        2728,           0,               -32,               -32,               -32,      -5.012771581,                 0,                 0,                 0,       -7.94945238,                 0,                 0
          0,        2729,           0,               -32,               -32,               -32,      -5.015092876,                 0,                 0,                 0,      -7.951773646,                 0,                 0
          0,        2730,           0,               -32,               -32,               -32,      -5.017414121,                 0,                 0,                 0,      -7.954094906,                 0,                 0
          0,        2731,           0,               -32,               -32,               -32,      -5.019735373,                 0,                 0,                 0,      -7.956416087,                 0,                 0
          0,        2732,           0,               -32,               -32,               -32,      -5.022056605,                 0,                 0,                 0,      -7.958737432,                 0,                 0
          0,        2733,           0,               -32,               -32,               -32,      -5.024377969,                 0,                 0,                 0,      -7.961058675,                 0,                 0
          0,        2734,           0,               -32,               -32,               -32,      -5.026699255,                 0,                 0,                 0,      -7.963379814,                 0,                 0
          0,        2735,           0,               -32,               -32,               -32,      -5.029020491,                 0,                 0,                 0,      -7.965701113,                 0,                 0
          0,        2736,           0,               -32,               -32,               -32,      -5.031341723,                 0,                 0,                 0,      -7.968022378,                 0,                 0
          0,        2737,           0,               -32,               -32,               -32,      -5.033662985,                 0,                 0,                 0,      -7.970343579,                 0,                 0
          0,        2738,           0,               -32,               -32,               -32,      -5.035984207,                 0,                 0,                 0,      -7.972664895,                 0,                 0
          0,        2739,           0,               -32,               -32,               -32,      -5.038305444,                 0,                 0,                 0,      -7.974986283,                 0,                 0
          0,        2740,           0,               -32,               -32,               -32,      -5.040626714,                 0,                 0,                 0,      -7.977307285,                 0,                 0
          0,        2741,           0,               -32,               -32,               -32,       -5.04294793,                 0,                 0,                 0,      -7.979628641,                 0,                 0
          0,        2742,           0,               -32,               -32,               -32,      -5.045269135,                 0,                 0,                 0,      -7.981949957,                 0,                 0
          0,        2743,           0,               -32,               -32,               -32,      -5.047590444,                 0,                 0,                 0,      -7.984271258,                 0,                 0
          0,        2744,           0,               -32,               -32,               -32,      -5.049911719,                 0,                 0,                 0,      -7.986592524,                 0,                 0
          0,        2745,           0,               -32,               -32,               -32,       -5.05223301,                 0,                 0,                 0,      -7.988913576,                 0,                 0
          0,        2746,           0,               -32,               -32,               -32,      -5.054554248,                 0,                 0,                 0,      -7.991234927,                 0,                 0
          0,        2747,           0,               -32,               -32,               -32,      -5.056875472,                 0,                 0,                 0,      -7.993556151,                 0,                 0
          0,        2748,           0,               -32,               -32,               -32,      -5.059196727,                 0,                 0,                 0,      -7.995877476,                 0,                 0
          0,        2749,           0,               -32,               -32,               -32,      -5.061517992,                 0,                 0,                 0,      -7.998198664,                 0,                 0
          0,        2750,           0,               -32,               -32,               -32,      -5.063839245,                 0,                 0,                 0,      -8.000519881,                 0,                 0
          0,        2751,           0,               -32,               -32,               -32,      -5.066160477,                 0,                 0,                 0,      -8.002841169,                 0,                 0
          0,        2752,           0,               -32,               -32,               -32,      -5.068481694,                 0,                 0,                 0,      -8.005162445,                 0,                 0
          0,        2753,           0,               -32,               -32,               -32,      -5.070802997,                 0,                 0,                 0,      -8.007483759,                 0,                 0
          0,        2754,           0,               -32,               -32,               -32,      -5.073124256,                 0,                 0,                 0,      -8.009804983,                 0,                 0
          0,        2755,           0,               -32,               -32,               -32,      -5.075445494,                 0,                 0,                 0,      -8.012126166,                 0,                 0
          0,        2756,           0,               -32,               -32,               -32,      -5.077766751,                 0,                 0,                 0,      -8.014447456,                 0,                 0
          0,        2757,           0,               -32,               -32,               -32,      -5.080087979,                 0,                 0,                 0,      -8.016768771,                 0,                 0
          0,        2758,           0,               -32,               -32,               -32,      -5.082409294,                 0,                 0,                 0,      -8.019090017,                 0,                 0
          0,        2759,           0,               -32,               -32,               -32,      -5.084730541,                 0,                 0,                 0,      -8.021411277,                 0,                 0
          0,        2760,           0,               -32,               -32,               -32,      -5.087051799,                 0,                 0,                 0,      -8.023732463,                 0,                 0
          0,        2761,           0,               -32,               -32,               -32,      -5.089372997,                 0,                 0,                 0,      -8.026053753,                 0,                 0
          0,        2762,           0,               -32,               -32,               -32,      -5.091694323,                 0,                 0,                 0,      -8.028374979,                 0,                 0
          0,        2763,           0,               -32,               -32,               -32,      -5.094015539,                 0,                 0,                 0,      -8.030696317,                 0,                 0
          0,        2764,           0,               -32,               -32,               -32,      -5.096336706,                 0,                 0,                 0,      -8.033017537,                 0,                 0
          0,        2765,           0,               -32,               -32,               -32,      -5.098658072,                 0,                 0,                 0,      -8.035338767,                 0,                 0
          0,        2766,           0,               -32,               -32,               -32,      -5.100979339,                 0,                 0,                 0,      -8.037660047,                 0,                 0
          0,        2767,           0,               -32,               -32,               -32,       -5.10330058,                 0,                 0,                 0,      -8.039981306,                 0,                 0
          0,        2768,           0,               -32,               -32,               -32,      -5.105621896,                 0,                 0,                 0,      -8.042302545,                 0,                 0
          0,        2769,           0,               -32,               -32,               -32,      -5.107943093,                 0,                 0,                 0,      -8.044623769,                 0,                 0
          0,        2770,           0,               -32,               -32,               -32,      -5.110264315,                 0,                 0,                 0,      -8.046944923,                 0,                 0
          0,        2771,           0,               -32,               -32,               -32,      -5.112585557,                 0,                 0,                 0,      -8.049266303,                 0,                 0
          0,        2772,           0,               -32,               -32,               -32,      -5.114906784,                 0,                 0,                 0,      -8.051587611,                 0,                 0
          0,        2773,           0,               -32,               -32,               -32,      -5.117228104,                 0,                 0,                 0,      -8.053908833,                 0,                 0
          0,        2774,           0,               -32,               -32,               -32,      -5.119549298,                 0,                 0,                 0,      -8.056230039,                 0,                 0
          0,        2775,           0,               -32,               -32,               -32,      -5.121870629,                 0,                 0,                 0,      -8.058551304,                 0,                 0
          0,        2776,           0,               -32,               -32,               -32,      -5.124191904,                 0,                 0,                 0,      -8.060872542,                 0,                 0
          0,        2777,           0,               -32,               -32,               -32,      -5.126513042,                 0,                 0,                 0,      -8.063193715,                 0,                 0
          0,        2778,           0,               -32,               -32,               -32,      -5.128834388,                 0,                 0,                 0,      -8.065515079,                 0,                 0
          0,        2779,           0,               -32,               -32,               -32,      -5.131155653,                 0,                 0,                 0,      -8.067836352,                 0,                 0
          0,        2780,           0,               -32,               -32,               -32,      -5.133476863,                 0,                 0,                 0,      -8.070157383,                 0,                 0
          0,        2781,           0,               -32,               -32,               -32,      -5.135798084,                 0,                 0,                 0,      -8.072478782,                 0,                 0
          0,        2782,           0,               -32,               -32,               -32,      -5.138119308,                 0,                 0,                 0,      -8.074800133,                 0,                 0
          0,        2783,           0,               -32,               -32,               -32,      -5.140440639,                 0,                 0,                 0,      -8.077121376,                 0,                 0
          0,        2784,           0,               -32,               -32,               -32,      -5.142761967,                 0,                 0,                 0,      -8.079442731,                 0,                 0
          0,        2785,           0,               -32,               -32,               -32,        -5.1450832,                 0,                 0,                 0,       -8.08176399,                 0,                 0
          0,        2786,           0,               -32,               -32,               -32,      -5.147404477,                 0,                 0,                 0,      -8.084085154,                 0,                 0
          0,        2787,           0,               -32,               -32,               -32,      -5.149725726,                 0,                 0,                 0,      -8.086406376,                 0,                 0
          0,        2788,           0,               -32,               -32,               -32,      -5.152047016,                 0,                 0,                 0,      -8.088727687,                 0,                 0
          0,        2789,           0,               -32,               -32,               -32,      -5.154368275,                 0,                 0,                 0,      -8.091048889,                 0,                 0
          0,        2790,           0,               -32,               -32,               -32,      -5.156689461,                 0,                 0,                 0,      -8.093370316,                 0,                 0
          0,        2791,           0,               -32,               -32,               -32,      -5.159010828,                 0,                 0,                 0,      -8.095691381,                 0,                 0
          0,        2792,           0,               -32,               -32,               -32,      -5.161331986,                 0,                 0,                 0,      -8.098012514,                 0,                 0
          0,        2793,           0,               -32,               -32,               -32,      -5.163653248,                 0,                 0,                 0,      -8.100334052,                 0,                 0
          0,        2794,           0,               -32,               -32,               -32,      -5.165974552,                 0,                 0,                 0,      -8.102655298,                 0,                 0
          0,        2795,           0,               -32,               -32,               -32,      -5.168295827,                 0,                 0,                 0,      -8.104976408,                 0,                 0
          0,        2796,           0,               -32,               -32,               -32,      -5.170617089,                 0,                 0,                 0,      -8.107297769,                 0,                 0
          0,        2797,           0,               -32,               -32,               -32,      -5.172938309,                 0,                 0,                 0,      -8.109618982,                 0,                 0
          0,        2798,           0,               -32,               -32,               -32,      -5.175259555,                 0,                 0,                 0,      -8.111940111,                 0,                 0
          0,        2799,           0,               -32,               -32,               -32,      -5.177580751,                 0,                 0,                 0,       -8.11426147,                 0,                 0
          0,        2800,           0,               -32,               -32,               -32,      -5.179902112,                 0,                 0,                 0,      -8.116582711,                 0,                 0
          0,        2801,           0,               -32,               -32,               -32,      -5.182223303,                 0,                 0,                 0,      -8.118903923,                 0,                 0
          0,        2802,           0,               -32,               -32,               -32,      -5.184544556,                 0,                 0,                 0,      -8.121225154,                 0,                 0
          0,        2803,           0,               -32,               -32,               -32,       -5.18686572,                 0,                 0,                 0,       -8.12354655,                 0,                 0
          0,        2804,           0,               -32,               -32,               -32,      -5.189186957,                 0,                 0,                 0,      -8.125867438,                 0,                 0
          0,        2805,           0,               -32,               -32,               -32,      -5.191508257,                 0,                 0,                 0,      -8.128188933,                 0,                 0
          0,        2806,           0,               -32,               -32,               -32,      -5.193829507,                 0,                 0,                 0,      -8.130510419,                 0,                 0
          0,        2807,           0,               -32,               -32,               -32,      -5.196150827,                 0,                 0,                 0,      -8.132831531,                 0,                 0
          0,        2808,           0,               -32,               -32,               -32,      -5.198472086,                 0,                 0,                 0,      -8.135152773,                 0,                 0
          0,        2809,           0,               -32,               -32,               -32,      -5.200793325,                 0,                 0,                 0,      -8.137474116,                 0,                 0
          0,        2810,           0,               -32,               -32,               -32,      -5.203114558,                 0,                 0,                 0,      -8.139795431,                 0,                 0
          0,        2811,           0,               -32,               -32,               -32,       -5.20543576,                 0,                 0,                 0,      -8.142116633,                 0,                 0
          0,        2812,           0,               -32,               -32,               -32,      -5.207757176,                 0,                 0,                 0,      -8.144437828,                 0,                 0
          0,        2813,           0,               -32,               -32,               -32,      -5.210078476,                 0,                 0,                 0,      -8.146759016,                 0,                 0
          0,        2814,           0,               -32,               -32,               -32,      -5.212399689,                 0,                 0,                 0,      -8.149080296,                 0,                 0
          0,        2815,           0,               -32,               -32,               -32,      -5.214720876,                 0,                 0,                 0,      -8.151401581,                 0,                 0
          0,        2816,           0,               -32,               -32,               -32,      -5.217042127,                 0,                 0,                 0,      -8.153722591,                 0,                 0
          0,        2817,           0,               -32,               -32,               -32,      -5.219363376,                 0,                 0,                 0,      -8.156044092,                 0,                 0
          0,        2818,           0,               -32,               -32,               -32,      -5.221684626,                 0,                 0,                 0,      -8.158365396,                 0,                 0
          0,        2819,           0,               -32,               -32,               -32,       -5.22400594,                 0,                 0,                 0,      -8.160686505,                 0,                 0
          0,        2820,           0,               -32,               -32,               -32,      -5.226327064,                 0,                 0,                 0,      -8.163007901,                 0,                 0
          0,        2821,           0,               -32,               -32,               -32,       -5.22864837,                 0,                 0,                 0,      -8.165329191,                 0,                 0
          0,        2822,           0,               -32,               -32,               -32,       -5.23096976,                 0,                 0,                 0,       -8.16765015,                 0,                 0
          0,        2823,           0,               -32,               -32,               -32,      -5.233290925,                 0,                 0,                 0,      -8.169971546,                 0,                 0
          0,        2824,           0,               -32,               -32,               -32,      -5.235612073,                 0,                 0,                 0,      -8.172292888,                 0,                 0
          0,        2825,           0,               -32,               -32,               -32,      -5.237933516,                 0,                 0,                 0,      -8.174614069,                 0,                 0
          0,        2826,           0,               -32,               -32,               -32,      -5.240254677,                 0,                 0,                 0,      -8.176935463,                 0,                 0
          0,        2827,           0,               -32,               -32,               -32,      -5.242575805,                 0,                 0,                 0,      -8.179256574,                 0,                 0
          0,        2828,           0,               -32,               -32,               -32,      -5.244897072,                 0,                 0,                 0,      -8.181577926,                 0,                 0
          0,        2829,           0,               -32,               -32,               -32,      -5.247218446,                 0,                 0,                 0,      -8.183899069,                 0,                 0
          0,        2830,           0,               -32,               -32,               -32,      -5.249539637,                 0,                 0,                 0,      -8.186220324,                 0,                 0
          0,        2831,           0,               -32,               -32,               -32,      -5.251860842,                 0,                 0,                 0,      -8.188541565,                 0,                 0
          0,        2832,           0,               -32,               -32,               -32,      -5.254182063,                 0,                 0,                 0,      -8.190862946,                 0,                 0
          0,        2833,           0,               -32,               -32,               -32,      -5.256503435,                 0,                 0,                 0,       -8.19318426,                 0,                 0
          0,        2834,           0,               -32,               -32,               -32,      -5.258824607,                 0,                 0,                 0,      -8.195505427,                 0,                 0
          0,        2835,           0,               -32,               -32,               -32,      -5.261145877,                 0,                 0,                 0,      -8.197826724,                 0,                 0
          0,        2836,           0,               -32,               -32,               -32,      -5.263467225,                 0,                 0,                 0,      -8.200148021,                 0,                 0
          0,        2837,           0,               -32,               -32,               -32,      -5.265788504,                 0,                 0,                 0,      -8.202469125,                 0,                 0
          0,        2838,           0,               -32,               -32,               -32,      -5.268109735,                 0,                 0,                 0,      -8.204790508,                 0,                 0
          0,        2839,           0,               -32,               -32,               -32,      -5.270431058,                 0,                 0,                 0,      -8.207111572,                 0,                 0
          0,        2840,           0,               -32,               -32,               -32,       -5.27275236,                 0,                 0,                 0,      -8.209432983,                 0,                 0
          0,        2841,           0,               -32,               -32,               -32,      -5.275073629,                 0,                 0,                 0,      -8.211754116,                 0,                 0
          0,        2842,           0,               -32,               -32,               -32,      -5.277394908,                 0,                 0,                 0,      -8.214075398,                 0,                 0
          0,        2843,           0,               -32,               -32,               -32,      -5.279716024,                 0,                 0,                 0,       -8.21639662,                 0,                 0
          0,        2844,           0,               -32,               -32,               -32,      -5.282037303,                 0,                 0,                 0,      -8.218718048,                 0,                 0
          0,        2845,           0,               -32,               -32,               -32,      -5.284358566,                 0,                 0,                 0,      -8.221039257,                 0,                 0
          0,        2846,           0,               -32,               -32,               -32,      -5.286679845,                 0,                 0,                 0,      -8.223360528,                 0,                 0
          0,        2847,           0,               -32,               -32,               -32,      -5.289001071,                 0,                 0,                 0,      -8.225681735,                 0,                 0
          0,        2848,           0,               -32,               -32,               -32,      -5.291322241,                 0,                 0,                 0,      -8.228002921,                 0,                 0
          0,        2849,           0,               -32,               -32,               -32,      -5.293643518,                 0,                 0,                 0,      -8.230324296,                 0,                 0
          0,        2850,           0,               -32,               -32,               -32,      -5.295964834,                 0,                 0,                 0,        -8.2326455,                 0,                 0
          0,        2851,           0,               -32,               -32,               -32,      -5.298286083,                 0,                 0,                 0,      -8.234966859,                 0,                 0
          0,        2852,           0,               -32,               -32,               -32,       -5.30060731,                 0,                 0,                 0,      -8.237288181,                 0,                 0
          0,        2853,           0,               -32,               -32,               -32,      -5.302928648,                 0,                 0,                 0,      -8.239609365,                 0,                 0
          0,        2854,           0,               -32,               -32,               -32,      -5.305249883,                 0,                 0,                 0,      -8.241930502,                 0,                 0
          0,        2855,           0,               -32,               -32,               -32,      -5.307571115,                 0,                 0,                 0,      -8.244251713,                 0,                 0
          0,        2856,           0,               -32,               -32,               -32,      -5.309892303,                 0,                 0,                 0,      -8.246573085,                 0,                 0
          0,        2857,           0,               -32,               -32,               -32,      -5.312213584,                 0,                 0,                 0,      -8.248894185,                 0,                 0
          0,        2858,           0,               -32,               -32,               -32,      -5.314534848,                 0,                 0,                 0,      -8.251215519,                 0,                 0
          0,        2859,           0,               -32,               -32,               -32,      -5.316856159,                 0,                 0,                 0,      -8.253536887,                 0,                 0
          0,        2860,           0,               -32,               -32,               -32,      -5.319177391,                 0,                 0,                 0,      -8.255858124,                 0,                 0
          0,        2861,           0,               -32,               -32,               -32,      -5.321498745,                 0,                 0,                 0,      -8.258179225,                 0,                 0
          0,        2862,           0,               -32,               -32,               -32,      -5.323819914,                 0,                 0,                 0,      -8.260500836,                 0,                 0
          0,        2863,           0,               -32,               -32,               -32,      -5.326141253,                 0,                 0,                 0,       -8.26282162,                 0,                 0
          0,        2864,           0,               -32,               -32,               -32,      -5.328462584,                 0,                 0,                 0,      -8.265143159,                 0,                 0
          0,        2865,           0,               -32,               -32,               -32,      -5.330783734,                 0,                 0,                 0,      -8.267464202,                 0,                 0
          0,        2866,           0,               -32,               -32,               -32,      -5.333105023,                 0,                 0,                 0,      -8.269785714,                 0,                 0
          0,        2867,           0,               -32,               -32,               -32,      -5.335426229,                 0,                 0,                 0,      -8.272106799,                 0,                 0
          0,        2868,           0,               -32,               -32,               -32,      -5.337747437,                 0,                 0,                 0,      -8.274428412,                 0,                 0
          0,        2869,           0,               -32,               -32,               -32,      -5.340068726,                 0,                 0,                 0,      -8.276749283,                 0,                 0
          0,        2870,           0,               -32,               -32,               -32,      -5.342389933,                 0,                 0,                 0,      -8.279070552,                 0,                 0
          0,        2871,           0,               -32,               -32,               -32,      -5.344711203,                 0,                 0,                 0,      -8.281391797,                 0,                 0
          0,        2872,           0,               -32,               -32,               -32,      -5.347032218,                 0,                 0,                 0,      -8.283713087,                 0,                 0
          0,        2873,           0,               -32,               -32,               -32,      -5.349353543,                 0,                 0,                 0,      -8.286034264,                 0,                 0
          0,        2874,           0,               -32,               -32,               -32,      -5.351674812,                 0,                 0,                 0,      -8.288355493,                 0,                 0
          0,        2875,           0,               -32,               -32,               -32,      -5.353996073,                 0,                 0,                 0,       -8.29067702,                 0,                 0
          0,        2876,           0,               -32,               -32,               -32,       -5.35631746,                 0,                 0,                 0,       -8.29299807,                 0,                 0
          0,        2877,           0,               -32,               -32,               -32,      -5.358638713,                 0,                 0,                 0,      -8.295319421,                 0,                 0
          0,        2878,           0,               -32,               -32,               -32,      -5.360959949,                 0,                 0,                 0,      -8.297640604,                 0,                 0
          0,        2879,           0,               -32,               -32,               -32,      -5.363281292,                 0,                 0,                 0,        -8.2999621,                 0,                 0
          0,        2880,           0,               -32,               -32,               -32,      -5.365602508,                 0,                 0,                 0,      -8.302283067,                 0,                 0
          0,        2881,           0,               -32,               -32,               -32,      -5.367923718,                 0,                 0,                 0,      -8.304604532,                 0,                 0
          0,        2882,           0,               -32,               -32,               -32,      -5.370244911,                 0,                 0,                 0,      -8.306925683,                 0,                 0
          0,        2883,           0,               -32,               -32,               -32,      -5.372566206,                 0,                 0,                 0,      -8.309247025,                 0,                 0
          0,        2884,           0,               -32,               -32,               -32,       -5.37488756,                 0,                 0,                 0,      -8.311568256,                 0,                 0
          0,        2885,           0,               -32,               -32,               -32,      -5.377208734,                 0,                 0,                 0,      -8.313889877,                 0,                 0
          0,        2886,           0,               -32,               -32,               -32,      -5.379530043,                 0,                 0,                 0,      -8.316210791,                 0,                 0
          0,        2887,           0,               -32,               -32,               -32,      -5.381851438,                 0,                 0,                 0,      -8.318532123,                 0,                 0
          0,        2888,           0,               -32,               -32,               -32,      -5.384172659,                 0,                 0,                 0,      -8.320853262,                 0,                 0
          0,        2889,           0,               -32,               -32,               -32,      -5.386493756,                 0,                 0,                 0,      -8.323174399,                 0,                 0
          0,        2890,           0,               -32,               -32,               -32,      -5.388815164,                 0,                 0,                 0,      -8.325495824,                 0,                 0
          0,        2891,           0,               -32,               -32,               -32,      -5.391136362,                 0,                 0,                 0,      -8.327817036,                 0,                 0
          0,        2892,           0,               -32,               -32,               -32,      -5.393457512,                 0,                 0,                 0,      -8.330138243,                 0,                 0
          0,        2893,           0,               -32,               -32,               -32,      -5.395778909,                 0,                 0,                 0,       -8.33245959,                 0,                 0
          0,        2894,           0,               -32,               -32,               -32,      -5.398100156,                 0,                 0,                 0,      -8.334780992,                 0,                 0
          0,        2895,           0,               -32,               -32,               -32,      -5.400421442,                 0,                 0,                 0,      -8.337101798,                 0,                 0
          0,        2896,           0,               -32,               -32,               -32,      -5.402742587,                 0,                 0,                 0,      -8.339423181,                 0,                 0
          0,        2897,           0,               -32,               -32,               -32,      -5.405063803,                 0,                 0,                 0,      -8.341744725,                 0,                 0
          0,        2898,           0,               -32,               -32,               -32,      -5.407385235,                 0,                 0,                 0,      -8.344066087,                 0,                 0
          0,        2899,           0,               -32,               -32,               -32,       -5.40970662,                 0,                 0,                 0,      -8.346386743,                 0,                 0
          0,        2900,           0,               -32,               -32,               -32,      -5.412027783,                 0,                 0,                 0,      -8.348708529,                 0,                 0
          0,        2901,           0,               -32,               -32,               -32,      -5.414348905,                 0,                 0,                 0,      -8.351029566,                 0,                 0
          0,        2902,           0,               -32,               -32,               -32,      -5.416670165,                 0,                 0,                 0,      -8.353350679,                 0,                 0
          0,        2903,           0,               -32,               -32,               -32,      -5.418991361,                 0,                 0,                 0,      -8.355672189,                 0,                 0
          0,        2904,           0,               -32,               -32,               -32,      -5.421312663,                 0,                 0,                 0,      -8.357993385,                 0,                 0
          0,        2905,           0,               -32,               -32,               -32,      -5.423633933,                 0,                 0,                 0,      -8.360314734,                 0,                 0
          0,        2906,           0,               -32,               -32,               -32,      -5.425955139,                 0,                 0,                 0,      -8.362635712,                 0,                 0
          0,        2907,           0,               -32,               -32,               -32,      -5.428276364,                 0,                 0,                 0,      -8.364956966,                 0,                 0
          0,        2908,           0,               -32,               -32,               -32,      -5.430597605,                 0,                 0,                 0,      -8.367278348,                 0,                 0
          0,        2909,           0,               -32,               -32,               -32,      -5.432918907,                 0,                 0,                 0,      -8.369599931,                 0,                 0
          0,        2910,           0,               -32,               -32,               -32,      -5.435240229,                 0,                 0,                 0,      -8.371920774,                 0,                 0
          0,        2911,           0,               -32,               -32,               -32,      -5.437561558,                 0,                 0,                 0,      -8.374242127,                 0,                 0
          0,        2912,           0,               -32,               -32,               -32,      -5.439882742,                 0,                 0,                 0,      -8.376563439,                 0,                 0
          0,        2913,           0,               -32,               -32,               -32,      -5.442204062,                 0,                 0,                 0,      -8.378884564,                 0,                 0
          0,        2914,           0,               -32,               -32,               -32,      -5.444525168,                 0,                 0,                 0,       -8.38120598,                 0,                 0
          0,        2915,           0,               -32,               -32,               -32,      -5.446846334,                 0,                 0,                 0,      -8.383526986,                 0,                 0
          0,        2916,           0,               -32,               -32,               -32,      -5.449167722,                 0,                 0,                 0,        -8.3858483,                 0,                 0
          0,        2917,           0,               -32,               -32,               -32,      -5.451488995,                 0,                 0,                 0,      -8.388169453,                 0,                 0
          0,        2918,           0,               -32,               -32,               -32,      -5.453810209,                 0,                 0,                 0,      -8.390490842,                 0,                 0
          0,        2919,           0,               -32,               -32,               -32,      -5.456131398,                 0,                 0,                 0,      -8.392812234,                 0,                 0
          0,        2920,           0,               -32,               -32,               -32,      -5.458452724,                 0,                 0,                 0,      -8.395133574,                 0,                 0
          0,        2921,           0,               -32,               -32,               -32,       -5.46077396,                 0,                 0,                 0,      -8.397454534,                 0,                 0
          0,        2922,           0,               -32,               -32,               -32,      -5.463095153,                 0,                 0,                 0,      -8.399775706,                 0,                 0
          0,        2923,           0,               -32,               -32,               -32,      -5.465416433,                 0,                 0,                 0,      -8.402097542,                 0,                 0
          0,        2924,           0,               -32,               -32,               -32,       -5.46773773,                 0,                 0,                 0,      -8.404418258,                 0,                 0
          0,        2925,           0,               -32,               -32,               -32,      -5.470058924,                 0,                 0,                 0,      -8.406739386,                 0,                 0
          0,        2926,           0,               -32,               -32,               -32,      -5.472380044,                 0,                 0,                 0,      -8.409060816,                 0,                 0
          0,        2927,           0,               -32,               -32,               -32,      -5.474701332,                 0,                 0,                 0,      -8.411382191,                 0,                 0
          0,        2928,           0,               -32,               -32,               -32,      -5.477022622,                 0,                 0,                 0,      -8.413703594,                 0,                 0
          0,        2929,           0,               -32,               -32,               -32,      -5.479344077,                 0,                 0,                 0,      -8.416024701,                 0,                 0
          0,        2930,           0,               -32,               -32,               -32,      -5.481665361,                 0,                 0,                 0,      -8.418346299,                 0,                 0
          0,        2931,           0,               -32,               -32,               -32,      -5.483986633,                 0,                 0,                 0,      -8.420667365,                 0,                 0
          0,        2932,           0,               -32,               -32,               -32,      -5.486307861,                 0,                 0,                 0,      -8.422988729,                 0,                 0
          0,        2933,           0,               -32,               -32,               -32,      -5.488629104,                 0,                 0,                 0,      -8.425309965,                 0,                 0
          0,        2934,           0,               -32,               -32,               -32,      -5.490950456,                 0,                 0,                 0,      -8.427630945,                 0,                 0
          0,        2935,           0,               -32,               -32,               -32,      -5.493271663,                 0,                 0,                 0,      -8.429952174,                 0,                 0
          0,        2936,           0,               -32,               -32,               -32,      -5.495592756,                 0,                 0,                 0,      -8.432273484,                 0,                 0
          0,        2937,           0,               -32,               -32,               -32,      -5.497913926,                 0,                 0,                 0,      -8.434594495,                 0,                 0
          0,        2938,           0,               -32,               -32,               -32,      -5.500235244,                 0,                 0,                 0,      -8.436916213,                 0,                 0
          0,        2939,           0,               -32,               -32,               -32,      -5.502556393,                 0,                 0,                 0,      -8.439237468,                 0,                 0
          0,        2940,           0,               -32,               -32,               -32,      -5.504877857,                 0,                 0,                 0,       -8.44155822,                 0,                 0
          0,        2941,           0,               -32,               -32,               -32,      -5.507198914,                 0,                 0,                 0,      -8.443879735,                 0,                 0
          0,        2942,           0,               -32,               -32,               -32,       -5.50952034,                 0,                 0,                 0,      -8.446201121,                 0,                 0
          0,        2943,           0,               -32,               -32,               -32,      -5.511841567,                 0,                 0,                 0,      -8.448522447,                 0,                 0
          0,        2944,           0,               -32,               -32,               -32,      -5.514162905,                 0,                 0,                 0,      -8.450843392,                 0,                 0
          0,        2945,           0,               -32,               -32,               -32,      -5.516484088,                 0,                 0,                 0,       -8.45316477,                 0,                 0
          0,        2946,           0,               -32,               -32,               -32,      -5.518805258,                 0,                 0,                 0,      -8.455486148,                 0,                 0
          0,        2947,           0,               -32,               -32,               -32,      -5.521126495,                 0,                 0,                 0,       -8.45780752,                 0,                 0
          0,        2948,           0,               -32,               -32,               -32,      -5.523448085,                 0,                 0,                 0,      -8.460128445,                 0,                 0
          0,        2949,           0,               -32,               -32,               -32,      -5.525769455,                 0,                 0,                 0,      -8.462449688,                 0,                 0
          0,        2950,           0,               -32,               -32,               -32,      -5.528090514,                 0,                 0,                 0,      -8.464770972,                 0,                 0
          0,        2951,           0,               -32,               -32,               -32,      -5.530411618,                 0,                 0,                 0,      -8.467092291,                 0,                 0
          0,        2952,           0,               -32,               -32,               -32,      -5.532732993,                 0,                 0,                 0,      -8.469413653,                 0,                 0
          0,        2953,           0,               -32,               -32,               -32,      -5.535054194,                 0,                 0,                 0,      -8.471734656,                 0,                 0
          0,        2954,           0,               -32,               -32,               -32,      -5.537375286,                 0,                 0,                 0,      -8.474056242,                 0,                 0
          0,        2955,           0,               -32,               -32,               -32,      -5.539696815,                 0,                 0,                 0,      -8.476377174,                 0,                 0
          0,        2956,           0,               -32,               -32,               -32,       -5.54201799,                 0,                 0,                 0,      -8.478698592,                 0,                 0
          0,        2957,           0,               -32,               -32,               -32,      -5.544339005,                 0,                 0,                 0,      -8.481019823,                 0,                 0
          0,        2958,           0,               -32,               -32,               -32,      -5.546660288,                 0,                 0,                 0,      -8.483340776,                 0,                 0
          0,        2959,           0,               -32,               -32,               -32,      -5.548981421,                 0,                 0,                 0,       -8.48566222,                 0,                 0
          0,        2960,           0,               -32,               -32,               -32,      -5.551302618,                 0,                 0,                 0,      -8.487983869,                 0,                 0
          0,        2961,           0,               -32,               -32,               -32,       -5.55362406,                 0,                 0,                 0,      -8.490304918,                 0,                 0
          0,        2962,           0,               -32,               -32,               -32,      -5.555945443,                 0,                 0,                 0,      -8.492626199,                 0,                 0
          0,        2963,           0,               -32,               -32,               -32,      -5.558266735,                 0,                 0,                 0,      -8.494947554,                 0,                 0
          0,        2964,           0,               -32,               -32,               -32,      -5.560588066,                 0,                 0,                 0,      -8.497268672,                 0,                 0
          0,        2965,           0,               -32,               -32,               -32,      -5.562909339,                 0,                 0,                 0,      -8.499589961,                 0,                 0
          0,        2966,           0,               -32,               -32,               -32,      -5.565230591,                 0,                 0,                 0,      -8.501911013,                 0,                 0
          0,        2967,           0,               -32,               -32,               -32,       -5.56755178,                 0,                 0,                 0,      -8.504232686,                 0,                 0
          0,        2968,           0,               -32,               -32,               -32,      -5.569873116,                 0,                 0,                 0,      -8.506553793,                 0,                 0
          0,        2969,           0,               -32,               -32,               -32,      -5.572194337,                 0,                 0,                 0,      -8.508875084,                 0,                 0
          0,        2970,           0,               -32,               -32,               -32,       -5.57451571,                 0,                 0,                 0,      -8.511196142,                 0,                 0
          0,        2971,           0,               -32,               -32,               -32,      -5.576836887,                 0,                 0,                 0,      -8.513517658,                 0,                 0
          0,        2972,           0,               -32,               -32,               -32,      -5.579158254,                 0,                 0,                 0,      -8.515838785,                 0,                 0
          0,        2973,           0,               -32,               -32,               -32,      -5.581479336,                 0,                 0,                 0,       -8.51815996,                 0,                 0
          0,        2974,           0,               -32,               -32,               -32,      -5.583800522,                 0,                 0,                 0,      -8.520481276,                 0,                 0
          0,        2975,           0,               -32,               -32,               -32,      -5.586121769,                 0,                 0,                 0,       -8.52280253,                 0,                 0
          0,        2976,           0,               -32,               -32,               -32,      -5.588442992,                 0,                 0,                 0,      -8.525123516,                 0,                 0
          0,        2977,           0,               -32,               -32,               -32,      -5.590764086,                 0,                 0,                 0,      -8.527444843,                 0,                 0
          0,        2978,           0,               -32,               -32,               -32,      -5.593085578,                 0,                 0,                 0,       -8.52976634,                 0,                 0
          0,        2979,           0,               -32,               -32,               -32,      -5.595406912,                 0,                 0,                 0,      -8.532087835,                 0,                 0
          0,        2980,           0,               -32,               -32,               -32,      -5.597728226,                 0,                 0,                 0,      -8.534408932,                 0,                 0
          0,        2981,           0,               -32,               -32,               -32,      -5.600049563,                 0,                 0,                 0,      -8.536730046,                 0,                 0
          0,        2982,           0,               -32,               -32,               -32,      -5.602370785,                 0,                 0,                 0,      -8.539051285,                 0,                 0
          0,        2983,           0,               -32,               -32,               -32,       -5.60469215,                 0,                 0,                 0,      -8.541372383,                 0,                 0
          0,        2984,           0,               -32,               -32,               -32,      -5.607013347,                 0,                 0,                 0,      -8.543693862,                 0,                 0
          0,        2985,           0,               -32,               -32,               -32,      -5.609334329,                 0,                 0,                 0,       -8.54601521,                 0,                 0
          0,        2986,           0,               -32,               -32,               -32,      -5.611655721,                 0,                 0,                 0,      -8.548336098,                 0,                 0
          0,        2987,           0,               -32,               -32,               -32,      -5.613976841,                 0,                 0,                 0,      -8.550657138,                 0,                 0
          0,        2988,           0,               -32,               -32,               -32,       -5.61629804,                 0,                 0,                 0,      -8.552978579,                 0,                 0
          0,        2989,           0,               -32,               -32,               -32,       -5.61861953,                 0,                 0,                 0,      -8.555299783,                 0,                 0
          0,        2990,           0,               -32,               -32,               -32,      -5.620940631,                 0,                 0,                 0,      -8.557621232,                 0,                 0
          0,        2991,           0,               -32,               -32,               -32,      -5.623261639,                 0,                 0,                 0,      -8.559942787,                 0,                 0
          0,        2992,           0,               -32,               -32,               -32,      -5.625582921,                 0,                 0,                 0,      -8.562263852,                 0,                 0
          0,        2993,           0,               -32,               -32,               -32,      -5.627904286,                 0,                 0,                 0,      -8.564585014,                 0,                 0
          0,        2994,           0,               -32,               -32,               -32,      -5.630225487,                 0,                 0,                 0,      -8.566906344,                 0,                 0
          0,        2995,           0,               -32,               -32,               -32,      -5.632546742,                 0,                 0,                 0,      -8.569227461,                 0,                 0
          0,        2996,           0,               -32,               -32,               -32,      -5.634868038,                 0,                 0,                 0,      -8.571548801,                 0,                 0
          0,        2997,           0,               -32,               -32,               -32,      -5.637189203,                 0,                 0,                 0,      -8.573870215,                 0,                 0
          0,        2998,           0,               -32,               -32,               -32,      -5.639510665,                 0,                 0,                 0,      -8.576190917,                 0,                 0
          0,        2999,           0,               -32,               -32,               -32,      -5.641831657,                 0,                 0,                 0,      -8.578512808,                 0,                 0
