Step , TotalTime , T , P , Ux , Uy , Uz
1 , 0 , 1000 , 70.0897 , 0 , 0 , 0
2 , 0 , 1000 , 84.1186 , 0 , 0 , 0
3 , 0 , 1000 , 99.994 , 0 , 0 , 0
4 , 0 , 1000 , 117.716 , 0 , 0 , 0
5 , 0 , 1000 , 137.23 , 0 , 0 , 0
6 , 0 , 1000 , 158.433 , 0 , 0 , 0
7 , 0 , 1000 , 181.186 , 0 , 0 , 0
8 , 0 , 1000 , 205.316 , 0 , 0 , 0
9 , 0 , 1000 , 230.629 , 0 , 0 , 0
10 , 0 , 1000 , 256.916 , 0 , 0 , 0
11 , 0 , 1000 , 283.964 , 0 , 0 , 0
12 , 0 , 1000 , 311.561 , 0 , 0 , 0
13 , 0 , 1000 , 339.508 , 0 , 0 , 0
14 , 0 , 1000 , 367.616 , 0 , 0 , 0
15 , 0 , 1000 , 395.714 , 0 , 0 , 0
16 , 0 , 1000 , 423.651 , 0 , 0 , 0
17 , 0 , 1000 , 451.292 , 0 , 0 , 0
18 , 0 , 1000 , 478.524 , 0 , 0 , 0
19 , 0 , 1000 , 505.248 , 0 , 0 , 0
20 , 0 , 1000 , 531.384 , 0 , 0 , 0
21 , 0 , 1000 , 556.868 , 0 , 0 , 0
22 , 0 , 1000 , 581.646 , 0 , 0 , 0
23 , 0 , 1000 , 605.679 , 0 , 0 , 0
24 , 0 , 1000 , 628.938 , 0 , 0 , 0
25 , 0 , 1000 , 651.402 , 0 , 0 , 0
26 , 0 , 1000 , 673.058 , 0 , 0 , 0
27 , 0 , 1000 , 693.901 , 0 , 0 , 0
28 , 0 , 1000 , 713.932 , 0 , 0 , 0
29 , 0 , 1000 , 733.153 , 0 , 0 , 0
30 , 0 , 1000 , 751.574 , 0 , 0 , 0
31 , 0 , 1000 , 769.208 , 0 , 0 , 0
32 , 0 , 1000 , 786.068 , 0 , 0 , 0
33 , 0 , 1000 , 802.171 , 0 , 0 , 0
34 , 0 , 1000 , 817.537 , 0 , 0 , 0
35 , 0 , 1000 , 832.184 , 0 , 0 , 0
36 , 0 , 1000 , 846.135 , 0 , 0 , 0
37 , 0 , 1000 , 859.409 , 0 , 0 , 0
38 , 0 , 1000 , 872.031 , 0 , 0 , 0
39 , 0 , 1000 , 884.021 , 0 , 0 , 0
40 , 0 , 1000 , 895.403 , 0 , 0 , 0
41 , 0 , 1000 , 906.2 , 0 , 0 , 0
42 , 0 , 1000 , 916.433 , 0 , 0 , 0
43 , 0 , 1000 , 926.126 , 0 , 0 , 0
44 , 0 , 1000 , 935.299 , 0 , 0 , 0
45 , 0 , 1000 , 943.976 , 0 , 0 , 0
46 , 0 , 1000 , 952.175 , 0 , 0 , 0
47 , 0 , 1000 , 959.919 , 0 , 0 , 0
48 , 0 , 1000 , 967.227 , 0 , 0 , 0
49 , 0 , 1000 , 974.12 , 0 , 0 , 0
50 , 0 , 1000 , 980.614 , 0 , 0 , 0
51 , 0 , 1000 , 986.73 , 0 , 0 , 0
52 , 0 , 1000 , 992.485 , 0 , 0 , 0
53 , 0 , 1000 , 997.896 , 0 , 0 , 0
54 , 0 , 1000 , 1002.98 , 0 , 0 , 0
55 , 0 , 1000 , 1007.75 , 0 , 0 , 0
56 , 0 , 1000 , 1012.23 , 0 , 0 , 0
57 , 0 , 1000 , 1016.42 , 0 , 0 , 0
58 , 0 , 1000 , 1020.35 , 0 , 0 , 0
59 , 0 , 1000 , 1024.03 , 0 , 0 , 0
60 , 0 , 1000 , 1027.46 , 0 , 0 , 0
61 , 0 , 1000 , 1030.67 , 0 , 0 , 0
62 , 0 , 1000 , 1033.67 , 0 , 0 , 0
63 , 0 , 1000 , 1036.46 , 0 , 0 , 0
64 , 0 , 1000 , 1039.05 , 0 , 0 , 0
65 , 0 , 1000 , 1041.47 , 0 , 0 , 0
66 , 0 , 1000 , 1043.71 , 0 , 0 , 0
67 , 0 , 1000 , 1045.79 , 0 , 0 , 0
68 , 0 , 1000 , 1047.72 , 0 , 0 , 0
69 , 0 , 1000 , 1049.51 , 0 , 0 , 0
70 , 0 , 1000 , 1051.15 , 0 , 0 , 0
71 , 0 , 1000 , 1052.67 , 0 , 0 , 0
72 , 0 , 1000 , 1054.07 , 0 , 0 , 0
73 , 0 , 1000 , 1055.36 , 0 , 0 , 0
74 , 0 , 1000 , 1056.54 , 0 , 0 , 0
75 , 0 , 1000 , 1057.62 , 0 , 0 , 0
76 , 0 , 1000 , 1058.6 , 0 , 0 , 0
77 , 0 , 1000 , 1059.5 , 0 , 0 , 0
78 , 0 , 1000 , 1060.32 , 0 , 0 , 0
79 , 0 , 1000 , 1061.05 , 0 , 0 , 0
80 , 0 , 1000 , 1061.72 , 0 , 0 , 0
81 , 0 , 1000 , 1062.32 , 0 , 0 , 0
82 , 0 , 1000 , 1062.86 , 0 , 0 , 0
83 , 0 , 1000 , 1063.33 , 0 , 0 , 0
84 , 0 , 1000 , 1063.76 , 0 , 0 , 0
85 , 0 , 1000 , 1064.13 , 0 , 0 , 0
86 , 0 , 1000 , 1064.45 , 0 , 0 , 0
87 , 0 , 1000 , 1064.74 , 0 , 0 , 0
88 , 0 , 1000 , 1064.98 , 0 , 0 , 0
89 , 0 , 1000 , 1065.18 , 0 , 0 , 0
90 , 0 , 1000 , 1065.35 , 0 , 0 , 0
91 , 0 , 1000 , 1065.49 , 0 , 0 , 0
92 , 0 , 1000 , 1065.59 , 0 , 0 , 0
93 , 0 , 1000 , 1065.68 , 0 , 0 , 0
94 , 0 , 1000 , 1065.73 , 0 , 0 , 0
95 , 0 , 1000 , 1065.77 , 0 , 0 , 0
96 , 0 , 1000 , 1065.78 , 0 , 0 , 0
97 , 0 , 1000 , 1065.78 , 0 , 0 , 0
98 , 0 , 1000 , 1065.76 , 0 , 0 , 0
99 , 0 , 1000 , 1065.72 , 0 , 0 , 0
100 , 0 , 1000 , 1065.67 , 0 , 0 , 0
101 , 0 , 1000 , 1065.6 , 0 , 0 , 0
102 , 0 , 1000 , 1065.53 , 0 , 0 , 0
103 , 0 , 1000 , 1065.44 , 0 , 0 , 0
104 , 0 , 1000 , 1065.34 , 0 , 0 , 0
105 , 0 , 1000 , 1065.24 , 0 , 0 , 0
106 , 0 , 1000 , 1065.12 , 0 , 0 , 0
107 , 0 , 1000 , 1065 , 0 , 0 , 0
108 , 0 , 1000 , 1064.87 , 0 , 0 , 0
109 , 0 , 1000 , 1064.74 , 0 , 0 , 0
110 , 0 , 1000 , 1064.6 , 0 , 0 , 0
111 , 0 , 1000 , 1064.45 , 0 , 0 , 0
112 , 0 , 1000 , 1064.3 , 0 , 0 , 0
113 , 0 , 1000 , 1064.15 , 0 , 0 , 0
114 , 0 , 1000 , 1063.99 , 0 , 0 , 0
115 , 0 , 1000 , 1063.83 , 0 , 0 , 0
116 , 0 , 1000 , 1063.67 , 0 , 0 , 0
117 , 0 , 1000 , 1063.51 , 0 , 0 , 0
118 , 0 , 1000 , 1063.34 , 0 , 0 , 0
119 , 0 , 1000 , 1063.17 , 0 , 0 , 0
120 , 0 , 1000 , 1063 , 0 , 0 , 0
121 , 0 , 1000 , 1062.83 , 0 , 0 , 0
122 , 0 , 1000 , 1062.65 , 0 , 0 , 0
123 , 0 , 1000 , 1062.48 , 0 , 0 , 0
124 , 0 , 1000 , 1062.3 , 0 , 0 , 0
125 , 0 , 1000 , 1062.13 , 0 , 0 , 0
126 , 0 , 1000 , 1061.95 , 0 , 0 , 0
127 , 0 , 1000 , 1061.77 , 0 , 0 , 0
128 , 0 , 1000 , 1061.6 , 0 , 0 , 0
129 , 0 , 1000 , 1061.42 , 0 , 0 , 0
130 , 0 , 1000 , 1061.24 , 0 , 0 , 0
131 , 0 , 1000 , 1061.06 , 0 , 0 , 0
132 , 0 , 1000 , 1060.88 , 0 , 0 , 0
133 , 0 , 1000 , 1060.71 , 0 , 0 , 0
134 , 0 , 1000 , 1060.53 , 0 , 0 , 0
135 , 0 , 1000 , 1060.35 , 0 , 0 , 0
136 , 0 , 1000 , 1060.17 , 0 , 0 , 0
137 , 0 , 1000 , 1060 , 0 , 0 , 0
138 , 0 , 1000 , 1059.82 , 0 , 0 , 0
139 , 0 , 1000 , 1059.64 , 0 , 0 , 0
140 , 0 , 1000 , 1059.46 , 0 , 0 , 0
141 , 0 , 1000 , 1059.29 , 0 , 0 , 0
142 , 0 , 1000 , 1059.11 , 0 , 0 , 0
143 , 0 , 1000 , 1058.93 , 0 , 0 , 0
144 , 0 , 1000 , 1058.76 , 0 , 0 , 0
145 , 0 , 1000 , 1058.58 , 0 , 0 , 0
146 , 0 , 1000 , 1058.41 , 0 , 0 , 0
147 , 0 , 1000 , 1058.23 , 0 , 0 , 0
148 , 0 , 1000 , 1058.06 , 0 , 0 , 0
149 , 0 , 1000 , 1057.88 , 0 , 0 , 0
150 , 0 , 1000 , 1057.71 , 0 , 0 , 0
151 , 0 , 1000 , 1057.53 , 0 , 0 , 0
152 , 0 , 1000 , 1057.36 , 0 , 0 , 0
153 , 0 , 1000 , 1057.19 , 0 , 0 , 0
154 , 0 , 1000 , 1057.01 , 0 , 0 , 0
155 , 0 , 1000 , 1056.84 , 0 , 0 , 0
156 , 0 , 1000 , 1056.67 , 0 , 0 , 0
157 , 0 , 1000 , 1056.49 , 0 , 0 , 0
158 , 0 , 1000 , 1056.32 , 0 , 0 , 0
159 , 0 , 1000 , 1056.15 , 0 , 0 , 0
160 , 0 , 1000 , 1055.97 , 0 , 0 , 0
161 , 0 , 1000 , 1055.8 , 0 , 0 , 0
162 , 0 , 1000 , 1055.63 , 0 , 0 , 0
163 , 0 , 1000 , 1055.46 , 0 , 0 , 0
164 , 0 , 1000 , 1055.28 , 0 , 0 , 0
165 , 0 , 1000 , 1055.11 , 0 , 0 , 0
166 , 0 , 1000 , 1054.94 , 0 , 0 , 0
167 , 0 , 1000 , 1054.76 , 0 , 0 , 0
168 , 0 , 1000 , 1054.59 , 0 , 0 , 0
169 , 0 , 1000 , 1054.42 , 0 , 0 , 0
170 , 0 , 1000 , 1054.24 , 0 , 0 , 0
171 , 0 , 1000 , 1054.07 , 0 , 0 , 0
172 , 0 , 1000 , 1053.9 , 0 , 0 , 0
173 , 0 , 1000 , 1053.72 , 0 , 0 , 0
174 , 0 , 1000 , 1053.55 , 0 , 0 , 0
175 , 0 , 1000 , 1053.37 , 0 , 0 , 0
176 , 0 , 1000 , 1053.2 , 0 , 0 , 0
177 , 0 , 1000 , 1053.03 , 0 , 0 , 0
178 , 0 , 1000 , 1052.85 , 0 , 0 , 0
179 , 0 , 1000 , 1052.67 , 0 , 0 , 0
180 , 0 , 1000 , 1052.5 , 0 , 0 , 0
181 , 0 , 1000 , 1052.32 , 0 , 0 , 0
182 , 0 , 1000 , 1052.15 , 0 , 0 , 0
183 , 0 , 1000 , 1051.97 , 0 , 0 , 0
184 , 0 , 1000 , 1051.79 , 0 , 0 , 0
185 , 0 , 1000 , 1051.61 , 0 , 0 , 0
186 , 0 , 1000 , 1051.44 , 0 , 0 , 0
187 , 0 , 1000 , 1051.26 , 0 , 0 , 0
188 , 0 , 1000 , 1051.08 , 0 , 0 , 0
189 , 0 , 1000 , 1050.9 , 0 , 0 , 0
190 , 0 , 1000 , 1050.72 , 0 , 0 , 0
191 , 0 , 1000 , 1050.54 , 0 , 0 , 0
192 , 0 , 1000 , 1050.36 , 0 , 0 , 0
193 , 0 , 1000 , 1050.18 , 0 , 0 , 0
194 , 0 , 1000 , 1050 , 0 , 0 , 0
195 , 0 , 1000 , 1049.81 , 0 , 0 , 0
196 , 0 , 1000 , 1049.63 , 0 , 0 , 0
197 , 0 , 1000 , 1049.45 , 0 , 0 , 0
198 , 0 , 1000 , 1049.26 , 0 , 0 , 0
199 , 0 , 1000 , 1049.08 , 0 , 0 , 0
200 , 0 , 1000 , 1048.89 , 0 , 0 , 0
201 , 0 , 1000 , 1048.71 , 0 , 0 , 0
202 , 0 , 1000 , 1048.52 , 0 , 0 , 0
203 , 0 , 1000 , 1048.33 , 0 , 0 , 0
204 , 0 , 1000 , 1048.14 , 0 , 0 , 0
205 , 0 , 1000 , 1047.96 , 0 , 0 , 0
206 , 0 , 1000 , 1047.77 , 0 , 0 , 0
207 , 0 , 1000 , 1047.58 , 0 , 0 , 0
208 , 0 , 1000 , 1047.39 , 0 , 0 , 0
209 , 0 , 1000 , 1047.19 , 0 , 0 , 0
210 , 0 , 1000 , 1047 , 0 , 0 , 0
211 , 0 , 1000 , 1046.81 , 0 , 0 , 0
212 , 0 , 1000 , 1046.62 , 0 , 0 , 0
213 , 0 , 1000 , 1046.42 , 0 , 0 , 0
214 , 0 , 1000 , 1046.23 , 0 , 0 , 0
215 , 0 , 1000 , 1046.03 , 0 , 0 , 0
216 , 0 , 1000 , 1045.84 , 0 , 0 , 0
217 , 0 , 1000 , 1045.64 , 0 , 0 , 0
218 , 0 , 1000 , 1045.44 , 0 , 0 , 0
219 , 0 , 1000 , 1045.24 , 0 , 0 , 0
220 , 0 , 1000 , 1045.05 , 0 , 0 , 0
221 , 0 , 1000 , 1044.85 , 0 , 0 , 0
222 , 0 , 1000 , 1044.65 , 0 , 0 , 0
223 , 0 , 1000 , 1044.44 , 0 , 0 , 0
224 , 0 , 1000 , 1044.24 , 0 , 0 , 0
225 , 0 , 1000 , 1044.04 , 0 , 0 , 0
226 , 0 , 1000 , 1043.84 , 0 , 0 , 0
227 , 0 , 1000 , 1043.63 , 0 , 0 , 0
228 , 0 , 1000 , 1043.43 , 0 , 0 , 0
229 , 0 , 1000 , 1043.22 , 0 , 0 , 0
230 , 0 , 1000 , 1043.02 , 0 , 0 , 0
231 , 0 , 1000 , 1042.81 , 0 , 0 , 0
232 , 0 , 1000 , 1042.6 , 0 , 0 , 0
233 , 0 , 1000 , 1042.39 , 0 , 0 , 0
234 , 0 , 1000 , 1042.19 , 0 , 0 , 0
235 , 0 , 1000 , 1041.98 , 0 , 0 , 0
236 , 0 , 1000 , 1041.77 , 0 , 0 , 0
237 , 0 , 1000 , 1041.55 , 0 , 0 , 0
238 , 0 , 1000 , 1041.34 , 0 , 0 , 0
239 , 0 , 1000 , 1041.13 , 0 , 0 , 0
240 , 0 , 1000 , 1040.92 , 0 , 0 , 0
241 , 0 , 1000 , 1040.7 , 0 , 0 , 0
242 , 0 , 1000 , 1040.49 , 0 , 0 , 0
243 , 0 , 1000 , 1040.27 , 0 , 0 , 0
244 , 0 , 1000 , 1040.06 , 0 , 0 , 0
245 , 0 , 1000 , 1039.84 , 0 , 0 , 0
246 , 0 , 1000 , 1039.62 , 0 , 0 , 0
247 , 0 , 1000 , 1039.4 , 0 , 0 , 0
248 , 0 , 1000 , 1039.19 , 0 , 0 , 0
249 , 0 , 1000 , 1038.97 , 0 , 0 , 0
250 , 0 , 1000 , 1038.75 , 0 , 0 , 0
251 , 0 , 1000 , 1038.52 , 0 , 0 , 0
252 , 0 , 1000 , 1038.3 , 0 , 0 , 0
253 , 0 , 1000 , 1038.08 , 0 , 0 , 0
254 , 0 , 1000 , 1037.86 , 0 , 0 , 0
255 , 0 , 1000 , 1037.63 , 0 , 0 , 0
256 , 0 , 1000 , 1037.41 , 0 , 0 , 0
257 , 0 , 1000 , 1037.18 , 0 , 0 , 0
258 , 0 , 1000 , 1036.96 , 0 , 0 , 0
259 , 0 , 1000 , 1036.73 , 0 , 0 , 0
260 , 0 , 1000 , 1036.51 , 0 , 0 , 0
261 , 0 , 1000 , 1036.28 , 0 , 0 , 0
262 , 0 , 1000 , 1036.05 , 0 , 0 , 0
263 , 0 , 1000 , 1035.82 , 0 , 0 , 0
264 , 0 , 1000 , 1035.59 , 0 , 0 , 0
265 , 0 , 1000 , 1035.36 , 0 , 0 , 0
266 , 0 , 1000 , 1035.13 , 0 , 0 , 0
267 , 0 , 1000 , 1034.9 , 0 , 0 , 0
268 , 0 , 1000 , 1034.67 , 0 , 0 , 0
269 , 0 , 1000 , 1034.44 , 0 , 0 , 0
270 , 0 , 1000 , 1034.2 , 0 , 0 , 0
271 , 0 , 1000 , 1033.97 , 0 , 0 , 0
272 , 0 , 1000 , 1033.73 , 0 , 0 , 0
273 , 0 , 1000 , 1033.5 , 0 , 0 , 0
274 , 0 , 1000 , 1033.27 , 0 , 0 , 0
275 , 0 , 1000 , 1033.03 , 0 , 0 , 0
276 , 0 , 1000 , 1032.79 , 0 , 0 , 0
277 , 0 , 1000 , 1032.56 , 0 , 0 , 0
278 , 0 , 1000 , 1032.32 , 0 , 0 , 0
279 , 0 , 1000 , 1032.08 , 0 , 0 , 0
280 , 0 , 1000 , 1031.84 , 0 , 0 , 0
281 , 0 , 1000 , 1031.6 , 0 , 0 , 0
282 , 0 , 1000 , 1031.36 , 0 , 0 , 0
283 , 0 , 1000 , 1031.12 , 0 , 0 , 0
284 , 0 , 1000 , 1030.88 , 0 , 0 , 0
285 , 0 , 1000 , 1030.64 , 0 , 0 , 0
286 , 0 , 1000 , 1030.4 , 0 , 0 , 0
287 , 0 , 1000 , 1030.16 , 0 , 0 , 0
288 , 0 , 1000 , 1029.91 , 0 , 0 , 0
289 , 0 , 1000 , 1029.67 , 0 , 0 , 0
290 , 0 , 1000 , 1029.43 , 0 , 0 , 0
291 , 0 , 1000 , 1029.18 , 0 , 0 , 0
292 , 0 , 1000 , 1028.94 , 0 , 0 , 0
293 , 0 , 1000 , 1028.69 , 0 , 0 , 0
294 , 0 , 1000 , 1028.45 , 0 , 0 , 0
295 , 0 , 1000 , 1028.2 , 0 , 0 , 0
296 , 0 , 1000 , 1027.96 , 0 , 0 , 0
297 , 0 , 1000 , 1027.71 , 0 , 0 , 0
298 , 0 , 1000 , 1027.46 , 0 , 0 , 0
299 , 0 , 1000 , 1027.21 , 0 , 0 , 0
300 , 0 , 1000 , 1026.97 , 0 , 0 , 0
301 , 0 , 1000 , 1026.72 , 0 , 0 , 0
302 , 0 , 1000 , 1026.47 , 0 , 0 , 0
303 , 0 , 1000 , 1026.22 , 0 , 0 , 0
304 , 0 , 1000 , 1025.97 , 0 , 0 , 0
305 , 0 , 1000 , 1025.72 , 0 , 0 , 0
306 , 0 , 1000 , 1025.47 , 0 , 0 , 0
307 , 0 , 1000 , 1025.22 , 0 , 0 , 0
308 , 0 , 1000 , 1024.97 , 0 , 0 , 0
309 , 0 , 1000 , 1024.72 , 0 , 0 , 0
310 , 0 , 1000 , 1024.46 , 0 , 0 , 0
311 , 0 , 1000 , 1024.21 , 0 , 0 , 0
312 , 0 , 1000 , 1023.96 , 0 , 0 , 0
313 , 0 , 1000 , 1023.71 , 0 , 0 , 0
314 , 0 , 1000 , 1023.45 , 0 , 0 , 0
315 , 0 , 1000 , 1023.2 , 0 , 0 , 0
316 , 0 , 1000 , 1022.94 , 0 , 0 , 0
317 , 0 , 1000 , 1022.69 , 0 , 0 , 0
318 , 0 , 1000 , 1022.44 , 0 , 0 , 0
319 , 0 , 1000 , 1022.18 , 0 , 0 , 0
320 , 0 , 1000 , 1021.93 , 0 , 0 , 0
321 , 0 , 1000 , 1021.67 , 0 , 0 , 0
322 , 0 , 1000 , 1021.41 , 0 , 0 , 0
323 , 0 , 1000 , 1021.16 , 0 , 0 , 0
324 , 0 , 1000 , 1020.9 , 0 , 0 , 0
325 , 0 , 1000 , 1020.65 , 0 , 0 , 0
326 , 0 , 1000 , 1020.39 , 0 , 0 , 0
327 , 0 , 1000 , 1020.13 , 0 , 0 , 0
328 , 0 , 1000 , 1019.87 , 0 , 0 , 0
329 , 0 , 1000 , 1019.62 , 0 , 0 , 0
330 , 0 , 1000 , 1019.36 , 0 , 0 , 0
331 , 0 , 1000 , 1019.1 , 0 , 0 , 0
332 , 0 , 1000 , 1018.84 , 0 , 0 , 0
333 , 0 , 1000 , 1018.58 , 0 , 0 , 0
334 , 0 , 1000 , 1018.32 , 0 , 0 , 0
335 , 0 , 1000 , 1018.06 , 0 , 0 , 0
336 , 0 , 1000 , 1017.81 , 0 , 0 , 0
337 , 0 , 1000 , 1017.55 , 0 , 0 , 0
338 , 0 , 1000 , 1017.29 , 0 , 0 , 0
339 , 0 , 1000 , 1017.03 , 0 , 0 , 0
340 , 0 , 1000 , 1016.77 , 0 , 0 , 0
341 , 0 , 1000 , 1016.51 , 0 , 0 , 0
342 , 0 , 1000 , 1016.25 , 0 , 0 , 0
343 , 0 , 1000 , 1015.98 , 0 , 0 , 0
344 , 0 , 1000 , 1015.72 , 0 , 0 , 0
345 , 0 , 1000 , 1015.46 , 0 , 0 , 0
346 , 0 , 1000 , 1015.2 , 0 , 0 , 0
347 , 0 , 1000 , 1014.94 , 0 , 0 , 0
348 , 0 , 1000 , 1014.68 , 0 , 0 , 0
349 , 0 , 1000 , 1014.42 , 0 , 0 , 0
350 , 0 , 1000 , 1014.16 , 0 , 0 , 0
351 , 0 , 1000 , 1013.89 , 0 , 0 , 0
352 , 0 , 1000 , 1013.63 , 0 , 0 , 0
353 , 0 , 1000 , 1013.37 , 0 , 0 , 0
354 , 0 , 1000 , 1013.11 , 0 , 0 , 0
355 , 0 , 1000 , 1012.84 , 0 , 0 , 0
356 , 0 , 1000 , 1012.58 , 0 , 0 , 0
357 , 0 , 1000 , 1012.32 , 0 , 0 , 0
358 , 0 , 1000 , 1012.05 , 0 , 0 , 0
359 , 0 , 1000 , 1011.79 , 0 , 0 , 0
360 , 0 , 1000 , 1011.53 , 0 , 0 , 0
361 , 0 , 1000 , 1011.27 , 0 , 0 , 0
362 , 0 , 1000 , 1011 , 0 , 0 , 0
363 , 0 , 1000 , 1010.74 , 0 , 0 , 0
364 , 0 , 1000 , 1010.47 , 0 , 0 , 0
365 , 0 , 1000 , 1010.21 , 0 , 0 , 0
366 , 0 , 1000 , 1009.95 , 0 , 0 , 0
367 , 0 , 1000 , 1009.68 , 0 , 0 , 0
368 , 0 , 1000 , 1009.42 , 0 , 0 , 0
369 , 0 , 1000 , 1009.16 , 0 , 0 , 0
370 , 0 , 1000 , 1008.89 , 0 , 0 , 0
371 , 0 , 1000 , 1008.63 , 0 , 0 , 0
372 , 0 , 1000 , 1008.36 , 0 , 0 , 0
373 , 0 , 1000 , 1008.1 , 0 , 0 , 0
374 , 0 , 1000 , 1007.83 , 0 , 0 , 0
375 , 0 , 1000 , 1007.57 , 0 , 0 , 0
376 , 0 , 1000 , 1007.31 , 0 , 0 , 0
377 , 0 , 1000 , 1007.04 , 0 , 0 , 0
378 , 0 , 1000 , 1006.78 , 0 , 0 , 0
379 , 0 , 1000 , 1006.51 , 0 , 0 , 0
380 , 0 , 1000 , 1006.25 , 0 , 0 , 0
381 , 0 , 1000 , 1005.98 , 0 , 0 , 0
382 , 0 , 1000 , 1005.72 , 0 , 0 , 0
383 , 0 , 1000 , 1005.45 , 0 , 0 , 0
384 , 0 , 1000 , 1005.19 , 0 , 0 , 0
385 , 0 , 1000 , 1004.92 , 0 , 0 , 0
386 , 0 , 1000 , 1004.66 , 0 , 0 , 0
387 , 0 , 1000 , 1004.39 , 0 , 0 , 0
388 , 0 , 1000 , 1004.13 , 0 , 0 , 0
389 , 0 , 1000 , 1003.86 , 0 , 0 , 0
390 , 0 , 1000 , 1003.6 , 0 , 0 , 0
391 , 0 , 1000 , 1003.33 , 0 , 0 , 0
392 , 0 , 1000 , 1003.07 , 0 , 0 , 0
393 , 0 , 1000 , 1002.8 , 0 , 0 , 0
394 , 0 , 1000 , 1002.54 , 0 , 0 , 0
395 , 0 , 1000 , 1002.27 , 0 , 0 , 0
396 , 0 , 1000 , 1002.01 , 0 , 0 , 0
397 , 0 , 1000 , 1001.74 , 0 , 0 , 0
398 , 0 , 1000 , 1001.48 , 0 , 0 , 0
399 , 0 , 1000 , 1001.21 , 0 , 0 , 0
400 , 0 , 1000 , 1000.95 , 0 , 0 , 0
401 , 0 , 1000 , 1000.68 , 0 , 0 , 0
402 , 0 , 1000 , 1000.42 , 0 , 0 , 0
403 , 0 , 1000 , 1000.16 , 0 , 0 , 0
404 , 0 , 1000 , 999.89 , 0 , 0 , 0
405 , 0 , 1000 , 999.626 , 0 , 0 , 0
406 , 0 , 1000 , 999.361 , 0 , 0 , 0
407 , 0 , 1000 , 999.096 , 0 , 0 , 0
408 , 0 , 1000 , 998.831 , 0 , 0 , 0
409 , 0 , 1000 , 998.567 , 0 , 0 , 0
410 , 0 , 1000 , 998.302 , 0 , 0 , 0
411 , 0 , 1000 , 998.037 , 0 , 0 , 0
412 , 0 , 1000 , 997.773 , 0 , 0 , 0
413 , 0 , 1000 , 997.508 , 0 , 0 , 0
414 , 0 , 1000 , 997.244 , 0 , 0 , 0
415 , 0 , 1000 , 996.979 , 0 , 0 , 0
416 , 0 , 1000 , 996.715 , 0 , 0 , 0
417 , 0 , 1000 , 996.45 , 0 , 0 , 0
418 , 0 , 1000 , 996.186 , 0 , 0 , 0
419 , 0 , 1000 , 995.922 , 0 , 0 , 0
420 , 0 , 1000 , 995.657 , 0 , 0 , 0
421 , 0 , 1000 , 995.393 , 0 , 0 , 0
422 , 0 , 1000 , 995.129 , 0 , 0 , 0
423 , 0 , 1000 , 994.865 , 0 , 0 , 0
424 , 0 , 1000 , 994.601 , 0 , 0 , 0
425 , 0 , 1000 , 994.337 , 0 , 0 , 0
426 , 0 , 1000 , 994.073 , 0 , 0 , 0
427 , 0 , 1000 , 993.809 , 0 , 0 , 0
428 , 0 , 1000 , 993.545 , 0 , 0 , 0
429 , 0 , 1000 , 993.281 , 0 , 0 , 0
430 , 0 , 1000 , 993.018 , 0 , 0 , 0
431 , 0 , 1000 , 992.754 , 0 , 0 , 0
432 , 0 , 1000 , 992.49 , 0 , 0 , 0
433 , 0 , 1000 , 992.227 , 0 , 0 , 0
434 , 0 , 1000 , 991.963 , 0 , 0 , 0
435 , 0 , 1000 , 991.7 , 0 , 0 , 0
436 , 0 , 1000 , 991.437 , 0 , 0 , 0
437 , 0 , 1000 , 991.173 , 0 , 0 , 0
438 , 0 , 1000 , 990.91 , 0 , 0 , 0
439 , 0 , 1000 , 990.647 , 0 , 0 , 0
440 , 0 , 1000 , 990.384 , 0 , 0 , 0
441 , 0 , 1000 , 990.121 , 0 , 0 , 0
442 , 0 , 1000 , 989.858 , 0 , 0 , 0
443 , 0 , 1000 , 989.596 , 0 , 0 , 0
444 , 0 , 1000 , 989.333 , 0 , 0 , 0
445 , 0 , 1000 , 989.07 , 0 , 0 , 0
446 , 0 , 1000 , 988.808 , 0 , 0 , 0
447 , 0 , 1000 , 988.545 , 0 , 0 , 0
448 , 0 , 1000 , 988.283 , 0 , 0 , 0
449 , 0 , 1000 , 988.021 , 0 , 0 , 0
450 , 0 , 1000 , 987.759 , 0 , 0 , 0
451 , 0 , 1000 , 987.497 , 0 , 0 , 0
452 , 0 , 1000 , 987.235 , 0 , 0 , 0
453 , 0 , 1000 , 986.973 , 0 , 0 , 0
454 , 0 , 1000 , 986.711 , 0 , 0 , 0
455 , 0 , 1000 , 986.449 , 0 , 0 , 0
456 , 0 , 1000 , 986.187 , 0 , 0 , 0
457 , 0 , 1000 , 985.926 , 0 , 0 , 0
458 , 0 , 1000 , 985.664 , 0 , 0 , 0
459 , 0 , 1000 , 985.403 , 0 , 0 , 0
460 , 0 , 1000 , 985.142 , 0 , 0 , 0
461 , 0 , 1000 , 984.88 , 0 , 0 , 0
462 , 0 , 1000 , 984.619 , 0 , 0 , 0
463 , 0 , 1000 , 984.358 , 0 , 0 , 0
464 , 0 , 1000 , 984.098 , 0 , 0 , 0
465 , 0 , 1000 , 983.837 , 0 , 0 , 0
466 , 0 , 1000 , 983.576 , 0 , 0 , 0
467 , 0 , 1000 , 983.315 , 0 , 0 , 0
468 , 0 , 1000 , 983.055 , 0 , 0 , 0
469 , 0 , 1000 , 982.795 , 0 , 0 , 0
470 , 0 , 1000 , 982.534 , 0 , 0 , 0
471 , 0 , 1000 , 982.274 , 0 , 0 , 0
472 , 0 , 1000 , 982.014 , 0 , 0 , 0
473 , 0 , 1000 , 981.754 , 0 , 0 , 0
474 , 0 , 1000 , 981.494 , 0 , 0 , 0
475 , 0 , 1000 , 981.234 , 0 , 0 , 0
476 , 0 , 1000 , 980.975 , 0 , 0 , 0
477 , 0 , 1000 , 980.715 , 0 , 0 , 0
478 , 0 , 1000 , 980.456 , 0 , 0 , 0
479 , 0 , 1000 , 980.196 , 0 , 0 , 0
480 , 0 , 1000 , 979.937 , 0 , 0 , 0
481 , 0 , 1000 , 979.678 , 0 , 0 , 0
482 , 0 , 1000 , 979.419 , 0 , 0 , 0
483 , 0 , 1000 , 979.16 , 0 , 0 , 0
484 , 0 , 1000 , 978.901 , 0 , 0 , 0
485 , 0 , 1000 , 978.643 , 0 , 0 , 0
486 , 0 , 1000 , 978.384 , 0 , 0 , 0
487 , 0 , 1000 , 978.125 , 0 , 0 , 0
488 , 0 , 1000 , 977.867 , 0 , 0 , 0
489 , 0 , 1000 , 977.609 , 0 , 0 , 0
490 , 0 , 1000 , 977.351 , 0 , 0 , 0
491 , 0 , 1000 , 977.093 , 0 , 0 , 0
492 , 0 , 1000 , 976.835 , 0 , 0 , 0
493 , 0 , 1000 , 976.577 , 0 , 0 , 0
494 , 0 , 1000 , 976.319 , 0 , 0 , 0
495 , 0 , 1000 , 976.062 , 0 , 0 , 0
496 , 0 , 1000 , 975.804 , 0 , 0 , 0
497 , 0 , 1000 , 975.547 , 0 , 0 , 0
498 , 0 , 1000 , 975.29 , 0 , 0 , 0
499 , 0 , 1000 , 975.032 , 0 , 0 , 0
500 , 0 , 1000 , 974.775 , 0 , 0 , 0
501 , 0 , 1000 , 974.518 , 0 , 0 , 0
502 , 0 , 1000 , 974.262 , 0 , 0 , 0
503 , 0 , 1000 , 974.005 , 0 , 0 , 0
504 , 0 , 1000 , 973.749 , 0 , 0 , 0
505 , 0 , 1000 , 973.492 , 0 , 0 , 0
506 , 0 , 1000 , 973.236 , 0 , 0 , 0
507 , 0 , 1000 , 972.98 , 0 , 0 , 0
508 , 0 , 1000 , 972.724 , 0 , 0 , 0
509 , 0 , 1000 , 972.468 , 0 , 0 , 0
510 , 0 , 1000 , 972.212 , 0 , 0 , 0
511 , 0 , 1000 , 971.956 , 0 , 0 , 0
512 , 0 , 1000 , 971.701 , 0 , 0 , 0
513 , 0 , 1000 , 971.445 , 0 , 0 , 0
514 , 0 , 1000 , 971.19 , 0 , 0 , 0
515 , 0 , 1000 , 970.935 , 0 , 0 , 0
516 , 0 , 1000 , 970.68 , 0 , 0 , 0
517 , 0 , 1000 , 970.425 , 0 , 0 , 0
518 , 0 , 1000 , 970.17 , 0 , 0 , 0
519 , 0 , 1000 , 969.915 , 0 , 0 , 0
520 , 0 , 1000 , 969.66 , 0 , 0 , 0
521 , 0 , 1000 , 969.406 , 0 , 0 , 0
522 , 0 , 1000 , 969.152 , 0 , 0 , 0
523 , 0 , 1000 , 968.897 , 0 , 0 , 0
524 , 0 , 1000 , 968.643 , 0 , 0 , 0
525 , 0 , 1000 , 968.389 , 0 , 0 , 0
526 , 0 , 1000 , 968.136 , 0 , 0 , 0
527 , 0 , 1000 , 967.882 , 0 , 0 , 0
528 , 0 , 1000 , 967.628 , 0 , 0 , 0
529 , 0 , 1000 , 967.375 , 0 , 0 , 0
530 , 0 , 1000 , 967.121 , 0 , 0 , 0
531 , 0 , 1000 , 966.868 , 0 , 0 , 0
532 , 0 , 1000 , 966.615 , 0 , 0 , 0
533 , 0 , 1000 , 966.362 , 0 , 0 , 0
534 , 0 , 1000 , 966.109 , 0 , 0 , 0
535 , 0 , 1000 , 965.857 , 0 , 0 , 0
536 , 0 , 1000 , 965.604 , 0 , 0 , 0
537 , 0 , 1000 , 965.352 , 0 , 0 , 0
538 , 0 , 1000 , 965.099 , 0 , 0 , 0
539 , 0 , 1000 , 964.847 , 0 , 0 , 0
540 , 0 , 1000 , 964.595 , 0 , 0 , 0
541 , 0 , 1000 , 964.343 , 0 , 0 , 0
542 , 0 , 1000 , 964.092 , 0 , 0 , 0
543 , 0 , 1000 , 963.84 , 0 , 0 , 0
544 , 0 , 1000 , 963.589 , 0 , 0 , 0
545 , 0 , 1000 , 963.337 , 0 , 0 , 0
546 , 0 , 1000 , 963.086 , 0 , 0 , 0
547 , 0 , 1000 , 962.835 , 0 , 0 , 0
548 , 0 , 1000 , 962.584 , 0 , 0 , 0
549 , 0 , 1000 , 962.333 , 0 , 0 , 0
550 , 0 , 1000 , 962.083 , 0 , 0 , 0
551 , 0 , 1000 , 961.832 , 0 , 0 , 0
552 , 0 , 1000 , 961.582 , 0 , 0 , 0
553 , 0 , 1000 , 961.331 , 0 , 0 , 0
554 , 0 , 1000 , 961.081 , 0 , 0 , 0
555 , 0 , 1000 , 960.831 , 0 , 0 , 0
556 , 0 , 1000 , 960.581 , 0 , 0 , 0
557 , 0 , 1000 , 960.332 , 0 , 0 , 0
558 , 0 , 1000 , 960.082 , 0 , 0 , 0
559 , 0 , 1000 , 959.833 , 0 , 0 , 0
560 , 0 , 1000 , 959.583 , 0 , 0 , 0
561 , 0 , 1000 , 959.334 , 0 , 0 , 0
562 , 0 , 1000 , 959.085 , 0 , 0 , 0
563 , 0 , 1000 , 958.836 , 0 , 0 , 0
564 , 0 , 1000 , 958.587 , 0 , 0 , 0
565 , 0 , 1000 , 958.339 , 0 , 0 , 0
566 , 0 , 1000 , 958.09 , 0 , 0 , 0
567 , 0 , 1000 , 957.842 , 0 , 0 , 0
568 , 0 , 1000 , 957.593 , 0 , 0 , 0
569 , 0 , 1000 , 957.345 , 0 , 0 , 0
570 , 0 , 1000 , 957.097 , 0 , 0 , 0
571 , 0 , 1000 , 956.85 , 0 , 0 , 0
572 , 0 , 1000 , 956.602 , 0 , 0 , 0
573 , 0 , 1000 , 956.354 , 0 , 0 , 0
574 , 0 , 1000 , 956.107 , 0 , 0 , 0
575 , 0 , 1000 , 955.86 , 0 , 0 , 0
576 , 0 , 1000 , 955.613 , 0 , 0 , 0
577 , 0 , 1000 , 955.366 , 0 , 0 , 0
578 , 0 , 1000 , 955.119 , 0 , 0 , 0
579 , 0 , 1000 , 954.872 , 0 , 0 , 0
580 , 0 , 1000 , 954.626 , 0 , 0 , 0
581 , 0 , 1000 , 954.38 , 0 , 0 , 0
582 , 0 , 1000 , 954.133 , 0 , 0 , 0
583 , 0 , 1000 , 953.887 , 0 , 0 , 0
584 , 0 , 1000 , 953.641 , 0 , 0 , 0
585 , 0 , 1000 , 953.396 , 0 , 0 , 0
586 , 0 , 1000 , 953.15 , 0 , 0 , 0
587 , 0 , 1000 , 952.904 , 0 , 0 , 0
588 , 0 , 1000 , 952.659 , 0 , 0 , 0
589 , 0 , 1000 , 952.414 , 0 , 0 , 0
590 , 0 , 1000 , 952.169 , 0 , 0 , 0
591 , 0 , 1000 , 951.924 , 0 , 0 , 0
592 , 0 , 1000 , 951.679 , 0 , 0 , 0
593 , 0 , 1000 , 951.434 , 0 , 0 , 0
594 , 0 , 1000 , 951.19 , 0 , 0 , 0
595 , 0 , 1000 , 950.946 , 0 , 0 , 0
596 , 0 , 1000 , 950.701 , 0 , 0 , 0
597 , 0 , 1000 , 950.457 , 0 , 0 , 0
598 , 0 , 1000 , 950.213 , 0 , 0 , 0
599 , 0 , 1000 , 949.97 , 0 , 0 , 0
600 , 0 , 1000 , 949.726 , 0 , 0 , 0
601 , 0 , 1000 , 949.483 , 0 , 0 , 0
602 , 0 , 1000 , 949.24 , 0 , 0 , 0
603 , 0 , 1000 , 948.996 , 0 , 0 , 0
604 , 0 , 1000 , 948.753 , 0 , 0 , 0
605 , 0 , 1000 , 948.511 , 0 , 0 , 0
606 , 0 , 1000 , 948.268 , 0 , 0 , 0
607 , 0 , 1000 , 948.026 , 0 , 0 , 0
608 , 0 , 1000 , 947.783 , 0 , 0 , 0
609 , 0 , 1000 , 947.541 , 0 , 0 , 0
610 , 0 , 1000 , 947.299 , 0 , 0 , 0
611 , 0 , 1000 , 947.057 , 0 , 0 , 0
612 , 0 , 1000 , 946.816 , 0 , 0 , 0
613 , 0 , 1000 , 946.574 , 0 , 0 , 0
614 , 0 , 1000 , 946.333 , 0 , 0 , 0
615 , 0 , 1000 , 946.092 , 0 , 0 , 0
616 , 0 , 1000 , 945.85 , 0 , 0 , 0
617 , 0 , 1000 , 945.61 , 0 , 0 , 0
618 , 0 , 1000 , 945.369 , 0 , 0 , 0
619 , 0 , 1000 , 945.128 , 0 , 0 , 0
620 , 0 , 1000 , 944.888 , 0 , 0 , 0
621 , 0 , 1000 , 944.648 , 0 , 0 , 0
622 , 0 , 1000 , 944.408 , 0 , 0 , 0
623 , 0 , 1000 , 944.168 , 0 , 0 , 0
624 , 0 , 1000 , 943.928 , 0 , 0 , 0
625 , 0 , 1000 , 943.688 , 0 , 0 , 0
626 , 0 , 1000 , 943.449 , 0 , 0 , 0
627 , 0 , 1000 , 943.21 , 0 , 0 , 0
628 , 0 , 1000 , 942.97 , 0 , 0 , 0
629 , 0 , 1000 , 942.732 , 0 , 0 , 0
630 , 0 , 1000 , 942.493 , 0 , 0 , 0
631 , 0 , 1000 , 942.254 , 0 , 0 , 0
632 , 0 , 1000 , 942.016 , 0 , 0 , 0
633 , 0 , 1000 , 941.777 , 0 , 0 , 0
634 , 0 , 1000 , 941.539 , 0 , 0 , 0
635 , 0 , 1000 , 941.301 , 0 , 0 , 0
636 , 0 , 1000 , 941.064 , 0 , 0 , 0
637 , 0 , 1000 , 940.826 , 0 , 0 , 0
638 , 0 , 1000 , 940.589 , 0 , 0 , 0
639 , 0 , 1000 , 940.351 , 0 , 0 , 0
640 , 0 , 1000 , 940.114 , 0 , 0 , 0
641 , 0 , 1000 , 939.877 , 0 , 0 , 0
642 , 0 , 1000 , 939.64 , 0 , 0 , 0
643 , 0 , 1000 , 939.404 , 0 , 0 , 0
644 , 0 , 1000 , 939.167 , 0 , 0 , 0
645 , 0 , 1000 , 938.931 , 0 , 0 , 0
646 , 0 , 1000 , 938.695 , 0 , 0 , 0
647 , 0 , 1000 , 938.459 , 0 , 0 , 0
648 , 0 , 1000 , 938.223 , 0 , 0 , 0
649 , 0 , 1000 , 937.988 , 0 , 0 , 0
650 , 0 , 1000 , 937.752 , 0 , 0 , 0
651 , 0 , 1000 , 937.517 , 0 , 0 , 0
652 , 0 , 1000 , 937.282 , 0 , 0 , 0
653 , 0 , 1000 , 937.047 , 0 , 0 , 0
654 , 0 , 1000 , 936.812 , 0 , 0 , 0
655 , 0 , 1000 , 936.578 , 0 , 0 , 0
656 , 0 , 1000 , 936.344 , 0 , 0 , 0
657 , 0 , 1000 , 936.109 , 0 , 0 , 0
658 , 0 , 1000 , 935.875 , 0 , 0 , 0
659 , 0 , 1000 , 935.642 , 0 , 0 , 0
660 , 0 , 1000 , 935.408 , 0 , 0 , 0
661 , 0 , 1000 , 935.174 , 0 , 0 , 0
662 , 0 , 1000 , 934.941 , 0 , 0 , 0
663 , 0 , 1000 , 934.708 , 0 , 0 , 0
664 , 0 , 1000 , 934.475 , 0 , 0 , 0
665 , 0 , 1000 , 934.242 , 0 , 0 , 0
666 , 0 , 1000 , 934.01 , 0 , 0 , 0
667 , 0 , 1000 , 933.777 , 0 , 0 , 0
668 , 0 , 1000 , 933.545 , 0 , 0 , 0
669 , 0 , 1000 , 933.313 , 0 , 0 , 0
670 , 0 , 1000 , 933.081 , 0 , 0 , 0
671 , 0 , 1000 , 932.85 , 0 , 0 , 0
672 , 0 , 1000 , 932.618 , 0 , 0 , 0
673 , 0 , 1000 , 932.387 , 0 , 0 , 0
674 , 0 , 1000 , 932.155 , 0 , 0 , 0
675 , 0 , 1000 , 931.924 , 0 , 0 , 0
676 , 0 , 1000 , 931.694 , 0 , 0 , 0
677 , 0 , 1000 , 931.463 , 0 , 0 , 0
678 , 0 , 1000 , 931.233 , 0 , 0 , 0
679 , 0 , 1000 , 931.002 , 0 , 0 , 0
680 , 0 , 1000 , 930.772 , 0 , 0 , 0
681 , 0 , 1000 , 930.542 , 0 , 0 , 0
682 , 0 , 1000 , 930.313 , 0 , 0 , 0
683 , 0 , 1000 , 930.083 , 0 , 0 , 0
684 , 0 , 1000 , 929.854 , 0 , 0 , 0
685 , 0 , 1000 , 929.625 , 0 , 0 , 0
686 , 0 , 1000 , 929.396 , 0 , 0 , 0
687 , 0 , 1000 , 929.167 , 0 , 0 , 0
688 , 0 , 1000 , 928.938 , 0 , 0 , 0
689 , 0 , 1000 , 928.71 , 0 , 0 , 0
690 , 0 , 1000 , 928.482 , 0 , 0 , 0
691 , 0 , 1000 , 928.254 , 0 , 0 , 0
692 , 0 , 1000 , 928.026 , 0 , 0 , 0
693 , 0 , 1000 , 927.798 , 0 , 0 , 0
694 , 0 , 1000 , 927.571 , 0 , 0 , 0
695 , 0 , 1000 , 927.343 , 0 , 0 , 0
696 , 0 , 1000 , 927.116 , 0 , 0 , 0
697 , 0 , 1000 , 926.889 , 0 , 0 , 0
698 , 0 , 1000 , 926.663 , 0 , 0 , 0
699 , 0 , 1000 , 926.436 , 0 , 0 , 0
700 , 0 , 1000 , 926.21 , 0 , 0 , 0
701 , 0 , 1000 , 925.984 , 0 , 0 , 0
702 , 0 , 1000 , 925.758 , 0 , 0 , 0
703 , 0 , 1000 , 925.532 , 0 , 0 , 0
704 , 0 , 1000 , 925.306 , 0 , 0 , 0
705 , 0 , 1000 , 925.081 , 0 , 0 , 0
706 , 0 , 1000 , 924.856 , 0 , 0 , 0
707 , 0 , 1000 , 924.63 , 0 , 0 , 0
708 , 0 , 1000 , 924.406 , 0 , 0 , 0
709 , 0 , 1000 , 924.181 , 0 , 0 , 0
710 , 0 , 1000 , 923.957 , 0 , 0 , 0
711 , 0 , 1000 , 923.732 , 0 , 0 , 0
712 , 0 , 1000 , 923.508 , 0 , 0 , 0
713 , 0 , 1000 , 923.284 , 0 , 0 , 0
714 , 0 , 1000 , 923.061 , 0 , 0 , 0
715 , 0 , 1000 , 922.837 , 0 , 0 , 0
716 , 0 , 1000 , 922.614 , 0 , 0 , 0
717 , 0 , 1000 , 922.391 , 0 , 0 , 0
718 , 0 , 1000 , 922.168 , 0 , 0 , 0
719 , 0 , 1000 , 921.945 , 0 , 0 , 0
720 , 0 , 1000 , 921.722 , 0 , 0 , 0
721 , 0 , 1000 , 921.5 , 0 , 0 , 0
722 , 0 , 1000 , 921.278 , 0 , 0 , 0
723 , 0 , 1000 , 921.056 , 0 , 0 , 0
724 , 0 , 1000 , 920.834 , 0 , 0 , 0
725 , 0 , 1000 , 920.612 , 0 , 0 , 0
726 , 0 , 1000 , 920.391 , 0 , 0 , 0
727 , 0 , 1000 , 920.17 , 0 , 0 , 0
728 , 0 , 1000 , 919.949 , 0 , 0 , 0
729 , 0 , 1000 , 919.728 , 0 , 0 , 0
730 , 0 , 1000 , 919.507 , 0 , 0 , 0
731 , 0 , 1000 , 919.287 , 0 , 0 , 0
732 , 0 , 1000 , 919.067 , 0 , 0 , 0
733 , 0 , 1000 , 918.846 , 0 , 0 , 0
734 , 0 , 1000 , 918.627 , 0 , 0 , 0
735 , 0 , 1000 , 918.407 , 0 , 0 , 0
736 , 0 , 1000 , 918.188 , 0 , 0 , 0
737 , 0 , 1000 , 917.968 , 0 , 0 , 0
738 , 0 , 1000 , 917.749 , 0 , 0 , 0
739 , 0 , 1000 , 917.53 , 0 , 0 , 0
740 , 0 , 1000 , 917.311 , 0 , 0 , 0
741 , 0 , 1000 , 917.093 , 0 , 0 , 0
742 , 0 , 1000 , 916.875 , 0 , 0 , 0
743 , 0 , 1000 , 916.657 , 0 , 0 , 0
744 , 0 , 1000 , 916.439 , 0 , 0 , 0
745 , 0 , 1000 , 916.221 , 0 , 0 , 0
746 , 0 , 1000 , 916.003 , 0 , 0 , 0
747 , 0 , 1000 , 915.786 , 0 , 0 , 0
748 , 0 , 1000 , 915.569 , 0 , 0 , 0
749 , 0 , 1000 , 915.352 , 0 , 0 , 0
750 , 0 , 1000 , 915.135 , 0 , 0 , 0
751 , 0 , 1000 , 914.918 , 0 , 0 , 0
752 , 0 , 1000 , 914.702 , 0 , 0 , 0
753 , 0 , 1000 , 914.486 , 0 , 0 , 0
754 , 0 , 1000 , 914.27 , 0 , 0 , 0
755 , 0 , 1000 , 914.054 , 0 , 0 , 0
756 , 0 , 1000 , 913.838 , 0 , 0 , 0
757 , 0 , 1000 , 913.623 , 0 , 0 , 0
758 , 0 , 1000 , 913.408 , 0 , 0 , 0
759 , 0 , 1000 , 913.193 , 0 , 0 , 0
760 , 0 , 1000 , 912.978 , 0 , 0 , 0
761 , 0 , 1000 , 912.763 , 0 , 0 , 0
762 , 0 , 1000 , 912.549 , 0 , 0 , 0
763 , 0 , 1000 , 912.334 , 0 , 0 , 0
764 , 0 , 1000 , 912.12 , 0 , 0 , 0
765 , 0 , 1000 , 911.906 , 0 , 0 , 0
766 , 0 , 1000 , 911.693 , 0 , 0 , 0
767 , 0 , 1000 , 911.479 , 0 , 0 , 0
768 , 0 , 1000 , 911.266 , 0 , 0 , 0
769 , 0 , 1000 , 911.053 , 0 , 0 , 0
770 , 0 , 1000 , 910.84 , 0 , 0 , 0
771 , 0 , 1000 , 910.627 , 0 , 0 , 0
772 , 0 , 1000 , 910.415 , 0 , 0 , 0
773 , 0 , 1000 , 910.202 , 0 , 0 , 0
774 , 0 , 1000 , 909.99 , 0 , 0 , 0
775 , 0 , 1000 , 909.778 , 0 , 0 , 0
776 , 0 , 1000 , 909.566 , 0 , 0 , 0
777 , 0 , 1000 , 909.355 , 0 , 0 , 0
778 , 0 , 1000 , 909.143 , 0 , 0 , 0
779 , 0 , 1000 , 908.932 , 0 , 0 , 0
780 , 0 , 1000 , 908.721 , 0 , 0 , 0
781 , 0 , 1000 , 908.51 , 0 , 0 , 0
782 , 0 , 1000 , 908.3 , 0 , 0 , 0
783 , 0 , 1000 , 908.089 , 0 , 0 , 0
784 , 0 , 1000 , 907.879 , 0 , 0 , 0
785 , 0 , 1000 , 907.669 , 0 , 0 , 0
786 , 0 , 1000 , 907.459 , 0 , 0 , 0
787 , 0 , 1000 , 907.25 , 0 , 0 , 0
788 , 0 , 1000 , 907.04 , 0 , 0 , 0
789 , 0 , 1000 , 906.831 , 0 , 0 , 0
790 , 0 , 1000 , 906.622 , 0 , 0 , 0
791 , 0 , 1000 , 906.413 , 0 , 0 , 0
792 , 0 , 1000 , 906.204 , 0 , 0 , 0
793 , 0 , 1000 , 905.996 , 0 , 0 , 0
794 , 0 , 1000 , 905.787 , 0 , 0 , 0
795 , 0 , 1000 , 905.579 , 0 , 0 , 0
796 , 0 , 1000 , 905.371 , 0 , 0 , 0
797 , 0 , 1000 , 905.163 , 0 , 0 , 0
798 , 0 , 1000 , 904.956 , 0 , 0 , 0
799 , 0 , 1000 , 904.748 , 0 , 0 , 0
800 , 0 , 1000 , 904.541 , 0 , 0 , 0
801 , 0 , 1000 , 904.334 , 0 , 0 , 0
802 , 0 , 1000 , 904.127 , 0 , 0 , 0
803 , 0 , 1000 , 903.921 , 0 , 0 , 0
804 , 0 , 1000 , 903.714 , 0 , 0 , 0
805 , 0 , 1000 , 903.508 , 0 , 0 , 0
806 , 0 , 1000 , 903.302 , 0 , 0 , 0
807 , 0 , 1000 , 903.096 , 0 , 0 , 0
808 , 0 , 1000 , 902.89 , 0 , 0 , 0
809 , 0 , 1000 , 902.685 , 0 , 0 , 0
810 , 0 , 1000 , 902.479 , 0 , 0 , 0
811 , 0 , 1000 , 902.274 , 0 , 0 , 0
812 , 0 , 1000 , 902.069 , 0 , 0 , 0
813 , 0 , 1000 , 901.864 , 0 , 0 , 0
814 , 0 , 1000 , 901.659 , 0 , 0 , 0
815 , 0 , 1000 , 901.455 , 0 , 0 , 0
816 , 0 , 1000 , 901.251 , 0 , 0 , 0
817 , 0 , 1000 , 901.047 , 0 , 0 , 0
818 , 0 , 1000 , 900.843 , 0 , 0 , 0
819 , 0 , 1000 , 900.639 , 0 , 0 , 0
820 , 0 , 1000 , 900.436 , 0 , 0 , 0
821 , 0 , 1000 , 900.232 , 0 , 0 , 0
822 , 0 , 1000 , 900.029 , 0 , 0 , 0
823 , 0 , 1000 , 899.826 , 0 , 0 , 0
824 , 0 , 1000 , 899.623 , 0 , 0 , 0
825 , 0 , 1000 , 899.42 , 0 , 0 , 0
826 , 0 , 1000 , 899.218 , 0 , 0 , 0
827 , 0 , 1000 , 899.016 , 0 , 0 , 0
828 , 0 , 1000 , 898.814 , 0 , 0 , 0
829 , 0 , 1000 , 898.612 , 0 , 0 , 0
830 , 0 , 1000 , 898.41 , 0 , 0 , 0
831 , 0 , 1000 , 898.208 , 0 , 0 , 0
832 , 0 , 1000 , 898.007 , 0 , 0 , 0
833 , 0 , 1000 , 897.806 , 0 , 0 , 0
834 , 0 , 1000 , 897.605 , 0 , 0 , 0
835 , 0 , 1000 , 897.404 , 0 , 0 , 0
836 , 0 , 1000 , 897.203 , 0 , 0 , 0
837 , 0 , 1000 , 897.003 , 0 , 0 , 0
838 , 0 , 1000 , 896.802 , 0 , 0 , 0
839 , 0 , 1000 , 896.602 , 0 , 0 , 0
840 , 0 , 1000 , 896.402 , 0 , 0 , 0
841 , 0 , 1000 , 896.203 , 0 , 0 , 0
842 , 0 , 1000 , 896.003 , 0 , 0 , 0
843 , 0 , 1000 , 895.804 , 0 , 0 , 0
844 , 0 , 1000 , 895.604 , 0 , 0 , 0
845 , 0 , 1000 , 895.405 , 0 , 0 , 0
846 , 0 , 1000 , 895.206 , 0 , 0 , 0
847 , 0 , 1000 , 895.007 , 0 , 0 , 0
848 , 0 , 1000 , 894.809 , 0 , 0 , 0
849 , 0 , 1000 , 894.61 , 0 , 0 , 0
850 , 0 , 1000 , 894.412 , 0 , 0 , 0
851 , 0 , 1000 , 894.214 , 0 , 0 , 0
852 , 0 , 1000 , 894.016 , 0 , 0 , 0
853 , 0 , 1000 , 893.819 , 0 , 0 , 0
854 , 0 , 1000 , 893.621 , 0 , 0 , 0
855 , 0 , 1000 , 893.424 , 0 , 0 , 0
856 , 0 , 1000 , 893.226 , 0 , 0 , 0
857 , 0 , 1000 , 893.029 , 0 , 0 , 0
858 , 0 , 1000 , 892.832 , 0 , 0 , 0
859 , 0 , 1000 , 892.636 , 0 , 0 , 0
860 , 0 , 1000 , 892.439 , 0 , 0 , 0
861 , 0 , 1000 , 892.243 , 0 , 0 , 0
862 , 0 , 1000 , 892.047 , 0 , 0 , 0
863 , 0 , 1000 , 891.851 , 0 , 0 , 0
864 , 0 , 1000 , 891.655 , 0 , 0 , 0
865 , 0 , 1000 , 891.459 , 0 , 0 , 0
866 , 0 , 1000 , 891.263 , 0 , 0 , 0
867 , 0 , 1000 , 891.068 , 0 , 0 , 0
868 , 0 , 1000 , 890.873 , 0 , 0 , 0
869 , 0 , 1000 , 890.678 , 0 , 0 , 0
870 , 0 , 1000 , 890.483 , 0 , 0 , 0
871 , 0 , 1000 , 890.288 , 0 , 0 , 0
872 , 0 , 1000 , 890.094 , 0 , 0 , 0
873 , 0 , 1000 , 889.899 , 0 , 0 , 0
874 , 0 , 1000 , 889.705 , 0 , 0 , 0
875 , 0 , 1000 , 889.511 , 0 , 0 , 0
876 , 0 , 1000 , 889.317 , 0 , 0 , 0
877 , 0 , 1000 , 889.124 , 0 , 0 , 0
878 , 0 , 1000 , 888.93 , 0 , 0 , 0
879 , 0 , 1000 , 888.737 , 0 , 0 , 0
880 , 0 , 1000 , 888.543 , 0 , 0 , 0
881 , 0 , 1000 , 888.35 , 0 , 0 , 0
882 , 0 , 1000 , 888.157 , 0 , 0 , 0
883 , 0 , 1000 , 887.965 , 0 , 0 , 0
884 , 0 , 1000 , 887.772 , 0 , 0 , 0
885 , 0 , 1000 , 887.58 , 0 , 0 , 0
886 , 0 , 1000 , 887.387 , 0 , 0 , 0
887 , 0 , 1000 , 887.195 , 0 , 0 , 0
888 , 0 , 1000 , 887.003 , 0 , 0 , 0
889 , 0 , 1000 , 886.811 , 0 , 0 , 0
890 , 0 , 1000 , 886.62 , 0 , 0 , 0
891 , 0 , 1000 , 886.428 , 0 , 0 , 0
892 , 0 , 1000 , 886.237 , 0 , 0 , 0
893 , 0 , 1000 , 886.046 , 0 , 0 , 0
894 , 0 , 1000 , 885.855 , 0 , 0 , 0
895 , 0 , 1000 , 885.664 , 0 , 0 , 0
896 , 0 , 1000 , 885.473 , 0 , 0 , 0
897 , 0 , 1000 , 885.282 , 0 , 0 , 0
898 , 0 , 1000 , 885.092 , 0 , 0 , 0
899 , 0 , 1000 , 884.902 , 0 , 0 , 0
900 , 0 , 1000 , 884.712 , 0 , 0 , 0
901 , 0 , 1000 , 884.522 , 0 , 0 , 0
902 , 0 , 1000 , 884.332 , 0 , 0 , 0
903 , 0 , 1000 , 884.142 , 0 , 0 , 0
904 , 0 , 1000 , 883.953 , 0 , 0 , 0
905 , 0 , 1000 , 883.763 , 0 , 0 , 0
906 , 0 , 1000 , 883.574 , 0 , 0 , 0
907 , 0 , 1000 , 883.385 , 0 , 0 , 0
908 , 0 , 1000 , 883.196 , 0 , 0 , 0
909 , 0 , 1000 , 883.008 , 0 , 0 , 0
910 , 0 , 1000 , 882.819 , 0 , 0 , 0
911 , 0 , 1000 , 882.631 , 0 , 0 , 0
912 , 0 , 1000 , 882.442 , 0 , 0 , 0
913 , 0 , 1000 , 882.254 , 0 , 0 , 0
914 , 0 , 1000 , 882.066 , 0 , 0 , 0
915 , 0 , 1000 , 881.878 , 0 , 0 , 0
916 , 0 , 1000 , 881.691 , 0 , 0 , 0
917 , 0 , 1000 , 881.503 , 0 , 0 , 0
918 , 0 , 1000 , 881.316 , 0 , 0 , 0
919 , 0 , 1000 , 881.129 , 0 , 0 , 0
920 , 0 , 1000 , 880.942 , 0 , 0 , 0
921 , 0 , 1000 , 880.755 , 0 , 0 , 0
922 , 0 , 1000 , 880.568 , 0 , 0 , 0
923 , 0 , 1000 , 880.381 , 0 , 0 , 0
924 , 0 , 1000 , 880.195 , 0 , 0 , 0
925 , 0 , 1000 , 880.008 , 0 , 0 , 0
926 , 0 , 1000 , 879.822 , 0 , 0 , 0
927 , 0 , 1000 , 879.636 , 0 , 0 , 0
928 , 0 , 1000 , 879.45 , 0 , 0 , 0
929 , 0 , 1000 , 879.264 , 0 , 0 , 0
930 , 0 , 1000 , 879.079 , 0 , 0 , 0
931 , 0 , 1000 , 878.893 , 0 , 0 , 0
932 , 0 , 1000 , 878.708 , 0 , 0 , 0
933 , 0 , 1000 , 878.523 , 0 , 0 , 0
934 , 0 , 1000 , 878.338 , 0 , 0 , 0
935 , 0 , 1000 , 878.153 , 0 , 0 , 0
936 , 0 , 1000 , 877.968 , 0 , 0 , 0
937 , 0 , 1000 , 877.784 , 0 , 0 , 0
938 , 0 , 1000 , 877.599 , 0 , 0 , 0
939 , 0 , 1000 , 877.415 , 0 , 0 , 0
940 , 0 , 1000 , 877.231 , 0 , 0 , 0
941 , 0 , 1000 , 877.046 , 0 , 0 , 0
942 , 0 , 1000 , 876.863 , 0 , 0 , 0
943 , 0 , 1000 , 876.679 , 0 , 0 , 0
944 , 0 , 1000 , 876.495 , 0 , 0 , 0
945 , 0 , 1000 , 876.312 , 0 , 0 , 0
946 , 0 , 1000 , 876.128 , 0 , 0 , 0
947 , 0 , 1000 , 875.945 , 0 , 0 , 0
948 , 0 , 1000 , 875.762 , 0 , 0 , 0
949 , 0 , 1000 , 875.579 , 0 , 0 , 0
950 , 0 , 1000 , 875.396 , 0 , 0 , 0
951 , 0 , 1000 , 875.214 , 0 , 0 , 0
952 , 0 , 1000 , 875.031 , 0 , 0 , 0
953 , 0 , 1000 , 874.849 , 0 , 0 , 0
954 , 0 , 1000 , 874.666 , 0 , 0 , 0
955 , 0 , 1000 , 874.484 , 0 , 0 , 0
956 , 0 , 1000 , 874.302 , 0 , 0 , 0
957 , 0 , 1000 , 874.12 , 0 , 0 , 0
958 , 0 , 1000 , 873.939 , 0 , 0 , 0
959 , 0 , 1000 , 873.757 , 0 , 0 , 0
960 , 0 , 1000 , 873.576 , 0 , 0 , 0
961 , 0 , 1000 , 873.394 , 0 , 0 , 0
962 , 0 , 1000 , 873.213 , 0 , 0 , 0
963 , 0 , 1000 , 873.032 , 0 , 0 , 0
964 , 0 , 1000 , 872.851 , 0 , 0 , 0
965 , 0 , 1000 , 872.67 , 0 , 0 , 0
966 , 0 , 1000 , 872.49 , 0 , 0 , 0
967 , 0 , 1000 , 872.309 , 0 , 0 , 0
968 , 0 , 1000 , 872.129 , 0 , 0 , 0
969 , 0 , 1000 , 871.949 , 0 , 0 , 0
970 , 0 , 1000 , 871.768 , 0 , 0 , 0
971 , 0 , 1000 , 871.589 , 0 , 0 , 0
972 , 0 , 1000 , 871.409 , 0 , 0 , 0
973 , 0 , 1000 , 871.229 , 0 , 0 , 0
974 , 0 , 1000 , 871.049 , 0 , 0 , 0
975 , 0 , 1000 , 870.87 , 0 , 0 , 0
976 , 0 , 1000 , 870.691 , 0 , 0 , 0
977 , 0 , 1000 , 870.511 , 0 , 0 , 0
978 , 0 , 1000 , 870.332 , 0 , 0 , 0
979 , 0 , 1000 , 870.153 , 0 , 0 , 0
980 , 0 , 1000 , 869.974 , 0 , 0 , 0
981 , 0 , 1000 , 869.796 , 0 , 0 , 0
982 , 0 , 1000 , 869.617 , 0 , 0 , 0
983 , 0 , 1000 , 869.439 , 0 , 0 , 0
984 , 0 , 1000 , 869.26 , 0 , 0 , 0
985 , 0 , 1000 , 869.082 , 0 , 0 , 0
986 , 0 , 1000 , 868.904 , 0 , 0 , 0
987 , 0 , 1000 , 868.726 , 0 , 0 , 0
988 , 0 , 1000 , 868.548 , 0 , 0 , 0
989 , 0 , 1000 , 868.371 , 0 , 0 , 0
990 , 0 , 1000 , 868.193 , 0 , 0 , 0
991 , 0 , 1000 , 868.016 , 0 , 0 , 0
992 , 0 , 1000 , 867.838 , 0 , 0 , 0
993 , 0 , 1000 , 867.661 , 0 , 0 , 0
994 , 0 , 1000 , 867.484 , 0 , 0 , 0
995 , 0 , 1000 , 867.307 , 0 , 0 , 0
996 , 0 , 1000 , 867.13 , 0 , 0 , 0
997 , 0 , 1000 , 866.953 , 0 , 0 , 0
998 , 0 , 1000 , 866.777 , 0 , 0 , 0
999 , 0 , 1000 , 866.601 , 0 , 0 , 0
1000 , 0 , 1000 , 866.424 , 0 , 0 , 0
1001 , 0 , 1000 , 866.248 , 0 , 0 , 0
1002 , 0 , 1000 , 866.072 , 0 , 0 , 0
1003 , 0 , 1000 , 865.896 , 0 , 0 , 0
1004 , 0 , 1000 , 865.72 , 0 , 0 , 0
1005 , 0 , 1000 , 865.544 , 0 , 0 , 0
1006 , 0 , 1000 , 865.369 , 0 , 0 , 0
1007 , 0 , 1000 , 865.193 , 0 , 0 , 0
1008 , 0 , 1000 , 865.018 , 0 , 0 , 0
1009 , 0 , 1000 , 864.842 , 0 , 0 , 0
1010 , 0 , 1000 , 864.667 , 0 , 0 , 0
1011 , 0 , 1000 , 864.492 , 0 , 0 , 0
1012 , 0 , 1000 , 864.317 , 0 , 0 , 0
1013 , 0 , 1000 , 864.143 , 0 , 0 , 0
1014 , 0 , 1000 , 863.968 , 0 , 0 , 0
1015 , 0 , 1000 , 863.793 , 0 , 0 , 0
1016 , 0 , 1000 , 863.619 , 0 , 0 , 0
1017 , 0 , 1000 , 863.445 , 0 , 0 , 0
1018 , 0 , 1000 , 863.27 , 0 , 0 , 0
1019 , 0 , 1000 , 863.096 , 0 , 0 , 0
1020 , 0 , 1000 , 862.922 , 0 , 0 , 0
1021 , 0 , 1000 , 862.748 , 0 , 0 , 0
1022 , 0 , 1000 , 862.575 , 0 , 0 , 0
1023 , 0 , 1000 , 862.401 , 0 , 0 , 0
1024 , 0 , 1000 , 862.227 , 0 , 0 , 0
1025 , 0 , 1000 , 862.054 , 0 , 0 , 0
1026 , 0 , 1000 , 861.881 , 0 , 0 , 0
1027 , 0 , 1000 , 861.708 , 0 , 0 , 0
1028 , 0 , 1000 , 861.535 , 0 , 0 , 0
1029 , 0 , 1000 , 861.362 , 0 , 0 , 0
1030 , 0 , 1000 , 861.189 , 0 , 0 , 0
1031 , 0 , 1000 , 861.016 , 0 , 0 , 0
1032 , 0 , 1000 , 860.843 , 0 , 0 , 0
1033 , 0 , 1000 , 860.671 , 0 , 0 , 0
1034 , 0 , 1000 , 860.498 , 0 , 0 , 0
1035 , 0 , 1000 , 860.326 , 0 , 0 , 0
1036 , 0 , 1000 , 860.154 , 0 , 0 , 0
1037 , 0 , 1000 , 859.982 , 0 , 0 , 0
1038 , 0 , 1000 , 859.81 , 0 , 0 , 0
1039 , 0 , 1000 , 859.638 , 0 , 0 , 0
1040 , 0 , 1000 , 859.466 , 0 , 0 , 0
1041 , 0 , 1000 , 859.295 , 0 , 0 , 0
1042 , 0 , 1000 , 859.123 , 0 , 0 , 0
1043 , 0 , 1000 , 858.952 , 0 , 0 , 0
1044 , 0 , 1000 , 858.78 , 0 , 0 , 0
1045 , 0 , 1000 , 858.609 , 0 , 0 , 0
1046 , 0 , 1000 , 858.438 , 0 , 0 , 0
1047 , 0 , 1000 , 858.267 , 0 , 0 , 0
1048 , 0 , 1000 , 858.096 , 0 , 0 , 0
1049 , 0 , 1000 , 857.925 , 0 , 0 , 0
1050 , 0 , 1000 , 857.755 , 0 , 0 , 0
1051 , 0 , 1000 , 857.584 , 0 , 0 , 0
1052 , 0 , 1000 , 857.413 , 0 , 0 , 0
1053 , 0 , 1000 , 857.243 , 0 , 0 , 0
1054 , 0 , 1000 , 857.073 , 0 , 0 , 0
1055 , 0 , 1000 , 856.903 , 0 , 0 , 0
1056 , 0 , 1000 , 856.733 , 0 , 0 , 0
1057 , 0 , 1000 , 856.563 , 0 , 0 , 0
1058 , 0 , 1000 , 856.393 , 0 , 0 , 0
1059 , 0 , 1000 , 856.223 , 0 , 0 , 0
1060 , 0 , 1000 , 856.053 , 0 , 0 , 0
1061 , 0 , 1000 , 855.884 , 0 , 0 , 0
1062 , 0 , 1000 , 855.714 , 0 , 0 , 0
1063 , 0 , 1000 , 855.545 , 0 , 0 , 0
1064 , 0 , 1000 , 855.376 , 0 , 0 , 0
1065 , 0 , 1000 , 855.207 , 0 , 0 , 0
1066 , 0 , 1000 , 855.038 , 0 , 0 , 0
1067 , 0 , 1000 , 854.869 , 0 , 0 , 0
1068 , 0 , 1000 , 854.7 , 0 , 0 , 0
1069 , 0 , 1000 , 854.531 , 0 , 0 , 0
1070 , 0 , 1000 , 854.362 , 0 , 0 , 0
1071 , 0 , 1000 , 854.194 , 0 , 0 , 0
1072 , 0 , 1000 , 854.025 , 0 , 0 , 0
1073 , 0 , 1000 , 853.857 , 0 , 0 , 0
1074 , 0 , 1000 , 853.688 , 0 , 0 , 0
1075 , 0 , 1000 , 853.52 , 0 , 0 , 0
1076 , 0 , 1000 , 853.352 , 0 , 0 , 0
1077 , 0 , 1000 , 853.184 , 0 , 0 , 0
1078 , 0 , 1000 , 853.016 , 0 , 0 , 0
1079 , 0 , 1000 , 852.849 , 0 , 0 , 0
1080 , 0 , 1000 , 852.681 , 0 , 0 , 0
1081 , 0 , 1000 , 852.513 , 0 , 0 , 0
1082 , 0 , 1000 , 852.346 , 0 , 0 , 0
1083 , 0 , 1000 , 852.178 , 0 , 0 , 0
1084 , 0 , 1000 , 852.011 , 0 , 0 , 0
1085 , 0 , 1000 , 851.844 , 0 , 0 , 0
1086 , 0 , 1000 , 851.677 , 0 , 0 , 0
1087 , 0 , 1000 , 851.509 , 0 , 0 , 0
1088 , 0 , 1000 , 851.343 , 0 , 0 , 0
1089 , 0 , 1000 , 851.176 , 0 , 0 , 0
1090 , 0 , 1000 , 851.009 , 0 , 0 , 0
1091 , 0 , 1000 , 850.842 , 0 , 0 , 0
1092 , 0 , 1000 , 850.675 , 0 , 0 , 0
1093 , 0 , 1000 , 850.509 , 0 , 0 , 0
1094 , 0 , 1000 , 850.343 , 0 , 0 , 0
1095 , 0 , 1000 , 850.176 , 0 , 0 , 0
1096 , 0 , 1000 , 850.01 , 0 , 0 , 0
1097 , 0 , 1000 , 849.844 , 0 , 0 , 0
1098 , 0 , 1000 , 849.678 , 0 , 0 , 0
1099 , 0 , 1000 , 849.512 , 0 , 0 , 0
1100 , 0 , 1000 , 849.346 , 0 , 0 , 0
1101 , 0 , 1000 , 849.18 , 0 , 0 , 0
1102 , 0 , 1000 , 849.014 , 0 , 0 , 0
1103 , 0 , 1000 , 848.849 , 0 , 0 , 0
1104 , 0 , 1000 , 848.683 , 0 , 0 , 0
1105 , 0 , 1000 , 848.517 , 0 , 0 , 0
1106 , 0 , 1000 , 848.352 , 0 , 0 , 0
1107 , 0 , 1000 , 848.187 , 0 , 0 , 0
1108 , 0 , 1000 , 848.021 , 0 , 0 , 0
1109 , 0 , 1000 , 847.856 , 0 , 0 , 0
1110 , 0 , 1000 , 847.691 , 0 , 0 , 0
1111 , 0 , 1000 , 847.526 , 0 , 0 , 0
1112 , 0 , 1000 , 847.361 , 0 , 0 , 0
1113 , 0 , 1000 , 847.196 , 0 , 0 , 0
1114 , 0 , 1000 , 847.032 , 0 , 0 , 0
1115 , 0 , 1000 , 846.867 , 0 , 0 , 0
1116 , 0 , 1000 , 846.702 , 0 , 0 , 0
1117 , 0 , 1000 , 846.538 , 0 , 0 , 0
1118 , 0 , 1000 , 846.373 , 0 , 0 , 0
1119 , 0 , 1000 , 846.209 , 0 , 0 , 0
1120 , 0 , 1000 , 846.045 , 0 , 0 , 0
1121 , 0 , 1000 , 845.88 , 0 , 0 , 0
1122 , 0 , 1000 , 845.716 , 0 , 0 , 0
1123 , 0 , 1000 , 845.552 , 0 , 0 , 0
1124 , 0 , 1000 , 845.389 , 0 , 0 , 0
1125 , 0 , 1000 , 845.225 , 0 , 0 , 0
1126 , 0 , 1000 , 845.061 , 0 , 0 , 0
1127 , 0 , 1000 , 844.897 , 0 , 0 , 0
1128 , 0 , 1000 , 844.733 , 0 , 0 , 0
1129 , 0 , 1000 , 844.57 , 0 , 0 , 0
1130 , 0 , 1000 , 844.406 , 0 , 0 , 0
1131 , 0 , 1000 , 844.243 , 0 , 0 , 0
1132 , 0 , 1000 , 844.08 , 0 , 0 , 0
1133 , 0 , 1000 , 843.916 , 0 , 0 , 0
1134 , 0 , 1000 , 843.753 , 0 , 0 , 0
1135 , 0 , 1000 , 843.59 , 0 , 0 , 0
1136 , 0 , 1000 , 843.427 , 0 , 0 , 0
1137 , 0 , 1000 , 843.264 , 0 , 0 , 0
1138 , 0 , 1000 , 843.101 , 0 , 0 , 0
1139 , 0 , 1000 , 842.938 , 0 , 0 , 0
1140 , 0 , 1000 , 842.776 , 0 , 0 , 0
1141 , 0 , 1000 , 842.613 , 0 , 0 , 0
1142 , 0 , 1000 , 842.451 , 0 , 0 , 0
1143 , 0 , 1000 , 842.288 , 0 , 0 , 0
1144 , 0 , 1000 , 842.125 , 0 , 0 , 0
1145 , 0 , 1000 , 841.963 , 0 , 0 , 0
1146 , 0 , 1000 , 841.801 , 0 , 0 , 0
1147 , 0 , 1000 , 841.638 , 0 , 0 , 0
1148 , 0 , 1000 , 841.476 , 0 , 0 , 0
1149 , 0 , 1000 , 841.314 , 0 , 0 , 0
1150 , 0 , 1000 , 841.152 , 0 , 0 , 0
1151 , 0 , 1000 , 840.99 , 0 , 0 , 0
1152 , 0 , 1000 , 840.828 , 0 , 0 , 0
1153 , 0 , 1000 , 840.667 , 0 , 0 , 0
1154 , 0 , 1000 , 840.505 , 0 , 0 , 0
1155 , 0 , 1000 , 840.343 , 0 , 0 , 0
1156 , 0 , 1000 , 840.182 , 0 , 0 , 0
1157 , 0 , 1000 , 840.02 , 0 , 0 , 0
1158 , 0 , 1000 , 839.859 , 0 , 0 , 0
1159 , 0 , 1000 , 839.697 , 0 , 0 , 0
1160 , 0 , 1000 , 839.536 , 0 , 0 , 0
1161 , 0 , 1000 , 839.375 , 0 , 0 , 0
1162 , 0 , 1000 , 839.214 , 0 , 0 , 0
1163 , 0 , 1000 , 839.052 , 0 , 0 , 0
1164 , 0 , 1000 , 838.891 , 0 , 0 , 0
1165 , 0 , 1000 , 838.73 , 0 , 0 , 0
1166 , 0 , 1000 , 838.57 , 0 , 0 , 0
1167 , 0 , 1000 , 838.409 , 0 , 0 , 0
1168 , 0 , 1000 , 838.248 , 0 , 0 , 0
1169 , 0 , 1000 , 838.087 , 0 , 0 , 0
1170 , 0 , 1000 , 837.927 , 0 , 0 , 0
1171 , 0 , 1000 , 837.766 , 0 , 0 , 0
1172 , 0 , 1000 , 837.605 , 0 , 0 , 0
1173 , 0 , 1000 , 837.445 , 0 , 0 , 0
1174 , 0 , 1000 , 837.284 , 0 , 0 , 0
1175 , 0 , 1000 , 837.124 , 0 , 0 , 0
1176 , 0 , 1000 , 836.964 , 0 , 0 , 0
1177 , 0 , 1000 , 836.804 , 0 , 0 , 0
1178 , 0 , 1000 , 836.644 , 0 , 0 , 0
1179 , 0 , 1000 , 836.483 , 0 , 0 , 0
1180 , 0 , 1000 , 836.323 , 0 , 0 , 0
1181 , 0 , 1000 , 836.163 , 0 , 0 , 0
1182 , 0 , 1000 , 836.004 , 0 , 0 , 0
1183 , 0 , 1000 , 835.844 , 0 , 0 , 0
1184 , 0 , 1000 , 835.684 , 0 , 0 , 0
1185 , 0 , 1000 , 835.524 , 0 , 0 , 0
1186 , 0 , 1000 , 835.364 , 0 , 0 , 0
1187 , 0 , 1000 , 835.205 , 0 , 0 , 0
1188 , 0 , 1000 , 835.045 , 0 , 0 , 0
1189 , 0 , 1000 , 834.886 , 0 , 0 , 0
1190 , 0 , 1000 , 834.727 , 0 , 0 , 0
1191 , 0 , 1000 , 834.567 , 0 , 0 , 0
1192 , 0 , 1000 , 834.408 , 0 , 0 , 0
1193 , 0 , 1000 , 834.249 , 0 , 0 , 0
1194 , 0 , 1000 , 834.089 , 0 , 0 , 0
1195 , 0 , 1000 , 833.93 , 0 , 0 , 0
1196 , 0 , 1000 , 833.771 , 0 , 0 , 0
1197 , 0 , 1000 , 833.612 , 0 , 0 , 0
1198 , 0 , 1000 , 833.453 , 0 , 0 , 0
1199 , 0 , 1000 , 833.294 , 0 , 0 , 0
1200 , 0 , 1000 , 833.136 , 0 , 0 , 0
1201 , 0 , 1000 , 832.977 , 0 , 0 , 0
1202 , 0 , 1000 , 832.818 , 0 , 0 , 0
1203 , 0 , 1000 , 832.659 , 0 , 0 , 0
1204 , 0 , 1000 , 832.501 , 0 , 0 , 0
1205 , 0 , 1000 , 832.342 , 0 , 0 , 0
1206 , 0 , 1000 , 832.184 , 0 , 0 , 0
1207 , 0 , 1000 , 832.025 , 0 , 0 , 0
1208 , 0 , 1000 , 831.867 , 0 , 0 , 0
1209 , 0 , 1000 , 831.709 , 0 , 0 , 0
1210 , 0 , 1000 , 831.55 , 0 , 0 , 0
1211 , 0 , 1000 , 831.392 , 0 , 0 , 0
1212 , 0 , 1000 , 831.234 , 0 , 0 , 0
1213 , 0 , 1000 , 831.076 , 0 , 0 , 0
1214 , 0 , 1000 , 830.918 , 0 , 0 , 0
1215 , 0 , 1000 , 830.76 , 0 , 0 , 0
1216 , 0 , 1000 , 830.602 , 0 , 0 , 0
1217 , 0 , 1000 , 830.444 , 0 , 0 , 0
1218 , 0 , 1000 , 830.286 , 0 , 0 , 0
1219 , 0 , 1000 , 830.128 , 0 , 0 , 0
1220 , 0 , 1000 , 829.971 , 0 , 0 , 0
1221 , 0 , 1000 , 829.813 , 0 , 0 , 0
1222 , 0 , 1000 , 829.655 , 0 , 0 , 0
1223 , 0 , 1000 , 829.498 , 0 , 0 , 0
1224 , 0 , 1000 , 829.34 , 0 , 0 , 0
1225 , 0 , 1000 , 829.183 , 0 , 0 , 0
1226 , 0 , 1000 , 829.026 , 0 , 0 , 0
1227 , 0 , 1000 , 828.868 , 0 , 0 , 0
1228 , 0 , 1000 , 828.711 , 0 , 0 , 0
1229 , 0 , 1000 , 828.554 , 0 , 0 , 0
1230 , 0 , 1000 , 828.396 , 0 , 0 , 0
1231 , 0 , 1000 , 828.239 , 0 , 0 , 0
1232 , 0 , 1000 , 828.082 , 0 , 0 , 0
1233 , 0 , 1000 , 827.925 , 0 , 0 , 0
1234 , 0 , 1000 , 827.768 , 0 , 0 , 0
1235 , 0 , 1000 , 827.611 , 0 , 0 , 0
1236 , 0 , 1000 , 827.454 , 0 , 0 , 0
1237 , 0 , 1000 , 827.297 , 0 , 0 , 0
1238 , 0 , 1000 , 827.141 , 0 , 0 , 0
1239 , 0 , 1000 , 826.984 , 0 , 0 , 0
1240 , 0 , 1000 , 826.827 , 0 , 0 , 0
1241 , 0 , 1000 , 826.67 , 0 , 0 , 0
1242 , 0 , 1000 , 826.514 , 0 , 0 , 0
1243 , 0 , 1000 , 826.357 , 0 , 0 , 0
1244 , 0 , 1000 , 826.201 , 0 , 0 , 0
1245 , 0 , 1000 , 826.044 , 0 , 0 , 0
1246 , 0 , 1000 , 825.888 , 0 , 0 , 0
1247 , 0 , 1000 , 825.732 , 0 , 0 , 0
1248 , 0 , 1000 , 825.576 , 0 , 0 , 0
1249 , 0 , 1000 , 825.419 , 0 , 0 , 0
1250 , 0 , 1000 , 825.263 , 0 , 0 , 0
1251 , 0 , 1000 , 825.107 , 0 , 0 , 0
1252 , 0 , 1000 , 824.951 , 0 , 0 , 0
1253 , 0 , 1000 , 824.795 , 0 , 0 , 0
1254 , 0 , 1000 , 824.639 , 0 , 0 , 0
1255 , 0 , 1000 , 824.483 , 0 , 0 , 0
1256 , 0 , 1000 , 824.327 , 0 , 0 , 0
1257 , 0 , 1000 , 824.171 , 0 , 0 , 0
1258 , 0 , 1000 , 824.015 , 0 , 0 , 0
1259 , 0 , 1000 , 823.859 , 0 , 0 , 0
1260 , 0 , 1000 , 823.704 , 0 , 0 , 0
1261 , 0 , 1000 , 823.548 , 0 , 0 , 0
1262 , 0 , 1000 , 823.392 , 0 , 0 , 0
1263 , 0 , 1000 , 823.237 , 0 , 0 , 0
1264 , 0 , 1000 , 823.081 , 0 , 0 , 0
1265 , 0 , 1000 , 822.926 , 0 , 0 , 0
1266 , 0 , 1000 , 822.77 , 0 , 0 , 0
1267 , 0 , 1000 , 822.615 , 0 , 0 , 0
1268 , 0 , 1000 , 822.459 , 0 , 0 , 0
1269 , 0 , 1000 , 822.304 , 0 , 0 , 0
1270 , 0 , 1000 , 822.149 , 0 , 0 , 0
1271 , 0 , 1000 , 821.994 , 0 , 0 , 0
1272 , 0 , 1000 , 821.839 , 0 , 0 , 0
1273 , 0 , 1000 , 821.683 , 0 , 0 , 0
1274 , 0 , 1000 , 821.528 , 0 , 0 , 0
1275 , 0 , 1000 , 821.373 , 0 , 0 , 0
1276 , 0 , 1000 , 821.218 , 0 , 0 , 0
1277 , 0 , 1000 , 821.063 , 0 , 0 , 0
1278 , 0 , 1000 , 820.909 , 0 , 0 , 0
1279 , 0 , 1000 , 820.754 , 0 , 0 , 0
1280 , 0 , 1000 , 820.599 , 0 , 0 , 0
1281 , 0 , 1000 , 820.444 , 0 , 0 , 0
1282 , 0 , 1000 , 820.289 , 0 , 0 , 0
1283 , 0 , 1000 , 820.135 , 0 , 0 , 0
1284 , 0 , 1000 , 819.98 , 0 , 0 , 0
1285 , 0 , 1000 , 819.826 , 0 , 0 , 0
1286 , 0 , 1000 , 819.671 , 0 , 0 , 0
1287 , 0 , 1000 , 819.516 , 0 , 0 , 0
1288 , 0 , 1000 , 819.362 , 0 , 0 , 0
1289 , 0 , 1000 , 819.208 , 0 , 0 , 0
1290 , 0 , 1000 , 819.053 , 0 , 0 , 0
1291 , 0 , 1000 , 818.899 , 0 , 0 , 0
1292 , 0 , 1000 , 818.745 , 0 , 0 , 0
1293 , 0 , 1000 , 818.59 , 0 , 0 , 0
1294 , 0 , 1000 , 818.436 , 0 , 0 , 0
1295 , 0 , 1000 , 818.282 , 0 , 0 , 0
1296 , 0 , 1000 , 818.128 , 0 , 0 , 0
1297 , 0 , 1000 , 817.974 , 0 , 0 , 0
1298 , 0 , 1000 , 817.82 , 0 , 0 , 0
1299 , 0 , 1000 , 817.666 , 0 , 0 , 0
1300 , 0 , 1000 , 817.512 , 0 , 0 , 0
1301 , 0 , 1000 , 817.358 , 0 , 0 , 0
1302 , 0 , 1000 , 817.204 , 0 , 0 , 0
1303 , 0 , 1000 , 817.05 , 0 , 0 , 0
1304 , 0 , 1000 , 816.897 , 0 , 0 , 0
1305 , 0 , 1000 , 816.743 , 0 , 0 , 0
1306 , 0 , 1000 , 816.589 , 0 , 0 , 0
1307 , 0 , 1000 , 816.436 , 0 , 0 , 0
1308 , 0 , 1000 , 816.282 , 0 , 0 , 0
1309 , 0 , 1000 , 816.128 , 0 , 0 , 0
1310 , 0 , 1000 , 815.975 , 0 , 0 , 0
1311 , 0 , 1000 , 815.821 , 0 , 0 , 0
1312 , 0 , 1000 , 815.668 , 0 , 0 , 0
1313 , 0 , 1000 , 815.515 , 0 , 0 , 0
1314 , 0 , 1000 , 815.361 , 0 , 0 , 0
1315 , 0 , 1000 , 815.208 , 0 , 0 , 0
1316 , 0 , 1000 , 815.055 , 0 , 0 , 0
1317 , 0 , 1000 , 814.901 , 0 , 0 , 0
1318 , 0 , 1000 , 814.748 , 0 , 0 , 0
1319 , 0 , 1000 , 814.595 , 0 , 0 , 0
1320 , 0 , 1000 , 814.442 , 0 , 0 , 0
1321 , 0 , 1000 , 814.289 , 0 , 0 , 0
1322 , 0 , 1000 , 814.136 , 0 , 0 , 0
1323 , 0 , 1000 , 813.983 , 0 , 0 , 0
1324 , 0 , 1000 , 813.83 , 0 , 0 , 0
1325 , 0 , 1000 , 813.677 , 0 , 0 , 0
1326 , 0 , 1000 , 813.524 , 0 , 0 , 0
1327 , 0 , 1000 , 813.372 , 0 , 0 , 0
1328 , 0 , 1000 , 813.219 , 0 , 0 , 0
1329 , 0 , 1000 , 813.066 , 0 , 0 , 0
1330 , 0 , 1000 , 812.914 , 0 , 0 , 0
1331 , 0 , 1000 , 812.761 , 0 , 0 , 0
1332 , 0 , 1000 , 812.608 , 0 , 0 , 0
1333 , 0 , 1000 , 812.456 , 0 , 0 , 0
1334 , 0 , 1000 , 812.303 , 0 , 0 , 0
1335 , 0 , 1000 , 812.151 , 0 , 0 , 0
1336 , 0 , 1000 , 811.998 , 0 , 0 , 0
1337 , 0 , 1000 , 811.846 , 0 , 0 , 0
1338 , 0 , 1000 , 811.694 , 0 , 0 , 0
1339 , 0 , 1000 , 811.541 , 0 , 0 , 0
1340 , 0 , 1000 , 811.389 , 0 , 0 , 0
1341 , 0 , 1000 , 811.237 , 0 , 0 , 0
1342 , 0 , 1000 , 811.085 , 0 , 0 , 0
1343 , 0 , 1000 , 810.932 , 0 , 0 , 0
1344 , 0 , 1000 , 810.78 , 0 , 0 , 0
1345 , 0 , 1000 , 810.628 , 0 , 0 , 0
1346 , 0 , 1000 , 810.476 , 0 , 0 , 0
1347 , 0 , 1000 , 810.324 , 0 , 0 , 0
1348 , 0 , 1000 , 810.172 , 0 , 0 , 0
1349 , 0 , 1000 , 810.02 , 0 , 0 , 0
1350 , 0 , 1000 , 809.869 , 0 , 0 , 0
1351 , 0 , 1000 , 809.717 , 0 , 0 , 0
1352 , 0 , 1000 , 809.565 , 0 , 0 , 0
1353 , 0 , 1000 , 809.413 , 0 , 0 , 0
1354 , 0 , 1000 , 809.261 , 0 , 0 , 0
1355 , 0 , 1000 , 809.11 , 0 , 0 , 0
1356 , 0 , 1000 , 808.958 , 0 , 0 , 0
1357 , 0 , 1000 , 808.807 , 0 , 0 , 0
1358 , 0 , 1000 , 808.655 , 0 , 0 , 0
1359 , 0 , 1000 , 808.503 , 0 , 0 , 0
1360 , 0 , 1000 , 808.352 , 0 , 0 , 0
1361 , 0 , 1000 , 808.201 , 0 , 0 , 0
1362 , 0 , 1000 , 808.049 , 0 , 0 , 0
1363 , 0 , 1000 , 807.898 , 0 , 0 , 0
1364 , 0 , 1000 , 807.746 , 0 , 0 , 0
1365 , 0 , 1000 , 807.595 , 0 , 0 , 0
1366 , 0 , 1000 , 807.444 , 0 , 0 , 0
1367 , 0 , 1000 , 807.293 , 0 , 0 , 0
1368 , 0 , 1000 , 807.142 , 0 , 0 , 0
1369 , 0 , 1000 , 806.99 , 0 , 0 , 0
1370 , 0 , 1000 , 806.839 , 0 , 0 , 0
1371 , 0 , 1000 , 806.688 , 0 , 0 , 0
1372 , 0 , 1000 , 806.537 , 0 , 0 , 0
1373 , 0 , 1000 , 806.386 , 0 , 0 , 0
1374 , 0 , 1000 , 806.235 , 0 , 0 , 0
1375 , 0 , 1000 , 806.085 , 0 , 0 , 0
1376 , 0 , 1000 , 805.934 , 0 , 0 , 0
1377 , 0 , 1000 , 805.783 , 0 , 0 , 0
1378 , 0 , 1000 , 805.632 , 0 , 0 , 0
1379 , 0 , 1000 , 805.481 , 0 , 0 , 0
1380 , 0 , 1000 , 805.331 , 0 , 0 , 0
1381 , 0 , 1000 , 805.18 , 0 , 0 , 0
1382 , 0 , 1000 , 805.029 , 0 , 0 , 0
1383 , 0 , 1000 , 804.879 , 0 , 0 , 0
1384 , 0 , 1000 , 804.728 , 0 , 0 , 0
1385 , 0 , 1000 , 804.578 , 0 , 0 , 0
1386 , 0 , 1000 , 804.427 , 0 , 0 , 0
1387 , 0 , 1000 , 804.277 , 0 , 0 , 0
1388 , 0 , 1000 , 804.126 , 0 , 0 , 0
1389 , 0 , 1000 , 803.976 , 0 , 0 , 0
1390 , 0 , 1000 , 803.826 , 0 , 0 , 0
1391 , 0 , 1000 , 803.675 , 0 , 0 , 0
1392 , 0 , 1000 , 803.525 , 0 , 0 , 0
1393 , 0 , 1000 , 803.375 , 0 , 0 , 0
1394 , 0 , 1000 , 803.225 , 0 , 0 , 0
1395 , 0 , 1000 , 803.074 , 0 , 0 , 0
1396 , 0 , 1000 , 802.924 , 0 , 0 , 0
1397 , 0 , 1000 , 802.774 , 0 , 0 , 0
1398 , 0 , 1000 , 802.624 , 0 , 0 , 0
1399 , 0 , 1000 , 802.474 , 0 , 0 , 0
1400 , 0 , 1000 , 802.324 , 0 , 0 , 0
1401 , 0 , 1000 , 802.174 , 0 , 0 , 0
1402 , 0 , 1000 , 802.024 , 0 , 0 , 0
1403 , 0 , 1000 , 801.875 , 0 , 0 , 0
1404 , 0 , 1000 , 801.725 , 0 , 0 , 0
1405 , 0 , 1000 , 801.575 , 0 , 0 , 0
1406 , 0 , 1000 , 801.425 , 0 , 0 , 0
1407 , 0 , 1000 , 801.276 , 0 , 0 , 0
1408 , 0 , 1000 , 801.126 , 0 , 0 , 0
1409 , 0 , 1000 , 800.976 , 0 , 0 , 0
1410 , 0 , 1000 , 800.827 , 0 , 0 , 0
1411 , 0 , 1000 , 800.677 , 0 , 0 , 0
1412 , 0 , 1000 , 800.528 , 0 , 0 , 0
1413 , 0 , 1000 , 800.378 , 0 , 0 , 0
1414 , 0 , 1000 , 800.229 , 0 , 0 , 0
1415 , 0 , 1000 , 800.079 , 0 , 0 , 0
1416 , 0 , 1000 , 799.93 , 0 , 0 , 0
1417 , 0 , 1000 , 799.781 , 0 , 0 , 0
1418 , 0 , 1000 , 799.632 , 0 , 0 , 0
1419 , 0 , 1000 , 799.482 , 0 , 0 , 0
1420 , 0 , 1000 , 799.333 , 0 , 0 , 0
1421 , 0 , 1000 , 799.184 , 0 , 0 , 0
1422 , 0 , 1000 , 799.035 , 0 , 0 , 0
1423 , 0 , 1000 , 798.886 , 0 , 0 , 0
1424 , 0 , 1000 , 798.737 , 0 , 0 , 0
1425 , 0 , 1000 , 798.588 , 0 , 0 , 0
1426 , 0 , 1000 , 798.439 , 0 , 0 , 0
1427 , 0 , 1000 , 798.29 , 0 , 0 , 0
1428 , 0 , 1000 , 798.141 , 0 , 0 , 0
1429 , 0 , 1000 , 797.992 , 0 , 0 , 0
1430 , 0 , 1000 , 797.843 , 0 , 0 , 0
1431 , 0 , 1000 , 797.694 , 0 , 0 , 0
1432 , 0 , 1000 , 797.545 , 0 , 0 , 0
1433 , 0 , 1000 , 797.397 , 0 , 0 , 0
1434 , 0 , 1000 , 797.248 , 0 , 0 , 0
1435 , 0 , 1000 , 797.099 , 0 , 0 , 0
1436 , 0 , 1000 , 796.951 , 0 , 0 , 0
1437 , 0 , 1000 , 796.802 , 0 , 0 , 0
1438 , 0 , 1000 , 796.654 , 0 , 0 , 0
1439 , 0 , 1000 , 796.505 , 0 , 0 , 0
1440 , 0 , 1000 , 796.357 , 0 , 0 , 0
1441 , 0 , 1000 , 796.208 , 0 , 0 , 0
1442 , 0 , 1000 , 796.06 , 0 , 0 , 0
1443 , 0 , 1000 , 795.911 , 0 , 0 , 0
1444 , 0 , 1000 , 795.763 , 0 , 0 , 0
1445 , 0 , 1000 , 795.615 , 0 , 0 , 0
1446 , 0 , 1000 , 795.467 , 0 , 0 , 0
1447 , 0 , 1000 , 795.318 , 0 , 0 , 0
1448 , 0 , 1000 , 795.17 , 0 , 0 , 0
1449 , 0 , 1000 , 795.022 , 0 , 0 , 0
1450 , 0 , 1000 , 794.874 , 0 , 0 , 0
1451 , 0 , 1000 , 794.726 , 0 , 0 , 0
1452 , 0 , 1000 , 794.578 , 0 , 0 , 0
1453 , 0 , 1000 , 794.43 , 0 , 0 , 0
1454 , 0 , 1000 , 794.282 , 0 , 0 , 0
1455 , 0 , 1000 , 794.134 , 0 , 0 , 0
1456 , 0 , 1000 , 793.986 , 0 , 0 , 0
1457 , 0 , 1000 , 793.838 , 0 , 0 , 0
1458 , 0 , 1000 , 793.691 , 0 , 0 , 0
1459 , 0 , 1000 , 793.543 , 0 , 0 , 0
1460 , 0 , 1000 , 793.395 , 0 , 0 , 0
1461 , 0 , 1000 , 793.247 , 0 , 0 , 0
1462 , 0 , 1000 , 793.1 , 0 , 0 , 0
1463 , 0 , 1000 , 792.952 , 0 , 0 , 0
1464 , 0 , 1000 , 792.805 , 0 , 0 , 0
1465 , 0 , 1000 , 792.657 , 0 , 0 , 0
1466 , 0 , 1000 , 792.51 , 0 , 0 , 0
1467 , 0 , 1000 , 792.362 , 0 , 0 , 0
1468 , 0 , 1000 , 792.215 , 0 , 0 , 0
1469 , 0 , 1000 , 792.067 , 0 , 0 , 0
1470 , 0 , 1000 , 791.92 , 0 , 0 , 0
1471 , 0 , 1000 , 791.772 , 0 , 0 , 0
1472 , 0 , 1000 , 791.625 , 0 , 0 , 0
1473 , 0 , 1000 , 791.478 , 0 , 0 , 0
1474 , 0 , 1000 , 791.331 , 0 , 0 , 0
1475 , 0 , 1000 , 791.184 , 0 , 0 , 0
1476 , 0 , 1000 , 791.036 , 0 , 0 , 0
1477 , 0 , 1000 , 790.889 , 0 , 0 , 0
1478 , 0 , 1000 , 790.742 , 0 , 0 , 0
1479 , 0 , 1000 , 790.595 , 0 , 0 , 0
1480 , 0 , 1000 , 790.448 , 0 , 0 , 0
1481 , 0 , 1000 , 790.301 , 0 , 0 , 0
1482 , 0 , 1000 , 790.154 , 0 , 0 , 0
1483 , 0 , 1000 , 790.008 , 0 , 0 , 0
1484 , 0 , 1000 , 789.861 , 0 , 0 , 0
1485 , 0 , 1000 , 789.714 , 0 , 0 , 0
1486 , 0 , 1000 , 789.567 , 0 , 0 , 0
1487 , 0 , 1000 , 789.42 , 0 , 0 , 0
1488 , 0 , 1000 , 789.274 , 0 , 0 , 0
1489 , 0 , 1000 , 789.127 , 0 , 0 , 0
1490 , 0 , 1000 , 788.98 , 0 , 0 , 0
1491 , 0 , 1000 , 788.834 , 0 , 0 , 0
1492 , 0 , 1000 , 788.687 , 0 , 0 , 0
1493 , 0 , 1000 , 788.541 , 0 , 0 , 0
1494 , 0 , 1000 , 788.394 , 0 , 0 , 0
1495 , 0 , 1000 , 788.248 , 0 , 0 , 0
1496 , 0 , 1000 , 788.102 , 0 , 0 , 0
1497 , 0 , 1000 , 787.955 , 0 , 0 , 0
1498 , 0 , 1000 , 787.809 , 0 , 0 , 0
1499 , 0 , 1000 , 787.663 , 0 , 0 , 0
1500 , 0 , 1000 , 787.516 , 0 , 0 , 0
1501 , 0 , 1000 , 787.37 , 0 , 0 , 0
1502 , 0 , 1000 , 787.224 , 0 , 0 , 0
1503 , 0 , 1000 , 787.078 , 0 , 0 , 0
1504 , 0 , 1000 , 786.932 , 0 , 0 , 0
1505 , 0 , 1000 , 786.786 , 0 , 0 , 0
1506 , 0 , 1000 , 786.64 , 0 , 0 , 0
1507 , 0 , 1000 , 786.494 , 0 , 0 , 0
1508 , 0 , 1000 , 786.348 , 0 , 0 , 0
1509 , 0 , 1000 , 786.202 , 0 , 0 , 0
1510 , 0 , 1000 , 786.056 , 0 , 0 , 0
1511 , 0 , 1000 , 785.911 , 0 , 0 , 0
1512 , 0 , 1000 , 785.765 , 0 , 0 , 0
1513 , 0 , 1000 , 785.619 , 0 , 0 , 0
1514 , 0 , 1000 , 785.473 , 0 , 0 , 0
1515 , 0 , 1000 , 785.328 , 0 , 0 , 0
1516 , 0 , 1000 , 785.182 , 0 , 0 , 0
1517 , 0 , 1000 , 785.036 , 0 , 0 , 0
1518 , 0 , 1000 , 784.891 , 0 , 0 , 0
1519 , 0 , 1000 , 784.746 , 0 , 0 , 0
1520 , 0 , 1000 , 784.6 , 0 , 0 , 0
1521 , 0 , 1000 , 784.455 , 0 , 0 , 0
1522 , 0 , 1000 , 784.309 , 0 , 0 , 0
1523 , 0 , 1000 , 784.164 , 0 , 0 , 0
1524 , 0 , 1000 , 784.019 , 0 , 0 , 0
1525 , 0 , 1000 , 783.873 , 0 , 0 , 0
1526 , 0 , 1000 , 783.728 , 0 , 0 , 0
1527 , 0 , 1000 , 783.583 , 0 , 0 , 0
1528 , 0 , 1000 , 783.438 , 0 , 0 , 0
1529 , 0 , 1000 , 783.293 , 0 , 0 , 0
1530 , 0 , 1000 , 783.148 , 0 , 0 , 0
1531 , 0 , 1000 , 783.003 , 0 , 0 , 0
1532 , 0 , 1000 , 782.858 , 0 , 0 , 0
1533 , 0 , 1000 , 782.713 , 0 , 0 , 0
1534 , 0 , 1000 , 782.568 , 0 , 0 , 0
1535 , 0 , 1000 , 782.423 , 0 , 0 , 0
1536 , 0 , 1000 , 782.279 , 0 , 0 , 0
1537 , 0 , 1000 , 782.134 , 0 , 0 , 0
1538 , 0 , 1000 , 781.989 , 0 , 0 , 0
1539 , 0 , 1000 , 781.844 , 0 , 0 , 0
1540 , 0 , 1000 , 781.7 , 0 , 0 , 0
1541 , 0 , 1000 , 781.555 , 0 , 0 , 0
1542 , 0 , 1000 , 781.411 , 0 , 0 , 0
1543 , 0 , 1000 , 781.266 , 0 , 0 , 0
1544 , 0 , 1000 , 781.122 , 0 , 0 , 0
1545 , 0 , 1000 , 780.977 , 0 , 0 , 0
1546 , 0 , 1000 , 780.833 , 0 , 0 , 0
1547 , 0 , 1000 , 780.689 , 0 , 0 , 0
1548 , 0 , 1000 , 780.544 , 0 , 0 , 0
1549 , 0 , 1000 , 780.4 , 0 , 0 , 0
1550 , 0 , 1000 , 780.256 , 0 , 0 , 0
1551 , 0 , 1000 , 780.112 , 0 , 0 , 0
1552 , 0 , 1000 , 779.967 , 0 , 0 , 0
1553 , 0 , 1000 , 779.823 , 0 , 0 , 0
1554 , 0 , 1000 , 779.679 , 0 , 0 , 0
1555 , 0 , 1000 , 779.535 , 0 , 0 , 0
1556 , 0 , 1000 , 779.391 , 0 , 0 , 0
1557 , 0 , 1000 , 779.247 , 0 , 0 , 0
1558 , 0 , 1000 , 779.104 , 0 , 0 , 0
1559 , 0 , 1000 , 778.96 , 0 , 0 , 0
1560 , 0 , 1000 , 778.816 , 0 , 0 , 0
1561 , 0 , 1000 , 778.672 , 0 , 0 , 0
1562 , 0 , 1000 , 778.529 , 0 , 0 , 0
1563 , 0 , 1000 , 778.385 , 0 , 0 , 0
1564 , 0 , 1000 , 778.241 , 0 , 0 , 0
1565 , 0 , 1000 , 778.098 , 0 , 0 , 0
1566 , 0 , 1000 , 777.954 , 0 , 0 , 0
1567 , 0 , 1000 , 777.811 , 0 , 0 , 0
1568 , 0 , 1000 , 777.667 , 0 , 0 , 0
1569 , 0 , 1000 , 777.524 , 0 , 0 , 0
1570 , 0 , 1000 , 777.381 , 0 , 0 , 0
1571 , 0 , 1000 , 777.237 , 0 , 0 , 0
1572 , 0 , 1000 , 777.094 , 0 , 0 , 0
1573 , 0 , 1000 , 776.951 , 0 , 0 , 0
1574 , 0 , 1000 , 776.808 , 0 , 0 , 0
1575 , 0 , 1000 , 776.665 , 0 , 0 , 0
1576 , 0 , 1000 , 776.522 , 0 , 0 , 0
1577 , 0 , 1000 , 776.379 , 0 , 0 , 0
1578 , 0 , 1000 , 776.236 , 0 , 0 , 0
1579 , 0 , 1000 , 776.093 , 0 , 0 , 0
1580 , 0 , 1000 , 775.95 , 0 , 0 , 0
1581 , 0 , 1000 , 775.807 , 0 , 0 , 0
1582 , 0 , 1000 , 775.665 , 0 , 0 , 0
1583 , 0 , 1000 , 775.522 , 0 , 0 , 0
1584 , 0 , 1000 , 775.379 , 0 , 0 , 0
1585 , 0 , 1000 , 775.237 , 0 , 0 , 0
1586 , 0 , 1000 , 775.094 , 0 , 0 , 0
1587 , 0 , 1000 , 774.952 , 0 , 0 , 0
1588 , 0 , 1000 , 774.809 , 0 , 0 , 0
1589 , 0 , 1000 , 774.667 , 0 , 0 , 0
1590 , 0 , 1000 , 774.524 , 0 , 0 , 0
1591 , 0 , 1000 , 774.382 , 0 , 0 , 0
1592 , 0 , 1000 , 774.24 , 0 , 0 , 0
1593 , 0 , 1000 , 774.098 , 0 , 0 , 0
1594 , 0 , 1000 , 773.955 , 0 , 0 , 0
1595 , 0 , 1000 , 773.813 , 0 , 0 , 0
1596 , 0 , 1000 , 773.671 , 0 , 0 , 0
1597 , 0 , 1000 , 773.529 , 0 , 0 , 0
1598 , 0 , 1000 , 773.387 , 0 , 0 , 0
1599 , 0 , 1000 , 773.245 , 0 , 0 , 0
1600 , 0 , 1000 , 773.104 , 0 , 0 , 0
1601 , 0 , 1000 , 772.962 , 0 , 0 , 0
1602 , 0 , 1000 , 772.82 , 0 , 0 , 0
1603 , 0 , 1000 , 772.678 , 0 , 0 , 0
1604 , 0 , 1000 , 772.537 , 0 , 0 , 0
1605 , 0 , 1000 , 772.395 , 0 , 0 , 0
1606 , 0 , 1000 , 772.254 , 0 , 0 , 0
1607 , 0 , 1000 , 772.112 , 0 , 0 , 0
1608 , 0 , 1000 , 771.971 , 0 , 0 , 0
1609 , 0 , 1000 , 771.829 , 0 , 0 , 0
1610 , 0 , 1000 , 771.688 , 0 , 0 , 0
1611 , 0 , 1000 , 771.547 , 0 , 0 , 0
1612 , 0 , 1000 , 771.406 , 0 , 0 , 0
1613 , 0 , 1000 , 771.264 , 0 , 0 , 0
1614 , 0 , 1000 , 771.123 , 0 , 0 , 0
1615 , 0 , 1000 , 770.982 , 0 , 0 , 0
1616 , 0 , 1000 , 770.841 , 0 , 0 , 0
1617 , 0 , 1000 , 770.7 , 0 , 0 , 0
1618 , 0 , 1000 , 770.56 , 0 , 0 , 0
1619 , 0 , 1000 , 770.419 , 0 , 0 , 0
1620 , 0 , 1000 , 770.278 , 0 , 0 , 0
1621 , 0 , 1000 , 770.137 , 0 , 0 , 0
1622 , 0 , 1000 , 769.997 , 0 , 0 , 0
1623 , 0 , 1000 , 769.856 , 0 , 0 , 0
1624 , 0 , 1000 , 769.715 , 0 , 0 , 0
1625 , 0 , 1000 , 769.575 , 0 , 0 , 0
1626 , 0 , 1000 , 769.435 , 0 , 0 , 0
1627 , 0 , 1000 , 769.294 , 0 , 0 , 0
1628 , 0 , 1000 , 769.154 , 0 , 0 , 0
1629 , 0 , 1000 , 769.014 , 0 , 0 , 0
1630 , 0 , 1000 , 768.873 , 0 , 0 , 0
1631 , 0 , 1000 , 768.733 , 0 , 0 , 0
1632 , 0 , 1000 , 768.593 , 0 , 0 , 0
1633 , 0 , 1000 , 768.453 , 0 , 0 , 0
1634 , 0 , 1000 , 768.313 , 0 , 0 , 0
1635 , 0 , 1000 , 768.173 , 0 , 0 , 0
1636 , 0 , 1000 , 768.033 , 0 , 0 , 0
1637 , 0 , 1000 , 767.894 , 0 , 0 , 0
1638 , 0 , 1000 , 767.754 , 0 , 0 , 0
1639 , 0 , 1000 , 767.614 , 0 , 0 , 0
1640 , 0 , 1000 , 767.475 , 0 , 0 , 0
1641 , 0 , 1000 , 767.335 , 0 , 0 , 0
1642 , 0 , 1000 , 767.196 , 0 , 0 , 0
1643 , 0 , 1000 , 767.056 , 0 , 0 , 0
1644 , 0 , 1000 , 766.917 , 0 , 0 , 0
1645 , 0 , 1000 , 766.778 , 0 , 0 , 0
1646 , 0 , 1000 , 766.638 , 0 , 0 , 0
1647 , 0 , 1000 , 766.499 , 0 , 0 , 0
1648 , 0 , 1000 , 766.36 , 0 , 0 , 0
1649 , 0 , 1000 , 766.221 , 0 , 0 , 0
1650 , 0 , 1000 , 766.082 , 0 , 0 , 0
1651 , 0 , 1000 , 765.943 , 0 , 0 , 0
1652 , 0 , 1000 , 765.804 , 0 , 0 , 0
1653 , 0 , 1000 , 765.665 , 0 , 0 , 0
1654 , 0 , 1000 , 765.526 , 0 , 0 , 0
1655 , 0 , 1000 , 765.388 , 0 , 0 , 0
1656 , 0 , 1000 , 765.249 , 0 , 0 , 0
1657 , 0 , 1000 , 765.11 , 0 , 0 , 0
1658 , 0 , 1000 , 764.972 , 0 , 0 , 0
1659 , 0 , 1000 , 764.833 , 0 , 0 , 0
1660 , 0 , 1000 , 764.695 , 0 , 0 , 0
1661 , 0 , 1000 , 764.556 , 0 , 0 , 0
1662 , 0 , 1000 , 764.418 , 0 , 0 , 0
1663 , 0 , 1000 , 764.28 , 0 , 0 , 0
1664 , 0 , 1000 , 764.142 , 0 , 0 , 0
1665 , 0 , 1000 , 764.004 , 0 , 0 , 0
1666 , 0 , 1000 , 763.865 , 0 , 0 , 0
1667 , 0 , 1000 , 763.727 , 0 , 0 , 0
1668 , 0 , 1000 , 763.589 , 0 , 0 , 0
1669 , 0 , 1000 , 763.452 , 0 , 0 , 0
1670 , 0 , 1000 , 763.314 , 0 , 0 , 0
1671 , 0 , 1000 , 763.176 , 0 , 0 , 0
1672 , 0 , 1000 , 763.038 , 0 , 0 , 0
1673 , 0 , 1000 , 762.901 , 0 , 0 , 0
1674 , 0 , 1000 , 762.763 , 0 , 0 , 0
1675 , 0 , 1000 , 762.626 , 0 , 0 , 0
1676 , 0 , 1000 , 762.488 , 0 , 0 , 0
1677 , 0 , 1000 , 762.351 , 0 , 0 , 0
1678 , 0 , 1000 , 762.213 , 0 , 0 , 0
1679 , 0 , 1000 , 762.076 , 0 , 0 , 0
1680 , 0 , 1000 , 761.939 , 0 , 0 , 0
1681 , 0 , 1000 , 761.802 , 0 , 0 , 0
1682 , 0 , 1000 , 761.664 , 0 , 0 , 0
1683 , 0 , 1000 , 761.527 , 0 , 0 , 0
1684 , 0 , 1000 , 761.39 , 0 , 0 , 0
1685 , 0 , 1000 , 761.253 , 0 , 0 , 0
1686 , 0 , 1000 , 761.116 , 0 , 0 , 0
1687 , 0 , 1000 , 760.98 , 0 , 0 , 0
1688 , 0 , 1000 , 760.843 , 0 , 0 , 0
1689 , 0 , 1000 , 760.706 , 0 , 0 , 0
1690 , 0 , 1000 , 760.569 , 0 , 0 , 0
1691 , 0 , 1000 , 760.433 , 0 , 0 , 0
1692 , 0 , 1000 , 760.296 , 0 , 0 , 0
1693 , 0 , 1000 , 760.16 , 0 , 0 , 0
1694 , 0 , 1000 , 760.023 , 0 , 0 , 0
1695 , 0 , 1000 , 759.887 , 0 , 0 , 0
1696 , 0 , 1000 , 759.75 , 0 , 0 , 0
1697 , 0 , 1000 , 759.614 , 0 , 0 , 0
1698 , 0 , 1000 , 759.478 , 0 , 0 , 0
1699 , 0 , 1000 , 759.342 , 0 , 0 , 0
1700 , 0 , 1000 , 759.206 , 0 , 0 , 0
1701 , 0 , 1000 , 759.07 , 0 , 0 , 0
1702 , 0 , 1000 , 758.934 , 0 , 0 , 0
1703 , 0 , 1000 , 758.798 , 0 , 0 , 0
1704 , 0 , 1000 , 758.662 , 0 , 0 , 0
1705 , 0 , 1000 , 758.526 , 0 , 0 , 0
1706 , 0 , 1000 , 758.39 , 0 , 0 , 0
1707 , 0 , 1000 , 758.254 , 0 , 0 , 0
1708 , 0 , 1000 , 758.119 , 0 , 0 , 0
1709 , 0 , 1000 , 757.983 , 0 , 0 , 0
1710 , 0 , 1000 , 757.847 , 0 , 0 , 0
1711 , 0 , 1000 , 757.712 , 0 , 0 , 0
1712 , 0 , 1000 , 757.576 , 0 , 0 , 0
1713 , 0 , 1000 , 757.441 , 0 , 0 , 0
1714 , 0 , 1000 , 757.305 , 0 , 0 , 0
1715 , 0 , 1000 , 757.17 , 0 , 0 , 0
1716 , 0 , 1000 , 757.035 , 0 , 0 , 0
1717 , 0 , 1000 , 756.899 , 0 , 0 , 0
1718 , 0 , 1000 , 756.764 , 0 , 0 , 0
1719 , 0 , 1000 , 756.629 , 0 , 0 , 0
1720 , 0 , 1000 , 756.494 , 0 , 0 , 0
1721 , 0 , 1000 , 756.359 , 0 , 0 , 0
1722 , 0 , 1000 , 756.224 , 0 , 0 , 0
1723 , 0 , 1000 , 756.089 , 0 , 0 , 0
1724 , 0 , 1000 , 755.954 , 0 , 0 , 0
1725 , 0 , 1000 , 755.819 , 0 , 0 , 0
1726 , 0 , 1000 , 755.685 , 0 , 0 , 0
1727 , 0 , 1000 , 755.55 , 0 , 0 , 0
1728 , 0 , 1000 , 755.415 , 0 , 0 , 0
1729 , 0 , 1000 , 755.28 , 0 , 0 , 0
1730 , 0 , 1000 , 755.146 , 0 , 0 , 0
1731 , 0 , 1000 , 755.011 , 0 , 0 , 0
1732 , 0 , 1000 , 754.877 , 0 , 0 , 0
1733 , 0 , 1000 , 754.742 , 0 , 0 , 0
1734 , 0 , 1000 , 754.608 , 0 , 0 , 0
1735 , 0 , 1000 , 754.473 , 0 , 0 , 0
1736 , 0 , 1000 , 754.339 , 0 , 0 , 0
1737 , 0 , 1000 , 754.205 , 0 , 0 , 0
1738 , 0 , 1000 , 754.07 , 0 , 0 , 0
1739 , 0 , 1000 , 753.936 , 0 , 0 , 0
1740 , 0 , 1000 , 753.802 , 0 , 0 , 0
1741 , 0 , 1000 , 753.668 , 0 , 0 , 0
1742 , 0 , 1000 , 753.534 , 0 , 0 , 0
1743 , 0 , 1000 , 753.4 , 0 , 0 , 0
1744 , 0 , 1000 , 753.266 , 0 , 0 , 0
1745 , 0 , 1000 , 753.132 , 0 , 0 , 0
1746 , 0 , 1000 , 752.998 , 0 , 0 , 0
1747 , 0 , 1000 , 752.864 , 0 , 0 , 0
1748 , 0 , 1000 , 752.73 , 0 , 0 , 0
1749 , 0 , 1000 , 752.596 , 0 , 0 , 0
1750 , 0 , 1000 , 752.463 , 0 , 0 , 0
1751 , 0 , 1000 , 752.329 , 0 , 0 , 0
1752 , 0 , 1000 , 752.195 , 0 , 0 , 0
1753 , 0 , 1000 , 752.062 , 0 , 0 , 0
1754 , 0 , 1000 , 751.928 , 0 , 0 , 0
1755 , 0 , 1000 , 751.795 , 0 , 0 , 0
1756 , 0 , 1000 , 751.661 , 0 , 0 , 0
1757 , 0 , 1000 , 751.528 , 0 , 0 , 0
1758 , 0 , 1000 , 751.394 , 0 , 0 , 0
1759 , 0 , 1000 , 751.261 , 0 , 0 , 0
1760 , 0 , 1000 , 751.128 , 0 , 0 , 0
1761 , 0 , 1000 , 750.994 , 0 , 0 , 0
1762 , 0 , 1000 , 750.861 , 0 , 0 , 0
1763 , 0 , 1000 , 750.728 , 0 , 0 , 0
1764 , 0 , 1000 , 750.595 , 0 , 0 , 0
1765 , 0 , 1000 , 750.461 , 0 , 0 , 0
1766 , 0 , 1000 , 750.328 , 0 , 0 , 0
1767 , 0 , 1000 , 750.195 , 0 , 0 , 0
1768 , 0 , 1000 , 750.062 , 0 , 0 , 0
1769 , 0 , 1000 , 749.929 , 0 , 0 , 0
1770 , 0 , 1000 , 749.796 , 0 , 0 , 0
1771 , 0 , 1000 , 749.663 , 0 , 0 , 0
1772 , 0 , 1000 , 749.53 , 0 , 0 , 0
1773 , 0 , 1000 , 749.397 , 0 , 0 , 0
1774 , 0 , 1000 , 749.264 , 0 , 0 , 0
1775 , 0 , 1000 , 749.132 , 0 , 0 , 0
1776 , 0 , 1000 , 748.999 , 0 , 0 , 0
1777 , 0 , 1000 , 748.866 , 0 , 0 , 0
1778 , 0 , 1000 , 748.734 , 0 , 0 , 0
1779 , 0 , 1000 , 748.601 , 0 , 0 , 0
1780 , 0 , 1000 , 748.468 , 0 , 0 , 0
1781 , 0 , 1000 , 748.336 , 0 , 0 , 0
1782 , 0 , 1000 , 748.203 , 0 , 0 , 0
1783 , 0 , 1000 , 748.071 , 0 , 0 , 0
1784 , 0 , 1000 , 747.938 , 0 , 0 , 0
1785 , 0 , 1000 , 747.806 , 0 , 0 , 0
1786 , 0 , 1000 , 747.673 , 0 , 0 , 0
1787 , 0 , 1000 , 747.541 , 0 , 0 , 0
1788 , 0 , 1000 , 747.409 , 0 , 0 , 0
1789 , 0 , 1000 , 747.276 , 0 , 0 , 0
1790 , 0 , 1000 , 747.144 , 0 , 0 , 0
1791 , 0 , 1000 , 747.012 , 0 , 0 , 0
1792 , 0 , 1000 , 746.88 , 0 , 0 , 0
1793 , 0 , 1000 , 746.747 , 0 , 0 , 0
1794 , 0 , 1000 , 746.615 , 0 , 0 , 0
1795 , 0 , 1000 , 746.483 , 0 , 0 , 0
1796 , 0 , 1000 , 746.351 , 0 , 0 , 0
1797 , 0 , 1000 , 746.219 , 0 , 0 , 0
1798 , 0 , 1000 , 746.087 , 0 , 0 , 0
1799 , 0 , 1000 , 745.955 , 0 , 0 , 0
1800 , 0 , 1000 , 745.823 , 0 , 0 , 0
1801 , 0 , 1000 , 745.691 , 0 , 0 , 0
1802 , 0 , 1000 , 745.559 , 0 , 0 , 0
1803 , 0 , 1000 , 745.427 , 0 , 0 , 0
1804 , 0 , 1000 , 745.296 , 0 , 0 , 0
1805 , 0 , 1000 , 745.164 , 0 , 0 , 0
1806 , 0 , 1000 , 745.032 , 0 , 0 , 0
1807 , 0 , 1000 , 744.9 , 0 , 0 , 0
1808 , 0 , 1000 , 744.768 , 0 , 0 , 0
1809 , 0 , 1000 , 744.637 , 0 , 0 , 0
1810 , 0 , 1000 , 744.505 , 0 , 0 , 0
1811 , 0 , 1000 , 744.374 , 0 , 0 , 0
1812 , 0 , 1000 , 744.242 , 0 , 0 , 0
1813 , 0 , 1000 , 744.11 , 0 , 0 , 0
1814 , 0 , 1000 , 743.979 , 0 , 0 , 0
1815 , 0 , 1000 , 743.847 , 0 , 0 , 0
1816 , 0 , 1000 , 743.716 , 0 , 0 , 0
1817 , 0 , 1000 , 743.584 , 0 , 0 , 0
1818 , 0 , 1000 , 743.453 , 0 , 0 , 0
1819 , 0 , 1000 , 743.322 , 0 , 0 , 0
1820 , 0 , 1000 , 743.19 , 0 , 0 , 0
1821 , 0 , 1000 , 743.059 , 0 , 0 , 0
1822 , 0 , 1000 , 742.928 , 0 , 0 , 0
1823 , 0 , 1000 , 742.796 , 0 , 0 , 0
1824 , 0 , 1000 , 742.665 , 0 , 0 , 0
1825 , 0 , 1000 , 742.534 , 0 , 0 , 0
1826 , 0 , 1000 , 742.403 , 0 , 0 , 0
1827 , 0 , 1000 , 742.272 , 0 , 0 , 0
1828 , 0 , 1000 , 742.14 , 0 , 0 , 0
1829 , 0 , 1000 , 742.009 , 0 , 0 , 0
1830 , 0 , 1000 , 741.878 , 0 , 0 , 0
1831 , 0 , 1000 , 741.747 , 0 , 0 , 0
1832 , 0 , 1000 , 741.616 , 0 , 0 , 0
1833 , 0 , 1000 , 741.485 , 0 , 0 , 0
1834 , 0 , 1000 , 741.354 , 0 , 0 , 0
1835 , 0 , 1000 , 741.223 , 0 , 0 , 0
1836 , 0 , 1000 , 741.092 , 0 , 0 , 0
1837 , 0 , 1000 , 740.961 , 0 , 0 , 0
1838 , 0 , 1000 , 740.831 , 0 , 0 , 0
1839 , 0 , 1000 , 740.7 , 0 , 0 , 0
1840 , 0 , 1000 , 740.569 , 0 , 0 , 0
1841 , 0 , 1000 , 740.438 , 0 , 0 , 0
1842 , 0 , 1000 , 740.307 , 0 , 0 , 0
1843 , 0 , 1000 , 740.177 , 0 , 0 , 0
1844 , 0 , 1000 , 740.046 , 0 , 0 , 0
1845 , 0 , 1000 , 739.915 , 0 , 0 , 0
1846 , 0 , 1000 , 739.785 , 0 , 0 , 0
1847 , 0 , 1000 , 739.654 , 0 , 0 , 0
1848 , 0 , 1000 , 739.524 , 0 , 0 , 0
1849 , 0 , 1000 , 739.393 , 0 , 0 , 0
1850 , 0 , 1000 , 739.262 , 0 , 0 , 0
1851 , 0 , 1000 , 739.132 , 0 , 0 , 0
1852 , 0 , 1000 , 739.002 , 0 , 0 , 0
1853 , 0 , 1000 , 738.871 , 0 , 0 , 0
1854 , 0 , 1000 , 738.741 , 0 , 0 , 0
1855 , 0 , 1000 , 738.61 , 0 , 0 , 0
1856 , 0 , 1000 , 738.48 , 0 , 0 , 0
1857 , 0 , 1000 , 738.35 , 0 , 0 , 0
1858 , 0 , 1000 , 738.219 , 0 , 0 , 0
1859 , 0 , 1000 , 738.089 , 0 , 0 , 0
1860 , 0 , 1000 , 737.959 , 0 , 0 , 0
1861 , 0 , 1000 , 737.829 , 0 , 0 , 0
1862 , 0 , 1000 , 737.698 , 0 , 0 , 0
1863 , 0 , 1000 , 737.568 , 0 , 0 , 0
1864 , 0 , 1000 , 737.438 , 0 , 0 , 0
1865 , 0 , 1000 , 737.308 , 0 , 0 , 0
1866 , 0 , 1000 , 737.178 , 0 , 0 , 0
1867 , 0 , 1000 , 737.048 , 0 , 0 , 0
1868 , 0 , 1000 , 736.918 , 0 , 0 , 0
1869 , 0 , 1000 , 736.788 , 0 , 0 , 0
1870 , 0 , 1000 , 736.658 , 0 , 0 , 0
1871 , 0 , 1000 , 736.528 , 0 , 0 , 0
1872 , 0 , 1000 , 736.398 , 0 , 0 , 0
1873 , 0 , 1000 , 736.268 , 0 , 0 , 0
1874 , 0 , 1000 , 736.138 , 0 , 0 , 0
1875 , 0 , 1000 , 736.009 , 0 , 0 , 0
1876 , 0 , 1000 , 735.879 , 0 , 0 , 0
1877 , 0 , 1000 , 735.749 , 0 , 0 , 0
1878 , 0 , 1000 , 735.62 , 0 , 0 , 0
1879 , 0 , 1000 , 735.49 , 0 , 0 , 0
1880 , 0 , 1000 , 735.36 , 0 , 0 , 0
1881 , 0 , 1000 , 735.231 , 0 , 0 , 0
1882 , 0 , 1000 , 735.101 , 0 , 0 , 0
1883 , 0 , 1000 , 734.972 , 0 , 0 , 0
1884 , 0 , 1000 , 734.842 , 0 , 0 , 0
1885 , 0 , 1000 , 734.713 , 0 , 0 , 0
1886 , 0 , 1000 , 734.583 , 0 , 0 , 0
1887 , 0 , 1000 , 734.454 , 0 , 0 , 0
1888 , 0 , 1000 , 734.324 , 0 , 0 , 0
1889 , 0 , 1000 , 734.195 , 0 , 0 , 0
1890 , 0 , 1000 , 734.066 , 0 , 0 , 0
1891 , 0 , 1000 , 733.937 , 0 , 0 , 0
1892 , 0 , 1000 , 733.807 , 0 , 0 , 0
1893 , 0 , 1000 , 733.678 , 0 , 0 , 0
1894 , 0 , 1000 , 733.549 , 0 , 0 , 0
1895 , 0 , 1000 , 733.42 , 0 , 0 , 0
1896 , 0 , 1000 , 733.291 , 0 , 0 , 0
1897 , 0 , 1000 , 733.162 , 0 , 0 , 0
1898 , 0 , 1000 , 733.033 , 0 , 0 , 0
1899 , 0 , 1000 , 732.904 , 0 , 0 , 0
1900 , 0 , 1000 , 732.775 , 0 , 0 , 0
1901 , 0 , 1000 , 732.646 , 0 , 0 , 0
1902 , 0 , 1000 , 732.517 , 0 , 0 , 0
1903 , 0 , 1000 , 732.388 , 0 , 0 , 0
1904 , 0 , 1000 , 732.26 , 0 , 0 , 0
1905 , 0 , 1000 , 732.131 , 0 , 0 , 0
1906 , 0 , 1000 , 732.002 , 0 , 0 , 0
1907 , 0 , 1000 , 731.874 , 0 , 0 , 0
1908 , 0 , 1000 , 731.745 , 0 , 0 , 0
1909 , 0 , 1000 , 731.616 , 0 , 0 , 0
1910 , 0 , 1000 , 731.488 , 0 , 0 , 0
1911 , 0 , 1000 , 731.359 , 0 , 0 , 0
1912 , 0 , 1000 , 731.231 , 0 , 0 , 0
1913 , 0 , 1000 , 731.103 , 0 , 0 , 0
1914 , 0 , 1000 , 730.974 , 0 , 0 , 0
1915 , 0 , 1000 , 730.846 , 0 , 0 , 0
1916 , 0 , 1000 , 730.718 , 0 , 0 , 0
1917 , 0 , 1000 , 730.589 , 0 , 0 , 0
1918 , 0 , 1000 , 730.461 , 0 , 0 , 0
1919 , 0 , 1000 , 730.333 , 0 , 0 , 0
1920 , 0 , 1000 , 730.205 , 0 , 0 , 0
1921 , 0 , 1000 , 730.077 , 0 , 0 , 0
1922 , 0 , 1000 , 729.949 , 0 , 0 , 0
1923 , 0 , 1000 , 729.821 , 0 , 0 , 0
1924 , 0 , 1000 , 729.693 , 0 , 0 , 0
1925 , 0 , 1000 , 729.565 , 0 , 0 , 0
1926 , 0 , 1000 , 729.438 , 0 , 0 , 0
1927 , 0 , 1000 , 729.31 , 0 , 0 , 0
1928 , 0 , 1000 , 729.182 , 0 , 0 , 0
1929 , 0 , 1000 , 729.054 , 0 , 0 , 0
1930 , 0 , 1000 , 728.927 , 0 , 0 , 0
1931 , 0 , 1000 , 728.799 , 0 , 0 , 0
1932 , 0 , 1000 , 728.672 , 0 , 0 , 0
1933 , 0 , 1000 , 728.544 , 0 , 0 , 0
1934 , 0 , 1000 , 728.417 , 0 , 0 , 0
1935 , 0 , 1000 , 728.289 , 0 , 0 , 0
1936 , 0 , 1000 , 728.162 , 0 , 0 , 0
1937 , 0 , 1000 , 728.035 , 0 , 0 , 0
1938 , 0 , 1000 , 727.907 , 0 , 0 , 0
1939 , 0 , 1000 , 727.78 , 0 , 0 , 0
1940 , 0 , 1000 , 727.653 , 0 , 0 , 0
1941 , 0 , 1000 , 727.526 , 0 , 0 , 0
1942 , 0 , 1000 , 727.399 , 0 , 0 , 0
1943 , 0 , 1000 , 727.272 , 0 , 0 , 0
1944 , 0 , 1000 , 727.145 , 0 , 0 , 0
1945 , 0 , 1000 , 727.018 , 0 , 0 , 0
1946 , 0 , 1000 , 726.891 , 0 , 0 , 0
1947 , 0 , 1000 , 726.765 , 0 , 0 , 0
1948 , 0 , 1000 , 726.638 , 0 , 0 , 0
1949 , 0 , 1000 , 726.511 , 0 , 0 , 0
1950 , 0 , 1000 , 726.385 , 0 , 0 , 0
1951 , 0 , 1000 , 726.258 , 0 , 0 , 0
1952 , 0 , 1000 , 726.132 , 0 , 0 , 0
1953 , 0 , 1000 , 726.005 , 0 , 0 , 0
1954 , 0 , 1000 , 725.879 , 0 , 0 , 0
1955 , 0 , 1000 , 725.753 , 0 , 0 , 0
1956 , 0 , 1000 , 725.626 , 0 , 0 , 0
1957 , 0 , 1000 , 725.5 , 0 , 0 , 0
1958 , 0 , 1000 , 725.374 , 0 , 0 , 0
1959 , 0 , 1000 , 725.248 , 0 , 0 , 0
1960 , 0 , 1000 , 725.122 , 0 , 0 , 0
1961 , 0 , 1000 , 724.996 , 0 , 0 , 0
1962 , 0 , 1000 , 724.87 , 0 , 0 , 0
1963 , 0 , 1000 , 724.744 , 0 , 0 , 0
1964 , 0 , 1000 , 724.618 , 0 , 0 , 0
1965 , 0 , 1000 , 724.493 , 0 , 0 , 0
1966 , 0 , 1000 , 724.367 , 0 , 0 , 0
1967 , 0 , 1000 , 724.241 , 0 , 0 , 0
1968 , 0 , 1000 , 724.116 , 0 , 0 , 0
1969 , 0 , 1000 , 723.99 , 0 , 0 , 0
1970 , 0 , 1000 , 723.865 , 0 , 0 , 0
1971 , 0 , 1000 , 723.74 , 0 , 0 , 0
1972 , 0 , 1000 , 723.614 , 0 , 0 , 0
1973 , 0 , 1000 , 723.489 , 0 , 0 , 0
1974 , 0 , 1000 , 723.364 , 0 , 0 , 0
1975 , 0 , 1000 , 723.239 , 0 , 0 , 0
1976 , 0 , 1000 , 723.114 , 0 , 0 , 0
1977 , 0 , 1000 , 722.989 , 0 , 0 , 0
1978 , 0 , 1000 , 722.864 , 0 , 0 , 0
1979 , 0 , 1000 , 722.739 , 0 , 0 , 0
1980 , 0 , 1000 , 722.614 , 0 , 0 , 0
1981 , 0 , 1000 , 722.489 , 0 , 0 , 0
1982 , 0 , 1000 , 722.365 , 0 , 0 , 0
1983 , 0 , 1000 , 722.24 , 0 , 0 , 0
1984 , 0 , 1000 , 722.116 , 0 , 0 , 0
1985 , 0 , 1000 , 721.991 , 0 , 0 , 0
1986 , 0 , 1000 , 721.867 , 0 , 0 , 0
1987 , 0 , 1000 , 721.742 , 0 , 0 , 0
1988 , 0 , 1000 , 721.618 , 0 , 0 , 0
1989 , 0 , 1000 , 721.494 , 0 , 0 , 0
1990 , 0 , 1000 , 721.37 , 0 , 0 , 0
1991 , 0 , 1000 , 721.246 , 0 , 0 , 0
1992 , 0 , 1000 , 721.122 , 0 , 0 , 0
1993 , 0 , 1000 , 720.998 , 0 , 0 , 0
1994 , 0 , 1000 , 720.874 , 0 , 0 , 0
1995 , 0 , 1000 , 720.75 , 0 , 0 , 0
1996 , 0 , 1000 , 720.627 , 0 , 0 , 0
1997 , 0 , 1000 , 720.503 , 0 , 0 , 0
1998 , 0 , 1000 , 720.379 , 0 , 0 , 0
1999 , 0 , 1000 , 720.256 , 0 , 0 , 0
2000 , 0 , 1000 , 720.132 , 0 , 0 , 0
2001 , 0 , 1000 , 720.009 , 0 , 0 , 0
2002 , 0 , 1000 , 719.886 , 0 , 0 , 0
2003 , 0 , 1000 , 719.763 , 0 , 0 , 0
2004 , 0 , 1000 , 719.639 , 0 , 0 , 0
2005 , 0 , 1000 , 719.516 , 0 , 0 , 0
2006 , 0 , 1000 , 719.393 , 0 , 0 , 0
2007 , 0 , 1000 , 719.27 , 0 , 0 , 0
2008 , 0 , 1000 , 719.148 , 0 , 0 , 0
2009 , 0 , 1000 , 719.025 , 0 , 0 , 0
2010 , 0 , 1000 , 718.902 , 0 , 0 , 0
2011 , 0 , 1000 , 718.78 , 0 , 0 , 0
2012 , 0 , 1000 , 718.657 , 0 , 0 , 0
2013 , 0 , 1000 , 718.535 , 0 , 0 , 0
2014 , 0 , 1000 , 718.412 , 0 , 0 , 0
2015 , 0 , 1000 , 718.29 , 0 , 0 , 0
2016 , 0 , 1000 , 718.168 , 0 , 0 , 0
2017 , 0 , 1000 , 718.045 , 0 , 0 , 0
2018 , 0 , 1000 , 717.923 , 0 , 0 , 0
2019 , 0 , 1000 , 717.801 , 0 , 0 , 0
2020 , 0 , 1000 , 717.679 , 0 , 0 , 0
2021 , 0 , 1000 , 717.558 , 0 , 0 , 0
2022 , 0 , 1000 , 717.436 , 0 , 0 , 0
2023 , 0 , 1000 , 717.314 , 0 , 0 , 0
2024 , 0 , 1000 , 717.192 , 0 , 0 , 0
2025 , 0 , 1000 , 717.071 , 0 , 0 , 0
2026 , 0 , 1000 , 716.949 , 0 , 0 , 0
2027 , 0 , 1000 , 716.828 , 0 , 0 , 0
2028 , 0 , 1000 , 716.707 , 0 , 0 , 0
2029 , 0 , 1000 , 716.586 , 0 , 0 , 0
2030 , 0 , 1000 , 716.465 , 0 , 0 , 0
2031 , 0 , 1000 , 716.344 , 0 , 0 , 0
2032 , 0 , 1000 , 716.223 , 0 , 0 , 0
2033 , 0 , 1000 , 716.102 , 0 , 0 , 0
2034 , 0 , 1000 , 715.981 , 0 , 0 , 0
2035 , 0 , 1000 , 715.86 , 0 , 0 , 0
2036 , 0 , 1000 , 715.74 , 0 , 0 , 0
2037 , 0 , 1000 , 715.619 , 0 , 0 , 0
2038 , 0 , 1000 , 715.499 , 0 , 0 , 0
2039 , 0 , 1000 , 715.378 , 0 , 0 , 0
2040 , 0 , 1000 , 715.258 , 0 , 0 , 0
2041 , 0 , 1000 , 715.138 , 0 , 0 , 0
2042 , 0 , 1000 , 715.018 , 0 , 0 , 0
2043 , 0 , 1000 , 714.898 , 0 , 0 , 0
2044 , 0 , 1000 , 714.778 , 0 , 0 , 0
2045 , 0 , 1000 , 714.658 , 0 , 0 , 0
2046 , 0 , 1000 , 714.538 , 0 , 0 , 0
2047 , 0 , 1000 , 714.418 , 0 , 0 , 0
2048 , 0 , 1000 , 714.299 , 0 , 0 , 0
2049 , 0 , 1000 , 714.179 , 0 , 0 , 0
2050 , 0 , 1000 , 714.06 , 0 , 0 , 0
2051 , 0 , 1000 , 713.94 , 0 , 0 , 0
2052 , 0 , 1000 , 713.821 , 0 , 0 , 0
2053 , 0 , 1000 , 713.702 , 0 , 0 , 0
2054 , 0 , 1000 , 713.583 , 0 , 0 , 0
2055 , 0 , 1000 , 713.464 , 0 , 0 , 0
2056 , 0 , 1000 , 713.345 , 0 , 0 , 0
2057 , 0 , 1000 , 713.226 , 0 , 0 , 0
2058 , 0 , 1000 , 713.107 , 0 , 0 , 0
2059 , 0 , 1000 , 712.989 , 0 , 0 , 0
2060 , 0 , 1000 , 712.87 , 0 , 0 , 0
2061 , 0 , 1000 , 712.752 , 0 , 0 , 0
2062 , 0 , 1000 , 712.633 , 0 , 0 , 0
2063 , 0 , 1000 , 712.515 , 0 , 0 , 0
2064 , 0 , 1000 , 712.397 , 0 , 0 , 0
2065 , 0 , 1000 , 712.279 , 0 , 0 , 0
2066 , 0 , 1000 , 712.161 , 0 , 0 , 0
2067 , 0 , 1000 , 712.043 , 0 , 0 , 0
2068 , 0 , 1000 , 711.925 , 0 , 0 , 0
2069 , 0 , 1000 , 711.807 , 0 , 0 , 0
2070 , 0 , 1000 , 711.689 , 0 , 0 , 0
2071 , 0 , 1000 , 711.572 , 0 , 0 , 0
2072 , 0 , 1000 , 711.454 , 0 , 0 , 0
2073 , 0 , 1000 , 711.337 , 0 , 0 , 0
2074 , 0 , 1000 , 711.22 , 0 , 0 , 0
2075 , 0 , 1000 , 711.103 , 0 , 0 , 0
2076 , 0 , 1000 , 710.986 , 0 , 0 , 0
2077 , 0 , 1000 , 710.869 , 0 , 0 , 0
2078 , 0 , 1000 , 710.752 , 0 , 0 , 0
2079 , 0 , 1000 , 710.635 , 0 , 0 , 0
2080 , 0 , 1000 , 710.518 , 0 , 0 , 0
2081 , 0 , 1000 , 710.402 , 0 , 0 , 0
2082 , 0 , 1000 , 710.285 , 0 , 0 , 0
2083 , 0 , 1000 , 710.169 , 0 , 0 , 0
2084 , 0 , 1000 , 710.052 , 0 , 0 , 0
2085 , 0 , 1000 , 709.936 , 0 , 0 , 0
2086 , 0 , 1000 , 709.82 , 0 , 0 , 0
2087 , 0 , 1000 , 709.704 , 0 , 0 , 0
2088 , 0 , 1000 , 709.588 , 0 , 0 , 0
2089 , 0 , 1000 , 709.473 , 0 , 0 , 0
2090 , 0 , 1000 , 709.357 , 0 , 0 , 0
2091 , 0 , 1000 , 709.241 , 0 , 0 , 0
2092 , 0 , 1000 , 709.126 , 0 , 0 , 0
2093 , 0 , 1000 , 709.01 , 0 , 0 , 0
2094 , 0 , 1000 , 708.895 , 0 , 0 , 0
2095 , 0 , 1000 , 708.78 , 0 , 0 , 0
2096 , 0 , 1000 , 708.665 , 0 , 0 , 0
2097 , 0 , 1000 , 708.55 , 0 , 0 , 0
2098 , 0 , 1000 , 708.435 , 0 , 0 , 0
2099 , 0 , 1000 , 708.32 , 0 , 0 , 0
2100 , 0 , 1000 , 708.206 , 0 , 0 , 0
2101 , 0 , 1000 , 708.091 , 0 , 0 , 0
2102 , 0 , 1000 , 707.977 , 0 , 0 , 0
2103 , 0 , 1000 , 707.862 , 0 , 0 , 0
2104 , 0 , 1000 , 707.748 , 0 , 0 , 0
2105 , 0 , 1000 , 707.634 , 0 , 0 , 0
2106 , 0 , 1000 , 707.52 , 0 , 0 , 0
2107 , 0 , 1000 , 707.406 , 0 , 0 , 0
2108 , 0 , 1000 , 707.292 , 0 , 0 , 0
2109 , 0 , 1000 , 707.179 , 0 , 0 , 0
2110 , 0 , 1000 , 707.065 , 0 , 0 , 0
2111 , 0 , 1000 , 706.952 , 0 , 0 , 0
2112 , 0 , 1000 , 706.838 , 0 , 0 , 0
2113 , 0 , 1000 , 706.725 , 0 , 0 , 0
2114 , 0 , 1000 , 706.612 , 0 , 0 , 0
2115 , 0 , 1000 , 706.499 , 0 , 0 , 0
2116 , 0 , 1000 , 706.386 , 0 , 0 , 0
2117 , 0 , 1000 , 706.273 , 0 , 0 , 0
2118 , 0 , 1000 , 706.161 , 0 , 0 , 0
2119 , 0 , 1000 , 706.048 , 0 , 0 , 0
2120 , 0 , 1000 , 705.936 , 0 , 0 , 0
2121 , 0 , 1000 , 705.823 , 0 , 0 , 0
2122 , 0 , 1000 , 705.711 , 0 , 0 , 0
2123 , 0 , 1000 , 705.599 , 0 , 0 , 0
2124 , 0 , 1000 , 705.487 , 0 , 0 , 0
2125 , 0 , 1000 , 705.375 , 0 , 0 , 0
2126 , 0 , 1000 , 705.264 , 0 , 0 , 0
2127 , 0 , 1000 , 705.152 , 0 , 0 , 0
2128 , 0 , 1000 , 705.041 , 0 , 0 , 0
2129 , 0 , 1000 , 704.929 , 0 , 0 , 0
2130 , 0 , 1000 , 704.818 , 0 , 0 , 0
2131 , 0 , 1000 , 704.707 , 0 , 0 , 0
2132 , 0 , 1000 , 704.596 , 0 , 0 , 0
2133 , 0 , 1000 , 704.485 , 0 , 0 , 0
2134 , 0 , 1000 , 704.375 , 0 , 0 , 0
2135 , 0 , 1000 , 704.264 , 0 , 0 , 0
2136 , 0 , 1000 , 704.154 , 0 , 0 , 0
2137 , 0 , 1000 , 704.043 , 0 , 0 , 0
2138 , 0 , 1000 , 703.933 , 0 , 0 , 0
2139 , 0 , 1000 , 703.823 , 0 , 0 , 0
2140 , 0 , 1000 , 703.713 , 0 , 0 , 0
2141 , 0 , 1000 , 703.604 , 0 , 0 , 0
2142 , 0 , 1000 , 703.494 , 0 , 0 , 0
2143 , 0 , 1000 , 703.384 , 0 , 0 , 0
2144 , 0 , 1000 , 703.275 , 0 , 0 , 0
2145 , 0 , 1000 , 703.166 , 0 , 0 , 0
2146 , 0 , 1000 , 703.057 , 0 , 0 , 0
2147 , 0 , 1000 , 702.948 , 0 , 0 , 0
2148 , 0 , 1000 , 702.839 , 0 , 0 , 0
2149 , 0 , 1000 , 702.73 , 0 , 0 , 0
2150 , 0 , 1000 , 702.622 , 0 , 0 , 0
2151 , 0 , 1000 , 702.513 , 0 , 0 , 0
2152 , 0 , 1000 , 702.405 , 0 , 0 , 0
2153 , 0 , 1000 , 702.297 , 0 , 0 , 0
2154 , 0 , 1000 , 702.189 , 0 , 0 , 0
2155 , 0 , 1000 , 702.082 , 0 , 0 , 0
2156 , 0 , 1000 , 701.974 , 0 , 0 , 0
2157 , 0 , 1000 , 701.867 , 0 , 0 , 0
2158 , 0 , 1000 , 701.759 , 0 , 0 , 0
2159 , 0 , 1000 , 701.652 , 0 , 0 , 0
2160 , 0 , 1000 , 701.545 , 0 , 0 , 0
2161 , 0 , 1000 , 701.438 , 0 , 0 , 0
2162 , 0 , 1000 , 701.332 , 0 , 0 , 0
2163 , 0 , 1000 , 701.225 , 0 , 0 , 0
2164 , 0 , 1000 , 701.119 , 0 , 0 , 0
2165 , 0 , 1000 , 701.013 , 0 , 0 , 0
2166 , 0 , 1000 , 700.907 , 0 , 0 , 0
2167 , 0 , 1000 , 700.801 , 0 , 0 , 0
2168 , 0 , 1000 , 700.695 , 0 , 0 , 0
2169 , 0 , 1000 , 700.59 , 0 , 0 , 0
2170 , 0 , 1000 , 700.485 , 0 , 0 , 0
2171 , 0 , 1000 , 700.379 , 0 , 0 , 0
2172 , 0 , 1000 , 700.274 , 0 , 0 , 0
2173 , 0 , 1000 , 700.17 , 0 , 0 , 0
2174 , 0 , 1000 , 700.065 , 0 , 0 , 0
2175 , 0 , 1000 , 699.961 , 0 , 0 , 0
2176 , 0 , 1000 , 699.856 , 0 , 0 , 0
2177 , 0 , 1000 , 699.752 , 0 , 0 , 0
2178 , 0 , 1000 , 699.648 , 0 , 0 , 0
2179 , 0 , 1000 , 699.545 , 0 , 0 , 0
2180 , 0 , 1000 , 699.441 , 0 , 0 , 0
2181 , 0 , 1000 , 699.338 , 0 , 0 , 0
2182 , 0 , 1000 , 699.235 , 0 , 0 , 0
2183 , 0 , 1000 , 699.132 , 0 , 0 , 0
2184 , 0 , 1000 , 699.029 , 0 , 0 , 0
2185 , 0 , 1000 , 698.927 , 0 , 0 , 0
2186 , 0 , 1000 , 698.824 , 0 , 0 , 0
2187 , 0 , 1000 , 698.722 , 0 , 0 , 0
2188 , 0 , 1000 , 698.62 , 0 , 0 , 0
2189 , 0 , 1000 , 698.518 , 0 , 0 , 0
2190 , 0 , 1000 , 698.417 , 0 , 0 , 0
2191 , 0 , 1000 , 698.316 , 0 , 0 , 0
2192 , 0 , 1000 , 698.214 , 0 , 0 , 0
2193 , 0 , 1000 , 698.114 , 0 , 0 , 0
2194 , 0 , 1000 , 698.013 , 0 , 0 , 0
2195 , 0 , 1000 , 697.912 , 0 , 0 , 0
2196 , 0 , 1000 , 697.812 , 0 , 0 , 0
2197 , 0 , 1000 , 697.712 , 0 , 0 , 0
2198 , 0 , 1000 , 697.612 , 0 , 0 , 0
2199 , 0 , 1000 , 697.513 , 0 , 0 , 0
2200 , 0 , 1000 , 697.413 , 0 , 0 , 0
2201 , 0 , 1000 , 697.314 , 0 , 0 , 0
2202 , 0 , 1000 , 697.215 , 0 , 0 , 0
2203 , 0 , 1000 , 697.116 , 0 , 0 , 0
2204 , 0 , 1000 , 697.018 , 0 , 0 , 0
2205 , 0 , 1000 , 696.92 , 0 , 0 , 0
2206 , 0 , 1000 , 696.822 , 0 , 0 , 0
2207 , 0 , 1000 , 696.724 , 0 , 0 , 0
2208 , 0 , 1000 , 696.627 , 0 , 0 , 0
2209 , 0 , 1000 , 696.529 , 0 , 0 , 0
2210 , 0 , 1000 , 696.432 , 0 , 0 , 0
2211 , 0 , 1000 , 696.336 , 0 , 0 , 0
2212 , 0 , 1000 , 696.239 , 0 , 0 , 0
2213 , 0 , 1000 , 696.143 , 0 , 0 , 0
2214 , 0 , 1000 , 696.047 , 0 , 0 , 0
2215 , 0 , 1000 , 695.951 , 0 , 0 , 0
2216 , 0 , 1000 , 695.856 , 0 , 0 , 0
2217 , 0 , 1000 , 695.76 , 0 , 0 , 0
2218 , 0 , 1000 , 695.665 , 0 , 0 , 0
2219 , 0 , 1000 , 695.571 , 0 , 0 , 0
2220 , 0 , 1000 , 695.476 , 0 , 0 , 0
2221 , 0 , 1000 , 695.382 , 0 , 0 , 0
2222 , 0 , 1000 , 695.288 , 0 , 0 , 0
2223 , 0 , 1000 , 695.195 , 0 , 0 , 0
2224 , 0 , 1000 , 695.101 , 0 , 0 , 0
2225 , 0 , 1000 , 695.008 , 0 , 0 , 0
2226 , 0 , 1000 , 694.916 , 0 , 0 , 0
2227 , 0 , 1000 , 694.823 , 0 , 0 , 0
2228 , 0 , 1000 , 694.731 , 0 , 0 , 0
2229 , 0 , 1000 , 694.639 , 0 , 0 , 0
2230 , 0 , 1000 , 694.548 , 0 , 0 , 0
2231 , 0 , 1000 , 694.457 , 0 , 0 , 0
2232 , 0 , 1000 , 694.366 , 0 , 0 , 0
2233 , 0 , 1000 , 694.275 , 0 , 0 , 0
2234 , 0 , 1000 , 694.185 , 0 , 0 , 0
2235 , 0 , 1000 , 694.095 , 0 , 0 , 0
2236 , 0 , 1000 , 694.005 , 0 , 0 , 0
2237 , 0 , 1000 , 693.916 , 0 , 0 , 0
2238 , 0 , 1000 , 693.827 , 0 , 0 , 0
2239 , 0 , 1000 , 693.739 , 0 , 0 , 0
2240 , 0 , 1000 , 693.65 , 0 , 0 , 0
2241 , 0 , 1000 , 693.562 , 0 , 0 , 0
2242 , 0 , 1000 , 693.475 , 0 , 0 , 0
2243 , 0 , 1000 , 693.388 , 0 , 0 , 0
2244 , 0 , 1000 , 693.301 , 0 , 0 , 0
2245 , 0 , 1000 , 693.214 , 0 , 0 , 0
2246 , 0 , 1000 , 693.128 , 0 , 0 , 0
2247 , 0 , 1000 , 693.043 , 0 , 0 , 0
2248 , 0 , 1000 , 692.957 , 0 , 0 , 0
2249 , 0 , 1000 , 692.872 , 0 , 0 , 0
2250 , 0 , 1000 , 692.788 , 0 , 0 , 0
2251 , 0 , 1000 , 692.704 , 0 , 0 , 0
2252 , 0 , 1000 , 692.62 , 0 , 0 , 0
2253 , 0 , 1000 , 692.537 , 0 , 0 , 0
2254 , 0 , 1000 , 692.454 , 0 , 0 , 0
2255 , 0 , 1000 , 692.371 , 0 , 0 , 0
2256 , 0 , 1000 , 692.289 , 0 , 0 , 0
2257 , 0 , 1000 , 692.208 , 0 , 0 , 0
2258 , 0 , 1000 , 692.127 , 0 , 0 , 0
2259 , 0 , 1000 , 692.046 , 0 , 0 , 0
2260 , 0 , 1000 , 691.966 , 0 , 0 , 0
2261 , 0 , 1000 , 691.886 , 0 , 0 , 0
2262 , 0 , 1000 , 691.807 , 0 , 0 , 0
2263 , 0 , 1000 , 691.728 , 0 , 0 , 0
2264 , 0 , 1000 , 691.65 , 0 , 0 , 0
2265 , 0 , 1000 , 691.572 , 0 , 0 , 0
2266 , 0 , 1000 , 691.495 , 0 , 0 , 0
2267 , 0 , 1000 , 691.418 , 0 , 0 , 0
2268 , 0 , 1000 , 691.342 , 0 , 0 , 0
2269 , 0 , 1000 , 691.266 , 0 , 0 , 0
2270 , 0 , 1000 , 691.191 , 0 , 0 , 0
2271 , 0 , 1000 , 691.117 , 0 , 0 , 0
2272 , 0 , 1000 , 691.043 , 0 , 0 , 0
2273 , 0 , 1000 , 690.969 , 0 , 0 , 0
2274 , 0 , 1000 , 690.896 , 0 , 0 , 0
2275 , 0 , 1000 , 690.824 , 0 , 0 , 0
2276 , 0 , 1000 , 690.753 , 0 , 0 , 0
2277 , 0 , 1000 , 690.682 , 0 , 0 , 0
2278 , 0 , 1000 , 690.611 , 0 , 0 , 0
2279 , 0 , 1000 , 690.541 , 0 , 0 , 0
2280 , 0 , 1000 , 690.472 , 0 , 0 , 0
2281 , 0 , 1000 , 690.404 , 0 , 0 , 0
2282 , 0 , 1000 , 690.336 , 0 , 0 , 0
2283 , 0 , 1000 , 690.269 , 0 , 0 , 0
2284 , 0 , 1000 , 690.202 , 0 , 0 , 0
2285 , 0 , 1000 , 690.136 , 0 , 0 , 0
2286 , 0 , 1000 , 690.071 , 0 , 0 , 0
2287 , 0 , 1000 , 690.007 , 0 , 0 , 0
2288 , 0 , 1000 , 689.943 , 0 , 0 , 0
2289 , 0 , 1000 , 689.88 , 0 , 0 , 0
2290 , 0 , 1000 , 689.818 , 0 , 0 , 0
2291 , 0 , 1000 , 689.757 , 0 , 0 , 0
2292 , 0 , 1000 , 689.696 , 0 , 0 , 0
2293 , 0 , 1000 , 689.636 , 0 , 0 , 0
2294 , 0 , 1000 , 689.577 , 0 , 0 , 0
2295 , 0 , 1000 , 689.518 , 0 , 0 , 0
2296 , 0 , 1000 , 689.461 , 0 , 0 , 0
2297 , 0 , 1000 , 689.404 , 0 , 0 , 0
2298 , 0 , 1000 , 689.348 , 0 , 0 , 0
2299 , 0 , 1000 , 689.293 , 0 , 0 , 0
2300 , 0 , 1000 , 689.238 , 0 , 0 , 0
2301 , 0 , 1000 , 689.185 , 0 , 0 , 0
2302 , 0 , 1000 , 689.132 , 0 , 0 , 0
2303 , 0 , 1000 , 689.08 , 0 , 0 , 0
2304 , 0 , 1000 , 689.029 , 0 , 0 , 0
2305 , 0 , 1000 , 688.979 , 0 , 0 , 0
2306 , 0 , 1000 , 688.93 , 0 , 0 , 0
2307 , 0 , 1000 , 688.882 , 0 , 0 , 0
2308 , 0 , 1000 , 688.835 , 0 , 0 , 0
2309 , 0 , 1000 , 688.788 , 0 , 0 , 0
2310 , 0 , 1000 , 688.743 , 0 , 0 , 0
2311 , 0 , 1000 , 688.698 , 0 , 0 , 0
2312 , 0 , 1000 , 688.655 , 0 , 0 , 0
2313 , 0 , 1000 , 688.612 , 0 , 0 , 0
2314 , 0 , 1000 , 688.57 , 0 , 0 , 0
2315 , 0 , 1000 , 688.53 , 0 , 0 , 0
2316 , 0 , 1000 , 688.49 , 0 , 0 , 0
2317 , 0 , 1000 , 688.451 , 0 , 0 , 0
2318 , 0 , 1000 , 688.414 , 0 , 0 , 0
2319 , 0 , 1000 , 688.377 , 0 , 0 , 0
2320 , 0 , 1000 , 688.341 , 0 , 0 , 0
2321 , 0 , 1000 , 688.307 , 0 , 0 , 0
2322 , 0 , 1000 , 688.273 , 0 , 0 , 0
2323 , 0 , 1000 , 688.241 , 0 , 0 , 0
2324 , 0 , 1000 , 688.21 , 0 , 0 , 0
2325 , 0 , 1000 , 688.179 , 0 , 0 , 0
2326 , 0 , 1000 , 688.15 , 0 , 0 , 0
2327 , 0 , 1000 , 688.122 , 0 , 0 , 0
2328 , 0 , 1000 , 688.095 , 0 , 0 , 0
2329 , 0 , 1000 , 688.069 , 0 , 0 , 0
2330 , 0 , 1000 , 688.045 , 0 , 0 , 0
2331 , 0 , 1000 , 688.021 , 0 , 0 , 0
2332 , 0 , 1000 , 687.999 , 0 , 0 , 0
2333 , 0 , 1000 , 687.978 , 0 , 0 , 0
2334 , 0 , 1000 , 687.958 , 0 , 0 , 0
2335 , 0 , 1000 , 687.939 , 0 , 0 , 0
2336 , 0 , 1000 , 687.922 , 0 , 0 , 0
2337 , 0 , 1000 , 687.906 , 0 , 0 , 0
2338 , 0 , 1000 , 687.891 , 0 , 0 , 0
2339 , 0 , 1000 , 687.877 , 0 , 0 , 0
2340 , 0 , 1000 , 687.865 , 0 , 0 , 0
2341 , 0 , 1000 , 687.854 , 0 , 0 , 0
2342 , 0 , 1000 , 687.845 , 0 , 0 , 0
2343 , 0 , 1000 , 687.837 , 0 , 0 , 0
2344 , 0 , 1000 , 687.83 , 0 , 0 , 0
2345 , 0 , 1000 , 687.824 , 0 , 0 , 0
2346 , 0 , 1000 , 687.82 , 0 , 0 , 0
2347 , 0 , 1000 , 687.818 , 0 , 0 , 0
2348 , 0 , 1000 , 687.817 , 0 , 0 , 0
2349 , 0 , 1000 , 687.818 , 0 , 0 , 0
2350 , 0 , 1000 , 687.82 , 0 , 0 , 0
2351 , 0 , 1000 , 687.823 , 0 , 0 , 0
2352 , 0 , 1000 , 687.828 , 0 , 0 , 0
2353 , 0 , 1000 , 687.835 , 0 , 0 , 0
2354 , 0 , 1000 , 687.843 , 0 , 0 , 0
2355 , 0 , 1000 , 687.853 , 0 , 0 , 0
2356 , 0 , 1000 , 687.864 , 0 , 0 , 0
2357 , 0 , 1000 , 687.877 , 0 , 0 , 0
2358 , 0 , 1000 , 687.892 , 0 , 0 , 0
2359 , 0 , 1000 , 687.908 , 0 , 0 , 0
2360 , 0 , 1000 , 687.926 , 0 , 0 , 0
2361 , 0 , 1000 , 687.946 , 0 , 0 , 0
2362 , 0 , 1000 , 687.968 , 0 , 0 , 0
2363 , 0 , 1000 , 687.991 , 0 , 0 , 0
2364 , 0 , 1000 , 688.016 , 0 , 0 , 0
2365 , 0 , 1000 , 688.043 , 0 , 0 , 0
2366 , 0 , 1000 , 688.071 , 0 , 0 , 0
2367 , 0 , 1000 , 688.102 , 0 , 0 , 0
2368 , 0 , 1000 , 688.134 , 0 , 0 , 0
2369 , 0 , 1000 , 688.168 , 0 , 0 , 0
2370 , 0 , 1000 , 688.204 , 0 , 0 , 0
2371 , 0 , 1000 , 688.242 , 0 , 0 , 0
2372 , 0 , 1000 , 688.281 , 0 , 0 , 0
2373 , 0 , 1000 , 688.323 , 0 , 0 , 0
2374 , 0 , 1000 , 688.366 , 0 , 0 , 0
2375 , 0 , 1000 , 688.411 , 0 , 0 , 0
2376 , 0 , 1000 , 688.459 , 0 , 0 , 0
2377 , 0 , 1000 , 688.508 , 0 , 0 , 0
2378 , 0 , 1000 , 688.559 , 0 , 0 , 0
2379 , 0 , 1000 , 688.612 , 0 , 0 , 0
2380 , 0 , 1000 , 688.667 , 0 , 0 , 0
2381 , 0 , 1000 , 688.724 , 0 , 0 , 0
2382 , 0 , 1000 , 688.783 , 0 , 0 , 0
2383 , 0 , 1000 , 688.844 , 0 , 0 , 0
2384 , 0 , 1000 , 688.907 , 0 , 0 , 0
2385 , 0 , 1000 , 688.972 , 0 , 0 , 0
2386 , 0 , 1000 , 689.039 , 0 , 0 , 0
2387 , 0 , 1000 , 689.109 , 0 , 0 , 0
2388 , 0 , 1000 , 689.18 , 0 , 0 , 0
2389 , 0 , 1000 , 689.253 , 0 , 0 , 0
2390 , 0 , 1000 , 689.328 , 0 , 0 , 0
2391 , 0 , 1000 , 689.406 , 0 , 0 , 0
2392 , 0 , 1000 , 689.485 , 0 , 0 , 0
2393 , 0 , 1000 , 689.566 , 0 , 0 , 0
2394 , 0 , 1000 , 689.65 , 0 , 0 , 0
2395 , 0 , 1000 , 689.736 , 0 , 0 , 0
2396 , 0 , 1000 , 689.823 , 0 , 0 , 0
2397 , 0 , 1000 , 689.913 , 0 , 0 , 0
2398 , 0 , 1000 , 690.005 , 0 , 0 , 0
2399 , 0 , 1000 , 690.099 , 0 , 0 , 0
2400 , 0 , 1000 , 690.195 , 0 , 0 , 0
2401 , 0 , 1000 , 690.293 , 0 , 0 , 0
2402 , 0 , 1000 , 690.393 , 0 , 0 , 0
2403 , 0 , 1000 , 690.495 , 0 , 0 , 0
2404 , 0 , 1000 , 690.599 , 0 , 0 , 0
2405 , 0 , 1000 , 690.706 , 0 , 0 , 0
2406 , 0 , 1000 , 690.814 , 0 , 0 , 0
2407 , 0 , 1000 , 690.925 , 0 , 0 , 0
2408 , 0 , 1000 , 691.037 , 0 , 0 , 0
2409 , 0 , 1000 , 691.152 , 0 , 0 , 0
2410 , 0 , 1000 , 691.269 , 0 , 0 , 0
2411 , 0 , 1000 , 691.388 , 0 , 0 , 0
2412 , 0 , 1000 , 691.509 , 0 , 0 , 0
2413 , 0 , 1000 , 691.632 , 0 , 0 , 0
2414 , 0 , 1000 , 691.757 , 0 , 0 , 0
2415 , 0 , 1000 , 691.884 , 0 , 0 , 0
2416 , 0 , 1000 , 692.013 , 0 , 0 , 0
2417 , 0 , 1000 , 692.145 , 0 , 0 , 0
2418 , 0 , 1000 , 692.278 , 0 , 0 , 0
2419 , 0 , 1000 , 692.414 , 0 , 0 , 0
2420 , 0 , 1000 , 692.551 , 0 , 0 , 0
2421 , 0 , 1000 , 692.691 , 0 , 0 , 0
2422 , 0 , 1000 , 692.833 , 0 , 0 , 0
2423 , 0 , 1000 , 692.977 , 0 , 0 , 0
2424 , 0 , 1000 , 693.123 , 0 , 0 , 0
2425 , 0 , 1000 , 693.271 , 0 , 0 , 0
2426 , 0 , 1000 , 693.421 , 0 , 0 , 0
2427 , 0 , 1000 , 693.573 , 0 , 0 , 0
2428 , 0 , 1000 , 693.727 , 0 , 0 , 0
2429 , 0 , 1000 , 693.884 , 0 , 0 , 0
2430 , 0 , 1000 , 694.042 , 0 , 0 , 0
2431 , 0 , 1000 , 694.203 , 0 , 0 , 0
2432 , 0 , 1000 , 694.365 , 0 , 0 , 0
2433 , 0 , 1000 , 694.53 , 0 , 0 , 0
2434 , 0 , 1000 , 694.697 , 0 , 0 , 0
2435 , 0 , 1000 , 694.866 , 0 , 0 , 0
2436 , 0 , 1000 , 695.037 , 0 , 0 , 0
2437 , 0 , 1000 , 695.21 , 0 , 0 , 0
2438 , 0 , 1000 , 695.386 , 0 , 0 , 0
2439 , 0 , 1000 , 695.563 , 0 , 0 , 0
2440 , 0 , 1000 , 695.742 , 0 , 0 , 0
2441 , 0 , 1000 , 695.924 , 0 , 0 , 0
2442 , 0 , 1000 , 696.107 , 0 , 0 , 0
2443 , 0 , 1000 , 696.293 , 0 , 0 , 0
2444 , 0 , 1000 , 696.481 , 0 , 0 , 0
2445 , 0 , 1000 , 696.67 , 0 , 0 , 0
2446 , 0 , 1000 , 696.862 , 0 , 0 , 0
2447 , 0 , 1000 , 697.056 , 0 , 0 , 0
2448 , 0 , 1000 , 697.252 , 0 , 0 , 0
2449 , 0 , 1000 , 697.45 , 0 , 0 , 0
2450 , 0 , 1000 , 697.65 , 0 , 0 , 0
2451 , 0 , 1000 , 697.852 , 0 , 0 , 0
2452 , 0 , 1000 , 698.056 , 0 , 0 , 0
2453 , 0 , 1000 , 698.262 , 0 , 0 , 0
2454 , 0 , 1000 , 698.469 , 0 , 0 , 0
2455 , 0 , 1000 , 698.679 , 0 , 0 , 0
2456 , 0 , 1000 , 698.891 , 0 , 0 , 0
2457 , 0 , 1000 , 699.104 , 0 , 0 , 0
2458 , 0 , 1000 , 699.32 , 0 , 0 , 0
2459 , 0 , 1000 , 699.537 , 0 , 0 , 0
2460 , 0 , 1000 , 699.756 , 0 , 0 , 0
2461 , 0 , 1000 , 699.977 , 0 , 0 , 0
2462 , 0 , 1000 , 700.2 , 0 , 0 , 0
2463 , 0 , 1000 , 700.424 , 0 , 0 , 0
2464 , 0 , 1000 , 700.651 , 0 , 0 , 0
2465 , 0 , 1000 , 700.879 , 0 , 0 , 0
2466 , 0 , 1000 , 701.109 , 0 , 0 , 0
2467 , 0 , 1000 , 701.34 , 0 , 0 , 0
2468 , 0 , 1000 , 701.573 , 0 , 0 , 0
2469 , 0 , 1000 , 701.808 , 0 , 0 , 0
2470 , 0 , 1000 , 702.044 , 0 , 0 , 0
2471 , 0 , 1000 , 702.282 , 0 , 0 , 0
2472 , 0 , 1000 , 702.521 , 0 , 0 , 0
2473 , 0 , 1000 , 702.762 , 0 , 0 , 0
2474 , 0 , 1000 , 703.004 , 0 , 0 , 0
2475 , 0 , 1000 , 703.248 , 0 , 0 , 0
2476 , 0 , 1000 , 703.493 , 0 , 0 , 0
2477 , 0 , 1000 , 703.739 , 0 , 0 , 0
2478 , 0 , 1000 , 703.987 , 0 , 0 , 0
2479 , 0 , 1000 , 704.236 , 0 , 0 , 0
2480 , 0 , 1000 , 704.487 , 0 , 0 , 0
2481 , 0 , 1000 , 704.738 , 0 , 0 , 0
2482 , 0 , 1000 , 704.991 , 0 , 0 , 0
2483 , 0 , 1000 , 705.245 , 0 , 0 , 0
2484 , 0 , 1000 , 705.5 , 0 , 0 , 0
2485 , 0 , 1000 , 705.756 , 0 , 0 , 0
2486 , 0 , 1000 , 706.013 , 0 , 0 , 0
2487 , 0 , 1000 , 706.271 , 0 , 0 , 0
2488 , 0 , 1000 , 706.53 , 0 , 0 , 0
2489 , 0 , 1000 , 706.79 , 0 , 0 , 0
2490 , 0 , 1000 , 707.051 , 0 , 0 , 0
2491 , 0 , 1000 , 707.312 , 0 , 0 , 0
2492 , 0 , 1000 , 707.574 , 0 , 0 , 0
2493 , 0 , 1000 , 707.838 , 0 , 0 , 0
2494 , 0 , 1000 , 708.101 , 0 , 0 , 0
2495 , 0 , 1000 , 708.366 , 0 , 0 , 0
2496 , 0 , 1000 , 708.631 , 0 , 0 , 0
2497 , 0 , 1000 , 708.897 , 0 , 0 , 0
2498 , 0 , 1000 , 709.163 , 0 , 0 , 0
2499 , 0 , 1000 , 709.43 , 0 , 0 , 0
2500 , 0 , 1000 , 709.697 , 0 , 0 , 0
2501 , 0 , 1000 , 709.964 , 0 , 0 , 0
2502 , 0 , 1000 , 710.232 , 0 , 0 , 0
2503 , 0 , 1000 , 710.5 , 0 , 0 , 0
2504 , 0 , 1000 , 710.769 , 0 , 0 , 0
2505 , 0 , 1000 , 711.038 , 0 , 0 , 0
2506 , 0 , 1000 , 711.306 , 0 , 0 , 0
2507 , 0 , 1000 , 711.576 , 0 , 0 , 0
2508 , 0 , 1000 , 711.845 , 0 , 0 , 0
2509 , 0 , 1000 , 712.114 , 0 , 0 , 0
2510 , 0 , 1000 , 712.383 , 0 , 0 , 0
2511 , 0 , 1000 , 712.652 , 0 , 0 , 0
2512 , 0 , 1000 , 712.921 , 0 , 0 , 0
2513 , 0 , 1000 , 713.19 , 0 , 0 , 0
2514 , 0 , 1000 , 713.459 , 0 , 0 , 0
2515 , 0 , 1000 , 713.728 , 0 , 0 , 0
2516 , 0 , 1000 , 713.996 , 0 , 0 , 0
2517 , 0 , 1000 , 714.264 , 0 , 0 , 0
2518 , 0 , 1000 , 714.532 , 0 , 0 , 0
2519 , 0 , 1000 , 714.799 , 0 , 0 , 0
2520 , 0 , 1000 , 715.066 , 0 , 0 , 0
2521 , 0 , 1000 , 715.332 , 0 , 0 , 0
2522 , 0 , 1000 , 715.598 , 0 , 0 , 0
2523 , 0 , 1000 , 715.863 , 0 , 0 , 0
2524 , 0 , 1000 , 716.128 , 0 , 0 , 0
2525 , 0 , 1000 , 716.392 , 0 , 0 , 0
2526 , 0 , 1000 , 716.655 , 0 , 0 , 0
2527 , 0 , 1000 , 716.918 , 0 , 0 , 0
2528 , 0 , 1000 , 717.18 , 0 , 0 , 0
2529 , 0 , 1000 , 717.441 , 0 , 0 , 0
2530 , 0 , 1000 , 717.701 , 0 , 0 , 0
2531 , 0 , 1000 , 717.96 , 0 , 0 , 0
2532 , 0 , 1000 , 718.218 , 0 , 0 , 0
2533 , 0 , 1000 , 718.475 , 0 , 0 , 0
2534 , 0 , 1000 , 718.732 , 0 , 0 , 0
2535 , 0 , 1000 , 718.987 , 0 , 0 , 0
2536 , 0 , 1000 , 719.241 , 0 , 0 , 0
2537 , 0 , 1000 , 719.493 , 0 , 0 , 0
2538 , 0 , 1000 , 719.745 , 0 , 0 , 0
2539 , 0 , 1000 , 719.995 , 0 , 0 , 0
2540 , 0 , 1000 , 720.245 , 0 , 0 , 0
2541 , 0 , 1000 , 720.492 , 0 , 0 , 0
2542 , 0 , 1000 , 720.739 , 0 , 0 , 0
2543 , 0 , 1000 , 720.984 , 0 , 0 , 0
2544 , 0 , 1000 , 721.227 , 0 , 0 , 0
2545 , 0 , 1000 , 721.469 , 0 , 0 , 0
2546 , 0 , 1000 , 721.71 , 0 , 0 , 0
2547 , 0 , 1000 , 721.949 , 0 , 0 , 0
2548 , 0 , 1000 , 722.187 , 0 , 0 , 0
2549 , 0 , 1000 , 722.422 , 0 , 0 , 0
2550 , 0 , 1000 , 722.657 , 0 , 0 , 0
2551 , 0 , 1000 , 722.889 , 0 , 0 , 0
2552 , 0 , 1000 , 723.12 , 0 , 0 , 0
2553 , 0 , 1000 , 723.349 , 0 , 0 , 0
2554 , 0 , 1000 , 723.576 , 0 , 0 , 0
2555 , 0 , 1000 , 723.801 , 0 , 0 , 0
2556 , 0 , 1000 , 724.025 , 0 , 0 , 0
2557 , 0 , 1000 , 724.246 , 0 , 0 , 0
2558 , 0 , 1000 , 724.466 , 0 , 0 , 0
2559 , 0 , 1000 , 724.683 , 0 , 0 , 0
2560 , 0 , 1000 , 724.899 , 0 , 0 , 0
2561 , 0 , 1000 , 725.113 , 0 , 0 , 0
2562 , 0 , 1000 , 725.324 , 0 , 0 , 0
2563 , 0 , 1000 , 725.534 , 0 , 0 , 0
2564 , 0 , 1000 , 725.741 , 0 , 0 , 0
2565 , 0 , 1000 , 725.946 , 0 , 0 , 0
2566 , 0 , 1000 , 726.149 , 0 , 0 , 0
2567 , 0 , 1000 , 726.35 , 0 , 0 , 0
2568 , 0 , 1000 , 726.548 , 0 , 0 , 0
2569 , 0 , 1000 , 726.744 , 0 , 0 , 0
2570 , 0 , 1000 , 726.938 , 0 , 0 , 0
2571 , 0 , 1000 , 727.13 , 0 , 0 , 0
2572 , 0 , 1000 , 727.319 , 0 , 0 , 0
2573 , 0 , 1000 , 727.506 , 0 , 0 , 0
2574 , 0 , 1000 , 727.69 , 0 , 0 , 0
2575 , 0 , 1000 , 727.872 , 0 , 0 , 0
2576 , 0 , 1000 , 728.052 , 0 , 0 , 0
2577 , 0 , 1000 , 728.229 , 0 , 0 , 0
2578 , 0 , 1000 , 728.404 , 0 , 0 , 0
2579 , 0 , 1000 , 728.576 , 0 , 0 , 0
2580 , 0 , 1000 , 728.745 , 0 , 0 , 0
2581 , 0 , 1000 , 728.912 , 0 , 0 , 0
2582 , 0 , 1000 , 729.077 , 0 , 0 , 0
2583 , 0 , 1000 , 729.239 , 0 , 0 , 0
2584 , 0 , 1000 , 729.398 , 0 , 0 , 0
2585 , 0 , 1000 , 729.555 , 0 , 0 , 0
2586 , 0 , 1000 , 729.709 , 0 , 0 , 0
2587 , 0 , 1000 , 729.86 , 0 , 0 , 0
2588 , 0 , 1000 , 730.009 , 0 , 0 , 0
2589 , 0 , 1000 , 730.155 , 0 , 0 , 0
2590 , 0 , 1000 , 730.299 , 0 , 0 , 0
2591 , 0 , 1000 , 730.439 , 0 , 0 , 0
2592 , 0 , 1000 , 730.577 , 0 , 0 , 0
2593 , 0 , 1000 , 730.713 , 0 , 0 , 0
2594 , 0 , 1000 , 730.846 , 0 , 0 , 0
2595 , 0 , 1000 , 730.975 , 0 , 0 , 0
2596 , 0 , 1000 , 731.103 , 0 , 0 , 0
2597 , 0 , 1000 , 731.227 , 0 , 0 , 0
2598 , 0 , 1000 , 731.349 , 0 , 0 , 0
2599 , 0 , 1000 , 731.467 , 0 , 0 , 0
2600 , 0 , 1000 , 731.584 , 0 , 0 , 0
2601 , 0 , 1000 , 731.697 , 0 , 0 , 0
2602 , 0 , 1000 , 731.807 , 0 , 0 , 0
2603 , 0 , 1000 , 731.915 , 0 , 0 , 0
2604 , 0 , 1000 , 732.02 , 0 , 0 , 0
2605 , 0 , 1000 , 732.122 , 0 , 0 , 0
2606 , 0 , 1000 , 732.222 , 0 , 0 , 0
2607 , 0 , 1000 , 732.318 , 0 , 0 , 0
2608 , 0 , 1000 , 732.412 , 0 , 0 , 0
2609 , 0 , 1000 , 732.503 , 0 , 0 , 0
2610 , 0 , 1000 , 732.591 , 0 , 0 , 0
2611 , 0 , 1000 , 732.677 , 0 , 0 , 0
2612 , 0 , 1000 , 732.759 , 0 , 0 , 0
2613 , 0 , 1000 , 732.839 , 0 , 0 , 0
2614 , 0 , 1000 , 732.916 , 0 , 0 , 0
2615 , 0 , 1000 , 732.99 , 0 , 0 , 0
2616 , 0 , 1000 , 733.061 , 0 , 0 , 0
2617 , 0 , 1000 , 733.13 , 0 , 0 , 0
2618 , 0 , 1000 , 733.195 , 0 , 0 , 0
2619 , 0 , 1000 , 733.258 , 0 , 0 , 0
2620 , 0 , 1000 , 733.319 , 0 , 0 , 0
2621 , 0 , 1000 , 733.376 , 0 , 0 , 0
2622 , 0 , 1000 , 733.431 , 0 , 0 , 0
2623 , 0 , 1000 , 733.483 , 0 , 0 , 0
2624 , 0 , 1000 , 733.532 , 0 , 0 , 0
2625 , 0 , 1000 , 733.578 , 0 , 0 , 0
2626 , 0 , 1000 , 733.622 , 0 , 0 , 0
2627 , 0 , 1000 , 733.663 , 0 , 0 , 0
2628 , 0 , 1000 , 733.701 , 0 , 0 , 0
2629 , 0 , 1000 , 733.736 , 0 , 0 , 0
2630 , 0 , 1000 , 733.769 , 0 , 0 , 0
2631 , 0 , 1000 , 733.799 , 0 , 0 , 0
2632 , 0 , 1000 , 733.826 , 0 , 0 , 0
2633 , 0 , 1000 , 733.851 , 0 , 0 , 0
2634 , 0 , 1000 , 733.873 , 0 , 0 , 0
2635 , 0 , 1000 , 733.893 , 0 , 0 , 0
2636 , 0 , 1000 , 733.91 , 0 , 0 , 0
2637 , 0 , 1000 , 733.924 , 0 , 0 , 0
2638 , 0 , 1000 , 733.935 , 0 , 0 , 0
2639 , 0 , 1000 , 733.945 , 0 , 0 , 0
2640 , 0 , 1000 , 733.951 , 0 , 0 , 0
2641 , 0 , 1000 , 733.955 , 0 , 0 , 0
2642 , 0 , 1000 , 733.957 , 0 , 0 , 0
2643 , 0 , 1000 , 733.955 , 0 , 0 , 0
2644 , 0 , 1000 , 733.952 , 0 , 0 , 0
2645 , 0 , 1000 , 733.946 , 0 , 0 , 0
2646 , 0 , 1000 , 733.937 , 0 , 0 , 0
2647 , 0 , 1000 , 733.927 , 0 , 0 , 0
2648 , 0 , 1000 , 733.913 , 0 , 0 , 0
2649 , 0 , 1000 , 733.898 , 0 , 0 , 0
2650 , 0 , 1000 , 733.88 , 0 , 0 , 0
2651 , 0 , 1000 , 733.859 , 0 , 0 , 0
2652 , 0 , 1000 , 733.836 , 0 , 0 , 0
2653 , 0 , 1000 , 733.811 , 0 , 0 , 0
2654 , 0 , 1000 , 733.784 , 0 , 0 , 0
2655 , 0 , 1000 , 733.755 , 0 , 0 , 0
2656 , 0 , 1000 , 733.723 , 0 , 0 , 0
2657 , 0 , 1000 , 733.689 , 0 , 0 , 0
2658 , 0 , 1000 , 733.653 , 0 , 0 , 0
2659 , 0 , 1000 , 733.614 , 0 , 0 , 0
2660 , 0 , 1000 , 733.574 , 0 , 0 , 0
2661 , 0 , 1000 , 733.532 , 0 , 0 , 0
2662 , 0 , 1000 , 733.487 , 0 , 0 , 0
2663 , 0 , 1000 , 733.44 , 0 , 0 , 0
2664 , 0 , 1000 , 733.392 , 0 , 0 , 0
2665 , 0 , 1000 , 733.341 , 0 , 0 , 0
2666 , 0 , 1000 , 733.289 , 0 , 0 , 0
2667 , 0 , 1000 , 733.234 , 0 , 0 , 0
2668 , 0 , 1000 , 733.178 , 0 , 0 , 0
2669 , 0 , 1000 , 733.12 , 0 , 0 , 0
2670 , 0 , 1000 , 733.059 , 0 , 0 , 0
2671 , 0 , 1000 , 732.997 , 0 , 0 , 0
2672 , 0 , 1000 , 732.934 , 0 , 0 , 0
2673 , 0 , 1000 , 732.868 , 0 , 0 , 0
2674 , 0 , 1000 , 732.801 , 0 , 0 , 0
2675 , 0 , 1000 , 732.732 , 0 , 0 , 0
2676 , 0 , 1000 , 732.662 , 0 , 0 , 0
2677 , 0 , 1000 , 732.59 , 0 , 0 , 0
2678 , 0 , 1000 , 732.516 , 0 , 0 , 0
2679 , 0 , 1000 , 732.441 , 0 , 0 , 0
2680 , 0 , 1000 , 732.364 , 0 , 0 , 0
2681 , 0 , 1000 , 732.286 , 0 , 0 , 0
2682 , 0 , 1000 , 732.206 , 0 , 0 , 0
2683 , 0 , 1000 , 732.125 , 0 , 0 , 0
2684 , 0 , 1000 , 732.042 , 0 , 0 , 0
2685 , 0 , 1000 , 731.959 , 0 , 0 , 0
2686 , 0 , 1000 , 731.873 , 0 , 0 , 0
2687 , 0 , 1000 , 731.787 , 0 , 0 , 0
2688 , 0 , 1000 , 731.699 , 0 , 0 , 0
2689 , 0 , 1000 , 731.61 , 0 , 0 , 0
2690 , 0 , 1000 , 731.52 , 0 , 0 , 0
2691 , 0 , 1000 , 731.428 , 0 , 0 , 0
2692 , 0 , 1000 , 731.336 , 0 , 0 , 0
2693 , 0 , 1000 , 731.243 , 0 , 0 , 0
2694 , 0 , 1000 , 731.148 , 0 , 0 , 0
2695 , 0 , 1000 , 731.052 , 0 , 0 , 0
2696 , 0 , 1000 , 730.956 , 0 , 0 , 0
2697 , 0 , 1000 , 730.858 , 0 , 0 , 0
2698 , 0 , 1000 , 730.76 , 0 , 0 , 0
2699 , 0 , 1000 , 730.661 , 0 , 0 , 0
2700 , 0 , 1000 , 730.561 , 0 , 0 , 0
2701 , 0 , 1000 , 730.46 , 0 , 0 , 0
2702 , 0 , 1000 , 730.358 , 0 , 0 , 0
2703 , 0 , 1000 , 730.256 , 0 , 0 , 0
2704 , 0 , 1000 , 730.153 , 0 , 0 , 0
2705 , 0 , 1000 , 730.049 , 0 , 0 , 0
2706 , 0 , 1000 , 729.945 , 0 , 0 , 0
2707 , 0 , 1000 , 729.84 , 0 , 0 , 0
2708 , 0 , 1000 , 729.734 , 0 , 0 , 0
2709 , 0 , 1000 , 729.629 , 0 , 0 , 0
2710 , 0 , 1000 , 729.522 , 0 , 0 , 0
2711 , 0 , 1000 , 729.415 , 0 , 0 , 0
2712 , 0 , 1000 , 729.308 , 0 , 0 , 0
2713 , 0 , 1000 , 729.2 , 0 , 0 , 0
2714 , 0 , 1000 , 729.093 , 0 , 0 , 0
2715 , 0 , 1000 , 728.984 , 0 , 0 , 0
2716 , 0 , 1000 , 728.876 , 0 , 0 , 0
2717 , 0 , 1000 , 728.767 , 0 , 0 , 0
2718 , 0 , 1000 , 728.658 , 0 , 0 , 0
2719 , 0 , 1000 , 728.549 , 0 , 0 , 0
2720 , 0 , 1000 , 728.44 , 0 , 0 , 0
2721 , 0 , 1000 , 728.331 , 0 , 0 , 0
2722 , 0 , 1000 , 728.222 , 0 , 0 , 0
2723 , 0 , 1000 , 728.113 , 0 , 0 , 0
2724 , 0 , 1000 , 728.004 , 0 , 0 , 0
2725 , 0 , 1000 , 727.894 , 0 , 0 , 0
2726 , 0 , 1000 , 727.786 , 0 , 0 , 0
2727 , 0 , 1000 , 727.677 , 0 , 0 , 0
2728 , 0 , 1000 , 727.568 , 0 , 0 , 0
2729 , 0 , 1000 , 727.46 , 0 , 0 , 0
2730 , 0 , 1000 , 727.352 , 0 , 0 , 0
2731 , 0 , 1000 , 727.244 , 0 , 0 , 0
2732 , 0 , 1000 , 727.136 , 0 , 0 , 0
2733 , 0 , 1000 , 727.029 , 0 , 0 , 0
2734 , 0 , 1000 , 726.922 , 0 , 0 , 0
2735 , 0 , 1000 , 726.816 , 0 , 0 , 0
2736 , 0 , 1000 , 726.71 , 0 , 0 , 0
2737 , 0 , 1000 , 726.605 , 0 , 0 , 0
2738 , 0 , 1000 , 726.5 , 0 , 0 , 0
2739 , 0 , 1000 , 726.396 , 0 , 0 , 0
2740 , 0 , 1000 , 726.292 , 0 , 0 , 0
2741 , 0 , 1000 , 726.189 , 0 , 0 , 0
2742 , 0 , 1000 , 726.086 , 0 , 0 , 0
2743 , 0 , 1000 , 725.985 , 0 , 0 , 0
2744 , 0 , 1000 , 725.884 , 0 , 0 , 0
2745 , 0 , 1000 , 725.784 , 0 , 0 , 0
2746 , 0 , 1000 , 725.685 , 0 , 0 , 0
2747 , 0 , 1000 , 725.586 , 0 , 0 , 0
2748 , 0 , 1000 , 725.489 , 0 , 0 , 0
2749 , 0 , 1000 , 725.392 , 0 , 0 , 0
2750 , 0 , 1000 , 725.297 , 0 , 0 , 0
2751 , 0 , 1000 , 725.202 , 0 , 0 , 0
2752 , 0 , 1000 , 725.109 , 0 , 0 , 0
2753 , 0 , 1000 , 725.016 , 0 , 0 , 0
2754 , 0 , 1000 , 724.925 , 0 , 0 , 0
2755 , 0 , 1000 , 724.834 , 0 , 0 , 0
2756 , 0 , 1000 , 724.745 , 0 , 0 , 0
2757 , 0 , 1000 , 724.658 , 0 , 0 , 0
2758 , 0 , 1000 , 724.571 , 0 , 0 , 0
2759 , 0 , 1000 , 724.486 , 0 , 0 , 0
2760 , 0 , 1000 , 724.402 , 0 , 0 , 0
2761 , 0 , 1000 , 724.319 , 0 , 0 , 0
2762 , 0 , 1000 , 724.238 , 0 , 0 , 0
2763 , 0 , 1000 , 724.158 , 0 , 0 , 0
2764 , 0 , 1000 , 724.079 , 0 , 0 , 0
2765 , 0 , 1000 , 724.003 , 0 , 0 , 0
2766 , 0 , 1000 , 723.927 , 0 , 0 , 0
2767 , 0 , 1000 , 723.853 , 0 , 0 , 0
2768 , 0 , 1000 , 723.781 , 0 , 0 , 0
2769 , 0 , 1000 , 723.71 , 0 , 0 , 0
2770 , 0 , 1000 , 723.641 , 0 , 0 , 0
2771 , 0 , 1000 , 723.574 , 0 , 0 , 0
2772 , 0 , 1000 , 723.508 , 0 , 0 , 0
2773 , 0 , 1000 , 723.444 , 0 , 0 , 0
2774 , 0 , 1000 , 723.382 , 0 , 0 , 0
2775 , 0 , 1000 , 723.322 , 0 , 0 , 0
2776 , 0 , 1000 , 723.264 , 0 , 0 , 0
2777 , 0 , 1000 , 723.207 , 0 , 0 , 0
2778 , 0 , 1000 , 723.153 , 0 , 0 , 0
2779 , 0 , 1000 , 723.1 , 0 , 0 , 0
2780 , 0 , 1000 , 723.049 , 0 , 0 , 0
2781 , 0 , 1000 , 723.001 , 0 , 0 , 0
2782 , 0 , 1000 , 722.954 , 0 , 0 , 0
2783 , 0 , 1000 , 722.91 , 0 , 0 , 0
2784 , 0 , 1000 , 722.867 , 0 , 0 , 0
2785 , 0 , 1000 , 722.827 , 0 , 0 , 0
2786 , 0 , 1000 , 722.789 , 0 , 0 , 0
2787 , 0 , 1000 , 722.753 , 0 , 0 , 0
2788 , 0 , 1000 , 722.72 , 0 , 0 , 0
2789 , 0 , 1000 , 722.688 , 0 , 0 , 0
2790 , 0 , 1000 , 722.659 , 0 , 0 , 0
2791 , 0 , 1000 , 722.633 , 0 , 0 , 0
2792 , 0 , 1000 , 722.609 , 0 , 0 , 0
2793 , 0 , 1000 , 722.587 , 0 , 0 , 0
2794 , 0 , 1000 , 722.568 , 0 , 0 , 0
2795 , 0 , 1000 , 722.551 , 0 , 0 , 0
2796 , 0 , 1000 , 722.536 , 0 , 0 , 0
2797 , 0 , 1000 , 722.525 , 0 , 0 , 0
2798 , 0 , 1000 , 722.515 , 0 , 0 , 0
2799 , 0 , 1000 , 722.509 , 0 , 0 , 0
2800 , 0 , 1000 , 722.505 , 0 , 0 , 0
2801 , 0 , 1000 , 722.504 , 0 , 0 , 0
2802 , 0 , 1000 , 722.505 , 0 , 0 , 0
2803 , 0 , 1000 , 722.509 , 0 , 0 , 0
2804 , 0 , 1000 , 722.516 , 0 , 0 , 0
2805 , 0 , 1000 , 722.526 , 0 , 0 , 0
2806 , 0 , 1000 , 722.538 , 0 , 0 , 0
2807 , 0 , 1000 , 722.554 , 0 , 0 , 0
2808 , 0 , 1000 , 722.572 , 0 , 0 , 0
2809 , 0 , 1000 , 722.593 , 0 , 0 , 0
2810 , 0 , 1000 , 722.618 , 0 , 0 , 0
2811 , 0 , 1000 , 722.645 , 0 , 0 , 0
2812 , 0 , 1000 , 722.675 , 0 , 0 , 0
2813 , 0 , 1000 , 722.708 , 0 , 0 , 0
2814 , 0 , 1000 , 722.745 , 0 , 0 , 0
2815 , 0 , 1000 , 722.785 , 0 , 0 , 0
2816 , 0 , 1000 , 722.827 , 0 , 0 , 0
2817 , 0 , 1000 , 722.873 , 0 , 0 , 0
2818 , 0 , 1000 , 722.922 , 0 , 0 , 0
2819 , 0 , 1000 , 722.975 , 0 , 0 , 0
2820 , 0 , 1000 , 723.031 , 0 , 0 , 0
2821 , 0 , 1000 , 723.09 , 0 , 0 , 0
2822 , 0 , 1000 , 723.152 , 0 , 0 , 0
2823 , 0 , 1000 , 723.218 , 0 , 0 , 0
2824 , 0 , 1000 , 723.287 , 0 , 0 , 0
2825 , 0 , 1000 , 723.359 , 0 , 0 , 0
2826 , 0 , 1000 , 723.435 , 0 , 0 , 0
2827 , 0 , 1000 , 723.515 , 0 , 0 , 0
2828 , 0 , 1000 , 723.598 , 0 , 0 , 0
2829 , 0 , 1000 , 723.685 , 0 , 0 , 0
2830 , 0 , 1000 , 723.775 , 0 , 0 , 0
2831 , 0 , 1000 , 723.869 , 0 , 0 , 0
2832 , 0 , 1000 , 723.967 , 0 , 0 , 0
2833 , 0 , 1000 , 724.068 , 0 , 0 , 0
2834 , 0 , 1000 , 724.173 , 0 , 0 , 0
2835 , 0 , 1000 , 724.281 , 0 , 0 , 0
2836 , 0 , 1000 , 724.394 , 0 , 0 , 0
2837 , 0 , 1000 , 724.51 , 0 , 0 , 0
2838 , 0 , 1000 , 724.63 , 0 , 0 , 0
2839 , 0 , 1000 , 724.754 , 0 , 0 , 0
2840 , 0 , 1000 , 724.881 , 0 , 0 , 0
2841 , 0 , 1000 , 725.013 , 0 , 0 , 0
2842 , 0 , 1000 , 725.148 , 0 , 0 , 0
2843 , 0 , 1000 , 725.288 , 0 , 0 , 0
2844 , 0 , 1000 , 725.431 , 0 , 0 , 0
2845 , 0 , 1000 , 725.578 , 0 , 0 , 0
2846 , 0 , 1000 , 725.73 , 0 , 0 , 0
2847 , 0 , 1000 , 725.885 , 0 , 0 , 0
2848 , 0 , 1000 , 726.045 , 0 , 0 , 0
2849 , 0 , 1000 , 726.208 , 0 , 0 , 0
2850 , 0 , 1000 , 726.376 , 0 , 0 , 0
2851 , 0 , 1000 , 726.548 , 0 , 0 , 0
2852 , 0 , 1000 , 726.724 , 0 , 0 , 0
2853 , 0 , 1000 , 726.904 , 0 , 0 , 0
2854 , 0 , 1000 , 727.088 , 0 , 0 , 0
2855 , 0 , 1000 , 727.276 , 0 , 0 , 0
2856 , 0 , 1000 , 727.469 , 0 , 0 , 0
2857 , 0 , 1000 , 727.666 , 0 , 0 , 0
2858 , 0 , 1000 , 727.867 , 0 , 0 , 0
2859 , 0 , 1000 , 728.073 , 0 , 0 , 0
2860 , 0 , 1000 , 728.283 , 0 , 0 , 0
2861 , 0 , 1000 , 728.497 , 0 , 0 , 0
2862 , 0 , 1000 , 728.716 , 0 , 0 , 0
2863 , 0 , 1000 , 728.938 , 0 , 0 , 0
2864 , 0 , 1000 , 729.166 , 0 , 0 , 0
2865 , 0 , 1000 , 729.397 , 0 , 0 , 0
2866 , 0 , 1000 , 729.633 , 0 , 0 , 0
2867 , 0 , 1000 , 729.874 , 0 , 0 , 0
2868 , 0 , 1000 , 730.119 , 0 , 0 , 0
2869 , 0 , 1000 , 730.368 , 0 , 0 , 0
2870 , 0 , 1000 , 730.622 , 0 , 0 , 0
2871 , 0 , 1000 , 730.88 , 0 , 0 , 0
2872 , 0 , 1000 , 731.143 , 0 , 0 , 0
2873 , 0 , 1000 , 731.41 , 0 , 0 , 0
2874 , 0 , 1000 , 731.682 , 0 , 0 , 0
2875 , 0 , 1000 , 731.958 , 0 , 0 , 0
2876 , 0 , 1000 , 732.239 , 0 , 0 , 0
2877 , 0 , 1000 , 732.524 , 0 , 0 , 0
2878 , 0 , 1000 , 732.814 , 0 , 0 , 0
2879 , 0 , 1000 , 733.108 , 0 , 0 , 0
2880 , 0 , 1000 , 733.407 , 0 , 0 , 0
2881 , 0 , 1000 , 733.711 , 0 , 0 , 0
2882 , 0 , 1000 , 734.019 , 0 , 0 , 0
2883 , 0 , 1000 , 734.331 , 0 , 0 , 0
2884 , 0 , 1000 , 734.648 , 0 , 0 , 0
2885 , 0 , 1000 , 734.97 , 0 , 0 , 0
2886 , 0 , 1000 , 735.296 , 0 , 0 , 0
2887 , 0 , 1000 , 735.627 , 0 , 0 , 0
2888 , 0 , 1000 , 735.962 , 0 , 0 , 0
2889 , 0 , 1000 , 736.302 , 0 , 0 , 0
2890 , 0 , 1000 , 736.647 , 0 , 0 , 0
2891 , 0 , 1000 , 736.996 , 0 , 0 , 0
2892 , 0 , 1000 , 737.349 , 0 , 0 , 0
2893 , 0 , 1000 , 737.708 , 0 , 0 , 0
2894 , 0 , 1000 , 738.07 , 0 , 0 , 0
2895 , 0 , 1000 , 738.438 , 0 , 0 , 0
2896 , 0 , 1000 , 738.81 , 0 , 0 , 0
2897 , 0 , 1000 , 739.186 , 0 , 0 , 0
2898 , 0 , 1000 , 739.567 , 0 , 0 , 0
2899 , 0 , 1000 , 739.953 , 0 , 0 , 0
2900 , 0 , 1000 , 740.343 , 0 , 0 , 0
2901 , 0 , 1000 , 740.737 , 0 , 0 , 0
2902 , 0 , 1000 , 741.137 , 0 , 0 , 0
2903 , 0 , 1000 , 741.541 , 0 , 0 , 0
2904 , 0 , 1000 , 741.949 , 0 , 0 , 0
2905 , 0 , 1000 , 742.362 , 0 , 0 , 0
2906 , 0 , 1000 , 742.779 , 0 , 0 , 0
2907 , 0 , 1000 , 743.201 , 0 , 0 , 0
2908 , 0 , 1000 , 743.627 , 0 , 0 , 0
2909 , 0 , 1000 , 744.058 , 0 , 0 , 0
2910 , 0 , 1000 , 744.494 , 0 , 0 , 0
2911 , 0 , 1000 , 744.934 , 0 , 0 , 0
2912 , 0 , 1000 , 745.378 , 0 , 0 , 0
2913 , 0 , 1000 , 745.827 , 0 , 0 , 0
2914 , 0 , 1000 , 746.28 , 0 , 0 , 0
2915 , 0 , 1000 , 746.738 , 0 , 0 , 0
2916 , 0 , 1000 , 747.2 , 0 , 0 , 0
2917 , 0 , 1000 , 747.666 , 0 , 0 , 0
2918 , 0 , 1000 , 748.137 , 0 , 0 , 0
2919 , 0 , 1000 , 748.613 , 0 , 0 , 0
2920 , 0 , 1000 , 749.092 , 0 , 0 , 0
2921 , 0 , 1000 , 749.576 , 0 , 0 , 0
2922 , 0 , 1000 , 750.064 , 0 , 0 , 0
2923 , 0 , 1000 , 750.557 , 0 , 0 , 0
2924 , 0 , 1000 , 751.054 , 0 , 0 , 0
2925 , 0 , 1000 , 751.555 , 0 , 0 , 0
2926 , 0 , 1000 , 752.06 , 0 , 0 , 0
2927 , 0 , 1000 , 752.57 , 0 , 0 , 0
2928 , 0 , 1000 , 753.083 , 0 , 0 , 0
2929 , 0 , 1000 , 753.601 , 0 , 0 , 0
2930 , 0 , 1000 , 754.123 , 0 , 0 , 0
2931 , 0 , 1000 , 754.649 , 0 , 0 , 0
2932 , 0 , 1000 , 755.179 , 0 , 0 , 0
2933 , 0 , 1000 , 755.713 , 0 , 0 , 0
2934 , 0 , 1000 , 756.251 , 0 , 0 , 0
2935 , 0 , 1000 , 756.793 , 0 , 0 , 0
2936 , 0 , 1000 , 757.339 , 0 , 0 , 0
2937 , 0 , 1000 , 757.888 , 0 , 0 , 0
2938 , 0 , 1000 , 758.442 , 0 , 0 , 0
2939 , 0 , 1000 , 758.999 , 0 , 0 , 0
2940 , 0 , 1000 , 759.561 , 0 , 0 , 0
2941 , 0 , 1000 , 760.126 , 0 , 0 , 0
2942 , 0 , 1000 , 760.694 , 0 , 0 , 0
2943 , 0 , 1000 , 761.266 , 0 , 0 , 0
2944 , 0 , 1000 , 761.842 , 0 , 0 , 0
2945 , 0 , 1000 , 762.422 , 0 , 0 , 0
2946 , 0 , 1000 , 763.005 , 0 , 0 , 0
2947 , 0 , 1000 , 763.592 , 0 , 0 , 0
2948 , 0 , 1000 , 764.182 , 0 , 0 , 0
2949 , 0 , 1000 , 764.775 , 0 , 0 , 0
2950 , 0 , 1000 , 765.372 , 0 , 0 , 0
2951 , 0 , 1000 , 765.972 , 0 , 0 , 0
2952 , 0 , 1000 , 766.575 , 0 , 0 , 0
2953 , 0 , 1000 , 767.182 , 0 , 0 , 0
2954 , 0 , 1000 , 767.791 , 0 , 0 , 0
2955 , 0 , 1000 , 768.404 , 0 , 0 , 0
2956 , 0 , 1000 , 769.02 , 0 , 0 , 0
2957 , 0 , 1000 , 769.639 , 0 , 0 , 0
2958 , 0 , 1000 , 770.261 , 0 , 0 , 0
2959 , 0 , 1000 , 770.886 , 0 , 0 , 0
2960 , 0 , 1000 , 771.513 , 0 , 0 , 0
2961 , 0 , 1000 , 772.144 , 0 , 0 , 0
2962 , 0 , 1000 , 772.777 , 0 , 0 , 0
2963 , 0 , 1000 , 773.413 , 0 , 0 , 0
2964 , 0 , 1000 , 774.052 , 0 , 0 , 0
2965 , 0 , 1000 , 774.693 , 0 , 0 , 0
2966 , 0 , 1000 , 775.337 , 0 , 0 , 0
2967 , 0 , 1000 , 775.983 , 0 , 0 , 0
2968 , 0 , 1000 , 776.631 , 0 , 0 , 0
2969 , 0 , 1000 , 777.282 , 0 , 0 , 0
2970 , 0 , 1000 , 777.936 , 0 , 0 , 0
2971 , 0 , 1000 , 778.591 , 0 , 0 , 0
2972 , 0 , 1000 , 779.249 , 0 , 0 , 0
2973 , 0 , 1000 , 779.909 , 0 , 0 , 0
2974 , 0 , 1000 , 780.57 , 0 , 0 , 0
2975 , 0 , 1000 , 781.234 , 0 , 0 , 0
2976 , 0 , 1000 , 781.9 , 0 , 0 , 0
2977 , 0 , 1000 , 782.567 , 0 , 0 , 0
2978 , 0 , 1000 , 783.237 , 0 , 0 , 0
2979 , 0 , 1000 , 783.908 , 0 , 0 , 0
2980 , 0 , 1000 , 784.581 , 0 , 0 , 0
2981 , 0 , 1000 , 785.255 , 0 , 0 , 0
2982 , 0 , 1000 , 785.93 , 0 , 0 , 0
2983 , 0 , 1000 , 786.608 , 0 , 0 , 0
2984 , 0 , 1000 , 787.286 , 0 , 0 , 0
2985 , 0 , 1000 , 787.966 , 0 , 0 , 0
2986 , 0 , 1000 , 788.647 , 0 , 0 , 0
2987 , 0 , 1000 , 789.329 , 0 , 0 , 0
2988 , 0 , 1000 , 790.012 , 0 , 0 , 0
2989 , 0 , 1000 , 790.696 , 0 , 0 , 0
2990 , 0 , 1000 , 791.381 , 0 , 0 , 0
2991 , 0 , 1000 , 792.067 , 0 , 0 , 0
2992 , 0 , 1000 , 792.754 , 0 , 0 , 0
2993 , 0 , 1000 , 793.441 , 0 , 0 , 0
2994 , 0 , 1000 , 794.13 , 0 , 0 , 0
2995 , 0 , 1000 , 794.818 , 0 , 0 , 0
2996 , 0 , 1000 , 795.507 , 0 , 0 , 0
2997 , 0 , 1000 , 796.197 , 0 , 0 , 0
2998 , 0 , 1000 , 796.887 , 0 , 0 , 0
2999 , 0 , 1000 , 797.577 , 0 , 0 , 0
3000 , 0 , 1000 , 798.268 , 0 , 0 , 0
3001 , 0 , 1000 , 798.959 , 0 , 0 , 0
3002 , 0 , 1000 , 799.65 , 0 , 0 , 0
3003 , 0 , 1000 , 800.341 , 0 , 0 , 0
3004 , 0 , 1000 , 801.032 , 0 , 0 , 0
3005 , 0 , 1000 , 801.723 , 0 , 0 , 0
3006 , 0 , 1000 , 802.414 , 0 , 0 , 0
3007 , 0 , 1000 , 803.105 , 0 , 0 , 0
3008 , 0 , 1000 , 803.796 , 0 , 0 , 0
3009 , 0 , 1000 , 804.486 , 0 , 0 , 0
3010 , 0 , 1000 , 805.176 , 0 , 0 , 0
3011 , 0 , 1000 , 805.866 , 0 , 0 , 0
3012 , 0 , 1000 , 806.555 , 0 , 0 , 0
3013 , 0 , 1000 , 807.244 , 0 , 0 , 0
3014 , 0 , 1000 , 807.932 , 0 , 0 , 0
3015 , 0 , 1000 , 808.62 , 0 , 0 , 0
3016 , 0 , 1000 , 809.306 , 0 , 0 , 0
3017 , 0 , 1000 , 809.992 , 0 , 0 , 0
3018 , 0 , 1000 , 810.677 , 0 , 0 , 0
3019 , 0 , 1000 , 811.362 , 0 , 0 , 0
3020 , 0 , 1000 , 812.045 , 0 , 0 , 0
3021 , 0 , 1000 , 812.727 , 0 , 0 , 0
3022 , 0 , 1000 , 813.408 , 0 , 0 , 0
3023 , 0 , 1000 , 814.088 , 0 , 0 , 0
3024 , 0 , 1000 , 814.767 , 0 , 0 , 0
3025 , 0 , 1000 , 815.444 , 0 , 0 , 0
3026 , 0 , 1000 , 816.12 , 0 , 0 , 0
3027 , 0 , 1000 , 816.795 , 0 , 0 , 0
3028 , 0 , 1000 , 817.468 , 0 , 0 , 0
3029 , 0 , 1000 , 818.14 , 0 , 0 , 0
3030 , 0 , 1000 , 818.81 , 0 , 0 , 0
3031 , 0 , 1000 , 819.478 , 0 , 0 , 0
3032 , 0 , 1000 , 820.144 , 0 , 0 , 0
3033 , 0 , 1000 , 820.809 , 0 , 0 , 0
3034 , 0 , 1000 , 821.471 , 0 , 0 , 0
3035 , 0 , 1000 , 822.132 , 0 , 0 , 0
3036 , 0 , 1000 , 822.791 , 0 , 0 , 0
3037 , 0 , 1000 , 823.447 , 0 , 0 , 0
3038 , 0 , 1000 , 824.102 , 0 , 0 , 0
3039 , 0 , 1000 , 824.753 , 0 , 0 , 0
3040 , 0 , 1000 , 825.403 , 0 , 0 , 0
3041 , 0 , 1000 , 826.05 , 0 , 0 , 0
3042 , 0 , 1000 , 826.695 , 0 , 0 , 0
3043 , 0 , 1000 , 827.337 , 0 , 0 , 0
3044 , 0 , 1000 , 827.976 , 0 , 0 , 0
3045 , 0 , 1000 , 828.613 , 0 , 0 , 0
3046 , 0 , 1000 , 829.247 , 0 , 0 , 0
3047 , 0 , 1000 , 829.878 , 0 , 0 , 0
3048 , 0 , 1000 , 830.507 , 0 , 0 , 0
3049 , 0 , 1000 , 831.132 , 0 , 0 , 0
3050 , 0 , 1000 , 831.754 , 0 , 0 , 0
3051 , 0 , 1000 , 832.373 , 0 , 0 , 0
3052 , 0 , 1000 , 832.988 , 0 , 0 , 0
3053 , 0 , 1000 , 833.601 , 0 , 0 , 0
3054 , 0 , 1000 , 834.21 , 0 , 0 , 0
3055 , 0 , 1000 , 834.816 , 0 , 0 , 0
3056 , 0 , 1000 , 835.418 , 0 , 0 , 0
3057 , 0 , 1000 , 836.016 , 0 , 0 , 0
3058 , 0 , 1000 , 836.611 , 0 , 0 , 0
3059 , 0 , 1000 , 837.203 , 0 , 0 , 0
3060 , 0 , 1000 , 837.79 , 0 , 0 , 0
3061 , 0 , 1000 , 838.374 , 0 , 0 , 0
3062 , 0 , 1000 , 838.953 , 0 , 0 , 0
3063 , 0 , 1000 , 839.529 , 0 , 0 , 0
3064 , 0 , 1000 , 840.101 , 0 , 0 , 0
3065 , 0 , 1000 , 840.668 , 0 , 0 , 0
3066 , 0 , 1000 , 841.232 , 0 , 0 , 0
3067 , 0 , 1000 , 841.791 , 0 , 0 , 0
3068 , 0 , 1000 , 842.346 , 0 , 0 , 0
3069 , 0 , 1000 , 842.896 , 0 , 0 , 0
3070 , 0 , 1000 , 843.442 , 0 , 0 , 0
3071 , 0 , 1000 , 843.984 , 0 , 0 , 0
3072 , 0 , 1000 , 844.521 , 0 , 0 , 0
3073 , 0 , 1000 , 845.053 , 0 , 0 , 0
3074 , 0 , 1000 , 845.581 , 0 , 0 , 0
3075 , 0 , 1000 , 846.104 , 0 , 0 , 0
3076 , 0 , 1000 , 846.622 , 0 , 0 , 0
3077 , 0 , 1000 , 847.135 , 0 , 0 , 0
3078 , 0 , 1000 , 847.644 , 0 , 0 , 0
3079 , 0 , 1000 , 848.147 , 0 , 0 , 0
3080 , 0 , 1000 , 848.645 , 0 , 0 , 0
3081 , 0 , 1000 , 849.139 , 0 , 0 , 0
3082 , 0 , 1000 , 849.627 , 0 , 0 , 0
3083 , 0 , 1000 , 850.11 , 0 , 0 , 0
3084 , 0 , 1000 , 850.588 , 0 , 0 , 0
3085 , 0 , 1000 , 851.061 , 0 , 0 , 0
3086 , 0 , 1000 , 851.528 , 0 , 0 , 0
3087 , 0 , 1000 , 851.99 , 0 , 0 , 0
3088 , 0 , 1000 , 852.446 , 0 , 0 , 0
3089 , 0 , 1000 , 852.897 , 0 , 0 , 0
3090 , 0 , 1000 , 853.343 , 0 , 0 , 0
3091 , 0 , 1000 , 853.783 , 0 , 0 , 0
3092 , 0 , 1000 , 854.217 , 0 , 0 , 0
3093 , 0 , 1000 , 854.646 , 0 , 0 , 0
3094 , 0 , 1000 , 855.069 , 0 , 0 , 0
3095 , 0 , 1000 , 855.487 , 0 , 0 , 0
3096 , 0 , 1000 , 855.898 , 0 , 0 , 0
3097 , 0 , 1000 , 856.304 , 0 , 0 , 0
3098 , 0 , 1000 , 856.704 , 0 , 0 , 0
3099 , 0 , 1000 , 857.098 , 0 , 0 , 0
3100 , 0 , 1000 , 857.487 , 0 , 0 , 0
3101 , 0 , 1000 , 857.869 , 0 , 0 , 0
3102 , 0 , 1000 , 858.245 , 0 , 0 , 0
3103 , 0 , 1000 , 858.616 , 0 , 0 , 0
3104 , 0 , 1000 , 858.98 , 0 , 0 , 0
3105 , 0 , 1000 , 859.339 , 0 , 0 , 0
3106 , 0 , 1000 , 859.691 , 0 , 0 , 0
3107 , 0 , 1000 , 860.037 , 0 , 0 , 0
3108 , 0 , 1000 , 860.377 , 0 , 0 , 0
3109 , 0 , 1000 , 860.711 , 0 , 0 , 0
3110 , 0 , 1000 , 861.039 , 0 , 0 , 0
3111 , 0 , 1000 , 861.361 , 0 , 0 , 0
3112 , 0 , 1000 , 861.676 , 0 , 0 , 0
3113 , 0 , 1000 , 861.985 , 0 , 0 , 0
3114 , 0 , 1000 , 862.289 , 0 , 0 , 0
3115 , 0 , 1000 , 862.585 , 0 , 0 , 0
3116 , 0 , 1000 , 862.876 , 0 , 0 , 0
3117 , 0 , 1000 , 863.16 , 0 , 0 , 0
3118 , 0 , 1000 , 863.438 , 0 , 0 , 0
3119 , 0 , 1000 , 863.71 , 0 , 0 , 0
3120 , 0 , 1000 , 863.975 , 0 , 0 , 0
3121 , 0 , 1000 , 864.234 , 0 , 0 , 0
3122 , 0 , 1000 , 864.487 , 0 , 0 , 0
3123 , 0 , 1000 , 864.734 , 0 , 0 , 0
3124 , 0 , 1000 , 864.974 , 0 , 0 , 0
3125 , 0 , 1000 , 865.207 , 0 , 0 , 0
3126 , 0 , 1000 , 865.435 , 0 , 0 , 0
3127 , 0 , 1000 , 865.656 , 0 , 0 , 0
3128 , 0 , 1000 , 865.871 , 0 , 0 , 0
3129 , 0 , 1000 , 866.079 , 0 , 0 , 0
3130 , 0 , 1000 , 866.281 , 0 , 0 , 0
3131 , 0 , 1000 , 866.477 , 0 , 0 , 0
3132 , 0 , 1000 , 866.666 , 0 , 0 , 0
3133 , 0 , 1000 , 866.849 , 0 , 0 , 0
3134 , 0 , 1000 , 867.025 , 0 , 0 , 0
3135 , 0 , 1000 , 867.196 , 0 , 0 , 0
3136 , 0 , 1000 , 867.36 , 0 , 0 , 0
3137 , 0 , 1000 , 867.517 , 0 , 0 , 0
3138 , 0 , 1000 , 867.669 , 0 , 0 , 0
3139 , 0 , 1000 , 867.814 , 0 , 0 , 0
3140 , 0 , 1000 , 867.952 , 0 , 0 , 0
3141 , 0 , 1000 , 868.085 , 0 , 0 , 0
3142 , 0 , 1000 , 868.211 , 0 , 0 , 0
3143 , 0 , 1000 , 868.331 , 0 , 0 , 0
3144 , 0 , 1000 , 868.444 , 0 , 0 , 0
3145 , 0 , 1000 , 868.552 , 0 , 0 , 0
3146 , 0 , 1000 , 868.653 , 0 , 0 , 0
3147 , 0 , 1000 , 868.748 , 0 , 0 , 0
3148 , 0 , 1000 , 868.837 , 0 , 0 , 0
3149 , 0 , 1000 , 868.919 , 0 , 0 , 0
3150 , 0 , 1000 , 868.996 , 0 , 0 , 0
3151 , 0 , 1000 , 869.066 , 0 , 0 , 0
3152 , 0 , 1000 , 869.131 , 0 , 0 , 0
3153 , 0 , 1000 , 869.189 , 0 , 0 , 0
3154 , 0 , 1000 , 869.241 , 0 , 0 , 0
3155 , 0 , 1000 , 869.287 , 0 , 0 , 0
3156 , 0 , 1000 , 869.327 , 0 , 0 , 0
3157 , 0 , 1000 , 869.362 , 0 , 0 , 0
3158 , 0 , 1000 , 869.39 , 0 , 0 , 0
3159 , 0 , 1000 , 869.412 , 0 , 0 , 0
3160 , 0 , 1000 , 869.429 , 0 , 0 , 0
3161 , 0 , 1000 , 869.439 , 0 , 0 , 0
3162 , 0 , 1000 , 869.444 , 0 , 0 , 0
3163 , 0 , 1000 , 869.443 , 0 , 0 , 0
3164 , 0 , 1000 , 869.436 , 0 , 0 , 0
3165 , 0 , 1000 , 869.424 , 0 , 0 , 0
3166 , 0 , 1000 , 869.405 , 0 , 0 , 0
3167 , 0 , 1000 , 869.381 , 0 , 0 , 0
3168 , 0 , 1000 , 869.352 , 0 , 0 , 0
3169 , 0 , 1000 , 869.317 , 0 , 0 , 0
3170 , 0 , 1000 , 869.276 , 0 , 0 , 0
3171 , 0 , 1000 , 869.23 , 0 , 0 , 0
3172 , 0 , 1000 , 869.178 , 0 , 0 , 0
3173 , 0 , 1000 , 869.121 , 0 , 0 , 0
3174 , 0 , 1000 , 869.059 , 0 , 0 , 0
3175 , 0 , 1000 , 868.991 , 0 , 0 , 0
3176 , 0 , 1000 , 868.918 , 0 , 0 , 0
3177 , 0 , 1000 , 868.839 , 0 , 0 , 0
3178 , 0 , 1000 , 868.755 , 0 , 0 , 0
3179 , 0 , 1000 , 868.666 , 0 , 0 , 0
3180 , 0 , 1000 , 868.572 , 0 , 0 , 0
3181 , 0 , 1000 , 868.473 , 0 , 0 , 0
3182 , 0 , 1000 , 868.369 , 0 , 0 , 0
3183 , 0 , 1000 , 868.26 , 0 , 0 , 0
3184 , 0 , 1000 , 868.145 , 0 , 0 , 0
3185 , 0 , 1000 , 868.026 , 0 , 0 , 0
3186 , 0 , 1000 , 867.902 , 0 , 0 , 0
3187 , 0 , 1000 , 867.773 , 0 , 0 , 0
3188 , 0 , 1000 , 867.64 , 0 , 0 , 0
3189 , 0 , 1000 , 867.501 , 0 , 0 , 0
3190 , 0 , 1000 , 867.358 , 0 , 0 , 0
3191 , 0 , 1000 , 867.211 , 0 , 0 , 0
3192 , 0 , 1000 , 867.058 , 0 , 0 , 0
3193 , 0 , 1000 , 866.901 , 0 , 0 , 0
3194 , 0 , 1000 , 866.74 , 0 , 0 , 0
3195 , 0 , 1000 , 866.574 , 0 , 0 , 0
3196 , 0 , 1000 , 866.404 , 0 , 0 , 0
3197 , 0 , 1000 , 866.23 , 0 , 0 , 0
3198 , 0 , 1000 , 866.051 , 0 , 0 , 0
3199 , 0 , 1000 , 865.868 , 0 , 0 , 0
3200 , 0 , 1000 , 865.68 , 0 , 0 , 0
3201 , 0 , 1000 , 865.489 , 0 , 0 , 0
3202 , 0 , 1000 , 865.294 , 0 , 0 , 0
3203 , 0 , 1000 , 865.094 , 0 , 0 , 0
3204 , 0 , 1000 , 864.891 , 0 , 0 , 0
3205 , 0 , 1000 , 864.683 , 0 , 0 , 0
3206 , 0 , 1000 , 864.472 , 0 , 0 , 0
3207 , 0 , 1000 , 864.257 , 0 , 0 , 0
3208 , 0 , 1000 , 864.038 , 0 , 0 , 0
3209 , 0 , 1000 , 863.816 , 0 , 0 , 0
3210 , 0 , 1000 , 863.59 , 0 , 0 , 0
3211 , 0 , 1000 , 863.36 , 0 , 0 , 0
3212 , 0 , 1000 , 863.127 , 0 , 0 , 0
3213 , 0 , 1000 , 862.89 , 0 , 0 , 0
3214 , 0 , 1000 , 862.65 , 0 , 0 , 0
3215 , 0 , 1000 , 862.407 , 0 , 0 , 0
3216 , 0 , 1000 , 862.16 , 0 , 0 , 0
3217 , 0 , 1000 , 861.91 , 0 , 0 , 0
3218 , 0 , 1000 , 861.657 , 0 , 0 , 0
3219 , 0 , 1000 , 861.401 , 0 , 0 , 0
3220 , 0 , 1000 , 861.141 , 0 , 0 , 0
3221 , 0 , 1000 , 860.879 , 0 , 0 , 0
3222 , 0 , 1000 , 860.614 , 0 , 0 , 0
3223 , 0 , 1000 , 860.346 , 0 , 0 , 0
3224 , 0 , 1000 , 860.075 , 0 , 0 , 0
3225 , 0 , 1000 , 859.801 , 0 , 0 , 0
3226 , 0 , 1000 , 859.524 , 0 , 0 , 0
3227 , 0 , 1000 , 859.245 , 0 , 0 , 0
3228 , 0 , 1000 , 858.963 , 0 , 0 , 0
3229 , 0 , 1000 , 858.679 , 0 , 0 , 0
3230 , 0 , 1000 , 858.392 , 0 , 0 , 0
3231 , 0 , 1000 , 858.103 , 0 , 0 , 0
3232 , 0 , 1000 , 857.811 , 0 , 0 , 0
3233 , 0 , 1000 , 857.517 , 0 , 0 , 0
3234 , 0 , 1000 , 857.221 , 0 , 0 , 0
3235 , 0 , 1000 , 856.923 , 0 , 0 , 0
3236 , 0 , 1000 , 856.622 , 0 , 0 , 0
3237 , 0 , 1000 , 856.319 , 0 , 0 , 0
3238 , 0 , 1000 , 856.015 , 0 , 0 , 0
3239 , 0 , 1000 , 855.708 , 0 , 0 , 0
3240 , 0 , 1000 , 855.4 , 0 , 0 , 0
3241 , 0 , 1000 , 855.09 , 0 , 0 , 0
3242 , 0 , 1000 , 854.778 , 0 , 0 , 0
3243 , 0 , 1000 , 854.464 , 0 , 0 , 0
3244 , 0 , 1000 , 854.148 , 0 , 0 , 0
3245 , 0 , 1000 , 853.831 , 0 , 0 , 0
3246 , 0 , 1000 , 853.513 , 0 , 0 , 0
3247 , 0 , 1000 , 853.192 , 0 , 0 , 0
3248 , 0 , 1000 , 852.871 , 0 , 0 , 0
3249 , 0 , 1000 , 852.548 , 0 , 0 , 0
3250 , 0 , 1000 , 852.224 , 0 , 0 , 0
3251 , 0 , 1000 , 851.898 , 0 , 0 , 0
3252 , 0 , 1000 , 851.571 , 0 , 0 , 0
3253 , 0 , 1000 , 851.244 , 0 , 0 , 0
3254 , 0 , 1000 , 850.915 , 0 , 0 , 0
3255 , 0 , 1000 , 850.585 , 0 , 0 , 0
3256 , 0 , 1000 , 850.254 , 0 , 0 , 0
3257 , 0 , 1000 , 849.922 , 0 , 0 , 0
3258 , 0 , 1000 , 849.589 , 0 , 0 , 0
3259 , 0 , 1000 , 849.256 , 0 , 0 , 0
3260 , 0 , 1000 , 848.921 , 0 , 0 , 0
3261 , 0 , 1000 , 848.586 , 0 , 0 , 0
3262 , 0 , 1000 , 848.251 , 0 , 0 , 0
3263 , 0 , 1000 , 847.915 , 0 , 0 , 0
3264 , 0 , 1000 , 847.578 , 0 , 0 , 0
3265 , 0 , 1000 , 847.241 , 0 , 0 , 0
3266 , 0 , 1000 , 846.903 , 0 , 0 , 0
3267 , 0 , 1000 , 846.565 , 0 , 0 , 0
3268 , 0 , 1000 , 846.227 , 0 , 0 , 0
3269 , 0 , 1000 , 845.888 , 0 , 0 , 0
3270 , 0 , 1000 , 845.55 , 0 , 0 , 0
3271 , 0 , 1000 , 845.211 , 0 , 0 , 0
3272 , 0 , 1000 , 844.872 , 0 , 0 , 0
3273 , 0 , 1000 , 844.533 , 0 , 0 , 0
3274 , 0 , 1000 , 844.194 , 0 , 0 , 0
3275 , 0 , 1000 , 843.855 , 0 , 0 , 0
3276 , 0 , 1000 , 843.516 , 0 , 0 , 0
3277 , 0 , 1000 , 843.177 , 0 , 0 , 0
3278 , 0 , 1000 , 842.839 , 0 , 0 , 0
3279 , 0 , 1000 , 842.5 , 0 , 0 , 0
3280 , 0 , 1000 , 842.163 , 0 , 0 , 0
3281 , 0 , 1000 , 841.825 , 0 , 0 , 0
3282 , 0 , 1000 , 841.488 , 0 , 0 , 0
3283 , 0 , 1000 , 841.151 , 0 , 0 , 0
3284 , 0 , 1000 , 840.815 , 0 , 0 , 0
3285 , 0 , 1000 , 840.479 , 0 , 0 , 0
3286 , 0 , 1000 , 840.144 , 0 , 0 , 0
3287 , 0 , 1000 , 839.81 , 0 , 0 , 0
3288 , 0 , 1000 , 839.476 , 0 , 0 , 0
3289 , 0 , 1000 , 839.143 , 0 , 0 , 0
3290 , 0 , 1000 , 838.811 , 0 , 0 , 0
3291 , 0 , 1000 , 838.48 , 0 , 0 , 0
3292 , 0 , 1000 , 838.149 , 0 , 0 , 0
3293 , 0 , 1000 , 837.82 , 0 , 0 , 0
3294 , 0 , 1000 , 837.491 , 0 , 0 , 0
3295 , 0 , 1000 , 837.164 , 0 , 0 , 0
3296 , 0 , 1000 , 836.837 , 0 , 0 , 0
3297 , 0 , 1000 , 836.512 , 0 , 0 , 0
3298 , 0 , 1000 , 836.188 , 0 , 0 , 0
3299 , 0 , 1000 , 835.865 , 0 , 0 , 0
3300 , 0 , 1000 , 835.543 , 0 , 0 , 0
3301 , 0 , 1000 , 835.222 , 0 , 0 , 0
3302 , 0 , 1000 , 834.903 , 0 , 0 , 0
3303 , 0 , 1000 , 834.585 , 0 , 0 , 0
3304 , 0 , 1000 , 834.268 , 0 , 0 , 0
3305 , 0 , 1000 , 833.953 , 0 , 0 , 0
3306 , 0 , 1000 , 833.64 , 0 , 0 , 0
3307 , 0 , 1000 , 833.328 , 0 , 0 , 0
3308 , 0 , 1000 , 833.017 , 0 , 0 , 0
3309 , 0 , 1000 , 832.708 , 0 , 0 , 0
3310 , 0 , 1000 , 832.401 , 0 , 0 , 0
3311 , 0 , 1000 , 832.095 , 0 , 0 , 0
3312 , 0 , 1000 , 831.791 , 0 , 0 , 0
3313 , 0 , 1000 , 831.488 , 0 , 0 , 0
3314 , 0 , 1000 , 831.188 , 0 , 0 , 0
3315 , 0 , 1000 , 830.889 , 0 , 0 , 0
3316 , 0 , 1000 , 830.592 , 0 , 0 , 0
3317 , 0 , 1000 , 830.297 , 0 , 0 , 0
3318 , 0 , 1000 , 830.004 , 0 , 0 , 0
3319 , 0 , 1000 , 829.713 , 0 , 0 , 0
3320 , 0 , 1000 , 829.424 , 0 , 0 , 0
3321 , 0 , 1000 , 829.137 , 0 , 0 , 0
3322 , 0 , 1000 , 828.851 , 0 , 0 , 0
3323 , 0 , 1000 , 828.568 , 0 , 0 , 0
3324 , 0 , 1000 , 828.287 , 0 , 0 , 0
3325 , 0 , 1000 , 828.009 , 0 , 0 , 0
3326 , 0 , 1000 , 827.732 , 0 , 0 , 0
3327 , 0 , 1000 , 827.457 , 0 , 0 , 0
3328 , 0 , 1000 , 827.185 , 0 , 0 , 0
3329 , 0 , 1000 , 826.915 , 0 , 0 , 0
3330 , 0 , 1000 , 826.647 , 0 , 0 , 0
3331 , 0 , 1000 , 826.382 , 0 , 0 , 0
3332 , 0 , 1000 , 826.119 , 0 , 0 , 0
3333 , 0 , 1000 , 825.858 , 0 , 0 , 0
3334 , 0 , 1000 , 825.6 , 0 , 0 , 0
3335 , 0 , 1000 , 825.344 , 0 , 0 , 0
3336 , 0 , 1000 , 825.09 , 0 , 0 , 0
3337 , 0 , 1000 , 824.839 , 0 , 0 , 0
3338 , 0 , 1000 , 824.591 , 0 , 0 , 0
3339 , 0 , 1000 , 824.345 , 0 , 0 , 0
3340 , 0 , 1000 , 824.101 , 0 , 0 , 0
3341 , 0 , 1000 , 823.86 , 0 , 0 , 0
3342 , 0 , 1000 , 823.622 , 0 , 0 , 0
3343 , 0 , 1000 , 823.386 , 0 , 0 , 0
3344 , 0 , 1000 , 823.153 , 0 , 0 , 0
3345 , 0 , 1000 , 822.923 , 0 , 0 , 0
3346 , 0 , 1000 , 822.695 , 0 , 0 , 0
3347 , 0 , 1000 , 822.471 , 0 , 0 , 0
3348 , 0 , 1000 , 822.248 , 0 , 0 , 0
3349 , 0 , 1000 , 822.029 , 0 , 0 , 0
3350 , 0 , 1000 , 821.812 , 0 , 0 , 0
3351 , 0 , 1000 , 821.598 , 0 , 0 , 0
3352 , 0 , 1000 , 821.387 , 0 , 0 , 0
3353 , 0 , 1000 , 821.179 , 0 , 0 , 0
3354 , 0 , 1000 , 820.974 , 0 , 0 , 0
3355 , 0 , 1000 , 820.771 , 0 , 0 , 0
3356 , 0 , 1000 , 820.572 , 0 , 0 , 0
3357 , 0 , 1000 , 820.375 , 0 , 0 , 0
3358 , 0 , 1000 , 820.182 , 0 , 0 , 0
3359 , 0 , 1000 , 819.991 , 0 , 0 , 0
3360 , 0 , 1000 , 819.803 , 0 , 0 , 0
3361 , 0 , 1000 , 819.618 , 0 , 0 , 0
3362 , 0 , 1000 , 819.436 , 0 , 0 , 0
3363 , 0 , 1000 , 819.258 , 0 , 0 , 0
3364 , 0 , 1000 , 819.082 , 0 , 0 , 0
3365 , 0 , 1000 , 818.909 , 0 , 0 , 0
3366 , 0 , 1000 , 818.74 , 0 , 0 , 0
3367 , 0 , 1000 , 818.573 , 0 , 0 , 0
3368 , 0 , 1000 , 818.41 , 0 , 0 , 0
3369 , 0 , 1000 , 818.25 , 0 , 0 , 0
3370 , 0 , 1000 , 818.092 , 0 , 0 , 0
3371 , 0 , 1000 , 817.938 , 0 , 0 , 0
3372 , 0 , 1000 , 817.787 , 0 , 0 , 0
3373 , 0 , 1000 , 817.64 , 0 , 0 , 0
3374 , 0 , 1000 , 817.495 , 0 , 0 , 0
3375 , 0 , 1000 , 817.353 , 0 , 0 , 0
3376 , 0 , 1000 , 817.215 , 0 , 0 , 0
3377 , 0 , 1000 , 817.08 , 0 , 0 , 0
3378 , 0 , 1000 , 816.948 , 0 , 0 , 0
3379 , 0 , 1000 , 816.82 , 0 , 0 , 0
3380 , 0 , 1000 , 816.694 , 0 , 0 , 0
3381 , 0 , 1000 , 816.572 , 0 , 0 , 0
3382 , 0 , 1000 , 816.453 , 0 , 0 , 0
3383 , 0 , 1000 , 816.338 , 0 , 0 , 0
3384 , 0 , 1000 , 816.225 , 0 , 0 , 0
3385 , 0 , 1000 , 816.116 , 0 , 0 , 0
3386 , 0 , 1000 , 816.01 , 0 , 0 , 0
3387 , 0 , 1000 , 815.908 , 0 , 0 , 0
3388 , 0 , 1000 , 815.808 , 0 , 0 , 0
3389 , 0 , 1000 , 815.712 , 0 , 0 , 0
3390 , 0 , 1000 , 815.62 , 0 , 0 , 0
3391 , 0 , 1000 , 815.53 , 0 , 0 , 0
3392 , 0 , 1000 , 815.444 , 0 , 0 , 0
3393 , 0 , 1000 , 815.361 , 0 , 0 , 0
3394 , 0 , 1000 , 815.282 , 0 , 0 , 0
3395 , 0 , 1000 , 815.205 , 0 , 0 , 0
3396 , 0 , 1000 , 815.132 , 0 , 0 , 0
3397 , 0 , 1000 , 815.063 , 0 , 0 , 0
3398 , 0 , 1000 , 814.997 , 0 , 0 , 0
3399 , 0 , 1000 , 814.933 , 0 , 0 , 0
3400 , 0 , 1000 , 814.874 , 0 , 0 , 0
3401 , 0 , 1000 , 814.818 , 0 , 0 , 0
3402 , 0 , 1000 , 814.764 , 0 , 0 , 0
3403 , 0 , 1000 , 814.715 , 0 , 0 , 0
3404 , 0 , 1000 , 814.668 , 0 , 0 , 0
3405 , 0 , 1000 , 814.625 , 0 , 0 , 0
3406 , 0 , 1000 , 814.585 , 0 , 0 , 0
3407 , 0 , 1000 , 814.549 , 0 , 0 , 0
3408 , 0 , 1000 , 814.515 , 0 , 0 , 0
3409 , 0 , 1000 , 814.485 , 0 , 0 , 0
3410 , 0 , 1000 , 814.459 , 0 , 0 , 0
3411 , 0 , 1000 , 814.435 , 0 , 0 , 0
3412 , 0 , 1000 , 814.415 , 0 , 0 , 0
3413 , 0 , 1000 , 814.398 , 0 , 0 , 0
3414 , 0 , 1000 , 814.385 , 0 , 0 , 0
3415 , 0 , 1000 , 814.375 , 0 , 0 , 0
3416 , 0 , 1000 , 814.368 , 0 , 0 , 0
3417 , 0 , 1000 , 814.364 , 0 , 0 , 0
3418 , 0 , 1000 , 814.363 , 0 , 0 , 0
3419 , 0 , 1000 , 814.366 , 0 , 0 , 0
3420 , 0 , 1000 , 814.372 , 0 , 0 , 0
3421 , 0 , 1000 , 814.381 , 0 , 0 , 0
3422 , 0 , 1000 , 814.393 , 0 , 0 , 0
3423 , 0 , 1000 , 814.409 , 0 , 0 , 0
3424 , 0 , 1000 , 814.427 , 0 , 0 , 0
3425 , 0 , 1000 , 814.449 , 0 , 0 , 0
3426 , 0 , 1000 , 814.474 , 0 , 0 , 0
3427 , 0 , 1000 , 814.502 , 0 , 0 , 0
3428 , 0 , 1000 , 814.533 , 0 , 0 , 0
3429 , 0 , 1000 , 814.568 , 0 , 0 , 0
3430 , 0 , 1000 , 814.605 , 0 , 0 , 0
3431 , 0 , 1000 , 814.646 , 0 , 0 , 0
3432 , 0 , 1000 , 814.689 , 0 , 0 , 0
3433 , 0 , 1000 , 814.736 , 0 , 0 , 0
3434 , 0 , 1000 , 814.786 , 0 , 0 , 0
3435 , 0 , 1000 , 814.839 , 0 , 0 , 0
3436 , 0 , 1000 , 814.895 , 0 , 0 , 0
3437 , 0 , 1000 , 814.953 , 0 , 0 , 0
3438 , 0 , 1000 , 815.015 , 0 , 0 , 0
3439 , 0 , 1000 , 815.08 , 0 , 0 , 0
3440 , 0 , 1000 , 815.148 , 0 , 0 , 0
3441 , 0 , 1000 , 815.218 , 0 , 0 , 0
3442 , 0 , 1000 , 815.292 , 0 , 0 , 0
3443 , 0 , 1000 , 815.368 , 0 , 0 , 0
3444 , 0 , 1000 , 815.448 , 0 , 0 , 0
3445 , 0 , 1000 , 815.53 , 0 , 0 , 0
3446 , 0 , 1000 , 815.615 , 0 , 0 , 0
3447 , 0 , 1000 , 815.703 , 0 , 0 , 0
3448 , 0 , 1000 , 815.793 , 0 , 0 , 0
3449 , 0 , 1000 , 815.887 , 0 , 0 , 0
3450 , 0 , 1000 , 815.983 , 0 , 0 , 0
3451 , 0 , 1000 , 816.082 , 0 , 0 , 0
3452 , 0 , 1000 , 816.183 , 0 , 0 , 0
3453 , 0 , 1000 , 816.288 , 0 , 0 , 0
3454 , 0 , 1000 , 816.395 , 0 , 0 , 0
3455 , 0 , 1000 , 816.504 , 0 , 0 , 0
3456 , 0 , 1000 , 816.616 , 0 , 0 , 0
3457 , 0 , 1000 , 816.731 , 0 , 0 , 0
3458 , 0 , 1000 , 816.849 , 0 , 0 , 0
3459 , 0 , 1000 , 816.968 , 0 , 0 , 0
3460 , 0 , 1000 , 817.091 , 0 , 0 , 0
3461 , 0 , 1000 , 817.216 , 0 , 0 , 0
3462 , 0 , 1000 , 817.343 , 0 , 0 , 0
3463 , 0 , 1000 , 817.473 , 0 , 0 , 0
3464 , 0 , 1000 , 817.605 , 0 , 0 , 0
3465 , 0 , 1000 , 817.74 , 0 , 0 , 0
3466 , 0 , 1000 , 817.877 , 0 , 0 , 0
3467 , 0 , 1000 , 818.016 , 0 , 0 , 0
3468 , 0 , 1000 , 818.158 , 0 , 0 , 0
3469 , 0 , 1000 , 818.302 , 0 , 0 , 0
3470 , 0 , 1000 , 818.448 , 0 , 0 , 0
3471 , 0 , 1000 , 818.596 , 0 , 0 , 0
3472 , 0 , 1000 , 818.747 , 0 , 0 , 0
3473 , 0 , 1000 , 818.899 , 0 , 0 , 0
3474 , 0 , 1000 , 819.054 , 0 , 0 , 0
3475 , 0 , 1000 , 819.211 , 0 , 0 , 0
3476 , 0 , 1000 , 819.37 , 0 , 0 , 0
3477 , 0 , 1000 , 819.531 , 0 , 0 , 0
3478 , 0 , 1000 , 819.694 , 0 , 0 , 0
3479 , 0 , 1000 , 819.859 , 0 , 0 , 0
3480 , 0 , 1000 , 820.026 , 0 , 0 , 0
3481 , 0 , 1000 , 820.195 , 0 , 0 , 0
3482 , 0 , 1000 , 820.366 , 0 , 0 , 0
3483 , 0 , 1000 , 820.538 , 0 , 0 , 0
3484 , 0 , 1000 , 820.713 , 0 , 0 , 0
3485 , 0 , 1000 , 820.889 , 0 , 0 , 0
3486 , 0 , 1000 , 821.067 , 0 , 0 , 0
3487 , 0 , 1000 , 821.246 , 0 , 0 , 0
3488 , 0 , 1000 , 821.428 , 0 , 0 , 0
3489 , 0 , 1000 , 821.611 , 0 , 0 , 0
3490 , 0 , 1000 , 821.795 , 0 , 0 , 0
3491 , 0 , 1000 , 821.981 , 0 , 0 , 0
3492 , 0 , 1000 , 822.169 , 0 , 0 , 0
3493 , 0 , 1000 , 822.358 , 0 , 0 , 0
3494 , 0 , 1000 , 822.549 , 0 , 0 , 0
3495 , 0 , 1000 , 822.741 , 0 , 0 , 0
3496 , 0 , 1000 , 822.934 , 0 , 0 , 0
3497 , 0 , 1000 , 823.129 , 0 , 0 , 0
3498 , 0 , 1000 , 823.325 , 0 , 0 , 0
3499 , 0 , 1000 , 823.523 , 0 , 0 , 0
3500 , 0 , 1000 , 823.721 , 0 , 0 , 0
3501 , 0 , 1000 , 823.921 , 0 , 0 , 0
3502 , 0 , 1000 , 824.123 , 0 , 0 , 0
3503 , 0 , 1000 , 824.325 , 0 , 0 , 0
3504 , 0 , 1000 , 824.528 , 0 , 0 , 0
3505 , 0 , 1000 , 824.733 , 0 , 0 , 0
3506 , 0 , 1000 , 824.938 , 0 , 0 , 0
3507 , 0 , 1000 , 825.145 , 0 , 0 , 0
3508 , 0 , 1000 , 825.352 , 0 , 0 , 0
3509 , 0 , 1000 , 825.56 , 0 , 0 , 0
3510 , 0 , 1000 , 825.77 , 0 , 0 , 0
3511 , 0 , 1000 , 825.98 , 0 , 0 , 0
3512 , 0 , 1000 , 826.191 , 0 , 0 , 0
3513 , 0 , 1000 , 826.403 , 0 , 0 , 0
3514 , 0 , 1000 , 826.615 , 0 , 0 , 0
3515 , 0 , 1000 , 826.828 , 0 , 0 , 0
3516 , 0 , 1000 , 827.042 , 0 , 0 , 0
3517 , 0 , 1000 , 827.257 , 0 , 0 , 0
3518 , 0 , 1000 , 827.472 , 0 , 0 , 0
3519 , 0 , 1000 , 827.688 , 0 , 0 , 0
3520 , 0 , 1000 , 827.904 , 0 , 0 , 0
3521 , 0 , 1000 , 828.12 , 0 , 0 , 0
3522 , 0 , 1000 , 828.338 , 0 , 0 , 0
3523 , 0 , 1000 , 828.555 , 0 , 0 , 0
3524 , 0 , 1000 , 828.773 , 0 , 0 , 0
3525 , 0 , 1000 , 828.991 , 0 , 0 , 0
3526 , 0 , 1000 , 829.21 , 0 , 0 , 0
3527 , 0 , 1000 , 829.429 , 0 , 0 , 0
3528 , 0 , 1000 , 829.648 , 0 , 0 , 0
3529 , 0 , 1000 , 829.867 , 0 , 0 , 0
3530 , 0 , 1000 , 830.086 , 0 , 0 , 0
3531 , 0 , 1000 , 830.306 , 0 , 0 , 0
3532 , 0 , 1000 , 830.526 , 0 , 0 , 0
3533 , 0 , 1000 , 830.745 , 0 , 0 , 0
3534 , 0 , 1000 , 830.965 , 0 , 0 , 0
3535 , 0 , 1000 , 831.185 , 0 , 0 , 0
3536 , 0 , 1000 , 831.404 , 0 , 0 , 0
3537 , 0 , 1000 , 831.624 , 0 , 0 , 0
3538 , 0 , 1000 , 831.843 , 0 , 0 , 0
3539 , 0 , 1000 , 832.062 , 0 , 0 , 0
3540 , 0 , 1000 , 832.281 , 0 , 0 , 0
3541 , 0 , 1000 , 832.5 , 0 , 0 , 0
3542 , 0 , 1000 , 832.718 , 0 , 0 , 0
3543 , 0 , 1000 , 832.937 , 0 , 0 , 0
3544 , 0 , 1000 , 833.154 , 0 , 0 , 0
3545 , 0 , 1000 , 833.372 , 0 , 0 , 0
3546 , 0 , 1000 , 833.589 , 0 , 0 , 0
3547 , 0 , 1000 , 833.805 , 0 , 0 , 0
3548 , 0 , 1000 , 834.021 , 0 , 0 , 0
3549 , 0 , 1000 , 834.237 , 0 , 0 , 0
3550 , 0 , 1000 , 834.452 , 0 , 0 , 0
3551 , 0 , 1000 , 834.666 , 0 , 0 , 0
3552 , 0 , 1000 , 834.88 , 0 , 0 , 0
3553 , 0 , 1000 , 835.093 , 0 , 0 , 0
3554 , 0 , 1000 , 835.306 , 0 , 0 , 0
3555 , 0 , 1000 , 835.517 , 0 , 0 , 0
3556 , 0 , 1000 , 835.728 , 0 , 0 , 0
3557 , 0 , 1000 , 835.938 , 0 , 0 , 0
3558 , 0 , 1000 , 836.147 , 0 , 0 , 0
3559 , 0 , 1000 , 836.356 , 0 , 0 , 0
3560 , 0 , 1000 , 836.563 , 0 , 0 , 0
3561 , 0 , 1000 , 836.77 , 0 , 0 , 0
3562 , 0 , 1000 , 836.975 , 0 , 0 , 0
3563 , 0 , 1000 , 837.18 , 0 , 0 , 0
3564 , 0 , 1000 , 837.383 , 0 , 0 , 0
3565 , 0 , 1000 , 837.586 , 0 , 0 , 0
3566 , 0 , 1000 , 837.787 , 0 , 0 , 0
3567 , 0 , 1000 , 837.987 , 0 , 0 , 0
3568 , 0 , 1000 , 838.187 , 0 , 0 , 0
3569 , 0 , 1000 , 838.384 , 0 , 0 , 0
3570 , 0 , 1000 , 838.581 , 0 , 0 , 0
3571 , 0 , 1000 , 838.777 , 0 , 0 , 0
3572 , 0 , 1000 , 838.971 , 0 , 0 , 0
3573 , 0 , 1000 , 839.164 , 0 , 0 , 0
3574 , 0 , 1000 , 839.355 , 0 , 0 , 0
3575 , 0 , 1000 , 839.545 , 0 , 0 , 0
3576 , 0 , 1000 , 839.734 , 0 , 0 , 0
3577 , 0 , 1000 , 839.921 , 0 , 0 , 0
3578 , 0 , 1000 , 840.107 , 0 , 0 , 0
3579 , 0 , 1000 , 840.292 , 0 , 0 , 0
3580 , 0 , 1000 , 840.474 , 0 , 0 , 0
3581 , 0 , 1000 , 840.656 , 0 , 0 , 0
3582 , 0 , 1000 , 840.836 , 0 , 0 , 0
3583 , 0 , 1000 , 841.014 , 0 , 0 , 0
3584 , 0 , 1000 , 841.19 , 0 , 0 , 0
3585 , 0 , 1000 , 841.365 , 0 , 0 , 0
3586 , 0 , 1000 , 841.539 , 0 , 0 , 0
3587 , 0 , 1000 , 841.71 , 0 , 0 , 0
3588 , 0 , 1000 , 841.88 , 0 , 0 , 0
3589 , 0 , 1000 , 842.048 , 0 , 0 , 0
3590 , 0 , 1000 , 842.215 , 0 , 0 , 0
3591 , 0 , 1000 , 842.379 , 0 , 0 , 0
3592 , 0 , 1000 , 842.542 , 0 , 0 , 0
3593 , 0 , 1000 , 842.703 , 0 , 0 , 0
3594 , 0 , 1000 , 842.862 , 0 , 0 , 0
3595 , 0 , 1000 , 843.02 , 0 , 0 , 0
3596 , 0 , 1000 , 843.175 , 0 , 0 , 0
3597 , 0 , 1000 , 843.329 , 0 , 0 , 0
3598 , 0 , 1000 , 843.48 , 0 , 0 , 0
3599 , 0 , 1000 , 843.63 , 0 , 0 , 0
3600 , 0 , 1000 , 843.778 , 0 , 0 , 0
3601 , 0 , 1000 , 843.924 , 0 , 0 , 0
3602 , 0 , 1000 , 844.067 , 0 , 0 , 0
3603 , 0 , 1000 , 844.209 , 0 , 0 , 0
3604 , 0 , 1000 , 844.349 , 0 , 0 , 0
3605 , 0 , 1000 , 844.486 , 0 , 0 , 0
3606 , 0 , 1000 , 844.622 , 0 , 0 , 0
3607 , 0 , 1000 , 844.755 , 0 , 0 , 0
3608 , 0 , 1000 , 844.887 , 0 , 0 , 0
3609 , 0 , 1000 , 845.016 , 0 , 0 , 0
3610 , 0 , 1000 , 845.143 , 0 , 0 , 0
3611 , 0 , 1000 , 845.268 , 0 , 0 , 0
3612 , 0 , 1000 , 845.391 , 0 , 0 , 0
3613 , 0 , 1000 , 845.511 , 0 , 0 , 0
3614 , 0 , 1000 , 845.63 , 0 , 0 , 0
3615 , 0 , 1000 , 845.746 , 0 , 0 , 0
3616 , 0 , 1000 , 845.86 , 0 , 0 , 0
3617 , 0 , 1000 , 845.972 , 0 , 0 , 0
3618 , 0 , 1000 , 846.081 , 0 , 0 , 0
3619 , 0 , 1000 , 846.189 , 0 , 0 , 0
3620 , 0 , 1000 , 846.294 , 0 , 0 , 0
3621 , 0 , 1000 , 846.396 , 0 , 0 , 0
3622 , 0 , 1000 , 846.497 , 0 , 0 , 0
3623 , 0 , 1000 , 846.595 , 0 , 0 , 0
3624 , 0 , 1000 , 846.691 , 0 , 0 , 0
3625 , 0 , 1000 , 846.785 , 0 , 0 , 0
3626 , 0 , 1000 , 846.876 , 0 , 0 , 0
3627 , 0 , 1000 , 846.965 , 0 , 0 , 0
3628 , 0 , 1000 , 847.052 , 0 , 0 , 0
3629 , 0 , 1000 , 847.136 , 0 , 0 , 0
3630 , 0 , 1000 , 847.218 , 0 , 0 , 0
3631 , 0 , 1000 , 847.297 , 0 , 0 , 0
3632 , 0 , 1000 , 847.374 , 0 , 0 , 0
3633 , 0 , 1000 , 847.449 , 0 , 0 , 0
3634 , 0 , 1000 , 847.522 , 0 , 0 , 0
3635 , 0 , 1000 , 847.592 , 0 , 0 , 0
3636 , 0 , 1000 , 847.659 , 0 , 0 , 0
3637 , 0 , 1000 , 847.724 , 0 , 0 , 0
3638 , 0 , 1000 , 847.787 , 0 , 0 , 0
3639 , 0 , 1000 , 847.848 , 0 , 0 , 0
3640 , 0 , 1000 , 847.906 , 0 , 0 , 0
3641 , 0 , 1000 , 847.962 , 0 , 0 , 0
3642 , 0 , 1000 , 848.015 , 0 , 0 , 0
3643 , 0 , 1000 , 848.066 , 0 , 0 , 0
3644 , 0 , 1000 , 848.114 , 0 , 0 , 0
3645 , 0 , 1000 , 848.16 , 0 , 0 , 0
3646 , 0 , 1000 , 848.204 , 0 , 0 , 0
3647 , 0 , 1000 , 848.245 , 0 , 0 , 0
3648 , 0 , 1000 , 848.284 , 0 , 0 , 0
3649 , 0 , 1000 , 848.32 , 0 , 0 , 0
3650 , 0 , 1000 , 848.354 , 0 , 0 , 0
3651 , 0 , 1000 , 848.386 , 0 , 0 , 0
3652 , 0 , 1000 , 848.415 , 0 , 0 , 0
3653 , 0 , 1000 , 848.442 , 0 , 0 , 0
3654 , 0 , 1000 , 848.466 , 0 , 0 , 0
3655 , 0 , 1000 , 848.488 , 0 , 0 , 0
3656 , 0 , 1000 , 848.507 , 0 , 0 , 0
3657 , 0 , 1000 , 848.524 , 0 , 0 , 0
3658 , 0 , 1000 , 848.539 , 0 , 0 , 0
3659 , 0 , 1000 , 848.551 , 0 , 0 , 0
3660 , 0 , 1000 , 848.561 , 0 , 0 , 0
3661 , 0 , 1000 , 848.569 , 0 , 0 , 0
3662 , 0 , 1000 , 848.574 , 0 , 0 , 0
3663 , 0 , 1000 , 848.577 , 0 , 0 , 0
3664 , 0 , 1000 , 848.577 , 0 , 0 , 0
3665 , 0 , 1000 , 848.575 , 0 , 0 , 0
3666 , 0 , 1000 , 848.571 , 0 , 0 , 0
3667 , 0 , 1000 , 848.564 , 0 , 0 , 0
3668 , 0 , 1000 , 848.555 , 0 , 0 , 0
3669 , 0 , 1000 , 848.544 , 0 , 0 , 0
3670 , 0 , 1000 , 848.53 , 0 , 0 , 0
3671 , 0 , 1000 , 848.514 , 0 , 0 , 0
3672 , 0 , 1000 , 848.496 , 0 , 0 , 0
3673 , 0 , 1000 , 848.475 , 0 , 0 , 0
3674 , 0 , 1000 , 848.452 , 0 , 0 , 0
3675 , 0 , 1000 , 848.427 , 0 , 0 , 0
3676 , 0 , 1000 , 848.4 , 0 , 0 , 0
3677 , 0 , 1000 , 848.37 , 0 , 0 , 0
3678 , 0 , 1000 , 848.338 , 0 , 0 , 0
3679 , 0 , 1000 , 848.303 , 0 , 0 , 0
3680 , 0 , 1000 , 848.267 , 0 , 0 , 0
3681 , 0 , 1000 , 848.228 , 0 , 0 , 0
3682 , 0 , 1000 , 848.187 , 0 , 0 , 0
3683 , 0 , 1000 , 848.144 , 0 , 0 , 0
3684 , 0 , 1000 , 848.098 , 0 , 0 , 0
3685 , 0 , 1000 , 848.051 , 0 , 0 , 0
3686 , 0 , 1000 , 848.001 , 0 , 0 , 0
3687 , 0 , 1000 , 847.949 , 0 , 0 , 0
3688 , 0 , 1000 , 847.895 , 0 , 0 , 0
3689 , 0 , 1000 , 847.838 , 0 , 0 , 0
3690 , 0 , 1000 , 847.78 , 0 , 0 , 0
3691 , 0 , 1000 , 847.719 , 0 , 0 , 0
3692 , 0 , 1000 , 847.656 , 0 , 0 , 0
3693 , 0 , 1000 , 847.592 , 0 , 0 , 0
3694 , 0 , 1000 , 847.525 , 0 , 0 , 0
3695 , 0 , 1000 , 847.456 , 0 , 0 , 0
3696 , 0 , 1000 , 847.384 , 0 , 0 , 0
3697 , 0 , 1000 , 847.311 , 0 , 0 , 0
3698 , 0 , 1000 , 847.236 , 0 , 0 , 0
3699 , 0 , 1000 , 847.159 , 0 , 0 , 0
3700 , 0 , 1000 , 847.079 , 0 , 0 , 0
3701 , 0 , 1000 , 846.998 , 0 , 0 , 0
3702 , 0 , 1000 , 846.915 , 0 , 0 , 0
3703 , 0 , 1000 , 846.83 , 0 , 0 , 0
3704 , 0 , 1000 , 846.742 , 0 , 0 , 0
3705 , 0 , 1000 , 846.653 , 0 , 0 , 0
3706 , 0 , 1000 , 846.562 , 0 , 0 , 0
3707 , 0 , 1000 , 846.469 , 0 , 0 , 0
3708 , 0 , 1000 , 846.374 , 0 , 0 , 0
3709 , 0 , 1000 , 846.277 , 0 , 0 , 0
3710 , 0 , 1000 , 846.178 , 0 , 0 , 0
3711 , 0 , 1000 , 846.077 , 0 , 0 , 0
3712 , 0 , 1000 , 845.975 , 0 , 0 , 0
3713 , 0 , 1000 , 845.87 , 0 , 0 , 0
3714 , 0 , 1000 , 845.764 , 0 , 0 , 0
3715 , 0 , 1000 , 845.656 , 0 , 0 , 0
3716 , 0 , 1000 , 845.546 , 0 , 0 , 0
3717 , 0 , 1000 , 845.434 , 0 , 0 , 0
3718 , 0 , 1000 , 845.321 , 0 , 0 , 0
3719 , 0 , 1000 , 845.206 , 0 , 0 , 0
3720 , 0 , 1000 , 845.089 , 0 , 0 , 0
3721 , 0 , 1000 , 844.97 , 0 , 0 , 0
3722 , 0 , 1000 , 844.849 , 0 , 0 , 0
3723 , 0 , 1000 , 844.727 , 0 , 0 , 0
3724 , 0 , 1000 , 844.603 , 0 , 0 , 0
3725 , 0 , 1000 , 844.478 , 0 , 0 , 0
3726 , 0 , 1000 , 844.351 , 0 , 0 , 0
3727 , 0 , 1000 , 844.222 , 0 , 0 , 0
3728 , 0 , 1000 , 844.092 , 0 , 0 , 0
3729 , 0 , 1000 , 843.96 , 0 , 0 , 0
3730 , 0 , 1000 , 843.826 , 0 , 0 , 0
3731 , 0 , 1000 , 843.691 , 0 , 0 , 0
3732 , 0 , 1000 , 843.554 , 0 , 0 , 0
3733 , 0 , 1000 , 843.416 , 0 , 0 , 0
3734 , 0 , 1000 , 843.276 , 0 , 0 , 0
3735 , 0 , 1000 , 843.134 , 0 , 0 , 0
3736 , 0 , 1000 , 842.992 , 0 , 0 , 0
3737 , 0 , 1000 , 842.847 , 0 , 0 , 0
3738 , 0 , 1000 , 842.702 , 0 , 0 , 0
3739 , 0 , 1000 , 842.554 , 0 , 0 , 0
3740 , 0 , 1000 , 842.406 , 0 , 0 , 0
3741 , 0 , 1000 , 842.256 , 0 , 0 , 0
3742 , 0 , 1000 , 842.104 , 0 , 0 , 0
3743 , 0 , 1000 , 841.951 , 0 , 0 , 0
3744 , 0 , 1000 , 841.797 , 0 , 0 , 0
3745 , 0 , 1000 , 841.641 , 0 , 0 , 0
3746 , 0 , 1000 , 841.485 , 0 , 0 , 0
3747 , 0 , 1000 , 841.326 , 0 , 0 , 0
3748 , 0 , 1000 , 841.167 , 0 , 0 , 0
3749 , 0 , 1000 , 841.006 , 0 , 0 , 0
3750 , 0 , 1000 , 840.844 , 0 , 0 , 0
3751 , 0 , 1000 , 840.681 , 0 , 0 , 0
3752 , 0 , 1000 , 840.517 , 0 , 0 , 0
3753 , 0 , 1000 , 840.351 , 0 , 0 , 0
3754 , 0 , 1000 , 840.184 , 0 , 0 , 0
3755 , 0 , 1000 , 840.016 , 0 , 0 , 0
3756 , 0 , 1000 , 839.847 , 0 , 0 , 0
3757 , 0 , 1000 , 839.677 , 0 , 0 , 0
3758 , 0 , 1000 , 839.505 , 0 , 0 , 0
3759 , 0 , 1000 , 839.333 , 0 , 0 , 0
3760 , 0 , 1000 , 839.159 , 0 , 0 , 0
3761 , 0 , 1000 , 838.985 , 0 , 0 , 0
3762 , 0 , 1000 , 838.809 , 0 , 0 , 0
3763 , 0 , 1000 , 838.632 , 0 , 0 , 0
3764 , 0 , 1000 , 838.454 , 0 , 0 , 0
3765 , 0 , 1000 , 838.276 , 0 , 0 , 0
3766 , 0 , 1000 , 838.096 , 0 , 0 , 0
3767 , 0 , 1000 , 837.915 , 0 , 0 , 0
3768 , 0 , 1000 , 837.734 , 0 , 0 , 0
3769 , 0 , 1000 , 837.551 , 0 , 0 , 0
3770 , 0 , 1000 , 837.368 , 0 , 0 , 0
3771 , 0 , 1000 , 837.184 , 0 , 0 , 0
3772 , 0 , 1000 , 836.999 , 0 , 0 , 0
3773 , 0 , 1000 , 836.813 , 0 , 0 , 0
3774 , 0 , 1000 , 836.626 , 0 , 0 , 0
3775 , 0 , 1000 , 836.438 , 0 , 0 , 0
3776 , 0 , 1000 , 836.25 , 0 , 0 , 0
3777 , 0 , 1000 , 836.061 , 0 , 0 , 0
3778 , 0 , 1000 , 835.871 , 0 , 0 , 0
3779 , 0 , 1000 , 835.68 , 0 , 0 , 0
3780 , 0 , 1000 , 835.489 , 0 , 0 , 0
3781 , 0 , 1000 , 835.297 , 0 , 0 , 0
3782 , 0 , 1000 , 835.104 , 0 , 0 , 0
3783 , 0 , 1000 , 834.911 , 0 , 0 , 0
3784 , 0 , 1000 , 834.717 , 0 , 0 , 0
3785 , 0 , 1000 , 834.522 , 0 , 0 , 0
3786 , 0 , 1000 , 834.327 , 0 , 0 , 0
3787 , 0 , 1000 , 834.131 , 0 , 0 , 0
3788 , 0 , 1000 , 833.934 , 0 , 0 , 0
3789 , 0 , 1000 , 833.737 , 0 , 0 , 0
3790 , 0 , 1000 , 833.54 , 0 , 0 , 0
3791 , 0 , 1000 , 833.342 , 0 , 0 , 0
3792 , 0 , 1000 , 833.143 , 0 , 0 , 0
3793 , 0 , 1000 , 832.944 , 0 , 0 , 0
3794 , 0 , 1000 , 832.744 , 0 , 0 , 0
3795 , 0 , 1000 , 832.544 , 0 , 0 , 0
3796 , 0 , 1000 , 832.344 , 0 , 0 , 0
3797 , 0 , 1000 , 832.143 , 0 , 0 , 0
3798 , 0 , 1000 , 831.941 , 0 , 0 , 0
3799 , 0 , 1000 , 831.74 , 0 , 0 , 0
3800 , 0 , 1000 , 831.538 , 0 , 0 , 0
3801 , 0 , 1000 , 831.335 , 0 , 0 , 0
3802 , 0 , 1000 , 831.133 , 0 , 0 , 0
3803 , 0 , 1000 , 830.929 , 0 , 0 , 0
3804 , 0 , 1000 , 830.726 , 0 , 0 , 0
3805 , 0 , 1000 , 830.522 , 0 , 0 , 0
3806 , 0 , 1000 , 830.318 , 0 , 0 , 0
3807 , 0 , 1000 , 830.114 , 0 , 0 , 0
3808 , 0 , 1000 , 829.91 , 0 , 0 , 0
3809 , 0 , 1000 , 829.705 , 0 , 0 , 0
3810 , 0 , 1000 , 829.5 , 0 , 0 , 0
3811 , 0 , 1000 , 829.295 , 0 , 0 , 0
3812 , 0 , 1000 , 829.09 , 0 , 0 , 0
3813 , 0 , 1000 , 828.885 , 0 , 0 , 0
3814 , 0 , 1000 , 828.679 , 0 , 0 , 0
3815 , 0 , 1000 , 828.474 , 0 , 0 , 0
3816 , 0 , 1000 , 828.268 , 0 , 0 , 0
3817 , 0 , 1000 , 828.062 , 0 , 0 , 0
3818 , 0 , 1000 , 827.856 , 0 , 0 , 0
3819 , 0 , 1000 , 827.65 , 0 , 0 , 0
3820 , 0 , 1000 , 827.444 , 0 , 0 , 0
3821 , 0 , 1000 , 827.238 , 0 , 0 , 0
3822 , 0 , 1000 , 827.032 , 0 , 0 , 0
3823 , 0 , 1000 , 826.826 , 0 , 0 , 0
3824 , 0 , 1000 , 826.62 , 0 , 0 , 0
3825 , 0 , 1000 , 826.414 , 0 , 0 , 0
3826 , 0 , 1000 , 826.208 , 0 , 0 , 0
3827 , 0 , 1000 , 826.002 , 0 , 0 , 0
3828 , 0 , 1000 , 825.796 , 0 , 0 , 0
3829 , 0 , 1000 , 825.59 , 0 , 0 , 0
3830 , 0 , 1000 , 825.384 , 0 , 0 , 0
3831 , 0 , 1000 , 825.179 , 0 , 0 , 0
3832 , 0 , 1000 , 824.973 , 0 , 0 , 0
3833 , 0 , 1000 , 824.768 , 0 , 0 , 0
3834 , 0 , 1000 , 824.563 , 0 , 0 , 0
3835 , 0 , 1000 , 824.358 , 0 , 0 , 0
3836 , 0 , 1000 , 824.153 , 0 , 0 , 0
3837 , 0 , 1000 , 823.948 , 0 , 0 , 0
3838 , 0 , 1000 , 823.744 , 0 , 0 , 0
3839 , 0 , 1000 , 823.54 , 0 , 0 , 0
3840 , 0 , 1000 , 823.336 , 0 , 0 , 0
3841 , 0 , 1000 , 823.132 , 0 , 0 , 0
3842 , 0 , 1000 , 822.929 , 0 , 0 , 0
3843 , 0 , 1000 , 822.726 , 0 , 0 , 0
3844 , 0 , 1000 , 822.523 , 0 , 0 , 0
3845 , 0 , 1000 , 822.32 , 0 , 0 , 0
3846 , 0 , 1000 , 822.118 , 0 , 0 , 0
3847 , 0 , 1000 , 821.917 , 0 , 0 , 0
3848 , 0 , 1000 , 821.715 , 0 , 0 , 0
3849 , 0 , 1000 , 821.514 , 0 , 0 , 0
3850 , 0 , 1000 , 821.313 , 0 , 0 , 0
3851 , 0 , 1000 , 821.113 , 0 , 0 , 0
3852 , 0 , 1000 , 820.913 , 0 , 0 , 0
3853 , 0 , 1000 , 820.714 , 0 , 0 , 0
3854 , 0 , 1000 , 820.515 , 0 , 0 , 0
3855 , 0 , 1000 , 820.316 , 0 , 0 , 0
3856 , 0 , 1000 , 820.118 , 0 , 0 , 0
3857 , 0 , 1000 , 819.92 , 0 , 0 , 0
3858 , 0 , 1000 , 819.723 , 0 , 0 , 0
3859 , 0 , 1000 , 819.526 , 0 , 0 , 0
3860 , 0 , 1000 , 819.33 , 0 , 0 , 0
3861 , 0 , 1000 , 819.134 , 0 , 0 , 0
3862 , 0 , 1000 , 818.939 , 0 , 0 , 0
3863 , 0 , 1000 , 818.745 , 0 , 0 , 0
3864 , 0 , 1000 , 818.551 , 0 , 0 , 0
3865 , 0 , 1000 , 818.357 , 0 , 0 , 0
3866 , 0 , 1000 , 818.164 , 0 , 0 , 0
3867 , 0 , 1000 , 817.972 , 0 , 0 , 0
3868 , 0 , 1000 , 817.78 , 0 , 0 , 0
3869 , 0 , 1000 , 817.589 , 0 , 0 , 0
3870 , 0 , 1000 , 817.398 , 0 , 0 , 0
3871 , 0 , 1000 , 817.209 , 0 , 0 , 0
3872 , 0 , 1000 , 817.019 , 0 , 0 , 0
3873 , 0 , 1000 , 816.831 , 0 , 0 , 0
3874 , 0 , 1000 , 816.643 , 0 , 0 , 0
3875 , 0 , 1000 , 816.456 , 0 , 0 , 0
3876 , 0 , 1000 , 816.269 , 0 , 0 , 0
3877 , 0 , 1000 , 816.083 , 0 , 0 , 0
3878 , 0 , 1000 , 815.898 , 0 , 0 , 0
3879 , 0 , 1000 , 815.714 , 0 , 0 , 0
3880 , 0 , 1000 , 815.53 , 0 , 0 , 0
3881 , 0 , 1000 , 815.347 , 0 , 0 , 0
3882 , 0 , 1000 , 815.165 , 0 , 0 , 0
3883 , 0 , 1000 , 814.984 , 0 , 0 , 0
3884 , 0 , 1000 , 814.803 , 0 , 0 , 0
3885 , 0 , 1000 , 814.623 , 0 , 0 , 0
3886 , 0 , 1000 , 814.444 , 0 , 0 , 0
3887 , 0 , 1000 , 814.266 , 0 , 0 , 0
3888 , 0 , 1000 , 814.088 , 0 , 0 , 0
3889 , 0 , 1000 , 813.912 , 0 , 0 , 0
3890 , 0 , 1000 , 813.736 , 0 , 0 , 0
3891 , 0 , 1000 , 813.561 , 0 , 0 , 0
3892 , 0 , 1000 , 813.387 , 0 , 0 , 0
3893 , 0 , 1000 , 813.214 , 0 , 0 , 0
3894 , 0 , 1000 , 813.041 , 0 , 0 , 0
3895 , 0 , 1000 , 812.87 , 0 , 0 , 0
3896 , 0 , 1000 , 812.699 , 0 , 0 , 0
3897 , 0 , 1000 , 812.529 , 0 , 0 , 0
3898 , 0 , 1000 , 812.36 , 0 , 0 , 0
3899 , 0 , 1000 , 812.193 , 0 , 0 , 0
3900 , 0 , 1000 , 812.025 , 0 , 0 , 0
3901 , 0 , 1000 , 811.859 , 0 , 0 , 0
3902 , 0 , 1000 , 811.694 , 0 , 0 , 0
3903 , 0 , 1000 , 811.53 , 0 , 0 , 0
3904 , 0 , 1000 , 811.366 , 0 , 0 , 0
3905 , 0 , 1000 , 811.204 , 0 , 0 , 0
3906 , 0 , 1000 , 811.042 , 0 , 0 , 0
3907 , 0 , 1000 , 810.882 , 0 , 0 , 0
3908 , 0 , 1000 , 810.723 , 0 , 0 , 0
3909 , 0 , 1000 , 810.564 , 0 , 0 , 0
3910 , 0 , 1000 , 810.407 , 0 , 0 , 0
3911 , 0 , 1000 , 810.25 , 0 , 0 , 0
3912 , 0 , 1000 , 810.094 , 0 , 0 , 0
3913 , 0 , 1000 , 809.94 , 0 , 0 , 0
3914 , 0 , 1000 , 809.786 , 0 , 0 , 0
3915 , 0 , 1000 , 809.634 , 0 , 0 , 0
3916 , 0 , 1000 , 809.482 , 0 , 0 , 0
3917 , 0 , 1000 , 809.332 , 0 , 0 , 0
3918 , 0 , 1000 , 809.183 , 0 , 0 , 0
3919 , 0 , 1000 , 809.034 , 0 , 0 , 0
3920 , 0 , 1000 , 808.887 , 0 , 0 , 0
3921 , 0 , 1000 , 808.741 , 0 , 0 , 0
3922 , 0 , 1000 , 808.595 , 0 , 0 , 0
3923 , 0 , 1000 , 808.451 , 0 , 0 , 0
3924 , 0 , 1000 , 808.308 , 0 , 0 , 0
3925 , 0 , 1000 , 808.166 , 0 , 0 , 0
3926 , 0 , 1000 , 808.025 , 0 , 0 , 0
3927 , 0 , 1000 , 807.885 , 0 , 0 , 0
3928 , 0 , 1000 , 807.747 , 0 , 0 , 0
3929 , 0 , 1000 , 807.609 , 0 , 0 , 0
3930 , 0 , 1000 , 807.472 , 0 , 0 , 0
3931 , 0 , 1000 , 807.337 , 0 , 0 , 0
3932 , 0 , 1000 , 807.202 , 0 , 0 , 0
3933 , 0 , 1000 , 807.069 , 0 , 0 , 0
3934 , 0 , 1000 , 806.937 , 0 , 0 , 0
3935 , 0 , 1000 , 806.806 , 0 , 0 , 0
3936 , 0 , 1000 , 806.676 , 0 , 0 , 0
3937 , 0 , 1000 , 806.547 , 0 , 0 , 0
3938 , 0 , 1000 , 806.42 , 0 , 0 , 0
3939 , 0 , 1000 , 806.293 , 0 , 0 , 0
3940 , 0 , 1000 , 806.168 , 0 , 0 , 0
3941 , 0 , 1000 , 806.043 , 0 , 0 , 0
3942 , 0 , 1000 , 805.92 , 0 , 0 , 0
3943 , 0 , 1000 , 805.798 , 0 , 0 , 0
3944 , 0 , 1000 , 805.677 , 0 , 0 , 0
3945 , 0 , 1000 , 805.558 , 0 , 0 , 0
3946 , 0 , 1000 , 805.439 , 0 , 0 , 0
3947 , 0 , 1000 , 805.322 , 0 , 0 , 0
3948 , 0 , 1000 , 805.205 , 0 , 0 , 0
3949 , 0 , 1000 , 805.09 , 0 , 0 , 0
3950 , 0 , 1000 , 804.976 , 0 , 0 , 0
3951 , 0 , 1000 , 804.864 , 0 , 0 , 0
3952 , 0 , 1000 , 804.752 , 0 , 0 , 0
3953 , 0 , 1000 , 804.642 , 0 , 0 , 0
3954 , 0 , 1000 , 804.532 , 0 , 0 , 0
3955 , 0 , 1000 , 804.424 , 0 , 0 , 0
3956 , 0 , 1000 , 804.317 , 0 , 0 , 0
3957 , 0 , 1000 , 804.212 , 0 , 0 , 0
3958 , 0 , 1000 , 804.107 , 0 , 0 , 0
3959 , 0 , 1000 , 804.004 , 0 , 0 , 0
3960 , 0 , 1000 , 803.901 , 0 , 0 , 0
3961 , 0 , 1000 , 803.8 , 0 , 0 , 0
3962 , 0 , 1000 , 803.7 , 0 , 0 , 0
3963 , 0 , 1000 , 803.601 , 0 , 0 , 0
3964 , 0 , 1000 , 803.504 , 0 , 0 , 0
3965 , 0 , 1000 , 803.407 , 0 , 0 , 0
3966 , 0 , 1000 , 803.312 , 0 , 0 , 0
3967 , 0 , 1000 , 803.218 , 0 , 0 , 0
3968 , 0 , 1000 , 803.125 , 0 , 0 , 0
3969 , 0 , 1000 , 803.033 , 0 , 0 , 0
3970 , 0 , 1000 , 802.943 , 0 , 0 , 0
3971 , 0 , 1000 , 802.853 , 0 , 0 , 0
3972 , 0 , 1000 , 802.765 , 0 , 0 , 0
3973 , 0 , 1000 , 802.678 , 0 , 0 , 0
3974 , 0 , 1000 , 802.592 , 0 , 0 , 0
3975 , 0 , 1000 , 802.507 , 0 , 0 , 0
3976 , 0 , 1000 , 802.423 , 0 , 0 , 0
3977 , 0 , 1000 , 802.341 , 0 , 0 , 0
3978 , 0 , 1000 , 802.26 , 0 , 0 , 0
3979 , 0 , 1000 , 802.18 , 0 , 0 , 0
3980 , 0 , 1000 , 802.101 , 0 , 0 , 0
3981 , 0 , 1000 , 802.023 , 0 , 0 , 0
3982 , 0 , 1000 , 801.946 , 0 , 0 , 0
3983 , 0 , 1000 , 801.871 , 0 , 0 , 0
3984 , 0 , 1000 , 801.796 , 0 , 0 , 0
3985 , 0 , 1000 , 801.723 , 0 , 0 , 0
3986 , 0 , 1000 , 801.651 , 0 , 0 , 0
3987 , 0 , 1000 , 801.58 , 0 , 0 , 0
3988 , 0 , 1000 , 801.51 , 0 , 0 , 0
3989 , 0 , 1000 , 801.441 , 0 , 0 , 0
3990 , 0 , 1000 , 801.374 , 0 , 0 , 0
3991 , 0 , 1000 , 801.307 , 0 , 0 , 0
3992 , 0 , 1000 , 801.242 , 0 , 0 , 0
3993 , 0 , 1000 , 801.178 , 0 , 0 , 0
3994 , 0 , 1000 , 801.115 , 0 , 0 , 0
3995 , 0 , 1000 , 801.053 , 0 , 0 , 0
3996 , 0 , 1000 , 800.992 , 0 , 0 , 0
3997 , 0 , 1000 , 800.933 , 0 , 0 , 0
3998 , 0 , 1000 , 800.874 , 0 , 0 , 0
3999 , 0 , 1000 , 800.816 , 0 , 0 , 0
4000 , 0 , 1000 , 800.76 , 0 , 0 , 0
4001 , 0 , 1000 , 800.704 , 0 , 0 , 0
4002 , 0 , 1000 , 800.65 , 0 , 0 , 0
4003 , 0 , 1000 , 800.597 , 0 , 0 , 0
4004 , 0 , 1000 , 800.545 , 0 , 0 , 0
4005 , 0 , 1000 , 800.494 , 0 , 0 , 0
4006 , 0 , 1000 , 800.444 , 0 , 0 , 0
4007 , 0 , 1000 , 800.395 , 0 , 0 , 0
4008 , 0 , 1000 , 800.347 , 0 , 0 , 0
4009 , 0 , 1000 , 800.3 , 0 , 0 , 0
4010 , 0 , 1000 , 800.255 , 0 , 0 , 0
4011 , 0 , 1000 , 800.21 , 0 , 0 , 0
4012 , 0 , 1000 , 800.166 , 0 , 0 , 0
4013 , 0 , 1000 , 800.123 , 0 , 0 , 0
4014 , 0 , 1000 , 800.082 , 0 , 0 , 0
4015 , 0 , 1000 , 800.041 , 0 , 0 , 0
4016 , 0 , 1000 , 800.001 , 0 , 0 , 0
4017 , 0 , 1000 , 799.963 , 0 , 0 , 0
4018 , 0 , 1000 , 799.925 , 0 , 0 , 0
4019 , 0 , 1000 , 799.888 , 0 , 0 , 0
4020 , 0 , 1000 , 799.853 , 0 , 0 , 0
4021 , 0 , 1000 , 799.818 , 0 , 0 , 0
4022 , 0 , 1000 , 799.784 , 0 , 0 , 0
4023 , 0 , 1000 , 799.752 , 0 , 0 , 0
4024 , 0 , 1000 , 799.72 , 0 , 0 , 0
4025 , 0 , 1000 , 799.689 , 0 , 0 , 0
4026 , 0 , 1000 , 799.659 , 0 , 0 , 0
4027 , 0 , 1000 , 799.63 , 0 , 0 , 0
4028 , 0 , 1000 , 799.602 , 0 , 0 , 0
4029 , 0 , 1000 , 799.575 , 0 , 0 , 0
4030 , 0 , 1000 , 799.548 , 0 , 0 , 0
4031 , 0 , 1000 , 799.523 , 0 , 0 , 0
4032 , 0 , 1000 , 799.499 , 0 , 0 , 0
4033 , 0 , 1000 , 799.475 , 0 , 0 , 0
4034 , 0 , 1000 , 799.452 , 0 , 0 , 0
4035 , 0 , 1000 , 799.431 , 0 , 0 , 0
4036 , 0 , 1000 , 799.41 , 0 , 0 , 0
4037 , 0 , 1000 , 799.39 , 0 , 0 , 0
4038 , 0 , 1000 , 799.37 , 0 , 0 , 0
4039 , 0 , 1000 , 799.352 , 0 , 0 , 0
4040 , 0 , 1000 , 799.334 , 0 , 0 , 0
4041 , 0 , 1000 , 799.317 , 0 , 0 , 0
4042 , 0 , 1000 , 799.301 , 0 , 0 , 0
4043 , 0 , 1000 , 799.286 , 0 , 0 , 0
4044 , 0 , 1000 , 799.272 , 0 , 0 , 0
4045 , 0 , 1000 , 799.258 , 0 , 0 , 0
4046 , 0 , 1000 , 799.245 , 0 , 0 , 0
4047 , 0 , 1000 , 799.233 , 0 , 0 , 0
4048 , 0 , 1000 , 799.221 , 0 , 0 , 0
4049 , 0 , 1000 , 799.211 , 0 , 0 , 0
4050 , 0 , 1000 , 799.201 , 0 , 0 , 0
4051 , 0 , 1000 , 799.192 , 0 , 0 , 0
4052 , 0 , 1000 , 799.183 , 0 , 0 , 0
4053 , 0 , 1000 , 799.175 , 0 , 0 , 0
4054 , 0 , 1000 , 799.168 , 0 , 0 , 0
4055 , 0 , 1000 , 799.162 , 0 , 0 , 0
4056 , 0 , 1000 , 799.156 , 0 , 0 , 0
4057 , 0 , 1000 , 799.151 , 0 , 0 , 0
4058 , 0 , 1000 , 799.147 , 0 , 0 , 0
4059 , 0 , 1000 , 799.143 , 0 , 0 , 0
4060 , 0 , 1000 , 799.14 , 0 , 0 , 0
4061 , 0 , 1000 , 799.137 , 0 , 0 , 0
4062 , 0 , 1000 , 799.135 , 0 , 0 , 0
4063 , 0 , 1000 , 799.134 , 0 , 0 , 0
4064 , 0 , 1000 , 799.133 , 0 , 0 , 0
4065 , 0 , 1000 , 799.133 , 0 , 0 , 0
4066 , 0 , 1000 , 799.133 , 0 , 0 , 0
4067 , 0 , 1000 , 799.134 , 0 , 0 , 0
4068 , 0 , 1000 , 799.135 , 0 , 0 , 0
4069 , 0 , 1000 , 799.137 , 0 , 0 , 0
4070 , 0 , 1000 , 799.139 , 0 , 0 , 0
4071 , 0 , 1000 , 799.142 , 0 , 0 , 0
4072 , 0 , 1000 , 799.146 , 0 , 0 , 0
4073 , 0 , 1000 , 799.15 , 0 , 0 , 0
4074 , 0 , 1000 , 799.154 , 0 , 0 , 0
4075 , 0 , 1000 , 799.159 , 0 , 0 , 0
4076 , 0 , 1000 , 799.164 , 0 , 0 , 0
4077 , 0 , 1000 , 799.17 , 0 , 0 , 0
4078 , 0 , 1000 , 799.176 , 0 , 0 , 0
4079 , 0 , 1000 , 799.182 , 0 , 0 , 0
4080 , 0 , 1000 , 799.189 , 0 , 0 , 0
4081 , 0 , 1000 , 799.196 , 0 , 0 , 0
4082 , 0 , 1000 , 799.204 , 0 , 0 , 0
4083 , 0 , 1000 , 799.212 , 0 , 0 , 0
4084 , 0 , 1000 , 799.22 , 0 , 0 , 0
4085 , 0 , 1000 , 799.229 , 0 , 0 , 0
4086 , 0 , 1000 , 799.238 , 0 , 0 , 0
4087 , 0 , 1000 , 799.247 , 0 , 0 , 0
4088 , 0 , 1000 , 799.256 , 0 , 0 , 0
4089 , 0 , 1000 , 799.266 , 0 , 0 , 0
4090 , 0 , 1000 , 799.276 , 0 , 0 , 0
4091 , 0 , 1000 , 799.286 , 0 , 0 , 0
4092 , 0 , 1000 , 799.297 , 0 , 0 , 0
4093 , 0 , 1000 , 799.307 , 0 , 0 , 0
4094 , 0 , 1000 , 799.318 , 0 , 0 , 0
4095 , 0 , 1000 , 799.329 , 0 , 0 , 0
4096 , 0 , 1000 , 799.341 , 0 , 0 , 0
4097 , 0 , 1000 , 799.352 , 0 , 0 , 0
4098 , 0 , 1000 , 799.363 , 0 , 0 , 0
4099 , 0 , 1000 , 799.375 , 0 , 0 , 0
4100 , 0 , 1000 , 799.387 , 0 , 0 , 0
4101 , 0 , 1000 , 799.399 , 0 , 0 , 0
4102 , 0 , 1000 , 799.411 , 0 , 0 , 0
4103 , 0 , 1000 , 799.423 , 0 , 0 , 0
4104 , 0 , 1000 , 799.435 , 0 , 0 , 0
4105 , 0 , 1000 , 799.447 , 0 , 0 , 0
4106 , 0 , 1000 , 799.46 , 0 , 0 , 0
4107 , 0 , 1000 , 799.472 , 0 , 0 , 0
4108 , 0 , 1000 , 799.484 , 0 , 0 , 0
4109 , 0 , 1000 , 799.496 , 0 , 0 , 0
4110 , 0 , 1000 , 799.508 , 0 , 0 , 0
4111 , 0 , 1000 , 799.521 , 0 , 0 , 0
4112 , 0 , 1000 , 799.533 , 0 , 0 , 0
4113 , 0 , 1000 , 799.545 , 0 , 0 , 0
4114 , 0 , 1000 , 799.557 , 0 , 0 , 0
4115 , 0 , 1000 , 799.569 , 0 , 0 , 0
4116 , 0 , 1000 , 799.581 , 0 , 0 , 0
4117 , 0 , 1000 , 799.592 , 0 , 0 , 0
4118 , 0 , 1000 , 799.604 , 0 , 0 , 0
4119 , 0 , 1000 , 799.615 , 0 , 0 , 0
4120 , 0 , 1000 , 799.626 , 0 , 0 , 0
4121 , 0 , 1000 , 799.638 , 0 , 0 , 0
4122 , 0 , 1000 , 799.648 , 0 , 0 , 0
4123 , 0 , 1000 , 799.659 , 0 , 0 , 0
4124 , 0 , 1000 , 799.669 , 0 , 0 , 0
4125 , 0 , 1000 , 799.68 , 0 , 0 , 0
4126 , 0 , 1000 , 799.69 , 0 , 0 , 0
4127 , 0 , 1000 , 799.699 , 0 , 0 , 0
4128 , 0 , 1000 , 799.709 , 0 , 0 , 0
4129 , 0 , 1000 , 799.718 , 0 , 0 , 0
4130 , 0 , 1000 , 799.727 , 0 , 0 , 0
4131 , 0 , 1000 , 799.735 , 0 , 0 , 0
4132 , 0 , 1000 , 799.743 , 0 , 0 , 0
4133 , 0 , 1000 , 799.751 , 0 , 0 , 0
4134 , 0 , 1000 , 799.758 , 0 , 0 , 0
4135 , 0 , 1000 , 799.765 , 0 , 0 , 0
4136 , 0 , 1000 , 799.772 , 0 , 0 , 0
4137 , 0 , 1000 , 799.778 , 0 , 0 , 0
4138 , 0 , 1000 , 799.784 , 0 , 0 , 0
4139 , 0 , 1000 , 799.79 , 0 , 0 , 0
4140 , 0 , 1000 , 799.795 , 0 , 0 , 0
4141 , 0 , 1000 , 799.799 , 0 , 0 , 0
4142 , 0 , 1000 , 799.803 , 0 , 0 , 0
4143 , 0 , 1000 , 799.807 , 0 , 0 , 0
4144 , 0 , 1000 , 799.81 , 0 , 0 , 0
4145 , 0 , 1000 , 799.812 , 0 , 0 , 0
4146 , 0 , 1000 , 799.814 , 0 , 0 , 0
4147 , 0 , 1000 , 799.816 , 0 , 0 , 0
4148 , 0 , 1000 , 799.816 , 0 , 0 , 0
4149 , 0 , 1000 , 799.817 , 0 , 0 , 0
4150 , 0 , 1000 , 799.816 , 0 , 0 , 0
4151 , 0 , 1000 , 799.816 , 0 , 0 , 0
4152 , 0 , 1000 , 799.814 , 0 , 0 , 0
4153 , 0 , 1000 , 799.812 , 0 , 0 , 0
4154 , 0 , 1000 , 799.809 , 0 , 0 , 0
4155 , 0 , 1000 , 799.806 , 0 , 0 , 0
4156 , 0 , 1000 , 799.802 , 0 , 0 , 0
4157 , 0 , 1000 , 799.797 , 0 , 0 , 0
4158 , 0 , 1000 , 799.791 , 0 , 0 , 0
4159 , 0 , 1000 , 799.785 , 0 , 0 , 0
4160 , 0 , 1000 , 799.778 , 0 , 0 , 0
4161 , 0 , 1000 , 799.771 , 0 , 0 , 0
4162 , 0 , 1000 , 799.762 , 0 , 0 , 0
4163 , 0 , 1000 , 799.753 , 0 , 0 , 0
4164 , 0 , 1000 , 799.743 , 0 , 0 , 0
4165 , 0 , 1000 , 799.733 , 0 , 0 , 0
4166 , 0 , 1000 , 799.721 , 0 , 0 , 0
4167 , 0 , 1000 , 799.709 , 0 , 0 , 0
4168 , 0 , 1000 , 799.696 , 0 , 0 , 0
4169 , 0 , 1000 , 799.682 , 0 , 0 , 0
4170 , 0 , 1000 , 799.667 , 0 , 0 , 0
4171 , 0 , 1000 , 799.651 , 0 , 0 , 0
4172 , 0 , 1000 , 799.635 , 0 , 0 , 0
4173 , 0 , 1000 , 799.617 , 0 , 0 , 0
4174 , 0 , 1000 , 799.599 , 0 , 0 , 0
4175 , 0 , 1000 , 799.58 , 0 , 0 , 0
4176 , 0 , 1000 , 799.559 , 0 , 0 , 0
4177 , 0 , 1000 , 799.538 , 0 , 0 , 0
4178 , 0 , 1000 , 799.516 , 0 , 0 , 0
4179 , 0 , 1000 , 799.493 , 0 , 0 , 0
4180 , 0 , 1000 , 799.469 , 0 , 0 , 0
4181 , 0 , 1000 , 799.445 , 0 , 0 , 0
4182 , 0 , 1000 , 799.419 , 0 , 0 , 0
4183 , 0 , 1000 , 799.392 , 0 , 0 , 0
4184 , 0 , 1000 , 799.364 , 0 , 0 , 0
4185 , 0 , 1000 , 799.335 , 0 , 0 , 0
4186 , 0 , 1000 , 799.305 , 0 , 0 , 0
4187 , 0 , 1000 , 799.274 , 0 , 0 , 0
4188 , 0 , 1000 , 799.242 , 0 , 0 , 0
4189 , 0 , 1000 , 799.209 , 0 , 0 , 0
4190 , 0 , 1000 , 799.175 , 0 , 0 , 0
4191 , 0 , 1000 , 799.139 , 0 , 0 , 0
4192 , 0 , 1000 , 799.103 , 0 , 0 , 0
4193 , 0 , 1000 , 799.065 , 0 , 0 , 0
4194 , 0 , 1000 , 799.027 , 0 , 0 , 0
4195 , 0 , 1000 , 798.987 , 0 , 0 , 0
4196 , 0 , 1000 , 798.946 , 0 , 0 , 0
4197 , 0 , 1000 , 798.904 , 0 , 0 , 0
4198 , 0 , 1000 , 798.861 , 0 , 0 , 0
4199 , 0 , 1000 , 798.817 , 0 , 0 , 0
4200 , 0 , 1000 , 798.771 , 0 , 0 , 0
4201 , 0 , 1000 , 798.725 , 0 , 0 , 0
4202 , 0 , 1000 , 798.677 , 0 , 0 , 0
4203 , 0 , 1000 , 798.628 , 0 , 0 , 0
4204 , 0 , 1000 , 798.578 , 0 , 0 , 0
4205 , 0 , 1000 , 798.526 , 0 , 0 , 0
4206 , 0 , 1000 , 798.473 , 0 , 0 , 0
4207 , 0 , 1000 , 798.419 , 0 , 0 , 0
4208 , 0 , 1000 , 798.364 , 0 , 0 , 0
4209 , 0 , 1000 , 798.308 , 0 , 0 , 0
4210 , 0 , 1000 , 798.25 , 0 , 0 , 0
4211 , 0 , 1000 , 798.191 , 0 , 0 , 0
4212 , 0 , 1000 , 798.131 , 0 , 0 , 0
4213 , 0 , 1000 , 798.069 , 0 , 0 , 0
4214 , 0 , 1000 , 798.006 , 0 , 0 , 0
4215 , 0 , 1000 , 797.942 , 0 , 0 , 0
4216 , 0 , 1000 , 797.877 , 0 , 0 , 0
4217 , 0 , 1000 , 797.81 , 0 , 0 , 0
4218 , 0 , 1000 , 797.742 , 0 , 0 , 0
4219 , 0 , 1000 , 797.673 , 0 , 0 , 0
4220 , 0 , 1000 , 797.602 , 0 , 0 , 0
4221 , 0 , 1000 , 797.53 , 0 , 0 , 0
4222 , 0 , 1000 , 797.457 , 0 , 0 , 0
4223 , 0 , 1000 , 797.382 , 0 , 0 , 0
4224 , 0 , 1000 , 797.306 , 0 , 0 , 0
4225 , 0 , 1000 , 797.228 , 0 , 0 , 0
4226 , 0 , 1000 , 797.15 , 0 , 0 , 0
4227 , 0 , 1000 , 797.069 , 0 , 0 , 0
4228 , 0 , 1000 , 796.988 , 0 , 0 , 0
4229 , 0 , 1000 , 796.905 , 0 , 0 , 0
4230 , 0 , 1000 , 796.821 , 0 , 0 , 0
4231 , 0 , 1000 , 796.735 , 0 , 0 , 0
4232 , 0 , 1000 , 796.648 , 0 , 0 , 0
4233 , 0 , 1000 , 796.559 , 0 , 0 , 0
4234 , 0 , 1000 , 796.469 , 0 , 0 , 0
4235 , 0 , 1000 , 796.378 , 0 , 0 , 0
4236 , 0 , 1000 , 796.285 , 0 , 0 , 0
4237 , 0 , 1000 , 796.191 , 0 , 0 , 0
4238 , 0 , 1000 , 796.095 , 0 , 0 , 0
4239 , 0 , 1000 , 795.998 , 0 , 0 , 0
4240 , 0 , 1000 , 795.9 , 0 , 0 , 0
4241 , 0 , 1000 , 795.8 , 0 , 0 , 0
4242 , 0 , 1000 , 795.698 , 0 , 0 , 0
4243 , 0 , 1000 , 795.595 , 0 , 0 , 0
4244 , 0 , 1000 , 795.491 , 0 , 0 , 0
4245 , 0 , 1000 , 795.385 , 0 , 0 , 0
4246 , 0 , 1000 , 795.278 , 0 , 0 , 0
4247 , 0 , 1000 , 795.17 , 0 , 0 , 0
4248 , 0 , 1000 , 795.06 , 0 , 0 , 0
4249 , 0 , 1000 , 794.948 , 0 , 0 , 0
4250 , 0 , 1000 , 794.835 , 0 , 0 , 0
4251 , 0 , 1000 , 794.72 , 0 , 0 , 0
4252 , 0 , 1000 , 794.604 , 0 , 0 , 0
4253 , 0 , 1000 , 794.487 , 0 , 0 , 0
4254 , 0 , 1000 , 794.368 , 0 , 0 , 0
4255 , 0 , 1000 , 794.248 , 0 , 0 , 0
4256 , 0 , 1000 , 794.126 , 0 , 0 , 0
4257 , 0 , 1000 , 794.002 , 0 , 0 , 0
4258 , 0 , 1000 , 793.878 , 0 , 0 , 0
4259 , 0 , 1000 , 793.751 , 0 , 0 , 0
4260 , 0 , 1000 , 793.624 , 0 , 0 , 0
4261 , 0 , 1000 , 793.494 , 0 , 0 , 0
4262 , 0 , 1000 , 793.364 , 0 , 0 , 0
4263 , 0 , 1000 , 793.231 , 0 , 0 , 0
4264 , 0 , 1000 , 793.098 , 0 , 0 , 0
4265 , 0 , 1000 , 792.963 , 0 , 0 , 0
4266 , 0 , 1000 , 792.826 , 0 , 0 , 0
4267 , 0 , 1000 , 792.688 , 0 , 0 , 0
4268 , 0 , 1000 , 792.548 , 0 , 0 , 0
4269 , 0 , 1000 , 792.407 , 0 , 0 , 0
4270 , 0 , 1000 , 792.264 , 0 , 0 , 0
4271 , 0 , 1000 , 792.12 , 0 , 0 , 0
4272 , 0 , 1000 , 791.975 , 0 , 0 , 0
4273 , 0 , 1000 , 791.828 , 0 , 0 , 0
4274 , 0 , 1000 , 791.679 , 0 , 0 , 0
4275 , 0 , 1000 , 791.529 , 0 , 0 , 0
4276 , 0 , 1000 , 791.378 , 0 , 0 , 0
4277 , 0 , 1000 , 791.225 , 0 , 0 , 0
4278 , 0 , 1000 , 791.071 , 0 , 0 , 0
4279 , 0 , 1000 , 790.915 , 0 , 0 , 0
4280 , 0 , 1000 , 790.758 , 0 , 0 , 0
4281 , 0 , 1000 , 790.599 , 0 , 0 , 0
4282 , 0 , 1000 , 790.439 , 0 , 0 , 0
4283 , 0 , 1000 , 790.277 , 0 , 0 , 0
4284 , 0 , 1000 , 790.114 , 0 , 0 , 0
4285 , 0 , 1000 , 789.95 , 0 , 0 , 0
4286 , 0 , 1000 , 789.784 , 0 , 0 , 0
4287 , 0 , 1000 , 789.616 , 0 , 0 , 0
4288 , 0 , 1000 , 789.448 , 0 , 0 , 0
4289 , 0 , 1000 , 789.277 , 0 , 0 , 0
4290 , 0 , 1000 , 789.106 , 0 , 0 , 0
4291 , 0 , 1000 , 788.932 , 0 , 0 , 0
4292 , 0 , 1000 , 788.758 , 0 , 0 , 0
4293 , 0 , 1000 , 788.582 , 0 , 0 , 0
4294 , 0 , 1000 , 788.405 , 0 , 0 , 0
4295 , 0 , 1000 , 788.226 , 0 , 0 , 0
4296 , 0 , 1000 , 788.046 , 0 , 0 , 0
4297 , 0 , 1000 , 787.864 , 0 , 0 , 0
4298 , 0 , 1000 , 787.681 , 0 , 0 , 0
4299 , 0 , 1000 , 787.497 , 0 , 0 , 0
4300 , 0 , 1000 , 787.311 , 0 , 0 , 0
4301 , 0 , 1000 , 787.123 , 0 , 0 , 0
4302 , 0 , 1000 , 786.935 , 0 , 0 , 0
4303 , 0 , 1000 , 786.745 , 0 , 0 , 0
4304 , 0 , 1000 , 786.554 , 0 , 0 , 0
4305 , 0 , 1000 , 786.361 , 0 , 0 , 0
4306 , 0 , 1000 , 786.167 , 0 , 0 , 0
4307 , 0 , 1000 , 785.971 , 0 , 0 , 0
4308 , 0 , 1000 , 785.775 , 0 , 0 , 0
4309 , 0 , 1000 , 785.577 , 0 , 0 , 0
4310 , 0 , 1000 , 785.377 , 0 , 0 , 0
4311 , 0 , 1000 , 785.177 , 0 , 0 , 0
4312 , 0 , 1000 , 784.974 , 0 , 0 , 0
4313 , 0 , 1000 , 784.771 , 0 , 0 , 0
4314 , 0 , 1000 , 784.566 , 0 , 0 , 0
4315 , 0 , 1000 , 784.36 , 0 , 0 , 0
4316 , 0 , 1000 , 784.153 , 0 , 0 , 0
4317 , 0 , 1000 , 783.944 , 0 , 0 , 0
4318 , 0 , 1000 , 783.734 , 0 , 0 , 0
4319 , 0 , 1000 , 783.523 , 0 , 0 , 0
4320 , 0 , 1000 , 783.311 , 0 , 0 , 0
4321 , 0 , 1000 , 783.097 , 0 , 0 , 0
4322 , 0 , 1000 , 782.882 , 0 , 0 , 0
4323 , 0 , 1000 , 782.666 , 0 , 0 , 0
4324 , 0 , 1000 , 782.448 , 0 , 0 , 0
4325 , 0 , 1000 , 782.23 , 0 , 0 , 0
4326 , 0 , 1000 , 782.01 , 0 , 0 , 0
4327 , 0 , 1000 , 781.789 , 0 , 0 , 0
4328 , 0 , 1000 , 781.566 , 0 , 0 , 0
4329 , 0 , 1000 , 781.343 , 0 , 0 , 0
4330 , 0 , 1000 , 781.118 , 0 , 0 , 0
4331 , 0 , 1000 , 780.892 , 0 , 0 , 0
4332 , 0 , 1000 , 780.665 , 0 , 0 , 0
4333 , 0 , 1000 , 780.437 , 0 , 0 , 0
4334 , 0 , 1000 , 780.207 , 0 , 0 , 0
4335 , 0 , 1000 , 779.977 , 0 , 0 , 0
4336 , 0 , 1000 , 779.745 , 0 , 0 , 0
4337 , 0 , 1000 , 779.512 , 0 , 0 , 0
4338 , 0 , 1000 , 779.278 , 0 , 0 , 0
4339 , 0 , 1000 , 779.043 , 0 , 0 , 0
4340 , 0 , 1000 , 778.807 , 0 , 0 , 0
4341 , 0 , 1000 , 778.57 , 0 , 0 , 0
4342 , 0 , 1000 , 778.332 , 0 , 0 , 0
4343 , 0 , 1000 , 778.092 , 0 , 0 , 0
4344 , 0 , 1000 , 777.852 , 0 , 0 , 0
4345 , 0 , 1000 , 777.61 , 0 , 0 , 0
4346 , 0 , 1000 , 777.367 , 0 , 0 , 0
4347 , 0 , 1000 , 777.124 , 0 , 0 , 0
4348 , 0 , 1000 , 776.879 , 0 , 0 , 0
4349 , 0 , 1000 , 776.633 , 0 , 0 , 0
4350 , 0 , 1000 , 776.387 , 0 , 0 , 0
4351 , 0 , 1000 , 776.139 , 0 , 0 , 0
4352 , 0 , 1000 , 775.89 , 0 , 0 , 0
4353 , 0 , 1000 , 775.641 , 0 , 0 , 0
4354 , 0 , 1000 , 775.39 , 0 , 0 , 0
4355 , 0 , 1000 , 775.138 , 0 , 0 , 0
4356 , 0 , 1000 , 774.886 , 0 , 0 , 0
4357 , 0 , 1000 , 774.632 , 0 , 0 , 0
4358 , 0 , 1000 , 774.378 , 0 , 0 , 0
4359 , 0 , 1000 , 774.123 , 0 , 0 , 0
4360 , 0 , 1000 , 773.866 , 0 , 0 , 0
4361 , 0 , 1000 , 773.609 , 0 , 0 , 0
4362 , 0 , 1000 , 773.351 , 0 , 0 , 0
4363 , 0 , 1000 , 773.092 , 0 , 0 , 0
4364 , 0 , 1000 , 772.833 , 0 , 0 , 0
4365 , 0 , 1000 , 772.572 , 0 , 0 , 0
4366 , 0 , 1000 , 772.31 , 0 , 0 , 0
4367 , 0 , 1000 , 772.048 , 0 , 0 , 0
4368 , 0 , 1000 , 771.785 , 0 , 0 , 0
4369 , 0 , 1000 , 771.521 , 0 , 0 , 0
4370 , 0 , 1000 , 771.256 , 0 , 0 , 0
4371 , 0 , 1000 , 770.991 , 0 , 0 , 0
4372 , 0 , 1000 , 770.724 , 0 , 0 , 0
4373 , 0 , 1000 , 770.457 , 0 , 0 , 0
4374 , 0 , 1000 , 770.189 , 0 , 0 , 0
4375 , 0 , 1000 , 769.921 , 0 , 0 , 0
4376 , 0 , 1000 , 769.651 , 0 , 0 , 0
4377 , 0 , 1000 , 769.381 , 0 , 0 , 0
4378 , 0 , 1000 , 769.111 , 0 , 0 , 0
4379 , 0 , 1000 , 768.839 , 0 , 0 , 0
4380 , 0 , 1000 , 768.567 , 0 , 0 , 0
4381 , 0 , 1000 , 768.294 , 0 , 0 , 0
4382 , 0 , 1000 , 768.02 , 0 , 0 , 0
4383 , 0 , 1000 , 767.746 , 0 , 0 , 0
4384 , 0 , 1000 , 767.471 , 0 , 0 , 0
4385 , 0 , 1000 , 767.196 , 0 , 0 , 0
4386 , 0 , 1000 , 766.92 , 0 , 0 , 0
4387 , 0 , 1000 , 766.643 , 0 , 0 , 0
4388 , 0 , 1000 , 766.366 , 0 , 0 , 0
4389 , 0 , 1000 , 766.088 , 0 , 0 , 0
4390 , 0 , 1000 , 765.809 , 0 , 0 , 0
4391 , 0 , 1000 , 765.53 , 0 , 0 , 0
4392 , 0 , 1000 , 765.25 , 0 , 0 , 0
4393 , 0 , 1000 , 764.97 , 0 , 0 , 0
4394 , 0 , 1000 , 764.689 , 0 , 0 , 0
4395 , 0 , 1000 , 764.408 , 0 , 0 , 0
4396 , 0 , 1000 , 764.126 , 0 , 0 , 0
4397 , 0 , 1000 , 763.844 , 0 , 0 , 0
4398 , 0 , 1000 , 763.561 , 0 , 0 , 0
4399 , 0 , 1000 , 763.278 , 0 , 0 , 0
4400 , 0 , 1000 , 762.994 , 0 , 0 , 0
4401 , 0 , 1000 , 762.709 , 0 , 0 , 0
4402 , 0 , 1000 , 762.425 , 0 , 0 , 0
4403 , 0 , 1000 , 762.14 , 0 , 0 , 0
4404 , 0 , 1000 , 761.854 , 0 , 0 , 0
4405 , 0 , 1000 , 761.568 , 0 , 0 , 0
4406 , 0 , 1000 , 761.281 , 0 , 0 , 0
4407 , 0 , 1000 , 760.995 , 0 , 0 , 0
4408 , 0 , 1000 , 760.708 , 0 , 0 , 0
4409 , 0 , 1000 , 760.42 , 0 , 0 , 0
4410 , 0 , 1000 , 760.132 , 0 , 0 , 0
4411 , 0 , 1000 , 759.844 , 0 , 0 , 0
4412 , 0 , 1000 , 759.555 , 0 , 0 , 0
4413 , 0 , 1000 , 759.266 , 0 , 0 , 0
4414 , 0 , 1000 , 758.977 , 0 , 0 , 0
4415 , 0 , 1000 , 758.687 , 0 , 0 , 0
4416 , 0 , 1000 , 758.397 , 0 , 0 , 0
4417 , 0 , 1000 , 758.107 , 0 , 0 , 0
4418 , 0 , 1000 , 757.816 , 0 , 0 , 0
4419 , 0 , 1000 , 757.525 , 0 , 0 , 0
4420 , 0 , 1000 , 757.234 , 0 , 0 , 0
4421 , 0 , 1000 , 756.943 , 0 , 0 , 0
4422 , 0 , 1000 , 756.651 , 0 , 0 , 0
4423 , 0 , 1000 , 756.36 , 0 , 0 , 0
4424 , 0 , 1000 , 756.068 , 0 , 0 , 0
4425 , 0 , 1000 , 755.776 , 0 , 0 , 0
4426 , 0 , 1000 , 755.483 , 0 , 0 , 0
4427 , 0 , 1000 , 755.191 , 0 , 0 , 0
4428 , 0 , 1000 , 754.898 , 0 , 0 , 0
4429 , 0 , 1000 , 754.605 , 0 , 0 , 0
4430 , 0 , 1000 , 754.312 , 0 , 0 , 0
4431 , 0 , 1000 , 754.019 , 0 , 0 , 0
4432 , 0 , 1000 , 753.726 , 0 , 0 , 0
4433 , 0 , 1000 , 753.432 , 0 , 0 , 0
4434 , 0 , 1000 , 753.139 , 0 , 0 , 0
4435 , 0 , 1000 , 752.845 , 0 , 0 , 0
4436 , 0 , 1000 , 752.551 , 0 , 0 , 0
4437 , 0 , 1000 , 752.257 , 0 , 0 , 0
4438 , 0 , 1000 , 751.963 , 0 , 0 , 0
4439 , 0 , 1000 , 751.67 , 0 , 0 , 0
4440 , 0 , 1000 , 751.376 , 0 , 0 , 0
4441 , 0 , 1000 , 751.082 , 0 , 0 , 0
4442 , 0 , 1000 , 750.788 , 0 , 0 , 0
4443 , 0 , 1000 , 750.494 , 0 , 0 , 0
4444 , 0 , 1000 , 750.2 , 0 , 0 , 0
4445 , 0 , 1000 , 749.906 , 0 , 0 , 0
4446 , 0 , 1000 , 749.612 , 0 , 0 , 0
4447 , 0 , 1000 , 749.318 , 0 , 0 , 0
4448 , 0 , 1000 , 749.024 , 0 , 0 , 0
4449 , 0 , 1000 , 748.73 , 0 , 0 , 0
4450 , 0 , 1000 , 748.436 , 0 , 0 , 0
4451 , 0 , 1000 , 748.142 , 0 , 0 , 0
4452 , 0 , 1000 , 747.849 , 0 , 0 , 0
4453 , 0 , 1000 , 747.555 , 0 , 0 , 0
4454 , 0 , 1000 , 747.261 , 0 , 0 , 0
4455 , 0 , 1000 , 746.968 , 0 , 0 , 0
4456 , 0 , 1000 , 746.674 , 0 , 0 , 0
4457 , 0 , 1000 , 746.381 , 0 , 0 , 0
4458 , 0 , 1000 , 746.088 , 0 , 0 , 0
4459 , 0 , 1000 , 745.795 , 0 , 0 , 0
4460 , 0 , 1000 , 745.502 , 0 , 0 , 0
4461 , 0 , 1000 , 745.209 , 0 , 0 , 0
4462 , 0 , 1000 , 744.916 , 0 , 0 , 0
4463 , 0 , 1000 , 744.623 , 0 , 0 , 0
4464 , 0 , 1000 , 744.331 , 0 , 0 , 0
4465 , 0 , 1000 , 744.039 , 0 , 0 , 0
4466 , 0 , 1000 , 743.746 , 0 , 0 , 0
4467 , 0 , 1000 , 743.454 , 0 , 0 , 0
4468 , 0 , 1000 , 743.163 , 0 , 0 , 0
4469 , 0 , 1000 , 742.871 , 0 , 0 , 0
4470 , 0 , 1000 , 742.579 , 0 , 0 , 0
4471 , 0 , 1000 , 742.288 , 0 , 0 , 0
4472 , 0 , 1000 , 741.997 , 0 , 0 , 0
4473 , 0 , 1000 , 741.706 , 0 , 0 , 0
4474 , 0 , 1000 , 741.415 , 0 , 0 , 0
4475 , 0 , 1000 , 741.124 , 0 , 0 , 0
4476 , 0 , 1000 , 740.834 , 0 , 0 , 0
4477 , 0 , 1000 , 740.544 , 0 , 0 , 0
4478 , 0 , 1000 , 740.254 , 0 , 0 , 0
4479 , 0 , 1000 , 739.964 , 0 , 0 , 0
4480 , 0 , 1000 , 739.674 , 0 , 0 , 0
4481 , 0 , 1000 , 739.385 , 0 , 0 , 0
4482 , 0 , 1000 , 739.096 , 0 , 0 , 0
4483 , 0 , 1000 , 738.807 , 0 , 0 , 0
4484 , 0 , 1000 , 738.518 , 0 , 0 , 0
4485 , 0 , 1000 , 738.23 , 0 , 0 , 0
4486 , 0 , 1000 , 737.941 , 0 , 0 , 0
4487 , 0 , 1000 , 737.654 , 0 , 0 , 0
4488 , 0 , 1000 , 737.366 , 0 , 0 , 0
4489 , 0 , 1000 , 737.078 , 0 , 0 , 0
4490 , 0 , 1000 , 736.791 , 0 , 0 , 0
4491 , 0 , 1000 , 736.504 , 0 , 0 , 0
4492 , 0 , 1000 , 736.217 , 0 , 0 , 0
4493 , 0 , 1000 , 735.931 , 0 , 0 , 0
4494 , 0 , 1000 , 735.645 , 0 , 0 , 0
4495 , 0 , 1000 , 735.359 , 0 , 0 , 0
4496 , 0 , 1000 , 735.073 , 0 , 0 , 0
4497 , 0 , 1000 , 734.788 , 0 , 0 , 0
4498 , 0 , 1000 , 734.503 , 0 , 0 , 0
4499 , 0 , 1000 , 734.218 , 0 , 0 , 0
4500 , 0 , 1000 , 733.934 , 0 , 0 , 0
4501 , 0 , 1000 , 733.65 , 0 , 0 , 0
4502 , 0 , 1000 , 733.366 , 0 , 0 , 0
4503 , 0 , 1000 , 733.083 , 0 , 0 , 0
4504 , 0 , 1000 , 732.8 , 0 , 0 , 0
4505 , 0 , 1000 , 732.517 , 0 , 0 , 0
4506 , 0 , 1000 , 732.234 , 0 , 0 , 0
4507 , 0 , 1000 , 731.952 , 0 , 0 , 0
4508 , 0 , 1000 , 731.671 , 0 , 0 , 0
4509 , 0 , 1000 , 731.389 , 0 , 0 , 0
4510 , 0 , 1000 , 731.108 , 0 , 0 , 0
4511 , 0 , 1000 , 730.827 , 0 , 0 , 0
4512 , 0 , 1000 , 730.547 , 0 , 0 , 0
4513 , 0 , 1000 , 730.267 , 0 , 0 , 0
4514 , 0 , 1000 , 729.987 , 0 , 0 , 0
4515 , 0 , 1000 , 729.708 , 0 , 0 , 0
4516 , 0 , 1000 , 729.429 , 0 , 0 , 0
4517 , 0 , 1000 , 729.15 , 0 , 0 , 0
4518 , 0 , 1000 , 728.872 , 0 , 0 , 0
4519 , 0 , 1000 , 728.594 , 0 , 0 , 0
4520 , 0 , 1000 , 728.317 , 0 , 0 , 0
4521 , 0 , 1000 , 728.04 , 0 , 0 , 0
4522 , 0 , 1000 , 727.763 , 0 , 0 , 0
4523 , 0 , 1000 , 727.487 , 0 , 0 , 0
4524 , 0 , 1000 , 727.211 , 0 , 0 , 0
4525 , 0 , 1000 , 726.936 , 0 , 0 , 0
4526 , 0 , 1000 , 726.661 , 0 , 0 , 0
4527 , 0 , 1000 , 726.387 , 0 , 0 , 0
4528 , 0 , 1000 , 726.113 , 0 , 0 , 0
4529 , 0 , 1000 , 725.839 , 0 , 0 , 0
4530 , 0 , 1000 , 725.566 , 0 , 0 , 0
4531 , 0 , 1000 , 725.293 , 0 , 0 , 0
4532 , 0 , 1000 , 725.02 , 0 , 0 , 0
4533 , 0 , 1000 , 724.748 , 0 , 0 , 0
4534 , 0 , 1000 , 724.477 , 0 , 0 , 0
4535 , 0 , 1000 , 724.206 , 0 , 0 , 0
4536 , 0 , 1000 , 723.935 , 0 , 0 , 0
4537 , 0 , 1000 , 723.665 , 0 , 0 , 0
4538 , 0 , 1000 , 723.395 , 0 , 0 , 0
4539 , 0 , 1000 , 723.126 , 0 , 0 , 0
4540 , 0 , 1000 , 722.857 , 0 , 0 , 0
4541 , 0 , 1000 , 722.589 , 0 , 0 , 0
4542 , 0 , 1000 , 722.321 , 0 , 0 , 0
4543 , 0 , 1000 , 722.054 , 0 , 0 , 0
4544 , 0 , 1000 , 721.787 , 0 , 0 , 0
4545 , 0 , 1000 , 721.52 , 0 , 0 , 0
4546 , 0 , 1000 , 721.254 , 0 , 0 , 0
4547 , 0 , 1000 , 720.989 , 0 , 0 , 0
4548 , 0 , 1000 , 720.724 , 0 , 0 , 0
4549 , 0 , 1000 , 720.459 , 0 , 0 , 0
4550 , 0 , 1000 , 720.195 , 0 , 0 , 0
4551 , 0 , 1000 , 719.931 , 0 , 0 , 0
4552 , 0 , 1000 , 719.668 , 0 , 0 , 0
4553 , 0 , 1000 , 719.406 , 0 , 0 , 0
4554 , 0 , 1000 , 719.143 , 0 , 0 , 0
4555 , 0 , 1000 , 718.882 , 0 , 0 , 0
4556 , 0 , 1000 , 718.621 , 0 , 0 , 0
4557 , 0 , 1000 , 718.36 , 0 , 0 , 0
4558 , 0 , 1000 , 718.1 , 0 , 0 , 0
4559 , 0 , 1000 , 717.84 , 0 , 0 , 0
4560 , 0 , 1000 , 717.581 , 0 , 0 , 0
4561 , 0 , 1000 , 717.322 , 0 , 0 , 0
4562 , 0 , 1000 , 717.064 , 0 , 0 , 0
4563 , 0 , 1000 , 716.806 , 0 , 0 , 0
4564 , 0 , 1000 , 716.549 , 0 , 0 , 0
4565 , 0 , 1000 , 716.293 , 0 , 0 , 0
4566 , 0 , 1000 , 716.036 , 0 , 0 , 0
4567 , 0 , 1000 , 715.781 , 0 , 0 , 0
4568 , 0 , 1000 , 715.526 , 0 , 0 , 0
4569 , 0 , 1000 , 715.271 , 0 , 0 , 0
4570 , 0 , 1000 , 715.017 , 0 , 0 , 0
4571 , 0 , 1000 , 714.763 , 0 , 0 , 0
4572 , 0 , 1000 , 714.51 , 0 , 0 , 0
4573 , 0 , 1000 , 714.258 , 0 , 0 , 0
4574 , 0 , 1000 , 714.005 , 0 , 0 , 0
4575 , 0 , 1000 , 713.754 , 0 , 0 , 0
4576 , 0 , 1000 , 713.503 , 0 , 0 , 0
4577 , 0 , 1000 , 713.252 , 0 , 0 , 0
4578 , 0 , 1000 , 713.002 , 0 , 0 , 0
4579 , 0 , 1000 , 712.753 , 0 , 0 , 0
4580 , 0 , 1000 , 712.504 , 0 , 0 , 0
4581 , 0 , 1000 , 712.255 , 0 , 0 , 0
4582 , 0 , 1000 , 712.007 , 0 , 0 , 0
4583 , 0 , 1000 , 711.76 , 0 , 0 , 0
4584 , 0 , 1000 , 711.513 , 0 , 0 , 0
4585 , 0 , 1000 , 711.267 , 0 , 0 , 0
4586 , 0 , 1000 , 711.021 , 0 , 0 , 0
4587 , 0 , 1000 , 710.775 , 0 , 0 , 0
4588 , 0 , 1000 , 710.53 , 0 , 0 , 0
4589 , 0 , 1000 , 710.286 , 0 , 0 , 0
4590 , 0 , 1000 , 710.042 , 0 , 0 , 0
4591 , 0 , 1000 , 709.799 , 0 , 0 , 0
4592 , 0 , 1000 , 709.556 , 0 , 0 , 0
4593 , 0 , 1000 , 709.314 , 0 , 0 , 0
4594 , 0 , 1000 , 709.072 , 0 , 0 , 0
4595 , 0 , 1000 , 708.831 , 0 , 0 , 0
4596 , 0 , 1000 , 708.59 , 0 , 0 , 0
4597 , 0 , 1000 , 708.35 , 0 , 0 , 0
4598 , 0 , 1000 , 708.11 , 0 , 0 , 0
4599 , 0 , 1000 , 707.871 , 0 , 0 , 0
4600 , 0 , 1000 , 707.632 , 0 , 0 , 0
4601 , 0 , 1000 , 707.394 , 0 , 0 , 0
4602 , 0 , 1000 , 707.156 , 0 , 0 , 0
4603 , 0 , 1000 , 706.919 , 0 , 0 , 0
4604 , 0 , 1000 , 706.682 , 0 , 0 , 0
4605 , 0 , 1000 , 706.446 , 0 , 0 , 0
4606 , 0 , 1000 , 706.21 , 0 , 0 , 0
4607 , 0 , 1000 , 705.975 , 0 , 0 , 0
4608 , 0 , 1000 , 705.74 , 0 , 0 , 0
4609 , 0 , 1000 , 705.506 , 0 , 0 , 0
4610 , 0 , 1000 , 705.272 , 0 , 0 , 0
4611 , 0 , 1000 , 705.039 , 0 , 0 , 0
4612 , 0 , 1000 , 704.806 , 0 , 0 , 0
4613 , 0 , 1000 , 704.574 , 0 , 0 , 0
4614 , 0 , 1000 , 704.342 , 0 , 0 , 0
4615 , 0 , 1000 , 704.111 , 0 , 0 , 0
4616 , 0 , 1000 , 703.881 , 0 , 0 , 0
4617 , 0 , 1000 , 703.65 , 0 , 0 , 0
4618 , 0 , 1000 , 703.421 , 0 , 0 , 0
4619 , 0 , 1000 , 703.191 , 0 , 0 , 0
4620 , 0 , 1000 , 702.963 , 0 , 0 , 0
4621 , 0 , 1000 , 702.734 , 0 , 0 , 0
4622 , 0 , 1000 , 702.506 , 0 , 0 , 0
4623 , 0 , 1000 , 702.279 , 0 , 0 , 0
4624 , 0 , 1000 , 702.052 , 0 , 0 , 0
4625 , 0 , 1000 , 701.826 , 0 , 0 , 0
4626 , 0 , 1000 , 701.6 , 0 , 0 , 0
4627 , 0 , 1000 , 701.375 , 0 , 0 , 0
4628 , 0 , 1000 , 701.15 , 0 , 0 , 0
4629 , 0 , 1000 , 700.925 , 0 , 0 , 0
4630 , 0 , 1000 , 700.701 , 0 , 0 , 0
4631 , 0 , 1000 , 700.478 , 0 , 0 , 0
4632 , 0 , 1000 , 700.255 , 0 , 0 , 0
4633 , 0 , 1000 , 700.032 , 0 , 0 , 0
4634 , 0 , 1000 , 699.81 , 0 , 0 , 0
4635 , 0 , 1000 , 699.589 , 0 , 0 , 0
4636 , 0 , 1000 , 699.367 , 0 , 0 , 0
4637 , 0 , 1000 , 699.147 , 0 , 0 , 0
4638 , 0 , 1000 , 698.926 , 0 , 0 , 0
4639 , 0 , 1000 , 698.706 , 0 , 0 , 0
4640 , 0 , 1000 , 698.487 , 0 , 0 , 0
4641 , 0 , 1000 , 698.268 , 0 , 0 , 0
4642 , 0 , 1000 , 698.05 , 0 , 0 , 0
4643 , 0 , 1000 , 697.832 , 0 , 0 , 0
4644 , 0 , 1000 , 697.614 , 0 , 0 , 0
4645 , 0 , 1000 , 697.397 , 0 , 0 , 0
4646 , 0 , 1000 , 697.18 , 0 , 0 , 0
4647 , 0 , 1000 , 696.964 , 0 , 0 , 0
4648 , 0 , 1000 , 696.748 , 0 , 0 , 0
4649 , 0 , 1000 , 696.533 , 0 , 0 , 0
4650 , 0 , 1000 , 696.318 , 0 , 0 , 0
4651 , 0 , 1000 , 696.104 , 0 , 0 , 0
4652 , 0 , 1000 , 695.89 , 0 , 0 , 0
4653 , 0 , 1000 , 695.676 , 0 , 0 , 0
4654 , 0 , 1000 , 695.463 , 0 , 0 , 0
4655 , 0 , 1000 , 695.25 , 0 , 0 , 0
4656 , 0 , 1000 , 695.038 , 0 , 0 , 0
4657 , 0 , 1000 , 694.826 , 0 , 0 , 0
4658 , 0 , 1000 , 694.614 , 0 , 0 , 0
4659 , 0 , 1000 , 694.403 , 0 , 0 , 0
4660 , 0 , 1000 , 694.193 , 0 , 0 , 0
4661 , 0 , 1000 , 693.982 , 0 , 0 , 0
4662 , 0 , 1000 , 693.772 , 0 , 0 , 0
4663 , 0 , 1000 , 693.563 , 0 , 0 , 0
4664 , 0 , 1000 , 693.354 , 0 , 0 , 0
4665 , 0 , 1000 , 693.145 , 0 , 0 , 0
4666 , 0 , 1000 , 692.937 , 0 , 0 , 0
4667 , 0 , 1000 , 692.729 , 0 , 0 , 0
4668 , 0 , 1000 , 692.522 , 0 , 0 , 0
4669 , 0 , 1000 , 692.315 , 0 , 0 , 0
4670 , 0 , 1000 , 692.108 , 0 , 0 , 0
4671 , 0 , 1000 , 691.902 , 0 , 0 , 0
4672 , 0 , 1000 , 691.696 , 0 , 0 , 0
4673 , 0 , 1000 , 691.491 , 0 , 0 , 0
4674 , 0 , 1000 , 691.286 , 0 , 0 , 0
4675 , 0 , 1000 , 691.081 , 0 , 0 , 0
4676 , 0 , 1000 , 690.877 , 0 , 0 , 0
4677 , 0 , 1000 , 690.673 , 0 , 0 , 0
4678 , 0 , 1000 , 690.469 , 0 , 0 , 0
4679 , 0 , 1000 , 690.266 , 0 , 0 , 0
4680 , 0 , 1000 , 690.063 , 0 , 0 , 0
4681 , 0 , 1000 , 689.861 , 0 , 0 , 0
4682 , 0 , 1000 , 689.659 , 0 , 0 , 0
4683 , 0 , 1000 , 689.457 , 0 , 0 , 0
4684 , 0 , 1000 , 689.256 , 0 , 0 , 0
4685 , 0 , 1000 , 689.055 , 0 , 0 , 0
4686 , 0 , 1000 , 688.855 , 0 , 0 , 0
4687 , 0 , 1000 , 688.654 , 0 , 0 , 0
4688 , 0 , 1000 , 688.455 , 0 , 0 , 0
4689 , 0 , 1000 , 688.255 , 0 , 0 , 0
4690 , 0 , 1000 , 688.056 , 0 , 0 , 0
4691 , 0 , 1000 , 687.857 , 0 , 0 , 0
4692 , 0 , 1000 , 687.659 , 0 , 0 , 0
4693 , 0 , 1000 , 687.461 , 0 , 0 , 0
4694 , 0 , 1000 , 687.263 , 0 , 0 , 0
4695 , 0 , 1000 , 687.066 , 0 , 0 , 0
4696 , 0 , 1000 , 686.869 , 0 , 0 , 0
4697 , 0 , 1000 , 686.672 , 0 , 0 , 0
4698 , 0 , 1000 , 686.476 , 0 , 0 , 0
4699 , 0 , 1000 , 686.28 , 0 , 0 , 0
4700 , 0 , 1000 , 686.084 , 0 , 0 , 0
4701 , 0 , 1000 , 685.889 , 0 , 0 , 0
4702 , 0 , 1000 , 685.694 , 0 , 0 , 0
4703 , 0 , 1000 , 685.499 , 0 , 0 , 0
4704 , 0 , 1000 , 685.304 , 0 , 0 , 0
4705 , 0 , 1000 , 685.111 , 0 , 0 , 0
4706 , 0 , 1000 , 684.917 , 0 , 0 , 0
4707 , 0 , 1000 , 684.723 , 0 , 0 , 0
4708 , 0 , 1000 , 684.53 , 0 , 0 , 0
4709 , 0 , 1000 , 684.338 , 0 , 0 , 0
4710 , 0 , 1000 , 684.145 , 0 , 0 , 0
4711 , 0 , 1000 , 683.953 , 0 , 0 , 0
4712 , 0 , 1000 , 683.761 , 0 , 0 , 0
4713 , 0 , 1000 , 683.57 , 0 , 0 , 0
4714 , 0 , 1000 , 683.378 , 0 , 0 , 0
4715 , 0 , 1000 , 683.188 , 0 , 0 , 0
4716 , 0 , 1000 , 682.997 , 0 , 0 , 0
4717 , 0 , 1000 , 682.807 , 0 , 0 , 0
4718 , 0 , 1000 , 682.617 , 0 , 0 , 0
4719 , 0 , 1000 , 682.427 , 0 , 0 , 0
4720 , 0 , 1000 , 682.237 , 0 , 0 , 0
4721 , 0 , 1000 , 682.048 , 0 , 0 , 0
4722 , 0 , 1000 , 681.86 , 0 , 0 , 0
4723 , 0 , 1000 , 681.671 , 0 , 0 , 0
4724 , 0 , 1000 , 681.483 , 0 , 0 , 0
4725 , 0 , 1000 , 681.295 , 0 , 0 , 0
4726 , 0 , 1000 , 681.107 , 0 , 0 , 0
4727 , 0 , 1000 , 680.92 , 0 , 0 , 0
4728 , 0 , 1000 , 680.733 , 0 , 0 , 0
4729 , 0 , 1000 , 680.546 , 0 , 0 , 0
4730 , 0 , 1000 , 680.359 , 0 , 0 , 0
4731 , 0 , 1000 , 680.173 , 0 , 0 , 0
4732 , 0 , 1000 , 679.987 , 0 , 0 , 0
4733 , 0 , 1000 , 679.802 , 0 , 0 , 0
4734 , 0 , 1000 , 679.616 , 0 , 0 , 0
4735 , 0 , 1000 , 679.431 , 0 , 0 , 0
4736 , 0 , 1000 , 679.246 , 0 , 0 , 0
4737 , 0 , 1000 , 679.061 , 0 , 0 , 0
4738 , 0 , 1000 , 678.877 , 0 , 0 , 0
4739 , 0 , 1000 , 678.693 , 0 , 0 , 0
4740 , 0 , 1000 , 678.509 , 0 , 0 , 0
4741 , 0 , 1000 , 678.326 , 0 , 0 , 0
4742 , 0 , 1000 , 678.142 , 0 , 0 , 0
4743 , 0 , 1000 , 677.959 , 0 , 0 , 0
4744 , 0 , 1000 , 677.776 , 0 , 0 , 0
4745 , 0 , 1000 , 677.594 , 0 , 0 , 0
4746 , 0 , 1000 , 677.411 , 0 , 0 , 0
4747 , 0 , 1000 , 677.229 , 0 , 0 , 0
4748 , 0 , 1000 , 677.048 , 0 , 0 , 0
4749 , 0 , 1000 , 676.866 , 0 , 0 , 0
4750 , 0 , 1000 , 676.685 , 0 , 0 , 0
4751 , 0 , 1000 , 676.504 , 0 , 0 , 0
4752 , 0 , 1000 , 676.323 , 0 , 0 , 0
4753 , 0 , 1000 , 676.142 , 0 , 0 , 0
4754 , 0 , 1000 , 675.962 , 0 , 0 , 0
4755 , 0 , 1000 , 675.782 , 0 , 0 , 0
4756 , 0 , 1000 , 675.602 , 0 , 0 , 0
4757 , 0 , 1000 , 675.422 , 0 , 0 , 0
4758 , 0 , 1000 , 675.243 , 0 , 0 , 0
4759 , 0 , 1000 , 675.063 , 0 , 0 , 0
4760 , 0 , 1000 , 674.884 , 0 , 0 , 0
4761 , 0 , 1000 , 674.706 , 0 , 0 , 0
4762 , 0 , 1000 , 674.527 , 0 , 0 , 0
4763 , 0 , 1000 , 674.349 , 0 , 0 , 0
4764 , 0 , 1000 , 674.171 , 0 , 0 , 0
4765 , 0 , 1000 , 673.993 , 0 , 0 , 0
4766 , 0 , 1000 , 673.815 , 0 , 0 , 0
4767 , 0 , 1000 , 673.638 , 0 , 0 , 0
4768 , 0 , 1000 , 673.461 , 0 , 0 , 0
4769 , 0 , 1000 , 673.284 , 0 , 0 , 0
4770 , 0 , 1000 , 673.107 , 0 , 0 , 0
4771 , 0 , 1000 , 672.931 , 0 , 0 , 0
4772 , 0 , 1000 , 672.754 , 0 , 0 , 0
4773 , 0 , 1000 , 672.578 , 0 , 0 , 0
4774 , 0 , 1000 , 672.402 , 0 , 0 , 0
4775 , 0 , 1000 , 672.227 , 0 , 0 , 0
4776 , 0 , 1000 , 672.051 , 0 , 0 , 0
4777 , 0 , 1000 , 671.876 , 0 , 0 , 0
4778 , 0 , 1000 , 671.701 , 0 , 0 , 0
4779 , 0 , 1000 , 671.526 , 0 , 0 , 0
4780 , 0 , 1000 , 671.352 , 0 , 0 , 0
4781 , 0 , 1000 , 671.177 , 0 , 0 , 0
4782 , 0 , 1000 , 671.003 , 0 , 0 , 0
4783 , 0 , 1000 , 670.829 , 0 , 0 , 0
4784 , 0 , 1000 , 670.655 , 0 , 0 , 0
4785 , 0 , 1000 , 670.482 , 0 , 0 , 0
4786 , 0 , 1000 , 670.308 , 0 , 0 , 0
4787 , 0 , 1000 , 670.135 , 0 , 0 , 0
4788 , 0 , 1000 , 669.962 , 0 , 0 , 0
4789 , 0 , 1000 , 669.789 , 0 , 0 , 0
4790 , 0 , 1000 , 669.617 , 0 , 0 , 0
4791 , 0 , 1000 , 669.444 , 0 , 0 , 0
4792 , 0 , 1000 , 669.272 , 0 , 0 , 0
4793 , 0 , 1000 , 669.1 , 0 , 0 , 0
4794 , 0 , 1000 , 668.928 , 0 , 0 , 0
4795 , 0 , 1000 , 668.756 , 0 , 0 , 0
4796 , 0 , 1000 , 668.585 , 0 , 0 , 0
4797 , 0 , 1000 , 668.414 , 0 , 0 , 0
4798 , 0 , 1000 , 668.243 , 0 , 0 , 0
4799 , 0 , 1000 , 668.072 , 0 , 0 , 0
4800 , 0 , 1000 , 667.901 , 0 , 0 , 0
4801 , 0 , 1000 , 667.731 , 0 , 0 , 0
4802 , 0 , 1000 , 667.56 , 0 , 0 , 0
4803 , 0 , 1000 , 667.39 , 0 , 0 , 0
4804 , 0 , 1000 , 667.22 , 0 , 0 , 0
4805 , 0 , 1000 , 667.051 , 0 , 0 , 0
4806 , 0 , 1000 , 666.881 , 0 , 0 , 0
4807 , 0 , 1000 , 666.712 , 0 , 0 , 0
4808 , 0 , 1000 , 666.543 , 0 , 0 , 0
4809 , 0 , 1000 , 666.373 , 0 , 0 , 0
4810 , 0 , 1000 , 666.205 , 0 , 0 , 0
4811 , 0 , 1000 , 666.036 , 0 , 0 , 0
4812 , 0 , 1000 , 665.868 , 0 , 0 , 0
4813 , 0 , 1000 , 665.699 , 0 , 0 , 0
4814 , 0 , 1000 , 665.531 , 0 , 0 , 0
4815 , 0 , 1000 , 665.363 , 0 , 0 , 0
4816 , 0 , 1000 , 665.195 , 0 , 0 , 0
4817 , 0 , 1000 , 665.028 , 0 , 0 , 0
4818 , 0 , 1000 , 664.86 , 0 , 0 , 0
4819 , 0 , 1000 , 664.693 , 0 , 0 , 0
4820 , 0 , 1000 , 664.526 , 0 , 0 , 0
4821 , 0 , 1000 , 664.359 , 0 , 0 , 0
4822 , 0 , 1000 , 664.193 , 0 , 0 , 0
4823 , 0 , 1000 , 664.026 , 0 , 0 , 0
4824 , 0 , 1000 , 663.86 , 0 , 0 , 0
4825 , 0 , 1000 , 663.694 , 0 , 0 , 0
4826 , 0 , 1000 , 663.528 , 0 , 0 , 0
4827 , 0 , 1000 , 663.362 , 0 , 0 , 0
4828 , 0 , 1000 , 663.196 , 0 , 0 , 0
4829 , 0 , 1000 , 663.031 , 0 , 0 , 0
4830 , 0 , 1000 , 662.865 , 0 , 0 , 0
4831 , 0 , 1000 , 662.7 , 0 , 0 , 0
4832 , 0 , 1000 , 662.535 , 0 , 0 , 0
4833 , 0 , 1000 , 662.37 , 0 , 0 , 0
4834 , 0 , 1000 , 662.206 , 0 , 0 , 0
4835 , 0 , 1000 , 662.041 , 0 , 0 , 0
4836 , 0 , 1000 , 661.877 , 0 , 0 , 0
4837 , 0 , 1000 , 661.713 , 0 , 0 , 0
4838 , 0 , 1000 , 661.549 , 0 , 0 , 0
4839 , 0 , 1000 , 661.385 , 0 , 0 , 0
4840 , 0 , 1000 , 661.222 , 0 , 0 , 0
4841 , 0 , 1000 , 661.058 , 0 , 0 , 0
4842 , 0 , 1000 , 660.895 , 0 , 0 , 0
4843 , 0 , 1000 , 660.732 , 0 , 0 , 0
4844 , 0 , 1000 , 660.569 , 0 , 0 , 0
4845 , 0 , 1000 , 660.406 , 0 , 0 , 0
4846 , 0 , 1000 , 660.243 , 0 , 0 , 0
4847 , 0 , 1000 , 660.081 , 0 , 0 , 0
4848 , 0 , 1000 , 659.919 , 0 , 0 , 0
4849 , 0 , 1000 , 659.757 , 0 , 0 , 0
4850 , 0 , 1000 , 659.595 , 0 , 0 , 0
4851 , 0 , 1000 , 659.433 , 0 , 0 , 0
4852 , 0 , 1000 , 659.271 , 0 , 0 , 0
4853 , 0 , 1000 , 659.11 , 0 , 0 , 0
4854 , 0 , 1000 , 658.949 , 0 , 0 , 0
4855 , 0 , 1000 , 658.788 , 0 , 0 , 0
4856 , 0 , 1000 , 658.627 , 0 , 0 , 0
4857 , 0 , 1000 , 658.466 , 0 , 0 , 0
4858 , 0 , 1000 , 658.306 , 0 , 0 , 0
4859 , 0 , 1000 , 658.145 , 0 , 0 , 0
4860 , 0 , 1000 , 657.985 , 0 , 0 , 0
4861 , 0 , 1000 , 657.825 , 0 , 0 , 0
4862 , 0 , 1000 , 657.665 , 0 , 0 , 0
4863 , 0 , 1000 , 657.505 , 0 , 0 , 0
4864 , 0 , 1000 , 657.346 , 0 , 0 , 0
4865 , 0 , 1000 , 657.186 , 0 , 0 , 0
4866 , 0 , 1000 , 657.027 , 0 , 0 , 0
4867 , 0 , 1000 , 656.868 , 0 , 0 , 0
4868 , 0 , 1000 , 656.709 , 0 , 0 , 0
4869 , 0 , 1000 , 656.55 , 0 , 0 , 0
4870 , 0 , 1000 , 656.392 , 0 , 0 , 0
4871 , 0 , 1000 , 656.233 , 0 , 0 , 0
4872 , 0 , 1000 , 656.075 , 0 , 0 , 0
4873 , 0 , 1000 , 655.917 , 0 , 0 , 0
4874 , 0 , 1000 , 655.759 , 0 , 0 , 0
4875 , 0 , 1000 , 655.601 , 0 , 0 , 0
4876 , 0 , 1000 , 655.444 , 0 , 0 , 0
4877 , 0 , 1000 , 655.286 , 0 , 0 , 0
4878 , 0 , 1000 , 655.129 , 0 , 0 , 0
4879 , 0 , 1000 , 654.972 , 0 , 0 , 0
4880 , 0 , 1000 , 654.815 , 0 , 0 , 0
4881 , 0 , 1000 , 654.658 , 0 , 0 , 0
4882 , 0 , 1000 , 654.502 , 0 , 0 , 0
4883 , 0 , 1000 , 654.345 , 0 , 0 , 0
4884 , 0 , 1000 , 654.189 , 0 , 0 , 0
4885 , 0 , 1000 , 654.033 , 0 , 0 , 0
4886 , 0 , 1000 , 653.877 , 0 , 0 , 0
4887 , 0 , 1000 , 653.721 , 0 , 0 , 0
4888 , 0 , 1000 , 653.566 , 0 , 0 , 0
4889 , 0 , 1000 , 653.41 , 0 , 0 , 0
4890 , 0 , 1000 , 653.255 , 0 , 0 , 0
4891 , 0 , 1000 , 653.1 , 0 , 0 , 0
4892 , 0 , 1000 , 652.945 , 0 , 0 , 0
4893 , 0 , 1000 , 652.79 , 0 , 0 , 0
4894 , 0 , 1000 , 652.635 , 0 , 0 , 0
4895 , 0 , 1000 , 652.481 , 0 , 0 , 0
4896 , 0 , 1000 , 652.327 , 0 , 0 , 0
4897 , 0 , 1000 , 652.173 , 0 , 0 , 0
4898 , 0 , 1000 , 652.019 , 0 , 0 , 0
4899 , 0 , 1000 , 651.865 , 0 , 0 , 0
4900 , 0 , 1000 , 651.711 , 0 , 0 , 0
4901 , 0 , 1000 , 651.558 , 0 , 0 , 0
4902 , 0 , 1000 , 651.405 , 0 , 0 , 0
4903 , 0 , 1000 , 651.252 , 0 , 0 , 0
4904 , 0 , 1000 , 651.099 , 0 , 0 , 0
4905 , 0 , 1000 , 650.946 , 0 , 0 , 0
4906 , 0 , 1000 , 650.794 , 0 , 0 , 0
4907 , 0 , 1000 , 650.641 , 0 , 0 , 0
4908 , 0 , 1000 , 650.489 , 0 , 0 , 0
4909 , 0 , 1000 , 650.337 , 0 , 0 , 0
4910 , 0 , 1000 , 650.185 , 0 , 0 , 0
4911 , 0 , 1000 , 650.033 , 0 , 0 , 0
4912 , 0 , 1000 , 649.882 , 0 , 0 , 0
4913 , 0 , 1000 , 649.73 , 0 , 0 , 0
4914 , 0 , 1000 , 649.579 , 0 , 0 , 0
4915 , 0 , 1000 , 649.428 , 0 , 0 , 0
4916 , 0 , 1000 , 649.277 , 0 , 0 , 0
4917 , 0 , 1000 , 649.127 , 0 , 0 , 0
4918 , 0 , 1000 , 648.976 , 0 , 0 , 0
4919 , 0 , 1000 , 648.826 , 0 , 0 , 0
4920 , 0 , 1000 , 648.676 , 0 , 0 , 0
4921 , 0 , 1000 , 648.526 , 0 , 0 , 0
4922 , 0 , 1000 , 648.376 , 0 , 0 , 0
4923 , 0 , 1000 , 648.226 , 0 , 0 , 0
4924 , 0 , 1000 , 648.077 , 0 , 0 , 0
4925 , 0 , 1000 , 647.928 , 0 , 0 , 0
4926 , 0 , 1000 , 647.779 , 0 , 0 , 0
4927 , 0 , 1000 , 647.63 , 0 , 0 , 0
4928 , 0 , 1000 , 647.481 , 0 , 0 , 0
4929 , 0 , 1000 , 647.332 , 0 , 0 , 0
4930 , 0 , 1000 , 647.184 , 0 , 0 , 0
4931 , 0 , 1000 , 647.036 , 0 , 0 , 0
4932 , 0 , 1000 , 646.888 , 0 , 0 , 0
4933 , 0 , 1000 , 646.74 , 0 , 0 , 0
4934 , 0 , 1000 , 646.592 , 0 , 0 , 0
4935 , 0 , 1000 , 646.445 , 0 , 0 , 0
4936 , 0 , 1000 , 646.298 , 0 , 0 , 0
4937 , 0 , 1000 , 646.151 , 0 , 0 , 0
4938 , 0 , 1000 , 646.004 , 0 , 0 , 0
4939 , 0 , 1000 , 645.857 , 0 , 0 , 0
4940 , 0 , 1000 , 645.71 , 0 , 0 , 0
4941 , 0 , 1000 , 645.564 , 0 , 0 , 0
4942 , 0 , 1000 , 645.418 , 0 , 0 , 0
4943 , 0 , 1000 , 645.272 , 0 , 0 , 0
4944 , 0 , 1000 , 645.126 , 0 , 0 , 0
4945 , 0 , 1000 , 644.98 , 0 , 0 , 0
4946 , 0 , 1000 , 644.835 , 0 , 0 , 0
4947 , 0 , 1000 , 644.69 , 0 , 0 , 0
4948 , 0 , 1000 , 644.545 , 0 , 0 , 0
4949 , 0 , 1000 , 644.4 , 0 , 0 , 0
4950 , 0 , 1000 , 644.255 , 0 , 0 , 0
4951 , 0 , 1000 , 644.11 , 0 , 0 , 0
4952 , 0 , 1000 , 643.966 , 0 , 0 , 0
4953 , 0 , 1000 , 643.822 , 0 , 0 , 0
4954 , 0 , 1000 , 643.678 , 0 , 0 , 0
4955 , 0 , 1000 , 643.534 , 0 , 0 , 0
4956 , 0 , 1000 , 643.39 , 0 , 0 , 0
4957 , 0 , 1000 , 643.247 , 0 , 0 , 0
4958 , 0 , 1000 , 643.104 , 0 , 0 , 0
4959 , 0 , 1000 , 642.961 , 0 , 0 , 0
4960 , 0 , 1000 , 642.818 , 0 , 0 , 0
4961 , 0 , 1000 , 642.675 , 0 , 0 , 0
4962 , 0 , 1000 , 642.532 , 0 , 0 , 0
4963 , 0 , 1000 , 642.39 , 0 , 0 , 0
4964 , 0 , 1000 , 642.248 , 0 , 0 , 0
4965 , 0 , 1000 , 642.106 , 0 , 0 , 0
4966 , 0 , 1000 , 641.964 , 0 , 0 , 0
4967 , 0 , 1000 , 641.822 , 0 , 0 , 0
4968 , 0 , 1000 , 641.681 , 0 , 0 , 0
4969 , 0 , 1000 , 641.539 , 0 , 0 , 0
4970 , 0 , 1000 , 641.398 , 0 , 0 , 0
4971 , 0 , 1000 , 641.257 , 0 , 0 , 0
4972 , 0 , 1000 , 641.117 , 0 , 0 , 0
4973 , 0 , 1000 , 640.976 , 0 , 0 , 0
4974 , 0 , 1000 , 640.836 , 0 , 0 , 0
4975 , 0 , 1000 , 640.695 , 0 , 0 , 0
4976 , 0 , 1000 , 640.555 , 0 , 0 , 0
4977 , 0 , 1000 , 640.415 , 0 , 0 , 0
4978 , 0 , 1000 , 640.276 , 0 , 0 , 0
4979 , 0 , 1000 , 640.136 , 0 , 0 , 0
4980 , 0 , 1000 , 639.997 , 0 , 0 , 0
4981 , 0 , 1000 , 639.858 , 0 , 0 , 0
4982 , 0 , 1000 , 639.719 , 0 , 0 , 0
4983 , 0 , 1000 , 639.58 , 0 , 0 , 0
4984 , 0 , 1000 , 639.441 , 0 , 0 , 0
4985 , 0 , 1000 , 639.303 , 0 , 0 , 0
4986 , 0 , 1000 , 639.165 , 0 , 0 , 0
4987 , 0 , 1000 , 639.027 , 0 , 0 , 0
4988 , 0 , 1000 , 638.889 , 0 , 0 , 0
4989 , 0 , 1000 , 638.751 , 0 , 0 , 0
4990 , 0 , 1000 , 638.614 , 0 , 0 , 0
4991 , 0 , 1000 , 638.476 , 0 , 0 , 0
4992 , 0 , 1000 , 638.339 , 0 , 0 , 0
4993 , 0 , 1000 , 638.202 , 0 , 0 , 0
4994 , 0 , 1000 , 638.065 , 0 , 0 , 0
4995 , 0 , 1000 , 637.929 , 0 , 0 , 0
4996 , 0 , 1000 , 637.792 , 0 , 0 , 0
4997 , 0 , 1000 , 637.656 , 0 , 0 , 0
4998 , 0 , 1000 , 637.52 , 0 , 0 , 0
4999 , 0 , 1000 , 637.384 , 0 , 0 , 0
5000 , 0 , 1000 , 637.249 , 0 , 0 , 0
5001 , 0 , 1000 , 637.113 , 0 , 0 , 0
5002 , 0 , 1000 , 636.978 , 0 , 0 , 0
5003 , 0 , 1000 , 636.843 , 0 , 0 , 0
5004 , 0 , 1000 , 636.708 , 0 , 0 , 0
5005 , 0 , 1000 , 636.573 , 0 , 0 , 0
5006 , 0 , 1000 , 636.438 , 0 , 0 , 0
5007 , 0 , 1000 , 636.304 , 0 , 0 , 0
5008 , 0 , 1000 , 636.169 , 0 , 0 , 0
5009 , 0 , 1000 , 636.035 , 0 , 0 , 0
5010 , 0 , 1000 , 635.901 , 0 , 0 , 0
5011 , 0 , 1000 , 635.768 , 0 , 0 , 0
5012 , 0 , 1000 , 635.634 , 0 , 0 , 0
5013 , 0 , 1000 , 635.501 , 0 , 0 , 0
5014 , 0 , 1000 , 635.368 , 0 , 0 , 0
5015 , 0 , 1000 , 635.235 , 0 , 0 , 0
5016 , 0 , 1000 , 635.102 , 0 , 0 , 0
5017 , 0 , 1000 , 634.969 , 0 , 0 , 0
5018 , 0 , 1000 , 634.837 , 0 , 0 , 0
5019 , 0 , 1000 , 634.705 , 0 , 0 , 0
5020 , 0 , 1000 , 634.572 , 0 , 0 , 0
5021 , 0 , 1000 , 634.441 , 0 , 0 , 0
5022 , 0 , 1000 , 634.309 , 0 , 0 , 0
5023 , 0 , 1000 , 634.177 , 0 , 0 , 0
5024 , 0 , 1000 , 634.046 , 0 , 0 , 0
5025 , 0 , 1000 , 633.915 , 0 , 0 , 0
5026 , 0 , 1000 , 633.784 , 0 , 0 , 0
5027 , 0 , 1000 , 633.653 , 0 , 0 , 0
5028 , 0 , 1000 , 633.522 , 0 , 0 , 0
5029 , 0 , 1000 , 633.392 , 0 , 0 , 0
5030 , 0 , 1000 , 633.262 , 0 , 0 , 0
5031 , 0 , 1000 , 633.132 , 0 , 0 , 0
5032 , 0 , 1000 , 633.002 , 0 , 0 , 0
5033 , 0 , 1000 , 632.872 , 0 , 0 , 0
5034 , 0 , 1000 , 632.742 , 0 , 0 , 0
5035 , 0 , 1000 , 632.613 , 0 , 0 , 0
5036 , 0 , 1000 , 632.484 , 0 , 0 , 0
5037 , 0 , 1000 , 632.355 , 0 , 0 , 0
5038 , 0 , 1000 , 632.226 , 0 , 0 , 0
5039 , 0 , 1000 , 632.098 , 0 , 0 , 0
5040 , 0 , 1000 , 631.969 , 0 , 0 , 0
5041 , 0 , 1000 , 631.841 , 0 , 0 , 0
5042 , 0 , 1000 , 631.713 , 0 , 0 , 0
5043 , 0 , 1000 , 631.585 , 0 , 0 , 0
5044 , 0 , 1000 , 631.458 , 0 , 0 , 0
5045 , 0 , 1000 , 631.33 , 0 , 0 , 0
5046 , 0 , 1000 , 631.203 , 0 , 0 , 0
5047 , 0 , 1000 , 631.076 , 0 , 0 , 0
5048 , 0 , 1000 , 630.949 , 0 , 0 , 0
5049 , 0 , 1000 , 630.822 , 0 , 0 , 0
5050 , 0 , 1000 , 630.696 , 0 , 0 , 0
5051 , 0 , 1000 , 630.569 , 0 , 0 , 0
5052 , 0 , 1000 , 630.443 , 0 , 0 , 0
5053 , 0 , 1000 , 630.317 , 0 , 0 , 0
5054 , 0 , 1000 , 630.191 , 0 , 0 , 0
5055 , 0 , 1000 , 630.066 , 0 , 0 , 0
5056 , 0 , 1000 , 629.94 , 0 , 0 , 0
5057 , 0 , 1000 , 629.815 , 0 , 0 , 0
5058 , 0 , 1000 , 629.69 , 0 , 0 , 0
5059 , 0 , 1000 , 629.565 , 0 , 0 , 0
5060 , 0 , 1000 , 629.441 , 0 , 0 , 0
5061 , 0 , 1000 , 629.316 , 0 , 0 , 0
5062 , 0 , 1000 , 629.192 , 0 , 0 , 0
5063 , 0 , 1000 , 629.068 , 0 , 0 , 0
5064 , 0 , 1000 , 628.944 , 0 , 0 , 0
5065 , 0 , 1000 , 628.821 , 0 , 0 , 0
5066 , 0 , 1000 , 628.697 , 0 , 0 , 0
5067 , 0 , 1000 , 628.574 , 0 , 0 , 0
5068 , 0 , 1000 , 628.451 , 0 , 0 , 0
5069 , 0 , 1000 , 628.328 , 0 , 0 , 0
5070 , 0 , 1000 , 628.205 , 0 , 0 , 0
5071 , 0 , 1000 , 628.083 , 0 , 0 , 0
5072 , 0 , 1000 , 627.961 , 0 , 0 , 0
5073 , 0 , 1000 , 627.838 , 0 , 0 , 0
5074 , 0 , 1000 , 627.716 , 0 , 0 , 0
5075 , 0 , 1000 , 627.595 , 0 , 0 , 0
5076 , 0 , 1000 , 627.473 , 0 , 0 , 0
5077 , 0 , 1000 , 627.352 , 0 , 0 , 0
5078 , 0 , 1000 , 627.231 , 0 , 0 , 0
5079 , 0 , 1000 , 627.11 , 0 , 0 , 0
5080 , 0 , 1000 , 626.989 , 0 , 0 , 0
5081 , 0 , 1000 , 626.868 , 0 , 0 , 0
5082 , 0 , 1000 , 626.748 , 0 , 0 , 0
5083 , 0 , 1000 , 626.628 , 0 , 0 , 0
5084 , 0 , 1000 , 626.508 , 0 , 0 , 0
5085 , 0 , 1000 , 626.388 , 0 , 0 , 0
5086 , 0 , 1000 , 626.268 , 0 , 0 , 0
5087 , 0 , 1000 , 626.149 , 0 , 0 , 0
5088 , 0 , 1000 , 626.03 , 0 , 0 , 0
5089 , 0 , 1000 , 625.911 , 0 , 0 , 0
5090 , 0 , 1000 , 625.792 , 0 , 0 , 0
5091 , 0 , 1000 , 625.673 , 0 , 0 , 0
5092 , 0 , 1000 , 625.555 , 0 , 0 , 0
5093 , 0 , 1000 , 625.437 , 0 , 0 , 0
5094 , 0 , 1000 , 625.319 , 0 , 0 , 0
5095 , 0 , 1000 , 625.201 , 0 , 0 , 0
5096 , 0 , 1000 , 625.083 , 0 , 0 , 0
5097 , 0 , 1000 , 624.966 , 0 , 0 , 0
5098 , 0 , 1000 , 624.849 , 0 , 0 , 0
5099 , 0 , 1000 , 624.732 , 0 , 0 , 0
5100 , 0 , 1000 , 624.615 , 0 , 0 , 0
5101 , 0 , 1000 , 624.498 , 0 , 0 , 0
5102 , 0 , 1000 , 624.381 , 0 , 0 , 0
5103 , 0 , 1000 , 624.265 , 0 , 0 , 0
5104 , 0 , 1000 , 624.149 , 0 , 0 , 0
5105 , 0 , 1000 , 624.033 , 0 , 0 , 0
5106 , 0 , 1000 , 623.918 , 0 , 0 , 0
5107 , 0 , 1000 , 623.802 , 0 , 0 , 0
5108 , 0 , 1000 , 623.687 , 0 , 0 , 0
5109 , 0 , 1000 , 623.572 , 0 , 0 , 0
5110 , 0 , 1000 , 623.457 , 0 , 0 , 0
5111 , 0 , 1000 , 623.342 , 0 , 0 , 0
5112 , 0 , 1000 , 623.228 , 0 , 0 , 0
5113 , 0 , 1000 , 623.113 , 0 , 0 , 0
5114 , 0 , 1000 , 622.999 , 0 , 0 , 0
5115 , 0 , 1000 , 622.885 , 0 , 0 , 0
5116 , 0 , 1000 , 622.771 , 0 , 0 , 0
5117 , 0 , 1000 , 622.658 , 0 , 0 , 0
5118 , 0 , 1000 , 622.545 , 0 , 0 , 0
5119 , 0 , 1000 , 622.431 , 0 , 0 , 0
5120 , 0 , 1000 , 622.318 , 0 , 0 , 0
5121 , 0 , 1000 , 622.206 , 0 , 0 , 0
5122 , 0 , 1000 , 622.093 , 0 , 0 , 0
5123 , 0 , 1000 , 621.981 , 0 , 0 , 0
5124 , 0 , 1000 , 621.869 , 0 , 0 , 0
5125 , 0 , 1000 , 621.757 , 0 , 0 , 0
5126 , 0 , 1000 , 621.645 , 0 , 0 , 0
5127 , 0 , 1000 , 621.533 , 0 , 0 , 0
5128 , 0 , 1000 , 621.422 , 0 , 0 , 0
5129 , 0 , 1000 , 621.311 , 0 , 0 , 0
5130 , 0 , 1000 , 621.2 , 0 , 0 , 0
5131 , 0 , 1000 , 621.089 , 0 , 0 , 0
5132 , 0 , 1000 , 620.978 , 0 , 0 , 0
5133 , 0 , 1000 , 620.868 , 0 , 0 , 0
5134 , 0 , 1000 , 620.758 , 0 , 0 , 0
5135 , 0 , 1000 , 620.648 , 0 , 0 , 0
5136 , 0 , 1000 , 620.538 , 0 , 0 , 0
5137 , 0 , 1000 , 620.428 , 0 , 0 , 0
5138 , 0 , 1000 , 620.319 , 0 , 0 , 0
5139 , 0 , 1000 , 620.21 , 0 , 0 , 0
5140 , 0 , 1000 , 620.101 , 0 , 0 , 0
5141 , 0 , 1000 , 619.992 , 0 , 0 , 0
5142 , 0 , 1000 , 619.883 , 0 , 0 , 0
5143 , 0 , 1000 , 619.775 , 0 , 0 , 0
5144 , 0 , 1000 , 619.666 , 0 , 0 , 0
5145 , 0 , 1000 , 619.558 , 0 , 0 , 0
5146 , 0 , 1000 , 619.45 , 0 , 0 , 0
5147 , 0 , 1000 , 619.343 , 0 , 0 , 0
5148 , 0 , 1000 , 619.235 , 0 , 0 , 0
5149 , 0 , 1000 , 619.128 , 0 , 0 , 0
5150 , 0 , 1000 , 619.021 , 0 , 0 , 0
5151 , 0 , 1000 , 618.914 , 0 , 0 , 0
5152 , 0 , 1000 , 618.807 , 0 , 0 , 0
5153 , 0 , 1000 , 618.7 , 0 , 0 , 0
5154 , 0 , 1000 , 618.594 , 0 , 0 , 0
5155 , 0 , 1000 , 618.488 , 0 , 0 , 0
5156 , 0 , 1000 , 618.382 , 0 , 0 , 0
5157 , 0 , 1000 , 618.276 , 0 , 0 , 0
5158 , 0 , 1000 , 618.17 , 0 , 0 , 0
5159 , 0 , 1000 , 618.065 , 0 , 0 , 0
5160 , 0 , 1000 , 617.96 , 0 , 0 , 0
5161 , 0 , 1000 , 617.855 , 0 , 0 , 0
5162 , 0 , 1000 , 617.75 , 0 , 0 , 0
5163 , 0 , 1000 , 617.645 , 0 , 0 , 0
5164 , 0 , 1000 , 617.54 , 0 , 0 , 0
5165 , 0 , 1000 , 617.436 , 0 , 0 , 0
5166 , 0 , 1000 , 617.332 , 0 , 0 , 0
5167 , 0 , 1000 , 617.228 , 0 , 0 , 0
5168 , 0 , 1000 , 617.124 , 0 , 0 , 0
5169 , 0 , 1000 , 617.021 , 0 , 0 , 0
5170 , 0 , 1000 , 616.917 , 0 , 0 , 0
5171 , 0 , 1000 , 616.814 , 0 , 0 , 0
5172 , 0 , 1000 , 616.711 , 0 , 0 , 0
5173 , 0 , 1000 , 616.608 , 0 , 0 , 0
5174 , 0 , 1000 , 616.505 , 0 , 0 , 0
5175 , 0 , 1000 , 616.402 , 0 , 0 , 0
5176 , 0 , 1000 , 616.3 , 0 , 0 , 0
5177 , 0 , 1000 , 616.198 , 0 , 0 , 0
5178 , 0 , 1000 , 616.096 , 0 , 0 , 0
5179 , 0 , 1000 , 615.994 , 0 , 0 , 0
5180 , 0 , 1000 , 615.892 , 0 , 0 , 0
5181 , 0 , 1000 , 615.79 , 0 , 0 , 0
5182 , 0 , 1000 , 615.689 , 0 , 0 , 0
5183 , 0 , 1000 , 615.588 , 0 , 0 , 0
5184 , 0 , 1000 , 615.487 , 0 , 0 , 0
5185 , 0 , 1000 , 615.386 , 0 , 0 , 0
5186 , 0 , 1000 , 615.285 , 0 , 0 , 0
5187 , 0 , 1000 , 615.184 , 0 , 0 , 0
5188 , 0 , 1000 , 615.084 , 0 , 0 , 0
5189 , 0 , 1000 , 614.984 , 0 , 0 , 0
5190 , 0 , 1000 , 614.883 , 0 , 0 , 0
5191 , 0 , 1000 , 614.783 , 0 , 0 , 0
5192 , 0 , 1000 , 614.684 , 0 , 0 , 0
5193 , 0 , 1000 , 614.584 , 0 , 0 , 0
5194 , 0 , 1000 , 614.485 , 0 , 0 , 0
5195 , 0 , 1000 , 614.385 , 0 , 0 , 0
5196 , 0 , 1000 , 614.286 , 0 , 0 , 0
5197 , 0 , 1000 , 614.187 , 0 , 0 , 0
5198 , 0 , 1000 , 614.088 , 0 , 0 , 0
5199 , 0 , 1000 , 613.99 , 0 , 0 , 0
5200 , 0 , 1000 , 613.891 , 0 , 0 , 0
5201 , 0 , 1000 , 613.793 , 0 , 0 , 0
5202 , 0 , 1000 , 613.695 , 0 , 0 , 0
5203 , 0 , 1000 , 613.596 , 0 , 0 , 0
5204 , 0 , 1000 , 613.499 , 0 , 0 , 0
5205 , 0 , 1000 , 613.401 , 0 , 0 , 0
5206 , 0 , 1000 , 613.303 , 0 , 0 , 0
5207 , 0 , 1000 , 613.206 , 0 , 0 , 0
5208 , 0 , 1000 , 613.109 , 0 , 0 , 0
5209 , 0 , 1000 , 613.011 , 0 , 0 , 0
5210 , 0 , 1000 , 612.914 , 0 , 0 , 0
5211 , 0 , 1000 , 612.818 , 0 , 0 , 0
5212 , 0 , 1000 , 612.721 , 0 , 0 , 0
5213 , 0 , 1000 , 612.625 , 0 , 0 , 0
5214 , 0 , 1000 , 612.528 , 0 , 0 , 0
5215 , 0 , 1000 , 612.432 , 0 , 0 , 0
5216 , 0 , 1000 , 612.336 , 0 , 0 , 0
5217 , 0 , 1000 , 612.24 , 0 , 0 , 0
5218 , 0 , 1000 , 612.144 , 0 , 0 , 0
5219 , 0 , 1000 , 612.049 , 0 , 0 , 0
5220 , 0 , 1000 , 611.953 , 0 , 0 , 0
5221 , 0 , 1000 , 611.858 , 0 , 0 , 0
5222 , 0 , 1000 , 611.763 , 0 , 0 , 0
5223 , 0 , 1000 , 611.668 , 0 , 0 , 0
5224 , 0 , 1000 , 611.573 , 0 , 0 , 0
5225 , 0 , 1000 , 611.479 , 0 , 0 , 0
5226 , 0 , 1000 , 611.384 , 0 , 0 , 0
5227 , 0 , 1000 , 611.29 , 0 , 0 , 0
5228 , 0 , 1000 , 611.196 , 0 , 0 , 0
5229 , 0 , 1000 , 611.102 , 0 , 0 , 0
5230 , 0 , 1000 , 611.008 , 0 , 0 , 0
5231 , 0 , 1000 , 610.914 , 0 , 0 , 0
5232 , 0 , 1000 , 610.82 , 0 , 0 , 0
5233 , 0 , 1000 , 610.727 , 0 , 0 , 0
5234 , 0 , 1000 , 610.634 , 0 , 0 , 0
5235 , 0 , 1000 , 610.541 , 0 , 0 , 0
5236 , 0 , 1000 , 610.448 , 0 , 0 , 0
5237 , 0 , 1000 , 610.355 , 0 , 0 , 0
5238 , 0 , 1000 , 610.263 , 0 , 0 , 0
5239 , 0 , 1000 , 610.17 , 0 , 0 , 0
5240 , 0 , 1000 , 610.078 , 0 , 0 , 0
5241 , 0 , 1000 , 609.986 , 0 , 0 , 0
5242 , 0 , 1000 , 609.894 , 0 , 0 , 0
5243 , 0 , 1000 , 609.802 , 0 , 0 , 0
5244 , 0 , 1000 , 609.71 , 0 , 0 , 0
5245 , 0 , 1000 , 609.619 , 0 , 0 , 0
5246 , 0 , 1000 , 609.528 , 0 , 0 , 0
5247 , 0 , 1000 , 609.436 , 0 , 0 , 0
5248 , 0 , 1000 , 609.345 , 0 , 0 , 0
5249 , 0 , 1000 , 609.255 , 0 , 0 , 0
5250 , 0 , 1000 , 609.164 , 0 , 0 , 0
5251 , 0 , 1000 , 609.073 , 0 , 0 , 0
5252 , 0 , 1000 , 608.983 , 0 , 0 , 0
5253 , 0 , 1000 , 608.893 , 0 , 0 , 0
5254 , 0 , 1000 , 608.803 , 0 , 0 , 0
5255 , 0 , 1000 , 608.713 , 0 , 0 , 0
5256 , 0 , 1000 , 608.623 , 0 , 0 , 0
5257 , 0 , 1000 , 608.534 , 0 , 0 , 0
5258 , 0 , 1000 , 608.444 , 0 , 0 , 0
5259 , 0 , 1000 , 608.355 , 0 , 0 , 0
5260 , 0 , 1000 , 608.266 , 0 , 0 , 0
5261 , 0 , 1000 , 608.177 , 0 , 0 , 0
5262 , 0 , 1000 , 608.088 , 0 , 0 , 0
5263 , 0 , 1000 , 608 , 0 , 0 , 0
5264 , 0 , 1000 , 607.911 , 0 , 0 , 0
5265 , 0 , 1000 , 607.823 , 0 , 0 , 0
5266 , 0 , 1000 , 607.735 , 0 , 0 , 0
5267 , 0 , 1000 , 607.647 , 0 , 0 , 0
5268 , 0 , 1000 , 607.559 , 0 , 0 , 0
5269 , 0 , 1000 , 607.472 , 0 , 0 , 0
5270 , 0 , 1000 , 607.384 , 0 , 0 , 0
5271 , 0 , 1000 , 607.297 , 0 , 0 , 0
5272 , 0 , 1000 , 607.21 , 0 , 0 , 0
5273 , 0 , 1000 , 607.123 , 0 , 0 , 0
5274 , 0 , 1000 , 607.036 , 0 , 0 , 0
5275 , 0 , 1000 , 606.949 , 0 , 0 , 0
5276 , 0 , 1000 , 606.863 , 0 , 0 , 0
5277 , 0 , 1000 , 606.776 , 0 , 0 , 0
5278 , 0 , 1000 , 606.69 , 0 , 0 , 0
5279 , 0 , 1000 , 606.604 , 0 , 0 , 0
5280 , 0 , 1000 , 606.518 , 0 , 0 , 0
5281 , 0 , 1000 , 606.433 , 0 , 0 , 0
5282 , 0 , 1000 , 606.347 , 0 , 0 , 0
5283 , 0 , 1000 , 606.262 , 0 , 0 , 0
5284 , 0 , 1000 , 606.177 , 0 , 0 , 0
5285 , 0 , 1000 , 606.091 , 0 , 0 , 0
5286 , 0 , 1000 , 606.007 , 0 , 0 , 0
5287 , 0 , 1000 , 605.922 , 0 , 0 , 0
5288 , 0 , 1000 , 605.837 , 0 , 0 , 0
5289 , 0 , 1000 , 605.753 , 0 , 0 , 0
5290 , 0 , 1000 , 605.668 , 0 , 0 , 0
5291 , 0 , 1000 , 605.584 , 0 , 0 , 0
5292 , 0 , 1000 , 605.5 , 0 , 0 , 0
5293 , 0 , 1000 , 605.416 , 0 , 0 , 0
5294 , 0 , 1000 , 605.333 , 0 , 0 , 0
5295 , 0 , 1000 , 605.249 , 0 , 0 , 0
5296 , 0 , 1000 , 605.166 , 0 , 0 , 0
5297 , 0 , 1000 , 605.083 , 0 , 0 , 0
5298 , 0 , 1000 , 605 , 0 , 0 , 0
5299 , 0 , 1000 , 604.917 , 0 , 0 , 0
5300 , 0 , 1000 , 604.834 , 0 , 0 , 0
5301 , 0 , 1000 , 604.751 , 0 , 0 , 0
5302 , 0 , 1000 , 604.669 , 0 , 0 , 0
5303 , 0 , 1000 , 604.586 , 0 , 0 , 0
5304 , 0 , 1000 , 604.504 , 0 , 0 , 0
5305 , 0 , 1000 , 604.422 , 0 , 0 , 0
5306 , 0 , 1000 , 604.34 , 0 , 0 , 0
5307 , 0 , 1000 , 604.259 , 0 , 0 , 0
5308 , 0 , 1000 , 604.177 , 0 , 0 , 0
5309 , 0 , 1000 , 604.096 , 0 , 0 , 0
5310 , 0 , 1000 , 604.014 , 0 , 0 , 0
5311 , 0 , 1000 , 603.933 , 0 , 0 , 0
5312 , 0 , 1000 , 603.852 , 0 , 0 , 0
5313 , 0 , 1000 , 603.771 , 0 , 0 , 0
5314 , 0 , 1000 , 603.691 , 0 , 0 , 0
5315 , 0 , 1000 , 603.61 , 0 , 0 , 0
5316 , 0 , 1000 , 603.53 , 0 , 0 , 0
5317 , 0 , 1000 , 603.45 , 0 , 0 , 0
5318 , 0 , 1000 , 603.369 , 0 , 0 , 0
5319 , 0 , 1000 , 603.289 , 0 , 0 , 0
5320 , 0 , 1000 , 603.21 , 0 , 0 , 0
5321 , 0 , 1000 , 603.13 , 0 , 0 , 0
5322 , 0 , 1000 , 603.051 , 0 , 0 , 0
5323 , 0 , 1000 , 602.971 , 0 , 0 , 0
5324 , 0 , 1000 , 602.892 , 0 , 0 , 0
5325 , 0 , 1000 , 602.813 , 0 , 0 , 0
5326 , 0 , 1000 , 602.734 , 0 , 0 , 0
5327 , 0 , 1000 , 602.655 , 0 , 0 , 0
5328 , 0 , 1000 , 602.576 , 0 , 0 , 0
5329 , 0 , 1000 , 602.498 , 0 , 0 , 0
5330 , 0 , 1000 , 602.419 , 0 , 0 , 0
5331 , 0 , 1000 , 602.341 , 0 , 0 , 0
5332 , 0 , 1000 , 602.263 , 0 , 0 , 0
5333 , 0 , 1000 , 602.185 , 0 , 0 , 0
5334 , 0 , 1000 , 602.107 , 0 , 0 , 0
5335 , 0 , 1000 , 602.029 , 0 , 0 , 0
5336 , 0 , 1000 , 601.952 , 0 , 0 , 0
5337 , 0 , 1000 , 601.874 , 0 , 0 , 0
5338 , 0 , 1000 , 601.797 , 0 , 0 , 0
5339 , 0 , 1000 , 601.72 , 0 , 0 , 0
5340 , 0 , 1000 , 601.643 , 0 , 0 , 0
5341 , 0 , 1000 , 601.566 , 0 , 0 , 0
5342 , 0 , 1000 , 601.489 , 0 , 0 , 0
5343 , 0 , 1000 , 601.413 , 0 , 0 , 0
5344 , 0 , 1000 , 601.336 , 0 , 0 , 0
5345 , 0 , 1000 , 601.26 , 0 , 0 , 0
5346 , 0 , 1000 , 601.184 , 0 , 0 , 0
5347 , 0 , 1000 , 601.108 , 0 , 0 , 0
5348 , 0 , 1000 , 601.032 , 0 , 0 , 0
5349 , 0 , 1000 , 600.956 , 0 , 0 , 0
5350 , 0 , 1000 , 600.88 , 0 , 0 , 0
5351 , 0 , 1000 , 600.805 , 0 , 0 , 0
5352 , 0 , 1000 , 600.729 , 0 , 0 , 0
5353 , 0 , 1000 , 600.654 , 0 , 0 , 0
5354 , 0 , 1000 , 600.579 , 0 , 0 , 0
5355 , 0 , 1000 , 600.504 , 0 , 0 , 0
5356 , 0 , 1000 , 600.429 , 0 , 0 , 0
5357 , 0 , 1000 , 600.354 , 0 , 0 , 0
5358 , 0 , 1000 , 600.279 , 0 , 0 , 0
5359 , 0 , 1000 , 600.205 , 0 , 0 , 0
5360 , 0 , 1000 , 600.13 , 0 , 0 , 0
5361 , 0 , 1000 , 600.056 , 0 , 0 , 0
5362 , 0 , 1000 , 599.982 , 0 , 0 , 0
5363 , 0 , 1000 , 599.908 , 0 , 0 , 0
5364 , 0 , 1000 , 599.834 , 0 , 0 , 0
5365 , 0 , 1000 , 599.76 , 0 , 0 , 0
5366 , 0 , 1000 , 599.687 , 0 , 0 , 0
5367 , 0 , 1000 , 599.613 , 0 , 0 , 0
5368 , 0 , 1000 , 599.54 , 0 , 0 , 0
5369 , 0 , 1000 , 599.466 , 0 , 0 , 0
5370 , 0 , 1000 , 599.393 , 0 , 0 , 0
5371 , 0 , 1000 , 599.32 , 0 , 0 , 0
5372 , 0 , 1000 , 599.247 , 0 , 0 , 0
5373 , 0 , 1000 , 599.174 , 0 , 0 , 0
5374 , 0 , 1000 , 599.102 , 0 , 0 , 0
5375 , 0 , 1000 , 599.029 , 0 , 0 , 0
5376 , 0 , 1000 , 598.957 , 0 , 0 , 0
5377 , 0 , 1000 , 598.885 , 0 , 0 , 0
5378 , 0 , 1000 , 598.812 , 0 , 0 , 0
5379 , 0 , 1000 , 598.74 , 0 , 0 , 0
5380 , 0 , 1000 , 598.668 , 0 , 0 , 0
5381 , 0 , 1000 , 598.596 , 0 , 0 , 0
5382 , 0 , 1000 , 598.525 , 0 , 0 , 0
5383 , 0 , 1000 , 598.453 , 0 , 0 , 0
5384 , 0 , 1000 , 598.382 , 0 , 0 , 0
5385 , 0 , 1000 , 598.31 , 0 , 0 , 0
5386 , 0 , 1000 , 598.239 , 0 , 0 , 0
5387 , 0 , 1000 , 598.168 , 0 , 0 , 0
5388 , 0 , 1000 , 598.097 , 0 , 0 , 0
5389 , 0 , 1000 , 598.026 , 0 , 0 , 0
5390 , 0 , 1000 , 597.955 , 0 , 0 , 0
5391 , 0 , 1000 , 597.884 , 0 , 0 , 0
5392 , 0 , 1000 , 597.813 , 0 , 0 , 0
5393 , 0 , 1000 , 597.743 , 0 , 0 , 0
5394 , 0 , 1000 , 597.673 , 0 , 0 , 0
5395 , 0 , 1000 , 597.602 , 0 , 0 , 0
5396 , 0 , 1000 , 597.532 , 0 , 0 , 0
5397 , 0 , 1000 , 597.462 , 0 , 0 , 0
5398 , 0 , 1000 , 597.392 , 0 , 0 , 0
5399 , 0 , 1000 , 597.322 , 0 , 0 , 0
5400 , 0 , 1000 , 597.253 , 0 , 0 , 0
5401 , 0 , 1000 , 597.183 , 0 , 0 , 0
5402 , 0 , 1000 , 597.113 , 0 , 0 , 0
5403 , 0 , 1000 , 597.044 , 0 , 0 , 0
5404 , 0 , 1000 , 596.975 , 0 , 0 , 0
5405 , 0 , 1000 , 596.905 , 0 , 0 , 0
5406 , 0 , 1000 , 596.836 , 0 , 0 , 0
5407 , 0 , 1000 , 596.767 , 0 , 0 , 0
5408 , 0 , 1000 , 596.698 , 0 , 0 , 0
5409 , 0 , 1000 , 596.63 , 0 , 0 , 0
5410 , 0 , 1000 , 596.561 , 0 , 0 , 0
5411 , 0 , 1000 , 596.492 , 0 , 0 , 0
5412 , 0 , 1000 , 596.424 , 0 , 0 , 0
5413 , 0 , 1000 , 596.355 , 0 , 0 , 0
5414 , 0 , 1000 , 596.287 , 0 , 0 , 0
5415 , 0 , 1000 , 596.219 , 0 , 0 , 0
5416 , 0 , 1000 , 596.151 , 0 , 0 , 0
5417 , 0 , 1000 , 596.083 , 0 , 0 , 0
5418 , 0 , 1000 , 596.015 , 0 , 0 , 0
5419 , 0 , 1000 , 595.947 , 0 , 0 , 0
5420 , 0 , 1000 , 595.879 , 0 , 0 , 0
5421 , 0 , 1000 , 595.812 , 0 , 0 , 0
5422 , 0 , 1000 , 595.744 , 0 , 0 , 0
5423 , 0 , 1000 , 595.677 , 0 , 0 , 0
5424 , 0 , 1000 , 595.609 , 0 , 0 , 0
5425 , 0 , 1000 , 595.542 , 0 , 0 , 0
5426 , 0 , 1000 , 595.475 , 0 , 0 , 0
5427 , 0 , 1000 , 595.408 , 0 , 0 , 0
5428 , 0 , 1000 , 595.341 , 0 , 0 , 0
5429 , 0 , 1000 , 595.274 , 0 , 0 , 0
5430 , 0 , 1000 , 595.207 , 0 , 0 , 0
5431 , 0 , 1000 , 595.141 , 0 , 0 , 0
5432 , 0 , 1000 , 595.074 , 0 , 0 , 0
5433 , 0 , 1000 , 595.008 , 0 , 0 , 0
5434 , 0 , 1000 , 594.941 , 0 , 0 , 0
5435 , 0 , 1000 , 594.875 , 0 , 0 , 0
5436 , 0 , 1000 , 594.809 , 0 , 0 , 0
5437 , 0 , 1000 , 594.742 , 0 , 0 , 0
5438 , 0 , 1000 , 594.676 , 0 , 0 , 0
5439 , 0 , 1000 , 594.61 , 0 , 0 , 0
5440 , 0 , 1000 , 594.545 , 0 , 0 , 0
5441 , 0 , 1000 , 594.479 , 0 , 0 , 0
5442 , 0 , 1000 , 594.413 , 0 , 0 , 0
5443 , 0 , 1000 , 594.347 , 0 , 0 , 0
5444 , 0 , 1000 , 594.282 , 0 , 0 , 0
5445 , 0 , 1000 , 594.216 , 0 , 0 , 0
5446 , 0 , 1000 , 594.151 , 0 , 0 , 0
5447 , 0 , 1000 , 594.086 , 0 , 0 , 0
5448 , 0 , 1000 , 594.021 , 0 , 0 , 0
5449 , 0 , 1000 , 593.955 , 0 , 0 , 0
5450 , 0 , 1000 , 593.89 , 0 , 0 , 0
5451 , 0 , 1000 , 593.825 , 0 , 0 , 0
5452 , 0 , 1000 , 593.76 , 0 , 0 , 0
5453 , 0 , 1000 , 593.696 , 0 , 0 , 0
5454 , 0 , 1000 , 593.631 , 0 , 0 , 0
5455 , 0 , 1000 , 593.566 , 0 , 0 , 0
5456 , 0 , 1000 , 593.502 , 0 , 0 , 0
5457 , 0 , 1000 , 593.437 , 0 , 0 , 0
5458 , 0 , 1000 , 593.373 , 0 , 0 , 0
5459 , 0 , 1000 , 593.308 , 0 , 0 , 0
5460 , 0 , 1000 , 593.244 , 0 , 0 , 0
5461 , 0 , 1000 , 593.18 , 0 , 0 , 0
5462 , 0 , 1000 , 593.116 , 0 , 0 , 0
5463 , 0 , 1000 , 593.052 , 0 , 0 , 0
5464 , 0 , 1000 , 592.988 , 0 , 0 , 0
5465 , 0 , 1000 , 592.924 , 0 , 0 , 0
5466 , 0 , 1000 , 592.86 , 0 , 0 , 0
5467 , 0 , 1000 , 592.797 , 0 , 0 , 0
5468 , 0 , 1000 , 592.733 , 0 , 0 , 0
5469 , 0 , 1000 , 592.669 , 0 , 0 , 0
5470 , 0 , 1000 , 592.606 , 0 , 0 , 0
5471 , 0 , 1000 , 592.542 , 0 , 0 , 0
5472 , 0 , 1000 , 592.479 , 0 , 0 , 0
5473 , 0 , 1000 , 592.416 , 0 , 0 , 0
5474 , 0 , 1000 , 592.353 , 0 , 0 , 0
5475 , 0 , 1000 , 592.289 , 0 , 0 , 0
5476 , 0 , 1000 , 592.226 , 0 , 0 , 0
5477 , 0 , 1000 , 592.163 , 0 , 0 , 0
5478 , 0 , 1000 , 592.101 , 0 , 0 , 0
5479 , 0 , 1000 , 592.038 , 0 , 0 , 0
5480 , 0 , 1000 , 591.975 , 0 , 0 , 0
5481 , 0 , 1000 , 591.912 , 0 , 0 , 0
5482 , 0 , 1000 , 591.85 , 0 , 0 , 0
5483 , 0 , 1000 , 591.787 , 0 , 0 , 0
5484 , 0 , 1000 , 591.724 , 0 , 0 , 0
5485 , 0 , 1000 , 591.662 , 0 , 0 , 0
5486 , 0 , 1000 , 591.6 , 0 , 0 , 0
5487 , 0 , 1000 , 591.537 , 0 , 0 , 0
5488 , 0 , 1000 , 591.475 , 0 , 0 , 0
5489 , 0 , 1000 , 591.413 , 0 , 0 , 0
5490 , 0 , 1000 , 591.351 , 0 , 0 , 0
5491 , 0 , 1000 , 591.289 , 0 , 0 , 0
5492 , 0 , 1000 , 591.227 , 0 , 0 , 0
5493 , 0 , 1000 , 591.165 , 0 , 0 , 0
5494 , 0 , 1000 , 591.103 , 0 , 0 , 0
5495 , 0 , 1000 , 591.041 , 0 , 0 , 0
5496 , 0 , 1000 , 590.979 , 0 , 0 , 0
5497 , 0 , 1000 , 590.918 , 0 , 0 , 0
5498 , 0 , 1000 , 590.856 , 0 , 0 , 0
5499 , 0 , 1000 , 590.795 , 0 , 0 , 0
5500 , 0 , 1000 , 590.733 , 0 , 0 , 0
5501 , 0 , 1000 , 590.672 , 0 , 0 , 0
5502 , 0 , 1000 , 590.61 , 0 , 0 , 0
5503 , 0 , 1000 , 590.549 , 0 , 0 , 0
5504 , 0 , 1000 , 590.488 , 0 , 0 , 0
5505 , 0 , 1000 , 590.427 , 0 , 0 , 0
5506 , 0 , 1000 , 590.366 , 0 , 0 , 0
5507 , 0 , 1000 , 590.304 , 0 , 0 , 0
5508 , 0 , 1000 , 590.243 , 0 , 0 , 0
5509 , 0 , 1000 , 590.183 , 0 , 0 , 0
5510 , 0 , 1000 , 590.122 , 0 , 0 , 0
5511 , 0 , 1000 , 590.061 , 0 , 0 , 0
5512 , 0 , 1000 , 590 , 0 , 0 , 0
5513 , 0 , 1000 , 589.939 , 0 , 0 , 0
5514 , 0 , 1000 , 589.879 , 0 , 0 , 0
5515 , 0 , 1000 , 589.818 , 0 , 0 , 0
5516 , 0 , 1000 , 589.758 , 0 , 0 , 0
5517 , 0 , 1000 , 589.697 , 0 , 0 , 0
5518 , 0 , 1000 , 589.637 , 0 , 0 , 0
5519 , 0 , 1000 , 589.576 , 0 , 0 , 0
5520 , 0 , 1000 , 589.516 , 0 , 0 , 0
5521 , 0 , 1000 , 589.456 , 0 , 0 , 0
5522 , 0 , 1000 , 589.396 , 0 , 0 , 0
5523 , 0 , 1000 , 589.335 , 0 , 0 , 0
5524 , 0 , 1000 , 589.275 , 0 , 0 , 0
5525 , 0 , 1000 , 589.215 , 0 , 0 , 0
5526 , 0 , 1000 , 589.155 , 0 , 0 , 0
5527 , 0 , 1000 , 589.095 , 0 , 0 , 0
5528 , 0 , 1000 , 589.035 , 0 , 0 , 0
5529 , 0 , 1000 , 588.975 , 0 , 0 , 0
5530 , 0 , 1000 , 588.916 , 0 , 0 , 0
5531 , 0 , 1000 , 588.856 , 0 , 0 , 0
5532 , 0 , 1000 , 588.796 , 0 , 0 , 0
5533 , 0 , 1000 , 588.737 , 0 , 0 , 0
5534 , 0 , 1000 , 588.677 , 0 , 0 , 0
5535 , 0 , 1000 , 588.618 , 0 , 0 , 0
5536 , 0 , 1000 , 588.558 , 0 , 0 , 0
5537 , 0 , 1000 , 588.499 , 0 , 0 , 0
5538 , 0 , 1000 , 588.439 , 0 , 0 , 0
5539 , 0 , 1000 , 588.38 , 0 , 0 , 0
5540 , 0 , 1000 , 588.321 , 0 , 0 , 0
5541 , 0 , 1000 , 588.261 , 0 , 0 , 0
5542 , 0 , 1000 , 588.202 , 0 , 0 , 0
5543 , 0 , 1000 , 588.143 , 0 , 0 , 0
5544 , 0 , 1000 , 588.084 , 0 , 0 , 0
5545 , 0 , 1000 , 588.025 , 0 , 0 , 0
5546 , 0 , 1000 , 587.966 , 0 , 0 , 0
5547 , 0 , 1000 , 587.907 , 0 , 0 , 0
5548 , 0 , 1000 , 587.848 , 0 , 0 , 0
5549 , 0 , 1000 , 587.789 , 0 , 0 , 0
5550 , 0 , 1000 , 587.73 , 0 , 0 , 0
5551 , 0 , 1000 , 587.672 , 0 , 0 , 0
5552 , 0 , 1000 , 587.613 , 0 , 0 , 0
5553 , 0 , 1000 , 587.554 , 0 , 0 , 0
5554 , 0 , 1000 , 587.496 , 0 , 0 , 0
5555 , 0 , 1000 , 587.437 , 0 , 0 , 0
5556 , 0 , 1000 , 587.379 , 0 , 0 , 0
5557 , 0 , 1000 , 587.32 , 0 , 0 , 0
5558 , 0 , 1000 , 587.262 , 0 , 0 , 0
5559 , 0 , 1000 , 587.203 , 0 , 0 , 0
5560 , 0 , 1000 , 587.145 , 0 , 0 , 0
5561 , 0 , 1000 , 587.087 , 0 , 0 , 0
5562 , 0 , 1000 , 587.028 , 0 , 0 , 0
5563 , 0 , 1000 , 586.97 , 0 , 0 , 0
5564 , 0 , 1000 , 586.912 , 0 , 0 , 0
5565 , 0 , 1000 , 586.854 , 0 , 0 , 0
5566 , 0 , 1000 , 586.796 , 0 , 0 , 0
5567 , 0 , 1000 , 586.738 , 0 , 0 , 0
5568 , 0 , 1000 , 586.68 , 0 , 0 , 0
5569 , 0 , 1000 , 586.622 , 0 , 0 , 0
5570 , 0 , 1000 , 586.564 , 0 , 0 , 0
5571 , 0 , 1000 , 586.506 , 0 , 0 , 0
5572 , 0 , 1000 , 586.448 , 0 , 0 , 0
5573 , 0 , 1000 , 586.391 , 0 , 0 , 0
5574 , 0 , 1000 , 586.333 , 0 , 0 , 0
5575 , 0 , 1000 , 586.275 , 0 , 0 , 0
5576 , 0 , 1000 , 586.217 , 0 , 0 , 0
5577 , 0 , 1000 , 586.16 , 0 , 0 , 0
5578 , 0 , 1000 , 586.102 , 0 , 0 , 0
5579 , 0 , 1000 , 586.045 , 0 , 0 , 0
5580 , 0 , 1000 , 585.987 , 0 , 0 , 0
5581 , 0 , 1000 , 585.93 , 0 , 0 , 0
5582 , 0 , 1000 , 585.873 , 0 , 0 , 0
5583 , 0 , 1000 , 585.815 , 0 , 0 , 0
5584 , 0 , 1000 , 585.758 , 0 , 0 , 0
5585 , 0 , 1000 , 585.701 , 0 , 0 , 0
5586 , 0 , 1000 , 585.643 , 0 , 0 , 0
5587 , 0 , 1000 , 585.586 , 0 , 0 , 0
5588 , 0 , 1000 , 585.529 , 0 , 0 , 0
5589 , 0 , 1000 , 585.472 , 0 , 0 , 0
5590 , 0 , 1000 , 585.415 , 0 , 0 , 0
5591 , 0 , 1000 , 585.358 , 0 , 0 , 0
5592 , 0 , 1000 , 585.301 , 0 , 0 , 0
5593 , 0 , 1000 , 585.244 , 0 , 0 , 0
5594 , 0 , 1000 , 585.187 , 0 , 0 , 0
5595 , 0 , 1000 , 585.13 , 0 , 0 , 0
5596 , 0 , 1000 , 585.073 , 0 , 0 , 0
5597 , 0 , 1000 , 585.017 , 0 , 0 , 0
5598 , 0 , 1000 , 584.96 , 0 , 0 , 0
5599 , 0 , 1000 , 584.903 , 0 , 0 , 0
5600 , 0 , 1000 , 584.847 , 0 , 0 , 0
5601 , 0 , 1000 , 584.79 , 0 , 0 , 0
5602 , 0 , 1000 , 584.733 , 0 , 0 , 0
5603 , 0 , 1000 , 584.677 , 0 , 0 , 0
5604 , 0 , 1000 , 584.62 , 0 , 0 , 0
5605 , 0 , 1000 , 584.564 , 0 , 0 , 0
5606 , 0 , 1000 , 584.508 , 0 , 0 , 0
5607 , 0 , 1000 , 584.451 , 0 , 0 , 0
5608 , 0 , 1000 , 584.395 , 0 , 0 , 0
5609 , 0 , 1000 , 584.339 , 0 , 0 , 0
5610 , 0 , 1000 , 584.282 , 0 , 0 , 0
5611 , 0 , 1000 , 584.226 , 0 , 0 , 0
5612 , 0 , 1000 , 584.17 , 0 , 0 , 0
5613 , 0 , 1000 , 584.114 , 0 , 0 , 0
5614 , 0 , 1000 , 584.058 , 0 , 0 , 0
5615 , 0 , 1000 , 584.002 , 0 , 0 , 0
5616 , 0 , 1000 , 583.946 , 0 , 0 , 0
5617 , 0 , 1000 , 583.89 , 0 , 0 , 0
5618 , 0 , 1000 , 583.834 , 0 , 0 , 0
5619 , 0 , 1000 , 583.778 , 0 , 0 , 0
5620 , 0 , 1000 , 583.722 , 0 , 0 , 0
5621 , 0 , 1000 , 583.666 , 0 , 0 , 0
5622 , 0 , 1000 , 583.61 , 0 , 0 , 0
5623 , 0 , 1000 , 583.555 , 0 , 0 , 0
5624 , 0 , 1000 , 583.499 , 0 , 0 , 0
5625 , 0 , 1000 , 583.443 , 0 , 0 , 0
5626 , 0 , 1000 , 583.388 , 0 , 0 , 0
5627 , 0 , 1000 , 583.332 , 0 , 0 , 0
5628 , 0 , 1000 , 583.276 , 0 , 0 , 0
5629 , 0 , 1000 , 583.221 , 0 , 0 , 0
5630 , 0 , 1000 , 583.165 , 0 , 0 , 0
5631 , 0 , 1000 , 583.11 , 0 , 0 , 0
5632 , 0 , 1000 , 583.055 , 0 , 0 , 0
5633 , 0 , 1000 , 582.999 , 0 , 0 , 0
5634 , 0 , 1000 , 582.944 , 0 , 0 , 0
5635 , 0 , 1000 , 582.889 , 0 , 0 , 0
5636 , 0 , 1000 , 582.833 , 0 , 0 , 0
5637 , 0 , 1000 , 582.778 , 0 , 0 , 0
5638 , 0 , 1000 , 582.723 , 0 , 0 , 0
5639 , 0 , 1000 , 582.668 , 0 , 0 , 0
5640 , 0 , 1000 , 582.613 , 0 , 0 , 0
5641 , 0 , 1000 , 582.558 , 0 , 0 , 0
5642 , 0 , 1000 , 582.503 , 0 , 0 , 0
5643 , 0 , 1000 , 582.448 , 0 , 0 , 0
5644 , 0 , 1000 , 582.393 , 0 , 0 , 0
5645 , 0 , 1000 , 582.338 , 0 , 0 , 0
5646 , 0 , 1000 , 582.283 , 0 , 0 , 0
5647 , 0 , 1000 , 582.228 , 0 , 0 , 0
5648 , 0 , 1000 , 582.173 , 0 , 0 , 0
5649 , 0 , 1000 , 582.118 , 0 , 0 , 0
5650 , 0 , 1000 , 582.064 , 0 , 0 , 0
5651 , 0 , 1000 , 582.009 , 0 , 0 , 0
5652 , 0 , 1000 , 581.954 , 0 , 0 , 0
5653 , 0 , 1000 , 581.9 , 0 , 0 , 0
5654 , 0 , 1000 , 581.845 , 0 , 0 , 0
5655 , 0 , 1000 , 581.791 , 0 , 0 , 0
5656 , 0 , 1000 , 581.736 , 0 , 0 , 0
5657 , 0 , 1000 , 581.682 , 0 , 0 , 0
5658 , 0 , 1000 , 581.627 , 0 , 0 , 0
5659 , 0 , 1000 , 581.573 , 0 , 0 , 0
5660 , 0 , 1000 , 581.518 , 0 , 0 , 0
5661 , 0 , 1000 , 581.464 , 0 , 0 , 0
5662 , 0 , 1000 , 581.41 , 0 , 0 , 0
5663 , 0 , 1000 , 581.356 , 0 , 0 , 0
5664 , 0 , 1000 , 581.301 , 0 , 0 , 0
5665 , 0 , 1000 , 581.247 , 0 , 0 , 0
5666 , 0 , 1000 , 581.193 , 0 , 0 , 0
5667 , 0 , 1000 , 581.139 , 0 , 0 , 0
5668 , 0 , 1000 , 581.085 , 0 , 0 , 0
5669 , 0 , 1000 , 581.031 , 0 , 0 , 0
5670 , 0 , 1000 , 580.977 , 0 , 0 , 0
5671 , 0 , 1000 , 580.923 , 0 , 0 , 0
5672 , 0 , 1000 , 580.869 , 0 , 0 , 0
5673 , 0 , 1000 , 580.815 , 0 , 0 , 0
5674 , 0 , 1000 , 580.762 , 0 , 0 , 0
5675 , 0 , 1000 , 580.708 , 0 , 0 , 0
5676 , 0 , 1000 , 580.654 , 0 , 0 , 0
5677 , 0 , 1000 , 580.6 , 0 , 0 , 0
5678 , 0 , 1000 , 580.547 , 0 , 0 , 0
5679 , 0 , 1000 , 580.493 , 0 , 0 , 0
5680 , 0 , 1000 , 580.44 , 0 , 0 , 0
5681 , 0 , 1000 , 580.386 , 0 , 0 , 0
5682 , 0 , 1000 , 580.332 , 0 , 0 , 0
5683 , 0 , 1000 , 580.279 , 0 , 0 , 0
5684 , 0 , 1000 , 580.226 , 0 , 0 , 0
5685 , 0 , 1000 , 580.172 , 0 , 0 , 0
5686 , 0 , 1000 , 580.119 , 0 , 0 , 0
5687 , 0 , 1000 , 580.066 , 0 , 0 , 0
5688 , 0 , 1000 , 580.012 , 0 , 0 , 0
5689 , 0 , 1000 , 579.959 , 0 , 0 , 0
5690 , 0 , 1000 , 579.906 , 0 , 0 , 0
5691 , 0 , 1000 , 579.853 , 0 , 0 , 0
5692 , 0 , 1000 , 579.8 , 0 , 0 , 0
5693 , 0 , 1000 , 579.747 , 0 , 0 , 0
5694 , 0 , 1000 , 579.694 , 0 , 0 , 0
5695 , 0 , 1000 , 579.641 , 0 , 0 , 0
5696 , 0 , 1000 , 579.588 , 0 , 0 , 0
5697 , 0 , 1000 , 579.535 , 0 , 0 , 0
5698 , 0 , 1000 , 579.482 , 0 , 0 , 0
5699 , 0 , 1000 , 579.429 , 0 , 0 , 0
5700 , 0 , 1000 , 579.376 , 0 , 0 , 0
5701 , 0 , 1000 , 579.324 , 0 , 0 , 0
5702 , 0 , 1000 , 579.271 , 0 , 0 , 0
5703 , 0 , 1000 , 579.218 , 0 , 0 , 0
5704 , 0 , 1000 , 579.166 , 0 , 0 , 0
5705 , 0 , 1000 , 579.113 , 0 , 0 , 0
5706 , 0 , 1000 , 579.061 , 0 , 0 , 0
5707 , 0 , 1000 , 579.008 , 0 , 0 , 0
5708 , 0 , 1000 , 578.956 , 0 , 0 , 0
5709 , 0 , 1000 , 578.903 , 0 , 0 , 0
5710 , 0 , 1000 , 578.851 , 0 , 0 , 0
5711 , 0 , 1000 , 578.799 , 0 , 0 , 0
5712 , 0 , 1000 , 578.747 , 0 , 0 , 0
5713 , 0 , 1000 , 578.694 , 0 , 0 , 0
5714 , 0 , 1000 , 578.642 , 0 , 0 , 0
5715 , 0 , 1000 , 578.59 , 0 , 0 , 0
5716 , 0 , 1000 , 578.538 , 0 , 0 , 0
5717 , 0 , 1000 , 578.486 , 0 , 0 , 0
5718 , 0 , 1000 , 578.434 , 0 , 0 , 0
5719 , 0 , 1000 , 578.382 , 0 , 0 , 0
5720 , 0 , 1000 , 578.33 , 0 , 0 , 0
5721 , 0 , 1000 , 578.279 , 0 , 0 , 0
5722 , 0 , 1000 , 578.227 , 0 , 0 , 0
5723 , 0 , 1000 , 578.175 , 0 , 0 , 0
5724 , 0 , 1000 , 578.123 , 0 , 0 , 0
5725 , 0 , 1000 , 578.072 , 0 , 0 , 0
5726 , 0 , 1000 , 578.02 , 0 , 0 , 0
5727 , 0 , 1000 , 577.969 , 0 , 0 , 0
5728 , 0 , 1000 , 577.917 , 0 , 0 , 0
5729 , 0 , 1000 , 577.866 , 0 , 0 , 0
5730 , 0 , 1000 , 577.814 , 0 , 0 , 0
5731 , 0 , 1000 , 577.763 , 0 , 0 , 0
5732 , 0 , 1000 , 577.712 , 0 , 0 , 0
5733 , 0 , 1000 , 577.66 , 0 , 0 , 0
5734 , 0 , 1000 , 577.609 , 0 , 0 , 0
5735 , 0 , 1000 , 577.558 , 0 , 0 , 0
5736 , 0 , 1000 , 577.507 , 0 , 0 , 0
5737 , 0 , 1000 , 577.456 , 0 , 0 , 0
5738 , 0 , 1000 , 577.405 , 0 , 0 , 0
5739 , 0 , 1000 , 577.354 , 0 , 0 , 0
5740 , 0 , 1000 , 577.303 , 0 , 0 , 0
5741 , 0 , 1000 , 577.252 , 0 , 0 , 0
5742 , 0 , 1000 , 577.201 , 0 , 0 , 0
5743 , 0 , 1000 , 577.151 , 0 , 0 , 0
5744 , 0 , 1000 , 577.1 , 0 , 0 , 0
5745 , 0 , 1000 , 577.049 , 0 , 0 , 0
5746 , 0 , 1000 , 576.999 , 0 , 0 , 0
5747 , 0 , 1000 , 576.948 , 0 , 0 , 0
5748 , 0 , 1000 , 576.898 , 0 , 0 , 0
5749 , 0 , 1000 , 576.847 , 0 , 0 , 0
5750 , 0 , 1000 , 576.797 , 0 , 0 , 0
5751 , 0 , 1000 , 576.747 , 0 , 0 , 0
5752 , 0 , 1000 , 576.696 , 0 , 0 , 0
5753 , 0 , 1000 , 576.646 , 0 , 0 , 0
5754 , 0 , 1000 , 576.596 , 0 , 0 , 0
5755 , 0 , 1000 , 576.546 , 0 , 0 , 0
5756 , 0 , 1000 , 576.496 , 0 , 0 , 0
5757 , 0 , 1000 , 576.446 , 0 , 0 , 0
5758 , 0 , 1000 , 576.396 , 0 , 0 , 0
5759 , 0 , 1000 , 576.346 , 0 , 0 , 0
5760 , 0 , 1000 , 576.296 , 0 , 0 , 0
5761 , 0 , 1000 , 576.246 , 0 , 0 , 0
5762 , 0 , 1000 , 576.196 , 0 , 0 , 0
5763 , 0 , 1000 , 576.146 , 0 , 0 , 0
5764 , 0 , 1000 , 576.097 , 0 , 0 , 0
5765 , 0 , 1000 , 576.047 , 0 , 0 , 0
5766 , 0 , 1000 , 575.997 , 0 , 0 , 0
5767 , 0 , 1000 , 575.948 , 0 , 0 , 0
5768 , 0 , 1000 , 575.898 , 0 , 0 , 0
5769 , 0 , 1000 , 575.849 , 0 , 0 , 0
5770 , 0 , 1000 , 575.799 , 0 , 0 , 0
5771 , 0 , 1000 , 575.75 , 0 , 0 , 0
5772 , 0 , 1000 , 575.701 , 0 , 0 , 0
5773 , 0 , 1000 , 575.652 , 0 , 0 , 0
5774 , 0 , 1000 , 575.602 , 0 , 0 , 0
5775 , 0 , 1000 , 575.553 , 0 , 0 , 0
5776 , 0 , 1000 , 575.504 , 0 , 0 , 0
5777 , 0 , 1000 , 575.455 , 0 , 0 , 0
5778 , 0 , 1000 , 575.406 , 0 , 0 , 0
5779 , 0 , 1000 , 575.357 , 0 , 0 , 0
5780 , 0 , 1000 , 575.308 , 0 , 0 , 0
5781 , 0 , 1000 , 575.26 , 0 , 0 , 0
5782 , 0 , 1000 , 575.211 , 0 , 0 , 0
5783 , 0 , 1000 , 575.162 , 0 , 0 , 0
5784 , 0 , 1000 , 575.113 , 0 , 0 , 0
5785 , 0 , 1000 , 575.065 , 0 , 0 , 0
5786 , 0 , 1000 , 575.016 , 0 , 0 , 0
5787 , 0 , 1000 , 574.968 , 0 , 0 , 0
5788 , 0 , 1000 , 574.919 , 0 , 0 , 0
5789 , 0 , 1000 , 574.871 , 0 , 0 , 0
5790 , 0 , 1000 , 574.823 , 0 , 0 , 0
5791 , 0 , 1000 , 574.774 , 0 , 0 , 0
5792 , 0 , 1000 , 574.726 , 0 , 0 , 0
5793 , 0 , 1000 , 574.678 , 0 , 0 , 0
5794 , 0 , 1000 , 574.629 , 0 , 0 , 0
5795 , 0 , 1000 , 574.581 , 0 , 0 , 0
5796 , 0 , 1000 , 574.533 , 0 , 0 , 0
5797 , 0 , 1000 , 574.485 , 0 , 0 , 0
5798 , 0 , 1000 , 574.437 , 0 , 0 , 0
5799 , 0 , 1000 , 574.389 , 0 , 0 , 0
5800 , 0 , 1000 , 574.342 , 0 , 0 , 0
5801 , 0 , 1000 , 574.294 , 0 , 0 , 0
5802 , 0 , 1000 , 574.246 , 0 , 0 , 0
5803 , 0 , 1000 , 574.198 , 0 , 0 , 0
5804 , 0 , 1000 , 574.151 , 0 , 0 , 0
5805 , 0 , 1000 , 574.103 , 0 , 0 , 0
5806 , 0 , 1000 , 574.056 , 0 , 0 , 0
5807 , 0 , 1000 , 574.008 , 0 , 0 , 0
5808 , 0 , 1000 , 573.961 , 0 , 0 , 0
5809 , 0 , 1000 , 573.913 , 0 , 0 , 0
5810 , 0 , 1000 , 573.866 , 0 , 0 , 0
5811 , 0 , 1000 , 573.819 , 0 , 0 , 0
5812 , 0 , 1000 , 573.772 , 0 , 0 , 0
5813 , 0 , 1000 , 573.724 , 0 , 0 , 0
5814 , 0 , 1000 , 573.677 , 0 , 0 , 0
5815 , 0 , 1000 , 573.63 , 0 , 0 , 0
5816 , 0 , 1000 , 573.583 , 0 , 0 , 0
5817 , 0 , 1000 , 573.536 , 0 , 0 , 0
5818 , 0 , 1000 , 573.489 , 0 , 0 , 0
5819 , 0 , 1000 , 573.442 , 0 , 0 , 0
5820 , 0 , 1000 , 573.396 , 0 , 0 , 0
5821 , 0 , 1000 , 573.349 , 0 , 0 , 0
5822 , 0 , 1000 , 573.302 , 0 , 0 , 0
5823 , 0 , 1000 , 573.256 , 0 , 0 , 0
5824 , 0 , 1000 , 573.209 , 0 , 0 , 0
5825 , 0 , 1000 , 573.162 , 0 , 0 , 0
5826 , 0 , 1000 , 573.116 , 0 , 0 , 0
5827 , 0 , 1000 , 573.07 , 0 , 0 , 0
5828 , 0 , 1000 , 573.023 , 0 , 0 , 0
5829 , 0 , 1000 , 572.977 , 0 , 0 , 0
5830 , 0 , 1000 , 572.931 , 0 , 0 , 0
5831 , 0 , 1000 , 572.885 , 0 , 0 , 0
5832 , 0 , 1000 , 572.839 , 0 , 0 , 0
5833 , 0 , 1000 , 572.792 , 0 , 0 , 0
5834 , 0 , 1000 , 572.746 , 0 , 0 , 0
5835 , 0 , 1000 , 572.7 , 0 , 0 , 0
5836 , 0 , 1000 , 572.654 , 0 , 0 , 0
5837 , 0 , 1000 , 572.609 , 0 , 0 , 0
5838 , 0 , 1000 , 572.563 , 0 , 0 , 0
5839 , 0 , 1000 , 572.517 , 0 , 0 , 0
5840 , 0 , 1000 , 572.471 , 0 , 0 , 0
5841 , 0 , 1000 , 572.426 , 0 , 0 , 0
5842 , 0 , 1000 , 572.38 , 0 , 0 , 0
5843 , 0 , 1000 , 572.335 , 0 , 0 , 0
5844 , 0 , 1000 , 572.289 , 0 , 0 , 0
5845 , 0 , 1000 , 572.244 , 0 , 0 , 0
5846 , 0 , 1000 , 572.198 , 0 , 0 , 0
5847 , 0 , 1000 , 572.153 , 0 , 0 , 0
5848 , 0 , 1000 , 572.108 , 0 , 0 , 0
5849 , 0 , 1000 , 572.063 , 0 , 0 , 0
5850 , 0 , 1000 , 572.018 , 0 , 0 , 0
5851 , 0 , 1000 , 571.973 , 0 , 0 , 0
5852 , 0 , 1000 , 571.928 , 0 , 0 , 0
5853 , 0 , 1000 , 571.883 , 0 , 0 , 0
5854 , 0 , 1000 , 571.838 , 0 , 0 , 0
5855 , 0 , 1000 , 571.793 , 0 , 0 , 0
5856 , 0 , 1000 , 571.748 , 0 , 0 , 0
5857 , 0 , 1000 , 571.703 , 0 , 0 , 0
5858 , 0 , 1000 , 571.659 , 0 , 0 , 0
5859 , 0 , 1000 , 571.614 , 0 , 0 , 0
5860 , 0 , 1000 , 571.569 , 0 , 0 , 0
5861 , 0 , 1000 , 571.525 , 0 , 0 , 0
5862 , 0 , 1000 , 571.481 , 0 , 0 , 0
5863 , 0 , 1000 , 571.436 , 0 , 0 , 0
5864 , 0 , 1000 , 571.392 , 0 , 0 , 0
5865 , 0 , 1000 , 571.348 , 0 , 0 , 0
5866 , 0 , 1000 , 571.303 , 0 , 0 , 0
5867 , 0 , 1000 , 571.259 , 0 , 0 , 0
5868 , 0 , 1000 , 571.215 , 0 , 0 , 0
5869 , 0 , 1000 , 571.171 , 0 , 0 , 0
5870 , 0 , 1000 , 571.127 , 0 , 0 , 0
5871 , 0 , 1000 , 571.083 , 0 , 0 , 0
5872 , 0 , 1000 , 571.039 , 0 , 0 , 0
5873 , 0 , 1000 , 570.996 , 0 , 0 , 0
5874 , 0 , 1000 , 570.952 , 0 , 0 , 0
5875 , 0 , 1000 , 570.908 , 0 , 0 , 0
5876 , 0 , 1000 , 570.865 , 0 , 0 , 0
5877 , 0 , 1000 , 570.821 , 0 , 0 , 0
5878 , 0 , 1000 , 570.778 , 0 , 0 , 0
5879 , 0 , 1000 , 570.734 , 0 , 0 , 0
5880 , 0 , 1000 , 570.691 , 0 , 0 , 0
5881 , 0 , 1000 , 570.648 , 0 , 0 , 0
5882 , 0 , 1000 , 570.604 , 0 , 0 , 0
5883 , 0 , 1000 , 570.561 , 0 , 0 , 0
5884 , 0 , 1000 , 570.518 , 0 , 0 , 0
5885 , 0 , 1000 , 570.475 , 0 , 0 , 0
5886 , 0 , 1000 , 570.432 , 0 , 0 , 0
5887 , 0 , 1000 , 570.389 , 0 , 0 , 0
5888 , 0 , 1000 , 570.346 , 0 , 0 , 0
5889 , 0 , 1000 , 570.303 , 0 , 0 , 0
5890 , 0 , 1000 , 570.26 , 0 , 0 , 0
5891 , 0 , 1000 , 570.218 , 0 , 0 , 0
5892 , 0 , 1000 , 570.175 , 0 , 0 , 0
5893 , 0 , 1000 , 570.132 , 0 , 0 , 0
5894 , 0 , 1000 , 570.09 , 0 , 0 , 0
5895 , 0 , 1000 , 570.047 , 0 , 0 , 0
5896 , 0 , 1000 , 570.005 , 0 , 0 , 0
5897 , 0 , 1000 , 569.962 , 0 , 0 , 0
5898 , 0 , 1000 , 569.92 , 0 , 0 , 0
5899 , 0 , 1000 , 569.878 , 0 , 0 , 0
5900 , 0 , 1000 , 569.836 , 0 , 0 , 0
5901 , 0 , 1000 , 569.793 , 0 , 0 , 0
5902 , 0 , 1000 , 569.751 , 0 , 0 , 0
5903 , 0 , 1000 , 569.709 , 0 , 0 , 0
5904 , 0 , 1000 , 569.667 , 0 , 0 , 0
5905 , 0 , 1000 , 569.625 , 0 , 0 , 0
5906 , 0 , 1000 , 569.583 , 0 , 0 , 0
5907 , 0 , 1000 , 569.542 , 0 , 0 , 0
5908 , 0 , 1000 , 569.5 , 0 , 0 , 0
5909 , 0 , 1000 , 569.458 , 0 , 0 , 0
5910 , 0 , 1000 , 569.417 , 0 , 0 , 0
5911 , 0 , 1000 , 569.375 , 0 , 0 , 0
5912 , 0 , 1000 , 569.333 , 0 , 0 , 0
5913 , 0 , 1000 , 569.292 , 0 , 0 , 0
5914 , 0 , 1000 , 569.25 , 0 , 0 , 0
5915 , 0 , 1000 , 569.209 , 0 , 0 , 0
5916 , 0 , 1000 , 569.168 , 0 , 0 , 0
5917 , 0 , 1000 , 569.126 , 0 , 0 , 0
5918 , 0 , 1000 , 569.085 , 0 , 0 , 0
5919 , 0 , 1000 , 569.044 , 0 , 0 , 0
5920 , 0 , 1000 , 569.003 , 0 , 0 , 0
5921 , 0 , 1000 , 568.962 , 0 , 0 , 0
5922 , 0 , 1000 , 568.921 , 0 , 0 , 0
5923 , 0 , 1000 , 568.88 , 0 , 0 , 0
5924 , 0 , 1000 , 568.839 , 0 , 0 , 0
5925 , 0 , 1000 , 568.798 , 0 , 0 , 0
5926 , 0 , 1000 , 568.757 , 0 , 0 , 0
5927 , 0 , 1000 , 568.717 , 0 , 0 , 0
5928 , 0 , 1000 , 568.676 , 0 , 0 , 0
5929 , 0 , 1000 , 568.635 , 0 , 0 , 0
5930 , 0 , 1000 , 568.595 , 0 , 0 , 0
5931 , 0 , 1000 , 568.554 , 0 , 0 , 0
5932 , 0 , 1000 , 568.514 , 0 , 0 , 0
5933 , 0 , 1000 , 568.474 , 0 , 0 , 0
5934 , 0 , 1000 , 568.433 , 0 , 0 , 0
5935 , 0 , 1000 , 568.393 , 0 , 0 , 0
5936 , 0 , 1000 , 568.353 , 0 , 0 , 0
5937 , 0 , 1000 , 568.312 , 0 , 0 , 0
5938 , 0 , 1000 , 568.272 , 0 , 0 , 0
5939 , 0 , 1000 , 568.232 , 0 , 0 , 0
5940 , 0 , 1000 , 568.192 , 0 , 0 , 0
5941 , 0 , 1000 , 568.152 , 0 , 0 , 0
5942 , 0 , 1000 , 568.113 , 0 , 0 , 0
5943 , 0 , 1000 , 568.073 , 0 , 0 , 0
5944 , 0 , 1000 , 568.033 , 0 , 0 , 0
5945 , 0 , 1000 , 567.993 , 0 , 0 , 0
5946 , 0 , 1000 , 567.954 , 0 , 0 , 0
5947 , 0 , 1000 , 567.914 , 0 , 0 , 0
5948 , 0 , 1000 , 567.875 , 0 , 0 , 0
5949 , 0 , 1000 , 567.835 , 0 , 0 , 0
5950 , 0 , 1000 , 567.796 , 0 , 0 , 0
5951 , 0 , 1000 , 567.756 , 0 , 0 , 0
5952 , 0 , 1000 , 567.717 , 0 , 0 , 0
5953 , 0 , 1000 , 567.678 , 0 , 0 , 0
5954 , 0 , 1000 , 567.639 , 0 , 0 , 0
5955 , 0 , 1000 , 567.6 , 0 , 0 , 0
5956 , 0 , 1000 , 567.561 , 0 , 0 , 0
5957 , 0 , 1000 , 567.522 , 0 , 0 , 0
5958 , 0 , 1000 , 567.483 , 0 , 0 , 0
5959 , 0 , 1000 , 567.444 , 0 , 0 , 0
5960 , 0 , 1000 , 567.405 , 0 , 0 , 0
5961 , 0 , 1000 , 567.366 , 0 , 0 , 0
5962 , 0 , 1000 , 567.328 , 0 , 0 , 0
5963 , 0 , 1000 , 567.289 , 0 , 0 , 0
5964 , 0 , 1000 , 567.25 , 0 , 0 , 0
5965 , 0 , 1000 , 567.212 , 0 , 0 , 0
5966 , 0 , 1000 , 567.174 , 0 , 0 , 0
5967 , 0 , 1000 , 567.135 , 0 , 0 , 0
5968 , 0 , 1000 , 567.097 , 0 , 0 , 0
5969 , 0 , 1000 , 567.059 , 0 , 0 , 0
5970 , 0 , 1000 , 567.02 , 0 , 0 , 0
5971 , 0 , 1000 , 566.982 , 0 , 0 , 0
5972 , 0 , 1000 , 566.944 , 0 , 0 , 0
5973 , 0 , 1000 , 566.906 , 0 , 0 , 0
5974 , 0 , 1000 , 566.868 , 0 , 0 , 0
5975 , 0 , 1000 , 566.831 , 0 , 0 , 0
5976 , 0 , 1000 , 566.793 , 0 , 0 , 0
5977 , 0 , 1000 , 566.755 , 0 , 0 , 0
5978 , 0 , 1000 , 566.717 , 0 , 0 , 0
5979 , 0 , 1000 , 566.68 , 0 , 0 , 0
5980 , 0 , 1000 , 566.642 , 0 , 0 , 0
5981 , 0 , 1000 , 566.605 , 0 , 0 , 0
5982 , 0 , 1000 , 566.568 , 0 , 0 , 0
5983 , 0 , 1000 , 566.53 , 0 , 0 , 0
5984 , 0 , 1000 , 566.493 , 0 , 0 , 0
5985 , 0 , 1000 , 566.456 , 0 , 0 , 0
5986 , 0 , 1000 , 566.419 , 0 , 0 , 0
5987 , 0 , 1000 , 566.382 , 0 , 0 , 0
5988 , 0 , 1000 , 566.345 , 0 , 0 , 0
5989 , 0 , 1000 , 566.308 , 0 , 0 , 0
5990 , 0 , 1000 , 566.271 , 0 , 0 , 0
5991 , 0 , 1000 , 566.234 , 0 , 0 , 0
5992 , 0 , 1000 , 566.197 , 0 , 0 , 0
5993 , 0 , 1000 , 566.161 , 0 , 0 , 0
5994 , 0 , 1000 , 566.124 , 0 , 0 , 0
5995 , 0 , 1000 , 566.087 , 0 , 0 , 0
5996 , 0 , 1000 , 566.051 , 0 , 0 , 0
5997 , 0 , 1000 , 566.014 , 0 , 0 , 0
5998 , 0 , 1000 , 565.978 , 0 , 0 , 0
5999 , 0 , 1000 , 565.942 , 0 , 0 , 0
6000 , 0 , 1000 , 565.906 , 0 , 0 , 0
