Step , TotalTime , T , P , Ux , Uy , Uz
1 , 0 , 1000 , 91.767 , 0 , 0 , 0
2 , 0 , 1000 , 110.978 , 0 , 0 , 0
3 , 0 , 1000 , 132.685 , 0 , 0 , 0
4 , 0 , 1000 , 156.799 , 0 , 0 , 0
5 , 0 , 1000 , 183.144 , 0 , 0 , 0
6 , 0 , 1000 , 211.469 , 0 , 0 , 0
7 , 0 , 1000 , 241.466 , 0 , 0 , 0
8 , 0 , 1000 , 272.797 , 0 , 0 , 0
9 , 0 , 1000 , 305.111 , 0 , 0 , 0
10 , 0 , 1000 , 338.07 , 0 , 0 , 0
11 , 0 , 1000 , 371.355 , 0 , 0 , 0
12 , 0 , 1000 , 404.682 , 0 , 0 , 0
13 , 0 , 1000 , 437.8 , 0 , 0 , 0
14 , 0 , 1000 , 470.499 , 0 , 0 , 0
15 , 0 , 1000 , 502.603 , 0 , 0 , 0
16 , 0 , 1000 , 533.971 , 0 , 0 , 0
17 , 0 , 1000 , 564.491 , 0 , 0 , 0
18 , 0 , 1000 , 594.078 , 0 , 0 , 0
19 , 0 , 1000 , 622.67 , 0 , 0 , 0
20 , 0 , 1000 , 650.223 , 0 , 0 , 0
21 , 0 , 1000 , 676.71 , 0 , 0 , 0
22 , 0 , 1000 , 702.117 , 0 , 0 , 0
23 , 0 , 1000 , 726.44 , 0 , 0 , 0
24 , 0 , 1000 , 749.685 , 0 , 0 , 0
25 , 0 , 1000 , 771.865 , 0 , 0 , 0
26 , 0 , 1000 , 792.997 , 0 , 0 , 0
27 , 0 , 1000 , 813.104 , 0 , 0 , 0
28 , 0 , 1000 , 832.212 , 0 , 0 , 0
29 , 0 , 1000 , 850.349 , 0 , 0 , 0
30 , 0 , 1000 , 867.546 , 0 , 0 , 0
31 , 0 , 1000 , 883.834 , 0 , 0 , 0
32 , 0 , 1000 , 899.245 , 0 , 0 , 0
33 , 0 , 1000 , 913.812 , 0 , 0 , 0
34 , 0 , 1000 , 927.568 , 0 , 0 , 0
35 , 0 , 1000 , 940.546 , 0 , 0 , 0
36 , 0 , 1000 , 952.779 , 0 , 0 , 0
37 , 0 , 1000 , 964.298 , 0 , 0 , 0
38 , 0 , 1000 , 975.134 , 0 , 0 , 0
39 , 0 , 1000 , 985.32 , 0 , 0 , 0
40 , 0 , 1000 , 994.883 , 0 , 0 , 0
41 , 0 , 1000 , 1003.85 , 0 , 0 , 0
42 , 0 , 1000 , 1012.26 , 0 , 0 , 0
43 , 0 , 1000 , 1020.13 , 0 , 0 , 0
44 , 0 , 1000 , 1027.49 , 0 , 0 , 0
45 , 0 , 1000 , 1034.37 , 0 , 0 , 0
46 , 0 , 1000 , 1040.78 , 0 , 0 , 0
47 , 0 , 1000 , 1046.76 , 0 , 0 , 0
48 , 0 , 1000 , 1052.32 , 0 , 0 , 0
49 , 0 , 1000 , 1057.49 , 0 , 0 , 0
50 , 0 , 1000 , 1062.29 , 0 , 0 , 0
51 , 0 , 1000 , 1066.74 , 0 , 0 , 0
52 , 0 , 1000 , 1070.85 , 0 , 0 , 0
53 , 0 , 1000 , 1074.65 , 0 , 0 , 0
54 , 0 , 1000 , 1078.16 , 0 , 0 , 0
55 , 0 , 1000 , 1081.38 , 0 , 0 , 0
56 , 0 , 1000 , 1084.34 , 0 , 0 , 0
57 , 0 , 1000 , 1087.05 , 0 , 0 , 0
58 , 0 , 1000 , 1089.53 , 0 , 0 , 0
59 , 0 , 1000 , 1091.78 , 0 , 0 , 0
60 , 0 , 1000 , 1093.83 , 0 , 0 , 0
61 , 0 , 1000 , 1095.68 , 0 , 0 , 0
62 , 0 , 1000 , 1097.35 , 0 , 0 , 0
63 , 0 , 1000 , 1098.85 , 0 , 0 , 0
64 , 0 , 1000 , 1100.19 , 0 , 0 , 0
65 , 0 , 1000 , 1101.37 , 0 , 0 , 0
66 , 0 , 1000 , 1102.42 , 0 , 0 , 0
67 , 0 , 1000 , 1103.33 , 0 , 0 , 0
68 , 0 , 1000 , 1104.12 , 0 , 0 , 0
69 , 0 , 1000 , 1104.79 , 0 , 0 , 0
70 , 0 , 1000 , 1105.36 , 0 , 0 , 0
71 , 0 , 1000 , 1105.83 , 0 , 0 , 0
72 , 0 , 1000 , 1106.2 , 0 , 0 , 0
73 , 0 , 1000 , 1106.49 , 0 , 0 , 0
74 , 0 , 1000 , 1106.7 , 0 , 0 , 0
75 , 0 , 1000 , 1106.84 , 0 , 0 , 0
76 , 0 , 1000 , 1106.9 , 0 , 0 , 0
77 , 0 , 1000 , 1106.91 , 0 , 0 , 0
78 , 0 , 1000 , 1106.85 , 0 , 0 , 0
79 , 0 , 1000 , 1106.74 , 0 , 0 , 0
80 , 0 , 1000 , 1106.59 , 0 , 0 , 0
81 , 0 , 1000 , 1106.38 , 0 , 0 , 0
82 , 0 , 1000 , 1106.14 , 0 , 0 , 0
83 , 0 , 1000 , 1105.86 , 0 , 0 , 0
84 , 0 , 1000 , 1105.55 , 0 , 0 , 0
85 , 0 , 1000 , 1105.2 , 0 , 0 , 0
86 , 0 , 1000 , 1104.83 , 0 , 0 , 0
87 , 0 , 1000 , 1104.43 , 0 , 0 , 0
88 , 0 , 1000 , 1104.01 , 0 , 0 , 0
89 , 0 , 1000 , 1103.57 , 0 , 0 , 0
90 , 0 , 1000 , 1103.11 , 0 , 0 , 0
91 , 0 , 1000 , 1102.64 , 0 , 0 , 0
92 , 0 , 1000 , 1102.15 , 0 , 0 , 0
93 , 0 , 1000 , 1101.66 , 0 , 0 , 0
94 , 0 , 1000 , 1101.15 , 0 , 0 , 0
95 , 0 , 1000 , 1100.64 , 0 , 0 , 0
96 , 0 , 1000 , 1100.12 , 0 , 0 , 0
97 , 0 , 1000 , 1099.59 , 0 , 0 , 0
98 , 0 , 1000 , 1099.07 , 0 , 0 , 0
99 , 0 , 1000 , 1098.53 , 0 , 0 , 0
100 , 0 , 1000 , 1098 , 0 , 0 , 0
101 , 0 , 1000 , 1097.47 , 0 , 0 , 0
102 , 0 , 1000 , 1096.93 , 0 , 0 , 0
103 , 0 , 1000 , 1096.4 , 0 , 0 , 0
104 , 0 , 1000 , 1095.87 , 0 , 0 , 0
105 , 0 , 1000 , 1095.34 , 0 , 0 , 0
106 , 0 , 1000 , 1094.82 , 0 , 0 , 0
107 , 0 , 1000 , 1094.29 , 0 , 0 , 0
108 , 0 , 1000 , 1093.77 , 0 , 0 , 0
109 , 0 , 1000 , 1093.26 , 0 , 0 , 0
110 , 0 , 1000 , 1092.75 , 0 , 0 , 0
111 , 0 , 1000 , 1092.24 , 0 , 0 , 0
112 , 0 , 1000 , 1091.74 , 0 , 0 , 0
113 , 0 , 1000 , 1091.24 , 0 , 0 , 0
114 , 0 , 1000 , 1090.75 , 0 , 0 , 0
115 , 0 , 1000 , 1090.26 , 0 , 0 , 0
116 , 0 , 1000 , 1089.78 , 0 , 0 , 0
117 , 0 , 1000 , 1089.31 , 0 , 0 , 0
118 , 0 , 1000 , 1088.84 , 0 , 0 , 0
119 , 0 , 1000 , 1088.37 , 0 , 0 , 0
120 , 0 , 1000 , 1087.91 , 0 , 0 , 0
121 , 0 , 1000 , 1087.46 , 0 , 0 , 0
122 , 0 , 1000 , 1087.01 , 0 , 0 , 0
123 , 0 , 1000 , 1086.57 , 0 , 0 , 0
124 , 0 , 1000 , 1086.13 , 0 , 0 , 0
125 , 0 , 1000 , 1085.7 , 0 , 0 , 0
126 , 0 , 1000 , 1085.28 , 0 , 0 , 0
127 , 0 , 1000 , 1084.86 , 0 , 0 , 0
128 , 0 , 1000 , 1084.44 , 0 , 0 , 0
129 , 0 , 1000 , 1084.03 , 0 , 0 , 0
130 , 0 , 1000 , 1083.63 , 0 , 0 , 0
131 , 0 , 1000 , 1083.23 , 0 , 0 , 0
132 , 0 , 1000 , 1082.83 , 0 , 0 , 0
133 , 0 , 1000 , 1082.44 , 0 , 0 , 0
134 , 0 , 1000 , 1082.06 , 0 , 0 , 0
135 , 0 , 1000 , 1081.68 , 0 , 0 , 0
136 , 0 , 1000 , 1081.3 , 0 , 0 , 0
137 , 0 , 1000 , 1080.93 , 0 , 0 , 0
138 , 0 , 1000 , 1080.56 , 0 , 0 , 0
139 , 0 , 1000 , 1080.2 , 0 , 0 , 0
140 , 0 , 1000 , 1079.84 , 0 , 0 , 0
141 , 0 , 1000 , 1079.49 , 0 , 0 , 0
142 , 0 , 1000 , 1079.14 , 0 , 0 , 0
143 , 0 , 1000 , 1078.79 , 0 , 0 , 0
144 , 0 , 1000 , 1078.45 , 0 , 0 , 0
145 , 0 , 1000 , 1078.11 , 0 , 0 , 0
146 , 0 , 1000 , 1077.77 , 0 , 0 , 0
147 , 0 , 1000 , 1077.44 , 0 , 0 , 0
148 , 0 , 1000 , 1077.11 , 0 , 0 , 0
149 , 0 , 1000 , 1076.78 , 0 , 0 , 0
150 , 0 , 1000 , 1076.46 , 0 , 0 , 0
151 , 0 , 1000 , 1076.14 , 0 , 0 , 0
152 , 0 , 1000 , 1075.82 , 0 , 0 , 0
153 , 0 , 1000 , 1075.51 , 0 , 0 , 0
154 , 0 , 1000 , 1075.2 , 0 , 0 , 0
155 , 0 , 1000 , 1074.89 , 0 , 0 , 0
156 , 0 , 1000 , 1074.58 , 0 , 0 , 0
157 , 0 , 1000 , 1074.28 , 0 , 0 , 0
158 , 0 , 1000 , 1073.98 , 0 , 0 , 0
159 , 0 , 1000 , 1073.68 , 0 , 0 , 0
160 , 0 , 1000 , 1073.39 , 0 , 0 , 0
161 , 0 , 1000 , 1073.09 , 0 , 0 , 0
162 , 0 , 1000 , 1072.8 , 0 , 0 , 0
163 , 0 , 1000 , 1072.51 , 0 , 0 , 0
164 , 0 , 1000 , 1072.22 , 0 , 0 , 0
165 , 0 , 1000 , 1071.94 , 0 , 0 , 0
166 , 0 , 1000 , 1071.65 , 0 , 0 , 0
167 , 0 , 1000 , 1071.37 , 0 , 0 , 0
168 , 0 , 1000 , 1071.09 , 0 , 0 , 0
169 , 0 , 1000 , 1070.81 , 0 , 0 , 0
170 , 0 , 1000 , 1070.54 , 0 , 0 , 0
171 , 0 , 1000 , 1070.26 , 0 , 0 , 0
172 , 0 , 1000 , 1069.99 , 0 , 0 , 0
173 , 0 , 1000 , 1069.72 , 0 , 0 , 0
174 , 0 , 1000 , 1069.45 , 0 , 0 , 0
175 , 0 , 1000 , 1069.18 , 0 , 0 , 0
176 , 0 , 1000 , 1068.91 , 0 , 0 , 0
177 , 0 , 1000 , 1068.64 , 0 , 0 , 0
178 , 0 , 1000 , 1068.37 , 0 , 0 , 0
179 , 0 , 1000 , 1068.11 , 0 , 0 , 0
180 , 0 , 1000 , 1067.85 , 0 , 0 , 0
181 , 0 , 1000 , 1067.58 , 0 , 0 , 0
182 , 0 , 1000 , 1067.32 , 0 , 0 , 0
183 , 0 , 1000 , 1067.06 , 0 , 0 , 0
184 , 0 , 1000 , 1066.8 , 0 , 0 , 0
185 , 0 , 1000 , 1066.54 , 0 , 0 , 0
186 , 0 , 1000 , 1066.28 , 0 , 0 , 0
187 , 0 , 1000 , 1066.03 , 0 , 0 , 0
188 , 0 , 1000 , 1065.77 , 0 , 0 , 0
189 , 0 , 1000 , 1065.51 , 0 , 0 , 0
190 , 0 , 1000 , 1065.26 , 0 , 0 , 0
191 , 0 , 1000 , 1065 , 0 , 0 , 0
192 , 0 , 1000 , 1064.75 , 0 , 0 , 0
193 , 0 , 1000 , 1064.5 , 0 , 0 , 0
194 , 0 , 1000 , 1064.24 , 0 , 0 , 0
195 , 0 , 1000 , 1063.99 , 0 , 0 , 0
196 , 0 , 1000 , 1063.74 , 0 , 0 , 0
197 , 0 , 1000 , 1063.49 , 0 , 0 , 0
198 , 0 , 1000 , 1063.23 , 0 , 0 , 0
199 , 0 , 1000 , 1062.98 , 0 , 0 , 0
200 , 0 , 1000 , 1062.73 , 0 , 0 , 0
201 , 0 , 1000 , 1062.48 , 0 , 0 , 0
202 , 0 , 1000 , 1062.23 , 0 , 0 , 0
203 , 0 , 1000 , 1061.98 , 0 , 0 , 0
204 , 0 , 1000 , 1061.73 , 0 , 0 , 0
205 , 0 , 1000 , 1061.49 , 0 , 0 , 0
206 , 0 , 1000 , 1061.24 , 0 , 0 , 0
207 , 0 , 1000 , 1060.99 , 0 , 0 , 0
208 , 0 , 1000 , 1060.74 , 0 , 0 , 0
209 , 0 , 1000 , 1060.49 , 0 , 0 , 0
210 , 0 , 1000 , 1060.24 , 0 , 0 , 0
211 , 0 , 1000 , 1059.99 , 0 , 0 , 0
212 , 0 , 1000 , 1059.75 , 0 , 0 , 0
213 , 0 , 1000 , 1059.5 , 0 , 0 , 0
214 , 0 , 1000 , 1059.25 , 0 , 0 , 0
215 , 0 , 1000 , 1059 , 0 , 0 , 0
216 , 0 , 1000 , 1058.75 , 0 , 0 , 0
217 , 0 , 1000 , 1058.51 , 0 , 0 , 0
218 , 0 , 1000 , 1058.26 , 0 , 0 , 0
219 , 0 , 1000 , 1058.01 , 0 , 0 , 0
220 , 0 , 1000 , 1057.76 , 0 , 0 , 0
221 , 0 , 1000 , 1057.51 , 0 , 0 , 0
222 , 0 , 1000 , 1057.27 , 0 , 0 , 0
223 , 0 , 1000 , 1057.02 , 0 , 0 , 0
224 , 0 , 1000 , 1056.77 , 0 , 0 , 0
225 , 0 , 1000 , 1056.52 , 0 , 0 , 0
226 , 0 , 1000 , 1056.27 , 0 , 0 , 0
227 , 0 , 1000 , 1056.02 , 0 , 0 , 0
228 , 0 , 1000 , 1055.78 , 0 , 0 , 0
229 , 0 , 1000 , 1055.53 , 0 , 0 , 0
230 , 0 , 1000 , 1055.28 , 0 , 0 , 0
231 , 0 , 1000 , 1055.03 , 0 , 0 , 0
232 , 0 , 1000 , 1054.78 , 0 , 0 , 0
233 , 0 , 1000 , 1054.53 , 0 , 0 , 0
234 , 0 , 1000 , 1054.28 , 0 , 0 , 0
235 , 0 , 1000 , 1054.03 , 0 , 0 , 0
236 , 0 , 1000 , 1053.78 , 0 , 0 , 0
237 , 0 , 1000 , 1053.53 , 0 , 0 , 0
238 , 0 , 1000 , 1053.28 , 0 , 0 , 0
239 , 0 , 1000 , 1053.03 , 0 , 0 , 0
240 , 0 , 1000 , 1052.78 , 0 , 0 , 0
241 , 0 , 1000 , 1052.53 , 0 , 0 , 0
242 , 0 , 1000 , 1052.28 , 0 , 0 , 0
243 , 0 , 1000 , 1052.03 , 0 , 0 , 0
244 , 0 , 1000 , 1051.77 , 0 , 0 , 0
245 , 0 , 1000 , 1051.52 , 0 , 0 , 0
246 , 0 , 1000 , 1051.27 , 0 , 0 , 0
247 , 0 , 1000 , 1051.02 , 0 , 0 , 0
248 , 0 , 1000 , 1050.76 , 0 , 0 , 0
249 , 0 , 1000 , 1050.51 , 0 , 0 , 0
250 , 0 , 1000 , 1050.26 , 0 , 0 , 0
251 , 0 , 1000 , 1050 , 0 , 0 , 0
252 , 0 , 1000 , 1049.75 , 0 , 0 , 0
253 , 0 , 1000 , 1049.5 , 0 , 0 , 0
254 , 0 , 1000 , 1049.24 , 0 , 0 , 0
255 , 0 , 1000 , 1048.99 , 0 , 0 , 0
256 , 0 , 1000 , 1048.73 , 0 , 0 , 0
257 , 0 , 1000 , 1048.48 , 0 , 0 , 0
258 , 0 , 1000 , 1048.22 , 0 , 0 , 0
259 , 0 , 1000 , 1047.97 , 0 , 0 , 0
260 , 0 , 1000 , 1047.71 , 0 , 0 , 0
261 , 0 , 1000 , 1047.46 , 0 , 0 , 0
262 , 0 , 1000 , 1047.2 , 0 , 0 , 0
263 , 0 , 1000 , 1046.94 , 0 , 0 , 0
264 , 0 , 1000 , 1046.69 , 0 , 0 , 0
265 , 0 , 1000 , 1046.43 , 0 , 0 , 0
266 , 0 , 1000 , 1046.17 , 0 , 0 , 0
267 , 0 , 1000 , 1045.91 , 0 , 0 , 0
268 , 0 , 1000 , 1045.66 , 0 , 0 , 0
269 , 0 , 1000 , 1045.4 , 0 , 0 , 0
270 , 0 , 1000 , 1045.14 , 0 , 0 , 0
271 , 0 , 1000 , 1044.88 , 0 , 0 , 0
272 , 0 , 1000 , 1044.62 , 0 , 0 , 0
273 , 0 , 1000 , 1044.36 , 0 , 0 , 0
274 , 0 , 1000 , 1044.1 , 0 , 0 , 0
275 , 0 , 1000 , 1043.84 , 0 , 0 , 0
276 , 0 , 1000 , 1043.58 , 0 , 0 , 0
277 , 0 , 1000 , 1043.32 , 0 , 0 , 0
278 , 0 , 1000 , 1043.06 , 0 , 0 , 0
279 , 0 , 1000 , 1042.8 , 0 , 0 , 0
280 , 0 , 1000 , 1042.54 , 0 , 0 , 0
281 , 0 , 1000 , 1042.28 , 0 , 0 , 0
282 , 0 , 1000 , 1042.02 , 0 , 0 , 0
283 , 0 , 1000 , 1041.75 , 0 , 0 , 0
284 , 0 , 1000 , 1041.49 , 0 , 0 , 0
285 , 0 , 1000 , 1041.23 , 0 , 0 , 0
286 , 0 , 1000 , 1040.97 , 0 , 0 , 0
287 , 0 , 1000 , 1040.7 , 0 , 0 , 0
288 , 0 , 1000 , 1040.44 , 0 , 0 , 0
289 , 0 , 1000 , 1040.18 , 0 , 0 , 0
290 , 0 , 1000 , 1039.91 , 0 , 0 , 0
291 , 0 , 1000 , 1039.65 , 0 , 0 , 0
292 , 0 , 1000 , 1039.39 , 0 , 0 , 0
293 , 0 , 1000 , 1039.12 , 0 , 0 , 0
294 , 0 , 1000 , 1038.86 , 0 , 0 , 0
295 , 0 , 1000 , 1038.59 , 0 , 0 , 0
296 , 0 , 1000 , 1038.33 , 0 , 0 , 0
297 , 0 , 1000 , 1038.06 , 0 , 0 , 0
298 , 0 , 1000 , 1037.8 , 0 , 0 , 0
299 , 0 , 1000 , 1037.53 , 0 , 0 , 0
300 , 0 , 1000 , 1037.27 , 0 , 0 , 0
301 , 0 , 1000 , 1037 , 0 , 0 , 0
302 , 0 , 1000 , 1036.73 , 0 , 0 , 0
303 , 0 , 1000 , 1036.47 , 0 , 0 , 0
304 , 0 , 1000 , 1036.2 , 0 , 0 , 0
305 , 0 , 1000 , 1035.93 , 0 , 0 , 0
306 , 0 , 1000 , 1035.67 , 0 , 0 , 0
307 , 0 , 1000 , 1035.4 , 0 , 0 , 0
308 , 0 , 1000 , 1035.13 , 0 , 0 , 0
309 , 0 , 1000 , 1034.86 , 0 , 0 , 0
310 , 0 , 1000 , 1034.6 , 0 , 0 , 0
311 , 0 , 1000 , 1034.33 , 0 , 0 , 0
312 , 0 , 1000 , 1034.06 , 0 , 0 , 0
313 , 0 , 1000 , 1033.79 , 0 , 0 , 0
314 , 0 , 1000 , 1033.52 , 0 , 0 , 0
315 , 0 , 1000 , 1033.26 , 0 , 0 , 0
316 , 0 , 1000 , 1032.99 , 0 , 0 , 0
317 , 0 , 1000 , 1032.72 , 0 , 0 , 0
318 , 0 , 1000 , 1032.45 , 0 , 0 , 0
319 , 0 , 1000 , 1032.18 , 0 , 0 , 0
320 , 0 , 1000 , 1031.91 , 0 , 0 , 0
321 , 0 , 1000 , 1031.64 , 0 , 0 , 0
322 , 0 , 1000 , 1031.37 , 0 , 0 , 0
323 , 0 , 1000 , 1031.1 , 0 , 0 , 0
324 , 0 , 1000 , 1030.83 , 0 , 0 , 0
325 , 0 , 1000 , 1030.56 , 0 , 0 , 0
326 , 0 , 1000 , 1030.29 , 0 , 0 , 0
327 , 0 , 1000 , 1030.02 , 0 , 0 , 0
328 , 0 , 1000 , 1029.75 , 0 , 0 , 0
329 , 0 , 1000 , 1029.48 , 0 , 0 , 0
330 , 0 , 1000 , 1029.21 , 0 , 0 , 0
331 , 0 , 1000 , 1028.94 , 0 , 0 , 0
332 , 0 , 1000 , 1028.67 , 0 , 0 , 0
333 , 0 , 1000 , 1028.4 , 0 , 0 , 0
334 , 0 , 1000 , 1028.13 , 0 , 0 , 0
335 , 0 , 1000 , 1027.85 , 0 , 0 , 0
336 , 0 , 1000 , 1027.58 , 0 , 0 , 0
337 , 0 , 1000 , 1027.31 , 0 , 0 , 0
338 , 0 , 1000 , 1027.04 , 0 , 0 , 0
339 , 0 , 1000 , 1026.77 , 0 , 0 , 0
340 , 0 , 1000 , 1026.5 , 0 , 0 , 0
341 , 0 , 1000 , 1026.23 , 0 , 0 , 0
342 , 0 , 1000 , 1025.95 , 0 , 0 , 0
343 , 0 , 1000 , 1025.68 , 0 , 0 , 0
344 , 0 , 1000 , 1025.41 , 0 , 0 , 0
345 , 0 , 1000 , 1025.14 , 0 , 0 , 0
346 , 0 , 1000 , 1024.87 , 0 , 0 , 0
347 , 0 , 1000 , 1024.59 , 0 , 0 , 0
348 , 0 , 1000 , 1024.32 , 0 , 0 , 0
349 , 0 , 1000 , 1024.05 , 0 , 0 , 0
350 , 0 , 1000 , 1023.78 , 0 , 0 , 0
351 , 0 , 1000 , 1023.5 , 0 , 0 , 0
352 , 0 , 1000 , 1023.23 , 0 , 0 , 0
353 , 0 , 1000 , 1022.96 , 0 , 0 , 0
354 , 0 , 1000 , 1022.69 , 0 , 0 , 0
355 , 0 , 1000 , 1022.41 , 0 , 0 , 0
356 , 0 , 1000 , 1022.14 , 0 , 0 , 0
357 , 0 , 1000 , 1021.87 , 0 , 0 , 0
358 , 0 , 1000 , 1021.6 , 0 , 0 , 0
359 , 0 , 1000 , 1021.32 , 0 , 0 , 0
360 , 0 , 1000 , 1021.05 , 0 , 0 , 0
361 , 0 , 1000 , 1020.78 , 0 , 0 , 0
362 , 0 , 1000 , 1020.5 , 0 , 0 , 0
363 , 0 , 1000 , 1020.23 , 0 , 0 , 0
364 , 0 , 1000 , 1019.96 , 0 , 0 , 0
365 , 0 , 1000 , 1019.69 , 0 , 0 , 0
366 , 0 , 1000 , 1019.41 , 0 , 0 , 0
367 , 0 , 1000 , 1019.14 , 0 , 0 , 0
368 , 0 , 1000 , 1018.87 , 0 , 0 , 0
369 , 0 , 1000 , 1018.59 , 0 , 0 , 0
370 , 0 , 1000 , 1018.32 , 0 , 0 , 0
371 , 0 , 1000 , 1018.05 , 0 , 0 , 0
372 , 0 , 1000 , 1017.78 , 0 , 0 , 0
373 , 0 , 1000 , 1017.5 , 0 , 0 , 0
374 , 0 , 1000 , 1017.23 , 0 , 0 , 0
375 , 0 , 1000 , 1016.96 , 0 , 0 , 0
376 , 0 , 1000 , 1016.68 , 0 , 0 , 0
377 , 0 , 1000 , 1016.41 , 0 , 0 , 0
378 , 0 , 1000 , 1016.14 , 0 , 0 , 0
379 , 0 , 1000 , 1015.86 , 0 , 0 , 0
380 , 0 , 1000 , 1015.59 , 0 , 0 , 0
381 , 0 , 1000 , 1015.32 , 0 , 0 , 0
382 , 0 , 1000 , 1015.05 , 0 , 0 , 0
383 , 0 , 1000 , 1014.77 , 0 , 0 , 0
384 , 0 , 1000 , 1014.5 , 0 , 0 , 0
385 , 0 , 1000 , 1014.23 , 0 , 0 , 0
386 , 0 , 1000 , 1013.95 , 0 , 0 , 0
387 , 0 , 1000 , 1013.68 , 0 , 0 , 0
388 , 0 , 1000 , 1013.41 , 0 , 0 , 0
389 , 0 , 1000 , 1013.14 , 0 , 0 , 0
390 , 0 , 1000 , 1012.86 , 0 , 0 , 0
391 , 0 , 1000 , 1012.59 , 0 , 0 , 0
392 , 0 , 1000 , 1012.32 , 0 , 0 , 0
393 , 0 , 1000 , 1012.05 , 0 , 0 , 0
394 , 0 , 1000 , 1011.77 , 0 , 0 , 0
395 , 0 , 1000 , 1011.5 , 0 , 0 , 0
396 , 0 , 1000 , 1011.23 , 0 , 0 , 0
397 , 0 , 1000 , 1010.96 , 0 , 0 , 0
398 , 0 , 1000 , 1010.68 , 0 , 0 , 0
399 , 0 , 1000 , 1010.41 , 0 , 0 , 0
400 , 0 , 1000 , 1010.14 , 0 , 0 , 0
401 , 0 , 1000 , 1009.87 , 0 , 0 , 0
402 , 0 , 1000 , 1009.6 , 0 , 0 , 0
403 , 0 , 1000 , 1009.32 , 0 , 0 , 0
404 , 0 , 1000 , 1009.05 , 0 , 0 , 0
405 , 0 , 1000 , 1008.78 , 0 , 0 , 0
406 , 0 , 1000 , 1008.51 , 0 , 0 , 0
407 , 0 , 1000 , 1008.24 , 0 , 0 , 0
408 , 0 , 1000 , 1007.96 , 0 , 0 , 0
409 , 0 , 1000 , 1007.69 , 0 , 0 , 0
410 , 0 , 1000 , 1007.42 , 0 , 0 , 0
411 , 0 , 1000 , 1007.15 , 0 , 0 , 0
412 , 0 , 1000 , 1006.88 , 0 , 0 , 0
413 , 0 , 1000 , 1006.61 , 0 , 0 , 0
414 , 0 , 1000 , 1006.34 , 0 , 0 , 0
415 , 0 , 1000 , 1006.06 , 0 , 0 , 0
416 , 0 , 1000 , 1005.79 , 0 , 0 , 0
417 , 0 , 1000 , 1005.52 , 0 , 0 , 0
418 , 0 , 1000 , 1005.25 , 0 , 0 , 0
419 , 0 , 1000 , 1004.98 , 0 , 0 , 0
420 , 0 , 1000 , 1004.71 , 0 , 0 , 0
421 , 0 , 1000 , 1004.44 , 0 , 0 , 0
422 , 0 , 1000 , 1004.17 , 0 , 0 , 0
423 , 0 , 1000 , 1003.9 , 0 , 0 , 0
424 , 0 , 1000 , 1003.63 , 0 , 0 , 0
425 , 0 , 1000 , 1003.36 , 0 , 0 , 0
426 , 0 , 1000 , 1003.08 , 0 , 0 , 0
427 , 0 , 1000 , 1002.81 , 0 , 0 , 0
428 , 0 , 1000 , 1002.54 , 0 , 0 , 0
429 , 0 , 1000 , 1002.27 , 0 , 0 , 0
430 , 0 , 1000 , 1002 , 0 , 0 , 0
431 , 0 , 1000 , 1001.73 , 0 , 0 , 0
432 , 0 , 1000 , 1001.46 , 0 , 0 , 0
433 , 0 , 1000 , 1001.19 , 0 , 0 , 0
434 , 0 , 1000 , 1000.92 , 0 , 0 , 0
435 , 0 , 1000 , 1000.65 , 0 , 0 , 0
436 , 0 , 1000 , 1000.39 , 0 , 0 , 0
437 , 0 , 1000 , 1000.12 , 0 , 0 , 0
438 , 0 , 1000 , 999.846 , 0 , 0 , 0
439 , 0 , 1000 , 999.577 , 0 , 0 , 0
440 , 0 , 1000 , 999.308 , 0 , 0 , 0
441 , 0 , 1000 , 999.039 , 0 , 0 , 0
442 , 0 , 1000 , 998.77 , 0 , 0 , 0
443 , 0 , 1000 , 998.501 , 0 , 0 , 0
444 , 0 , 1000 , 998.232 , 0 , 0 , 0
445 , 0 , 1000 , 997.963 , 0 , 0 , 0
446 , 0 , 1000 , 997.695 , 0 , 0 , 0
447 , 0 , 1000 , 997.426 , 0 , 0 , 0
448 , 0 , 1000 , 997.158 , 0 , 0 , 0
449 , 0 , 1000 , 996.889 , 0 , 0 , 0
450 , 0 , 1000 , 996.621 , 0 , 0 , 0
451 , 0 , 1000 , 996.353 , 0 , 0 , 0
452 , 0 , 1000 , 996.085 , 0 , 0 , 0
453 , 0 , 1000 , 995.817 , 0 , 0 , 0
454 , 0 , 1000 , 995.549 , 0 , 0 , 0
455 , 0 , 1000 , 995.281 , 0 , 0 , 0
456 , 0 , 1000 , 995.014 , 0 , 0 , 0
457 , 0 , 1000 , 994.746 , 0 , 0 , 0
458 , 0 , 1000 , 994.479 , 0 , 0 , 0
459 , 0 , 1000 , 994.211 , 0 , 0 , 0
460 , 0 , 1000 , 993.944 , 0 , 0 , 0
461 , 0 , 1000 , 993.677 , 0 , 0 , 0
462 , 0 , 1000 , 993.41 , 0 , 0 , 0
463 , 0 , 1000 , 993.143 , 0 , 0 , 0
464 , 0 , 1000 , 992.876 , 0 , 0 , 0
465 , 0 , 1000 , 992.61 , 0 , 0 , 0
466 , 0 , 1000 , 992.343 , 0 , 0 , 0
467 , 0 , 1000 , 992.076 , 0 , 0 , 0
468 , 0 , 1000 , 991.81 , 0 , 0 , 0
469 , 0 , 1000 , 991.544 , 0 , 0 , 0
470 , 0 , 1000 , 991.278 , 0 , 0 , 0
471 , 0 , 1000 , 991.011 , 0 , 0 , 0
472 , 0 , 1000 , 990.746 , 0 , 0 , 0
473 , 0 , 1000 , 990.48 , 0 , 0 , 0
474 , 0 , 1000 , 990.214 , 0 , 0 , 0
475 , 0 , 1000 , 989.948 , 0 , 0 , 0
476 , 0 , 1000 , 989.683 , 0 , 0 , 0
477 , 0 , 1000 , 989.417 , 0 , 0 , 0
478 , 0 , 1000 , 989.152 , 0 , 0 , 0
479 , 0 , 1000 , 988.887 , 0 , 0 , 0
480 , 0 , 1000 , 988.622 , 0 , 0 , 0
481 , 0 , 1000 , 988.357 , 0 , 0 , 0
482 , 0 , 1000 , 988.092 , 0 , 0 , 0
483 , 0 , 1000 , 987.827 , 0 , 0 , 0
484 , 0 , 1000 , 987.563 , 0 , 0 , 0
485 , 0 , 1000 , 987.298 , 0 , 0 , 0
486 , 0 , 1000 , 987.034 , 0 , 0 , 0
487 , 0 , 1000 , 986.769 , 0 , 0 , 0
488 , 0 , 1000 , 986.505 , 0 , 0 , 0
489 , 0 , 1000 , 986.241 , 0 , 0 , 0
490 , 0 , 1000 , 985.977 , 0 , 0 , 0
491 , 0 , 1000 , 985.713 , 0 , 0 , 0
492 , 0 , 1000 , 985.449 , 0 , 0 , 0
493 , 0 , 1000 , 985.186 , 0 , 0 , 0
494 , 0 , 1000 , 984.922 , 0 , 0 , 0
495 , 0 , 1000 , 984.659 , 0 , 0 , 0
496 , 0 , 1000 , 984.396 , 0 , 0 , 0
497 , 0 , 1000 , 984.132 , 0 , 0 , 0
498 , 0 , 1000 , 983.869 , 0 , 0 , 0
499 , 0 , 1000 , 983.606 , 0 , 0 , 0
500 , 0 , 1000 , 983.344 , 0 , 0 , 0
501 , 0 , 1000 , 983.081 , 0 , 0 , 0
502 , 0 , 1000 , 982.818 , 0 , 0 , 0
503 , 0 , 1000 , 982.556 , 0 , 0 , 0
504 , 0 , 1000 , 982.293 , 0 , 0 , 0
505 , 0 , 1000 , 982.031 , 0 , 0 , 0
506 , 0 , 1000 , 981.769 , 0 , 0 , 0
507 , 0 , 1000 , 981.507 , 0 , 0 , 0
508 , 0 , 1000 , 981.245 , 0 , 0 , 0
509 , 0 , 1000 , 980.983 , 0 , 0 , 0
510 , 0 , 1000 , 980.722 , 0 , 0 , 0
511 , 0 , 1000 , 980.46 , 0 , 0 , 0
512 , 0 , 1000 , 980.199 , 0 , 0 , 0
513 , 0 , 1000 , 979.938 , 0 , 0 , 0
514 , 0 , 1000 , 979.676 , 0 , 0 , 0
515 , 0 , 1000 , 979.415 , 0 , 0 , 0
516 , 0 , 1000 , 979.154 , 0 , 0 , 0
517 , 0 , 1000 , 978.893 , 0 , 0 , 0
518 , 0 , 1000 , 978.633 , 0 , 0 , 0
519 , 0 , 1000 , 978.372 , 0 , 0 , 0
520 , 0 , 1000 , 978.112 , 0 , 0 , 0
521 , 0 , 1000 , 977.851 , 0 , 0 , 0
522 , 0 , 1000 , 977.591 , 0 , 0 , 0
523 , 0 , 1000 , 977.331 , 0 , 0 , 0
524 , 0 , 1000 , 977.071 , 0 , 0 , 0
525 , 0 , 1000 , 976.811 , 0 , 0 , 0
526 , 0 , 1000 , 976.552 , 0 , 0 , 0
527 , 0 , 1000 , 976.292 , 0 , 0 , 0
528 , 0 , 1000 , 976.032 , 0 , 0 , 0
529 , 0 , 1000 , 975.773 , 0 , 0 , 0
530 , 0 , 1000 , 975.514 , 0 , 0 , 0
531 , 0 , 1000 , 975.255 , 0 , 0 , 0
532 , 0 , 1000 , 974.996 , 0 , 0 , 0
533 , 0 , 1000 , 974.737 , 0 , 0 , 0
534 , 0 , 1000 , 974.478 , 0 , 0 , 0
535 , 0 , 1000 , 974.22 , 0 , 0 , 0
536 , 0 , 1000 , 973.961 , 0 , 0 , 0
537 , 0 , 1000 , 973.703 , 0 , 0 , 0
538 , 0 , 1000 , 973.445 , 0 , 0 , 0
539 , 0 , 1000 , 973.186 , 0 , 0 , 0
540 , 0 , 1000 , 972.928 , 0 , 0 , 0
541 , 0 , 1000 , 972.671 , 0 , 0 , 0
542 , 0 , 1000 , 972.413 , 0 , 0 , 0
543 , 0 , 1000 , 972.155 , 0 , 0 , 0
544 , 0 , 1000 , 971.898 , 0 , 0 , 0
545 , 0 , 1000 , 971.64 , 0 , 0 , 0
546 , 0 , 1000 , 971.383 , 0 , 0 , 0
547 , 0 , 1000 , 971.126 , 0 , 0 , 0
548 , 0 , 1000 , 970.869 , 0 , 0 , 0
549 , 0 , 1000 , 970.612 , 0 , 0 , 0
550 , 0 , 1000 , 970.356 , 0 , 0 , 0
551 , 0 , 1000 , 970.099 , 0 , 0 , 0
552 , 0 , 1000 , 969.843 , 0 , 0 , 0
553 , 0 , 1000 , 969.586 , 0 , 0 , 0
554 , 0 , 1000 , 969.33 , 0 , 0 , 0
555 , 0 , 1000 , 969.074 , 0 , 0 , 0
556 , 0 , 1000 , 968.818 , 0 , 0 , 0
557 , 0 , 1000 , 968.562 , 0 , 0 , 0
558 , 0 , 1000 , 968.306 , 0 , 0 , 0
559 , 0 , 1000 , 968.051 , 0 , 0 , 0
560 , 0 , 1000 , 967.795 , 0 , 0 , 0
561 , 0 , 1000 , 967.54 , 0 , 0 , 0
562 , 0 , 1000 , 967.285 , 0 , 0 , 0
563 , 0 , 1000 , 967.03 , 0 , 0 , 0
564 , 0 , 1000 , 966.775 , 0 , 0 , 0
565 , 0 , 1000 , 966.52 , 0 , 0 , 0
566 , 0 , 1000 , 966.266 , 0 , 0 , 0
567 , 0 , 1000 , 966.011 , 0 , 0 , 0
568 , 0 , 1000 , 965.757 , 0 , 0 , 0
569 , 0 , 1000 , 965.503 , 0 , 0 , 0
570 , 0 , 1000 , 965.248 , 0 , 0 , 0
571 , 0 , 1000 , 964.994 , 0 , 0 , 0
572 , 0 , 1000 , 964.741 , 0 , 0 , 0
573 , 0 , 1000 , 964.487 , 0 , 0 , 0
574 , 0 , 1000 , 964.233 , 0 , 0 , 0
575 , 0 , 1000 , 963.98 , 0 , 0 , 0
576 , 0 , 1000 , 963.727 , 0 , 0 , 0
577 , 0 , 1000 , 963.473 , 0 , 0 , 0
578 , 0 , 1000 , 963.22 , 0 , 0 , 0
579 , 0 , 1000 , 962.967 , 0 , 0 , 0
580 , 0 , 1000 , 962.715 , 0 , 0 , 0
581 , 0 , 1000 , 962.462 , 0 , 0 , 0
582 , 0 , 1000 , 962.209 , 0 , 0 , 0
583 , 0 , 1000 , 961.957 , 0 , 0 , 0
584 , 0 , 1000 , 961.705 , 0 , 0 , 0
585 , 0 , 1000 , 961.453 , 0 , 0 , 0
586 , 0 , 1000 , 961.201 , 0 , 0 , 0
587 , 0 , 1000 , 960.949 , 0 , 0 , 0
588 , 0 , 1000 , 960.697 , 0 , 0 , 0
589 , 0 , 1000 , 960.446 , 0 , 0 , 0
590 , 0 , 1000 , 960.195 , 0 , 0 , 0
591 , 0 , 1000 , 959.943 , 0 , 0 , 0
592 , 0 , 1000 , 959.692 , 0 , 0 , 0
593 , 0 , 1000 , 959.441 , 0 , 0 , 0
594 , 0 , 1000 , 959.19 , 0 , 0 , 0
595 , 0 , 1000 , 958.94 , 0 , 0 , 0
596 , 0 , 1000 , 958.689 , 0 , 0 , 0
597 , 0 , 1000 , 958.439 , 0 , 0 , 0
598 , 0 , 1000 , 958.189 , 0 , 0 , 0
599 , 0 , 1000 , 957.938 , 0 , 0 , 0
600 , 0 , 1000 , 957.689 , 0 , 0 , 0
601 , 0 , 1000 , 957.439 , 0 , 0 , 0
602 , 0 , 1000 , 957.189 , 0 , 0 , 0
603 , 0 , 1000 , 956.94 , 0 , 0 , 0
604 , 0 , 1000 , 956.69 , 0 , 0 , 0
605 , 0 , 1000 , 956.441 , 0 , 0 , 0
606 , 0 , 1000 , 956.192 , 0 , 0 , 0
607 , 0 , 1000 , 955.943 , 0 , 0 , 0
608 , 0 , 1000 , 955.694 , 0 , 0 , 0
609 , 0 , 1000 , 955.445 , 0 , 0 , 0
610 , 0 , 1000 , 955.197 , 0 , 0 , 0
611 , 0 , 1000 , 954.949 , 0 , 0 , 0
612 , 0 , 1000 , 954.701 , 0 , 0 , 0
613 , 0 , 1000 , 954.453 , 0 , 0 , 0
614 , 0 , 1000 , 954.205 , 0 , 0 , 0
615 , 0 , 1000 , 953.957 , 0 , 0 , 0
616 , 0 , 1000 , 953.709 , 0 , 0 , 0
617 , 0 , 1000 , 953.462 , 0 , 0 , 0
618 , 0 , 1000 , 953.215 , 0 , 0 , 0
619 , 0 , 1000 , 952.968 , 0 , 0 , 0
620 , 0 , 1000 , 952.721 , 0 , 0 , 0
621 , 0 , 1000 , 952.474 , 0 , 0 , 0
622 , 0 , 1000 , 952.227 , 0 , 0 , 0
623 , 0 , 1000 , 951.981 , 0 , 0 , 0
624 , 0 , 1000 , 951.734 , 0 , 0 , 0
625 , 0 , 1000 , 951.488 , 0 , 0 , 0
626 , 0 , 1000 , 951.242 , 0 , 0 , 0
627 , 0 , 1000 , 950.996 , 0 , 0 , 0
628 , 0 , 1000 , 950.751 , 0 , 0 , 0
629 , 0 , 1000 , 950.505 , 0 , 0 , 0
630 , 0 , 1000 , 950.26 , 0 , 0 , 0
631 , 0 , 1000 , 950.015 , 0 , 0 , 0
632 , 0 , 1000 , 949.77 , 0 , 0 , 0
633 , 0 , 1000 , 949.525 , 0 , 0 , 0
634 , 0 , 1000 , 949.28 , 0 , 0 , 0
635 , 0 , 1000 , 949.035 , 0 , 0 , 0
636 , 0 , 1000 , 948.791 , 0 , 0 , 0
637 , 0 , 1000 , 948.547 , 0 , 0 , 0
638 , 0 , 1000 , 948.303 , 0 , 0 , 0
639 , 0 , 1000 , 948.059 , 0 , 0 , 0
640 , 0 , 1000 , 947.815 , 0 , 0 , 0
641 , 0 , 1000 , 947.571 , 0 , 0 , 0
642 , 0 , 1000 , 947.328 , 0 , 0 , 0
643 , 0 , 1000 , 947.085 , 0 , 0 , 0
644 , 0 , 1000 , 946.842 , 0 , 0 , 0
645 , 0 , 1000 , 946.599 , 0 , 0 , 0
646 , 0 , 1000 , 946.356 , 0 , 0 , 0
647 , 0 , 1000 , 946.113 , 0 , 0 , 0
648 , 0 , 1000 , 945.871 , 0 , 0 , 0
649 , 0 , 1000 , 945.629 , 0 , 0 , 0
650 , 0 , 1000 , 945.387 , 0 , 0 , 0
651 , 0 , 1000 , 945.145 , 0 , 0 , 0
652 , 0 , 1000 , 944.903 , 0 , 0 , 0
653 , 0 , 1000 , 944.661 , 0 , 0 , 0
654 , 0 , 1000 , 944.42 , 0 , 0 , 0
655 , 0 , 1000 , 944.179 , 0 , 0 , 0
656 , 0 , 1000 , 943.937 , 0 , 0 , 0
657 , 0 , 1000 , 943.696 , 0 , 0 , 0
658 , 0 , 1000 , 943.456 , 0 , 0 , 0
659 , 0 , 1000 , 943.215 , 0 , 0 , 0
660 , 0 , 1000 , 942.975 , 0 , 0 , 0
661 , 0 , 1000 , 942.735 , 0 , 0 , 0
662 , 0 , 1000 , 942.495 , 0 , 0 , 0
663 , 0 , 1000 , 942.255 , 0 , 0 , 0
664 , 0 , 1000 , 942.015 , 0 , 0 , 0
665 , 0 , 1000 , 941.775 , 0 , 0 , 0
666 , 0 , 1000 , 941.536 , 0 , 0 , 0
667 , 0 , 1000 , 941.297 , 0 , 0 , 0
668 , 0 , 1000 , 941.058 , 0 , 0 , 0
669 , 0 , 1000 , 940.819 , 0 , 0 , 0
670 , 0 , 1000 , 940.58 , 0 , 0 , 0
671 , 0 , 1000 , 940.342 , 0 , 0 , 0
672 , 0 , 1000 , 940.104 , 0 , 0 , 0
673 , 0 , 1000 , 939.865 , 0 , 0 , 0
674 , 0 , 1000 , 939.627 , 0 , 0 , 0
675 , 0 , 1000 , 939.39 , 0 , 0 , 0
676 , 0 , 1000 , 939.152 , 0 , 0 , 0
677 , 0 , 1000 , 938.915 , 0 , 0 , 0
678 , 0 , 1000 , 938.677 , 0 , 0 , 0
679 , 0 , 1000 , 938.44 , 0 , 0 , 0
680 , 0 , 1000 , 938.203 , 0 , 0 , 0
681 , 0 , 1000 , 937.967 , 0 , 0 , 0
682 , 0 , 1000 , 937.73 , 0 , 0 , 0
683 , 0 , 1000 , 937.494 , 0 , 0 , 0
684 , 0 , 1000 , 937.258 , 0 , 0 , 0
685 , 0 , 1000 , 937.022 , 0 , 0 , 0
686 , 0 , 1000 , 936.786 , 0 , 0 , 0
687 , 0 , 1000 , 936.55 , 0 , 0 , 0
688 , 0 , 1000 , 936.315 , 0 , 0 , 0
689 , 0 , 1000 , 936.08 , 0 , 0 , 0
690 , 0 , 1000 , 935.844 , 0 , 0 , 0
691 , 0 , 1000 , 935.61 , 0 , 0 , 0
692 , 0 , 1000 , 935.375 , 0 , 0 , 0
693 , 0 , 1000 , 935.14 , 0 , 0 , 0
694 , 0 , 1000 , 934.906 , 0 , 0 , 0
695 , 0 , 1000 , 934.672 , 0 , 0 , 0
696 , 0 , 1000 , 934.438 , 0 , 0 , 0
697 , 0 , 1000 , 934.204 , 0 , 0 , 0
698 , 0 , 1000 , 933.971 , 0 , 0 , 0
699 , 0 , 1000 , 933.737 , 0 , 0 , 0
700 , 0 , 1000 , 933.504 , 0 , 0 , 0
701 , 0 , 1000 , 933.271 , 0 , 0 , 0
702 , 0 , 1000 , 933.038 , 0 , 0 , 0
703 , 0 , 1000 , 932.805 , 0 , 0 , 0
704 , 0 , 1000 , 932.573 , 0 , 0 , 0
705 , 0 , 1000 , 932.341 , 0 , 0 , 0
706 , 0 , 1000 , 932.109 , 0 , 0 , 0
707 , 0 , 1000 , 931.877 , 0 , 0 , 0
708 , 0 , 1000 , 931.645 , 0 , 0 , 0
709 , 0 , 1000 , 931.413 , 0 , 0 , 0
710 , 0 , 1000 , 931.182 , 0 , 0 , 0
711 , 0 , 1000 , 930.951 , 0 , 0 , 0
712 , 0 , 1000 , 930.72 , 0 , 0 , 0
713 , 0 , 1000 , 930.489 , 0 , 0 , 0
714 , 0 , 1000 , 930.259 , 0 , 0 , 0
715 , 0 , 1000 , 930.028 , 0 , 0 , 0
716 , 0 , 1000 , 929.798 , 0 , 0 , 0
717 , 0 , 1000 , 929.568 , 0 , 0 , 0
718 , 0 , 1000 , 929.338 , 0 , 0 , 0
719 , 0 , 1000 , 929.109 , 0 , 0 , 0
720 , 0 , 1000 , 928.879 , 0 , 0 , 0
721 , 0 , 1000 , 928.65 , 0 , 0 , 0
722 , 0 , 1000 , 928.421 , 0 , 0 , 0
723 , 0 , 1000 , 928.192 , 0 , 0 , 0
724 , 0 , 1000 , 927.963 , 0 , 0 , 0
725 , 0 , 1000 , 927.735 , 0 , 0 , 0
726 , 0 , 1000 , 927.507 , 0 , 0 , 0
727 , 0 , 1000 , 927.278 , 0 , 0 , 0
728 , 0 , 1000 , 927.051 , 0 , 0 , 0
729 , 0 , 1000 , 926.823 , 0 , 0 , 0
730 , 0 , 1000 , 926.595 , 0 , 0 , 0
731 , 0 , 1000 , 926.368 , 0 , 0 , 0
732 , 0 , 1000 , 926.141 , 0 , 0 , 0
733 , 0 , 1000 , 925.914 , 0 , 0 , 0
734 , 0 , 1000 , 925.687 , 0 , 0 , 0
735 , 0 , 1000 , 925.461 , 0 , 0 , 0
736 , 0 , 1000 , 925.234 , 0 , 0 , 0
737 , 0 , 1000 , 925.008 , 0 , 0 , 0
738 , 0 , 1000 , 924.782 , 0 , 0 , 0
739 , 0 , 1000 , 924.556 , 0 , 0 , 0
740 , 0 , 1000 , 924.331 , 0 , 0 , 0
741 , 0 , 1000 , 924.105 , 0 , 0 , 0
742 , 0 , 1000 , 923.88 , 0 , 0 , 0
743 , 0 , 1000 , 923.655 , 0 , 0 , 0
744 , 0 , 1000 , 923.43 , 0 , 0 , 0
745 , 0 , 1000 , 923.205 , 0 , 0 , 0
746 , 0 , 1000 , 922.981 , 0 , 0 , 0
747 , 0 , 1000 , 922.757 , 0 , 0 , 0
748 , 0 , 1000 , 922.533 , 0 , 0 , 0
749 , 0 , 1000 , 922.309 , 0 , 0 , 0
750 , 0 , 1000 , 922.085 , 0 , 0 , 0
751 , 0 , 1000 , 921.862 , 0 , 0 , 0
752 , 0 , 1000 , 921.639 , 0 , 0 , 0
753 , 0 , 1000 , 921.416 , 0 , 0 , 0
754 , 0 , 1000 , 921.193 , 0 , 0 , 0
755 , 0 , 1000 , 920.97 , 0 , 0 , 0
756 , 0 , 1000 , 920.748 , 0 , 0 , 0
757 , 0 , 1000 , 920.525 , 0 , 0 , 0
758 , 0 , 1000 , 920.303 , 0 , 0 , 0
759 , 0 , 1000 , 920.081 , 0 , 0 , 0
760 , 0 , 1000 , 919.86 , 0 , 0 , 0
761 , 0 , 1000 , 919.638 , 0 , 0 , 0
762 , 0 , 1000 , 919.417 , 0 , 0 , 0
763 , 0 , 1000 , 919.196 , 0 , 0 , 0
764 , 0 , 1000 , 918.975 , 0 , 0 , 0
765 , 0 , 1000 , 918.754 , 0 , 0 , 0
766 , 0 , 1000 , 918.534 , 0 , 0 , 0
767 , 0 , 1000 , 918.313 , 0 , 0 , 0
768 , 0 , 1000 , 918.093 , 0 , 0 , 0
769 , 0 , 1000 , 917.873 , 0 , 0 , 0
770 , 0 , 1000 , 917.653 , 0 , 0 , 0
771 , 0 , 1000 , 917.434 , 0 , 0 , 0
772 , 0 , 1000 , 917.214 , 0 , 0 , 0
773 , 0 , 1000 , 916.995 , 0 , 0 , 0
774 , 0 , 1000 , 916.776 , 0 , 0 , 0
775 , 0 , 1000 , 916.557 , 0 , 0 , 0
776 , 0 , 1000 , 916.339 , 0 , 0 , 0
777 , 0 , 1000 , 916.12 , 0 , 0 , 0
778 , 0 , 1000 , 915.902 , 0 , 0 , 0
779 , 0 , 1000 , 915.684 , 0 , 0 , 0
780 , 0 , 1000 , 915.466 , 0 , 0 , 0
781 , 0 , 1000 , 915.249 , 0 , 0 , 0
782 , 0 , 1000 , 915.031 , 0 , 0 , 0
783 , 0 , 1000 , 914.814 , 0 , 0 , 0
784 , 0 , 1000 , 914.597 , 0 , 0 , 0
785 , 0 , 1000 , 914.38 , 0 , 0 , 0
786 , 0 , 1000 , 914.164 , 0 , 0 , 0
787 , 0 , 1000 , 913.947 , 0 , 0 , 0
788 , 0 , 1000 , 913.731 , 0 , 0 , 0
789 , 0 , 1000 , 913.515 , 0 , 0 , 0
790 , 0 , 1000 , 913.299 , 0 , 0 , 0
791 , 0 , 1000 , 913.083 , 0 , 0 , 0
792 , 0 , 1000 , 912.868 , 0 , 0 , 0
793 , 0 , 1000 , 912.653 , 0 , 0 , 0
794 , 0 , 1000 , 912.438 , 0 , 0 , 0
795 , 0 , 1000 , 912.223 , 0 , 0 , 0
796 , 0 , 1000 , 912.008 , 0 , 0 , 0
797 , 0 , 1000 , 911.793 , 0 , 0 , 0
798 , 0 , 1000 , 911.579 , 0 , 0 , 0
799 , 0 , 1000 , 911.365 , 0 , 0 , 0
800 , 0 , 1000 , 911.151 , 0 , 0 , 0
801 , 0 , 1000 , 910.937 , 0 , 0 , 0
802 , 0 , 1000 , 910.724 , 0 , 0 , 0
803 , 0 , 1000 , 910.51 , 0 , 0 , 0
804 , 0 , 1000 , 910.297 , 0 , 0 , 0
805 , 0 , 1000 , 910.084 , 0 , 0 , 0
806 , 0 , 1000 , 909.871 , 0 , 0 , 0
807 , 0 , 1000 , 909.658 , 0 , 0 , 0
808 , 0 , 1000 , 909.446 , 0 , 0 , 0
809 , 0 , 1000 , 909.234 , 0 , 0 , 0
810 , 0 , 1000 , 909.022 , 0 , 0 , 0
811 , 0 , 1000 , 908.81 , 0 , 0 , 0
812 , 0 , 1000 , 908.598 , 0 , 0 , 0
813 , 0 , 1000 , 908.386 , 0 , 0 , 0
814 , 0 , 1000 , 908.175 , 0 , 0 , 0
815 , 0 , 1000 , 907.964 , 0 , 0 , 0
816 , 0 , 1000 , 907.753 , 0 , 0 , 0
817 , 0 , 1000 , 907.542 , 0 , 0 , 0
818 , 0 , 1000 , 907.332 , 0 , 0 , 0
819 , 0 , 1000 , 907.121 , 0 , 0 , 0
820 , 0 , 1000 , 906.911 , 0 , 0 , 0
821 , 0 , 1000 , 906.701 , 0 , 0 , 0
822 , 0 , 1000 , 906.491 , 0 , 0 , 0
823 , 0 , 1000 , 906.281 , 0 , 0 , 0
824 , 0 , 1000 , 906.072 , 0 , 0 , 0
825 , 0 , 1000 , 905.863 , 0 , 0 , 0
826 , 0 , 1000 , 905.654 , 0 , 0 , 0
827 , 0 , 1000 , 905.445 , 0 , 0 , 0
828 , 0 , 1000 , 905.236 , 0 , 0 , 0
829 , 0 , 1000 , 905.027 , 0 , 0 , 0
830 , 0 , 1000 , 904.819 , 0 , 0 , 0
831 , 0 , 1000 , 904.611 , 0 , 0 , 0
832 , 0 , 1000 , 904.403 , 0 , 0 , 0
833 , 0 , 1000 , 904.195 , 0 , 0 , 0
834 , 0 , 1000 , 903.987 , 0 , 0 , 0
835 , 0 , 1000 , 903.78 , 0 , 0 , 0
836 , 0 , 1000 , 903.573 , 0 , 0 , 0
837 , 0 , 1000 , 903.365 , 0 , 0 , 0
838 , 0 , 1000 , 903.159 , 0 , 0 , 0
839 , 0 , 1000 , 902.952 , 0 , 0 , 0
840 , 0 , 1000 , 902.745 , 0 , 0 , 0
841 , 0 , 1000 , 902.539 , 0 , 0 , 0
842 , 0 , 1000 , 902.333 , 0 , 0 , 0
843 , 0 , 1000 , 902.127 , 0 , 0 , 0
844 , 0 , 1000 , 901.921 , 0 , 0 , 0
845 , 0 , 1000 , 901.715 , 0 , 0 , 0
846 , 0 , 1000 , 901.51 , 0 , 0 , 0
847 , 0 , 1000 , 901.304 , 0 , 0 , 0
848 , 0 , 1000 , 901.099 , 0 , 0 , 0
849 , 0 , 1000 , 900.894 , 0 , 0 , 0
850 , 0 , 1000 , 900.689 , 0 , 0 , 0
851 , 0 , 1000 , 900.485 , 0 , 0 , 0
852 , 0 , 1000 , 900.28 , 0 , 0 , 0
853 , 0 , 1000 , 900.076 , 0 , 0 , 0
854 , 0 , 1000 , 899.872 , 0 , 0 , 0
855 , 0 , 1000 , 899.668 , 0 , 0 , 0
856 , 0 , 1000 , 899.464 , 0 , 0 , 0
857 , 0 , 1000 , 899.261 , 0 , 0 , 0
858 , 0 , 1000 , 899.057 , 0 , 0 , 0
859 , 0 , 1000 , 898.854 , 0 , 0 , 0
860 , 0 , 1000 , 898.651 , 0 , 0 , 0
861 , 0 , 1000 , 898.448 , 0 , 0 , 0
862 , 0 , 1000 , 898.246 , 0 , 0 , 0
863 , 0 , 1000 , 898.043 , 0 , 0 , 0
864 , 0 , 1000 , 897.841 , 0 , 0 , 0
865 , 0 , 1000 , 897.639 , 0 , 0 , 0
866 , 0 , 1000 , 897.437 , 0 , 0 , 0
867 , 0 , 1000 , 897.235 , 0 , 0 , 0
868 , 0 , 1000 , 897.033 , 0 , 0 , 0
869 , 0 , 1000 , 896.832 , 0 , 0 , 0
870 , 0 , 1000 , 896.63 , 0 , 0 , 0
871 , 0 , 1000 , 896.429 , 0 , 0 , 0
872 , 0 , 1000 , 896.228 , 0 , 0 , 0
873 , 0 , 1000 , 896.027 , 0 , 0 , 0
874 , 0 , 1000 , 895.827 , 0 , 0 , 0
875 , 0 , 1000 , 895.626 , 0 , 0 , 0
876 , 0 , 1000 , 895.426 , 0 , 0 , 0
877 , 0 , 1000 , 895.226 , 0 , 0 , 0
878 , 0 , 1000 , 895.026 , 0 , 0 , 0
879 , 0 , 1000 , 894.826 , 0 , 0 , 0
880 , 0 , 1000 , 894.627 , 0 , 0 , 0
881 , 0 , 1000 , 894.427 , 0 , 0 , 0
882 , 0 , 1000 , 894.228 , 0 , 0 , 0
883 , 0 , 1000 , 894.029 , 0 , 0 , 0
884 , 0 , 1000 , 893.83 , 0 , 0 , 0
885 , 0 , 1000 , 893.631 , 0 , 0 , 0
886 , 0 , 1000 , 893.432 , 0 , 0 , 0
887 , 0 , 1000 , 893.234 , 0 , 0 , 0
888 , 0 , 1000 , 893.035 , 0 , 0 , 0
889 , 0 , 1000 , 892.837 , 0 , 0 , 0
890 , 0 , 1000 , 892.639 , 0 , 0 , 0
891 , 0 , 1000 , 892.441 , 0 , 0 , 0
892 , 0 , 1000 , 892.244 , 0 , 0 , 0
893 , 0 , 1000 , 892.046 , 0 , 0 , 0
894 , 0 , 1000 , 891.849 , 0 , 0 , 0
895 , 0 , 1000 , 891.652 , 0 , 0 , 0
896 , 0 , 1000 , 891.455 , 0 , 0 , 0
897 , 0 , 1000 , 891.258 , 0 , 0 , 0
898 , 0 , 1000 , 891.061 , 0 , 0 , 0
899 , 0 , 1000 , 890.865 , 0 , 0 , 0
900 , 0 , 1000 , 890.668 , 0 , 0 , 0
901 , 0 , 1000 , 890.472 , 0 , 0 , 0
902 , 0 , 1000 , 890.276 , 0 , 0 , 0
903 , 0 , 1000 , 890.08 , 0 , 0 , 0
904 , 0 , 1000 , 889.884 , 0 , 0 , 0
905 , 0 , 1000 , 889.688 , 0 , 0 , 0
906 , 0 , 1000 , 889.493 , 0 , 0 , 0
907 , 0 , 1000 , 889.298 , 0 , 0 , 0
908 , 0 , 1000 , 889.103 , 0 , 0 , 0
909 , 0 , 1000 , 888.908 , 0 , 0 , 0
910 , 0 , 1000 , 888.713 , 0 , 0 , 0
911 , 0 , 1000 , 888.518 , 0 , 0 , 0
912 , 0 , 1000 , 888.324 , 0 , 0 , 0
913 , 0 , 1000 , 888.129 , 0 , 0 , 0
914 , 0 , 1000 , 887.935 , 0 , 0 , 0
915 , 0 , 1000 , 887.741 , 0 , 0 , 0
916 , 0 , 1000 , 887.547 , 0 , 0 , 0
917 , 0 , 1000 , 887.354 , 0 , 0 , 0
918 , 0 , 1000 , 887.16 , 0 , 0 , 0
919 , 0 , 1000 , 886.967 , 0 , 0 , 0
920 , 0 , 1000 , 886.773 , 0 , 0 , 0
921 , 0 , 1000 , 886.58 , 0 , 0 , 0
922 , 0 , 1000 , 886.387 , 0 , 0 , 0
923 , 0 , 1000 , 886.195 , 0 , 0 , 0
924 , 0 , 1000 , 886.002 , 0 , 0 , 0
925 , 0 , 1000 , 885.81 , 0 , 0 , 0
926 , 0 , 1000 , 885.617 , 0 , 0 , 0
927 , 0 , 1000 , 885.425 , 0 , 0 , 0
928 , 0 , 1000 , 885.233 , 0 , 0 , 0
929 , 0 , 1000 , 885.041 , 0 , 0 , 0
930 , 0 , 1000 , 884.85 , 0 , 0 , 0
931 , 0 , 1000 , 884.658 , 0 , 0 , 0
932 , 0 , 1000 , 884.466 , 0 , 0 , 0
933 , 0 , 1000 , 884.275 , 0 , 0 , 0
934 , 0 , 1000 , 884.084 , 0 , 0 , 0
935 , 0 , 1000 , 883.893 , 0 , 0 , 0
936 , 0 , 1000 , 883.702 , 0 , 0 , 0
937 , 0 , 1000 , 883.512 , 0 , 0 , 0
938 , 0 , 1000 , 883.321 , 0 , 0 , 0
939 , 0 , 1000 , 883.131 , 0 , 0 , 0
940 , 0 , 1000 , 882.94 , 0 , 0 , 0
941 , 0 , 1000 , 882.75 , 0 , 0 , 0
942 , 0 , 1000 , 882.56 , 0 , 0 , 0
943 , 0 , 1000 , 882.371 , 0 , 0 , 0
944 , 0 , 1000 , 882.181 , 0 , 0 , 0
945 , 0 , 1000 , 881.992 , 0 , 0 , 0
946 , 0 , 1000 , 881.802 , 0 , 0 , 0
947 , 0 , 1000 , 881.613 , 0 , 0 , 0
948 , 0 , 1000 , 881.424 , 0 , 0 , 0
949 , 0 , 1000 , 881.235 , 0 , 0 , 0
950 , 0 , 1000 , 881.046 , 0 , 0 , 0
951 , 0 , 1000 , 880.858 , 0 , 0 , 0
952 , 0 , 1000 , 880.669 , 0 , 0 , 0
953 , 0 , 1000 , 880.481 , 0 , 0 , 0
954 , 0 , 1000 , 880.293 , 0 , 0 , 0
955 , 0 , 1000 , 880.104 , 0 , 0 , 0
956 , 0 , 1000 , 879.917 , 0 , 0 , 0
957 , 0 , 1000 , 879.729 , 0 , 0 , 0
958 , 0 , 1000 , 879.541 , 0 , 0 , 0
959 , 0 , 1000 , 879.354 , 0 , 0 , 0
960 , 0 , 1000 , 879.166 , 0 , 0 , 0
961 , 0 , 1000 , 878.979 , 0 , 0 , 0
962 , 0 , 1000 , 878.792 , 0 , 0 , 0
963 , 0 , 1000 , 878.605 , 0 , 0 , 0
964 , 0 , 1000 , 878.418 , 0 , 0 , 0
965 , 0 , 1000 , 878.232 , 0 , 0 , 0
966 , 0 , 1000 , 878.045 , 0 , 0 , 0
967 , 0 , 1000 , 877.859 , 0 , 0 , 0
968 , 0 , 1000 , 877.673 , 0 , 0 , 0
969 , 0 , 1000 , 877.486 , 0 , 0 , 0
970 , 0 , 1000 , 877.3 , 0 , 0 , 0
971 , 0 , 1000 , 877.115 , 0 , 0 , 0
972 , 0 , 1000 , 876.929 , 0 , 0 , 0
973 , 0 , 1000 , 876.743 , 0 , 0 , 0
974 , 0 , 1000 , 876.558 , 0 , 0 , 0
975 , 0 , 1000 , 876.373 , 0 , 0 , 0
976 , 0 , 1000 , 876.188 , 0 , 0 , 0
977 , 0 , 1000 , 876.003 , 0 , 0 , 0
978 , 0 , 1000 , 875.818 , 0 , 0 , 0
979 , 0 , 1000 , 875.633 , 0 , 0 , 0
980 , 0 , 1000 , 875.448 , 0 , 0 , 0
981 , 0 , 1000 , 875.264 , 0 , 0 , 0
982 , 0 , 1000 , 875.08 , 0 , 0 , 0
983 , 0 , 1000 , 874.896 , 0 , 0 , 0
984 , 0 , 1000 , 874.711 , 0 , 0 , 0
985 , 0 , 1000 , 874.527 , 0 , 0 , 0
986 , 0 , 1000 , 874.344 , 0 , 0 , 0
987 , 0 , 1000 , 874.16 , 0 , 0 , 0
988 , 0 , 1000 , 873.977 , 0 , 0 , 0
989 , 0 , 1000 , 873.793 , 0 , 0 , 0
990 , 0 , 1000 , 873.61 , 0 , 0 , 0
991 , 0 , 1000 , 873.427 , 0 , 0 , 0
992 , 0 , 1000 , 873.244 , 0 , 0 , 0
993 , 0 , 1000 , 873.061 , 0 , 0 , 0
994 , 0 , 1000 , 872.878 , 0 , 0 , 0
995 , 0 , 1000 , 872.695 , 0 , 0 , 0
996 , 0 , 1000 , 872.513 , 0 , 0 , 0
997 , 0 , 1000 , 872.331 , 0 , 0 , 0
998 , 0 , 1000 , 872.148 , 0 , 0 , 0
999 , 0 , 1000 , 871.966 , 0 , 0 , 0
1000 , 0 , 1000 , 871.784 , 0 , 0 , 0
1001 , 0 , 1000 , 871.603 , 0 , 0 , 0
1002 , 0 , 1000 , 871.421 , 0 , 0 , 0
1003 , 0 , 1000 , 871.239 , 0 , 0 , 0
1004 , 0 , 1000 , 871.058 , 0 , 0 , 0
1005 , 0 , 1000 , 870.876 , 0 , 0 , 0
1006 , 0 , 1000 , 870.695 , 0 , 0 , 0
1007 , 0 , 1000 , 870.514 , 0 , 0 , 0
1008 , 0 , 1000 , 870.333 , 0 , 0 , 0
1009 , 0 , 1000 , 870.152 , 0 , 0 , 0
1010 , 0 , 1000 , 869.972 , 0 , 0 , 0
1011 , 0 , 1000 , 869.791 , 0 , 0 , 0
1012 , 0 , 1000 , 869.611 , 0 , 0 , 0
1013 , 0 , 1000 , 869.431 , 0 , 0 , 0
1014 , 0 , 1000 , 869.25 , 0 , 0 , 0
1015 , 0 , 1000 , 869.07 , 0 , 0 , 0
1016 , 0 , 1000 , 868.89 , 0 , 0 , 0
1017 , 0 , 1000 , 868.711 , 0 , 0 , 0
1018 , 0 , 1000 , 868.531 , 0 , 0 , 0
1019 , 0 , 1000 , 868.351 , 0 , 0 , 0
1020 , 0 , 1000 , 868.172 , 0 , 0 , 0
1021 , 0 , 1000 , 867.992 , 0 , 0 , 0
1022 , 0 , 1000 , 867.813 , 0 , 0 , 0
1023 , 0 , 1000 , 867.634 , 0 , 0 , 0
1024 , 0 , 1000 , 867.455 , 0 , 0 , 0
1025 , 0 , 1000 , 867.276 , 0 , 0 , 0
1026 , 0 , 1000 , 867.098 , 0 , 0 , 0
1027 , 0 , 1000 , 866.919 , 0 , 0 , 0
1028 , 0 , 1000 , 866.741 , 0 , 0 , 0
1029 , 0 , 1000 , 866.562 , 0 , 0 , 0
1030 , 0 , 1000 , 866.384 , 0 , 0 , 0
1031 , 0 , 1000 , 866.206 , 0 , 0 , 0
1032 , 0 , 1000 , 866.028 , 0 , 0 , 0
1033 , 0 , 1000 , 865.85 , 0 , 0 , 0
1034 , 0 , 1000 , 865.672 , 0 , 0 , 0
1035 , 0 , 1000 , 865.495 , 0 , 0 , 0
1036 , 0 , 1000 , 865.317 , 0 , 0 , 0
1037 , 0 , 1000 , 865.14 , 0 , 0 , 0
1038 , 0 , 1000 , 864.963 , 0 , 0 , 0
1039 , 0 , 1000 , 864.786 , 0 , 0 , 0
1040 , 0 , 1000 , 864.608 , 0 , 0 , 0
1041 , 0 , 1000 , 864.432 , 0 , 0 , 0
1042 , 0 , 1000 , 864.255 , 0 , 0 , 0
1043 , 0 , 1000 , 864.078 , 0 , 0 , 0
1044 , 0 , 1000 , 863.901 , 0 , 0 , 0
1045 , 0 , 1000 , 863.725 , 0 , 0 , 0
1046 , 0 , 1000 , 863.549 , 0 , 0 , 0
1047 , 0 , 1000 , 863.372 , 0 , 0 , 0
1048 , 0 , 1000 , 863.196 , 0 , 0 , 0
1049 , 0 , 1000 , 863.02 , 0 , 0 , 0
1050 , 0 , 1000 , 862.844 , 0 , 0 , 0
1051 , 0 , 1000 , 862.668 , 0 , 0 , 0
1052 , 0 , 1000 , 862.493 , 0 , 0 , 0
1053 , 0 , 1000 , 862.317 , 0 , 0 , 0
1054 , 0 , 1000 , 862.142 , 0 , 0 , 0
1055 , 0 , 1000 , 861.966 , 0 , 0 , 0
1056 , 0 , 1000 , 861.791 , 0 , 0 , 0
1057 , 0 , 1000 , 861.616 , 0 , 0 , 0
1058 , 0 , 1000 , 861.441 , 0 , 0 , 0
1059 , 0 , 1000 , 861.266 , 0 , 0 , 0
1060 , 0 , 1000 , 861.091 , 0 , 0 , 0
1061 , 0 , 1000 , 860.917 , 0 , 0 , 0
1062 , 0 , 1000 , 860.742 , 0 , 0 , 0
1063 , 0 , 1000 , 860.568 , 0 , 0 , 0
1064 , 0 , 1000 , 860.393 , 0 , 0 , 0
1065 , 0 , 1000 , 860.219 , 0 , 0 , 0
1066 , 0 , 1000 , 860.045 , 0 , 0 , 0
1067 , 0 , 1000 , 859.871 , 0 , 0 , 0
1068 , 0 , 1000 , 859.697 , 0 , 0 , 0
1069 , 0 , 1000 , 859.523 , 0 , 0 , 0
1070 , 0 , 1000 , 859.35 , 0 , 0 , 0
1071 , 0 , 1000 , 859.176 , 0 , 0 , 0
1072 , 0 , 1000 , 859.002 , 0 , 0 , 0
1073 , 0 , 1000 , 858.829 , 0 , 0 , 0
1074 , 0 , 1000 , 858.656 , 0 , 0 , 0
1075 , 0 , 1000 , 858.483 , 0 , 0 , 0
1076 , 0 , 1000 , 858.31 , 0 , 0 , 0
1077 , 0 , 1000 , 858.137 , 0 , 0 , 0
1078 , 0 , 1000 , 857.964 , 0 , 0 , 0
1079 , 0 , 1000 , 857.791 , 0 , 0 , 0
1080 , 0 , 1000 , 857.618 , 0 , 0 , 0
1081 , 0 , 1000 , 857.446 , 0 , 0 , 0
1082 , 0 , 1000 , 857.273 , 0 , 0 , 0
1083 , 0 , 1000 , 857.101 , 0 , 0 , 0
1084 , 0 , 1000 , 856.929 , 0 , 0 , 0
1085 , 0 , 1000 , 856.757 , 0 , 0 , 0
1086 , 0 , 1000 , 856.584 , 0 , 0 , 0
1087 , 0 , 1000 , 856.413 , 0 , 0 , 0
1088 , 0 , 1000 , 856.241 , 0 , 0 , 0
1089 , 0 , 1000 , 856.069 , 0 , 0 , 0
1090 , 0 , 1000 , 855.897 , 0 , 0 , 0
1091 , 0 , 1000 , 855.726 , 0 , 0 , 0
1092 , 0 , 1000 , 855.554 , 0 , 0 , 0
1093 , 0 , 1000 , 855.383 , 0 , 0 , 0
1094 , 0 , 1000 , 855.212 , 0 , 0 , 0
1095 , 0 , 1000 , 855.041 , 0 , 0 , 0
1096 , 0 , 1000 , 854.87 , 0 , 0 , 0
1097 , 0 , 1000 , 854.699 , 0 , 0 , 0
1098 , 0 , 1000 , 854.528 , 0 , 0 , 0
1099 , 0 , 1000 , 854.357 , 0 , 0 , 0
1100 , 0 , 1000 , 854.186 , 0 , 0 , 0
1101 , 0 , 1000 , 854.016 , 0 , 0 , 0
1102 , 0 , 1000 , 853.845 , 0 , 0 , 0
1103 , 0 , 1000 , 853.675 , 0 , 0 , 0
1104 , 0 , 1000 , 853.505 , 0 , 0 , 0
1105 , 0 , 1000 , 853.334 , 0 , 0 , 0
1106 , 0 , 1000 , 853.164 , 0 , 0 , 0
1107 , 0 , 1000 , 852.994 , 0 , 0 , 0
1108 , 0 , 1000 , 852.824 , 0 , 0 , 0
1109 , 0 , 1000 , 852.654 , 0 , 0 , 0
1110 , 0 , 1000 , 852.485 , 0 , 0 , 0
1111 , 0 , 1000 , 852.315 , 0 , 0 , 0
1112 , 0 , 1000 , 852.146 , 0 , 0 , 0
1113 , 0 , 1000 , 851.976 , 0 , 0 , 0
1114 , 0 , 1000 , 851.807 , 0 , 0 , 0
1115 , 0 , 1000 , 851.637 , 0 , 0 , 0
1116 , 0 , 1000 , 851.468 , 0 , 0 , 0
1117 , 0 , 1000 , 851.299 , 0 , 0 , 0
1118 , 0 , 1000 , 851.13 , 0 , 0 , 0
1119 , 0 , 1000 , 850.961 , 0 , 0 , 0
1120 , 0 , 1000 , 850.792 , 0 , 0 , 0
1121 , 0 , 1000 , 850.624 , 0 , 0 , 0
1122 , 0 , 1000 , 850.455 , 0 , 0 , 0
1123 , 0 , 1000 , 850.286 , 0 , 0 , 0
1124 , 0 , 1000 , 850.118 , 0 , 0 , 0
1125 , 0 , 1000 , 849.95 , 0 , 0 , 0
1126 , 0 , 1000 , 849.781 , 0 , 0 , 0
1127 , 0 , 1000 , 849.613 , 0 , 0 , 0
1128 , 0 , 1000 , 849.445 , 0 , 0 , 0
1129 , 0 , 1000 , 849.277 , 0 , 0 , 0
1130 , 0 , 1000 , 849.109 , 0 , 0 , 0
1131 , 0 , 1000 , 848.941 , 0 , 0 , 0
1132 , 0 , 1000 , 848.773 , 0 , 0 , 0
1133 , 0 , 1000 , 848.605 , 0 , 0 , 0
1134 , 0 , 1000 , 848.438 , 0 , 0 , 0
1135 , 0 , 1000 , 848.27 , 0 , 0 , 0
1136 , 0 , 1000 , 848.103 , 0 , 0 , 0
1137 , 0 , 1000 , 847.935 , 0 , 0 , 0
1138 , 0 , 1000 , 847.768 , 0 , 0 , 0
1139 , 0 , 1000 , 847.601 , 0 , 0 , 0
1140 , 0 , 1000 , 847.434 , 0 , 0 , 0
1141 , 0 , 1000 , 847.267 , 0 , 0 , 0
1142 , 0 , 1000 , 847.1 , 0 , 0 , 0
1143 , 0 , 1000 , 846.933 , 0 , 0 , 0
1144 , 0 , 1000 , 846.766 , 0 , 0 , 0
1145 , 0 , 1000 , 846.599 , 0 , 0 , 0
1146 , 0 , 1000 , 846.433 , 0 , 0 , 0
1147 , 0 , 1000 , 846.266 , 0 , 0 , 0
1148 , 0 , 1000 , 846.1 , 0 , 0 , 0
1149 , 0 , 1000 , 845.933 , 0 , 0 , 0
1150 , 0 , 1000 , 845.767 , 0 , 0 , 0
1151 , 0 , 1000 , 845.601 , 0 , 0 , 0
1152 , 0 , 1000 , 845.435 , 0 , 0 , 0
1153 , 0 , 1000 , 845.269 , 0 , 0 , 0
1154 , 0 , 1000 , 845.103 , 0 , 0 , 0
1155 , 0 , 1000 , 844.937 , 0 , 0 , 0
1156 , 0 , 1000 , 844.771 , 0 , 0 , 0
1157 , 0 , 1000 , 844.605 , 0 , 0 , 0
1158 , 0 , 1000 , 844.44 , 0 , 0 , 0
1159 , 0 , 1000 , 844.274 , 0 , 0 , 0
1160 , 0 , 1000 , 844.109 , 0 , 0 , 0
1161 , 0 , 1000 , 843.943 , 0 , 0 , 0
1162 , 0 , 1000 , 843.778 , 0 , 0 , 0
1163 , 0 , 1000 , 843.612 , 0 , 0 , 0
1164 , 0 , 1000 , 843.447 , 0 , 0 , 0
1165 , 0 , 1000 , 843.282 , 0 , 0 , 0
1166 , 0 , 1000 , 843.117 , 0 , 0 , 0
1167 , 0 , 1000 , 842.952 , 0 , 0 , 0
1168 , 0 , 1000 , 842.787 , 0 , 0 , 0
1169 , 0 , 1000 , 842.622 , 0 , 0 , 0
1170 , 0 , 1000 , 842.458 , 0 , 0 , 0
1171 , 0 , 1000 , 842.293 , 0 , 0 , 0
1172 , 0 , 1000 , 842.128 , 0 , 0 , 0
1173 , 0 , 1000 , 841.964 , 0 , 0 , 0
1174 , 0 , 1000 , 841.799 , 0 , 0 , 0
1175 , 0 , 1000 , 841.635 , 0 , 0 , 0
1176 , 0 , 1000 , 841.471 , 0 , 0 , 0
1177 , 0 , 1000 , 841.306 , 0 , 0 , 0
1178 , 0 , 1000 , 841.142 , 0 , 0 , 0
1179 , 0 , 1000 , 840.978 , 0 , 0 , 0
1180 , 0 , 1000 , 840.814 , 0 , 0 , 0
1181 , 0 , 1000 , 840.65 , 0 , 0 , 0
1182 , 0 , 1000 , 840.486 , 0 , 0 , 0
1183 , 0 , 1000 , 840.322 , 0 , 0 , 0
1184 , 0 , 1000 , 840.159 , 0 , 0 , 0
1185 , 0 , 1000 , 839.995 , 0 , 0 , 0
1186 , 0 , 1000 , 839.831 , 0 , 0 , 0
1187 , 0 , 1000 , 839.668 , 0 , 0 , 0
1188 , 0 , 1000 , 839.504 , 0 , 0 , 0
1189 , 0 , 1000 , 839.341 , 0 , 0 , 0
1190 , 0 , 1000 , 839.178 , 0 , 0 , 0
1191 , 0 , 1000 , 839.015 , 0 , 0 , 0
1192 , 0 , 1000 , 838.851 , 0 , 0 , 0
1193 , 0 , 1000 , 838.688 , 0 , 0 , 0
1194 , 0 , 1000 , 838.525 , 0 , 0 , 0
1195 , 0 , 1000 , 838.362 , 0 , 0 , 0
1196 , 0 , 1000 , 838.199 , 0 , 0 , 0
1197 , 0 , 1000 , 838.036 , 0 , 0 , 0
1198 , 0 , 1000 , 837.874 , 0 , 0 , 0
1199 , 0 , 1000 , 837.711 , 0 , 0 , 0
1200 , 0 , 1000 , 837.548 , 0 , 0 , 0
1201 , 0 , 1000 , 837.386 , 0 , 0 , 0
1202 , 0 , 1000 , 837.223 , 0 , 0 , 0
1203 , 0 , 1000 , 837.061 , 0 , 0 , 0
1204 , 0 , 1000 , 836.898 , 0 , 0 , 0
1205 , 0 , 1000 , 836.736 , 0 , 0 , 0
1206 , 0 , 1000 , 836.574 , 0 , 0 , 0
1207 , 0 , 1000 , 836.412 , 0 , 0 , 0
1208 , 0 , 1000 , 836.25 , 0 , 0 , 0
1209 , 0 , 1000 , 836.088 , 0 , 0 , 0
1210 , 0 , 1000 , 835.926 , 0 , 0 , 0
1211 , 0 , 1000 , 835.764 , 0 , 0 , 0
1212 , 0 , 1000 , 835.602 , 0 , 0 , 0
1213 , 0 , 1000 , 835.44 , 0 , 0 , 0
1214 , 0 , 1000 , 835.278 , 0 , 0 , 0
1215 , 0 , 1000 , 835.117 , 0 , 0 , 0
1216 , 0 , 1000 , 834.955 , 0 , 0 , 0
1217 , 0 , 1000 , 834.794 , 0 , 0 , 0
1218 , 0 , 1000 , 834.632 , 0 , 0 , 0
1219 , 0 , 1000 , 834.471 , 0 , 0 , 0
1220 , 0 , 1000 , 834.309 , 0 , 0 , 0
1221 , 0 , 1000 , 834.148 , 0 , 0 , 0
1222 , 0 , 1000 , 833.987 , 0 , 0 , 0
1223 , 0 , 1000 , 833.826 , 0 , 0 , 0
1224 , 0 , 1000 , 833.665 , 0 , 0 , 0
1225 , 0 , 1000 , 833.504 , 0 , 0 , 0
1226 , 0 , 1000 , 833.343 , 0 , 0 , 0
1227 , 0 , 1000 , 833.182 , 0 , 0 , 0
1228 , 0 , 1000 , 833.021 , 0 , 0 , 0
1229 , 0 , 1000 , 832.86 , 0 , 0 , 0
1230 , 0 , 1000 , 832.699 , 0 , 0 , 0
1231 , 0 , 1000 , 832.539 , 0 , 0 , 0
1232 , 0 , 1000 , 832.378 , 0 , 0 , 0
1233 , 0 , 1000 , 832.218 , 0 , 0 , 0
1234 , 0 , 1000 , 832.057 , 0 , 0 , 0
1235 , 0 , 1000 , 831.897 , 0 , 0 , 0
1236 , 0 , 1000 , 831.736 , 0 , 0 , 0
1237 , 0 , 1000 , 831.576 , 0 , 0 , 0
1238 , 0 , 1000 , 831.416 , 0 , 0 , 0
1239 , 0 , 1000 , 831.256 , 0 , 0 , 0
1240 , 0 , 1000 , 831.095 , 0 , 0 , 0
1241 , 0 , 1000 , 830.935 , 0 , 0 , 0
1242 , 0 , 1000 , 830.775 , 0 , 0 , 0
1243 , 0 , 1000 , 830.615 , 0 , 0 , 0
1244 , 0 , 1000 , 830.456 , 0 , 0 , 0
1245 , 0 , 1000 , 830.296 , 0 , 0 , 0
1246 , 0 , 1000 , 830.136 , 0 , 0 , 0
1247 , 0 , 1000 , 829.976 , 0 , 0 , 0
1248 , 0 , 1000 , 829.816 , 0 , 0 , 0
1249 , 0 , 1000 , 829.657 , 0 , 0 , 0
1250 , 0 , 1000 , 829.497 , 0 , 0 , 0
1251 , 0 , 1000 , 829.338 , 0 , 0 , 0
1252 , 0 , 1000 , 829.178 , 0 , 0 , 0
1253 , 0 , 1000 , 829.019 , 0 , 0 , 0
1254 , 0 , 1000 , 828.86 , 0 , 0 , 0
1255 , 0 , 1000 , 828.701 , 0 , 0 , 0
1256 , 0 , 1000 , 828.541 , 0 , 0 , 0
1257 , 0 , 1000 , 828.382 , 0 , 0 , 0
1258 , 0 , 1000 , 828.223 , 0 , 0 , 0
1259 , 0 , 1000 , 828.064 , 0 , 0 , 0
1260 , 0 , 1000 , 827.905 , 0 , 0 , 0
1261 , 0 , 1000 , 827.746 , 0 , 0 , 0
1262 , 0 , 1000 , 827.587 , 0 , 0 , 0
1263 , 0 , 1000 , 827.429 , 0 , 0 , 0
1264 , 0 , 1000 , 827.27 , 0 , 0 , 0
1265 , 0 , 1000 , 827.111 , 0 , 0 , 0
1266 , 0 , 1000 , 826.952 , 0 , 0 , 0
1267 , 0 , 1000 , 826.794 , 0 , 0 , 0
1268 , 0 , 1000 , 826.635 , 0 , 0 , 0
1269 , 0 , 1000 , 826.477 , 0 , 0 , 0
1270 , 0 , 1000 , 826.318 , 0 , 0 , 0
1271 , 0 , 1000 , 826.16 , 0 , 0 , 0
1272 , 0 , 1000 , 826.002 , 0 , 0 , 0
1273 , 0 , 1000 , 825.844 , 0 , 0 , 0
1274 , 0 , 1000 , 825.685 , 0 , 0 , 0
1275 , 0 , 1000 , 825.527 , 0 , 0 , 0
1276 , 0 , 1000 , 825.369 , 0 , 0 , 0
1277 , 0 , 1000 , 825.211 , 0 , 0 , 0
1278 , 0 , 1000 , 825.053 , 0 , 0 , 0
1279 , 0 , 1000 , 824.895 , 0 , 0 , 0
1280 , 0 , 1000 , 824.737 , 0 , 0 , 0
1281 , 0 , 1000 , 824.58 , 0 , 0 , 0
1282 , 0 , 1000 , 824.422 , 0 , 0 , 0
1283 , 0 , 1000 , 824.264 , 0 , 0 , 0
1284 , 0 , 1000 , 824.107 , 0 , 0 , 0
1285 , 0 , 1000 , 823.949 , 0 , 0 , 0
1286 , 0 , 1000 , 823.791 , 0 , 0 , 0
1287 , 0 , 1000 , 823.634 , 0 , 0 , 0
1288 , 0 , 1000 , 823.476 , 0 , 0 , 0
1289 , 0 , 1000 , 823.319 , 0 , 0 , 0
1290 , 0 , 1000 , 823.162 , 0 , 0 , 0
1291 , 0 , 1000 , 823.004 , 0 , 0 , 0
1292 , 0 , 1000 , 822.847 , 0 , 0 , 0
1293 , 0 , 1000 , 822.69 , 0 , 0 , 0
1294 , 0 , 1000 , 822.533 , 0 , 0 , 0
1295 , 0 , 1000 , 822.376 , 0 , 0 , 0
1296 , 0 , 1000 , 822.219 , 0 , 0 , 0
1297 , 0 , 1000 , 822.062 , 0 , 0 , 0
1298 , 0 , 1000 , 821.905 , 0 , 0 , 0
1299 , 0 , 1000 , 821.748 , 0 , 0 , 0
1300 , 0 , 1000 , 821.591 , 0 , 0 , 0
1301 , 0 , 1000 , 821.435 , 0 , 0 , 0
1302 , 0 , 1000 , 821.278 , 0 , 0 , 0
1303 , 0 , 1000 , 821.121 , 0 , 0 , 0
1304 , 0 , 1000 , 820.965 , 0 , 0 , 0
1305 , 0 , 1000 , 820.808 , 0 , 0 , 0
1306 , 0 , 1000 , 820.652 , 0 , 0 , 0
1307 , 0 , 1000 , 820.495 , 0 , 0 , 0
1308 , 0 , 1000 , 820.339 , 0 , 0 , 0
1309 , 0 , 1000 , 820.182 , 0 , 0 , 0
1310 , 0 , 1000 , 820.026 , 0 , 0 , 0
1311 , 0 , 1000 , 819.87 , 0 , 0 , 0
1312 , 0 , 1000 , 819.714 , 0 , 0 , 0
1313 , 0 , 1000 , 819.558 , 0 , 0 , 0
1314 , 0 , 1000 , 819.402 , 0 , 0 , 0
1315 , 0 , 1000 , 819.246 , 0 , 0 , 0
1316 , 0 , 1000 , 819.09 , 0 , 0 , 0
1317 , 0 , 1000 , 818.934 , 0 , 0 , 0
1318 , 0 , 1000 , 818.778 , 0 , 0 , 0
1319 , 0 , 1000 , 818.622 , 0 , 0 , 0
1320 , 0 , 1000 , 818.466 , 0 , 0 , 0
1321 , 0 , 1000 , 818.311 , 0 , 0 , 0
1322 , 0 , 1000 , 818.155 , 0 , 0 , 0
1323 , 0 , 1000 , 817.999 , 0 , 0 , 0
1324 , 0 , 1000 , 817.844 , 0 , 0 , 0
1325 , 0 , 1000 , 817.688 , 0 , 0 , 0
1326 , 0 , 1000 , 817.533 , 0 , 0 , 0
1327 , 0 , 1000 , 817.378 , 0 , 0 , 0
1328 , 0 , 1000 , 817.222 , 0 , 0 , 0
1329 , 0 , 1000 , 817.067 , 0 , 0 , 0
1330 , 0 , 1000 , 816.912 , 0 , 0 , 0
1331 , 0 , 1000 , 816.757 , 0 , 0 , 0
1332 , 0 , 1000 , 816.602 , 0 , 0 , 0
1333 , 0 , 1000 , 816.446 , 0 , 0 , 0
1334 , 0 , 1000 , 816.291 , 0 , 0 , 0
1335 , 0 , 1000 , 816.136 , 0 , 0 , 0
1336 , 0 , 1000 , 815.981 , 0 , 0 , 0
1337 , 0 , 1000 , 815.826 , 0 , 0 , 0
1338 , 0 , 1000 , 815.672 , 0 , 0 , 0
1339 , 0 , 1000 , 815.517 , 0 , 0 , 0
1340 , 0 , 1000 , 815.362 , 0 , 0 , 0
1341 , 0 , 1000 , 815.207 , 0 , 0 , 0
1342 , 0 , 1000 , 815.053 , 0 , 0 , 0
1343 , 0 , 1000 , 814.898 , 0 , 0 , 0
1344 , 0 , 1000 , 814.744 , 0 , 0 , 0
1345 , 0 , 1000 , 814.589 , 0 , 0 , 0
1346 , 0 , 1000 , 814.435 , 0 , 0 , 0
1347 , 0 , 1000 , 814.28 , 0 , 0 , 0
1348 , 0 , 1000 , 814.126 , 0 , 0 , 0
1349 , 0 , 1000 , 813.972 , 0 , 0 , 0
1350 , 0 , 1000 , 813.818 , 0 , 0 , 0
1351 , 0 , 1000 , 813.663 , 0 , 0 , 0
1352 , 0 , 1000 , 813.509 , 0 , 0 , 0
1353 , 0 , 1000 , 813.355 , 0 , 0 , 0
1354 , 0 , 1000 , 813.201 , 0 , 0 , 0
1355 , 0 , 1000 , 813.047 , 0 , 0 , 0
1356 , 0 , 1000 , 812.893 , 0 , 0 , 0
1357 , 0 , 1000 , 812.74 , 0 , 0 , 0
1358 , 0 , 1000 , 812.586 , 0 , 0 , 0
1359 , 0 , 1000 , 812.432 , 0 , 0 , 0
1360 , 0 , 1000 , 812.278 , 0 , 0 , 0
1361 , 0 , 1000 , 812.125 , 0 , 0 , 0
1362 , 0 , 1000 , 811.971 , 0 , 0 , 0
1363 , 0 , 1000 , 811.817 , 0 , 0 , 0
1364 , 0 , 1000 , 811.664 , 0 , 0 , 0
1365 , 0 , 1000 , 811.51 , 0 , 0 , 0
1366 , 0 , 1000 , 811.357 , 0 , 0 , 0
1367 , 0 , 1000 , 811.203 , 0 , 0 , 0
1368 , 0 , 1000 , 811.05 , 0 , 0 , 0
1369 , 0 , 1000 , 810.897 , 0 , 0 , 0
1370 , 0 , 1000 , 810.744 , 0 , 0 , 0
1371 , 0 , 1000 , 810.59 , 0 , 0 , 0
1372 , 0 , 1000 , 810.437 , 0 , 0 , 0
1373 , 0 , 1000 , 810.284 , 0 , 0 , 0
1374 , 0 , 1000 , 810.131 , 0 , 0 , 0
1375 , 0 , 1000 , 809.978 , 0 , 0 , 0
1376 , 0 , 1000 , 809.825 , 0 , 0 , 0
1377 , 0 , 1000 , 809.672 , 0 , 0 , 0
1378 , 0 , 1000 , 809.519 , 0 , 0 , 0
1379 , 0 , 1000 , 809.367 , 0 , 0 , 0
1380 , 0 , 1000 , 809.214 , 0 , 0 , 0
1381 , 0 , 1000 , 809.061 , 0 , 0 , 0
1382 , 0 , 1000 , 808.909 , 0 , 0 , 0
1383 , 0 , 1000 , 808.756 , 0 , 0 , 0
1384 , 0 , 1000 , 808.603 , 0 , 0 , 0
1385 , 0 , 1000 , 808.451 , 0 , 0 , 0
1386 , 0 , 1000 , 808.298 , 0 , 0 , 0
1387 , 0 , 1000 , 808.146 , 0 , 0 , 0
1388 , 0 , 1000 , 807.994 , 0 , 0 , 0
1389 , 0 , 1000 , 807.841 , 0 , 0 , 0
1390 , 0 , 1000 , 807.689 , 0 , 0 , 0
1391 , 0 , 1000 , 807.537 , 0 , 0 , 0
1392 , 0 , 1000 , 807.385 , 0 , 0 , 0
1393 , 0 , 1000 , 807.233 , 0 , 0 , 0
1394 , 0 , 1000 , 807.081 , 0 , 0 , 0
1395 , 0 , 1000 , 806.929 , 0 , 0 , 0
1396 , 0 , 1000 , 806.777 , 0 , 0 , 0
1397 , 0 , 1000 , 806.625 , 0 , 0 , 0
1398 , 0 , 1000 , 806.473 , 0 , 0 , 0
1399 , 0 , 1000 , 806.321 , 0 , 0 , 0
1400 , 0 , 1000 , 806.169 , 0 , 0 , 0
1401 , 0 , 1000 , 806.018 , 0 , 0 , 0
1402 , 0 , 1000 , 805.866 , 0 , 0 , 0
1403 , 0 , 1000 , 805.714 , 0 , 0 , 0
1404 , 0 , 1000 , 805.563 , 0 , 0 , 0
1405 , 0 , 1000 , 805.411 , 0 , 0 , 0
1406 , 0 , 1000 , 805.26 , 0 , 0 , 0
1407 , 0 , 1000 , 805.108 , 0 , 0 , 0
1408 , 0 , 1000 , 804.957 , 0 , 0 , 0
1409 , 0 , 1000 , 804.806 , 0 , 0 , 0
1410 , 0 , 1000 , 804.654 , 0 , 0 , 0
1411 , 0 , 1000 , 804.503 , 0 , 0 , 0
1412 , 0 , 1000 , 804.352 , 0 , 0 , 0
1413 , 0 , 1000 , 804.201 , 0 , 0 , 0
1414 , 0 , 1000 , 804.05 , 0 , 0 , 0
1415 , 0 , 1000 , 803.899 , 0 , 0 , 0
1416 , 0 , 1000 , 803.748 , 0 , 0 , 0
1417 , 0 , 1000 , 803.597 , 0 , 0 , 0
1418 , 0 , 1000 , 803.446 , 0 , 0 , 0
1419 , 0 , 1000 , 803.295 , 0 , 0 , 0
1420 , 0 , 1000 , 803.144 , 0 , 0 , 0
1421 , 0 , 1000 , 802.993 , 0 , 0 , 0
1422 , 0 , 1000 , 802.843 , 0 , 0 , 0
1423 , 0 , 1000 , 802.692 , 0 , 0 , 0
1424 , 0 , 1000 , 802.541 , 0 , 0 , 0
1425 , 0 , 1000 , 802.391 , 0 , 0 , 0
1426 , 0 , 1000 , 802.24 , 0 , 0 , 0
1427 , 0 , 1000 , 802.09 , 0 , 0 , 0
1428 , 0 , 1000 , 801.94 , 0 , 0 , 0
1429 , 0 , 1000 , 801.789 , 0 , 0 , 0
1430 , 0 , 1000 , 801.639 , 0 , 0 , 0
1431 , 0 , 1000 , 801.489 , 0 , 0 , 0
1432 , 0 , 1000 , 801.338 , 0 , 0 , 0
1433 , 0 , 1000 , 801.188 , 0 , 0 , 0
1434 , 0 , 1000 , 801.038 , 0 , 0 , 0
1435 , 0 , 1000 , 800.888 , 0 , 0 , 0
1436 , 0 , 1000 , 800.738 , 0 , 0 , 0
1437 , 0 , 1000 , 800.588 , 0 , 0 , 0
1438 , 0 , 1000 , 800.438 , 0 , 0 , 0
1439 , 0 , 1000 , 800.288 , 0 , 0 , 0
1440 , 0 , 1000 , 800.138 , 0 , 0 , 0
1441 , 0 , 1000 , 799.989 , 0 , 0 , 0
1442 , 0 , 1000 , 799.839 , 0 , 0 , 0
1443 , 0 , 1000 , 799.689 , 0 , 0 , 0
1444 , 0 , 1000 , 799.539 , 0 , 0 , 0
1445 , 0 , 1000 , 799.39 , 0 , 0 , 0
1446 , 0 , 1000 , 799.24 , 0 , 0 , 0
1447 , 0 , 1000 , 799.091 , 0 , 0 , 0
1448 , 0 , 1000 , 798.941 , 0 , 0 , 0
1449 , 0 , 1000 , 798.792 , 0 , 0 , 0
1450 , 0 , 1000 , 798.643 , 0 , 0 , 0
1451 , 0 , 1000 , 798.494 , 0 , 0 , 0
1452 , 0 , 1000 , 798.344 , 0 , 0 , 0
1453 , 0 , 1000 , 798.195 , 0 , 0 , 0
1454 , 0 , 1000 , 798.046 , 0 , 0 , 0
1455 , 0 , 1000 , 797.897 , 0 , 0 , 0
1456 , 0 , 1000 , 797.748 , 0 , 0 , 0
1457 , 0 , 1000 , 797.599 , 0 , 0 , 0
1458 , 0 , 1000 , 797.45 , 0 , 0 , 0
1459 , 0 , 1000 , 797.301 , 0 , 0 , 0
1460 , 0 , 1000 , 797.152 , 0 , 0 , 0
1461 , 0 , 1000 , 797.003 , 0 , 0 , 0
1462 , 0 , 1000 , 796.855 , 0 , 0 , 0
1463 , 0 , 1000 , 796.706 , 0 , 0 , 0
1464 , 0 , 1000 , 796.557 , 0 , 0 , 0
1465 , 0 , 1000 , 796.409 , 0 , 0 , 0
1466 , 0 , 1000 , 796.26 , 0 , 0 , 0
1467 , 0 , 1000 , 796.112 , 0 , 0 , 0
1468 , 0 , 1000 , 795.963 , 0 , 0 , 0
1469 , 0 , 1000 , 795.815 , 0 , 0 , 0
1470 , 0 , 1000 , 795.667 , 0 , 0 , 0
1471 , 0 , 1000 , 795.518 , 0 , 0 , 0
1472 , 0 , 1000 , 795.37 , 0 , 0 , 0
1473 , 0 , 1000 , 795.222 , 0 , 0 , 0
1474 , 0 , 1000 , 795.074 , 0 , 0 , 0
1475 , 0 , 1000 , 794.926 , 0 , 0 , 0
1476 , 0 , 1000 , 794.778 , 0 , 0 , 0
1477 , 0 , 1000 , 794.63 , 0 , 0 , 0
1478 , 0 , 1000 , 794.482 , 0 , 0 , 0
1479 , 0 , 1000 , 794.334 , 0 , 0 , 0
1480 , 0 , 1000 , 794.186 , 0 , 0 , 0
1481 , 0 , 1000 , 794.038 , 0 , 0 , 0
1482 , 0 , 1000 , 793.891 , 0 , 0 , 0
1483 , 0 , 1000 , 793.743 , 0 , 0 , 0
1484 , 0 , 1000 , 793.595 , 0 , 0 , 0
1485 , 0 , 1000 , 793.448 , 0 , 0 , 0
1486 , 0 , 1000 , 793.3 , 0 , 0 , 0
1487 , 0 , 1000 , 793.153 , 0 , 0 , 0
1488 , 0 , 1000 , 793.005 , 0 , 0 , 0
1489 , 0 , 1000 , 792.858 , 0 , 0 , 0
1490 , 0 , 1000 , 792.71 , 0 , 0 , 0
1491 , 0 , 1000 , 792.563 , 0 , 0 , 0
1492 , 0 , 1000 , 792.416 , 0 , 0 , 0
1493 , 0 , 1000 , 792.269 , 0 , 0 , 0
1494 , 0 , 1000 , 792.122 , 0 , 0 , 0
1495 , 0 , 1000 , 791.975 , 0 , 0 , 0
1496 , 0 , 1000 , 791.828 , 0 , 0 , 0
1497 , 0 , 1000 , 791.681 , 0 , 0 , 0
1498 , 0 , 1000 , 791.534 , 0 , 0 , 0
1499 , 0 , 1000 , 791.387 , 0 , 0 , 0
1500 , 0 , 1000 , 791.24 , 0 , 0 , 0
1501 , 0 , 1000 , 791.094 , 0 , 0 , 0
1502 , 0 , 1000 , 790.947 , 0 , 0 , 0
1503 , 0 , 1000 , 790.8 , 0 , 0 , 0
1504 , 0 , 1000 , 790.654 , 0 , 0 , 0
1505 , 0 , 1000 , 790.507 , 0 , 0 , 0
1506 , 0 , 1000 , 790.361 , 0 , 0 , 0
1507 , 0 , 1000 , 790.214 , 0 , 0 , 0
1508 , 0 , 1000 , 790.068 , 0 , 0 , 0
1509 , 0 , 1000 , 789.922 , 0 , 0 , 0
1510 , 0 , 1000 , 789.776 , 0 , 0 , 0
1511 , 0 , 1000 , 789.63 , 0 , 0 , 0
1512 , 0 , 1000 , 789.483 , 0 , 0 , 0
1513 , 0 , 1000 , 789.337 , 0 , 0 , 0
1514 , 0 , 1000 , 789.191 , 0 , 0 , 0
1515 , 0 , 1000 , 789.046 , 0 , 0 , 0
1516 , 0 , 1000 , 788.9 , 0 , 0 , 0
1517 , 0 , 1000 , 788.754 , 0 , 0 , 0
1518 , 0 , 1000 , 788.608 , 0 , 0 , 0
1519 , 0 , 1000 , 788.462 , 0 , 0 , 0
1520 , 0 , 1000 , 788.317 , 0 , 0 , 0
1521 , 0 , 1000 , 788.171 , 0 , 0 , 0
1522 , 0 , 1000 , 788.026 , 0 , 0 , 0
1523 , 0 , 1000 , 787.88 , 0 , 0 , 0
1524 , 0 , 1000 , 787.735 , 0 , 0 , 0
1525 , 0 , 1000 , 787.589 , 0 , 0 , 0
1526 , 0 , 1000 , 787.444 , 0 , 0 , 0
1527 , 0 , 1000 , 787.299 , 0 , 0 , 0
1528 , 0 , 1000 , 787.154 , 0 , 0 , 0
1529 , 0 , 1000 , 787.009 , 0 , 0 , 0
1530 , 0 , 1000 , 786.864 , 0 , 0 , 0
1531 , 0 , 1000 , 786.719 , 0 , 0 , 0
1532 , 0 , 1000 , 786.574 , 0 , 0 , 0
1533 , 0 , 1000 , 786.429 , 0 , 0 , 0
1534 , 0 , 1000 , 786.284 , 0 , 0 , 0
1535 , 0 , 1000 , 786.139 , 0 , 0 , 0
1536 , 0 , 1000 , 785.994 , 0 , 0 , 0
1537 , 0 , 1000 , 785.85 , 0 , 0 , 0
1538 , 0 , 1000 , 785.705 , 0 , 0 , 0
1539 , 0 , 1000 , 785.561 , 0 , 0 , 0
1540 , 0 , 1000 , 785.416 , 0 , 0 , 0
1541 , 0 , 1000 , 785.272 , 0 , 0 , 0
1542 , 0 , 1000 , 785.128 , 0 , 0 , 0
1543 , 0 , 1000 , 784.983 , 0 , 0 , 0
1544 , 0 , 1000 , 784.839 , 0 , 0 , 0
1545 , 0 , 1000 , 784.695 , 0 , 0 , 0
1546 , 0 , 1000 , 784.551 , 0 , 0 , 0
1547 , 0 , 1000 , 784.407 , 0 , 0 , 0
1548 , 0 , 1000 , 784.263 , 0 , 0 , 0
1549 , 0 , 1000 , 784.119 , 0 , 0 , 0
1550 , 0 , 1000 , 783.975 , 0 , 0 , 0
1551 , 0 , 1000 , 783.832 , 0 , 0 , 0
1552 , 0 , 1000 , 783.688 , 0 , 0 , 0
1553 , 0 , 1000 , 783.544 , 0 , 0 , 0
1554 , 0 , 1000 , 783.401 , 0 , 0 , 0
1555 , 0 , 1000 , 783.257 , 0 , 0 , 0
1556 , 0 , 1000 , 783.114 , 0 , 0 , 0
1557 , 0 , 1000 , 782.97 , 0 , 0 , 0
1558 , 0 , 1000 , 782.827 , 0 , 0 , 0
1559 , 0 , 1000 , 782.684 , 0 , 0 , 0
1560 , 0 , 1000 , 782.541 , 0 , 0 , 0
1561 , 0 , 1000 , 782.398 , 0 , 0 , 0
1562 , 0 , 1000 , 782.255 , 0 , 0 , 0
1563 , 0 , 1000 , 782.112 , 0 , 0 , 0
1564 , 0 , 1000 , 781.969 , 0 , 0 , 0
1565 , 0 , 1000 , 781.826 , 0 , 0 , 0
1566 , 0 , 1000 , 781.684 , 0 , 0 , 0
1567 , 0 , 1000 , 781.541 , 0 , 0 , 0
1568 , 0 , 1000 , 781.398 , 0 , 0 , 0
1569 , 0 , 1000 , 781.256 , 0 , 0 , 0
1570 , 0 , 1000 , 781.113 , 0 , 0 , 0
1571 , 0 , 1000 , 780.971 , 0 , 0 , 0
1572 , 0 , 1000 , 780.829 , 0 , 0 , 0
1573 , 0 , 1000 , 780.687 , 0 , 0 , 0
1574 , 0 , 1000 , 780.544 , 0 , 0 , 0
1575 , 0 , 1000 , 780.402 , 0 , 0 , 0
1576 , 0 , 1000 , 780.26 , 0 , 0 , 0
1577 , 0 , 1000 , 780.118 , 0 , 0 , 0
1578 , 0 , 1000 , 779.977 , 0 , 0 , 0
1579 , 0 , 1000 , 779.835 , 0 , 0 , 0
1580 , 0 , 1000 , 779.693 , 0 , 0 , 0
1581 , 0 , 1000 , 779.551 , 0 , 0 , 0
1582 , 0 , 1000 , 779.41 , 0 , 0 , 0
1583 , 0 , 1000 , 779.268 , 0 , 0 , 0
1584 , 0 , 1000 , 779.127 , 0 , 0 , 0
1585 , 0 , 1000 , 778.986 , 0 , 0 , 0
1586 , 0 , 1000 , 778.844 , 0 , 0 , 0
1587 , 0 , 1000 , 778.703 , 0 , 0 , 0
1588 , 0 , 1000 , 778.562 , 0 , 0 , 0
1589 , 0 , 1000 , 778.421 , 0 , 0 , 0
1590 , 0 , 1000 , 778.28 , 0 , 0 , 0
1591 , 0 , 1000 , 778.139 , 0 , 0 , 0
1592 , 0 , 1000 , 777.999 , 0 , 0 , 0
1593 , 0 , 1000 , 777.858 , 0 , 0 , 0
1594 , 0 , 1000 , 777.717 , 0 , 0 , 0
1595 , 0 , 1000 , 777.577 , 0 , 0 , 0
1596 , 0 , 1000 , 777.436 , 0 , 0 , 0
1597 , 0 , 1000 , 777.296 , 0 , 0 , 0
1598 , 0 , 1000 , 777.156 , 0 , 0 , 0
1599 , 0 , 1000 , 777.015 , 0 , 0 , 0
1600 , 0 , 1000 , 776.875 , 0 , 0 , 0
1601 , 0 , 1000 , 776.735 , 0 , 0 , 0
1602 , 0 , 1000 , 776.595 , 0 , 0 , 0
1603 , 0 , 1000 , 776.455 , 0 , 0 , 0
1604 , 0 , 1000 , 776.316 , 0 , 0 , 0
1605 , 0 , 1000 , 776.176 , 0 , 0 , 0
1606 , 0 , 1000 , 776.036 , 0 , 0 , 0
1607 , 0 , 1000 , 775.897 , 0 , 0 , 0
1608 , 0 , 1000 , 775.758 , 0 , 0 , 0
1609 , 0 , 1000 , 775.618 , 0 , 0 , 0
1610 , 0 , 1000 , 775.479 , 0 , 0 , 0
1611 , 0 , 1000 , 775.34 , 0 , 0 , 0
1612 , 0 , 1000 , 775.2 , 0 , 0 , 0
1613 , 0 , 1000 , 775.061 , 0 , 0 , 0
1614 , 0 , 1000 , 774.923 , 0 , 0 , 0
1615 , 0 , 1000 , 774.784 , 0 , 0 , 0
1616 , 0 , 1000 , 774.645 , 0 , 0 , 0
1617 , 0 , 1000 , 774.506 , 0 , 0 , 0
1618 , 0 , 1000 , 774.368 , 0 , 0 , 0
1619 , 0 , 1000 , 774.229 , 0 , 0 , 0
1620 , 0 , 1000 , 774.091 , 0 , 0 , 0
1621 , 0 , 1000 , 773.953 , 0 , 0 , 0
1622 , 0 , 1000 , 773.814 , 0 , 0 , 0
1623 , 0 , 1000 , 773.676 , 0 , 0 , 0
1624 , 0 , 1000 , 773.538 , 0 , 0 , 0
1625 , 0 , 1000 , 773.4 , 0 , 0 , 0
1626 , 0 , 1000 , 773.263 , 0 , 0 , 0
1627 , 0 , 1000 , 773.125 , 0 , 0 , 0
1628 , 0 , 1000 , 772.987 , 0 , 0 , 0
1629 , 0 , 1000 , 772.85 , 0 , 0 , 0
1630 , 0 , 1000 , 772.712 , 0 , 0 , 0
1631 , 0 , 1000 , 772.575 , 0 , 0 , 0
1632 , 0 , 1000 , 772.438 , 0 , 0 , 0
1633 , 0 , 1000 , 772.3 , 0 , 0 , 0
1634 , 0 , 1000 , 772.163 , 0 , 0 , 0
1635 , 0 , 1000 , 772.026 , 0 , 0 , 0
1636 , 0 , 1000 , 771.889 , 0 , 0 , 0
1637 , 0 , 1000 , 771.753 , 0 , 0 , 0
1638 , 0 , 1000 , 771.616 , 0 , 0 , 0
1639 , 0 , 1000 , 771.479 , 0 , 0 , 0
1640 , 0 , 1000 , 771.343 , 0 , 0 , 0
1641 , 0 , 1000 , 771.206 , 0 , 0 , 0
1642 , 0 , 1000 , 771.07 , 0 , 0 , 0
1643 , 0 , 1000 , 770.934 , 0 , 0 , 0
1644 , 0 , 1000 , 770.798 , 0 , 0 , 0
1645 , 0 , 1000 , 770.662 , 0 , 0 , 0
1646 , 0 , 1000 , 770.526 , 0 , 0 , 0
1647 , 0 , 1000 , 770.39 , 0 , 0 , 0
1648 , 0 , 1000 , 770.254 , 0 , 0 , 0
1649 , 0 , 1000 , 770.118 , 0 , 0 , 0
1650 , 0 , 1000 , 769.983 , 0 , 0 , 0
1651 , 0 , 1000 , 769.847 , 0 , 0 , 0
1652 , 0 , 1000 , 769.712 , 0 , 0 , 0
1653 , 0 , 1000 , 769.576 , 0 , 0 , 0
1654 , 0 , 1000 , 769.441 , 0 , 0 , 0
1655 , 0 , 1000 , 769.306 , 0 , 0 , 0
1656 , 0 , 1000 , 769.171 , 0 , 0 , 0
1657 , 0 , 1000 , 769.036 , 0 , 0 , 0
1658 , 0 , 1000 , 768.901 , 0 , 0 , 0
1659 , 0 , 1000 , 768.766 , 0 , 0 , 0
1660 , 0 , 1000 , 768.631 , 0 , 0 , 0
1661 , 0 , 1000 , 768.497 , 0 , 0 , 0
1662 , 0 , 1000 , 768.362 , 0 , 0 , 0
1663 , 0 , 1000 , 768.228 , 0 , 0 , 0
1664 , 0 , 1000 , 768.094 , 0 , 0 , 0
1665 , 0 , 1000 , 767.959 , 0 , 0 , 0
1666 , 0 , 1000 , 767.825 , 0 , 0 , 0
1667 , 0 , 1000 , 767.691 , 0 , 0 , 0
1668 , 0 , 1000 , 767.557 , 0 , 0 , 0
1669 , 0 , 1000 , 767.423 , 0 , 0 , 0
1670 , 0 , 1000 , 767.289 , 0 , 0 , 0
1671 , 0 , 1000 , 767.156 , 0 , 0 , 0
1672 , 0 , 1000 , 767.022 , 0 , 0 , 0
1673 , 0 , 1000 , 766.888 , 0 , 0 , 0
1674 , 0 , 1000 , 766.755 , 0 , 0 , 0
1675 , 0 , 1000 , 766.622 , 0 , 0 , 0
1676 , 0 , 1000 , 766.488 , 0 , 0 , 0
1677 , 0 , 1000 , 766.355 , 0 , 0 , 0
1678 , 0 , 1000 , 766.222 , 0 , 0 , 0
1679 , 0 , 1000 , 766.089 , 0 , 0 , 0
1680 , 0 , 1000 , 765.956 , 0 , 0 , 0
1681 , 0 , 1000 , 765.823 , 0 , 0 , 0
1682 , 0 , 1000 , 765.69 , 0 , 0 , 0
1683 , 0 , 1000 , 765.558 , 0 , 0 , 0
1684 , 0 , 1000 , 765.425 , 0 , 0 , 0
1685 , 0 , 1000 , 765.292 , 0 , 0 , 0
1686 , 0 , 1000 , 765.16 , 0 , 0 , 0
1687 , 0 , 1000 , 765.028 , 0 , 0 , 0
1688 , 0 , 1000 , 764.895 , 0 , 0 , 0
1689 , 0 , 1000 , 764.763 , 0 , 0 , 0
1690 , 0 , 1000 , 764.631 , 0 , 0 , 0
1691 , 0 , 1000 , 764.499 , 0 , 0 , 0
1692 , 0 , 1000 , 764.367 , 0 , 0 , 0
1693 , 0 , 1000 , 764.235 , 0 , 0 , 0
1694 , 0 , 1000 , 764.103 , 0 , 0 , 0
1695 , 0 , 1000 , 763.971 , 0 , 0 , 0
1696 , 0 , 1000 , 763.839 , 0 , 0 , 0
1697 , 0 , 1000 , 763.708 , 0 , 0 , 0
1698 , 0 , 1000 , 763.576 , 0 , 0 , 0
1699 , 0 , 1000 , 763.445 , 0 , 0 , 0
1700 , 0 , 1000 , 763.313 , 0 , 0 , 0
1701 , 0 , 1000 , 763.182 , 0 , 0 , 0
1702 , 0 , 1000 , 763.051 , 0 , 0 , 0
1703 , 0 , 1000 , 762.92 , 0 , 0 , 0
1704 , 0 , 1000 , 762.788 , 0 , 0 , 0
1705 , 0 , 1000 , 762.657 , 0 , 0 , 0
1706 , 0 , 1000 , 762.526 , 0 , 0 , 0
1707 , 0 , 1000 , 762.396 , 0 , 0 , 0
1708 , 0 , 1000 , 762.265 , 0 , 0 , 0
1709 , 0 , 1000 , 762.134 , 0 , 0 , 0
1710 , 0 , 1000 , 762.003 , 0 , 0 , 0
1711 , 0 , 1000 , 761.872 , 0 , 0 , 0
1712 , 0 , 1000 , 761.742 , 0 , 0 , 0
1713 , 0 , 1000 , 761.611 , 0 , 0 , 0
1714 , 0 , 1000 , 761.481 , 0 , 0 , 0
1715 , 0 , 1000 , 761.35 , 0 , 0 , 0
1716 , 0 , 1000 , 761.22 , 0 , 0 , 0
1717 , 0 , 1000 , 761.09 , 0 , 0 , 0
1718 , 0 , 1000 , 760.959 , 0 , 0 , 0
1719 , 0 , 1000 , 760.829 , 0 , 0 , 0
1720 , 0 , 1000 , 760.699 , 0 , 0 , 0
1721 , 0 , 1000 , 760.569 , 0 , 0 , 0
1722 , 0 , 1000 , 760.439 , 0 , 0 , 0
1723 , 0 , 1000 , 760.309 , 0 , 0 , 0
1724 , 0 , 1000 , 760.179 , 0 , 0 , 0
1725 , 0 , 1000 , 760.049 , 0 , 0 , 0
1726 , 0 , 1000 , 759.919 , 0 , 0 , 0
1727 , 0 , 1000 , 759.79 , 0 , 0 , 0
1728 , 0 , 1000 , 759.66 , 0 , 0 , 0
1729 , 0 , 1000 , 759.53 , 0 , 0 , 0
1730 , 0 , 1000 , 759.401 , 0 , 0 , 0
1731 , 0 , 1000 , 759.271 , 0 , 0 , 0
1732 , 0 , 1000 , 759.142 , 0 , 0 , 0
1733 , 0 , 1000 , 759.012 , 0 , 0 , 0
1734 , 0 , 1000 , 758.883 , 0 , 0 , 0
1735 , 0 , 1000 , 758.754 , 0 , 0 , 0
1736 , 0 , 1000 , 758.624 , 0 , 0 , 0
1737 , 0 , 1000 , 758.495 , 0 , 0 , 0
1738 , 0 , 1000 , 758.366 , 0 , 0 , 0
1739 , 0 , 1000 , 758.237 , 0 , 0 , 0
1740 , 0 , 1000 , 758.108 , 0 , 0 , 0
1741 , 0 , 1000 , 757.979 , 0 , 0 , 0
1742 , 0 , 1000 , 757.849 , 0 , 0 , 0
1743 , 0 , 1000 , 757.72 , 0 , 0 , 0
1744 , 0 , 1000 , 757.591 , 0 , 0 , 0
1745 , 0 , 1000 , 757.463 , 0 , 0 , 0
1746 , 0 , 1000 , 757.334 , 0 , 0 , 0
1747 , 0 , 1000 , 757.205 , 0 , 0 , 0
1748 , 0 , 1000 , 757.076 , 0 , 0 , 0
1749 , 0 , 1000 , 756.947 , 0 , 0 , 0
1750 , 0 , 1000 , 756.819 , 0 , 0 , 0
1751 , 0 , 1000 , 756.69 , 0 , 0 , 0
1752 , 0 , 1000 , 756.561 , 0 , 0 , 0
1753 , 0 , 1000 , 756.433 , 0 , 0 , 0
1754 , 0 , 1000 , 756.304 , 0 , 0 , 0
1755 , 0 , 1000 , 756.175 , 0 , 0 , 0
1756 , 0 , 1000 , 756.047 , 0 , 0 , 0
1757 , 0 , 1000 , 755.918 , 0 , 0 , 0
1758 , 0 , 1000 , 755.79 , 0 , 0 , 0
1759 , 0 , 1000 , 755.662 , 0 , 0 , 0
1760 , 0 , 1000 , 755.533 , 0 , 0 , 0
1761 , 0 , 1000 , 755.405 , 0 , 0 , 0
1762 , 0 , 1000 , 755.277 , 0 , 0 , 0
1763 , 0 , 1000 , 755.148 , 0 , 0 , 0
1764 , 0 , 1000 , 755.02 , 0 , 0 , 0
1765 , 0 , 1000 , 754.892 , 0 , 0 , 0
1766 , 0 , 1000 , 754.764 , 0 , 0 , 0
1767 , 0 , 1000 , 754.636 , 0 , 0 , 0
1768 , 0 , 1000 , 754.507 , 0 , 0 , 0
1769 , 0 , 1000 , 754.379 , 0 , 0 , 0
1770 , 0 , 1000 , 754.251 , 0 , 0 , 0
1771 , 0 , 1000 , 754.123 , 0 , 0 , 0
1772 , 0 , 1000 , 753.995 , 0 , 0 , 0
1773 , 0 , 1000 , 753.867 , 0 , 0 , 0
1774 , 0 , 1000 , 753.739 , 0 , 0 , 0
1775 , 0 , 1000 , 753.611 , 0 , 0 , 0
1776 , 0 , 1000 , 753.483 , 0 , 0 , 0
1777 , 0 , 1000 , 753.356 , 0 , 0 , 0
1778 , 0 , 1000 , 753.228 , 0 , 0 , 0
1779 , 0 , 1000 , 753.1 , 0 , 0 , 0
1780 , 0 , 1000 , 752.972 , 0 , 0 , 0
1781 , 0 , 1000 , 752.844 , 0 , 0 , 0
1782 , 0 , 1000 , 752.717 , 0 , 0 , 0
1783 , 0 , 1000 , 752.589 , 0 , 0 , 0
1784 , 0 , 1000 , 752.461 , 0 , 0 , 0
1785 , 0 , 1000 , 752.334 , 0 , 0 , 0
1786 , 0 , 1000 , 752.206 , 0 , 0 , 0
1787 , 0 , 1000 , 752.078 , 0 , 0 , 0
1788 , 0 , 1000 , 751.951 , 0 , 0 , 0
1789 , 0 , 1000 , 751.823 , 0 , 0 , 0
1790 , 0 , 1000 , 751.695 , 0 , 0 , 0
1791 , 0 , 1000 , 751.568 , 0 , 0 , 0
1792 , 0 , 1000 , 751.44 , 0 , 0 , 0
1793 , 0 , 1000 , 751.313 , 0 , 0 , 0
1794 , 0 , 1000 , 751.186 , 0 , 0 , 0
1795 , 0 , 1000 , 751.058 , 0 , 0 , 0
1796 , 0 , 1000 , 750.931 , 0 , 0 , 0
1797 , 0 , 1000 , 750.803 , 0 , 0 , 0
1798 , 0 , 1000 , 750.676 , 0 , 0 , 0
1799 , 0 , 1000 , 750.548 , 0 , 0 , 0
1800 , 0 , 1000 , 750.421 , 0 , 0 , 0
1801 , 0 , 1000 , 750.294 , 0 , 0 , 0
1802 , 0 , 1000 , 750.166 , 0 , 0 , 0
1803 , 0 , 1000 , 750.039 , 0 , 0 , 0
1804 , 0 , 1000 , 749.911 , 0 , 0 , 0
1805 , 0 , 1000 , 749.784 , 0 , 0 , 0
1806 , 0 , 1000 , 749.657 , 0 , 0 , 0
1807 , 0 , 1000 , 749.53 , 0 , 0 , 0
1808 , 0 , 1000 , 749.402 , 0 , 0 , 0
1809 , 0 , 1000 , 749.275 , 0 , 0 , 0
1810 , 0 , 1000 , 749.148 , 0 , 0 , 0
1811 , 0 , 1000 , 749.021 , 0 , 0 , 0
1812 , 0 , 1000 , 748.893 , 0 , 0 , 0
1813 , 0 , 1000 , 748.766 , 0 , 0 , 0
1814 , 0 , 1000 , 748.639 , 0 , 0 , 0
1815 , 0 , 1000 , 748.512 , 0 , 0 , 0
1816 , 0 , 1000 , 748.384 , 0 , 0 , 0
1817 , 0 , 1000 , 748.257 , 0 , 0 , 0
1818 , 0 , 1000 , 748.13 , 0 , 0 , 0
1819 , 0 , 1000 , 748.003 , 0 , 0 , 0
1820 , 0 , 1000 , 747.876 , 0 , 0 , 0
1821 , 0 , 1000 , 747.749 , 0 , 0 , 0
1822 , 0 , 1000 , 747.622 , 0 , 0 , 0
1823 , 0 , 1000 , 747.494 , 0 , 0 , 0
1824 , 0 , 1000 , 747.367 , 0 , 0 , 0
1825 , 0 , 1000 , 747.24 , 0 , 0 , 0
1826 , 0 , 1000 , 747.113 , 0 , 0 , 0
1827 , 0 , 1000 , 746.986 , 0 , 0 , 0
1828 , 0 , 1000 , 746.859 , 0 , 0 , 0
1829 , 0 , 1000 , 746.732 , 0 , 0 , 0
1830 , 0 , 1000 , 746.605 , 0 , 0 , 0
1831 , 0 , 1000 , 746.478 , 0 , 0 , 0
1832 , 0 , 1000 , 746.351 , 0 , 0 , 0
1833 , 0 , 1000 , 746.224 , 0 , 0 , 0
1834 , 0 , 1000 , 746.097 , 0 , 0 , 0
1835 , 0 , 1000 , 745.97 , 0 , 0 , 0
1836 , 0 , 1000 , 745.843 , 0 , 0 , 0
1837 , 0 , 1000 , 745.716 , 0 , 0 , 0
1838 , 0 , 1000 , 745.589 , 0 , 0 , 0
1839 , 0 , 1000 , 745.462 , 0 , 0 , 0
1840 , 0 , 1000 , 745.335 , 0 , 0 , 0
1841 , 0 , 1000 , 745.208 , 0 , 0 , 0
1842 , 0 , 1000 , 745.081 , 0 , 0 , 0
1843 , 0 , 1000 , 744.954 , 0 , 0 , 0
1844 , 0 , 1000 , 744.827 , 0 , 0 , 0
1845 , 0 , 1000 , 744.7 , 0 , 0 , 0
1846 , 0 , 1000 , 744.574 , 0 , 0 , 0
1847 , 0 , 1000 , 744.447 , 0 , 0 , 0
1848 , 0 , 1000 , 744.32 , 0 , 0 , 0
1849 , 0 , 1000 , 744.193 , 0 , 0 , 0
1850 , 0 , 1000 , 744.066 , 0 , 0 , 0
1851 , 0 , 1000 , 743.939 , 0 , 0 , 0
1852 , 0 , 1000 , 743.813 , 0 , 0 , 0
1853 , 0 , 1000 , 743.686 , 0 , 0 , 0
1854 , 0 , 1000 , 743.559 , 0 , 0 , 0
1855 , 0 , 1000 , 743.432 , 0 , 0 , 0
1856 , 0 , 1000 , 743.305 , 0 , 0 , 0
1857 , 0 , 1000 , 743.179 , 0 , 0 , 0
1858 , 0 , 1000 , 743.052 , 0 , 0 , 0
1859 , 0 , 1000 , 742.925 , 0 , 0 , 0
1860 , 0 , 1000 , 742.799 , 0 , 0 , 0
1861 , 0 , 1000 , 742.672 , 0 , 0 , 0
1862 , 0 , 1000 , 742.545 , 0 , 0 , 0
1863 , 0 , 1000 , 742.419 , 0 , 0 , 0
1864 , 0 , 1000 , 742.292 , 0 , 0 , 0
1865 , 0 , 1000 , 742.165 , 0 , 0 , 0
1866 , 0 , 1000 , 742.039 , 0 , 0 , 0
1867 , 0 , 1000 , 741.912 , 0 , 0 , 0
1868 , 0 , 1000 , 741.786 , 0 , 0 , 0
1869 , 0 , 1000 , 741.659 , 0 , 0 , 0
1870 , 0 , 1000 , 741.533 , 0 , 0 , 0
1871 , 0 , 1000 , 741.406 , 0 , 0 , 0
1872 , 0 , 1000 , 741.28 , 0 , 0 , 0
1873 , 0 , 1000 , 741.153 , 0 , 0 , 0
1874 , 0 , 1000 , 741.027 , 0 , 0 , 0
1875 , 0 , 1000 , 740.9 , 0 , 0 , 0
1876 , 0 , 1000 , 740.774 , 0 , 0 , 0
1877 , 0 , 1000 , 740.647 , 0 , 0 , 0
1878 , 0 , 1000 , 740.521 , 0 , 0 , 0
1879 , 0 , 1000 , 740.395 , 0 , 0 , 0
1880 , 0 , 1000 , 740.268 , 0 , 0 , 0
1881 , 0 , 1000 , 740.142 , 0 , 0 , 0
1882 , 0 , 1000 , 740.016 , 0 , 0 , 0
1883 , 0 , 1000 , 739.89 , 0 , 0 , 0
1884 , 0 , 1000 , 739.764 , 0 , 0 , 0
1885 , 0 , 1000 , 739.637 , 0 , 0 , 0
1886 , 0 , 1000 , 739.511 , 0 , 0 , 0
1887 , 0 , 1000 , 739.385 , 0 , 0 , 0
1888 , 0 , 1000 , 739.259 , 0 , 0 , 0
1889 , 0 , 1000 , 739.133 , 0 , 0 , 0
1890 , 0 , 1000 , 739.007 , 0 , 0 , 0
1891 , 0 , 1000 , 738.881 , 0 , 0 , 0
1892 , 0 , 1000 , 738.755 , 0 , 0 , 0
1893 , 0 , 1000 , 738.629 , 0 , 0 , 0
1894 , 0 , 1000 , 738.503 , 0 , 0 , 0
1895 , 0 , 1000 , 738.377 , 0 , 0 , 0
1896 , 0 , 1000 , 738.252 , 0 , 0 , 0
1897 , 0 , 1000 , 738.126 , 0 , 0 , 0
1898 , 0 , 1000 , 738 , 0 , 0 , 0
1899 , 0 , 1000 , 737.874 , 0 , 0 , 0
1900 , 0 , 1000 , 737.748 , 0 , 0 , 0
1901 , 0 , 1000 , 737.623 , 0 , 0 , 0
1902 , 0 , 1000 , 737.497 , 0 , 0 , 0
1903 , 0 , 1000 , 737.372 , 0 , 0 , 0
1904 , 0 , 1000 , 737.246 , 0 , 0 , 0
1905 , 0 , 1000 , 737.121 , 0 , 0 , 0
1906 , 0 , 1000 , 736.995 , 0 , 0 , 0
1907 , 0 , 1000 , 736.87 , 0 , 0 , 0
1908 , 0 , 1000 , 736.744 , 0 , 0 , 0
1909 , 0 , 1000 , 736.619 , 0 , 0 , 0
1910 , 0 , 1000 , 736.494 , 0 , 0 , 0
1911 , 0 , 1000 , 736.369 , 0 , 0 , 0
1912 , 0 , 1000 , 736.243 , 0 , 0 , 0
1913 , 0 , 1000 , 736.118 , 0 , 0 , 0
1914 , 0 , 1000 , 735.993 , 0 , 0 , 0
1915 , 0 , 1000 , 735.868 , 0 , 0 , 0
1916 , 0 , 1000 , 735.743 , 0 , 0 , 0
1917 , 0 , 1000 , 735.618 , 0 , 0 , 0
1918 , 0 , 1000 , 735.494 , 0 , 0 , 0
1919 , 0 , 1000 , 735.369 , 0 , 0 , 0
1920 , 0 , 1000 , 735.244 , 0 , 0 , 0
1921 , 0 , 1000 , 735.119 , 0 , 0 , 0
1922 , 0 , 1000 , 734.994 , 0 , 0 , 0
1923 , 0 , 1000 , 734.87 , 0 , 0 , 0
1924 , 0 , 1000 , 734.745 , 0 , 0 , 0
1925 , 0 , 1000 , 734.621 , 0 , 0 , 0
1926 , 0 , 1000 , 734.496 , 0 , 0 , 0
1927 , 0 , 1000 , 734.372 , 0 , 0 , 0
1928 , 0 , 1000 , 734.248 , 0 , 0 , 0
1929 , 0 , 1000 , 734.123 , 0 , 0 , 0
1930 , 0 , 1000 , 733.999 , 0 , 0 , 0
1931 , 0 , 1000 , 733.875 , 0 , 0 , 0
1932 , 0 , 1000 , 733.751 , 0 , 0 , 0
1933 , 0 , 1000 , 733.627 , 0 , 0 , 0
1934 , 0 , 1000 , 733.503 , 0 , 0 , 0
1935 , 0 , 1000 , 733.379 , 0 , 0 , 0
1936 , 0 , 1000 , 733.255 , 0 , 0 , 0
1937 , 0 , 1000 , 733.131 , 0 , 0 , 0
1938 , 0 , 1000 , 733.008 , 0 , 0 , 0
1939 , 0 , 1000 , 732.884 , 0 , 0 , 0
1940 , 0 , 1000 , 732.76 , 0 , 0 , 0
1941 , 0 , 1000 , 732.637 , 0 , 0 , 0
1942 , 0 , 1000 , 732.513 , 0 , 0 , 0
1943 , 0 , 1000 , 732.39 , 0 , 0 , 0
1944 , 0 , 1000 , 732.267 , 0 , 0 , 0
1945 , 0 , 1000 , 732.143 , 0 , 0 , 0
1946 , 0 , 1000 , 732.02 , 0 , 0 , 0
1947 , 0 , 1000 , 731.897 , 0 , 0 , 0
1948 , 0 , 1000 , 731.774 , 0 , 0 , 0
1949 , 0 , 1000 , 731.651 , 0 , 0 , 0
1950 , 0 , 1000 , 731.528 , 0 , 0 , 0
1951 , 0 , 1000 , 731.406 , 0 , 0 , 0
1952 , 0 , 1000 , 731.283 , 0 , 0 , 0
1953 , 0 , 1000 , 731.16 , 0 , 0 , 0
1954 , 0 , 1000 , 731.038 , 0 , 0 , 0
1955 , 0 , 1000 , 730.915 , 0 , 0 , 0
1956 , 0 , 1000 , 730.793 , 0 , 0 , 0
1957 , 0 , 1000 , 730.67 , 0 , 0 , 0
1958 , 0 , 1000 , 730.548 , 0 , 0 , 0
1959 , 0 , 1000 , 730.426 , 0 , 0 , 0
1960 , 0 , 1000 , 730.304 , 0 , 0 , 0
1961 , 0 , 1000 , 730.182 , 0 , 0 , 0
1962 , 0 , 1000 , 730.06 , 0 , 0 , 0
1963 , 0 , 1000 , 729.939 , 0 , 0 , 0
1964 , 0 , 1000 , 729.817 , 0 , 0 , 0
1965 , 0 , 1000 , 729.695 , 0 , 0 , 0
1966 , 0 , 1000 , 729.574 , 0 , 0 , 0
1967 , 0 , 1000 , 729.452 , 0 , 0 , 0
1968 , 0 , 1000 , 729.331 , 0 , 0 , 0
1969 , 0 , 1000 , 729.21 , 0 , 0 , 0
1970 , 0 , 1000 , 729.088 , 0 , 0 , 0
1971 , 0 , 1000 , 728.967 , 0 , 0 , 0
1972 , 0 , 1000 , 728.846 , 0 , 0 , 0
1973 , 0 , 1000 , 728.725 , 0 , 0 , 0
1974 , 0 , 1000 , 728.605 , 0 , 0 , 0
1975 , 0 , 1000 , 728.484 , 0 , 0 , 0
1976 , 0 , 1000 , 728.363 , 0 , 0 , 0
1977 , 0 , 1000 , 728.243 , 0 , 0 , 0
1978 , 0 , 1000 , 728.122 , 0 , 0 , 0
1979 , 0 , 1000 , 728.002 , 0 , 0 , 0
1980 , 0 , 1000 , 727.882 , 0 , 0 , 0
1981 , 0 , 1000 , 727.762 , 0 , 0 , 0
1982 , 0 , 1000 , 727.642 , 0 , 0 , 0
1983 , 0 , 1000 , 727.522 , 0 , 0 , 0
1984 , 0 , 1000 , 727.402 , 0 , 0 , 0
1985 , 0 , 1000 , 727.282 , 0 , 0 , 0
1986 , 0 , 1000 , 727.162 , 0 , 0 , 0
1987 , 0 , 1000 , 727.043 , 0 , 0 , 0
1988 , 0 , 1000 , 726.923 , 0 , 0 , 0
1989 , 0 , 1000 , 726.804 , 0 , 0 , 0
1990 , 0 , 1000 , 726.685 , 0 , 0 , 0
1991 , 0 , 1000 , 726.566 , 0 , 0 , 0
1992 , 0 , 1000 , 726.447 , 0 , 0 , 0
1993 , 0 , 1000 , 726.328 , 0 , 0 , 0
1994 , 0 , 1000 , 726.209 , 0 , 0 , 0
1995 , 0 , 1000 , 726.09 , 0 , 0 , 0
1996 , 0 , 1000 , 725.972 , 0 , 0 , 0
1997 , 0 , 1000 , 725.853 , 0 , 0 , 0
1998 , 0 , 1000 , 725.735 , 0 , 0 , 0
1999 , 0 , 1000 , 725.617 , 0 , 0 , 0
2000 , 0 , 1000 , 725.498 , 0 , 0 , 0
2001 , 0 , 1000 , 725.38 , 0 , 0 , 0
2002 , 0 , 1000 , 725.263 , 0 , 0 , 0
2003 , 0 , 1000 , 725.145 , 0 , 0 , 0
2004 , 0 , 1000 , 725.027 , 0 , 0 , 0
2005 , 0 , 1000 , 724.909 , 0 , 0 , 0
2006 , 0 , 1000 , 724.792 , 0 , 0 , 0
2007 , 0 , 1000 , 724.675 , 0 , 0 , 0
2008 , 0 , 1000 , 724.557 , 0 , 0 , 0
2009 , 0 , 1000 , 724.44 , 0 , 0 , 0
2010 , 0 , 1000 , 724.323 , 0 , 0 , 0
2011 , 0 , 1000 , 724.206 , 0 , 0 , 0
2012 , 0 , 1000 , 724.09 , 0 , 0 , 0
2013 , 0 , 1000 , 723.973 , 0 , 0 , 0
2014 , 0 , 1000 , 723.857 , 0 , 0 , 0
2015 , 0 , 1000 , 723.74 , 0 , 0 , 0
2016 , 0 , 1000 , 723.624 , 0 , 0 , 0
2017 , 0 , 1000 , 723.508 , 0 , 0 , 0
2018 , 0 , 1000 , 723.392 , 0 , 0 , 0
2019 , 0 , 1000 , 723.276 , 0 , 0 , 0
2020 , 0 , 1000 , 723.16 , 0 , 0 , 0
2021 , 0 , 1000 , 723.044 , 0 , 0 , 0
2022 , 0 , 1000 , 722.929 , 0 , 0 , 0
2023 , 0 , 1000 , 722.813 , 0 , 0 , 0
2024 , 0 , 1000 , 722.698 , 0 , 0 , 0
2025 , 0 , 1000 , 722.583 , 0 , 0 , 0
2026 , 0 , 1000 , 722.468 , 0 , 0 , 0
2027 , 0 , 1000 , 722.353 , 0 , 0 , 0
2028 , 0 , 1000 , 722.238 , 0 , 0 , 0
2029 , 0 , 1000 , 722.124 , 0 , 0 , 0
2030 , 0 , 1000 , 722.009 , 0 , 0 , 0
2031 , 0 , 1000 , 721.895 , 0 , 0 , 0
2032 , 0 , 1000 , 721.78 , 0 , 0 , 0
2033 , 0 , 1000 , 721.666 , 0 , 0 , 0
2034 , 0 , 1000 , 721.552 , 0 , 0 , 0
2035 , 0 , 1000 , 721.439 , 0 , 0 , 0
2036 , 0 , 1000 , 721.325 , 0 , 0 , 0
2037 , 0 , 1000 , 721.211 , 0 , 0 , 0
2038 , 0 , 1000 , 721.098 , 0 , 0 , 0
2039 , 0 , 1000 , 720.985 , 0 , 0 , 0
2040 , 0 , 1000 , 720.871 , 0 , 0 , 0
2041 , 0 , 1000 , 720.758 , 0 , 0 , 0
2042 , 0 , 1000 , 720.646 , 0 , 0 , 0
2043 , 0 , 1000 , 720.533 , 0 , 0 , 0
2044 , 0 , 1000 , 720.42 , 0 , 0 , 0
2045 , 0 , 1000 , 720.308 , 0 , 0 , 0
2046 , 0 , 1000 , 720.195 , 0 , 0 , 0
2047 , 0 , 1000 , 720.083 , 0 , 0 , 0
2048 , 0 , 1000 , 719.971 , 0 , 0 , 0
2049 , 0 , 1000 , 719.859 , 0 , 0 , 0
2050 , 0 , 1000 , 719.747 , 0 , 0 , 0
2051 , 0 , 1000 , 719.636 , 0 , 0 , 0
2052 , 0 , 1000 , 719.524 , 0 , 0 , 0
2053 , 0 , 1000 , 719.413 , 0 , 0 , 0
2054 , 0 , 1000 , 719.302 , 0 , 0 , 0
2055 , 0 , 1000 , 719.191 , 0 , 0 , 0
2056 , 0 , 1000 , 719.08 , 0 , 0 , 0
2057 , 0 , 1000 , 718.969 , 0 , 0 , 0
2058 , 0 , 1000 , 718.859 , 0 , 0 , 0
2059 , 0 , 1000 , 718.748 , 0 , 0 , 0
2060 , 0 , 1000 , 718.638 , 0 , 0 , 0
2061 , 0 , 1000 , 718.528 , 0 , 0 , 0
2062 , 0 , 1000 , 718.418 , 0 , 0 , 0
2063 , 0 , 1000 , 718.308 , 0 , 0 , 0
2064 , 0 , 1000 , 718.198 , 0 , 0 , 0
2065 , 0 , 1000 , 718.089 , 0 , 0 , 0
2066 , 0 , 1000 , 717.98 , 0 , 0 , 0
2067 , 0 , 1000 , 717.87 , 0 , 0 , 0
2068 , 0 , 1000 , 717.761 , 0 , 0 , 0
2069 , 0 , 1000 , 717.653 , 0 , 0 , 0
2070 , 0 , 1000 , 717.544 , 0 , 0 , 0
2071 , 0 , 1000 , 717.435 , 0 , 0 , 0
2072 , 0 , 1000 , 717.327 , 0 , 0 , 0
2073 , 0 , 1000 , 717.219 , 0 , 0 , 0
2074 , 0 , 1000 , 717.111 , 0 , 0 , 0
2075 , 0 , 1000 , 717.003 , 0 , 0 , 0
2076 , 0 , 1000 , 716.895 , 0 , 0 , 0
2077 , 0 , 1000 , 716.788 , 0 , 0 , 0
2078 , 0 , 1000 , 716.68 , 0 , 0 , 0
2079 , 0 , 1000 , 716.573 , 0 , 0 , 0
2080 , 0 , 1000 , 716.466 , 0 , 0 , 0
2081 , 0 , 1000 , 716.359 , 0 , 0 , 0
2082 , 0 , 1000 , 716.252 , 0 , 0 , 0
2083 , 0 , 1000 , 716.146 , 0 , 0 , 0
2084 , 0 , 1000 , 716.039 , 0 , 0 , 0
2085 , 0 , 1000 , 715.933 , 0 , 0 , 0
2086 , 0 , 1000 , 715.827 , 0 , 0 , 0
2087 , 0 , 1000 , 715.721 , 0 , 0 , 0
2088 , 0 , 1000 , 715.616 , 0 , 0 , 0
2089 , 0 , 1000 , 715.51 , 0 , 0 , 0
2090 , 0 , 1000 , 715.405 , 0 , 0 , 0
2091 , 0 , 1000 , 715.3 , 0 , 0 , 0
2092 , 0 , 1000 , 715.195 , 0 , 0 , 0
2093 , 0 , 1000 , 715.09 , 0 , 0 , 0
2094 , 0 , 1000 , 714.986 , 0 , 0 , 0
2095 , 0 , 1000 , 714.881 , 0 , 0 , 0
2096 , 0 , 1000 , 714.777 , 0 , 0 , 0
2097 , 0 , 1000 , 714.673 , 0 , 0 , 0
2098 , 0 , 1000 , 714.569 , 0 , 0 , 0
2099 , 0 , 1000 , 714.466 , 0 , 0 , 0
2100 , 0 , 1000 , 714.362 , 0 , 0 , 0
2101 , 0 , 1000 , 714.259 , 0 , 0 , 0
2102 , 0 , 1000 , 714.156 , 0 , 0 , 0
2103 , 0 , 1000 , 714.053 , 0 , 0 , 0
2104 , 0 , 1000 , 713.95 , 0 , 0 , 0
2105 , 0 , 1000 , 713.848 , 0 , 0 , 0
2106 , 0 , 1000 , 713.746 , 0 , 0 , 0
2107 , 0 , 1000 , 713.643 , 0 , 0 , 0
2108 , 0 , 1000 , 713.542 , 0 , 0 , 0
2109 , 0 , 1000 , 713.44 , 0 , 0 , 0
2110 , 0 , 1000 , 713.338 , 0 , 0 , 0
2111 , 0 , 1000 , 713.237 , 0 , 0 , 0
2112 , 0 , 1000 , 713.136 , 0 , 0 , 0
2113 , 0 , 1000 , 713.035 , 0 , 0 , 0
2114 , 0 , 1000 , 712.935 , 0 , 0 , 0
2115 , 0 , 1000 , 712.834 , 0 , 0 , 0
2116 , 0 , 1000 , 712.734 , 0 , 0 , 0
2117 , 0 , 1000 , 712.634 , 0 , 0 , 0
2118 , 0 , 1000 , 712.534 , 0 , 0 , 0
2119 , 0 , 1000 , 712.435 , 0 , 0 , 0
2120 , 0 , 1000 , 712.335 , 0 , 0 , 0
2121 , 0 , 1000 , 712.236 , 0 , 0 , 0
2122 , 0 , 1000 , 712.137 , 0 , 0 , 0
2123 , 0 , 1000 , 712.039 , 0 , 0 , 0
2124 , 0 , 1000 , 711.94 , 0 , 0 , 0
2125 , 0 , 1000 , 711.842 , 0 , 0 , 0
2126 , 0 , 1000 , 711.744 , 0 , 0 , 0
2127 , 0 , 1000 , 711.647 , 0 , 0 , 0
2128 , 0 , 1000 , 711.549 , 0 , 0 , 0
2129 , 0 , 1000 , 711.452 , 0 , 0 , 0
2130 , 0 , 1000 , 711.355 , 0 , 0 , 0
2131 , 0 , 1000 , 711.258 , 0 , 0 , 0
2132 , 0 , 1000 , 711.162 , 0 , 0 , 0
2133 , 0 , 1000 , 711.066 , 0 , 0 , 0
2134 , 0 , 1000 , 710.97 , 0 , 0 , 0
2135 , 0 , 1000 , 710.874 , 0 , 0 , 0
2136 , 0 , 1000 , 710.778 , 0 , 0 , 0
2137 , 0 , 1000 , 710.683 , 0 , 0 , 0
2138 , 0 , 1000 , 710.588 , 0 , 0 , 0
2139 , 0 , 1000 , 710.494 , 0 , 0 , 0
2140 , 0 , 1000 , 710.399 , 0 , 0 , 0
2141 , 0 , 1000 , 710.305 , 0 , 0 , 0
2142 , 0 , 1000 , 710.211 , 0 , 0 , 0
2143 , 0 , 1000 , 710.118 , 0 , 0 , 0
2144 , 0 , 1000 , 710.024 , 0 , 0 , 0
2145 , 0 , 1000 , 709.931 , 0 , 0 , 0
2146 , 0 , 1000 , 709.839 , 0 , 0 , 0
2147 , 0 , 1000 , 709.746 , 0 , 0 , 0
2148 , 0 , 1000 , 709.654 , 0 , 0 , 0
2149 , 0 , 1000 , 709.562 , 0 , 0 , 0
2150 , 0 , 1000 , 709.471 , 0 , 0 , 0
2151 , 0 , 1000 , 709.38 , 0 , 0 , 0
2152 , 0 , 1000 , 709.289 , 0 , 0 , 0
2153 , 0 , 1000 , 709.198 , 0 , 0 , 0
2154 , 0 , 1000 , 709.108 , 0 , 0 , 0
2155 , 0 , 1000 , 709.018 , 0 , 0 , 0
2156 , 0 , 1000 , 708.928 , 0 , 0 , 0
2157 , 0 , 1000 , 708.839 , 0 , 0 , 0
2158 , 0 , 1000 , 708.75 , 0 , 0 , 0
2159 , 0 , 1000 , 708.661 , 0 , 0 , 0
2160 , 0 , 1000 , 708.573 , 0 , 0 , 0
2161 , 0 , 1000 , 708.485 , 0 , 0 , 0
2162 , 0 , 1000 , 708.397 , 0 , 0 , 0
2163 , 0 , 1000 , 708.31 , 0 , 0 , 0
2164 , 0 , 1000 , 708.223 , 0 , 0 , 0
2165 , 0 , 1000 , 708.136 , 0 , 0 , 0
2166 , 0 , 1000 , 708.05 , 0 , 0 , 0
2167 , 0 , 1000 , 707.964 , 0 , 0 , 0
2168 , 0 , 1000 , 707.878 , 0 , 0 , 0
2169 , 0 , 1000 , 707.793 , 0 , 0 , 0
2170 , 0 , 1000 , 707.708 , 0 , 0 , 0
2171 , 0 , 1000 , 707.624 , 0 , 0 , 0
2172 , 0 , 1000 , 707.54 , 0 , 0 , 0
2173 , 0 , 1000 , 707.456 , 0 , 0 , 0
2174 , 0 , 1000 , 707.373 , 0 , 0 , 0
2175 , 0 , 1000 , 707.29 , 0 , 0 , 0
2176 , 0 , 1000 , 707.207 , 0 , 0 , 0
2177 , 0 , 1000 , 707.125 , 0 , 0 , 0
2178 , 0 , 1000 , 707.043 , 0 , 0 , 0
2179 , 0 , 1000 , 706.962 , 0 , 0 , 0
2180 , 0 , 1000 , 706.881 , 0 , 0 , 0
2181 , 0 , 1000 , 706.801 , 0 , 0 , 0
2182 , 0 , 1000 , 706.72 , 0 , 0 , 0
2183 , 0 , 1000 , 706.641 , 0 , 0 , 0
2184 , 0 , 1000 , 706.561 , 0 , 0 , 0
2185 , 0 , 1000 , 706.483 , 0 , 0 , 0
2186 , 0 , 1000 , 706.404 , 0 , 0 , 0
2187 , 0 , 1000 , 706.326 , 0 , 0 , 0
2188 , 0 , 1000 , 706.249 , 0 , 0 , 0
2189 , 0 , 1000 , 706.171 , 0 , 0 , 0
2190 , 0 , 1000 , 706.095 , 0 , 0 , 0
2191 , 0 , 1000 , 706.019 , 0 , 0 , 0
2192 , 0 , 1000 , 705.943 , 0 , 0 , 0
2193 , 0 , 1000 , 705.868 , 0 , 0 , 0
2194 , 0 , 1000 , 705.793 , 0 , 0 , 0
2195 , 0 , 1000 , 705.718 , 0 , 0 , 0
2196 , 0 , 1000 , 705.645 , 0 , 0 , 0
2197 , 0 , 1000 , 705.571 , 0 , 0 , 0
2198 , 0 , 1000 , 705.498 , 0 , 0 , 0
2199 , 0 , 1000 , 705.426 , 0 , 0 , 0
2200 , 0 , 1000 , 705.354 , 0 , 0 , 0
2201 , 0 , 1000 , 705.283 , 0 , 0 , 0
2202 , 0 , 1000 , 705.212 , 0 , 0 , 0
2203 , 0 , 1000 , 705.141 , 0 , 0 , 0
2204 , 0 , 1000 , 705.072 , 0 , 0 , 0
2205 , 0 , 1000 , 705.002 , 0 , 0 , 0
2206 , 0 , 1000 , 704.933 , 0 , 0 , 0
2207 , 0 , 1000 , 704.865 , 0 , 0 , 0
2208 , 0 , 1000 , 704.798 , 0 , 0 , 0
2209 , 0 , 1000 , 704.73 , 0 , 0 , 0
2210 , 0 , 1000 , 704.664 , 0 , 0 , 0
2211 , 0 , 1000 , 704.598 , 0 , 0 , 0
2212 , 0 , 1000 , 704.532 , 0 , 0 , 0
2213 , 0 , 1000 , 704.468 , 0 , 0 , 0
2214 , 0 , 1000 , 704.403 , 0 , 0 , 0
2215 , 0 , 1000 , 704.34 , 0 , 0 , 0
2216 , 0 , 1000 , 704.276 , 0 , 0 , 0
2217 , 0 , 1000 , 704.214 , 0 , 0 , 0
2218 , 0 , 1000 , 704.152 , 0 , 0 , 0
2219 , 0 , 1000 , 704.091 , 0 , 0 , 0
2220 , 0 , 1000 , 704.03 , 0 , 0 , 0
2221 , 0 , 1000 , 703.97 , 0 , 0 , 0
2222 , 0 , 1000 , 703.911 , 0 , 0 , 0
2223 , 0 , 1000 , 703.852 , 0 , 0 , 0
2224 , 0 , 1000 , 703.794 , 0 , 0 , 0
2225 , 0 , 1000 , 703.737 , 0 , 0 , 0
2226 , 0 , 1000 , 703.68 , 0 , 0 , 0
2227 , 0 , 1000 , 703.624 , 0 , 0 , 0
2228 , 0 , 1000 , 703.568 , 0 , 0 , 0
2229 , 0 , 1000 , 703.514 , 0 , 0 , 0
2230 , 0 , 1000 , 703.46 , 0 , 0 , 0
2231 , 0 , 1000 , 703.407 , 0 , 0 , 0
2232 , 0 , 1000 , 703.354 , 0 , 0 , 0
2233 , 0 , 1000 , 703.303 , 0 , 0 , 0
2234 , 0 , 1000 , 703.252 , 0 , 0 , 0
2235 , 0 , 1000 , 703.201 , 0 , 0 , 0
2236 , 0 , 1000 , 703.152 , 0 , 0 , 0
2237 , 0 , 1000 , 703.103 , 0 , 0 , 0
2238 , 0 , 1000 , 703.055 , 0 , 0 , 0
2239 , 0 , 1000 , 703.009 , 0 , 0 , 0
2240 , 0 , 1000 , 702.962 , 0 , 0 , 0
2241 , 0 , 1000 , 702.917 , 0 , 0 , 0
2242 , 0 , 1000 , 702.873 , 0 , 0 , 0
2243 , 0 , 1000 , 702.829 , 0 , 0 , 0
2244 , 0 , 1000 , 702.786 , 0 , 0 , 0
2245 , 0 , 1000 , 702.745 , 0 , 0 , 0
2246 , 0 , 1000 , 702.704 , 0 , 0 , 0
2247 , 0 , 1000 , 702.664 , 0 , 0 , 0
2248 , 0 , 1000 , 702.625 , 0 , 0 , 0
2249 , 0 , 1000 , 702.587 , 0 , 0 , 0
2250 , 0 , 1000 , 702.55 , 0 , 0 , 0
2251 , 0 , 1000 , 702.514 , 0 , 0 , 0
2252 , 0 , 1000 , 702.479 , 0 , 0 , 0
2253 , 0 , 1000 , 702.445 , 0 , 0 , 0
2254 , 0 , 1000 , 702.413 , 0 , 0 , 0
2255 , 0 , 1000 , 702.381 , 0 , 0 , 0
2256 , 0 , 1000 , 702.351 , 0 , 0 , 0
2257 , 0 , 1000 , 702.321 , 0 , 0 , 0
2258 , 0 , 1000 , 702.293 , 0 , 0 , 0
2259 , 0 , 1000 , 702.266 , 0 , 0 , 0
2260 , 0 , 1000 , 702.24 , 0 , 0 , 0
2261 , 0 , 1000 , 702.215 , 0 , 0 , 0
2262 , 0 , 1000 , 702.191 , 0 , 0 , 0
2263 , 0 , 1000 , 702.169 , 0 , 0 , 0
2264 , 0 , 1000 , 702.148 , 0 , 0 , 0
2265 , 0 , 1000 , 702.128 , 0 , 0 , 0
2266 , 0 , 1000 , 702.11 , 0 , 0 , 0
2267 , 0 , 1000 , 702.093 , 0 , 0 , 0
2268 , 0 , 1000 , 702.077 , 0 , 0 , 0
2269 , 0 , 1000 , 702.063 , 0 , 0 , 0
2270 , 0 , 1000 , 702.05 , 0 , 0 , 0
2271 , 0 , 1000 , 702.039 , 0 , 0 , 0
2272 , 0 , 1000 , 702.029 , 0 , 0 , 0
2273 , 0 , 1000 , 702.02 , 0 , 0 , 0
2274 , 0 , 1000 , 702.013 , 0 , 0 , 0
2275 , 0 , 1000 , 702.007 , 0 , 0 , 0
2276 , 0 , 1000 , 702.003 , 0 , 0 , 0
2277 , 0 , 1000 , 702.001 , 0 , 0 , 0
2278 , 0 , 1000 , 702 , 0 , 0 , 0
2279 , 0 , 1000 , 702.001 , 0 , 0 , 0
2280 , 0 , 1000 , 702.003 , 0 , 0 , 0
2281 , 0 , 1000 , 702.007 , 0 , 0 , 0
2282 , 0 , 1000 , 702.013 , 0 , 0 , 0
2283 , 0 , 1000 , 702.02 , 0 , 0 , 0
2284 , 0 , 1000 , 702.029 , 0 , 0 , 0
2285 , 0 , 1000 , 702.04 , 0 , 0 , 0
2286 , 0 , 1000 , 702.053 , 0 , 0 , 0
2287 , 0 , 1000 , 702.067 , 0 , 0 , 0
2288 , 0 , 1000 , 702.083 , 0 , 0 , 0
2289 , 0 , 1000 , 702.101 , 0 , 0 , 0
2290 , 0 , 1000 , 702.121 , 0 , 0 , 0
2291 , 0 , 1000 , 702.143 , 0 , 0 , 0
2292 , 0 , 1000 , 702.167 , 0 , 0 , 0
2293 , 0 , 1000 , 702.192 , 0 , 0 , 0
2294 , 0 , 1000 , 702.22 , 0 , 0 , 0
2295 , 0 , 1000 , 702.249 , 0 , 0 , 0
2296 , 0 , 1000 , 702.281 , 0 , 0 , 0
2297 , 0 , 1000 , 702.314 , 0 , 0 , 0
2298 , 0 , 1000 , 702.35 , 0 , 0 , 0
2299 , 0 , 1000 , 702.388 , 0 , 0 , 0
2300 , 0 , 1000 , 702.427 , 0 , 0 , 0
2301 , 0 , 1000 , 702.469 , 0 , 0 , 0
2302 , 0 , 1000 , 702.513 , 0 , 0 , 0
2303 , 0 , 1000 , 702.559 , 0 , 0 , 0
2304 , 0 , 1000 , 702.608 , 0 , 0 , 0
2305 , 0 , 1000 , 702.658 , 0 , 0 , 0
2306 , 0 , 1000 , 702.711 , 0 , 0 , 0
2307 , 0 , 1000 , 702.766 , 0 , 0 , 0
2308 , 0 , 1000 , 702.823 , 0 , 0 , 0
2309 , 0 , 1000 , 702.882 , 0 , 0 , 0
2310 , 0 , 1000 , 702.944 , 0 , 0 , 0
2311 , 0 , 1000 , 703.008 , 0 , 0 , 0
2312 , 0 , 1000 , 703.075 , 0 , 0 , 0
2313 , 0 , 1000 , 703.143 , 0 , 0 , 0
2314 , 0 , 1000 , 703.215 , 0 , 0 , 0
2315 , 0 , 1000 , 703.288 , 0 , 0 , 0
2316 , 0 , 1000 , 703.364 , 0 , 0 , 0
2317 , 0 , 1000 , 703.443 , 0 , 0 , 0
2318 , 0 , 1000 , 703.524 , 0 , 0 , 0
2319 , 0 , 1000 , 703.607 , 0 , 0 , 0
2320 , 0 , 1000 , 703.693 , 0 , 0 , 0
2321 , 0 , 1000 , 703.782 , 0 , 0 , 0
2322 , 0 , 1000 , 703.873 , 0 , 0 , 0
2323 , 0 , 1000 , 703.967 , 0 , 0 , 0
2324 , 0 , 1000 , 704.064 , 0 , 0 , 0
2325 , 0 , 1000 , 704.163 , 0 , 0 , 0
2326 , 0 , 1000 , 704.265 , 0 , 0 , 0
2327 , 0 , 1000 , 704.37 , 0 , 0 , 0
2328 , 0 , 1000 , 704.477 , 0 , 0 , 0
2329 , 0 , 1000 , 704.588 , 0 , 0 , 0
2330 , 0 , 1000 , 704.701 , 0 , 0 , 0
2331 , 0 , 1000 , 704.818 , 0 , 0 , 0
2332 , 0 , 1000 , 704.937 , 0 , 0 , 0
2333 , 0 , 1000 , 705.06 , 0 , 0 , 0
2334 , 0 , 1000 , 705.185 , 0 , 0 , 0
2335 , 0 , 1000 , 705.314 , 0 , 0 , 0
2336 , 0 , 1000 , 705.446 , 0 , 0 , 0
2337 , 0 , 1000 , 705.581 , 0 , 0 , 0
2338 , 0 , 1000 , 705.719 , 0 , 0 , 0
2339 , 0 , 1000 , 705.861 , 0 , 0 , 0
2340 , 0 , 1000 , 706.006 , 0 , 0 , 0
2341 , 0 , 1000 , 706.155 , 0 , 0 , 0
2342 , 0 , 1000 , 706.307 , 0 , 0 , 0
2343 , 0 , 1000 , 706.462 , 0 , 0 , 0
2344 , 0 , 1000 , 706.621 , 0 , 0 , 0
2345 , 0 , 1000 , 706.784 , 0 , 0 , 0
2346 , 0 , 1000 , 706.95 , 0 , 0 , 0
2347 , 0 , 1000 , 707.12 , 0 , 0 , 0
2348 , 0 , 1000 , 707.294 , 0 , 0 , 0
2349 , 0 , 1000 , 707.471 , 0 , 0 , 0
2350 , 0 , 1000 , 707.653 , 0 , 0 , 0
2351 , 0 , 1000 , 707.838 , 0 , 0 , 0
2352 , 0 , 1000 , 708.027 , 0 , 0 , 0
2353 , 0 , 1000 , 708.22 , 0 , 0 , 0
2354 , 0 , 1000 , 708.417 , 0 , 0 , 0
2355 , 0 , 1000 , 708.618 , 0 , 0 , 0
2356 , 0 , 1000 , 708.823 , 0 , 0 , 0
2357 , 0 , 1000 , 709.033 , 0 , 0 , 0
2358 , 0 , 1000 , 709.246 , 0 , 0 , 0
2359 , 0 , 1000 , 709.464 , 0 , 0 , 0
2360 , 0 , 1000 , 709.685 , 0 , 0 , 0
2361 , 0 , 1000 , 709.911 , 0 , 0 , 0
2362 , 0 , 1000 , 710.141 , 0 , 0 , 0
2363 , 0 , 1000 , 710.376 , 0 , 0 , 0
2364 , 0 , 1000 , 710.615 , 0 , 0 , 0
2365 , 0 , 1000 , 710.858 , 0 , 0 , 0
2366 , 0 , 1000 , 711.105 , 0 , 0 , 0
2367 , 0 , 1000 , 711.357 , 0 , 0 , 0
2368 , 0 , 1000 , 711.614 , 0 , 0 , 0
2369 , 0 , 1000 , 711.875 , 0 , 0 , 0
2370 , 0 , 1000 , 712.14 , 0 , 0 , 0
2371 , 0 , 1000 , 712.41 , 0 , 0 , 0
2372 , 0 , 1000 , 712.684 , 0 , 0 , 0
2373 , 0 , 1000 , 712.963 , 0 , 0 , 0
2374 , 0 , 1000 , 713.246 , 0 , 0 , 0
2375 , 0 , 1000 , 713.534 , 0 , 0 , 0
2376 , 0 , 1000 , 713.827 , 0 , 0 , 0
2377 , 0 , 1000 , 714.124 , 0 , 0 , 0
2378 , 0 , 1000 , 714.426 , 0 , 0 , 0
2379 , 0 , 1000 , 714.732 , 0 , 0 , 0
2380 , 0 , 1000 , 715.044 , 0 , 0 , 0
2381 , 0 , 1000 , 715.359 , 0 , 0 , 0
2382 , 0 , 1000 , 715.68 , 0 , 0 , 0
2383 , 0 , 1000 , 716.005 , 0 , 0 , 0
2384 , 0 , 1000 , 716.334 , 0 , 0 , 0
2385 , 0 , 1000 , 716.669 , 0 , 0 , 0
2386 , 0 , 1000 , 717.008 , 0 , 0 , 0
2387 , 0 , 1000 , 717.352 , 0 , 0 , 0
2388 , 0 , 1000 , 717.7 , 0 , 0 , 0
2389 , 0 , 1000 , 718.053 , 0 , 0 , 0
2390 , 0 , 1000 , 718.411 , 0 , 0 , 0
2391 , 0 , 1000 , 718.773 , 0 , 0 , 0
2392 , 0 , 1000 , 719.14 , 0 , 0 , 0
2393 , 0 , 1000 , 719.512 , 0 , 0 , 0
2394 , 0 , 1000 , 719.889 , 0 , 0 , 0
2395 , 0 , 1000 , 720.27 , 0 , 0 , 0
2396 , 0 , 1000 , 720.656 , 0 , 0 , 0
2397 , 0 , 1000 , 721.046 , 0 , 0 , 0
2398 , 0 , 1000 , 721.441 , 0 , 0 , 0
2399 , 0 , 1000 , 721.841 , 0 , 0 , 0
2400 , 0 , 1000 , 722.245 , 0 , 0 , 0
2401 , 0 , 1000 , 722.654 , 0 , 0 , 0
2402 , 0 , 1000 , 723.067 , 0 , 0 , 0
2403 , 0 , 1000 , 723.485 , 0 , 0 , 0
2404 , 0 , 1000 , 723.908 , 0 , 0 , 0
2405 , 0 , 1000 , 724.335 , 0 , 0 , 0
2406 , 0 , 1000 , 724.767 , 0 , 0 , 0
2407 , 0 , 1000 , 725.203 , 0 , 0 , 0
2408 , 0 , 1000 , 725.644 , 0 , 0 , 0
2409 , 0 , 1000 , 726.089 , 0 , 0 , 0
2410 , 0 , 1000 , 726.539 , 0 , 0 , 0
2411 , 0 , 1000 , 726.994 , 0 , 0 , 0
2412 , 0 , 1000 , 727.453 , 0 , 0 , 0
2413 , 0 , 1000 , 727.916 , 0 , 0 , 0
2414 , 0 , 1000 , 728.384 , 0 , 0 , 0
2415 , 0 , 1000 , 728.856 , 0 , 0 , 0
2416 , 0 , 1000 , 729.333 , 0 , 0 , 0
2417 , 0 , 1000 , 729.815 , 0 , 0 , 0
2418 , 0 , 1000 , 730.301 , 0 , 0 , 0
2419 , 0 , 1000 , 730.792 , 0 , 0 , 0
2420 , 0 , 1000 , 731.287 , 0 , 0 , 0
2421 , 0 , 1000 , 731.787 , 0 , 0 , 0
2422 , 0 , 1000 , 732.291 , 0 , 0 , 0
2423 , 0 , 1000 , 732.8 , 0 , 0 , 0
2424 , 0 , 1000 , 733.313 , 0 , 0 , 0
2425 , 0 , 1000 , 733.831 , 0 , 0 , 0
2426 , 0 , 1000 , 734.353 , 0 , 0 , 0
2427 , 0 , 1000 , 734.88 , 0 , 0 , 0
2428 , 0 , 1000 , 735.412 , 0 , 0 , 0
2429 , 0 , 1000 , 735.948 , 0 , 0 , 0
2430 , 0 , 1000 , 736.489 , 0 , 0 , 0
2431 , 0 , 1000 , 737.034 , 0 , 0 , 0
2432 , 0 , 1000 , 737.584 , 0 , 0 , 0
2433 , 0 , 1000 , 738.138 , 0 , 0 , 0
2434 , 0 , 1000 , 738.697 , 0 , 0 , 0
2435 , 0 , 1000 , 739.26 , 0 , 0 , 0
2436 , 0 , 1000 , 739.828 , 0 , 0 , 0
2437 , 0 , 1000 , 740.4 , 0 , 0 , 0
2438 , 0 , 1000 , 740.977 , 0 , 0 , 0
2439 , 0 , 1000 , 741.558 , 0 , 0 , 0
2440 , 0 , 1000 , 742.143 , 0 , 0 , 0
2441 , 0 , 1000 , 742.733 , 0 , 0 , 0
2442 , 0 , 1000 , 743.327 , 0 , 0 , 0
2443 , 0 , 1000 , 743.926 , 0 , 0 , 0
2444 , 0 , 1000 , 744.529 , 0 , 0 , 0
2445 , 0 , 1000 , 745.136 , 0 , 0 , 0
2446 , 0 , 1000 , 745.747 , 0 , 0 , 0
2447 , 0 , 1000 , 746.362 , 0 , 0 , 0
2448 , 0 , 1000 , 746.982 , 0 , 0 , 0
2449 , 0 , 1000 , 747.605 , 0 , 0 , 0
2450 , 0 , 1000 , 748.233 , 0 , 0 , 0
2451 , 0 , 1000 , 748.865 , 0 , 0 , 0
2452 , 0 , 1000 , 749.5 , 0 , 0 , 0
2453 , 0 , 1000 , 750.139 , 0 , 0 , 0
2454 , 0 , 1000 , 750.782 , 0 , 0 , 0
2455 , 0 , 1000 , 751.429 , 0 , 0 , 0
2456 , 0 , 1000 , 752.08 , 0 , 0 , 0
2457 , 0 , 1000 , 752.734 , 0 , 0 , 0
2458 , 0 , 1000 , 753.391 , 0 , 0 , 0
2459 , 0 , 1000 , 754.052 , 0 , 0 , 0
2460 , 0 , 1000 , 754.717 , 0 , 0 , 0
2461 , 0 , 1000 , 755.384 , 0 , 0 , 0
2462 , 0 , 1000 , 756.055 , 0 , 0 , 0
2463 , 0 , 1000 , 756.729 , 0 , 0 , 0
2464 , 0 , 1000 , 757.407 , 0 , 0 , 0
2465 , 0 , 1000 , 758.087 , 0 , 0 , 0
2466 , 0 , 1000 , 758.77 , 0 , 0 , 0
2467 , 0 , 1000 , 759.456 , 0 , 0 , 0
2468 , 0 , 1000 , 760.144 , 0 , 0 , 0
2469 , 0 , 1000 , 760.836 , 0 , 0 , 0
2470 , 0 , 1000 , 761.529 , 0 , 0 , 0
2471 , 0 , 1000 , 762.226 , 0 , 0 , 0
2472 , 0 , 1000 , 762.924 , 0 , 0 , 0
2473 , 0 , 1000 , 763.625 , 0 , 0 , 0
2474 , 0 , 1000 , 764.328 , 0 , 0 , 0
2475 , 0 , 1000 , 765.033 , 0 , 0 , 0
2476 , 0 , 1000 , 765.741 , 0 , 0 , 0
2477 , 0 , 1000 , 766.45 , 0 , 0 , 0
2478 , 0 , 1000 , 767.161 , 0 , 0 , 0
2479 , 0 , 1000 , 767.873 , 0 , 0 , 0
2480 , 0 , 1000 , 768.587 , 0 , 0 , 0
2481 , 0 , 1000 , 769.303 , 0 , 0 , 0
2482 , 0 , 1000 , 770.02 , 0 , 0 , 0
2483 , 0 , 1000 , 770.738 , 0 , 0 , 0
2484 , 0 , 1000 , 771.458 , 0 , 0 , 0
2485 , 0 , 1000 , 772.179 , 0 , 0 , 0
2486 , 0 , 1000 , 772.901 , 0 , 0 , 0
2487 , 0 , 1000 , 773.623 , 0 , 0 , 0
2488 , 0 , 1000 , 774.347 , 0 , 0 , 0
2489 , 0 , 1000 , 775.071 , 0 , 0 , 0
2490 , 0 , 1000 , 775.796 , 0 , 0 , 0
2491 , 0 , 1000 , 776.521 , 0 , 0 , 0
2492 , 0 , 1000 , 777.246 , 0 , 0 , 0
2493 , 0 , 1000 , 777.972 , 0 , 0 , 0
2494 , 0 , 1000 , 778.699 , 0 , 0 , 0
2495 , 0 , 1000 , 779.425 , 0 , 0 , 0
2496 , 0 , 1000 , 780.151 , 0 , 0 , 0
2497 , 0 , 1000 , 780.877 , 0 , 0 , 0
2498 , 0 , 1000 , 781.603 , 0 , 0 , 0
2499 , 0 , 1000 , 782.328 , 0 , 0 , 0
2500 , 0 , 1000 , 783.053 , 0 , 0 , 0
2501 , 0 , 1000 , 783.778 , 0 , 0 , 0
2502 , 0 , 1000 , 784.502 , 0 , 0 , 0
2503 , 0 , 1000 , 785.225 , 0 , 0 , 0
2504 , 0 , 1000 , 785.948 , 0 , 0 , 0
2505 , 0 , 1000 , 786.669 , 0 , 0 , 0
2506 , 0 , 1000 , 787.389 , 0 , 0 , 0
2507 , 0 , 1000 , 788.109 , 0 , 0 , 0
2508 , 0 , 1000 , 788.827 , 0 , 0 , 0
2509 , 0 , 1000 , 789.543 , 0 , 0 , 0
2510 , 0 , 1000 , 790.259 , 0 , 0 , 0
2511 , 0 , 1000 , 790.972 , 0 , 0 , 0
2512 , 0 , 1000 , 791.684 , 0 , 0 , 0
2513 , 0 , 1000 , 792.394 , 0 , 0 , 0
2514 , 0 , 1000 , 793.103 , 0 , 0 , 0
2515 , 0 , 1000 , 793.809 , 0 , 0 , 0
2516 , 0 , 1000 , 794.514 , 0 , 0 , 0
2517 , 0 , 1000 , 795.216 , 0 , 0 , 0
2518 , 0 , 1000 , 795.916 , 0 , 0 , 0
2519 , 0 , 1000 , 796.614 , 0 , 0 , 0
2520 , 0 , 1000 , 797.309 , 0 , 0 , 0
2521 , 0 , 1000 , 798.002 , 0 , 0 , 0
2522 , 0 , 1000 , 798.692 , 0 , 0 , 0
2523 , 0 , 1000 , 799.38 , 0 , 0 , 0
2524 , 0 , 1000 , 800.064 , 0 , 0 , 0
2525 , 0 , 1000 , 800.746 , 0 , 0 , 0
2526 , 0 , 1000 , 801.425 , 0 , 0 , 0
2527 , 0 , 1000 , 802.1 , 0 , 0 , 0
2528 , 0 , 1000 , 802.773 , 0 , 0 , 0
2529 , 0 , 1000 , 803.442 , 0 , 0 , 0
2530 , 0 , 1000 , 804.108 , 0 , 0 , 0
2531 , 0 , 1000 , 804.77 , 0 , 0 , 0
2532 , 0 , 1000 , 805.429 , 0 , 0 , 0
2533 , 0 , 1000 , 806.084 , 0 , 0 , 0
2534 , 0 , 1000 , 806.736 , 0 , 0 , 0
2535 , 0 , 1000 , 807.384 , 0 , 0 , 0
2536 , 0 , 1000 , 808.028 , 0 , 0 , 0
2537 , 0 , 1000 , 808.668 , 0 , 0 , 0
2538 , 0 , 1000 , 809.304 , 0 , 0 , 0
2539 , 0 , 1000 , 809.935 , 0 , 0 , 0
2540 , 0 , 1000 , 810.563 , 0 , 0 , 0
2541 , 0 , 1000 , 811.187 , 0 , 0 , 0
2542 , 0 , 1000 , 811.806 , 0 , 0 , 0
2543 , 0 , 1000 , 812.42 , 0 , 0 , 0
2544 , 0 , 1000 , 813.031 , 0 , 0 , 0
2545 , 0 , 1000 , 813.636 , 0 , 0 , 0
2546 , 0 , 1000 , 814.237 , 0 , 0 , 0
2547 , 0 , 1000 , 814.833 , 0 , 0 , 0
2548 , 0 , 1000 , 815.425 , 0 , 0 , 0
2549 , 0 , 1000 , 816.011 , 0 , 0 , 0
2550 , 0 , 1000 , 816.593 , 0 , 0 , 0
2551 , 0 , 1000 , 817.17 , 0 , 0 , 0
2552 , 0 , 1000 , 817.741 , 0 , 0 , 0
2553 , 0 , 1000 , 818.308 , 0 , 0 , 0
2554 , 0 , 1000 , 818.869 , 0 , 0 , 0
2555 , 0 , 1000 , 819.425 , 0 , 0 , 0
2556 , 0 , 1000 , 819.976 , 0 , 0 , 0
2557 , 0 , 1000 , 820.521 , 0 , 0 , 0
2558 , 0 , 1000 , 821.061 , 0 , 0 , 0
2559 , 0 , 1000 , 821.596 , 0 , 0 , 0
2560 , 0 , 1000 , 822.124 , 0 , 0 , 0
2561 , 0 , 1000 , 822.648 , 0 , 0 , 0
2562 , 0 , 1000 , 823.165 , 0 , 0 , 0
2563 , 0 , 1000 , 823.677 , 0 , 0 , 0
2564 , 0 , 1000 , 824.183 , 0 , 0 , 0
2565 , 0 , 1000 , 824.683 , 0 , 0 , 0
2566 , 0 , 1000 , 825.178 , 0 , 0 , 0
2567 , 0 , 1000 , 825.666 , 0 , 0 , 0
2568 , 0 , 1000 , 826.149 , 0 , 0 , 0
2569 , 0 , 1000 , 826.626 , 0 , 0 , 0
2570 , 0 , 1000 , 827.096 , 0 , 0 , 0
2571 , 0 , 1000 , 827.561 , 0 , 0 , 0
2572 , 0 , 1000 , 828.019 , 0 , 0 , 0
2573 , 0 , 1000 , 828.471 , 0 , 0 , 0
2574 , 0 , 1000 , 828.918 , 0 , 0 , 0
2575 , 0 , 1000 , 829.357 , 0 , 0 , 0
2576 , 0 , 1000 , 829.791 , 0 , 0 , 0
2577 , 0 , 1000 , 830.219 , 0 , 0 , 0
2578 , 0 , 1000 , 830.64 , 0 , 0 , 0
2579 , 0 , 1000 , 831.055 , 0 , 0 , 0
2580 , 0 , 1000 , 831.464 , 0 , 0 , 0
2581 , 0 , 1000 , 831.866 , 0 , 0 , 0
2582 , 0 , 1000 , 832.262 , 0 , 0 , 0
2583 , 0 , 1000 , 832.652 , 0 , 0 , 0
2584 , 0 , 1000 , 833.036 , 0 , 0 , 0
2585 , 0 , 1000 , 833.413 , 0 , 0 , 0
2586 , 0 , 1000 , 833.783 , 0 , 0 , 0
2587 , 0 , 1000 , 834.147 , 0 , 0 , 0
2588 , 0 , 1000 , 834.505 , 0 , 0 , 0
2589 , 0 , 1000 , 834.856 , 0 , 0 , 0
2590 , 0 , 1000 , 835.201 , 0 , 0 , 0
2591 , 0 , 1000 , 835.54 , 0 , 0 , 0
2592 , 0 , 1000 , 835.872 , 0 , 0 , 0
2593 , 0 , 1000 , 836.198 , 0 , 0 , 0
2594 , 0 , 1000 , 836.517 , 0 , 0 , 0
2595 , 0 , 1000 , 836.829 , 0 , 0 , 0
2596 , 0 , 1000 , 837.136 , 0 , 0 , 0
2597 , 0 , 1000 , 837.435 , 0 , 0 , 0
2598 , 0 , 1000 , 837.729 , 0 , 0 , 0
2599 , 0 , 1000 , 838.016 , 0 , 0 , 0
2600 , 0 , 1000 , 838.296 , 0 , 0 , 0
2601 , 0 , 1000 , 838.57 , 0 , 0 , 0
2602 , 0 , 1000 , 838.838 , 0 , 0 , 0
2603 , 0 , 1000 , 839.099 , 0 , 0 , 0
2604 , 0 , 1000 , 839.354 , 0 , 0 , 0
2605 , 0 , 1000 , 839.602 , 0 , 0 , 0
2606 , 0 , 1000 , 839.844 , 0 , 0 , 0
2607 , 0 , 1000 , 840.08 , 0 , 0 , 0
2608 , 0 , 1000 , 840.309 , 0 , 0 , 0
2609 , 0 , 1000 , 840.532 , 0 , 0 , 0
2610 , 0 , 1000 , 840.749 , 0 , 0 , 0
2611 , 0 , 1000 , 840.959 , 0 , 0 , 0
2612 , 0 , 1000 , 841.163 , 0 , 0 , 0
2613 , 0 , 1000 , 841.361 , 0 , 0 , 0
2614 , 0 , 1000 , 841.552 , 0 , 0 , 0
2615 , 0 , 1000 , 841.738 , 0 , 0 , 0
2616 , 0 , 1000 , 841.917 , 0 , 0 , 0
2617 , 0 , 1000 , 842.09 , 0 , 0 , 0
2618 , 0 , 1000 , 842.257 , 0 , 0 , 0
2619 , 0 , 1000 , 842.418 , 0 , 0 , 0
2620 , 0 , 1000 , 842.572 , 0 , 0 , 0
2621 , 0 , 1000 , 842.721 , 0 , 0 , 0
2622 , 0 , 1000 , 842.864 , 0 , 0 , 0
2623 , 0 , 1000 , 843 , 0 , 0 , 0
2624 , 0 , 1000 , 843.131 , 0 , 0 , 0
2625 , 0 , 1000 , 843.256 , 0 , 0 , 0
2626 , 0 , 1000 , 843.375 , 0 , 0 , 0
2627 , 0 , 1000 , 843.488 , 0 , 0 , 0
2628 , 0 , 1000 , 843.595 , 0 , 0 , 0
2629 , 0 , 1000 , 843.697 , 0 , 0 , 0
2630 , 0 , 1000 , 843.793 , 0 , 0 , 0
2631 , 0 , 1000 , 843.883 , 0 , 0 , 0
2632 , 0 , 1000 , 843.968 , 0 , 0 , 0
2633 , 0 , 1000 , 844.047 , 0 , 0 , 0
2634 , 0 , 1000 , 844.12 , 0 , 0 , 0
2635 , 0 , 1000 , 844.188 , 0 , 0 , 0
2636 , 0 , 1000 , 844.251 , 0 , 0 , 0
2637 , 0 , 1000 , 844.308 , 0 , 0 , 0
2638 , 0 , 1000 , 844.36 , 0 , 0 , 0
2639 , 0 , 1000 , 844.407 , 0 , 0 , 0
2640 , 0 , 1000 , 844.449 , 0 , 0 , 0
2641 , 0 , 1000 , 844.485 , 0 , 0 , 0
2642 , 0 , 1000 , 844.516 , 0 , 0 , 0
2643 , 0 , 1000 , 844.542 , 0 , 0 , 0
2644 , 0 , 1000 , 844.564 , 0 , 0 , 0
2645 , 0 , 1000 , 844.58 , 0 , 0 , 0
2646 , 0 , 1000 , 844.591 , 0 , 0 , 0
2647 , 0 , 1000 , 844.598 , 0 , 0 , 0
2648 , 0 , 1000 , 844.6 , 0 , 0 , 0
2649 , 0 , 1000 , 844.597 , 0 , 0 , 0
2650 , 0 , 1000 , 844.59 , 0 , 0 , 0
2651 , 0 , 1000 , 844.578 , 0 , 0 , 0
2652 , 0 , 1000 , 844.561 , 0 , 0 , 0
2653 , 0 , 1000 , 844.541 , 0 , 0 , 0
2654 , 0 , 1000 , 844.515 , 0 , 0 , 0
2655 , 0 , 1000 , 844.486 , 0 , 0 , 0
2656 , 0 , 1000 , 844.452 , 0 , 0 , 0
2657 , 0 , 1000 , 844.414 , 0 , 0 , 0
2658 , 0 , 1000 , 844.372 , 0 , 0 , 0
2659 , 0 , 1000 , 844.327 , 0 , 0 , 0
2660 , 0 , 1000 , 844.277 , 0 , 0 , 0
2661 , 0 , 1000 , 844.223 , 0 , 0 , 0
2662 , 0 , 1000 , 844.165 , 0 , 0 , 0
2663 , 0 , 1000 , 844.104 , 0 , 0 , 0
2664 , 0 , 1000 , 844.039 , 0 , 0 , 0
2665 , 0 , 1000 , 843.971 , 0 , 0 , 0
2666 , 0 , 1000 , 843.899 , 0 , 0 , 0
2667 , 0 , 1000 , 843.823 , 0 , 0 , 0
2668 , 0 , 1000 , 843.745 , 0 , 0 , 0
2669 , 0 , 1000 , 843.663 , 0 , 0 , 0
2670 , 0 , 1000 , 843.578 , 0 , 0 , 0
2671 , 0 , 1000 , 843.489 , 0 , 0 , 0
2672 , 0 , 1000 , 843.398 , 0 , 0 , 0
2673 , 0 , 1000 , 843.304 , 0 , 0 , 0
2674 , 0 , 1000 , 843.207 , 0 , 0 , 0
2675 , 0 , 1000 , 843.107 , 0 , 0 , 0
2676 , 0 , 1000 , 843.004 , 0 , 0 , 0
2677 , 0 , 1000 , 842.899 , 0 , 0 , 0
2678 , 0 , 1000 , 842.791 , 0 , 0 , 0
2679 , 0 , 1000 , 842.68 , 0 , 0 , 0
2680 , 0 , 1000 , 842.568 , 0 , 0 , 0
2681 , 0 , 1000 , 842.453 , 0 , 0 , 0
2682 , 0 , 1000 , 842.335 , 0 , 0 , 0
2683 , 0 , 1000 , 842.216 , 0 , 0 , 0
2684 , 0 , 1000 , 842.094 , 0 , 0 , 0
2685 , 0 , 1000 , 841.971 , 0 , 0 , 0
2686 , 0 , 1000 , 841.845 , 0 , 0 , 0
2687 , 0 , 1000 , 841.718 , 0 , 0 , 0
2688 , 0 , 1000 , 841.589 , 0 , 0 , 0
2689 , 0 , 1000 , 841.458 , 0 , 0 , 0
2690 , 0 , 1000 , 841.326 , 0 , 0 , 0
2691 , 0 , 1000 , 841.192 , 0 , 0 , 0
2692 , 0 , 1000 , 841.057 , 0 , 0 , 0
2693 , 0 , 1000 , 840.921 , 0 , 0 , 0
2694 , 0 , 1000 , 840.783 , 0 , 0 , 0
2695 , 0 , 1000 , 840.644 , 0 , 0 , 0
2696 , 0 , 1000 , 840.504 , 0 , 0 , 0
2697 , 0 , 1000 , 840.363 , 0 , 0 , 0
2698 , 0 , 1000 , 840.221 , 0 , 0 , 0
2699 , 0 , 1000 , 840.078 , 0 , 0 , 0
2700 , 0 , 1000 , 839.934 , 0 , 0 , 0
2701 , 0 , 1000 , 839.79 , 0 , 0 , 0
2702 , 0 , 1000 , 839.645 , 0 , 0 , 0
2703 , 0 , 1000 , 839.5 , 0 , 0 , 0
2704 , 0 , 1000 , 839.354 , 0 , 0 , 0
2705 , 0 , 1000 , 839.208 , 0 , 0 , 0
2706 , 0 , 1000 , 839.062 , 0 , 0 , 0
2707 , 0 , 1000 , 838.915 , 0 , 0 , 0
2708 , 0 , 1000 , 838.768 , 0 , 0 , 0
2709 , 0 , 1000 , 838.621 , 0 , 0 , 0
2710 , 0 , 1000 , 838.475 , 0 , 0 , 0
2711 , 0 , 1000 , 838.328 , 0 , 0 , 0
2712 , 0 , 1000 , 838.182 , 0 , 0 , 0
2713 , 0 , 1000 , 838.036 , 0 , 0 , 0
2714 , 0 , 1000 , 837.89 , 0 , 0 , 0
2715 , 0 , 1000 , 837.745 , 0 , 0 , 0
2716 , 0 , 1000 , 837.6 , 0 , 0 , 0
2717 , 0 , 1000 , 837.456 , 0 , 0 , 0
2718 , 0 , 1000 , 837.313 , 0 , 0 , 0
2719 , 0 , 1000 , 837.17 , 0 , 0 , 0
2720 , 0 , 1000 , 837.029 , 0 , 0 , 0
2721 , 0 , 1000 , 836.888 , 0 , 0 , 0
2722 , 0 , 1000 , 836.748 , 0 , 0 , 0
2723 , 0 , 1000 , 836.61 , 0 , 0 , 0
2724 , 0 , 1000 , 836.472 , 0 , 0 , 0
2725 , 0 , 1000 , 836.336 , 0 , 0 , 0
2726 , 0 , 1000 , 836.201 , 0 , 0 , 0
2727 , 0 , 1000 , 836.067 , 0 , 0 , 0
2728 , 0 , 1000 , 835.935 , 0 , 0 , 0
2729 , 0 , 1000 , 835.805 , 0 , 0 , 0
2730 , 0 , 1000 , 835.676 , 0 , 0 , 0
2731 , 0 , 1000 , 835.549 , 0 , 0 , 0
2732 , 0 , 1000 , 835.424 , 0 , 0 , 0
2733 , 0 , 1000 , 835.301 , 0 , 0 , 0
2734 , 0 , 1000 , 835.179 , 0 , 0 , 0
2735 , 0 , 1000 , 835.06 , 0 , 0 , 0
2736 , 0 , 1000 , 834.943 , 0 , 0 , 0
2737 , 0 , 1000 , 834.828 , 0 , 0 , 0
2738 , 0 , 1000 , 834.715 , 0 , 0 , 0
2739 , 0 , 1000 , 834.604 , 0 , 0 , 0
2740 , 0 , 1000 , 834.496 , 0 , 0 , 0
2741 , 0 , 1000 , 834.391 , 0 , 0 , 0
2742 , 0 , 1000 , 834.288 , 0 , 0 , 0
2743 , 0 , 1000 , 834.188 , 0 , 0 , 0
2744 , 0 , 1000 , 834.09 , 0 , 0 , 0
2745 , 0 , 1000 , 833.995 , 0 , 0 , 0
2746 , 0 , 1000 , 833.903 , 0 , 0 , 0
2747 , 0 , 1000 , 833.815 , 0 , 0 , 0
2748 , 0 , 1000 , 833.729 , 0 , 0 , 0
2749 , 0 , 1000 , 833.646 , 0 , 0 , 0
2750 , 0 , 1000 , 833.566 , 0 , 0 , 0
2751 , 0 , 1000 , 833.49 , 0 , 0 , 0
2752 , 0 , 1000 , 833.417 , 0 , 0 , 0
2753 , 0 , 1000 , 833.347 , 0 , 0 , 0
2754 , 0 , 1000 , 833.281 , 0 , 0 , 0
2755 , 0 , 1000 , 833.218 , 0 , 0 , 0
2756 , 0 , 1000 , 833.159 , 0 , 0 , 0
2757 , 0 , 1000 , 833.103 , 0 , 0 , 0
2758 , 0 , 1000 , 833.052 , 0 , 0 , 0
2759 , 0 , 1000 , 833.004 , 0 , 0 , 0
2760 , 0 , 1000 , 832.96 , 0 , 0 , 0
2761 , 0 , 1000 , 832.92 , 0 , 0 , 0
2762 , 0 , 1000 , 832.885 , 0 , 0 , 0
2763 , 0 , 1000 , 832.853 , 0 , 0 , 0
2764 , 0 , 1000 , 832.826 , 0 , 0 , 0
2765 , 0 , 1000 , 832.803 , 0 , 0 , 0
2766 , 0 , 1000 , 832.784 , 0 , 0 , 0
2767 , 0 , 1000 , 832.769 , 0 , 0 , 0
2768 , 0 , 1000 , 832.76 , 0 , 0 , 0
2769 , 0 , 1000 , 832.754 , 0 , 0 , 0
2770 , 0 , 1000 , 832.754 , 0 , 0 , 0
2771 , 0 , 1000 , 832.758 , 0 , 0 , 0
2772 , 0 , 1000 , 832.766 , 0 , 0 , 0
2773 , 0 , 1000 , 832.78 , 0 , 0 , 0
2774 , 0 , 1000 , 832.799 , 0 , 0 , 0
2775 , 0 , 1000 , 832.822 , 0 , 0 , 0
2776 , 0 , 1000 , 832.851 , 0 , 0 , 0
2777 , 0 , 1000 , 832.885 , 0 , 0 , 0
2778 , 0 , 1000 , 832.924 , 0 , 0 , 0
2779 , 0 , 1000 , 832.968 , 0 , 0 , 0
2780 , 0 , 1000 , 833.018 , 0 , 0 , 0
2781 , 0 , 1000 , 833.073 , 0 , 0 , 0
2782 , 0 , 1000 , 833.133 , 0 , 0 , 0
2783 , 0 , 1000 , 833.199 , 0 , 0 , 0
2784 , 0 , 1000 , 833.271 , 0 , 0 , 0
2785 , 0 , 1000 , 833.349 , 0 , 0 , 0
2786 , 0 , 1000 , 833.432 , 0 , 0 , 0
2787 , 0 , 1000 , 833.521 , 0 , 0 , 0
2788 , 0 , 1000 , 833.616 , 0 , 0 , 0
2789 , 0 , 1000 , 833.717 , 0 , 0 , 0
2790 , 0 , 1000 , 833.824 , 0 , 0 , 0
2791 , 0 , 1000 , 833.937 , 0 , 0 , 0
2792 , 0 , 1000 , 834.056 , 0 , 0 , 0
2793 , 0 , 1000 , 834.181 , 0 , 0 , 0
2794 , 0 , 1000 , 834.313 , 0 , 0 , 0
2795 , 0 , 1000 , 834.452 , 0 , 0 , 0
2796 , 0 , 1000 , 834.596 , 0 , 0 , 0
2797 , 0 , 1000 , 834.747 , 0 , 0 , 0
2798 , 0 , 1000 , 834.905 , 0 , 0 , 0
2799 , 0 , 1000 , 835.07 , 0 , 0 , 0
2800 , 0 , 1000 , 835.241 , 0 , 0 , 0
2801 , 0 , 1000 , 835.419 , 0 , 0 , 0
2802 , 0 , 1000 , 835.604 , 0 , 0 , 0
2803 , 0 , 1000 , 835.796 , 0 , 0 , 0
2804 , 0 , 1000 , 835.994 , 0 , 0 , 0
2805 , 0 , 1000 , 836.2 , 0 , 0 , 0
2806 , 0 , 1000 , 836.413 , 0 , 0 , 0
2807 , 0 , 1000 , 836.634 , 0 , 0 , 0
2808 , 0 , 1000 , 836.861 , 0 , 0 , 0
2809 , 0 , 1000 , 837.096 , 0 , 0 , 0
2810 , 0 , 1000 , 837.339 , 0 , 0 , 0
2811 , 0 , 1000 , 837.589 , 0 , 0 , 0
2812 , 0 , 1000 , 837.846 , 0 , 0 , 0
2813 , 0 , 1000 , 838.111 , 0 , 0 , 0
2814 , 0 , 1000 , 838.384 , 0 , 0 , 0
2815 , 0 , 1000 , 838.665 , 0 , 0 , 0
2816 , 0 , 1000 , 838.953 , 0 , 0 , 0
2817 , 0 , 1000 , 839.25 , 0 , 0 , 0
2818 , 0 , 1000 , 839.554 , 0 , 0 , 0
2819 , 0 , 1000 , 839.866 , 0 , 0 , 0
2820 , 0 , 1000 , 840.187 , 0 , 0 , 0
2821 , 0 , 1000 , 840.515 , 0 , 0 , 0
2822 , 0 , 1000 , 840.852 , 0 , 0 , 0
2823 , 0 , 1000 , 841.197 , 0 , 0 , 0
2824 , 0 , 1000 , 841.55 , 0 , 0 , 0
2825 , 0 , 1000 , 841.912 , 0 , 0 , 0
2826 , 0 , 1000 , 842.282 , 0 , 0 , 0
2827 , 0 , 1000 , 842.661 , 0 , 0 , 0
2828 , 0 , 1000 , 843.048 , 0 , 0 , 0
2829 , 0 , 1000 , 843.444 , 0 , 0 , 0
2830 , 0 , 1000 , 843.849 , 0 , 0 , 0
2831 , 0 , 1000 , 844.262 , 0 , 0 , 0
2832 , 0 , 1000 , 844.684 , 0 , 0 , 0
2833 , 0 , 1000 , 845.115 , 0 , 0 , 0
2834 , 0 , 1000 , 845.555 , 0 , 0 , 0
2835 , 0 , 1000 , 846.003 , 0 , 0 , 0
2836 , 0 , 1000 , 846.461 , 0 , 0 , 0
2837 , 0 , 1000 , 846.927 , 0 , 0 , 0
2838 , 0 , 1000 , 847.403 , 0 , 0 , 0
2839 , 0 , 1000 , 847.888 , 0 , 0 , 0
2840 , 0 , 1000 , 848.382 , 0 , 0 , 0
2841 , 0 , 1000 , 848.885 , 0 , 0 , 0
2842 , 0 , 1000 , 849.397 , 0 , 0 , 0
2843 , 0 , 1000 , 849.919 , 0 , 0 , 0
2844 , 0 , 1000 , 850.45 , 0 , 0 , 0
2845 , 0 , 1000 , 850.99 , 0 , 0 , 0
2846 , 0 , 1000 , 851.54 , 0 , 0 , 0
2847 , 0 , 1000 , 852.099 , 0 , 0 , 0
2848 , 0 , 1000 , 852.668 , 0 , 0 , 0
2849 , 0 , 1000 , 853.246 , 0 , 0 , 0
2850 , 0 , 1000 , 853.834 , 0 , 0 , 0
2851 , 0 , 1000 , 854.431 , 0 , 0 , 0
2852 , 0 , 1000 , 855.038 , 0 , 0 , 0
2853 , 0 , 1000 , 855.655 , 0 , 0 , 0
2854 , 0 , 1000 , 856.281 , 0 , 0 , 0
2855 , 0 , 1000 , 856.917 , 0 , 0 , 0
2856 , 0 , 1000 , 857.563 , 0 , 0 , 0
2857 , 0 , 1000 , 858.218 , 0 , 0 , 0
2858 , 0 , 1000 , 858.884 , 0 , 0 , 0
2859 , 0 , 1000 , 859.559 , 0 , 0 , 0
2860 , 0 , 1000 , 860.244 , 0 , 0 , 0
2861 , 0 , 1000 , 860.939 , 0 , 0 , 0
2862 , 0 , 1000 , 861.643 , 0 , 0 , 0
2863 , 0 , 1000 , 862.358 , 0 , 0 , 0
2864 , 0 , 1000 , 863.083 , 0 , 0 , 0
2865 , 0 , 1000 , 863.817 , 0 , 0 , 0
2866 , 0 , 1000 , 864.561 , 0 , 0 , 0
2867 , 0 , 1000 , 865.316 , 0 , 0 , 0
2868 , 0 , 1000 , 866.08 , 0 , 0 , 0
2869 , 0 , 1000 , 866.854 , 0 , 0 , 0
2870 , 0 , 1000 , 867.638 , 0 , 0 , 0
2871 , 0 , 1000 , 868.432 , 0 , 0 , 0
2872 , 0 , 1000 , 869.236 , 0 , 0 , 0
2873 , 0 , 1000 , 870.05 , 0 , 0 , 0
2874 , 0 , 1000 , 870.874 , 0 , 0 , 0
2875 , 0 , 1000 , 871.708 , 0 , 0 , 0
2876 , 0 , 1000 , 872.552 , 0 , 0 , 0
2877 , 0 , 1000 , 873.406 , 0 , 0 , 0
2878 , 0 , 1000 , 874.27 , 0 , 0 , 0
2879 , 0 , 1000 , 875.143 , 0 , 0 , 0
2880 , 0 , 1000 , 876.027 , 0 , 0 , 0
2881 , 0 , 1000 , 876.92 , 0 , 0 , 0
2882 , 0 , 1000 , 877.824 , 0 , 0 , 0
2883 , 0 , 1000 , 878.737 , 0 , 0 , 0
2884 , 0 , 1000 , 879.66 , 0 , 0 , 0
2885 , 0 , 1000 , 880.593 , 0 , 0 , 0
2886 , 0 , 1000 , 881.536 , 0 , 0 , 0
2887 , 0 , 1000 , 882.488 , 0 , 0 , 0
2888 , 0 , 1000 , 883.451 , 0 , 0 , 0
2889 , 0 , 1000 , 884.423 , 0 , 0 , 0
2890 , 0 , 1000 , 885.405 , 0 , 0 , 0
2891 , 0 , 1000 , 886.397 , 0 , 0 , 0
2892 , 0 , 1000 , 887.399 , 0 , 0 , 0
2893 , 0 , 1000 , 888.41 , 0 , 0 , 0
2894 , 0 , 1000 , 889.431 , 0 , 0 , 0
2895 , 0 , 1000 , 890.462 , 0 , 0 , 0
2896 , 0 , 1000 , 891.502 , 0 , 0 , 0
2897 , 0 , 1000 , 892.552 , 0 , 0 , 0
2898 , 0 , 1000 , 893.612 , 0 , 0 , 0
2899 , 0 , 1000 , 894.682 , 0 , 0 , 0
2900 , 0 , 1000 , 895.76 , 0 , 0 , 0
2901 , 0 , 1000 , 896.849 , 0 , 0 , 0
2902 , 0 , 1000 , 897.947 , 0 , 0 , 0
2903 , 0 , 1000 , 899.055 , 0 , 0 , 0
2904 , 0 , 1000 , 900.172 , 0 , 0 , 0
2905 , 0 , 1000 , 901.298 , 0 , 0 , 0
2906 , 0 , 1000 , 902.434 , 0 , 0 , 0
2907 , 0 , 1000 , 903.579 , 0 , 0 , 0
2908 , 0 , 1000 , 904.733 , 0 , 0 , 0
2909 , 0 , 1000 , 905.897 , 0 , 0 , 0
2910 , 0 , 1000 , 907.07 , 0 , 0 , 0
2911 , 0 , 1000 , 908.253 , 0 , 0 , 0
2912 , 0 , 1000 , 909.444 , 0 , 0 , 0
2913 , 0 , 1000 , 910.644 , 0 , 0 , 0
2914 , 0 , 1000 , 911.854 , 0 , 0 , 0
2915 , 0 , 1000 , 913.072 , 0 , 0 , 0
2916 , 0 , 1000 , 914.299 , 0 , 0 , 0
2917 , 0 , 1000 , 915.536 , 0 , 0 , 0
2918 , 0 , 1000 , 916.781 , 0 , 0 , 0
2919 , 0 , 1000 , 918.034 , 0 , 0 , 0
2920 , 0 , 1000 , 919.297 , 0 , 0 , 0
2921 , 0 , 1000 , 920.568 , 0 , 0 , 0
2922 , 0 , 1000 , 921.847 , 0 , 0 , 0
2923 , 0 , 1000 , 923.135 , 0 , 0 , 0
2924 , 0 , 1000 , 924.431 , 0 , 0 , 0
2925 , 0 , 1000 , 925.735 , 0 , 0 , 0
2926 , 0 , 1000 , 927.048 , 0 , 0 , 0
2927 , 0 , 1000 , 928.369 , 0 , 0 , 0
2928 , 0 , 1000 , 929.697 , 0 , 0 , 0
2929 , 0 , 1000 , 931.034 , 0 , 0 , 0
2930 , 0 , 1000 , 932.378 , 0 , 0 , 0
2931 , 0 , 1000 , 933.73 , 0 , 0 , 0
2932 , 0 , 1000 , 935.09 , 0 , 0 , 0
2933 , 0 , 1000 , 936.457 , 0 , 0 , 0
2934 , 0 , 1000 , 937.832 , 0 , 0 , 0
2935 , 0 , 1000 , 939.214 , 0 , 0 , 0
2936 , 0 , 1000 , 940.603 , 0 , 0 , 0
2937 , 0 , 1000 , 942 , 0 , 0 , 0
2938 , 0 , 1000 , 943.403 , 0 , 0 , 0
2939 , 0 , 1000 , 944.813 , 0 , 0 , 0
2940 , 0 , 1000 , 946.23 , 0 , 0 , 0
2941 , 0 , 1000 , 947.654 , 0 , 0 , 0
2942 , 0 , 1000 , 949.084 , 0 , 0 , 0
2943 , 0 , 1000 , 950.521 , 0 , 0 , 0
2944 , 0 , 1000 , 951.964 , 0 , 0 , 0
2945 , 0 , 1000 , 953.414 , 0 , 0 , 0
2946 , 0 , 1000 , 954.869 , 0 , 0 , 0
2947 , 0 , 1000 , 956.331 , 0 , 0 , 0
2948 , 0 , 1000 , 957.798 , 0 , 0 , 0
2949 , 0 , 1000 , 959.271 , 0 , 0 , 0
2950 , 0 , 1000 , 960.749 , 0 , 0 , 0
2951 , 0 , 1000 , 962.233 , 0 , 0 , 0
2952 , 0 , 1000 , 963.723 , 0 , 0 , 0
2953 , 0 , 1000 , 965.218 , 0 , 0 , 0
2954 , 0 , 1000 , 966.717 , 0 , 0 , 0
2955 , 0 , 1000 , 968.222 , 0 , 0 , 0
2956 , 0 , 1000 , 969.732 , 0 , 0 , 0
2957 , 0 , 1000 , 971.246 , 0 , 0 , 0
2958 , 0 , 1000 , 972.764 , 0 , 0 , 0
2959 , 0 , 1000 , 974.288 , 0 , 0 , 0
2960 , 0 , 1000 , 975.815 , 0 , 0 , 0
2961 , 0 , 1000 , 977.347 , 0 , 0 , 0
2962 , 0 , 1000 , 978.882 , 0 , 0 , 0
2963 , 0 , 1000 , 980.422 , 0 , 0 , 0
2964 , 0 , 1000 , 981.965 , 0 , 0 , 0
2965 , 0 , 1000 , 983.512 , 0 , 0 , 0
2966 , 0 , 1000 , 985.062 , 0 , 0 , 0
2967 , 0 , 1000 , 986.615 , 0 , 0 , 0
2968 , 0 , 1000 , 988.172 , 0 , 0 , 0
2969 , 0 , 1000 , 989.731 , 0 , 0 , 0
2970 , 0 , 1000 , 991.293 , 0 , 0 , 0
2971 , 0 , 1000 , 992.858 , 0 , 0 , 0
2972 , 0 , 1000 , 994.425 , 0 , 0 , 0
2973 , 0 , 1000 , 995.995 , 0 , 0 , 0
2974 , 0 , 1000 , 997.567 , 0 , 0 , 0
2975 , 0 , 1000 , 999.141 , 0 , 0 , 0
2976 , 0 , 1000 , 1000.72 , 0 , 0 , 0
2977 , 0 , 1000 , 1002.29 , 0 , 0 , 0
2978 , 0 , 1000 , 1003.87 , 0 , 0 , 0
2979 , 0 , 1000 , 1005.45 , 0 , 0 , 0
2980 , 0 , 1000 , 1007.03 , 0 , 0 , 0
2981 , 0 , 1000 , 1008.61 , 0 , 0 , 0
2982 , 0 , 1000 , 1010.2 , 0 , 0 , 0
2983 , 0 , 1000 , 1011.78 , 0 , 0 , 0
2984 , 0 , 1000 , 1013.36 , 0 , 0 , 0
2985 , 0 , 1000 , 1014.95 , 0 , 0 , 0
2986 , 0 , 1000 , 1016.53 , 0 , 0 , 0
2987 , 0 , 1000 , 1018.12 , 0 , 0 , 0
2988 , 0 , 1000 , 1019.7 , 0 , 0 , 0
2989 , 0 , 1000 , 1021.28 , 0 , 0 , 0
2990 , 0 , 1000 , 1022.87 , 0 , 0 , 0
2991 , 0 , 1000 , 1024.45 , 0 , 0 , 0
2992 , 0 , 1000 , 1026.03 , 0 , 0 , 0
2993 , 0 , 1000 , 1027.61 , 0 , 0 , 0
2994 , 0 , 1000 , 1029.19 , 0 , 0 , 0
2995 , 0 , 1000 , 1030.77 , 0 , 0 , 0
2996 , 0 , 1000 , 1032.34 , 0 , 0 , 0
2997 , 0 , 1000 , 1033.92 , 0 , 0 , 0
2998 , 0 , 1000 , 1035.49 , 0 , 0 , 0
2999 , 0 , 1000 , 1037.07 , 0 , 0 , 0
3000 , 0 , 1000 , 1038.64 , 0 , 0 , 0
3001 , 0 , 1000 , 1040.21 , 0 , 0 , 0
3002 , 0 , 1000 , 1041.77 , 0 , 0 , 0
3003 , 0 , 1000 , 1043.34 , 0 , 0 , 0
3004 , 0 , 1000 , 1044.9 , 0 , 0 , 0
3005 , 0 , 1000 , 1046.46 , 0 , 0 , 0
3006 , 0 , 1000 , 1048.02 , 0 , 0 , 0
3007 , 0 , 1000 , 1049.57 , 0 , 0 , 0
3008 , 0 , 1000 , 1051.12 , 0 , 0 , 0
3009 , 0 , 1000 , 1052.67 , 0 , 0 , 0
3010 , 0 , 1000 , 1054.22 , 0 , 0 , 0
3011 , 0 , 1000 , 1055.76 , 0 , 0 , 0
3012 , 0 , 1000 , 1057.3 , 0 , 0 , 0
3013 , 0 , 1000 , 1058.84 , 0 , 0 , 0
3014 , 0 , 1000 , 1060.37 , 0 , 0 , 0
3015 , 0 , 1000 , 1061.9 , 0 , 0 , 0
3016 , 0 , 1000 , 1063.42 , 0 , 0 , 0
3017 , 0 , 1000 , 1064.94 , 0 , 0 , 0
3018 , 0 , 1000 , 1066.46 , 0 , 0 , 0
3019 , 0 , 1000 , 1067.97 , 0 , 0 , 0
3020 , 0 , 1000 , 1069.48 , 0 , 0 , 0
3021 , 0 , 1000 , 1070.98 , 0 , 0 , 0
3022 , 0 , 1000 , 1072.48 , 0 , 0 , 0
3023 , 0 , 1000 , 1073.97 , 0 , 0 , 0
3024 , 0 , 1000 , 1075.46 , 0 , 0 , 0
3025 , 0 , 1000 , 1076.94 , 0 , 0 , 0
3026 , 0 , 1000 , 1078.42 , 0 , 0 , 0
3027 , 0 , 1000 , 1079.89 , 0 , 0 , 0
3028 , 0 , 1000 , 1081.36 , 0 , 0 , 0
3029 , 0 , 1000 , 1082.82 , 0 , 0 , 0
3030 , 0 , 1000 , 1084.27 , 0 , 0 , 0
3031 , 0 , 1000 , 1085.72 , 0 , 0 , 0
3032 , 0 , 1000 , 1087.16 , 0 , 0 , 0
3033 , 0 , 1000 , 1088.59 , 0 , 0 , 0
3034 , 0 , 1000 , 1090.02 , 0 , 0 , 0
3035 , 0 , 1000 , 1091.44 , 0 , 0 , 0
3036 , 0 , 1000 , 1092.86 , 0 , 0 , 0
3037 , 0 , 1000 , 1094.26 , 0 , 0 , 0
3038 , 0 , 1000 , 1095.66 , 0 , 0 , 0
3039 , 0 , 1000 , 1097.06 , 0 , 0 , 0
3040 , 0 , 1000 , 1098.44 , 0 , 0 , 0
3041 , 0 , 1000 , 1099.82 , 0 , 0 , 0
3042 , 0 , 1000 , 1101.19 , 0 , 0 , 0
3043 , 0 , 1000 , 1102.55 , 0 , 0 , 0
3044 , 0 , 1000 , 1103.9 , 0 , 0 , 0
3045 , 0 , 1000 , 1105.25 , 0 , 0 , 0
3046 , 0 , 1000 , 1106.58 , 0 , 0 , 0
3047 , 0 , 1000 , 1107.91 , 0 , 0 , 0
3048 , 0 , 1000 , 1109.23 , 0 , 0 , 0
3049 , 0 , 1000 , 1110.54 , 0 , 0 , 0
3050 , 0 , 1000 , 1111.84 , 0 , 0 , 0
3051 , 0 , 1000 , 1113.13 , 0 , 0 , 0
3052 , 0 , 1000 , 1114.41 , 0 , 0 , 0
3053 , 0 , 1000 , 1115.69 , 0 , 0 , 0
3054 , 0 , 1000 , 1116.95 , 0 , 0 , 0
3055 , 0 , 1000 , 1118.2 , 0 , 0 , 0
3056 , 0 , 1000 , 1119.45 , 0 , 0 , 0
3057 , 0 , 1000 , 1120.68 , 0 , 0 , 0
3058 , 0 , 1000 , 1121.91 , 0 , 0 , 0
3059 , 0 , 1000 , 1123.12 , 0 , 0 , 0
3060 , 0 , 1000 , 1124.32 , 0 , 0 , 0
3061 , 0 , 1000 , 1125.52 , 0 , 0 , 0
3062 , 0 , 1000 , 1126.7 , 0 , 0 , 0
3063 , 0 , 1000 , 1127.87 , 0 , 0 , 0
3064 , 0 , 1000 , 1129.03 , 0 , 0 , 0
3065 , 0 , 1000 , 1130.18 , 0 , 0 , 0
3066 , 0 , 1000 , 1131.32 , 0 , 0 , 0
3067 , 0 , 1000 , 1132.45 , 0 , 0 , 0
3068 , 0 , 1000 , 1133.56 , 0 , 0 , 0
3069 , 0 , 1000 , 1134.67 , 0 , 0 , 0
3070 , 0 , 1000 , 1135.76 , 0 , 0 , 0
3071 , 0 , 1000 , 1136.84 , 0 , 0 , 0
3072 , 0 , 1000 , 1137.91 , 0 , 0 , 0
3073 , 0 , 1000 , 1138.97 , 0 , 0 , 0
3074 , 0 , 1000 , 1140.02 , 0 , 0 , 0
3075 , 0 , 1000 , 1141.05 , 0 , 0 , 0
3076 , 0 , 1000 , 1142.07 , 0 , 0 , 0
3077 , 0 , 1000 , 1143.08 , 0 , 0 , 0
3078 , 0 , 1000 , 1144.08 , 0 , 0 , 0
3079 , 0 , 1000 , 1145.07 , 0 , 0 , 0
3080 , 0 , 1000 , 1146.04 , 0 , 0 , 0
3081 , 0 , 1000 , 1147 , 0 , 0 , 0
3082 , 0 , 1000 , 1147.95 , 0 , 0 , 0
3083 , 0 , 1000 , 1148.88 , 0 , 0 , 0
3084 , 0 , 1000 , 1149.81 , 0 , 0 , 0
3085 , 0 , 1000 , 1150.72 , 0 , 0 , 0
3086 , 0 , 1000 , 1151.61 , 0 , 0 , 0
3087 , 0 , 1000 , 1152.5 , 0 , 0 , 0
3088 , 0 , 1000 , 1153.37 , 0 , 0 , 0
3089 , 0 , 1000 , 1154.23 , 0 , 0 , 0
3090 , 0 , 1000 , 1155.07 , 0 , 0 , 0
3091 , 0 , 1000 , 1155.9 , 0 , 0 , 0
3092 , 0 , 1000 , 1156.72 , 0 , 0 , 0
3093 , 0 , 1000 , 1157.53 , 0 , 0 , 0
3094 , 0 , 1000 , 1158.32 , 0 , 0 , 0
3095 , 0 , 1000 , 1159.1 , 0 , 0 , 0
3096 , 0 , 1000 , 1159.86 , 0 , 0 , 0
3097 , 0 , 1000 , 1160.61 , 0 , 0 , 0
3098 , 0 , 1000 , 1161.35 , 0 , 0 , 0
3099 , 0 , 1000 , 1162.07 , 0 , 0 , 0
3100 , 0 , 1000 , 1162.79 , 0 , 0 , 0
3101 , 0 , 1000 , 1163.48 , 0 , 0 , 0
3102 , 0 , 1000 , 1164.17 , 0 , 0 , 0
3103 , 0 , 1000 , 1164.84 , 0 , 0 , 0
3104 , 0 , 1000 , 1165.49 , 0 , 0 , 0
3105 , 0 , 1000 , 1166.14 , 0 , 0 , 0
3106 , 0 , 1000 , 1166.77 , 0 , 0 , 0
3107 , 0 , 1000 , 1167.38 , 0 , 0 , 0
3108 , 0 , 1000 , 1167.98 , 0 , 0 , 0
3109 , 0 , 1000 , 1168.57 , 0 , 0 , 0
3110 , 0 , 1000 , 1169.15 , 0 , 0 , 0
3111 , 0 , 1000 , 1169.71 , 0 , 0 , 0
3112 , 0 , 1000 , 1170.26 , 0 , 0 , 0
3113 , 0 , 1000 , 1170.79 , 0 , 0 , 0
3114 , 0 , 1000 , 1171.31 , 0 , 0 , 0
3115 , 0 , 1000 , 1171.81 , 0 , 0 , 0
3116 , 0 , 1000 , 1172.31 , 0 , 0 , 0
3117 , 0 , 1000 , 1172.79 , 0 , 0 , 0
3118 , 0 , 1000 , 1173.25 , 0 , 0 , 0
3119 , 0 , 1000 , 1173.7 , 0 , 0 , 0
3120 , 0 , 1000 , 1174.14 , 0 , 0 , 0
3121 , 0 , 1000 , 1174.56 , 0 , 0 , 0
3122 , 0 , 1000 , 1174.98 , 0 , 0 , 0
3123 , 0 , 1000 , 1175.37 , 0 , 0 , 0
3124 , 0 , 1000 , 1175.76 , 0 , 0 , 0
3125 , 0 , 1000 , 1176.13 , 0 , 0 , 0
3126 , 0 , 1000 , 1176.48 , 0 , 0 , 0
3127 , 0 , 1000 , 1176.82 , 0 , 0 , 0
3128 , 0 , 1000 , 1177.15 , 0 , 0 , 0
3129 , 0 , 1000 , 1177.47 , 0 , 0 , 0
3130 , 0 , 1000 , 1177.77 , 0 , 0 , 0
3131 , 0 , 1000 , 1178.06 , 0 , 0 , 0
3132 , 0 , 1000 , 1178.34 , 0 , 0 , 0
3133 , 0 , 1000 , 1178.6 , 0 , 0 , 0
3134 , 0 , 1000 , 1178.85 , 0 , 0 , 0
3135 , 0 , 1000 , 1179.09 , 0 , 0 , 0
3136 , 0 , 1000 , 1179.31 , 0 , 0 , 0
3137 , 0 , 1000 , 1179.52 , 0 , 0 , 0
3138 , 0 , 1000 , 1179.72 , 0 , 0 , 0
3139 , 0 , 1000 , 1179.9 , 0 , 0 , 0
3140 , 0 , 1000 , 1180.07 , 0 , 0 , 0
3141 , 0 , 1000 , 1180.23 , 0 , 0 , 0
3142 , 0 , 1000 , 1180.37 , 0 , 0 , 0
3143 , 0 , 1000 , 1180.51 , 0 , 0 , 0
3144 , 0 , 1000 , 1180.63 , 0 , 0 , 0
3145 , 0 , 1000 , 1180.73 , 0 , 0 , 0
3146 , 0 , 1000 , 1180.83 , 0 , 0 , 0
3147 , 0 , 1000 , 1180.91 , 0 , 0 , 0
3148 , 0 , 1000 , 1180.98 , 0 , 0 , 0
3149 , 0 , 1000 , 1181.04 , 0 , 0 , 0
3150 , 0 , 1000 , 1181.08 , 0 , 0 , 0
3151 , 0 , 1000 , 1181.11 , 0 , 0 , 0
3152 , 0 , 1000 , 1181.13 , 0 , 0 , 0
3153 , 0 , 1000 , 1181.14 , 0 , 0 , 0
3154 , 0 , 1000 , 1181.14 , 0 , 0 , 0
3155 , 0 , 1000 , 1181.12 , 0 , 0 , 0
3156 , 0 , 1000 , 1181.1 , 0 , 0 , 0
3157 , 0 , 1000 , 1181.06 , 0 , 0 , 0
3158 , 0 , 1000 , 1181.01 , 0 , 0 , 0
3159 , 0 , 1000 , 1180.94 , 0 , 0 , 0
3160 , 0 , 1000 , 1180.87 , 0 , 0 , 0
3161 , 0 , 1000 , 1180.78 , 0 , 0 , 0
3162 , 0 , 1000 , 1180.69 , 0 , 0 , 0
3163 , 0 , 1000 , 1180.58 , 0 , 0 , 0
3164 , 0 , 1000 , 1180.46 , 0 , 0 , 0
3165 , 0 , 1000 , 1180.33 , 0 , 0 , 0
3166 , 0 , 1000 , 1180.19 , 0 , 0 , 0
3167 , 0 , 1000 , 1180.04 , 0 , 0 , 0
3168 , 0 , 1000 , 1179.88 , 0 , 0 , 0
3169 , 0 , 1000 , 1179.7 , 0 , 0 , 0
3170 , 0 , 1000 , 1179.52 , 0 , 0 , 0
3171 , 0 , 1000 , 1179.33 , 0 , 0 , 0
3172 , 0 , 1000 , 1179.12 , 0 , 0 , 0
3173 , 0 , 1000 , 1178.91 , 0 , 0 , 0
3174 , 0 , 1000 , 1178.68 , 0 , 0 , 0
3175 , 0 , 1000 , 1178.45 , 0 , 0 , 0
3176 , 0 , 1000 , 1178.2 , 0 , 0 , 0
3177 , 0 , 1000 , 1177.95 , 0 , 0 , 0
3178 , 0 , 1000 , 1177.68 , 0 , 0 , 0
3179 , 0 , 1000 , 1177.41 , 0 , 0 , 0
3180 , 0 , 1000 , 1177.13 , 0 , 0 , 0
3181 , 0 , 1000 , 1176.83 , 0 , 0 , 0
3182 , 0 , 1000 , 1176.53 , 0 , 0 , 0
3183 , 0 , 1000 , 1176.22 , 0 , 0 , 0
3184 , 0 , 1000 , 1175.9 , 0 , 0 , 0
3185 , 0 , 1000 , 1175.57 , 0 , 0 , 0
3186 , 0 , 1000 , 1175.23 , 0 , 0 , 0
3187 , 0 , 1000 , 1174.88 , 0 , 0 , 0
3188 , 0 , 1000 , 1174.53 , 0 , 0 , 0
3189 , 0 , 1000 , 1174.16 , 0 , 0 , 0
3190 , 0 , 1000 , 1173.79 , 0 , 0 , 0
3191 , 0 , 1000 , 1173.41 , 0 , 0 , 0
3192 , 0 , 1000 , 1173.02 , 0 , 0 , 0
3193 , 0 , 1000 , 1172.62 , 0 , 0 , 0
3194 , 0 , 1000 , 1172.22 , 0 , 0 , 0
3195 , 0 , 1000 , 1171.81 , 0 , 0 , 0
3196 , 0 , 1000 , 1171.39 , 0 , 0 , 0
3197 , 0 , 1000 , 1170.96 , 0 , 0 , 0
3198 , 0 , 1000 , 1170.52 , 0 , 0 , 0
3199 , 0 , 1000 , 1170.08 , 0 , 0 , 0
3200 , 0 , 1000 , 1169.63 , 0 , 0 , 0
3201 , 0 , 1000 , 1169.17 , 0 , 0 , 0
3202 , 0 , 1000 , 1168.71 , 0 , 0 , 0
3203 , 0 , 1000 , 1168.24 , 0 , 0 , 0
3204 , 0 , 1000 , 1167.76 , 0 , 0 , 0
3205 , 0 , 1000 , 1167.28 , 0 , 0 , 0
3206 , 0 , 1000 , 1166.79 , 0 , 0 , 0
3207 , 0 , 1000 , 1166.29 , 0 , 0 , 0
3208 , 0 , 1000 , 1165.79 , 0 , 0 , 0
3209 , 0 , 1000 , 1165.28 , 0 , 0 , 0
3210 , 0 , 1000 , 1164.77 , 0 , 0 , 0
3211 , 0 , 1000 , 1164.24 , 0 , 0 , 0
3212 , 0 , 1000 , 1163.72 , 0 , 0 , 0
3213 , 0 , 1000 , 1163.19 , 0 , 0 , 0
3214 , 0 , 1000 , 1162.65 , 0 , 0 , 0
3215 , 0 , 1000 , 1162.11 , 0 , 0 , 0
3216 , 0 , 1000 , 1161.56 , 0 , 0 , 0
3217 , 0 , 1000 , 1161.01 , 0 , 0 , 0
3218 , 0 , 1000 , 1160.45 , 0 , 0 , 0
3219 , 0 , 1000 , 1159.88 , 0 , 0 , 0
3220 , 0 , 1000 , 1159.32 , 0 , 0 , 0
3221 , 0 , 1000 , 1158.74 , 0 , 0 , 0
3222 , 0 , 1000 , 1158.17 , 0 , 0 , 0
3223 , 0 , 1000 , 1157.59 , 0 , 0 , 0
3224 , 0 , 1000 , 1157 , 0 , 0 , 0
3225 , 0 , 1000 , 1156.41 , 0 , 0 , 0
3226 , 0 , 1000 , 1155.82 , 0 , 0 , 0
3227 , 0 , 1000 , 1155.22 , 0 , 0 , 0
3228 , 0 , 1000 , 1154.62 , 0 , 0 , 0
3229 , 0 , 1000 , 1154.02 , 0 , 0 , 0
3230 , 0 , 1000 , 1153.41 , 0 , 0 , 0
3231 , 0 , 1000 , 1152.8 , 0 , 0 , 0
3232 , 0 , 1000 , 1152.19 , 0 , 0 , 0
3233 , 0 , 1000 , 1151.57 , 0 , 0 , 0
3234 , 0 , 1000 , 1150.95 , 0 , 0 , 0
3235 , 0 , 1000 , 1150.32 , 0 , 0 , 0
3236 , 0 , 1000 , 1149.7 , 0 , 0 , 0
3237 , 0 , 1000 , 1149.07 , 0 , 0 , 0
3238 , 0 , 1000 , 1148.44 , 0 , 0 , 0
3239 , 0 , 1000 , 1147.81 , 0 , 0 , 0
3240 , 0 , 1000 , 1147.17 , 0 , 0 , 0
3241 , 0 , 1000 , 1146.53 , 0 , 0 , 0
3242 , 0 , 1000 , 1145.89 , 0 , 0 , 0
3243 , 0 , 1000 , 1145.25 , 0 , 0 , 0
3244 , 0 , 1000 , 1144.61 , 0 , 0 , 0
3245 , 0 , 1000 , 1143.97 , 0 , 0 , 0
3246 , 0 , 1000 , 1143.32 , 0 , 0 , 0
3247 , 0 , 1000 , 1142.67 , 0 , 0 , 0
3248 , 0 , 1000 , 1142.02 , 0 , 0 , 0
3249 , 0 , 1000 , 1141.37 , 0 , 0 , 0
3250 , 0 , 1000 , 1140.72 , 0 , 0 , 0
3251 , 0 , 1000 , 1140.07 , 0 , 0 , 0
3252 , 0 , 1000 , 1139.42 , 0 , 0 , 0
3253 , 0 , 1000 , 1138.76 , 0 , 0 , 0
3254 , 0 , 1000 , 1138.11 , 0 , 0 , 0
3255 , 0 , 1000 , 1137.46 , 0 , 0 , 0
3256 , 0 , 1000 , 1136.8 , 0 , 0 , 0
3257 , 0 , 1000 , 1136.15 , 0 , 0 , 0
3258 , 0 , 1000 , 1135.49 , 0 , 0 , 0
3259 , 0 , 1000 , 1134.84 , 0 , 0 , 0
3260 , 0 , 1000 , 1134.18 , 0 , 0 , 0
3261 , 0 , 1000 , 1133.53 , 0 , 0 , 0
3262 , 0 , 1000 , 1132.87 , 0 , 0 , 0
3263 , 0 , 1000 , 1132.22 , 0 , 0 , 0
3264 , 0 , 1000 , 1131.56 , 0 , 0 , 0
3265 , 0 , 1000 , 1130.91 , 0 , 0 , 0
3266 , 0 , 1000 , 1130.26 , 0 , 0 , 0
3267 , 0 , 1000 , 1129.61 , 0 , 0 , 0
3268 , 0 , 1000 , 1128.96 , 0 , 0 , 0
3269 , 0 , 1000 , 1128.31 , 0 , 0 , 0
3270 , 0 , 1000 , 1127.66 , 0 , 0 , 0
3271 , 0 , 1000 , 1127.01 , 0 , 0 , 0
3272 , 0 , 1000 , 1126.37 , 0 , 0 , 0
3273 , 0 , 1000 , 1125.73 , 0 , 0 , 0
3274 , 0 , 1000 , 1125.08 , 0 , 0 , 0
3275 , 0 , 1000 , 1124.44 , 0 , 0 , 0
3276 , 0 , 1000 , 1123.8 , 0 , 0 , 0
3277 , 0 , 1000 , 1123.17 , 0 , 0 , 0
3278 , 0 , 1000 , 1122.53 , 0 , 0 , 0
3279 , 0 , 1000 , 1121.9 , 0 , 0 , 0
3280 , 0 , 1000 , 1121.27 , 0 , 0 , 0
3281 , 0 , 1000 , 1120.64 , 0 , 0 , 0
3282 , 0 , 1000 , 1120.02 , 0 , 0 , 0
3283 , 0 , 1000 , 1119.39 , 0 , 0 , 0
3284 , 0 , 1000 , 1118.77 , 0 , 0 , 0
3285 , 0 , 1000 , 1118.15 , 0 , 0 , 0
3286 , 0 , 1000 , 1117.54 , 0 , 0 , 0
3287 , 0 , 1000 , 1116.92 , 0 , 0 , 0
3288 , 0 , 1000 , 1116.31 , 0 , 0 , 0
3289 , 0 , 1000 , 1115.71 , 0 , 0 , 0
3290 , 0 , 1000 , 1115.1 , 0 , 0 , 0
3291 , 0 , 1000 , 1114.5 , 0 , 0 , 0
3292 , 0 , 1000 , 1113.9 , 0 , 0 , 0
3293 , 0 , 1000 , 1113.31 , 0 , 0 , 0
3294 , 0 , 1000 , 1112.72 , 0 , 0 , 0
3295 , 0 , 1000 , 1112.13 , 0 , 0 , 0
3296 , 0 , 1000 , 1111.55 , 0 , 0 , 0
3297 , 0 , 1000 , 1110.97 , 0 , 0 , 0
3298 , 0 , 1000 , 1110.39 , 0 , 0 , 0
3299 , 0 , 1000 , 1109.82 , 0 , 0 , 0
3300 , 0 , 1000 , 1109.25 , 0 , 0 , 0
3301 , 0 , 1000 , 1108.68 , 0 , 0 , 0
3302 , 0 , 1000 , 1108.12 , 0 , 0 , 0
3303 , 0 , 1000 , 1107.57 , 0 , 0 , 0
3304 , 0 , 1000 , 1107.01 , 0 , 0 , 0
3305 , 0 , 1000 , 1106.47 , 0 , 0 , 0
3306 , 0 , 1000 , 1105.92 , 0 , 0 , 0
3307 , 0 , 1000 , 1105.38 , 0 , 0 , 0
3308 , 0 , 1000 , 1104.85 , 0 , 0 , 0
3309 , 0 , 1000 , 1104.32 , 0 , 0 , 0
3310 , 0 , 1000 , 1103.79 , 0 , 0 , 0
3311 , 0 , 1000 , 1103.27 , 0 , 0 , 0
3312 , 0 , 1000 , 1102.75 , 0 , 0 , 0
3313 , 0 , 1000 , 1102.24 , 0 , 0 , 0
3314 , 0 , 1000 , 1101.73 , 0 , 0 , 0
3315 , 0 , 1000 , 1101.23 , 0 , 0 , 0
3316 , 0 , 1000 , 1100.73 , 0 , 0 , 0
3317 , 0 , 1000 , 1100.24 , 0 , 0 , 0
3318 , 0 , 1000 , 1099.75 , 0 , 0 , 0
3319 , 0 , 1000 , 1099.27 , 0 , 0 , 0
3320 , 0 , 1000 , 1098.79 , 0 , 0 , 0
3321 , 0 , 1000 , 1098.32 , 0 , 0 , 0
3322 , 0 , 1000 , 1097.85 , 0 , 0 , 0
3323 , 0 , 1000 , 1097.39 , 0 , 0 , 0
3324 , 0 , 1000 , 1096.94 , 0 , 0 , 0
3325 , 0 , 1000 , 1096.49 , 0 , 0 , 0
3326 , 0 , 1000 , 1096.04 , 0 , 0 , 0
3327 , 0 , 1000 , 1095.6 , 0 , 0 , 0
3328 , 0 , 1000 , 1095.17 , 0 , 0 , 0
3329 , 0 , 1000 , 1094.74 , 0 , 0 , 0
3330 , 0 , 1000 , 1094.32 , 0 , 0 , 0
3331 , 0 , 1000 , 1093.9 , 0 , 0 , 0
3332 , 0 , 1000 , 1093.49 , 0 , 0 , 0
3333 , 0 , 1000 , 1093.08 , 0 , 0 , 0
3334 , 0 , 1000 , 1092.69 , 0 , 0 , 0
3335 , 0 , 1000 , 1092.29 , 0 , 0 , 0
3336 , 0 , 1000 , 1091.91 , 0 , 0 , 0
3337 , 0 , 1000 , 1091.52 , 0 , 0 , 0
3338 , 0 , 1000 , 1091.15 , 0 , 0 , 0
3339 , 0 , 1000 , 1090.78 , 0 , 0 , 0
3340 , 0 , 1000 , 1090.42 , 0 , 0 , 0
3341 , 0 , 1000 , 1090.06 , 0 , 0 , 0
3342 , 0 , 1000 , 1089.71 , 0 , 0 , 0
3343 , 0 , 1000 , 1089.37 , 0 , 0 , 0
3344 , 0 , 1000 , 1089.03 , 0 , 0 , 0
3345 , 0 , 1000 , 1088.7 , 0 , 0 , 0
3346 , 0 , 1000 , 1088.37 , 0 , 0 , 0
3347 , 0 , 1000 , 1088.05 , 0 , 0 , 0
3348 , 0 , 1000 , 1087.74 , 0 , 0 , 0
3349 , 0 , 1000 , 1087.44 , 0 , 0 , 0
3350 , 0 , 1000 , 1087.14 , 0 , 0 , 0
3351 , 0 , 1000 , 1086.85 , 0 , 0 , 0
3352 , 0 , 1000 , 1086.56 , 0 , 0 , 0
3353 , 0 , 1000 , 1086.28 , 0 , 0 , 0
3354 , 0 , 1000 , 1086.01 , 0 , 0 , 0
3355 , 0 , 1000 , 1085.74 , 0 , 0 , 0
3356 , 0 , 1000 , 1085.48 , 0 , 0 , 0
3357 , 0 , 1000 , 1085.23 , 0 , 0 , 0
3358 , 0 , 1000 , 1084.98 , 0 , 0 , 0
3359 , 0 , 1000 , 1084.74 , 0 , 0 , 0
3360 , 0 , 1000 , 1084.51 , 0 , 0 , 0
3361 , 0 , 1000 , 1084.29 , 0 , 0 , 0
3362 , 0 , 1000 , 1084.07 , 0 , 0 , 0
3363 , 0 , 1000 , 1083.86 , 0 , 0 , 0
3364 , 0 , 1000 , 1083.65 , 0 , 0 , 0
3365 , 0 , 1000 , 1083.45 , 0 , 0 , 0
3366 , 0 , 1000 , 1083.26 , 0 , 0 , 0
3367 , 0 , 1000 , 1083.08 , 0 , 0 , 0
3368 , 0 , 1000 , 1082.9 , 0 , 0 , 0
3369 , 0 , 1000 , 1082.73 , 0 , 0 , 0
3370 , 0 , 1000 , 1082.57 , 0 , 0 , 0
3371 , 0 , 1000 , 1082.41 , 0 , 0 , 0
3372 , 0 , 1000 , 1082.26 , 0 , 0 , 0
3373 , 0 , 1000 , 1082.12 , 0 , 0 , 0
3374 , 0 , 1000 , 1081.99 , 0 , 0 , 0
3375 , 0 , 1000 , 1081.86 , 0 , 0 , 0
3376 , 0 , 1000 , 1081.74 , 0 , 0 , 0
3377 , 0 , 1000 , 1081.62 , 0 , 0 , 0
3378 , 0 , 1000 , 1081.52 , 0 , 0 , 0
3379 , 0 , 1000 , 1081.42 , 0 , 0 , 0
3380 , 0 , 1000 , 1081.32 , 0 , 0 , 0
3381 , 0 , 1000 , 1081.24 , 0 , 0 , 0
3382 , 0 , 1000 , 1081.16 , 0 , 0 , 0
3383 , 0 , 1000 , 1081.09 , 0 , 0 , 0
3384 , 0 , 1000 , 1081.02 , 0 , 0 , 0
3385 , 0 , 1000 , 1080.97 , 0 , 0 , 0
3386 , 0 , 1000 , 1080.92 , 0 , 0 , 0
3387 , 0 , 1000 , 1080.87 , 0 , 0 , 0
3388 , 0 , 1000 , 1080.84 , 0 , 0 , 0
3389 , 0 , 1000 , 1080.81 , 0 , 0 , 0
3390 , 0 , 1000 , 1080.79 , 0 , 0 , 0
3391 , 0 , 1000 , 1080.77 , 0 , 0 , 0
3392 , 0 , 1000 , 1080.76 , 0 , 0 , 0
3393 , 0 , 1000 , 1080.76 , 0 , 0 , 0
3394 , 0 , 1000 , 1080.77 , 0 , 0 , 0
3395 , 0 , 1000 , 1080.78 , 0 , 0 , 0
3396 , 0 , 1000 , 1080.8 , 0 , 0 , 0
3397 , 0 , 1000 , 1080.83 , 0 , 0 , 0
3398 , 0 , 1000 , 1080.87 , 0 , 0 , 0
3399 , 0 , 1000 , 1080.91 , 0 , 0 , 0
3400 , 0 , 1000 , 1080.96 , 0 , 0 , 0
3401 , 0 , 1000 , 1081.01 , 0 , 0 , 0
3402 , 0 , 1000 , 1081.07 , 0 , 0 , 0
3403 , 0 , 1000 , 1081.14 , 0 , 0 , 0
3404 , 0 , 1000 , 1081.22 , 0 , 0 , 0
3405 , 0 , 1000 , 1081.3 , 0 , 0 , 0
3406 , 0 , 1000 , 1081.39 , 0 , 0 , 0
3407 , 0 , 1000 , 1081.49 , 0 , 0 , 0
3408 , 0 , 1000 , 1081.59 , 0 , 0 , 0
3409 , 0 , 1000 , 1081.7 , 0 , 0 , 0
3410 , 0 , 1000 , 1081.82 , 0 , 0 , 0
3411 , 0 , 1000 , 1081.95 , 0 , 0 , 0
3412 , 0 , 1000 , 1082.08 , 0 , 0 , 0
3413 , 0 , 1000 , 1082.21 , 0 , 0 , 0
3414 , 0 , 1000 , 1082.36 , 0 , 0 , 0
3415 , 0 , 1000 , 1082.51 , 0 , 0 , 0
3416 , 0 , 1000 , 1082.67 , 0 , 0 , 0
3417 , 0 , 1000 , 1082.83 , 0 , 0 , 0
3418 , 0 , 1000 , 1083 , 0 , 0 , 0
3419 , 0 , 1000 , 1083.18 , 0 , 0 , 0
3420 , 0 , 1000 , 1083.36 , 0 , 0 , 0
3421 , 0 , 1000 , 1083.55 , 0 , 0 , 0
3422 , 0 , 1000 , 1083.75 , 0 , 0 , 0
3423 , 0 , 1000 , 1083.95 , 0 , 0 , 0
3424 , 0 , 1000 , 1084.16 , 0 , 0 , 0
3425 , 0 , 1000 , 1084.38 , 0 , 0 , 0
3426 , 0 , 1000 , 1084.6 , 0 , 0 , 0
3427 , 0 , 1000 , 1084.83 , 0 , 0 , 0
3428 , 0 , 1000 , 1085.06 , 0 , 0 , 0
3429 , 0 , 1000 , 1085.3 , 0 , 0 , 0
3430 , 0 , 1000 , 1085.55 , 0 , 0 , 0
3431 , 0 , 1000 , 1085.8 , 0 , 0 , 0
3432 , 0 , 1000 , 1086.06 , 0 , 0 , 0
3433 , 0 , 1000 , 1086.32 , 0 , 0 , 0
3434 , 0 , 1000 , 1086.59 , 0 , 0 , 0
3435 , 0 , 1000 , 1086.87 , 0 , 0 , 0
3436 , 0 , 1000 , 1087.15 , 0 , 0 , 0
3437 , 0 , 1000 , 1087.44 , 0 , 0 , 0
3438 , 0 , 1000 , 1087.74 , 0 , 0 , 0
3439 , 0 , 1000 , 1088.04 , 0 , 0 , 0
3440 , 0 , 1000 , 1088.34 , 0 , 0 , 0
3441 , 0 , 1000 , 1088.65 , 0 , 0 , 0
3442 , 0 , 1000 , 1088.97 , 0 , 0 , 0
3443 , 0 , 1000 , 1089.29 , 0 , 0 , 0
3444 , 0 , 1000 , 1089.62 , 0 , 0 , 0
3445 , 0 , 1000 , 1089.95 , 0 , 0 , 0
3446 , 0 , 1000 , 1090.29 , 0 , 0 , 0
3447 , 0 , 1000 , 1090.63 , 0 , 0 , 0
3448 , 0 , 1000 , 1090.98 , 0 , 0 , 0
3449 , 0 , 1000 , 1091.34 , 0 , 0 , 0
3450 , 0 , 1000 , 1091.69 , 0 , 0 , 0
3451 , 0 , 1000 , 1092.06 , 0 , 0 , 0
3452 , 0 , 1000 , 1092.43 , 0 , 0 , 0
3453 , 0 , 1000 , 1092.8 , 0 , 0 , 0
3454 , 0 , 1000 , 1093.18 , 0 , 0 , 0
3455 , 0 , 1000 , 1093.56 , 0 , 0 , 0
3456 , 0 , 1000 , 1093.95 , 0 , 0 , 0
3457 , 0 , 1000 , 1094.35 , 0 , 0 , 0
3458 , 0 , 1000 , 1094.74 , 0 , 0 , 0
3459 , 0 , 1000 , 1095.15 , 0 , 0 , 0
3460 , 0 , 1000 , 1095.55 , 0 , 0 , 0
3461 , 0 , 1000 , 1095.96 , 0 , 0 , 0
3462 , 0 , 1000 , 1096.38 , 0 , 0 , 0
3463 , 0 , 1000 , 1096.8 , 0 , 0 , 0
3464 , 0 , 1000 , 1097.22 , 0 , 0 , 0
3465 , 0 , 1000 , 1097.65 , 0 , 0 , 0
3466 , 0 , 1000 , 1098.08 , 0 , 0 , 0
3467 , 0 , 1000 , 1098.52 , 0 , 0 , 0
3468 , 0 , 1000 , 1098.96 , 0 , 0 , 0
3469 , 0 , 1000 , 1099.4 , 0 , 0 , 0
3470 , 0 , 1000 , 1099.85 , 0 , 0 , 0
3471 , 0 , 1000 , 1100.3 , 0 , 0 , 0
3472 , 0 , 1000 , 1100.76 , 0 , 0 , 0
3473 , 0 , 1000 , 1101.22 , 0 , 0 , 0
3474 , 0 , 1000 , 1101.68 , 0 , 0 , 0
3475 , 0 , 1000 , 1102.14 , 0 , 0 , 0
3476 , 0 , 1000 , 1102.61 , 0 , 0 , 0
3477 , 0 , 1000 , 1103.09 , 0 , 0 , 0
3478 , 0 , 1000 , 1103.56 , 0 , 0 , 0
3479 , 0 , 1000 , 1104.04 , 0 , 0 , 0
3480 , 0 , 1000 , 1104.52 , 0 , 0 , 0
3481 , 0 , 1000 , 1105.01 , 0 , 0 , 0
3482 , 0 , 1000 , 1105.49 , 0 , 0 , 0
3483 , 0 , 1000 , 1105.98 , 0 , 0 , 0
3484 , 0 , 1000 , 1106.48 , 0 , 0 , 0
3485 , 0 , 1000 , 1106.97 , 0 , 0 , 0
3486 , 0 , 1000 , 1107.47 , 0 , 0 , 0
3487 , 0 , 1000 , 1107.97 , 0 , 0 , 0
3488 , 0 , 1000 , 1108.48 , 0 , 0 , 0
3489 , 0 , 1000 , 1108.98 , 0 , 0 , 0
3490 , 0 , 1000 , 1109.49 , 0 , 0 , 0
3491 , 0 , 1000 , 1110 , 0 , 0 , 0
3492 , 0 , 1000 , 1110.51 , 0 , 0 , 0
3493 , 0 , 1000 , 1111.03 , 0 , 0 , 0
3494 , 0 , 1000 , 1111.54 , 0 , 0 , 0
3495 , 0 , 1000 , 1112.06 , 0 , 0 , 0
3496 , 0 , 1000 , 1112.58 , 0 , 0 , 0
3497 , 0 , 1000 , 1113.1 , 0 , 0 , 0
3498 , 0 , 1000 , 1113.63 , 0 , 0 , 0
3499 , 0 , 1000 , 1114.15 , 0 , 0 , 0
3500 , 0 , 1000 , 1114.68 , 0 , 0 , 0
3501 , 0 , 1000 , 1115.21 , 0 , 0 , 0
3502 , 0 , 1000 , 1115.73 , 0 , 0 , 0
3503 , 0 , 1000 , 1116.26 , 0 , 0 , 0
3504 , 0 , 1000 , 1116.8 , 0 , 0 , 0
3505 , 0 , 1000 , 1117.33 , 0 , 0 , 0
3506 , 0 , 1000 , 1117.86 , 0 , 0 , 0
3507 , 0 , 1000 , 1118.4 , 0 , 0 , 0
3508 , 0 , 1000 , 1118.93 , 0 , 0 , 0
3509 , 0 , 1000 , 1119.47 , 0 , 0 , 0
3510 , 0 , 1000 , 1120.01 , 0 , 0 , 0
3511 , 0 , 1000 , 1120.54 , 0 , 0 , 0
3512 , 0 , 1000 , 1121.08 , 0 , 0 , 0
3513 , 0 , 1000 , 1121.62 , 0 , 0 , 0
3514 , 0 , 1000 , 1122.16 , 0 , 0 , 0
3515 , 0 , 1000 , 1122.7 , 0 , 0 , 0
3516 , 0 , 1000 , 1123.23 , 0 , 0 , 0
3517 , 0 , 1000 , 1123.77 , 0 , 0 , 0
3518 , 0 , 1000 , 1124.31 , 0 , 0 , 0
3519 , 0 , 1000 , 1124.85 , 0 , 0 , 0
3520 , 0 , 1000 , 1125.39 , 0 , 0 , 0
3521 , 0 , 1000 , 1125.93 , 0 , 0 , 0
3522 , 0 , 1000 , 1126.47 , 0 , 0 , 0
3523 , 0 , 1000 , 1127.01 , 0 , 0 , 0
3524 , 0 , 1000 , 1127.55 , 0 , 0 , 0
3525 , 0 , 1000 , 1128.08 , 0 , 0 , 0
3526 , 0 , 1000 , 1128.62 , 0 , 0 , 0
3527 , 0 , 1000 , 1129.16 , 0 , 0 , 0
3528 , 0 , 1000 , 1129.69 , 0 , 0 , 0
3529 , 0 , 1000 , 1130.23 , 0 , 0 , 0
3530 , 0 , 1000 , 1130.76 , 0 , 0 , 0
3531 , 0 , 1000 , 1131.29 , 0 , 0 , 0
3532 , 0 , 1000 , 1131.83 , 0 , 0 , 0
3533 , 0 , 1000 , 1132.36 , 0 , 0 , 0
3534 , 0 , 1000 , 1132.89 , 0 , 0 , 0
3535 , 0 , 1000 , 1133.42 , 0 , 0 , 0
3536 , 0 , 1000 , 1133.94 , 0 , 0 , 0
3537 , 0 , 1000 , 1134.47 , 0 , 0 , 0
3538 , 0 , 1000 , 1134.99 , 0 , 0 , 0
3539 , 0 , 1000 , 1135.52 , 0 , 0 , 0
3540 , 0 , 1000 , 1136.04 , 0 , 0 , 0
3541 , 0 , 1000 , 1136.56 , 0 , 0 , 0
3542 , 0 , 1000 , 1137.07 , 0 , 0 , 0
3543 , 0 , 1000 , 1137.59 , 0 , 0 , 0
3544 , 0 , 1000 , 1138.1 , 0 , 0 , 0
3545 , 0 , 1000 , 1138.62 , 0 , 0 , 0
3546 , 0 , 1000 , 1139.13 , 0 , 0 , 0
3547 , 0 , 1000 , 1139.63 , 0 , 0 , 0
3548 , 0 , 1000 , 1140.14 , 0 , 0 , 0
3549 , 0 , 1000 , 1140.64 , 0 , 0 , 0
3550 , 0 , 1000 , 1141.14 , 0 , 0 , 0
3551 , 0 , 1000 , 1141.64 , 0 , 0 , 0
3552 , 0 , 1000 , 1142.14 , 0 , 0 , 0
3553 , 0 , 1000 , 1142.63 , 0 , 0 , 0
3554 , 0 , 1000 , 1143.12 , 0 , 0 , 0
3555 , 0 , 1000 , 1143.61 , 0 , 0 , 0
3556 , 0 , 1000 , 1144.1 , 0 , 0 , 0
3557 , 0 , 1000 , 1144.58 , 0 , 0 , 0
3558 , 0 , 1000 , 1145.06 , 0 , 0 , 0
3559 , 0 , 1000 , 1145.54 , 0 , 0 , 0
3560 , 0 , 1000 , 1146.01 , 0 , 0 , 0
3561 , 0 , 1000 , 1146.48 , 0 , 0 , 0
3562 , 0 , 1000 , 1146.95 , 0 , 0 , 0
3563 , 0 , 1000 , 1147.42 , 0 , 0 , 0
3564 , 0 , 1000 , 1147.88 , 0 , 0 , 0
3565 , 0 , 1000 , 1148.34 , 0 , 0 , 0
3566 , 0 , 1000 , 1148.79 , 0 , 0 , 0
3567 , 0 , 1000 , 1149.24 , 0 , 0 , 0
3568 , 0 , 1000 , 1149.69 , 0 , 0 , 0
3569 , 0 , 1000 , 1150.14 , 0 , 0 , 0
3570 , 0 , 1000 , 1150.58 , 0 , 0 , 0
3571 , 0 , 1000 , 1151.02 , 0 , 0 , 0
3572 , 0 , 1000 , 1151.45 , 0 , 0 , 0
3573 , 0 , 1000 , 1151.88 , 0 , 0 , 0
3574 , 0 , 1000 , 1152.31 , 0 , 0 , 0
3575 , 0 , 1000 , 1152.73 , 0 , 0 , 0
3576 , 0 , 1000 , 1153.15 , 0 , 0 , 0
3577 , 0 , 1000 , 1153.56 , 0 , 0 , 0
3578 , 0 , 1000 , 1153.97 , 0 , 0 , 0
3579 , 0 , 1000 , 1154.38 , 0 , 0 , 0
3580 , 0 , 1000 , 1154.78 , 0 , 0 , 0
3581 , 0 , 1000 , 1155.18 , 0 , 0 , 0
3582 , 0 , 1000 , 1155.58 , 0 , 0 , 0
3583 , 0 , 1000 , 1155.97 , 0 , 0 , 0
3584 , 0 , 1000 , 1156.35 , 0 , 0 , 0
3585 , 0 , 1000 , 1156.74 , 0 , 0 , 0
3586 , 0 , 1000 , 1157.11 , 0 , 0 , 0
3587 , 0 , 1000 , 1157.49 , 0 , 0 , 0
3588 , 0 , 1000 , 1157.86 , 0 , 0 , 0
3589 , 0 , 1000 , 1158.22 , 0 , 0 , 0
3590 , 0 , 1000 , 1158.58 , 0 , 0 , 0
3591 , 0 , 1000 , 1158.94 , 0 , 0 , 0
3592 , 0 , 1000 , 1159.29 , 0 , 0 , 0
3593 , 0 , 1000 , 1159.63 , 0 , 0 , 0
3594 , 0 , 1000 , 1159.97 , 0 , 0 , 0
3595 , 0 , 1000 , 1160.31 , 0 , 0 , 0
3596 , 0 , 1000 , 1160.64 , 0 , 0 , 0
3597 , 0 , 1000 , 1160.97 , 0 , 0 , 0
3598 , 0 , 1000 , 1161.3 , 0 , 0 , 0
3599 , 0 , 1000 , 1161.61 , 0 , 0 , 0
3600 , 0 , 1000 , 1161.93 , 0 , 0 , 0
3601 , 0 , 1000 , 1162.24 , 0 , 0 , 0
3602 , 0 , 1000 , 1162.54 , 0 , 0 , 0
3603 , 0 , 1000 , 1162.84 , 0 , 0 , 0
3604 , 0 , 1000 , 1163.13 , 0 , 0 , 0
3605 , 0 , 1000 , 1163.42 , 0 , 0 , 0
3606 , 0 , 1000 , 1163.71 , 0 , 0 , 0
3607 , 0 , 1000 , 1163.99 , 0 , 0 , 0
3608 , 0 , 1000 , 1164.26 , 0 , 0 , 0
3609 , 0 , 1000 , 1164.53 , 0 , 0 , 0
3610 , 0 , 1000 , 1164.8 , 0 , 0 , 0
3611 , 0 , 1000 , 1165.06 , 0 , 0 , 0
3612 , 0 , 1000 , 1165.31 , 0 , 0 , 0
3613 , 0 , 1000 , 1165.56 , 0 , 0 , 0
3614 , 0 , 1000 , 1165.8 , 0 , 0 , 0
3615 , 0 , 1000 , 1166.04 , 0 , 0 , 0
3616 , 0 , 1000 , 1166.28 , 0 , 0 , 0
3617 , 0 , 1000 , 1166.51 , 0 , 0 , 0
3618 , 0 , 1000 , 1166.73 , 0 , 0 , 0
3619 , 0 , 1000 , 1166.95 , 0 , 0 , 0
3620 , 0 , 1000 , 1167.16 , 0 , 0 , 0
3621 , 0 , 1000 , 1167.37 , 0 , 0 , 0
3622 , 0 , 1000 , 1167.57 , 0 , 0 , 0
3623 , 0 , 1000 , 1167.77 , 0 , 0 , 0
3624 , 0 , 1000 , 1167.97 , 0 , 0 , 0
3625 , 0 , 1000 , 1168.15 , 0 , 0 , 0
3626 , 0 , 1000 , 1168.34 , 0 , 0 , 0
3627 , 0 , 1000 , 1168.51 , 0 , 0 , 0
3628 , 0 , 1000 , 1168.69 , 0 , 0 , 0
3629 , 0 , 1000 , 1168.85 , 0 , 0 , 0
3630 , 0 , 1000 , 1169.01 , 0 , 0 , 0
3631 , 0 , 1000 , 1169.17 , 0 , 0 , 0
3632 , 0 , 1000 , 1169.32 , 0 , 0 , 0
3633 , 0 , 1000 , 1169.47 , 0 , 0 , 0
3634 , 0 , 1000 , 1169.61 , 0 , 0 , 0
3635 , 0 , 1000 , 1169.75 , 0 , 0 , 0
3636 , 0 , 1000 , 1169.88 , 0 , 0 , 0
3637 , 0 , 1000 , 1170 , 0 , 0 , 0
3638 , 0 , 1000 , 1170.12 , 0 , 0 , 0
3639 , 0 , 1000 , 1170.24 , 0 , 0 , 0
3640 , 0 , 1000 , 1170.35 , 0 , 0 , 0
3641 , 0 , 1000 , 1170.45 , 0 , 0 , 0
3642 , 0 , 1000 , 1170.55 , 0 , 0 , 0
3643 , 0 , 1000 , 1170.64 , 0 , 0 , 0
3644 , 0 , 1000 , 1170.73 , 0 , 0 , 0
3645 , 0 , 1000 , 1170.82 , 0 , 0 , 0
3646 , 0 , 1000 , 1170.9 , 0 , 0 , 0
3647 , 0 , 1000 , 1170.97 , 0 , 0 , 0
3648 , 0 , 1000 , 1171.04 , 0 , 0 , 0
3649 , 0 , 1000 , 1171.1 , 0 , 0 , 0
3650 , 0 , 1000 , 1171.16 , 0 , 0 , 0
3651 , 0 , 1000 , 1171.21 , 0 , 0 , 0
3652 , 0 , 1000 , 1171.26 , 0 , 0 , 0
3653 , 0 , 1000 , 1171.3 , 0 , 0 , 0
3654 , 0 , 1000 , 1171.34 , 0 , 0 , 0
3655 , 0 , 1000 , 1171.37 , 0 , 0 , 0
3656 , 0 , 1000 , 1171.4 , 0 , 0 , 0
3657 , 0 , 1000 , 1171.42 , 0 , 0 , 0
3658 , 0 , 1000 , 1171.44 , 0 , 0 , 0
3659 , 0 , 1000 , 1171.45 , 0 , 0 , 0
3660 , 0 , 1000 , 1171.46 , 0 , 0 , 0
3661 , 0 , 1000 , 1171.46 , 0 , 0 , 0
3662 , 0 , 1000 , 1171.46 , 0 , 0 , 0
3663 , 0 , 1000 , 1171.46 , 0 , 0 , 0
3664 , 0 , 1000 , 1171.44 , 0 , 0 , 0
3665 , 0 , 1000 , 1171.43 , 0 , 0 , 0
3666 , 0 , 1000 , 1171.41 , 0 , 0 , 0
3667 , 0 , 1000 , 1171.38 , 0 , 0 , 0
3668 , 0 , 1000 , 1171.35 , 0 , 0 , 0
3669 , 0 , 1000 , 1171.31 , 0 , 0 , 0
3670 , 0 , 1000 , 1171.27 , 0 , 0 , 0
3671 , 0 , 1000 , 1171.23 , 0 , 0 , 0
3672 , 0 , 1000 , 1171.18 , 0 , 0 , 0
3673 , 0 , 1000 , 1171.12 , 0 , 0 , 0
3674 , 0 , 1000 , 1171.06 , 0 , 0 , 0
3675 , 0 , 1000 , 1171 , 0 , 0 , 0
3676 , 0 , 1000 , 1170.93 , 0 , 0 , 0
3677 , 0 , 1000 , 1170.86 , 0 , 0 , 0
3678 , 0 , 1000 , 1170.78 , 0 , 0 , 0
3679 , 0 , 1000 , 1170.7 , 0 , 0 , 0
3680 , 0 , 1000 , 1170.61 , 0 , 0 , 0
3681 , 0 , 1000 , 1170.52 , 0 , 0 , 0
3682 , 0 , 1000 , 1170.43 , 0 , 0 , 0
3683 , 0 , 1000 , 1170.33 , 0 , 0 , 0
3684 , 0 , 1000 , 1170.22 , 0 , 0 , 0
3685 , 0 , 1000 , 1170.11 , 0 , 0 , 0
3686 , 0 , 1000 , 1170 , 0 , 0 , 0
3687 , 0 , 1000 , 1169.88 , 0 , 0 , 0
3688 , 0 , 1000 , 1169.76 , 0 , 0 , 0
3689 , 0 , 1000 , 1169.64 , 0 , 0 , 0
3690 , 0 , 1000 , 1169.51 , 0 , 0 , 0
3691 , 0 , 1000 , 1169.37 , 0 , 0 , 0
3692 , 0 , 1000 , 1169.24 , 0 , 0 , 0
3693 , 0 , 1000 , 1169.09 , 0 , 0 , 0
3694 , 0 , 1000 , 1168.95 , 0 , 0 , 0
3695 , 0 , 1000 , 1168.8 , 0 , 0 , 0
3696 , 0 , 1000 , 1168.64 , 0 , 0 , 0
3697 , 0 , 1000 , 1168.48 , 0 , 0 , 0
3698 , 0 , 1000 , 1168.32 , 0 , 0 , 0
3699 , 0 , 1000 , 1168.16 , 0 , 0 , 0
3700 , 0 , 1000 , 1167.99 , 0 , 0 , 0
3701 , 0 , 1000 , 1167.81 , 0 , 0 , 0
3702 , 0 , 1000 , 1167.63 , 0 , 0 , 0
3703 , 0 , 1000 , 1167.45 , 0 , 0 , 0
3704 , 0 , 1000 , 1167.27 , 0 , 0 , 0
3705 , 0 , 1000 , 1167.08 , 0 , 0 , 0
3706 , 0 , 1000 , 1166.88 , 0 , 0 , 0
3707 , 0 , 1000 , 1166.69 , 0 , 0 , 0
3708 , 0 , 1000 , 1166.49 , 0 , 0 , 0
3709 , 0 , 1000 , 1166.28 , 0 , 0 , 0
3710 , 0 , 1000 , 1166.08 , 0 , 0 , 0
3711 , 0 , 1000 , 1165.86 , 0 , 0 , 0
3712 , 0 , 1000 , 1165.65 , 0 , 0 , 0
3713 , 0 , 1000 , 1165.43 , 0 , 0 , 0
3714 , 0 , 1000 , 1165.21 , 0 , 0 , 0
3715 , 0 , 1000 , 1164.98 , 0 , 0 , 0
3716 , 0 , 1000 , 1164.76 , 0 , 0 , 0
3717 , 0 , 1000 , 1164.52 , 0 , 0 , 0
3718 , 0 , 1000 , 1164.29 , 0 , 0 , 0
3719 , 0 , 1000 , 1164.05 , 0 , 0 , 0
3720 , 0 , 1000 , 1163.81 , 0 , 0 , 0
3721 , 0 , 1000 , 1163.56 , 0 , 0 , 0
3722 , 0 , 1000 , 1163.32 , 0 , 0 , 0
3723 , 0 , 1000 , 1163.07 , 0 , 0 , 0
3724 , 0 , 1000 , 1162.81 , 0 , 0 , 0
3725 , 0 , 1000 , 1162.55 , 0 , 0 , 0
3726 , 0 , 1000 , 1162.29 , 0 , 0 , 0
3727 , 0 , 1000 , 1162.03 , 0 , 0 , 0
3728 , 0 , 1000 , 1161.76 , 0 , 0 , 0
3729 , 0 , 1000 , 1161.49 , 0 , 0 , 0
3730 , 0 , 1000 , 1161.22 , 0 , 0 , 0
3731 , 0 , 1000 , 1160.95 , 0 , 0 , 0
3732 , 0 , 1000 , 1160.67 , 0 , 0 , 0
3733 , 0 , 1000 , 1160.39 , 0 , 0 , 0
3734 , 0 , 1000 , 1160.1 , 0 , 0 , 0
3735 , 0 , 1000 , 1159.82 , 0 , 0 , 0
3736 , 0 , 1000 , 1159.53 , 0 , 0 , 0
3737 , 0 , 1000 , 1159.24 , 0 , 0 , 0
3738 , 0 , 1000 , 1158.94 , 0 , 0 , 0
3739 , 0 , 1000 , 1158.65 , 0 , 0 , 0
3740 , 0 , 1000 , 1158.35 , 0 , 0 , 0
3741 , 0 , 1000 , 1158.05 , 0 , 0 , 0
3742 , 0 , 1000 , 1157.74 , 0 , 0 , 0
3743 , 0 , 1000 , 1157.44 , 0 , 0 , 0
3744 , 0 , 1000 , 1157.13 , 0 , 0 , 0
3745 , 0 , 1000 , 1156.82 , 0 , 0 , 0
3746 , 0 , 1000 , 1156.5 , 0 , 0 , 0
3747 , 0 , 1000 , 1156.19 , 0 , 0 , 0
3748 , 0 , 1000 , 1155.87 , 0 , 0 , 0
3749 , 0 , 1000 , 1155.55 , 0 , 0 , 0
3750 , 0 , 1000 , 1155.23 , 0 , 0 , 0
3751 , 0 , 1000 , 1154.9 , 0 , 0 , 0
3752 , 0 , 1000 , 1154.58 , 0 , 0 , 0
3753 , 0 , 1000 , 1154.25 , 0 , 0 , 0
3754 , 0 , 1000 , 1153.92 , 0 , 0 , 0
3755 , 0 , 1000 , 1153.58 , 0 , 0 , 0
3756 , 0 , 1000 , 1153.25 , 0 , 0 , 0
3757 , 0 , 1000 , 1152.91 , 0 , 0 , 0
3758 , 0 , 1000 , 1152.57 , 0 , 0 , 0
3759 , 0 , 1000 , 1152.23 , 0 , 0 , 0
3760 , 0 , 1000 , 1151.89 , 0 , 0 , 0
3761 , 0 , 1000 , 1151.55 , 0 , 0 , 0
3762 , 0 , 1000 , 1151.2 , 0 , 0 , 0
3763 , 0 , 1000 , 1150.86 , 0 , 0 , 0
3764 , 0 , 1000 , 1150.51 , 0 , 0 , 0
3765 , 0 , 1000 , 1150.16 , 0 , 0 , 0
3766 , 0 , 1000 , 1149.81 , 0 , 0 , 0
3767 , 0 , 1000 , 1149.46 , 0 , 0 , 0
3768 , 0 , 1000 , 1149.1 , 0 , 0 , 0
3769 , 0 , 1000 , 1148.75 , 0 , 0 , 0
3770 , 0 , 1000 , 1148.39 , 0 , 0 , 0
3771 , 0 , 1000 , 1148.03 , 0 , 0 , 0
3772 , 0 , 1000 , 1147.67 , 0 , 0 , 0
3773 , 0 , 1000 , 1147.31 , 0 , 0 , 0
3774 , 0 , 1000 , 1146.95 , 0 , 0 , 0
3775 , 0 , 1000 , 1146.58 , 0 , 0 , 0
3776 , 0 , 1000 , 1146.22 , 0 , 0 , 0
3777 , 0 , 1000 , 1145.85 , 0 , 0 , 0
3778 , 0 , 1000 , 1145.49 , 0 , 0 , 0
3779 , 0 , 1000 , 1145.12 , 0 , 0 , 0
3780 , 0 , 1000 , 1144.75 , 0 , 0 , 0
3781 , 0 , 1000 , 1144.38 , 0 , 0 , 0
3782 , 0 , 1000 , 1144.01 , 0 , 0 , 0
3783 , 0 , 1000 , 1143.64 , 0 , 0 , 0
3784 , 0 , 1000 , 1143.26 , 0 , 0 , 0
3785 , 0 , 1000 , 1142.89 , 0 , 0 , 0
3786 , 0 , 1000 , 1142.52 , 0 , 0 , 0
3787 , 0 , 1000 , 1142.14 , 0 , 0 , 0
3788 , 0 , 1000 , 1141.77 , 0 , 0 , 0
3789 , 0 , 1000 , 1141.39 , 0 , 0 , 0
3790 , 0 , 1000 , 1141.01 , 0 , 0 , 0
3791 , 0 , 1000 , 1140.63 , 0 , 0 , 0
3792 , 0 , 1000 , 1140.26 , 0 , 0 , 0
3793 , 0 , 1000 , 1139.88 , 0 , 0 , 0
3794 , 0 , 1000 , 1139.5 , 0 , 0 , 0
3795 , 0 , 1000 , 1139.12 , 0 , 0 , 0
3796 , 0 , 1000 , 1138.74 , 0 , 0 , 0
3797 , 0 , 1000 , 1138.36 , 0 , 0 , 0
3798 , 0 , 1000 , 1137.98 , 0 , 0 , 0
3799 , 0 , 1000 , 1137.6 , 0 , 0 , 0
3800 , 0 , 1000 , 1137.21 , 0 , 0 , 0
3801 , 0 , 1000 , 1136.83 , 0 , 0 , 0
3802 , 0 , 1000 , 1136.45 , 0 , 0 , 0
3803 , 0 , 1000 , 1136.07 , 0 , 0 , 0
3804 , 0 , 1000 , 1135.69 , 0 , 0 , 0
3805 , 0 , 1000 , 1135.3 , 0 , 0 , 0
3806 , 0 , 1000 , 1134.92 , 0 , 0 , 0
3807 , 0 , 1000 , 1134.54 , 0 , 0 , 0
3808 , 0 , 1000 , 1134.15 , 0 , 0 , 0
3809 , 0 , 1000 , 1133.77 , 0 , 0 , 0
3810 , 0 , 1000 , 1133.39 , 0 , 0 , 0
3811 , 0 , 1000 , 1133.01 , 0 , 0 , 0
3812 , 0 , 1000 , 1132.62 , 0 , 0 , 0
3813 , 0 , 1000 , 1132.24 , 0 , 0 , 0
3814 , 0 , 1000 , 1131.86 , 0 , 0 , 0
3815 , 0 , 1000 , 1131.48 , 0 , 0 , 0
3816 , 0 , 1000 , 1131.09 , 0 , 0 , 0
3817 , 0 , 1000 , 1130.71 , 0 , 0 , 0
3818 , 0 , 1000 , 1130.33 , 0 , 0 , 0
3819 , 0 , 1000 , 1129.95 , 0 , 0 , 0
3820 , 0 , 1000 , 1129.57 , 0 , 0 , 0
3821 , 0 , 1000 , 1129.19 , 0 , 0 , 0
3822 , 0 , 1000 , 1128.81 , 0 , 0 , 0
3823 , 0 , 1000 , 1128.43 , 0 , 0 , 0
3824 , 0 , 1000 , 1128.05 , 0 , 0 , 0
3825 , 0 , 1000 , 1127.67 , 0 , 0 , 0
3826 , 0 , 1000 , 1127.29 , 0 , 0 , 0
3827 , 0 , 1000 , 1126.91 , 0 , 0 , 0
3828 , 0 , 1000 , 1126.54 , 0 , 0 , 0
3829 , 0 , 1000 , 1126.16 , 0 , 0 , 0
3830 , 0 , 1000 , 1125.78 , 0 , 0 , 0
3831 , 0 , 1000 , 1125.41 , 0 , 0 , 0
3832 , 0 , 1000 , 1125.03 , 0 , 0 , 0
3833 , 0 , 1000 , 1124.66 , 0 , 0 , 0
3834 , 0 , 1000 , 1124.29 , 0 , 0 , 0
3835 , 0 , 1000 , 1123.92 , 0 , 0 , 0
3836 , 0 , 1000 , 1123.54 , 0 , 0 , 0
3837 , 0 , 1000 , 1123.17 , 0 , 0 , 0
3838 , 0 , 1000 , 1122.8 , 0 , 0 , 0
3839 , 0 , 1000 , 1122.43 , 0 , 0 , 0
3840 , 0 , 1000 , 1122.07 , 0 , 0 , 0
3841 , 0 , 1000 , 1121.7 , 0 , 0 , 0
3842 , 0 , 1000 , 1121.33 , 0 , 0 , 0
3843 , 0 , 1000 , 1120.97 , 0 , 0 , 0
3844 , 0 , 1000 , 1120.6 , 0 , 0 , 0
3845 , 0 , 1000 , 1120.24 , 0 , 0 , 0
3846 , 0 , 1000 , 1119.88 , 0 , 0 , 0
3847 , 0 , 1000 , 1119.52 , 0 , 0 , 0
3848 , 0 , 1000 , 1119.16 , 0 , 0 , 0
3849 , 0 , 1000 , 1118.8 , 0 , 0 , 0
3850 , 0 , 1000 , 1118.44 , 0 , 0 , 0
3851 , 0 , 1000 , 1118.08 , 0 , 0 , 0
3852 , 0 , 1000 , 1117.73 , 0 , 0 , 0
3853 , 0 , 1000 , 1117.38 , 0 , 0 , 0
3854 , 0 , 1000 , 1117.02 , 0 , 0 , 0
3855 , 0 , 1000 , 1116.67 , 0 , 0 , 0
3856 , 0 , 1000 , 1116.32 , 0 , 0 , 0
3857 , 0 , 1000 , 1115.97 , 0 , 0 , 0
3858 , 0 , 1000 , 1115.62 , 0 , 0 , 0
3859 , 0 , 1000 , 1115.28 , 0 , 0 , 0
3860 , 0 , 1000 , 1114.93 , 0 , 0 , 0
3861 , 0 , 1000 , 1114.59 , 0 , 0 , 0
3862 , 0 , 1000 , 1114.25 , 0 , 0 , 0
3863 , 0 , 1000 , 1113.91 , 0 , 0 , 0
3864 , 0 , 1000 , 1113.57 , 0 , 0 , 0
3865 , 0 , 1000 , 1113.23 , 0 , 0 , 0
3866 , 0 , 1000 , 1112.9 , 0 , 0 , 0
3867 , 0 , 1000 , 1112.56 , 0 , 0 , 0
3868 , 0 , 1000 , 1112.23 , 0 , 0 , 0
3869 , 0 , 1000 , 1111.9 , 0 , 0 , 0
3870 , 0 , 1000 , 1111.57 , 0 , 0 , 0
3871 , 0 , 1000 , 1111.24 , 0 , 0 , 0
3872 , 0 , 1000 , 1110.92 , 0 , 0 , 0
3873 , 0 , 1000 , 1110.59 , 0 , 0 , 0
3874 , 0 , 1000 , 1110.27 , 0 , 0 , 0
3875 , 0 , 1000 , 1109.95 , 0 , 0 , 0
3876 , 0 , 1000 , 1109.63 , 0 , 0 , 0
3877 , 0 , 1000 , 1109.31 , 0 , 0 , 0
3878 , 0 , 1000 , 1109 , 0 , 0 , 0
3879 , 0 , 1000 , 1108.68 , 0 , 0 , 0
3880 , 0 , 1000 , 1108.37 , 0 , 0 , 0
3881 , 0 , 1000 , 1108.06 , 0 , 0 , 0
3882 , 0 , 1000 , 1107.75 , 0 , 0 , 0
3883 , 0 , 1000 , 1107.44 , 0 , 0 , 0
3884 , 0 , 1000 , 1107.14 , 0 , 0 , 0
3885 , 0 , 1000 , 1106.84 , 0 , 0 , 0
3886 , 0 , 1000 , 1106.54 , 0 , 0 , 0
3887 , 0 , 1000 , 1106.24 , 0 , 0 , 0
3888 , 0 , 1000 , 1105.94 , 0 , 0 , 0
3889 , 0 , 1000 , 1105.65 , 0 , 0 , 0
3890 , 0 , 1000 , 1105.35 , 0 , 0 , 0
3891 , 0 , 1000 , 1105.06 , 0 , 0 , 0
3892 , 0 , 1000 , 1104.77 , 0 , 0 , 0
3893 , 0 , 1000 , 1104.49 , 0 , 0 , 0
3894 , 0 , 1000 , 1104.2 , 0 , 0 , 0
3895 , 0 , 1000 , 1103.92 , 0 , 0 , 0
3896 , 0 , 1000 , 1103.64 , 0 , 0 , 0
3897 , 0 , 1000 , 1103.36 , 0 , 0 , 0
3898 , 0 , 1000 , 1103.08 , 0 , 0 , 0
3899 , 0 , 1000 , 1102.81 , 0 , 0 , 0
3900 , 0 , 1000 , 1102.54 , 0 , 0 , 0
3901 , 0 , 1000 , 1102.27 , 0 , 0 , 0
3902 , 0 , 1000 , 1102 , 0 , 0 , 0
3903 , 0 , 1000 , 1101.73 , 0 , 0 , 0
3904 , 0 , 1000 , 1101.47 , 0 , 0 , 0
3905 , 0 , 1000 , 1101.21 , 0 , 0 , 0
3906 , 0 , 1000 , 1100.95 , 0 , 0 , 0
3907 , 0 , 1000 , 1100.69 , 0 , 0 , 0
3908 , 0 , 1000 , 1100.44 , 0 , 0 , 0
3909 , 0 , 1000 , 1100.19 , 0 , 0 , 0
3910 , 0 , 1000 , 1099.94 , 0 , 0 , 0
3911 , 0 , 1000 , 1099.69 , 0 , 0 , 0
3912 , 0 , 1000 , 1099.44 , 0 , 0 , 0
3913 , 0 , 1000 , 1099.2 , 0 , 0 , 0
3914 , 0 , 1000 , 1098.96 , 0 , 0 , 0
3915 , 0 , 1000 , 1098.72 , 0 , 0 , 0
3916 , 0 , 1000 , 1098.48 , 0 , 0 , 0
3917 , 0 , 1000 , 1098.25 , 0 , 0 , 0
3918 , 0 , 1000 , 1098.02 , 0 , 0 , 0
3919 , 0 , 1000 , 1097.79 , 0 , 0 , 0
3920 , 0 , 1000 , 1097.56 , 0 , 0 , 0
3921 , 0 , 1000 , 1097.34 , 0 , 0 , 0
3922 , 0 , 1000 , 1097.11 , 0 , 0 , 0
3923 , 0 , 1000 , 1096.89 , 0 , 0 , 0
3924 , 0 , 1000 , 1096.68 , 0 , 0 , 0
3925 , 0 , 1000 , 1096.46 , 0 , 0 , 0
3926 , 0 , 1000 , 1096.25 , 0 , 0 , 0
3927 , 0 , 1000 , 1096.04 , 0 , 0 , 0
3928 , 0 , 1000 , 1095.83 , 0 , 0 , 0
3929 , 0 , 1000 , 1095.62 , 0 , 0 , 0
3930 , 0 , 1000 , 1095.42 , 0 , 0 , 0
3931 , 0 , 1000 , 1095.22 , 0 , 0 , 0
3932 , 0 , 1000 , 1095.02 , 0 , 0 , 0
3933 , 0 , 1000 , 1094.83 , 0 , 0 , 0
3934 , 0 , 1000 , 1094.63 , 0 , 0 , 0
3935 , 0 , 1000 , 1094.44 , 0 , 0 , 0
3936 , 0 , 1000 , 1094.25 , 0 , 0 , 0
3937 , 0 , 1000 , 1094.07 , 0 , 0 , 0
3938 , 0 , 1000 , 1093.88 , 0 , 0 , 0
3939 , 0 , 1000 , 1093.7 , 0 , 0 , 0
3940 , 0 , 1000 , 1093.52 , 0 , 0 , 0
3941 , 0 , 1000 , 1093.35 , 0 , 0 , 0
3942 , 0 , 1000 , 1093.17 , 0 , 0 , 0
3943 , 0 , 1000 , 1093 , 0 , 0 , 0
3944 , 0 , 1000 , 1092.83 , 0 , 0 , 0
3945 , 0 , 1000 , 1092.66 , 0 , 0 , 0
3946 , 0 , 1000 , 1092.5 , 0 , 0 , 0
3947 , 0 , 1000 , 1092.34 , 0 , 0 , 0
3948 , 0 , 1000 , 1092.18 , 0 , 0 , 0
3949 , 0 , 1000 , 1092.02 , 0 , 0 , 0
3950 , 0 , 1000 , 1091.87 , 0 , 0 , 0
3951 , 0 , 1000 , 1091.72 , 0 , 0 , 0
3952 , 0 , 1000 , 1091.57 , 0 , 0 , 0
3953 , 0 , 1000 , 1091.42 , 0 , 0 , 0
3954 , 0 , 1000 , 1091.28 , 0 , 0 , 0
3955 , 0 , 1000 , 1091.14 , 0 , 0 , 0
3956 , 0 , 1000 , 1091 , 0 , 0 , 0
3957 , 0 , 1000 , 1090.86 , 0 , 0 , 0
3958 , 0 , 1000 , 1090.72 , 0 , 0 , 0
3959 , 0 , 1000 , 1090.59 , 0 , 0 , 0
3960 , 0 , 1000 , 1090.46 , 0 , 0 , 0
3961 , 0 , 1000 , 1090.34 , 0 , 0 , 0
3962 , 0 , 1000 , 1090.21 , 0 , 0 , 0
3963 , 0 , 1000 , 1090.09 , 0 , 0 , 0
3964 , 0 , 1000 , 1089.97 , 0 , 0 , 0
3965 , 0 , 1000 , 1089.85 , 0 , 0 , 0
3966 , 0 , 1000 , 1089.74 , 0 , 0 , 0
3967 , 0 , 1000 , 1089.62 , 0 , 0 , 0
3968 , 0 , 1000 , 1089.51 , 0 , 0 , 0
3969 , 0 , 1000 , 1089.41 , 0 , 0 , 0
3970 , 0 , 1000 , 1089.3 , 0 , 0 , 0
3971 , 0 , 1000 , 1089.2 , 0 , 0 , 0
3972 , 0 , 1000 , 1089.1 , 0 , 0 , 0
3973 , 0 , 1000 , 1089 , 0 , 0 , 0
3974 , 0 , 1000 , 1088.9 , 0 , 0 , 0
3975 , 0 , 1000 , 1088.81 , 0 , 0 , 0
3976 , 0 , 1000 , 1088.72 , 0 , 0 , 0
3977 , 0 , 1000 , 1088.63 , 0 , 0 , 0
3978 , 0 , 1000 , 1088.54 , 0 , 0 , 0
3979 , 0 , 1000 , 1088.46 , 0 , 0 , 0
3980 , 0 , 1000 , 1088.38 , 0 , 0 , 0
3981 , 0 , 1000 , 1088.3 , 0 , 0 , 0
3982 , 0 , 1000 , 1088.22 , 0 , 0 , 0
3983 , 0 , 1000 , 1088.15 , 0 , 0 , 0
3984 , 0 , 1000 , 1088.08 , 0 , 0 , 0
3985 , 0 , 1000 , 1088.01 , 0 , 0 , 0
3986 , 0 , 1000 , 1087.94 , 0 , 0 , 0
3987 , 0 , 1000 , 1087.87 , 0 , 0 , 0
3988 , 0 , 1000 , 1087.81 , 0 , 0 , 0
3989 , 0 , 1000 , 1087.75 , 0 , 0 , 0
3990 , 0 , 1000 , 1087.69 , 0 , 0 , 0
3991 , 0 , 1000 , 1087.63 , 0 , 0 , 0
3992 , 0 , 1000 , 1087.58 , 0 , 0 , 0
3993 , 0 , 1000 , 1087.53 , 0 , 0 , 0
3994 , 0 , 1000 , 1087.48 , 0 , 0 , 0
3995 , 0 , 1000 , 1087.43 , 0 , 0 , 0
3996 , 0 , 1000 , 1087.39 , 0 , 0 , 0
3997 , 0 , 1000 , 1087.34 , 0 , 0 , 0
3998 , 0 , 1000 , 1087.3 , 0 , 0 , 0
3999 , 0 , 1000 , 1087.26 , 0 , 0 , 0
4000 , 0 , 1000 , 1087.23 , 0 , 0 , 0
4001 , 0 , 1000 , 1087.19 , 0 , 0 , 0
4002 , 0 , 1000 , 1087.16 , 0 , 0 , 0
4003 , 0 , 1000 , 1087.13 , 0 , 0 , 0
4004 , 0 , 1000 , 1087.1 , 0 , 0 , 0
4005 , 0 , 1000 , 1087.07 , 0 , 0 , 0
4006 , 0 , 1000 , 1087.05 , 0 , 0 , 0
4007 , 0 , 1000 , 1087.03 , 0 , 0 , 0
4008 , 0 , 1000 , 1087.01 , 0 , 0 , 0
4009 , 0 , 1000 , 1086.99 , 0 , 0 , 0
4010 , 0 , 1000 , 1086.97 , 0 , 0 , 0
4011 , 0 , 1000 , 1086.96 , 0 , 0 , 0
4012 , 0 , 1000 , 1086.95 , 0 , 0 , 0
4013 , 0 , 1000 , 1086.94 , 0 , 0 , 0
4014 , 0 , 1000 , 1086.93 , 0 , 0 , 0
4015 , 0 , 1000 , 1086.92 , 0 , 0 , 0
4016 , 0 , 1000 , 1086.92 , 0 , 0 , 0
4017 , 0 , 1000 , 1086.91 , 0 , 0 , 0
4018 , 0 , 1000 , 1086.91 , 0 , 0 , 0
4019 , 0 , 1000 , 1086.91 , 0 , 0 , 0
4020 , 0 , 1000 , 1086.92 , 0 , 0 , 0
4021 , 0 , 1000 , 1086.92 , 0 , 0 , 0
4022 , 0 , 1000 , 1086.93 , 0 , 0 , 0
4023 , 0 , 1000 , 1086.94 , 0 , 0 , 0
4024 , 0 , 1000 , 1086.95 , 0 , 0 , 0
4025 , 0 , 1000 , 1086.96 , 0 , 0 , 0
4026 , 0 , 1000 , 1086.97 , 0 , 0 , 0
4027 , 0 , 1000 , 1086.99 , 0 , 0 , 0
4028 , 0 , 1000 , 1087 , 0 , 0 , 0
4029 , 0 , 1000 , 1087.02 , 0 , 0 , 0
4030 , 0 , 1000 , 1087.04 , 0 , 0 , 0
4031 , 0 , 1000 , 1087.06 , 0 , 0 , 0
4032 , 0 , 1000 , 1087.09 , 0 , 0 , 0
4033 , 0 , 1000 , 1087.11 , 0 , 0 , 0
4034 , 0 , 1000 , 1087.14 , 0 , 0 , 0
4035 , 0 , 1000 , 1087.17 , 0 , 0 , 0
4036 , 0 , 1000 , 1087.2 , 0 , 0 , 0
4037 , 0 , 1000 , 1087.23 , 0 , 0 , 0
4038 , 0 , 1000 , 1087.26 , 0 , 0 , 0
4039 , 0 , 1000 , 1087.29 , 0 , 0 , 0
4040 , 0 , 1000 , 1087.33 , 0 , 0 , 0
4041 , 0 , 1000 , 1087.36 , 0 , 0 , 0
4042 , 0 , 1000 , 1087.4 , 0 , 0 , 0
4043 , 0 , 1000 , 1087.44 , 0 , 0 , 0
4044 , 0 , 1000 , 1087.48 , 0 , 0 , 0
4045 , 0 , 1000 , 1087.52 , 0 , 0 , 0
4046 , 0 , 1000 , 1087.57 , 0 , 0 , 0
4047 , 0 , 1000 , 1087.61 , 0 , 0 , 0
4048 , 0 , 1000 , 1087.66 , 0 , 0 , 0
4049 , 0 , 1000 , 1087.7 , 0 , 0 , 0
4050 , 0 , 1000 , 1087.75 , 0 , 0 , 0
4051 , 0 , 1000 , 1087.8 , 0 , 0 , 0
4052 , 0 , 1000 , 1087.85 , 0 , 0 , 0
4053 , 0 , 1000 , 1087.9 , 0 , 0 , 0
4054 , 0 , 1000 , 1087.96 , 0 , 0 , 0
4055 , 0 , 1000 , 1088.01 , 0 , 0 , 0
4056 , 0 , 1000 , 1088.06 , 0 , 0 , 0
4057 , 0 , 1000 , 1088.12 , 0 , 0 , 0
4058 , 0 , 1000 , 1088.18 , 0 , 0 , 0
4059 , 0 , 1000 , 1088.23 , 0 , 0 , 0
4060 , 0 , 1000 , 1088.29 , 0 , 0 , 0
4061 , 0 , 1000 , 1088.35 , 0 , 0 , 0
4062 , 0 , 1000 , 1088.41 , 0 , 0 , 0
4063 , 0 , 1000 , 1088.47 , 0 , 0 , 0
4064 , 0 , 1000 , 1088.54 , 0 , 0 , 0
4065 , 0 , 1000 , 1088.6 , 0 , 0 , 0
4066 , 0 , 1000 , 1088.66 , 0 , 0 , 0
4067 , 0 , 1000 , 1088.73 , 0 , 0 , 0
4068 , 0 , 1000 , 1088.79 , 0 , 0 , 0
4069 , 0 , 1000 , 1088.86 , 0 , 0 , 0
4070 , 0 , 1000 , 1088.92 , 0 , 0 , 0
4071 , 0 , 1000 , 1088.99 , 0 , 0 , 0
4072 , 0 , 1000 , 1089.06 , 0 , 0 , 0
4073 , 0 , 1000 , 1089.13 , 0 , 0 , 0
4074 , 0 , 1000 , 1089.19 , 0 , 0 , 0
4075 , 0 , 1000 , 1089.26 , 0 , 0 , 0
4076 , 0 , 1000 , 1089.33 , 0 , 0 , 0
4077 , 0 , 1000 , 1089.4 , 0 , 0 , 0
4078 , 0 , 1000 , 1089.47 , 0 , 0 , 0
4079 , 0 , 1000 , 1089.55 , 0 , 0 , 0
4080 , 0 , 1000 , 1089.62 , 0 , 0 , 0
4081 , 0 , 1000 , 1089.69 , 0 , 0 , 0
4082 , 0 , 1000 , 1089.76 , 0 , 0 , 0
4083 , 0 , 1000 , 1089.83 , 0 , 0 , 0
4084 , 0 , 1000 , 1089.9 , 0 , 0 , 0
4085 , 0 , 1000 , 1089.98 , 0 , 0 , 0
4086 , 0 , 1000 , 1090.05 , 0 , 0 , 0
4087 , 0 , 1000 , 1090.12 , 0 , 0 , 0
4088 , 0 , 1000 , 1090.2 , 0 , 0 , 0
4089 , 0 , 1000 , 1090.27 , 0 , 0 , 0
4090 , 0 , 1000 , 1090.34 , 0 , 0 , 0
4091 , 0 , 1000 , 1090.42 , 0 , 0 , 0
4092 , 0 , 1000 , 1090.49 , 0 , 0 , 0
4093 , 0 , 1000 , 1090.56 , 0 , 0 , 0
4094 , 0 , 1000 , 1090.64 , 0 , 0 , 0
4095 , 0 , 1000 , 1090.71 , 0 , 0 , 0
4096 , 0 , 1000 , 1090.78 , 0 , 0 , 0
4097 , 0 , 1000 , 1090.86 , 0 , 0 , 0
4098 , 0 , 1000 , 1090.93 , 0 , 0 , 0
4099 , 0 , 1000 , 1091 , 0 , 0 , 0
4100 , 0 , 1000 , 1091.08 , 0 , 0 , 0
4101 , 0 , 1000 , 1091.15 , 0 , 0 , 0
4102 , 0 , 1000 , 1091.22 , 0 , 0 , 0
4103 , 0 , 1000 , 1091.29 , 0 , 0 , 0
4104 , 0 , 1000 , 1091.36 , 0 , 0 , 0
4105 , 0 , 1000 , 1091.43 , 0 , 0 , 0
4106 , 0 , 1000 , 1091.5 , 0 , 0 , 0
4107 , 0 , 1000 , 1091.57 , 0 , 0 , 0
4108 , 0 , 1000 , 1091.64 , 0 , 0 , 0
4109 , 0 , 1000 , 1091.71 , 0 , 0 , 0
4110 , 0 , 1000 , 1091.78 , 0 , 0 , 0
4111 , 0 , 1000 , 1091.85 , 0 , 0 , 0
4112 , 0 , 1000 , 1091.92 , 0 , 0 , 0
4113 , 0 , 1000 , 1091.98 , 0 , 0 , 0
4114 , 0 , 1000 , 1092.05 , 0 , 0 , 0
4115 , 0 , 1000 , 1092.11 , 0 , 0 , 0
4116 , 0 , 1000 , 1092.18 , 0 , 0 , 0
4117 , 0 , 1000 , 1092.24 , 0 , 0 , 0
4118 , 0 , 1000 , 1092.31 , 0 , 0 , 0
4119 , 0 , 1000 , 1092.37 , 0 , 0 , 0
4120 , 0 , 1000 , 1092.43 , 0 , 0 , 0
4121 , 0 , 1000 , 1092.49 , 0 , 0 , 0
4122 , 0 , 1000 , 1092.55 , 0 , 0 , 0
4123 , 0 , 1000 , 1092.61 , 0 , 0 , 0
4124 , 0 , 1000 , 1092.67 , 0 , 0 , 0
4125 , 0 , 1000 , 1092.72 , 0 , 0 , 0
4126 , 0 , 1000 , 1092.78 , 0 , 0 , 0
4127 , 0 , 1000 , 1092.83 , 0 , 0 , 0
4128 , 0 , 1000 , 1092.89 , 0 , 0 , 0
4129 , 0 , 1000 , 1092.94 , 0 , 0 , 0
4130 , 0 , 1000 , 1092.99 , 0 , 0 , 0
4131 , 0 , 1000 , 1093.04 , 0 , 0 , 0
4132 , 0 , 1000 , 1093.09 , 0 , 0 , 0
4133 , 0 , 1000 , 1093.14 , 0 , 0 , 0
4134 , 0 , 1000 , 1093.19 , 0 , 0 , 0
4135 , 0 , 1000 , 1093.23 , 0 , 0 , 0
4136 , 0 , 1000 , 1093.27 , 0 , 0 , 0
4137 , 0 , 1000 , 1093.32 , 0 , 0 , 0
4138 , 0 , 1000 , 1093.36 , 0 , 0 , 0
4139 , 0 , 1000 , 1093.4 , 0 , 0 , 0
4140 , 0 , 1000 , 1093.44 , 0 , 0 , 0
4141 , 0 , 1000 , 1093.47 , 0 , 0 , 0
4142 , 0 , 1000 , 1093.51 , 0 , 0 , 0
4143 , 0 , 1000 , 1093.54 , 0 , 0 , 0
4144 , 0 , 1000 , 1093.57 , 0 , 0 , 0
4145 , 0 , 1000 , 1093.6 , 0 , 0 , 0
4146 , 0 , 1000 , 1093.63 , 0 , 0 , 0
4147 , 0 , 1000 , 1093.66 , 0 , 0 , 0
4148 , 0 , 1000 , 1093.69 , 0 , 0 , 0
4149 , 0 , 1000 , 1093.71 , 0 , 0 , 0
4150 , 0 , 1000 , 1093.73 , 0 , 0 , 0
4151 , 0 , 1000 , 1093.75 , 0 , 0 , 0
4152 , 0 , 1000 , 1093.77 , 0 , 0 , 0
4153 , 0 , 1000 , 1093.79 , 0 , 0 , 0
4154 , 0 , 1000 , 1093.81 , 0 , 0 , 0
4155 , 0 , 1000 , 1093.82 , 0 , 0 , 0
4156 , 0 , 1000 , 1093.83 , 0 , 0 , 0
4157 , 0 , 1000 , 1093.84 , 0 , 0 , 0
4158 , 0 , 1000 , 1093.85 , 0 , 0 , 0
4159 , 0 , 1000 , 1093.85 , 0 , 0 , 0
4160 , 0 , 1000 , 1093.86 , 0 , 0 , 0
4161 , 0 , 1000 , 1093.86 , 0 , 0 , 0
4162 , 0 , 1000 , 1093.86 , 0 , 0 , 0
4163 , 0 , 1000 , 1093.86 , 0 , 0 , 0
4164 , 0 , 1000 , 1093.85 , 0 , 0 , 0
4165 , 0 , 1000 , 1093.85 , 0 , 0 , 0
4166 , 0 , 1000 , 1093.84 , 0 , 0 , 0
4167 , 0 , 1000 , 1093.83 , 0 , 0 , 0
4168 , 0 , 1000 , 1093.81 , 0 , 0 , 0
4169 , 0 , 1000 , 1093.8 , 0 , 0 , 0
4170 , 0 , 1000 , 1093.78 , 0 , 0 , 0
4171 , 0 , 1000 , 1093.76 , 0 , 0 , 0
4172 , 0 , 1000 , 1093.74 , 0 , 0 , 0
4173 , 0 , 1000 , 1093.72 , 0 , 0 , 0
4174 , 0 , 1000 , 1093.69 , 0 , 0 , 0
4175 , 0 , 1000 , 1093.66 , 0 , 0 , 0
4176 , 0 , 1000 , 1093.63 , 0 , 0 , 0
4177 , 0 , 1000 , 1093.6 , 0 , 0 , 0
4178 , 0 , 1000 , 1093.56 , 0 , 0 , 0
4179 , 0 , 1000 , 1093.52 , 0 , 0 , 0
4180 , 0 , 1000 , 1093.48 , 0 , 0 , 0
4181 , 0 , 1000 , 1093.44 , 0 , 0 , 0
4182 , 0 , 1000 , 1093.39 , 0 , 0 , 0
4183 , 0 , 1000 , 1093.34 , 0 , 0 , 0
4184 , 0 , 1000 , 1093.29 , 0 , 0 , 0
4185 , 0 , 1000 , 1093.24 , 0 , 0 , 0
4186 , 0 , 1000 , 1093.18 , 0 , 0 , 0
4187 , 0 , 1000 , 1093.13 , 0 , 0 , 0
4188 , 0 , 1000 , 1093.06 , 0 , 0 , 0
4189 , 0 , 1000 , 1093 , 0 , 0 , 0
4190 , 0 , 1000 , 1092.93 , 0 , 0 , 0
4191 , 0 , 1000 , 1092.87 , 0 , 0 , 0
4192 , 0 , 1000 , 1092.79 , 0 , 0 , 0
4193 , 0 , 1000 , 1092.72 , 0 , 0 , 0
4194 , 0 , 1000 , 1092.64 , 0 , 0 , 0
4195 , 0 , 1000 , 1092.56 , 0 , 0 , 0
4196 , 0 , 1000 , 1092.48 , 0 , 0 , 0
4197 , 0 , 1000 , 1092.39 , 0 , 0 , 0
4198 , 0 , 1000 , 1092.31 , 0 , 0 , 0
4199 , 0 , 1000 , 1092.22 , 0 , 0 , 0
4200 , 0 , 1000 , 1092.12 , 0 , 0 , 0
4201 , 0 , 1000 , 1092.03 , 0 , 0 , 0
4202 , 0 , 1000 , 1091.93 , 0 , 0 , 0
4203 , 0 , 1000 , 1091.82 , 0 , 0 , 0
4204 , 0 , 1000 , 1091.72 , 0 , 0 , 0
4205 , 0 , 1000 , 1091.61 , 0 , 0 , 0
4206 , 0 , 1000 , 1091.5 , 0 , 0 , 0
4207 , 0 , 1000 , 1091.39 , 0 , 0 , 0
4208 , 0 , 1000 , 1091.27 , 0 , 0 , 0
4209 , 0 , 1000 , 1091.15 , 0 , 0 , 0
4210 , 0 , 1000 , 1091.03 , 0 , 0 , 0
4211 , 0 , 1000 , 1090.9 , 0 , 0 , 0
4212 , 0 , 1000 , 1090.77 , 0 , 0 , 0
4213 , 0 , 1000 , 1090.64 , 0 , 0 , 0
4214 , 0 , 1000 , 1090.51 , 0 , 0 , 0
4215 , 0 , 1000 , 1090.37 , 0 , 0 , 0
4216 , 0 , 1000 , 1090.23 , 0 , 0 , 0
4217 , 0 , 1000 , 1090.08 , 0 , 0 , 0
4218 , 0 , 1000 , 1089.94 , 0 , 0 , 0
4219 , 0 , 1000 , 1089.79 , 0 , 0 , 0
4220 , 0 , 1000 , 1089.63 , 0 , 0 , 0
4221 , 0 , 1000 , 1089.48 , 0 , 0 , 0
4222 , 0 , 1000 , 1089.32 , 0 , 0 , 0
4223 , 0 , 1000 , 1089.16 , 0 , 0 , 0
4224 , 0 , 1000 , 1088.99 , 0 , 0 , 0
4225 , 0 , 1000 , 1088.82 , 0 , 0 , 0
4226 , 0 , 1000 , 1088.65 , 0 , 0 , 0
4227 , 0 , 1000 , 1088.48 , 0 , 0 , 0
4228 , 0 , 1000 , 1088.3 , 0 , 0 , 0
4229 , 0 , 1000 , 1088.12 , 0 , 0 , 0
4230 , 0 , 1000 , 1087.94 , 0 , 0 , 0
4231 , 0 , 1000 , 1087.75 , 0 , 0 , 0
4232 , 0 , 1000 , 1087.56 , 0 , 0 , 0
4233 , 0 , 1000 , 1087.36 , 0 , 0 , 0
4234 , 0 , 1000 , 1087.17 , 0 , 0 , 0
4235 , 0 , 1000 , 1086.97 , 0 , 0 , 0
4236 , 0 , 1000 , 1086.76 , 0 , 0 , 0
4237 , 0 , 1000 , 1086.56 , 0 , 0 , 0
4238 , 0 , 1000 , 1086.35 , 0 , 0 , 0
4239 , 0 , 1000 , 1086.14 , 0 , 0 , 0
4240 , 0 , 1000 , 1085.92 , 0 , 0 , 0
4241 , 0 , 1000 , 1085.7 , 0 , 0 , 0
4242 , 0 , 1000 , 1085.48 , 0 , 0 , 0
4243 , 0 , 1000 , 1085.25 , 0 , 0 , 0
4244 , 0 , 1000 , 1085.02 , 0 , 0 , 0
4245 , 0 , 1000 , 1084.79 , 0 , 0 , 0
4246 , 0 , 1000 , 1084.56 , 0 , 0 , 0
4247 , 0 , 1000 , 1084.32 , 0 , 0 , 0
4248 , 0 , 1000 , 1084.08 , 0 , 0 , 0
4249 , 0 , 1000 , 1083.83 , 0 , 0 , 0
4250 , 0 , 1000 , 1083.59 , 0 , 0 , 0
4251 , 0 , 1000 , 1083.33 , 0 , 0 , 0
4252 , 0 , 1000 , 1083.08 , 0 , 0 , 0
4253 , 0 , 1000 , 1082.82 , 0 , 0 , 0
4254 , 0 , 1000 , 1082.56 , 0 , 0 , 0
4255 , 0 , 1000 , 1082.3 , 0 , 0 , 0
4256 , 0 , 1000 , 1082.03 , 0 , 0 , 0
4257 , 0 , 1000 , 1081.76 , 0 , 0 , 0
4258 , 0 , 1000 , 1081.49 , 0 , 0 , 0
4259 , 0 , 1000 , 1081.21 , 0 , 0 , 0
4260 , 0 , 1000 , 1080.93 , 0 , 0 , 0
4261 , 0 , 1000 , 1080.65 , 0 , 0 , 0
4262 , 0 , 1000 , 1080.36 , 0 , 0 , 0
4263 , 0 , 1000 , 1080.07 , 0 , 0 , 0
4264 , 0 , 1000 , 1079.78 , 0 , 0 , 0
4265 , 0 , 1000 , 1079.48 , 0 , 0 , 0
4266 , 0 , 1000 , 1079.18 , 0 , 0 , 0
4267 , 0 , 1000 , 1078.88 , 0 , 0 , 0
4268 , 0 , 1000 , 1078.57 , 0 , 0 , 0
4269 , 0 , 1000 , 1078.27 , 0 , 0 , 0
4270 , 0 , 1000 , 1077.95 , 0 , 0 , 0
4271 , 0 , 1000 , 1077.64 , 0 , 0 , 0
4272 , 0 , 1000 , 1077.32 , 0 , 0 , 0
4273 , 0 , 1000 , 1077 , 0 , 0 , 0
4274 , 0 , 1000 , 1076.68 , 0 , 0 , 0
4275 , 0 , 1000 , 1076.35 , 0 , 0 , 0
4276 , 0 , 1000 , 1076.02 , 0 , 0 , 0
4277 , 0 , 1000 , 1075.68 , 0 , 0 , 0
4278 , 0 , 1000 , 1075.35 , 0 , 0 , 0
4279 , 0 , 1000 , 1075.01 , 0 , 0 , 0
4280 , 0 , 1000 , 1074.66 , 0 , 0 , 0
4281 , 0 , 1000 , 1074.32 , 0 , 0 , 0
4282 , 0 , 1000 , 1073.97 , 0 , 0 , 0
4283 , 0 , 1000 , 1073.62 , 0 , 0 , 0
4284 , 0 , 1000 , 1073.26 , 0 , 0 , 0
4285 , 0 , 1000 , 1072.9 , 0 , 0 , 0
4286 , 0 , 1000 , 1072.54 , 0 , 0 , 0
4287 , 0 , 1000 , 1072.18 , 0 , 0 , 0
4288 , 0 , 1000 , 1071.81 , 0 , 0 , 0
4289 , 0 , 1000 , 1071.44 , 0 , 0 , 0
4290 , 0 , 1000 , 1071.07 , 0 , 0 , 0
4291 , 0 , 1000 , 1070.69 , 0 , 0 , 0
4292 , 0 , 1000 , 1070.31 , 0 , 0 , 0
4293 , 0 , 1000 , 1069.93 , 0 , 0 , 0
4294 , 0 , 1000 , 1069.55 , 0 , 0 , 0
4295 , 0 , 1000 , 1069.16 , 0 , 0 , 0
4296 , 0 , 1000 , 1068.77 , 0 , 0 , 0
4297 , 0 , 1000 , 1068.37 , 0 , 0 , 0
4298 , 0 , 1000 , 1067.98 , 0 , 0 , 0
4299 , 0 , 1000 , 1067.58 , 0 , 0 , 0
4300 , 0 , 1000 , 1067.17 , 0 , 0 , 0
4301 , 0 , 1000 , 1066.77 , 0 , 0 , 0
4302 , 0 , 1000 , 1066.36 , 0 , 0 , 0
4303 , 0 , 1000 , 1065.95 , 0 , 0 , 0
4304 , 0 , 1000 , 1065.54 , 0 , 0 , 0
4305 , 0 , 1000 , 1065.12 , 0 , 0 , 0
4306 , 0 , 1000 , 1064.7 , 0 , 0 , 0
4307 , 0 , 1000 , 1064.28 , 0 , 0 , 0
4308 , 0 , 1000 , 1063.85 , 0 , 0 , 0
4309 , 0 , 1000 , 1063.43 , 0 , 0 , 0
4310 , 0 , 1000 , 1063 , 0 , 0 , 0
4311 , 0 , 1000 , 1062.56 , 0 , 0 , 0
4312 , 0 , 1000 , 1062.13 , 0 , 0 , 0
4313 , 0 , 1000 , 1061.69 , 0 , 0 , 0
4314 , 0 , 1000 , 1061.25 , 0 , 0 , 0
4315 , 0 , 1000 , 1060.81 , 0 , 0 , 0
4316 , 0 , 1000 , 1060.36 , 0 , 0 , 0
4317 , 0 , 1000 , 1059.91 , 0 , 0 , 0
4318 , 0 , 1000 , 1059.46 , 0 , 0 , 0
4319 , 0 , 1000 , 1059.01 , 0 , 0 , 0
4320 , 0 , 1000 , 1058.55 , 0 , 0 , 0
4321 , 0 , 1000 , 1058.09 , 0 , 0 , 0
4322 , 0 , 1000 , 1057.63 , 0 , 0 , 0
4323 , 0 , 1000 , 1057.17 , 0 , 0 , 0
4324 , 0 , 1000 , 1056.7 , 0 , 0 , 0
4325 , 0 , 1000 , 1056.23 , 0 , 0 , 0
4326 , 0 , 1000 , 1055.76 , 0 , 0 , 0
4327 , 0 , 1000 , 1055.29 , 0 , 0 , 0
4328 , 0 , 1000 , 1054.81 , 0 , 0 , 0
4329 , 0 , 1000 , 1054.33 , 0 , 0 , 0
4330 , 0 , 1000 , 1053.85 , 0 , 0 , 0
4331 , 0 , 1000 , 1053.37 , 0 , 0 , 0
4332 , 0 , 1000 , 1052.89 , 0 , 0 , 0
4333 , 0 , 1000 , 1052.4 , 0 , 0 , 0
4334 , 0 , 1000 , 1051.91 , 0 , 0 , 0
4335 , 0 , 1000 , 1051.42 , 0 , 0 , 0
4336 , 0 , 1000 , 1050.92 , 0 , 0 , 0
4337 , 0 , 1000 , 1050.43 , 0 , 0 , 0
4338 , 0 , 1000 , 1049.93 , 0 , 0 , 0
4339 , 0 , 1000 , 1049.43 , 0 , 0 , 0
4340 , 0 , 1000 , 1048.92 , 0 , 0 , 0
4341 , 0 , 1000 , 1048.42 , 0 , 0 , 0
4342 , 0 , 1000 , 1047.91 , 0 , 0 , 0
4343 , 0 , 1000 , 1047.4 , 0 , 0 , 0
4344 , 0 , 1000 , 1046.89 , 0 , 0 , 0
4345 , 0 , 1000 , 1046.38 , 0 , 0 , 0
4346 , 0 , 1000 , 1045.86 , 0 , 0 , 0
4347 , 0 , 1000 , 1045.35 , 0 , 0 , 0
4348 , 0 , 1000 , 1044.83 , 0 , 0 , 0
4349 , 0 , 1000 , 1044.31 , 0 , 0 , 0
4350 , 0 , 1000 , 1043.79 , 0 , 0 , 0
4351 , 0 , 1000 , 1043.26 , 0 , 0 , 0
4352 , 0 , 1000 , 1042.73 , 0 , 0 , 0
4353 , 0 , 1000 , 1042.21 , 0 , 0 , 0
4354 , 0 , 1000 , 1041.67 , 0 , 0 , 0
4355 , 0 , 1000 , 1041.14 , 0 , 0 , 0
4356 , 0 , 1000 , 1040.61 , 0 , 0 , 0
4357 , 0 , 1000 , 1040.07 , 0 , 0 , 0
4358 , 0 , 1000 , 1039.54 , 0 , 0 , 0
4359 , 0 , 1000 , 1039 , 0 , 0 , 0
4360 , 0 , 1000 , 1038.46 , 0 , 0 , 0
4361 , 0 , 1000 , 1037.91 , 0 , 0 , 0
4362 , 0 , 1000 , 1037.37 , 0 , 0 , 0
4363 , 0 , 1000 , 1036.82 , 0 , 0 , 0
4364 , 0 , 1000 , 1036.28 , 0 , 0 , 0
4365 , 0 , 1000 , 1035.73 , 0 , 0 , 0
4366 , 0 , 1000 , 1035.18 , 0 , 0 , 0
4367 , 0 , 1000 , 1034.63 , 0 , 0 , 0
4368 , 0 , 1000 , 1034.07 , 0 , 0 , 0
4369 , 0 , 1000 , 1033.52 , 0 , 0 , 0
4370 , 0 , 1000 , 1032.96 , 0 , 0 , 0
4371 , 0 , 1000 , 1032.41 , 0 , 0 , 0
4372 , 0 , 1000 , 1031.85 , 0 , 0 , 0
4373 , 0 , 1000 , 1031.29 , 0 , 0 , 0
4374 , 0 , 1000 , 1030.72 , 0 , 0 , 0
4375 , 0 , 1000 , 1030.16 , 0 , 0 , 0
4376 , 0 , 1000 , 1029.6 , 0 , 0 , 0
4377 , 0 , 1000 , 1029.03 , 0 , 0 , 0
4378 , 0 , 1000 , 1028.46 , 0 , 0 , 0
4379 , 0 , 1000 , 1027.9 , 0 , 0 , 0
4380 , 0 , 1000 , 1027.33 , 0 , 0 , 0
4381 , 0 , 1000 , 1026.76 , 0 , 0 , 0
4382 , 0 , 1000 , 1026.18 , 0 , 0 , 0
4383 , 0 , 1000 , 1025.61 , 0 , 0 , 0
4384 , 0 , 1000 , 1025.04 , 0 , 0 , 0
4385 , 0 , 1000 , 1024.46 , 0 , 0 , 0
4386 , 0 , 1000 , 1023.89 , 0 , 0 , 0
4387 , 0 , 1000 , 1023.31 , 0 , 0 , 0
4388 , 0 , 1000 , 1022.73 , 0 , 0 , 0
4389 , 0 , 1000 , 1022.15 , 0 , 0 , 0
4390 , 0 , 1000 , 1021.57 , 0 , 0 , 0
4391 , 0 , 1000 , 1020.99 , 0 , 0 , 0
4392 , 0 , 1000 , 1020.41 , 0 , 0 , 0
4393 , 0 , 1000 , 1019.82 , 0 , 0 , 0
4394 , 0 , 1000 , 1019.24 , 0 , 0 , 0
4395 , 0 , 1000 , 1018.65 , 0 , 0 , 0
4396 , 0 , 1000 , 1018.07 , 0 , 0 , 0
4397 , 0 , 1000 , 1017.48 , 0 , 0 , 0
4398 , 0 , 1000 , 1016.89 , 0 , 0 , 0
4399 , 0 , 1000 , 1016.31 , 0 , 0 , 0
4400 , 0 , 1000 , 1015.72 , 0 , 0 , 0
4401 , 0 , 1000 , 1015.13 , 0 , 0 , 0
4402 , 0 , 1000 , 1014.54 , 0 , 0 , 0
4403 , 0 , 1000 , 1013.95 , 0 , 0 , 0
4404 , 0 , 1000 , 1013.36 , 0 , 0 , 0
4405 , 0 , 1000 , 1012.76 , 0 , 0 , 0
4406 , 0 , 1000 , 1012.17 , 0 , 0 , 0
4407 , 0 , 1000 , 1011.58 , 0 , 0 , 0
4408 , 0 , 1000 , 1010.98 , 0 , 0 , 0
4409 , 0 , 1000 , 1010.39 , 0 , 0 , 0
4410 , 0 , 1000 , 1009.79 , 0 , 0 , 0
4411 , 0 , 1000 , 1009.2 , 0 , 0 , 0
4412 , 0 , 1000 , 1008.6 , 0 , 0 , 0
4413 , 0 , 1000 , 1008.01 , 0 , 0 , 0
4414 , 0 , 1000 , 1007.41 , 0 , 0 , 0
4415 , 0 , 1000 , 1006.81 , 0 , 0 , 0
4416 , 0 , 1000 , 1006.21 , 0 , 0 , 0
4417 , 0 , 1000 , 1005.61 , 0 , 0 , 0
4418 , 0 , 1000 , 1005.02 , 0 , 0 , 0
4419 , 0 , 1000 , 1004.42 , 0 , 0 , 0
4420 , 0 , 1000 , 1003.82 , 0 , 0 , 0
4421 , 0 , 1000 , 1003.22 , 0 , 0 , 0
4422 , 0 , 1000 , 1002.62 , 0 , 0 , 0
4423 , 0 , 1000 , 1002.02 , 0 , 0 , 0
4424 , 0 , 1000 , 1001.42 , 0 , 0 , 0
4425 , 0 , 1000 , 1000.82 , 0 , 0 , 0
4426 , 0 , 1000 , 1000.22 , 0 , 0 , 0
4427 , 0 , 1000 , 999.618 , 0 , 0 , 0
4428 , 0 , 1000 , 999.017 , 0 , 0 , 0
4429 , 0 , 1000 , 998.417 , 0 , 0 , 0
4430 , 0 , 1000 , 997.816 , 0 , 0 , 0
4431 , 0 , 1000 , 997.215 , 0 , 0 , 0
4432 , 0 , 1000 , 996.614 , 0 , 0 , 0
4433 , 0 , 1000 , 996.013 , 0 , 0 , 0
4434 , 0 , 1000 , 995.413 , 0 , 0 , 0
4435 , 0 , 1000 , 994.812 , 0 , 0 , 0
4436 , 0 , 1000 , 994.211 , 0 , 0 , 0
4437 , 0 , 1000 , 993.611 , 0 , 0 , 0
4438 , 0 , 1000 , 993.01 , 0 , 0 , 0
4439 , 0 , 1000 , 992.41 , 0 , 0 , 0
4440 , 0 , 1000 , 991.81 , 0 , 0 , 0
4441 , 0 , 1000 , 991.21 , 0 , 0 , 0
4442 , 0 , 1000 , 990.61 , 0 , 0 , 0
4443 , 0 , 1000 , 990.01 , 0 , 0 , 0
4444 , 0 , 1000 , 989.411 , 0 , 0 , 0
4445 , 0 , 1000 , 988.812 , 0 , 0 , 0
4446 , 0 , 1000 , 988.213 , 0 , 0 , 0
4447 , 0 , 1000 , 987.614 , 0 , 0 , 0
4448 , 0 , 1000 , 987.016 , 0 , 0 , 0
4449 , 0 , 1000 , 986.418 , 0 , 0 , 0
4450 , 0 , 1000 , 985.82 , 0 , 0 , 0
4451 , 0 , 1000 , 985.222 , 0 , 0 , 0
4452 , 0 , 1000 , 984.625 , 0 , 0 , 0
4453 , 0 , 1000 , 984.028 , 0 , 0 , 0
4454 , 0 , 1000 , 983.431 , 0 , 0 , 0
4455 , 0 , 1000 , 982.835 , 0 , 0 , 0
4456 , 0 , 1000 , 982.239 , 0 , 0 , 0
4457 , 0 , 1000 , 981.643 , 0 , 0 , 0
4458 , 0 , 1000 , 981.048 , 0 , 0 , 0
4459 , 0 , 1000 , 980.453 , 0 , 0 , 0
4460 , 0 , 1000 , 979.858 , 0 , 0 , 0
4461 , 0 , 1000 , 979.264 , 0 , 0 , 0
4462 , 0 , 1000 , 978.671 , 0 , 0 , 0
4463 , 0 , 1000 , 978.077 , 0 , 0 , 0
4464 , 0 , 1000 , 977.484 , 0 , 0 , 0
4465 , 0 , 1000 , 976.892 , 0 , 0 , 0
4466 , 0 , 1000 , 976.3 , 0 , 0 , 0
4467 , 0 , 1000 , 975.708 , 0 , 0 , 0
4468 , 0 , 1000 , 975.117 , 0 , 0 , 0
4469 , 0 , 1000 , 974.526 , 0 , 0 , 0
4470 , 0 , 1000 , 973.936 , 0 , 0 , 0
4471 , 0 , 1000 , 973.346 , 0 , 0 , 0
4472 , 0 , 1000 , 972.757 , 0 , 0 , 0
4473 , 0 , 1000 , 972.168 , 0 , 0 , 0
4474 , 0 , 1000 , 971.58 , 0 , 0 , 0
4475 , 0 , 1000 , 970.992 , 0 , 0 , 0
4476 , 0 , 1000 , 970.405 , 0 , 0 , 0
4477 , 0 , 1000 , 969.818 , 0 , 0 , 0
4478 , 0 , 1000 , 969.232 , 0 , 0 , 0
4479 , 0 , 1000 , 968.646 , 0 , 0 , 0
4480 , 0 , 1000 , 968.061 , 0 , 0 , 0
4481 , 0 , 1000 , 967.476 , 0 , 0 , 0
4482 , 0 , 1000 , 966.892 , 0 , 0 , 0
4483 , 0 , 1000 , 966.309 , 0 , 0 , 0
4484 , 0 , 1000 , 965.726 , 0 , 0 , 0
4485 , 0 , 1000 , 965.144 , 0 , 0 , 0
4486 , 0 , 1000 , 964.562 , 0 , 0 , 0
4487 , 0 , 1000 , 963.981 , 0 , 0 , 0
4488 , 0 , 1000 , 963.401 , 0 , 0 , 0
4489 , 0 , 1000 , 962.821 , 0 , 0 , 0
4490 , 0 , 1000 , 962.242 , 0 , 0 , 0
4491 , 0 , 1000 , 961.663 , 0 , 0 , 0
4492 , 0 , 1000 , 961.086 , 0 , 0 , 0
4493 , 0 , 1000 , 960.508 , 0 , 0 , 0
4494 , 0 , 1000 , 959.932 , 0 , 0 , 0
4495 , 0 , 1000 , 959.356 , 0 , 0 , 0
4496 , 0 , 1000 , 958.781 , 0 , 0 , 0
4497 , 0 , 1000 , 958.206 , 0 , 0 , 0
4498 , 0 , 1000 , 957.633 , 0 , 0 , 0
4499 , 0 , 1000 , 957.06 , 0 , 0 , 0
4500 , 0 , 1000 , 956.488 , 0 , 0 , 0
4501 , 0 , 1000 , 955.916 , 0 , 0 , 0
4502 , 0 , 1000 , 955.345 , 0 , 0 , 0
4503 , 0 , 1000 , 954.775 , 0 , 0 , 0
4504 , 0 , 1000 , 954.206 , 0 , 0 , 0
4505 , 0 , 1000 , 953.638 , 0 , 0 , 0
4506 , 0 , 1000 , 953.07 , 0 , 0 , 0
4507 , 0 , 1000 , 952.503 , 0 , 0 , 0
4508 , 0 , 1000 , 951.937 , 0 , 0 , 0
4509 , 0 , 1000 , 951.372 , 0 , 0 , 0
4510 , 0 , 1000 , 950.807 , 0 , 0 , 0
4511 , 0 , 1000 , 950.244 , 0 , 0 , 0
4512 , 0 , 1000 , 949.681 , 0 , 0 , 0
4513 , 0 , 1000 , 949.119 , 0 , 0 , 0
4514 , 0 , 1000 , 948.558 , 0 , 0 , 0
4515 , 0 , 1000 , 947.998 , 0 , 0 , 0
4516 , 0 , 1000 , 947.439 , 0 , 0 , 0
4517 , 0 , 1000 , 946.88 , 0 , 0 , 0
4518 , 0 , 1000 , 946.323 , 0 , 0 , 0
4519 , 0 , 1000 , 945.766 , 0 , 0 , 0
4520 , 0 , 1000 , 945.211 , 0 , 0 , 0
4521 , 0 , 1000 , 944.656 , 0 , 0 , 0
4522 , 0 , 1000 , 944.102 , 0 , 0 , 0
4523 , 0 , 1000 , 943.549 , 0 , 0 , 0
4524 , 0 , 1000 , 942.997 , 0 , 0 , 0
4525 , 0 , 1000 , 942.446 , 0 , 0 , 0
4526 , 0 , 1000 , 941.896 , 0 , 0 , 0
4527 , 0 , 1000 , 941.347 , 0 , 0 , 0
4528 , 0 , 1000 , 940.799 , 0 , 0 , 0
4529 , 0 , 1000 , 940.251 , 0 , 0 , 0
4530 , 0 , 1000 , 939.705 , 0 , 0 , 0
4531 , 0 , 1000 , 939.16 , 0 , 0 , 0
4532 , 0 , 1000 , 938.616 , 0 , 0 , 0
4533 , 0 , 1000 , 938.072 , 0 , 0 , 0
4534 , 0 , 1000 , 937.53 , 0 , 0 , 0
4535 , 0 , 1000 , 936.989 , 0 , 0 , 0
4536 , 0 , 1000 , 936.448 , 0 , 0 , 0
4537 , 0 , 1000 , 935.909 , 0 , 0 , 0
4538 , 0 , 1000 , 935.371 , 0 , 0 , 0
4539 , 0 , 1000 , 934.833 , 0 , 0 , 0
4540 , 0 , 1000 , 934.297 , 0 , 0 , 0
4541 , 0 , 1000 , 933.762 , 0 , 0 , 0
4542 , 0 , 1000 , 933.227 , 0 , 0 , 0
4543 , 0 , 1000 , 932.694 , 0 , 0 , 0
4544 , 0 , 1000 , 932.162 , 0 , 0 , 0
4545 , 0 , 1000 , 931.631 , 0 , 0 , 0
4546 , 0 , 1000 , 931.1 , 0 , 0 , 0
4547 , 0 , 1000 , 930.571 , 0 , 0 , 0
4548 , 0 , 1000 , 930.043 , 0 , 0 , 0
4549 , 0 , 1000 , 929.516 , 0 , 0 , 0
4550 , 0 , 1000 , 928.99 , 0 , 0 , 0
4551 , 0 , 1000 , 928.465 , 0 , 0 , 0
4552 , 0 , 1000 , 927.941 , 0 , 0 , 0
4553 , 0 , 1000 , 927.418 , 0 , 0 , 0
4554 , 0 , 1000 , 926.896 , 0 , 0 , 0
4555 , 0 , 1000 , 926.376 , 0 , 0 , 0
4556 , 0 , 1000 , 925.856 , 0 , 0 , 0
4557 , 0 , 1000 , 925.337 , 0 , 0 , 0
4558 , 0 , 1000 , 924.82 , 0 , 0 , 0
4559 , 0 , 1000 , 924.303 , 0 , 0 , 0
4560 , 0 , 1000 , 923.787 , 0 , 0 , 0
4561 , 0 , 1000 , 923.273 , 0 , 0 , 0
4562 , 0 , 1000 , 922.76 , 0 , 0 , 0
4563 , 0 , 1000 , 922.247 , 0 , 0 , 0
4564 , 0 , 1000 , 921.736 , 0 , 0 , 0
4565 , 0 , 1000 , 921.226 , 0 , 0 , 0
4566 , 0 , 1000 , 920.717 , 0 , 0 , 0
4567 , 0 , 1000 , 920.208 , 0 , 0 , 0
4568 , 0 , 1000 , 919.701 , 0 , 0 , 0
4569 , 0 , 1000 , 919.195 , 0 , 0 , 0
4570 , 0 , 1000 , 918.691 , 0 , 0 , 0
4571 , 0 , 1000 , 918.187 , 0 , 0 , 0
4572 , 0 , 1000 , 917.684 , 0 , 0 , 0
4573 , 0 , 1000 , 917.182 , 0 , 0 , 0
4574 , 0 , 1000 , 916.682 , 0 , 0 , 0
4575 , 0 , 1000 , 916.182 , 0 , 0 , 0
4576 , 0 , 1000 , 915.684 , 0 , 0 , 0
4577 , 0 , 1000 , 915.186 , 0 , 0 , 0
4578 , 0 , 1000 , 914.689 , 0 , 0 , 0
4579 , 0 , 1000 , 914.194 , 0 , 0 , 0
4580 , 0 , 1000 , 913.7 , 0 , 0 , 0
4581 , 0 , 1000 , 913.207 , 0 , 0 , 0
4582 , 0 , 1000 , 912.714 , 0 , 0 , 0
4583 , 0 , 1000 , 912.223 , 0 , 0 , 0
4584 , 0 , 1000 , 911.733 , 0 , 0 , 0
4585 , 0 , 1000 , 911.244 , 0 , 0 , 0
4586 , 0 , 1000 , 910.756 , 0 , 0 , 0
4587 , 0 , 1000 , 910.269 , 0 , 0 , 0
4588 , 0 , 1000 , 909.783 , 0 , 0 , 0
4589 , 0 , 1000 , 909.298 , 0 , 0 , 0
4590 , 0 , 1000 , 908.815 , 0 , 0 , 0
4591 , 0 , 1000 , 908.332 , 0 , 0 , 0
4592 , 0 , 1000 , 907.85 , 0 , 0 , 0
4593 , 0 , 1000 , 907.369 , 0 , 0 , 0
4594 , 0 , 1000 , 906.89 , 0 , 0 , 0
4595 , 0 , 1000 , 906.411 , 0 , 0 , 0
4596 , 0 , 1000 , 905.933 , 0 , 0 , 0
4597 , 0 , 1000 , 905.457 , 0 , 0 , 0
4598 , 0 , 1000 , 904.981 , 0 , 0 , 0
4599 , 0 , 1000 , 904.507 , 0 , 0 , 0
4600 , 0 , 1000 , 904.033 , 0 , 0 , 0
4601 , 0 , 1000 , 903.56 , 0 , 0 , 0
4602 , 0 , 1000 , 903.089 , 0 , 0 , 0
4603 , 0 , 1000 , 902.618 , 0 , 0 , 0
4604 , 0 , 1000 , 902.149 , 0 , 0 , 0
4605 , 0 , 1000 , 901.68 , 0 , 0 , 0
4606 , 0 , 1000 , 901.213 , 0 , 0 , 0
4607 , 0 , 1000 , 900.746 , 0 , 0 , 0
4608 , 0 , 1000 , 900.28 , 0 , 0 , 0
4609 , 0 , 1000 , 899.816 , 0 , 0 , 0
4610 , 0 , 1000 , 899.352 , 0 , 0 , 0
4611 , 0 , 1000 , 898.89 , 0 , 0 , 0
4612 , 0 , 1000 , 898.428 , 0 , 0 , 0
4613 , 0 , 1000 , 897.967 , 0 , 0 , 0
4614 , 0 , 1000 , 897.508 , 0 , 0 , 0
4615 , 0 , 1000 , 897.049 , 0 , 0 , 0
4616 , 0 , 1000 , 896.591 , 0 , 0 , 0
4617 , 0 , 1000 , 896.134 , 0 , 0 , 0
4618 , 0 , 1000 , 895.679 , 0 , 0 , 0
4619 , 0 , 1000 , 895.224 , 0 , 0 , 0
4620 , 0 , 1000 , 894.77 , 0 , 0 , 0
4621 , 0 , 1000 , 894.317 , 0 , 0 , 0
4622 , 0 , 1000 , 893.865 , 0 , 0 , 0
4623 , 0 , 1000 , 893.413 , 0 , 0 , 0
4624 , 0 , 1000 , 892.963 , 0 , 0 , 0
4625 , 0 , 1000 , 892.514 , 0 , 0 , 0
4626 , 0 , 1000 , 892.066 , 0 , 0 , 0
4627 , 0 , 1000 , 891.618 , 0 , 0 , 0
4628 , 0 , 1000 , 891.172 , 0 , 0 , 0
4629 , 0 , 1000 , 890.726 , 0 , 0 , 0
4630 , 0 , 1000 , 890.281 , 0 , 0 , 0
4631 , 0 , 1000 , 889.837 , 0 , 0 , 0
4632 , 0 , 1000 , 889.395 , 0 , 0 , 0
4633 , 0 , 1000 , 888.953 , 0 , 0 , 0
4634 , 0 , 1000 , 888.511 , 0 , 0 , 0
4635 , 0 , 1000 , 888.071 , 0 , 0 , 0
4636 , 0 , 1000 , 887.632 , 0 , 0 , 0
4637 , 0 , 1000 , 887.193 , 0 , 0 , 0
4638 , 0 , 1000 , 886.756 , 0 , 0 , 0
4639 , 0 , 1000 , 886.319 , 0 , 0 , 0
4640 , 0 , 1000 , 885.883 , 0 , 0 , 0
4641 , 0 , 1000 , 885.448 , 0 , 0 , 0
4642 , 0 , 1000 , 885.014 , 0 , 0 , 0
4643 , 0 , 1000 , 884.581 , 0 , 0 , 0
4644 , 0 , 1000 , 884.148 , 0 , 0 , 0
4645 , 0 , 1000 , 883.717 , 0 , 0 , 0
4646 , 0 , 1000 , 883.286 , 0 , 0 , 0
4647 , 0 , 1000 , 882.856 , 0 , 0 , 0
4648 , 0 , 1000 , 882.427 , 0 , 0 , 0
4649 , 0 , 1000 , 881.998 , 0 , 0 , 0
4650 , 0 , 1000 , 881.571 , 0 , 0 , 0
4651 , 0 , 1000 , 881.144 , 0 , 0 , 0
4652 , 0 , 1000 , 880.718 , 0 , 0 , 0
4653 , 0 , 1000 , 880.293 , 0 , 0 , 0
4654 , 0 , 1000 , 879.869 , 0 , 0 , 0
4655 , 0 , 1000 , 879.446 , 0 , 0 , 0
4656 , 0 , 1000 , 879.023 , 0 , 0 , 0
4657 , 0 , 1000 , 878.601 , 0 , 0 , 0
4658 , 0 , 1000 , 878.18 , 0 , 0 , 0
4659 , 0 , 1000 , 877.76 , 0 , 0 , 0
4660 , 0 , 1000 , 877.34 , 0 , 0 , 0
4661 , 0 , 1000 , 876.921 , 0 , 0 , 0
4662 , 0 , 1000 , 876.503 , 0 , 0 , 0
4663 , 0 , 1000 , 876.086 , 0 , 0 , 0
4664 , 0 , 1000 , 875.67 , 0 , 0 , 0
4665 , 0 , 1000 , 875.254 , 0 , 0 , 0
4666 , 0 , 1000 , 874.839 , 0 , 0 , 0
4667 , 0 , 1000 , 874.425 , 0 , 0 , 0
4668 , 0 , 1000 , 874.011 , 0 , 0 , 0
4669 , 0 , 1000 , 873.599 , 0 , 0 , 0
4670 , 0 , 1000 , 873.187 , 0 , 0 , 0
4671 , 0 , 1000 , 872.775 , 0 , 0 , 0
4672 , 0 , 1000 , 872.365 , 0 , 0 , 0
4673 , 0 , 1000 , 871.955 , 0 , 0 , 0
4674 , 0 , 1000 , 871.546 , 0 , 0 , 0
4675 , 0 , 1000 , 871.137 , 0 , 0 , 0
4676 , 0 , 1000 , 870.73 , 0 , 0 , 0
4677 , 0 , 1000 , 870.323 , 0 , 0 , 0
4678 , 0 , 1000 , 869.916 , 0 , 0 , 0
4679 , 0 , 1000 , 869.51 , 0 , 0 , 0
4680 , 0 , 1000 , 869.105 , 0 , 0 , 0
4681 , 0 , 1000 , 868.701 , 0 , 0 , 0
4682 , 0 , 1000 , 868.298 , 0 , 0 , 0
4683 , 0 , 1000 , 867.895 , 0 , 0 , 0
4684 , 0 , 1000 , 867.492 , 0 , 0 , 0
4685 , 0 , 1000 , 867.091 , 0 , 0 , 0
4686 , 0 , 1000 , 866.69 , 0 , 0 , 0
4687 , 0 , 1000 , 866.289 , 0 , 0 , 0
4688 , 0 , 1000 , 865.89 , 0 , 0 , 0
4689 , 0 , 1000 , 865.491 , 0 , 0 , 0
4690 , 0 , 1000 , 865.092 , 0 , 0 , 0
4691 , 0 , 1000 , 864.694 , 0 , 0 , 0
4692 , 0 , 1000 , 864.297 , 0 , 0 , 0
4693 , 0 , 1000 , 863.901 , 0 , 0 , 0
4694 , 0 , 1000 , 863.505 , 0 , 0 , 0
4695 , 0 , 1000 , 863.11 , 0 , 0 , 0
4696 , 0 , 1000 , 862.715 , 0 , 0 , 0
4697 , 0 , 1000 , 862.321 , 0 , 0 , 0
4698 , 0 , 1000 , 861.928 , 0 , 0 , 0
4699 , 0 , 1000 , 861.535 , 0 , 0 , 0
4700 , 0 , 1000 , 861.143 , 0 , 0 , 0
4701 , 0 , 1000 , 860.751 , 0 , 0 , 0
4702 , 0 , 1000 , 860.36 , 0 , 0 , 0
4703 , 0 , 1000 , 859.969 , 0 , 0 , 0
4704 , 0 , 1000 , 859.58 , 0 , 0 , 0
4705 , 0 , 1000 , 859.19 , 0 , 0 , 0
4706 , 0 , 1000 , 858.802 , 0 , 0 , 0
4707 , 0 , 1000 , 858.413 , 0 , 0 , 0
4708 , 0 , 1000 , 858.026 , 0 , 0 , 0
4709 , 0 , 1000 , 857.639 , 0 , 0 , 0
4710 , 0 , 1000 , 857.252 , 0 , 0 , 0
4711 , 0 , 1000 , 856.866 , 0 , 0 , 0
4712 , 0 , 1000 , 856.481 , 0 , 0 , 0
4713 , 0 , 1000 , 856.096 , 0 , 0 , 0
4714 , 0 , 1000 , 855.712 , 0 , 0 , 0
4715 , 0 , 1000 , 855.328 , 0 , 0 , 0
4716 , 0 , 1000 , 854.945 , 0 , 0 , 0
4717 , 0 , 1000 , 854.562 , 0 , 0 , 0
4718 , 0 , 1000 , 854.18 , 0 , 0 , 0
4719 , 0 , 1000 , 853.798 , 0 , 0 , 0
4720 , 0 , 1000 , 853.417 , 0 , 0 , 0
4721 , 0 , 1000 , 853.036 , 0 , 0 , 0
4722 , 0 , 1000 , 852.656 , 0 , 0 , 0
4723 , 0 , 1000 , 852.277 , 0 , 0 , 0
4724 , 0 , 1000 , 851.898 , 0 , 0 , 0
4725 , 0 , 1000 , 851.519 , 0 , 0 , 0
4726 , 0 , 1000 , 851.141 , 0 , 0 , 0
4727 , 0 , 1000 , 850.763 , 0 , 0 , 0
4728 , 0 , 1000 , 850.386 , 0 , 0 , 0
4729 , 0 , 1000 , 850.01 , 0 , 0 , 0
4730 , 0 , 1000 , 849.633 , 0 , 0 , 0
4731 , 0 , 1000 , 849.258 , 0 , 0 , 0
4732 , 0 , 1000 , 848.882 , 0 , 0 , 0
4733 , 0 , 1000 , 848.508 , 0 , 0 , 0
4734 , 0 , 1000 , 848.133 , 0 , 0 , 0
4735 , 0 , 1000 , 847.76 , 0 , 0 , 0
4736 , 0 , 1000 , 847.386 , 0 , 0 , 0
4737 , 0 , 1000 , 847.013 , 0 , 0 , 0
4738 , 0 , 1000 , 846.641 , 0 , 0 , 0
4739 , 0 , 1000 , 846.269 , 0 , 0 , 0
4740 , 0 , 1000 , 845.897 , 0 , 0 , 0
4741 , 0 , 1000 , 845.526 , 0 , 0 , 0
4742 , 0 , 1000 , 845.156 , 0 , 0 , 0
4743 , 0 , 1000 , 844.785 , 0 , 0 , 0
4744 , 0 , 1000 , 844.416 , 0 , 0 , 0
4745 , 0 , 1000 , 844.046 , 0 , 0 , 0
4746 , 0 , 1000 , 843.677 , 0 , 0 , 0
4747 , 0 , 1000 , 843.309 , 0 , 0 , 0
4748 , 0 , 1000 , 842.941 , 0 , 0 , 0
4749 , 0 , 1000 , 842.573 , 0 , 0 , 0
4750 , 0 , 1000 , 842.206 , 0 , 0 , 0
4751 , 0 , 1000 , 841.839 , 0 , 0 , 0
4752 , 0 , 1000 , 841.473 , 0 , 0 , 0
4753 , 0 , 1000 , 841.107 , 0 , 0 , 0
4754 , 0 , 1000 , 840.741 , 0 , 0 , 0
4755 , 0 , 1000 , 840.376 , 0 , 0 , 0
4756 , 0 , 1000 , 840.011 , 0 , 0 , 0
4757 , 0 , 1000 , 839.647 , 0 , 0 , 0
4758 , 0 , 1000 , 839.283 , 0 , 0 , 0
4759 , 0 , 1000 , 838.919 , 0 , 0 , 0
4760 , 0 , 1000 , 838.556 , 0 , 0 , 0
4761 , 0 , 1000 , 838.193 , 0 , 0 , 0
4762 , 0 , 1000 , 837.831 , 0 , 0 , 0
4763 , 0 , 1000 , 837.469 , 0 , 0 , 0
4764 , 0 , 1000 , 837.107 , 0 , 0 , 0
4765 , 0 , 1000 , 836.746 , 0 , 0 , 0
4766 , 0 , 1000 , 836.385 , 0 , 0 , 0
4767 , 0 , 1000 , 836.024 , 0 , 0 , 0
4768 , 0 , 1000 , 835.664 , 0 , 0 , 0
4769 , 0 , 1000 , 835.304 , 0 , 0 , 0
4770 , 0 , 1000 , 834.945 , 0 , 0 , 0
4771 , 0 , 1000 , 834.586 , 0 , 0 , 0
4772 , 0 , 1000 , 834.227 , 0 , 0 , 0
4773 , 0 , 1000 , 833.869 , 0 , 0 , 0
4774 , 0 , 1000 , 833.511 , 0 , 0 , 0
4775 , 0 , 1000 , 833.154 , 0 , 0 , 0
4776 , 0 , 1000 , 832.796 , 0 , 0 , 0
4777 , 0 , 1000 , 832.44 , 0 , 0 , 0
4778 , 0 , 1000 , 832.083 , 0 , 0 , 0
4779 , 0 , 1000 , 831.727 , 0 , 0 , 0
4780 , 0 , 1000 , 831.371 , 0 , 0 , 0
4781 , 0 , 1000 , 831.016 , 0 , 0 , 0
4782 , 0 , 1000 , 830.661 , 0 , 0 , 0
4783 , 0 , 1000 , 830.306 , 0 , 0 , 0
4784 , 0 , 1000 , 829.952 , 0 , 0 , 0
4785 , 0 , 1000 , 829.598 , 0 , 0 , 0
4786 , 0 , 1000 , 829.244 , 0 , 0 , 0
4787 , 0 , 1000 , 828.891 , 0 , 0 , 0
4788 , 0 , 1000 , 828.538 , 0 , 0 , 0
4789 , 0 , 1000 , 828.185 , 0 , 0 , 0
4790 , 0 , 1000 , 827.833 , 0 , 0 , 0
4791 , 0 , 1000 , 827.481 , 0 , 0 , 0
4792 , 0 , 1000 , 827.13 , 0 , 0 , 0
4793 , 0 , 1000 , 826.778 , 0 , 0 , 0
4794 , 0 , 1000 , 826.427 , 0 , 0 , 0
4795 , 0 , 1000 , 826.077 , 0 , 0 , 0
4796 , 0 , 1000 , 825.727 , 0 , 0 , 0
4797 , 0 , 1000 , 825.377 , 0 , 0 , 0
4798 , 0 , 1000 , 825.027 , 0 , 0 , 0
4799 , 0 , 1000 , 824.678 , 0 , 0 , 0
4800 , 0 , 1000 , 824.329 , 0 , 0 , 0
4801 , 0 , 1000 , 823.98 , 0 , 0 , 0
4802 , 0 , 1000 , 823.632 , 0 , 0 , 0
4803 , 0 , 1000 , 823.284 , 0 , 0 , 0
4804 , 0 , 1000 , 822.936 , 0 , 0 , 0
4805 , 0 , 1000 , 822.589 , 0 , 0 , 0
4806 , 0 , 1000 , 822.242 , 0 , 0 , 0
4807 , 0 , 1000 , 821.895 , 0 , 0 , 0
4808 , 0 , 1000 , 821.549 , 0 , 0 , 0
4809 , 0 , 1000 , 821.203 , 0 , 0 , 0
4810 , 0 , 1000 , 820.857 , 0 , 0 , 0
4811 , 0 , 1000 , 820.512 , 0 , 0 , 0
4812 , 0 , 1000 , 820.166 , 0 , 0 , 0
4813 , 0 , 1000 , 819.822 , 0 , 0 , 0
4814 , 0 , 1000 , 819.477 , 0 , 0 , 0
4815 , 0 , 1000 , 819.133 , 0 , 0 , 0
4816 , 0 , 1000 , 818.789 , 0 , 0 , 0
4817 , 0 , 1000 , 818.446 , 0 , 0 , 0
4818 , 0 , 1000 , 818.102 , 0 , 0 , 0
4819 , 0 , 1000 , 817.76 , 0 , 0 , 0
4820 , 0 , 1000 , 817.417 , 0 , 0 , 0
4821 , 0 , 1000 , 817.075 , 0 , 0 , 0
4822 , 0 , 1000 , 816.733 , 0 , 0 , 0
4823 , 0 , 1000 , 816.391 , 0 , 0 , 0
4824 , 0 , 1000 , 816.05 , 0 , 0 , 0
4825 , 0 , 1000 , 815.709 , 0 , 0 , 0
4826 , 0 , 1000 , 815.368 , 0 , 0 , 0
4827 , 0 , 1000 , 815.027 , 0 , 0 , 0
4828 , 0 , 1000 , 814.687 , 0 , 0 , 0
4829 , 0 , 1000 , 814.348 , 0 , 0 , 0
4830 , 0 , 1000 , 814.008 , 0 , 0 , 0
4831 , 0 , 1000 , 813.669 , 0 , 0 , 0
4832 , 0 , 1000 , 813.33 , 0 , 0 , 0
4833 , 0 , 1000 , 812.991 , 0 , 0 , 0
4834 , 0 , 1000 , 812.653 , 0 , 0 , 0
4835 , 0 , 1000 , 812.315 , 0 , 0 , 0
4836 , 0 , 1000 , 811.977 , 0 , 0 , 0
4837 , 0 , 1000 , 811.64 , 0 , 0 , 0
4838 , 0 , 1000 , 811.303 , 0 , 0 , 0
4839 , 0 , 1000 , 810.966 , 0 , 0 , 0
4840 , 0 , 1000 , 810.63 , 0 , 0 , 0
4841 , 0 , 1000 , 810.294 , 0 , 0 , 0
4842 , 0 , 1000 , 809.958 , 0 , 0 , 0
4843 , 0 , 1000 , 809.622 , 0 , 0 , 0
4844 , 0 , 1000 , 809.287 , 0 , 0 , 0
4845 , 0 , 1000 , 808.952 , 0 , 0 , 0
4846 , 0 , 1000 , 808.618 , 0 , 0 , 0
4847 , 0 , 1000 , 808.284 , 0 , 0 , 0
4848 , 0 , 1000 , 807.95 , 0 , 0 , 0
4849 , 0 , 1000 , 807.616 , 0 , 0 , 0
4850 , 0 , 1000 , 807.283 , 0 , 0 , 0
4851 , 0 , 1000 , 806.95 , 0 , 0 , 0
4852 , 0 , 1000 , 806.617 , 0 , 0 , 0
4853 , 0 , 1000 , 806.284 , 0 , 0 , 0
4854 , 0 , 1000 , 805.952 , 0 , 0 , 0
4855 , 0 , 1000 , 805.621 , 0 , 0 , 0
4856 , 0 , 1000 , 805.289 , 0 , 0 , 0
4857 , 0 , 1000 , 804.958 , 0 , 0 , 0
4858 , 0 , 1000 , 804.627 , 0 , 0 , 0
4859 , 0 , 1000 , 804.296 , 0 , 0 , 0
4860 , 0 , 1000 , 803.966 , 0 , 0 , 0
4861 , 0 , 1000 , 803.636 , 0 , 0 , 0
4862 , 0 , 1000 , 803.307 , 0 , 0 , 0
4863 , 0 , 1000 , 802.977 , 0 , 0 , 0
4864 , 0 , 1000 , 802.648 , 0 , 0 , 0
4865 , 0 , 1000 , 802.319 , 0 , 0 , 0
4866 , 0 , 1000 , 801.991 , 0 , 0 , 0
4867 , 0 , 1000 , 801.663 , 0 , 0 , 0
4868 , 0 , 1000 , 801.335 , 0 , 0 , 0
4869 , 0 , 1000 , 801.008 , 0 , 0 , 0
4870 , 0 , 1000 , 800.681 , 0 , 0 , 0
4871 , 0 , 1000 , 800.354 , 0 , 0 , 0
4872 , 0 , 1000 , 800.027 , 0 , 0 , 0
4873 , 0 , 1000 , 799.701 , 0 , 0 , 0
4874 , 0 , 1000 , 799.375 , 0 , 0 , 0
4875 , 0 , 1000 , 799.05 , 0 , 0 , 0
4876 , 0 , 1000 , 798.724 , 0 , 0 , 0
4877 , 0 , 1000 , 798.399 , 0 , 0 , 0
4878 , 0 , 1000 , 798.075 , 0 , 0 , 0
4879 , 0 , 1000 , 797.75 , 0 , 0 , 0
4880 , 0 , 1000 , 797.426 , 0 , 0 , 0
4881 , 0 , 1000 , 797.103 , 0 , 0 , 0
4882 , 0 , 1000 , 796.779 , 0 , 0 , 0
4883 , 0 , 1000 , 796.456 , 0 , 0 , 0
4884 , 0 , 1000 , 796.133 , 0 , 0 , 0
4885 , 0 , 1000 , 795.811 , 0 , 0 , 0
4886 , 0 , 1000 , 795.489 , 0 , 0 , 0
4887 , 0 , 1000 , 795.167 , 0 , 0 , 0
4888 , 0 , 1000 , 794.845 , 0 , 0 , 0
4889 , 0 , 1000 , 794.524 , 0 , 0 , 0
4890 , 0 , 1000 , 794.203 , 0 , 0 , 0
4891 , 0 , 1000 , 793.883 , 0 , 0 , 0
4892 , 0 , 1000 , 793.562 , 0 , 0 , 0
4893 , 0 , 1000 , 793.242 , 0 , 0 , 0
4894 , 0 , 1000 , 792.923 , 0 , 0 , 0
4895 , 0 , 1000 , 792.604 , 0 , 0 , 0
4896 , 0 , 1000 , 792.285 , 0 , 0 , 0
4897 , 0 , 1000 , 791.966 , 0 , 0 , 0
4898 , 0 , 1000 , 791.648 , 0 , 0 , 0
4899 , 0 , 1000 , 791.33 , 0 , 0 , 0
4900 , 0 , 1000 , 791.012 , 0 , 0 , 0
4901 , 0 , 1000 , 790.695 , 0 , 0 , 0
4902 , 0 , 1000 , 790.378 , 0 , 0 , 0
4903 , 0 , 1000 , 790.061 , 0 , 0 , 0
4904 , 0 , 1000 , 789.745 , 0 , 0 , 0
4905 , 0 , 1000 , 789.429 , 0 , 0 , 0
4906 , 0 , 1000 , 789.113 , 0 , 0 , 0
4907 , 0 , 1000 , 788.798 , 0 , 0 , 0
4908 , 0 , 1000 , 788.483 , 0 , 0 , 0
4909 , 0 , 1000 , 788.168 , 0 , 0 , 0
4910 , 0 , 1000 , 787.854 , 0 , 0 , 0
4911 , 0 , 1000 , 787.54 , 0 , 0 , 0
4912 , 0 , 1000 , 787.226 , 0 , 0 , 0
4913 , 0 , 1000 , 786.913 , 0 , 0 , 0
4914 , 0 , 1000 , 786.6 , 0 , 0 , 0
4915 , 0 , 1000 , 786.287 , 0 , 0 , 0
4916 , 0 , 1000 , 785.975 , 0 , 0 , 0
4917 , 0 , 1000 , 785.663 , 0 , 0 , 0
4918 , 0 , 1000 , 785.352 , 0 , 0 , 0
4919 , 0 , 1000 , 785.04 , 0 , 0 , 0
4920 , 0 , 1000 , 784.73 , 0 , 0 , 0
4921 , 0 , 1000 , 784.419 , 0 , 0 , 0
4922 , 0 , 1000 , 784.109 , 0 , 0 , 0
4923 , 0 , 1000 , 783.799 , 0 , 0 , 0
4924 , 0 , 1000 , 783.49 , 0 , 0 , 0
4925 , 0 , 1000 , 783.181 , 0 , 0 , 0
4926 , 0 , 1000 , 782.872 , 0 , 0 , 0
4927 , 0 , 1000 , 782.564 , 0 , 0 , 0
4928 , 0 , 1000 , 782.256 , 0 , 0 , 0
4929 , 0 , 1000 , 781.948 , 0 , 0 , 0
4930 , 0 , 1000 , 781.641 , 0 , 0 , 0
4931 , 0 , 1000 , 781.334 , 0 , 0 , 0
4932 , 0 , 1000 , 781.027 , 0 , 0 , 0
4933 , 0 , 1000 , 780.721 , 0 , 0 , 0
4934 , 0 , 1000 , 780.415 , 0 , 0 , 0
4935 , 0 , 1000 , 780.11 , 0 , 0 , 0
4936 , 0 , 1000 , 779.805 , 0 , 0 , 0
4937 , 0 , 1000 , 779.5 , 0 , 0 , 0
4938 , 0 , 1000 , 779.195 , 0 , 0 , 0
4939 , 0 , 1000 , 778.891 , 0 , 0 , 0
4940 , 0 , 1000 , 778.588 , 0 , 0 , 0
4941 , 0 , 1000 , 778.284 , 0 , 0 , 0
4942 , 0 , 1000 , 777.981 , 0 , 0 , 0
4943 , 0 , 1000 , 777.679 , 0 , 0 , 0
4944 , 0 , 1000 , 777.376 , 0 , 0 , 0
4945 , 0 , 1000 , 777.075 , 0 , 0 , 0
4946 , 0 , 1000 , 776.773 , 0 , 0 , 0
4947 , 0 , 1000 , 776.472 , 0 , 0 , 0
4948 , 0 , 1000 , 776.171 , 0 , 0 , 0
4949 , 0 , 1000 , 775.87 , 0 , 0 , 0
4950 , 0 , 1000 , 775.57 , 0 , 0 , 0
4951 , 0 , 1000 , 775.271 , 0 , 0 , 0
4952 , 0 , 1000 , 774.971 , 0 , 0 , 0
4953 , 0 , 1000 , 774.672 , 0 , 0 , 0
4954 , 0 , 1000 , 774.373 , 0 , 0 , 0
4955 , 0 , 1000 , 774.075 , 0 , 0 , 0
4956 , 0 , 1000 , 773.777 , 0 , 0 , 0
4957 , 0 , 1000 , 773.479 , 0 , 0 , 0
4958 , 0 , 1000 , 773.182 , 0 , 0 , 0
4959 , 0 , 1000 , 772.885 , 0 , 0 , 0
4960 , 0 , 1000 , 772.589 , 0 , 0 , 0
4961 , 0 , 1000 , 772.292 , 0 , 0 , 0
4962 , 0 , 1000 , 771.997 , 0 , 0 , 0
4963 , 0 , 1000 , 771.701 , 0 , 0 , 0
4964 , 0 , 1000 , 771.406 , 0 , 0 , 0
4965 , 0 , 1000 , 771.111 , 0 , 0 , 0
4966 , 0 , 1000 , 770.817 , 0 , 0 , 0
4967 , 0 , 1000 , 770.522 , 0 , 0 , 0
4968 , 0 , 1000 , 770.229 , 0 , 0 , 0
4969 , 0 , 1000 , 769.935 , 0 , 0 , 0
4970 , 0 , 1000 , 769.642 , 0 , 0 , 0
4971 , 0 , 1000 , 769.35 , 0 , 0 , 0
4972 , 0 , 1000 , 769.057 , 0 , 0 , 0
4973 , 0 , 1000 , 768.765 , 0 , 0 , 0
4974 , 0 , 1000 , 768.474 , 0 , 0 , 0
4975 , 0 , 1000 , 768.182 , 0 , 0 , 0
4976 , 0 , 1000 , 767.892 , 0 , 0 , 0
4977 , 0 , 1000 , 767.601 , 0 , 0 , 0
4978 , 0 , 1000 , 767.311 , 0 , 0 , 0
4979 , 0 , 1000 , 767.021 , 0 , 0 , 0
4980 , 0 , 1000 , 766.731 , 0 , 0 , 0
4981 , 0 , 1000 , 766.442 , 0 , 0 , 0
4982 , 0 , 1000 , 766.153 , 0 , 0 , 0
4983 , 0 , 1000 , 765.865 , 0 , 0 , 0
4984 , 0 , 1000 , 765.577 , 0 , 0 , 0
4985 , 0 , 1000 , 765.289 , 0 , 0 , 0
4986 , 0 , 1000 , 765.002 , 0 , 0 , 0
4987 , 0 , 1000 , 764.715 , 0 , 0 , 0
4988 , 0 , 1000 , 764.428 , 0 , 0 , 0
4989 , 0 , 1000 , 764.142 , 0 , 0 , 0
4990 , 0 , 1000 , 763.856 , 0 , 0 , 0
4991 , 0 , 1000 , 763.57 , 0 , 0 , 0
4992 , 0 , 1000 , 763.285 , 0 , 0 , 0
4993 , 0 , 1000 , 763 , 0 , 0 , 0
4994 , 0 , 1000 , 762.716 , 0 , 0 , 0
4995 , 0 , 1000 , 762.432 , 0 , 0 , 0
4996 , 0 , 1000 , 762.148 , 0 , 0 , 0
4997 , 0 , 1000 , 761.864 , 0 , 0 , 0
4998 , 0 , 1000 , 761.581 , 0 , 0 , 0
4999 , 0 , 1000 , 761.299 , 0 , 0 , 0
5000 , 0 , 1000 , 761.016 , 0 , 0 , 0
5001 , 0 , 1000 , 760.734 , 0 , 0 , 0
5002 , 0 , 1000 , 760.453 , 0 , 0 , 0
5003 , 0 , 1000 , 760.171 , 0 , 0 , 0
5004 , 0 , 1000 , 759.89 , 0 , 0 , 0
5005 , 0 , 1000 , 759.61 , 0 , 0 , 0
5006 , 0 , 1000 , 759.33 , 0 , 0 , 0
5007 , 0 , 1000 , 759.05 , 0 , 0 , 0
5008 , 0 , 1000 , 758.77 , 0 , 0 , 0
5009 , 0 , 1000 , 758.491 , 0 , 0 , 0
5010 , 0 , 1000 , 758.212 , 0 , 0 , 0
5011 , 0 , 1000 , 757.934 , 0 , 0 , 0
5012 , 0 , 1000 , 757.656 , 0 , 0 , 0
5013 , 0 , 1000 , 757.378 , 0 , 0 , 0
5014 , 0 , 1000 , 757.101 , 0 , 0 , 0
5015 , 0 , 1000 , 756.824 , 0 , 0 , 0
5016 , 0 , 1000 , 756.547 , 0 , 0 , 0
5017 , 0 , 1000 , 756.271 , 0 , 0 , 0
5018 , 0 , 1000 , 755.995 , 0 , 0 , 0
5019 , 0 , 1000 , 755.72 , 0 , 0 , 0
5020 , 0 , 1000 , 755.445 , 0 , 0 , 0
5021 , 0 , 1000 , 755.17 , 0 , 0 , 0
5022 , 0 , 1000 , 754.896 , 0 , 0 , 0
5023 , 0 , 1000 , 754.622 , 0 , 0 , 0
5024 , 0 , 1000 , 754.348 , 0 , 0 , 0
5025 , 0 , 1000 , 754.075 , 0 , 0 , 0
5026 , 0 , 1000 , 753.802 , 0 , 0 , 0
5027 , 0 , 1000 , 753.529 , 0 , 0 , 0
5028 , 0 , 1000 , 753.257 , 0 , 0 , 0
5029 , 0 , 1000 , 752.985 , 0 , 0 , 0
5030 , 0 , 1000 , 752.714 , 0 , 0 , 0
5031 , 0 , 1000 , 752.443 , 0 , 0 , 0
5032 , 0 , 1000 , 752.172 , 0 , 0 , 0
5033 , 0 , 1000 , 751.902 , 0 , 0 , 0
5034 , 0 , 1000 , 751.632 , 0 , 0 , 0
5035 , 0 , 1000 , 751.362 , 0 , 0 , 0
5036 , 0 , 1000 , 751.093 , 0 , 0 , 0
5037 , 0 , 1000 , 750.824 , 0 , 0 , 0
5038 , 0 , 1000 , 750.556 , 0 , 0 , 0
5039 , 0 , 1000 , 750.288 , 0 , 0 , 0
5040 , 0 , 1000 , 750.02 , 0 , 0 , 0
5041 , 0 , 1000 , 749.753 , 0 , 0 , 0
5042 , 0 , 1000 , 749.486 , 0 , 0 , 0
5043 , 0 , 1000 , 749.219 , 0 , 0 , 0
5044 , 0 , 1000 , 748.953 , 0 , 0 , 0
5045 , 0 , 1000 , 748.688 , 0 , 0 , 0
5046 , 0 , 1000 , 748.422 , 0 , 0 , 0
5047 , 0 , 1000 , 748.157 , 0 , 0 , 0
5048 , 0 , 1000 , 747.893 , 0 , 0 , 0
5049 , 0 , 1000 , 747.628 , 0 , 0 , 0
5050 , 0 , 1000 , 747.365 , 0 , 0 , 0
5051 , 0 , 1000 , 747.101 , 0 , 0 , 0
5052 , 0 , 1000 , 746.838 , 0 , 0 , 0
5053 , 0 , 1000 , 746.575 , 0 , 0 , 0
5054 , 0 , 1000 , 746.313 , 0 , 0 , 0
5055 , 0 , 1000 , 746.051 , 0 , 0 , 0
5056 , 0 , 1000 , 745.79 , 0 , 0 , 0
5057 , 0 , 1000 , 745.528 , 0 , 0 , 0
5058 , 0 , 1000 , 745.268 , 0 , 0 , 0
5059 , 0 , 1000 , 745.007 , 0 , 0 , 0
5060 , 0 , 1000 , 744.747 , 0 , 0 , 0
5061 , 0 , 1000 , 744.488 , 0 , 0 , 0
5062 , 0 , 1000 , 744.229 , 0 , 0 , 0
5063 , 0 , 1000 , 743.97 , 0 , 0 , 0
5064 , 0 , 1000 , 743.711 , 0 , 0 , 0
5065 , 0 , 1000 , 743.453 , 0 , 0 , 0
5066 , 0 , 1000 , 743.196 , 0 , 0 , 0
5067 , 0 , 1000 , 742.938 , 0 , 0 , 0
5068 , 0 , 1000 , 742.682 , 0 , 0 , 0
5069 , 0 , 1000 , 742.425 , 0 , 0 , 0
5070 , 0 , 1000 , 742.169 , 0 , 0 , 0
5071 , 0 , 1000 , 741.914 , 0 , 0 , 0
5072 , 0 , 1000 , 741.658 , 0 , 0 , 0
5073 , 0 , 1000 , 741.403 , 0 , 0 , 0
5074 , 0 , 1000 , 741.149 , 0 , 0 , 0
5075 , 0 , 1000 , 740.895 , 0 , 0 , 0
5076 , 0 , 1000 , 740.641 , 0 , 0 , 0
5077 , 0 , 1000 , 740.388 , 0 , 0 , 0
5078 , 0 , 1000 , 740.135 , 0 , 0 , 0
5079 , 0 , 1000 , 739.882 , 0 , 0 , 0
5080 , 0 , 1000 , 739.63 , 0 , 0 , 0
5081 , 0 , 1000 , 739.378 , 0 , 0 , 0
5082 , 0 , 1000 , 739.127 , 0 , 0 , 0
5083 , 0 , 1000 , 738.876 , 0 , 0 , 0
5084 , 0 , 1000 , 738.626 , 0 , 0 , 0
5085 , 0 , 1000 , 738.375 , 0 , 0 , 0
5086 , 0 , 1000 , 738.126 , 0 , 0 , 0
5087 , 0 , 1000 , 737.876 , 0 , 0 , 0
5088 , 0 , 1000 , 737.627 , 0 , 0 , 0
5089 , 0 , 1000 , 737.379 , 0 , 0 , 0
5090 , 0 , 1000 , 737.13 , 0 , 0 , 0
5091 , 0 , 1000 , 736.883 , 0 , 0 , 0
5092 , 0 , 1000 , 736.635 , 0 , 0 , 0
5093 , 0 , 1000 , 736.388 , 0 , 0 , 0
5094 , 0 , 1000 , 736.142 , 0 , 0 , 0
5095 , 0 , 1000 , 735.896 , 0 , 0 , 0
5096 , 0 , 1000 , 735.65 , 0 , 0 , 0
5097 , 0 , 1000 , 735.404 , 0 , 0 , 0
5098 , 0 , 1000 , 735.159 , 0 , 0 , 0
5099 , 0 , 1000 , 734.915 , 0 , 0 , 0
5100 , 0 , 1000 , 734.67 , 0 , 0 , 0
5101 , 0 , 1000 , 734.427 , 0 , 0 , 0
5102 , 0 , 1000 , 734.183 , 0 , 0 , 0
5103 , 0 , 1000 , 733.94 , 0 , 0 , 0
5104 , 0 , 1000 , 733.698 , 0 , 0 , 0
5105 , 0 , 1000 , 733.455 , 0 , 0 , 0
5106 , 0 , 1000 , 733.214 , 0 , 0 , 0
5107 , 0 , 1000 , 732.972 , 0 , 0 , 0
5108 , 0 , 1000 , 732.731 , 0 , 0 , 0
5109 , 0 , 1000 , 732.49 , 0 , 0 , 0
5110 , 0 , 1000 , 732.25 , 0 , 0 , 0
5111 , 0 , 1000 , 732.01 , 0 , 0 , 0
5112 , 0 , 1000 , 731.771 , 0 , 0 , 0
5113 , 0 , 1000 , 731.532 , 0 , 0 , 0
5114 , 0 , 1000 , 731.293 , 0 , 0 , 0
5115 , 0 , 1000 , 731.055 , 0 , 0 , 0
5116 , 0 , 1000 , 730.817 , 0 , 0 , 0
5117 , 0 , 1000 , 730.579 , 0 , 0 , 0
5118 , 0 , 1000 , 730.342 , 0 , 0 , 0
5119 , 0 , 1000 , 730.106 , 0 , 0 , 0
5120 , 0 , 1000 , 729.869 , 0 , 0 , 0
5121 , 0 , 1000 , 729.633 , 0 , 0 , 0
5122 , 0 , 1000 , 729.398 , 0 , 0 , 0
5123 , 0 , 1000 , 729.163 , 0 , 0 , 0
5124 , 0 , 1000 , 728.928 , 0 , 0 , 0
5125 , 0 , 1000 , 728.694 , 0 , 0 , 0
5126 , 0 , 1000 , 728.46 , 0 , 0 , 0
5127 , 0 , 1000 , 728.226 , 0 , 0 , 0
5128 , 0 , 1000 , 727.993 , 0 , 0 , 0
5129 , 0 , 1000 , 727.76 , 0 , 0 , 0
5130 , 0 , 1000 , 727.528 , 0 , 0 , 0
5131 , 0 , 1000 , 727.296 , 0 , 0 , 0
5132 , 0 , 1000 , 727.064 , 0 , 0 , 0
5133 , 0 , 1000 , 726.833 , 0 , 0 , 0
5134 , 0 , 1000 , 726.602 , 0 , 0 , 0
5135 , 0 , 1000 , 726.372 , 0 , 0 , 0
5136 , 0 , 1000 , 726.142 , 0 , 0 , 0
5137 , 0 , 1000 , 725.912 , 0 , 0 , 0
5138 , 0 , 1000 , 725.683 , 0 , 0 , 0
5139 , 0 , 1000 , 725.454 , 0 , 0 , 0
5140 , 0 , 1000 , 725.226 , 0 , 0 , 0
5141 , 0 , 1000 , 724.998 , 0 , 0 , 0
5142 , 0 , 1000 , 724.77 , 0 , 0 , 0
5143 , 0 , 1000 , 724.543 , 0 , 0 , 0
5144 , 0 , 1000 , 724.316 , 0 , 0 , 0
5145 , 0 , 1000 , 724.089 , 0 , 0 , 0
5146 , 0 , 1000 , 723.863 , 0 , 0 , 0
5147 , 0 , 1000 , 723.638 , 0 , 0 , 0
5148 , 0 , 1000 , 723.412 , 0 , 0 , 0
5149 , 0 , 1000 , 723.187 , 0 , 0 , 0
5150 , 0 , 1000 , 722.962 , 0 , 0 , 0
5151 , 0 , 1000 , 722.738 , 0 , 0 , 0
5152 , 0 , 1000 , 722.514 , 0 , 0 , 0
5153 , 0 , 1000 , 722.291 , 0 , 0 , 0
5154 , 0 , 1000 , 722.068 , 0 , 0 , 0
5155 , 0 , 1000 , 721.845 , 0 , 0 , 0
5156 , 0 , 1000 , 721.622 , 0 , 0 , 0
5157 , 0 , 1000 , 721.4 , 0 , 0 , 0
5158 , 0 , 1000 , 721.178 , 0 , 0 , 0
5159 , 0 , 1000 , 720.957 , 0 , 0 , 0
5160 , 0 , 1000 , 720.736 , 0 , 0 , 0
5161 , 0 , 1000 , 720.515 , 0 , 0 , 0
5162 , 0 , 1000 , 720.295 , 0 , 0 , 0
5163 , 0 , 1000 , 720.075 , 0 , 0 , 0
5164 , 0 , 1000 , 719.855 , 0 , 0 , 0
5165 , 0 , 1000 , 719.636 , 0 , 0 , 0
5166 , 0 , 1000 , 719.417 , 0 , 0 , 0
5167 , 0 , 1000 , 719.198 , 0 , 0 , 0
5168 , 0 , 1000 , 718.98 , 0 , 0 , 0
5169 , 0 , 1000 , 718.762 , 0 , 0 , 0
5170 , 0 , 1000 , 718.544 , 0 , 0 , 0
5171 , 0 , 1000 , 718.327 , 0 , 0 , 0
5172 , 0 , 1000 , 718.11 , 0 , 0 , 0
5173 , 0 , 1000 , 717.894 , 0 , 0 , 0
5174 , 0 , 1000 , 717.677 , 0 , 0 , 0
5175 , 0 , 1000 , 717.461 , 0 , 0 , 0
5176 , 0 , 1000 , 717.246 , 0 , 0 , 0
5177 , 0 , 1000 , 717.03 , 0 , 0 , 0
5178 , 0 , 1000 , 716.815 , 0 , 0 , 0
5179 , 0 , 1000 , 716.6 , 0 , 0 , 0
5180 , 0 , 1000 , 716.386 , 0 , 0 , 0
5181 , 0 , 1000 , 716.172 , 0 , 0 , 0
5182 , 0 , 1000 , 715.958 , 0 , 0 , 0
5183 , 0 , 1000 , 715.745 , 0 , 0 , 0
5184 , 0 , 1000 , 715.532 , 0 , 0 , 0
5185 , 0 , 1000 , 715.319 , 0 , 0 , 0
5186 , 0 , 1000 , 715.106 , 0 , 0 , 0
5187 , 0 , 1000 , 714.894 , 0 , 0 , 0
5188 , 0 , 1000 , 714.682 , 0 , 0 , 0
5189 , 0 , 1000 , 714.47 , 0 , 0 , 0
5190 , 0 , 1000 , 714.259 , 0 , 0 , 0
5191 , 0 , 1000 , 714.048 , 0 , 0 , 0
5192 , 0 , 1000 , 713.837 , 0 , 0 , 0
5193 , 0 , 1000 , 713.627 , 0 , 0 , 0
5194 , 0 , 1000 , 713.417 , 0 , 0 , 0
5195 , 0 , 1000 , 713.207 , 0 , 0 , 0
5196 , 0 , 1000 , 712.998 , 0 , 0 , 0
5197 , 0 , 1000 , 712.789 , 0 , 0 , 0
5198 , 0 , 1000 , 712.58 , 0 , 0 , 0
5199 , 0 , 1000 , 712.371 , 0 , 0 , 0
5200 , 0 , 1000 , 712.163 , 0 , 0 , 0
5201 , 0 , 1000 , 711.955 , 0 , 0 , 0
5202 , 0 , 1000 , 711.747 , 0 , 0 , 0
5203 , 0 , 1000 , 711.54 , 0 , 0 , 0
5204 , 0 , 1000 , 711.333 , 0 , 0 , 0
5205 , 0 , 1000 , 711.126 , 0 , 0 , 0
5206 , 0 , 1000 , 710.92 , 0 , 0 , 0
5207 , 0 , 1000 , 710.714 , 0 , 0 , 0
5208 , 0 , 1000 , 710.508 , 0 , 0 , 0
5209 , 0 , 1000 , 710.302 , 0 , 0 , 0
5210 , 0 , 1000 , 710.097 , 0 , 0 , 0
5211 , 0 , 1000 , 709.892 , 0 , 0 , 0
5212 , 0 , 1000 , 709.688 , 0 , 0 , 0
5213 , 0 , 1000 , 709.483 , 0 , 0 , 0
5214 , 0 , 1000 , 709.279 , 0 , 0 , 0
5215 , 0 , 1000 , 709.075 , 0 , 0 , 0
5216 , 0 , 1000 , 708.872 , 0 , 0 , 0
5217 , 0 , 1000 , 708.669 , 0 , 0 , 0
5218 , 0 , 1000 , 708.466 , 0 , 0 , 0
5219 , 0 , 1000 , 708.264 , 0 , 0 , 0
5220 , 0 , 1000 , 708.062 , 0 , 0 , 0
5221 , 0 , 1000 , 707.86 , 0 , 0 , 0
5222 , 0 , 1000 , 707.658 , 0 , 0 , 0
5223 , 0 , 1000 , 707.457 , 0 , 0 , 0
5224 , 0 , 1000 , 707.256 , 0 , 0 , 0
5225 , 0 , 1000 , 707.056 , 0 , 0 , 0
5226 , 0 , 1000 , 706.855 , 0 , 0 , 0
5227 , 0 , 1000 , 706.655 , 0 , 0 , 0
5228 , 0 , 1000 , 706.456 , 0 , 0 , 0
5229 , 0 , 1000 , 706.257 , 0 , 0 , 0
5230 , 0 , 1000 , 706.058 , 0 , 0 , 0
5231 , 0 , 1000 , 705.859 , 0 , 0 , 0
5232 , 0 , 1000 , 705.661 , 0 , 0 , 0
5233 , 0 , 1000 , 705.463 , 0 , 0 , 0
5234 , 0 , 1000 , 705.265 , 0 , 0 , 0
5235 , 0 , 1000 , 705.068 , 0 , 0 , 0
5236 , 0 , 1000 , 704.871 , 0 , 0 , 0
5237 , 0 , 1000 , 704.674 , 0 , 0 , 0
5238 , 0 , 1000 , 704.478 , 0 , 0 , 0
5239 , 0 , 1000 , 704.281 , 0 , 0 , 0
5240 , 0 , 1000 , 704.086 , 0 , 0 , 0
5241 , 0 , 1000 , 703.89 , 0 , 0 , 0
5242 , 0 , 1000 , 703.695 , 0 , 0 , 0
5243 , 0 , 1000 , 703.501 , 0 , 0 , 0
5244 , 0 , 1000 , 703.306 , 0 , 0 , 0
5245 , 0 , 1000 , 703.112 , 0 , 0 , 0
5246 , 0 , 1000 , 702.918 , 0 , 0 , 0
5247 , 0 , 1000 , 702.725 , 0 , 0 , 0
5248 , 0 , 1000 , 702.532 , 0 , 0 , 0
5249 , 0 , 1000 , 702.339 , 0 , 0 , 0
5250 , 0 , 1000 , 702.147 , 0 , 0 , 0
5251 , 0 , 1000 , 701.955 , 0 , 0 , 0
5252 , 0 , 1000 , 701.763 , 0 , 0 , 0
5253 , 0 , 1000 , 701.572 , 0 , 0 , 0
5254 , 0 , 1000 , 701.38 , 0 , 0 , 0
5255 , 0 , 1000 , 701.19 , 0 , 0 , 0
5256 , 0 , 1000 , 700.999 , 0 , 0 , 0
5257 , 0 , 1000 , 700.809 , 0 , 0 , 0
5258 , 0 , 1000 , 700.619 , 0 , 0 , 0
5259 , 0 , 1000 , 700.43 , 0 , 0 , 0
5260 , 0 , 1000 , 700.241 , 0 , 0 , 0
5261 , 0 , 1000 , 700.052 , 0 , 0 , 0
5262 , 0 , 1000 , 699.863 , 0 , 0 , 0
5263 , 0 , 1000 , 699.675 , 0 , 0 , 0
5264 , 0 , 1000 , 699.487 , 0 , 0 , 0
5265 , 0 , 1000 , 699.3 , 0 , 0 , 0
5266 , 0 , 1000 , 699.113 , 0 , 0 , 0
5267 , 0 , 1000 , 698.926 , 0 , 0 , 0
5268 , 0 , 1000 , 698.739 , 0 , 0 , 0
5269 , 0 , 1000 , 698.553 , 0 , 0 , 0
5270 , 0 , 1000 , 698.367 , 0 , 0 , 0
5271 , 0 , 1000 , 698.182 , 0 , 0 , 0
5272 , 0 , 1000 , 697.997 , 0 , 0 , 0
5273 , 0 , 1000 , 697.812 , 0 , 0 , 0
5274 , 0 , 1000 , 697.627 , 0 , 0 , 0
5275 , 0 , 1000 , 697.443 , 0 , 0 , 0
5276 , 0 , 1000 , 697.259 , 0 , 0 , 0
5277 , 0 , 1000 , 697.075 , 0 , 0 , 0
5278 , 0 , 1000 , 696.892 , 0 , 0 , 0
5279 , 0 , 1000 , 696.709 , 0 , 0 , 0
5280 , 0 , 1000 , 696.526 , 0 , 0 , 0
5281 , 0 , 1000 , 696.344 , 0 , 0 , 0
5282 , 0 , 1000 , 696.162 , 0 , 0 , 0
5283 , 0 , 1000 , 695.98 , 0 , 0 , 0
5284 , 0 , 1000 , 695.799 , 0 , 0 , 0
5285 , 0 , 1000 , 695.617 , 0 , 0 , 0
5286 , 0 , 1000 , 695.437 , 0 , 0 , 0
5287 , 0 , 1000 , 695.256 , 0 , 0 , 0
5288 , 0 , 1000 , 695.076 , 0 , 0 , 0
5289 , 0 , 1000 , 694.896 , 0 , 0 , 0
5290 , 0 , 1000 , 694.716 , 0 , 0 , 0
5291 , 0 , 1000 , 694.537 , 0 , 0 , 0
5292 , 0 , 1000 , 694.358 , 0 , 0 , 0
5293 , 0 , 1000 , 694.18 , 0 , 0 , 0
5294 , 0 , 1000 , 694.001 , 0 , 0 , 0
5295 , 0 , 1000 , 693.823 , 0 , 0 , 0
5296 , 0 , 1000 , 693.645 , 0 , 0 , 0
5297 , 0 , 1000 , 693.468 , 0 , 0 , 0
5298 , 0 , 1000 , 693.291 , 0 , 0 , 0
5299 , 0 , 1000 , 693.114 , 0 , 0 , 0
5300 , 0 , 1000 , 692.937 , 0 , 0 , 0
5301 , 0 , 1000 , 692.761 , 0 , 0 , 0
5302 , 0 , 1000 , 692.585 , 0 , 0 , 0
5303 , 0 , 1000 , 692.409 , 0 , 0 , 0
5304 , 0 , 1000 , 692.234 , 0 , 0 , 0
5305 , 0 , 1000 , 692.059 , 0 , 0 , 0
5306 , 0 , 1000 , 691.884 , 0 , 0 , 0
5307 , 0 , 1000 , 691.709 , 0 , 0 , 0
5308 , 0 , 1000 , 691.535 , 0 , 0 , 0
5309 , 0 , 1000 , 691.361 , 0 , 0 , 0
5310 , 0 , 1000 , 691.188 , 0 , 0 , 0
5311 , 0 , 1000 , 691.014 , 0 , 0 , 0
5312 , 0 , 1000 , 690.841 , 0 , 0 , 0
5313 , 0 , 1000 , 690.668 , 0 , 0 , 0
5314 , 0 , 1000 , 690.496 , 0 , 0 , 0
5315 , 0 , 1000 , 690.324 , 0 , 0 , 0
5316 , 0 , 1000 , 690.152 , 0 , 0 , 0
5317 , 0 , 1000 , 689.98 , 0 , 0 , 0
5318 , 0 , 1000 , 689.809 , 0 , 0 , 0
5319 , 0 , 1000 , 689.638 , 0 , 0 , 0
5320 , 0 , 1000 , 689.467 , 0 , 0 , 0
5321 , 0 , 1000 , 689.296 , 0 , 0 , 0
5322 , 0 , 1000 , 689.126 , 0 , 0 , 0
5323 , 0 , 1000 , 688.956 , 0 , 0 , 0
5324 , 0 , 1000 , 688.786 , 0 , 0 , 0
5325 , 0 , 1000 , 688.617 , 0 , 0 , 0
5326 , 0 , 1000 , 688.448 , 0 , 0 , 0
5327 , 0 , 1000 , 688.279 , 0 , 0 , 0
5328 , 0 , 1000 , 688.11 , 0 , 0 , 0
5329 , 0 , 1000 , 687.942 , 0 , 0 , 0
5330 , 0 , 1000 , 687.774 , 0 , 0 , 0
5331 , 0 , 1000 , 687.606 , 0 , 0 , 0
5332 , 0 , 1000 , 687.439 , 0 , 0 , 0
5333 , 0 , 1000 , 687.271 , 0 , 0 , 0
5334 , 0 , 1000 , 687.104 , 0 , 0 , 0
5335 , 0 , 1000 , 686.938 , 0 , 0 , 0
5336 , 0 , 1000 , 686.771 , 0 , 0 , 0
5337 , 0 , 1000 , 686.605 , 0 , 0 , 0
5338 , 0 , 1000 , 686.439 , 0 , 0 , 0
5339 , 0 , 1000 , 686.273 , 0 , 0 , 0
5340 , 0 , 1000 , 686.108 , 0 , 0 , 0
5341 , 0 , 1000 , 685.943 , 0 , 0 , 0
5342 , 0 , 1000 , 685.778 , 0 , 0 , 0
5343 , 0 , 1000 , 685.613 , 0 , 0 , 0
5344 , 0 , 1000 , 685.449 , 0 , 0 , 0
5345 , 0 , 1000 , 685.285 , 0 , 0 , 0
5346 , 0 , 1000 , 685.121 , 0 , 0 , 0
5347 , 0 , 1000 , 684.957 , 0 , 0 , 0
5348 , 0 , 1000 , 684.794 , 0 , 0 , 0
5349 , 0 , 1000 , 684.631 , 0 , 0 , 0
5350 , 0 , 1000 , 684.468 , 0 , 0 , 0
5351 , 0 , 1000 , 684.305 , 0 , 0 , 0
5352 , 0 , 1000 , 684.143 , 0 , 0 , 0
5353 , 0 , 1000 , 683.981 , 0 , 0 , 0
5354 , 0 , 1000 , 683.819 , 0 , 0 , 0
5355 , 0 , 1000 , 683.657 , 0 , 0 , 0
5356 , 0 , 1000 , 683.496 , 0 , 0 , 0
5357 , 0 , 1000 , 683.335 , 0 , 0 , 0
5358 , 0 , 1000 , 683.174 , 0 , 0 , 0
5359 , 0 , 1000 , 683.013 , 0 , 0 , 0
5360 , 0 , 1000 , 682.852 , 0 , 0 , 0
5361 , 0 , 1000 , 682.692 , 0 , 0 , 0
5362 , 0 , 1000 , 682.532 , 0 , 0 , 0
5363 , 0 , 1000 , 682.373 , 0 , 0 , 0
5364 , 0 , 1000 , 682.213 , 0 , 0 , 0
5365 , 0 , 1000 , 682.054 , 0 , 0 , 0
5366 , 0 , 1000 , 681.895 , 0 , 0 , 0
5367 , 0 , 1000 , 681.736 , 0 , 0 , 0
5368 , 0 , 1000 , 681.577 , 0 , 0 , 0
5369 , 0 , 1000 , 681.419 , 0 , 0 , 0
5370 , 0 , 1000 , 681.261 , 0 , 0 , 0
5371 , 0 , 1000 , 681.103 , 0 , 0 , 0
5372 , 0 , 1000 , 680.945 , 0 , 0 , 0
5373 , 0 , 1000 , 680.788 , 0 , 0 , 0
5374 , 0 , 1000 , 680.631 , 0 , 0 , 0
5375 , 0 , 1000 , 680.474 , 0 , 0 , 0
5376 , 0 , 1000 , 680.317 , 0 , 0 , 0
5377 , 0 , 1000 , 680.161 , 0 , 0 , 0
5378 , 0 , 1000 , 680.004 , 0 , 0 , 0
5379 , 0 , 1000 , 679.848 , 0 , 0 , 0
5380 , 0 , 1000 , 679.693 , 0 , 0 , 0
5381 , 0 , 1000 , 679.537 , 0 , 0 , 0
5382 , 0 , 1000 , 679.381 , 0 , 0 , 0
5383 , 0 , 1000 , 679.226 , 0 , 0 , 0
5384 , 0 , 1000 , 679.071 , 0 , 0 , 0
5385 , 0 , 1000 , 678.916 , 0 , 0 , 0
5386 , 0 , 1000 , 678.762 , 0 , 0 , 0
5387 , 0 , 1000 , 678.608 , 0 , 0 , 0
5388 , 0 , 1000 , 678.453 , 0 , 0 , 0
5389 , 0 , 1000 , 678.299 , 0 , 0 , 0
5390 , 0 , 1000 , 678.146 , 0 , 0 , 0
5391 , 0 , 1000 , 677.992 , 0 , 0 , 0
5392 , 0 , 1000 , 677.839 , 0 , 0 , 0
5393 , 0 , 1000 , 677.686 , 0 , 0 , 0
5394 , 0 , 1000 , 677.533 , 0 , 0 , 0
5395 , 0 , 1000 , 677.38 , 0 , 0 , 0
5396 , 0 , 1000 , 677.227 , 0 , 0 , 0
5397 , 0 , 1000 , 677.075 , 0 , 0 , 0
5398 , 0 , 1000 , 676.923 , 0 , 0 , 0
5399 , 0 , 1000 , 676.771 , 0 , 0 , 0
5400 , 0 , 1000 , 676.619 , 0 , 0 , 0
5401 , 0 , 1000 , 676.468 , 0 , 0 , 0
5402 , 0 , 1000 , 676.317 , 0 , 0 , 0
5403 , 0 , 1000 , 676.165 , 0 , 0 , 0
5404 , 0 , 1000 , 676.014 , 0 , 0 , 0
5405 , 0 , 1000 , 675.864 , 0 , 0 , 0
5406 , 0 , 1000 , 675.713 , 0 , 0 , 0
5407 , 0 , 1000 , 675.563 , 0 , 0 , 0
5408 , 0 , 1000 , 675.412 , 0 , 0 , 0
5409 , 0 , 1000 , 675.262 , 0 , 0 , 0
5410 , 0 , 1000 , 675.113 , 0 , 0 , 0
5411 , 0 , 1000 , 674.963 , 0 , 0 , 0
5412 , 0 , 1000 , 674.813 , 0 , 0 , 0
5413 , 0 , 1000 , 674.664 , 0 , 0 , 0
5414 , 0 , 1000 , 674.515 , 0 , 0 , 0
5415 , 0 , 1000 , 674.366 , 0 , 0 , 0
5416 , 0 , 1000 , 674.217 , 0 , 0 , 0
5417 , 0 , 1000 , 674.069 , 0 , 0 , 0
5418 , 0 , 1000 , 673.92 , 0 , 0 , 0
5419 , 0 , 1000 , 673.772 , 0 , 0 , 0
5420 , 0 , 1000 , 673.624 , 0 , 0 , 0
5421 , 0 , 1000 , 673.476 , 0 , 0 , 0
5422 , 0 , 1000 , 673.328 , 0 , 0 , 0
5423 , 0 , 1000 , 673.181 , 0 , 0 , 0
5424 , 0 , 1000 , 673.033 , 0 , 0 , 0
5425 , 0 , 1000 , 672.886 , 0 , 0 , 0
5426 , 0 , 1000 , 672.739 , 0 , 0 , 0
5427 , 0 , 1000 , 672.592 , 0 , 0 , 0
5428 , 0 , 1000 , 672.446 , 0 , 0 , 0
5429 , 0 , 1000 , 672.299 , 0 , 0 , 0
5430 , 0 , 1000 , 672.153 , 0 , 0 , 0
5431 , 0 , 1000 , 672.007 , 0 , 0 , 0
5432 , 0 , 1000 , 671.861 , 0 , 0 , 0
5433 , 0 , 1000 , 671.715 , 0 , 0 , 0
5434 , 0 , 1000 , 671.569 , 0 , 0 , 0
5435 , 0 , 1000 , 671.424 , 0 , 0 , 0
5436 , 0 , 1000 , 671.278 , 0 , 0 , 0
5437 , 0 , 1000 , 671.133 , 0 , 0 , 0
5438 , 0 , 1000 , 670.988 , 0 , 0 , 0
5439 , 0 , 1000 , 670.843 , 0 , 0 , 0
5440 , 0 , 1000 , 670.698 , 0 , 0 , 0
5441 , 0 , 1000 , 670.553 , 0 , 0 , 0
5442 , 0 , 1000 , 670.409 , 0 , 0 , 0
5443 , 0 , 1000 , 670.264 , 0 , 0 , 0
5444 , 0 , 1000 , 670.12 , 0 , 0 , 0
5445 , 0 , 1000 , 669.976 , 0 , 0 , 0
5446 , 0 , 1000 , 669.832 , 0 , 0 , 0
5447 , 0 , 1000 , 669.689 , 0 , 0 , 0
5448 , 0 , 1000 , 669.545 , 0 , 0 , 0
5449 , 0 , 1000 , 669.402 , 0 , 0 , 0
5450 , 0 , 1000 , 669.258 , 0 , 0 , 0
5451 , 0 , 1000 , 669.115 , 0 , 0 , 0
5452 , 0 , 1000 , 668.972 , 0 , 0 , 0
5453 , 0 , 1000 , 668.829 , 0 , 0 , 0
5454 , 0 , 1000 , 668.687 , 0 , 0 , 0
5455 , 0 , 1000 , 668.544 , 0 , 0 , 0
5456 , 0 , 1000 , 668.402 , 0 , 0 , 0
5457 , 0 , 1000 , 668.26 , 0 , 0 , 0
5458 , 0 , 1000 , 668.117 , 0 , 0 , 0
5459 , 0 , 1000 , 667.975 , 0 , 0 , 0
5460 , 0 , 1000 , 667.834 , 0 , 0 , 0
5461 , 0 , 1000 , 667.692 , 0 , 0 , 0
5462 , 0 , 1000 , 667.55 , 0 , 0 , 0
5463 , 0 , 1000 , 667.409 , 0 , 0 , 0
5464 , 0 , 1000 , 667.267 , 0 , 0 , 0
5465 , 0 , 1000 , 667.126 , 0 , 0 , 0
5466 , 0 , 1000 , 666.985 , 0 , 0 , 0
5467 , 0 , 1000 , 666.844 , 0 , 0 , 0
5468 , 0 , 1000 , 666.703 , 0 , 0 , 0
5469 , 0 , 1000 , 666.563 , 0 , 0 , 0
5470 , 0 , 1000 , 666.422 , 0 , 0 , 0
5471 , 0 , 1000 , 666.282 , 0 , 0 , 0
5472 , 0 , 1000 , 666.141 , 0 , 0 , 0
5473 , 0 , 1000 , 666.001 , 0 , 0 , 0
5474 , 0 , 1000 , 665.861 , 0 , 0 , 0
5475 , 0 , 1000 , 665.721 , 0 , 0 , 0
5476 , 0 , 1000 , 665.581 , 0 , 0 , 0
5477 , 0 , 1000 , 665.442 , 0 , 0 , 0
5478 , 0 , 1000 , 665.302 , 0 , 0 , 0
5479 , 0 , 1000 , 665.163 , 0 , 0 , 0
5480 , 0 , 1000 , 665.023 , 0 , 0 , 0
5481 , 0 , 1000 , 664.884 , 0 , 0 , 0
5482 , 0 , 1000 , 664.745 , 0 , 0 , 0
5483 , 0 , 1000 , 664.606 , 0 , 0 , 0
5484 , 0 , 1000 , 664.467 , 0 , 0 , 0
5485 , 0 , 1000 , 664.328 , 0 , 0 , 0
5486 , 0 , 1000 , 664.19 , 0 , 0 , 0
5487 , 0 , 1000 , 664.051 , 0 , 0 , 0
5488 , 0 , 1000 , 663.913 , 0 , 0 , 0
5489 , 0 , 1000 , 663.775 , 0 , 0 , 0
5490 , 0 , 1000 , 663.636 , 0 , 0 , 0
5491 , 0 , 1000 , 663.498 , 0 , 0 , 0
5492 , 0 , 1000 , 663.36 , 0 , 0 , 0
5493 , 0 , 1000 , 663.222 , 0 , 0 , 0
5494 , 0 , 1000 , 663.085 , 0 , 0 , 0
5495 , 0 , 1000 , 662.947 , 0 , 0 , 0
5496 , 0 , 1000 , 662.81 , 0 , 0 , 0
5497 , 0 , 1000 , 662.672 , 0 , 0 , 0
5498 , 0 , 1000 , 662.535 , 0 , 0 , 0
5499 , 0 , 1000 , 662.398 , 0 , 0 , 0
5500 , 0 , 1000 , 662.26 , 0 , 0 , 0
5501 , 0 , 1000 , 662.123 , 0 , 0 , 0
5502 , 0 , 1000 , 661.986 , 0 , 0 , 0
5503 , 0 , 1000 , 661.85 , 0 , 0 , 0
5504 , 0 , 1000 , 661.713 , 0 , 0 , 0
5505 , 0 , 1000 , 661.576 , 0 , 0 , 0
5506 , 0 , 1000 , 661.44 , 0 , 0 , 0
5507 , 0 , 1000 , 661.303 , 0 , 0 , 0
5508 , 0 , 1000 , 661.167 , 0 , 0 , 0
5509 , 0 , 1000 , 661.031 , 0 , 0 , 0
5510 , 0 , 1000 , 660.895 , 0 , 0 , 0
5511 , 0 , 1000 , 660.759 , 0 , 0 , 0
5512 , 0 , 1000 , 660.623 , 0 , 0 , 0
5513 , 0 , 1000 , 660.487 , 0 , 0 , 0
5514 , 0 , 1000 , 660.351 , 0 , 0 , 0
5515 , 0 , 1000 , 660.215 , 0 , 0 , 0
5516 , 0 , 1000 , 660.08 , 0 , 0 , 0
5517 , 0 , 1000 , 659.944 , 0 , 0 , 0
5518 , 0 , 1000 , 659.809 , 0 , 0 , 0
5519 , 0 , 1000 , 659.674 , 0 , 0 , 0
5520 , 0 , 1000 , 659.538 , 0 , 0 , 0
5521 , 0 , 1000 , 659.403 , 0 , 0 , 0
5522 , 0 , 1000 , 659.268 , 0 , 0 , 0
5523 , 0 , 1000 , 659.133 , 0 , 0 , 0
5524 , 0 , 1000 , 658.998 , 0 , 0 , 0
5525 , 0 , 1000 , 658.864 , 0 , 0 , 0
5526 , 0 , 1000 , 658.729 , 0 , 0 , 0
5527 , 0 , 1000 , 658.594 , 0 , 0 , 0
5528 , 0 , 1000 , 658.46 , 0 , 0 , 0
5529 , 0 , 1000 , 658.326 , 0 , 0 , 0
5530 , 0 , 1000 , 658.191 , 0 , 0 , 0
5531 , 0 , 1000 , 658.057 , 0 , 0 , 0
5532 , 0 , 1000 , 657.923 , 0 , 0 , 0
5533 , 0 , 1000 , 657.789 , 0 , 0 , 0
5534 , 0 , 1000 , 657.655 , 0 , 0 , 0
5535 , 0 , 1000 , 657.521 , 0 , 0 , 0
5536 , 0 , 1000 , 657.387 , 0 , 0 , 0
5537 , 0 , 1000 , 657.253 , 0 , 0 , 0
5538 , 0 , 1000 , 657.12 , 0 , 0 , 0
5539 , 0 , 1000 , 656.986 , 0 , 0 , 0
5540 , 0 , 1000 , 656.853 , 0 , 0 , 0
5541 , 0 , 1000 , 656.719 , 0 , 0 , 0
5542 , 0 , 1000 , 656.586 , 0 , 0 , 0
5543 , 0 , 1000 , 656.453 , 0 , 0 , 0
5544 , 0 , 1000 , 656.319 , 0 , 0 , 0
5545 , 0 , 1000 , 656.186 , 0 , 0 , 0
5546 , 0 , 1000 , 656.053 , 0 , 0 , 0
5547 , 0 , 1000 , 655.92 , 0 , 0 , 0
5548 , 0 , 1000 , 655.788 , 0 , 0 , 0
5549 , 0 , 1000 , 655.655 , 0 , 0 , 0
5550 , 0 , 1000 , 655.522 , 0 , 0 , 0
5551 , 0 , 1000 , 655.389 , 0 , 0 , 0
5552 , 0 , 1000 , 655.257 , 0 , 0 , 0
5553 , 0 , 1000 , 655.125 , 0 , 0 , 0
5554 , 0 , 1000 , 654.992 , 0 , 0 , 0
5555 , 0 , 1000 , 654.86 , 0 , 0 , 0
5556 , 0 , 1000 , 654.728 , 0 , 0 , 0
5557 , 0 , 1000 , 654.595 , 0 , 0 , 0
5558 , 0 , 1000 , 654.463 , 0 , 0 , 0
5559 , 0 , 1000 , 654.331 , 0 , 0 , 0
5560 , 0 , 1000 , 654.199 , 0 , 0 , 0
5561 , 0 , 1000 , 654.067 , 0 , 0 , 0
5562 , 0 , 1000 , 653.936 , 0 , 0 , 0
5563 , 0 , 1000 , 653.804 , 0 , 0 , 0
5564 , 0 , 1000 , 653.672 , 0 , 0 , 0
5565 , 0 , 1000 , 653.541 , 0 , 0 , 0
5566 , 0 , 1000 , 653.409 , 0 , 0 , 0
5567 , 0 , 1000 , 653.278 , 0 , 0 , 0
5568 , 0 , 1000 , 653.146 , 0 , 0 , 0
5569 , 0 , 1000 , 653.015 , 0 , 0 , 0
5570 , 0 , 1000 , 652.884 , 0 , 0 , 0
5571 , 0 , 1000 , 652.753 , 0 , 0 , 0
5572 , 0 , 1000 , 652.622 , 0 , 0 , 0
5573 , 0 , 1000 , 652.491 , 0 , 0 , 0
5574 , 0 , 1000 , 652.36 , 0 , 0 , 0
5575 , 0 , 1000 , 652.229 , 0 , 0 , 0
5576 , 0 , 1000 , 652.098 , 0 , 0 , 0
5577 , 0 , 1000 , 651.968 , 0 , 0 , 0
5578 , 0 , 1000 , 651.837 , 0 , 0 , 0
5579 , 0 , 1000 , 651.706 , 0 , 0 , 0
5580 , 0 , 1000 , 651.576 , 0 , 0 , 0
5581 , 0 , 1000 , 651.445 , 0 , 0 , 0
5582 , 0 , 1000 , 651.315 , 0 , 0 , 0
5583 , 0 , 1000 , 651.185 , 0 , 0 , 0
5584 , 0 , 1000 , 651.055 , 0 , 0 , 0
5585 , 0 , 1000 , 650.924 , 0 , 0 , 0
5586 , 0 , 1000 , 650.794 , 0 , 0 , 0
5587 , 0 , 1000 , 650.664 , 0 , 0 , 0
5588 , 0 , 1000 , 650.534 , 0 , 0 , 0
5589 , 0 , 1000 , 650.405 , 0 , 0 , 0
5590 , 0 , 1000 , 650.275 , 0 , 0 , 0
5591 , 0 , 1000 , 650.145 , 0 , 0 , 0
5592 , 0 , 1000 , 650.016 , 0 , 0 , 0
5593 , 0 , 1000 , 649.886 , 0 , 0 , 0
5594 , 0 , 1000 , 649.756 , 0 , 0 , 0
5595 , 0 , 1000 , 649.627 , 0 , 0 , 0
5596 , 0 , 1000 , 649.498 , 0 , 0 , 0
5597 , 0 , 1000 , 649.368 , 0 , 0 , 0
5598 , 0 , 1000 , 649.239 , 0 , 0 , 0
5599 , 0 , 1000 , 649.11 , 0 , 0 , 0
5600 , 0 , 1000 , 648.981 , 0 , 0 , 0
5601 , 0 , 1000 , 648.852 , 0 , 0 , 0
5602 , 0 , 1000 , 648.723 , 0 , 0 , 0
5603 , 0 , 1000 , 648.594 , 0 , 0 , 0
5604 , 0 , 1000 , 648.465 , 0 , 0 , 0
5605 , 0 , 1000 , 648.336 , 0 , 0 , 0
5606 , 0 , 1000 , 648.207 , 0 , 0 , 0
5607 , 0 , 1000 , 648.079 , 0 , 0 , 0
5608 , 0 , 1000 , 647.95 , 0 , 0 , 0
5609 , 0 , 1000 , 647.822 , 0 , 0 , 0
5610 , 0 , 1000 , 647.693 , 0 , 0 , 0
5611 , 0 , 1000 , 647.565 , 0 , 0 , 0
5612 , 0 , 1000 , 647.437 , 0 , 0 , 0
5613 , 0 , 1000 , 647.308 , 0 , 0 , 0
5614 , 0 , 1000 , 647.18 , 0 , 0 , 0
5615 , 0 , 1000 , 647.052 , 0 , 0 , 0
5616 , 0 , 1000 , 646.924 , 0 , 0 , 0
5617 , 0 , 1000 , 646.796 , 0 , 0 , 0
5618 , 0 , 1000 , 646.668 , 0 , 0 , 0
5619 , 0 , 1000 , 646.54 , 0 , 0 , 0
5620 , 0 , 1000 , 646.413 , 0 , 0 , 0
5621 , 0 , 1000 , 646.285 , 0 , 0 , 0
5622 , 0 , 1000 , 646.157 , 0 , 0 , 0
5623 , 0 , 1000 , 646.03 , 0 , 0 , 0
5624 , 0 , 1000 , 645.902 , 0 , 0 , 0
5625 , 0 , 1000 , 645.775 , 0 , 0 , 0
5626 , 0 , 1000 , 645.647 , 0 , 0 , 0
5627 , 0 , 1000 , 645.52 , 0 , 0 , 0
5628 , 0 , 1000 , 645.393 , 0 , 0 , 0
5629 , 0 , 1000 , 645.266 , 0 , 0 , 0
5630 , 0 , 1000 , 645.138 , 0 , 0 , 0
5631 , 0 , 1000 , 645.011 , 0 , 0 , 0
5632 , 0 , 1000 , 644.884 , 0 , 0 , 0
5633 , 0 , 1000 , 644.757 , 0 , 0 , 0
5634 , 0 , 1000 , 644.631 , 0 , 0 , 0
5635 , 0 , 1000 , 644.504 , 0 , 0 , 0
5636 , 0 , 1000 , 644.377 , 0 , 0 , 0
5637 , 0 , 1000 , 644.25 , 0 , 0 , 0
5638 , 0 , 1000 , 644.124 , 0 , 0 , 0
5639 , 0 , 1000 , 643.997 , 0 , 0 , 0
5640 , 0 , 1000 , 643.871 , 0 , 0 , 0
5641 , 0 , 1000 , 643.744 , 0 , 0 , 0
5642 , 0 , 1000 , 643.618 , 0 , 0 , 0
5643 , 0 , 1000 , 643.492 , 0 , 0 , 0
5644 , 0 , 1000 , 643.365 , 0 , 0 , 0
5645 , 0 , 1000 , 643.239 , 0 , 0 , 0
5646 , 0 , 1000 , 643.113 , 0 , 0 , 0
5647 , 0 , 1000 , 642.987 , 0 , 0 , 0
5648 , 0 , 1000 , 642.861 , 0 , 0 , 0
5649 , 0 , 1000 , 642.735 , 0 , 0 , 0
5650 , 0 , 1000 , 642.61 , 0 , 0 , 0
5651 , 0 , 1000 , 642.484 , 0 , 0 , 0
5652 , 0 , 1000 , 642.358 , 0 , 0 , 0
5653 , 0 , 1000 , 642.233 , 0 , 0 , 0
5654 , 0 , 1000 , 642.107 , 0 , 0 , 0
5655 , 0 , 1000 , 641.982 , 0 , 0 , 0
5656 , 0 , 1000 , 641.856 , 0 , 0 , 0
5657 , 0 , 1000 , 641.731 , 0 , 0 , 0
5658 , 0 , 1000 , 641.606 , 0 , 0 , 0
5659 , 0 , 1000 , 641.481 , 0 , 0 , 0
5660 , 0 , 1000 , 641.355 , 0 , 0 , 0
5661 , 0 , 1000 , 641.23 , 0 , 0 , 0
5662 , 0 , 1000 , 641.105 , 0 , 0 , 0
5663 , 0 , 1000 , 640.98 , 0 , 0 , 0
5664 , 0 , 1000 , 640.856 , 0 , 0 , 0
5665 , 0 , 1000 , 640.731 , 0 , 0 , 0
5666 , 0 , 1000 , 640.606 , 0 , 0 , 0
5667 , 0 , 1000 , 640.481 , 0 , 0 , 0
5668 , 0 , 1000 , 640.357 , 0 , 0 , 0
5669 , 0 , 1000 , 640.232 , 0 , 0 , 0
5670 , 0 , 1000 , 640.108 , 0 , 0 , 0
5671 , 0 , 1000 , 639.984 , 0 , 0 , 0
5672 , 0 , 1000 , 639.859 , 0 , 0 , 0
5673 , 0 , 1000 , 639.735 , 0 , 0 , 0
5674 , 0 , 1000 , 639.611 , 0 , 0 , 0
5675 , 0 , 1000 , 639.487 , 0 , 0 , 0
5676 , 0 , 1000 , 639.363 , 0 , 0 , 0
5677 , 0 , 1000 , 639.239 , 0 , 0 , 0
5678 , 0 , 1000 , 639.115 , 0 , 0 , 0
5679 , 0 , 1000 , 638.991 , 0 , 0 , 0
5680 , 0 , 1000 , 638.868 , 0 , 0 , 0
5681 , 0 , 1000 , 638.744 , 0 , 0 , 0
5682 , 0 , 1000 , 638.621 , 0 , 0 , 0
5683 , 0 , 1000 , 638.497 , 0 , 0 , 0
5684 , 0 , 1000 , 638.374 , 0 , 0 , 0
5685 , 0 , 1000 , 638.25 , 0 , 0 , 0
5686 , 0 , 1000 , 638.127 , 0 , 0 , 0
5687 , 0 , 1000 , 638.004 , 0 , 0 , 0
5688 , 0 , 1000 , 637.881 , 0 , 0 , 0
5689 , 0 , 1000 , 637.758 , 0 , 0 , 0
5690 , 0 , 1000 , 637.635 , 0 , 0 , 0
5691 , 0 , 1000 , 637.512 , 0 , 0 , 0
5692 , 0 , 1000 , 637.389 , 0 , 0 , 0
5693 , 0 , 1000 , 637.267 , 0 , 0 , 0
5694 , 0 , 1000 , 637.144 , 0 , 0 , 0
5695 , 0 , 1000 , 637.022 , 0 , 0 , 0
5696 , 0 , 1000 , 636.899 , 0 , 0 , 0
5697 , 0 , 1000 , 636.777 , 0 , 0 , 0
5698 , 0 , 1000 , 636.655 , 0 , 0 , 0
5699 , 0 , 1000 , 636.532 , 0 , 0 , 0
5700 , 0 , 1000 , 636.41 , 0 , 0 , 0
5701 , 0 , 1000 , 636.288 , 0 , 0 , 0
5702 , 0 , 1000 , 636.166 , 0 , 0 , 0
5703 , 0 , 1000 , 636.045 , 0 , 0 , 0
5704 , 0 , 1000 , 635.923 , 0 , 0 , 0
5705 , 0 , 1000 , 635.801 , 0 , 0 , 0
5706 , 0 , 1000 , 635.68 , 0 , 0 , 0
5707 , 0 , 1000 , 635.558 , 0 , 0 , 0
5708 , 0 , 1000 , 635.437 , 0 , 0 , 0
5709 , 0 , 1000 , 635.316 , 0 , 0 , 0
5710 , 0 , 1000 , 635.194 , 0 , 0 , 0
5711 , 0 , 1000 , 635.073 , 0 , 0 , 0
5712 , 0 , 1000 , 634.952 , 0 , 0 , 0
5713 , 0 , 1000 , 634.831 , 0 , 0 , 0
5714 , 0 , 1000 , 634.711 , 0 , 0 , 0
5715 , 0 , 1000 , 634.59 , 0 , 0 , 0
5716 , 0 , 1000 , 634.469 , 0 , 0 , 0
5717 , 0 , 1000 , 634.349 , 0 , 0 , 0
5718 , 0 , 1000 , 634.228 , 0 , 0 , 0
5719 , 0 , 1000 , 634.108 , 0 , 0 , 0
5720 , 0 , 1000 , 633.988 , 0 , 0 , 0
5721 , 0 , 1000 , 633.868 , 0 , 0 , 0
5722 , 0 , 1000 , 633.748 , 0 , 0 , 0
5723 , 0 , 1000 , 633.628 , 0 , 0 , 0
5724 , 0 , 1000 , 633.508 , 0 , 0 , 0
5725 , 0 , 1000 , 633.388 , 0 , 0 , 0
5726 , 0 , 1000 , 633.268 , 0 , 0 , 0
5727 , 0 , 1000 , 633.149 , 0 , 0 , 0
5728 , 0 , 1000 , 633.029 , 0 , 0 , 0
5729 , 0 , 1000 , 632.91 , 0 , 0 , 0
5730 , 0 , 1000 , 632.791 , 0 , 0 , 0
5731 , 0 , 1000 , 632.672 , 0 , 0 , 0
5732 , 0 , 1000 , 632.553 , 0 , 0 , 0
5733 , 0 , 1000 , 632.434 , 0 , 0 , 0
5734 , 0 , 1000 , 632.315 , 0 , 0 , 0
5735 , 0 , 1000 , 632.196 , 0 , 0 , 0
5736 , 0 , 1000 , 632.078 , 0 , 0 , 0
5737 , 0 , 1000 , 631.959 , 0 , 0 , 0
5738 , 0 , 1000 , 631.841 , 0 , 0 , 0
5739 , 0 , 1000 , 631.722 , 0 , 0 , 0
5740 , 0 , 1000 , 631.604 , 0 , 0 , 0
5741 , 0 , 1000 , 631.486 , 0 , 0 , 0
5742 , 0 , 1000 , 631.368 , 0 , 0 , 0
5743 , 0 , 1000 , 631.25 , 0 , 0 , 0
5744 , 0 , 1000 , 631.132 , 0 , 0 , 0
5745 , 0 , 1000 , 631.014 , 0 , 0 , 0
5746 , 0 , 1000 , 630.897 , 0 , 0 , 0
5747 , 0 , 1000 , 630.779 , 0 , 0 , 0
5748 , 0 , 1000 , 630.662 , 0 , 0 , 0
5749 , 0 , 1000 , 630.544 , 0 , 0 , 0
5750 , 0 , 1000 , 630.427 , 0 , 0 , 0
5751 , 0 , 1000 , 630.31 , 0 , 0 , 0
5752 , 0 , 1000 , 630.193 , 0 , 0 , 0
5753 , 0 , 1000 , 630.076 , 0 , 0 , 0
5754 , 0 , 1000 , 629.959 , 0 , 0 , 0
5755 , 0 , 1000 , 629.843 , 0 , 0 , 0
5756 , 0 , 1000 , 629.726 , 0 , 0 , 0
5757 , 0 , 1000 , 629.609 , 0 , 0 , 0
5758 , 0 , 1000 , 629.493 , 0 , 0 , 0
5759 , 0 , 1000 , 629.377 , 0 , 0 , 0
5760 , 0 , 1000 , 629.26 , 0 , 0 , 0
5761 , 0 , 1000 , 629.144 , 0 , 0 , 0
5762 , 0 , 1000 , 629.028 , 0 , 0 , 0
5763 , 0 , 1000 , 628.912 , 0 , 0 , 0
5764 , 0 , 1000 , 628.796 , 0 , 0 , 0
5765 , 0 , 1000 , 628.681 , 0 , 0 , 0
5766 , 0 , 1000 , 628.565 , 0 , 0 , 0
5767 , 0 , 1000 , 628.45 , 0 , 0 , 0
5768 , 0 , 1000 , 628.334 , 0 , 0 , 0
5769 , 0 , 1000 , 628.219 , 0 , 0 , 0
5770 , 0 , 1000 , 628.104 , 0 , 0 , 0
5771 , 0 , 1000 , 627.988 , 0 , 0 , 0
5772 , 0 , 1000 , 627.873 , 0 , 0 , 0
5773 , 0 , 1000 , 627.759 , 0 , 0 , 0
5774 , 0 , 1000 , 627.644 , 0 , 0 , 0
5775 , 0 , 1000 , 627.529 , 0 , 0 , 0
5776 , 0 , 1000 , 627.414 , 0 , 0 , 0
5777 , 0 , 1000 , 627.3 , 0 , 0 , 0
5778 , 0 , 1000 , 627.186 , 0 , 0 , 0
5779 , 0 , 1000 , 627.071 , 0 , 0 , 0
5780 , 0 , 1000 , 626.957 , 0 , 0 , 0
5781 , 0 , 1000 , 626.843 , 0 , 0 , 0
5782 , 0 , 1000 , 626.729 , 0 , 0 , 0
5783 , 0 , 1000 , 626.615 , 0 , 0 , 0
5784 , 0 , 1000 , 626.501 , 0 , 0 , 0
5785 , 0 , 1000 , 626.388 , 0 , 0 , 0
5786 , 0 , 1000 , 626.274 , 0 , 0 , 0
5787 , 0 , 1000 , 626.161 , 0 , 0 , 0
5788 , 0 , 1000 , 626.047 , 0 , 0 , 0
5789 , 0 , 1000 , 625.934 , 0 , 0 , 0
5790 , 0 , 1000 , 625.821 , 0 , 0 , 0
5791 , 0 , 1000 , 625.708 , 0 , 0 , 0
5792 , 0 , 1000 , 625.595 , 0 , 0 , 0
5793 , 0 , 1000 , 625.482 , 0 , 0 , 0
5794 , 0 , 1000 , 625.369 , 0 , 0 , 0
5795 , 0 , 1000 , 625.257 , 0 , 0 , 0
5796 , 0 , 1000 , 625.144 , 0 , 0 , 0
5797 , 0 , 1000 , 625.032 , 0 , 0 , 0
5798 , 0 , 1000 , 624.919 , 0 , 0 , 0
5799 , 0 , 1000 , 624.807 , 0 , 0 , 0
5800 , 0 , 1000 , 624.695 , 0 , 0 , 0
5801 , 0 , 1000 , 624.583 , 0 , 0 , 0
5802 , 0 , 1000 , 624.471 , 0 , 0 , 0
5803 , 0 , 1000 , 624.359 , 0 , 0 , 0
5804 , 0 , 1000 , 624.248 , 0 , 0 , 0
5805 , 0 , 1000 , 624.136 , 0 , 0 , 0
5806 , 0 , 1000 , 624.025 , 0 , 0 , 0
5807 , 0 , 1000 , 623.913 , 0 , 0 , 0
5808 , 0 , 1000 , 623.802 , 0 , 0 , 0
5809 , 0 , 1000 , 623.691 , 0 , 0 , 0
5810 , 0 , 1000 , 623.58 , 0 , 0 , 0
5811 , 0 , 1000 , 623.469 , 0 , 0 , 0
5812 , 0 , 1000 , 623.358 , 0 , 0 , 0
5813 , 0 , 1000 , 623.248 , 0 , 0 , 0
5814 , 0 , 1000 , 623.137 , 0 , 0 , 0
5815 , 0 , 1000 , 623.027 , 0 , 0 , 0
5816 , 0 , 1000 , 622.916 , 0 , 0 , 0
5817 , 0 , 1000 , 622.806 , 0 , 0 , 0
5818 , 0 , 1000 , 622.696 , 0 , 0 , 0
5819 , 0 , 1000 , 622.586 , 0 , 0 , 0
5820 , 0 , 1000 , 622.476 , 0 , 0 , 0
5821 , 0 , 1000 , 622.367 , 0 , 0 , 0
5822 , 0 , 1000 , 622.257 , 0 , 0 , 0
5823 , 0 , 1000 , 622.147 , 0 , 0 , 0
5824 , 0 , 1000 , 622.038 , 0 , 0 , 0
5825 , 0 , 1000 , 621.929 , 0 , 0 , 0
5826 , 0 , 1000 , 621.819 , 0 , 0 , 0
5827 , 0 , 1000 , 621.71 , 0 , 0 , 0
5828 , 0 , 1000 , 621.601 , 0 , 0 , 0
5829 , 0 , 1000 , 621.492 , 0 , 0 , 0
5830 , 0 , 1000 , 621.384 , 0 , 0 , 0
5831 , 0 , 1000 , 621.275 , 0 , 0 , 0
5832 , 0 , 1000 , 621.167 , 0 , 0 , 0
5833 , 0 , 1000 , 621.058 , 0 , 0 , 0
5834 , 0 , 1000 , 620.95 , 0 , 0 , 0
5835 , 0 , 1000 , 620.842 , 0 , 0 , 0
5836 , 0 , 1000 , 620.734 , 0 , 0 , 0
5837 , 0 , 1000 , 620.626 , 0 , 0 , 0
5838 , 0 , 1000 , 620.518 , 0 , 0 , 0
5839 , 0 , 1000 , 620.41 , 0 , 0 , 0
5840 , 0 , 1000 , 620.303 , 0 , 0 , 0
5841 , 0 , 1000 , 620.195 , 0 , 0 , 0
5842 , 0 , 1000 , 620.088 , 0 , 0 , 0
5843 , 0 , 1000 , 619.981 , 0 , 0 , 0
5844 , 0 , 1000 , 619.874 , 0 , 0 , 0
5845 , 0 , 1000 , 619.767 , 0 , 0 , 0
5846 , 0 , 1000 , 619.66 , 0 , 0 , 0
5847 , 0 , 1000 , 619.553 , 0 , 0 , 0
5848 , 0 , 1000 , 619.446 , 0 , 0 , 0
5849 , 0 , 1000 , 619.34 , 0 , 0 , 0
5850 , 0 , 1000 , 619.234 , 0 , 0 , 0
5851 , 0 , 1000 , 619.127 , 0 , 0 , 0
5852 , 0 , 1000 , 619.021 , 0 , 0 , 0
5853 , 0 , 1000 , 618.915 , 0 , 0 , 0
5854 , 0 , 1000 , 618.809 , 0 , 0 , 0
5855 , 0 , 1000 , 618.703 , 0 , 0 , 0
5856 , 0 , 1000 , 618.598 , 0 , 0 , 0
5857 , 0 , 1000 , 618.492 , 0 , 0 , 0
5858 , 0 , 1000 , 618.387 , 0 , 0 , 0
5859 , 0 , 1000 , 618.282 , 0 , 0 , 0
5860 , 0 , 1000 , 618.177 , 0 , 0 , 0
5861 , 0 , 1000 , 618.072 , 0 , 0 , 0
5862 , 0 , 1000 , 617.967 , 0 , 0 , 0
5863 , 0 , 1000 , 617.862 , 0 , 0 , 0
5864 , 0 , 1000 , 617.757 , 0 , 0 , 0
5865 , 0 , 1000 , 617.653 , 0 , 0 , 0
5866 , 0 , 1000 , 617.548 , 0 , 0 , 0
5867 , 0 , 1000 , 617.444 , 0 , 0 , 0
5868 , 0 , 1000 , 617.34 , 0 , 0 , 0
5869 , 0 , 1000 , 617.236 , 0 , 0 , 0
5870 , 0 , 1000 , 617.132 , 0 , 0 , 0
5871 , 0 , 1000 , 617.028 , 0 , 0 , 0
5872 , 0 , 1000 , 616.925 , 0 , 0 , 0
5873 , 0 , 1000 , 616.821 , 0 , 0 , 0
5874 , 0 , 1000 , 616.718 , 0 , 0 , 0
5875 , 0 , 1000 , 616.614 , 0 , 0 , 0
5876 , 0 , 1000 , 616.511 , 0 , 0 , 0
5877 , 0 , 1000 , 616.408 , 0 , 0 , 0
5878 , 0 , 1000 , 616.305 , 0 , 0 , 0
5879 , 0 , 1000 , 616.203 , 0 , 0 , 0
5880 , 0 , 1000 , 616.1 , 0 , 0 , 0
5881 , 0 , 1000 , 615.997 , 0 , 0 , 0
5882 , 0 , 1000 , 615.895 , 0 , 0 , 0
5883 , 0 , 1000 , 615.793 , 0 , 0 , 0
5884 , 0 , 1000 , 615.691 , 0 , 0 , 0
5885 , 0 , 1000 , 615.589 , 0 , 0 , 0
5886 , 0 , 1000 , 615.487 , 0 , 0 , 0
5887 , 0 , 1000 , 615.385 , 0 , 0 , 0
5888 , 0 , 1000 , 615.283 , 0 , 0 , 0
5889 , 0 , 1000 , 615.182 , 0 , 0 , 0
5890 , 0 , 1000 , 615.08 , 0 , 0 , 0
5891 , 0 , 1000 , 614.979 , 0 , 0 , 0
5892 , 0 , 1000 , 614.877 , 0 , 0 , 0
5893 , 0 , 1000 , 614.776 , 0 , 0 , 0
5894 , 0 , 1000 , 614.675 , 0 , 0 , 0
5895 , 0 , 1000 , 614.574 , 0 , 0 , 0
5896 , 0 , 1000 , 614.474 , 0 , 0 , 0
5897 , 0 , 1000 , 614.373 , 0 , 0 , 0
5898 , 0 , 1000 , 614.273 , 0 , 0 , 0
5899 , 0 , 1000 , 614.172 , 0 , 0 , 0
5900 , 0 , 1000 , 614.072 , 0 , 0 , 0
5901 , 0 , 1000 , 613.972 , 0 , 0 , 0
5902 , 0 , 1000 , 613.871 , 0 , 0 , 0
5903 , 0 , 1000 , 613.771 , 0 , 0 , 0
5904 , 0 , 1000 , 613.672 , 0 , 0 , 0
5905 , 0 , 1000 , 613.572 , 0 , 0 , 0
5906 , 0 , 1000 , 613.472 , 0 , 0 , 0
5907 , 0 , 1000 , 613.373 , 0 , 0 , 0
5908 , 0 , 1000 , 613.273 , 0 , 0 , 0
5909 , 0 , 1000 , 613.174 , 0 , 0 , 0
5910 , 0 , 1000 , 613.075 , 0 , 0 , 0
5911 , 0 , 1000 , 612.976 , 0 , 0 , 0
5912 , 0 , 1000 , 612.877 , 0 , 0 , 0
5913 , 0 , 1000 , 612.778 , 0 , 0 , 0
5914 , 0 , 1000 , 612.679 , 0 , 0 , 0
5915 , 0 , 1000 , 612.581 , 0 , 0 , 0
5916 , 0 , 1000 , 612.482 , 0 , 0 , 0
5917 , 0 , 1000 , 612.384 , 0 , 0 , 0
5918 , 0 , 1000 , 612.285 , 0 , 0 , 0
5919 , 0 , 1000 , 612.187 , 0 , 0 , 0
5920 , 0 , 1000 , 612.089 , 0 , 0 , 0
5921 , 0 , 1000 , 611.991 , 0 , 0 , 0
5922 , 0 , 1000 , 611.893 , 0 , 0 , 0
5923 , 0 , 1000 , 611.796 , 0 , 0 , 0
5924 , 0 , 1000 , 611.698 , 0 , 0 , 0
5925 , 0 , 1000 , 611.6 , 0 , 0 , 0
5926 , 0 , 1000 , 611.503 , 0 , 0 , 0
5927 , 0 , 1000 , 611.406 , 0 , 0 , 0
5928 , 0 , 1000 , 611.309 , 0 , 0 , 0
5929 , 0 , 1000 , 611.212 , 0 , 0 , 0
5930 , 0 , 1000 , 611.115 , 0 , 0 , 0
5931 , 0 , 1000 , 611.018 , 0 , 0 , 0
5932 , 0 , 1000 , 610.921 , 0 , 0 , 0
5933 , 0 , 1000 , 610.825 , 0 , 0 , 0
5934 , 0 , 1000 , 610.728 , 0 , 0 , 0
5935 , 0 , 1000 , 610.632 , 0 , 0 , 0
5936 , 0 , 1000 , 610.536 , 0 , 0 , 0
5937 , 0 , 1000 , 610.44 , 0 , 0 , 0
5938 , 0 , 1000 , 610.344 , 0 , 0 , 0
5939 , 0 , 1000 , 610.248 , 0 , 0 , 0
5940 , 0 , 1000 , 610.153 , 0 , 0 , 0
5941 , 0 , 1000 , 610.057 , 0 , 0 , 0
5942 , 0 , 1000 , 609.962 , 0 , 0 , 0
5943 , 0 , 1000 , 609.866 , 0 , 0 , 0
5944 , 0 , 1000 , 609.771 , 0 , 0 , 0
5945 , 0 , 1000 , 609.676 , 0 , 0 , 0
5946 , 0 , 1000 , 609.581 , 0 , 0 , 0
5947 , 0 , 1000 , 609.487 , 0 , 0 , 0
5948 , 0 , 1000 , 609.392 , 0 , 0 , 0
5949 , 0 , 1000 , 609.297 , 0 , 0 , 0
5950 , 0 , 1000 , 609.203 , 0 , 0 , 0
5951 , 0 , 1000 , 609.109 , 0 , 0 , 0
5952 , 0 , 1000 , 609.015 , 0 , 0 , 0
5953 , 0 , 1000 , 608.921 , 0 , 0 , 0
5954 , 0 , 1000 , 608.827 , 0 , 0 , 0
5955 , 0 , 1000 , 608.733 , 0 , 0 , 0
5956 , 0 , 1000 , 608.64 , 0 , 0 , 0
5957 , 0 , 1000 , 608.546 , 0 , 0 , 0
5958 , 0 , 1000 , 608.453 , 0 , 0 , 0
5959 , 0 , 1000 , 608.36 , 0 , 0 , 0
5960 , 0 , 1000 , 608.267 , 0 , 0 , 0
5961 , 0 , 1000 , 608.174 , 0 , 0 , 0
5962 , 0 , 1000 , 608.081 , 0 , 0 , 0
5963 , 0 , 1000 , 607.989 , 0 , 0 , 0
5964 , 0 , 1000 , 607.896 , 0 , 0 , 0
5965 , 0 , 1000 , 607.804 , 0 , 0 , 0
5966 , 0 , 1000 , 607.712 , 0 , 0 , 0
5967 , 0 , 1000 , 607.62 , 0 , 0 , 0
5968 , 0 , 1000 , 607.528 , 0 , 0 , 0
5969 , 0 , 1000 , 607.436 , 0 , 0 , 0
5970 , 0 , 1000 , 607.345 , 0 , 0 , 0
5971 , 0 , 1000 , 607.253 , 0 , 0 , 0
5972 , 0 , 1000 , 607.162 , 0 , 0 , 0
5973 , 0 , 1000 , 607.071 , 0 , 0 , 0
5974 , 0 , 1000 , 606.98 , 0 , 0 , 0
5975 , 0 , 1000 , 606.889 , 0 , 0 , 0
5976 , 0 , 1000 , 606.798 , 0 , 0 , 0
5977 , 0 , 1000 , 606.708 , 0 , 0 , 0
5978 , 0 , 1000 , 606.617 , 0 , 0 , 0
5979 , 0 , 1000 , 606.527 , 0 , 0 , 0
5980 , 0 , 1000 , 606.437 , 0 , 0 , 0
5981 , 0 , 1000 , 606.346 , 0 , 0 , 0
5982 , 0 , 1000 , 606.257 , 0 , 0 , 0
5983 , 0 , 1000 , 606.167 , 0 , 0 , 0
5984 , 0 , 1000 , 606.077 , 0 , 0 , 0
5985 , 0 , 1000 , 605.988 , 0 , 0 , 0
5986 , 0 , 1000 , 605.898 , 0 , 0 , 0
5987 , 0 , 1000 , 605.809 , 0 , 0 , 0
5988 , 0 , 1000 , 605.72 , 0 , 0 , 0
5989 , 0 , 1000 , 605.631 , 0 , 0 , 0
5990 , 0 , 1000 , 605.543 , 0 , 0 , 0
5991 , 0 , 1000 , 605.454 , 0 , 0 , 0
5992 , 0 , 1000 , 605.366 , 0 , 0 , 0
5993 , 0 , 1000 , 605.277 , 0 , 0 , 0
5994 , 0 , 1000 , 605.189 , 0 , 0 , 0
5995 , 0 , 1000 , 605.101 , 0 , 0 , 0
5996 , 0 , 1000 , 605.013 , 0 , 0 , 0
5997 , 0 , 1000 , 604.925 , 0 , 0 , 0
5998 , 0 , 1000 , 604.838 , 0 , 0 , 0
5999 , 0 , 1000 , 604.75 , 0 , 0 , 0
6000 , 0 , 1000 , 604.663 , 0 , 0 , 0
