Step , TotalTime , T , P , Ux , Uy , Uz
1 , 0 , 1000 , 199.051 , 0 , 0 , 0
2 , 0 , 1000 , 219.097 , 0 , 0 , 0
3 , 0 , 1000 , 240.099 , 0 , 0 , 0
4 , 0 , 1000 , 261.95 , 0 , 0 , 0
5 , 0 , 1000 , 284.537 , 0 , 0 , 0
6 , 0 , 1000 , 307.741 , 0 , 0 , 0
7 , 0 , 1000 , 331.441 , 0 , 0 , 0
8 , 0 , 1000 , 355.516 , 0 , 0 , 0
9 , 0 , 1000 , 379.852 , 0 , 0 , 0
10 , 0 , 1000 , 404.336 , 0 , 0 , 0
11 , 0 , 1000 , 428.866 , 0 , 0 , 0
12 , 0 , 1000 , 453.344 , 0 , 0 , 0
13 , 0 , 1000 , 477.684 , 0 , 0 , 0
14 , 0 , 1000 , 501.805 , 0 , 0 , 0
15 , 0 , 1000 , 525.639 , 0 , 0 , 0
16 , 0 , 1000 , 549.121 , 0 , 0 , 0
17 , 0 , 1000 , 572.199 , 0 , 0 , 0
18 , 0 , 1000 , 594.827 , 0 , 0 , 0
19 , 0 , 1000 , 616.966 , 0 , 0 , 0
20 , 0 , 1000 , 638.583 , 0 , 0 , 0
21 , 0 , 1000 , 659.653 , 0 , 0 , 0
22 , 0 , 1000 , 680.154 , 0 , 0 , 0
23 , 0 , 1000 , 700.07 , 0 , 0 , 0
24 , 0 , 1000 , 719.391 , 0 , 0 , 0
25 , 0 , 1000 , 738.109 , 0 , 0 , 0
26 , 0 , 1000 , 756.22 , 0 , 0 , 0
27 , 0 , 1000 , 773.723 , 0 , 0 , 0
28 , 0 , 1000 , 790.619 , 0 , 0 , 0
29 , 0 , 1000 , 806.914 , 0 , 0 , 0
30 , 0 , 1000 , 822.612 , 0 , 0 , 0
31 , 0 , 1000 , 837.722 , 0 , 0 , 0
32 , 0 , 1000 , 852.254 , 0 , 0 , 0
33 , 0 , 1000 , 866.216 , 0 , 0 , 0
34 , 0 , 1000 , 879.622 , 0 , 0 , 0
35 , 0 , 1000 , 892.484 , 0 , 0 , 0
36 , 0 , 1000 , 904.814 , 0 , 0 , 0
37 , 0 , 1000 , 916.628 , 0 , 0 , 0
38 , 0 , 1000 , 927.94 , 0 , 0 , 0
39 , 0 , 1000 , 938.764 , 0 , 0 , 0
40 , 0 , 1000 , 949.115 , 0 , 0 , 0
41 , 0 , 1000 , 959.009 , 0 , 0 , 0
42 , 0 , 1000 , 968.46 , 0 , 0 , 0
43 , 0 , 1000 , 977.484 , 0 , 0 , 0
44 , 0 , 1000 , 986.095 , 0 , 0 , 0
45 , 0 , 1000 , 994.309 , 0 , 0 , 0
46 , 0 , 1000 , 1002.14 , 0 , 0 , 0
47 , 0 , 1000 , 1009.6 , 0 , 0 , 0
48 , 0 , 1000 , 1016.71 , 0 , 0 , 0
49 , 0 , 1000 , 1023.48 , 0 , 0 , 0
50 , 0 , 1000 , 1029.93 , 0 , 0 , 0
51 , 0 , 1000 , 1036.06 , 0 , 0 , 0
52 , 0 , 1000 , 1041.9 , 0 , 0 , 0
53 , 0 , 1000 , 1047.46 , 0 , 0 , 0
54 , 0 , 1000 , 1052.74 , 0 , 0 , 0
55 , 0 , 1000 , 1057.77 , 0 , 0 , 0
56 , 0 , 1000 , 1062.54 , 0 , 0 , 0
57 , 0 , 1000 , 1067.08 , 0 , 0 , 0
58 , 0 , 1000 , 1071.4 , 0 , 0 , 0
59 , 0 , 1000 , 1075.5 , 0 , 0 , 0
60 , 0 , 1000 , 1079.39 , 0 , 0 , 0
61 , 0 , 1000 , 1083.08 , 0 , 0 , 0
62 , 0 , 1000 , 1086.59 , 0 , 0 , 0
63 , 0 , 1000 , 1089.92 , 0 , 0 , 0
64 , 0 , 1000 , 1093.08 , 0 , 0 , 0
65 , 0 , 1000 , 1096.08 , 0 , 0 , 0
66 , 0 , 1000 , 1098.92 , 0 , 0 , 0
67 , 0 , 1000 , 1101.62 , 0 , 0 , 0
68 , 0 , 1000 , 1104.17 , 0 , 0 , 0
69 , 0 , 1000 , 1106.59 , 0 , 0 , 0
70 , 0 , 1000 , 1108.88 , 0 , 0 , 0
71 , 0 , 1000 , 1111.05 , 0 , 0 , 0
72 , 0 , 1000 , 1113.1 , 0 , 0 , 0
73 , 0 , 1000 , 1115.05 , 0 , 0 , 0
74 , 0 , 1000 , 1116.88 , 0 , 0 , 0
75 , 0 , 1000 , 1118.61 , 0 , 0 , 0
76 , 0 , 1000 , 1120.25 , 0 , 0 , 0
77 , 0 , 1000 , 1121.8 , 0 , 0 , 0
78 , 0 , 1000 , 1123.26 , 0 , 0 , 0
79 , 0 , 1000 , 1124.63 , 0 , 0 , 0
80 , 0 , 1000 , 1125.93 , 0 , 0 , 0
81 , 0 , 1000 , 1127.15 , 0 , 0 , 0
82 , 0 , 1000 , 1128.29 , 0 , 0 , 0
83 , 0 , 1000 , 1129.37 , 0 , 0 , 0
84 , 0 , 1000 , 1130.38 , 0 , 0 , 0
85 , 0 , 1000 , 1131.33 , 0 , 0 , 0
86 , 0 , 1000 , 1132.22 , 0 , 0 , 0
87 , 0 , 1000 , 1133.05 , 0 , 0 , 0
88 , 0 , 1000 , 1133.83 , 0 , 0 , 0
89 , 0 , 1000 , 1134.55 , 0 , 0 , 0
90 , 0 , 1000 , 1135.23 , 0 , 0 , 0
91 , 0 , 1000 , 1135.85 , 0 , 0 , 0
92 , 0 , 1000 , 1136.44 , 0 , 0 , 0
93 , 0 , 1000 , 1136.97 , 0 , 0 , 0
94 , 0 , 1000 , 1137.47 , 0 , 0 , 0
95 , 0 , 1000 , 1137.93 , 0 , 0 , 0
96 , 0 , 1000 , 1138.35 , 0 , 0 , 0
97 , 0 , 1000 , 1138.73 , 0 , 0 , 0
98 , 0 , 1000 , 1139.08 , 0 , 0 , 0
99 , 0 , 1000 , 1139.39 , 0 , 0 , 0
100 , 0 , 1000 , 1139.68 , 0 , 0 , 0
101 , 0 , 1000 , 1139.93 , 0 , 0 , 0
102 , 0 , 1000 , 1140.16 , 0 , 0 , 0
103 , 0 , 1000 , 1140.35 , 0 , 0 , 0
104 , 0 , 1000 , 1140.52 , 0 , 0 , 0
105 , 0 , 1000 , 1140.67 , 0 , 0 , 0
106 , 0 , 1000 , 1140.79 , 0 , 0 , 0
107 , 0 , 1000 , 1140.89 , 0 , 0 , 0
108 , 0 , 1000 , 1140.96 , 0 , 0 , 0
109 , 0 , 1000 , 1141.01 , 0 , 0 , 0
110 , 0 , 1000 , 1141.05 , 0 , 0 , 0
111 , 0 , 1000 , 1141.06 , 0 , 0 , 0
112 , 0 , 1000 , 1141.05 , 0 , 0 , 0
113 , 0 , 1000 , 1141.03 , 0 , 0 , 0
114 , 0 , 1000 , 1140.99 , 0 , 0 , 0
115 , 0 , 1000 , 1140.93 , 0 , 0 , 0
116 , 0 , 1000 , 1140.86 , 0 , 0 , 0
117 , 0 , 1000 , 1140.77 , 0 , 0 , 0
118 , 0 , 1000 , 1140.66 , 0 , 0 , 0
119 , 0 , 1000 , 1140.54 , 0 , 0 , 0
120 , 0 , 1000 , 1140.41 , 0 , 0 , 0
121 , 0 , 1000 , 1140.26 , 0 , 0 , 0
122 , 0 , 1000 , 1140.1 , 0 , 0 , 0
123 , 0 , 1000 , 1139.93 , 0 , 0 , 0
124 , 0 , 1000 , 1139.75 , 0 , 0 , 0
125 , 0 , 1000 , 1139.55 , 0 , 0 , 0
126 , 0 , 1000 , 1139.35 , 0 , 0 , 0
127 , 0 , 1000 , 1139.13 , 0 , 0 , 0
128 , 0 , 1000 , 1138.9 , 0 , 0 , 0
129 , 0 , 1000 , 1138.66 , 0 , 0 , 0
130 , 0 , 1000 , 1138.42 , 0 , 0 , 0
131 , 0 , 1000 , 1138.16 , 0 , 0 , 0
132 , 0 , 1000 , 1137.89 , 0 , 0 , 0
133 , 0 , 1000 , 1137.62 , 0 , 0 , 0
134 , 0 , 1000 , 1137.33 , 0 , 0 , 0
135 , 0 , 1000 , 1137.04 , 0 , 0 , 0
136 , 0 , 1000 , 1136.74 , 0 , 0 , 0
137 , 0 , 1000 , 1136.43 , 0 , 0 , 0
138 , 0 , 1000 , 1136.11 , 0 , 0 , 0
139 , 0 , 1000 , 1135.79 , 0 , 0 , 0
140 , 0 , 1000 , 1135.46 , 0 , 0 , 0
141 , 0 , 1000 , 1135.12 , 0 , 0 , 0
142 , 0 , 1000 , 1134.78 , 0 , 0 , 0
143 , 0 , 1000 , 1134.42 , 0 , 0 , 0
144 , 0 , 1000 , 1134.07 , 0 , 0 , 0
145 , 0 , 1000 , 1133.7 , 0 , 0 , 0
146 , 0 , 1000 , 1133.33 , 0 , 0 , 0
147 , 0 , 1000 , 1132.95 , 0 , 0 , 0
148 , 0 , 1000 , 1132.57 , 0 , 0 , 0
149 , 0 , 1000 , 1132.18 , 0 , 0 , 0
150 , 0 , 1000 , 1131.78 , 0 , 0 , 0
151 , 0 , 1000 , 1131.38 , 0 , 0 , 0
152 , 0 , 1000 , 1130.97 , 0 , 0 , 0
153 , 0 , 1000 , 1130.56 , 0 , 0 , 0
154 , 0 , 1000 , 1130.14 , 0 , 0 , 0
155 , 0 , 1000 , 1129.72 , 0 , 0 , 0
156 , 0 , 1000 , 1129.29 , 0 , 0 , 0
157 , 0 , 1000 , 1128.86 , 0 , 0 , 0
158 , 0 , 1000 , 1128.42 , 0 , 0 , 0
159 , 0 , 1000 , 1127.98 , 0 , 0 , 0
160 , 0 , 1000 , 1127.53 , 0 , 0 , 0
161 , 0 , 1000 , 1127.08 , 0 , 0 , 0
162 , 0 , 1000 , 1126.62 , 0 , 0 , 0
163 , 0 , 1000 , 1126.16 , 0 , 0 , 0
164 , 0 , 1000 , 1125.69 , 0 , 0 , 0
165 , 0 , 1000 , 1125.22 , 0 , 0 , 0
166 , 0 , 1000 , 1124.74 , 0 , 0 , 0
167 , 0 , 1000 , 1124.26 , 0 , 0 , 0
168 , 0 , 1000 , 1123.78 , 0 , 0 , 0
169 , 0 , 1000 , 1123.29 , 0 , 0 , 0
170 , 0 , 1000 , 1122.79 , 0 , 0 , 0
171 , 0 , 1000 , 1122.29 , 0 , 0 , 0
172 , 0 , 1000 , 1121.79 , 0 , 0 , 0
173 , 0 , 1000 , 1121.29 , 0 , 0 , 0
174 , 0 , 1000 , 1120.78 , 0 , 0 , 0
175 , 0 , 1000 , 1120.26 , 0 , 0 , 0
176 , 0 , 1000 , 1119.74 , 0 , 0 , 0
177 , 0 , 1000 , 1119.22 , 0 , 0 , 0
178 , 0 , 1000 , 1118.69 , 0 , 0 , 0
179 , 0 , 1000 , 1118.16 , 0 , 0 , 0
180 , 0 , 1000 , 1117.63 , 0 , 0 , 0
181 , 0 , 1000 , 1117.09 , 0 , 0 , 0
182 , 0 , 1000 , 1116.55 , 0 , 0 , 0
183 , 0 , 1000 , 1116 , 0 , 0 , 0
184 , 0 , 1000 , 1115.45 , 0 , 0 , 0
185 , 0 , 1000 , 1114.9 , 0 , 0 , 0
186 , 0 , 1000 , 1114.34 , 0 , 0 , 0
187 , 0 , 1000 , 1113.78 , 0 , 0 , 0
188 , 0 , 1000 , 1113.22 , 0 , 0 , 0
189 , 0 , 1000 , 1112.65 , 0 , 0 , 0
190 , 0 , 1000 , 1112.08 , 0 , 0 , 0
191 , 0 , 1000 , 1111.51 , 0 , 0 , 0
192 , 0 , 1000 , 1110.93 , 0 , 0 , 0
193 , 0 , 1000 , 1110.35 , 0 , 0 , 0
194 , 0 , 1000 , 1109.76 , 0 , 0 , 0
195 , 0 , 1000 , 1109.17 , 0 , 0 , 0
196 , 0 , 1000 , 1108.58 , 0 , 0 , 0
197 , 0 , 1000 , 1107.98 , 0 , 0 , 0
198 , 0 , 1000 , 1107.39 , 0 , 0 , 0
199 , 0 , 1000 , 1106.78 , 0 , 0 , 0
200 , 0 , 1000 , 1106.18 , 0 , 0 , 0
201 , 0 , 1000 , 1105.57 , 0 , 0 , 0
202 , 0 , 1000 , 1104.96 , 0 , 0 , 0
203 , 0 , 1000 , 1104.34 , 0 , 0 , 0
204 , 0 , 1000 , 1103.73 , 0 , 0 , 0
205 , 0 , 1000 , 1103.11 , 0 , 0 , 0
206 , 0 , 1000 , 1102.48 , 0 , 0 , 0
207 , 0 , 1000 , 1101.86 , 0 , 0 , 0
208 , 0 , 1000 , 1101.23 , 0 , 0 , 0
209 , 0 , 1000 , 1100.59 , 0 , 0 , 0
210 , 0 , 1000 , 1099.96 , 0 , 0 , 0
211 , 0 , 1000 , 1099.32 , 0 , 0 , 0
212 , 0 , 1000 , 1098.68 , 0 , 0 , 0
213 , 0 , 1000 , 1098.03 , 0 , 0 , 0
214 , 0 , 1000 , 1097.38 , 0 , 0 , 0
215 , 0 , 1000 , 1096.73 , 0 , 0 , 0
216 , 0 , 1000 , 1096.08 , 0 , 0 , 0
217 , 0 , 1000 , 1095.42 , 0 , 0 , 0
218 , 0 , 1000 , 1094.76 , 0 , 0 , 0
219 , 0 , 1000 , 1094.1 , 0 , 0 , 0
220 , 0 , 1000 , 1093.44 , 0 , 0 , 0
221 , 0 , 1000 , 1092.77 , 0 , 0 , 0
222 , 0 , 1000 , 1092.1 , 0 , 0 , 0
223 , 0 , 1000 , 1091.43 , 0 , 0 , 0
224 , 0 , 1000 , 1090.76 , 0 , 0 , 0
225 , 0 , 1000 , 1090.08 , 0 , 0 , 0
226 , 0 , 1000 , 1089.4 , 0 , 0 , 0
227 , 0 , 1000 , 1088.72 , 0 , 0 , 0
228 , 0 , 1000 , 1088.04 , 0 , 0 , 0
229 , 0 , 1000 , 1087.35 , 0 , 0 , 0
230 , 0 , 1000 , 1086.66 , 0 , 0 , 0
231 , 0 , 1000 , 1085.97 , 0 , 0 , 0
232 , 0 , 1000 , 1085.28 , 0 , 0 , 0
233 , 0 , 1000 , 1084.58 , 0 , 0 , 0
234 , 0 , 1000 , 1083.88 , 0 , 0 , 0
235 , 0 , 1000 , 1083.18 , 0 , 0 , 0
236 , 0 , 1000 , 1082.48 , 0 , 0 , 0
237 , 0 , 1000 , 1081.78 , 0 , 0 , 0
238 , 0 , 1000 , 1081.07 , 0 , 0 , 0
239 , 0 , 1000 , 1080.36 , 0 , 0 , 0
240 , 0 , 1000 , 1079.65 , 0 , 0 , 0
241 , 0 , 1000 , 1078.94 , 0 , 0 , 0
242 , 0 , 1000 , 1078.23 , 0 , 0 , 0
243 , 0 , 1000 , 1077.51 , 0 , 0 , 0
244 , 0 , 1000 , 1076.79 , 0 , 0 , 0
245 , 0 , 1000 , 1076.07 , 0 , 0 , 0
246 , 0 , 1000 , 1075.35 , 0 , 0 , 0
247 , 0 , 1000 , 1074.63 , 0 , 0 , 0
248 , 0 , 1000 , 1073.9 , 0 , 0 , 0
249 , 0 , 1000 , 1073.18 , 0 , 0 , 0
250 , 0 , 1000 , 1072.45 , 0 , 0 , 0
251 , 0 , 1000 , 1071.72 , 0 , 0 , 0
252 , 0 , 1000 , 1070.99 , 0 , 0 , 0
253 , 0 , 1000 , 1070.26 , 0 , 0 , 0
254 , 0 , 1000 , 1069.52 , 0 , 0 , 0
255 , 0 , 1000 , 1068.79 , 0 , 0 , 0
256 , 0 , 1000 , 1068.05 , 0 , 0 , 0
257 , 0 , 1000 , 1067.31 , 0 , 0 , 0
258 , 0 , 1000 , 1066.57 , 0 , 0 , 0
259 , 0 , 1000 , 1065.83 , 0 , 0 , 0
260 , 0 , 1000 , 1065.09 , 0 , 0 , 0
261 , 0 , 1000 , 1064.34 , 0 , 0 , 0
262 , 0 , 1000 , 1063.6 , 0 , 0 , 0
263 , 0 , 1000 , 1062.85 , 0 , 0 , 0
264 , 0 , 1000 , 1062.11 , 0 , 0 , 0
265 , 0 , 1000 , 1061.36 , 0 , 0 , 0
266 , 0 , 1000 , 1060.61 , 0 , 0 , 0
267 , 0 , 1000 , 1059.86 , 0 , 0 , 0
268 , 0 , 1000 , 1059.11 , 0 , 0 , 0
269 , 0 , 1000 , 1058.35 , 0 , 0 , 0
270 , 0 , 1000 , 1057.6 , 0 , 0 , 0
271 , 0 , 1000 , 1056.85 , 0 , 0 , 0
272 , 0 , 1000 , 1056.09 , 0 , 0 , 0
273 , 0 , 1000 , 1055.34 , 0 , 0 , 0
274 , 0 , 1000 , 1054.58 , 0 , 0 , 0
275 , 0 , 1000 , 1053.82 , 0 , 0 , 0
276 , 0 , 1000 , 1053.06 , 0 , 0 , 0
277 , 0 , 1000 , 1052.3 , 0 , 0 , 0
278 , 0 , 1000 , 1051.54 , 0 , 0 , 0
279 , 0 , 1000 , 1050.78 , 0 , 0 , 0
280 , 0 , 1000 , 1050.02 , 0 , 0 , 0
281 , 0 , 1000 , 1049.26 , 0 , 0 , 0
282 , 0 , 1000 , 1048.5 , 0 , 0 , 0
283 , 0 , 1000 , 1047.74 , 0 , 0 , 0
284 , 0 , 1000 , 1046.97 , 0 , 0 , 0
285 , 0 , 1000 , 1046.21 , 0 , 0 , 0
286 , 0 , 1000 , 1045.45 , 0 , 0 , 0
287 , 0 , 1000 , 1044.68 , 0 , 0 , 0
288 , 0 , 1000 , 1043.92 , 0 , 0 , 0
289 , 0 , 1000 , 1043.15 , 0 , 0 , 0
290 , 0 , 1000 , 1042.39 , 0 , 0 , 0
291 , 0 , 1000 , 1041.62 , 0 , 0 , 0
292 , 0 , 1000 , 1040.86 , 0 , 0 , 0
293 , 0 , 1000 , 1040.09 , 0 , 0 , 0
294 , 0 , 1000 , 1039.32 , 0 , 0 , 0
295 , 0 , 1000 , 1038.56 , 0 , 0 , 0
296 , 0 , 1000 , 1037.79 , 0 , 0 , 0
297 , 0 , 1000 , 1037.02 , 0 , 0 , 0
298 , 0 , 1000 , 1036.25 , 0 , 0 , 0
299 , 0 , 1000 , 1035.49 , 0 , 0 , 0
300 , 0 , 1000 , 1034.72 , 0 , 0 , 0
301 , 0 , 1000 , 1033.95 , 0 , 0 , 0
302 , 0 , 1000 , 1033.18 , 0 , 0 , 0
303 , 0 , 1000 , 1032.42 , 0 , 0 , 0
304 , 0 , 1000 , 1031.65 , 0 , 0 , 0
305 , 0 , 1000 , 1030.88 , 0 , 0 , 0
306 , 0 , 1000 , 1030.11 , 0 , 0 , 0
307 , 0 , 1000 , 1029.34 , 0 , 0 , 0
308 , 0 , 1000 , 1028.58 , 0 , 0 , 0
309 , 0 , 1000 , 1027.81 , 0 , 0 , 0
310 , 0 , 1000 , 1027.04 , 0 , 0 , 0
311 , 0 , 1000 , 1026.27 , 0 , 0 , 0
312 , 0 , 1000 , 1025.51 , 0 , 0 , 0
313 , 0 , 1000 , 1024.74 , 0 , 0 , 0
314 , 0 , 1000 , 1023.97 , 0 , 0 , 0
315 , 0 , 1000 , 1023.2 , 0 , 0 , 0
316 , 0 , 1000 , 1022.44 , 0 , 0 , 0
317 , 0 , 1000 , 1021.67 , 0 , 0 , 0
318 , 0 , 1000 , 1020.9 , 0 , 0 , 0
319 , 0 , 1000 , 1020.14 , 0 , 0 , 0
320 , 0 , 1000 , 1019.37 , 0 , 0 , 0
321 , 0 , 1000 , 1018.61 , 0 , 0 , 0
322 , 0 , 1000 , 1017.84 , 0 , 0 , 0
323 , 0 , 1000 , 1017.07 , 0 , 0 , 0
324 , 0 , 1000 , 1016.31 , 0 , 0 , 0
325 , 0 , 1000 , 1015.55 , 0 , 0 , 0
326 , 0 , 1000 , 1014.78 , 0 , 0 , 0
327 , 0 , 1000 , 1014.02 , 0 , 0 , 0
328 , 0 , 1000 , 1013.25 , 0 , 0 , 0
329 , 0 , 1000 , 1012.49 , 0 , 0 , 0
330 , 0 , 1000 , 1011.73 , 0 , 0 , 0
331 , 0 , 1000 , 1010.97 , 0 , 0 , 0
332 , 0 , 1000 , 1010.21 , 0 , 0 , 0
333 , 0 , 1000 , 1009.45 , 0 , 0 , 0
334 , 0 , 1000 , 1008.69 , 0 , 0 , 0
335 , 0 , 1000 , 1007.93 , 0 , 0 , 0
336 , 0 , 1000 , 1007.17 , 0 , 0 , 0
337 , 0 , 1000 , 1006.41 , 0 , 0 , 0
338 , 0 , 1000 , 1005.65 , 0 , 0 , 0
339 , 0 , 1000 , 1004.89 , 0 , 0 , 0
340 , 0 , 1000 , 1004.13 , 0 , 0 , 0
341 , 0 , 1000 , 1003.38 , 0 , 0 , 0
342 , 0 , 1000 , 1002.62 , 0 , 0 , 0
343 , 0 , 1000 , 1001.87 , 0 , 0 , 0
344 , 0 , 1000 , 1001.11 , 0 , 0 , 0
345 , 0 , 1000 , 1000.36 , 0 , 0 , 0
346 , 0 , 1000 , 999.606 , 0 , 0 , 0
347 , 0 , 1000 , 998.854 , 0 , 0 , 0
348 , 0 , 1000 , 998.102 , 0 , 0 , 0
349 , 0 , 1000 , 997.351 , 0 , 0 , 0
350 , 0 , 1000 , 996.601 , 0 , 0 , 0
351 , 0 , 1000 , 995.852 , 0 , 0 , 0
352 , 0 , 1000 , 995.103 , 0 , 0 , 0
353 , 0 , 1000 , 994.355 , 0 , 0 , 0
354 , 0 , 1000 , 993.608 , 0 , 0 , 0
355 , 0 , 1000 , 992.862 , 0 , 0 , 0
356 , 0 , 1000 , 992.117 , 0 , 0 , 0
357 , 0 , 1000 , 991.373 , 0 , 0 , 0
358 , 0 , 1000 , 990.629 , 0 , 0 , 0
359 , 0 , 1000 , 989.886 , 0 , 0 , 0
360 , 0 , 1000 , 989.145 , 0 , 0 , 0
361 , 0 , 1000 , 988.404 , 0 , 0 , 0
362 , 0 , 1000 , 987.664 , 0 , 0 , 0
363 , 0 , 1000 , 986.924 , 0 , 0 , 0
364 , 0 , 1000 , 986.186 , 0 , 0 , 0
365 , 0 , 1000 , 985.449 , 0 , 0 , 0
366 , 0 , 1000 , 984.713 , 0 , 0 , 0
367 , 0 , 1000 , 983.977 , 0 , 0 , 0
368 , 0 , 1000 , 983.243 , 0 , 0 , 0
369 , 0 , 1000 , 982.51 , 0 , 0 , 0
370 , 0 , 1000 , 981.777 , 0 , 0 , 0
371 , 0 , 1000 , 981.046 , 0 , 0 , 0
372 , 0 , 1000 , 980.316 , 0 , 0 , 0
373 , 0 , 1000 , 979.586 , 0 , 0 , 0
374 , 0 , 1000 , 978.858 , 0 , 0 , 0
375 , 0 , 1000 , 978.13 , 0 , 0 , 0
376 , 0 , 1000 , 977.404 , 0 , 0 , 0
377 , 0 , 1000 , 976.679 , 0 , 0 , 0
378 , 0 , 1000 , 975.955 , 0 , 0 , 0
379 , 0 , 1000 , 975.232 , 0 , 0 , 0
380 , 0 , 1000 , 974.51 , 0 , 0 , 0
381 , 0 , 1000 , 973.789 , 0 , 0 , 0
382 , 0 , 1000 , 973.069 , 0 , 0 , 0
383 , 0 , 1000 , 972.351 , 0 , 0 , 0
384 , 0 , 1000 , 971.633 , 0 , 0 , 0
385 , 0 , 1000 , 970.917 , 0 , 0 , 0
386 , 0 , 1000 , 970.201 , 0 , 0 , 0
387 , 0 , 1000 , 969.487 , 0 , 0 , 0
388 , 0 , 1000 , 968.774 , 0 , 0 , 0
389 , 0 , 1000 , 968.062 , 0 , 0 , 0
390 , 0 , 1000 , 967.352 , 0 , 0 , 0
391 , 0 , 1000 , 966.642 , 0 , 0 , 0
392 , 0 , 1000 , 965.933 , 0 , 0 , 0
393 , 0 , 1000 , 965.226 , 0 , 0 , 0
394 , 0 , 1000 , 964.52 , 0 , 0 , 0
395 , 0 , 1000 , 963.815 , 0 , 0 , 0
396 , 0 , 1000 , 963.112 , 0 , 0 , 0
397 , 0 , 1000 , 962.409 , 0 , 0 , 0
398 , 0 , 1000 , 961.708 , 0 , 0 , 0
399 , 0 , 1000 , 961.008 , 0 , 0 , 0
400 , 0 , 1000 , 960.309 , 0 , 0 , 0
401 , 0 , 1000 , 959.611 , 0 , 0 , 0
402 , 0 , 1000 , 958.915 , 0 , 0 , 0
403 , 0 , 1000 , 958.219 , 0 , 0 , 0
404 , 0 , 1000 , 957.525 , 0 , 0 , 0
405 , 0 , 1000 , 956.833 , 0 , 0 , 0
406 , 0 , 1000 , 956.141 , 0 , 0 , 0
407 , 0 , 1000 , 955.451 , 0 , 0 , 0
408 , 0 , 1000 , 954.762 , 0 , 0 , 0
409 , 0 , 1000 , 954.074 , 0 , 0 , 0
410 , 0 , 1000 , 953.387 , 0 , 0 , 0
411 , 0 , 1000 , 952.702 , 0 , 0 , 0
412 , 0 , 1000 , 952.018 , 0 , 0 , 0
413 , 0 , 1000 , 951.335 , 0 , 0 , 0
414 , 0 , 1000 , 950.654 , 0 , 0 , 0
415 , 0 , 1000 , 949.973 , 0 , 0 , 0
416 , 0 , 1000 , 949.294 , 0 , 0 , 0
417 , 0 , 1000 , 948.617 , 0 , 0 , 0
418 , 0 , 1000 , 947.94 , 0 , 0 , 0
419 , 0 , 1000 , 947.265 , 0 , 0 , 0
420 , 0 , 1000 , 946.591 , 0 , 0 , 0
421 , 0 , 1000 , 945.918 , 0 , 0 , 0
422 , 0 , 1000 , 945.247 , 0 , 0 , 0
423 , 0 , 1000 , 944.577 , 0 , 0 , 0
424 , 0 , 1000 , 943.908 , 0 , 0 , 0
425 , 0 , 1000 , 943.24 , 0 , 0 , 0
426 , 0 , 1000 , 942.574 , 0 , 0 , 0
427 , 0 , 1000 , 941.909 , 0 , 0 , 0
428 , 0 , 1000 , 941.245 , 0 , 0 , 0
429 , 0 , 1000 , 940.583 , 0 , 0 , 0
430 , 0 , 1000 , 939.922 , 0 , 0 , 0
431 , 0 , 1000 , 939.262 , 0 , 0 , 0
432 , 0 , 1000 , 938.603 , 0 , 0 , 0
433 , 0 , 1000 , 937.946 , 0 , 0 , 0
434 , 0 , 1000 , 937.29 , 0 , 0 , 0
435 , 0 , 1000 , 936.635 , 0 , 0 , 0
436 , 0 , 1000 , 935.981 , 0 , 0 , 0
437 , 0 , 1000 , 935.329 , 0 , 0 , 0
438 , 0 , 1000 , 934.678 , 0 , 0 , 0
439 , 0 , 1000 , 934.028 , 0 , 0 , 0
440 , 0 , 1000 , 933.38 , 0 , 0 , 0
441 , 0 , 1000 , 932.733 , 0 , 0 , 0
442 , 0 , 1000 , 932.087 , 0 , 0 , 0
443 , 0 , 1000 , 931.442 , 0 , 0 , 0
444 , 0 , 1000 , 930.799 , 0 , 0 , 0
445 , 0 , 1000 , 930.157 , 0 , 0 , 0
446 , 0 , 1000 , 929.516 , 0 , 0 , 0
447 , 0 , 1000 , 928.876 , 0 , 0 , 0
448 , 0 , 1000 , 928.237 , 0 , 0 , 0
449 , 0 , 1000 , 927.6 , 0 , 0 , 0
450 , 0 , 1000 , 926.964 , 0 , 0 , 0
451 , 0 , 1000 , 926.33 , 0 , 0 , 0
452 , 0 , 1000 , 925.696 , 0 , 0 , 0
453 , 0 , 1000 , 925.064 , 0 , 0 , 0
454 , 0 , 1000 , 924.433 , 0 , 0 , 0
455 , 0 , 1000 , 923.803 , 0 , 0 , 0
456 , 0 , 1000 , 923.174 , 0 , 0 , 0
457 , 0 , 1000 , 922.547 , 0 , 0 , 0
458 , 0 , 1000 , 921.921 , 0 , 0 , 0
459 , 0 , 1000 , 921.296 , 0 , 0 , 0
460 , 0 , 1000 , 920.672 , 0 , 0 , 0
461 , 0 , 1000 , 920.05 , 0 , 0 , 0
462 , 0 , 1000 , 919.428 , 0 , 0 , 0
463 , 0 , 1000 , 918.808 , 0 , 0 , 0
464 , 0 , 1000 , 918.189 , 0 , 0 , 0
465 , 0 , 1000 , 917.572 , 0 , 0 , 0
466 , 0 , 1000 , 916.955 , 0 , 0 , 0
467 , 0 , 1000 , 916.34 , 0 , 0 , 0
468 , 0 , 1000 , 915.726 , 0 , 0 , 0
469 , 0 , 1000 , 915.113 , 0 , 0 , 0
470 , 0 , 1000 , 914.501 , 0 , 0 , 0
471 , 0 , 1000 , 913.89 , 0 , 0 , 0
472 , 0 , 1000 , 913.281 , 0 , 0 , 0
473 , 0 , 1000 , 912.672 , 0 , 0 , 0
474 , 0 , 1000 , 912.065 , 0 , 0 , 0
475 , 0 , 1000 , 911.459 , 0 , 0 , 0
476 , 0 , 1000 , 910.854 , 0 , 0 , 0
477 , 0 , 1000 , 910.251 , 0 , 0 , 0
478 , 0 , 1000 , 909.648 , 0 , 0 , 0
479 , 0 , 1000 , 909.047 , 0 , 0 , 0
480 , 0 , 1000 , 908.447 , 0 , 0 , 0
481 , 0 , 1000 , 907.847 , 0 , 0 , 0
482 , 0 , 1000 , 907.249 , 0 , 0 , 0
483 , 0 , 1000 , 906.653 , 0 , 0 , 0
484 , 0 , 1000 , 906.057 , 0 , 0 , 0
485 , 0 , 1000 , 905.462 , 0 , 0 , 0
486 , 0 , 1000 , 904.869 , 0 , 0 , 0
487 , 0 , 1000 , 904.276 , 0 , 0 , 0
488 , 0 , 1000 , 903.685 , 0 , 0 , 0
489 , 0 , 1000 , 903.095 , 0 , 0 , 0
490 , 0 , 1000 , 902.506 , 0 , 0 , 0
491 , 0 , 1000 , 901.918 , 0 , 0 , 0
492 , 0 , 1000 , 901.332 , 0 , 0 , 0
493 , 0 , 1000 , 900.746 , 0 , 0 , 0
494 , 0 , 1000 , 900.161 , 0 , 0 , 0
495 , 0 , 1000 , 899.578 , 0 , 0 , 0
496 , 0 , 1000 , 898.996 , 0 , 0 , 0
497 , 0 , 1000 , 898.414 , 0 , 0 , 0
498 , 0 , 1000 , 897.834 , 0 , 0 , 0
499 , 0 , 1000 , 897.255 , 0 , 0 , 0
500 , 0 , 1000 , 896.677 , 0 , 0 , 0
501 , 0 , 1000 , 896.1 , 0 , 0 , 0
502 , 0 , 1000 , 895.524 , 0 , 0 , 0
503 , 0 , 1000 , 894.95 , 0 , 0 , 0
504 , 0 , 1000 , 894.376 , 0 , 0 , 0
505 , 0 , 1000 , 893.803 , 0 , 0 , 0
506 , 0 , 1000 , 893.232 , 0 , 0 , 0
507 , 0 , 1000 , 892.661 , 0 , 0 , 0
508 , 0 , 1000 , 892.092 , 0 , 0 , 0
509 , 0 , 1000 , 891.523 , 0 , 0 , 0
510 , 0 , 1000 , 890.956 , 0 , 0 , 0
511 , 0 , 1000 , 890.39 , 0 , 0 , 0
512 , 0 , 1000 , 889.824 , 0 , 0 , 0
513 , 0 , 1000 , 889.26 , 0 , 0 , 0
514 , 0 , 1000 , 888.697 , 0 , 0 , 0
515 , 0 , 1000 , 888.135 , 0 , 0 , 0
516 , 0 , 1000 , 887.574 , 0 , 0 , 0
517 , 0 , 1000 , 887.014 , 0 , 0 , 0
518 , 0 , 1000 , 886.455 , 0 , 0 , 0
519 , 0 , 1000 , 885.897 , 0 , 0 , 0
520 , 0 , 1000 , 885.34 , 0 , 0 , 0
521 , 0 , 1000 , 884.784 , 0 , 0 , 0
522 , 0 , 1000 , 884.229 , 0 , 0 , 0
523 , 0 , 1000 , 883.675 , 0 , 0 , 0
524 , 0 , 1000 , 883.122 , 0 , 0 , 0
525 , 0 , 1000 , 882.57 , 0 , 0 , 0
526 , 0 , 1000 , 882.02 , 0 , 0 , 0
527 , 0 , 1000 , 881.47 , 0 , 0 , 0
528 , 0 , 1000 , 880.921 , 0 , 0 , 0
529 , 0 , 1000 , 880.373 , 0 , 0 , 0
530 , 0 , 1000 , 879.826 , 0 , 0 , 0
531 , 0 , 1000 , 879.28 , 0 , 0 , 0
532 , 0 , 1000 , 878.735 , 0 , 0 , 0
533 , 0 , 1000 , 878.191 , 0 , 0 , 0
534 , 0 , 1000 , 877.648 , 0 , 0 , 0
535 , 0 , 1000 , 877.106 , 0 , 0 , 0
536 , 0 , 1000 , 876.565 , 0 , 0 , 0
537 , 0 , 1000 , 876.025 , 0 , 0 , 0
538 , 0 , 1000 , 875.486 , 0 , 0 , 0
539 , 0 , 1000 , 874.948 , 0 , 0 , 0
540 , 0 , 1000 , 874.411 , 0 , 0 , 0
541 , 0 , 1000 , 873.875 , 0 , 0 , 0
542 , 0 , 1000 , 873.34 , 0 , 0 , 0
543 , 0 , 1000 , 872.806 , 0 , 0 , 0
544 , 0 , 1000 , 872.273 , 0 , 0 , 0
545 , 0 , 1000 , 871.74 , 0 , 0 , 0
546 , 0 , 1000 , 871.209 , 0 , 0 , 0
547 , 0 , 1000 , 870.679 , 0 , 0 , 0
548 , 0 , 1000 , 870.149 , 0 , 0 , 0
549 , 0 , 1000 , 869.621 , 0 , 0 , 0
550 , 0 , 1000 , 869.093 , 0 , 0 , 0
551 , 0 , 1000 , 868.566 , 0 , 0 , 0
552 , 0 , 1000 , 868.041 , 0 , 0 , 0
553 , 0 , 1000 , 867.516 , 0 , 0 , 0
554 , 0 , 1000 , 866.992 , 0 , 0 , 0
555 , 0 , 1000 , 866.469 , 0 , 0 , 0
556 , 0 , 1000 , 865.947 , 0 , 0 , 0
557 , 0 , 1000 , 865.426 , 0 , 0 , 0
558 , 0 , 1000 , 864.906 , 0 , 0 , 0
559 , 0 , 1000 , 864.387 , 0 , 0 , 0
560 , 0 , 1000 , 863.868 , 0 , 0 , 0
561 , 0 , 1000 , 863.351 , 0 , 0 , 0
562 , 0 , 1000 , 862.835 , 0 , 0 , 0
563 , 0 , 1000 , 862.319 , 0 , 0 , 0
564 , 0 , 1000 , 861.804 , 0 , 0 , 0
565 , 0 , 1000 , 861.291 , 0 , 0 , 0
566 , 0 , 1000 , 860.778 , 0 , 0 , 0
567 , 0 , 1000 , 860.266 , 0 , 0 , 0
568 , 0 , 1000 , 859.755 , 0 , 0 , 0
569 , 0 , 1000 , 859.245 , 0 , 0 , 0
570 , 0 , 1000 , 858.735 , 0 , 0 , 0
571 , 0 , 1000 , 858.227 , 0 , 0 , 0
572 , 0 , 1000 , 857.719 , 0 , 0 , 0
573 , 0 , 1000 , 857.213 , 0 , 0 , 0
574 , 0 , 1000 , 856.707 , 0 , 0 , 0
575 , 0 , 1000 , 856.202 , 0 , 0 , 0
576 , 0 , 1000 , 855.698 , 0 , 0 , 0
577 , 0 , 1000 , 855.195 , 0 , 0 , 0
578 , 0 , 1000 , 854.693 , 0 , 0 , 0
579 , 0 , 1000 , 854.191 , 0 , 0 , 0
580 , 0 , 1000 , 853.691 , 0 , 0 , 0
581 , 0 , 1000 , 853.191 , 0 , 0 , 0
582 , 0 , 1000 , 852.692 , 0 , 0 , 0
583 , 0 , 1000 , 852.194 , 0 , 0 , 0
584 , 0 , 1000 , 851.697 , 0 , 0 , 0
585 , 0 , 1000 , 851.201 , 0 , 0 , 0
586 , 0 , 1000 , 850.706 , 0 , 0 , 0
587 , 0 , 1000 , 850.211 , 0 , 0 , 0
588 , 0 , 1000 , 849.717 , 0 , 0 , 0
589 , 0 , 1000 , 849.225 , 0 , 0 , 0
590 , 0 , 1000 , 848.733 , 0 , 0 , 0
591 , 0 , 1000 , 848.241 , 0 , 0 , 0
592 , 0 , 1000 , 847.751 , 0 , 0 , 0
593 , 0 , 1000 , 847.262 , 0 , 0 , 0
594 , 0 , 1000 , 846.773 , 0 , 0 , 0
595 , 0 , 1000 , 846.285 , 0 , 0 , 0
596 , 0 , 1000 , 845.798 , 0 , 0 , 0
597 , 0 , 1000 , 845.312 , 0 , 0 , 0
598 , 0 , 1000 , 844.827 , 0 , 0 , 0
599 , 0 , 1000 , 844.342 , 0 , 0 , 0
600 , 0 , 1000 , 843.858 , 0 , 0 , 0
601 , 0 , 1000 , 843.375 , 0 , 0 , 0
602 , 0 , 1000 , 842.893 , 0 , 0 , 0
603 , 0 , 1000 , 842.412 , 0 , 0 , 0
604 , 0 , 1000 , 841.932 , 0 , 0 , 0
605 , 0 , 1000 , 841.452 , 0 , 0 , 0
606 , 0 , 1000 , 840.973 , 0 , 0 , 0
607 , 0 , 1000 , 840.495 , 0 , 0 , 0
608 , 0 , 1000 , 840.018 , 0 , 0 , 0
609 , 0 , 1000 , 839.541 , 0 , 0 , 0
610 , 0 , 1000 , 839.065 , 0 , 0 , 0
611 , 0 , 1000 , 838.59 , 0 , 0 , 0
612 , 0 , 1000 , 838.116 , 0 , 0 , 0
613 , 0 , 1000 , 837.643 , 0 , 0 , 0
614 , 0 , 1000 , 837.17 , 0 , 0 , 0
615 , 0 , 1000 , 836.698 , 0 , 0 , 0
616 , 0 , 1000 , 836.227 , 0 , 0 , 0
617 , 0 , 1000 , 835.757 , 0 , 0 , 0
618 , 0 , 1000 , 835.287 , 0 , 0 , 0
619 , 0 , 1000 , 834.819 , 0 , 0 , 0
620 , 0 , 1000 , 834.351 , 0 , 0 , 0
621 , 0 , 1000 , 833.883 , 0 , 0 , 0
622 , 0 , 1000 , 833.417 , 0 , 0 , 0
623 , 0 , 1000 , 832.951 , 0 , 0 , 0
624 , 0 , 1000 , 832.486 , 0 , 0 , 0
625 , 0 , 1000 , 832.022 , 0 , 0 , 0
626 , 0 , 1000 , 831.558 , 0 , 0 , 0
627 , 0 , 1000 , 831.096 , 0 , 0 , 0
628 , 0 , 1000 , 830.634 , 0 , 0 , 0
629 , 0 , 1000 , 830.172 , 0 , 0 , 0
630 , 0 , 1000 , 829.712 , 0 , 0 , 0
631 , 0 , 1000 , 829.252 , 0 , 0 , 0
632 , 0 , 1000 , 828.793 , 0 , 0 , 0
633 , 0 , 1000 , 828.335 , 0 , 0 , 0
634 , 0 , 1000 , 827.877 , 0 , 0 , 0
635 , 0 , 1000 , 827.42 , 0 , 0 , 0
636 , 0 , 1000 , 826.964 , 0 , 0 , 0
637 , 0 , 1000 , 826.509 , 0 , 0 , 0
638 , 0 , 1000 , 826.054 , 0 , 0 , 0
639 , 0 , 1000 , 825.6 , 0 , 0 , 0
640 , 0 , 1000 , 825.146 , 0 , 0 , 0
641 , 0 , 1000 , 824.694 , 0 , 0 , 0
642 , 0 , 1000 , 824.242 , 0 , 0 , 0
643 , 0 , 1000 , 823.791 , 0 , 0 , 0
644 , 0 , 1000 , 823.34 , 0 , 0 , 0
645 , 0 , 1000 , 822.891 , 0 , 0 , 0
646 , 0 , 1000 , 822.441 , 0 , 0 , 0
647 , 0 , 1000 , 821.993 , 0 , 0 , 0
648 , 0 , 1000 , 821.545 , 0 , 0 , 0
649 , 0 , 1000 , 821.099 , 0 , 0 , 0
650 , 0 , 1000 , 820.652 , 0 , 0 , 0
651 , 0 , 1000 , 820.207 , 0 , 0 , 0
652 , 0 , 1000 , 819.762 , 0 , 0 , 0
653 , 0 , 1000 , 819.318 , 0 , 0 , 0
654 , 0 , 1000 , 818.874 , 0 , 0 , 0
655 , 0 , 1000 , 818.431 , 0 , 0 , 0
656 , 0 , 1000 , 817.989 , 0 , 0 , 0
657 , 0 , 1000 , 817.548 , 0 , 0 , 0
658 , 0 , 1000 , 817.107 , 0 , 0 , 0
659 , 0 , 1000 , 816.667 , 0 , 0 , 0
660 , 0 , 1000 , 816.227 , 0 , 0 , 0
661 , 0 , 1000 , 815.788 , 0 , 0 , 0
662 , 0 , 1000 , 815.35 , 0 , 0 , 0
663 , 0 , 1000 , 814.913 , 0 , 0 , 0
664 , 0 , 1000 , 814.476 , 0 , 0 , 0
665 , 0 , 1000 , 814.04 , 0 , 0 , 0
666 , 0 , 1000 , 813.605 , 0 , 0 , 0
667 , 0 , 1000 , 813.17 , 0 , 0 , 0
668 , 0 , 1000 , 812.736 , 0 , 0 , 0
669 , 0 , 1000 , 812.302 , 0 , 0 , 0
670 , 0 , 1000 , 811.87 , 0 , 0 , 0
671 , 0 , 1000 , 811.437 , 0 , 0 , 0
672 , 0 , 1000 , 811.006 , 0 , 0 , 0
673 , 0 , 1000 , 810.575 , 0 , 0 , 0
674 , 0 , 1000 , 810.145 , 0 , 0 , 0
675 , 0 , 1000 , 809.716 , 0 , 0 , 0
676 , 0 , 1000 , 809.287 , 0 , 0 , 0
677 , 0 , 1000 , 808.858 , 0 , 0 , 0
678 , 0 , 1000 , 808.431 , 0 , 0 , 0
679 , 0 , 1000 , 808.004 , 0 , 0 , 0
680 , 0 , 1000 , 807.578 , 0 , 0 , 0
681 , 0 , 1000 , 807.152 , 0 , 0 , 0
682 , 0 , 1000 , 806.727 , 0 , 0 , 0
683 , 0 , 1000 , 806.303 , 0 , 0 , 0
684 , 0 , 1000 , 805.879 , 0 , 0 , 0
685 , 0 , 1000 , 805.456 , 0 , 0 , 0
686 , 0 , 1000 , 805.033 , 0 , 0 , 0
687 , 0 , 1000 , 804.612 , 0 , 0 , 0
688 , 0 , 1000 , 804.19 , 0 , 0 , 0
689 , 0 , 1000 , 803.77 , 0 , 0 , 0
690 , 0 , 1000 , 803.35 , 0 , 0 , 0
691 , 0 , 1000 , 802.931 , 0 , 0 , 0
692 , 0 , 1000 , 802.512 , 0 , 0 , 0
693 , 0 , 1000 , 802.094 , 0 , 0 , 0
694 , 0 , 1000 , 801.677 , 0 , 0 , 0
695 , 0 , 1000 , 801.26 , 0 , 0 , 0
696 , 0 , 1000 , 800.844 , 0 , 0 , 0
697 , 0 , 1000 , 800.428 , 0 , 0 , 0
698 , 0 , 1000 , 800.013 , 0 , 0 , 0
699 , 0 , 1000 , 799.599 , 0 , 0 , 0
700 , 0 , 1000 , 799.185 , 0 , 0 , 0
701 , 0 , 1000 , 798.772 , 0 , 0 , 0
702 , 0 , 1000 , 798.359 , 0 , 0 , 0
703 , 0 , 1000 , 797.947 , 0 , 0 , 0
704 , 0 , 1000 , 797.536 , 0 , 0 , 0
705 , 0 , 1000 , 797.125 , 0 , 0 , 0
706 , 0 , 1000 , 796.715 , 0 , 0 , 0
707 , 0 , 1000 , 796.306 , 0 , 0 , 0
708 , 0 , 1000 , 795.897 , 0 , 0 , 0
709 , 0 , 1000 , 795.488 , 0 , 0 , 0
710 , 0 , 1000 , 795.081 , 0 , 0 , 0
711 , 0 , 1000 , 794.674 , 0 , 0 , 0
712 , 0 , 1000 , 794.267 , 0 , 0 , 0
713 , 0 , 1000 , 793.861 , 0 , 0 , 0
714 , 0 , 1000 , 793.456 , 0 , 0 , 0
715 , 0 , 1000 , 793.051 , 0 , 0 , 0
716 , 0 , 1000 , 792.647 , 0 , 0 , 0
717 , 0 , 1000 , 792.244 , 0 , 0 , 0
718 , 0 , 1000 , 791.841 , 0 , 0 , 0
719 , 0 , 1000 , 791.438 , 0 , 0 , 0
720 , 0 , 1000 , 791.037 , 0 , 0 , 0
721 , 0 , 1000 , 790.635 , 0 , 0 , 0
722 , 0 , 1000 , 790.235 , 0 , 0 , 0
723 , 0 , 1000 , 789.835 , 0 , 0 , 0
724 , 0 , 1000 , 789.435 , 0 , 0 , 0
725 , 0 , 1000 , 789.037 , 0 , 0 , 0
726 , 0 , 1000 , 788.638 , 0 , 0 , 0
727 , 0 , 1000 , 788.241 , 0 , 0 , 0
728 , 0 , 1000 , 787.844 , 0 , 0 , 0
729 , 0 , 1000 , 787.447 , 0 , 0 , 0
730 , 0 , 1000 , 787.051 , 0 , 0 , 0
731 , 0 , 1000 , 786.655 , 0 , 0 , 0
732 , 0 , 1000 , 786.261 , 0 , 0 , 0
733 , 0 , 1000 , 785.866 , 0 , 0 , 0
734 , 0 , 1000 , 785.473 , 0 , 0 , 0
735 , 0 , 1000 , 785.08 , 0 , 0 , 0
736 , 0 , 1000 , 784.687 , 0 , 0 , 0
737 , 0 , 1000 , 784.295 , 0 , 0 , 0
738 , 0 , 1000 , 783.904 , 0 , 0 , 0
739 , 0 , 1000 , 783.513 , 0 , 0 , 0
740 , 0 , 1000 , 783.122 , 0 , 0 , 0
741 , 0 , 1000 , 782.733 , 0 , 0 , 0
742 , 0 , 1000 , 782.344 , 0 , 0 , 0
743 , 0 , 1000 , 781.955 , 0 , 0 , 0
744 , 0 , 1000 , 781.567 , 0 , 0 , 0
745 , 0 , 1000 , 781.179 , 0 , 0 , 0
746 , 0 , 1000 , 780.792 , 0 , 0 , 0
747 , 0 , 1000 , 780.406 , 0 , 0 , 0
748 , 0 , 1000 , 780.02 , 0 , 0 , 0
749 , 0 , 1000 , 779.635 , 0 , 0 , 0
750 , 0 , 1000 , 779.25 , 0 , 0 , 0
751 , 0 , 1000 , 778.866 , 0 , 0 , 0
752 , 0 , 1000 , 778.482 , 0 , 0 , 0
753 , 0 , 1000 , 778.099 , 0 , 0 , 0
754 , 0 , 1000 , 777.716 , 0 , 0 , 0
755 , 0 , 1000 , 777.334 , 0 , 0 , 0
756 , 0 , 1000 , 776.953 , 0 , 0 , 0
757 , 0 , 1000 , 776.572 , 0 , 0 , 0
758 , 0 , 1000 , 776.191 , 0 , 0 , 0
759 , 0 , 1000 , 775.811 , 0 , 0 , 0
760 , 0 , 1000 , 775.432 , 0 , 0 , 0
761 , 0 , 1000 , 775.053 , 0 , 0 , 0
762 , 0 , 1000 , 774.675 , 0 , 0 , 0
763 , 0 , 1000 , 774.297 , 0 , 0 , 0
764 , 0 , 1000 , 773.92 , 0 , 0 , 0
765 , 0 , 1000 , 773.543 , 0 , 0 , 0
766 , 0 , 1000 , 773.167 , 0 , 0 , 0
767 , 0 , 1000 , 772.792 , 0 , 0 , 0
768 , 0 , 1000 , 772.416 , 0 , 0 , 0
769 , 0 , 1000 , 772.042 , 0 , 0 , 0
770 , 0 , 1000 , 771.668 , 0 , 0 , 0
771 , 0 , 1000 , 771.294 , 0 , 0 , 0
772 , 0 , 1000 , 770.921 , 0 , 0 , 0
773 , 0 , 1000 , 770.549 , 0 , 0 , 0
774 , 0 , 1000 , 770.177 , 0 , 0 , 0
775 , 0 , 1000 , 769.806 , 0 , 0 , 0
776 , 0 , 1000 , 769.435 , 0 , 0 , 0
777 , 0 , 1000 , 769.064 , 0 , 0 , 0
778 , 0 , 1000 , 768.694 , 0 , 0 , 0
779 , 0 , 1000 , 768.325 , 0 , 0 , 0
780 , 0 , 1000 , 767.956 , 0 , 0 , 0
781 , 0 , 1000 , 767.588 , 0 , 0 , 0
782 , 0 , 1000 , 767.22 , 0 , 0 , 0
783 , 0 , 1000 , 766.853 , 0 , 0 , 0
784 , 0 , 1000 , 766.486 , 0 , 0 , 0
785 , 0 , 1000 , 766.12 , 0 , 0 , 0
786 , 0 , 1000 , 765.754 , 0 , 0 , 0
787 , 0 , 1000 , 765.389 , 0 , 0 , 0
788 , 0 , 1000 , 765.024 , 0 , 0 , 0
789 , 0 , 1000 , 764.66 , 0 , 0 , 0
790 , 0 , 1000 , 764.296 , 0 , 0 , 0
791 , 0 , 1000 , 763.933 , 0 , 0 , 0
792 , 0 , 1000 , 763.57 , 0 , 0 , 0
793 , 0 , 1000 , 763.208 , 0 , 0 , 0
794 , 0 , 1000 , 762.846 , 0 , 0 , 0
795 , 0 , 1000 , 762.485 , 0 , 0 , 0
796 , 0 , 1000 , 762.124 , 0 , 0 , 0
797 , 0 , 1000 , 761.764 , 0 , 0 , 0
798 , 0 , 1000 , 761.404 , 0 , 0 , 0
799 , 0 , 1000 , 761.045 , 0 , 0 , 0
800 , 0 , 1000 , 760.686 , 0 , 0 , 0
801 , 0 , 1000 , 760.328 , 0 , 0 , 0
802 , 0 , 1000 , 759.97 , 0 , 0 , 0
803 , 0 , 1000 , 759.613 , 0 , 0 , 0
804 , 0 , 1000 , 759.256 , 0 , 0 , 0
805 , 0 , 1000 , 758.9 , 0 , 0 , 0
806 , 0 , 1000 , 758.544 , 0 , 0 , 0
807 , 0 , 1000 , 758.188 , 0 , 0 , 0
808 , 0 , 1000 , 757.834 , 0 , 0 , 0
809 , 0 , 1000 , 757.479 , 0 , 0 , 0
810 , 0 , 1000 , 757.125 , 0 , 0 , 0
811 , 0 , 1000 , 756.772 , 0 , 0 , 0
812 , 0 , 1000 , 756.419 , 0 , 0 , 0
813 , 0 , 1000 , 756.067 , 0 , 0 , 0
814 , 0 , 1000 , 755.715 , 0 , 0 , 0
815 , 0 , 1000 , 755.363 , 0 , 0 , 0
816 , 0 , 1000 , 755.012 , 0 , 0 , 0
817 , 0 , 1000 , 754.662 , 0 , 0 , 0
818 , 0 , 1000 , 754.312 , 0 , 0 , 0
819 , 0 , 1000 , 753.962 , 0 , 0 , 0
820 , 0 , 1000 , 753.613 , 0 , 0 , 0
821 , 0 , 1000 , 753.265 , 0 , 0 , 0
822 , 0 , 1000 , 752.917 , 0 , 0 , 0
823 , 0 , 1000 , 752.569 , 0 , 0 , 0
824 , 0 , 1000 , 752.222 , 0 , 0 , 0
825 , 0 , 1000 , 751.875 , 0 , 0 , 0
826 , 0 , 1000 , 751.529 , 0 , 0 , 0
827 , 0 , 1000 , 751.183 , 0 , 0 , 0
828 , 0 , 1000 , 750.838 , 0 , 0 , 0
829 , 0 , 1000 , 750.493 , 0 , 0 , 0
830 , 0 , 1000 , 750.149 , 0 , 0 , 0
831 , 0 , 1000 , 749.805 , 0 , 0 , 0
832 , 0 , 1000 , 749.461 , 0 , 0 , 0
833 , 0 , 1000 , 749.118 , 0 , 0 , 0
834 , 0 , 1000 , 748.776 , 0 , 0 , 0
835 , 0 , 1000 , 748.434 , 0 , 0 , 0
836 , 0 , 1000 , 748.092 , 0 , 0 , 0
837 , 0 , 1000 , 747.751 , 0 , 0 , 0
838 , 0 , 1000 , 747.41 , 0 , 0 , 0
839 , 0 , 1000 , 747.07 , 0 , 0 , 0
840 , 0 , 1000 , 746.731 , 0 , 0 , 0
841 , 0 , 1000 , 746.391 , 0 , 0 , 0
842 , 0 , 1000 , 746.052 , 0 , 0 , 0
843 , 0 , 1000 , 745.714 , 0 , 0 , 0
844 , 0 , 1000 , 745.376 , 0 , 0 , 0
845 , 0 , 1000 , 745.038 , 0 , 0 , 0
846 , 0 , 1000 , 744.701 , 0 , 0 , 0
847 , 0 , 1000 , 744.365 , 0 , 0 , 0
848 , 0 , 1000 , 744.029 , 0 , 0 , 0
849 , 0 , 1000 , 743.693 , 0 , 0 , 0
850 , 0 , 1000 , 743.358 , 0 , 0 , 0
851 , 0 , 1000 , 743.023 , 0 , 0 , 0
852 , 0 , 1000 , 742.689 , 0 , 0 , 0
853 , 0 , 1000 , 742.355 , 0 , 0 , 0
854 , 0 , 1000 , 742.021 , 0 , 0 , 0
855 , 0 , 1000 , 741.688 , 0 , 0 , 0
856 , 0 , 1000 , 741.356 , 0 , 0 , 0
857 , 0 , 1000 , 741.024 , 0 , 0 , 0
858 , 0 , 1000 , 740.692 , 0 , 0 , 0
859 , 0 , 1000 , 740.361 , 0 , 0 , 0
860 , 0 , 1000 , 740.03 , 0 , 0 , 0
861 , 0 , 1000 , 739.699 , 0 , 0 , 0
862 , 0 , 1000 , 739.37 , 0 , 0 , 0
863 , 0 , 1000 , 739.04 , 0 , 0 , 0
864 , 0 , 1000 , 738.711 , 0 , 0 , 0
865 , 0 , 1000 , 738.382 , 0 , 0 , 0
866 , 0 , 1000 , 738.054 , 0 , 0 , 0
867 , 0 , 1000 , 737.726 , 0 , 0 , 0
868 , 0 , 1000 , 737.399 , 0 , 0 , 0
869 , 0 , 1000 , 737.072 , 0 , 0 , 0
870 , 0 , 1000 , 736.746 , 0 , 0 , 0
871 , 0 , 1000 , 736.42 , 0 , 0 , 0
872 , 0 , 1000 , 736.094 , 0 , 0 , 0
873 , 0 , 1000 , 735.769 , 0 , 0 , 0
874 , 0 , 1000 , 735.444 , 0 , 0 , 0
875 , 0 , 1000 , 735.12 , 0 , 0 , 0
876 , 0 , 1000 , 734.796 , 0 , 0 , 0
877 , 0 , 1000 , 734.473 , 0 , 0 , 0
878 , 0 , 1000 , 734.149 , 0 , 0 , 0
879 , 0 , 1000 , 733.827 , 0 , 0 , 0
880 , 0 , 1000 , 733.505 , 0 , 0 , 0
881 , 0 , 1000 , 733.183 , 0 , 0 , 0
882 , 0 , 1000 , 732.861 , 0 , 0 , 0
883 , 0 , 1000 , 732.54 , 0 , 0 , 0
884 , 0 , 1000 , 732.22 , 0 , 0 , 0
885 , 0 , 1000 , 731.9 , 0 , 0 , 0
886 , 0 , 1000 , 731.58 , 0 , 0 , 0
887 , 0 , 1000 , 731.261 , 0 , 0 , 0
888 , 0 , 1000 , 730.942 , 0 , 0 , 0
889 , 0 , 1000 , 730.624 , 0 , 0 , 0
890 , 0 , 1000 , 730.306 , 0 , 0 , 0
891 , 0 , 1000 , 729.988 , 0 , 0 , 0
892 , 0 , 1000 , 729.671 , 0 , 0 , 0
893 , 0 , 1000 , 729.354 , 0 , 0 , 0
894 , 0 , 1000 , 729.038 , 0 , 0 , 0
895 , 0 , 1000 , 728.722 , 0 , 0 , 0
896 , 0 , 1000 , 728.406 , 0 , 0 , 0
897 , 0 , 1000 , 728.091 , 0 , 0 , 0
898 , 0 , 1000 , 727.776 , 0 , 0 , 0
899 , 0 , 1000 , 727.462 , 0 , 0 , 0
900 , 0 , 1000 , 727.148 , 0 , 0 , 0
901 , 0 , 1000 , 726.834 , 0 , 0 , 0
902 , 0 , 1000 , 726.521 , 0 , 0 , 0
903 , 0 , 1000 , 726.209 , 0 , 0 , 0
904 , 0 , 1000 , 725.896 , 0 , 0 , 0
905 , 0 , 1000 , 725.584 , 0 , 0 , 0
906 , 0 , 1000 , 725.273 , 0 , 0 , 0
907 , 0 , 1000 , 724.962 , 0 , 0 , 0
908 , 0 , 1000 , 724.651 , 0 , 0 , 0
909 , 0 , 1000 , 724.341 , 0 , 0 , 0
910 , 0 , 1000 , 724.031 , 0 , 0 , 0
911 , 0 , 1000 , 723.721 , 0 , 0 , 0
912 , 0 , 1000 , 723.412 , 0 , 0 , 0
913 , 0 , 1000 , 723.104 , 0 , 0 , 0
914 , 0 , 1000 , 722.796 , 0 , 0 , 0
915 , 0 , 1000 , 722.488 , 0 , 0 , 0
916 , 0 , 1000 , 722.18 , 0 , 0 , 0
917 , 0 , 1000 , 721.873 , 0 , 0 , 0
918 , 0 , 1000 , 721.566 , 0 , 0 , 0
919 , 0 , 1000 , 721.26 , 0 , 0 , 0
920 , 0 , 1000 , 720.954 , 0 , 0 , 0
921 , 0 , 1000 , 720.649 , 0 , 0 , 0
922 , 0 , 1000 , 720.344 , 0 , 0 , 0
923 , 0 , 1000 , 720.039 , 0 , 0 , 0
924 , 0 , 1000 , 719.735 , 0 , 0 , 0
925 , 0 , 1000 , 719.431 , 0 , 0 , 0
926 , 0 , 1000 , 719.127 , 0 , 0 , 0
927 , 0 , 1000 , 718.824 , 0 , 0 , 0
928 , 0 , 1000 , 718.521 , 0 , 0 , 0
929 , 0 , 1000 , 718.219 , 0 , 0 , 0
930 , 0 , 1000 , 717.917 , 0 , 0 , 0
931 , 0 , 1000 , 717.615 , 0 , 0 , 0
932 , 0 , 1000 , 717.314 , 0 , 0 , 0
933 , 0 , 1000 , 717.013 , 0 , 0 , 0
934 , 0 , 1000 , 716.713 , 0 , 0 , 0
935 , 0 , 1000 , 716.413 , 0 , 0 , 0
936 , 0 , 1000 , 716.113 , 0 , 0 , 0
937 , 0 , 1000 , 715.814 , 0 , 0 , 0
938 , 0 , 1000 , 715.515 , 0 , 0 , 0
939 , 0 , 1000 , 715.217 , 0 , 0 , 0
940 , 0 , 1000 , 714.918 , 0 , 0 , 0
941 , 0 , 1000 , 714.621 , 0 , 0 , 0
942 , 0 , 1000 , 714.323 , 0 , 0 , 0
943 , 0 , 1000 , 714.026 , 0 , 0 , 0
944 , 0 , 1000 , 713.73 , 0 , 0 , 0
945 , 0 , 1000 , 713.434 , 0 , 0 , 0
946 , 0 , 1000 , 713.138 , 0 , 0 , 0
947 , 0 , 1000 , 712.842 , 0 , 0 , 0
948 , 0 , 1000 , 712.547 , 0 , 0 , 0
949 , 0 , 1000 , 712.253 , 0 , 0 , 0
950 , 0 , 1000 , 711.958 , 0 , 0 , 0
951 , 0 , 1000 , 711.664 , 0 , 0 , 0
952 , 0 , 1000 , 711.371 , 0 , 0 , 0
953 , 0 , 1000 , 711.078 , 0 , 0 , 0
954 , 0 , 1000 , 710.785 , 0 , 0 , 0
955 , 0 , 1000 , 710.492 , 0 , 0 , 0
956 , 0 , 1000 , 710.2 , 0 , 0 , 0
957 , 0 , 1000 , 709.909 , 0 , 0 , 0
958 , 0 , 1000 , 709.618 , 0 , 0 , 0
959 , 0 , 1000 , 709.327 , 0 , 0 , 0
960 , 0 , 1000 , 709.036 , 0 , 0 , 0
961 , 0 , 1000 , 708.746 , 0 , 0 , 0
962 , 0 , 1000 , 708.456 , 0 , 0 , 0
963 , 0 , 1000 , 708.167 , 0 , 0 , 0
964 , 0 , 1000 , 707.878 , 0 , 0 , 0
965 , 0 , 1000 , 707.589 , 0 , 0 , 0
966 , 0 , 1000 , 707.301 , 0 , 0 , 0
967 , 0 , 1000 , 707.013 , 0 , 0 , 0
968 , 0 , 1000 , 706.725 , 0 , 0 , 0
969 , 0 , 1000 , 706.438 , 0 , 0 , 0
970 , 0 , 1000 , 706.151 , 0 , 0 , 0
971 , 0 , 1000 , 705.865 , 0 , 0 , 0
972 , 0 , 1000 , 705.579 , 0 , 0 , 0
973 , 0 , 1000 , 705.293 , 0 , 0 , 0
974 , 0 , 1000 , 705.008 , 0 , 0 , 0
975 , 0 , 1000 , 704.723 , 0 , 0 , 0
976 , 0 , 1000 , 704.438 , 0 , 0 , 0
977 , 0 , 1000 , 704.154 , 0 , 0 , 0
978 , 0 , 1000 , 703.87 , 0 , 0 , 0
979 , 0 , 1000 , 703.587 , 0 , 0 , 0
980 , 0 , 1000 , 703.303 , 0 , 0 , 0
981 , 0 , 1000 , 703.021 , 0 , 0 , 0
982 , 0 , 1000 , 702.738 , 0 , 0 , 0
983 , 0 , 1000 , 702.456 , 0 , 0 , 0
984 , 0 , 1000 , 702.174 , 0 , 0 , 0
985 , 0 , 1000 , 701.893 , 0 , 0 , 0
986 , 0 , 1000 , 701.612 , 0 , 0 , 0
987 , 0 , 1000 , 701.332 , 0 , 0 , 0
988 , 0 , 1000 , 701.051 , 0 , 0 , 0
989 , 0 , 1000 , 700.771 , 0 , 0 , 0
990 , 0 , 1000 , 700.492 , 0 , 0 , 0
991 , 0 , 1000 , 700.213 , 0 , 0 , 0
992 , 0 , 1000 , 699.934 , 0 , 0 , 0
993 , 0 , 1000 , 699.656 , 0 , 0 , 0
994 , 0 , 1000 , 699.377 , 0 , 0 , 0
995 , 0 , 1000 , 699.1 , 0 , 0 , 0
996 , 0 , 1000 , 698.822 , 0 , 0 , 0
997 , 0 , 1000 , 698.545 , 0 , 0 , 0
998 , 0 , 1000 , 698.269 , 0 , 0 , 0
999 , 0 , 1000 , 697.992 , 0 , 0 , 0
1000 , 0 , 1000 , 697.716 , 0 , 0 , 0
1001 , 0 , 1000 , 697.441 , 0 , 0 , 0
1002 , 0 , 1000 , 697.166 , 0 , 0 , 0
1003 , 0 , 1000 , 696.891 , 0 , 0 , 0
1004 , 0 , 1000 , 696.616 , 0 , 0 , 0
1005 , 0 , 1000 , 696.342 , 0 , 0 , 0
1006 , 0 , 1000 , 696.068 , 0 , 0 , 0
1007 , 0 , 1000 , 695.795 , 0 , 0 , 0
1008 , 0 , 1000 , 695.522 , 0 , 0 , 0
1009 , 0 , 1000 , 695.249 , 0 , 0 , 0
1010 , 0 , 1000 , 694.977 , 0 , 0 , 0
1011 , 0 , 1000 , 694.705 , 0 , 0 , 0
1012 , 0 , 1000 , 694.433 , 0 , 0 , 0
1013 , 0 , 1000 , 694.162 , 0 , 0 , 0
1014 , 0 , 1000 , 693.891 , 0 , 0 , 0
1015 , 0 , 1000 , 693.62 , 0 , 0 , 0
1016 , 0 , 1000 , 693.35 , 0 , 0 , 0
1017 , 0 , 1000 , 693.08 , 0 , 0 , 0
1018 , 0 , 1000 , 692.81 , 0 , 0 , 0
1019 , 0 , 1000 , 692.541 , 0 , 0 , 0
1020 , 0 , 1000 , 692.272 , 0 , 0 , 0
1021 , 0 , 1000 , 692.004 , 0 , 0 , 0
1022 , 0 , 1000 , 691.736 , 0 , 0 , 0
1023 , 0 , 1000 , 691.468 , 0 , 0 , 0
1024 , 0 , 1000 , 691.201 , 0 , 0 , 0
1025 , 0 , 1000 , 690.933 , 0 , 0 , 0
1026 , 0 , 1000 , 690.667 , 0 , 0 , 0
1027 , 0 , 1000 , 690.4 , 0 , 0 , 0
1028 , 0 , 1000 , 690.134 , 0 , 0 , 0
1029 , 0 , 1000 , 689.868 , 0 , 0 , 0
1030 , 0 , 1000 , 689.603 , 0 , 0 , 0
1031 , 0 , 1000 , 689.338 , 0 , 0 , 0
1032 , 0 , 1000 , 689.073 , 0 , 0 , 0
1033 , 0 , 1000 , 688.809 , 0 , 0 , 0
1034 , 0 , 1000 , 688.545 , 0 , 0 , 0
1035 , 0 , 1000 , 688.281 , 0 , 0 , 0
1036 , 0 , 1000 , 688.018 , 0 , 0 , 0
1037 , 0 , 1000 , 687.755 , 0 , 0 , 0
1038 , 0 , 1000 , 687.492 , 0 , 0 , 0
1039 , 0 , 1000 , 687.23 , 0 , 0 , 0
1040 , 0 , 1000 , 686.968 , 0 , 0 , 0
1041 , 0 , 1000 , 686.706 , 0 , 0 , 0
1042 , 0 , 1000 , 686.445 , 0 , 0 , 0
1043 , 0 , 1000 , 686.184 , 0 , 0 , 0
1044 , 0 , 1000 , 685.924 , 0 , 0 , 0
1045 , 0 , 1000 , 685.663 , 0 , 0 , 0
1046 , 0 , 1000 , 685.404 , 0 , 0 , 0
1047 , 0 , 1000 , 685.144 , 0 , 0 , 0
1048 , 0 , 1000 , 684.885 , 0 , 0 , 0
1049 , 0 , 1000 , 684.626 , 0 , 0 , 0
1050 , 0 , 1000 , 684.367 , 0 , 0 , 0
1051 , 0 , 1000 , 684.109 , 0 , 0 , 0
1052 , 0 , 1000 , 683.851 , 0 , 0 , 0
1053 , 0 , 1000 , 683.594 , 0 , 0 , 0
1054 , 0 , 1000 , 683.337 , 0 , 0 , 0
1055 , 0 , 1000 , 683.08 , 0 , 0 , 0
1056 , 0 , 1000 , 682.823 , 0 , 0 , 0
1057 , 0 , 1000 , 682.567 , 0 , 0 , 0
1058 , 0 , 1000 , 682.311 , 0 , 0 , 0
1059 , 0 , 1000 , 682.056 , 0 , 0 , 0
1060 , 0 , 1000 , 681.8 , 0 , 0 , 0
1061 , 0 , 1000 , 681.546 , 0 , 0 , 0
1062 , 0 , 1000 , 681.291 , 0 , 0 , 0
1063 , 0 , 1000 , 681.037 , 0 , 0 , 0
1064 , 0 , 1000 , 680.783 , 0 , 0 , 0
1065 , 0 , 1000 , 680.53 , 0 , 0 , 0
1066 , 0 , 1000 , 680.276 , 0 , 0 , 0
1067 , 0 , 1000 , 680.024 , 0 , 0 , 0
1068 , 0 , 1000 , 679.771 , 0 , 0 , 0
1069 , 0 , 1000 , 679.519 , 0 , 0 , 0
1070 , 0 , 1000 , 679.267 , 0 , 0 , 0
1071 , 0 , 1000 , 679.016 , 0 , 0 , 0
1072 , 0 , 1000 , 678.764 , 0 , 0 , 0
1073 , 0 , 1000 , 678.513 , 0 , 0 , 0
1074 , 0 , 1000 , 678.263 , 0 , 0 , 0
1075 , 0 , 1000 , 678.013 , 0 , 0 , 0
1076 , 0 , 1000 , 677.763 , 0 , 0 , 0
1077 , 0 , 1000 , 677.513 , 0 , 0 , 0
1078 , 0 , 1000 , 677.264 , 0 , 0 , 0
1079 , 0 , 1000 , 677.015 , 0 , 0 , 0
1080 , 0 , 1000 , 676.767 , 0 , 0 , 0
1081 , 0 , 1000 , 676.518 , 0 , 0 , 0
1082 , 0 , 1000 , 676.271 , 0 , 0 , 0
1083 , 0 , 1000 , 676.023 , 0 , 0 , 0
1084 , 0 , 1000 , 675.776 , 0 , 0 , 0
1085 , 0 , 1000 , 675.529 , 0 , 0 , 0
1086 , 0 , 1000 , 675.282 , 0 , 0 , 0
1087 , 0 , 1000 , 675.036 , 0 , 0 , 0
1088 , 0 , 1000 , 674.79 , 0 , 0 , 0
1089 , 0 , 1000 , 674.544 , 0 , 0 , 0
1090 , 0 , 1000 , 674.299 , 0 , 0 , 0
1091 , 0 , 1000 , 674.054 , 0 , 0 , 0
1092 , 0 , 1000 , 673.809 , 0 , 0 , 0
1093 , 0 , 1000 , 673.565 , 0 , 0 , 0
1094 , 0 , 1000 , 673.321 , 0 , 0 , 0
1095 , 0 , 1000 , 673.077 , 0 , 0 , 0
1096 , 0 , 1000 , 672.834 , 0 , 0 , 0
1097 , 0 , 1000 , 672.591 , 0 , 0 , 0
1098 , 0 , 1000 , 672.348 , 0 , 0 , 0
1099 , 0 , 1000 , 672.106 , 0 , 0 , 0
1100 , 0 , 1000 , 671.864 , 0 , 0 , 0
1101 , 0 , 1000 , 671.622 , 0 , 0 , 0
1102 , 0 , 1000 , 671.38 , 0 , 0 , 0
1103 , 0 , 1000 , 671.139 , 0 , 0 , 0
1104 , 0 , 1000 , 670.899 , 0 , 0 , 0
1105 , 0 , 1000 , 670.658 , 0 , 0 , 0
1106 , 0 , 1000 , 670.418 , 0 , 0 , 0
1107 , 0 , 1000 , 670.178 , 0 , 0 , 0
1108 , 0 , 1000 , 669.938 , 0 , 0 , 0
1109 , 0 , 1000 , 669.699 , 0 , 0 , 0
1110 , 0 , 1000 , 669.46 , 0 , 0 , 0
1111 , 0 , 1000 , 669.222 , 0 , 0 , 0
1112 , 0 , 1000 , 668.984 , 0 , 0 , 0
1113 , 0 , 1000 , 668.746 , 0 , 0 , 0
1114 , 0 , 1000 , 668.508 , 0 , 0 , 0
1115 , 0 , 1000 , 668.271 , 0 , 0 , 0
1116 , 0 , 1000 , 668.034 , 0 , 0 , 0
1117 , 0 , 1000 , 667.797 , 0 , 0 , 0
1118 , 0 , 1000 , 667.561 , 0 , 0 , 0
1119 , 0 , 1000 , 667.324 , 0 , 0 , 0
1120 , 0 , 1000 , 667.089 , 0 , 0 , 0
1121 , 0 , 1000 , 666.853 , 0 , 0 , 0
1122 , 0 , 1000 , 666.618 , 0 , 0 , 0
1123 , 0 , 1000 , 666.383 , 0 , 0 , 0
1124 , 0 , 1000 , 666.149 , 0 , 0 , 0
1125 , 0 , 1000 , 665.914 , 0 , 0 , 0
1126 , 0 , 1000 , 665.68 , 0 , 0 , 0
1127 , 0 , 1000 , 665.447 , 0 , 0 , 0
1128 , 0 , 1000 , 665.214 , 0 , 0 , 0
1129 , 0 , 1000 , 664.981 , 0 , 0 , 0
1130 , 0 , 1000 , 664.748 , 0 , 0 , 0
1131 , 0 , 1000 , 664.516 , 0 , 0 , 0
1132 , 0 , 1000 , 664.283 , 0 , 0 , 0
1133 , 0 , 1000 , 664.052 , 0 , 0 , 0
1134 , 0 , 1000 , 663.82 , 0 , 0 , 0
1135 , 0 , 1000 , 663.589 , 0 , 0 , 0
1136 , 0 , 1000 , 663.358 , 0 , 0 , 0
1137 , 0 , 1000 , 663.128 , 0 , 0 , 0
1138 , 0 , 1000 , 662.898 , 0 , 0 , 0
1139 , 0 , 1000 , 662.668 , 0 , 0 , 0
1140 , 0 , 1000 , 662.438 , 0 , 0 , 0
1141 , 0 , 1000 , 662.209 , 0 , 0 , 0
1142 , 0 , 1000 , 661.98 , 0 , 0 , 0
1143 , 0 , 1000 , 661.751 , 0 , 0 , 0
1144 , 0 , 1000 , 661.523 , 0 , 0 , 0
1145 , 0 , 1000 , 661.295 , 0 , 0 , 0
1146 , 0 , 1000 , 661.067 , 0 , 0 , 0
1147 , 0 , 1000 , 660.839 , 0 , 0 , 0
1148 , 0 , 1000 , 660.612 , 0 , 0 , 0
1149 , 0 , 1000 , 660.385 , 0 , 0 , 0
1150 , 0 , 1000 , 660.159 , 0 , 0 , 0
1151 , 0 , 1000 , 659.932 , 0 , 0 , 0
1152 , 0 , 1000 , 659.706 , 0 , 0 , 0
1153 , 0 , 1000 , 659.481 , 0 , 0 , 0
1154 , 0 , 1000 , 659.255 , 0 , 0 , 0
1155 , 0 , 1000 , 659.03 , 0 , 0 , 0
1156 , 0 , 1000 , 658.805 , 0 , 0 , 0
1157 , 0 , 1000 , 658.581 , 0 , 0 , 0
1158 , 0 , 1000 , 658.357 , 0 , 0 , 0
1159 , 0 , 1000 , 658.133 , 0 , 0 , 0
1160 , 0 , 1000 , 657.909 , 0 , 0 , 0
1161 , 0 , 1000 , 657.686 , 0 , 0 , 0
1162 , 0 , 1000 , 657.463 , 0 , 0 , 0
1163 , 0 , 1000 , 657.24 , 0 , 0 , 0
1164 , 0 , 1000 , 657.018 , 0 , 0 , 0
1165 , 0 , 1000 , 656.795 , 0 , 0 , 0
1166 , 0 , 1000 , 656.574 , 0 , 0 , 0
1167 , 0 , 1000 , 656.352 , 0 , 0 , 0
1168 , 0 , 1000 , 656.131 , 0 , 0 , 0
1169 , 0 , 1000 , 655.91 , 0 , 0 , 0
1170 , 0 , 1000 , 655.689 , 0 , 0 , 0
1171 , 0 , 1000 , 655.469 , 0 , 0 , 0
1172 , 0 , 1000 , 655.249 , 0 , 0 , 0
1173 , 0 , 1000 , 655.029 , 0 , 0 , 0
1174 , 0 , 1000 , 654.809 , 0 , 0 , 0
1175 , 0 , 1000 , 654.59 , 0 , 0 , 0
1176 , 0 , 1000 , 654.371 , 0 , 0 , 0
1177 , 0 , 1000 , 654.152 , 0 , 0 , 0
1178 , 0 , 1000 , 653.934 , 0 , 0 , 0
1179 , 0 , 1000 , 653.716 , 0 , 0 , 0
1180 , 0 , 1000 , 653.498 , 0 , 0 , 0
1181 , 0 , 1000 , 653.281 , 0 , 0 , 0
1182 , 0 , 1000 , 653.063 , 0 , 0 , 0
1183 , 0 , 1000 , 652.847 , 0 , 0 , 0
1184 , 0 , 1000 , 652.63 , 0 , 0 , 0
1185 , 0 , 1000 , 652.414 , 0 , 0 , 0
1186 , 0 , 1000 , 652.198 , 0 , 0 , 0
1187 , 0 , 1000 , 651.982 , 0 , 0 , 0
1188 , 0 , 1000 , 651.766 , 0 , 0 , 0
1189 , 0 , 1000 , 651.551 , 0 , 0 , 0
1190 , 0 , 1000 , 651.336 , 0 , 0 , 0
1191 , 0 , 1000 , 651.122 , 0 , 0 , 0
1192 , 0 , 1000 , 650.907 , 0 , 0 , 0
1193 , 0 , 1000 , 650.693 , 0 , 0 , 0
1194 , 0 , 1000 , 650.479 , 0 , 0 , 0
1195 , 0 , 1000 , 650.266 , 0 , 0 , 0
1196 , 0 , 1000 , 650.052 , 0 , 0 , 0
1197 , 0 , 1000 , 649.84 , 0 , 0 , 0
1198 , 0 , 1000 , 649.627 , 0 , 0 , 0
1199 , 0 , 1000 , 649.414 , 0 , 0 , 0
1200 , 0 , 1000 , 649.202 , 0 , 0 , 0
1201 , 0 , 1000 , 648.991 , 0 , 0 , 0
1202 , 0 , 1000 , 648.779 , 0 , 0 , 0
1203 , 0 , 1000 , 648.568 , 0 , 0 , 0
1204 , 0 , 1000 , 648.357 , 0 , 0 , 0
1205 , 0 , 1000 , 648.146 , 0 , 0 , 0
1206 , 0 , 1000 , 647.935 , 0 , 0 , 0
1207 , 0 , 1000 , 647.725 , 0 , 0 , 0
1208 , 0 , 1000 , 647.515 , 0 , 0 , 0
1209 , 0 , 1000 , 647.306 , 0 , 0 , 0
1210 , 0 , 1000 , 647.096 , 0 , 0 , 0
1211 , 0 , 1000 , 646.887 , 0 , 0 , 0
1212 , 0 , 1000 , 646.679 , 0 , 0 , 0
1213 , 0 , 1000 , 646.47 , 0 , 0 , 0
1214 , 0 , 1000 , 646.262 , 0 , 0 , 0
1215 , 0 , 1000 , 646.054 , 0 , 0 , 0
1216 , 0 , 1000 , 645.846 , 0 , 0 , 0
1217 , 0 , 1000 , 645.639 , 0 , 0 , 0
1218 , 0 , 1000 , 645.432 , 0 , 0 , 0
1219 , 0 , 1000 , 645.225 , 0 , 0 , 0
1220 , 0 , 1000 , 645.018 , 0 , 0 , 0
1221 , 0 , 1000 , 644.812 , 0 , 0 , 0
1222 , 0 , 1000 , 644.606 , 0 , 0 , 0
1223 , 0 , 1000 , 644.4 , 0 , 0 , 0
1224 , 0 , 1000 , 644.194 , 0 , 0 , 0
1225 , 0 , 1000 , 643.989 , 0 , 0 , 0
1226 , 0 , 1000 , 643.784 , 0 , 0 , 0
1227 , 0 , 1000 , 643.579 , 0 , 0 , 0
1228 , 0 , 1000 , 643.375 , 0 , 0 , 0
1229 , 0 , 1000 , 643.171 , 0 , 0 , 0
1230 , 0 , 1000 , 642.967 , 0 , 0 , 0
1231 , 0 , 1000 , 642.763 , 0 , 0 , 0
1232 , 0 , 1000 , 642.56 , 0 , 0 , 0
1233 , 0 , 1000 , 642.357 , 0 , 0 , 0
1234 , 0 , 1000 , 642.154 , 0 , 0 , 0
1235 , 0 , 1000 , 641.951 , 0 , 0 , 0
1236 , 0 , 1000 , 641.749 , 0 , 0 , 0
1237 , 0 , 1000 , 641.547 , 0 , 0 , 0
1238 , 0 , 1000 , 641.345 , 0 , 0 , 0
1239 , 0 , 1000 , 641.143 , 0 , 0 , 0
1240 , 0 , 1000 , 640.942 , 0 , 0 , 0
1241 , 0 , 1000 , 640.741 , 0 , 0 , 0
1242 , 0 , 1000 , 640.54 , 0 , 0 , 0
1243 , 0 , 1000 , 640.34 , 0 , 0 , 0
1244 , 0 , 1000 , 640.14 , 0 , 0 , 0
1245 , 0 , 1000 , 639.94 , 0 , 0 , 0
1246 , 0 , 1000 , 639.74 , 0 , 0 , 0
1247 , 0 , 1000 , 639.54 , 0 , 0 , 0
1248 , 0 , 1000 , 639.341 , 0 , 0 , 0
1249 , 0 , 1000 , 639.142 , 0 , 0 , 0
1250 , 0 , 1000 , 638.943 , 0 , 0 , 0
1251 , 0 , 1000 , 638.745 , 0 , 0 , 0
1252 , 0 , 1000 , 638.547 , 0 , 0 , 0
1253 , 0 , 1000 , 638.349 , 0 , 0 , 0
1254 , 0 , 1000 , 638.151 , 0 , 0 , 0
1255 , 0 , 1000 , 637.954 , 0 , 0 , 0
1256 , 0 , 1000 , 637.757 , 0 , 0 , 0
1257 , 0 , 1000 , 637.56 , 0 , 0 , 0
1258 , 0 , 1000 , 637.363 , 0 , 0 , 0
1259 , 0 , 1000 , 637.167 , 0 , 0 , 0
1260 , 0 , 1000 , 636.971 , 0 , 0 , 0
1261 , 0 , 1000 , 636.775 , 0 , 0 , 0
1262 , 0 , 1000 , 636.579 , 0 , 0 , 0
1263 , 0 , 1000 , 636.384 , 0 , 0 , 0
1264 , 0 , 1000 , 636.189 , 0 , 0 , 0
1265 , 0 , 1000 , 635.994 , 0 , 0 , 0
1266 , 0 , 1000 , 635.799 , 0 , 0 , 0
1267 , 0 , 1000 , 635.605 , 0 , 0 , 0
1268 , 0 , 1000 , 635.41 , 0 , 0 , 0
1269 , 0 , 1000 , 635.217 , 0 , 0 , 0
1270 , 0 , 1000 , 635.023 , 0 , 0 , 0
1271 , 0 , 1000 , 634.83 , 0 , 0 , 0
1272 , 0 , 1000 , 634.636 , 0 , 0 , 0
1273 , 0 , 1000 , 634.443 , 0 , 0 , 0
1274 , 0 , 1000 , 634.251 , 0 , 0 , 0
1275 , 0 , 1000 , 634.058 , 0 , 0 , 0
1276 , 0 , 1000 , 633.866 , 0 , 0 , 0
1277 , 0 , 1000 , 633.674 , 0 , 0 , 0
1278 , 0 , 1000 , 633.483 , 0 , 0 , 0
1279 , 0 , 1000 , 633.291 , 0 , 0 , 0
1280 , 0 , 1000 , 633.1 , 0 , 0 , 0
1281 , 0 , 1000 , 632.909 , 0 , 0 , 0
1282 , 0 , 1000 , 632.719 , 0 , 0 , 0
1283 , 0 , 1000 , 632.528 , 0 , 0 , 0
1284 , 0 , 1000 , 632.338 , 0 , 0 , 0
1285 , 0 , 1000 , 632.148 , 0 , 0 , 0
1286 , 0 , 1000 , 631.958 , 0 , 0 , 0
1287 , 0 , 1000 , 631.769 , 0 , 0 , 0
1288 , 0 , 1000 , 631.58 , 0 , 0 , 0
1289 , 0 , 1000 , 631.391 , 0 , 0 , 0
1290 , 0 , 1000 , 631.202 , 0 , 0 , 0
1291 , 0 , 1000 , 631.013 , 0 , 0 , 0
1292 , 0 , 1000 , 630.825 , 0 , 0 , 0
1293 , 0 , 1000 , 630.637 , 0 , 0 , 0
1294 , 0 , 1000 , 630.449 , 0 , 0 , 0
1295 , 0 , 1000 , 630.262 , 0 , 0 , 0
1296 , 0 , 1000 , 630.074 , 0 , 0 , 0
1297 , 0 , 1000 , 629.887 , 0 , 0 , 0
1298 , 0 , 1000 , 629.701 , 0 , 0 , 0
1299 , 0 , 1000 , 629.514 , 0 , 0 , 0
1300 , 0 , 1000 , 629.328 , 0 , 0 , 0
1301 , 0 , 1000 , 629.141 , 0 , 0 , 0
1302 , 0 , 1000 , 628.956 , 0 , 0 , 0
1303 , 0 , 1000 , 628.77 , 0 , 0 , 0
1304 , 0 , 1000 , 628.584 , 0 , 0 , 0
1305 , 0 , 1000 , 628.399 , 0 , 0 , 0
1306 , 0 , 1000 , 628.214 , 0 , 0 , 0
1307 , 0 , 1000 , 628.03 , 0 , 0 , 0
1308 , 0 , 1000 , 627.845 , 0 , 0 , 0
1309 , 0 , 1000 , 627.661 , 0 , 0 , 0
1310 , 0 , 1000 , 627.477 , 0 , 0 , 0
1311 , 0 , 1000 , 627.293 , 0 , 0 , 0
1312 , 0 , 1000 , 627.109 , 0 , 0 , 0
1313 , 0 , 1000 , 626.926 , 0 , 0 , 0
1314 , 0 , 1000 , 626.743 , 0 , 0 , 0
1315 , 0 , 1000 , 626.56 , 0 , 0 , 0
1316 , 0 , 1000 , 626.377 , 0 , 0 , 0
1317 , 0 , 1000 , 626.195 , 0 , 0 , 0
1318 , 0 , 1000 , 626.013 , 0 , 0 , 0
1319 , 0 , 1000 , 625.831 , 0 , 0 , 0
1320 , 0 , 1000 , 625.649 , 0 , 0 , 0
1321 , 0 , 1000 , 625.468 , 0 , 0 , 0
1322 , 0 , 1000 , 625.286 , 0 , 0 , 0
1323 , 0 , 1000 , 625.106 , 0 , 0 , 0
1324 , 0 , 1000 , 624.925 , 0 , 0 , 0
1325 , 0 , 1000 , 624.744 , 0 , 0 , 0
1326 , 0 , 1000 , 624.564 , 0 , 0 , 0
1327 , 0 , 1000 , 624.384 , 0 , 0 , 0
1328 , 0 , 1000 , 624.204 , 0 , 0 , 0
1329 , 0 , 1000 , 624.024 , 0 , 0 , 0
1330 , 0 , 1000 , 623.845 , 0 , 0 , 0
1331 , 0 , 1000 , 623.665 , 0 , 0 , 0
1332 , 0 , 1000 , 623.486 , 0 , 0 , 0
1333 , 0 , 1000 , 623.308 , 0 , 0 , 0
1334 , 0 , 1000 , 623.129 , 0 , 0 , 0
1335 , 0 , 1000 , 622.951 , 0 , 0 , 0
1336 , 0 , 1000 , 622.773 , 0 , 0 , 0
1337 , 0 , 1000 , 622.595 , 0 , 0 , 0
1338 , 0 , 1000 , 622.417 , 0 , 0 , 0
1339 , 0 , 1000 , 622.24 , 0 , 0 , 0
1340 , 0 , 1000 , 622.062 , 0 , 0 , 0
1341 , 0 , 1000 , 621.885 , 0 , 0 , 0
1342 , 0 , 1000 , 621.709 , 0 , 0 , 0
1343 , 0 , 1000 , 621.532 , 0 , 0 , 0
1344 , 0 , 1000 , 621.356 , 0 , 0 , 0
1345 , 0 , 1000 , 621.18 , 0 , 0 , 0
1346 , 0 , 1000 , 621.004 , 0 , 0 , 0
1347 , 0 , 1000 , 620.828 , 0 , 0 , 0
1348 , 0 , 1000 , 620.653 , 0 , 0 , 0
1349 , 0 , 1000 , 620.477 , 0 , 0 , 0
1350 , 0 , 1000 , 620.302 , 0 , 0 , 0
1351 , 0 , 1000 , 620.127 , 0 , 0 , 0
1352 , 0 , 1000 , 619.953 , 0 , 0 , 0
1353 , 0 , 1000 , 619.778 , 0 , 0 , 0
1354 , 0 , 1000 , 619.604 , 0 , 0 , 0
1355 , 0 , 1000 , 619.43 , 0 , 0 , 0
1356 , 0 , 1000 , 619.257 , 0 , 0 , 0
1357 , 0 , 1000 , 619.083 , 0 , 0 , 0
1358 , 0 , 1000 , 618.91 , 0 , 0 , 0
1359 , 0 , 1000 , 618.737 , 0 , 0 , 0
1360 , 0 , 1000 , 618.564 , 0 , 0 , 0
1361 , 0 , 1000 , 618.391 , 0 , 0 , 0
1362 , 0 , 1000 , 618.219 , 0 , 0 , 0
1363 , 0 , 1000 , 618.046 , 0 , 0 , 0
1364 , 0 , 1000 , 617.874 , 0 , 0 , 0
1365 , 0 , 1000 , 617.703 , 0 , 0 , 0
1366 , 0 , 1000 , 617.531 , 0 , 0 , 0
1367 , 0 , 1000 , 617.36 , 0 , 0 , 0
1368 , 0 , 1000 , 617.189 , 0 , 0 , 0
1369 , 0 , 1000 , 617.018 , 0 , 0 , 0
1370 , 0 , 1000 , 616.847 , 0 , 0 , 0
1371 , 0 , 1000 , 616.676 , 0 , 0 , 0
1372 , 0 , 1000 , 616.506 , 0 , 0 , 0
1373 , 0 , 1000 , 616.336 , 0 , 0 , 0
1374 , 0 , 1000 , 616.166 , 0 , 0 , 0
1375 , 0 , 1000 , 615.996 , 0 , 0 , 0
1376 , 0 , 1000 , 615.827 , 0 , 0 , 0
1377 , 0 , 1000 , 615.657 , 0 , 0 , 0
1378 , 0 , 1000 , 615.488 , 0 , 0 , 0
1379 , 0 , 1000 , 615.32 , 0 , 0 , 0
1380 , 0 , 1000 , 615.151 , 0 , 0 , 0
1381 , 0 , 1000 , 614.982 , 0 , 0 , 0
1382 , 0 , 1000 , 614.814 , 0 , 0 , 0
1383 , 0 , 1000 , 614.646 , 0 , 0 , 0
1384 , 0 , 1000 , 614.478 , 0 , 0 , 0
1385 , 0 , 1000 , 614.311 , 0 , 0 , 0
1386 , 0 , 1000 , 614.143 , 0 , 0 , 0
1387 , 0 , 1000 , 613.976 , 0 , 0 , 0
1388 , 0 , 1000 , 613.809 , 0 , 0 , 0
1389 , 0 , 1000 , 613.642 , 0 , 0 , 0
1390 , 0 , 1000 , 613.476 , 0 , 0 , 0
1391 , 0 , 1000 , 613.309 , 0 , 0 , 0
1392 , 0 , 1000 , 613.143 , 0 , 0 , 0
1393 , 0 , 1000 , 612.977 , 0 , 0 , 0
1394 , 0 , 1000 , 612.811 , 0 , 0 , 0
1395 , 0 , 1000 , 612.646 , 0 , 0 , 0
1396 , 0 , 1000 , 612.48 , 0 , 0 , 0
1397 , 0 , 1000 , 612.315 , 0 , 0 , 0
1398 , 0 , 1000 , 612.15 , 0 , 0 , 0
1399 , 0 , 1000 , 611.985 , 0 , 0 , 0
1400 , 0 , 1000 , 611.821 , 0 , 0 , 0
1401 , 0 , 1000 , 611.656 , 0 , 0 , 0
1402 , 0 , 1000 , 611.492 , 0 , 0 , 0
1403 , 0 , 1000 , 611.328 , 0 , 0 , 0
1404 , 0 , 1000 , 611.165 , 0 , 0 , 0
1405 , 0 , 1000 , 611.001 , 0 , 0 , 0
1406 , 0 , 1000 , 610.838 , 0 , 0 , 0
1407 , 0 , 1000 , 610.674 , 0 , 0 , 0
1408 , 0 , 1000 , 610.511 , 0 , 0 , 0
1409 , 0 , 1000 , 610.349 , 0 , 0 , 0
1410 , 0 , 1000 , 610.186 , 0 , 0 , 0
1411 , 0 , 1000 , 610.024 , 0 , 0 , 0
1412 , 0 , 1000 , 609.862 , 0 , 0 , 0
1413 , 0 , 1000 , 609.7 , 0 , 0 , 0
1414 , 0 , 1000 , 609.538 , 0 , 0 , 0
1415 , 0 , 1000 , 609.376 , 0 , 0 , 0
1416 , 0 , 1000 , 609.215 , 0 , 0 , 0
1417 , 0 , 1000 , 609.054 , 0 , 0 , 0
1418 , 0 , 1000 , 608.893 , 0 , 0 , 0
1419 , 0 , 1000 , 608.732 , 0 , 0 , 0
1420 , 0 , 1000 , 608.571 , 0 , 0 , 0
1421 , 0 , 1000 , 608.411 , 0 , 0 , 0
1422 , 0 , 1000 , 608.251 , 0 , 0 , 0
1423 , 0 , 1000 , 608.091 , 0 , 0 , 0
1424 , 0 , 1000 , 607.931 , 0 , 0 , 0
1425 , 0 , 1000 , 607.771 , 0 , 0 , 0
1426 , 0 , 1000 , 607.612 , 0 , 0 , 0
1427 , 0 , 1000 , 607.453 , 0 , 0 , 0
1428 , 0 , 1000 , 607.294 , 0 , 0 , 0
1429 , 0 , 1000 , 607.135 , 0 , 0 , 0
1430 , 0 , 1000 , 606.976 , 0 , 0 , 0
1431 , 0 , 1000 , 606.818 , 0 , 0 , 0
1432 , 0 , 1000 , 606.659 , 0 , 0 , 0
1433 , 0 , 1000 , 606.501 , 0 , 0 , 0
1434 , 0 , 1000 , 606.343 , 0 , 0 , 0
1435 , 0 , 1000 , 606.186 , 0 , 0 , 0
1436 , 0 , 1000 , 606.028 , 0 , 0 , 0
1437 , 0 , 1000 , 605.871 , 0 , 0 , 0
1438 , 0 , 1000 , 605.714 , 0 , 0 , 0
1439 , 0 , 1000 , 605.557 , 0 , 0 , 0
1440 , 0 , 1000 , 605.4 , 0 , 0 , 0
1441 , 0 , 1000 , 605.243 , 0 , 0 , 0
1442 , 0 , 1000 , 605.087 , 0 , 0 , 0
1443 , 0 , 1000 , 604.931 , 0 , 0 , 0
1444 , 0 , 1000 , 604.775 , 0 , 0 , 0
1445 , 0 , 1000 , 604.619 , 0 , 0 , 0
1446 , 0 , 1000 , 604.464 , 0 , 0 , 0
1447 , 0 , 1000 , 604.308 , 0 , 0 , 0
1448 , 0 , 1000 , 604.153 , 0 , 0 , 0
1449 , 0 , 1000 , 603.998 , 0 , 0 , 0
1450 , 0 , 1000 , 603.843 , 0 , 0 , 0
1451 , 0 , 1000 , 603.688 , 0 , 0 , 0
1452 , 0 , 1000 , 603.534 , 0 , 0 , 0
1453 , 0 , 1000 , 603.38 , 0 , 0 , 0
1454 , 0 , 1000 , 603.226 , 0 , 0 , 0
1455 , 0 , 1000 , 603.072 , 0 , 0 , 0
1456 , 0 , 1000 , 602.918 , 0 , 0 , 0
1457 , 0 , 1000 , 602.764 , 0 , 0 , 0
1458 , 0 , 1000 , 602.611 , 0 , 0 , 0
1459 , 0 , 1000 , 602.458 , 0 , 0 , 0
1460 , 0 , 1000 , 602.305 , 0 , 0 , 0
1461 , 0 , 1000 , 602.152 , 0 , 0 , 0
1462 , 0 , 1000 , 601.999 , 0 , 0 , 0
1463 , 0 , 1000 , 601.847 , 0 , 0 , 0
1464 , 0 , 1000 , 601.695 , 0 , 0 , 0
1465 , 0 , 1000 , 601.543 , 0 , 0 , 0
1466 , 0 , 1000 , 601.391 , 0 , 0 , 0
1467 , 0 , 1000 , 601.239 , 0 , 0 , 0
1468 , 0 , 1000 , 601.087 , 0 , 0 , 0
1469 , 0 , 1000 , 600.936 , 0 , 0 , 0
1470 , 0 , 1000 , 600.785 , 0 , 0 , 0
1471 , 0 , 1000 , 600.634 , 0 , 0 , 0
1472 , 0 , 1000 , 600.483 , 0 , 0 , 0
1473 , 0 , 1000 , 600.332 , 0 , 0 , 0
1474 , 0 , 1000 , 600.182 , 0 , 0 , 0
1475 , 0 , 1000 , 600.032 , 0 , 0 , 0
1476 , 0 , 1000 , 599.882 , 0 , 0 , 0
1477 , 0 , 1000 , 599.732 , 0 , 0 , 0
1478 , 0 , 1000 , 599.582 , 0 , 0 , 0
1479 , 0 , 1000 , 599.432 , 0 , 0 , 0
1480 , 0 , 1000 , 599.283 , 0 , 0 , 0
1481 , 0 , 1000 , 599.134 , 0 , 0 , 0
1482 , 0 , 1000 , 598.985 , 0 , 0 , 0
1483 , 0 , 1000 , 598.836 , 0 , 0 , 0
1484 , 0 , 1000 , 598.687 , 0 , 0 , 0
1485 , 0 , 1000 , 598.539 , 0 , 0 , 0
1486 , 0 , 1000 , 598.391 , 0 , 0 , 0
1487 , 0 , 1000 , 598.242 , 0 , 0 , 0
1488 , 0 , 1000 , 598.094 , 0 , 0 , 0
1489 , 0 , 1000 , 597.947 , 0 , 0 , 0
1490 , 0 , 1000 , 597.799 , 0 , 0 , 0
1491 , 0 , 1000 , 597.652 , 0 , 0 , 0
1492 , 0 , 1000 , 597.504 , 0 , 0 , 0
1493 , 0 , 1000 , 597.357 , 0 , 0 , 0
1494 , 0 , 1000 , 597.21 , 0 , 0 , 0
1495 , 0 , 1000 , 597.064 , 0 , 0 , 0
1496 , 0 , 1000 , 596.917 , 0 , 0 , 0
1497 , 0 , 1000 , 596.771 , 0 , 0 , 0
1498 , 0 , 1000 , 596.625 , 0 , 0 , 0
1499 , 0 , 1000 , 596.479 , 0 , 0 , 0
1500 , 0 , 1000 , 596.333 , 0 , 0 , 0
1501 , 0 , 1000 , 596.187 , 0 , 0 , 0
1502 , 0 , 1000 , 596.042 , 0 , 0 , 0
1503 , 0 , 1000 , 595.896 , 0 , 0 , 0
1504 , 0 , 1000 , 595.751 , 0 , 0 , 0
1505 , 0 , 1000 , 595.606 , 0 , 0 , 0
1506 , 0 , 1000 , 595.461 , 0 , 0 , 0
1507 , 0 , 1000 , 595.317 , 0 , 0 , 0
1508 , 0 , 1000 , 595.172 , 0 , 0 , 0
1509 , 0 , 1000 , 595.028 , 0 , 0 , 0
1510 , 0 , 1000 , 594.884 , 0 , 0 , 0
1511 , 0 , 1000 , 594.74 , 0 , 0 , 0
1512 , 0 , 1000 , 594.596 , 0 , 0 , 0
1513 , 0 , 1000 , 594.452 , 0 , 0 , 0
1514 , 0 , 1000 , 594.309 , 0 , 0 , 0
1515 , 0 , 1000 , 594.166 , 0 , 0 , 0
1516 , 0 , 1000 , 594.022 , 0 , 0 , 0
1517 , 0 , 1000 , 593.879 , 0 , 0 , 0
1518 , 0 , 1000 , 593.737 , 0 , 0 , 0
1519 , 0 , 1000 , 593.594 , 0 , 0 , 0
1520 , 0 , 1000 , 593.451 , 0 , 0 , 0
1521 , 0 , 1000 , 593.309 , 0 , 0 , 0
1522 , 0 , 1000 , 593.167 , 0 , 0 , 0
1523 , 0 , 1000 , 593.025 , 0 , 0 , 0
1524 , 0 , 1000 , 592.883 , 0 , 0 , 0
1525 , 0 , 1000 , 592.742 , 0 , 0 , 0
1526 , 0 , 1000 , 592.6 , 0 , 0 , 0
1527 , 0 , 1000 , 592.459 , 0 , 0 , 0
1528 , 0 , 1000 , 592.318 , 0 , 0 , 0
1529 , 0 , 1000 , 592.177 , 0 , 0 , 0
1530 , 0 , 1000 , 592.036 , 0 , 0 , 0
1531 , 0 , 1000 , 591.896 , 0 , 0 , 0
1532 , 0 , 1000 , 591.755 , 0 , 0 , 0
1533 , 0 , 1000 , 591.615 , 0 , 0 , 0
1534 , 0 , 1000 , 591.475 , 0 , 0 , 0
1535 , 0 , 1000 , 591.335 , 0 , 0 , 0
1536 , 0 , 1000 , 591.195 , 0 , 0 , 0
1537 , 0 , 1000 , 591.055 , 0 , 0 , 0
1538 , 0 , 1000 , 590.916 , 0 , 0 , 0
1539 , 0 , 1000 , 590.777 , 0 , 0 , 0
1540 , 0 , 1000 , 590.638 , 0 , 0 , 0
1541 , 0 , 1000 , 590.499 , 0 , 0 , 0
1542 , 0 , 1000 , 590.36 , 0 , 0 , 0
1543 , 0 , 1000 , 590.221 , 0 , 0 , 0
1544 , 0 , 1000 , 590.083 , 0 , 0 , 0
1545 , 0 , 1000 , 589.944 , 0 , 0 , 0
1546 , 0 , 1000 , 589.806 , 0 , 0 , 0
1547 , 0 , 1000 , 589.668 , 0 , 0 , 0
1548 , 0 , 1000 , 589.53 , 0 , 0 , 0
1549 , 0 , 1000 , 589.393 , 0 , 0 , 0
1550 , 0 , 1000 , 589.255 , 0 , 0 , 0
1551 , 0 , 1000 , 589.118 , 0 , 0 , 0
1552 , 0 , 1000 , 588.981 , 0 , 0 , 0
1553 , 0 , 1000 , 588.843 , 0 , 0 , 0
1554 , 0 , 1000 , 588.707 , 0 , 0 , 0
1555 , 0 , 1000 , 588.57 , 0 , 0 , 0
1556 , 0 , 1000 , 588.433 , 0 , 0 , 0
1557 , 0 , 1000 , 588.297 , 0 , 0 , 0
1558 , 0 , 1000 , 588.161 , 0 , 0 , 0
1559 , 0 , 1000 , 588.025 , 0 , 0 , 0
1560 , 0 , 1000 , 587.889 , 0 , 0 , 0
1561 , 0 , 1000 , 587.753 , 0 , 0 , 0
1562 , 0 , 1000 , 587.617 , 0 , 0 , 0
1563 , 0 , 1000 , 587.482 , 0 , 0 , 0
1564 , 0 , 1000 , 587.346 , 0 , 0 , 0
1565 , 0 , 1000 , 587.211 , 0 , 0 , 0
1566 , 0 , 1000 , 587.076 , 0 , 0 , 0
1567 , 0 , 1000 , 586.941 , 0 , 0 , 0
1568 , 0 , 1000 , 586.807 , 0 , 0 , 0
1569 , 0 , 1000 , 586.672 , 0 , 0 , 0
1570 , 0 , 1000 , 586.538 , 0 , 0 , 0
1571 , 0 , 1000 , 586.404 , 0 , 0 , 0
1572 , 0 , 1000 , 586.27 , 0 , 0 , 0
1573 , 0 , 1000 , 586.136 , 0 , 0 , 0
1574 , 0 , 1000 , 586.002 , 0 , 0 , 0
1575 , 0 , 1000 , 585.868 , 0 , 0 , 0
1576 , 0 , 1000 , 585.735 , 0 , 0 , 0
1577 , 0 , 1000 , 585.602 , 0 , 0 , 0
1578 , 0 , 1000 , 585.469 , 0 , 0 , 0
1579 , 0 , 1000 , 585.336 , 0 , 0 , 0
1580 , 0 , 1000 , 585.203 , 0 , 0 , 0
1581 , 0 , 1000 , 585.07 , 0 , 0 , 0
1582 , 0 , 1000 , 584.938 , 0 , 0 , 0
1583 , 0 , 1000 , 584.805 , 0 , 0 , 0
1584 , 0 , 1000 , 584.673 , 0 , 0 , 0
1585 , 0 , 1000 , 584.541 , 0 , 0 , 0
1586 , 0 , 1000 , 584.409 , 0 , 0 , 0
1587 , 0 , 1000 , 584.277 , 0 , 0 , 0
1588 , 0 , 1000 , 584.146 , 0 , 0 , 0
1589 , 0 , 1000 , 584.014 , 0 , 0 , 0
1590 , 0 , 1000 , 583.883 , 0 , 0 , 0
1591 , 0 , 1000 , 583.752 , 0 , 0 , 0
1592 , 0 , 1000 , 583.621 , 0 , 0 , 0
1593 , 0 , 1000 , 583.49 , 0 , 0 , 0
1594 , 0 , 1000 , 583.359 , 0 , 0 , 0
1595 , 0 , 1000 , 583.229 , 0 , 0 , 0
1596 , 0 , 1000 , 583.098 , 0 , 0 , 0
1597 , 0 , 1000 , 582.968 , 0 , 0 , 0
1598 , 0 , 1000 , 582.838 , 0 , 0 , 0
1599 , 0 , 1000 , 582.708 , 0 , 0 , 0
1600 , 0 , 1000 , 582.578 , 0 , 0 , 0
1601 , 0 , 1000 , 582.449 , 0 , 0 , 0
1602 , 0 , 1000 , 582.319 , 0 , 0 , 0
1603 , 0 , 1000 , 582.19 , 0 , 0 , 0
1604 , 0 , 1000 , 582.06 , 0 , 0 , 0
1605 , 0 , 1000 , 581.931 , 0 , 0 , 0
1606 , 0 , 1000 , 581.802 , 0 , 0 , 0
1607 , 0 , 1000 , 581.674 , 0 , 0 , 0
1608 , 0 , 1000 , 581.545 , 0 , 0 , 0
1609 , 0 , 1000 , 581.417 , 0 , 0 , 0
1610 , 0 , 1000 , 581.288 , 0 , 0 , 0
1611 , 0 , 1000 , 581.16 , 0 , 0 , 0
1612 , 0 , 1000 , 581.032 , 0 , 0 , 0
1613 , 0 , 1000 , 580.904 , 0 , 0 , 0
1614 , 0 , 1000 , 580.777 , 0 , 0 , 0
1615 , 0 , 1000 , 580.649 , 0 , 0 , 0
1616 , 0 , 1000 , 580.522 , 0 , 0 , 0
1617 , 0 , 1000 , 580.394 , 0 , 0 , 0
1618 , 0 , 1000 , 580.267 , 0 , 0 , 0
1619 , 0 , 1000 , 580.14 , 0 , 0 , 0
1620 , 0 , 1000 , 580.013 , 0 , 0 , 0
1621 , 0 , 1000 , 579.887 , 0 , 0 , 0
1622 , 0 , 1000 , 579.76 , 0 , 0 , 0
1623 , 0 , 1000 , 579.634 , 0 , 0 , 0
1624 , 0 , 1000 , 579.507 , 0 , 0 , 0
1625 , 0 , 1000 , 579.381 , 0 , 0 , 0
1626 , 0 , 1000 , 579.255 , 0 , 0 , 0
1627 , 0 , 1000 , 579.129 , 0 , 0 , 0
1628 , 0 , 1000 , 579.004 , 0 , 0 , 0
1629 , 0 , 1000 , 578.878 , 0 , 0 , 0
1630 , 0 , 1000 , 578.753 , 0 , 0 , 0
1631 , 0 , 1000 , 578.627 , 0 , 0 , 0
1632 , 0 , 1000 , 578.502 , 0 , 0 , 0
1633 , 0 , 1000 , 578.377 , 0 , 0 , 0
1634 , 0 , 1000 , 578.253 , 0 , 0 , 0
1635 , 0 , 1000 , 578.128 , 0 , 0 , 0
1636 , 0 , 1000 , 578.003 , 0 , 0 , 0
1637 , 0 , 1000 , 577.879 , 0 , 0 , 0
1638 , 0 , 1000 , 577.755 , 0 , 0 , 0
1639 , 0 , 1000 , 577.63 , 0 , 0 , 0
1640 , 0 , 1000 , 577.506 , 0 , 0 , 0
1641 , 0 , 1000 , 577.383 , 0 , 0 , 0
1642 , 0 , 1000 , 577.259 , 0 , 0 , 0
1643 , 0 , 1000 , 577.135 , 0 , 0 , 0
1644 , 0 , 1000 , 577.012 , 0 , 0 , 0
1645 , 0 , 1000 , 576.889 , 0 , 0 , 0
1646 , 0 , 1000 , 576.766 , 0 , 0 , 0
1647 , 0 , 1000 , 576.643 , 0 , 0 , 0
1648 , 0 , 1000 , 576.52 , 0 , 0 , 0
1649 , 0 , 1000 , 576.397 , 0 , 0 , 0
1650 , 0 , 1000 , 576.274 , 0 , 0 , 0
1651 , 0 , 1000 , 576.152 , 0 , 0 , 0
1652 , 0 , 1000 , 576.029 , 0 , 0 , 0
1653 , 0 , 1000 , 575.907 , 0 , 0 , 0
1654 , 0 , 1000 , 575.785 , 0 , 0 , 0
1655 , 0 , 1000 , 575.663 , 0 , 0 , 0
1656 , 0 , 1000 , 575.542 , 0 , 0 , 0
1657 , 0 , 1000 , 575.42 , 0 , 0 , 0
1658 , 0 , 1000 , 575.299 , 0 , 0 , 0
1659 , 0 , 1000 , 575.177 , 0 , 0 , 0
1660 , 0 , 1000 , 575.056 , 0 , 0 , 0
1661 , 0 , 1000 , 574.935 , 0 , 0 , 0
1662 , 0 , 1000 , 574.814 , 0 , 0 , 0
1663 , 0 , 1000 , 574.693 , 0 , 0 , 0
1664 , 0 , 1000 , 574.573 , 0 , 0 , 0
1665 , 0 , 1000 , 574.452 , 0 , 0 , 0
1666 , 0 , 1000 , 574.332 , 0 , 0 , 0
1667 , 0 , 1000 , 574.211 , 0 , 0 , 0
1668 , 0 , 1000 , 574.091 , 0 , 0 , 0
1669 , 0 , 1000 , 573.971 , 0 , 0 , 0
1670 , 0 , 1000 , 573.851 , 0 , 0 , 0
1671 , 0 , 1000 , 573.732 , 0 , 0 , 0
1672 , 0 , 1000 , 573.612 , 0 , 0 , 0
1673 , 0 , 1000 , 573.493 , 0 , 0 , 0
1674 , 0 , 1000 , 573.373 , 0 , 0 , 0
1675 , 0 , 1000 , 573.254 , 0 , 0 , 0
1676 , 0 , 1000 , 573.135 , 0 , 0 , 0
1677 , 0 , 1000 , 573.016 , 0 , 0 , 0
1678 , 0 , 1000 , 572.897 , 0 , 0 , 0
1679 , 0 , 1000 , 572.779 , 0 , 0 , 0
1680 , 0 , 1000 , 572.66 , 0 , 0 , 0
1681 , 0 , 1000 , 572.542 , 0 , 0 , 0
1682 , 0 , 1000 , 572.423 , 0 , 0 , 0
1683 , 0 , 1000 , 572.305 , 0 , 0 , 0
1684 , 0 , 1000 , 572.187 , 0 , 0 , 0
1685 , 0 , 1000 , 572.07 , 0 , 0 , 0
1686 , 0 , 1000 , 571.952 , 0 , 0 , 0
1687 , 0 , 1000 , 571.834 , 0 , 0 , 0
1688 , 0 , 1000 , 571.717 , 0 , 0 , 0
1689 , 0 , 1000 , 571.599 , 0 , 0 , 0
1690 , 0 , 1000 , 571.482 , 0 , 0 , 0
1691 , 0 , 1000 , 571.365 , 0 , 0 , 0
1692 , 0 , 1000 , 571.248 , 0 , 0 , 0
1693 , 0 , 1000 , 571.132 , 0 , 0 , 0
1694 , 0 , 1000 , 571.015 , 0 , 0 , 0
1695 , 0 , 1000 , 570.898 , 0 , 0 , 0
1696 , 0 , 1000 , 570.782 , 0 , 0 , 0
1697 , 0 , 1000 , 570.666 , 0 , 0 , 0
1698 , 0 , 1000 , 570.55 , 0 , 0 , 0
1699 , 0 , 1000 , 570.434 , 0 , 0 , 0
1700 , 0 , 1000 , 570.318 , 0 , 0 , 0
1701 , 0 , 1000 , 570.202 , 0 , 0 , 0
1702 , 0 , 1000 , 570.086 , 0 , 0 , 0
1703 , 0 , 1000 , 569.971 , 0 , 0 , 0
1704 , 0 , 1000 , 569.855 , 0 , 0 , 0
1705 , 0 , 1000 , 569.74 , 0 , 0 , 0
1706 , 0 , 1000 , 569.625 , 0 , 0 , 0
1707 , 0 , 1000 , 569.51 , 0 , 0 , 0
1708 , 0 , 1000 , 569.395 , 0 , 0 , 0
1709 , 0 , 1000 , 569.281 , 0 , 0 , 0
1710 , 0 , 1000 , 569.166 , 0 , 0 , 0
1711 , 0 , 1000 , 569.052 , 0 , 0 , 0
1712 , 0 , 1000 , 568.937 , 0 , 0 , 0
1713 , 0 , 1000 , 568.823 , 0 , 0 , 0
1714 , 0 , 1000 , 568.709 , 0 , 0 , 0
1715 , 0 , 1000 , 568.595 , 0 , 0 , 0
1716 , 0 , 1000 , 568.481 , 0 , 0 , 0
1717 , 0 , 1000 , 568.368 , 0 , 0 , 0
1718 , 0 , 1000 , 568.254 , 0 , 0 , 0
1719 , 0 , 1000 , 568.141 , 0 , 0 , 0
1720 , 0 , 1000 , 568.027 , 0 , 0 , 0
1721 , 0 , 1000 , 567.914 , 0 , 0 , 0
1722 , 0 , 1000 , 567.801 , 0 , 0 , 0
1723 , 0 , 1000 , 567.688 , 0 , 0 , 0
1724 , 0 , 1000 , 567.575 , 0 , 0 , 0
1725 , 0 , 1000 , 567.463 , 0 , 0 , 0
1726 , 0 , 1000 , 567.35 , 0 , 0 , 0
1727 , 0 , 1000 , 567.238 , 0 , 0 , 0
1728 , 0 , 1000 , 567.125 , 0 , 0 , 0
1729 , 0 , 1000 , 567.013 , 0 , 0 , 0
1730 , 0 , 1000 , 566.901 , 0 , 0 , 0
1731 , 0 , 1000 , 566.789 , 0 , 0 , 0
1732 , 0 , 1000 , 566.677 , 0 , 0 , 0
1733 , 0 , 1000 , 566.566 , 0 , 0 , 0
1734 , 0 , 1000 , 566.454 , 0 , 0 , 0
1735 , 0 , 1000 , 566.343 , 0 , 0 , 0
1736 , 0 , 1000 , 566.231 , 0 , 0 , 0
1737 , 0 , 1000 , 566.12 , 0 , 0 , 0
1738 , 0 , 1000 , 566.009 , 0 , 0 , 0
1739 , 0 , 1000 , 565.898 , 0 , 0 , 0
1740 , 0 , 1000 , 565.788 , 0 , 0 , 0
1741 , 0 , 1000 , 565.677 , 0 , 0 , 0
1742 , 0 , 1000 , 565.566 , 0 , 0 , 0
1743 , 0 , 1000 , 565.456 , 0 , 0 , 0
1744 , 0 , 1000 , 565.346 , 0 , 0 , 0
1745 , 0 , 1000 , 565.235 , 0 , 0 , 0
1746 , 0 , 1000 , 565.125 , 0 , 0 , 0
1747 , 0 , 1000 , 565.015 , 0 , 0 , 0
1748 , 0 , 1000 , 564.906 , 0 , 0 , 0
1749 , 0 , 1000 , 564.796 , 0 , 0 , 0
1750 , 0 , 1000 , 564.686 , 0 , 0 , 0
1751 , 0 , 1000 , 564.577 , 0 , 0 , 0
1752 , 0 , 1000 , 564.468 , 0 , 0 , 0
1753 , 0 , 1000 , 564.358 , 0 , 0 , 0
1754 , 0 , 1000 , 564.249 , 0 , 0 , 0
1755 , 0 , 1000 , 564.14 , 0 , 0 , 0
1756 , 0 , 1000 , 564.031 , 0 , 0 , 0
1757 , 0 , 1000 , 563.923 , 0 , 0 , 0
1758 , 0 , 1000 , 563.814 , 0 , 0 , 0
1759 , 0 , 1000 , 563.706 , 0 , 0 , 0
1760 , 0 , 1000 , 563.597 , 0 , 0 , 0
1761 , 0 , 1000 , 563.489 , 0 , 0 , 0
1762 , 0 , 1000 , 563.381 , 0 , 0 , 0
1763 , 0 , 1000 , 563.273 , 0 , 0 , 0
1764 , 0 , 1000 , 563.165 , 0 , 0 , 0
1765 , 0 , 1000 , 563.057 , 0 , 0 , 0
1766 , 0 , 1000 , 562.95 , 0 , 0 , 0
1767 , 0 , 1000 , 562.842 , 0 , 0 , 0
1768 , 0 , 1000 , 562.735 , 0 , 0 , 0
1769 , 0 , 1000 , 562.627 , 0 , 0 , 0
1770 , 0 , 1000 , 562.52 , 0 , 0 , 0
1771 , 0 , 1000 , 562.413 , 0 , 0 , 0
1772 , 0 , 1000 , 562.306 , 0 , 0 , 0
1773 , 0 , 1000 , 562.199 , 0 , 0 , 0
1774 , 0 , 1000 , 562.093 , 0 , 0 , 0
1775 , 0 , 1000 , 561.986 , 0 , 0 , 0
1776 , 0 , 1000 , 561.88 , 0 , 0 , 0
1777 , 0 , 1000 , 561.773 , 0 , 0 , 0
1778 , 0 , 1000 , 561.667 , 0 , 0 , 0
1779 , 0 , 1000 , 561.561 , 0 , 0 , 0
1780 , 0 , 1000 , 561.455 , 0 , 0 , 0
1781 , 0 , 1000 , 561.349 , 0 , 0 , 0
1782 , 0 , 1000 , 561.243 , 0 , 0 , 0
1783 , 0 , 1000 , 561.138 , 0 , 0 , 0
1784 , 0 , 1000 , 561.032 , 0 , 0 , 0
1785 , 0 , 1000 , 560.927 , 0 , 0 , 0
1786 , 0 , 1000 , 560.822 , 0 , 0 , 0
1787 , 0 , 1000 , 560.716 , 0 , 0 , 0
1788 , 0 , 1000 , 560.611 , 0 , 0 , 0
1789 , 0 , 1000 , 560.506 , 0 , 0 , 0
1790 , 0 , 1000 , 560.402 , 0 , 0 , 0
1791 , 0 , 1000 , 560.297 , 0 , 0 , 0
1792 , 0 , 1000 , 560.192 , 0 , 0 , 0
1793 , 0 , 1000 , 560.088 , 0 , 0 , 0
1794 , 0 , 1000 , 559.983 , 0 , 0 , 0
1795 , 0 , 1000 , 559.879 , 0 , 0 , 0
1796 , 0 , 1000 , 559.775 , 0 , 0 , 0
1797 , 0 , 1000 , 559.671 , 0 , 0 , 0
1798 , 0 , 1000 , 559.567 , 0 , 0 , 0
1799 , 0 , 1000 , 559.463 , 0 , 0 , 0
1800 , 0 , 1000 , 559.36 , 0 , 0 , 0
1801 , 0 , 1000 , 559.256 , 0 , 0 , 0
1802 , 0 , 1000 , 559.153 , 0 , 0 , 0
1803 , 0 , 1000 , 559.049 , 0 , 0 , 0
1804 , 0 , 1000 , 558.946 , 0 , 0 , 0
1805 , 0 , 1000 , 558.843 , 0 , 0 , 0
1806 , 0 , 1000 , 558.74 , 0 , 0 , 0
1807 , 0 , 1000 , 558.637 , 0 , 0 , 0
1808 , 0 , 1000 , 558.534 , 0 , 0 , 0
1809 , 0 , 1000 , 558.432 , 0 , 0 , 0
1810 , 0 , 1000 , 558.329 , 0 , 0 , 0
1811 , 0 , 1000 , 558.227 , 0 , 0 , 0
1812 , 0 , 1000 , 558.125 , 0 , 0 , 0
1813 , 0 , 1000 , 558.022 , 0 , 0 , 0
1814 , 0 , 1000 , 557.92 , 0 , 0 , 0
1815 , 0 , 1000 , 557.818 , 0 , 0 , 0
1816 , 0 , 1000 , 557.716 , 0 , 0 , 0
1817 , 0 , 1000 , 557.615 , 0 , 0 , 0
1818 , 0 , 1000 , 557.513 , 0 , 0 , 0
1819 , 0 , 1000 , 557.411 , 0 , 0 , 0
1820 , 0 , 1000 , 557.31 , 0 , 0 , 0
1821 , 0 , 1000 , 557.209 , 0 , 0 , 0
1822 , 0 , 1000 , 557.108 , 0 , 0 , 0
1823 , 0 , 1000 , 557.007 , 0 , 0 , 0
1824 , 0 , 1000 , 556.906 , 0 , 0 , 0
1825 , 0 , 1000 , 556.805 , 0 , 0 , 0
1826 , 0 , 1000 , 556.704 , 0 , 0 , 0
1827 , 0 , 1000 , 556.603 , 0 , 0 , 0
1828 , 0 , 1000 , 556.503 , 0 , 0 , 0
1829 , 0 , 1000 , 556.402 , 0 , 0 , 0
1830 , 0 , 1000 , 556.302 , 0 , 0 , 0
1831 , 0 , 1000 , 556.202 , 0 , 0 , 0
1832 , 0 , 1000 , 556.102 , 0 , 0 , 0
1833 , 0 , 1000 , 556.002 , 0 , 0 , 0
1834 , 0 , 1000 , 555.902 , 0 , 0 , 0
1835 , 0 , 1000 , 555.802 , 0 , 0 , 0
1836 , 0 , 1000 , 555.703 , 0 , 0 , 0
1837 , 0 , 1000 , 555.603 , 0 , 0 , 0
1838 , 0 , 1000 , 555.504 , 0 , 0 , 0
1839 , 0 , 1000 , 555.404 , 0 , 0 , 0
1840 , 0 , 1000 , 555.305 , 0 , 0 , 0
1841 , 0 , 1000 , 555.206 , 0 , 0 , 0
1842 , 0 , 1000 , 555.107 , 0 , 0 , 0
1843 , 0 , 1000 , 555.008 , 0 , 0 , 0
1844 , 0 , 1000 , 554.909 , 0 , 0 , 0
1845 , 0 , 1000 , 554.811 , 0 , 0 , 0
1846 , 0 , 1000 , 554.712 , 0 , 0 , 0
1847 , 0 , 1000 , 554.614 , 0 , 0 , 0
1848 , 0 , 1000 , 554.515 , 0 , 0 , 0
1849 , 0 , 1000 , 554.417 , 0 , 0 , 0
1850 , 0 , 1000 , 554.319 , 0 , 0 , 0
1851 , 0 , 1000 , 554.221 , 0 , 0 , 0
1852 , 0 , 1000 , 554.123 , 0 , 0 , 0
1853 , 0 , 1000 , 554.025 , 0 , 0 , 0
1854 , 0 , 1000 , 553.927 , 0 , 0 , 0
1855 , 0 , 1000 , 553.83 , 0 , 0 , 0
1856 , 0 , 1000 , 553.732 , 0 , 0 , 0
1857 , 0 , 1000 , 553.635 , 0 , 0 , 0
1858 , 0 , 1000 , 553.538 , 0 , 0 , 0
1859 , 0 , 1000 , 553.44 , 0 , 0 , 0
1860 , 0 , 1000 , 553.343 , 0 , 0 , 0
1861 , 0 , 1000 , 553.247 , 0 , 0 , 0
1862 , 0 , 1000 , 553.15 , 0 , 0 , 0
1863 , 0 , 1000 , 553.053 , 0 , 0 , 0
1864 , 0 , 1000 , 552.956 , 0 , 0 , 0
1865 , 0 , 1000 , 552.86 , 0 , 0 , 0
1866 , 0 , 1000 , 552.763 , 0 , 0 , 0
1867 , 0 , 1000 , 552.667 , 0 , 0 , 0
1868 , 0 , 1000 , 552.571 , 0 , 0 , 0
1869 , 0 , 1000 , 552.474 , 0 , 0 , 0
1870 , 0 , 1000 , 552.378 , 0 , 0 , 0
1871 , 0 , 1000 , 552.283 , 0 , 0 , 0
1872 , 0 , 1000 , 552.187 , 0 , 0 , 0
1873 , 0 , 1000 , 552.091 , 0 , 0 , 0
1874 , 0 , 1000 , 551.995 , 0 , 0 , 0
1875 , 0 , 1000 , 551.9 , 0 , 0 , 0
1876 , 0 , 1000 , 551.805 , 0 , 0 , 0
1877 , 0 , 1000 , 551.709 , 0 , 0 , 0
1878 , 0 , 1000 , 551.614 , 0 , 0 , 0
1879 , 0 , 1000 , 551.519 , 0 , 0 , 0
1880 , 0 , 1000 , 551.424 , 0 , 0 , 0
1881 , 0 , 1000 , 551.329 , 0 , 0 , 0
1882 , 0 , 1000 , 551.234 , 0 , 0 , 0
1883 , 0 , 1000 , 551.14 , 0 , 0 , 0
1884 , 0 , 1000 , 551.045 , 0 , 0 , 0
1885 , 0 , 1000 , 550.95 , 0 , 0 , 0
1886 , 0 , 1000 , 550.856 , 0 , 0 , 0
1887 , 0 , 1000 , 550.762 , 0 , 0 , 0
1888 , 0 , 1000 , 550.668 , 0 , 0 , 0
1889 , 0 , 1000 , 550.574 , 0 , 0 , 0
1890 , 0 , 1000 , 550.48 , 0 , 0 , 0
1891 , 0 , 1000 , 550.386 , 0 , 0 , 0
1892 , 0 , 1000 , 550.292 , 0 , 0 , 0
1893 , 0 , 1000 , 550.198 , 0 , 0 , 0
1894 , 0 , 1000 , 550.105 , 0 , 0 , 0
1895 , 0 , 1000 , 550.011 , 0 , 0 , 0
1896 , 0 , 1000 , 549.918 , 0 , 0 , 0
1897 , 0 , 1000 , 549.825 , 0 , 0 , 0
1898 , 0 , 1000 , 549.731 , 0 , 0 , 0
1899 , 0 , 1000 , 549.638 , 0 , 0 , 0
1900 , 0 , 1000 , 549.545 , 0 , 0 , 0
1901 , 0 , 1000 , 549.452 , 0 , 0 , 0
1902 , 0 , 1000 , 549.36 , 0 , 0 , 0
1903 , 0 , 1000 , 549.267 , 0 , 0 , 0
1904 , 0 , 1000 , 549.174 , 0 , 0 , 0
1905 , 0 , 1000 , 549.082 , 0 , 0 , 0
1906 , 0 , 1000 , 548.99 , 0 , 0 , 0
1907 , 0 , 1000 , 548.897 , 0 , 0 , 0
1908 , 0 , 1000 , 548.805 , 0 , 0 , 0
1909 , 0 , 1000 , 548.713 , 0 , 0 , 0
1910 , 0 , 1000 , 548.621 , 0 , 0 , 0
1911 , 0 , 1000 , 548.529 , 0 , 0 , 0
1912 , 0 , 1000 , 548.437 , 0 , 0 , 0
1913 , 0 , 1000 , 548.346 , 0 , 0 , 0
1914 , 0 , 1000 , 548.254 , 0 , 0 , 0
1915 , 0 , 1000 , 548.162 , 0 , 0 , 0
1916 , 0 , 1000 , 548.071 , 0 , 0 , 0
1917 , 0 , 1000 , 547.98 , 0 , 0 , 0
1918 , 0 , 1000 , 547.888 , 0 , 0 , 0
1919 , 0 , 1000 , 547.797 , 0 , 0 , 0
1920 , 0 , 1000 , 547.706 , 0 , 0 , 0
1921 , 0 , 1000 , 547.615 , 0 , 0 , 0
1922 , 0 , 1000 , 547.525 , 0 , 0 , 0
1923 , 0 , 1000 , 547.434 , 0 , 0 , 0
1924 , 0 , 1000 , 547.343 , 0 , 0 , 0
1925 , 0 , 1000 , 547.253 , 0 , 0 , 0
1926 , 0 , 1000 , 547.162 , 0 , 0 , 0
1927 , 0 , 1000 , 547.072 , 0 , 0 , 0
1928 , 0 , 1000 , 546.982 , 0 , 0 , 0
1929 , 0 , 1000 , 546.892 , 0 , 0 , 0
1930 , 0 , 1000 , 546.801 , 0 , 0 , 0
1931 , 0 , 1000 , 546.711 , 0 , 0 , 0
1932 , 0 , 1000 , 546.622 , 0 , 0 , 0
1933 , 0 , 1000 , 546.532 , 0 , 0 , 0
1934 , 0 , 1000 , 546.442 , 0 , 0 , 0
1935 , 0 , 1000 , 546.353 , 0 , 0 , 0
1936 , 0 , 1000 , 546.263 , 0 , 0 , 0
1937 , 0 , 1000 , 546.174 , 0 , 0 , 0
1938 , 0 , 1000 , 546.084 , 0 , 0 , 0
1939 , 0 , 1000 , 545.995 , 0 , 0 , 0
1940 , 0 , 1000 , 545.906 , 0 , 0 , 0
1941 , 0 , 1000 , 545.817 , 0 , 0 , 0
1942 , 0 , 1000 , 545.728 , 0 , 0 , 0
1943 , 0 , 1000 , 545.639 , 0 , 0 , 0
1944 , 0 , 1000 , 545.551 , 0 , 0 , 0
1945 , 0 , 1000 , 545.462 , 0 , 0 , 0
1946 , 0 , 1000 , 545.373 , 0 , 0 , 0
1947 , 0 , 1000 , 545.285 , 0 , 0 , 0
1948 , 0 , 1000 , 545.197 , 0 , 0 , 0
1949 , 0 , 1000 , 545.108 , 0 , 0 , 0
1950 , 0 , 1000 , 545.02 , 0 , 0 , 0
1951 , 0 , 1000 , 544.932 , 0 , 0 , 0
1952 , 0 , 1000 , 544.844 , 0 , 0 , 0
1953 , 0 , 1000 , 544.756 , 0 , 0 , 0
1954 , 0 , 1000 , 544.668 , 0 , 0 , 0
1955 , 0 , 1000 , 544.581 , 0 , 0 , 0
1956 , 0 , 1000 , 544.493 , 0 , 0 , 0
1957 , 0 , 1000 , 544.405 , 0 , 0 , 0
1958 , 0 , 1000 , 544.318 , 0 , 0 , 0
1959 , 0 , 1000 , 544.231 , 0 , 0 , 0
1960 , 0 , 1000 , 544.143 , 0 , 0 , 0
1961 , 0 , 1000 , 544.056 , 0 , 0 , 0
1962 , 0 , 1000 , 543.969 , 0 , 0 , 0
1963 , 0 , 1000 , 543.882 , 0 , 0 , 0
1964 , 0 , 1000 , 543.795 , 0 , 0 , 0
1965 , 0 , 1000 , 543.708 , 0 , 0 , 0
1966 , 0 , 1000 , 543.622 , 0 , 0 , 0
1967 , 0 , 1000 , 543.535 , 0 , 0 , 0
1968 , 0 , 1000 , 543.448 , 0 , 0 , 0
1969 , 0 , 1000 , 543.362 , 0 , 0 , 0
1970 , 0 , 1000 , 543.276 , 0 , 0 , 0
1971 , 0 , 1000 , 543.189 , 0 , 0 , 0
1972 , 0 , 1000 , 543.103 , 0 , 0 , 0
1973 , 0 , 1000 , 543.017 , 0 , 0 , 0
1974 , 0 , 1000 , 542.931 , 0 , 0 , 0
1975 , 0 , 1000 , 542.845 , 0 , 0 , 0
1976 , 0 , 1000 , 542.759 , 0 , 0 , 0
1977 , 0 , 1000 , 542.674 , 0 , 0 , 0
1978 , 0 , 1000 , 542.588 , 0 , 0 , 0
1979 , 0 , 1000 , 542.502 , 0 , 0 , 0
1980 , 0 , 1000 , 542.417 , 0 , 0 , 0
1981 , 0 , 1000 , 542.332 , 0 , 0 , 0
1982 , 0 , 1000 , 542.246 , 0 , 0 , 0
1983 , 0 , 1000 , 542.161 , 0 , 0 , 0
1984 , 0 , 1000 , 542.076 , 0 , 0 , 0
1985 , 0 , 1000 , 541.991 , 0 , 0 , 0
1986 , 0 , 1000 , 541.906 , 0 , 0 , 0
1987 , 0 , 1000 , 541.821 , 0 , 0 , 0
1988 , 0 , 1000 , 541.736 , 0 , 0 , 0
1989 , 0 , 1000 , 541.652 , 0 , 0 , 0
1990 , 0 , 1000 , 541.567 , 0 , 0 , 0
1991 , 0 , 1000 , 541.482 , 0 , 0 , 0
1992 , 0 , 1000 , 541.398 , 0 , 0 , 0
1993 , 0 , 1000 , 541.314 , 0 , 0 , 0
1994 , 0 , 1000 , 541.229 , 0 , 0 , 0
1995 , 0 , 1000 , 541.145 , 0 , 0 , 0
1996 , 0 , 1000 , 541.061 , 0 , 0 , 0
1997 , 0 , 1000 , 540.977 , 0 , 0 , 0
1998 , 0 , 1000 , 540.893 , 0 , 0 , 0
1999 , 0 , 1000 , 540.809 , 0 , 0 , 0
2000 , 0 , 1000 , 540.726 , 0 , 0 , 0
2001 , 0 , 1000 , 540.642 , 0 , 0 , 0
2002 , 0 , 1000 , 540.559 , 0 , 0 , 0
2003 , 0 , 1000 , 540.475 , 0 , 0 , 0
2004 , 0 , 1000 , 540.392 , 0 , 0 , 0
2005 , 0 , 1000 , 540.308 , 0 , 0 , 0
2006 , 0 , 1000 , 540.225 , 0 , 0 , 0
2007 , 0 , 1000 , 540.142 , 0 , 0 , 0
2008 , 0 , 1000 , 540.059 , 0 , 0 , 0
2009 , 0 , 1000 , 539.976 , 0 , 0 , 0
2010 , 0 , 1000 , 539.893 , 0 , 0 , 0
2011 , 0 , 1000 , 539.81 , 0 , 0 , 0
2012 , 0 , 1000 , 539.728 , 0 , 0 , 0
2013 , 0 , 1000 , 539.645 , 0 , 0 , 0
2014 , 0 , 1000 , 539.562 , 0 , 0 , 0
2015 , 0 , 1000 , 539.48 , 0 , 0 , 0
2016 , 0 , 1000 , 539.397 , 0 , 0 , 0
2017 , 0 , 1000 , 539.315 , 0 , 0 , 0
2018 , 0 , 1000 , 539.233 , 0 , 0 , 0
2019 , 0 , 1000 , 539.151 , 0 , 0 , 0
2020 , 0 , 1000 , 539.069 , 0 , 0 , 0
2021 , 0 , 1000 , 538.987 , 0 , 0 , 0
2022 , 0 , 1000 , 538.905 , 0 , 0 , 0
2023 , 0 , 1000 , 538.823 , 0 , 0 , 0
2024 , 0 , 1000 , 538.741 , 0 , 0 , 0
2025 , 0 , 1000 , 538.66 , 0 , 0 , 0
2026 , 0 , 1000 , 538.578 , 0 , 0 , 0
2027 , 0 , 1000 , 538.497 , 0 , 0 , 0
2028 , 0 , 1000 , 538.415 , 0 , 0 , 0
2029 , 0 , 1000 , 538.334 , 0 , 0 , 0
2030 , 0 , 1000 , 538.253 , 0 , 0 , 0
2031 , 0 , 1000 , 538.172 , 0 , 0 , 0
2032 , 0 , 1000 , 538.091 , 0 , 0 , 0
2033 , 0 , 1000 , 538.01 , 0 , 0 , 0
2034 , 0 , 1000 , 537.929 , 0 , 0 , 0
2035 , 0 , 1000 , 537.848 , 0 , 0 , 0
2036 , 0 , 1000 , 537.767 , 0 , 0 , 0
2037 , 0 , 1000 , 537.686 , 0 , 0 , 0
2038 , 0 , 1000 , 537.606 , 0 , 0 , 0
2039 , 0 , 1000 , 537.525 , 0 , 0 , 0
2040 , 0 , 1000 , 537.445 , 0 , 0 , 0
2041 , 0 , 1000 , 537.365 , 0 , 0 , 0
2042 , 0 , 1000 , 537.284 , 0 , 0 , 0
2043 , 0 , 1000 , 537.204 , 0 , 0 , 0
2044 , 0 , 1000 , 537.124 , 0 , 0 , 0
2045 , 0 , 1000 , 537.044 , 0 , 0 , 0
2046 , 0 , 1000 , 536.964 , 0 , 0 , 0
2047 , 0 , 1000 , 536.884 , 0 , 0 , 0
2048 , 0 , 1000 , 536.805 , 0 , 0 , 0
2049 , 0 , 1000 , 536.725 , 0 , 0 , 0
2050 , 0 , 1000 , 536.645 , 0 , 0 , 0
2051 , 0 , 1000 , 536.566 , 0 , 0 , 0
2052 , 0 , 1000 , 536.486 , 0 , 0 , 0
2053 , 0 , 1000 , 536.407 , 0 , 0 , 0
2054 , 0 , 1000 , 536.327 , 0 , 0 , 0
2055 , 0 , 1000 , 536.248 , 0 , 0 , 0
2056 , 0 , 1000 , 536.169 , 0 , 0 , 0
2057 , 0 , 1000 , 536.09 , 0 , 0 , 0
2058 , 0 , 1000 , 536.011 , 0 , 0 , 0
2059 , 0 , 1000 , 535.932 , 0 , 0 , 0
2060 , 0 , 1000 , 535.853 , 0 , 0 , 0
2061 , 0 , 1000 , 535.775 , 0 , 0 , 0
2062 , 0 , 1000 , 535.696 , 0 , 0 , 0
2063 , 0 , 1000 , 535.617 , 0 , 0 , 0
2064 , 0 , 1000 , 535.539 , 0 , 0 , 0
2065 , 0 , 1000 , 535.46 , 0 , 0 , 0
2066 , 0 , 1000 , 535.382 , 0 , 0 , 0
2067 , 0 , 1000 , 535.304 , 0 , 0 , 0
2068 , 0 , 1000 , 535.226 , 0 , 0 , 0
2069 , 0 , 1000 , 535.147 , 0 , 0 , 0
2070 , 0 , 1000 , 535.069 , 0 , 0 , 0
2071 , 0 , 1000 , 534.991 , 0 , 0 , 0
2072 , 0 , 1000 , 534.914 , 0 , 0 , 0
2073 , 0 , 1000 , 534.836 , 0 , 0 , 0
2074 , 0 , 1000 , 534.758 , 0 , 0 , 0
2075 , 0 , 1000 , 534.68 , 0 , 0 , 0
2076 , 0 , 1000 , 534.603 , 0 , 0 , 0
2077 , 0 , 1000 , 534.525 , 0 , 0 , 0
2078 , 0 , 1000 , 534.448 , 0 , 0 , 0
2079 , 0 , 1000 , 534.37 , 0 , 0 , 0
2080 , 0 , 1000 , 534.293 , 0 , 0 , 0
2081 , 0 , 1000 , 534.216 , 0 , 0 , 0
2082 , 0 , 1000 , 534.139 , 0 , 0 , 0
2083 , 0 , 1000 , 534.062 , 0 , 0 , 0
2084 , 0 , 1000 , 533.985 , 0 , 0 , 0
2085 , 0 , 1000 , 533.908 , 0 , 0 , 0
2086 , 0 , 1000 , 533.831 , 0 , 0 , 0
2087 , 0 , 1000 , 533.754 , 0 , 0 , 0
2088 , 0 , 1000 , 533.677 , 0 , 0 , 0
2089 , 0 , 1000 , 533.601 , 0 , 0 , 0
2090 , 0 , 1000 , 533.524 , 0 , 0 , 0
2091 , 0 , 1000 , 533.448 , 0 , 0 , 0
2092 , 0 , 1000 , 533.371 , 0 , 0 , 0
2093 , 0 , 1000 , 533.295 , 0 , 0 , 0
2094 , 0 , 1000 , 533.219 , 0 , 0 , 0
2095 , 0 , 1000 , 533.143 , 0 , 0 , 0
2096 , 0 , 1000 , 533.066 , 0 , 0 , 0
2097 , 0 , 1000 , 532.99 , 0 , 0 , 0
2098 , 0 , 1000 , 532.914 , 0 , 0 , 0
2099 , 0 , 1000 , 532.839 , 0 , 0 , 0
2100 , 0 , 1000 , 532.763 , 0 , 0 , 0
2101 , 0 , 1000 , 532.687 , 0 , 0 , 0
2102 , 0 , 1000 , 532.611 , 0 , 0 , 0
2103 , 0 , 1000 , 532.536 , 0 , 0 , 0
2104 , 0 , 1000 , 532.46 , 0 , 0 , 0
2105 , 0 , 1000 , 532.385 , 0 , 0 , 0
2106 , 0 , 1000 , 532.309 , 0 , 0 , 0
2107 , 0 , 1000 , 532.234 , 0 , 0 , 0
2108 , 0 , 1000 , 532.159 , 0 , 0 , 0
2109 , 0 , 1000 , 532.084 , 0 , 0 , 0
2110 , 0 , 1000 , 532.009 , 0 , 0 , 0
2111 , 0 , 1000 , 531.934 , 0 , 0 , 0
2112 , 0 , 1000 , 531.859 , 0 , 0 , 0
2113 , 0 , 1000 , 531.784 , 0 , 0 , 0
2114 , 0 , 1000 , 531.709 , 0 , 0 , 0
2115 , 0 , 1000 , 531.635 , 0 , 0 , 0
2116 , 0 , 1000 , 531.56 , 0 , 0 , 0
2117 , 0 , 1000 , 531.485 , 0 , 0 , 0
2118 , 0 , 1000 , 531.411 , 0 , 0 , 0
2119 , 0 , 1000 , 531.336 , 0 , 0 , 0
2120 , 0 , 1000 , 531.262 , 0 , 0 , 0
2121 , 0 , 1000 , 531.188 , 0 , 0 , 0
2122 , 0 , 1000 , 531.114 , 0 , 0 , 0
2123 , 0 , 1000 , 531.04 , 0 , 0 , 0
2124 , 0 , 1000 , 530.966 , 0 , 0 , 0
2125 , 0 , 1000 , 530.892 , 0 , 0 , 0
2126 , 0 , 1000 , 530.818 , 0 , 0 , 0
2127 , 0 , 1000 , 530.744 , 0 , 0 , 0
2128 , 0 , 1000 , 530.67 , 0 , 0 , 0
2129 , 0 , 1000 , 530.596 , 0 , 0 , 0
2130 , 0 , 1000 , 530.523 , 0 , 0 , 0
2131 , 0 , 1000 , 530.449 , 0 , 0 , 0
2132 , 0 , 1000 , 530.376 , 0 , 0 , 0
2133 , 0 , 1000 , 530.302 , 0 , 0 , 0
2134 , 0 , 1000 , 530.229 , 0 , 0 , 0
2135 , 0 , 1000 , 530.156 , 0 , 0 , 0
2136 , 0 , 1000 , 530.082 , 0 , 0 , 0
2137 , 0 , 1000 , 530.009 , 0 , 0 , 0
2138 , 0 , 1000 , 529.936 , 0 , 0 , 0
2139 , 0 , 1000 , 529.863 , 0 , 0 , 0
2140 , 0 , 1000 , 529.79 , 0 , 0 , 0
2141 , 0 , 1000 , 529.717 , 0 , 0 , 0
2142 , 0 , 1000 , 529.645 , 0 , 0 , 0
2143 , 0 , 1000 , 529.572 , 0 , 0 , 0
2144 , 0 , 1000 , 529.499 , 0 , 0 , 0
2145 , 0 , 1000 , 529.427 , 0 , 0 , 0
2146 , 0 , 1000 , 529.354 , 0 , 0 , 0
2147 , 0 , 1000 , 529.282 , 0 , 0 , 0
2148 , 0 , 1000 , 529.209 , 0 , 0 , 0
2149 , 0 , 1000 , 529.137 , 0 , 0 , 0
2150 , 0 , 1000 , 529.065 , 0 , 0 , 0
2151 , 0 , 1000 , 528.993 , 0 , 0 , 0
2152 , 0 , 1000 , 528.921 , 0 , 0 , 0
2153 , 0 , 1000 , 528.849 , 0 , 0 , 0
2154 , 0 , 1000 , 528.777 , 0 , 0 , 0
2155 , 0 , 1000 , 528.705 , 0 , 0 , 0
2156 , 0 , 1000 , 528.633 , 0 , 0 , 0
2157 , 0 , 1000 , 528.561 , 0 , 0 , 0
2158 , 0 , 1000 , 528.489 , 0 , 0 , 0
2159 , 0 , 1000 , 528.418 , 0 , 0 , 0
2160 , 0 , 1000 , 528.346 , 0 , 0 , 0
2161 , 0 , 1000 , 528.275 , 0 , 0 , 0
2162 , 0 , 1000 , 528.203 , 0 , 0 , 0
2163 , 0 , 1000 , 528.132 , 0 , 0 , 0
2164 , 0 , 1000 , 528.061 , 0 , 0 , 0
2165 , 0 , 1000 , 527.989 , 0 , 0 , 0
2166 , 0 , 1000 , 527.918 , 0 , 0 , 0
2167 , 0 , 1000 , 527.847 , 0 , 0 , 0
2168 , 0 , 1000 , 527.776 , 0 , 0 , 0
2169 , 0 , 1000 , 527.705 , 0 , 0 , 0
2170 , 0 , 1000 , 527.634 , 0 , 0 , 0
2171 , 0 , 1000 , 527.564 , 0 , 0 , 0
2172 , 0 , 1000 , 527.493 , 0 , 0 , 0
2173 , 0 , 1000 , 527.422 , 0 , 0 , 0
2174 , 0 , 1000 , 527.351 , 0 , 0 , 0
2175 , 0 , 1000 , 527.281 , 0 , 0 , 0
2176 , 0 , 1000 , 527.21 , 0 , 0 , 0
2177 , 0 , 1000 , 527.14 , 0 , 0 , 0
2178 , 0 , 1000 , 527.07 , 0 , 0 , 0
2179 , 0 , 1000 , 526.999 , 0 , 0 , 0
2180 , 0 , 1000 , 526.929 , 0 , 0 , 0
2181 , 0 , 1000 , 526.859 , 0 , 0 , 0
2182 , 0 , 1000 , 526.789 , 0 , 0 , 0
2183 , 0 , 1000 , 526.719 , 0 , 0 , 0
2184 , 0 , 1000 , 526.649 , 0 , 0 , 0
2185 , 0 , 1000 , 526.579 , 0 , 0 , 0
2186 , 0 , 1000 , 526.509 , 0 , 0 , 0
2187 , 0 , 1000 , 526.439 , 0 , 0 , 0
2188 , 0 , 1000 , 526.37 , 0 , 0 , 0
2189 , 0 , 1000 , 526.3 , 0 , 0 , 0
2190 , 0 , 1000 , 526.231 , 0 , 0 , 0
2191 , 0 , 1000 , 526.161 , 0 , 0 , 0
2192 , 0 , 1000 , 526.092 , 0 , 0 , 0
2193 , 0 , 1000 , 526.022 , 0 , 0 , 0
2194 , 0 , 1000 , 525.953 , 0 , 0 , 0
2195 , 0 , 1000 , 525.884 , 0 , 0 , 0
2196 , 0 , 1000 , 525.815 , 0 , 0 , 0
2197 , 0 , 1000 , 525.745 , 0 , 0 , 0
2198 , 0 , 1000 , 525.676 , 0 , 0 , 0
2199 , 0 , 1000 , 525.607 , 0 , 0 , 0
2200 , 0 , 1000 , 525.539 , 0 , 0 , 0
2201 , 0 , 1000 , 525.47 , 0 , 0 , 0
2202 , 0 , 1000 , 525.401 , 0 , 0 , 0
2203 , 0 , 1000 , 525.332 , 0 , 0 , 0
2204 , 0 , 1000 , 525.264 , 0 , 0 , 0
2205 , 0 , 1000 , 525.195 , 0 , 0 , 0
2206 , 0 , 1000 , 525.127 , 0 , 0 , 0
2207 , 0 , 1000 , 525.058 , 0 , 0 , 0
2208 , 0 , 1000 , 524.99 , 0 , 0 , 0
2209 , 0 , 1000 , 524.921 , 0 , 0 , 0
2210 , 0 , 1000 , 524.853 , 0 , 0 , 0
2211 , 0 , 1000 , 524.785 , 0 , 0 , 0
2212 , 0 , 1000 , 524.717 , 0 , 0 , 0
2213 , 0 , 1000 , 524.649 , 0 , 0 , 0
2214 , 0 , 1000 , 524.581 , 0 , 0 , 0
2215 , 0 , 1000 , 524.513 , 0 , 0 , 0
2216 , 0 , 1000 , 524.445 , 0 , 0 , 0
2217 , 0 , 1000 , 524.377 , 0 , 0 , 0
2218 , 0 , 1000 , 524.309 , 0 , 0 , 0
2219 , 0 , 1000 , 524.241 , 0 , 0 , 0
2220 , 0 , 1000 , 524.174 , 0 , 0 , 0
2221 , 0 , 1000 , 524.106 , 0 , 0 , 0
2222 , 0 , 1000 , 524.039 , 0 , 0 , 0
2223 , 0 , 1000 , 523.971 , 0 , 0 , 0
2224 , 0 , 1000 , 523.904 , 0 , 0 , 0
2225 , 0 , 1000 , 523.836 , 0 , 0 , 0
2226 , 0 , 1000 , 523.769 , 0 , 0 , 0
2227 , 0 , 1000 , 523.702 , 0 , 0 , 0
2228 , 0 , 1000 , 523.635 , 0 , 0 , 0
2229 , 0 , 1000 , 523.568 , 0 , 0 , 0
2230 , 0 , 1000 , 523.501 , 0 , 0 , 0
2231 , 0 , 1000 , 523.434 , 0 , 0 , 0
2232 , 0 , 1000 , 523.367 , 0 , 0 , 0
2233 , 0 , 1000 , 523.3 , 0 , 0 , 0
2234 , 0 , 1000 , 523.233 , 0 , 0 , 0
2235 , 0 , 1000 , 523.167 , 0 , 0 , 0
2236 , 0 , 1000 , 523.1 , 0 , 0 , 0
2237 , 0 , 1000 , 523.033 , 0 , 0 , 0
2238 , 0 , 1000 , 522.967 , 0 , 0 , 0
2239 , 0 , 1000 , 522.9 , 0 , 0 , 0
2240 , 0 , 1000 , 522.834 , 0 , 0 , 0
2241 , 0 , 1000 , 522.767 , 0 , 0 , 0
2242 , 0 , 1000 , 522.701 , 0 , 0 , 0
2243 , 0 , 1000 , 522.635 , 0 , 0 , 0
2244 , 0 , 1000 , 522.569 , 0 , 0 , 0
2245 , 0 , 1000 , 522.503 , 0 , 0 , 0
2246 , 0 , 1000 , 522.437 , 0 , 0 , 0
2247 , 0 , 1000 , 522.371 , 0 , 0 , 0
2248 , 0 , 1000 , 522.305 , 0 , 0 , 0
2249 , 0 , 1000 , 522.239 , 0 , 0 , 0
2250 , 0 , 1000 , 522.173 , 0 , 0 , 0
2251 , 0 , 1000 , 522.107 , 0 , 0 , 0
2252 , 0 , 1000 , 522.042 , 0 , 0 , 0
2253 , 0 , 1000 , 521.976 , 0 , 0 , 0
2254 , 0 , 1000 , 521.91 , 0 , 0 , 0
2255 , 0 , 1000 , 521.845 , 0 , 0 , 0
2256 , 0 , 1000 , 521.779 , 0 , 0 , 0
2257 , 0 , 1000 , 521.714 , 0 , 0 , 0
2258 , 0 , 1000 , 521.649 , 0 , 0 , 0
2259 , 0 , 1000 , 521.583 , 0 , 0 , 0
2260 , 0 , 1000 , 521.518 , 0 , 0 , 0
2261 , 0 , 1000 , 521.453 , 0 , 0 , 0
2262 , 0 , 1000 , 521.388 , 0 , 0 , 0
2263 , 0 , 1000 , 521.323 , 0 , 0 , 0
2264 , 0 , 1000 , 521.258 , 0 , 0 , 0
2265 , 0 , 1000 , 521.193 , 0 , 0 , 0
2266 , 0 , 1000 , 521.128 , 0 , 0 , 0
2267 , 0 , 1000 , 521.063 , 0 , 0 , 0
2268 , 0 , 1000 , 520.999 , 0 , 0 , 0
2269 , 0 , 1000 , 520.934 , 0 , 0 , 0
2270 , 0 , 1000 , 520.869 , 0 , 0 , 0
2271 , 0 , 1000 , 520.805 , 0 , 0 , 0
2272 , 0 , 1000 , 520.74 , 0 , 0 , 0
2273 , 0 , 1000 , 520.676 , 0 , 0 , 0
2274 , 0 , 1000 , 520.611 , 0 , 0 , 0
2275 , 0 , 1000 , 520.547 , 0 , 0 , 0
2276 , 0 , 1000 , 520.483 , 0 , 0 , 0
2277 , 0 , 1000 , 520.419 , 0 , 0 , 0
2278 , 0 , 1000 , 520.354 , 0 , 0 , 0
2279 , 0 , 1000 , 520.29 , 0 , 0 , 0
2280 , 0 , 1000 , 520.226 , 0 , 0 , 0
2281 , 0 , 1000 , 520.162 , 0 , 0 , 0
2282 , 0 , 1000 , 520.098 , 0 , 0 , 0
2283 , 0 , 1000 , 520.035 , 0 , 0 , 0
2284 , 0 , 1000 , 519.971 , 0 , 0 , 0
2285 , 0 , 1000 , 519.907 , 0 , 0 , 0
2286 , 0 , 1000 , 519.843 , 0 , 0 , 0
2287 , 0 , 1000 , 519.78 , 0 , 0 , 0
2288 , 0 , 1000 , 519.716 , 0 , 0 , 0
2289 , 0 , 1000 , 519.653 , 0 , 0 , 0
2290 , 0 , 1000 , 519.589 , 0 , 0 , 0
2291 , 0 , 1000 , 519.526 , 0 , 0 , 0
2292 , 0 , 1000 , 519.462 , 0 , 0 , 0
2293 , 0 , 1000 , 519.399 , 0 , 0 , 0
2294 , 0 , 1000 , 519.336 , 0 , 0 , 0
2295 , 0 , 1000 , 519.273 , 0 , 0 , 0
2296 , 0 , 1000 , 519.209 , 0 , 0 , 0
2297 , 0 , 1000 , 519.146 , 0 , 0 , 0
2298 , 0 , 1000 , 519.083 , 0 , 0 , 0
2299 , 0 , 1000 , 519.02 , 0 , 0 , 0
2300 , 0 , 1000 , 518.957 , 0 , 0 , 0
2301 , 0 , 1000 , 518.895 , 0 , 0 , 0
2302 , 0 , 1000 , 518.832 , 0 , 0 , 0
2303 , 0 , 1000 , 518.769 , 0 , 0 , 0
2304 , 0 , 1000 , 518.706 , 0 , 0 , 0
2305 , 0 , 1000 , 518.644 , 0 , 0 , 0
2306 , 0 , 1000 , 518.581 , 0 , 0 , 0
2307 , 0 , 1000 , 518.519 , 0 , 0 , 0
2308 , 0 , 1000 , 518.456 , 0 , 0 , 0
2309 , 0 , 1000 , 518.394 , 0 , 0 , 0
2310 , 0 , 1000 , 518.331 , 0 , 0 , 0
2311 , 0 , 1000 , 518.269 , 0 , 0 , 0
2312 , 0 , 1000 , 518.207 , 0 , 0 , 0
2313 , 0 , 1000 , 518.145 , 0 , 0 , 0
2314 , 0 , 1000 , 518.083 , 0 , 0 , 0
2315 , 0 , 1000 , 518.02 , 0 , 0 , 0
2316 , 0 , 1000 , 517.958 , 0 , 0 , 0
2317 , 0 , 1000 , 517.896 , 0 , 0 , 0
2318 , 0 , 1000 , 517.835 , 0 , 0 , 0
2319 , 0 , 1000 , 517.773 , 0 , 0 , 0
2320 , 0 , 1000 , 517.711 , 0 , 0 , 0
2321 , 0 , 1000 , 517.649 , 0 , 0 , 0
2322 , 0 , 1000 , 517.587 , 0 , 0 , 0
2323 , 0 , 1000 , 517.526 , 0 , 0 , 0
2324 , 0 , 1000 , 517.464 , 0 , 0 , 0
2325 , 0 , 1000 , 517.403 , 0 , 0 , 0
2326 , 0 , 1000 , 517.341 , 0 , 0 , 0
2327 , 0 , 1000 , 517.28 , 0 , 0 , 0
2328 , 0 , 1000 , 517.218 , 0 , 0 , 0
2329 , 0 , 1000 , 517.157 , 0 , 0 , 0
2330 , 0 , 1000 , 517.096 , 0 , 0 , 0
2331 , 0 , 1000 , 517.035 , 0 , 0 , 0
2332 , 0 , 1000 , 516.973 , 0 , 0 , 0
2333 , 0 , 1000 , 516.912 , 0 , 0 , 0
2334 , 0 , 1000 , 516.851 , 0 , 0 , 0
2335 , 0 , 1000 , 516.79 , 0 , 0 , 0
2336 , 0 , 1000 , 516.729 , 0 , 0 , 0
2337 , 0 , 1000 , 516.668 , 0 , 0 , 0
2338 , 0 , 1000 , 516.608 , 0 , 0 , 0
2339 , 0 , 1000 , 516.547 , 0 , 0 , 0
2340 , 0 , 1000 , 516.486 , 0 , 0 , 0
2341 , 0 , 1000 , 516.425 , 0 , 0 , 0
2342 , 0 , 1000 , 516.365 , 0 , 0 , 0
2343 , 0 , 1000 , 516.304 , 0 , 0 , 0
2344 , 0 , 1000 , 516.244 , 0 , 0 , 0
2345 , 0 , 1000 , 516.183 , 0 , 0 , 0
2346 , 0 , 1000 , 516.123 , 0 , 0 , 0
2347 , 0 , 1000 , 516.062 , 0 , 0 , 0
2348 , 0 , 1000 , 516.002 , 0 , 0 , 0
2349 , 0 , 1000 , 515.942 , 0 , 0 , 0
2350 , 0 , 1000 , 515.882 , 0 , 0 , 0
2351 , 0 , 1000 , 515.822 , 0 , 0 , 0
2352 , 0 , 1000 , 515.761 , 0 , 0 , 0
2353 , 0 , 1000 , 515.701 , 0 , 0 , 0
2354 , 0 , 1000 , 515.642 , 0 , 0 , 0
2355 , 0 , 1000 , 515.582 , 0 , 0 , 0
2356 , 0 , 1000 , 515.522 , 0 , 0 , 0
2357 , 0 , 1000 , 515.462 , 0 , 0 , 0
2358 , 0 , 1000 , 515.402 , 0 , 0 , 0
2359 , 0 , 1000 , 515.342 , 0 , 0 , 0
2360 , 0 , 1000 , 515.283 , 0 , 0 , 0
2361 , 0 , 1000 , 515.223 , 0 , 0 , 0
2362 , 0 , 1000 , 515.164 , 0 , 0 , 0
2363 , 0 , 1000 , 515.104 , 0 , 0 , 0
2364 , 0 , 1000 , 515.045 , 0 , 0 , 0
2365 , 0 , 1000 , 514.985 , 0 , 0 , 0
2366 , 0 , 1000 , 514.926 , 0 , 0 , 0
2367 , 0 , 1000 , 514.866 , 0 , 0 , 0
2368 , 0 , 1000 , 514.807 , 0 , 0 , 0
2369 , 0 , 1000 , 514.748 , 0 , 0 , 0
2370 , 0 , 1000 , 514.689 , 0 , 0 , 0
2371 , 0 , 1000 , 514.63 , 0 , 0 , 0
2372 , 0 , 1000 , 514.571 , 0 , 0 , 0
2373 , 0 , 1000 , 514.512 , 0 , 0 , 0
2374 , 0 , 1000 , 514.453 , 0 , 0 , 0
2375 , 0 , 1000 , 514.394 , 0 , 0 , 0
2376 , 0 , 1000 , 514.335 , 0 , 0 , 0
2377 , 0 , 1000 , 514.276 , 0 , 0 , 0
2378 , 0 , 1000 , 514.218 , 0 , 0 , 0
2379 , 0 , 1000 , 514.159 , 0 , 0 , 0
2380 , 0 , 1000 , 514.1 , 0 , 0 , 0
2381 , 0 , 1000 , 514.042 , 0 , 0 , 0
2382 , 0 , 1000 , 513.983 , 0 , 0 , 0
2383 , 0 , 1000 , 513.925 , 0 , 0 , 0
2384 , 0 , 1000 , 513.866 , 0 , 0 , 0
2385 , 0 , 1000 , 513.808 , 0 , 0 , 0
2386 , 0 , 1000 , 513.75 , 0 , 0 , 0
2387 , 0 , 1000 , 513.691 , 0 , 0 , 0
2388 , 0 , 1000 , 513.633 , 0 , 0 , 0
2389 , 0 , 1000 , 513.575 , 0 , 0 , 0
2390 , 0 , 1000 , 513.517 , 0 , 0 , 0
2391 , 0 , 1000 , 513.459 , 0 , 0 , 0
2392 , 0 , 1000 , 513.401 , 0 , 0 , 0
2393 , 0 , 1000 , 513.343 , 0 , 0 , 0
2394 , 0 , 1000 , 513.285 , 0 , 0 , 0
2395 , 0 , 1000 , 513.227 , 0 , 0 , 0
2396 , 0 , 1000 , 513.169 , 0 , 0 , 0
2397 , 0 , 1000 , 513.111 , 0 , 0 , 0
2398 , 0 , 1000 , 513.053 , 0 , 0 , 0
2399 , 0 , 1000 , 512.996 , 0 , 0 , 0
2400 , 0 , 1000 , 512.938 , 0 , 0 , 0
2401 , 0 , 1000 , 512.881 , 0 , 0 , 0
2402 , 0 , 1000 , 512.823 , 0 , 0 , 0
2403 , 0 , 1000 , 512.765 , 0 , 0 , 0
2404 , 0 , 1000 , 512.708 , 0 , 0 , 0
2405 , 0 , 1000 , 512.651 , 0 , 0 , 0
2406 , 0 , 1000 , 512.593 , 0 , 0 , 0
2407 , 0 , 1000 , 512.536 , 0 , 0 , 0
2408 , 0 , 1000 , 512.479 , 0 , 0 , 0
2409 , 0 , 1000 , 512.422 , 0 , 0 , 0
2410 , 0 , 1000 , 512.364 , 0 , 0 , 0
2411 , 0 , 1000 , 512.307 , 0 , 0 , 0
2412 , 0 , 1000 , 512.25 , 0 , 0 , 0
2413 , 0 , 1000 , 512.193 , 0 , 0 , 0
2414 , 0 , 1000 , 512.136 , 0 , 0 , 0
2415 , 0 , 1000 , 512.079 , 0 , 0 , 0
2416 , 0 , 1000 , 512.023 , 0 , 0 , 0
2417 , 0 , 1000 , 511.966 , 0 , 0 , 0
2418 , 0 , 1000 , 511.909 , 0 , 0 , 0
2419 , 0 , 1000 , 511.852 , 0 , 0 , 0
2420 , 0 , 1000 , 511.796 , 0 , 0 , 0
2421 , 0 , 1000 , 511.739 , 0 , 0 , 0
2422 , 0 , 1000 , 511.682 , 0 , 0 , 0
2423 , 0 , 1000 , 511.626 , 0 , 0 , 0
2424 , 0 , 1000 , 511.569 , 0 , 0 , 0
2425 , 0 , 1000 , 511.513 , 0 , 0 , 0
2426 , 0 , 1000 , 511.457 , 0 , 0 , 0
2427 , 0 , 1000 , 511.4 , 0 , 0 , 0
2428 , 0 , 1000 , 511.344 , 0 , 0 , 0
2429 , 0 , 1000 , 511.288 , 0 , 0 , 0
2430 , 0 , 1000 , 511.232 , 0 , 0 , 0
2431 , 0 , 1000 , 511.175 , 0 , 0 , 0
2432 , 0 , 1000 , 511.119 , 0 , 0 , 0
2433 , 0 , 1000 , 511.063 , 0 , 0 , 0
2434 , 0 , 1000 , 511.007 , 0 , 0 , 0
2435 , 0 , 1000 , 510.951 , 0 , 0 , 0
2436 , 0 , 1000 , 510.895 , 0 , 0 , 0
2437 , 0 , 1000 , 510.84 , 0 , 0 , 0
2438 , 0 , 1000 , 510.784 , 0 , 0 , 0
2439 , 0 , 1000 , 510.728 , 0 , 0 , 0
2440 , 0 , 1000 , 510.672 , 0 , 0 , 0
2441 , 0 , 1000 , 510.617 , 0 , 0 , 0
2442 , 0 , 1000 , 510.561 , 0 , 0 , 0
2443 , 0 , 1000 , 510.505 , 0 , 0 , 0
2444 , 0 , 1000 , 510.45 , 0 , 0 , 0
2445 , 0 , 1000 , 510.395 , 0 , 0 , 0
2446 , 0 , 1000 , 510.339 , 0 , 0 , 0
2447 , 0 , 1000 , 510.284 , 0 , 0 , 0
2448 , 0 , 1000 , 510.228 , 0 , 0 , 0
2449 , 0 , 1000 , 510.173 , 0 , 0 , 0
2450 , 0 , 1000 , 510.118 , 0 , 0 , 0
2451 , 0 , 1000 , 510.063 , 0 , 0 , 0
2452 , 0 , 1000 , 510.008 , 0 , 0 , 0
2453 , 0 , 1000 , 509.952 , 0 , 0 , 0
2454 , 0 , 1000 , 509.897 , 0 , 0 , 0
2455 , 0 , 1000 , 509.842 , 0 , 0 , 0
2456 , 0 , 1000 , 509.787 , 0 , 0 , 0
2457 , 0 , 1000 , 509.732 , 0 , 0 , 0
2458 , 0 , 1000 , 509.678 , 0 , 0 , 0
2459 , 0 , 1000 , 509.623 , 0 , 0 , 0
2460 , 0 , 1000 , 509.568 , 0 , 0 , 0
2461 , 0 , 1000 , 509.513 , 0 , 0 , 0
2462 , 0 , 1000 , 509.458 , 0 , 0 , 0
2463 , 0 , 1000 , 509.404 , 0 , 0 , 0
2464 , 0 , 1000 , 509.349 , 0 , 0 , 0
2465 , 0 , 1000 , 509.295 , 0 , 0 , 0
2466 , 0 , 1000 , 509.24 , 0 , 0 , 0
2467 , 0 , 1000 , 509.186 , 0 , 0 , 0
2468 , 0 , 1000 , 509.131 , 0 , 0 , 0
2469 , 0 , 1000 , 509.077 , 0 , 0 , 0
2470 , 0 , 1000 , 509.023 , 0 , 0 , 0
2471 , 0 , 1000 , 508.968 , 0 , 0 , 0
2472 , 0 , 1000 , 508.914 , 0 , 0 , 0
2473 , 0 , 1000 , 508.86 , 0 , 0 , 0
2474 , 0 , 1000 , 508.806 , 0 , 0 , 0
2475 , 0 , 1000 , 508.752 , 0 , 0 , 0
2476 , 0 , 1000 , 508.698 , 0 , 0 , 0
2477 , 0 , 1000 , 508.643 , 0 , 0 , 0
2478 , 0 , 1000 , 508.59 , 0 , 0 , 0
2479 , 0 , 1000 , 508.536 , 0 , 0 , 0
2480 , 0 , 1000 , 508.482 , 0 , 0 , 0
2481 , 0 , 1000 , 508.428 , 0 , 0 , 0
2482 , 0 , 1000 , 508.374 , 0 , 0 , 0
2483 , 0 , 1000 , 508.32 , 0 , 0 , 0
2484 , 0 , 1000 , 508.267 , 0 , 0 , 0
2485 , 0 , 1000 , 508.213 , 0 , 0 , 0
2486 , 0 , 1000 , 508.159 , 0 , 0 , 0
2487 , 0 , 1000 , 508.106 , 0 , 0 , 0
2488 , 0 , 1000 , 508.052 , 0 , 0 , 0
2489 , 0 , 1000 , 507.999 , 0 , 0 , 0
2490 , 0 , 1000 , 507.945 , 0 , 0 , 0
2491 , 0 , 1000 , 507.892 , 0 , 0 , 0
2492 , 0 , 1000 , 507.839 , 0 , 0 , 0
2493 , 0 , 1000 , 507.785 , 0 , 0 , 0
2494 , 0 , 1000 , 507.732 , 0 , 0 , 0
2495 , 0 , 1000 , 507.679 , 0 , 0 , 0
2496 , 0 , 1000 , 507.626 , 0 , 0 , 0
2497 , 0 , 1000 , 507.573 , 0 , 0 , 0
2498 , 0 , 1000 , 507.52 , 0 , 0 , 0
2499 , 0 , 1000 , 507.467 , 0 , 0 , 0
2500 , 0 , 1000 , 507.414 , 0 , 0 , 0
2501 , 0 , 1000 , 507.361 , 0 , 0 , 0
2502 , 0 , 1000 , 507.308 , 0 , 0 , 0
2503 , 0 , 1000 , 507.255 , 0 , 0 , 0
2504 , 0 , 1000 , 507.202 , 0 , 0 , 0
2505 , 0 , 1000 , 507.149 , 0 , 0 , 0
2506 , 0 , 1000 , 507.097 , 0 , 0 , 0
2507 , 0 , 1000 , 507.044 , 0 , 0 , 0
2508 , 0 , 1000 , 506.991 , 0 , 0 , 0
2509 , 0 , 1000 , 506.939 , 0 , 0 , 0
2510 , 0 , 1000 , 506.886 , 0 , 0 , 0
2511 , 0 , 1000 , 506.834 , 0 , 0 , 0
2512 , 0 , 1000 , 506.781 , 0 , 0 , 0
2513 , 0 , 1000 , 506.729 , 0 , 0 , 0
2514 , 0 , 1000 , 506.676 , 0 , 0 , 0
2515 , 0 , 1000 , 506.624 , 0 , 0 , 0
2516 , 0 , 1000 , 506.572 , 0 , 0 , 0
2517 , 0 , 1000 , 506.519 , 0 , 0 , 0
2518 , 0 , 1000 , 506.467 , 0 , 0 , 0
2519 , 0 , 1000 , 506.415 , 0 , 0 , 0
2520 , 0 , 1000 , 506.363 , 0 , 0 , 0
2521 , 0 , 1000 , 506.311 , 0 , 0 , 0
2522 , 0 , 1000 , 506.259 , 0 , 0 , 0
2523 , 0 , 1000 , 506.207 , 0 , 0 , 0
2524 , 0 , 1000 , 506.155 , 0 , 0 , 0
2525 , 0 , 1000 , 506.103 , 0 , 0 , 0
2526 , 0 , 1000 , 506.051 , 0 , 0 , 0
2527 , 0 , 1000 , 505.999 , 0 , 0 , 0
2528 , 0 , 1000 , 505.947 , 0 , 0 , 0
2529 , 0 , 1000 , 505.896 , 0 , 0 , 0
2530 , 0 , 1000 , 505.844 , 0 , 0 , 0
2531 , 0 , 1000 , 505.792 , 0 , 0 , 0
2532 , 0 , 1000 , 505.741 , 0 , 0 , 0
2533 , 0 , 1000 , 505.689 , 0 , 0 , 0
2534 , 0 , 1000 , 505.637 , 0 , 0 , 0
2535 , 0 , 1000 , 505.586 , 0 , 0 , 0
2536 , 0 , 1000 , 505.534 , 0 , 0 , 0
2537 , 0 , 1000 , 505.483 , 0 , 0 , 0
2538 , 0 , 1000 , 505.432 , 0 , 0 , 0
2539 , 0 , 1000 , 505.38 , 0 , 0 , 0
2540 , 0 , 1000 , 505.329 , 0 , 0 , 0
2541 , 0 , 1000 , 505.278 , 0 , 0 , 0
2542 , 0 , 1000 , 505.227 , 0 , 0 , 0
2543 , 0 , 1000 , 505.175 , 0 , 0 , 0
2544 , 0 , 1000 , 505.124 , 0 , 0 , 0
2545 , 0 , 1000 , 505.073 , 0 , 0 , 0
2546 , 0 , 1000 , 505.022 , 0 , 0 , 0
2547 , 0 , 1000 , 504.971 , 0 , 0 , 0
2548 , 0 , 1000 , 504.92 , 0 , 0 , 0
2549 , 0 , 1000 , 504.87 , 0 , 0 , 0
2550 , 0 , 1000 , 504.819 , 0 , 0 , 0
2551 , 0 , 1000 , 504.768 , 0 , 0 , 0
2552 , 0 , 1000 , 504.717 , 0 , 0 , 0
2553 , 0 , 1000 , 504.666 , 0 , 0 , 0
2554 , 0 , 1000 , 504.616 , 0 , 0 , 0
2555 , 0 , 1000 , 504.565 , 0 , 0 , 0
2556 , 0 , 1000 , 504.514 , 0 , 0 , 0
2557 , 0 , 1000 , 504.464 , 0 , 0 , 0
2558 , 0 , 1000 , 504.413 , 0 , 0 , 0
2559 , 0 , 1000 , 504.363 , 0 , 0 , 0
2560 , 0 , 1000 , 504.312 , 0 , 0 , 0
2561 , 0 , 1000 , 504.262 , 0 , 0 , 0
2562 , 0 , 1000 , 504.211 , 0 , 0 , 0
2563 , 0 , 1000 , 504.161 , 0 , 0 , 0
2564 , 0 , 1000 , 504.111 , 0 , 0 , 0
2565 , 0 , 1000 , 504.061 , 0 , 0 , 0
2566 , 0 , 1000 , 504.01 , 0 , 0 , 0
2567 , 0 , 1000 , 503.96 , 0 , 0 , 0
2568 , 0 , 1000 , 503.91 , 0 , 0 , 0
2569 , 0 , 1000 , 503.86 , 0 , 0 , 0
2570 , 0 , 1000 , 503.81 , 0 , 0 , 0
2571 , 0 , 1000 , 503.76 , 0 , 0 , 0
2572 , 0 , 1000 , 503.71 , 0 , 0 , 0
2573 , 0 , 1000 , 503.66 , 0 , 0 , 0
2574 , 0 , 1000 , 503.61 , 0 , 0 , 0
2575 , 0 , 1000 , 503.56 , 0 , 0 , 0
2576 , 0 , 1000 , 503.511 , 0 , 0 , 0
2577 , 0 , 1000 , 503.461 , 0 , 0 , 0
2578 , 0 , 1000 , 503.411 , 0 , 0 , 0
2579 , 0 , 1000 , 503.361 , 0 , 0 , 0
2580 , 0 , 1000 , 503.312 , 0 , 0 , 0
2581 , 0 , 1000 , 503.262 , 0 , 0 , 0
2582 , 0 , 1000 , 503.212 , 0 , 0 , 0
2583 , 0 , 1000 , 503.163 , 0 , 0 , 0
2584 , 0 , 1000 , 503.113 , 0 , 0 , 0
2585 , 0 , 1000 , 503.064 , 0 , 0 , 0
2586 , 0 , 1000 , 503.015 , 0 , 0 , 0
2587 , 0 , 1000 , 502.965 , 0 , 0 , 0
2588 , 0 , 1000 , 502.916 , 0 , 0 , 0
2589 , 0 , 1000 , 502.866 , 0 , 0 , 0
2590 , 0 , 1000 , 502.817 , 0 , 0 , 0
2591 , 0 , 1000 , 502.768 , 0 , 0 , 0
2592 , 0 , 1000 , 502.719 , 0 , 0 , 0
2593 , 0 , 1000 , 502.67 , 0 , 0 , 0
2594 , 0 , 1000 , 502.621 , 0 , 0 , 0
2595 , 0 , 1000 , 502.572 , 0 , 0 , 0
2596 , 0 , 1000 , 502.523 , 0 , 0 , 0
2597 , 0 , 1000 , 502.474 , 0 , 0 , 0
2598 , 0 , 1000 , 502.425 , 0 , 0 , 0
2599 , 0 , 1000 , 502.376 , 0 , 0 , 0
2600 , 0 , 1000 , 502.327 , 0 , 0 , 0
2601 , 0 , 1000 , 502.278 , 0 , 0 , 0
2602 , 0 , 1000 , 502.229 , 0 , 0 , 0
2603 , 0 , 1000 , 502.181 , 0 , 0 , 0
2604 , 0 , 1000 , 502.132 , 0 , 0 , 0
2605 , 0 , 1000 , 502.083 , 0 , 0 , 0
2606 , 0 , 1000 , 502.035 , 0 , 0 , 0
2607 , 0 , 1000 , 501.986 , 0 , 0 , 0
2608 , 0 , 1000 , 501.938 , 0 , 0 , 0
2609 , 0 , 1000 , 501.889 , 0 , 0 , 0
2610 , 0 , 1000 , 501.841 , 0 , 0 , 0
2611 , 0 , 1000 , 501.792 , 0 , 0 , 0
2612 , 0 , 1000 , 501.744 , 0 , 0 , 0
2613 , 0 , 1000 , 501.695 , 0 , 0 , 0
2614 , 0 , 1000 , 501.647 , 0 , 0 , 0
2615 , 0 , 1000 , 501.599 , 0 , 0 , 0
2616 , 0 , 1000 , 501.551 , 0 , 0 , 0
2617 , 0 , 1000 , 501.502 , 0 , 0 , 0
2618 , 0 , 1000 , 501.454 , 0 , 0 , 0
2619 , 0 , 1000 , 501.406 , 0 , 0 , 0
2620 , 0 , 1000 , 501.358 , 0 , 0 , 0
2621 , 0 , 1000 , 501.31 , 0 , 0 , 0
2622 , 0 , 1000 , 501.262 , 0 , 0 , 0
2623 , 0 , 1000 , 501.214 , 0 , 0 , 0
2624 , 0 , 1000 , 501.166 , 0 , 0 , 0
2625 , 0 , 1000 , 501.118 , 0 , 0 , 0
2626 , 0 , 1000 , 501.07 , 0 , 0 , 0
2627 , 0 , 1000 , 501.023 , 0 , 0 , 0
2628 , 0 , 1000 , 500.975 , 0 , 0 , 0
2629 , 0 , 1000 , 500.927 , 0 , 0 , 0
2630 , 0 , 1000 , 500.879 , 0 , 0 , 0
2631 , 0 , 1000 , 500.832 , 0 , 0 , 0
2632 , 0 , 1000 , 500.784 , 0 , 0 , 0
2633 , 0 , 1000 , 500.736 , 0 , 0 , 0
2634 , 0 , 1000 , 500.689 , 0 , 0 , 0
2635 , 0 , 1000 , 500.641 , 0 , 0 , 0
2636 , 0 , 1000 , 500.594 , 0 , 0 , 0
2637 , 0 , 1000 , 500.546 , 0 , 0 , 0
2638 , 0 , 1000 , 500.499 , 0 , 0 , 0
2639 , 0 , 1000 , 500.452 , 0 , 0 , 0
2640 , 0 , 1000 , 500.404 , 0 , 0 , 0
2641 , 0 , 1000 , 500.357 , 0 , 0 , 0
2642 , 0 , 1000 , 500.31 , 0 , 0 , 0
2643 , 0 , 1000 , 500.263 , 0 , 0 , 0
2644 , 0 , 1000 , 500.215 , 0 , 0 , 0
2645 , 0 , 1000 , 500.168 , 0 , 0 , 0
2646 , 0 , 1000 , 500.121 , 0 , 0 , 0
2647 , 0 , 1000 , 500.074 , 0 , 0 , 0
2648 , 0 , 1000 , 500.027 , 0 , 0 , 0
2649 , 0 , 1000 , 499.98 , 0 , 0 , 0
2650 , 0 , 1000 , 499.933 , 0 , 0 , 0
2651 , 0 , 1000 , 499.886 , 0 , 0 , 0
2652 , 0 , 1000 , 499.839 , 0 , 0 , 0
2653 , 0 , 1000 , 499.793 , 0 , 0 , 0
2654 , 0 , 1000 , 499.746 , 0 , 0 , 0
2655 , 0 , 1000 , 499.699 , 0 , 0 , 0
2656 , 0 , 1000 , 499.652 , 0 , 0 , 0
2657 , 0 , 1000 , 499.606 , 0 , 0 , 0
2658 , 0 , 1000 , 499.559 , 0 , 0 , 0
2659 , 0 , 1000 , 499.513 , 0 , 0 , 0
2660 , 0 , 1000 , 499.466 , 0 , 0 , 0
2661 , 0 , 1000 , 499.419 , 0 , 0 , 0
2662 , 0 , 1000 , 499.373 , 0 , 0 , 0
2663 , 0 , 1000 , 499.326 , 0 , 0 , 0
2664 , 0 , 1000 , 499.28 , 0 , 0 , 0
2665 , 0 , 1000 , 499.234 , 0 , 0 , 0
2666 , 0 , 1000 , 499.187 , 0 , 0 , 0
2667 , 0 , 1000 , 499.141 , 0 , 0 , 0
2668 , 0 , 1000 , 499.095 , 0 , 0 , 0
2669 , 0 , 1000 , 499.048 , 0 , 0 , 0
2670 , 0 , 1000 , 499.002 , 0 , 0 , 0
2671 , 0 , 1000 , 498.956 , 0 , 0 , 0
2672 , 0 , 1000 , 498.91 , 0 , 0 , 0
2673 , 0 , 1000 , 498.864 , 0 , 0 , 0
2674 , 0 , 1000 , 498.818 , 0 , 0 , 0
2675 , 0 , 1000 , 498.772 , 0 , 0 , 0
2676 , 0 , 1000 , 498.726 , 0 , 0 , 0
2677 , 0 , 1000 , 498.68 , 0 , 0 , 0
2678 , 0 , 1000 , 498.634 , 0 , 0 , 0
2679 , 0 , 1000 , 498.588 , 0 , 0 , 0
2680 , 0 , 1000 , 498.542 , 0 , 0 , 0
2681 , 0 , 1000 , 498.496 , 0 , 0 , 0
2682 , 0 , 1000 , 498.45 , 0 , 0 , 0
2683 , 0 , 1000 , 498.405 , 0 , 0 , 0
2684 , 0 , 1000 , 498.359 , 0 , 0 , 0
2685 , 0 , 1000 , 498.313 , 0 , 0 , 0
2686 , 0 , 1000 , 498.268 , 0 , 0 , 0
2687 , 0 , 1000 , 498.222 , 0 , 0 , 0
2688 , 0 , 1000 , 498.177 , 0 , 0 , 0
2689 , 0 , 1000 , 498.131 , 0 , 0 , 0
2690 , 0 , 1000 , 498.086 , 0 , 0 , 0
2691 , 0 , 1000 , 498.04 , 0 , 0 , 0
2692 , 0 , 1000 , 497.995 , 0 , 0 , 0
2693 , 0 , 1000 , 497.949 , 0 , 0 , 0
2694 , 0 , 1000 , 497.904 , 0 , 0 , 0
2695 , 0 , 1000 , 497.859 , 0 , 0 , 0
2696 , 0 , 1000 , 497.813 , 0 , 0 , 0
2697 , 0 , 1000 , 497.768 , 0 , 0 , 0
2698 , 0 , 1000 , 497.723 , 0 , 0 , 0
2699 , 0 , 1000 , 497.678 , 0 , 0 , 0
2700 , 0 , 1000 , 497.633 , 0 , 0 , 0
2701 , 0 , 1000 , 497.588 , 0 , 0 , 0
2702 , 0 , 1000 , 497.543 , 0 , 0 , 0
2703 , 0 , 1000 , 497.497 , 0 , 0 , 0
2704 , 0 , 1000 , 497.452 , 0 , 0 , 0
2705 , 0 , 1000 , 497.408 , 0 , 0 , 0
2706 , 0 , 1000 , 497.363 , 0 , 0 , 0
2707 , 0 , 1000 , 497.318 , 0 , 0 , 0
2708 , 0 , 1000 , 497.273 , 0 , 0 , 0
2709 , 0 , 1000 , 497.228 , 0 , 0 , 0
2710 , 0 , 1000 , 497.183 , 0 , 0 , 0
2711 , 0 , 1000 , 497.139 , 0 , 0 , 0
2712 , 0 , 1000 , 497.094 , 0 , 0 , 0
2713 , 0 , 1000 , 497.049 , 0 , 0 , 0
2714 , 0 , 1000 , 497.005 , 0 , 0 , 0
2715 , 0 , 1000 , 496.96 , 0 , 0 , 0
2716 , 0 , 1000 , 496.915 , 0 , 0 , 0
2717 , 0 , 1000 , 496.871 , 0 , 0 , 0
2718 , 0 , 1000 , 496.826 , 0 , 0 , 0
2719 , 0 , 1000 , 496.782 , 0 , 0 , 0
2720 , 0 , 1000 , 496.737 , 0 , 0 , 0
2721 , 0 , 1000 , 496.693 , 0 , 0 , 0
2722 , 0 , 1000 , 496.649 , 0 , 0 , 0
2723 , 0 , 1000 , 496.604 , 0 , 0 , 0
2724 , 0 , 1000 , 496.56 , 0 , 0 , 0
2725 , 0 , 1000 , 496.516 , 0 , 0 , 0
2726 , 0 , 1000 , 496.472 , 0 , 0 , 0
2727 , 0 , 1000 , 496.428 , 0 , 0 , 0
2728 , 0 , 1000 , 496.383 , 0 , 0 , 0
2729 , 0 , 1000 , 496.339 , 0 , 0 , 0
2730 , 0 , 1000 , 496.295 , 0 , 0 , 0
2731 , 0 , 1000 , 496.251 , 0 , 0 , 0
2732 , 0 , 1000 , 496.207 , 0 , 0 , 0
2733 , 0 , 1000 , 496.163 , 0 , 0 , 0
2734 , 0 , 1000 , 496.119 , 0 , 0 , 0
2735 , 0 , 1000 , 496.075 , 0 , 0 , 0
2736 , 0 , 1000 , 496.031 , 0 , 0 , 0
2737 , 0 , 1000 , 495.988 , 0 , 0 , 0
2738 , 0 , 1000 , 495.944 , 0 , 0 , 0
2739 , 0 , 1000 , 495.9 , 0 , 0 , 0
2740 , 0 , 1000 , 495.856 , 0 , 0 , 0
2741 , 0 , 1000 , 495.812 , 0 , 0 , 0
2742 , 0 , 1000 , 495.769 , 0 , 0 , 0
2743 , 0 , 1000 , 495.725 , 0 , 0 , 0
2744 , 0 , 1000 , 495.682 , 0 , 0 , 0
2745 , 0 , 1000 , 495.638 , 0 , 0 , 0
2746 , 0 , 1000 , 495.594 , 0 , 0 , 0
2747 , 0 , 1000 , 495.551 , 0 , 0 , 0
2748 , 0 , 1000 , 495.508 , 0 , 0 , 0
2749 , 0 , 1000 , 495.464 , 0 , 0 , 0
2750 , 0 , 1000 , 495.421 , 0 , 0 , 0
2751 , 0 , 1000 , 495.377 , 0 , 0 , 0
2752 , 0 , 1000 , 495.334 , 0 , 0 , 0
2753 , 0 , 1000 , 495.291 , 0 , 0 , 0
2754 , 0 , 1000 , 495.247 , 0 , 0 , 0
2755 , 0 , 1000 , 495.204 , 0 , 0 , 0
2756 , 0 , 1000 , 495.161 , 0 , 0 , 0
2757 , 0 , 1000 , 495.118 , 0 , 0 , 0
2758 , 0 , 1000 , 495.075 , 0 , 0 , 0
2759 , 0 , 1000 , 495.032 , 0 , 0 , 0
2760 , 0 , 1000 , 494.988 , 0 , 0 , 0
2761 , 0 , 1000 , 494.945 , 0 , 0 , 0
2762 , 0 , 1000 , 494.902 , 0 , 0 , 0
2763 , 0 , 1000 , 494.859 , 0 , 0 , 0
2764 , 0 , 1000 , 494.817 , 0 , 0 , 0
2765 , 0 , 1000 , 494.774 , 0 , 0 , 0
2766 , 0 , 1000 , 494.731 , 0 , 0 , 0
2767 , 0 , 1000 , 494.688 , 0 , 0 , 0
2768 , 0 , 1000 , 494.645 , 0 , 0 , 0
2769 , 0 , 1000 , 494.602 , 0 , 0 , 0
2770 , 0 , 1000 , 494.56 , 0 , 0 , 0
2771 , 0 , 1000 , 494.517 , 0 , 0 , 0
2772 , 0 , 1000 , 494.474 , 0 , 0 , 0
2773 , 0 , 1000 , 494.432 , 0 , 0 , 0
2774 , 0 , 1000 , 494.389 , 0 , 0 , 0
2775 , 0 , 1000 , 494.346 , 0 , 0 , 0
2776 , 0 , 1000 , 494.304 , 0 , 0 , 0
2777 , 0 , 1000 , 494.261 , 0 , 0 , 0
2778 , 0 , 1000 , 494.219 , 0 , 0 , 0
2779 , 0 , 1000 , 494.176 , 0 , 0 , 0
2780 , 0 , 1000 , 494.134 , 0 , 0 , 0
2781 , 0 , 1000 , 494.092 , 0 , 0 , 0
2782 , 0 , 1000 , 494.049 , 0 , 0 , 0
2783 , 0 , 1000 , 494.007 , 0 , 0 , 0
2784 , 0 , 1000 , 493.965 , 0 , 0 , 0
2785 , 0 , 1000 , 493.922 , 0 , 0 , 0
2786 , 0 , 1000 , 493.88 , 0 , 0 , 0
2787 , 0 , 1000 , 493.838 , 0 , 0 , 0
2788 , 0 , 1000 , 493.796 , 0 , 0 , 0
2789 , 0 , 1000 , 493.754 , 0 , 0 , 0
2790 , 0 , 1000 , 493.712 , 0 , 0 , 0
2791 , 0 , 1000 , 493.67 , 0 , 0 , 0
2792 , 0 , 1000 , 493.627 , 0 , 0 , 0
2793 , 0 , 1000 , 493.586 , 0 , 0 , 0
2794 , 0 , 1000 , 493.544 , 0 , 0 , 0
2795 , 0 , 1000 , 493.502 , 0 , 0 , 0
2796 , 0 , 1000 , 493.46 , 0 , 0 , 0
2797 , 0 , 1000 , 493.418 , 0 , 0 , 0
2798 , 0 , 1000 , 493.376 , 0 , 0 , 0
2799 , 0 , 1000 , 493.334 , 0 , 0 , 0
2800 , 0 , 1000 , 493.292 , 0 , 0 , 0
2801 , 0 , 1000 , 493.251 , 0 , 0 , 0
2802 , 0 , 1000 , 493.209 , 0 , 0 , 0
2803 , 0 , 1000 , 493.167 , 0 , 0 , 0
2804 , 0 , 1000 , 493.126 , 0 , 0 , 0
2805 , 0 , 1000 , 493.084 , 0 , 0 , 0
2806 , 0 , 1000 , 493.043 , 0 , 0 , 0
2807 , 0 , 1000 , 493.001 , 0 , 0 , 0
2808 , 0 , 1000 , 492.96 , 0 , 0 , 0
2809 , 0 , 1000 , 492.918 , 0 , 0 , 0
2810 , 0 , 1000 , 492.877 , 0 , 0 , 0
2811 , 0 , 1000 , 492.835 , 0 , 0 , 0
2812 , 0 , 1000 , 492.794 , 0 , 0 , 0
2813 , 0 , 1000 , 492.752 , 0 , 0 , 0
2814 , 0 , 1000 , 492.711 , 0 , 0 , 0
2815 , 0 , 1000 , 492.67 , 0 , 0 , 0
2816 , 0 , 1000 , 492.629 , 0 , 0 , 0
2817 , 0 , 1000 , 492.587 , 0 , 0 , 0
2818 , 0 , 1000 , 492.546 , 0 , 0 , 0
2819 , 0 , 1000 , 492.505 , 0 , 0 , 0
2820 , 0 , 1000 , 492.464 , 0 , 0 , 0
2821 , 0 , 1000 , 492.423 , 0 , 0 , 0
2822 , 0 , 1000 , 492.382 , 0 , 0 , 0
2823 , 0 , 1000 , 492.341 , 0 , 0 , 0
2824 , 0 , 1000 , 492.3 , 0 , 0 , 0
2825 , 0 , 1000 , 492.259 , 0 , 0 , 0
2826 , 0 , 1000 , 492.218 , 0 , 0 , 0
2827 , 0 , 1000 , 492.177 , 0 , 0 , 0
2828 , 0 , 1000 , 492.136 , 0 , 0 , 0
2829 , 0 , 1000 , 492.095 , 0 , 0 , 0
2830 , 0 , 1000 , 492.054 , 0 , 0 , 0
2831 , 0 , 1000 , 492.014 , 0 , 0 , 0
2832 , 0 , 1000 , 491.973 , 0 , 0 , 0
2833 , 0 , 1000 , 491.932 , 0 , 0 , 0
2834 , 0 , 1000 , 491.891 , 0 , 0 , 0
2835 , 0 , 1000 , 491.851 , 0 , 0 , 0
2836 , 0 , 1000 , 491.81 , 0 , 0 , 0
2837 , 0 , 1000 , 491.769 , 0 , 0 , 0
2838 , 0 , 1000 , 491.729 , 0 , 0 , 0
2839 , 0 , 1000 , 491.688 , 0 , 0 , 0
2840 , 0 , 1000 , 491.648 , 0 , 0 , 0
2841 , 0 , 1000 , 491.607 , 0 , 0 , 0
2842 , 0 , 1000 , 491.567 , 0 , 0 , 0
2843 , 0 , 1000 , 491.526 , 0 , 0 , 0
2844 , 0 , 1000 , 491.486 , 0 , 0 , 0
2845 , 0 , 1000 , 491.446 , 0 , 0 , 0
2846 , 0 , 1000 , 491.405 , 0 , 0 , 0
2847 , 0 , 1000 , 491.365 , 0 , 0 , 0
2848 , 0 , 1000 , 491.325 , 0 , 0 , 0
2849 , 0 , 1000 , 491.285 , 0 , 0 , 0
2850 , 0 , 1000 , 491.244 , 0 , 0 , 0
2851 , 0 , 1000 , 491.204 , 0 , 0 , 0
2852 , 0 , 1000 , 491.164 , 0 , 0 , 0
2853 , 0 , 1000 , 491.124 , 0 , 0 , 0
2854 , 0 , 1000 , 491.084 , 0 , 0 , 0
2855 , 0 , 1000 , 491.044 , 0 , 0 , 0
2856 , 0 , 1000 , 491.004 , 0 , 0 , 0
2857 , 0 , 1000 , 490.964 , 0 , 0 , 0
2858 , 0 , 1000 , 490.924 , 0 , 0 , 0
2859 , 0 , 1000 , 490.884 , 0 , 0 , 0
2860 , 0 , 1000 , 490.844 , 0 , 0 , 0
2861 , 0 , 1000 , 490.804 , 0 , 0 , 0
2862 , 0 , 1000 , 490.764 , 0 , 0 , 0
2863 , 0 , 1000 , 490.725 , 0 , 0 , 0
2864 , 0 , 1000 , 490.685 , 0 , 0 , 0
2865 , 0 , 1000 , 490.645 , 0 , 0 , 0
2866 , 0 , 1000 , 490.605 , 0 , 0 , 0
2867 , 0 , 1000 , 490.566 , 0 , 0 , 0
2868 , 0 , 1000 , 490.526 , 0 , 0 , 0
2869 , 0 , 1000 , 490.486 , 0 , 0 , 0
2870 , 0 , 1000 , 490.447 , 0 , 0 , 0
2871 , 0 , 1000 , 490.407 , 0 , 0 , 0
2872 , 0 , 1000 , 490.368 , 0 , 0 , 0
2873 , 0 , 1000 , 490.328 , 0 , 0 , 0
2874 , 0 , 1000 , 490.289 , 0 , 0 , 0
2875 , 0 , 1000 , 490.249 , 0 , 0 , 0
2876 , 0 , 1000 , 490.21 , 0 , 0 , 0
2877 , 0 , 1000 , 490.171 , 0 , 0 , 0
2878 , 0 , 1000 , 490.131 , 0 , 0 , 0
2879 , 0 , 1000 , 490.092 , 0 , 0 , 0
2880 , 0 , 1000 , 490.053 , 0 , 0 , 0
2881 , 0 , 1000 , 490.013 , 0 , 0 , 0
2882 , 0 , 1000 , 489.974 , 0 , 0 , 0
2883 , 0 , 1000 , 489.935 , 0 , 0 , 0
2884 , 0 , 1000 , 489.896 , 0 , 0 , 0
2885 , 0 , 1000 , 489.857 , 0 , 0 , 0
2886 , 0 , 1000 , 489.817 , 0 , 0 , 0
2887 , 0 , 1000 , 489.778 , 0 , 0 , 0
2888 , 0 , 1000 , 489.739 , 0 , 0 , 0
2889 , 0 , 1000 , 489.7 , 0 , 0 , 0
2890 , 0 , 1000 , 489.661 , 0 , 0 , 0
2891 , 0 , 1000 , 489.622 , 0 , 0 , 0
2892 , 0 , 1000 , 489.583 , 0 , 0 , 0
2893 , 0 , 1000 , 489.544 , 0 , 0 , 0
2894 , 0 , 1000 , 489.506 , 0 , 0 , 0
2895 , 0 , 1000 , 489.467 , 0 , 0 , 0
2896 , 0 , 1000 , 489.428 , 0 , 0 , 0
2897 , 0 , 1000 , 489.389 , 0 , 0 , 0
2898 , 0 , 1000 , 489.35 , 0 , 0 , 0
2899 , 0 , 1000 , 489.312 , 0 , 0 , 0
2900 , 0 , 1000 , 489.273 , 0 , 0 , 0
2901 , 0 , 1000 , 489.234 , 0 , 0 , 0
2902 , 0 , 1000 , 489.195 , 0 , 0 , 0
2903 , 0 , 1000 , 489.157 , 0 , 0 , 0
2904 , 0 , 1000 , 489.118 , 0 , 0 , 0
2905 , 0 , 1000 , 489.08 , 0 , 0 , 0
2906 , 0 , 1000 , 489.041 , 0 , 0 , 0
2907 , 0 , 1000 , 489.003 , 0 , 0 , 0
2908 , 0 , 1000 , 488.964 , 0 , 0 , 0
2909 , 0 , 1000 , 488.926 , 0 , 0 , 0
2910 , 0 , 1000 , 488.887 , 0 , 0 , 0
2911 , 0 , 1000 , 488.849 , 0 , 0 , 0
2912 , 0 , 1000 , 488.811 , 0 , 0 , 0
2913 , 0 , 1000 , 488.772 , 0 , 0 , 0
2914 , 0 , 1000 , 488.734 , 0 , 0 , 0
2915 , 0 , 1000 , 488.696 , 0 , 0 , 0
2916 , 0 , 1000 , 488.657 , 0 , 0 , 0
2917 , 0 , 1000 , 488.619 , 0 , 0 , 0
2918 , 0 , 1000 , 488.581 , 0 , 0 , 0
2919 , 0 , 1000 , 488.543 , 0 , 0 , 0
2920 , 0 , 1000 , 488.505 , 0 , 0 , 0
2921 , 0 , 1000 , 488.467 , 0 , 0 , 0
2922 , 0 , 1000 , 488.429 , 0 , 0 , 0
2923 , 0 , 1000 , 488.391 , 0 , 0 , 0
2924 , 0 , 1000 , 488.353 , 0 , 0 , 0
2925 , 0 , 1000 , 488.315 , 0 , 0 , 0
2926 , 0 , 1000 , 488.277 , 0 , 0 , 0
2927 , 0 , 1000 , 488.239 , 0 , 0 , 0
2928 , 0 , 1000 , 488.201 , 0 , 0 , 0
2929 , 0 , 1000 , 488.163 , 0 , 0 , 0
2930 , 0 , 1000 , 488.125 , 0 , 0 , 0
2931 , 0 , 1000 , 488.087 , 0 , 0 , 0
2932 , 0 , 1000 , 488.049 , 0 , 0 , 0
2933 , 0 , 1000 , 488.012 , 0 , 0 , 0
2934 , 0 , 1000 , 487.974 , 0 , 0 , 0
2935 , 0 , 1000 , 487.936 , 0 , 0 , 0
2936 , 0 , 1000 , 487.899 , 0 , 0 , 0
2937 , 0 , 1000 , 487.861 , 0 , 0 , 0
2938 , 0 , 1000 , 487.823 , 0 , 0 , 0
2939 , 0 , 1000 , 487.786 , 0 , 0 , 0
2940 , 0 , 1000 , 487.748 , 0 , 0 , 0
2941 , 0 , 1000 , 487.711 , 0 , 0 , 0
2942 , 0 , 1000 , 487.673 , 0 , 0 , 0
2943 , 0 , 1000 , 487.636 , 0 , 0 , 0
2944 , 0 , 1000 , 487.598 , 0 , 0 , 0
2945 , 0 , 1000 , 487.561 , 0 , 0 , 0
2946 , 0 , 1000 , 487.523 , 0 , 0 , 0
2947 , 0 , 1000 , 487.486 , 0 , 0 , 0
2948 , 0 , 1000 , 487.449 , 0 , 0 , 0
2949 , 0 , 1000 , 487.411 , 0 , 0 , 0
2950 , 0 , 1000 , 487.374 , 0 , 0 , 0
2951 , 0 , 1000 , 487.337 , 0 , 0 , 0
2952 , 0 , 1000 , 487.3 , 0 , 0 , 0
2953 , 0 , 1000 , 487.263 , 0 , 0 , 0
2954 , 0 , 1000 , 487.225 , 0 , 0 , 0
2955 , 0 , 1000 , 487.188 , 0 , 0 , 0
2956 , 0 , 1000 , 487.151 , 0 , 0 , 0
2957 , 0 , 1000 , 487.114 , 0 , 0 , 0
2958 , 0 , 1000 , 487.077 , 0 , 0 , 0
2959 , 0 , 1000 , 487.04 , 0 , 0 , 0
2960 , 0 , 1000 , 487.003 , 0 , 0 , 0
2961 , 0 , 1000 , 486.966 , 0 , 0 , 0
2962 , 0 , 1000 , 486.929 , 0 , 0 , 0
2963 , 0 , 1000 , 486.892 , 0 , 0 , 0
2964 , 0 , 1000 , 486.855 , 0 , 0 , 0
2965 , 0 , 1000 , 486.819 , 0 , 0 , 0
2966 , 0 , 1000 , 486.782 , 0 , 0 , 0
2967 , 0 , 1000 , 486.745 , 0 , 0 , 0
2968 , 0 , 1000 , 486.708 , 0 , 0 , 0
2969 , 0 , 1000 , 486.671 , 0 , 0 , 0
2970 , 0 , 1000 , 486.635 , 0 , 0 , 0
2971 , 0 , 1000 , 486.598 , 0 , 0 , 0
2972 , 0 , 1000 , 486.561 , 0 , 0 , 0
2973 , 0 , 1000 , 486.525 , 0 , 0 , 0
2974 , 0 , 1000 , 486.488 , 0 , 0 , 0
2975 , 0 , 1000 , 486.452 , 0 , 0 , 0
2976 , 0 , 1000 , 486.415 , 0 , 0 , 0
2977 , 0 , 1000 , 486.379 , 0 , 0 , 0
2978 , 0 , 1000 , 486.342 , 0 , 0 , 0
2979 , 0 , 1000 , 486.306 , 0 , 0 , 0
2980 , 0 , 1000 , 486.269 , 0 , 0 , 0
2981 , 0 , 1000 , 486.233 , 0 , 0 , 0
2982 , 0 , 1000 , 486.196 , 0 , 0 , 0
2983 , 0 , 1000 , 486.16 , 0 , 0 , 0
2984 , 0 , 1000 , 486.124 , 0 , 0 , 0
2985 , 0 , 1000 , 486.087 , 0 , 0 , 0
2986 , 0 , 1000 , 486.051 , 0 , 0 , 0
2987 , 0 , 1000 , 486.015 , 0 , 0 , 0
2988 , 0 , 1000 , 485.979 , 0 , 0 , 0
2989 , 0 , 1000 , 485.942 , 0 , 0 , 0
2990 , 0 , 1000 , 485.906 , 0 , 0 , 0
2991 , 0 , 1000 , 485.87 , 0 , 0 , 0
2992 , 0 , 1000 , 485.834 , 0 , 0 , 0
2993 , 0 , 1000 , 485.798 , 0 , 0 , 0
2994 , 0 , 1000 , 485.762 , 0 , 0 , 0
2995 , 0 , 1000 , 485.726 , 0 , 0 , 0
2996 , 0 , 1000 , 485.69 , 0 , 0 , 0
2997 , 0 , 1000 , 485.654 , 0 , 0 , 0
2998 , 0 , 1000 , 485.618 , 0 , 0 , 0
2999 , 0 , 1000 , 485.582 , 0 , 0 , 0
3000 , 0 , 1000 , 485.546 , 0 , 0 , 0
3001 , 0 , 1000 , 485.51 , 0 , 0 , 0
3002 , 0 , 1000 , 485.474 , 0 , 0 , 0
3003 , 0 , 1000 , 485.439 , 0 , 0 , 0
3004 , 0 , 1000 , 485.403 , 0 , 0 , 0
3005 , 0 , 1000 , 485.367 , 0 , 0 , 0
3006 , 0 , 1000 , 485.331 , 0 , 0 , 0
3007 , 0 , 1000 , 485.296 , 0 , 0 , 0
3008 , 0 , 1000 , 485.26 , 0 , 0 , 0
3009 , 0 , 1000 , 485.224 , 0 , 0 , 0
3010 , 0 , 1000 , 485.189 , 0 , 0 , 0
3011 , 0 , 1000 , 485.153 , 0 , 0 , 0
3012 , 0 , 1000 , 485.118 , 0 , 0 , 0
3013 , 0 , 1000 , 485.082 , 0 , 0 , 0
3014 , 0 , 1000 , 485.046 , 0 , 0 , 0
3015 , 0 , 1000 , 485.011 , 0 , 0 , 0
3016 , 0 , 1000 , 484.976 , 0 , 0 , 0
3017 , 0 , 1000 , 484.94 , 0 , 0 , 0
3018 , 0 , 1000 , 484.905 , 0 , 0 , 0
3019 , 0 , 1000 , 484.869 , 0 , 0 , 0
3020 , 0 , 1000 , 484.834 , 0 , 0 , 0
3021 , 0 , 1000 , 484.799 , 0 , 0 , 0
3022 , 0 , 1000 , 484.763 , 0 , 0 , 0
3023 , 0 , 1000 , 484.728 , 0 , 0 , 0
3024 , 0 , 1000 , 484.693 , 0 , 0 , 0
3025 , 0 , 1000 , 484.658 , 0 , 0 , 0
3026 , 0 , 1000 , 484.622 , 0 , 0 , 0
3027 , 0 , 1000 , 484.587 , 0 , 0 , 0
3028 , 0 , 1000 , 484.552 , 0 , 0 , 0
3029 , 0 , 1000 , 484.517 , 0 , 0 , 0
3030 , 0 , 1000 , 484.482 , 0 , 0 , 0
3031 , 0 , 1000 , 484.447 , 0 , 0 , 0
3032 , 0 , 1000 , 484.412 , 0 , 0 , 0
3033 , 0 , 1000 , 484.377 , 0 , 0 , 0
3034 , 0 , 1000 , 484.342 , 0 , 0 , 0
3035 , 0 , 1000 , 484.307 , 0 , 0 , 0
3036 , 0 , 1000 , 484.272 , 0 , 0 , 0
3037 , 0 , 1000 , 484.237 , 0 , 0 , 0
3038 , 0 , 1000 , 484.202 , 0 , 0 , 0
3039 , 0 , 1000 , 484.167 , 0 , 0 , 0
3040 , 0 , 1000 , 484.133 , 0 , 0 , 0
3041 , 0 , 1000 , 484.098 , 0 , 0 , 0
3042 , 0 , 1000 , 484.063 , 0 , 0 , 0
3043 , 0 , 1000 , 484.028 , 0 , 0 , 0
3044 , 0 , 1000 , 483.993 , 0 , 0 , 0
3045 , 0 , 1000 , 483.959 , 0 , 0 , 0
3046 , 0 , 1000 , 483.924 , 0 , 0 , 0
3047 , 0 , 1000 , 483.889 , 0 , 0 , 0
3048 , 0 , 1000 , 483.855 , 0 , 0 , 0
3049 , 0 , 1000 , 483.82 , 0 , 0 , 0
3050 , 0 , 1000 , 483.786 , 0 , 0 , 0
3051 , 0 , 1000 , 483.751 , 0 , 0 , 0
3052 , 0 , 1000 , 483.717 , 0 , 0 , 0
3053 , 0 , 1000 , 483.682 , 0 , 0 , 0
3054 , 0 , 1000 , 483.648 , 0 , 0 , 0
3055 , 0 , 1000 , 483.613 , 0 , 0 , 0
3056 , 0 , 1000 , 483.579 , 0 , 0 , 0
3057 , 0 , 1000 , 483.544 , 0 , 0 , 0
3058 , 0 , 1000 , 483.51 , 0 , 0 , 0
3059 , 0 , 1000 , 483.476 , 0 , 0 , 0
3060 , 0 , 1000 , 483.441 , 0 , 0 , 0
3061 , 0 , 1000 , 483.407 , 0 , 0 , 0
3062 , 0 , 1000 , 483.373 , 0 , 0 , 0
3063 , 0 , 1000 , 483.339 , 0 , 0 , 0
3064 , 0 , 1000 , 483.304 , 0 , 0 , 0
3065 , 0 , 1000 , 483.27 , 0 , 0 , 0
3066 , 0 , 1000 , 483.236 , 0 , 0 , 0
3067 , 0 , 1000 , 483.202 , 0 , 0 , 0
3068 , 0 , 1000 , 483.168 , 0 , 0 , 0
3069 , 0 , 1000 , 483.134 , 0 , 0 , 0
3070 , 0 , 1000 , 483.1 , 0 , 0 , 0
3071 , 0 , 1000 , 483.066 , 0 , 0 , 0
3072 , 0 , 1000 , 483.032 , 0 , 0 , 0
3073 , 0 , 1000 , 482.998 , 0 , 0 , 0
3074 , 0 , 1000 , 482.964 , 0 , 0 , 0
3075 , 0 , 1000 , 482.93 , 0 , 0 , 0
3076 , 0 , 1000 , 482.896 , 0 , 0 , 0
3077 , 0 , 1000 , 482.862 , 0 , 0 , 0
3078 , 0 , 1000 , 482.828 , 0 , 0 , 0
3079 , 0 , 1000 , 482.794 , 0 , 0 , 0
3080 , 0 , 1000 , 482.76 , 0 , 0 , 0
3081 , 0 , 1000 , 482.727 , 0 , 0 , 0
3082 , 0 , 1000 , 482.693 , 0 , 0 , 0
3083 , 0 , 1000 , 482.659 , 0 , 0 , 0
3084 , 0 , 1000 , 482.625 , 0 , 0 , 0
3085 , 0 , 1000 , 482.592 , 0 , 0 , 0
3086 , 0 , 1000 , 482.558 , 0 , 0 , 0
3087 , 0 , 1000 , 482.524 , 0 , 0 , 0
3088 , 0 , 1000 , 482.491 , 0 , 0 , 0
3089 , 0 , 1000 , 482.457 , 0 , 0 , 0
3090 , 0 , 1000 , 482.424 , 0 , 0 , 0
3091 , 0 , 1000 , 482.39 , 0 , 0 , 0
3092 , 0 , 1000 , 482.357 , 0 , 0 , 0
3093 , 0 , 1000 , 482.323 , 0 , 0 , 0
3094 , 0 , 1000 , 482.29 , 0 , 0 , 0
3095 , 0 , 1000 , 482.256 , 0 , 0 , 0
3096 , 0 , 1000 , 482.223 , 0 , 0 , 0
3097 , 0 , 1000 , 482.19 , 0 , 0 , 0
3098 , 0 , 1000 , 482.156 , 0 , 0 , 0
3099 , 0 , 1000 , 482.123 , 0 , 0 , 0
3100 , 0 , 1000 , 482.09 , 0 , 0 , 0
3101 , 0 , 1000 , 482.056 , 0 , 0 , 0
3102 , 0 , 1000 , 482.023 , 0 , 0 , 0
3103 , 0 , 1000 , 481.99 , 0 , 0 , 0
3104 , 0 , 1000 , 481.957 , 0 , 0 , 0
3105 , 0 , 1000 , 481.923 , 0 , 0 , 0
3106 , 0 , 1000 , 481.89 , 0 , 0 , 0
3107 , 0 , 1000 , 481.857 , 0 , 0 , 0
3108 , 0 , 1000 , 481.824 , 0 , 0 , 0
3109 , 0 , 1000 , 481.791 , 0 , 0 , 0
3110 , 0 , 1000 , 481.758 , 0 , 0 , 0
3111 , 0 , 1000 , 481.725 , 0 , 0 , 0
3112 , 0 , 1000 , 481.692 , 0 , 0 , 0
3113 , 0 , 1000 , 481.659 , 0 , 0 , 0
3114 , 0 , 1000 , 481.626 , 0 , 0 , 0
3115 , 0 , 1000 , 481.593 , 0 , 0 , 0
3116 , 0 , 1000 , 481.56 , 0 , 0 , 0
3117 , 0 , 1000 , 481.527 , 0 , 0 , 0
3118 , 0 , 1000 , 481.494 , 0 , 0 , 0
3119 , 0 , 1000 , 481.462 , 0 , 0 , 0
3120 , 0 , 1000 , 481.429 , 0 , 0 , 0
3121 , 0 , 1000 , 481.396 , 0 , 0 , 0
3122 , 0 , 1000 , 481.363 , 0 , 0 , 0
3123 , 0 , 1000 , 481.331 , 0 , 0 , 0
3124 , 0 , 1000 , 481.298 , 0 , 0 , 0
3125 , 0 , 1000 , 481.265 , 0 , 0 , 0
3126 , 0 , 1000 , 481.232 , 0 , 0 , 0
3127 , 0 , 1000 , 481.2 , 0 , 0 , 0
3128 , 0 , 1000 , 481.167 , 0 , 0 , 0
3129 , 0 , 1000 , 481.135 , 0 , 0 , 0
3130 , 0 , 1000 , 481.102 , 0 , 0 , 0
3131 , 0 , 1000 , 481.07 , 0 , 0 , 0
3132 , 0 , 1000 , 481.037 , 0 , 0 , 0
3133 , 0 , 1000 , 481.005 , 0 , 0 , 0
3134 , 0 , 1000 , 480.972 , 0 , 0 , 0
3135 , 0 , 1000 , 480.94 , 0 , 0 , 0
3136 , 0 , 1000 , 480.907 , 0 , 0 , 0
3137 , 0 , 1000 , 480.875 , 0 , 0 , 0
3138 , 0 , 1000 , 480.842 , 0 , 0 , 0
3139 , 0 , 1000 , 480.81 , 0 , 0 , 0
3140 , 0 , 1000 , 480.778 , 0 , 0 , 0
3141 , 0 , 1000 , 480.745 , 0 , 0 , 0
3142 , 0 , 1000 , 480.713 , 0 , 0 , 0
3143 , 0 , 1000 , 480.681 , 0 , 0 , 0
3144 , 0 , 1000 , 480.649 , 0 , 0 , 0
3145 , 0 , 1000 , 480.617 , 0 , 0 , 0
3146 , 0 , 1000 , 480.584 , 0 , 0 , 0
3147 , 0 , 1000 , 480.552 , 0 , 0 , 0
3148 , 0 , 1000 , 480.52 , 0 , 0 , 0
3149 , 0 , 1000 , 480.488 , 0 , 0 , 0
3150 , 0 , 1000 , 480.456 , 0 , 0 , 0
3151 , 0 , 1000 , 480.424 , 0 , 0 , 0
3152 , 0 , 1000 , 480.392 , 0 , 0 , 0
3153 , 0 , 1000 , 480.36 , 0 , 0 , 0
3154 , 0 , 1000 , 480.328 , 0 , 0 , 0
3155 , 0 , 1000 , 480.296 , 0 , 0 , 0
3156 , 0 , 1000 , 480.264 , 0 , 0 , 0
3157 , 0 , 1000 , 480.232 , 0 , 0 , 0
3158 , 0 , 1000 , 480.2 , 0 , 0 , 0
3159 , 0 , 1000 , 480.169 , 0 , 0 , 0
3160 , 0 , 1000 , 480.137 , 0 , 0 , 0
3161 , 0 , 1000 , 480.105 , 0 , 0 , 0
3162 , 0 , 1000 , 480.073 , 0 , 0 , 0
3163 , 0 , 1000 , 480.041 , 0 , 0 , 0
3164 , 0 , 1000 , 480.01 , 0 , 0 , 0
3165 , 0 , 1000 , 479.978 , 0 , 0 , 0
3166 , 0 , 1000 , 479.946 , 0 , 0 , 0
3167 , 0 , 1000 , 479.915 , 0 , 0 , 0
3168 , 0 , 1000 , 479.883 , 0 , 0 , 0
3169 , 0 , 1000 , 479.851 , 0 , 0 , 0
3170 , 0 , 1000 , 479.82 , 0 , 0 , 0
3171 , 0 , 1000 , 479.788 , 0 , 0 , 0
3172 , 0 , 1000 , 479.757 , 0 , 0 , 0
3173 , 0 , 1000 , 479.725 , 0 , 0 , 0
3174 , 0 , 1000 , 479.694 , 0 , 0 , 0
3175 , 0 , 1000 , 479.662 , 0 , 0 , 0
3176 , 0 , 1000 , 479.631 , 0 , 0 , 0
3177 , 0 , 1000 , 479.599 , 0 , 0 , 0
3178 , 0 , 1000 , 479.568 , 0 , 0 , 0
3179 , 0 , 1000 , 479.537 , 0 , 0 , 0
3180 , 0 , 1000 , 479.505 , 0 , 0 , 0
3181 , 0 , 1000 , 479.474 , 0 , 0 , 0
3182 , 0 , 1000 , 479.443 , 0 , 0 , 0
3183 , 0 , 1000 , 479.412 , 0 , 0 , 0
3184 , 0 , 1000 , 479.38 , 0 , 0 , 0
3185 , 0 , 1000 , 479.349 , 0 , 0 , 0
3186 , 0 , 1000 , 479.318 , 0 , 0 , 0
3187 , 0 , 1000 , 479.287 , 0 , 0 , 0
3188 , 0 , 1000 , 479.256 , 0 , 0 , 0
3189 , 0 , 1000 , 479.224 , 0 , 0 , 0
3190 , 0 , 1000 , 479.193 , 0 , 0 , 0
3191 , 0 , 1000 , 479.162 , 0 , 0 , 0
3192 , 0 , 1000 , 479.131 , 0 , 0 , 0
3193 , 0 , 1000 , 479.1 , 0 , 0 , 0
3194 , 0 , 1000 , 479.069 , 0 , 0 , 0
3195 , 0 , 1000 , 479.038 , 0 , 0 , 0
3196 , 0 , 1000 , 479.007 , 0 , 0 , 0
3197 , 0 , 1000 , 478.976 , 0 , 0 , 0
3198 , 0 , 1000 , 478.945 , 0 , 0 , 0
3199 , 0 , 1000 , 478.915 , 0 , 0 , 0
3200 , 0 , 1000 , 478.884 , 0 , 0 , 0
3201 , 0 , 1000 , 478.853 , 0 , 0 , 0
3202 , 0 , 1000 , 478.822 , 0 , 0 , 0
3203 , 0 , 1000 , 478.791 , 0 , 0 , 0
3204 , 0 , 1000 , 478.76 , 0 , 0 , 0
3205 , 0 , 1000 , 478.73 , 0 , 0 , 0
3206 , 0 , 1000 , 478.699 , 0 , 0 , 0
3207 , 0 , 1000 , 478.668 , 0 , 0 , 0
3208 , 0 , 1000 , 478.638 , 0 , 0 , 0
3209 , 0 , 1000 , 478.607 , 0 , 0 , 0
3210 , 0 , 1000 , 478.576 , 0 , 0 , 0
3211 , 0 , 1000 , 478.546 , 0 , 0 , 0
3212 , 0 , 1000 , 478.515 , 0 , 0 , 0
3213 , 0 , 1000 , 478.484 , 0 , 0 , 0
3214 , 0 , 1000 , 478.454 , 0 , 0 , 0
3215 , 0 , 1000 , 478.423 , 0 , 0 , 0
3216 , 0 , 1000 , 478.393 , 0 , 0 , 0
3217 , 0 , 1000 , 478.362 , 0 , 0 , 0
3218 , 0 , 1000 , 478.332 , 0 , 0 , 0
3219 , 0 , 1000 , 478.302 , 0 , 0 , 0
3220 , 0 , 1000 , 478.271 , 0 , 0 , 0
3221 , 0 , 1000 , 478.241 , 0 , 0 , 0
3222 , 0 , 1000 , 478.21 , 0 , 0 , 0
3223 , 0 , 1000 , 478.18 , 0 , 0 , 0
3224 , 0 , 1000 , 478.15 , 0 , 0 , 0
3225 , 0 , 1000 , 478.12 , 0 , 0 , 0
3226 , 0 , 1000 , 478.089 , 0 , 0 , 0
3227 , 0 , 1000 , 478.059 , 0 , 0 , 0
3228 , 0 , 1000 , 478.029 , 0 , 0 , 0
3229 , 0 , 1000 , 477.999 , 0 , 0 , 0
3230 , 0 , 1000 , 477.968 , 0 , 0 , 0
3231 , 0 , 1000 , 477.938 , 0 , 0 , 0
3232 , 0 , 1000 , 477.908 , 0 , 0 , 0
3233 , 0 , 1000 , 477.878 , 0 , 0 , 0
3234 , 0 , 1000 , 477.848 , 0 , 0 , 0
3235 , 0 , 1000 , 477.818 , 0 , 0 , 0
3236 , 0 , 1000 , 477.788 , 0 , 0 , 0
3237 , 0 , 1000 , 477.758 , 0 , 0 , 0
3238 , 0 , 1000 , 477.728 , 0 , 0 , 0
3239 , 0 , 1000 , 477.698 , 0 , 0 , 0
3240 , 0 , 1000 , 477.668 , 0 , 0 , 0
3241 , 0 , 1000 , 477.638 , 0 , 0 , 0
3242 , 0 , 1000 , 477.608 , 0 , 0 , 0
3243 , 0 , 1000 , 477.578 , 0 , 0 , 0
3244 , 0 , 1000 , 477.548 , 0 , 0 , 0
3245 , 0 , 1000 , 477.518 , 0 , 0 , 0
3246 , 0 , 1000 , 477.489 , 0 , 0 , 0
3247 , 0 , 1000 , 477.459 , 0 , 0 , 0
3248 , 0 , 1000 , 477.429 , 0 , 0 , 0
3249 , 0 , 1000 , 477.399 , 0 , 0 , 0
3250 , 0 , 1000 , 477.37 , 0 , 0 , 0
3251 , 0 , 1000 , 477.34 , 0 , 0 , 0
3252 , 0 , 1000 , 477.31 , 0 , 0 , 0
3253 , 0 , 1000 , 477.281 , 0 , 0 , 0
3254 , 0 , 1000 , 477.251 , 0 , 0 , 0
3255 , 0 , 1000 , 477.221 , 0 , 0 , 0
3256 , 0 , 1000 , 477.192 , 0 , 0 , 0
3257 , 0 , 1000 , 477.162 , 0 , 0 , 0
3258 , 0 , 1000 , 477.133 , 0 , 0 , 0
3259 , 0 , 1000 , 477.103 , 0 , 0 , 0
3260 , 0 , 1000 , 477.074 , 0 , 0 , 0
3261 , 0 , 1000 , 477.044 , 0 , 0 , 0
3262 , 0 , 1000 , 477.015 , 0 , 0 , 0
3263 , 0 , 1000 , 476.985 , 0 , 0 , 0
3264 , 0 , 1000 , 476.956 , 0 , 0 , 0
3265 , 0 , 1000 , 476.927 , 0 , 0 , 0
3266 , 0 , 1000 , 476.897 , 0 , 0 , 0
3267 , 0 , 1000 , 476.868 , 0 , 0 , 0
3268 , 0 , 1000 , 476.839 , 0 , 0 , 0
3269 , 0 , 1000 , 476.809 , 0 , 0 , 0
3270 , 0 , 1000 , 476.78 , 0 , 0 , 0
3271 , 0 , 1000 , 476.751 , 0 , 0 , 0
3272 , 0 , 1000 , 476.722 , 0 , 0 , 0
3273 , 0 , 1000 , 476.692 , 0 , 0 , 0
3274 , 0 , 1000 , 476.663 , 0 , 0 , 0
3275 , 0 , 1000 , 476.634 , 0 , 0 , 0
3276 , 0 , 1000 , 476.605 , 0 , 0 , 0
3277 , 0 , 1000 , 476.576 , 0 , 0 , 0
3278 , 0 , 1000 , 476.547 , 0 , 0 , 0
3279 , 0 , 1000 , 476.518 , 0 , 0 , 0
3280 , 0 , 1000 , 476.489 , 0 , 0 , 0
3281 , 0 , 1000 , 476.46 , 0 , 0 , 0
3282 , 0 , 1000 , 476.431 , 0 , 0 , 0
3283 , 0 , 1000 , 476.402 , 0 , 0 , 0
3284 , 0 , 1000 , 476.373 , 0 , 0 , 0
3285 , 0 , 1000 , 476.344 , 0 , 0 , 0
3286 , 0 , 1000 , 476.315 , 0 , 0 , 0
3287 , 0 , 1000 , 476.286 , 0 , 0 , 0
3288 , 0 , 1000 , 476.257 , 0 , 0 , 0
3289 , 0 , 1000 , 476.228 , 0 , 0 , 0
3290 , 0 , 1000 , 476.199 , 0 , 0 , 0
3291 , 0 , 1000 , 476.171 , 0 , 0 , 0
3292 , 0 , 1000 , 476.142 , 0 , 0 , 0
3293 , 0 , 1000 , 476.113 , 0 , 0 , 0
3294 , 0 , 1000 , 476.084 , 0 , 0 , 0
3295 , 0 , 1000 , 476.056 , 0 , 0 , 0
3296 , 0 , 1000 , 476.027 , 0 , 0 , 0
3297 , 0 , 1000 , 475.998 , 0 , 0 , 0
3298 , 0 , 1000 , 475.969 , 0 , 0 , 0
3299 , 0 , 1000 , 475.941 , 0 , 0 , 0
3300 , 0 , 1000 , 475.912 , 0 , 0 , 0
3301 , 0 , 1000 , 475.884 , 0 , 0 , 0
3302 , 0 , 1000 , 475.855 , 0 , 0 , 0
3303 , 0 , 1000 , 475.827 , 0 , 0 , 0
3304 , 0 , 1000 , 475.798 , 0 , 0 , 0
3305 , 0 , 1000 , 475.77 , 0 , 0 , 0
3306 , 0 , 1000 , 475.741 , 0 , 0 , 0
3307 , 0 , 1000 , 475.713 , 0 , 0 , 0
3308 , 0 , 1000 , 475.684 , 0 , 0 , 0
3309 , 0 , 1000 , 475.656 , 0 , 0 , 0
3310 , 0 , 1000 , 475.627 , 0 , 0 , 0
3311 , 0 , 1000 , 475.599 , 0 , 0 , 0
3312 , 0 , 1000 , 475.571 , 0 , 0 , 0
3313 , 0 , 1000 , 475.542 , 0 , 0 , 0
3314 , 0 , 1000 , 475.514 , 0 , 0 , 0
3315 , 0 , 1000 , 475.486 , 0 , 0 , 0
3316 , 0 , 1000 , 475.458 , 0 , 0 , 0
3317 , 0 , 1000 , 475.429 , 0 , 0 , 0
3318 , 0 , 1000 , 475.401 , 0 , 0 , 0
3319 , 0 , 1000 , 475.373 , 0 , 0 , 0
3320 , 0 , 1000 , 475.345 , 0 , 0 , 0
3321 , 0 , 1000 , 475.317 , 0 , 0 , 0
3322 , 0 , 1000 , 475.288 , 0 , 0 , 0
3323 , 0 , 1000 , 475.26 , 0 , 0 , 0
3324 , 0 , 1000 , 475.232 , 0 , 0 , 0
3325 , 0 , 1000 , 475.204 , 0 , 0 , 0
3326 , 0 , 1000 , 475.176 , 0 , 0 , 0
3327 , 0 , 1000 , 475.148 , 0 , 0 , 0
3328 , 0 , 1000 , 475.12 , 0 , 0 , 0
3329 , 0 , 1000 , 475.092 , 0 , 0 , 0
3330 , 0 , 1000 , 475.064 , 0 , 0 , 0
3331 , 0 , 1000 , 475.036 , 0 , 0 , 0
3332 , 0 , 1000 , 475.008 , 0 , 0 , 0
3333 , 0 , 1000 , 474.98 , 0 , 0 , 0
3334 , 0 , 1000 , 474.953 , 0 , 0 , 0
3335 , 0 , 1000 , 474.925 , 0 , 0 , 0
3336 , 0 , 1000 , 474.897 , 0 , 0 , 0
3337 , 0 , 1000 , 474.869 , 0 , 0 , 0
3338 , 0 , 1000 , 474.841 , 0 , 0 , 0
3339 , 0 , 1000 , 474.814 , 0 , 0 , 0
3340 , 0 , 1000 , 474.786 , 0 , 0 , 0
3341 , 0 , 1000 , 474.758 , 0 , 0 , 0
3342 , 0 , 1000 , 474.73 , 0 , 0 , 0
3343 , 0 , 1000 , 474.703 , 0 , 0 , 0
3344 , 0 , 1000 , 474.675 , 0 , 0 , 0
3345 , 0 , 1000 , 474.647 , 0 , 0 , 0
3346 , 0 , 1000 , 474.62 , 0 , 0 , 0
3347 , 0 , 1000 , 474.592 , 0 , 0 , 0
3348 , 0 , 1000 , 474.565 , 0 , 0 , 0
3349 , 0 , 1000 , 474.537 , 0 , 0 , 0
3350 , 0 , 1000 , 474.51 , 0 , 0 , 0
3351 , 0 , 1000 , 474.482 , 0 , 0 , 0
3352 , 0 , 1000 , 474.455 , 0 , 0 , 0
3353 , 0 , 1000 , 474.427 , 0 , 0 , 0
3354 , 0 , 1000 , 474.4 , 0 , 0 , 0
3355 , 0 , 1000 , 474.372 , 0 , 0 , 0
3356 , 0 , 1000 , 474.345 , 0 , 0 , 0
3357 , 0 , 1000 , 474.318 , 0 , 0 , 0
3358 , 0 , 1000 , 474.29 , 0 , 0 , 0
3359 , 0 , 1000 , 474.263 , 0 , 0 , 0
3360 , 0 , 1000 , 474.236 , 0 , 0 , 0
3361 , 0 , 1000 , 474.208 , 0 , 0 , 0
3362 , 0 , 1000 , 474.181 , 0 , 0 , 0
3363 , 0 , 1000 , 474.154 , 0 , 0 , 0
3364 , 0 , 1000 , 474.127 , 0 , 0 , 0
3365 , 0 , 1000 , 474.099 , 0 , 0 , 0
3366 , 0 , 1000 , 474.072 , 0 , 0 , 0
3367 , 0 , 1000 , 474.045 , 0 , 0 , 0
3368 , 0 , 1000 , 474.018 , 0 , 0 , 0
3369 , 0 , 1000 , 473.991 , 0 , 0 , 0
3370 , 0 , 1000 , 473.964 , 0 , 0 , 0
3371 , 0 , 1000 , 473.937 , 0 , 0 , 0
3372 , 0 , 1000 , 473.91 , 0 , 0 , 0
3373 , 0 , 1000 , 473.882 , 0 , 0 , 0
3374 , 0 , 1000 , 473.855 , 0 , 0 , 0
3375 , 0 , 1000 , 473.828 , 0 , 0 , 0
3376 , 0 , 1000 , 473.801 , 0 , 0 , 0
3377 , 0 , 1000 , 473.775 , 0 , 0 , 0
3378 , 0 , 1000 , 473.748 , 0 , 0 , 0
3379 , 0 , 1000 , 473.721 , 0 , 0 , 0
3380 , 0 , 1000 , 473.694 , 0 , 0 , 0
3381 , 0 , 1000 , 473.667 , 0 , 0 , 0
3382 , 0 , 1000 , 473.64 , 0 , 0 , 0
3383 , 0 , 1000 , 473.613 , 0 , 0 , 0
3384 , 0 , 1000 , 473.587 , 0 , 0 , 0
3385 , 0 , 1000 , 473.56 , 0 , 0 , 0
3386 , 0 , 1000 , 473.533 , 0 , 0 , 0
3387 , 0 , 1000 , 473.506 , 0 , 0 , 0
3388 , 0 , 1000 , 473.48 , 0 , 0 , 0
3389 , 0 , 1000 , 473.453 , 0 , 0 , 0
3390 , 0 , 1000 , 473.426 , 0 , 0 , 0
3391 , 0 , 1000 , 473.4 , 0 , 0 , 0
3392 , 0 , 1000 , 473.373 , 0 , 0 , 0
3393 , 0 , 1000 , 473.346 , 0 , 0 , 0
3394 , 0 , 1000 , 473.32 , 0 , 0 , 0
3395 , 0 , 1000 , 473.293 , 0 , 0 , 0
3396 , 0 , 1000 , 473.267 , 0 , 0 , 0
3397 , 0 , 1000 , 473.24 , 0 , 0 , 0
3398 , 0 , 1000 , 473.214 , 0 , 0 , 0
3399 , 0 , 1000 , 473.187 , 0 , 0 , 0
3400 , 0 , 1000 , 473.161 , 0 , 0 , 0
3401 , 0 , 1000 , 473.134 , 0 , 0 , 0
3402 , 0 , 1000 , 473.108 , 0 , 0 , 0
3403 , 0 , 1000 , 473.081 , 0 , 0 , 0
3404 , 0 , 1000 , 473.055 , 0 , 0 , 0
3405 , 0 , 1000 , 473.029 , 0 , 0 , 0
3406 , 0 , 1000 , 473.002 , 0 , 0 , 0
3407 , 0 , 1000 , 472.976 , 0 , 0 , 0
3408 , 0 , 1000 , 472.95 , 0 , 0 , 0
3409 , 0 , 1000 , 472.923 , 0 , 0 , 0
3410 , 0 , 1000 , 472.897 , 0 , 0 , 0
3411 , 0 , 1000 , 472.871 , 0 , 0 , 0
3412 , 0 , 1000 , 472.845 , 0 , 0 , 0
3413 , 0 , 1000 , 472.819 , 0 , 0 , 0
3414 , 0 , 1000 , 472.792 , 0 , 0 , 0
3415 , 0 , 1000 , 472.766 , 0 , 0 , 0
3416 , 0 , 1000 , 472.74 , 0 , 0 , 0
3417 , 0 , 1000 , 472.714 , 0 , 0 , 0
3418 , 0 , 1000 , 472.688 , 0 , 0 , 0
3419 , 0 , 1000 , 472.662 , 0 , 0 , 0
3420 , 0 , 1000 , 472.636 , 0 , 0 , 0
3421 , 0 , 1000 , 472.61 , 0 , 0 , 0
3422 , 0 , 1000 , 472.584 , 0 , 0 , 0
3423 , 0 , 1000 , 472.558 , 0 , 0 , 0
3424 , 0 , 1000 , 472.532 , 0 , 0 , 0
3425 , 0 , 1000 , 472.506 , 0 , 0 , 0
3426 , 0 , 1000 , 472.48 , 0 , 0 , 0
3427 , 0 , 1000 , 472.454 , 0 , 0 , 0
3428 , 0 , 1000 , 472.428 , 0 , 0 , 0
3429 , 0 , 1000 , 472.402 , 0 , 0 , 0
3430 , 0 , 1000 , 472.377 , 0 , 0 , 0
3431 , 0 , 1000 , 472.351 , 0 , 0 , 0
3432 , 0 , 1000 , 472.325 , 0 , 0 , 0
3433 , 0 , 1000 , 472.299 , 0 , 0 , 0
3434 , 0 , 1000 , 472.273 , 0 , 0 , 0
3435 , 0 , 1000 , 472.248 , 0 , 0 , 0
3436 , 0 , 1000 , 472.222 , 0 , 0 , 0
3437 , 0 , 1000 , 472.196 , 0 , 0 , 0
3438 , 0 , 1000 , 472.171 , 0 , 0 , 0
3439 , 0 , 1000 , 472.145 , 0 , 0 , 0
3440 , 0 , 1000 , 472.119 , 0 , 0 , 0
3441 , 0 , 1000 , 472.094 , 0 , 0 , 0
3442 , 0 , 1000 , 472.068 , 0 , 0 , 0
3443 , 0 , 1000 , 472.043 , 0 , 0 , 0
3444 , 0 , 1000 , 472.017 , 0 , 0 , 0
3445 , 0 , 1000 , 471.992 , 0 , 0 , 0
3446 , 0 , 1000 , 471.966 , 0 , 0 , 0
3447 , 0 , 1000 , 471.941 , 0 , 0 , 0
3448 , 0 , 1000 , 471.915 , 0 , 0 , 0
3449 , 0 , 1000 , 471.89 , 0 , 0 , 0
3450 , 0 , 1000 , 471.864 , 0 , 0 , 0
3451 , 0 , 1000 , 471.839 , 0 , 0 , 0
3452 , 0 , 1000 , 471.813 , 0 , 0 , 0
3453 , 0 , 1000 , 471.788 , 0 , 0 , 0
3454 , 0 , 1000 , 471.763 , 0 , 0 , 0
3455 , 0 , 1000 , 471.737 , 0 , 0 , 0
3456 , 0 , 1000 , 471.712 , 0 , 0 , 0
3457 , 0 , 1000 , 471.687 , 0 , 0 , 0
3458 , 0 , 1000 , 471.661 , 0 , 0 , 0
3459 , 0 , 1000 , 471.636 , 0 , 0 , 0
3460 , 0 , 1000 , 471.611 , 0 , 0 , 0
3461 , 0 , 1000 , 471.586 , 0 , 0 , 0
3462 , 0 , 1000 , 471.561 , 0 , 0 , 0
3463 , 0 , 1000 , 471.535 , 0 , 0 , 0
3464 , 0 , 1000 , 471.51 , 0 , 0 , 0
3465 , 0 , 1000 , 471.485 , 0 , 0 , 0
3466 , 0 , 1000 , 471.46 , 0 , 0 , 0
3467 , 0 , 1000 , 471.435 , 0 , 0 , 0
3468 , 0 , 1000 , 471.41 , 0 , 0 , 0
3469 , 0 , 1000 , 471.385 , 0 , 0 , 0
3470 , 0 , 1000 , 471.36 , 0 , 0 , 0
3471 , 0 , 1000 , 471.335 , 0 , 0 , 0
3472 , 0 , 1000 , 471.31 , 0 , 0 , 0
3473 , 0 , 1000 , 471.285 , 0 , 0 , 0
3474 , 0 , 1000 , 471.26 , 0 , 0 , 0
3475 , 0 , 1000 , 471.235 , 0 , 0 , 0
3476 , 0 , 1000 , 471.21 , 0 , 0 , 0
3477 , 0 , 1000 , 471.185 , 0 , 0 , 0
3478 , 0 , 1000 , 471.16 , 0 , 0 , 0
3479 , 0 , 1000 , 471.135 , 0 , 0 , 0
3480 , 0 , 1000 , 471.111 , 0 , 0 , 0
3481 , 0 , 1000 , 471.086 , 0 , 0 , 0
3482 , 0 , 1000 , 471.061 , 0 , 0 , 0
3483 , 0 , 1000 , 471.036 , 0 , 0 , 0
3484 , 0 , 1000 , 471.011 , 0 , 0 , 0
3485 , 0 , 1000 , 470.987 , 0 , 0 , 0
3486 , 0 , 1000 , 470.962 , 0 , 0 , 0
3487 , 0 , 1000 , 470.937 , 0 , 0 , 0
3488 , 0 , 1000 , 470.913 , 0 , 0 , 0
3489 , 0 , 1000 , 470.888 , 0 , 0 , 0
3490 , 0 , 1000 , 470.863 , 0 , 0 , 0
3491 , 0 , 1000 , 470.839 , 0 , 0 , 0
3492 , 0 , 1000 , 470.814 , 0 , 0 , 0
3493 , 0 , 1000 , 470.789 , 0 , 0 , 0
3494 , 0 , 1000 , 470.765 , 0 , 0 , 0
3495 , 0 , 1000 , 470.74 , 0 , 0 , 0
3496 , 0 , 1000 , 470.716 , 0 , 0 , 0
3497 , 0 , 1000 , 470.691 , 0 , 0 , 0
3498 , 0 , 1000 , 470.667 , 0 , 0 , 0
3499 , 0 , 1000 , 470.642 , 0 , 0 , 0
3500 , 0 , 1000 , 470.618 , 0 , 0 , 0
3501 , 0 , 1000 , 470.593 , 0 , 0 , 0
3502 , 0 , 1000 , 470.569 , 0 , 0 , 0
3503 , 0 , 1000 , 470.545 , 0 , 0 , 0
3504 , 0 , 1000 , 470.52 , 0 , 0 , 0
3505 , 0 , 1000 , 470.496 , 0 , 0 , 0
3506 , 0 , 1000 , 470.472 , 0 , 0 , 0
3507 , 0 , 1000 , 470.447 , 0 , 0 , 0
3508 , 0 , 1000 , 470.423 , 0 , 0 , 0
3509 , 0 , 1000 , 470.399 , 0 , 0 , 0
3510 , 0 , 1000 , 470.374 , 0 , 0 , 0
3511 , 0 , 1000 , 470.35 , 0 , 0 , 0
3512 , 0 , 1000 , 470.326 , 0 , 0 , 0
3513 , 0 , 1000 , 470.302 , 0 , 0 , 0
3514 , 0 , 1000 , 470.278 , 0 , 0 , 0
3515 , 0 , 1000 , 470.253 , 0 , 0 , 0
3516 , 0 , 1000 , 470.229 , 0 , 0 , 0
3517 , 0 , 1000 , 470.205 , 0 , 0 , 0
3518 , 0 , 1000 , 470.181 , 0 , 0 , 0
3519 , 0 , 1000 , 470.157 , 0 , 0 , 0
3520 , 0 , 1000 , 470.133 , 0 , 0 , 0
3521 , 0 , 1000 , 470.109 , 0 , 0 , 0
3522 , 0 , 1000 , 470.085 , 0 , 0 , 0
3523 , 0 , 1000 , 470.061 , 0 , 0 , 0
3524 , 0 , 1000 , 470.037 , 0 , 0 , 0
3525 , 0 , 1000 , 470.013 , 0 , 0 , 0
3526 , 0 , 1000 , 469.989 , 0 , 0 , 0
3527 , 0 , 1000 , 469.965 , 0 , 0 , 0
3528 , 0 , 1000 , 469.941 , 0 , 0 , 0
3529 , 0 , 1000 , 469.917 , 0 , 0 , 0
3530 , 0 , 1000 , 469.893 , 0 , 0 , 0
3531 , 0 , 1000 , 469.87 , 0 , 0 , 0
3532 , 0 , 1000 , 469.846 , 0 , 0 , 0
3533 , 0 , 1000 , 469.822 , 0 , 0 , 0
3534 , 0 , 1000 , 469.798 , 0 , 0 , 0
3535 , 0 , 1000 , 469.774 , 0 , 0 , 0
3536 , 0 , 1000 , 469.751 , 0 , 0 , 0
3537 , 0 , 1000 , 469.727 , 0 , 0 , 0
3538 , 0 , 1000 , 469.703 , 0 , 0 , 0
3539 , 0 , 1000 , 469.68 , 0 , 0 , 0
3540 , 0 , 1000 , 469.656 , 0 , 0 , 0
3541 , 0 , 1000 , 469.632 , 0 , 0 , 0
3542 , 0 , 1000 , 469.609 , 0 , 0 , 0
3543 , 0 , 1000 , 469.585 , 0 , 0 , 0
3544 , 0 , 1000 , 469.561 , 0 , 0 , 0
3545 , 0 , 1000 , 469.538 , 0 , 0 , 0
3546 , 0 , 1000 , 469.514 , 0 , 0 , 0
3547 , 0 , 1000 , 469.491 , 0 , 0 , 0
3548 , 0 , 1000 , 469.467 , 0 , 0 , 0
3549 , 0 , 1000 , 469.444 , 0 , 0 , 0
3550 , 0 , 1000 , 469.42 , 0 , 0 , 0
3551 , 0 , 1000 , 469.397 , 0 , 0 , 0
3552 , 0 , 1000 , 469.373 , 0 , 0 , 0
3553 , 0 , 1000 , 469.35 , 0 , 0 , 0
3554 , 0 , 1000 , 469.327 , 0 , 0 , 0
3555 , 0 , 1000 , 469.303 , 0 , 0 , 0
3556 , 0 , 1000 , 469.28 , 0 , 0 , 0
3557 , 0 , 1000 , 469.256 , 0 , 0 , 0
3558 , 0 , 1000 , 469.233 , 0 , 0 , 0
3559 , 0 , 1000 , 469.21 , 0 , 0 , 0
3560 , 0 , 1000 , 469.187 , 0 , 0 , 0
3561 , 0 , 1000 , 469.163 , 0 , 0 , 0
3562 , 0 , 1000 , 469.14 , 0 , 0 , 0
3563 , 0 , 1000 , 469.117 , 0 , 0 , 0
3564 , 0 , 1000 , 469.094 , 0 , 0 , 0
3565 , 0 , 1000 , 469.07 , 0 , 0 , 0
3566 , 0 , 1000 , 469.047 , 0 , 0 , 0
3567 , 0 , 1000 , 469.024 , 0 , 0 , 0
3568 , 0 , 1000 , 469.001 , 0 , 0 , 0
3569 , 0 , 1000 , 468.978 , 0 , 0 , 0
3570 , 0 , 1000 , 468.955 , 0 , 0 , 0
3571 , 0 , 1000 , 468.932 , 0 , 0 , 0
3572 , 0 , 1000 , 468.909 , 0 , 0 , 0
3573 , 0 , 1000 , 468.886 , 0 , 0 , 0
3574 , 0 , 1000 , 468.863 , 0 , 0 , 0
3575 , 0 , 1000 , 468.84 , 0 , 0 , 0
3576 , 0 , 1000 , 468.817 , 0 , 0 , 0
3577 , 0 , 1000 , 468.794 , 0 , 0 , 0
3578 , 0 , 1000 , 468.771 , 0 , 0 , 0
3579 , 0 , 1000 , 468.748 , 0 , 0 , 0
3580 , 0 , 1000 , 468.725 , 0 , 0 , 0
3581 , 0 , 1000 , 468.702 , 0 , 0 , 0
3582 , 0 , 1000 , 468.679 , 0 , 0 , 0
3583 , 0 , 1000 , 468.656 , 0 , 0 , 0
3584 , 0 , 1000 , 468.634 , 0 , 0 , 0
3585 , 0 , 1000 , 468.611 , 0 , 0 , 0
3586 , 0 , 1000 , 468.588 , 0 , 0 , 0
3587 , 0 , 1000 , 468.565 , 0 , 0 , 0
3588 , 0 , 1000 , 468.543 , 0 , 0 , 0
3589 , 0 , 1000 , 468.52 , 0 , 0 , 0
3590 , 0 , 1000 , 468.497 , 0 , 0 , 0
3591 , 0 , 1000 , 468.474 , 0 , 0 , 0
3592 , 0 , 1000 , 468.452 , 0 , 0 , 0
3593 , 0 , 1000 , 468.429 , 0 , 0 , 0
3594 , 0 , 1000 , 468.406 , 0 , 0 , 0
3595 , 0 , 1000 , 468.384 , 0 , 0 , 0
3596 , 0 , 1000 , 468.361 , 0 , 0 , 0
3597 , 0 , 1000 , 468.339 , 0 , 0 , 0
3598 , 0 , 1000 , 468.316 , 0 , 0 , 0
3599 , 0 , 1000 , 468.293 , 0 , 0 , 0
3600 , 0 , 1000 , 468.271 , 0 , 0 , 0
3601 , 0 , 1000 , 468.248 , 0 , 0 , 0
3602 , 0 , 1000 , 468.226 , 0 , 0 , 0
3603 , 0 , 1000 , 468.203 , 0 , 0 , 0
3604 , 0 , 1000 , 468.181 , 0 , 0 , 0
3605 , 0 , 1000 , 468.159 , 0 , 0 , 0
3606 , 0 , 1000 , 468.136 , 0 , 0 , 0
3607 , 0 , 1000 , 468.114 , 0 , 0 , 0
3608 , 0 , 1000 , 468.091 , 0 , 0 , 0
3609 , 0 , 1000 , 468.069 , 0 , 0 , 0
3610 , 0 , 1000 , 468.047 , 0 , 0 , 0
3611 , 0 , 1000 , 468.024 , 0 , 0 , 0
3612 , 0 , 1000 , 468.002 , 0 , 0 , 0
3613 , 0 , 1000 , 467.98 , 0 , 0 , 0
3614 , 0 , 1000 , 467.957 , 0 , 0 , 0
3615 , 0 , 1000 , 467.935 , 0 , 0 , 0
3616 , 0 , 1000 , 467.913 , 0 , 0 , 0
3617 , 0 , 1000 , 467.891 , 0 , 0 , 0
3618 , 0 , 1000 , 467.869 , 0 , 0 , 0
3619 , 0 , 1000 , 467.846 , 0 , 0 , 0
3620 , 0 , 1000 , 467.824 , 0 , 0 , 0
3621 , 0 , 1000 , 467.802 , 0 , 0 , 0
3622 , 0 , 1000 , 467.78 , 0 , 0 , 0
3623 , 0 , 1000 , 467.758 , 0 , 0 , 0
3624 , 0 , 1000 , 467.736 , 0 , 0 , 0
3625 , 0 , 1000 , 467.714 , 0 , 0 , 0
3626 , 0 , 1000 , 467.692 , 0 , 0 , 0
3627 , 0 , 1000 , 467.67 , 0 , 0 , 0
3628 , 0 , 1000 , 467.648 , 0 , 0 , 0
3629 , 0 , 1000 , 467.626 , 0 , 0 , 0
3630 , 0 , 1000 , 467.604 , 0 , 0 , 0
3631 , 0 , 1000 , 467.582 , 0 , 0 , 0
3632 , 0 , 1000 , 467.56 , 0 , 0 , 0
3633 , 0 , 1000 , 467.538 , 0 , 0 , 0
3634 , 0 , 1000 , 467.516 , 0 , 0 , 0
3635 , 0 , 1000 , 467.494 , 0 , 0 , 0
3636 , 0 , 1000 , 467.472 , 0 , 0 , 0
3637 , 0 , 1000 , 467.45 , 0 , 0 , 0
3638 , 0 , 1000 , 467.428 , 0 , 0 , 0
3639 , 0 , 1000 , 467.407 , 0 , 0 , 0
3640 , 0 , 1000 , 467.385 , 0 , 0 , 0
3641 , 0 , 1000 , 467.363 , 0 , 0 , 0
3642 , 0 , 1000 , 467.341 , 0 , 0 , 0
3643 , 0 , 1000 , 467.32 , 0 , 0 , 0
3644 , 0 , 1000 , 467.298 , 0 , 0 , 0
3645 , 0 , 1000 , 467.276 , 0 , 0 , 0
3646 , 0 , 1000 , 467.254 , 0 , 0 , 0
3647 , 0 , 1000 , 467.233 , 0 , 0 , 0
3648 , 0 , 1000 , 467.211 , 0 , 0 , 0
3649 , 0 , 1000 , 467.19 , 0 , 0 , 0
3650 , 0 , 1000 , 467.168 , 0 , 0 , 0
3651 , 0 , 1000 , 467.146 , 0 , 0 , 0
3652 , 0 , 1000 , 467.125 , 0 , 0 , 0
3653 , 0 , 1000 , 467.103 , 0 , 0 , 0
3654 , 0 , 1000 , 467.082 , 0 , 0 , 0
3655 , 0 , 1000 , 467.06 , 0 , 0 , 0
3656 , 0 , 1000 , 467.039 , 0 , 0 , 0
3657 , 0 , 1000 , 467.017 , 0 , 0 , 0
3658 , 0 , 1000 , 466.996 , 0 , 0 , 0
3659 , 0 , 1000 , 466.974 , 0 , 0 , 0
3660 , 0 , 1000 , 466.953 , 0 , 0 , 0
3661 , 0 , 1000 , 466.931 , 0 , 0 , 0
3662 , 0 , 1000 , 466.91 , 0 , 0 , 0
3663 , 0 , 1000 , 466.888 , 0 , 0 , 0
3664 , 0 , 1000 , 466.867 , 0 , 0 , 0
3665 , 0 , 1000 , 466.846 , 0 , 0 , 0
3666 , 0 , 1000 , 466.824 , 0 , 0 , 0
3667 , 0 , 1000 , 466.803 , 0 , 0 , 0
3668 , 0 , 1000 , 466.782 , 0 , 0 , 0
3669 , 0 , 1000 , 466.761 , 0 , 0 , 0
3670 , 0 , 1000 , 466.739 , 0 , 0 , 0
3671 , 0 , 1000 , 466.718 , 0 , 0 , 0
3672 , 0 , 1000 , 466.697 , 0 , 0 , 0
3673 , 0 , 1000 , 466.676 , 0 , 0 , 0
3674 , 0 , 1000 , 466.654 , 0 , 0 , 0
3675 , 0 , 1000 , 466.633 , 0 , 0 , 0
3676 , 0 , 1000 , 466.612 , 0 , 0 , 0
3677 , 0 , 1000 , 466.591 , 0 , 0 , 0
3678 , 0 , 1000 , 466.57 , 0 , 0 , 0
3679 , 0 , 1000 , 466.549 , 0 , 0 , 0
3680 , 0 , 1000 , 466.528 , 0 , 0 , 0
3681 , 0 , 1000 , 466.507 , 0 , 0 , 0
3682 , 0 , 1000 , 466.486 , 0 , 0 , 0
3683 , 0 , 1000 , 466.465 , 0 , 0 , 0
3684 , 0 , 1000 , 466.444 , 0 , 0 , 0
3685 , 0 , 1000 , 466.423 , 0 , 0 , 0
3686 , 0 , 1000 , 466.402 , 0 , 0 , 0
3687 , 0 , 1000 , 466.381 , 0 , 0 , 0
3688 , 0 , 1000 , 466.36 , 0 , 0 , 0
3689 , 0 , 1000 , 466.339 , 0 , 0 , 0
3690 , 0 , 1000 , 466.318 , 0 , 0 , 0
3691 , 0 , 1000 , 466.297 , 0 , 0 , 0
3692 , 0 , 1000 , 466.276 , 0 , 0 , 0
3693 , 0 , 1000 , 466.255 , 0 , 0 , 0
3694 , 0 , 1000 , 466.235 , 0 , 0 , 0
3695 , 0 , 1000 , 466.214 , 0 , 0 , 0
3696 , 0 , 1000 , 466.193 , 0 , 0 , 0
3697 , 0 , 1000 , 466.172 , 0 , 0 , 0
3698 , 0 , 1000 , 466.151 , 0 , 0 , 0
3699 , 0 , 1000 , 466.131 , 0 , 0 , 0
3700 , 0 , 1000 , 466.11 , 0 , 0 , 0
3701 , 0 , 1000 , 466.089 , 0 , 0 , 0
3702 , 0 , 1000 , 466.069 , 0 , 0 , 0
3703 , 0 , 1000 , 466.048 , 0 , 0 , 0
3704 , 0 , 1000 , 466.027 , 0 , 0 , 0
3705 , 0 , 1000 , 466.007 , 0 , 0 , 0
3706 , 0 , 1000 , 465.986 , 0 , 0 , 0
3707 , 0 , 1000 , 465.965 , 0 , 0 , 0
3708 , 0 , 1000 , 465.945 , 0 , 0 , 0
3709 , 0 , 1000 , 465.924 , 0 , 0 , 0
3710 , 0 , 1000 , 465.904 , 0 , 0 , 0
3711 , 0 , 1000 , 465.883 , 0 , 0 , 0
3712 , 0 , 1000 , 465.863 , 0 , 0 , 0
3713 , 0 , 1000 , 465.842 , 0 , 0 , 0
3714 , 0 , 1000 , 465.822 , 0 , 0 , 0
3715 , 0 , 1000 , 465.801 , 0 , 0 , 0
3716 , 0 , 1000 , 465.781 , 0 , 0 , 0
3717 , 0 , 1000 , 465.761 , 0 , 0 , 0
3718 , 0 , 1000 , 465.74 , 0 , 0 , 0
3719 , 0 , 1000 , 465.72 , 0 , 0 , 0
3720 , 0 , 1000 , 465.699 , 0 , 0 , 0
3721 , 0 , 1000 , 465.679 , 0 , 0 , 0
3722 , 0 , 1000 , 465.659 , 0 , 0 , 0
3723 , 0 , 1000 , 465.638 , 0 , 0 , 0
3724 , 0 , 1000 , 465.618 , 0 , 0 , 0
3725 , 0 , 1000 , 465.598 , 0 , 0 , 0
3726 , 0 , 1000 , 465.578 , 0 , 0 , 0
3727 , 0 , 1000 , 465.557 , 0 , 0 , 0
3728 , 0 , 1000 , 465.537 , 0 , 0 , 0
3729 , 0 , 1000 , 465.517 , 0 , 0 , 0
3730 , 0 , 1000 , 465.497 , 0 , 0 , 0
3731 , 0 , 1000 , 465.476 , 0 , 0 , 0
3732 , 0 , 1000 , 465.456 , 0 , 0 , 0
3733 , 0 , 1000 , 465.436 , 0 , 0 , 0
3734 , 0 , 1000 , 465.416 , 0 , 0 , 0
3735 , 0 , 1000 , 465.396 , 0 , 0 , 0
3736 , 0 , 1000 , 465.376 , 0 , 0 , 0
3737 , 0 , 1000 , 465.356 , 0 , 0 , 0
3738 , 0 , 1000 , 465.336 , 0 , 0 , 0
3739 , 0 , 1000 , 465.316 , 0 , 0 , 0
3740 , 0 , 1000 , 465.296 , 0 , 0 , 0
3741 , 0 , 1000 , 465.276 , 0 , 0 , 0
3742 , 0 , 1000 , 465.256 , 0 , 0 , 0
3743 , 0 , 1000 , 465.236 , 0 , 0 , 0
3744 , 0 , 1000 , 465.216 , 0 , 0 , 0
3745 , 0 , 1000 , 465.196 , 0 , 0 , 0
3746 , 0 , 1000 , 465.176 , 0 , 0 , 0
3747 , 0 , 1000 , 465.156 , 0 , 0 , 0
3748 , 0 , 1000 , 465.136 , 0 , 0 , 0
3749 , 0 , 1000 , 465.116 , 0 , 0 , 0
3750 , 0 , 1000 , 465.096 , 0 , 0 , 0
3751 , 0 , 1000 , 465.076 , 0 , 0 , 0
3752 , 0 , 1000 , 465.057 , 0 , 0 , 0
3753 , 0 , 1000 , 465.037 , 0 , 0 , 0
3754 , 0 , 1000 , 465.017 , 0 , 0 , 0
3755 , 0 , 1000 , 464.997 , 0 , 0 , 0
3756 , 0 , 1000 , 464.978 , 0 , 0 , 0
3757 , 0 , 1000 , 464.958 , 0 , 0 , 0
3758 , 0 , 1000 , 464.938 , 0 , 0 , 0
3759 , 0 , 1000 , 464.918 , 0 , 0 , 0
3760 , 0 , 1000 , 464.899 , 0 , 0 , 0
3761 , 0 , 1000 , 464.879 , 0 , 0 , 0
3762 , 0 , 1000 , 464.859 , 0 , 0 , 0
3763 , 0 , 1000 , 464.84 , 0 , 0 , 0
3764 , 0 , 1000 , 464.82 , 0 , 0 , 0
3765 , 0 , 1000 , 464.801 , 0 , 0 , 0
3766 , 0 , 1000 , 464.781 , 0 , 0 , 0
3767 , 0 , 1000 , 464.761 , 0 , 0 , 0
3768 , 0 , 1000 , 464.742 , 0 , 0 , 0
3769 , 0 , 1000 , 464.722 , 0 , 0 , 0
3770 , 0 , 1000 , 464.703 , 0 , 0 , 0
3771 , 0 , 1000 , 464.683 , 0 , 0 , 0
3772 , 0 , 1000 , 464.664 , 0 , 0 , 0
3773 , 0 , 1000 , 464.644 , 0 , 0 , 0
3774 , 0 , 1000 , 464.625 , 0 , 0 , 0
3775 , 0 , 1000 , 464.605 , 0 , 0 , 0
3776 , 0 , 1000 , 464.586 , 0 , 0 , 0
3777 , 0 , 1000 , 464.567 , 0 , 0 , 0
3778 , 0 , 1000 , 464.547 , 0 , 0 , 0
3779 , 0 , 1000 , 464.528 , 0 , 0 , 0
3780 , 0 , 1000 , 464.508 , 0 , 0 , 0
3781 , 0 , 1000 , 464.489 , 0 , 0 , 0
3782 , 0 , 1000 , 464.47 , 0 , 0 , 0
3783 , 0 , 1000 , 464.451 , 0 , 0 , 0
3784 , 0 , 1000 , 464.431 , 0 , 0 , 0
3785 , 0 , 1000 , 464.412 , 0 , 0 , 0
3786 , 0 , 1000 , 464.393 , 0 , 0 , 0
3787 , 0 , 1000 , 464.374 , 0 , 0 , 0
3788 , 0 , 1000 , 464.354 , 0 , 0 , 0
3789 , 0 , 1000 , 464.335 , 0 , 0 , 0
3790 , 0 , 1000 , 464.316 , 0 , 0 , 0
3791 , 0 , 1000 , 464.297 , 0 , 0 , 0
3792 , 0 , 1000 , 464.278 , 0 , 0 , 0
3793 , 0 , 1000 , 464.258 , 0 , 0 , 0
3794 , 0 , 1000 , 464.239 , 0 , 0 , 0
3795 , 0 , 1000 , 464.22 , 0 , 0 , 0
3796 , 0 , 1000 , 464.201 , 0 , 0 , 0
3797 , 0 , 1000 , 464.182 , 0 , 0 , 0
3798 , 0 , 1000 , 464.163 , 0 , 0 , 0
3799 , 0 , 1000 , 464.144 , 0 , 0 , 0
3800 , 0 , 1000 , 464.125 , 0 , 0 , 0
3801 , 0 , 1000 , 464.106 , 0 , 0 , 0
3802 , 0 , 1000 , 464.087 , 0 , 0 , 0
3803 , 0 , 1000 , 464.068 , 0 , 0 , 0
3804 , 0 , 1000 , 464.049 , 0 , 0 , 0
3805 , 0 , 1000 , 464.03 , 0 , 0 , 0
3806 , 0 , 1000 , 464.011 , 0 , 0 , 0
3807 , 0 , 1000 , 463.992 , 0 , 0 , 0
3808 , 0 , 1000 , 463.973 , 0 , 0 , 0
3809 , 0 , 1000 , 463.955 , 0 , 0 , 0
3810 , 0 , 1000 , 463.936 , 0 , 0 , 0
3811 , 0 , 1000 , 463.917 , 0 , 0 , 0
3812 , 0 , 1000 , 463.898 , 0 , 0 , 0
3813 , 0 , 1000 , 463.879 , 0 , 0 , 0
3814 , 0 , 1000 , 463.861 , 0 , 0 , 0
3815 , 0 , 1000 , 463.842 , 0 , 0 , 0
3816 , 0 , 1000 , 463.823 , 0 , 0 , 0
3817 , 0 , 1000 , 463.804 , 0 , 0 , 0
3818 , 0 , 1000 , 463.786 , 0 , 0 , 0
3819 , 0 , 1000 , 463.767 , 0 , 0 , 0
3820 , 0 , 1000 , 463.748 , 0 , 0 , 0
3821 , 0 , 1000 , 463.729 , 0 , 0 , 0
3822 , 0 , 1000 , 463.711 , 0 , 0 , 0
3823 , 0 , 1000 , 463.692 , 0 , 0 , 0
3824 , 0 , 1000 , 463.674 , 0 , 0 , 0
3825 , 0 , 1000 , 463.655 , 0 , 0 , 0
3826 , 0 , 1000 , 463.636 , 0 , 0 , 0
3827 , 0 , 1000 , 463.618 , 0 , 0 , 0
3828 , 0 , 1000 , 463.599 , 0 , 0 , 0
3829 , 0 , 1000 , 463.581 , 0 , 0 , 0
3830 , 0 , 1000 , 463.562 , 0 , 0 , 0
3831 , 0 , 1000 , 463.544 , 0 , 0 , 0
3832 , 0 , 1000 , 463.525 , 0 , 0 , 0
3833 , 0 , 1000 , 463.507 , 0 , 0 , 0
3834 , 0 , 1000 , 463.488 , 0 , 0 , 0
3835 , 0 , 1000 , 463.47 , 0 , 0 , 0
3836 , 0 , 1000 , 463.451 , 0 , 0 , 0
3837 , 0 , 1000 , 463.433 , 0 , 0 , 0
3838 , 0 , 1000 , 463.415 , 0 , 0 , 0
3839 , 0 , 1000 , 463.396 , 0 , 0 , 0
3840 , 0 , 1000 , 463.378 , 0 , 0 , 0
3841 , 0 , 1000 , 463.36 , 0 , 0 , 0
3842 , 0 , 1000 , 463.341 , 0 , 0 , 0
3843 , 0 , 1000 , 463.323 , 0 , 0 , 0
3844 , 0 , 1000 , 463.305 , 0 , 0 , 0
3845 , 0 , 1000 , 463.286 , 0 , 0 , 0
3846 , 0 , 1000 , 463.268 , 0 , 0 , 0
3847 , 0 , 1000 , 463.25 , 0 , 0 , 0
3848 , 0 , 1000 , 463.232 , 0 , 0 , 0
3849 , 0 , 1000 , 463.213 , 0 , 0 , 0
3850 , 0 , 1000 , 463.195 , 0 , 0 , 0
3851 , 0 , 1000 , 463.177 , 0 , 0 , 0
3852 , 0 , 1000 , 463.159 , 0 , 0 , 0
3853 , 0 , 1000 , 463.141 , 0 , 0 , 0
3854 , 0 , 1000 , 463.123 , 0 , 0 , 0
3855 , 0 , 1000 , 463.104 , 0 , 0 , 0
3856 , 0 , 1000 , 463.086 , 0 , 0 , 0
3857 , 0 , 1000 , 463.068 , 0 , 0 , 0
3858 , 0 , 1000 , 463.05 , 0 , 0 , 0
3859 , 0 , 1000 , 463.032 , 0 , 0 , 0
3860 , 0 , 1000 , 463.014 , 0 , 0 , 0
3861 , 0 , 1000 , 462.996 , 0 , 0 , 0
3862 , 0 , 1000 , 462.978 , 0 , 0 , 0
3863 , 0 , 1000 , 462.96 , 0 , 0 , 0
3864 , 0 , 1000 , 462.942 , 0 , 0 , 0
3865 , 0 , 1000 , 462.924 , 0 , 0 , 0
3866 , 0 , 1000 , 462.906 , 0 , 0 , 0
3867 , 0 , 1000 , 462.888 , 0 , 0 , 0
3868 , 0 , 1000 , 462.87 , 0 , 0 , 0
3869 , 0 , 1000 , 462.852 , 0 , 0 , 0
3870 , 0 , 1000 , 462.835 , 0 , 0 , 0
3871 , 0 , 1000 , 462.817 , 0 , 0 , 0
3872 , 0 , 1000 , 462.799 , 0 , 0 , 0
3873 , 0 , 1000 , 462.781 , 0 , 0 , 0
3874 , 0 , 1000 , 462.763 , 0 , 0 , 0
3875 , 0 , 1000 , 462.745 , 0 , 0 , 0
3876 , 0 , 1000 , 462.728 , 0 , 0 , 0
3877 , 0 , 1000 , 462.71 , 0 , 0 , 0
3878 , 0 , 1000 , 462.692 , 0 , 0 , 0
3879 , 0 , 1000 , 462.674 , 0 , 0 , 0
3880 , 0 , 1000 , 462.657 , 0 , 0 , 0
3881 , 0 , 1000 , 462.639 , 0 , 0 , 0
3882 , 0 , 1000 , 462.621 , 0 , 0 , 0
3883 , 0 , 1000 , 462.604 , 0 , 0 , 0
3884 , 0 , 1000 , 462.586 , 0 , 0 , 0
3885 , 0 , 1000 , 462.568 , 0 , 0 , 0
3886 , 0 , 1000 , 462.551 , 0 , 0 , 0
3887 , 0 , 1000 , 462.533 , 0 , 0 , 0
3888 , 0 , 1000 , 462.516 , 0 , 0 , 0
3889 , 0 , 1000 , 462.498 , 0 , 0 , 0
3890 , 0 , 1000 , 462.48 , 0 , 0 , 0
3891 , 0 , 1000 , 462.463 , 0 , 0 , 0
3892 , 0 , 1000 , 462.445 , 0 , 0 , 0
3893 , 0 , 1000 , 462.428 , 0 , 0 , 0
3894 , 0 , 1000 , 462.41 , 0 , 0 , 0
3895 , 0 , 1000 , 462.393 , 0 , 0 , 0
3896 , 0 , 1000 , 462.375 , 0 , 0 , 0
3897 , 0 , 1000 , 462.358 , 0 , 0 , 0
3898 , 0 , 1000 , 462.341 , 0 , 0 , 0
3899 , 0 , 1000 , 462.323 , 0 , 0 , 0
3900 , 0 , 1000 , 462.306 , 0 , 0 , 0
3901 , 0 , 1000 , 462.288 , 0 , 0 , 0
3902 , 0 , 1000 , 462.271 , 0 , 0 , 0
3903 , 0 , 1000 , 462.254 , 0 , 0 , 0
3904 , 0 , 1000 , 462.236 , 0 , 0 , 0
3905 , 0 , 1000 , 462.219 , 0 , 0 , 0
3906 , 0 , 1000 , 462.202 , 0 , 0 , 0
3907 , 0 , 1000 , 462.184 , 0 , 0 , 0
3908 , 0 , 1000 , 462.167 , 0 , 0 , 0
3909 , 0 , 1000 , 462.15 , 0 , 0 , 0
3910 , 0 , 1000 , 462.133 , 0 , 0 , 0
3911 , 0 , 1000 , 462.115 , 0 , 0 , 0
3912 , 0 , 1000 , 462.098 , 0 , 0 , 0
3913 , 0 , 1000 , 462.081 , 0 , 0 , 0
3914 , 0 , 1000 , 462.064 , 0 , 0 , 0
3915 , 0 , 1000 , 462.047 , 0 , 0 , 0
3916 , 0 , 1000 , 462.029 , 0 , 0 , 0
3917 , 0 , 1000 , 462.012 , 0 , 0 , 0
3918 , 0 , 1000 , 461.995 , 0 , 0 , 0
3919 , 0 , 1000 , 461.978 , 0 , 0 , 0
3920 , 0 , 1000 , 461.961 , 0 , 0 , 0
3921 , 0 , 1000 , 461.944 , 0 , 0 , 0
3922 , 0 , 1000 , 461.927 , 0 , 0 , 0
3923 , 0 , 1000 , 461.91 , 0 , 0 , 0
3924 , 0 , 1000 , 461.893 , 0 , 0 , 0
3925 , 0 , 1000 , 461.876 , 0 , 0 , 0
3926 , 0 , 1000 , 461.859 , 0 , 0 , 0
3927 , 0 , 1000 , 461.842 , 0 , 0 , 0
3928 , 0 , 1000 , 461.825 , 0 , 0 , 0
3929 , 0 , 1000 , 461.808 , 0 , 0 , 0
3930 , 0 , 1000 , 461.791 , 0 , 0 , 0
3931 , 0 , 1000 , 461.774 , 0 , 0 , 0
3932 , 0 , 1000 , 461.757 , 0 , 0 , 0
3933 , 0 , 1000 , 461.74 , 0 , 0 , 0
3934 , 0 , 1000 , 461.724 , 0 , 0 , 0
3935 , 0 , 1000 , 461.707 , 0 , 0 , 0
3936 , 0 , 1000 , 461.69 , 0 , 0 , 0
3937 , 0 , 1000 , 461.673 , 0 , 0 , 0
3938 , 0 , 1000 , 461.656 , 0 , 0 , 0
3939 , 0 , 1000 , 461.639 , 0 , 0 , 0
3940 , 0 , 1000 , 461.623 , 0 , 0 , 0
3941 , 0 , 1000 , 461.606 , 0 , 0 , 0
3942 , 0 , 1000 , 461.589 , 0 , 0 , 0
3943 , 0 , 1000 , 461.572 , 0 , 0 , 0
3944 , 0 , 1000 , 461.556 , 0 , 0 , 0
3945 , 0 , 1000 , 461.539 , 0 , 0 , 0
3946 , 0 , 1000 , 461.522 , 0 , 0 , 0
3947 , 0 , 1000 , 461.506 , 0 , 0 , 0
3948 , 0 , 1000 , 461.489 , 0 , 0 , 0
3949 , 0 , 1000 , 461.472 , 0 , 0 , 0
3950 , 0 , 1000 , 461.456 , 0 , 0 , 0
3951 , 0 , 1000 , 461.439 , 0 , 0 , 0
3952 , 0 , 1000 , 461.423 , 0 , 0 , 0
3953 , 0 , 1000 , 461.406 , 0 , 0 , 0
3954 , 0 , 1000 , 461.389 , 0 , 0 , 0
3955 , 0 , 1000 , 461.373 , 0 , 0 , 0
3956 , 0 , 1000 , 461.356 , 0 , 0 , 0
3957 , 0 , 1000 , 461.34 , 0 , 0 , 0
3958 , 0 , 1000 , 461.323 , 0 , 0 , 0
3959 , 0 , 1000 , 461.307 , 0 , 0 , 0
3960 , 0 , 1000 , 461.29 , 0 , 0 , 0
3961 , 0 , 1000 , 461.274 , 0 , 0 , 0
3962 , 0 , 1000 , 461.258 , 0 , 0 , 0
3963 , 0 , 1000 , 461.241 , 0 , 0 , 0
3964 , 0 , 1000 , 461.225 , 0 , 0 , 0
3965 , 0 , 1000 , 461.208 , 0 , 0 , 0
3966 , 0 , 1000 , 461.192 , 0 , 0 , 0
3967 , 0 , 1000 , 461.176 , 0 , 0 , 0
3968 , 0 , 1000 , 461.159 , 0 , 0 , 0
3969 , 0 , 1000 , 461.143 , 0 , 0 , 0
3970 , 0 , 1000 , 461.127 , 0 , 0 , 0
3971 , 0 , 1000 , 461.11 , 0 , 0 , 0
3972 , 0 , 1000 , 461.094 , 0 , 0 , 0
3973 , 0 , 1000 , 461.078 , 0 , 0 , 0
3974 , 0 , 1000 , 461.062 , 0 , 0 , 0
3975 , 0 , 1000 , 461.045 , 0 , 0 , 0
3976 , 0 , 1000 , 461.029 , 0 , 0 , 0
3977 , 0 , 1000 , 461.013 , 0 , 0 , 0
3978 , 0 , 1000 , 460.997 , 0 , 0 , 0
3979 , 0 , 1000 , 460.981 , 0 , 0 , 0
3980 , 0 , 1000 , 460.964 , 0 , 0 , 0
3981 , 0 , 1000 , 460.948 , 0 , 0 , 0
3982 , 0 , 1000 , 460.932 , 0 , 0 , 0
3983 , 0 , 1000 , 460.916 , 0 , 0 , 0
3984 , 0 , 1000 , 460.9 , 0 , 0 , 0
3985 , 0 , 1000 , 460.884 , 0 , 0 , 0
3986 , 0 , 1000 , 460.868 , 0 , 0 , 0
3987 , 0 , 1000 , 460.852 , 0 , 0 , 0
3988 , 0 , 1000 , 460.836 , 0 , 0 , 0
3989 , 0 , 1000 , 460.82 , 0 , 0 , 0
3990 , 0 , 1000 , 460.804 , 0 , 0 , 0
3991 , 0 , 1000 , 460.788 , 0 , 0 , 0
3992 , 0 , 1000 , 460.772 , 0 , 0 , 0
3993 , 0 , 1000 , 460.756 , 0 , 0 , 0
3994 , 0 , 1000 , 460.74 , 0 , 0 , 0
3995 , 0 , 1000 , 460.724 , 0 , 0 , 0
3996 , 0 , 1000 , 460.708 , 0 , 0 , 0
3997 , 0 , 1000 , 460.692 , 0 , 0 , 0
3998 , 0 , 1000 , 460.676 , 0 , 0 , 0
3999 , 0 , 1000 , 460.66 , 0 , 0 , 0
4000 , 0 , 1000 , 460.645 , 0 , 0 , 0
4001 , 0 , 1000 , 460.629 , 0 , 0 , 0
4002 , 0 , 1000 , 460.613 , 0 , 0 , 0
4003 , 0 , 1000 , 460.597 , 0 , 0 , 0
4004 , 0 , 1000 , 460.581 , 0 , 0 , 0
4005 , 0 , 1000 , 460.566 , 0 , 0 , 0
4006 , 0 , 1000 , 460.55 , 0 , 0 , 0
4007 , 0 , 1000 , 460.534 , 0 , 0 , 0
4008 , 0 , 1000 , 460.518 , 0 , 0 , 0
4009 , 0 , 1000 , 460.503 , 0 , 0 , 0
4010 , 0 , 1000 , 460.487 , 0 , 0 , 0
4011 , 0 , 1000 , 460.471 , 0 , 0 , 0
4012 , 0 , 1000 , 460.456 , 0 , 0 , 0
4013 , 0 , 1000 , 460.44 , 0 , 0 , 0
4014 , 0 , 1000 , 460.424 , 0 , 0 , 0
4015 , 0 , 1000 , 460.409 , 0 , 0 , 0
4016 , 0 , 1000 , 460.393 , 0 , 0 , 0
4017 , 0 , 1000 , 460.377 , 0 , 0 , 0
4018 , 0 , 1000 , 460.362 , 0 , 0 , 0
4019 , 0 , 1000 , 460.346 , 0 , 0 , 0
4020 , 0 , 1000 , 460.331 , 0 , 0 , 0
4021 , 0 , 1000 , 460.315 , 0 , 0 , 0
4022 , 0 , 1000 , 460.3 , 0 , 0 , 0
4023 , 0 , 1000 , 460.284 , 0 , 0 , 0
4024 , 0 , 1000 , 460.269 , 0 , 0 , 0
4025 , 0 , 1000 , 460.253 , 0 , 0 , 0
4026 , 0 , 1000 , 460.238 , 0 , 0 , 0
4027 , 0 , 1000 , 460.222 , 0 , 0 , 0
4028 , 0 , 1000 , 460.207 , 0 , 0 , 0
4029 , 0 , 1000 , 460.191 , 0 , 0 , 0
4030 , 0 , 1000 , 460.176 , 0 , 0 , 0
4031 , 0 , 1000 , 460.16 , 0 , 0 , 0
4032 , 0 , 1000 , 460.145 , 0 , 0 , 0
4033 , 0 , 1000 , 460.13 , 0 , 0 , 0
4034 , 0 , 1000 , 460.114 , 0 , 0 , 0
4035 , 0 , 1000 , 460.099 , 0 , 0 , 0
4036 , 0 , 1000 , 460.084 , 0 , 0 , 0
4037 , 0 , 1000 , 460.068 , 0 , 0 , 0
4038 , 0 , 1000 , 460.053 , 0 , 0 , 0
4039 , 0 , 1000 , 460.038 , 0 , 0 , 0
4040 , 0 , 1000 , 460.022 , 0 , 0 , 0
4041 , 0 , 1000 , 460.007 , 0 , 0 , 0
4042 , 0 , 1000 , 459.992 , 0 , 0 , 0
4043 , 0 , 1000 , 459.977 , 0 , 0 , 0
4044 , 0 , 1000 , 459.962 , 0 , 0 , 0
4045 , 0 , 1000 , 459.946 , 0 , 0 , 0
4046 , 0 , 1000 , 459.931 , 0 , 0 , 0
4047 , 0 , 1000 , 459.916 , 0 , 0 , 0
4048 , 0 , 1000 , 459.901 , 0 , 0 , 0
4049 , 0 , 1000 , 459.886 , 0 , 0 , 0
4050 , 0 , 1000 , 459.871 , 0 , 0 , 0
4051 , 0 , 1000 , 459.855 , 0 , 0 , 0
4052 , 0 , 1000 , 459.84 , 0 , 0 , 0
4053 , 0 , 1000 , 459.825 , 0 , 0 , 0
4054 , 0 , 1000 , 459.81 , 0 , 0 , 0
4055 , 0 , 1000 , 459.795 , 0 , 0 , 0
4056 , 0 , 1000 , 459.78 , 0 , 0 , 0
4057 , 0 , 1000 , 459.765 , 0 , 0 , 0
4058 , 0 , 1000 , 459.75 , 0 , 0 , 0
4059 , 0 , 1000 , 459.735 , 0 , 0 , 0
4060 , 0 , 1000 , 459.72 , 0 , 0 , 0
4061 , 0 , 1000 , 459.705 , 0 , 0 , 0
4062 , 0 , 1000 , 459.69 , 0 , 0 , 0
4063 , 0 , 1000 , 459.675 , 0 , 0 , 0
4064 , 0 , 1000 , 459.66 , 0 , 0 , 0
4065 , 0 , 1000 , 459.645 , 0 , 0 , 0
4066 , 0 , 1000 , 459.631 , 0 , 0 , 0
4067 , 0 , 1000 , 459.616 , 0 , 0 , 0
4068 , 0 , 1000 , 459.601 , 0 , 0 , 0
4069 , 0 , 1000 , 459.586 , 0 , 0 , 0
4070 , 0 , 1000 , 459.571 , 0 , 0 , 0
4071 , 0 , 1000 , 459.556 , 0 , 0 , 0
4072 , 0 , 1000 , 459.541 , 0 , 0 , 0
4073 , 0 , 1000 , 459.527 , 0 , 0 , 0
4074 , 0 , 1000 , 459.512 , 0 , 0 , 0
4075 , 0 , 1000 , 459.497 , 0 , 0 , 0
4076 , 0 , 1000 , 459.482 , 0 , 0 , 0
4077 , 0 , 1000 , 459.468 , 0 , 0 , 0
4078 , 0 , 1000 , 459.453 , 0 , 0 , 0
4079 , 0 , 1000 , 459.438 , 0 , 0 , 0
4080 , 0 , 1000 , 459.423 , 0 , 0 , 0
4081 , 0 , 1000 , 459.409 , 0 , 0 , 0
4082 , 0 , 1000 , 459.394 , 0 , 0 , 0
4083 , 0 , 1000 , 459.379 , 0 , 0 , 0
4084 , 0 , 1000 , 459.365 , 0 , 0 , 0
4085 , 0 , 1000 , 459.35 , 0 , 0 , 0
4086 , 0 , 1000 , 459.336 , 0 , 0 , 0
4087 , 0 , 1000 , 459.321 , 0 , 0 , 0
4088 , 0 , 1000 , 459.306 , 0 , 0 , 0
4089 , 0 , 1000 , 459.292 , 0 , 0 , 0
4090 , 0 , 1000 , 459.277 , 0 , 0 , 0
4091 , 0 , 1000 , 459.263 , 0 , 0 , 0
4092 , 0 , 1000 , 459.248 , 0 , 0 , 0
4093 , 0 , 1000 , 459.234 , 0 , 0 , 0
4094 , 0 , 1000 , 459.219 , 0 , 0 , 0
4095 , 0 , 1000 , 459.205 , 0 , 0 , 0
4096 , 0 , 1000 , 459.19 , 0 , 0 , 0
4097 , 0 , 1000 , 459.176 , 0 , 0 , 0
4098 , 0 , 1000 , 459.161 , 0 , 0 , 0
4099 , 0 , 1000 , 459.147 , 0 , 0 , 0
4100 , 0 , 1000 , 459.133 , 0 , 0 , 0
4101 , 0 , 1000 , 459.118 , 0 , 0 , 0
4102 , 0 , 1000 , 459.104 , 0 , 0 , 0
4103 , 0 , 1000 , 459.089 , 0 , 0 , 0
4104 , 0 , 1000 , 459.075 , 0 , 0 , 0
4105 , 0 , 1000 , 459.061 , 0 , 0 , 0
4106 , 0 , 1000 , 459.046 , 0 , 0 , 0
4107 , 0 , 1000 , 459.032 , 0 , 0 , 0
4108 , 0 , 1000 , 459.018 , 0 , 0 , 0
4109 , 0 , 1000 , 459.004 , 0 , 0 , 0
4110 , 0 , 1000 , 458.989 , 0 , 0 , 0
4111 , 0 , 1000 , 458.975 , 0 , 0 , 0
4112 , 0 , 1000 , 458.961 , 0 , 0 , 0
4113 , 0 , 1000 , 458.947 , 0 , 0 , 0
4114 , 0 , 1000 , 458.932 , 0 , 0 , 0
4115 , 0 , 1000 , 458.918 , 0 , 0 , 0
4116 , 0 , 1000 , 458.904 , 0 , 0 , 0
4117 , 0 , 1000 , 458.89 , 0 , 0 , 0
4118 , 0 , 1000 , 458.876 , 0 , 0 , 0
4119 , 0 , 1000 , 458.861 , 0 , 0 , 0
4120 , 0 , 1000 , 458.847 , 0 , 0 , 0
4121 , 0 , 1000 , 458.833 , 0 , 0 , 0
4122 , 0 , 1000 , 458.819 , 0 , 0 , 0
4123 , 0 , 1000 , 458.805 , 0 , 0 , 0
4124 , 0 , 1000 , 458.791 , 0 , 0 , 0
4125 , 0 , 1000 , 458.777 , 0 , 0 , 0
4126 , 0 , 1000 , 458.763 , 0 , 0 , 0
4127 , 0 , 1000 , 458.749 , 0 , 0 , 0
4128 , 0 , 1000 , 458.735 , 0 , 0 , 0
4129 , 0 , 1000 , 458.721 , 0 , 0 , 0
4130 , 0 , 1000 , 458.707 , 0 , 0 , 0
4131 , 0 , 1000 , 458.693 , 0 , 0 , 0
4132 , 0 , 1000 , 458.679 , 0 , 0 , 0
4133 , 0 , 1000 , 458.665 , 0 , 0 , 0
4134 , 0 , 1000 , 458.651 , 0 , 0 , 0
4135 , 0 , 1000 , 458.637 , 0 , 0 , 0
4136 , 0 , 1000 , 458.623 , 0 , 0 , 0
4137 , 0 , 1000 , 458.609 , 0 , 0 , 0
4138 , 0 , 1000 , 458.595 , 0 , 0 , 0
4139 , 0 , 1000 , 458.582 , 0 , 0 , 0
4140 , 0 , 1000 , 458.568 , 0 , 0 , 0
4141 , 0 , 1000 , 458.554 , 0 , 0 , 0
4142 , 0 , 1000 , 458.54 , 0 , 0 , 0
4143 , 0 , 1000 , 458.526 , 0 , 0 , 0
4144 , 0 , 1000 , 458.512 , 0 , 0 , 0
4145 , 0 , 1000 , 458.499 , 0 , 0 , 0
4146 , 0 , 1000 , 458.485 , 0 , 0 , 0
4147 , 0 , 1000 , 458.471 , 0 , 0 , 0
4148 , 0 , 1000 , 458.457 , 0 , 0 , 0
4149 , 0 , 1000 , 458.444 , 0 , 0 , 0
4150 , 0 , 1000 , 458.43 , 0 , 0 , 0
4151 , 0 , 1000 , 458.416 , 0 , 0 , 0
4152 , 0 , 1000 , 458.403 , 0 , 0 , 0
4153 , 0 , 1000 , 458.389 , 0 , 0 , 0
4154 , 0 , 1000 , 458.375 , 0 , 0 , 0
4155 , 0 , 1000 , 458.362 , 0 , 0 , 0
4156 , 0 , 1000 , 458.348 , 0 , 0 , 0
4157 , 0 , 1000 , 458.334 , 0 , 0 , 0
4158 , 0 , 1000 , 458.321 , 0 , 0 , 0
4159 , 0 , 1000 , 458.307 , 0 , 0 , 0
4160 , 0 , 1000 , 458.294 , 0 , 0 , 0
4161 , 0 , 1000 , 458.28 , 0 , 0 , 0
4162 , 0 , 1000 , 458.267 , 0 , 0 , 0
4163 , 0 , 1000 , 458.253 , 0 , 0 , 0
4164 , 0 , 1000 , 458.24 , 0 , 0 , 0
4165 , 0 , 1000 , 458.226 , 0 , 0 , 0
4166 , 0 , 1000 , 458.213 , 0 , 0 , 0
4167 , 0 , 1000 , 458.199 , 0 , 0 , 0
4168 , 0 , 1000 , 458.186 , 0 , 0 , 0
4169 , 0 , 1000 , 458.172 , 0 , 0 , 0
4170 , 0 , 1000 , 458.159 , 0 , 0 , 0
4171 , 0 , 1000 , 458.145 , 0 , 0 , 0
4172 , 0 , 1000 , 458.132 , 0 , 0 , 0
4173 , 0 , 1000 , 458.118 , 0 , 0 , 0
4174 , 0 , 1000 , 458.105 , 0 , 0 , 0
4175 , 0 , 1000 , 458.092 , 0 , 0 , 0
4176 , 0 , 1000 , 458.078 , 0 , 0 , 0
4177 , 0 , 1000 , 458.065 , 0 , 0 , 0
4178 , 0 , 1000 , 458.052 , 0 , 0 , 0
4179 , 0 , 1000 , 458.038 , 0 , 0 , 0
4180 , 0 , 1000 , 458.025 , 0 , 0 , 0
4181 , 0 , 1000 , 458.012 , 0 , 0 , 0
4182 , 0 , 1000 , 457.999 , 0 , 0 , 0
4183 , 0 , 1000 , 457.985 , 0 , 0 , 0
4184 , 0 , 1000 , 457.972 , 0 , 0 , 0
4185 , 0 , 1000 , 457.959 , 0 , 0 , 0
4186 , 0 , 1000 , 457.946 , 0 , 0 , 0
4187 , 0 , 1000 , 457.932 , 0 , 0 , 0
4188 , 0 , 1000 , 457.919 , 0 , 0 , 0
4189 , 0 , 1000 , 457.906 , 0 , 0 , 0
4190 , 0 , 1000 , 457.893 , 0 , 0 , 0
4191 , 0 , 1000 , 457.88 , 0 , 0 , 0
4192 , 0 , 1000 , 457.867 , 0 , 0 , 0
4193 , 0 , 1000 , 457.853 , 0 , 0 , 0
4194 , 0 , 1000 , 457.84 , 0 , 0 , 0
4195 , 0 , 1000 , 457.827 , 0 , 0 , 0
4196 , 0 , 1000 , 457.814 , 0 , 0 , 0
4197 , 0 , 1000 , 457.801 , 0 , 0 , 0
4198 , 0 , 1000 , 457.788 , 0 , 0 , 0
4199 , 0 , 1000 , 457.775 , 0 , 0 , 0
4200 , 0 , 1000 , 457.762 , 0 , 0 , 0
4201 , 0 , 1000 , 457.749 , 0 , 0 , 0
4202 , 0 , 1000 , 457.736 , 0 , 0 , 0
4203 , 0 , 1000 , 457.723 , 0 , 0 , 0
4204 , 0 , 1000 , 457.71 , 0 , 0 , 0
4205 , 0 , 1000 , 457.697 , 0 , 0 , 0
4206 , 0 , 1000 , 457.684 , 0 , 0 , 0
4207 , 0 , 1000 , 457.671 , 0 , 0 , 0
4208 , 0 , 1000 , 457.658 , 0 , 0 , 0
4209 , 0 , 1000 , 457.645 , 0 , 0 , 0
4210 , 0 , 1000 , 457.632 , 0 , 0 , 0
4211 , 0 , 1000 , 457.619 , 0 , 0 , 0
4212 , 0 , 1000 , 457.607 , 0 , 0 , 0
4213 , 0 , 1000 , 457.594 , 0 , 0 , 0
4214 , 0 , 1000 , 457.581 , 0 , 0 , 0
4215 , 0 , 1000 , 457.568 , 0 , 0 , 0
4216 , 0 , 1000 , 457.555 , 0 , 0 , 0
4217 , 0 , 1000 , 457.542 , 0 , 0 , 0
4218 , 0 , 1000 , 457.53 , 0 , 0 , 0
4219 , 0 , 1000 , 457.517 , 0 , 0 , 0
4220 , 0 , 1000 , 457.504 , 0 , 0 , 0
4221 , 0 , 1000 , 457.491 , 0 , 0 , 0
4222 , 0 , 1000 , 457.479 , 0 , 0 , 0
4223 , 0 , 1000 , 457.466 , 0 , 0 , 0
4224 , 0 , 1000 , 457.453 , 0 , 0 , 0
4225 , 0 , 1000 , 457.441 , 0 , 0 , 0
4226 , 0 , 1000 , 457.428 , 0 , 0 , 0
4227 , 0 , 1000 , 457.415 , 0 , 0 , 0
4228 , 0 , 1000 , 457.403 , 0 , 0 , 0
4229 , 0 , 1000 , 457.39 , 0 , 0 , 0
4230 , 0 , 1000 , 457.377 , 0 , 0 , 0
4231 , 0 , 1000 , 457.365 , 0 , 0 , 0
4232 , 0 , 1000 , 457.352 , 0 , 0 , 0
4233 , 0 , 1000 , 457.34 , 0 , 0 , 0
4234 , 0 , 1000 , 457.327 , 0 , 0 , 0
4235 , 0 , 1000 , 457.314 , 0 , 0 , 0
4236 , 0 , 1000 , 457.302 , 0 , 0 , 0
4237 , 0 , 1000 , 457.289 , 0 , 0 , 0
4238 , 0 , 1000 , 457.277 , 0 , 0 , 0
4239 , 0 , 1000 , 457.264 , 0 , 0 , 0
4240 , 0 , 1000 , 457.252 , 0 , 0 , 0
4241 , 0 , 1000 , 457.239 , 0 , 0 , 0
4242 , 0 , 1000 , 457.227 , 0 , 0 , 0
4243 , 0 , 1000 , 457.214 , 0 , 0 , 0
4244 , 0 , 1000 , 457.202 , 0 , 0 , 0
4245 , 0 , 1000 , 457.19 , 0 , 0 , 0
4246 , 0 , 1000 , 457.177 , 0 , 0 , 0
4247 , 0 , 1000 , 457.165 , 0 , 0 , 0
4248 , 0 , 1000 , 457.152 , 0 , 0 , 0
4249 , 0 , 1000 , 457.14 , 0 , 0 , 0
4250 , 0 , 1000 , 457.128 , 0 , 0 , 0
4251 , 0 , 1000 , 457.115 , 0 , 0 , 0
4252 , 0 , 1000 , 457.103 , 0 , 0 , 0
4253 , 0 , 1000 , 457.091 , 0 , 0 , 0
4254 , 0 , 1000 , 457.078 , 0 , 0 , 0
4255 , 0 , 1000 , 457.066 , 0 , 0 , 0
4256 , 0 , 1000 , 457.054 , 0 , 0 , 0
4257 , 0 , 1000 , 457.042 , 0 , 0 , 0
4258 , 0 , 1000 , 457.029 , 0 , 0 , 0
4259 , 0 , 1000 , 457.017 , 0 , 0 , 0
4260 , 0 , 1000 , 457.005 , 0 , 0 , 0
4261 , 0 , 1000 , 456.993 , 0 , 0 , 0
4262 , 0 , 1000 , 456.98 , 0 , 0 , 0
4263 , 0 , 1000 , 456.968 , 0 , 0 , 0
4264 , 0 , 1000 , 456.956 , 0 , 0 , 0
4265 , 0 , 1000 , 456.944 , 0 , 0 , 0
4266 , 0 , 1000 , 456.932 , 0 , 0 , 0
4267 , 0 , 1000 , 456.919 , 0 , 0 , 0
4268 , 0 , 1000 , 456.907 , 0 , 0 , 0
4269 , 0 , 1000 , 456.895 , 0 , 0 , 0
4270 , 0 , 1000 , 456.883 , 0 , 0 , 0
4271 , 0 , 1000 , 456.871 , 0 , 0 , 0
4272 , 0 , 1000 , 456.859 , 0 , 0 , 0
4273 , 0 , 1000 , 456.847 , 0 , 0 , 0
4274 , 0 , 1000 , 456.835 , 0 , 0 , 0
4275 , 0 , 1000 , 456.823 , 0 , 0 , 0
4276 , 0 , 1000 , 456.811 , 0 , 0 , 0
4277 , 0 , 1000 , 456.799 , 0 , 0 , 0
4278 , 0 , 1000 , 456.787 , 0 , 0 , 0
4279 , 0 , 1000 , 456.775 , 0 , 0 , 0
4280 , 0 , 1000 , 456.763 , 0 , 0 , 0
4281 , 0 , 1000 , 456.751 , 0 , 0 , 0
4282 , 0 , 1000 , 456.739 , 0 , 0 , 0
4283 , 0 , 1000 , 456.727 , 0 , 0 , 0
4284 , 0 , 1000 , 456.715 , 0 , 0 , 0
4285 , 0 , 1000 , 456.703 , 0 , 0 , 0
4286 , 0 , 1000 , 456.691 , 0 , 0 , 0
4287 , 0 , 1000 , 456.679 , 0 , 0 , 0
4288 , 0 , 1000 , 456.667 , 0 , 0 , 0
4289 , 0 , 1000 , 456.655 , 0 , 0 , 0
4290 , 0 , 1000 , 456.644 , 0 , 0 , 0
4291 , 0 , 1000 , 456.632 , 0 , 0 , 0
4292 , 0 , 1000 , 456.62 , 0 , 0 , 0
4293 , 0 , 1000 , 456.608 , 0 , 0 , 0
4294 , 0 , 1000 , 456.596 , 0 , 0 , 0
4295 , 0 , 1000 , 456.584 , 0 , 0 , 0
4296 , 0 , 1000 , 456.573 , 0 , 0 , 0
4297 , 0 , 1000 , 456.561 , 0 , 0 , 0
4298 , 0 , 1000 , 456.549 , 0 , 0 , 0
4299 , 0 , 1000 , 456.537 , 0 , 0 , 0
4300 , 0 , 1000 , 456.526 , 0 , 0 , 0
4301 , 0 , 1000 , 456.514 , 0 , 0 , 0
4302 , 0 , 1000 , 456.502 , 0 , 0 , 0
4303 , 0 , 1000 , 456.491 , 0 , 0 , 0
4304 , 0 , 1000 , 456.479 , 0 , 0 , 0
4305 , 0 , 1000 , 456.467 , 0 , 0 , 0
4306 , 0 , 1000 , 456.456 , 0 , 0 , 0
4307 , 0 , 1000 , 456.444 , 0 , 0 , 0
4308 , 0 , 1000 , 456.432 , 0 , 0 , 0
4309 , 0 , 1000 , 456.421 , 0 , 0 , 0
4310 , 0 , 1000 , 456.409 , 0 , 0 , 0
4311 , 0 , 1000 , 456.398 , 0 , 0 , 0
4312 , 0 , 1000 , 456.386 , 0 , 0 , 0
4313 , 0 , 1000 , 456.374 , 0 , 0 , 0
4314 , 0 , 1000 , 456.363 , 0 , 0 , 0
4315 , 0 , 1000 , 456.351 , 0 , 0 , 0
4316 , 0 , 1000 , 456.34 , 0 , 0 , 0
4317 , 0 , 1000 , 456.328 , 0 , 0 , 0
4318 , 0 , 1000 , 456.317 , 0 , 0 , 0
4319 , 0 , 1000 , 456.305 , 0 , 0 , 0
4320 , 0 , 1000 , 456.294 , 0 , 0 , 0
4321 , 0 , 1000 , 456.282 , 0 , 0 , 0
4322 , 0 , 1000 , 456.271 , 0 , 0 , 0
4323 , 0 , 1000 , 456.26 , 0 , 0 , 0
4324 , 0 , 1000 , 456.248 , 0 , 0 , 0
4325 , 0 , 1000 , 456.237 , 0 , 0 , 0
4326 , 0 , 1000 , 456.225 , 0 , 0 , 0
4327 , 0 , 1000 , 456.214 , 0 , 0 , 0
4328 , 0 , 1000 , 456.203 , 0 , 0 , 0
4329 , 0 , 1000 , 456.191 , 0 , 0 , 0
4330 , 0 , 1000 , 456.18 , 0 , 0 , 0
4331 , 0 , 1000 , 456.168 , 0 , 0 , 0
4332 , 0 , 1000 , 456.157 , 0 , 0 , 0
4333 , 0 , 1000 , 456.146 , 0 , 0 , 0
4334 , 0 , 1000 , 456.135 , 0 , 0 , 0
4335 , 0 , 1000 , 456.123 , 0 , 0 , 0
4336 , 0 , 1000 , 456.112 , 0 , 0 , 0
4337 , 0 , 1000 , 456.101 , 0 , 0 , 0
4338 , 0 , 1000 , 456.089 , 0 , 0 , 0
4339 , 0 , 1000 , 456.078 , 0 , 0 , 0
4340 , 0 , 1000 , 456.067 , 0 , 0 , 0
4341 , 0 , 1000 , 456.056 , 0 , 0 , 0
4342 , 0 , 1000 , 456.045 , 0 , 0 , 0
4343 , 0 , 1000 , 456.033 , 0 , 0 , 0
4344 , 0 , 1000 , 456.022 , 0 , 0 , 0
4345 , 0 , 1000 , 456.011 , 0 , 0 , 0
4346 , 0 , 1000 , 456 , 0 , 0 , 0
4347 , 0 , 1000 , 455.989 , 0 , 0 , 0
4348 , 0 , 1000 , 455.978 , 0 , 0 , 0
4349 , 0 , 1000 , 455.967 , 0 , 0 , 0
4350 , 0 , 1000 , 455.955 , 0 , 0 , 0
4351 , 0 , 1000 , 455.944 , 0 , 0 , 0
4352 , 0 , 1000 , 455.933 , 0 , 0 , 0
4353 , 0 , 1000 , 455.922 , 0 , 0 , 0
4354 , 0 , 1000 , 455.911 , 0 , 0 , 0
4355 , 0 , 1000 , 455.9 , 0 , 0 , 0
4356 , 0 , 1000 , 455.889 , 0 , 0 , 0
4357 , 0 , 1000 , 455.878 , 0 , 0 , 0
4358 , 0 , 1000 , 455.867 , 0 , 0 , 0
4359 , 0 , 1000 , 455.856 , 0 , 0 , 0
4360 , 0 , 1000 , 455.845 , 0 , 0 , 0
4361 , 0 , 1000 , 455.834 , 0 , 0 , 0
4362 , 0 , 1000 , 455.823 , 0 , 0 , 0
4363 , 0 , 1000 , 455.812 , 0 , 0 , 0
4364 , 0 , 1000 , 455.801 , 0 , 0 , 0
4365 , 0 , 1000 , 455.79 , 0 , 0 , 0
4366 , 0 , 1000 , 455.779 , 0 , 0 , 0
4367 , 0 , 1000 , 455.769 , 0 , 0 , 0
4368 , 0 , 1000 , 455.758 , 0 , 0 , 0
4369 , 0 , 1000 , 455.747 , 0 , 0 , 0
4370 , 0 , 1000 , 455.736 , 0 , 0 , 0
4371 , 0 , 1000 , 455.725 , 0 , 0 , 0
4372 , 0 , 1000 , 455.714 , 0 , 0 , 0
4373 , 0 , 1000 , 455.704 , 0 , 0 , 0
4374 , 0 , 1000 , 455.693 , 0 , 0 , 0
4375 , 0 , 1000 , 455.682 , 0 , 0 , 0
4376 , 0 , 1000 , 455.671 , 0 , 0 , 0
4377 , 0 , 1000 , 455.66 , 0 , 0 , 0
4378 , 0 , 1000 , 455.65 , 0 , 0 , 0
4379 , 0 , 1000 , 455.639 , 0 , 0 , 0
4380 , 0 , 1000 , 455.628 , 0 , 0 , 0
4381 , 0 , 1000 , 455.617 , 0 , 0 , 0
4382 , 0 , 1000 , 455.607 , 0 , 0 , 0
4383 , 0 , 1000 , 455.596 , 0 , 0 , 0
4384 , 0 , 1000 , 455.585 , 0 , 0 , 0
4385 , 0 , 1000 , 455.575 , 0 , 0 , 0
4386 , 0 , 1000 , 455.564 , 0 , 0 , 0
4387 , 0 , 1000 , 455.553 , 0 , 0 , 0
4388 , 0 , 1000 , 455.543 , 0 , 0 , 0
4389 , 0 , 1000 , 455.532 , 0 , 0 , 0
4390 , 0 , 1000 , 455.521 , 0 , 0 , 0
4391 , 0 , 1000 , 455.511 , 0 , 0 , 0
4392 , 0 , 1000 , 455.5 , 0 , 0 , 0
4393 , 0 , 1000 , 455.49 , 0 , 0 , 0
4394 , 0 , 1000 , 455.479 , 0 , 0 , 0
4395 , 0 , 1000 , 455.469 , 0 , 0 , 0
4396 , 0 , 1000 , 455.458 , 0 , 0 , 0
4397 , 0 , 1000 , 455.447 , 0 , 0 , 0
4398 , 0 , 1000 , 455.437 , 0 , 0 , 0
4399 , 0 , 1000 , 455.426 , 0 , 0 , 0
4400 , 0 , 1000 , 455.416 , 0 , 0 , 0
4401 , 0 , 1000 , 455.405 , 0 , 0 , 0
4402 , 0 , 1000 , 455.395 , 0 , 0 , 0
4403 , 0 , 1000 , 455.384 , 0 , 0 , 0
4404 , 0 , 1000 , 455.374 , 0 , 0 , 0
4405 , 0 , 1000 , 455.364 , 0 , 0 , 0
4406 , 0 , 1000 , 455.353 , 0 , 0 , 0
4407 , 0 , 1000 , 455.343 , 0 , 0 , 0
4408 , 0 , 1000 , 455.332 , 0 , 0 , 0
4409 , 0 , 1000 , 455.322 , 0 , 0 , 0
4410 , 0 , 1000 , 455.312 , 0 , 0 , 0
4411 , 0 , 1000 , 455.301 , 0 , 0 , 0
4412 , 0 , 1000 , 455.291 , 0 , 0 , 0
4413 , 0 , 1000 , 455.28 , 0 , 0 , 0
4414 , 0 , 1000 , 455.27 , 0 , 0 , 0
4415 , 0 , 1000 , 455.26 , 0 , 0 , 0
4416 , 0 , 1000 , 455.25 , 0 , 0 , 0
4417 , 0 , 1000 , 455.239 , 0 , 0 , 0
4418 , 0 , 1000 , 455.229 , 0 , 0 , 0
4419 , 0 , 1000 , 455.219 , 0 , 0 , 0
4420 , 0 , 1000 , 455.208 , 0 , 0 , 0
4421 , 0 , 1000 , 455.198 , 0 , 0 , 0
4422 , 0 , 1000 , 455.188 , 0 , 0 , 0
4423 , 0 , 1000 , 455.178 , 0 , 0 , 0
4424 , 0 , 1000 , 455.167 , 0 , 0 , 0
4425 , 0 , 1000 , 455.157 , 0 , 0 , 0
4426 , 0 , 1000 , 455.147 , 0 , 0 , 0
4427 , 0 , 1000 , 455.137 , 0 , 0 , 0
4428 , 0 , 1000 , 455.127 , 0 , 0 , 0
4429 , 0 , 1000 , 455.117 , 0 , 0 , 0
4430 , 0 , 1000 , 455.106 , 0 , 0 , 0
4431 , 0 , 1000 , 455.096 , 0 , 0 , 0
4432 , 0 , 1000 , 455.086 , 0 , 0 , 0
4433 , 0 , 1000 , 455.076 , 0 , 0 , 0
4434 , 0 , 1000 , 455.066 , 0 , 0 , 0
4435 , 0 , 1000 , 455.056 , 0 , 0 , 0
4436 , 0 , 1000 , 455.046 , 0 , 0 , 0
4437 , 0 , 1000 , 455.036 , 0 , 0 , 0
4438 , 0 , 1000 , 455.026 , 0 , 0 , 0
4439 , 0 , 1000 , 455.016 , 0 , 0 , 0
4440 , 0 , 1000 , 455.006 , 0 , 0 , 0
4441 , 0 , 1000 , 454.996 , 0 , 0 , 0
4442 , 0 , 1000 , 454.986 , 0 , 0 , 0
4443 , 0 , 1000 , 454.976 , 0 , 0 , 0
4444 , 0 , 1000 , 454.966 , 0 , 0 , 0
4445 , 0 , 1000 , 454.956 , 0 , 0 , 0
4446 , 0 , 1000 , 454.946 , 0 , 0 , 0
4447 , 0 , 1000 , 454.936 , 0 , 0 , 0
4448 , 0 , 1000 , 454.926 , 0 , 0 , 0
4449 , 0 , 1000 , 454.916 , 0 , 0 , 0
4450 , 0 , 1000 , 454.906 , 0 , 0 , 0
4451 , 0 , 1000 , 454.896 , 0 , 0 , 0
4452 , 0 , 1000 , 454.886 , 0 , 0 , 0
4453 , 0 , 1000 , 454.877 , 0 , 0 , 0
4454 , 0 , 1000 , 454.867 , 0 , 0 , 0
4455 , 0 , 1000 , 454.857 , 0 , 0 , 0
4456 , 0 , 1000 , 454.847 , 0 , 0 , 0
4457 , 0 , 1000 , 454.837 , 0 , 0 , 0
4458 , 0 , 1000 , 454.827 , 0 , 0 , 0
4459 , 0 , 1000 , 454.818 , 0 , 0 , 0
4460 , 0 , 1000 , 454.808 , 0 , 0 , 0
4461 , 0 , 1000 , 454.798 , 0 , 0 , 0
4462 , 0 , 1000 , 454.788 , 0 , 0 , 0
4463 , 0 , 1000 , 454.779 , 0 , 0 , 0
4464 , 0 , 1000 , 454.769 , 0 , 0 , 0
4465 , 0 , 1000 , 454.759 , 0 , 0 , 0
4466 , 0 , 1000 , 454.749 , 0 , 0 , 0
4467 , 0 , 1000 , 454.74 , 0 , 0 , 0
4468 , 0 , 1000 , 454.73 , 0 , 0 , 0
4469 , 0 , 1000 , 454.72 , 0 , 0 , 0
4470 , 0 , 1000 , 454.711 , 0 , 0 , 0
4471 , 0 , 1000 , 454.701 , 0 , 0 , 0
4472 , 0 , 1000 , 454.691 , 0 , 0 , 0
4473 , 0 , 1000 , 454.682 , 0 , 0 , 0
4474 , 0 , 1000 , 454.672 , 0 , 0 , 0
4475 , 0 , 1000 , 454.662 , 0 , 0 , 0
4476 , 0 , 1000 , 454.653 , 0 , 0 , 0
4477 , 0 , 1000 , 454.643 , 0 , 0 , 0
4478 , 0 , 1000 , 454.634 , 0 , 0 , 0
4479 , 0 , 1000 , 454.624 , 0 , 0 , 0
4480 , 0 , 1000 , 454.614 , 0 , 0 , 0
4481 , 0 , 1000 , 454.605 , 0 , 0 , 0
4482 , 0 , 1000 , 454.595 , 0 , 0 , 0
4483 , 0 , 1000 , 454.586 , 0 , 0 , 0
4484 , 0 , 1000 , 454.576 , 0 , 0 , 0
4485 , 0 , 1000 , 454.567 , 0 , 0 , 0
4486 , 0 , 1000 , 454.557 , 0 , 0 , 0
4487 , 0 , 1000 , 454.548 , 0 , 0 , 0
4488 , 0 , 1000 , 454.538 , 0 , 0 , 0
4489 , 0 , 1000 , 454.529 , 0 , 0 , 0
4490 , 0 , 1000 , 454.519 , 0 , 0 , 0
4491 , 0 , 1000 , 454.51 , 0 , 0 , 0
4492 , 0 , 1000 , 454.501 , 0 , 0 , 0
4493 , 0 , 1000 , 454.491 , 0 , 0 , 0
4494 , 0 , 1000 , 454.482 , 0 , 0 , 0
4495 , 0 , 1000 , 454.472 , 0 , 0 , 0
4496 , 0 , 1000 , 454.463 , 0 , 0 , 0
4497 , 0 , 1000 , 454.454 , 0 , 0 , 0
4498 , 0 , 1000 , 454.444 , 0 , 0 , 0
4499 , 0 , 1000 , 454.435 , 0 , 0 , 0
4500 , 0 , 1000 , 454.426 , 0 , 0 , 0
4501 , 0 , 1000 , 454.416 , 0 , 0 , 0
4502 , 0 , 1000 , 454.407 , 0 , 0 , 0
4503 , 0 , 1000 , 454.398 , 0 , 0 , 0
4504 , 0 , 1000 , 454.388 , 0 , 0 , 0
4505 , 0 , 1000 , 454.379 , 0 , 0 , 0
4506 , 0 , 1000 , 454.37 , 0 , 0 , 0
4507 , 0 , 1000 , 454.361 , 0 , 0 , 0
4508 , 0 , 1000 , 454.351 , 0 , 0 , 0
4509 , 0 , 1000 , 454.342 , 0 , 0 , 0
4510 , 0 , 1000 , 454.333 , 0 , 0 , 0
4511 , 0 , 1000 , 454.324 , 0 , 0 , 0
4512 , 0 , 1000 , 454.314 , 0 , 0 , 0
4513 , 0 , 1000 , 454.305 , 0 , 0 , 0
4514 , 0 , 1000 , 454.296 , 0 , 0 , 0
4515 , 0 , 1000 , 454.287 , 0 , 0 , 0
4516 , 0 , 1000 , 454.278 , 0 , 0 , 0
4517 , 0 , 1000 , 454.268 , 0 , 0 , 0
4518 , 0 , 1000 , 454.259 , 0 , 0 , 0
4519 , 0 , 1000 , 454.25 , 0 , 0 , 0
4520 , 0 , 1000 , 454.241 , 0 , 0 , 0
4521 , 0 , 1000 , 454.232 , 0 , 0 , 0
4522 , 0 , 1000 , 454.223 , 0 , 0 , 0
4523 , 0 , 1000 , 454.214 , 0 , 0 , 0
4524 , 0 , 1000 , 454.205 , 0 , 0 , 0
4525 , 0 , 1000 , 454.196 , 0 , 0 , 0
4526 , 0 , 1000 , 454.187 , 0 , 0 , 0
4527 , 0 , 1000 , 454.177 , 0 , 0 , 0
4528 , 0 , 1000 , 454.168 , 0 , 0 , 0
4529 , 0 , 1000 , 454.159 , 0 , 0 , 0
4530 , 0 , 1000 , 454.15 , 0 , 0 , 0
4531 , 0 , 1000 , 454.141 , 0 , 0 , 0
4532 , 0 , 1000 , 454.132 , 0 , 0 , 0
4533 , 0 , 1000 , 454.124 , 0 , 0 , 0
4534 , 0 , 1000 , 454.115 , 0 , 0 , 0
4535 , 0 , 1000 , 454.106 , 0 , 0 , 0
4536 , 0 , 1000 , 454.097 , 0 , 0 , 0
4537 , 0 , 1000 , 454.088 , 0 , 0 , 0
4538 , 0 , 1000 , 454.079 , 0 , 0 , 0
4539 , 0 , 1000 , 454.07 , 0 , 0 , 0
4540 , 0 , 1000 , 454.061 , 0 , 0 , 0
4541 , 0 , 1000 , 454.052 , 0 , 0 , 0
4542 , 0 , 1000 , 454.043 , 0 , 0 , 0
4543 , 0 , 1000 , 454.034 , 0 , 0 , 0
4544 , 0 , 1000 , 454.025 , 0 , 0 , 0
4545 , 0 , 1000 , 454.017 , 0 , 0 , 0
4546 , 0 , 1000 , 454.008 , 0 , 0 , 0
4547 , 0 , 1000 , 453.999 , 0 , 0 , 0
4548 , 0 , 1000 , 453.99 , 0 , 0 , 0
4549 , 0 , 1000 , 453.981 , 0 , 0 , 0
4550 , 0 , 1000 , 453.973 , 0 , 0 , 0
4551 , 0 , 1000 , 453.964 , 0 , 0 , 0
4552 , 0 , 1000 , 453.955 , 0 , 0 , 0
4553 , 0 , 1000 , 453.946 , 0 , 0 , 0
4554 , 0 , 1000 , 453.938 , 0 , 0 , 0
4555 , 0 , 1000 , 453.929 , 0 , 0 , 0
4556 , 0 , 1000 , 453.92 , 0 , 0 , 0
4557 , 0 , 1000 , 453.911 , 0 , 0 , 0
4558 , 0 , 1000 , 453.903 , 0 , 0 , 0
4559 , 0 , 1000 , 453.894 , 0 , 0 , 0
4560 , 0 , 1000 , 453.885 , 0 , 0 , 0
4561 , 0 , 1000 , 453.877 , 0 , 0 , 0
4562 , 0 , 1000 , 453.868 , 0 , 0 , 0
4563 , 0 , 1000 , 453.859 , 0 , 0 , 0
4564 , 0 , 1000 , 453.851 , 0 , 0 , 0
4565 , 0 , 1000 , 453.842 , 0 , 0 , 0
4566 , 0 , 1000 , 453.833 , 0 , 0 , 0
4567 , 0 , 1000 , 453.825 , 0 , 0 , 0
4568 , 0 , 1000 , 453.816 , 0 , 0 , 0
4569 , 0 , 1000 , 453.808 , 0 , 0 , 0
4570 , 0 , 1000 , 453.799 , 0 , 0 , 0
4571 , 0 , 1000 , 453.791 , 0 , 0 , 0
4572 , 0 , 1000 , 453.782 , 0 , 0 , 0
4573 , 0 , 1000 , 453.773 , 0 , 0 , 0
4574 , 0 , 1000 , 453.765 , 0 , 0 , 0
4575 , 0 , 1000 , 453.756 , 0 , 0 , 0
4576 , 0 , 1000 , 453.748 , 0 , 0 , 0
4577 , 0 , 1000 , 453.739 , 0 , 0 , 0
4578 , 0 , 1000 , 453.731 , 0 , 0 , 0
4579 , 0 , 1000 , 453.723 , 0 , 0 , 0
4580 , 0 , 1000 , 453.714 , 0 , 0 , 0
4581 , 0 , 1000 , 453.706 , 0 , 0 , 0
4582 , 0 , 1000 , 453.697 , 0 , 0 , 0
4583 , 0 , 1000 , 453.689 , 0 , 0 , 0
4584 , 0 , 1000 , 453.68 , 0 , 0 , 0
4585 , 0 , 1000 , 453.672 , 0 , 0 , 0
4586 , 0 , 1000 , 453.663 , 0 , 0 , 0
4587 , 0 , 1000 , 453.655 , 0 , 0 , 0
4588 , 0 , 1000 , 453.647 , 0 , 0 , 0
4589 , 0 , 1000 , 453.638 , 0 , 0 , 0
4590 , 0 , 1000 , 453.63 , 0 , 0 , 0
4591 , 0 , 1000 , 453.622 , 0 , 0 , 0
4592 , 0 , 1000 , 453.613 , 0 , 0 , 0
4593 , 0 , 1000 , 453.605 , 0 , 0 , 0
4594 , 0 , 1000 , 453.596 , 0 , 0 , 0
4595 , 0 , 1000 , 453.588 , 0 , 0 , 0
4596 , 0 , 1000 , 453.58 , 0 , 0 , 0
4597 , 0 , 1000 , 453.572 , 0 , 0 , 0
4598 , 0 , 1000 , 453.563 , 0 , 0 , 0
4599 , 0 , 1000 , 453.555 , 0 , 0 , 0
4600 , 0 , 1000 , 453.547 , 0 , 0 , 0
4601 , 0 , 1000 , 453.539 , 0 , 0 , 0
4602 , 0 , 1000 , 453.53 , 0 , 0 , 0
4603 , 0 , 1000 , 453.522 , 0 , 0 , 0
4604 , 0 , 1000 , 453.514 , 0 , 0 , 0
4605 , 0 , 1000 , 453.506 , 0 , 0 , 0
4606 , 0 , 1000 , 453.497 , 0 , 0 , 0
4607 , 0 , 1000 , 453.489 , 0 , 0 , 0
4608 , 0 , 1000 , 453.481 , 0 , 0 , 0
4609 , 0 , 1000 , 453.473 , 0 , 0 , 0
4610 , 0 , 1000 , 453.465 , 0 , 0 , 0
4611 , 0 , 1000 , 453.456 , 0 , 0 , 0
4612 , 0 , 1000 , 453.448 , 0 , 0 , 0
4613 , 0 , 1000 , 453.44 , 0 , 0 , 0
4614 , 0 , 1000 , 453.432 , 0 , 0 , 0
4615 , 0 , 1000 , 453.424 , 0 , 0 , 0
4616 , 0 , 1000 , 453.416 , 0 , 0 , 0
4617 , 0 , 1000 , 453.408 , 0 , 0 , 0
4618 , 0 , 1000 , 453.4 , 0 , 0 , 0
4619 , 0 , 1000 , 453.392 , 0 , 0 , 0
4620 , 0 , 1000 , 453.384 , 0 , 0 , 0
4621 , 0 , 1000 , 453.375 , 0 , 0 , 0
4622 , 0 , 1000 , 453.367 , 0 , 0 , 0
4623 , 0 , 1000 , 453.359 , 0 , 0 , 0
4624 , 0 , 1000 , 453.351 , 0 , 0 , 0
4625 , 0 , 1000 , 453.343 , 0 , 0 , 0
4626 , 0 , 1000 , 453.335 , 0 , 0 , 0
4627 , 0 , 1000 , 453.327 , 0 , 0 , 0
4628 , 0 , 1000 , 453.319 , 0 , 0 , 0
4629 , 0 , 1000 , 453.311 , 0 , 0 , 0
4630 , 0 , 1000 , 453.304 , 0 , 0 , 0
4631 , 0 , 1000 , 453.296 , 0 , 0 , 0
4632 , 0 , 1000 , 453.288 , 0 , 0 , 0
4633 , 0 , 1000 , 453.28 , 0 , 0 , 0
4634 , 0 , 1000 , 453.272 , 0 , 0 , 0
4635 , 0 , 1000 , 453.264 , 0 , 0 , 0
4636 , 0 , 1000 , 453.256 , 0 , 0 , 0
4637 , 0 , 1000 , 453.248 , 0 , 0 , 0
4638 , 0 , 1000 , 453.24 , 0 , 0 , 0
4639 , 0 , 1000 , 453.232 , 0 , 0 , 0
4640 , 0 , 1000 , 453.224 , 0 , 0 , 0
4641 , 0 , 1000 , 453.217 , 0 , 0 , 0
4642 , 0 , 1000 , 453.209 , 0 , 0 , 0
4643 , 0 , 1000 , 453.201 , 0 , 0 , 0
4644 , 0 , 1000 , 453.193 , 0 , 0 , 0
4645 , 0 , 1000 , 453.185 , 0 , 0 , 0
4646 , 0 , 1000 , 453.177 , 0 , 0 , 0
4647 , 0 , 1000 , 453.17 , 0 , 0 , 0
4648 , 0 , 1000 , 453.162 , 0 , 0 , 0
4649 , 0 , 1000 , 453.154 , 0 , 0 , 0
4650 , 0 , 1000 , 453.146 , 0 , 0 , 0
4651 , 0 , 1000 , 453.139 , 0 , 0 , 0
4652 , 0 , 1000 , 453.131 , 0 , 0 , 0
4653 , 0 , 1000 , 453.123 , 0 , 0 , 0
4654 , 0 , 1000 , 453.115 , 0 , 0 , 0
4655 , 0 , 1000 , 453.108 , 0 , 0 , 0
4656 , 0 , 1000 , 453.1 , 0 , 0 , 0
4657 , 0 , 1000 , 453.092 , 0 , 0 , 0
4658 , 0 , 1000 , 453.085 , 0 , 0 , 0
4659 , 0 , 1000 , 453.077 , 0 , 0 , 0
4660 , 0 , 1000 , 453.069 , 0 , 0 , 0
4661 , 0 , 1000 , 453.062 , 0 , 0 , 0
4662 , 0 , 1000 , 453.054 , 0 , 0 , 0
4663 , 0 , 1000 , 453.046 , 0 , 0 , 0
4664 , 0 , 1000 , 453.039 , 0 , 0 , 0
4665 , 0 , 1000 , 453.031 , 0 , 0 , 0
4666 , 0 , 1000 , 453.024 , 0 , 0 , 0
4667 , 0 , 1000 , 453.016 , 0 , 0 , 0
4668 , 0 , 1000 , 453.008 , 0 , 0 , 0
4669 , 0 , 1000 , 453.001 , 0 , 0 , 0
4670 , 0 , 1000 , 452.993 , 0 , 0 , 0
4671 , 0 , 1000 , 452.986 , 0 , 0 , 0
4672 , 0 , 1000 , 452.978 , 0 , 0 , 0
4673 , 0 , 1000 , 452.971 , 0 , 0 , 0
4674 , 0 , 1000 , 452.963 , 0 , 0 , 0
4675 , 0 , 1000 , 452.956 , 0 , 0 , 0
4676 , 0 , 1000 , 452.948 , 0 , 0 , 0
4677 , 0 , 1000 , 452.941 , 0 , 0 , 0
4678 , 0 , 1000 , 452.933 , 0 , 0 , 0
4679 , 0 , 1000 , 452.926 , 0 , 0 , 0
4680 , 0 , 1000 , 452.918 , 0 , 0 , 0
4681 , 0 , 1000 , 452.911 , 0 , 0 , 0
4682 , 0 , 1000 , 452.903 , 0 , 0 , 0
4683 , 0 , 1000 , 452.896 , 0 , 0 , 0
4684 , 0 , 1000 , 452.889 , 0 , 0 , 0
4685 , 0 , 1000 , 452.881 , 0 , 0 , 0
4686 , 0 , 1000 , 452.874 , 0 , 0 , 0
4687 , 0 , 1000 , 452.866 , 0 , 0 , 0
4688 , 0 , 1000 , 452.859 , 0 , 0 , 0
4689 , 0 , 1000 , 452.852 , 0 , 0 , 0
4690 , 0 , 1000 , 452.844 , 0 , 0 , 0
4691 , 0 , 1000 , 452.837 , 0 , 0 , 0
4692 , 0 , 1000 , 452.83 , 0 , 0 , 0
4693 , 0 , 1000 , 452.822 , 0 , 0 , 0
4694 , 0 , 1000 , 452.815 , 0 , 0 , 0
4695 , 0 , 1000 , 452.808 , 0 , 0 , 0
4696 , 0 , 1000 , 452.8 , 0 , 0 , 0
4697 , 0 , 1000 , 452.793 , 0 , 0 , 0
4698 , 0 , 1000 , 452.786 , 0 , 0 , 0
4699 , 0 , 1000 , 452.778 , 0 , 0 , 0
4700 , 0 , 1000 , 452.771 , 0 , 0 , 0
4701 , 0 , 1000 , 452.764 , 0 , 0 , 0
4702 , 0 , 1000 , 452.757 , 0 , 0 , 0
4703 , 0 , 1000 , 452.749 , 0 , 0 , 0
4704 , 0 , 1000 , 452.742 , 0 , 0 , 0
4705 , 0 , 1000 , 452.735 , 0 , 0 , 0
4706 , 0 , 1000 , 452.728 , 0 , 0 , 0
4707 , 0 , 1000 , 452.72 , 0 , 0 , 0
4708 , 0 , 1000 , 452.713 , 0 , 0 , 0
4709 , 0 , 1000 , 452.706 , 0 , 0 , 0
4710 , 0 , 1000 , 452.699 , 0 , 0 , 0
4711 , 0 , 1000 , 452.692 , 0 , 0 , 0
4712 , 0 , 1000 , 452.684 , 0 , 0 , 0
4713 , 0 , 1000 , 452.677 , 0 , 0 , 0
4714 , 0 , 1000 , 452.67 , 0 , 0 , 0
4715 , 0 , 1000 , 452.663 , 0 , 0 , 0
4716 , 0 , 1000 , 452.656 , 0 , 0 , 0
4717 , 0 , 1000 , 452.649 , 0 , 0 , 0
4718 , 0 , 1000 , 452.642 , 0 , 0 , 0
4719 , 0 , 1000 , 452.635 , 0 , 0 , 0
4720 , 0 , 1000 , 452.628 , 0 , 0 , 0
4721 , 0 , 1000 , 452.62 , 0 , 0 , 0
4722 , 0 , 1000 , 452.613 , 0 , 0 , 0
4723 , 0 , 1000 , 452.606 , 0 , 0 , 0
4724 , 0 , 1000 , 452.599 , 0 , 0 , 0
4725 , 0 , 1000 , 452.592 , 0 , 0 , 0
4726 , 0 , 1000 , 452.585 , 0 , 0 , 0
4727 , 0 , 1000 , 452.578 , 0 , 0 , 0
4728 , 0 , 1000 , 452.571 , 0 , 0 , 0
4729 , 0 , 1000 , 452.564 , 0 , 0 , 0
4730 , 0 , 1000 , 452.557 , 0 , 0 , 0
4731 , 0 , 1000 , 452.55 , 0 , 0 , 0
4732 , 0 , 1000 , 452.543 , 0 , 0 , 0
4733 , 0 , 1000 , 452.536 , 0 , 0 , 0
4734 , 0 , 1000 , 452.529 , 0 , 0 , 0
4735 , 0 , 1000 , 452.522 , 0 , 0 , 0
4736 , 0 , 1000 , 452.515 , 0 , 0 , 0
4737 , 0 , 1000 , 452.508 , 0 , 0 , 0
4738 , 0 , 1000 , 452.501 , 0 , 0 , 0
4739 , 0 , 1000 , 452.495 , 0 , 0 , 0
4740 , 0 , 1000 , 452.488 , 0 , 0 , 0
4741 , 0 , 1000 , 452.481 , 0 , 0 , 0
4742 , 0 , 1000 , 452.474 , 0 , 0 , 0
4743 , 0 , 1000 , 452.467 , 0 , 0 , 0
4744 , 0 , 1000 , 452.46 , 0 , 0 , 0
4745 , 0 , 1000 , 452.453 , 0 , 0 , 0
4746 , 0 , 1000 , 452.446 , 0 , 0 , 0
4747 , 0 , 1000 , 452.44 , 0 , 0 , 0
4748 , 0 , 1000 , 452.433 , 0 , 0 , 0
4749 , 0 , 1000 , 452.426 , 0 , 0 , 0
4750 , 0 , 1000 , 452.419 , 0 , 0 , 0
4751 , 0 , 1000 , 452.412 , 0 , 0 , 0
4752 , 0 , 1000 , 452.406 , 0 , 0 , 0
4753 , 0 , 1000 , 452.399 , 0 , 0 , 0
4754 , 0 , 1000 , 452.392 , 0 , 0 , 0
4755 , 0 , 1000 , 452.385 , 0 , 0 , 0
4756 , 0 , 1000 , 452.378 , 0 , 0 , 0
4757 , 0 , 1000 , 452.372 , 0 , 0 , 0
4758 , 0 , 1000 , 452.365 , 0 , 0 , 0
4759 , 0 , 1000 , 452.358 , 0 , 0 , 0
4760 , 0 , 1000 , 452.352 , 0 , 0 , 0
4761 , 0 , 1000 , 452.345 , 0 , 0 , 0
4762 , 0 , 1000 , 452.338 , 0 , 0 , 0
4763 , 0 , 1000 , 452.332 , 0 , 0 , 0
4764 , 0 , 1000 , 452.325 , 0 , 0 , 0
4765 , 0 , 1000 , 452.318 , 0 , 0 , 0
4766 , 0 , 1000 , 452.312 , 0 , 0 , 0
4767 , 0 , 1000 , 452.305 , 0 , 0 , 0
4768 , 0 , 1000 , 452.298 , 0 , 0 , 0
4769 , 0 , 1000 , 452.292 , 0 , 0 , 0
4770 , 0 , 1000 , 452.285 , 0 , 0 , 0
4771 , 0 , 1000 , 452.278 , 0 , 0 , 0
4772 , 0 , 1000 , 452.272 , 0 , 0 , 0
4773 , 0 , 1000 , 452.265 , 0 , 0 , 0
4774 , 0 , 1000 , 452.259 , 0 , 0 , 0
4775 , 0 , 1000 , 452.252 , 0 , 0 , 0
4776 , 0 , 1000 , 452.246 , 0 , 0 , 0
4777 , 0 , 1000 , 452.239 , 0 , 0 , 0
4778 , 0 , 1000 , 452.233 , 0 , 0 , 0
4779 , 0 , 1000 , 452.226 , 0 , 0 , 0
4780 , 0 , 1000 , 452.219 , 0 , 0 , 0
4781 , 0 , 1000 , 452.213 , 0 , 0 , 0
4782 , 0 , 1000 , 452.206 , 0 , 0 , 0
4783 , 0 , 1000 , 452.2 , 0 , 0 , 0
4784 , 0 , 1000 , 452.194 , 0 , 0 , 0
4785 , 0 , 1000 , 452.187 , 0 , 0 , 0
4786 , 0 , 1000 , 452.181 , 0 , 0 , 0
4787 , 0 , 1000 , 452.174 , 0 , 0 , 0
4788 , 0 , 1000 , 452.168 , 0 , 0 , 0
4789 , 0 , 1000 , 452.161 , 0 , 0 , 0
4790 , 0 , 1000 , 452.155 , 0 , 0 , 0
4791 , 0 , 1000 , 452.148 , 0 , 0 , 0
4792 , 0 , 1000 , 452.142 , 0 , 0 , 0
4793 , 0 , 1000 , 452.136 , 0 , 0 , 0
4794 , 0 , 1000 , 452.129 , 0 , 0 , 0
4795 , 0 , 1000 , 452.123 , 0 , 0 , 0
4796 , 0 , 1000 , 452.116 , 0 , 0 , 0
4797 , 0 , 1000 , 452.11 , 0 , 0 , 0
4798 , 0 , 1000 , 452.104 , 0 , 0 , 0
4799 , 0 , 1000 , 452.097 , 0 , 0 , 0
4800 , 0 , 1000 , 452.091 , 0 , 0 , 0
4801 , 0 , 1000 , 452.085 , 0 , 0 , 0
4802 , 0 , 1000 , 452.079 , 0 , 0 , 0
4803 , 0 , 1000 , 452.072 , 0 , 0 , 0
4804 , 0 , 1000 , 452.066 , 0 , 0 , 0
4805 , 0 , 1000 , 452.06 , 0 , 0 , 0
4806 , 0 , 1000 , 452.053 , 0 , 0 , 0
4807 , 0 , 1000 , 452.047 , 0 , 0 , 0
4808 , 0 , 1000 , 452.041 , 0 , 0 , 0
4809 , 0 , 1000 , 452.035 , 0 , 0 , 0
4810 , 0 , 1000 , 452.028 , 0 , 0 , 0
4811 , 0 , 1000 , 452.022 , 0 , 0 , 0
4812 , 0 , 1000 , 452.016 , 0 , 0 , 0
4813 , 0 , 1000 , 452.01 , 0 , 0 , 0
4814 , 0 , 1000 , 452.003 , 0 , 0 , 0
4815 , 0 , 1000 , 451.997 , 0 , 0 , 0
4816 , 0 , 1000 , 451.991 , 0 , 0 , 0
4817 , 0 , 1000 , 451.985 , 0 , 0 , 0
4818 , 0 , 1000 , 451.979 , 0 , 0 , 0
4819 , 0 , 1000 , 451.973 , 0 , 0 , 0
4820 , 0 , 1000 , 451.966 , 0 , 0 , 0
4821 , 0 , 1000 , 451.96 , 0 , 0 , 0
4822 , 0 , 1000 , 451.954 , 0 , 0 , 0
4823 , 0 , 1000 , 451.948 , 0 , 0 , 0
4824 , 0 , 1000 , 451.942 , 0 , 0 , 0
4825 , 0 , 1000 , 451.936 , 0 , 0 , 0
4826 , 0 , 1000 , 451.93 , 0 , 0 , 0
4827 , 0 , 1000 , 451.923 , 0 , 0 , 0
4828 , 0 , 1000 , 451.917 , 0 , 0 , 0
4829 , 0 , 1000 , 451.911 , 0 , 0 , 0
4830 , 0 , 1000 , 451.905 , 0 , 0 , 0
4831 , 0 , 1000 , 451.899 , 0 , 0 , 0
4832 , 0 , 1000 , 451.893 , 0 , 0 , 0
4833 , 0 , 1000 , 451.887 , 0 , 0 , 0
4834 , 0 , 1000 , 451.881 , 0 , 0 , 0
4835 , 0 , 1000 , 451.875 , 0 , 0 , 0
4836 , 0 , 1000 , 451.869 , 0 , 0 , 0
4837 , 0 , 1000 , 451.863 , 0 , 0 , 0
4838 , 0 , 1000 , 451.857 , 0 , 0 , 0
4839 , 0 , 1000 , 451.851 , 0 , 0 , 0
4840 , 0 , 1000 , 451.845 , 0 , 0 , 0
4841 , 0 , 1000 , 451.839 , 0 , 0 , 0
4842 , 0 , 1000 , 451.833 , 0 , 0 , 0
4843 , 0 , 1000 , 451.827 , 0 , 0 , 0
4844 , 0 , 1000 , 451.821 , 0 , 0 , 0
4845 , 0 , 1000 , 451.815 , 0 , 0 , 0
4846 , 0 , 1000 , 451.809 , 0 , 0 , 0
4847 , 0 , 1000 , 451.803 , 0 , 0 , 0
4848 , 0 , 1000 , 451.797 , 0 , 0 , 0
4849 , 0 , 1000 , 451.791 , 0 , 0 , 0
4850 , 0 , 1000 , 451.785 , 0 , 0 , 0
4851 , 0 , 1000 , 451.78 , 0 , 0 , 0
4852 , 0 , 1000 , 451.774 , 0 , 0 , 0
4853 , 0 , 1000 , 451.768 , 0 , 0 , 0
4854 , 0 , 1000 , 451.762 , 0 , 0 , 0
4855 , 0 , 1000 , 451.756 , 0 , 0 , 0
4856 , 0 , 1000 , 451.75 , 0 , 0 , 0
4857 , 0 , 1000 , 451.744 , 0 , 0 , 0
4858 , 0 , 1000 , 451.739 , 0 , 0 , 0
4859 , 0 , 1000 , 451.733 , 0 , 0 , 0
4860 , 0 , 1000 , 451.727 , 0 , 0 , 0
4861 , 0 , 1000 , 451.721 , 0 , 0 , 0
4862 , 0 , 1000 , 451.715 , 0 , 0 , 0
4863 , 0 , 1000 , 451.71 , 0 , 0 , 0
4864 , 0 , 1000 , 451.704 , 0 , 0 , 0
4865 , 0 , 1000 , 451.698 , 0 , 0 , 0
4866 , 0 , 1000 , 451.692 , 0 , 0 , 0
4867 , 0 , 1000 , 451.686 , 0 , 0 , 0
4868 , 0 , 1000 , 451.681 , 0 , 0 , 0
4869 , 0 , 1000 , 451.675 , 0 , 0 , 0
4870 , 0 , 1000 , 451.669 , 0 , 0 , 0
4871 , 0 , 1000 , 451.663 , 0 , 0 , 0
4872 , 0 , 1000 , 451.658 , 0 , 0 , 0
4873 , 0 , 1000 , 451.652 , 0 , 0 , 0
4874 , 0 , 1000 , 451.646 , 0 , 0 , 0
4875 , 0 , 1000 , 451.641 , 0 , 0 , 0
4876 , 0 , 1000 , 451.635 , 0 , 0 , 0
4877 , 0 , 1000 , 451.629 , 0 , 0 , 0
4878 , 0 , 1000 , 451.624 , 0 , 0 , 0
4879 , 0 , 1000 , 451.618 , 0 , 0 , 0
4880 , 0 , 1000 , 451.612 , 0 , 0 , 0
4881 , 0 , 1000 , 451.607 , 0 , 0 , 0
4882 , 0 , 1000 , 451.601 , 0 , 0 , 0
4883 , 0 , 1000 , 451.596 , 0 , 0 , 0
4884 , 0 , 1000 , 451.59 , 0 , 0 , 0
4885 , 0 , 1000 , 451.584 , 0 , 0 , 0
4886 , 0 , 1000 , 451.579 , 0 , 0 , 0
4887 , 0 , 1000 , 451.573 , 0 , 0 , 0
4888 , 0 , 1000 , 451.568 , 0 , 0 , 0
4889 , 0 , 1000 , 451.562 , 0 , 0 , 0
4890 , 0 , 1000 , 451.556 , 0 , 0 , 0
4891 , 0 , 1000 , 451.551 , 0 , 0 , 0
4892 , 0 , 1000 , 451.545 , 0 , 0 , 0
4893 , 0 , 1000 , 451.54 , 0 , 0 , 0
4894 , 0 , 1000 , 451.534 , 0 , 0 , 0
4895 , 0 , 1000 , 451.529 , 0 , 0 , 0
4896 , 0 , 1000 , 451.523 , 0 , 0 , 0
4897 , 0 , 1000 , 451.518 , 0 , 0 , 0
4898 , 0 , 1000 , 451.512 , 0 , 0 , 0
4899 , 0 , 1000 , 451.507 , 0 , 0 , 0
4900 , 0 , 1000 , 451.501 , 0 , 0 , 0
4901 , 0 , 1000 , 451.496 , 0 , 0 , 0
4902 , 0 , 1000 , 451.49 , 0 , 0 , 0
4903 , 0 , 1000 , 451.485 , 0 , 0 , 0
4904 , 0 , 1000 , 451.479 , 0 , 0 , 0
4905 , 0 , 1000 , 451.474 , 0 , 0 , 0
4906 , 0 , 1000 , 451.468 , 0 , 0 , 0
4907 , 0 , 1000 , 451.463 , 0 , 0 , 0
4908 , 0 , 1000 , 451.458 , 0 , 0 , 0
4909 , 0 , 1000 , 451.452 , 0 , 0 , 0
4910 , 0 , 1000 , 451.447 , 0 , 0 , 0
4911 , 0 , 1000 , 451.441 , 0 , 0 , 0
4912 , 0 , 1000 , 451.436 , 0 , 0 , 0
4913 , 0 , 1000 , 451.431 , 0 , 0 , 0
4914 , 0 , 1000 , 451.425 , 0 , 0 , 0
4915 , 0 , 1000 , 451.42 , 0 , 0 , 0
4916 , 0 , 1000 , 451.415 , 0 , 0 , 0
4917 , 0 , 1000 , 451.409 , 0 , 0 , 0
4918 , 0 , 1000 , 451.404 , 0 , 0 , 0
4919 , 0 , 1000 , 451.398 , 0 , 0 , 0
4920 , 0 , 1000 , 451.393 , 0 , 0 , 0
4921 , 0 , 1000 , 451.388 , 0 , 0 , 0
4922 , 0 , 1000 , 451.383 , 0 , 0 , 0
4923 , 0 , 1000 , 451.377 , 0 , 0 , 0
4924 , 0 , 1000 , 451.372 , 0 , 0 , 0
4925 , 0 , 1000 , 451.367 , 0 , 0 , 0
4926 , 0 , 1000 , 451.361 , 0 , 0 , 0
4927 , 0 , 1000 , 451.356 , 0 , 0 , 0
4928 , 0 , 1000 , 451.351 , 0 , 0 , 0
4929 , 0 , 1000 , 451.346 , 0 , 0 , 0
4930 , 0 , 1000 , 451.34 , 0 , 0 , 0
4931 , 0 , 1000 , 451.335 , 0 , 0 , 0
4932 , 0 , 1000 , 451.33 , 0 , 0 , 0
4933 , 0 , 1000 , 451.325 , 0 , 0 , 0
4934 , 0 , 1000 , 451.32 , 0 , 0 , 0
4935 , 0 , 1000 , 451.314 , 0 , 0 , 0
4936 , 0 , 1000 , 451.309 , 0 , 0 , 0
4937 , 0 , 1000 , 451.304 , 0 , 0 , 0
4938 , 0 , 1000 , 451.299 , 0 , 0 , 0
4939 , 0 , 1000 , 451.294 , 0 , 0 , 0
4940 , 0 , 1000 , 451.289 , 0 , 0 , 0
4941 , 0 , 1000 , 451.283 , 0 , 0 , 0
4942 , 0 , 1000 , 451.278 , 0 , 0 , 0
4943 , 0 , 1000 , 451.273 , 0 , 0 , 0
4944 , 0 , 1000 , 451.268 , 0 , 0 , 0
4945 , 0 , 1000 , 451.263 , 0 , 0 , 0
4946 , 0 , 1000 , 451.258 , 0 , 0 , 0
4947 , 0 , 1000 , 451.253 , 0 , 0 , 0
4948 , 0 , 1000 , 451.248 , 0 , 0 , 0
4949 , 0 , 1000 , 451.242 , 0 , 0 , 0
4950 , 0 , 1000 , 451.237 , 0 , 0 , 0
4951 , 0 , 1000 , 451.232 , 0 , 0 , 0
4952 , 0 , 1000 , 451.227 , 0 , 0 , 0
4953 , 0 , 1000 , 451.222 , 0 , 0 , 0
4954 , 0 , 1000 , 451.217 , 0 , 0 , 0
4955 , 0 , 1000 , 451.212 , 0 , 0 , 0
4956 , 0 , 1000 , 451.207 , 0 , 0 , 0
4957 , 0 , 1000 , 451.202 , 0 , 0 , 0
4958 , 0 , 1000 , 451.197 , 0 , 0 , 0
4959 , 0 , 1000 , 451.192 , 0 , 0 , 0
4960 , 0 , 1000 , 451.187 , 0 , 0 , 0
4961 , 0 , 1000 , 451.182 , 0 , 0 , 0
4962 , 0 , 1000 , 451.177 , 0 , 0 , 0
4963 , 0 , 1000 , 451.172 , 0 , 0 , 0
4964 , 0 , 1000 , 451.167 , 0 , 0 , 0
4965 , 0 , 1000 , 451.162 , 0 , 0 , 0
4966 , 0 , 1000 , 451.157 , 0 , 0 , 0
4967 , 0 , 1000 , 451.152 , 0 , 0 , 0
4968 , 0 , 1000 , 451.147 , 0 , 0 , 0
4969 , 0 , 1000 , 451.142 , 0 , 0 , 0
4970 , 0 , 1000 , 451.137 , 0 , 0 , 0
4971 , 0 , 1000 , 451.132 , 0 , 0 , 0
4972 , 0 , 1000 , 451.128 , 0 , 0 , 0
4973 , 0 , 1000 , 451.123 , 0 , 0 , 0
4974 , 0 , 1000 , 451.118 , 0 , 0 , 0
4975 , 0 , 1000 , 451.113 , 0 , 0 , 0
4976 , 0 , 1000 , 451.108 , 0 , 0 , 0
4977 , 0 , 1000 , 451.103 , 0 , 0 , 0
4978 , 0 , 1000 , 451.098 , 0 , 0 , 0
4979 , 0 , 1000 , 451.093 , 0 , 0 , 0
4980 , 0 , 1000 , 451.089 , 0 , 0 , 0
4981 , 0 , 1000 , 451.084 , 0 , 0 , 0
4982 , 0 , 1000 , 451.079 , 0 , 0 , 0
4983 , 0 , 1000 , 451.074 , 0 , 0 , 0
4984 , 0 , 1000 , 451.069 , 0 , 0 , 0
4985 , 0 , 1000 , 451.064 , 0 , 0 , 0
4986 , 0 , 1000 , 451.06 , 0 , 0 , 0
4987 , 0 , 1000 , 451.055 , 0 , 0 , 0
4988 , 0 , 1000 , 451.05 , 0 , 0 , 0
4989 , 0 , 1000 , 451.045 , 0 , 0 , 0
4990 , 0 , 1000 , 451.041 , 0 , 0 , 0
4991 , 0 , 1000 , 451.036 , 0 , 0 , 0
4992 , 0 , 1000 , 451.031 , 0 , 0 , 0
4993 , 0 , 1000 , 451.026 , 0 , 0 , 0
4994 , 0 , 1000 , 451.021 , 0 , 0 , 0
4995 , 0 , 1000 , 451.017 , 0 , 0 , 0
4996 , 0 , 1000 , 451.012 , 0 , 0 , 0
4997 , 0 , 1000 , 451.007 , 0 , 0 , 0
4998 , 0 , 1000 , 451.003 , 0 , 0 , 0
4999 , 0 , 1000 , 450.998 , 0 , 0 , 0
5000 , 0 , 1000 , 450.993 , 0 , 0 , 0
5001 , 0 , 1000 , 450.989 , 0 , 0 , 0
5002 , 0 , 1000 , 450.984 , 0 , 0 , 0
5003 , 0 , 1000 , 450.979 , 0 , 0 , 0
5004 , 0 , 1000 , 450.975 , 0 , 0 , 0
5005 , 0 , 1000 , 450.97 , 0 , 0 , 0
5006 , 0 , 1000 , 450.965 , 0 , 0 , 0
5007 , 0 , 1000 , 450.961 , 0 , 0 , 0
5008 , 0 , 1000 , 450.956 , 0 , 0 , 0
5009 , 0 , 1000 , 450.951 , 0 , 0 , 0
5010 , 0 , 1000 , 450.947 , 0 , 0 , 0
5011 , 0 , 1000 , 450.942 , 0 , 0 , 0
5012 , 0 , 1000 , 450.937 , 0 , 0 , 0
5013 , 0 , 1000 , 450.933 , 0 , 0 , 0
5014 , 0 , 1000 , 450.928 , 0 , 0 , 0
5015 , 0 , 1000 , 450.924 , 0 , 0 , 0
5016 , 0 , 1000 , 450.919 , 0 , 0 , 0
5017 , 0 , 1000 , 450.915 , 0 , 0 , 0
5018 , 0 , 1000 , 450.91 , 0 , 0 , 0
5019 , 0 , 1000 , 450.905 , 0 , 0 , 0
5020 , 0 , 1000 , 450.901 , 0 , 0 , 0
5021 , 0 , 1000 , 450.896 , 0 , 0 , 0
5022 , 0 , 1000 , 450.892 , 0 , 0 , 0
5023 , 0 , 1000 , 450.887 , 0 , 0 , 0
5024 , 0 , 1000 , 450.883 , 0 , 0 , 0
5025 , 0 , 1000 , 450.878 , 0 , 0 , 0
5026 , 0 , 1000 , 450.874 , 0 , 0 , 0
5027 , 0 , 1000 , 450.869 , 0 , 0 , 0
5028 , 0 , 1000 , 450.865 , 0 , 0 , 0
5029 , 0 , 1000 , 450.86 , 0 , 0 , 0
5030 , 0 , 1000 , 450.856 , 0 , 0 , 0
5031 , 0 , 1000 , 450.851 , 0 , 0 , 0
5032 , 0 , 1000 , 450.847 , 0 , 0 , 0
5033 , 0 , 1000 , 450.842 , 0 , 0 , 0
5034 , 0 , 1000 , 450.838 , 0 , 0 , 0
5035 , 0 , 1000 , 450.834 , 0 , 0 , 0
5036 , 0 , 1000 , 450.829 , 0 , 0 , 0
5037 , 0 , 1000 , 450.825 , 0 , 0 , 0
5038 , 0 , 1000 , 450.82 , 0 , 0 , 0
5039 , 0 , 1000 , 450.816 , 0 , 0 , 0
5040 , 0 , 1000 , 450.812 , 0 , 0 , 0
5041 , 0 , 1000 , 450.807 , 0 , 0 , 0
5042 , 0 , 1000 , 450.803 , 0 , 0 , 0
5043 , 0 , 1000 , 450.798 , 0 , 0 , 0
5044 , 0 , 1000 , 450.794 , 0 , 0 , 0
5045 , 0 , 1000 , 450.79 , 0 , 0 , 0
5046 , 0 , 1000 , 450.785 , 0 , 0 , 0
5047 , 0 , 1000 , 450.781 , 0 , 0 , 0
5048 , 0 , 1000 , 450.777 , 0 , 0 , 0
5049 , 0 , 1000 , 450.772 , 0 , 0 , 0
5050 , 0 , 1000 , 450.768 , 0 , 0 , 0
5051 , 0 , 1000 , 450.764 , 0 , 0 , 0
5052 , 0 , 1000 , 450.759 , 0 , 0 , 0
5053 , 0 , 1000 , 450.755 , 0 , 0 , 0
5054 , 0 , 1000 , 450.751 , 0 , 0 , 0
5055 , 0 , 1000 , 450.746 , 0 , 0 , 0
5056 , 0 , 1000 , 450.742 , 0 , 0 , 0
5057 , 0 , 1000 , 450.738 , 0 , 0 , 0
5058 , 0 , 1000 , 450.734 , 0 , 0 , 0
5059 , 0 , 1000 , 450.729 , 0 , 0 , 0
5060 , 0 , 1000 , 450.725 , 0 , 0 , 0
5061 , 0 , 1000 , 450.721 , 0 , 0 , 0
5062 , 0 , 1000 , 450.717 , 0 , 0 , 0
5063 , 0 , 1000 , 450.712 , 0 , 0 , 0
5064 , 0 , 1000 , 450.708 , 0 , 0 , 0
5065 , 0 , 1000 , 450.704 , 0 , 0 , 0
5066 , 0 , 1000 , 450.7 , 0 , 0 , 0
5067 , 0 , 1000 , 450.696 , 0 , 0 , 0
5068 , 0 , 1000 , 450.691 , 0 , 0 , 0
5069 , 0 , 1000 , 450.687 , 0 , 0 , 0
5070 , 0 , 1000 , 450.683 , 0 , 0 , 0
5071 , 0 , 1000 , 450.679 , 0 , 0 , 0
5072 , 0 , 1000 , 450.675 , 0 , 0 , 0
5073 , 0 , 1000 , 450.671 , 0 , 0 , 0
5074 , 0 , 1000 , 450.666 , 0 , 0 , 0
5075 , 0 , 1000 , 450.662 , 0 , 0 , 0
5076 , 0 , 1000 , 450.658 , 0 , 0 , 0
5077 , 0 , 1000 , 450.654 , 0 , 0 , 0
5078 , 0 , 1000 , 450.65 , 0 , 0 , 0
5079 , 0 , 1000 , 450.646 , 0 , 0 , 0
5080 , 0 , 1000 , 450.642 , 0 , 0 , 0
5081 , 0 , 1000 , 450.638 , 0 , 0 , 0
5082 , 0 , 1000 , 450.633 , 0 , 0 , 0
5083 , 0 , 1000 , 450.629 , 0 , 0 , 0
5084 , 0 , 1000 , 450.625 , 0 , 0 , 0
5085 , 0 , 1000 , 450.621 , 0 , 0 , 0
5086 , 0 , 1000 , 450.617 , 0 , 0 , 0
5087 , 0 , 1000 , 450.613 , 0 , 0 , 0
5088 , 0 , 1000 , 450.609 , 0 , 0 , 0
5089 , 0 , 1000 , 450.605 , 0 , 0 , 0
5090 , 0 , 1000 , 450.601 , 0 , 0 , 0
5091 , 0 , 1000 , 450.597 , 0 , 0 , 0
5092 , 0 , 1000 , 450.593 , 0 , 0 , 0
5093 , 0 , 1000 , 450.589 , 0 , 0 , 0
5094 , 0 , 1000 , 450.585 , 0 , 0 , 0
5095 , 0 , 1000 , 450.581 , 0 , 0 , 0
5096 , 0 , 1000 , 450.577 , 0 , 0 , 0
5097 , 0 , 1000 , 450.573 , 0 , 0 , 0
5098 , 0 , 1000 , 450.569 , 0 , 0 , 0
5099 , 0 , 1000 , 450.565 , 0 , 0 , 0
5100 , 0 , 1000 , 450.561 , 0 , 0 , 0
5101 , 0 , 1000 , 450.557 , 0 , 0 , 0
5102 , 0 , 1000 , 450.553 , 0 , 0 , 0
5103 , 0 , 1000 , 450.549 , 0 , 0 , 0
5104 , 0 , 1000 , 450.545 , 0 , 0 , 0
5105 , 0 , 1000 , 450.541 , 0 , 0 , 0
5106 , 0 , 1000 , 450.537 , 0 , 0 , 0
5107 , 0 , 1000 , 450.533 , 0 , 0 , 0
5108 , 0 , 1000 , 450.529 , 0 , 0 , 0
5109 , 0 , 1000 , 450.526 , 0 , 0 , 0
5110 , 0 , 1000 , 450.522 , 0 , 0 , 0
5111 , 0 , 1000 , 450.518 , 0 , 0 , 0
5112 , 0 , 1000 , 450.514 , 0 , 0 , 0
5113 , 0 , 1000 , 450.51 , 0 , 0 , 0
5114 , 0 , 1000 , 450.506 , 0 , 0 , 0
5115 , 0 , 1000 , 450.502 , 0 , 0 , 0
5116 , 0 , 1000 , 450.499 , 0 , 0 , 0
5117 , 0 , 1000 , 450.495 , 0 , 0 , 0
5118 , 0 , 1000 , 450.491 , 0 , 0 , 0
5119 , 0 , 1000 , 450.487 , 0 , 0 , 0
5120 , 0 , 1000 , 450.483 , 0 , 0 , 0
5121 , 0 , 1000 , 450.479 , 0 , 0 , 0
5122 , 0 , 1000 , 450.476 , 0 , 0 , 0
5123 , 0 , 1000 , 450.472 , 0 , 0 , 0
5124 , 0 , 1000 , 450.468 , 0 , 0 , 0
5125 , 0 , 1000 , 450.464 , 0 , 0 , 0
5126 , 0 , 1000 , 450.46 , 0 , 0 , 0
5127 , 0 , 1000 , 450.457 , 0 , 0 , 0
5128 , 0 , 1000 , 450.453 , 0 , 0 , 0
5129 , 0 , 1000 , 450.449 , 0 , 0 , 0
5130 , 0 , 1000 , 450.445 , 0 , 0 , 0
5131 , 0 , 1000 , 450.442 , 0 , 0 , 0
5132 , 0 , 1000 , 450.438 , 0 , 0 , 0
5133 , 0 , 1000 , 450.434 , 0 , 0 , 0
5134 , 0 , 1000 , 450.43 , 0 , 0 , 0
5135 , 0 , 1000 , 450.427 , 0 , 0 , 0
5136 , 0 , 1000 , 450.423 , 0 , 0 , 0
5137 , 0 , 1000 , 450.419 , 0 , 0 , 0
5138 , 0 , 1000 , 450.416 , 0 , 0 , 0
5139 , 0 , 1000 , 450.412 , 0 , 0 , 0
5140 , 0 , 1000 , 450.408 , 0 , 0 , 0
5141 , 0 , 1000 , 450.405 , 0 , 0 , 0
5142 , 0 , 1000 , 450.401 , 0 , 0 , 0
5143 , 0 , 1000 , 450.397 , 0 , 0 , 0
5144 , 0 , 1000 , 450.394 , 0 , 0 , 0
5145 , 0 , 1000 , 450.39 , 0 , 0 , 0
5146 , 0 , 1000 , 450.386 , 0 , 0 , 0
5147 , 0 , 1000 , 450.383 , 0 , 0 , 0
5148 , 0 , 1000 , 450.379 , 0 , 0 , 0
5149 , 0 , 1000 , 450.375 , 0 , 0 , 0
5150 , 0 , 1000 , 450.372 , 0 , 0 , 0
5151 , 0 , 1000 , 450.368 , 0 , 0 , 0
5152 , 0 , 1000 , 450.365 , 0 , 0 , 0
5153 , 0 , 1000 , 450.361 , 0 , 0 , 0
5154 , 0 , 1000 , 450.357 , 0 , 0 , 0
5155 , 0 , 1000 , 450.354 , 0 , 0 , 0
5156 , 0 , 1000 , 450.35 , 0 , 0 , 0
5157 , 0 , 1000 , 450.347 , 0 , 0 , 0
5158 , 0 , 1000 , 450.343 , 0 , 0 , 0
5159 , 0 , 1000 , 450.34 , 0 , 0 , 0
5160 , 0 , 1000 , 450.336 , 0 , 0 , 0
5161 , 0 , 1000 , 450.333 , 0 , 0 , 0
5162 , 0 , 1000 , 450.329 , 0 , 0 , 0
5163 , 0 , 1000 , 450.326 , 0 , 0 , 0
5164 , 0 , 1000 , 450.322 , 0 , 0 , 0
5165 , 0 , 1000 , 450.318 , 0 , 0 , 0
5166 , 0 , 1000 , 450.315 , 0 , 0 , 0
5167 , 0 , 1000 , 450.311 , 0 , 0 , 0
5168 , 0 , 1000 , 450.308 , 0 , 0 , 0
5169 , 0 , 1000 , 450.304 , 0 , 0 , 0
5170 , 0 , 1000 , 450.301 , 0 , 0 , 0
5171 , 0 , 1000 , 450.297 , 0 , 0 , 0
5172 , 0 , 1000 , 450.294 , 0 , 0 , 0
5173 , 0 , 1000 , 450.291 , 0 , 0 , 0
5174 , 0 , 1000 , 450.287 , 0 , 0 , 0
5175 , 0 , 1000 , 450.284 , 0 , 0 , 0
5176 , 0 , 1000 , 450.28 , 0 , 0 , 0
5177 , 0 , 1000 , 450.277 , 0 , 0 , 0
5178 , 0 , 1000 , 450.273 , 0 , 0 , 0
5179 , 0 , 1000 , 450.27 , 0 , 0 , 0
5180 , 0 , 1000 , 450.267 , 0 , 0 , 0
5181 , 0 , 1000 , 450.263 , 0 , 0 , 0
5182 , 0 , 1000 , 450.26 , 0 , 0 , 0
5183 , 0 , 1000 , 450.256 , 0 , 0 , 0
5184 , 0 , 1000 , 450.253 , 0 , 0 , 0
5185 , 0 , 1000 , 450.25 , 0 , 0 , 0
5186 , 0 , 1000 , 450.246 , 0 , 0 , 0
5187 , 0 , 1000 , 450.243 , 0 , 0 , 0
5188 , 0 , 1000 , 450.239 , 0 , 0 , 0
5189 , 0 , 1000 , 450.236 , 0 , 0 , 0
5190 , 0 , 1000 , 450.233 , 0 , 0 , 0
5191 , 0 , 1000 , 450.229 , 0 , 0 , 0
5192 , 0 , 1000 , 450.226 , 0 , 0 , 0
5193 , 0 , 1000 , 450.223 , 0 , 0 , 0
5194 , 0 , 1000 , 450.219 , 0 , 0 , 0
5195 , 0 , 1000 , 450.216 , 0 , 0 , 0
5196 , 0 , 1000 , 450.213 , 0 , 0 , 0
5197 , 0 , 1000 , 450.209 , 0 , 0 , 0
5198 , 0 , 1000 , 450.206 , 0 , 0 , 0
5199 , 0 , 1000 , 450.203 , 0 , 0 , 0
5200 , 0 , 1000 , 450.2 , 0 , 0 , 0
5201 , 0 , 1000 , 450.196 , 0 , 0 , 0
5202 , 0 , 1000 , 450.193 , 0 , 0 , 0
5203 , 0 , 1000 , 450.19 , 0 , 0 , 0
5204 , 0 , 1000 , 450.186 , 0 , 0 , 0
5205 , 0 , 1000 , 450.183 , 0 , 0 , 0
5206 , 0 , 1000 , 450.18 , 0 , 0 , 0
5207 , 0 , 1000 , 450.177 , 0 , 0 , 0
5208 , 0 , 1000 , 450.174 , 0 , 0 , 0
5209 , 0 , 1000 , 450.17 , 0 , 0 , 0
5210 , 0 , 1000 , 450.167 , 0 , 0 , 0
5211 , 0 , 1000 , 450.164 , 0 , 0 , 0
5212 , 0 , 1000 , 450.161 , 0 , 0 , 0
5213 , 0 , 1000 , 450.158 , 0 , 0 , 0
5214 , 0 , 1000 , 450.154 , 0 , 0 , 0
5215 , 0 , 1000 , 450.151 , 0 , 0 , 0
5216 , 0 , 1000 , 450.148 , 0 , 0 , 0
5217 , 0 , 1000 , 450.145 , 0 , 0 , 0
5218 , 0 , 1000 , 450.142 , 0 , 0 , 0
5219 , 0 , 1000 , 450.139 , 0 , 0 , 0
5220 , 0 , 1000 , 450.135 , 0 , 0 , 0
5221 , 0 , 1000 , 450.132 , 0 , 0 , 0
5222 , 0 , 1000 , 450.129 , 0 , 0 , 0
5223 , 0 , 1000 , 450.126 , 0 , 0 , 0
5224 , 0 , 1000 , 450.123 , 0 , 0 , 0
5225 , 0 , 1000 , 450.12 , 0 , 0 , 0
5226 , 0 , 1000 , 450.117 , 0 , 0 , 0
5227 , 0 , 1000 , 450.114 , 0 , 0 , 0
5228 , 0 , 1000 , 450.111 , 0 , 0 , 0
5229 , 0 , 1000 , 450.107 , 0 , 0 , 0
5230 , 0 , 1000 , 450.104 , 0 , 0 , 0
5231 , 0 , 1000 , 450.101 , 0 , 0 , 0
5232 , 0 , 1000 , 450.098 , 0 , 0 , 0
5233 , 0 , 1000 , 450.095 , 0 , 0 , 0
5234 , 0 , 1000 , 450.092 , 0 , 0 , 0
5235 , 0 , 1000 , 450.089 , 0 , 0 , 0
5236 , 0 , 1000 , 450.086 , 0 , 0 , 0
5237 , 0 , 1000 , 450.083 , 0 , 0 , 0
5238 , 0 , 1000 , 450.08 , 0 , 0 , 0
5239 , 0 , 1000 , 450.077 , 0 , 0 , 0
5240 , 0 , 1000 , 450.074 , 0 , 0 , 0
5241 , 0 , 1000 , 450.071 , 0 , 0 , 0
5242 , 0 , 1000 , 450.068 , 0 , 0 , 0
5243 , 0 , 1000 , 450.065 , 0 , 0 , 0
5244 , 0 , 1000 , 450.062 , 0 , 0 , 0
5245 , 0 , 1000 , 450.059 , 0 , 0 , 0
5246 , 0 , 1000 , 450.056 , 0 , 0 , 0
5247 , 0 , 1000 , 450.053 , 0 , 0 , 0
5248 , 0 , 1000 , 450.05 , 0 , 0 , 0
5249 , 0 , 1000 , 450.047 , 0 , 0 , 0
5250 , 0 , 1000 , 450.044 , 0 , 0 , 0
5251 , 0 , 1000 , 450.041 , 0 , 0 , 0
5252 , 0 , 1000 , 450.038 , 0 , 0 , 0
5253 , 0 , 1000 , 450.035 , 0 , 0 , 0
5254 , 0 , 1000 , 450.032 , 0 , 0 , 0
5255 , 0 , 1000 , 450.029 , 0 , 0 , 0
5256 , 0 , 1000 , 450.026 , 0 , 0 , 0
5257 , 0 , 1000 , 450.024 , 0 , 0 , 0
5258 , 0 , 1000 , 450.021 , 0 , 0 , 0
5259 , 0 , 1000 , 450.018 , 0 , 0 , 0
5260 , 0 , 1000 , 450.015 , 0 , 0 , 0
5261 , 0 , 1000 , 450.012 , 0 , 0 , 0
5262 , 0 , 1000 , 450.009 , 0 , 0 , 0
5263 , 0 , 1000 , 450.006 , 0 , 0 , 0
5264 , 0 , 1000 , 450.003 , 0 , 0 , 0
5265 , 0 , 1000 , 450 , 0 , 0 , 0
5266 , 0 , 1000 , 449.998 , 0 , 0 , 0
5267 , 0 , 1000 , 449.995 , 0 , 0 , 0
5268 , 0 , 1000 , 449.992 , 0 , 0 , 0
5269 , 0 , 1000 , 449.989 , 0 , 0 , 0
5270 , 0 , 1000 , 449.986 , 0 , 0 , 0
5271 , 0 , 1000 , 449.983 , 0 , 0 , 0
5272 , 0 , 1000 , 449.981 , 0 , 0 , 0
5273 , 0 , 1000 , 449.978 , 0 , 0 , 0
5274 , 0 , 1000 , 449.975 , 0 , 0 , 0
5275 , 0 , 1000 , 449.972 , 0 , 0 , 0
5276 , 0 , 1000 , 449.969 , 0 , 0 , 0
5277 , 0 , 1000 , 449.967 , 0 , 0 , 0
5278 , 0 , 1000 , 449.964 , 0 , 0 , 0
5279 , 0 , 1000 , 449.961 , 0 , 0 , 0
5280 , 0 , 1000 , 449.958 , 0 , 0 , 0
5281 , 0 , 1000 , 449.955 , 0 , 0 , 0
5282 , 0 , 1000 , 449.953 , 0 , 0 , 0
5283 , 0 , 1000 , 449.95 , 0 , 0 , 0
5284 , 0 , 1000 , 449.947 , 0 , 0 , 0
5285 , 0 , 1000 , 449.944 , 0 , 0 , 0
5286 , 0 , 1000 , 449.942 , 0 , 0 , 0
5287 , 0 , 1000 , 449.939 , 0 , 0 , 0
5288 , 0 , 1000 , 449.936 , 0 , 0 , 0
5289 , 0 , 1000 , 449.934 , 0 , 0 , 0
5290 , 0 , 1000 , 449.931 , 0 , 0 , 0
5291 , 0 , 1000 , 449.928 , 0 , 0 , 0
5292 , 0 , 1000 , 449.925 , 0 , 0 , 0
5293 , 0 , 1000 , 449.923 , 0 , 0 , 0
5294 , 0 , 1000 , 449.92 , 0 , 0 , 0
5295 , 0 , 1000 , 449.917 , 0 , 0 , 0
5296 , 0 , 1000 , 449.915 , 0 , 0 , 0
5297 , 0 , 1000 , 449.912 , 0 , 0 , 0
5298 , 0 , 1000 , 449.909 , 0 , 0 , 0
5299 , 0 , 1000 , 449.907 , 0 , 0 , 0
5300 , 0 , 1000 , 449.904 , 0 , 0 , 0
5301 , 0 , 1000 , 449.901 , 0 , 0 , 0
5302 , 0 , 1000 , 449.899 , 0 , 0 , 0
5303 , 0 , 1000 , 449.896 , 0 , 0 , 0
5304 , 0 , 1000 , 449.893 , 0 , 0 , 0
5305 , 0 , 1000 , 449.891 , 0 , 0 , 0
5306 , 0 , 1000 , 449.888 , 0 , 0 , 0
5307 , 0 , 1000 , 449.886 , 0 , 0 , 0
5308 , 0 , 1000 , 449.883 , 0 , 0 , 0
5309 , 0 , 1000 , 449.88 , 0 , 0 , 0
5310 , 0 , 1000 , 449.878 , 0 , 0 , 0
5311 , 0 , 1000 , 449.875 , 0 , 0 , 0
5312 , 0 , 1000 , 449.873 , 0 , 0 , 0
5313 , 0 , 1000 , 449.87 , 0 , 0 , 0
5314 , 0 , 1000 , 449.867 , 0 , 0 , 0
5315 , 0 , 1000 , 449.865 , 0 , 0 , 0
5316 , 0 , 1000 , 449.862 , 0 , 0 , 0
5317 , 0 , 1000 , 449.86 , 0 , 0 , 0
5318 , 0 , 1000 , 449.857 , 0 , 0 , 0
5319 , 0 , 1000 , 449.855 , 0 , 0 , 0
5320 , 0 , 1000 , 449.852 , 0 , 0 , 0
5321 , 0 , 1000 , 449.849 , 0 , 0 , 0
5322 , 0 , 1000 , 449.847 , 0 , 0 , 0
5323 , 0 , 1000 , 449.844 , 0 , 0 , 0
5324 , 0 , 1000 , 449.842 , 0 , 0 , 0
5325 , 0 , 1000 , 449.839 , 0 , 0 , 0
5326 , 0 , 1000 , 449.837 , 0 , 0 , 0
5327 , 0 , 1000 , 449.834 , 0 , 0 , 0
5328 , 0 , 1000 , 449.832 , 0 , 0 , 0
5329 , 0 , 1000 , 449.829 , 0 , 0 , 0
5330 , 0 , 1000 , 449.827 , 0 , 0 , 0
5331 , 0 , 1000 , 449.824 , 0 , 0 , 0
5332 , 0 , 1000 , 449.822 , 0 , 0 , 0
5333 , 0 , 1000 , 449.82 , 0 , 0 , 0
5334 , 0 , 1000 , 449.817 , 0 , 0 , 0
5335 , 0 , 1000 , 449.815 , 0 , 0 , 0
5336 , 0 , 1000 , 449.812 , 0 , 0 , 0
5337 , 0 , 1000 , 449.81 , 0 , 0 , 0
5338 , 0 , 1000 , 449.807 , 0 , 0 , 0
5339 , 0 , 1000 , 449.805 , 0 , 0 , 0
5340 , 0 , 1000 , 449.802 , 0 , 0 , 0
5341 , 0 , 1000 , 449.8 , 0 , 0 , 0
5342 , 0 , 1000 , 449.798 , 0 , 0 , 0
5343 , 0 , 1000 , 449.795 , 0 , 0 , 0
5344 , 0 , 1000 , 449.793 , 0 , 0 , 0
5345 , 0 , 1000 , 449.79 , 0 , 0 , 0
5346 , 0 , 1000 , 449.788 , 0 , 0 , 0
5347 , 0 , 1000 , 449.786 , 0 , 0 , 0
5348 , 0 , 1000 , 449.783 , 0 , 0 , 0
5349 , 0 , 1000 , 449.781 , 0 , 0 , 0
5350 , 0 , 1000 , 449.779 , 0 , 0 , 0
5351 , 0 , 1000 , 449.776 , 0 , 0 , 0
5352 , 0 , 1000 , 449.774 , 0 , 0 , 0
5353 , 0 , 1000 , 449.772 , 0 , 0 , 0
5354 , 0 , 1000 , 449.769 , 0 , 0 , 0
5355 , 0 , 1000 , 449.767 , 0 , 0 , 0
5356 , 0 , 1000 , 449.765 , 0 , 0 , 0
5357 , 0 , 1000 , 449.762 , 0 , 0 , 0
5358 , 0 , 1000 , 449.76 , 0 , 0 , 0
5359 , 0 , 1000 , 449.758 , 0 , 0 , 0
5360 , 0 , 1000 , 449.755 , 0 , 0 , 0
5361 , 0 , 1000 , 449.753 , 0 , 0 , 0
5362 , 0 , 1000 , 449.751 , 0 , 0 , 0
5363 , 0 , 1000 , 449.748 , 0 , 0 , 0
5364 , 0 , 1000 , 449.746 , 0 , 0 , 0
5365 , 0 , 1000 , 449.744 , 0 , 0 , 0
5366 , 0 , 1000 , 449.742 , 0 , 0 , 0
5367 , 0 , 1000 , 449.739 , 0 , 0 , 0
5368 , 0 , 1000 , 449.737 , 0 , 0 , 0
5369 , 0 , 1000 , 449.735 , 0 , 0 , 0
5370 , 0 , 1000 , 449.732 , 0 , 0 , 0
5371 , 0 , 1000 , 449.73 , 0 , 0 , 0
5372 , 0 , 1000 , 449.728 , 0 , 0 , 0
5373 , 0 , 1000 , 449.726 , 0 , 0 , 0
5374 , 0 , 1000 , 449.724 , 0 , 0 , 0
5375 , 0 , 1000 , 449.721 , 0 , 0 , 0
5376 , 0 , 1000 , 449.719 , 0 , 0 , 0
5377 , 0 , 1000 , 449.717 , 0 , 0 , 0
5378 , 0 , 1000 , 449.715 , 0 , 0 , 0
5379 , 0 , 1000 , 449.713 , 0 , 0 , 0
5380 , 0 , 1000 , 449.71 , 0 , 0 , 0
5381 , 0 , 1000 , 449.708 , 0 , 0 , 0
5382 , 0 , 1000 , 449.706 , 0 , 0 , 0
5383 , 0 , 1000 , 449.704 , 0 , 0 , 0
5384 , 0 , 1000 , 449.702 , 0 , 0 , 0
5385 , 0 , 1000 , 449.7 , 0 , 0 , 0
5386 , 0 , 1000 , 449.697 , 0 , 0 , 0
5387 , 0 , 1000 , 449.695 , 0 , 0 , 0
5388 , 0 , 1000 , 449.693 , 0 , 0 , 0
5389 , 0 , 1000 , 449.691 , 0 , 0 , 0
5390 , 0 , 1000 , 449.689 , 0 , 0 , 0
5391 , 0 , 1000 , 449.687 , 0 , 0 , 0
5392 , 0 , 1000 , 449.685 , 0 , 0 , 0
5393 , 0 , 1000 , 449.682 , 0 , 0 , 0
5394 , 0 , 1000 , 449.68 , 0 , 0 , 0
5395 , 0 , 1000 , 449.678 , 0 , 0 , 0
5396 , 0 , 1000 , 449.676 , 0 , 0 , 0
5397 , 0 , 1000 , 449.674 , 0 , 0 , 0
5398 , 0 , 1000 , 449.672 , 0 , 0 , 0
5399 , 0 , 1000 , 449.67 , 0 , 0 , 0
5400 , 0 , 1000 , 449.668 , 0 , 0 , 0
5401 , 0 , 1000 , 449.666 , 0 , 0 , 0
5402 , 0 , 1000 , 449.664 , 0 , 0 , 0
5403 , 0 , 1000 , 449.662 , 0 , 0 , 0
5404 , 0 , 1000 , 449.66 , 0 , 0 , 0
5405 , 0 , 1000 , 449.658 , 0 , 0 , 0
5406 , 0 , 1000 , 449.656 , 0 , 0 , 0
5407 , 0 , 1000 , 449.653 , 0 , 0 , 0
5408 , 0 , 1000 , 449.651 , 0 , 0 , 0
5409 , 0 , 1000 , 449.649 , 0 , 0 , 0
5410 , 0 , 1000 , 449.647 , 0 , 0 , 0
5411 , 0 , 1000 , 449.645 , 0 , 0 , 0
5412 , 0 , 1000 , 449.643 , 0 , 0 , 0
5413 , 0 , 1000 , 449.641 , 0 , 0 , 0
5414 , 0 , 1000 , 449.639 , 0 , 0 , 0
5415 , 0 , 1000 , 449.638 , 0 , 0 , 0
5416 , 0 , 1000 , 449.636 , 0 , 0 , 0
5417 , 0 , 1000 , 449.634 , 0 , 0 , 0
5418 , 0 , 1000 , 449.632 , 0 , 0 , 0
5419 , 0 , 1000 , 449.63 , 0 , 0 , 0
5420 , 0 , 1000 , 449.628 , 0 , 0 , 0
5421 , 0 , 1000 , 449.626 , 0 , 0 , 0
5422 , 0 , 1000 , 449.624 , 0 , 0 , 0
5423 , 0 , 1000 , 449.622 , 0 , 0 , 0
5424 , 0 , 1000 , 449.62 , 0 , 0 , 0
5425 , 0 , 1000 , 449.618 , 0 , 0 , 0
5426 , 0 , 1000 , 449.616 , 0 , 0 , 0
5427 , 0 , 1000 , 449.614 , 0 , 0 , 0
5428 , 0 , 1000 , 449.612 , 0 , 0 , 0
5429 , 0 , 1000 , 449.61 , 0 , 0 , 0
5430 , 0 , 1000 , 449.608 , 0 , 0 , 0
5431 , 0 , 1000 , 449.606 , 0 , 0 , 0
5432 , 0 , 1000 , 449.604 , 0 , 0 , 0
5433 , 0 , 1000 , 449.603 , 0 , 0 , 0
5434 , 0 , 1000 , 449.601 , 0 , 0 , 0
5435 , 0 , 1000 , 449.599 , 0 , 0 , 0
5436 , 0 , 1000 , 449.597 , 0 , 0 , 0
5437 , 0 , 1000 , 449.595 , 0 , 0 , 0
5438 , 0 , 1000 , 449.593 , 0 , 0 , 0
5439 , 0 , 1000 , 449.591 , 0 , 0 , 0
5440 , 0 , 1000 , 449.589 , 0 , 0 , 0
5441 , 0 , 1000 , 449.588 , 0 , 0 , 0
5442 , 0 , 1000 , 449.586 , 0 , 0 , 0
5443 , 0 , 1000 , 449.584 , 0 , 0 , 0
5444 , 0 , 1000 , 449.582 , 0 , 0 , 0
5445 , 0 , 1000 , 449.58 , 0 , 0 , 0
5446 , 0 , 1000 , 449.578 , 0 , 0 , 0
5447 , 0 , 1000 , 449.577 , 0 , 0 , 0
5448 , 0 , 1000 , 449.575 , 0 , 0 , 0
5449 , 0 , 1000 , 449.573 , 0 , 0 , 0
5450 , 0 , 1000 , 449.571 , 0 , 0 , 0
5451 , 0 , 1000 , 449.569 , 0 , 0 , 0
5452 , 0 , 1000 , 449.568 , 0 , 0 , 0
5453 , 0 , 1000 , 449.566 , 0 , 0 , 0
5454 , 0 , 1000 , 449.564 , 0 , 0 , 0
5455 , 0 , 1000 , 449.562 , 0 , 0 , 0
5456 , 0 , 1000 , 449.561 , 0 , 0 , 0
5457 , 0 , 1000 , 449.559 , 0 , 0 , 0
5458 , 0 , 1000 , 449.557 , 0 , 0 , 0
5459 , 0 , 1000 , 449.555 , 0 , 0 , 0
5460 , 0 , 1000 , 449.554 , 0 , 0 , 0
5461 , 0 , 1000 , 449.552 , 0 , 0 , 0
5462 , 0 , 1000 , 449.55 , 0 , 0 , 0
5463 , 0 , 1000 , 449.548 , 0 , 0 , 0
5464 , 0 , 1000 , 449.547 , 0 , 0 , 0
5465 , 0 , 1000 , 449.545 , 0 , 0 , 0
5466 , 0 , 1000 , 449.543 , 0 , 0 , 0
5467 , 0 , 1000 , 449.541 , 0 , 0 , 0
5468 , 0 , 1000 , 449.54 , 0 , 0 , 0
5469 , 0 , 1000 , 449.538 , 0 , 0 , 0
5470 , 0 , 1000 , 449.536 , 0 , 0 , 0
5471 , 0 , 1000 , 449.535 , 0 , 0 , 0
5472 , 0 , 1000 , 449.533 , 0 , 0 , 0
5473 , 0 , 1000 , 449.531 , 0 , 0 , 0
5474 , 0 , 1000 , 449.53 , 0 , 0 , 0
5475 , 0 , 1000 , 449.528 , 0 , 0 , 0
5476 , 0 , 1000 , 449.526 , 0 , 0 , 0
5477 , 0 , 1000 , 449.525 , 0 , 0 , 0
5478 , 0 , 1000 , 449.523 , 0 , 0 , 0
5479 , 0 , 1000 , 449.521 , 0 , 0 , 0
5480 , 0 , 1000 , 449.52 , 0 , 0 , 0
5481 , 0 , 1000 , 449.518 , 0 , 0 , 0
5482 , 0 , 1000 , 449.516 , 0 , 0 , 0
5483 , 0 , 1000 , 449.515 , 0 , 0 , 0
5484 , 0 , 1000 , 449.513 , 0 , 0 , 0
5485 , 0 , 1000 , 449.512 , 0 , 0 , 0
5486 , 0 , 1000 , 449.51 , 0 , 0 , 0
5487 , 0 , 1000 , 449.508 , 0 , 0 , 0
5488 , 0 , 1000 , 449.507 , 0 , 0 , 0
5489 , 0 , 1000 , 449.505 , 0 , 0 , 0
5490 , 0 , 1000 , 449.504 , 0 , 0 , 0
5491 , 0 , 1000 , 449.502 , 0 , 0 , 0
5492 , 0 , 1000 , 449.5 , 0 , 0 , 0
5493 , 0 , 1000 , 449.499 , 0 , 0 , 0
5494 , 0 , 1000 , 449.497 , 0 , 0 , 0
5495 , 0 , 1000 , 449.496 , 0 , 0 , 0
5496 , 0 , 1000 , 449.494 , 0 , 0 , 0
5497 , 0 , 1000 , 449.492 , 0 , 0 , 0
5498 , 0 , 1000 , 449.491 , 0 , 0 , 0
5499 , 0 , 1000 , 449.489 , 0 , 0 , 0
5500 , 0 , 1000 , 449.488 , 0 , 0 , 0
5501 , 0 , 1000 , 449.486 , 0 , 0 , 0
5502 , 0 , 1000 , 449.485 , 0 , 0 , 0
5503 , 0 , 1000 , 449.483 , 0 , 0 , 0
5504 , 0 , 1000 , 449.482 , 0 , 0 , 0
5505 , 0 , 1000 , 449.48 , 0 , 0 , 0
5506 , 0 , 1000 , 449.479 , 0 , 0 , 0
5507 , 0 , 1000 , 449.477 , 0 , 0 , 0
5508 , 0 , 1000 , 449.476 , 0 , 0 , 0
5509 , 0 , 1000 , 449.474 , 0 , 0 , 0
5510 , 0 , 1000 , 449.473 , 0 , 0 , 0
5511 , 0 , 1000 , 449.471 , 0 , 0 , 0
5512 , 0 , 1000 , 449.47 , 0 , 0 , 0
5513 , 0 , 1000 , 449.468 , 0 , 0 , 0
5514 , 0 , 1000 , 449.467 , 0 , 0 , 0
5515 , 0 , 1000 , 449.465 , 0 , 0 , 0
5516 , 0 , 1000 , 449.464 , 0 , 0 , 0
5517 , 0 , 1000 , 449.462 , 0 , 0 , 0
5518 , 0 , 1000 , 449.461 , 0 , 0 , 0
5519 , 0 , 1000 , 449.46 , 0 , 0 , 0
5520 , 0 , 1000 , 449.458 , 0 , 0 , 0
5521 , 0 , 1000 , 449.457 , 0 , 0 , 0
5522 , 0 , 1000 , 449.455 , 0 , 0 , 0
5523 , 0 , 1000 , 449.454 , 0 , 0 , 0
5524 , 0 , 1000 , 449.452 , 0 , 0 , 0
5525 , 0 , 1000 , 449.451 , 0 , 0 , 0
5526 , 0 , 1000 , 449.45 , 0 , 0 , 0
5527 , 0 , 1000 , 449.448 , 0 , 0 , 0
5528 , 0 , 1000 , 449.447 , 0 , 0 , 0
5529 , 0 , 1000 , 449.445 , 0 , 0 , 0
5530 , 0 , 1000 , 449.444 , 0 , 0 , 0
5531 , 0 , 1000 , 449.443 , 0 , 0 , 0
5532 , 0 , 1000 , 449.441 , 0 , 0 , 0
5533 , 0 , 1000 , 449.44 , 0 , 0 , 0
5534 , 0 , 1000 , 449.438 , 0 , 0 , 0
5535 , 0 , 1000 , 449.437 , 0 , 0 , 0
5536 , 0 , 1000 , 449.436 , 0 , 0 , 0
5537 , 0 , 1000 , 449.434 , 0 , 0 , 0
5538 , 0 , 1000 , 449.433 , 0 , 0 , 0
5539 , 0 , 1000 , 449.432 , 0 , 0 , 0
5540 , 0 , 1000 , 449.43 , 0 , 0 , 0
5541 , 0 , 1000 , 449.429 , 0 , 0 , 0
5542 , 0 , 1000 , 449.428 , 0 , 0 , 0
5543 , 0 , 1000 , 449.426 , 0 , 0 , 0
5544 , 0 , 1000 , 449.425 , 0 , 0 , 0
5545 , 0 , 1000 , 449.424 , 0 , 0 , 0
5546 , 0 , 1000 , 449.422 , 0 , 0 , 0
5547 , 0 , 1000 , 449.421 , 0 , 0 , 0
5548 , 0 , 1000 , 449.42 , 0 , 0 , 0
5549 , 0 , 1000 , 449.418 , 0 , 0 , 0
5550 , 0 , 1000 , 449.417 , 0 , 0 , 0
5551 , 0 , 1000 , 449.416 , 0 , 0 , 0
5552 , 0 , 1000 , 449.414 , 0 , 0 , 0
5553 , 0 , 1000 , 449.413 , 0 , 0 , 0
5554 , 0 , 1000 , 449.412 , 0 , 0 , 0
5555 , 0 , 1000 , 449.411 , 0 , 0 , 0
5556 , 0 , 1000 , 449.409 , 0 , 0 , 0
5557 , 0 , 1000 , 449.408 , 0 , 0 , 0
5558 , 0 , 1000 , 449.407 , 0 , 0 , 0
5559 , 0 , 1000 , 449.406 , 0 , 0 , 0
5560 , 0 , 1000 , 449.404 , 0 , 0 , 0
5561 , 0 , 1000 , 449.403 , 0 , 0 , 0
5562 , 0 , 1000 , 449.402 , 0 , 0 , 0
5563 , 0 , 1000 , 449.401 , 0 , 0 , 0
5564 , 0 , 1000 , 449.399 , 0 , 0 , 0
5565 , 0 , 1000 , 449.398 , 0 , 0 , 0
5566 , 0 , 1000 , 449.397 , 0 , 0 , 0
5567 , 0 , 1000 , 449.396 , 0 , 0 , 0
5568 , 0 , 1000 , 449.395 , 0 , 0 , 0
5569 , 0 , 1000 , 449.393 , 0 , 0 , 0
5570 , 0 , 1000 , 449.392 , 0 , 0 , 0
5571 , 0 , 1000 , 449.391 , 0 , 0 , 0
5572 , 0 , 1000 , 449.39 , 0 , 0 , 0
5573 , 0 , 1000 , 449.389 , 0 , 0 , 0
5574 , 0 , 1000 , 449.387 , 0 , 0 , 0
5575 , 0 , 1000 , 449.386 , 0 , 0 , 0
5576 , 0 , 1000 , 449.385 , 0 , 0 , 0
5577 , 0 , 1000 , 449.384 , 0 , 0 , 0
5578 , 0 , 1000 , 449.383 , 0 , 0 , 0
5579 , 0 , 1000 , 449.382 , 0 , 0 , 0
5580 , 0 , 1000 , 449.38 , 0 , 0 , 0
5581 , 0 , 1000 , 449.379 , 0 , 0 , 0
5582 , 0 , 1000 , 449.378 , 0 , 0 , 0
5583 , 0 , 1000 , 449.377 , 0 , 0 , 0
5584 , 0 , 1000 , 449.376 , 0 , 0 , 0
5585 , 0 , 1000 , 449.375 , 0 , 0 , 0
5586 , 0 , 1000 , 449.374 , 0 , 0 , 0
5587 , 0 , 1000 , 449.372 , 0 , 0 , 0
5588 , 0 , 1000 , 449.371 , 0 , 0 , 0
5589 , 0 , 1000 , 449.37 , 0 , 0 , 0
5590 , 0 , 1000 , 449.369 , 0 , 0 , 0
5591 , 0 , 1000 , 449.368 , 0 , 0 , 0
5592 , 0 , 1000 , 449.367 , 0 , 0 , 0
5593 , 0 , 1000 , 449.366 , 0 , 0 , 0
5594 , 0 , 1000 , 449.365 , 0 , 0 , 0
5595 , 0 , 1000 , 449.364 , 0 , 0 , 0
5596 , 0 , 1000 , 449.363 , 0 , 0 , 0
5597 , 0 , 1000 , 449.362 , 0 , 0 , 0
5598 , 0 , 1000 , 449.361 , 0 , 0 , 0
5599 , 0 , 1000 , 449.359 , 0 , 0 , 0
5600 , 0 , 1000 , 449.358 , 0 , 0 , 0
5601 , 0 , 1000 , 449.357 , 0 , 0 , 0
5602 , 0 , 1000 , 449.356 , 0 , 0 , 0
5603 , 0 , 1000 , 449.355 , 0 , 0 , 0
5604 , 0 , 1000 , 449.354 , 0 , 0 , 0
5605 , 0 , 1000 , 449.353 , 0 , 0 , 0
5606 , 0 , 1000 , 449.352 , 0 , 0 , 0
5607 , 0 , 1000 , 449.351 , 0 , 0 , 0
5608 , 0 , 1000 , 449.35 , 0 , 0 , 0
5609 , 0 , 1000 , 449.349 , 0 , 0 , 0
5610 , 0 , 1000 , 449.348 , 0 , 0 , 0
5611 , 0 , 1000 , 449.347 , 0 , 0 , 0
5612 , 0 , 1000 , 449.346 , 0 , 0 , 0
5613 , 0 , 1000 , 449.345 , 0 , 0 , 0
5614 , 0 , 1000 , 449.344 , 0 , 0 , 0
5615 , 0 , 1000 , 449.343 , 0 , 0 , 0
5616 , 0 , 1000 , 449.342 , 0 , 0 , 0
5617 , 0 , 1000 , 449.341 , 0 , 0 , 0
5618 , 0 , 1000 , 449.34 , 0 , 0 , 0
5619 , 0 , 1000 , 449.339 , 0 , 0 , 0
5620 , 0 , 1000 , 449.338 , 0 , 0 , 0
5621 , 0 , 1000 , 449.338 , 0 , 0 , 0
5622 , 0 , 1000 , 449.337 , 0 , 0 , 0
5623 , 0 , 1000 , 449.336 , 0 , 0 , 0
5624 , 0 , 1000 , 449.335 , 0 , 0 , 0
5625 , 0 , 1000 , 449.334 , 0 , 0 , 0
5626 , 0 , 1000 , 449.333 , 0 , 0 , 0
5627 , 0 , 1000 , 449.332 , 0 , 0 , 0
5628 , 0 , 1000 , 449.331 , 0 , 0 , 0
5629 , 0 , 1000 , 449.33 , 0 , 0 , 0
5630 , 0 , 1000 , 449.329 , 0 , 0 , 0
5631 , 0 , 1000 , 449.328 , 0 , 0 , 0
5632 , 0 , 1000 , 449.327 , 0 , 0 , 0
5633 , 0 , 1000 , 449.326 , 0 , 0 , 0
5634 , 0 , 1000 , 449.326 , 0 , 0 , 0
5635 , 0 , 1000 , 449.325 , 0 , 0 , 0
5636 , 0 , 1000 , 449.324 , 0 , 0 , 0
5637 , 0 , 1000 , 449.323 , 0 , 0 , 0
5638 , 0 , 1000 , 449.322 , 0 , 0 , 0
5639 , 0 , 1000 , 449.321 , 0 , 0 , 0
5640 , 0 , 1000 , 449.32 , 0 , 0 , 0
5641 , 0 , 1000 , 449.319 , 0 , 0 , 0
5642 , 0 , 1000 , 449.319 , 0 , 0 , 0
5643 , 0 , 1000 , 449.318 , 0 , 0 , 0
5644 , 0 , 1000 , 449.317 , 0 , 0 , 0
5645 , 0 , 1000 , 449.316 , 0 , 0 , 0
5646 , 0 , 1000 , 449.315 , 0 , 0 , 0
5647 , 0 , 1000 , 449.314 , 0 , 0 , 0
5648 , 0 , 1000 , 449.314 , 0 , 0 , 0
5649 , 0 , 1000 , 449.313 , 0 , 0 , 0
5650 , 0 , 1000 , 449.312 , 0 , 0 , 0
5651 , 0 , 1000 , 449.311 , 0 , 0 , 0
5652 , 0 , 1000 , 449.31 , 0 , 0 , 0
5653 , 0 , 1000 , 449.309 , 0 , 0 , 0
5654 , 0 , 1000 , 449.309 , 0 , 0 , 0
5655 , 0 , 1000 , 449.308 , 0 , 0 , 0
5656 , 0 , 1000 , 449.307 , 0 , 0 , 0
5657 , 0 , 1000 , 449.306 , 0 , 0 , 0
5658 , 0 , 1000 , 449.306 , 0 , 0 , 0
5659 , 0 , 1000 , 449.305 , 0 , 0 , 0
5660 , 0 , 1000 , 449.304 , 0 , 0 , 0
5661 , 0 , 1000 , 449.303 , 0 , 0 , 0
5662 , 0 , 1000 , 449.303 , 0 , 0 , 0
5663 , 0 , 1000 , 449.302 , 0 , 0 , 0
5664 , 0 , 1000 , 449.301 , 0 , 0 , 0
5665 , 0 , 1000 , 449.3 , 0 , 0 , 0
5666 , 0 , 1000 , 449.3 , 0 , 0 , 0
5667 , 0 , 1000 , 449.299 , 0 , 0 , 0
5668 , 0 , 1000 , 449.298 , 0 , 0 , 0
5669 , 0 , 1000 , 449.297 , 0 , 0 , 0
5670 , 0 , 1000 , 449.297 , 0 , 0 , 0
5671 , 0 , 1000 , 449.296 , 0 , 0 , 0
5672 , 0 , 1000 , 449.295 , 0 , 0 , 0
5673 , 0 , 1000 , 449.295 , 0 , 0 , 0
5674 , 0 , 1000 , 449.294 , 0 , 0 , 0
5675 , 0 , 1000 , 449.293 , 0 , 0 , 0
5676 , 0 , 1000 , 449.292 , 0 , 0 , 0
5677 , 0 , 1000 , 449.292 , 0 , 0 , 0
5678 , 0 , 1000 , 449.291 , 0 , 0 , 0
5679 , 0 , 1000 , 449.29 , 0 , 0 , 0
5680 , 0 , 1000 , 449.29 , 0 , 0 , 0
5681 , 0 , 1000 , 449.289 , 0 , 0 , 0
5682 , 0 , 1000 , 449.288 , 0 , 0 , 0
5683 , 0 , 1000 , 449.288 , 0 , 0 , 0
5684 , 0 , 1000 , 449.287 , 0 , 0 , 0
5685 , 0 , 1000 , 449.286 , 0 , 0 , 0
5686 , 0 , 1000 , 449.286 , 0 , 0 , 0
5687 , 0 , 1000 , 449.285 , 0 , 0 , 0
5688 , 0 , 1000 , 449.284 , 0 , 0 , 0
5689 , 0 , 1000 , 449.284 , 0 , 0 , 0
5690 , 0 , 1000 , 449.283 , 0 , 0 , 0
5691 , 0 , 1000 , 449.283 , 0 , 0 , 0
5692 , 0 , 1000 , 449.282 , 0 , 0 , 0
5693 , 0 , 1000 , 449.281 , 0 , 0 , 0
5694 , 0 , 1000 , 449.281 , 0 , 0 , 0
5695 , 0 , 1000 , 449.28 , 0 , 0 , 0
5696 , 0 , 1000 , 449.28 , 0 , 0 , 0
5697 , 0 , 1000 , 449.279 , 0 , 0 , 0
5698 , 0 , 1000 , 449.278 , 0 , 0 , 0
5699 , 0 , 1000 , 449.278 , 0 , 0 , 0
5700 , 0 , 1000 , 449.277 , 0 , 0 , 0
5701 , 0 , 1000 , 449.277 , 0 , 0 , 0
5702 , 0 , 1000 , 449.276 , 0 , 0 , 0
5703 , 0 , 1000 , 449.276 , 0 , 0 , 0
5704 , 0 , 1000 , 449.275 , 0 , 0 , 0
5705 , 0 , 1000 , 449.274 , 0 , 0 , 0
5706 , 0 , 1000 , 449.274 , 0 , 0 , 0
5707 , 0 , 1000 , 449.273 , 0 , 0 , 0
5708 , 0 , 1000 , 449.273 , 0 , 0 , 0
5709 , 0 , 1000 , 449.272 , 0 , 0 , 0
5710 , 0 , 1000 , 449.272 , 0 , 0 , 0
5711 , 0 , 1000 , 449.271 , 0 , 0 , 0
5712 , 0 , 1000 , 449.271 , 0 , 0 , 0
5713 , 0 , 1000 , 449.27 , 0 , 0 , 0
5714 , 0 , 1000 , 449.27 , 0 , 0 , 0
5715 , 0 , 1000 , 449.269 , 0 , 0 , 0
5716 , 0 , 1000 , 449.269 , 0 , 0 , 0
5717 , 0 , 1000 , 449.268 , 0 , 0 , 0
5718 , 0 , 1000 , 449.268 , 0 , 0 , 0
5719 , 0 , 1000 , 449.267 , 0 , 0 , 0
5720 , 0 , 1000 , 449.267 , 0 , 0 , 0
5721 , 0 , 1000 , 449.266 , 0 , 0 , 0
5722 , 0 , 1000 , 449.266 , 0 , 0 , 0
5723 , 0 , 1000 , 449.265 , 0 , 0 , 0
5724 , 0 , 1000 , 449.265 , 0 , 0 , 0
5725 , 0 , 1000 , 449.264 , 0 , 0 , 0
5726 , 0 , 1000 , 449.264 , 0 , 0 , 0
5727 , 0 , 1000 , 449.263 , 0 , 0 , 0
5728 , 0 , 1000 , 449.263 , 0 , 0 , 0
5729 , 0 , 1000 , 449.262 , 0 , 0 , 0
5730 , 0 , 1000 , 449.262 , 0 , 0 , 0
5731 , 0 , 1000 , 449.262 , 0 , 0 , 0
5732 , 0 , 1000 , 449.261 , 0 , 0 , 0
5733 , 0 , 1000 , 449.261 , 0 , 0 , 0
5734 , 0 , 1000 , 449.26 , 0 , 0 , 0
5735 , 0 , 1000 , 449.26 , 0 , 0 , 0
5736 , 0 , 1000 , 449.259 , 0 , 0 , 0
5737 , 0 , 1000 , 449.259 , 0 , 0 , 0
5738 , 0 , 1000 , 449.259 , 0 , 0 , 0
5739 , 0 , 1000 , 449.258 , 0 , 0 , 0
5740 , 0 , 1000 , 449.258 , 0 , 0 , 0
5741 , 0 , 1000 , 449.257 , 0 , 0 , 0
5742 , 0 , 1000 , 449.257 , 0 , 0 , 0
5743 , 0 , 1000 , 449.257 , 0 , 0 , 0
5744 , 0 , 1000 , 449.256 , 0 , 0 , 0
5745 , 0 , 1000 , 449.256 , 0 , 0 , 0
5746 , 0 , 1000 , 449.255 , 0 , 0 , 0
5747 , 0 , 1000 , 449.255 , 0 , 0 , 0
5748 , 0 , 1000 , 449.255 , 0 , 0 , 0
5749 , 0 , 1000 , 449.254 , 0 , 0 , 0
5750 , 0 , 1000 , 449.254 , 0 , 0 , 0
5751 , 0 , 1000 , 449.254 , 0 , 0 , 0
5752 , 0 , 1000 , 449.253 , 0 , 0 , 0
5753 , 0 , 1000 , 449.253 , 0 , 0 , 0
5754 , 0 , 1000 , 449.252 , 0 , 0 , 0
5755 , 0 , 1000 , 449.252 , 0 , 0 , 0
5756 , 0 , 1000 , 449.252 , 0 , 0 , 0
5757 , 0 , 1000 , 449.251 , 0 , 0 , 0
5758 , 0 , 1000 , 449.251 , 0 , 0 , 0
5759 , 0 , 1000 , 449.251 , 0 , 0 , 0
5760 , 0 , 1000 , 449.251 , 0 , 0 , 0
5761 , 0 , 1000 , 449.25 , 0 , 0 , 0
5762 , 0 , 1000 , 449.25 , 0 , 0 , 0
5763 , 0 , 1000 , 449.25 , 0 , 0 , 0
5764 , 0 , 1000 , 449.249 , 0 , 0 , 0
5765 , 0 , 1000 , 449.249 , 0 , 0 , 0
5766 , 0 , 1000 , 449.249 , 0 , 0 , 0
5767 , 0 , 1000 , 449.249 , 0 , 0 , 0
5768 , 0 , 1000 , 449.248 , 0 , 0 , 0
5769 , 0 , 1000 , 449.248 , 0 , 0 , 0
5770 , 0 , 1000 , 449.248 , 0 , 0 , 0
5771 , 0 , 1000 , 449.247 , 0 , 0 , 0
5772 , 0 , 1000 , 449.247 , 0 , 0 , 0
5773 , 0 , 1000 , 449.247 , 0 , 0 , 0
5774 , 0 , 1000 , 449.247 , 0 , 0 , 0
5775 , 0 , 1000 , 449.246 , 0 , 0 , 0
5776 , 0 , 1000 , 449.246 , 0 , 0 , 0
5777 , 0 , 1000 , 449.246 , 0 , 0 , 0
5778 , 0 , 1000 , 449.246 , 0 , 0 , 0
5779 , 0 , 1000 , 449.245 , 0 , 0 , 0
5780 , 0 , 1000 , 449.245 , 0 , 0 , 0
5781 , 0 , 1000 , 449.245 , 0 , 0 , 0
5782 , 0 , 1000 , 449.245 , 0 , 0 , 0
5783 , 0 , 1000 , 449.244 , 0 , 0 , 0
5784 , 0 , 1000 , 449.244 , 0 , 0 , 0
5785 , 0 , 1000 , 449.244 , 0 , 0 , 0
5786 , 0 , 1000 , 449.244 , 0 , 0 , 0
5787 , 0 , 1000 , 449.244 , 0 , 0 , 0
5788 , 0 , 1000 , 449.243 , 0 , 0 , 0
5789 , 0 , 1000 , 449.243 , 0 , 0 , 0
5790 , 0 , 1000 , 449.243 , 0 , 0 , 0
5791 , 0 , 1000 , 449.243 , 0 , 0 , 0
5792 , 0 , 1000 , 449.242 , 0 , 0 , 0
5793 , 0 , 1000 , 449.242 , 0 , 0 , 0
5794 , 0 , 1000 , 449.242 , 0 , 0 , 0
5795 , 0 , 1000 , 449.242 , 0 , 0 , 0
5796 , 0 , 1000 , 449.242 , 0 , 0 , 0
5797 , 0 , 1000 , 449.242 , 0 , 0 , 0
5798 , 0 , 1000 , 449.241 , 0 , 0 , 0
5799 , 0 , 1000 , 449.241 , 0 , 0 , 0
5800 , 0 , 1000 , 449.241 , 0 , 0 , 0
5801 , 0 , 1000 , 449.241 , 0 , 0 , 0
5802 , 0 , 1000 , 449.241 , 0 , 0 , 0
5803 , 0 , 1000 , 449.241 , 0 , 0 , 0
5804 , 0 , 1000 , 449.24 , 0 , 0 , 0
5805 , 0 , 1000 , 449.24 , 0 , 0 , 0
5806 , 0 , 1000 , 449.24 , 0 , 0 , 0
5807 , 0 , 1000 , 449.24 , 0 , 0 , 0
5808 , 0 , 1000 , 449.24 , 0 , 0 , 0
5809 , 0 , 1000 , 449.24 , 0 , 0 , 0
5810 , 0 , 1000 , 449.24 , 0 , 0 , 0
5811 , 0 , 1000 , 449.24 , 0 , 0 , 0
5812 , 0 , 1000 , 449.24 , 0 , 0 , 0
5813 , 0 , 1000 , 449.239 , 0 , 0 , 0
5814 , 0 , 1000 , 449.239 , 0 , 0 , 0
5815 , 0 , 1000 , 449.239 , 0 , 0 , 0
5816 , 0 , 1000 , 449.239 , 0 , 0 , 0
5817 , 0 , 1000 , 449.239 , 0 , 0 , 0
5818 , 0 , 1000 , 449.239 , 0 , 0 , 0
5819 , 0 , 1000 , 449.239 , 0 , 0 , 0
5820 , 0 , 1000 , 449.239 , 0 , 0 , 0
5821 , 0 , 1000 , 449.239 , 0 , 0 , 0
5822 , 0 , 1000 , 449.239 , 0 , 0 , 0
5823 , 0 , 1000 , 449.239 , 0 , 0 , 0
5824 , 0 , 1000 , 449.239 , 0 , 0 , 0
5825 , 0 , 1000 , 449.238 , 0 , 0 , 0
5826 , 0 , 1000 , 449.238 , 0 , 0 , 0
5827 , 0 , 1000 , 449.238 , 0 , 0 , 0
5828 , 0 , 1000 , 449.238 , 0 , 0 , 0
5829 , 0 , 1000 , 449.238 , 0 , 0 , 0
5830 , 0 , 1000 , 449.238 , 0 , 0 , 0
5831 , 0 , 1000 , 449.238 , 0 , 0 , 0
5832 , 0 , 1000 , 449.238 , 0 , 0 , 0
5833 , 0 , 1000 , 449.238 , 0 , 0 , 0
5834 , 0 , 1000 , 449.238 , 0 , 0 , 0
5835 , 0 , 1000 , 449.238 , 0 , 0 , 0
5836 , 0 , 1000 , 449.238 , 0 , 0 , 0
5837 , 0 , 1000 , 449.238 , 0 , 0 , 0
5838 , 0 , 1000 , 449.238 , 0 , 0 , 0
5839 , 0 , 1000 , 449.238 , 0 , 0 , 0
5840 , 0 , 1000 , 449.238 , 0 , 0 , 0
5841 , 0 , 1000 , 449.238 , 0 , 0 , 0
5842 , 0 , 1000 , 449.238 , 0 , 0 , 0
5843 , 0 , 1000 , 449.238 , 0 , 0 , 0
5844 , 0 , 1000 , 449.238 , 0 , 0 , 0
5845 , 0 , 1000 , 449.238 , 0 , 0 , 0
5846 , 0 , 1000 , 449.238 , 0 , 0 , 0
5847 , 0 , 1000 , 449.238 , 0 , 0 , 0
5848 , 0 , 1000 , 449.238 , 0 , 0 , 0
5849 , 0 , 1000 , 449.238 , 0 , 0 , 0
5850 , 0 , 1000 , 449.238 , 0 , 0 , 0
5851 , 0 , 1000 , 449.239 , 0 , 0 , 0
5852 , 0 , 1000 , 449.239 , 0 , 0 , 0
5853 , 0 , 1000 , 449.239 , 0 , 0 , 0
5854 , 0 , 1000 , 449.239 , 0 , 0 , 0
5855 , 0 , 1000 , 449.239 , 0 , 0 , 0
5856 , 0 , 1000 , 449.239 , 0 , 0 , 0
5857 , 0 , 1000 , 449.239 , 0 , 0 , 0
5858 , 0 , 1000 , 449.239 , 0 , 0 , 0
5859 , 0 , 1000 , 449.239 , 0 , 0 , 0
5860 , 0 , 1000 , 449.239 , 0 , 0 , 0
5861 , 0 , 1000 , 449.239 , 0 , 0 , 0
5862 , 0 , 1000 , 449.239 , 0 , 0 , 0
5863 , 0 , 1000 , 449.239 , 0 , 0 , 0
5864 , 0 , 1000 , 449.24 , 0 , 0 , 0
5865 , 0 , 1000 , 449.24 , 0 , 0 , 0
5866 , 0 , 1000 , 449.24 , 0 , 0 , 0
5867 , 0 , 1000 , 449.24 , 0 , 0 , 0
5868 , 0 , 1000 , 449.24 , 0 , 0 , 0
5869 , 0 , 1000 , 449.24 , 0 , 0 , 0
5870 , 0 , 1000 , 449.24 , 0 , 0 , 0
5871 , 0 , 1000 , 449.24 , 0 , 0 , 0
5872 , 0 , 1000 , 449.241 , 0 , 0 , 0
5873 , 0 , 1000 , 449.241 , 0 , 0 , 0
5874 , 0 , 1000 , 449.241 , 0 , 0 , 0
5875 , 0 , 1000 , 449.241 , 0 , 0 , 0
5876 , 0 , 1000 , 449.241 , 0 , 0 , 0
5877 , 0 , 1000 , 449.241 , 0 , 0 , 0
5878 , 0 , 1000 , 449.242 , 0 , 0 , 0
5879 , 0 , 1000 , 449.242 , 0 , 0 , 0
5880 , 0 , 1000 , 449.242 , 0 , 0 , 0
5881 , 0 , 1000 , 449.242 , 0 , 0 , 0
5882 , 0 , 1000 , 449.242 , 0 , 0 , 0
5883 , 0 , 1000 , 449.242 , 0 , 0 , 0
5884 , 0 , 1000 , 449.243 , 0 , 0 , 0
5885 , 0 , 1000 , 449.243 , 0 , 0 , 0
5886 , 0 , 1000 , 449.243 , 0 , 0 , 0
5887 , 0 , 1000 , 449.243 , 0 , 0 , 0
5888 , 0 , 1000 , 449.243 , 0 , 0 , 0
5889 , 0 , 1000 , 449.244 , 0 , 0 , 0
5890 , 0 , 1000 , 449.244 , 0 , 0 , 0
5891 , 0 , 1000 , 449.244 , 0 , 0 , 0
5892 , 0 , 1000 , 449.244 , 0 , 0 , 0
5893 , 0 , 1000 , 449.245 , 0 , 0 , 0
5894 , 0 , 1000 , 449.245 , 0 , 0 , 0
5895 , 0 , 1000 , 449.245 , 0 , 0 , 0
5896 , 0 , 1000 , 449.245 , 0 , 0 , 0
5897 , 0 , 1000 , 449.245 , 0 , 0 , 0
5898 , 0 , 1000 , 449.246 , 0 , 0 , 0
5899 , 0 , 1000 , 449.246 , 0 , 0 , 0
5900 , 0 , 1000 , 449.246 , 0 , 0 , 0
5901 , 0 , 1000 , 449.246 , 0 , 0 , 0
5902 , 0 , 1000 , 449.247 , 0 , 0 , 0
5903 , 0 , 1000 , 449.247 , 0 , 0 , 0
5904 , 0 , 1000 , 449.247 , 0 , 0 , 0
5905 , 0 , 1000 , 449.247 , 0 , 0 , 0
5906 , 0 , 1000 , 449.248 , 0 , 0 , 0
5907 , 0 , 1000 , 449.248 , 0 , 0 , 0
5908 , 0 , 1000 , 449.248 , 0 , 0 , 0
5909 , 0 , 1000 , 449.248 , 0 , 0 , 0
5910 , 0 , 1000 , 449.249 , 0 , 0 , 0
5911 , 0 , 1000 , 449.249 , 0 , 0 , 0
5912 , 0 , 1000 , 449.249 , 0 , 0 , 0
5913 , 0 , 1000 , 449.249 , 0 , 0 , 0
5914 , 0 , 1000 , 449.25 , 0 , 0 , 0
5915 , 0 , 1000 , 449.25 , 0 , 0 , 0
5916 , 0 , 1000 , 449.25 , 0 , 0 , 0
5917 , 0 , 1000 , 449.251 , 0 , 0 , 0
5918 , 0 , 1000 , 449.251 , 0 , 0 , 0
5919 , 0 , 1000 , 449.251 , 0 , 0 , 0
5920 , 0 , 1000 , 449.252 , 0 , 0 , 0
5921 , 0 , 1000 , 449.252 , 0 , 0 , 0
5922 , 0 , 1000 , 449.252 , 0 , 0 , 0
5923 , 0 , 1000 , 449.252 , 0 , 0 , 0
5924 , 0 , 1000 , 449.253 , 0 , 0 , 0
5925 , 0 , 1000 , 449.253 , 0 , 0 , 0
5926 , 0 , 1000 , 449.253 , 0 , 0 , 0
5927 , 0 , 1000 , 449.254 , 0 , 0 , 0
5928 , 0 , 1000 , 449.254 , 0 , 0 , 0
5929 , 0 , 1000 , 449.254 , 0 , 0 , 0
5930 , 0 , 1000 , 449.255 , 0 , 0 , 0
5931 , 0 , 1000 , 449.255 , 0 , 0 , 0
5932 , 0 , 1000 , 449.255 , 0 , 0 , 0
5933 , 0 , 1000 , 449.256 , 0 , 0 , 0
5934 , 0 , 1000 , 449.256 , 0 , 0 , 0
5935 , 0 , 1000 , 449.257 , 0 , 0 , 0
5936 , 0 , 1000 , 449.257 , 0 , 0 , 0
5937 , 0 , 1000 , 449.257 , 0 , 0 , 0
5938 , 0 , 1000 , 449.258 , 0 , 0 , 0
5939 , 0 , 1000 , 449.258 , 0 , 0 , 0
5940 , 0 , 1000 , 449.258 , 0 , 0 , 0
5941 , 0 , 1000 , 449.259 , 0 , 0 , 0
5942 , 0 , 1000 , 449.259 , 0 , 0 , 0
5943 , 0 , 1000 , 449.259 , 0 , 0 , 0
5944 , 0 , 1000 , 449.26 , 0 , 0 , 0
5945 , 0 , 1000 , 449.26 , 0 , 0 , 0
5946 , 0 , 1000 , 449.261 , 0 , 0 , 0
5947 , 0 , 1000 , 449.261 , 0 , 0 , 0
5948 , 0 , 1000 , 449.261 , 0 , 0 , 0
5949 , 0 , 1000 , 449.262 , 0 , 0 , 0
5950 , 0 , 1000 , 449.262 , 0 , 0 , 0
5951 , 0 , 1000 , 449.263 , 0 , 0 , 0
5952 , 0 , 1000 , 449.263 , 0 , 0 , 0
5953 , 0 , 1000 , 449.263 , 0 , 0 , 0
5954 , 0 , 1000 , 449.264 , 0 , 0 , 0
5955 , 0 , 1000 , 449.264 , 0 , 0 , 0
5956 , 0 , 1000 , 449.265 , 0 , 0 , 0
5957 , 0 , 1000 , 449.265 , 0 , 0 , 0
5958 , 0 , 1000 , 449.266 , 0 , 0 , 0
5959 , 0 , 1000 , 449.266 , 0 , 0 , 0
5960 , 0 , 1000 , 449.266 , 0 , 0 , 0
5961 , 0 , 1000 , 449.267 , 0 , 0 , 0
5962 , 0 , 1000 , 449.267 , 0 , 0 , 0
5963 , 0 , 1000 , 449.268 , 0 , 0 , 0
5964 , 0 , 1000 , 449.268 , 0 , 0 , 0
5965 , 0 , 1000 , 449.269 , 0 , 0 , 0
5966 , 0 , 1000 , 449.269 , 0 , 0 , 0
5967 , 0 , 1000 , 449.27 , 0 , 0 , 0
5968 , 0 , 1000 , 449.27 , 0 , 0 , 0
5969 , 0 , 1000 , 449.271 , 0 , 0 , 0
5970 , 0 , 1000 , 449.271 , 0 , 0 , 0
5971 , 0 , 1000 , 449.272 , 0 , 0 , 0
5972 , 0 , 1000 , 449.272 , 0 , 0 , 0
5973 , 0 , 1000 , 449.273 , 0 , 0 , 0
5974 , 0 , 1000 , 449.273 , 0 , 0 , 0
5975 , 0 , 1000 , 449.274 , 0 , 0 , 0
5976 , 0 , 1000 , 449.274 , 0 , 0 , 0
5977 , 0 , 1000 , 449.275 , 0 , 0 , 0
5978 , 0 , 1000 , 449.275 , 0 , 0 , 0
5979 , 0 , 1000 , 449.276 , 0 , 0 , 0
5980 , 0 , 1000 , 449.276 , 0 , 0 , 0
5981 , 0 , 1000 , 449.277 , 0 , 0 , 0
5982 , 0 , 1000 , 449.277 , 0 , 0 , 0
5983 , 0 , 1000 , 449.278 , 0 , 0 , 0
5984 , 0 , 1000 , 449.279 , 0 , 0 , 0
5985 , 0 , 1000 , 449.279 , 0 , 0 , 0
5986 , 0 , 1000 , 449.28 , 0 , 0 , 0
5987 , 0 , 1000 , 449.28 , 0 , 0 , 0
5988 , 0 , 1000 , 449.281 , 0 , 0 , 0
5989 , 0 , 1000 , 449.281 , 0 , 0 , 0
5990 , 0 , 1000 , 449.282 , 0 , 0 , 0
5991 , 0 , 1000 , 449.282 , 0 , 0 , 0
5992 , 0 , 1000 , 449.283 , 0 , 0 , 0
5993 , 0 , 1000 , 449.284 , 0 , 0 , 0
5994 , 0 , 1000 , 449.284 , 0 , 0 , 0
5995 , 0 , 1000 , 449.285 , 0 , 0 , 0
5996 , 0 , 1000 , 449.285 , 0 , 0 , 0
5997 , 0 , 1000 , 449.286 , 0 , 0 , 0
5998 , 0 , 1000 , 449.287 , 0 , 0 , 0
5999 , 0 , 1000 , 449.287 , 0 , 0 , 0
6000 , 0 , 1000 , 449.288 , 0 , 0 , 0
