Step , TotalTime , T , P , Ux , Uy , Uz
1 , 0 , 1241.96 , 3544.22 , 276.275 , -62.4939 , 1285.56
2 , 0 , 1240.38 , 3524.89 , 276.375 , -62.5128 , 1285.77
3 , 0 , 1238.86 , 3506.39 , 276.511 , -62.5315 , 1286
4 , 0 , 1237.4 , 3488.74 , 276.683 , -62.5501 , 1286.26
5 , 0 , 1236.01 , 3471.95 , 276.893 , -62.5687 , 1286.55
6 , 0 , 1234.68 , 3456.02 , 277.143 , -62.5874 , 1286.87
7 , 0 , 1233.42 , 3440.97 , 277.435 , -62.6064 , 1287.22
8 , 0 , 1232.23 , 3426.79 , 277.769 , -62.6257 , 1287.6
9 , 0 , 1231.1 , 3413.48 , 278.146 , -62.6455 , 1288
10 , 0 , 1230.04 , 3401.03 , 278.565 , -62.6659 , 1288.43
11 , 0 , 1229.05 , 3389.43 , 279.027 , -62.6869 , 1288.89
12 , 0 , 1228.12 , 3378.67 , 279.531 , -62.7087 , 1289.38
13 , 0 , 1227.25 , 3368.72 , 280.076 , -62.7313 , 1289.89
14 , 0 , 1226.44 , 3359.56 , 280.659 , -62.7548 , 1290.42
15 , 0 , 1225.69 , 3351.16 , 281.279 , -62.7792 , 1290.98
16 , 0 , 1225 , 3343.49 , 281.934 , -62.8046 , 1291.55
17 , 0 , 1224.37 , 3336.51 , 282.622 , -62.831 , 1292.14
18 , 0 , 1223.79 , 3330.19 , 283.34 , -62.8583 , 1292.75
19 , 0 , 1223.26 , 3324.5 , 284.085 , -62.8867 , 1293.37
20 , 0 , 1222.77 , 3319.39 , 284.854 , -62.916 , 1294
21 , 0 , 1222.33 , 3314.84 , 285.645 , -62.9462 , 1294.63
22 , 0 , 1221.93 , 3310.79 , 286.455 , -62.9773 , 1295.27
23 , 0 , 1221.57 , 3307.23 , 287.281 , -63.0092 , 1295.91
24 , 0 , 1221.24 , 3304.1 , 288.12 , -63.0418 , 1296.55
25 , 0 , 1220.95 , 3301.38 , 288.97 , -63.0752 , 1297.19
26 , 0 , 1220.69 , 3299.02 , 289.828 , -63.1091 , 1297.82
27 , 0 , 1220.45 , 3297.01 , 290.691 , -63.1436 , 1298.45
28 , 0 , 1220.25 , 3295.29 , 291.557 , -63.1785 , 1299.07
29 , 0 , 1220.06 , 3293.85 , 292.424 , -63.2138 , 1299.67
30 , 0 , 1219.9 , 3292.66 , 293.289 , -63.2493 , 1300.26
31 , 0 , 1219.75 , 3291.69 , 294.151 , -63.285 , 1300.84
32 , 0 , 1219.63 , 3290.9 , 295.008 , -63.3208 , 1301.4
33 , 0 , 1219.51 , 3290.29 , 295.858 , -63.3565 , 1301.94
34 , 0 , 1219.41 , 3289.82 , 296.7 , -63.3922 , 1302.46
35 , 0 , 1219.33 , 3289.48 , 297.531 , -63.4277 , 1302.96
36 , 0 , 1219.25 , 3289.25 , 298.352 , -63.4629 , 1303.45
37 , 0 , 1219.18 , 3289.11 , 299.16 , -63.4978 , 1303.91
38 , 0 , 1219.12 , 3289.04 , 299.955 , -63.5323 , 1304.36
39 , 0 , 1219.07 , 3289.03 , 300.736 , -63.5663 , 1304.78
40 , 0 , 1219.02 , 3289.07 , 301.502 , -63.5998 , 1305.18
41 , 0 , 1218.98 , 3289.15 , 302.252 , -63.6327 , 1305.56
42 , 0 , 1218.94 , 3289.25 , 302.986 , -63.6649 , 1305.92
43 , 0 , 1218.9 , 3289.37 , 303.703 , -63.6965 , 1306.26
44 , 0 , 1218.87 , 3289.49 , 304.403 , -63.7272 , 1306.57
45 , 0 , 1218.83 , 3289.62 , 305.086 , -63.7572 , 1306.87
46 , 0 , 1218.8 , 3289.74 , 305.752 , -63.7864 , 1307.15
47 , 0 , 1218.77 , 3289.85 , 306.399 , -63.8147 , 1307.41
48 , 0 , 1218.74 , 3289.94 , 307.029 , -63.8422 , 1307.65
49 , 0 , 1218.71 , 3290.02 , 307.641 , -63.8687 , 1307.87
50 , 0 , 1218.68 , 3290.07 , 308.235 , -63.8943 , 1308.07
51 , 0 , 1218.65 , 3290.09 , 308.812 , -63.9189 , 1308.26
52 , 0 , 1218.62 , 3290.08 , 309.37 , -63.9425 , 1308.43
53 , 0 , 1218.59 , 3290.04 , 309.91 , -63.9651 , 1308.58
54 , 0 , 1218.56 , 3289.97 , 310.433 , -63.9866 , 1308.72
55 , 0 , 1218.52 , 3289.86 , 310.939 , -64.0071 , 1308.84
56 , 0 , 1218.48 , 3289.72 , 311.427 , -64.0266 , 1308.95
57 , 0 , 1218.44 , 3289.54 , 311.898 , -64.0449 , 1309.04
58 , 0 , 1218.4 , 3289.33 , 312.353 , -64.0623 , 1309.12
59 , 0 , 1218.36 , 3289.08 , 312.79 , -64.0785 , 1309.19
60 , 0 , 1218.31 , 3288.79 , 313.212 , -64.0937 , 1309.24
61 , 0 , 1218.26 , 3288.47 , 313.618 , -64.1078 , 1309.28
62 , 0 , 1218.21 , 3288.11 , 314.008 , -64.1209 , 1309.31
63 , 0 , 1218.16 , 3287.73 , 314.383 , -64.133 , 1309.33
64 , 0 , 1218.11 , 3287.31 , 314.744 , -64.144 , 1309.34
65 , 0 , 1218.05 , 3286.86 , 315.09 , -64.1541 , 1309.33
66 , 0 , 1218 , 3286.39 , 315.422 , -64.1631 , 1309.32
67 , 0 , 1217.94 , 3285.88 , 315.74 , -64.1712 , 1309.3
68 , 0 , 1217.87 , 3285.36 , 316.046 , -64.1784 , 1309.27
69 , 0 , 1217.81 , 3284.8 , 316.338 , -64.1846 , 1309.24
70 , 0 , 1217.74 , 3284.23 , 316.618 , -64.1899 , 1309.19
71 , 0 , 1217.68 , 3283.63 , 316.885 , -64.1944 , 1309.14
72 , 0 , 1217.61 , 3283.01 , 317.141 , -64.1979 , 1309.08
73 , 0 , 1217.54 , 3282.37 , 317.385 , -64.2005 , 1309.01
74 , 0 , 1217.46 , 3281.71 , 317.618 , -64.2023 , 1308.94
75 , 0 , 1217.39 , 3281.04 , 317.839 , -64.2033 , 1308.86
76 , 0 , 1217.31 , 3280.35 , 318.051 , -64.2035 , 1308.77
77 , 0 , 1217.24 , 3279.65 , 318.252 , -64.203 , 1308.67
78 , 0 , 1217.16 , 3278.93 , 318.443 , -64.2017 , 1308.57
79 , 0 , 1217.08 , 3278.21 , 318.625 , -64.1996 , 1308.47
80 , 0 , 1217 , 3277.48 , 318.798 , -64.1969 , 1308.36
81 , 0 , 1216.92 , 3276.73 , 318.962 , -64.1936 , 1308.24
82 , 0 , 1216.83 , 3275.98 , 319.118 , -64.1897 , 1308.12
83 , 0 , 1216.75 , 3275.23 , 319.266 , -64.1851 , 1307.99
84 , 0 , 1216.67 , 3274.47 , 319.405 , -64.1799 , 1307.86
85 , 0 , 1216.58 , 3273.7 , 319.537 , -64.1742 , 1307.73
86 , 0 , 1216.5 , 3272.94 , 319.661 , -64.1679 , 1307.59
87 , 0 , 1216.41 , 3272.17 , 319.778 , -64.161 , 1307.44
88 , 0 , 1216.32 , 3271.4 , 319.889 , -64.1537 , 1307.29
89 , 0 , 1216.24 , 3270.63 , 319.992 , -64.146 , 1307.13
90 , 0 , 1216.15 , 3269.87 , 320.09 , -64.1378 , 1306.97
91 , 0 , 1216.06 , 3269.12 , 320.181 , -64.1291 , 1306.81
92 , 0 , 1215.98 , 3268.37 , 320.265 , -64.12 , 1306.63
93 , 0 , 1215.89 , 3267.63 , 320.344 , -64.1104 , 1306.46
94 , 0 , 1215.81 , 3266.9 , 320.418 , -64.1005 , 1306.27
95 , 0 , 1215.72 , 3266.17 , 320.486 , -64.0903 , 1306.09
96 , 0 , 1215.64 , 3265.46 , 320.55 , -64.0799 , 1305.9
97 , 0 , 1215.56 , 3264.75 , 320.609 , -64.0692 , 1305.71
98 , 0 , 1215.47 , 3264.05 , 320.664 , -64.0584 , 1305.51
99 , 0 , 1215.39 , 3263.36 , 320.715 , -64.0474 , 1305.31
100 , 0 , 1215.3 , 3262.67 , 320.763 , -64.0364 , 1305.11
101 , 0 , 1215.22 , 3262 , 320.807 , -64.0253 , 1304.91
102 , 0 , 1215.13 , 3261.33 , 320.848 , -64.0142 , 1304.71
103 , 0 , 1215.04 , 3260.67 , 320.886 , -64.003 , 1304.51
104 , 0 , 1214.96 , 3260.02 , 320.922 , -63.9919 , 1304.31
105 , 0 , 1214.87 , 3259.37 , 320.954 , -63.9808 , 1304.1
106 , 0 , 1214.78 , 3258.73 , 320.985 , -63.9698 , 1303.9
107 , 0 , 1214.69 , 3258.1 , 321.013 , -63.9588 , 1303.69
108 , 0 , 1214.6 , 3257.47 , 321.038 , -63.948 , 1303.49
109 , 0 , 1214.51 , 3256.84 , 321.062 , -63.9372 , 1303.28
110 , 0 , 1214.42 , 3256.23 , 321.084 , -63.9266 , 1303.08
111 , 0 , 1214.33 , 3255.61 , 321.104 , -63.916 , 1302.87
112 , 0 , 1214.24 , 3255.01 , 321.122 , -63.9057 , 1302.67
113 , 0 , 1214.15 , 3254.4 , 321.139 , -63.8954 , 1302.46
114 , 0 , 1214.05 , 3253.8 , 321.154 , -63.8854 , 1302.26
115 , 0 , 1213.96 , 3253.2 , 321.168 , -63.8754 , 1302.06
116 , 0 , 1213.86 , 3252.61 , 321.181 , -63.8657 , 1301.85
117 , 0 , 1213.77 , 3252.01 , 321.192 , -63.8561 , 1301.65
118 , 0 , 1213.67 , 3251.42 , 321.202 , -63.8467 , 1301.45
119 , 0 , 1213.58 , 3250.83 , 321.211 , -63.8374 , 1301.25
120 , 0 , 1213.48 , 3250.24 , 321.218 , -63.8284 , 1301.05
121 , 0 , 1213.38 , 3249.66 , 321.225 , -63.8195 , 1300.85
122 , 0 , 1213.29 , 3249.07 , 321.231 , -63.8108 , 1300.65
123 , 0 , 1213.19 , 3248.48 , 321.235 , -63.8024 , 1300.45
124 , 0 , 1213.09 , 3247.9 , 321.239 , -63.794 , 1300.25
125 , 0 , 1212.99 , 3247.31 , 321.242 , -63.7859 , 1300.05
126 , 0 , 1212.89 , 3246.73 , 321.244 , -63.778 , 1299.86
127 , 0 , 1212.79 , 3246.14 , 321.246 , -63.7702 , 1299.66
128 , 0 , 1212.69 , 3245.56 , 321.247 , -63.7627 , 1299.47
129 , 0 , 1212.59 , 3244.97 , 321.247 , -63.7553 , 1299.27
130 , 0 , 1212.49 , 3244.38 , 321.246 , -63.7481 , 1299.08
131 , 0 , 1212.39 , 3243.79 , 321.245 , -63.7411 , 1298.88
132 , 0 , 1212.29 , 3243.2 , 321.243 , -63.7343 , 1298.69
133 , 0 , 1212.19 , 3242.61 , 321.24 , -63.7276 , 1298.5
134 , 0 , 1212.09 , 3242.01 , 321.237 , -63.7211 , 1298.31
135 , 0 , 1211.98 , 3241.42 , 321.234 , -63.7148 , 1298.12
136 , 0 , 1211.88 , 3240.82 , 321.23 , -63.7087 , 1297.93
137 , 0 , 1211.78 , 3240.22 , 321.225 , -63.7027 , 1297.74
138 , 0 , 1211.67 , 3239.62 , 321.22 , -63.6969 , 1297.56
139 , 0 , 1211.57 , 3239.02 , 321.215 , -63.6913 , 1297.37
140 , 0 , 1211.47 , 3238.41 , 321.209 , -63.6858 , 1297.18
141 , 0 , 1211.36 , 3237.8 , 321.203 , -63.6805 , 1297
142 , 0 , 1211.26 , 3237.19 , 321.196 , -63.6754 , 1296.82
143 , 0 , 1211.16 , 3236.58 , 321.19 , -63.6704 , 1296.63
144 , 0 , 1211.05 , 3235.97 , 321.182 , -63.6655 , 1296.45
145 , 0 , 1210.95 , 3235.35 , 321.175 , -63.6608 , 1296.27
146 , 0 , 1210.84 , 3234.73 , 321.167 , -63.6562 , 1296.09
147 , 0 , 1210.74 , 3234.11 , 321.158 , -63.6518 , 1295.91
148 , 0 , 1210.64 , 3233.48 , 321.15 , -63.6475 , 1295.73
149 , 0 , 1210.53 , 3232.85 , 321.141 , -63.6434 , 1295.56
150 , 0 , 1210.43 , 3232.22 , 321.132 , -63.6394 , 1295.38
151 , 0 , 1210.32 , 3231.59 , 321.123 , -63.6355 , 1295.2
152 , 0 , 1210.22 , 3230.95 , 321.113 , -63.6317 , 1295.03
153 , 0 , 1210.11 , 3230.31 , 321.103 , -63.6281 , 1294.86
154 , 0 , 1210.01 , 3229.67 , 321.093 , -63.6245 , 1294.68
155 , 0 , 1209.9 , 3229.02 , 321.083 , -63.6211 , 1294.51
156 , 0 , 1209.79 , 3228.38 , 321.072 , -63.6178 , 1294.34
157 , 0 , 1209.69 , 3227.73 , 321.062 , -63.6147 , 1294.17
158 , 0 , 1209.58 , 3227.07 , 321.051 , -63.6116 , 1294
159 , 0 , 1209.48 , 3226.42 , 321.04 , -63.6086 , 1293.83
160 , 0 , 1209.37 , 3225.76 , 321.028 , -63.6057 , 1293.67
161 , 0 , 1209.27 , 3225.1 , 321.017 , -63.6029 , 1293.5
162 , 0 , 1209.16 , 3224.43 , 321.005 , -63.6003 , 1293.33
163 , 0 , 1209.05 , 3223.76 , 320.994 , -63.5977 , 1293.17
164 , 0 , 1208.95 , 3223.09 , 320.982 , -63.5952 , 1293.01
165 , 0 , 1208.84 , 3222.42 , 320.97 , -63.5928 , 1292.84
166 , 0 , 1208.73 , 3221.74 , 320.958 , -63.5905 , 1292.68
167 , 0 , 1208.63 , 3221.06 , 320.945 , -63.5882 , 1292.52
168 , 0 , 1208.52 , 3220.38 , 320.933 , -63.5861 , 1292.36
169 , 0 , 1208.41 , 3219.7 , 320.921 , -63.584 , 1292.2
170 , 0 , 1208.31 , 3219.01 , 320.908 , -63.582 , 1292.05
171 , 0 , 1208.2 , 3218.32 , 320.895 , -63.58 , 1291.89
172 , 0 , 1208.09 , 3217.63 , 320.883 , -63.5781 , 1291.73
173 , 0 , 1207.99 , 3216.93 , 320.87 , -63.5763 , 1291.58
174 , 0 , 1207.88 , 3216.24 , 320.857 , -63.5746 , 1291.42
175 , 0 , 1207.77 , 3215.53 , 320.844 , -63.5729 , 1291.27
176 , 0 , 1207.67 , 3214.83 , 320.831 , -63.5713 , 1291.12
177 , 0 , 1207.56 , 3214.13 , 320.818 , -63.5698 , 1290.97
178 , 0 , 1207.45 , 3213.42 , 320.805 , -63.5682 , 1290.82
179 , 0 , 1207.34 , 3212.71 , 320.791 , -63.5668 , 1290.67
180 , 0 , 1207.23 , 3211.99 , 320.778 , -63.5654 , 1290.52
181 , 0 , 1207.13 , 3211.28 , 320.765 , -63.564 , 1290.37
182 , 0 , 1207.02 , 3210.56 , 320.751 , -63.5627 , 1290.22
183 , 0 , 1206.91 , 3209.84 , 320.738 , -63.5615 , 1290.08
184 , 0 , 1206.8 , 3209.11 , 320.725 , -63.5603 , 1289.93
185 , 0 , 1206.69 , 3208.39 , 320.711 , -63.5591 , 1289.79
186 , 0 , 1206.59 , 3207.66 , 320.698 , -63.5579 , 1289.64
187 , 0 , 1206.48 , 3206.93 , 320.684 , -63.5568 , 1289.5
188 , 0 , 1206.37 , 3206.2 , 320.671 , -63.5558 , 1289.36
189 , 0 , 1206.26 , 3205.47 , 320.658 , -63.5547 , 1289.22
190 , 0 , 1206.15 , 3204.73 , 320.644 , -63.5537 , 1289.08
191 , 0 , 1206.04 , 3203.99 , 320.631 , -63.5528 , 1288.94
192 , 0 , 1205.93 , 3203.25 , 320.617 , -63.5518 , 1288.8
193 , 0 , 1205.82 , 3202.51 , 320.604 , -63.5509 , 1288.66
194 , 0 , 1205.71 , 3201.76 , 320.591 , -63.55 , 1288.53
195 , 0 , 1205.6 , 3201.02 , 320.577 , -63.5492 , 1288.39
196 , 0 , 1205.49 , 3200.27 , 320.564 , -63.5483 , 1288.26
197 , 0 , 1205.38 , 3199.52 , 320.551 , -63.5475 , 1288.12
198 , 0 , 1205.27 , 3198.77 , 320.538 , -63.5467 , 1287.99
199 , 0 , 1205.16 , 3198.02 , 320.524 , -63.546 , 1287.86
200 , 0 , 1205.05 , 3197.26 , 320.511 , -63.5452 , 1287.73
201 , 0 , 1204.94 , 3196.5 , 320.498 , -63.5444 , 1287.6
202 , 0 , 1204.83 , 3195.75 , 320.485 , -63.5437 , 1287.47
203 , 0 , 1204.72 , 3194.99 , 320.472 , -63.543 , 1287.34
204 , 0 , 1204.61 , 3194.23 , 320.459 , -63.5423 , 1287.21
205 , 0 , 1204.5 , 3193.46 , 320.446 , -63.5416 , 1287.09
206 , 0 , 1204.39 , 3192.7 , 320.434 , -63.5409 , 1286.96
207 , 0 , 1204.28 , 3191.93 , 320.421 , -63.5403 , 1286.84
208 , 0 , 1204.17 , 3191.17 , 320.408 , -63.5396 , 1286.71
209 , 0 , 1204.06 , 3190.4 , 320.396 , -63.5389 , 1286.59
210 , 0 , 1203.95 , 3189.63 , 320.383 , -63.5383 , 1286.47
211 , 0 , 1203.84 , 3188.86 , 320.371 , -63.5377 , 1286.34
212 , 0 , 1203.73 , 3188.09 , 320.358 , -63.537 , 1286.22
213 , 0 , 1203.62 , 3187.32 , 320.346 , -63.5364 , 1286.1
214 , 0 , 1203.5 , 3186.55 , 320.334 , -63.5357 , 1285.99
215 , 0 , 1203.39 , 3185.77 , 320.322 , -63.5351 , 1285.87
216 , 0 , 1203.28 , 3185 , 320.31 , -63.5345 , 1285.75
217 , 0 , 1203.17 , 3184.22 , 320.298 , -63.5339 , 1285.63
218 , 0 , 1203.06 , 3183.45 , 320.286 , -63.5332 , 1285.52
219 , 0 , 1202.95 , 3182.67 , 320.275 , -63.5326 , 1285.4
220 , 0 , 1202.83 , 3181.89 , 320.263 , -63.532 , 1285.29
221 , 0 , 1202.72 , 3181.12 , 320.252 , -63.5313 , 1285.17
222 , 0 , 1202.61 , 3180.34 , 320.24 , -63.5307 , 1285.06
223 , 0 , 1202.5 , 3179.56 , 320.229 , -63.5301 , 1284.95
224 , 0 , 1202.39 , 3178.78 , 320.218 , -63.5294 , 1284.84
225 , 0 , 1202.28 , 3178 , 320.207 , -63.5288 , 1284.73
226 , 0 , 1202.16 , 3177.22 , 320.196 , -63.5281 , 1284.62
227 , 0 , 1202.05 , 3176.44 , 320.185 , -63.5275 , 1284.51
228 , 0 , 1201.94 , 3175.66 , 320.174 , -63.5268 , 1284.4
229 , 0 , 1201.83 , 3174.87 , 320.164 , -63.5262 , 1284.3
230 , 0 , 1201.72 , 3174.09 , 320.154 , -63.5255 , 1284.19
231 , 0 , 1201.6 , 3173.31 , 320.143 , -63.5248 , 1284.09
232 , 0 , 1201.49 , 3172.53 , 320.133 , -63.5241 , 1283.98
233 , 0 , 1201.38 , 3171.75 , 320.123 , -63.5234 , 1283.88
234 , 0 , 1201.27 , 3170.96 , 320.113 , -63.5227 , 1283.78
235 , 0 , 1201.16 , 3170.18 , 320.103 , -63.522 , 1283.67
236 , 0 , 1201.04 , 3169.4 , 320.094 , -63.5213 , 1283.57
237 , 0 , 1200.93 , 3168.62 , 320.084 , -63.5206 , 1283.47
238 , 0 , 1200.82 , 3167.84 , 320.075 , -63.5199 , 1283.37
239 , 0 , 1200.71 , 3167.05 , 320.066 , -63.5191 , 1283.27
240 , 0 , 1200.6 , 3166.27 , 320.057 , -63.5184 , 1283.18
241 , 0 , 1200.48 , 3165.49 , 320.048 , -63.5176 , 1283.08
242 , 0 , 1200.37 , 3164.71 , 320.039 , -63.5168 , 1282.98
243 , 0 , 1200.26 , 3163.93 , 320.03 , -63.5161 , 1282.89
244 , 0 , 1200.15 , 3163.15 , 320.022 , -63.5153 , 1282.79
245 , 0 , 1200.04 , 3162.37 , 320.013 , -63.5145 , 1282.7
246 , 0 , 1199.92 , 3161.59 , 320.005 , -63.5137 , 1282.6
247 , 0 , 1199.81 , 3160.81 , 319.997 , -63.5129 , 1282.51
248 , 0 , 1199.7 , 3160.03 , 319.989 , -63.512 , 1282.42
249 , 0 , 1199.59 , 3159.25 , 319.981 , -63.5112 , 1282.33
250 , 0 , 1199.48 , 3158.47 , 319.973 , -63.5103 , 1282.23
251 , 0 , 1199.37 , 3157.69 , 319.966 , -63.5095 , 1282.14
252 , 0 , 1199.26 , 3156.91 , 319.959 , -63.5086 , 1282.06
253 , 0 , 1199.14 , 3156.14 , 319.951 , -63.5078 , 1281.97
254 , 0 , 1199.03 , 3155.36 , 319.944 , -63.5069 , 1281.88
255 , 0 , 1198.92 , 3154.59 , 319.937 , -63.506 , 1281.79
256 , 0 , 1198.81 , 3153.81 , 319.931 , -63.5051 , 1281.7
257 , 0 , 1198.7 , 3153.04 , 319.924 , -63.5042 , 1281.62
258 , 0 , 1198.59 , 3152.26 , 319.918 , -63.5033 , 1281.53
259 , 0 , 1198.48 , 3151.49 , 319.911 , -63.5023 , 1281.45
260 , 0 , 1198.37 , 3150.71 , 319.905 , -63.5014 , 1281.37
261 , 0 , 1198.26 , 3149.94 , 319.899 , -63.5004 , 1281.28
262 , 0 , 1198.15 , 3149.17 , 319.893 , -63.4995 , 1281.2
263 , 0 , 1198.04 , 3148.4 , 319.887 , -63.4985 , 1281.12
264 , 0 , 1197.93 , 3147.63 , 319.882 , -63.4976 , 1281.04
265 , 0 , 1197.82 , 3146.86 , 319.876 , -63.4966 , 1280.96
266 , 0 , 1197.71 , 3146.09 , 319.871 , -63.4956 , 1280.88
267 , 0 , 1197.6 , 3145.33 , 319.866 , -63.4946 , 1280.8
268 , 0 , 1197.49 , 3144.56 , 319.861 , -63.4936 , 1280.72
269 , 0 , 1197.38 , 3143.79 , 319.856 , -63.4926 , 1280.64
270 , 0 , 1197.27 , 3143.03 , 319.851 , -63.4916 , 1280.57
271 , 0 , 1197.16 , 3142.27 , 319.847 , -63.4905 , 1280.49
272 , 0 , 1197.05 , 3141.5 , 319.842 , -63.4895 , 1280.41
273 , 0 , 1196.94 , 3140.74 , 319.838 , -63.4885 , 1280.34
274 , 0 , 1196.83 , 3139.98 , 319.834 , -63.4874 , 1280.26
275 , 0 , 1196.72 , 3139.22 , 319.83 , -63.4864 , 1280.19
276 , 0 , 1196.61 , 3138.46 , 319.826 , -63.4853 , 1280.12
277 , 0 , 1196.51 , 3137.7 , 319.823 , -63.4843 , 1280.04
278 , 0 , 1196.4 , 3136.94 , 319.819 , -63.4832 , 1279.97
279 , 0 , 1196.29 , 3136.19 , 319.816 , -63.4821 , 1279.9
280 , 0 , 1196.18 , 3135.43 , 319.812 , -63.4811 , 1279.83
281 , 0 , 1196.07 , 3134.68 , 319.809 , -63.48 , 1279.76
282 , 0 , 1195.97 , 3133.92 , 319.806 , -63.4789 , 1279.69
283 , 0 , 1195.86 , 3133.17 , 319.804 , -63.4778 , 1279.62
284 , 0 , 1195.75 , 3132.42 , 319.801 , -63.4767 , 1279.55
285 , 0 , 1195.65 , 3131.67 , 319.798 , -63.4756 , 1279.48
286 , 0 , 1195.54 , 3130.92 , 319.796 , -63.4745 , 1279.41
287 , 0 , 1195.43 , 3130.17 , 319.794 , -63.4734 , 1279.35
288 , 0 , 1195.33 , 3129.42 , 319.792 , -63.4723 , 1279.28
289 , 0 , 1195.22 , 3128.67 , 319.79 , -63.4712 , 1279.21
290 , 0 , 1195.11 , 3127.93 , 319.788 , -63.4701 , 1279.15
291 , 0 , 1195.01 , 3127.19 , 319.786 , -63.469 , 1279.08
292 , 0 , 1194.9 , 3126.44 , 319.785 , -63.4679 , 1279.02
293 , 0 , 1194.8 , 3125.7 , 319.783 , -63.4668 , 1278.96
294 , 0 , 1194.69 , 3124.96 , 319.782 , -63.4657 , 1278.89
295 , 0 , 1194.59 , 3124.22 , 319.781 , -63.4646 , 1278.83
296 , 0 , 1194.48 , 3123.48 , 319.78 , -63.4635 , 1278.77
297 , 0 , 1194.38 , 3122.74 , 319.779 , -63.4624 , 1278.71
298 , 0 , 1194.27 , 3122 , 319.778 , -63.4613 , 1278.65
299 , 0 , 1194.17 , 3121.27 , 319.777 , -63.4601 , 1278.58
300 , 0 , 1194.06 , 3120.53 , 319.777 , -63.459 , 1278.52
301 , 0 , 1193.96 , 3119.8 , 319.777 , -63.4579 , 1278.46
302 , 0 , 1193.86 , 3119.07 , 319.776 , -63.4568 , 1278.41
303 , 0 , 1193.75 , 3118.33 , 319.776 , -63.4557 , 1278.35
304 , 0 , 1193.65 , 3117.6 , 319.776 , -63.4546 , 1278.29
305 , 0 , 1193.55 , 3116.88 , 319.776 , -63.4536 , 1278.23
306 , 0 , 1193.44 , 3116.15 , 319.777 , -63.4525 , 1278.17
307 , 0 , 1193.34 , 3115.42 , 319.777 , -63.4514 , 1278.12
308 , 0 , 1193.24 , 3114.69 , 319.778 , -63.4503 , 1278.06
309 , 0 , 1193.14 , 3113.97 , 319.778 , -63.4492 , 1278.01
310 , 0 , 1193.03 , 3113.25 , 319.779 , -63.4482 , 1277.95
311 , 0 , 1192.93 , 3112.52 , 319.78 , -63.4471 , 1277.89
312 , 0 , 1192.83 , 3111.8 , 319.781 , -63.446 , 1277.84
313 , 0 , 1192.73 , 3111.08 , 319.782 , -63.445 , 1277.79
314 , 0 , 1192.63 , 3110.36 , 319.783 , -63.4439 , 1277.73
315 , 0 , 1192.53 , 3109.64 , 319.785 , -63.4429 , 1277.68
316 , 0 , 1192.43 , 3108.93 , 319.786 , -63.4419 , 1277.63
317 , 0 , 1192.33 , 3108.21 , 319.788 , -63.4408 , 1277.57
318 , 0 , 1192.23 , 3107.5 , 319.789 , -63.4398 , 1277.52
319 , 0 , 1192.13 , 3106.78 , 319.791 , -63.4388 , 1277.47
320 , 0 , 1192.03 , 3106.07 , 319.793 , -63.4378 , 1277.42
321 , 0 , 1191.93 , 3105.36 , 319.795 , -63.4368 , 1277.37
322 , 0 , 1191.83 , 3104.65 , 319.797 , -63.4358 , 1277.32
323 , 0 , 1191.73 , 3103.94 , 319.8 , -63.4348 , 1277.27
324 , 0 , 1191.63 , 3103.23 , 319.802 , -63.4339 , 1277.22
325 , 0 , 1191.53 , 3102.52 , 319.805 , -63.4329 , 1277.17
326 , 0 , 1191.43 , 3101.82 , 319.807 , -63.4319 , 1277.12
327 , 0 , 1191.34 , 3101.11 , 319.81 , -63.431 , 1277.07
328 , 0 , 1191.24 , 3100.41 , 319.813 , -63.4301 , 1277.03
329 , 0 , 1191.14 , 3099.71 , 319.816 , -63.4292 , 1276.98
330 , 0 , 1191.04 , 3099 , 319.819 , -63.4282 , 1276.93
331 , 0 , 1190.95 , 3098.3 , 319.822 , -63.4274 , 1276.89
332 , 0 , 1190.85 , 3097.6 , 319.825 , -63.4265 , 1276.84
333 , 0 , 1190.75 , 3096.91 , 319.828 , -63.4256 , 1276.79
334 , 0 , 1190.66 , 3096.21 , 319.832 , -63.4247 , 1276.75
335 , 0 , 1190.56 , 3095.51 , 319.835 , -63.4239 , 1276.7
336 , 0 , 1190.46 , 3094.82 , 319.839 , -63.4231 , 1276.66
337 , 0 , 1190.37 , 3094.12 , 319.842 , -63.4222 , 1276.61
338 , 0 , 1190.27 , 3093.43 , 319.846 , -63.4214 , 1276.57
339 , 0 , 1190.18 , 3092.74 , 319.85 , -63.4206 , 1276.53
340 , 0 , 1190.08 , 3092.05 , 319.854 , -63.4199 , 1276.48
341 , 0 , 1189.99 , 3091.36 , 319.858 , -63.4191 , 1276.44
342 , 0 , 1189.89 , 3090.67 , 319.863 , -63.4183 , 1276.4
343 , 0 , 1189.8 , 3089.98 , 319.867 , -63.4176 , 1276.35
344 , 0 , 1189.7 , 3089.3 , 319.871 , -63.4169 , 1276.31
345 , 0 , 1189.61 , 3088.61 , 319.876 , -63.4162 , 1276.27
346 , 0 , 1189.52 , 3087.93 , 319.88 , -63.4155 , 1276.23
347 , 0 , 1189.42 , 3087.25 , 319.885 , -63.4148 , 1276.19
348 , 0 , 1189.33 , 3086.56 , 319.89 , -63.4141 , 1276.15
349 , 0 , 1189.24 , 3085.88 , 319.895 , -63.4135 , 1276.11
350 , 0 , 1189.15 , 3085.2 , 319.9 , -63.4129 , 1276.07
351 , 0 , 1189.05 , 3084.52 , 319.905 , -63.4122 , 1276.03
352 , 0 , 1188.96 , 3083.85 , 319.91 , -63.4116 , 1275.99
353 , 0 , 1188.87 , 3083.17 , 319.915 , -63.4111 , 1275.95
354 , 0 , 1188.78 , 3082.49 , 319.92 , -63.4105 , 1275.91
355 , 0 , 1188.69 , 3081.82 , 319.925 , -63.41 , 1275.87
356 , 0 , 1188.6 , 3081.15 , 319.931 , -63.4094 , 1275.83
357 , 0 , 1188.5 , 3080.47 , 319.936 , -63.4089 , 1275.8
358 , 0 , 1188.41 , 3079.8 , 319.942 , -63.4084 , 1275.76
359 , 0 , 1188.32 , 3079.13 , 319.948 , -63.408 , 1275.72
360 , 0 , 1188.23 , 3078.46 , 319.953 , -63.4075 , 1275.68
361 , 0 , 1188.14 , 3077.79 , 319.959 , -63.4071 , 1275.65
362 , 0 , 1188.05 , 3077.13 , 319.965 , -63.4067 , 1275.61
363 , 0 , 1187.96 , 3076.46 , 319.971 , -63.4063 , 1275.57
364 , 0 , 1187.87 , 3075.79 , 319.977 , -63.4059 , 1275.54
365 , 0 , 1187.79 , 3075.13 , 319.984 , -63.4055 , 1275.5
366 , 0 , 1187.7 , 3074.47 , 319.99 , -63.4052 , 1275.47
367 , 0 , 1187.61 , 3073.8 , 319.996 , -63.4049 , 1275.43
368 , 0 , 1187.52 , 3073.14 , 320.002 , -63.4046 , 1275.4
369 , 0 , 1187.43 , 3072.48 , 320.009 , -63.4043 , 1275.36
370 , 0 , 1187.34 , 3071.82 , 320.015 , -63.404 , 1275.33
371 , 0 , 1187.26 , 3071.16 , 320.022 , -63.4038 , 1275.3
372 , 0 , 1187.17 , 3070.51 , 320.029 , -63.4036 , 1275.26
373 , 0 , 1187.08 , 3069.85 , 320.035 , -63.4034 , 1275.23
374 , 0 , 1186.99 , 3069.19 , 320.042 , -63.4032 , 1275.19
375 , 0 , 1186.91 , 3068.54 , 320.049 , -63.403 , 1275.16
376 , 0 , 1186.82 , 3067.89 , 320.056 , -63.4029 , 1275.13
377 , 0 , 1186.73 , 3067.23 , 320.063 , -63.4028 , 1275.1
378 , 0 , 1186.65 , 3066.58 , 320.07 , -63.4027 , 1275.06
379 , 0 , 1186.56 , 3065.93 , 320.077 , -63.4026 , 1275.03
380 , 0 , 1186.48 , 3065.28 , 320.084 , -63.4026 , 1275
381 , 0 , 1186.39 , 3064.63 , 320.092 , -63.4026 , 1274.97
382 , 0 , 1186.31 , 3063.98 , 320.099 , -63.4026 , 1274.94
383 , 0 , 1186.22 , 3063.34 , 320.106 , -63.4026 , 1274.91
384 , 0 , 1186.14 , 3062.69 , 320.114 , -63.4026 , 1274.87
385 , 0 , 1186.05 , 3062.05 , 320.121 , -63.4027 , 1274.84
386 , 0 , 1185.97 , 3061.4 , 320.129 , -63.4028 , 1274.81
387 , 0 , 1185.88 , 3060.76 , 320.136 , -63.4029 , 1274.78
388 , 0 , 1185.8 , 3060.11 , 320.144 , -63.403 , 1274.75
389 , 0 , 1185.72 , 3059.47 , 320.152 , -63.4032 , 1274.72
390 , 0 , 1185.63 , 3058.83 , 320.16 , -63.4034 , 1274.69
391 , 0 , 1185.55 , 3058.19 , 320.168 , -63.4036 , 1274.66
392 , 0 , 1185.47 , 3057.55 , 320.175 , -63.4038 , 1274.64
393 , 0 , 1185.38 , 3056.91 , 320.183 , -63.404 , 1274.61
394 , 0 , 1185.3 , 3056.28 , 320.191 , -63.4043 , 1274.58
395 , 0 , 1185.22 , 3055.64 , 320.2 , -63.4046 , 1274.55
396 , 0 , 1185.14 , 3055 , 320.208 , -63.4049 , 1274.52
397 , 0 , 1185.05 , 3054.37 , 320.216 , -63.4053 , 1274.49
398 , 0 , 1184.97 , 3053.73 , 320.224 , -63.4056 , 1274.46
399 , 0 , 1184.89 , 3053.1 , 320.232 , -63.406 , 1274.44
400 , 0 , 1184.81 , 3052.47 , 320.241 , -63.4064 , 1274.41
401 , 0 , 1184.73 , 3051.84 , 320.249 , -63.4069 , 1274.38
402 , 0 , 1184.65 , 3051.21 , 320.258 , -63.4073 , 1274.35
403 , 0 , 1184.57 , 3050.58 , 320.266 , -63.4078 , 1274.33
404 , 0 , 1184.49 , 3049.95 , 320.275 , -63.4083 , 1274.3
405 , 0 , 1184.41 , 3049.32 , 320.283 , -63.4088 , 1274.27
406 , 0 , 1184.33 , 3048.69 , 320.292 , -63.4094 , 1274.25
407 , 0 , 1184.25 , 3048.06 , 320.3 , -63.41 , 1274.22
408 , 0 , 1184.17 , 3047.44 , 320.309 , -63.4106 , 1274.19
409 , 0 , 1184.09 , 3046.81 , 320.318 , -63.4112 , 1274.17
410 , 0 , 1184.01 , 3046.19 , 320.327 , -63.4119 , 1274.14
411 , 0 , 1183.93 , 3045.56 , 320.336 , -63.4126 , 1274.11
412 , 0 , 1183.85 , 3044.94 , 320.344 , -63.4133 , 1274.09
413 , 0 , 1183.77 , 3044.32 , 320.353 , -63.414 , 1274.06
414 , 0 , 1183.69 , 3043.7 , 320.362 , -63.4148 , 1274.04
415 , 0 , 1183.61 , 3043.08 , 320.371 , -63.4155 , 1274.01
416 , 0 , 1183.54 , 3042.46 , 320.38 , -63.4163 , 1273.99
417 , 0 , 1183.46 , 3041.84 , 320.39 , -63.4172 , 1273.96
418 , 0 , 1183.38 , 3041.22 , 320.399 , -63.418 , 1273.94
419 , 0 , 1183.3 , 3040.6 , 320.408 , -63.4189 , 1273.91
420 , 0 , 1183.22 , 3039.98 , 320.417 , -63.4198 , 1273.89
421 , 0 , 1183.15 , 3039.37 , 320.426 , -63.4207 , 1273.86
422 , 0 , 1183.07 , 3038.75 , 320.436 , -63.4217 , 1273.84
423 , 0 , 1182.99 , 3038.13 , 320.445 , -63.4227 , 1273.82
424 , 0 , 1182.92 , 3037.52 , 320.454 , -63.4237 , 1273.79
425 , 0 , 1182.84 , 3036.9 , 320.464 , -63.4247 , 1273.77
426 , 0 , 1182.76 , 3036.29 , 320.473 , -63.4258 , 1273.74
427 , 0 , 1182.69 , 3035.68 , 320.483 , -63.4268 , 1273.72
428 , 0 , 1182.61 , 3035.07 , 320.492 , -63.4279 , 1273.7
429 , 0 , 1182.53 , 3034.45 , 320.502 , -63.4291 , 1273.67
430 , 0 , 1182.46 , 3033.84 , 320.511 , -63.4302 , 1273.65
431 , 0 , 1182.38 , 3033.23 , 320.521 , -63.4314 , 1273.63
432 , 0 , 1182.31 , 3032.62 , 320.531 , -63.4326 , 1273.6
433 , 0 , 1182.23 , 3032.02 , 320.54 , -63.4338 , 1273.58
434 , 0 , 1182.16 , 3031.41 , 320.55 , -63.4351 , 1273.56
435 , 0 , 1182.08 , 3030.8 , 320.56 , -63.4364 , 1273.54
436 , 0 , 1182.01 , 3030.19 , 320.569 , -63.4377 , 1273.51
437 , 0 , 1181.93 , 3029.58 , 320.579 , -63.439 , 1273.49
438 , 0 , 1181.86 , 3028.98 , 320.589 , -63.4404 , 1273.47
439 , 0 , 1181.78 , 3028.37 , 320.599 , -63.4417 , 1273.45
440 , 0 , 1181.71 , 3027.77 , 320.609 , -63.4432 , 1273.43
441 , 0 , 1181.64 , 3027.16 , 320.619 , -63.4446 , 1273.4
442 , 0 , 1181.56 , 3026.56 , 320.629 , -63.446 , 1273.38
443 , 0 , 1181.49 , 3025.96 , 320.638 , -63.4475 , 1273.36
444 , 0 , 1181.41 , 3025.35 , 320.648 , -63.449 , 1273.34
445 , 0 , 1181.34 , 3024.75 , 320.658 , -63.4506 , 1273.32
446 , 0 , 1181.27 , 3024.15 , 320.668 , -63.4521 , 1273.3
447 , 0 , 1181.19 , 3023.55 , 320.678 , -63.4537 , 1273.27
448 , 0 , 1181.12 , 3022.95 , 320.689 , -63.4553 , 1273.25
449 , 0 , 1181.05 , 3022.35 , 320.699 , -63.4569 , 1273.23
450 , 0 , 1180.98 , 3021.75 , 320.709 , -63.4586 , 1273.21
451 , 0 , 1180.9 , 3021.15 , 320.719 , -63.4602 , 1273.19
452 , 0 , 1180.83 , 3020.55 , 320.729 , -63.4619 , 1273.17
453 , 0 , 1180.76 , 3019.95 , 320.739 , -63.4637 , 1273.15
454 , 0 , 1180.69 , 3019.36 , 320.749 , -63.4654 , 1273.13
455 , 0 , 1180.62 , 3018.76 , 320.76 , -63.4672 , 1273.11
456 , 0 , 1180.54 , 3018.16 , 320.77 , -63.469 , 1273.09
457 , 0 , 1180.47 , 3017.57 , 320.78 , -63.4708 , 1273.06
458 , 0 , 1180.4 , 3016.97 , 320.79 , -63.4727 , 1273.04
459 , 0 , 1180.33 , 3016.37 , 320.801 , -63.4745 , 1273.02
460 , 0 , 1180.26 , 3015.78 , 320.811 , -63.4764 , 1273
461 , 0 , 1180.19 , 3015.18 , 320.821 , -63.4784 , 1272.98
462 , 0 , 1180.12 , 3014.59 , 320.831 , -63.4803 , 1272.96
463 , 0 , 1180.04 , 3014 , 320.842 , -63.4823 , 1272.94
464 , 0 , 1179.97 , 3013.4 , 320.852 , -63.4843 , 1272.92
465 , 0 , 1179.9 , 3012.81 , 320.862 , -63.4863 , 1272.9
466 , 0 , 1179.83 , 3012.22 , 320.873 , -63.4883 , 1272.88
467 , 0 , 1179.76 , 3011.63 , 320.883 , -63.4904 , 1272.86
468 , 0 , 1179.69 , 3011.03 , 320.894 , -63.4925 , 1272.84
469 , 0 , 1179.62 , 3010.44 , 320.904 , -63.4946 , 1272.82
470 , 0 , 1179.55 , 3009.85 , 320.914 , -63.4967 , 1272.8
471 , 0 , 1179.48 , 3009.26 , 320.925 , -63.4989 , 1272.79
472 , 0 , 1179.41 , 3008.67 , 320.935 , -63.501 , 1272.77
473 , 0 , 1179.34 , 3008.08 , 320.946 , -63.5033 , 1272.75
474 , 0 , 1179.27 , 3007.49 , 320.956 , -63.5055 , 1272.73
475 , 0 , 1179.2 , 3006.9 , 320.967 , -63.5077 , 1272.71
476 , 0 , 1179.14 , 3006.32 , 320.977 , -63.51 , 1272.69
477 , 0 , 1179.07 , 3005.73 , 320.988 , -63.5123 , 1272.67
478 , 0 , 1179 , 3005.14 , 320.998 , -63.5146 , 1272.65
479 , 0 , 1178.93 , 3004.55 , 321.009 , -63.5169 , 1272.63
480 , 0 , 1178.86 , 3003.97 , 321.019 , -63.5193 , 1272.61
481 , 0 , 1178.79 , 3003.38 , 321.03 , -63.5217 , 1272.59
482 , 0 , 1178.72 , 3002.79 , 321.04 , -63.5241 , 1272.57
483 , 0 , 1178.65 , 3002.21 , 321.051 , -63.5265 , 1272.55
484 , 0 , 1178.58 , 3001.62 , 321.062 , -63.529 , 1272.54
485 , 0 , 1178.52 , 3001.03 , 321.072 , -63.5315 , 1272.52
486 , 0 , 1178.45 , 3000.45 , 321.083 , -63.534 , 1272.5
487 , 0 , 1178.38 , 2999.86 , 321.093 , -63.5365 , 1272.48
488 , 0 , 1178.31 , 2999.28 , 321.104 , -63.539 , 1272.46
489 , 0 , 1178.24 , 2998.69 , 321.115 , -63.5416 , 1272.44
490 , 0 , 1178.18 , 2998.11 , 321.125 , -63.5442 , 1272.42
491 , 0 , 1178.11 , 2997.53 , 321.136 , -63.5468 , 1272.4
492 , 0 , 1178.04 , 2996.94 , 321.146 , -63.5494 , 1272.39
493 , 0 , 1177.97 , 2996.36 , 321.157 , -63.552 , 1272.37
494 , 0 , 1177.91 , 2995.78 , 321.167 , -63.5547 , 1272.35
495 , 0 , 1177.84 , 2995.19 , 321.178 , -63.5574 , 1272.33
496 , 0 , 1177.77 , 2994.61 , 321.189 , -63.5601 , 1272.31
497 , 0 , 1177.71 , 2994.03 , 321.199 , -63.5628 , 1272.29
498 , 0 , 1177.64 , 2993.45 , 321.21 , -63.5656 , 1272.27
499 , 0 , 1177.57 , 2992.87 , 321.22 , -63.5684 , 1272.26
500 , 0 , 1177.5 , 2992.28 , 321.231 , -63.5711 , 1272.24
501 , 0 , 1177.44 , 2991.7 , 321.242 , -63.574 , 1272.22
502 , 0 , 1177.37 , 2991.12 , 321.252 , -63.5768 , 1272.2
503 , 0 , 1177.3 , 2990.54 , 321.263 , -63.5796 , 1272.18
504 , 0 , 1177.24 , 2989.96 , 321.274 , -63.5825 , 1272.17
505 , 0 , 1177.17 , 2989.38 , 321.284 , -63.5854 , 1272.15
506 , 0 , 1177.11 , 2988.8 , 321.295 , -63.5883 , 1272.13
507 , 0 , 1177.04 , 2988.22 , 321.305 , -63.5912 , 1272.11
508 , 0 , 1176.97 , 2987.64 , 321.316 , -63.5942 , 1272.09
509 , 0 , 1176.91 , 2987.06 , 321.327 , -63.5972 , 1272.07
510 , 0 , 1176.84 , 2986.48 , 321.337 , -63.6002 , 1272.06
511 , 0 , 1176.78 , 2985.91 , 321.348 , -63.6032 , 1272.04
512 , 0 , 1176.71 , 2985.33 , 321.358 , -63.6062 , 1272.02
513 , 0 , 1176.64 , 2984.75 , 321.369 , -63.6092 , 1272
514 , 0 , 1176.58 , 2984.17 , 321.38 , -63.6123 , 1271.98
515 , 0 , 1176.51 , 2983.59 , 321.39 , -63.6154 , 1271.97
516 , 0 , 1176.45 , 2983.01 , 321.401 , -63.6185 , 1271.95
517 , 0 , 1176.38 , 2982.44 , 321.411 , -63.6216 , 1271.93
518 , 0 , 1176.32 , 2981.86 , 321.422 , -63.6247 , 1271.91
519 , 0 , 1176.25 , 2981.28 , 321.433 , -63.6279 , 1271.9
520 , 0 , 1176.19 , 2980.71 , 321.443 , -63.6311 , 1271.88
521 , 0 , 1176.12 , 2980.13 , 321.454 , -63.6343 , 1271.86
522 , 0 , 1176.06 , 2979.55 , 321.464 , -63.6375 , 1271.84
523 , 0 , 1175.99 , 2978.98 , 321.475 , -63.6407 , 1271.82
524 , 0 , 1175.93 , 2978.4 , 321.485 , -63.6439 , 1271.81
525 , 0 , 1175.86 , 2977.82 , 321.496 , -63.6472 , 1271.79
526 , 0 , 1175.8 , 2977.25 , 321.507 , -63.6505 , 1271.77
527 , 0 , 1175.73 , 2976.67 , 321.517 , -63.6538 , 1271.75
528 , 0 , 1175.67 , 2976.1 , 321.528 , -63.6571 , 1271.74
529 , 0 , 1175.6 , 2975.52 , 321.538 , -63.6604 , 1271.72
530 , 0 , 1175.54 , 2974.95 , 321.549 , -63.6638 , 1271.7
531 , 0 , 1175.48 , 2974.37 , 321.559 , -63.6671 , 1271.68
532 , 0 , 1175.41 , 2973.8 , 321.57 , -63.6705 , 1271.67
533 , 0 , 1175.35 , 2973.22 , 321.58 , -63.6739 , 1271.65
534 , 0 , 1175.28 , 2972.65 , 321.591 , -63.6773 , 1271.63
535 , 0 , 1175.22 , 2972.07 , 321.601 , -63.6807 , 1271.61
536 , 0 , 1175.15 , 2971.5 , 321.612 , -63.6842 , 1271.6
537 , 0 , 1175.09 , 2970.93 , 321.622 , -63.6876 , 1271.58
538 , 0 , 1175.03 , 2970.35 , 321.633 , -63.6911 , 1271.56
539 , 0 , 1174.96 , 2969.78 , 321.643 , -63.6945 , 1271.54
540 , 0 , 1174.9 , 2969.21 , 321.653 , -63.698 , 1271.53
541 , 0 , 1174.84 , 2968.63 , 321.664 , -63.7016 , 1271.51
542 , 0 , 1174.77 , 2968.06 , 321.674 , -63.7051 , 1271.49
543 , 0 , 1174.71 , 2967.49 , 321.685 , -63.7086 , 1271.47
544 , 0 , 1174.65 , 2966.91 , 321.695 , -63.7122 , 1271.45
545 , 0 , 1174.58 , 2966.34 , 321.705 , -63.7158 , 1271.44
546 , 0 , 1174.52 , 2965.77 , 321.716 , -63.7193 , 1271.42
547 , 0 , 1174.46 , 2965.2 , 321.726 , -63.7229 , 1271.4
548 , 0 , 1174.39 , 2964.62 , 321.737 , -63.7265 , 1271.39
549 , 0 , 1174.33 , 2964.05 , 321.747 , -63.7302 , 1271.37
550 , 0 , 1174.27 , 2963.48 , 321.757 , -63.7338 , 1271.35
551 , 0 , 1174.2 , 2962.91 , 321.768 , -63.7375 , 1271.33
552 , 0 , 1174.14 , 2962.34 , 321.778 , -63.7411 , 1271.32
553 , 0 , 1174.08 , 2961.77 , 321.788 , -63.7448 , 1271.3
554 , 0 , 1174.01 , 2961.2 , 321.799 , -63.7485 , 1271.28
555 , 0 , 1173.95 , 2960.62 , 321.809 , -63.7522 , 1271.26
556 , 0 , 1173.89 , 2960.05 , 321.819 , -63.7559 , 1271.25
557 , 0 , 1173.83 , 2959.48 , 321.829 , -63.7596 , 1271.23
558 , 0 , 1173.76 , 2958.91 , 321.84 , -63.7634 , 1271.21
559 , 0 , 1173.7 , 2958.34 , 321.85 , -63.7671 , 1271.19
560 , 0 , 1173.64 , 2957.77 , 321.86 , -63.7709 , 1271.18
561 , 0 , 1173.58 , 2957.2 , 321.87 , -63.7747 , 1271.16
562 , 0 , 1173.51 , 2956.63 , 321.881 , -63.7785 , 1271.14
563 , 0 , 1173.45 , 2956.06 , 321.891 , -63.7823 , 1271.12
564 , 0 , 1173.39 , 2955.49 , 321.901 , -63.7861 , 1271.11
565 , 0 , 1173.33 , 2954.92 , 321.911 , -63.7899 , 1271.09
566 , 0 , 1173.26 , 2954.35 , 321.921 , -63.7937 , 1271.07
567 , 0 , 1173.2 , 2953.78 , 321.931 , -63.7976 , 1271.06
568 , 0 , 1173.14 , 2953.21 , 321.942 , -63.8014 , 1271.04
569 , 0 , 1173.08 , 2952.64 , 321.952 , -63.8053 , 1271.02
570 , 0 , 1173.02 , 2952.07 , 321.962 , -63.8092 , 1271
571 , 0 , 1172.95 , 2951.51 , 321.972 , -63.813 , 1270.99
572 , 0 , 1172.89 , 2950.94 , 321.982 , -63.8169 , 1270.97
573 , 0 , 1172.83 , 2950.37 , 321.992 , -63.8208 , 1270.95
574 , 0 , 1172.77 , 2949.8 , 322.002 , -63.8247 , 1270.93
575 , 0 , 1172.71 , 2949.23 , 322.012 , -63.8287 , 1270.92
576 , 0 , 1172.64 , 2948.67 , 322.022 , -63.8326 , 1270.9
577 , 0 , 1172.58 , 2948.1 , 322.032 , -63.8365 , 1270.88
578 , 0 , 1172.52 , 2947.53 , 322.042 , -63.8405 , 1270.87
579 , 0 , 1172.46 , 2946.96 , 322.052 , -63.8444 , 1270.85
580 , 0 , 1172.4 , 2946.39 , 322.062 , -63.8484 , 1270.83
581 , 0 , 1172.34 , 2945.83 , 322.072 , -63.8524 , 1270.81
582 , 0 , 1172.28 , 2945.26 , 322.082 , -63.8564 , 1270.8
583 , 0 , 1172.21 , 2944.69 , 322.092 , -63.8604 , 1270.78
584 , 0 , 1172.15 , 2944.13 , 322.102 , -63.8644 , 1270.76
585 , 0 , 1172.09 , 2943.56 , 322.112 , -63.8684 , 1270.75
586 , 0 , 1172.03 , 2942.99 , 322.122 , -63.8724 , 1270.73
587 , 0 , 1171.97 , 2942.43 , 322.132 , -63.8764 , 1270.71
588 , 0 , 1171.91 , 2941.86 , 322.142 , -63.8805 , 1270.7
589 , 0 , 1171.85 , 2941.3 , 322.152 , -63.8845 , 1270.68
590 , 0 , 1171.79 , 2940.73 , 322.162 , -63.8886 , 1270.66
591 , 0 , 1171.72 , 2940.16 , 322.172 , -63.8926 , 1270.64
592 , 0 , 1171.66 , 2939.6 , 322.182 , -63.8967 , 1270.63
593 , 0 , 1171.6 , 2939.03 , 322.191 , -63.9007 , 1270.61
594 , 0 , 1171.54 , 2938.47 , 322.201 , -63.9048 , 1270.59
595 , 0 , 1171.48 , 2937.9 , 322.211 , -63.9089 , 1270.58
596 , 0 , 1171.42 , 2937.34 , 322.221 , -63.913 , 1270.56
597 , 0 , 1171.36 , 2936.77 , 322.231 , -63.9171 , 1270.54
598 , 0 , 1171.3 , 2936.21 , 322.24 , -63.9212 , 1270.53
599 , 0 , 1171.24 , 2935.65 , 322.25 , -63.9253 , 1270.51
600 , 0 , 1171.18 , 2935.08 , 322.26 , -63.9294 , 1270.49
601 , 0 , 1171.12 , 2934.52 , 322.27 , -63.9335 , 1270.47
602 , 0 , 1171.06 , 2933.95 , 322.279 , -63.9376 , 1270.46
603 , 0 , 1171 , 2933.39 , 322.289 , -63.9417 , 1270.44
604 , 0 , 1170.94 , 2932.83 , 322.299 , -63.9459 , 1270.42
605 , 0 , 1170.88 , 2932.27 , 322.308 , -63.95 , 1270.41
606 , 0 , 1170.82 , 2931.7 , 322.318 , -63.9542 , 1270.39
607 , 0 , 1170.75 , 2931.14 , 322.328 , -63.9583 , 1270.37
608 , 0 , 1170.69 , 2930.58 , 322.337 , -63.9625 , 1270.36
609 , 0 , 1170.63 , 2930.02 , 322.347 , -63.9666 , 1270.34
610 , 0 , 1170.57 , 2929.45 , 322.357 , -63.9708 , 1270.32
611 , 0 , 1170.51 , 2928.89 , 322.366 , -63.9749 , 1270.31
612 , 0 , 1170.45 , 2928.33 , 322.376 , -63.9791 , 1270.29
613 , 0 , 1170.39 , 2927.77 , 322.385 , -63.9833 , 1270.27
614 , 0 , 1170.33 , 2927.21 , 322.395 , -63.9874 , 1270.25
615 , 0 , 1170.27 , 2926.65 , 322.404 , -63.9916 , 1270.24
616 , 0 , 1170.21 , 2926.09 , 322.414 , -63.9958 , 1270.22
617 , 0 , 1170.15 , 2925.53 , 322.424 , -64 , 1270.2
618 , 0 , 1170.09 , 2924.97 , 322.433 , -64.0042 , 1270.19
619 , 0 , 1170.04 , 2924.41 , 322.443 , -64.0084 , 1270.17
620 , 0 , 1169.98 , 2923.85 , 322.452 , -64.0126 , 1270.15
621 , 0 , 1169.92 , 2923.29 , 322.462 , -64.0167 , 1270.14
622 , 0 , 1169.86 , 2922.73 , 322.471 , -64.021 , 1270.12
623 , 0 , 1169.8 , 2922.17 , 322.48 , -64.0252 , 1270.1
624 , 0 , 1169.74 , 2921.61 , 322.49 , -64.0294 , 1270.09
625 , 0 , 1169.68 , 2921.05 , 322.499 , -64.0336 , 1270.07
626 , 0 , 1169.62 , 2920.49 , 322.509 , -64.0378 , 1270.06
627 , 0 , 1169.56 , 2919.93 , 322.518 , -64.042 , 1270.04
628 , 0 , 1169.5 , 2919.38 , 322.528 , -64.0462 , 1270.02
629 , 0 , 1169.44 , 2918.82 , 322.537 , -64.0504 , 1270.01
630 , 0 , 1169.38 , 2918.26 , 322.546 , -64.0546 , 1269.99
631 , 0 , 1169.32 , 2917.7 , 322.556 , -64.0589 , 1269.97
632 , 0 , 1169.26 , 2917.15 , 322.565 , -64.0631 , 1269.96
633 , 0 , 1169.2 , 2916.59 , 322.574 , -64.0673 , 1269.94
634 , 0 , 1169.15 , 2916.03 , 322.584 , -64.0715 , 1269.92
635 , 0 , 1169.09 , 2915.48 , 322.593 , -64.0758 , 1269.91
636 , 0 , 1169.03 , 2914.92 , 322.602 , -64.08 , 1269.89
637 , 0 , 1168.97 , 2914.37 , 322.612 , -64.0842 , 1269.87
638 , 0 , 1168.91 , 2913.81 , 322.621 , -64.0884 , 1269.86
639 , 0 , 1168.85 , 2913.26 , 322.63 , -64.0927 , 1269.84
640 , 0 , 1168.79 , 2912.7 , 322.639 , -64.0969 , 1269.83
641 , 0 , 1168.73 , 2912.15 , 322.649 , -64.1011 , 1269.81
642 , 0 , 1168.68 , 2911.59 , 322.658 , -64.1053 , 1269.79
643 , 0 , 1168.62 , 2911.04 , 322.667 , -64.1096 , 1269.78
644 , 0 , 1168.56 , 2910.49 , 322.676 , -64.1138 , 1269.76
645 , 0 , 1168.5 , 2909.93 , 322.686 , -64.118 , 1269.74
646 , 0 , 1168.44 , 2909.38 , 322.695 , -64.1223 , 1269.73
647 , 0 , 1168.38 , 2908.83 , 322.704 , -64.1265 , 1269.71
648 , 0 , 1168.33 , 2908.28 , 322.713 , -64.1307 , 1269.7
649 , 0 , 1168.27 , 2907.72 , 322.722 , -64.1349 , 1269.68
650 , 0 , 1168.21 , 2907.17 , 322.732 , -64.1392 , 1269.66
651 , 0 , 1168.15 , 2906.62 , 322.741 , -64.1434 , 1269.65
652 , 0 , 1168.09 , 2906.07 , 322.75 , -64.1476 , 1269.63
653 , 0 , 1168.04 , 2905.52 , 322.759 , -64.1518 , 1269.62
654 , 0 , 1167.98 , 2904.97 , 322.768 , -64.156 , 1269.6
655 , 0 , 1167.92 , 2904.42 , 322.777 , -64.1603 , 1269.58
656 , 0 , 1167.86 , 2903.87 , 322.786 , -64.1645 , 1269.57
657 , 0 , 1167.8 , 2903.32 , 322.795 , -64.1687 , 1269.55
658 , 0 , 1167.75 , 2902.77 , 322.804 , -64.1729 , 1269.54
659 , 0 , 1167.69 , 2902.22 , 322.814 , -64.1771 , 1269.52
660 , 0 , 1167.63 , 2901.67 , 322.823 , -64.1813 , 1269.51
661 , 0 , 1167.57 , 2901.12 , 322.832 , -64.1855 , 1269.49
662 , 0 , 1167.52 , 2900.57 , 322.841 , -64.1898 , 1269.47
663 , 0 , 1167.46 , 2900.03 , 322.85 , -64.194 , 1269.46
664 , 0 , 1167.4 , 2899.48 , 322.859 , -64.1982 , 1269.44
665 , 0 , 1167.34 , 2898.93 , 322.868 , -64.2024 , 1269.43
666 , 0 , 1167.29 , 2898.39 , 322.877 , -64.2066 , 1269.41
667 , 0 , 1167.23 , 2897.84 , 322.886 , -64.2108 , 1269.4
668 , 0 , 1167.17 , 2897.3 , 322.895 , -64.215 , 1269.38
669 , 0 , 1167.12 , 2896.75 , 322.904 , -64.2191 , 1269.36
670 , 0 , 1167.06 , 2896.2 , 322.913 , -64.2233 , 1269.35
671 , 0 , 1167 , 2895.66 , 322.922 , -64.2275 , 1269.33
672 , 0 , 1166.94 , 2895.11 , 322.931 , -64.2317 , 1269.32
673 , 0 , 1166.89 , 2894.57 , 322.94 , -64.2359 , 1269.3
674 , 0 , 1166.83 , 2894.03 , 322.949 , -64.2401 , 1269.29
675 , 0 , 1166.77 , 2893.48 , 322.957 , -64.2442 , 1269.27
676 , 0 , 1166.72 , 2892.94 , 322.966 , -64.2484 , 1269.26
677 , 0 , 1166.66 , 2892.4 , 322.975 , -64.2526 , 1269.24
678 , 0 , 1166.6 , 2891.85 , 322.984 , -64.2567 , 1269.23
679 , 0 , 1166.55 , 2891.31 , 322.993 , -64.2609 , 1269.21
680 , 0 , 1166.49 , 2890.77 , 323.002 , -64.265 , 1269.2
681 , 0 , 1166.43 , 2890.23 , 323.011 , -64.2692 , 1269.18
682 , 0 , 1166.38 , 2889.69 , 323.02 , -64.2733 , 1269.17
683 , 0 , 1166.32 , 2889.15 , 323.029 , -64.2775 , 1269.15
684 , 0 , 1166.27 , 2888.61 , 323.038 , -64.2816 , 1269.14
685 , 0 , 1166.21 , 2888.07 , 323.046 , -64.2858 , 1269.12
686 , 0 , 1166.15 , 2887.53 , 323.055 , -64.2899 , 1269.11
687 , 0 , 1166.1 , 2886.99 , 323.064 , -64.294 , 1269.09
688 , 0 , 1166.04 , 2886.45 , 323.073 , -64.2981 , 1269.08
689 , 0 , 1165.99 , 2885.91 , 323.082 , -64.3023 , 1269.06
690 , 0 , 1165.93 , 2885.37 , 323.09 , -64.3064 , 1269.05
691 , 0 , 1165.87 , 2884.84 , 323.099 , -64.3105 , 1269.03
692 , 0 , 1165.82 , 2884.3 , 323.108 , -64.3146 , 1269.02
693 , 0 , 1165.76 , 2883.76 , 323.117 , -64.3187 , 1269
694 , 0 , 1165.71 , 2883.23 , 323.126 , -64.3228 , 1268.99
695 , 0 , 1165.65 , 2882.69 , 323.134 , -64.3269 , 1268.97
696 , 0 , 1165.6 , 2882.16 , 323.143 , -64.3309 , 1268.96
697 , 0 , 1165.54 , 2881.62 , 323.152 , -64.335 , 1268.94
698 , 0 , 1165.49 , 2881.09 , 323.161 , -64.3391 , 1268.93
699 , 0 , 1165.43 , 2880.55 , 323.169 , -64.3432 , 1268.92
700 , 0 , 1165.38 , 2880.02 , 323.178 , -64.3472 , 1268.9
701 , 0 , 1165.32 , 2879.48 , 323.187 , -64.3513 , 1268.89
702 , 0 , 1165.27 , 2878.95 , 323.196 , -64.3553 , 1268.87
703 , 0 , 1165.21 , 2878.42 , 323.204 , -64.3594 , 1268.86
704 , 0 , 1165.16 , 2877.89 , 323.213 , -64.3634 , 1268.84
705 , 0 , 1165.1 , 2877.35 , 323.222 , -64.3675 , 1268.83
706 , 0 , 1165.05 , 2876.82 , 323.231 , -64.3715 , 1268.82
707 , 0 , 1164.99 , 2876.29 , 323.239 , -64.3755 , 1268.8
708 , 0 , 1164.94 , 2875.76 , 323.248 , -64.3795 , 1268.79
709 , 0 , 1164.88 , 2875.23 , 323.257 , -64.3835 , 1268.77
710 , 0 , 1164.83 , 2874.7 , 323.265 , -64.3876 , 1268.76
711 , 0 , 1164.77 , 2874.17 , 323.274 , -64.3916 , 1268.74
712 , 0 , 1164.72 , 2873.64 , 323.283 , -64.3955 , 1268.73
713 , 0 , 1164.67 , 2873.11 , 323.291 , -64.3995 , 1268.72
714 , 0 , 1164.61 , 2872.59 , 323.3 , -64.4035 , 1268.7
715 , 0 , 1164.56 , 2872.06 , 323.309 , -64.4075 , 1268.69
716 , 0 , 1164.5 , 2871.53 , 323.317 , -64.4114 , 1268.68
717 , 0 , 1164.45 , 2871 , 323.326 , -64.4154 , 1268.66
718 , 0 , 1164.4 , 2870.48 , 323.335 , -64.4194 , 1268.65
719 , 0 , 1164.34 , 2869.95 , 323.343 , -64.4233 , 1268.63
720 , 0 , 1164.29 , 2869.43 , 323.352 , -64.4272 , 1268.62
721 , 0 , 1164.23 , 2868.9 , 323.36 , -64.4312 , 1268.61
722 , 0 , 1164.18 , 2868.38 , 323.369 , -64.4351 , 1268.59
723 , 0 , 1164.13 , 2867.85 , 323.378 , -64.439 , 1268.58
724 , 0 , 1164.07 , 2867.33 , 323.386 , -64.4429 , 1268.57
725 , 0 , 1164.02 , 2866.8 , 323.395 , -64.4468 , 1268.55
726 , 0 , 1163.97 , 2866.28 , 323.404 , -64.4507 , 1268.54
727 , 0 , 1163.91 , 2865.76 , 323.412 , -64.4546 , 1268.53
728 , 0 , 1163.86 , 2865.24 , 323.421 , -64.4585 , 1268.51
729 , 0 , 1163.81 , 2864.72 , 323.429 , -64.4624 , 1268.5
730 , 0 , 1163.75 , 2864.2 , 323.438 , -64.4663 , 1268.49
731 , 0 , 1163.7 , 2863.67 , 323.447 , -64.4701 , 1268.47
732 , 0 , 1163.65 , 2863.15 , 323.455 , -64.474 , 1268.46
733 , 0 , 1163.6 , 2862.63 , 323.464 , -64.4778 , 1268.45
734 , 0 , 1163.54 , 2862.12 , 323.472 , -64.4817 , 1268.43
735 , 0 , 1163.49 , 2861.6 , 323.481 , -64.4855 , 1268.42
736 , 0 , 1163.44 , 2861.08 , 323.489 , -64.4893 , 1268.41
737 , 0 , 1163.39 , 2860.56 , 323.498 , -64.4931 , 1268.4
738 , 0 , 1163.33 , 2860.04 , 323.507 , -64.4969 , 1268.38
739 , 0 , 1163.28 , 2859.52 , 323.515 , -64.5007 , 1268.37
740 , 0 , 1163.23 , 2859.01 , 323.524 , -64.5045 , 1268.36
741 , 0 , 1163.18 , 2858.49 , 323.532 , -64.5083 , 1268.34
742 , 0 , 1163.12 , 2857.98 , 323.541 , -64.5121 , 1268.33
743 , 0 , 1163.07 , 2857.46 , 323.549 , -64.5158 , 1268.32
744 , 0 , 1163.02 , 2856.95 , 323.558 , -64.5196 , 1268.31
745 , 0 , 1162.97 , 2856.43 , 323.566 , -64.5233 , 1268.29
746 , 0 , 1162.92 , 2855.92 , 323.575 , -64.5271 , 1268.28
747 , 0 , 1162.87 , 2855.41 , 323.583 , -64.5308 , 1268.27
748 , 0 , 1162.81 , 2854.89 , 323.592 , -64.5345 , 1268.26
749 , 0 , 1162.76 , 2854.38 , 323.6 , -64.5382 , 1268.24
750 , 0 , 1162.71 , 2853.87 , 323.609 , -64.5419 , 1268.23
751 , 0 , 1162.66 , 2853.36 , 323.617 , -64.5456 , 1268.22
752 , 0 , 1162.61 , 2852.84 , 323.626 , -64.5493 , 1268.21
753 , 0 , 1162.56 , 2852.33 , 323.634 , -64.553 , 1268.19
754 , 0 , 1162.51 , 2851.82 , 323.643 , -64.5566 , 1268.18
755 , 0 , 1162.46 , 2851.31 , 323.651 , -64.5603 , 1268.17
756 , 0 , 1162.4 , 2850.8 , 323.66 , -64.564 , 1268.16
757 , 0 , 1162.35 , 2850.3 , 323.668 , -64.5676 , 1268.15
758 , 0 , 1162.3 , 2849.79 , 323.677 , -64.5712 , 1268.13
759 , 0 , 1162.25 , 2849.28 , 323.685 , -64.5749 , 1268.12
760 , 0 , 1162.2 , 2848.77 , 323.694 , -64.5785 , 1268.11
761 , 0 , 1162.15 , 2848.26 , 323.702 , -64.5821 , 1268.1
762 , 0 , 1162.1 , 2847.76 , 323.711 , -64.5857 , 1268.09
763 , 0 , 1162.05 , 2847.25 , 323.719 , -64.5892 , 1268.07
764 , 0 , 1162 , 2846.75 , 323.728 , -64.5928 , 1268.06
765 , 0 , 1161.95 , 2846.24 , 323.736 , -64.5964 , 1268.05
766 , 0 , 1161.9 , 2845.74 , 323.745 , -64.5999 , 1268.04
767 , 0 , 1161.85 , 2845.23 , 323.753 , -64.6035 , 1268.03
768 , 0 , 1161.8 , 2844.73 , 323.762 , -64.607 , 1268.02
769 , 0 , 1161.75 , 2844.23 , 323.77 , -64.6105 , 1268
770 , 0 , 1161.7 , 2843.72 , 323.778 , -64.614 , 1267.99
771 , 0 , 1161.65 , 2843.22 , 323.787 , -64.6175 , 1267.98
772 , 0 , 1161.6 , 2842.72 , 323.795 , -64.621 , 1267.97
773 , 0 , 1161.55 , 2842.22 , 323.804 , -64.6245 , 1267.96
774 , 0 , 1161.5 , 2841.72 , 323.812 , -64.628 , 1267.95
775 , 0 , 1161.45 , 2841.22 , 323.821 , -64.6315 , 1267.94
776 , 0 , 1161.4 , 2840.71 , 323.829 , -64.6349 , 1267.92
777 , 0 , 1161.36 , 2840.22 , 323.838 , -64.6384 , 1267.91
778 , 0 , 1161.31 , 2839.72 , 323.846 , -64.6418 , 1267.9
779 , 0 , 1161.26 , 2839.22 , 323.854 , -64.6452 , 1267.89
780 , 0 , 1161.21 , 2838.72 , 323.863 , -64.6486 , 1267.88
781 , 0 , 1161.16 , 2838.22 , 323.871 , -64.652 , 1267.87
782 , 0 , 1161.11 , 2837.72 , 323.88 , -64.6554 , 1267.86
783 , 0 , 1161.06 , 2837.23 , 323.888 , -64.6588 , 1267.85
784 , 0 , 1161.01 , 2836.73 , 323.897 , -64.6622 , 1267.84
785 , 0 , 1160.97 , 2836.24 , 323.905 , -64.6655 , 1267.83
786 , 0 , 1160.92 , 2835.74 , 323.914 , -64.6689 , 1267.81
787 , 0 , 1160.87 , 2835.25 , 323.922 , -64.6722 , 1267.8
788 , 0 , 1160.82 , 2834.75 , 323.93 , -64.6755 , 1267.79
789 , 0 , 1160.77 , 2834.26 , 323.939 , -64.6789 , 1267.78
790 , 0 , 1160.72 , 2833.76 , 323.947 , -64.6822 , 1267.77
791 , 0 , 1160.68 , 2833.27 , 323.956 , -64.6855 , 1267.76
792 , 0 , 1160.63 , 2832.78 , 323.964 , -64.6888 , 1267.75
793 , 0 , 1160.58 , 2832.29 , 323.973 , -64.692 , 1267.74
794 , 0 , 1160.53 , 2831.79 , 323.981 , -64.6953 , 1267.73
795 , 0 , 1160.49 , 2831.3 , 323.989 , -64.6985 , 1267.72
796 , 0 , 1160.44 , 2830.81 , 323.998 , -64.7018 , 1267.71
797 , 0 , 1160.39 , 2830.32 , 324.006 , -64.705 , 1267.7
798 , 0 , 1160.34 , 2829.83 , 324.015 , -64.7082 , 1267.69
799 , 0 , 1160.3 , 2829.34 , 324.023 , -64.7114 , 1267.68
800 , 0 , 1160.25 , 2828.85 , 324.031 , -64.7146 , 1267.67
801 , 0 , 1160.2 , 2828.36 , 324.04 , -64.7178 , 1267.66
802 , 0 , 1160.16 , 2827.87 , 324.048 , -64.721 , 1267.65
803 , 0 , 1160.11 , 2827.39 , 324.057 , -64.7241 , 1267.64
804 , 0 , 1160.06 , 2826.9 , 324.065 , -64.7273 , 1267.63
805 , 0 , 1160.02 , 2826.41 , 324.073 , -64.7304 , 1267.62
806 , 0 , 1159.97 , 2825.93 , 324.082 , -64.7335 , 1267.61
807 , 0 , 1159.92 , 2825.44 , 324.09 , -64.7366 , 1267.6
808 , 0 , 1159.88 , 2824.96 , 324.099 , -64.7397 , 1267.59
809 , 0 , 1159.83 , 2824.47 , 324.107 , -64.7428 , 1267.58
810 , 0 , 1159.78 , 2823.99 , 324.115 , -64.7459 , 1267.57
811 , 0 , 1159.74 , 2823.5 , 324.124 , -64.7489 , 1267.56
812 , 0 , 1159.69 , 2823.02 , 324.132 , -64.752 , 1267.55
813 , 0 , 1159.65 , 2822.54 , 324.141 , -64.755 , 1267.54
814 , 0 , 1159.6 , 2822.05 , 324.149 , -64.7581 , 1267.53
815 , 0 , 1159.56 , 2821.57 , 324.157 , -64.7611 , 1267.52
816 , 0 , 1159.51 , 2821.09 , 324.166 , -64.7641 , 1267.51
817 , 0 , 1159.46 , 2820.61 , 324.174 , -64.7671 , 1267.5
818 , 0 , 1159.42 , 2820.13 , 324.183 , -64.77 , 1267.49
819 , 0 , 1159.37 , 2819.65 , 324.191 , -64.773 , 1267.48
820 , 0 , 1159.33 , 2819.17 , 324.199 , -64.7759 , 1267.47
821 , 0 , 1159.28 , 2818.69 , 324.208 , -64.7789 , 1267.47
822 , 0 , 1159.24 , 2818.21 , 324.216 , -64.7818 , 1267.46
823 , 0 , 1159.19 , 2817.73 , 324.225 , -64.7847 , 1267.45
824 , 0 , 1159.15 , 2817.25 , 324.233 , -64.7876 , 1267.44
825 , 0 , 1159.1 , 2816.77 , 324.241 , -64.7905 , 1267.43
826 , 0 , 1159.06 , 2816.29 , 324.25 , -64.7934 , 1267.42
827 , 0 , 1159.01 , 2815.82 , 324.258 , -64.7962 , 1267.41
828 , 0 , 1158.97 , 2815.34 , 324.267 , -64.7991 , 1267.4
829 , 0 , 1158.93 , 2814.87 , 324.275 , -64.8019 , 1267.39
830 , 0 , 1158.88 , 2814.39 , 324.283 , -64.8047 , 1267.38
831 , 0 , 1158.84 , 2813.91 , 324.292 , -64.8076 , 1267.38
832 , 0 , 1158.79 , 2813.44 , 324.3 , -64.8104 , 1267.37
833 , 0 , 1158.75 , 2812.96 , 324.309 , -64.8131 , 1267.36
834 , 0 , 1158.71 , 2812.49 , 324.317 , -64.8159 , 1267.35
835 , 0 , 1158.66 , 2812.02 , 324.325 , -64.8187 , 1267.34
836 , 0 , 1158.62 , 2811.54 , 324.334 , -64.8214 , 1267.33
837 , 0 , 1158.58 , 2811.07 , 324.342 , -64.8241 , 1267.32
838 , 0 , 1158.53 , 2810.6 , 324.351 , -64.8269 , 1267.31
839 , 0 , 1158.49 , 2810.13 , 324.359 , -64.8296 , 1267.31
840 , 0 , 1158.45 , 2809.66 , 324.367 , -64.8323 , 1267.3
841 , 0 , 1158.4 , 2809.19 , 324.376 , -64.8349 , 1267.29
842 , 0 , 1158.36 , 2808.72 , 324.384 , -64.8376 , 1267.28
843 , 0 , 1158.32 , 2808.25 , 324.393 , -64.8402 , 1267.27
844 , 0 , 1158.27 , 2807.78 , 324.401 , -64.8429 , 1267.26
845 , 0 , 1158.23 , 2807.31 , 324.409 , -64.8455 , 1267.26
846 , 0 , 1158.19 , 2806.84 , 324.418 , -64.8481 , 1267.25
847 , 0 , 1158.15 , 2806.37 , 324.426 , -64.8507 , 1267.24
848 , 0 , 1158.1 , 2805.9 , 324.435 , -64.8533 , 1267.23
849 , 0 , 1158.06 , 2805.43 , 324.443 , -64.8559 , 1267.22
850 , 0 , 1158.02 , 2804.97 , 324.451 , -64.8584 , 1267.22
851 , 0 , 1157.98 , 2804.5 , 324.46 , -64.8609 , 1267.21
852 , 0 , 1157.93 , 2804.03 , 324.468 , -64.8635 , 1267.2
853 , 0 , 1157.89 , 2803.57 , 324.477 , -64.866 , 1267.19
854 , 0 , 1157.85 , 2803.1 , 324.485 , -64.8685 , 1267.18
855 , 0 , 1157.81 , 2802.64 , 324.494 , -64.871 , 1267.18
856 , 0 , 1157.77 , 2802.17 , 324.502 , -64.8734 , 1267.17
857 , 0 , 1157.73 , 2801.71 , 324.51 , -64.8759 , 1267.16
858 , 0 , 1157.68 , 2801.25 , 324.519 , -64.8783 , 1267.15
859 , 0 , 1157.64 , 2800.78 , 324.527 , -64.8807 , 1267.15
860 , 0 , 1157.6 , 2800.32 , 324.536 , -64.8832 , 1267.14
861 , 0 , 1157.56 , 2799.86 , 324.544 , -64.8856 , 1267.13
862 , 0 , 1157.52 , 2799.4 , 324.552 , -64.8879 , 1267.12
863 , 0 , 1157.48 , 2798.93 , 324.561 , -64.8903 , 1267.12
864 , 0 , 1157.44 , 2798.47 , 324.569 , -64.8927 , 1267.11
865 , 0 , 1157.4 , 2798.01 , 324.578 , -64.895 , 1267.1
866 , 0 , 1157.36 , 2797.55 , 324.586 , -64.8973 , 1267.09
867 , 0 , 1157.31 , 2797.09 , 324.594 , -64.8996 , 1267.09
868 , 0 , 1157.27 , 2796.63 , 324.603 , -64.9019 , 1267.08
869 , 0 , 1157.23 , 2796.17 , 324.611 , -64.9042 , 1267.07
870 , 0 , 1157.19 , 2795.71 , 324.62 , -64.9064 , 1267.07
871 , 0 , 1157.15 , 2795.26 , 324.628 , -64.9087 , 1267.06
872 , 0 , 1157.11 , 2794.8 , 324.637 , -64.9109 , 1267.05
873 , 0 , 1157.07 , 2794.34 , 324.645 , -64.9131 , 1267.05
874 , 0 , 1157.03 , 2793.88 , 324.654 , -64.9153 , 1267.04
875 , 0 , 1156.99 , 2793.43 , 324.662 , -64.9175 , 1267.03
876 , 0 , 1156.95 , 2792.97 , 324.67 , -64.9197 , 1267.03
877 , 0 , 1156.91 , 2792.51 , 324.679 , -64.9218 , 1267.02
878 , 0 , 1156.87 , 2792.06 , 324.687 , -64.924 , 1267.01
879 , 0 , 1156.84 , 2791.6 , 324.696 , -64.9261 , 1267.01
880 , 0 , 1156.8 , 2791.15 , 324.704 , -64.9282 , 1267
881 , 0 , 1156.76 , 2790.69 , 324.713 , -64.9303 , 1266.99
882 , 0 , 1156.72 , 2790.24 , 324.721 , -64.9324 , 1266.99
883 , 0 , 1156.68 , 2789.79 , 324.73 , -64.9344 , 1266.98
884 , 0 , 1156.64 , 2789.33 , 324.738 , -64.9365 , 1266.97
885 , 0 , 1156.6 , 2788.88 , 324.746 , -64.9385 , 1266.97
886 , 0 , 1156.56 , 2788.43 , 324.755 , -64.9405 , 1266.96
887 , 0 , 1156.52 , 2787.98 , 324.763 , -64.9425 , 1266.95
888 , 0 , 1156.49 , 2787.52 , 324.772 , -64.9445 , 1266.95
889 , 0 , 1156.45 , 2787.07 , 324.78 , -64.9465 , 1266.94
890 , 0 , 1156.41 , 2786.62 , 324.789 , -64.9484 , 1266.93
891 , 0 , 1156.37 , 2786.17 , 324.797 , -64.9503 , 1266.93
892 , 0 , 1156.33 , 2785.72 , 324.806 , -64.9523 , 1266.92
893 , 0 , 1156.3 , 2785.27 , 324.814 , -64.9542 , 1266.92
894 , 0 , 1156.26 , 2784.82 , 324.823 , -64.956 , 1266.91
895 , 0 , 1156.22 , 2784.38 , 324.831 , -64.9579 , 1266.9
896 , 0 , 1156.18 , 2783.93 , 324.84 , -64.9598 , 1266.9
897 , 0 , 1156.14 , 2783.48 , 324.848 , -64.9616 , 1266.89
898 , 0 , 1156.11 , 2783.03 , 324.857 , -64.9634 , 1266.89
899 , 0 , 1156.07 , 2782.59 , 324.865 , -64.9652 , 1266.88
900 , 0 , 1156.03 , 2782.14 , 324.874 , -64.967 , 1266.88
901 , 0 , 1156 , 2781.69 , 324.882 , -64.9688 , 1266.87
902 , 0 , 1155.96 , 2781.25 , 324.891 , -64.9705 , 1266.86
903 , 0 , 1155.92 , 2780.8 , 324.899 , -64.9723 , 1266.86
904 , 0 , 1155.88 , 2780.35 , 324.908 , -64.974 , 1266.85
905 , 0 , 1155.85 , 2779.91 , 324.916 , -64.9757 , 1266.85
906 , 0 , 1155.81 , 2779.47 , 324.925 , -64.9774 , 1266.84
907 , 0 , 1155.77 , 2779.02 , 324.933 , -64.979 , 1266.84
908 , 0 , 1155.74 , 2778.58 , 324.942 , -64.9807 , 1266.83
909 , 0 , 1155.7 , 2778.14 , 324.95 , -64.9823 , 1266.83
910 , 0 , 1155.67 , 2777.69 , 324.959 , -64.9839 , 1266.82
911 , 0 , 1155.63 , 2777.25 , 324.967 , -64.9855 , 1266.82
912 , 0 , 1155.59 , 2776.81 , 324.976 , -64.9871 , 1266.81
913 , 0 , 1155.56 , 2776.37 , 324.984 , -64.9887 , 1266.81
914 , 0 , 1155.52 , 2775.92 , 324.993 , -64.9902 , 1266.8
915 , 0 , 1155.49 , 2775.48 , 325.001 , -64.9917 , 1266.8
916 , 0 , 1155.45 , 2775.04 , 325.01 , -64.9933 , 1266.79
917 , 0 , 1155.42 , 2774.6 , 325.018 , -64.9948 , 1266.79
918 , 0 , 1155.38 , 2774.16 , 325.027 , -64.9962 , 1266.78
919 , 0 , 1155.35 , 2773.72 , 325.035 , -64.9977 , 1266.78
920 , 0 , 1155.31 , 2773.28 , 325.044 , -64.9991 , 1266.77
921 , 0 , 1155.27 , 2772.85 , 325.053 , -65.0006 , 1266.77
922 , 0 , 1155.24 , 2772.41 , 325.061 , -65.002 , 1266.76
923 , 0 , 1155.21 , 2771.97 , 325.07 , -65.0033 , 1266.76
924 , 0 , 1155.17 , 2771.53 , 325.078 , -65.0047 , 1266.75
925 , 0 , 1155.14 , 2771.1 , 325.087 , -65.0061 , 1266.75
926 , 0 , 1155.1 , 2770.66 , 325.095 , -65.0074 , 1266.75
927 , 0 , 1155.07 , 2770.22 , 325.104 , -65.0087 , 1266.74
928 , 0 , 1155.03 , 2769.79 , 325.113 , -65.01 , 1266.74
929 , 0 , 1155 , 2769.35 , 325.121 , -65.0113 , 1266.73
930 , 0 , 1154.96 , 2768.92 , 325.13 , -65.0126 , 1266.73
931 , 0 , 1154.93 , 2768.48 , 325.138 , -65.0138 , 1266.72
932 , 0 , 1154.9 , 2768.05 , 325.147 , -65.015 , 1266.72
933 , 0 , 1154.86 , 2767.61 , 325.156 , -65.0162 , 1266.72
934 , 0 , 1154.83 , 2767.18 , 325.164 , -65.0174 , 1266.71
935 , 0 , 1154.8 , 2766.75 , 325.173 , -65.0186 , 1266.71
936 , 0 , 1154.76 , 2766.31 , 325.181 , -65.0197 , 1266.7
937 , 0 , 1154.73 , 2765.88 , 325.19 , -65.0209 , 1266.7
938 , 0 , 1154.7 , 2765.45 , 325.199 , -65.022 , 1266.7
939 , 0 , 1154.66 , 2765.02 , 325.207 , -65.0231 , 1266.69
940 , 0 , 1154.63 , 2764.58 , 325.216 , -65.0241 , 1266.69
941 , 0 , 1154.6 , 2764.15 , 325.224 , -65.0252 , 1266.68
942 , 0 , 1154.56 , 2763.72 , 325.233 , -65.0262 , 1266.68
943 , 0 , 1154.53 , 2763.29 , 325.242 , -65.0273 , 1266.68
944 , 0 , 1154.5 , 2762.86 , 325.25 , -65.0283 , 1266.67
945 , 0 , 1154.47 , 2762.43 , 325.259 , -65.0292 , 1266.67
946 , 0 , 1154.43 , 2762 , 325.268 , -65.0302 , 1266.67
947 , 0 , 1154.4 , 2761.57 , 325.276 , -65.0311 , 1266.66
948 , 0 , 1154.37 , 2761.15 , 325.285 , -65.0321 , 1266.66
949 , 0 , 1154.34 , 2760.72 , 325.294 , -65.033 , 1266.66
950 , 0 , 1154.3 , 2760.29 , 325.302 , -65.0338 , 1266.65
951 , 0 , 1154.27 , 2759.86 , 325.311 , -65.0347 , 1266.65
952 , 0 , 1154.24 , 2759.44 , 325.32 , -65.0355 , 1266.65
953 , 0 , 1154.21 , 2759.01 , 325.328 , -65.0364 , 1266.64
954 , 0 , 1154.18 , 2758.58 , 325.337 , -65.0372 , 1266.64
955 , 0 , 1154.15 , 2758.16 , 325.346 , -65.0379 , 1266.64
956 , 0 , 1154.12 , 2757.73 , 325.354 , -65.0387 , 1266.64
957 , 0 , 1154.08 , 2757.31 , 325.363 , -65.0395 , 1266.63
958 , 0 , 1154.05 , 2756.88 , 325.372 , -65.0402 , 1266.63
959 , 0 , 1154.02 , 2756.46 , 325.38 , -65.0409 , 1266.63
960 , 0 , 1153.99 , 2756.03 , 325.389 , -65.0416 , 1266.62
961 , 0 , 1153.96 , 2755.61 , 325.398 , -65.0422 , 1266.62
962 , 0 , 1153.93 , 2755.18 , 325.407 , -65.0429 , 1266.62
963 , 0 , 1153.9 , 2754.76 , 325.415 , -65.0435 , 1266.62
964 , 0 , 1153.87 , 2754.34 , 325.424 , -65.0441 , 1266.61
965 , 0 , 1153.84 , 2753.92 , 325.433 , -65.0447 , 1266.61
966 , 0 , 1153.81 , 2753.49 , 325.442 , -65.0453 , 1266.61
967 , 0 , 1153.78 , 2753.07 , 325.45 , -65.0458 , 1266.61
968 , 0 , 1153.75 , 2752.65 , 325.459 , -65.0463 , 1266.6
969 , 0 , 1153.72 , 2752.23 , 325.468 , -65.0468 , 1266.6
970 , 0 , 1153.69 , 2751.81 , 325.477 , -65.0473 , 1266.6
971 , 0 , 1153.66 , 2751.39 , 325.485 , -65.0478 , 1266.6
972 , 0 , 1153.63 , 2750.97 , 325.494 , -65.0482 , 1266.6
973 , 0 , 1153.6 , 2750.55 , 325.503 , -65.0486 , 1266.59
974 , 0 , 1153.57 , 2750.13 , 325.512 , -65.049 , 1266.59
975 , 0 , 1153.54 , 2749.71 , 325.52 , -65.0494 , 1266.59
976 , 0 , 1153.51 , 2749.29 , 325.529 , -65.0498 , 1266.59
977 , 0 , 1153.48 , 2748.87 , 325.538 , -65.0501 , 1266.59
978 , 0 , 1153.45 , 2748.46 , 325.547 , -65.0504 , 1266.58
979 , 0 , 1153.43 , 2748.04 , 325.556 , -65.0507 , 1266.58
980 , 0 , 1153.4 , 2747.62 , 325.564 , -65.051 , 1266.58
981 , 0 , 1153.37 , 2747.21 , 325.573 , -65.0512 , 1266.58
982 , 0 , 1153.34 , 2746.79 , 325.582 , -65.0514 , 1266.58
983 , 0 , 1153.31 , 2746.37 , 325.591 , -65.0517 , 1266.58
984 , 0 , 1153.28 , 2745.96 , 325.6 , -65.0518 , 1266.57
985 , 0 , 1153.25 , 2745.54 , 325.608 , -65.052 , 1266.57
986 , 0 , 1153.23 , 2745.13 , 325.617 , -65.0522 , 1266.57
987 , 0 , 1153.2 , 2744.71 , 325.626 , -65.0523 , 1266.57
988 , 0 , 1153.17 , 2744.3 , 325.635 , -65.0524 , 1266.57
989 , 0 , 1153.14 , 2743.88 , 325.644 , -65.0525 , 1266.57
990 , 0 , 1153.12 , 2743.47 , 325.653 , -65.0525 , 1266.57
991 , 0 , 1153.09 , 2743.06 , 325.662 , -65.0525 , 1266.56
992 , 0 , 1153.06 , 2742.64 , 325.671 , -65.0526 , 1266.56
993 , 0 , 1153.03 , 2742.23 , 325.679 , -65.0526 , 1266.56
994 , 0 , 1153.01 , 2741.82 , 325.688 , -65.0525 , 1266.56
995 , 0 , 1152.98 , 2741.41 , 325.697 , -65.0525 , 1266.56
996 , 0 , 1152.95 , 2741 , 325.706 , -65.0524 , 1266.56
997 , 0 , 1152.93 , 2740.58 , 325.715 , -65.0523 , 1266.56
998 , 0 , 1152.9 , 2740.17 , 325.724 , -65.0522 , 1266.56
999 , 0 , 1152.87 , 2739.76 , 325.733 , -65.052 , 1266.56
1000 , 0 , 1152.85 , 2739.35 , 325.742 , -65.0519 , 1266.56
1001 , 0 , 1152.82 , 2738.94 , 325.751 , -65.0517 , 1266.56
1002 , 0 , 1152.79 , 2738.53 , 325.76 , -65.0515 , 1266.56
1003 , 0 , 1152.77 , 2738.12 , 325.769 , -65.0512 , 1266.56
1004 , 0 , 1152.74 , 2737.71 , 325.777 , -65.051 , 1266.55
1005 , 0 , 1152.71 , 2737.31 , 325.786 , -65.0507 , 1266.55
1006 , 0 , 1152.69 , 2736.9 , 325.795 , -65.0504 , 1266.55
1007 , 0 , 1152.66 , 2736.49 , 325.804 , -65.0501 , 1266.55
1008 , 0 , 1152.64 , 2736.08 , 325.813 , -65.0498 , 1266.55
1009 , 0 , 1152.61 , 2735.68 , 325.822 , -65.0494 , 1266.55
1010 , 0 , 1152.59 , 2735.27 , 325.831 , -65.049 , 1266.55
1011 , 0 , 1152.56 , 2734.86 , 325.84 , -65.0486 , 1266.55
1012 , 0 , 1152.54 , 2734.46 , 325.849 , -65.0482 , 1266.55
1013 , 0 , 1152.51 , 2734.05 , 325.858 , -65.0477 , 1266.55
1014 , 0 , 1152.49 , 2733.64 , 325.867 , -65.0472 , 1266.55
1015 , 0 , 1152.46 , 2733.24 , 325.876 , -65.0467 , 1266.55
1016 , 0 , 1152.44 , 2732.83 , 325.885 , -65.0462 , 1266.55
1017 , 0 , 1152.41 , 2732.43 , 325.894 , -65.0456 , 1266.55
1018 , 0 , 1152.39 , 2732.03 , 325.903 , -65.0451 , 1266.55
1019 , 0 , 1152.36 , 2731.62 , 325.912 , -65.0445 , 1266.55
1020 , 0 , 1152.34 , 2731.22 , 325.921 , -65.0438 , 1266.55
1021 , 0 , 1152.31 , 2730.81 , 325.931 , -65.0432 , 1266.56
1022 , 0 , 1152.29 , 2730.41 , 325.94 , -65.0425 , 1266.56
1023 , 0 , 1152.27 , 2730.01 , 325.949 , -65.0418 , 1266.56
1024 , 0 , 1152.24 , 2729.61 , 325.958 , -65.0411 , 1266.56
1025 , 0 , 1152.22 , 2729.21 , 325.967 , -65.0404 , 1266.56
1026 , 0 , 1152.19 , 2728.8 , 325.976 , -65.0396 , 1266.56
1027 , 0 , 1152.17 , 2728.4 , 325.985 , -65.0388 , 1266.56
1028 , 0 , 1152.15 , 2728 , 325.994 , -65.038 , 1266.56
1029 , 0 , 1152.12 , 2727.6 , 326.003 , -65.0372 , 1266.56
1030 , 0 , 1152.1 , 2727.2 , 326.012 , -65.0364 , 1266.56
1031 , 0 , 1152.08 , 2726.8 , 326.021 , -65.0355 , 1266.56
1032 , 0 , 1152.05 , 2726.4 , 326.031 , -65.0346 , 1266.56
1033 , 0 , 1152.03 , 2726 , 326.04 , -65.0336 , 1266.56
1034 , 0 , 1152.01 , 2725.6 , 326.049 , -65.0327 , 1266.57
1035 , 0 , 1151.99 , 2725.2 , 326.058 , -65.0317 , 1266.57
1036 , 0 , 1151.96 , 2724.8 , 326.067 , -65.0307 , 1266.57
1037 , 0 , 1151.94 , 2724.41 , 326.076 , -65.0297 , 1266.57
1038 , 0 , 1151.92 , 2724.01 , 326.085 , -65.0286 , 1266.57
1039 , 0 , 1151.9 , 2723.61 , 326.095 , -65.0276 , 1266.57
1040 , 0 , 1151.87 , 2723.21 , 326.104 , -65.0265 , 1266.57
1041 , 0 , 1151.85 , 2722.82 , 326.113 , -65.0253 , 1266.58
1042 , 0 , 1151.83 , 2722.42 , 326.122 , -65.0242 , 1266.58
1043 , 0 , 1151.81 , 2722.02 , 326.131 , -65.023 , 1266.58
1044 , 0 , 1151.79 , 2721.63 , 326.141 , -65.0218 , 1266.58
1045 , 0 , 1151.77 , 2721.23 , 326.15 , -65.0206 , 1266.58
1046 , 0 , 1151.74 , 2720.84 , 326.159 , -65.0194 , 1266.58
1047 , 0 , 1151.72 , 2720.44 , 326.168 , -65.0181 , 1266.59
1048 , 0 , 1151.7 , 2720.05 , 326.178 , -65.0168 , 1266.59
1049 , 0 , 1151.68 , 2719.65 , 326.187 , -65.0155 , 1266.59
1050 , 0 , 1151.66 , 2719.26 , 326.196 , -65.0142 , 1266.59
1051 , 0 , 1151.64 , 2718.86 , 326.205 , -65.0128 , 1266.59
1052 , 0 , 1151.62 , 2718.47 , 326.215 , -65.0114 , 1266.6
1053 , 0 , 1151.6 , 2718.08 , 326.224 , -65.01 , 1266.6
1054 , 0 , 1151.58 , 2717.69 , 326.233 , -65.0085 , 1266.6
1055 , 0 , 1151.56 , 2717.29 , 326.243 , -65.0071 , 1266.6
1056 , 0 , 1151.54 , 2716.9 , 326.252 , -65.0056 , 1266.61
1057 , 0 , 1151.52 , 2716.51 , 326.261 , -65.0041 , 1266.61
1058 , 0 , 1151.5 , 2716.12 , 326.27 , -65.0025 , 1266.61
1059 , 0 , 1151.48 , 2715.73 , 326.28 , -65.001 , 1266.61
1060 , 0 , 1151.46 , 2715.33 , 326.289 , -64.9994 , 1266.61
1061 , 0 , 1151.44 , 2714.94 , 326.298 , -64.9977 , 1266.62
1062 , 0 , 1151.42 , 2714.55 , 326.308 , -64.9961 , 1266.62
1063 , 0 , 1151.4 , 2714.16 , 326.317 , -64.9944 , 1266.62
1064 , 0 , 1151.38 , 2713.77 , 326.327 , -64.9927 , 1266.63
1065 , 0 , 1151.36 , 2713.38 , 326.336 , -64.991 , 1266.63
1066 , 0 , 1151.34 , 2712.99 , 326.345 , -64.9893 , 1266.63
1067 , 0 , 1151.32 , 2712.61 , 326.355 , -64.9875 , 1266.63
1068 , 0 , 1151.3 , 2712.22 , 326.364 , -64.9857 , 1266.64
1069 , 0 , 1151.28 , 2711.83 , 326.373 , -64.9839 , 1266.64
1070 , 0 , 1151.26 , 2711.44 , 326.383 , -64.982 , 1266.64
1071 , 0 , 1151.24 , 2711.05 , 326.392 , -64.9802 , 1266.65
1072 , 0 , 1151.22 , 2710.66 , 326.402 , -64.9783 , 1266.65
1073 , 0 , 1151.21 , 2710.28 , 326.411 , -64.9763 , 1266.65
1074 , 0 , 1151.19 , 2709.89 , 326.421 , -64.9744 , 1266.66
1075 , 0 , 1151.17 , 2709.5 , 326.43 , -64.9724 , 1266.66
1076 , 0 , 1151.15 , 2709.12 , 326.44 , -64.9704 , 1266.66
1077 , 0 , 1151.13 , 2708.73 , 326.449 , -64.9684 , 1266.67
1078 , 0 , 1151.12 , 2708.34 , 326.458 , -64.9663 , 1266.67
1079 , 0 , 1151.1 , 2707.96 , 326.468 , -64.9643 , 1266.67
1080 , 0 , 1151.08 , 2707.57 , 326.477 , -64.9621 , 1266.68
1081 , 0 , 1151.06 , 2707.19 , 326.487 , -64.96 , 1266.68
1082 , 0 , 1151.05 , 2706.8 , 326.496 , -64.9579 , 1266.68
1083 , 0 , 1151.03 , 2706.42 , 326.506 , -64.9557 , 1266.69
1084 , 0 , 1151.01 , 2706.04 , 326.516 , -64.9535 , 1266.69
1085 , 0 , 1150.99 , 2705.65 , 326.525 , -64.9512 , 1266.7
1086 , 0 , 1150.98 , 2705.27 , 326.535 , -64.949 , 1266.7
1087 , 0 , 1150.96 , 2704.88 , 326.544 , -64.9467 , 1266.7
1088 , 0 , 1150.94 , 2704.5 , 326.554 , -64.9444 , 1266.71
1089 , 0 , 1150.93 , 2704.12 , 326.563 , -64.942 , 1266.71
1090 , 0 , 1150.91 , 2703.74 , 326.573 , -64.9397 , 1266.72
1091 , 0 , 1150.89 , 2703.35 , 326.582 , -64.9373 , 1266.72
1092 , 0 , 1150.88 , 2702.97 , 326.592 , -64.9348 , 1266.72
1093 , 0 , 1150.86 , 2702.59 , 326.602 , -64.9324 , 1266.73
1094 , 0 , 1150.84 , 2702.21 , 326.611 , -64.9299 , 1266.73
1095 , 0 , 1150.83 , 2701.83 , 326.621 , -64.9274 , 1266.74
1096 , 0 , 1150.81 , 2701.45 , 326.63 , -64.9249 , 1266.74
1097 , 0 , 1150.8 , 2701.07 , 326.64 , -64.9224 , 1266.75
1098 , 0 , 1150.78 , 2700.69 , 326.65 , -64.9198 , 1266.75
1099 , 0 , 1150.77 , 2700.3 , 326.659 , -64.9172 , 1266.75
1100 , 0 , 1150.75 , 2699.92 , 326.669 , -64.9145 , 1266.76
1101 , 0 , 1150.73 , 2699.55 , 326.679 , -64.9119 , 1266.76
1102 , 0 , 1150.72 , 2699.17 , 326.688 , -64.9092 , 1266.77
1103 , 0 , 1150.7 , 2698.79 , 326.698 , -64.9065 , 1266.77
1104 , 0 , 1150.69 , 2698.41 , 326.708 , -64.9038 , 1266.78
1105 , 0 , 1150.67 , 2698.03 , 326.717 , -64.901 , 1266.78
1106 , 0 , 1150.66 , 2697.65 , 326.727 , -64.8982 , 1266.79
1107 , 0 , 1150.64 , 2697.27 , 326.737 , -64.8954 , 1266.79
1108 , 0 , 1150.63 , 2696.89 , 326.747 , -64.8925 , 1266.8
1109 , 0 , 1150.61 , 2696.52 , 326.756 , -64.8897 , 1266.8
1110 , 0 , 1150.6 , 2696.14 , 326.766 , -64.8868 , 1266.81
1111 , 0 , 1150.59 , 2695.76 , 326.776 , -64.8838 , 1266.81
1112 , 0 , 1150.57 , 2695.38 , 326.786 , -64.8809 , 1266.82
1113 , 0 , 1150.56 , 2695.01 , 326.795 , -64.8779 , 1266.82
1114 , 0 , 1150.54 , 2694.63 , 326.805 , -64.8749 , 1266.83
1115 , 0 , 1150.53 , 2694.25 , 326.815 , -64.8719 , 1266.84
1116 , 0 , 1150.52 , 2693.88 , 326.825 , -64.8688 , 1266.84
1117 , 0 , 1150.5 , 2693.5 , 326.834 , -64.8657 , 1266.85
1118 , 0 , 1150.49 , 2693.13 , 326.844 , -64.8626 , 1266.85
1119 , 0 , 1150.48 , 2692.75 , 326.854 , -64.8595 , 1266.86
1120 , 0 , 1150.46 , 2692.38 , 326.864 , -64.8563 , 1266.86
1121 , 0 , 1150.45 , 2692 , 326.874 , -64.8531 , 1266.87
1122 , 0 , 1150.44 , 2691.63 , 326.884 , -64.8499 , 1266.87
1123 , 0 , 1150.42 , 2691.25 , 326.893 , -64.8466 , 1266.88
1124 , 0 , 1150.41 , 2690.88 , 326.903 , -64.8434 , 1266.89
1125 , 0 , 1150.4 , 2690.51 , 326.913 , -64.8401 , 1266.89
1126 , 0 , 1150.38 , 2690.13 , 326.923 , -64.8367 , 1266.9
1127 , 0 , 1150.37 , 2689.76 , 326.933 , -64.8334 , 1266.9
1128 , 0 , 1150.36 , 2689.39 , 326.943 , -64.83 , 1266.91
1129 , 0 , 1150.35 , 2689.01 , 326.953 , -64.8266 , 1266.92
1130 , 0 , 1150.33 , 2688.64 , 326.963 , -64.8231 , 1266.92
1131 , 0 , 1150.32 , 2688.27 , 326.973 , -64.8197 , 1266.93
1132 , 0 , 1150.31 , 2687.9 , 326.982 , -64.8162 , 1266.93
1133 , 0 , 1150.3 , 2687.53 , 326.992 , -64.8126 , 1266.94
1134 , 0 , 1150.29 , 2687.15 , 327.002 , -64.8091 , 1266.95
1135 , 0 , 1150.27 , 2686.78 , 327.012 , -64.8055 , 1266.95
1136 , 0 , 1150.26 , 2686.41 , 327.022 , -64.8019 , 1266.96
1137 , 0 , 1150.25 , 2686.04 , 327.032 , -64.7983 , 1266.97
1138 , 0 , 1150.24 , 2685.67 , 327.042 , -64.7946 , 1266.97
1139 , 0 , 1150.23 , 2685.3 , 327.052 , -64.7909 , 1266.98
1140 , 0 , 1150.22 , 2684.93 , 327.062 , -64.7872 , 1266.99
1141 , 0 , 1150.21 , 2684.56 , 327.072 , -64.7835 , 1266.99
1142 , 0 , 1150.2 , 2684.19 , 327.082 , -64.7797 , 1267
1143 , 0 , 1150.18 , 2683.82 , 327.092 , -64.7759 , 1267.01
1144 , 0 , 1150.17 , 2683.45 , 327.102 , -64.7721 , 1267.01
1145 , 0 , 1150.16 , 2683.08 , 327.112 , -64.7682 , 1267.02
1146 , 0 , 1150.15 , 2682.71 , 327.122 , -64.7644 , 1267.03
1147 , 0 , 1150.14 , 2682.35 , 327.132 , -64.7604 , 1267.03
1148 , 0 , 1150.13 , 2681.98 , 327.143 , -64.7565 , 1267.04
1149 , 0 , 1150.12 , 2681.61 , 327.153 , -64.7525 , 1267.05
1150 , 0 , 1150.11 , 2681.24 , 327.163 , -64.7486 , 1267.06
1151 , 0 , 1150.1 , 2680.87 , 327.173 , -64.7445 , 1267.06
1152 , 0 , 1150.09 , 2680.51 , 327.183 , -64.7405 , 1267.07
1153 , 0 , 1150.08 , 2680.14 , 327.193 , -64.7364 , 1267.08
1154 , 0 , 1150.07 , 2679.77 , 327.203 , -64.7323 , 1267.09
1155 , 0 , 1150.06 , 2679.41 , 327.213 , -64.7282 , 1267.09
1156 , 0 , 1150.05 , 2679.04 , 327.223 , -64.724 , 1267.1
1157 , 0 , 1150.04 , 2678.67 , 327.234 , -64.7198 , 1267.11
1158 , 0 , 1150.03 , 2678.31 , 327.244 , -64.7156 , 1267.12
1159 , 0 , 1150.03 , 2677.94 , 327.254 , -64.7114 , 1267.12
1160 , 0 , 1150.02 , 2677.58 , 327.264 , -64.7071 , 1267.13
1161 , 0 , 1150.01 , 2677.21 , 327.274 , -64.7028 , 1267.14
1162 , 0 , 1150 , 2676.85 , 327.284 , -64.6985 , 1267.15
1163 , 0 , 1149.99 , 2676.48 , 327.295 , -64.6942 , 1267.15
1164 , 0 , 1149.98 , 2676.12 , 327.305 , -64.6898 , 1267.16
1165 , 0 , 1149.97 , 2675.75 , 327.315 , -64.6854 , 1267.17
1166 , 0 , 1149.96 , 2675.39 , 327.325 , -64.6809 , 1267.18
1167 , 0 , 1149.96 , 2675.02 , 327.336 , -64.6765 , 1267.19
1168 , 0 , 1149.95 , 2674.66 , 327.346 , -64.672 , 1267.19
1169 , 0 , 1149.94 , 2674.3 , 327.356 , -64.6675 , 1267.2
1170 , 0 , 1149.93 , 2673.93 , 327.366 , -64.6629 , 1267.21
1171 , 0 , 1149.92 , 2673.57 , 327.377 , -64.6583 , 1267.22
1172 , 0 , 1149.92 , 2673.21 , 327.387 , -64.6537 , 1267.23
1173 , 0 , 1149.91 , 2672.84 , 327.397 , -64.6491 , 1267.24
1174 , 0 , 1149.9 , 2672.48 , 327.408 , -64.6445 , 1267.24
1175 , 0 , 1149.89 , 2672.12 , 327.418 , -64.6398 , 1267.25
1176 , 0 , 1149.89 , 2671.76 , 327.428 , -64.6351 , 1267.26
1177 , 0 , 1149.88 , 2671.39 , 327.439 , -64.6303 , 1267.27
1178 , 0 , 1149.87 , 2671.03 , 327.449 , -64.6255 , 1267.28
1179 , 0 , 1149.86 , 2670.67 , 327.459 , -64.6208 , 1267.29
1180 , 0 , 1149.86 , 2670.31 , 327.47 , -64.6159 , 1267.29
1181 , 0 , 1149.85 , 2669.95 , 327.48 , -64.6111 , 1267.3
1182 , 0 , 1149.84 , 2669.59 , 327.49 , -64.6062 , 1267.31
1183 , 0 , 1149.84 , 2669.23 , 327.501 , -64.6013 , 1267.32
1184 , 0 , 1149.83 , 2668.87 , 327.511 , -64.5964 , 1267.33
1185 , 0 , 1149.82 , 2668.51 , 327.522 , -64.5914 , 1267.34
1186 , 0 , 1149.82 , 2668.15 , 327.532 , -64.5864 , 1267.35
1187 , 0 , 1149.81 , 2667.79 , 327.543 , -64.5814 , 1267.36
1188 , 0 , 1149.8 , 2667.43 , 327.553 , -64.5763 , 1267.37
1189 , 0 , 1149.8 , 2667.07 , 327.563 , -64.5712 , 1267.38
1190 , 0 , 1149.79 , 2666.71 , 327.574 , -64.5661 , 1267.38
1191 , 0 , 1149.79 , 2666.35 , 327.584 , -64.561 , 1267.39
1192 , 0 , 1149.78 , 2665.99 , 327.595 , -64.5558 , 1267.4
1193 , 0 , 1149.78 , 2665.63 , 327.605 , -64.5507 , 1267.41
1194 , 0 , 1149.77 , 2665.27 , 327.616 , -64.5454 , 1267.42
1195 , 0 , 1149.76 , 2664.91 , 327.626 , -64.5402 , 1267.43
1196 , 0 , 1149.76 , 2664.56 , 327.637 , -64.5349 , 1267.44
1197 , 0 , 1149.75 , 2664.2 , 327.647 , -64.5296 , 1267.45
1198 , 0 , 1149.75 , 2663.84 , 327.658 , -64.5243 , 1267.46
1199 , 0 , 1149.74 , 2663.48 , 327.668 , -64.519 , 1267.47
1200 , 0 , 1149.74 , 2663.13 , 327.679 , -64.5136 , 1267.48
1201 , 0 , 1149.73 , 2662.77 , 327.69 , -64.5082 , 1267.49
1202 , 0 , 1149.73 , 2662.41 , 327.7 , -64.5027 , 1267.5
1203 , 0 , 1149.73 , 2662.06 , 327.711 , -64.4973 , 1267.51
1204 , 0 , 1149.72 , 2661.7 , 327.721 , -64.4918 , 1267.52
1205 , 0 , 1149.72 , 2661.34 , 327.732 , -64.4862 , 1267.53
1206 , 0 , 1149.71 , 2660.99 , 327.742 , -64.4807 , 1267.54
1207 , 0 , 1149.71 , 2660.63 , 327.753 , -64.4751 , 1267.55
1208 , 0 , 1149.7 , 2660.28 , 327.764 , -64.4695 , 1267.56
1209 , 0 , 1149.7 , 2659.92 , 327.774 , -64.4639 , 1267.57
1210 , 0 , 1149.7 , 2659.57 , 327.785 , -64.4582 , 1267.58
1211 , 0 , 1149.69 , 2659.21 , 327.796 , -64.4525 , 1267.59
1212 , 0 , 1149.69 , 2658.86 , 327.806 , -64.4468 , 1267.6
1213 , 0 , 1149.68 , 2658.5 , 327.817 , -64.4411 , 1267.61
1214 , 0 , 1149.68 , 2658.15 , 327.828 , -64.4353 , 1267.62
1215 , 0 , 1149.68 , 2657.79 , 327.838 , -64.4295 , 1267.63
1216 , 0 , 1149.67 , 2657.44 , 327.849 , -64.4237 , 1267.64
1217 , 0 , 1149.67 , 2657.08 , 327.86 , -64.4178 , 1267.65
1218 , 0 , 1149.67 , 2656.73 , 327.871 , -64.4119 , 1267.66
1219 , 0 , 1149.66 , 2656.38 , 327.881 , -64.406 , 1267.67
1220 , 0 , 1149.66 , 2656.02 , 327.892 , -64.4001 , 1267.68
1221 , 0 , 1149.66 , 2655.67 , 327.903 , -64.3941 , 1267.69
1222 , 0 , 1149.66 , 2655.32 , 327.914 , -64.3881 , 1267.7
1223 , 0 , 1149.65 , 2654.96 , 327.924 , -64.3821 , 1267.72
1224 , 0 , 1149.65 , 2654.61 , 327.935 , -64.376 , 1267.73
1225 , 0 , 1149.65 , 2654.26 , 327.946 , -64.37 , 1267.74
1226 , 0 , 1149.65 , 2653.91 , 327.957 , -64.3639 , 1267.75
1227 , 0 , 1149.64 , 2653.56 , 327.968 , -64.3577 , 1267.76
1228 , 0 , 1149.64 , 2653.2 , 327.978 , -64.3516 , 1267.77
1229 , 0 , 1149.64 , 2652.85 , 327.989 , -64.3454 , 1267.78
1230 , 0 , 1149.64 , 2652.5 , 328 , -64.3392 , 1267.79
1231 , 0 , 1149.64 , 2652.15 , 328.011 , -64.3329 , 1267.8
1232 , 0 , 1149.64 , 2651.8 , 328.022 , -64.3267 , 1267.81
1233 , 0 , 1149.63 , 2651.45 , 328.033 , -64.3204 , 1267.83
1234 , 0 , 1149.63 , 2651.1 , 328.044 , -64.314 , 1267.84
1235 , 0 , 1149.63 , 2650.75 , 328.054 , -64.3077 , 1267.85
1236 , 0 , 1149.63 , 2650.4 , 328.065 , -64.3013 , 1267.86
1237 , 0 , 1149.63 , 2650.05 , 328.076 , -64.2949 , 1267.87
1238 , 0 , 1149.63 , 2649.7 , 328.087 , -64.2885 , 1267.88
1239 , 0 , 1149.63 , 2649.35 , 328.098 , -64.282 , 1267.89
1240 , 0 , 1149.62 , 2649 , 328.109 , -64.2755 , 1267.91
1241 , 0 , 1149.62 , 2648.65 , 328.12 , -64.269 , 1267.92
1242 , 0 , 1149.62 , 2648.3 , 328.131 , -64.2625 , 1267.93
1243 , 0 , 1149.62 , 2647.95 , 328.142 , -64.2559 , 1267.94
1244 , 0 , 1149.62 , 2647.6 , 328.153 , -64.2493 , 1267.95
1245 , 0 , 1149.62 , 2647.25 , 328.164 , -64.2427 , 1267.97
1246 , 0 , 1149.62 , 2646.9 , 328.175 , -64.236 , 1267.98
1247 , 0 , 1149.62 , 2646.56 , 328.186 , -64.2293 , 1267.99
1248 , 0 , 1149.62 , 2646.21 , 328.197 , -64.2226 , 1268
1249 , 0 , 1149.62 , 2645.86 , 328.208 , -64.2159 , 1268.01
1250 , 0 , 1149.62 , 2645.51 , 328.219 , -64.2091 , 1268.03
1251 , 0 , 1149.62 , 2645.17 , 328.23 , -64.2023 , 1268.04
1252 , 0 , 1149.62 , 2644.82 , 328.241 , -64.1955 , 1268.05
1253 , 0 , 1149.62 , 2644.47 , 328.252 , -64.1887 , 1268.06
1254 , 0 , 1149.62 , 2644.13 , 328.263 , -64.1818 , 1268.07
1255 , 0 , 1149.62 , 2643.78 , 328.274 , -64.1749 , 1268.09
1256 , 0 , 1149.62 , 2643.43 , 328.285 , -64.168 , 1268.1
1257 , 0 , 1149.62 , 2643.09 , 328.296 , -64.161 , 1268.11
1258 , 0 , 1149.63 , 2642.74 , 328.308 , -64.154 , 1268.12
1259 , 0 , 1149.63 , 2642.39 , 328.319 , -64.147 , 1268.14
1260 , 0 , 1149.63 , 2642.05 , 328.33 , -64.14 , 1268.15
1261 , 0 , 1149.63 , 2641.7 , 328.341 , -64.1329 , 1268.16
1262 , 0 , 1149.63 , 2641.36 , 328.352 , -64.1259 , 1268.17
1263 , 0 , 1149.63 , 2641.01 , 328.363 , -64.1188 , 1268.19
1264 , 0 , 1149.63 , 2640.67 , 328.375 , -64.1116 , 1268.2
1265 , 0 , 1149.63 , 2640.32 , 328.386 , -64.1044 , 1268.21
1266 , 0 , 1149.64 , 2639.98 , 328.397 , -64.0973 , 1268.23
1267 , 0 , 1149.64 , 2639.63 , 328.408 , -64.09 , 1268.24
1268 , 0 , 1149.64 , 2639.29 , 328.419 , -64.0828 , 1268.25
1269 , 0 , 1149.64 , 2638.95 , 328.431 , -64.0755 , 1268.27
1270 , 0 , 1149.64 , 2638.6 , 328.442 , -64.0682 , 1268.28
1271 , 0 , 1149.65 , 2638.26 , 328.453 , -64.0609 , 1268.29
1272 , 0 , 1149.65 , 2637.92 , 328.464 , -64.0535 , 1268.3
1273 , 0 , 1149.65 , 2637.57 , 328.476 , -64.0462 , 1268.32
1274 , 0 , 1149.65 , 2637.23 , 328.487 , -64.0387 , 1268.33
1275 , 0 , 1149.65 , 2636.89 , 328.498 , -64.0313 , 1268.34
1276 , 0 , 1149.66 , 2636.54 , 328.51 , -64.0239 , 1268.36
1277 , 0 , 1149.66 , 2636.2 , 328.521 , -64.0164 , 1268.37
1278 , 0 , 1149.66 , 2635.86 , 328.532 , -64.0089 , 1268.39
1279 , 0 , 1149.67 , 2635.52 , 328.544 , -64.0013 , 1268.4
1280 , 0 , 1149.67 , 2635.17 , 328.555 , -63.9938 , 1268.41
1281 , 0 , 1149.67 , 2634.83 , 328.566 , -63.9862 , 1268.43
1282 , 0 , 1149.68 , 2634.49 , 328.578 , -63.9785 , 1268.44
1283 , 0 , 1149.68 , 2634.15 , 328.589 , -63.9709 , 1268.45
1284 , 0 , 1149.68 , 2633.81 , 328.6 , -63.9632 , 1268.47
1285 , 0 , 1149.69 , 2633.47 , 328.612 , -63.9555 , 1268.48
1286 , 0 , 1149.69 , 2633.13 , 328.623 , -63.9478 , 1268.5
1287 , 0 , 1149.69 , 2632.79 , 328.635 , -63.94 , 1268.51
1288 , 0 , 1149.7 , 2632.45 , 328.646 , -63.9323 , 1268.52
1289 , 0 , 1149.7 , 2632.1 , 328.658 , -63.9245 , 1268.54
1290 , 0 , 1149.7 , 2631.77 , 328.669 , -63.9166 , 1268.55
1291 , 0 , 1149.71 , 2631.42 , 328.681 , -63.9088 , 1268.57
1292 , 0 , 1149.71 , 2631.09 , 328.692 , -63.9009 , 1268.58
1293 , 0 , 1149.72 , 2630.75 , 328.703 , -63.893 , 1268.59
1294 , 0 , 1149.72 , 2630.41 , 328.715 , -63.8851 , 1268.61
1295 , 0 , 1149.72 , 2630.07 , 328.727 , -63.8771 , 1268.62
1296 , 0 , 1149.73 , 2629.73 , 328.738 , -63.8691 , 1268.64
1297 , 0 , 1149.73 , 2629.39 , 328.75 , -63.8611 , 1268.65
1298 , 0 , 1149.74 , 2629.05 , 328.761 , -63.8531 , 1268.67
1299 , 0 , 1149.74 , 2628.71 , 328.773 , -63.845 , 1268.68
1300 , 0 , 1149.75 , 2628.38 , 328.784 , -63.8369 , 1268.7
1301 , 0 , 1149.75 , 2628.04 , 328.796 , -63.8288 , 1268.71
1302 , 0 , 1149.76 , 2627.7 , 328.807 , -63.8207 , 1268.72
1303 , 0 , 1149.76 , 2627.36 , 328.819 , -63.8125 , 1268.74
1304 , 0 , 1149.77 , 2627.02 , 328.831 , -63.8043 , 1268.75
1305 , 0 , 1149.77 , 2626.69 , 328.842 , -63.7961 , 1268.77
1306 , 0 , 1149.78 , 2626.35 , 328.854 , -63.7878 , 1268.78
1307 , 0 , 1149.78 , 2626.01 , 328.865 , -63.7796 , 1268.8
1308 , 0 , 1149.79 , 2625.68 , 328.877 , -63.7713 , 1268.81
1309 , 0 , 1149.8 , 2625.34 , 328.889 , -63.763 , 1268.83
1310 , 0 , 1149.8 , 2625 , 328.9 , -63.7546 , 1268.84
1311 , 0 , 1149.81 , 2624.67 , 328.912 , -63.7463 , 1268.86
1312 , 0 , 1149.81 , 2624.33 , 328.924 , -63.7379 , 1268.87
1313 , 0 , 1149.82 , 2624 , 328.936 , -63.7294 , 1268.89
1314 , 0 , 1149.83 , 2623.66 , 328.947 , -63.721 , 1268.9
1315 , 0 , 1149.83 , 2623.33 , 328.959 , -63.7125 , 1268.92
1316 , 0 , 1149.84 , 2622.99 , 328.971 , -63.704 , 1268.94
1317 , 0 , 1149.85 , 2622.66 , 328.983 , -63.6955 , 1268.95
1318 , 0 , 1149.85 , 2622.32 , 328.994 , -63.687 , 1268.97
1319 , 0 , 1149.86 , 2621.99 , 329.006 , -63.6784 , 1268.98
1320 , 0 , 1149.87 , 2621.65 , 329.018 , -63.6698 , 1269
1321 , 0 , 1149.87 , 2621.32 , 329.03 , -63.6612 , 1269.01
1322 , 0 , 1149.88 , 2620.98 , 329.041 , -63.6525 , 1269.03
1323 , 0 , 1149.89 , 2620.65 , 329.053 , -63.6439 , 1269.04
1324 , 0 , 1149.89 , 2620.32 , 329.065 , -63.6352 , 1269.06
1325 , 0 , 1149.9 , 2619.98 , 329.077 , -63.6265 , 1269.08
1326 , 0 , 1149.91 , 2619.65 , 329.089 , -63.6177 , 1269.09
1327 , 0 , 1149.91 , 2619.32 , 329.1 , -63.6089 , 1269.11
1328 , 0 , 1149.92 , 2618.98 , 329.112 , -63.6002 , 1269.12
1329 , 0 , 1149.93 , 2618.65 , 329.124 , -63.5913 , 1269.14
1330 , 0 , 1149.94 , 2618.32 , 329.136 , -63.5825 , 1269.16
1331 , 0 , 1149.95 , 2617.99 , 329.148 , -63.5736 , 1269.17
1332 , 0 , 1149.95 , 2617.65 , 329.16 , -63.5647 , 1269.19
1333 , 0 , 1149.96 , 2617.32 , 329.172 , -63.5558 , 1269.2
1334 , 0 , 1149.97 , 2616.99 , 329.184 , -63.5469 , 1269.22
1335 , 0 , 1149.98 , 2616.66 , 329.196 , -63.5379 , 1269.24
1336 , 0 , 1149.98 , 2616.33 , 329.208 , -63.5289 , 1269.25
1337 , 0 , 1149.99 , 2615.99 , 329.22 , -63.5199 , 1269.27
1338 , 0 , 1150 , 2615.66 , 329.232 , -63.5109 , 1269.29
1339 , 0 , 1150.01 , 2615.33 , 329.244 , -63.5018 , 1269.3
1340 , 0 , 1150.02 , 2615 , 329.256 , -63.4927 , 1269.32
1341 , 0 , 1150.03 , 2614.67 , 329.268 , -63.4836 , 1269.33
1342 , 0 , 1150.04 , 2614.34 , 329.28 , -63.4745 , 1269.35
1343 , 0 , 1150.04 , 2614.01 , 329.292 , -63.4653 , 1269.37
1344 , 0 , 1150.05 , 2613.68 , 329.304 , -63.4561 , 1269.38
1345 , 0 , 1150.06 , 2613.35 , 329.316 , -63.4469 , 1269.4
1346 , 0 , 1150.07 , 2613.02 , 329.328 , -63.4377 , 1269.42
1347 , 0 , 1150.08 , 2612.69 , 329.34 , -63.4284 , 1269.43
1348 , 0 , 1150.09 , 2612.36 , 329.352 , -63.4191 , 1269.45
1349 , 0 , 1150.1 , 2612.03 , 329.364 , -63.4098 , 1269.47
1350 , 0 , 1150.11 , 2611.71 , 329.376 , -63.4005 , 1269.49
1351 , 0 , 1150.12 , 2611.38 , 329.388 , -63.3912 , 1269.5
1352 , 0 , 1150.13 , 2611.05 , 329.4 , -63.3818 , 1269.52
1353 , 0 , 1150.14 , 2610.72 , 329.413 , -63.3724 , 1269.54
1354 , 0 , 1150.15 , 2610.39 , 329.425 , -63.363 , 1269.55
1355 , 0 , 1150.16 , 2610.06 , 329.437 , -63.3535 , 1269.57
1356 , 0 , 1150.17 , 2609.74 , 329.449 , -63.344 , 1269.59
1357 , 0 , 1150.18 , 2609.41 , 329.461 , -63.3346 , 1269.61
1358 , 0 , 1150.19 , 2609.08 , 329.473 , -63.325 , 1269.62
1359 , 0 , 1150.2 , 2608.75 , 329.486 , -63.3155 , 1269.64
1360 , 0 , 1150.21 , 2608.43 , 329.498 , -63.3059 , 1269.66
1361 , 0 , 1150.22 , 2608.1 , 329.51 , -63.2963 , 1269.68
1362 , 0 , 1150.23 , 2607.77 , 329.522 , -63.2867 , 1269.69
1363 , 0 , 1150.24 , 2607.45 , 329.535 , -63.2771 , 1269.71
1364 , 0 , 1150.25 , 2607.12 , 329.547 , -63.2674 , 1269.73
1365 , 0 , 1150.26 , 2606.79 , 329.559 , -63.2578 , 1269.75
1366 , 0 , 1150.27 , 2606.47 , 329.571 , -63.2481 , 1269.76
1367 , 0 , 1150.28 , 2606.14 , 329.584 , -63.2383 , 1269.78
1368 , 0 , 1150.29 , 2605.81 , 329.596 , -63.2286 , 1269.8
1369 , 0 , 1150.3 , 2605.49 , 329.608 , -63.2188 , 1269.82
1370 , 0 , 1150.32 , 2605.17 , 329.621 , -63.209 , 1269.84
1371 , 0 , 1150.33 , 2604.84 , 329.633 , -63.1992 , 1269.85
1372 , 0 , 1150.34 , 2604.51 , 329.645 , -63.1894 , 1269.87
1373 , 0 , 1150.35 , 2604.19 , 329.658 , -63.1795 , 1269.89
1374 , 0 , 1150.36 , 2603.87 , 329.67 , -63.1696 , 1269.91
1375 , 0 , 1150.37 , 2603.54 , 329.682 , -63.1597 , 1269.93
1376 , 0 , 1150.38 , 2603.22 , 329.695 , -63.1498 , 1269.94
1377 , 0 , 1150.4 , 2602.89 , 329.707 , -63.1398 , 1269.96
1378 , 0 , 1150.41 , 2602.57 , 329.72 , -63.1299 , 1269.98
1379 , 0 , 1150.42 , 2602.25 , 329.732 , -63.1199 , 1270
1380 , 0 , 1150.43 , 2601.92 , 329.745 , -63.1098 , 1270.02
1381 , 0 , 1150.44 , 2601.6 , 329.757 , -63.0998 , 1270.03
1382 , 0 , 1150.46 , 2601.28 , 329.769 , -63.0897 , 1270.05
1383 , 0 , 1150.47 , 2600.95 , 329.782 , -63.0796 , 1270.07
1384 , 0 , 1150.48 , 2600.63 , 329.794 , -63.0695 , 1270.09
1385 , 0 , 1150.49 , 2600.31 , 329.807 , -63.0594 , 1270.11
1386 , 0 , 1150.51 , 2599.99 , 329.819 , -63.0492 , 1270.13
1387 , 0 , 1150.52 , 2599.66 , 329.832 , -63.0391 , 1270.15
1388 , 0 , 1150.53 , 2599.34 , 329.844 , -63.0289 , 1270.16
1389 , 0 , 1150.54 , 2599.02 , 329.857 , -63.0187 , 1270.18
1390 , 0 , 1150.56 , 2598.7 , 329.869 , -63.0084 , 1270.2
1391 , 0 , 1150.57 , 2598.38 , 329.882 , -62.9981 , 1270.22
1392 , 0 , 1150.58 , 2598.06 , 329.895 , -62.9879 , 1270.24
1393 , 0 , 1150.6 , 2597.74 , 329.907 , -62.9775 , 1270.26
1394 , 0 , 1150.61 , 2597.41 , 329.92 , -62.9672 , 1270.28
1395 , 0 , 1150.62 , 2597.09 , 329.932 , -62.9569 , 1270.3
1396 , 0 , 1150.64 , 2596.77 , 329.945 , -62.9465 , 1270.32
1397 , 0 , 1150.65 , 2596.45 , 329.958 , -62.9361 , 1270.33
1398 , 0 , 1150.66 , 2596.13 , 329.97 , -62.9257 , 1270.35
1399 , 0 , 1150.68 , 2595.81 , 329.983 , -62.9152 , 1270.37
1400 , 0 , 1150.69 , 2595.49 , 329.995 , -62.9048 , 1270.39
1401 , 0 , 1150.7 , 2595.17 , 330.008 , -62.8943 , 1270.41
1402 , 0 , 1150.72 , 2594.85 , 330.021 , -62.8838 , 1270.43
1403 , 0 , 1150.73 , 2594.53 , 330.034 , -62.8733 , 1270.45
1404 , 0 , 1150.75 , 2594.22 , 330.046 , -62.8627 , 1270.47
1405 , 0 , 1150.76 , 2593.9 , 330.059 , -62.8522 , 1270.49
1406 , 0 , 1150.77 , 2593.58 , 330.072 , -62.8416 , 1270.51
1407 , 0 , 1150.79 , 2593.26 , 330.084 , -62.831 , 1270.53
1408 , 0 , 1150.8 , 2592.94 , 330.097 , -62.8203 , 1270.55
1409 , 0 , 1150.82 , 2592.62 , 330.11 , -62.8097 , 1270.57
1410 , 0 , 1150.83 , 2592.3 , 330.123 , -62.799 , 1270.59
1411 , 0 , 1150.85 , 2591.99 , 330.135 , -62.7883 , 1270.61
1412 , 0 , 1150.86 , 2591.67 , 330.148 , -62.7776 , 1270.63
1413 , 0 , 1150.88 , 2591.35 , 330.161 , -62.7669 , 1270.65
1414 , 0 , 1150.89 , 2591.03 , 330.174 , -62.7561 , 1270.67
1415 , 0 , 1150.91 , 2590.72 , 330.187 , -62.7453 , 1270.69
1416 , 0 , 1150.92 , 2590.4 , 330.2 , -62.7346 , 1270.71
1417 , 0 , 1150.94 , 2590.08 , 330.212 , -62.7237 , 1270.73
1418 , 0 , 1150.95 , 2589.77 , 330.225 , -62.7129 , 1270.75
1419 , 0 , 1150.97 , 2589.45 , 330.238 , -62.702 , 1270.77
1420 , 0 , 1150.98 , 2589.13 , 330.251 , -62.6911 , 1270.79
1421 , 0 , 1151 , 2588.82 , 330.264 , -62.6802 , 1270.81
1422 , 0 , 1151.01 , 2588.5 , 330.277 , -62.6693 , 1270.83
1423 , 0 , 1151.03 , 2588.19 , 330.29 , -62.6584 , 1270.85
1424 , 0 , 1151.04 , 2587.87 , 330.302 , -62.6474 , 1270.87
1425 , 0 , 1151.06 , 2587.55 , 330.315 , -62.6364 , 1270.89
1426 , 0 , 1151.08 , 2587.24 , 330.328 , -62.6254 , 1270.91
1427 , 0 , 1151.09 , 2586.92 , 330.341 , -62.6144 , 1270.93
1428 , 0 , 1151.11 , 2586.61 , 330.354 , -62.6034 , 1270.95
1429 , 0 , 1151.12 , 2586.29 , 330.367 , -62.5923 , 1270.97
1430 , 0 , 1151.14 , 2585.98 , 330.38 , -62.5812 , 1270.99
1431 , 0 , 1151.16 , 2585.67 , 330.393 , -62.5701 , 1271.01
1432 , 0 , 1151.17 , 2585.35 , 330.406 , -62.559 , 1271.03
1433 , 0 , 1151.19 , 2585.04 , 330.419 , -62.5479 , 1271.05
1434 , 0 , 1151.2 , 2584.72 , 330.432 , -62.5367 , 1271.07
1435 , 0 , 1151.22 , 2584.41 , 330.445 , -62.5255 , 1271.09
1436 , 0 , 1151.24 , 2584.1 , 330.458 , -62.5143 , 1271.11
1437 , 0 , 1151.25 , 2583.78 , 330.471 , -62.5031 , 1271.13
1438 , 0 , 1151.27 , 2583.47 , 330.484 , -62.4919 , 1271.15
1439 , 0 , 1151.29 , 2583.16 , 330.497 , -62.4806 , 1271.18
1440 , 0 , 1151.31 , 2582.84 , 330.51 , -62.4693 , 1271.2
1441 , 0 , 1151.32 , 2582.53 , 330.524 , -62.458 , 1271.22
1442 , 0 , 1151.34 , 2582.22 , 330.537 , -62.4467 , 1271.24
1443 , 0 , 1151.36 , 2581.91 , 330.55 , -62.4354 , 1271.26
1444 , 0 , 1151.37 , 2581.59 , 330.563 , -62.424 , 1271.28
1445 , 0 , 1151.39 , 2581.28 , 330.576 , -62.4126 , 1271.3
1446 , 0 , 1151.41 , 2580.97 , 330.589 , -62.4012 , 1271.32
1447 , 0 , 1151.43 , 2580.66 , 330.602 , -62.3898 , 1271.34
1448 , 0 , 1151.44 , 2580.35 , 330.615 , -62.3784 , 1271.36
1449 , 0 , 1151.46 , 2580.04 , 330.629 , -62.3669 , 1271.39
1450 , 0 , 1151.48 , 2579.72 , 330.642 , -62.3554 , 1271.41
1451 , 0 , 1151.5 , 2579.41 , 330.655 , -62.344 , 1271.43
1452 , 0 , 1151.51 , 2579.1 , 330.668 , -62.3324 , 1271.45
1453 , 0 , 1151.53 , 2578.79 , 330.681 , -62.3209 , 1271.47
1454 , 0 , 1151.55 , 2578.48 , 330.694 , -62.3094 , 1271.49
1455 , 0 , 1151.57 , 2578.17 , 330.708 , -62.2978 , 1271.51
1456 , 0 , 1151.59 , 2577.86 , 330.721 , -62.2862 , 1271.54
1457 , 0 , 1151.6 , 2577.55 , 330.734 , -62.2746 , 1271.56
1458 , 0 , 1151.62 , 2577.24 , 330.747 , -62.263 , 1271.58
1459 , 0 , 1151.64 , 2576.93 , 330.761 , -62.2514 , 1271.6
1460 , 0 , 1151.66 , 2576.62 , 330.774 , -62.2397 , 1271.62
1461 , 0 , 1151.68 , 2576.31 , 330.787 , -62.228 , 1271.64
1462 , 0 , 1151.7 , 2576 , 330.8 , -62.2163 , 1271.66
1463 , 0 , 1151.72 , 2575.7 , 330.814 , -62.2046 , 1271.69
1464 , 0 , 1151.73 , 2575.39 , 330.827 , -62.1929 , 1271.71
1465 , 0 , 1151.75 , 2575.08 , 330.84 , -62.1811 , 1271.73
1466 , 0 , 1151.77 , 2574.77 , 330.854 , -62.1693 , 1271.75
1467 , 0 , 1151.79 , 2574.46 , 330.867 , -62.1576 , 1271.77
1468 , 0 , 1151.81 , 2574.15 , 330.88 , -62.1458 , 1271.8
1469 , 0 , 1151.83 , 2573.84 , 330.894 , -62.1339 , 1271.82
1470 , 0 , 1151.85 , 2573.54 , 330.907 , -62.1221 , 1271.84
1471 , 0 , 1151.87 , 2573.23 , 330.921 , -62.1102 , 1271.86
1472 , 0 , 1151.89 , 2572.92 , 330.934 , -62.0984 , 1271.88
1473 , 0 , 1151.91 , 2572.61 , 330.947 , -62.0865 , 1271.91
1474 , 0 , 1151.93 , 2572.31 , 330.961 , -62.0745 , 1271.93
1475 , 0 , 1151.95 , 2572 , 330.974 , -62.0626 , 1271.95
1476 , 0 , 1151.96 , 2571.69 , 330.988 , -62.0507 , 1271.97
1477 , 0 , 1151.98 , 2571.39 , 331.001 , -62.0387 , 1271.99
1478 , 0 , 1152 , 2571.08 , 331.014 , -62.0267 , 1272.02
1479 , 0 , 1152.02 , 2570.77 , 331.028 , -62.0147 , 1272.04
1480 , 0 , 1152.04 , 2570.47 , 331.041 , -62.0027 , 1272.06
1481 , 0 , 1152.06 , 2570.16 , 331.055 , -61.9907 , 1272.08
1482 , 0 , 1152.08 , 2569.85 , 331.068 , -61.9786 , 1272.11
1483 , 0 , 1152.1 , 2569.55 , 331.082 , -61.9665 , 1272.13
1484 , 0 , 1152.12 , 2569.24 , 331.095 , -61.9544 , 1272.15
1485 , 0 , 1152.14 , 2568.94 , 331.109 , -61.9423 , 1272.17
1486 , 0 , 1152.16 , 2568.63 , 331.122 , -61.9302 , 1272.2
1487 , 0 , 1152.18 , 2568.33 , 331.136 , -61.9181 , 1272.22
1488 , 0 , 1152.21 , 2568.02 , 331.149 , -61.9059 , 1272.24
1489 , 0 , 1152.23 , 2567.72 , 331.163 , -61.8937 , 1272.27
1490 , 0 , 1152.25 , 2567.41 , 331.177 , -61.8816 , 1272.29
1491 , 0 , 1152.27 , 2567.11 , 331.19 , -61.8694 , 1272.31
1492 , 0 , 1152.29 , 2566.81 , 331.204 , -61.8571 , 1272.33
1493 , 0 , 1152.31 , 2566.5 , 331.217 , -61.8449 , 1272.36
1494 , 0 , 1152.33 , 2566.2 , 331.231 , -61.8326 , 1272.38
1495 , 0 , 1152.35 , 2565.89 , 331.245 , -61.8204 , 1272.4
1496 , 0 , 1152.37 , 2565.59 , 331.258 , -61.8081 , 1272.43
1497 , 0 , 1152.39 , 2565.29 , 331.272 , -61.7958 , 1272.45
1498 , 0 , 1152.41 , 2564.98 , 331.285 , -61.7834 , 1272.47
1499 , 0 , 1152.44 , 2564.68 , 331.299 , -61.7711 , 1272.49
1500 , 0 , 1152.46 , 2564.38 , 331.313 , -61.7588 , 1272.52
1501 , 0 , 1152.48 , 2564.07 , 331.326 , -61.7464 , 1272.54
1502 , 0 , 1152.5 , 2563.77 , 331.34 , -61.734 , 1272.56
1503 , 0 , 1152.52 , 2563.47 , 331.354 , -61.7216 , 1272.59
1504 , 0 , 1152.54 , 2563.17 , 331.367 , -61.7092 , 1272.61
1505 , 0 , 1152.56 , 2562.87 , 331.381 , -61.6967 , 1272.63
1506 , 0 , 1152.59 , 2562.56 , 331.395 , -61.6843 , 1272.66
1507 , 0 , 1152.61 , 2562.26 , 331.409 , -61.6718 , 1272.68
1508 , 0 , 1152.63 , 2561.96 , 331.422 , -61.6593 , 1272.7
1509 , 0 , 1152.65 , 2561.66 , 331.436 , -61.6468 , 1272.73
1510 , 0 , 1152.67 , 2561.36 , 331.45 , -61.6343 , 1272.75
1511 , 0 , 1152.7 , 2561.06 , 331.464 , -61.6218 , 1272.77
1512 , 0 , 1152.72 , 2560.75 , 331.477 , -61.6092 , 1272.8
1513 , 0 , 1152.74 , 2560.45 , 331.491 , -61.5966 , 1272.82
1514 , 0 , 1152.76 , 2560.15 , 331.505 , -61.5841 , 1272.84
1515 , 0 , 1152.78 , 2559.85 , 331.519 , -61.5715 , 1272.87
1516 , 0 , 1152.81 , 2559.55 , 331.532 , -61.5588 , 1272.89
1517 , 0 , 1152.83 , 2559.25 , 331.546 , -61.5462 , 1272.91
1518 , 0 , 1152.85 , 2558.95 , 331.56 , -61.5336 , 1272.94
1519 , 0 , 1152.87 , 2558.65 , 331.574 , -61.5209 , 1272.96
1520 , 0 , 1152.9 , 2558.35 , 331.588 , -61.5082 , 1272.99
1521 , 0 , 1152.92 , 2558.05 , 331.602 , -61.4956 , 1273.01
1522 , 0 , 1152.94 , 2557.75 , 331.616 , -61.4828 , 1273.03
1523 , 0 , 1152.96 , 2557.45 , 331.629 , -61.4701 , 1273.06
1524 , 0 , 1152.99 , 2557.16 , 331.643 , -61.4574 , 1273.08
1525 , 0 , 1153.01 , 2556.86 , 331.657 , -61.4446 , 1273.11
1526 , 0 , 1153.03 , 2556.56 , 331.671 , -61.4319 , 1273.13
1527 , 0 , 1153.06 , 2556.26 , 331.685 , -61.4191 , 1273.15
1528 , 0 , 1153.08 , 2555.96 , 331.699 , -61.4063 , 1273.18
1529 , 0 , 1153.1 , 2555.66 , 331.713 , -61.3935 , 1273.2
1530 , 0 , 1153.13 , 2555.37 , 331.727 , -61.3807 , 1273.22
1531 , 0 , 1153.15 , 2555.07 , 331.741 , -61.3678 , 1273.25
1532 , 0 , 1153.17 , 2554.77 , 331.755 , -61.355 , 1273.27
1533 , 0 , 1153.2 , 2554.47 , 331.769 , -61.3421 , 1273.3
1534 , 0 , 1153.22 , 2554.18 , 331.783 , -61.3292 , 1273.32
1535 , 0 , 1153.24 , 2553.88 , 331.797 , -61.3163 , 1273.35
1536 , 0 , 1153.27 , 2553.58 , 331.811 , -61.3034 , 1273.37
1537 , 0 , 1153.29 , 2553.28 , 331.825 , -61.2905 , 1273.39
1538 , 0 , 1153.31 , 2552.99 , 331.839 , -61.2775 , 1273.42
1539 , 0 , 1153.34 , 2552.69 , 331.853 , -61.2646 , 1273.44
1540 , 0 , 1153.36 , 2552.39 , 331.867 , -61.2516 , 1273.47
1541 , 0 , 1153.39 , 2552.1 , 331.881 , -61.2386 , 1273.49
1542 , 0 , 1153.41 , 2551.8 , 331.895 , -61.2256 , 1273.52
1543 , 0 , 1153.43 , 2551.51 , 331.909 , -61.2126 , 1273.54
1544 , 0 , 1153.46 , 2551.21 , 331.923 , -61.1996 , 1273.56
1545 , 0 , 1153.48 , 2550.91 , 331.937 , -61.1865 , 1273.59
1546 , 0 , 1153.51 , 2550.62 , 331.951 , -61.1735 , 1273.61
1547 , 0 , 1153.53 , 2550.32 , 331.965 , -61.1604 , 1273.64
1548 , 0 , 1153.56 , 2550.03 , 331.979 , -61.1473 , 1273.66
1549 , 0 , 1153.58 , 2549.73 , 331.993 , -61.1343 , 1273.69
1550 , 0 , 1153.6 , 2549.44 , 332.007 , -61.1211 , 1273.71
1551 , 0 , 1153.63 , 2549.14 , 332.021 , -61.108 , 1273.74
1552 , 0 , 1153.65 , 2548.85 , 332.036 , -61.0949 , 1273.76
1553 , 0 , 1153.68 , 2548.55 , 332.05 , -61.0817 , 1273.79
1554 , 0 , 1153.7 , 2548.26 , 332.064 , -61.0686 , 1273.81
1555 , 0 , 1153.73 , 2547.96 , 332.078 , -61.0554 , 1273.84
1556 , 0 , 1153.75 , 2547.67 , 332.092 , -61.0422 , 1273.86
1557 , 0 , 1153.78 , 2547.38 , 332.106 , -61.029 , 1273.89
1558 , 0 , 1153.8 , 2547.08 , 332.121 , -61.0158 , 1273.91
1559 , 0 , 1153.83 , 2546.79 , 332.135 , -61.0026 , 1273.94
1560 , 0 , 1153.85 , 2546.5 , 332.149 , -60.9893 , 1273.96
1561 , 0 , 1153.88 , 2546.2 , 332.163 , -60.9761 , 1273.99
1562 , 0 , 1153.9 , 2545.91 , 332.177 , -60.9628 , 1274.01
1563 , 0 , 1153.93 , 2545.62 , 332.192 , -60.9495 , 1274.04
1564 , 0 , 1153.95 , 2545.33 , 332.206 , -60.9362 , 1274.06
1565 , 0 , 1153.98 , 2545.03 , 332.22 , -60.9229 , 1274.09
1566 , 0 , 1154 , 2544.74 , 332.234 , -60.9096 , 1274.11
1567 , 0 , 1154.03 , 2544.45 , 332.249 , -60.8963 , 1274.14
1568 , 0 , 1154.06 , 2544.16 , 332.263 , -60.8829 , 1274.16
1569 , 0 , 1154.08 , 2543.87 , 332.277 , -60.8696 , 1274.19
1570 , 0 , 1154.11 , 2543.57 , 332.291 , -60.8562 , 1274.21
1571 , 0 , 1154.13 , 2543.28 , 332.306 , -60.8428 , 1274.24
1572 , 0 , 1154.16 , 2542.99 , 332.32 , -60.8294 , 1274.26
1573 , 0 , 1154.18 , 2542.7 , 332.334 , -60.816 , 1274.29
1574 , 0 , 1154.21 , 2542.41 , 332.349 , -60.8026 , 1274.31
1575 , 0 , 1154.24 , 2542.12 , 332.363 , -60.7892 , 1274.34
1576 , 0 , 1154.26 , 2541.83 , 332.377 , -60.7757 , 1274.36
1577 , 0 , 1154.29 , 2541.54 , 332.392 , -60.7622 , 1274.39
1578 , 0 , 1154.31 , 2541.25 , 332.406 , -60.7488 , 1274.42
1579 , 0 , 1154.34 , 2540.96 , 332.42 , -60.7353 , 1274.44
1580 , 0 , 1154.37 , 2540.67 , 332.435 , -60.7218 , 1274.47
1581 , 0 , 1154.39 , 2540.38 , 332.449 , -60.7083 , 1274.49
1582 , 0 , 1154.42 , 2540.09 , 332.463 , -60.6948 , 1274.52
1583 , 0 , 1154.45 , 2539.8 , 332.478 , -60.6812 , 1274.54
1584 , 0 , 1154.47 , 2539.51 , 332.492 , -60.6677 , 1274.57
1585 , 0 , 1154.5 , 2539.22 , 332.507 , -60.6542 , 1274.6
1586 , 0 , 1154.53 , 2538.93 , 332.521 , -60.6406 , 1274.62
1587 , 0 , 1154.55 , 2538.64 , 332.535 , -60.627 , 1274.65
1588 , 0 , 1154.58 , 2538.35 , 332.55 , -60.6134 , 1274.67
1589 , 0 , 1154.61 , 2538.06 , 332.564 , -60.5998 , 1274.7
1590 , 0 , 1154.63 , 2537.77 , 332.579 , -60.5862 , 1274.72
1591 , 0 , 1154.66 , 2537.49 , 332.593 , -60.5726 , 1274.75
1592 , 0 , 1154.69 , 2537.2 , 332.608 , -60.559 , 1274.78
1593 , 0 , 1154.71 , 2536.91 , 332.622 , -60.5453 , 1274.8
1594 , 0 , 1154.74 , 2536.62 , 332.637 , -60.5317 , 1274.83
1595 , 0 , 1154.77 , 2536.34 , 332.651 , -60.518 , 1274.85
1596 , 0 , 1154.79 , 2536.05 , 332.666 , -60.5043 , 1274.88
1597 , 0 , 1154.82 , 2535.76 , 332.68 , -60.4906 , 1274.91
1598 , 0 , 1154.85 , 2535.47 , 332.695 , -60.4769 , 1274.93
1599 , 0 , 1154.88 , 2535.19 , 332.709 , -60.4632 , 1274.96
1600 , 0 , 1154.9 , 2534.9 , 332.724 , -60.4495 , 1274.98
1601 , 0 , 1154.93 , 2534.61 , 332.738 , -60.4358 , 1275.01
1602 , 0 , 1154.96 , 2534.33 , 332.753 , -60.422 , 1275.04
1603 , 0 , 1154.99 , 2534.04 , 332.767 , -60.4083 , 1275.06
1604 , 0 , 1155.01 , 2533.76 , 332.782 , -60.3945 , 1275.09
1605 , 0 , 1155.04 , 2533.47 , 332.797 , -60.3807 , 1275.11
1606 , 0 , 1155.07 , 2533.19 , 332.811 , -60.367 , 1275.14
1607 , 0 , 1155.1 , 2532.9 , 332.826 , -60.3532 , 1275.17
1608 , 0 , 1155.12 , 2532.61 , 332.84 , -60.3394 , 1275.19
1609 , 0 , 1155.15 , 2532.33 , 332.855 , -60.3255 , 1275.22
1610 , 0 , 1155.18 , 2532.04 , 332.87 , -60.3117 , 1275.25
1611 , 0 , 1155.21 , 2531.76 , 332.884 , -60.2979 , 1275.27
1612 , 0 , 1155.24 , 2531.47 , 332.899 , -60.284 , 1275.3
1613 , 0 , 1155.26 , 2531.19 , 332.914 , -60.2702 , 1275.33
1614 , 0 , 1155.29 , 2530.91 , 332.928 , -60.2563 , 1275.35
1615 , 0 , 1155.32 , 2530.62 , 332.943 , -60.2424 , 1275.38
1616 , 0 , 1155.35 , 2530.34 , 332.957 , -60.2285 , 1275.41
1617 , 0 , 1155.38 , 2530.05 , 332.972 , -60.2146 , 1275.43
1618 , 0 , 1155.41 , 2529.77 , 332.987 , -60.2007 , 1275.46
1619 , 0 , 1155.43 , 2529.49 , 333.002 , -60.1868 , 1275.49
1620 , 0 , 1155.46 , 2529.2 , 333.016 , -60.1729 , 1275.51
1621 , 0 , 1155.49 , 2528.92 , 333.031 , -60.159 , 1275.54
1622 , 0 , 1155.52 , 2528.64 , 333.046 , -60.145 , 1275.57
1623 , 0 , 1155.55 , 2528.36 , 333.06 , -60.1311 , 1275.59
1624 , 0 , 1155.58 , 2528.07 , 333.075 , -60.1171 , 1275.62
1625 , 0 , 1155.61 , 2527.79 , 333.09 , -60.1031 , 1275.65
1626 , 0 , 1155.63 , 2527.51 , 333.105 , -60.0891 , 1275.67
1627 , 0 , 1155.66 , 2527.23 , 333.119 , -60.0751 , 1275.7
1628 , 0 , 1155.69 , 2526.94 , 333.134 , -60.0611 , 1275.73
1629 , 0 , 1155.72 , 2526.66 , 333.149 , -60.0471 , 1275.75
1630 , 0 , 1155.75 , 2526.38 , 333.164 , -60.0331 , 1275.78
1631 , 0 , 1155.78 , 2526.1 , 333.178 , -60.0191 , 1275.81
1632 , 0 , 1155.81 , 2525.82 , 333.193 , -60.0051 , 1275.83
1633 , 0 , 1155.84 , 2525.54 , 333.208 , -59.991 , 1275.86
1634 , 0 , 1155.87 , 2525.26 , 333.223 , -59.9769 , 1275.89
1635 , 0 , 1155.89 , 2524.98 , 333.238 , -59.9629 , 1275.91
1636 , 0 , 1155.92 , 2524.7 , 333.252 , -59.9488 , 1275.94
1637 , 0 , 1155.95 , 2524.42 , 333.267 , -59.9347 , 1275.97
1638 , 0 , 1155.98 , 2524.14 , 333.282 , -59.9206 , 1276
1639 , 0 , 1156.01 , 2523.86 , 333.297 , -59.9065 , 1276.02
1640 , 0 , 1156.04 , 2523.58 , 333.312 , -59.8924 , 1276.05
1641 , 0 , 1156.07 , 2523.3 , 333.327 , -59.8783 , 1276.08
1642 , 0 , 1156.1 , 2523.02 , 333.342 , -59.8642 , 1276.1
1643 , 0 , 1156.13 , 2522.74 , 333.356 , -59.8501 , 1276.13
1644 , 0 , 1156.16 , 2522.46 , 333.371 , -59.8359 , 1276.16
1645 , 0 , 1156.19 , 2522.18 , 333.386 , -59.8218 , 1276.19
1646 , 0 , 1156.22 , 2521.9 , 333.401 , -59.8076 , 1276.21
1647 , 0 , 1156.25 , 2521.62 , 333.416 , -59.7935 , 1276.24
1648 , 0 , 1156.28 , 2521.34 , 333.431 , -59.7793 , 1276.27
1649 , 0 , 1156.31 , 2521.07 , 333.446 , -59.7651 , 1276.29
1650 , 0 , 1156.34 , 2520.79 , 333.461 , -59.7509 , 1276.32
1651 , 0 , 1156.37 , 2520.51 , 333.476 , -59.7367 , 1276.35
1652 , 0 , 1156.4 , 2520.23 , 333.491 , -59.7225 , 1276.38
1653 , 0 , 1156.43 , 2519.95 , 333.506 , -59.7083 , 1276.4
1654 , 0 , 1156.46 , 2519.68 , 333.521 , -59.6941 , 1276.43
1655 , 0 , 1156.49 , 2519.4 , 333.536 , -59.6798 , 1276.46
1656 , 0 , 1156.52 , 2519.12 , 333.551 , -59.6656 , 1276.49
1657 , 0 , 1156.55 , 2518.85 , 333.566 , -59.6514 , 1276.51
1658 , 0 , 1156.58 , 2518.57 , 333.581 , -59.6371 , 1276.54
1659 , 0 , 1156.61 , 2518.29 , 333.596 , -59.6228 , 1276.57
1660 , 0 , 1156.64 , 2518.02 , 333.611 , -59.6086 , 1276.6
1661 , 0 , 1156.67 , 2517.74 , 333.626 , -59.5943 , 1276.62
1662 , 0 , 1156.7 , 2517.46 , 333.641 , -59.58 , 1276.65
1663 , 0 , 1156.73 , 2517.19 , 333.656 , -59.5657 , 1276.68
1664 , 0 , 1156.76 , 2516.91 , 333.671 , -59.5514 , 1276.71
1665 , 0 , 1156.79 , 2516.64 , 333.686 , -59.5371 , 1276.73
1666 , 0 , 1156.82 , 2516.36 , 333.701 , -59.5228 , 1276.76
1667 , 0 , 1156.85 , 2516.09 , 333.716 , -59.5085 , 1276.79
1668 , 0 , 1156.88 , 2515.81 , 333.731 , -59.4942 , 1276.82
1669 , 0 , 1156.91 , 2515.54 , 333.746 , -59.4798 , 1276.85
1670 , 0 , 1156.94 , 2515.26 , 333.761 , -59.4655 , 1276.87
1671 , 0 , 1156.98 , 2514.99 , 333.776 , -59.4512 , 1276.9
1672 , 0 , 1157.01 , 2514.71 , 333.791 , -59.4368 , 1276.93
1673 , 0 , 1157.04 , 2514.44 , 333.806 , -59.4225 , 1276.96
1674 , 0 , 1157.07 , 2514.17 , 333.821 , -59.4081 , 1276.98
1675 , 0 , 1157.1 , 2513.89 , 333.837 , -59.3937 , 1277.01
1676 , 0 , 1157.13 , 2513.62 , 333.852 , -59.3793 , 1277.04
1677 , 0 , 1157.16 , 2513.34 , 333.867 , -59.365 , 1277.07
1678 , 0 , 1157.19 , 2513.07 , 333.882 , -59.3506 , 1277.1
1679 , 0 , 1157.22 , 2512.8 , 333.897 , -59.3362 , 1277.12
1680 , 0 , 1157.25 , 2512.53 , 333.912 , -59.3218 , 1277.15
1681 , 0 , 1157.29 , 2512.25 , 333.927 , -59.3074 , 1277.18
1682 , 0 , 1157.32 , 2511.98 , 333.942 , -59.2929 , 1277.21
1683 , 0 , 1157.35 , 2511.71 , 333.958 , -59.2785 , 1277.24
1684 , 0 , 1157.38 , 2511.44 , 333.973 , -59.2641 , 1277.26
1685 , 0 , 1157.41 , 2511.16 , 333.988 , -59.2496 , 1277.29
1686 , 0 , 1157.44 , 2510.89 , 334.003 , -59.2352 , 1277.32
1687 , 0 , 1157.47 , 2510.62 , 334.018 , -59.2208 , 1277.35
1688 , 0 , 1157.51 , 2510.35 , 334.034 , -59.2063 , 1277.38
1689 , 0 , 1157.54 , 2510.08 , 334.049 , -59.1918 , 1277.4
1690 , 0 , 1157.57 , 2509.81 , 334.064 , -59.1774 , 1277.43
1691 , 0 , 1157.6 , 2509.54 , 334.079 , -59.1629 , 1277.46
1692 , 0 , 1157.63 , 2509.27 , 334.094 , -59.1484 , 1277.49
1693 , 0 , 1157.66 , 2508.99 , 334.11 , -59.134 , 1277.52
1694 , 0 , 1157.7 , 2508.72 , 334.125 , -59.1195 , 1277.54
1695 , 0 , 1157.73 , 2508.45 , 334.14 , -59.105 , 1277.57
1696 , 0 , 1157.76 , 2508.18 , 334.155 , -59.0905 , 1277.6
1697 , 0 , 1157.79 , 2507.91 , 334.171 , -59.076 , 1277.63
1698 , 0 , 1157.82 , 2507.64 , 334.186 , -59.0615 , 1277.66
1699 , 0 , 1157.86 , 2507.37 , 334.201 , -59.047 , 1277.69
1700 , 0 , 1157.89 , 2507.1 , 334.216 , -59.0324 , 1277.71
1701 , 0 , 1157.92 , 2506.84 , 334.232 , -59.0179 , 1277.74
1702 , 0 , 1157.95 , 2506.57 , 334.247 , -59.0034 , 1277.77
1703 , 0 , 1157.98 , 2506.3 , 334.262 , -58.9888 , 1277.8
1704 , 0 , 1158.02 , 2506.03 , 334.278 , -58.9743 , 1277.83
1705 , 0 , 1158.05 , 2505.76 , 334.293 , -58.9598 , 1277.86
1706 , 0 , 1158.08 , 2505.49 , 334.308 , -58.9452 , 1277.88
1707 , 0 , 1158.11 , 2505.22 , 334.324 , -58.9307 , 1277.91
1708 , 0 , 1158.15 , 2504.96 , 334.339 , -58.9161 , 1277.94
1709 , 0 , 1158.18 , 2504.69 , 334.354 , -58.9015 , 1277.97
1710 , 0 , 1158.21 , 2504.42 , 334.37 , -58.887 , 1278
1711 , 0 , 1158.24 , 2504.15 , 334.385 , -58.8724 , 1278.03
1712 , 0 , 1158.28 , 2503.88 , 334.4 , -58.8578 , 1278.05
1713 , 0 , 1158.31 , 2503.62 , 334.416 , -58.8432 , 1278.08
1714 , 0 , 1158.34 , 2503.35 , 334.431 , -58.8286 , 1278.11
1715 , 0 , 1158.37 , 2503.08 , 334.446 , -58.814 , 1278.14
1716 , 0 , 1158.41 , 2502.82 , 334.462 , -58.7995 , 1278.17
1717 , 0 , 1158.44 , 2502.55 , 334.477 , -58.7849 , 1278.2
1718 , 0 , 1158.47 , 2502.28 , 334.493 , -58.7702 , 1278.23
1719 , 0 , 1158.5 , 2502.02 , 334.508 , -58.7556 , 1278.25
1720 , 0 , 1158.54 , 2501.75 , 334.523 , -58.741 , 1278.28
1721 , 0 , 1158.57 , 2501.48 , 334.539 , -58.7264 , 1278.31
1722 , 0 , 1158.6 , 2501.22 , 334.554 , -58.7118 , 1278.34
1723 , 0 , 1158.64 , 2500.95 , 334.57 , -58.6972 , 1278.37
1724 , 0 , 1158.67 , 2500.69 , 334.585 , -58.6825 , 1278.4
1725 , 0 , 1158.7 , 2500.42 , 334.601 , -58.6679 , 1278.43
1726 , 0 , 1158.73 , 2500.16 , 334.616 , -58.6533 , 1278.46
1727 , 0 , 1158.77 , 2499.89 , 334.631 , -58.6386 , 1278.48
1728 , 0 , 1158.8 , 2499.63 , 334.647 , -58.624 , 1278.51
1729 , 0 , 1158.83 , 2499.36 , 334.662 , -58.6093 , 1278.54
1730 , 0 , 1158.87 , 2499.1 , 334.678 , -58.5947 , 1278.57
1731 , 0 , 1158.9 , 2498.83 , 334.693 , -58.58 , 1278.6
1732 , 0 , 1158.93 , 2498.57 , 334.709 , -58.5653 , 1278.63
1733 , 0 , 1158.97 , 2498.31 , 334.724 , -58.5507 , 1278.66
1734 , 0 , 1159 , 2498.04 , 334.74 , -58.536 , 1278.69
1735 , 0 , 1159.03 , 2497.78 , 334.755 , -58.5213 , 1278.71
1736 , 0 , 1159.07 , 2497.52 , 334.771 , -58.5067 , 1278.74
1737 , 0 , 1159.1 , 2497.25 , 334.786 , -58.492 , 1278.77
1738 , 0 , 1159.13 , 2496.99 , 334.802 , -58.4773 , 1278.8
1739 , 0 , 1159.17 , 2496.73 , 334.817 , -58.4626 , 1278.83
1740 , 0 , 1159.2 , 2496.46 , 334.833 , -58.4479 , 1278.86
1741 , 0 , 1159.23 , 2496.2 , 334.848 , -58.4332 , 1278.89
1742 , 0 , 1159.27 , 2495.94 , 334.864 , -58.4185 , 1278.92
1743 , 0 , 1159.3 , 2495.68 , 334.879 , -58.4038 , 1278.95
1744 , 0 , 1159.34 , 2495.41 , 334.895 , -58.3891 , 1278.97
1745 , 0 , 1159.37 , 2495.15 , 334.91 , -58.3744 , 1279
1746 , 0 , 1159.4 , 2494.89 , 334.926 , -58.3597 , 1279.03
1747 , 0 , 1159.44 , 2494.63 , 334.942 , -58.345 , 1279.06
1748 , 0 , 1159.47 , 2494.37 , 334.957 , -58.3303 , 1279.09
1749 , 0 , 1159.5 , 2494.1 , 334.973 , -58.3156 , 1279.12
1750 , 0 , 1159.54 , 2493.84 , 334.988 , -58.3009 , 1279.15
1751 , 0 , 1159.57 , 2493.58 , 335.004 , -58.2862 , 1279.18
1752 , 0 , 1159.61 , 2493.32 , 335.02 , -58.2714 , 1279.21
1753 , 0 , 1159.64 , 2493.06 , 335.035 , -58.2567 , 1279.24
1754 , 0 , 1159.67 , 2492.8 , 335.051 , -58.242 , 1279.27
1755 , 0 , 1159.71 , 2492.54 , 335.066 , -58.2272 , 1279.29
1756 , 0 , 1159.74 , 2492.28 , 335.082 , -58.2125 , 1279.32
1757 , 0 , 1159.78 , 2492.02 , 335.098 , -58.1978 , 1279.35
1758 , 0 , 1159.81 , 2491.76 , 335.113 , -58.183 , 1279.38
1759 , 0 , 1159.84 , 2491.5 , 335.129 , -58.1683 , 1279.41
1760 , 0 , 1159.88 , 2491.24 , 335.145 , -58.1536 , 1279.44
1761 , 0 , 1159.91 , 2490.98 , 335.16 , -58.1388 , 1279.47
1762 , 0 , 1159.95 , 2490.72 , 335.176 , -58.1241 , 1279.5
1763 , 0 , 1159.98 , 2490.46 , 335.191 , -58.1093 , 1279.53
1764 , 0 , 1160.02 , 2490.2 , 335.207 , -58.0946 , 1279.56
1765 , 0 , 1160.05 , 2489.94 , 335.223 , -58.0798 , 1279.59
1766 , 0 , 1160.08 , 2489.69 , 335.238 , -58.0651 , 1279.62
1767 , 0 , 1160.12 , 2489.43 , 335.254 , -58.0503 , 1279.65
1768 , 0 , 1160.15 , 2489.17 , 335.27 , -58.0355 , 1279.68
1769 , 0 , 1160.19 , 2488.91 , 335.285 , -58.0208 , 1279.7
1770 , 0 , 1160.22 , 2488.65 , 335.301 , -58.006 , 1279.73
1771 , 0 , 1160.26 , 2488.39 , 335.317 , -57.9912 , 1279.76
1772 , 0 , 1160.29 , 2488.14 , 335.333 , -57.9765 , 1279.79
1773 , 0 , 1160.33 , 2487.88 , 335.348 , -57.9617 , 1279.82
1774 , 0 , 1160.36 , 2487.62 , 335.364 , -57.9469 , 1279.85
1775 , 0 , 1160.4 , 2487.37 , 335.38 , -57.9322 , 1279.88
1776 , 0 , 1160.43 , 2487.11 , 335.395 , -57.9174 , 1279.91
1777 , 0 , 1160.46 , 2486.85 , 335.411 , -57.9026 , 1279.94
1778 , 0 , 1160.5 , 2486.59 , 335.427 , -57.8878 , 1279.97
1779 , 0 , 1160.53 , 2486.34 , 335.443 , -57.8731 , 1280
1780 , 0 , 1160.57 , 2486.08 , 335.458 , -57.8583 , 1280.03
1781 , 0 , 1160.6 , 2485.83 , 335.474 , -57.8435 , 1280.06
1782 , 0 , 1160.64 , 2485.57 , 335.49 , -57.8287 , 1280.09
1783 , 0 , 1160.67 , 2485.31 , 335.506 , -57.8139 , 1280.12
1784 , 0 , 1160.71 , 2485.06 , 335.521 , -57.7992 , 1280.15
1785 , 0 , 1160.74 , 2484.8 , 335.537 , -57.7844 , 1280.18
1786 , 0 , 1160.78 , 2484.55 , 335.553 , -57.7696 , 1280.21
1787 , 0 , 1160.81 , 2484.29 , 335.569 , -57.7548 , 1280.24
1788 , 0 , 1160.85 , 2484.04 , 335.585 , -57.74 , 1280.26
1789 , 0 , 1160.88 , 2483.78 , 335.6 , -57.7252 , 1280.29
1790 , 0 , 1160.92 , 2483.53 , 335.616 , -57.7105 , 1280.32
1791 , 0 , 1160.95 , 2483.27 , 335.632 , -57.6957 , 1280.35
1792 , 0 , 1160.99 , 2483.02 , 335.648 , -57.6809 , 1280.38
1793 , 0 , 1161.02 , 2482.76 , 335.663 , -57.6661 , 1280.41
1794 , 0 , 1161.06 , 2482.51 , 335.679 , -57.6513 , 1280.44
1795 , 0 , 1161.09 , 2482.25 , 335.695 , -57.6365 , 1280.47
1796 , 0 , 1161.13 , 2482 , 335.711 , -57.6217 , 1280.5
1797 , 0 , 1161.16 , 2481.75 , 335.727 , -57.6069 , 1280.53
1798 , 0 , 1161.2 , 2481.49 , 335.743 , -57.5921 , 1280.56
1799 , 0 , 1161.23 , 2481.24 , 335.758 , -57.5773 , 1280.59
1800 , 0 , 1161.27 , 2480.99 , 335.774 , -57.5625 , 1280.62
1801 , 0 , 1161.3 , 2480.73 , 335.79 , -57.5477 , 1280.65
1802 , 0 , 1161.34 , 2480.48 , 335.806 , -57.5329 , 1280.68
1803 , 0 , 1161.38 , 2480.23 , 335.822 , -57.5182 , 1280.71
1804 , 0 , 1161.41 , 2479.97 , 335.838 , -57.5034 , 1280.74
1805 , 0 , 1161.45 , 2479.72 , 335.854 , -57.4886 , 1280.77
1806 , 0 , 1161.48 , 2479.47 , 335.869 , -57.4738 , 1280.8
1807 , 0 , 1161.52 , 2479.22 , 335.885 , -57.459 , 1280.83
1808 , 0 , 1161.55 , 2478.96 , 335.901 , -57.4442 , 1280.86
1809 , 0 , 1161.59 , 2478.71 , 335.917 , -57.4294 , 1280.89
1810 , 0 , 1161.62 , 2478.46 , 335.933 , -57.4146 , 1280.92
1811 , 0 , 1161.66 , 2478.21 , 335.949 , -57.3998 , 1280.95
1812 , 0 , 1161.7 , 2477.96 , 335.965 , -57.385 , 1280.98
1813 , 0 , 1161.73 , 2477.71 , 335.981 , -57.3702 , 1281.01
1814 , 0 , 1161.77 , 2477.46 , 335.997 , -57.3554 , 1281.04
1815 , 0 , 1161.8 , 2477.2 , 336.013 , -57.3406 , 1281.07
1816 , 0 , 1161.84 , 2476.95 , 336.028 , -57.3258 , 1281.1
1817 , 0 , 1161.87 , 2476.7 , 336.044 , -57.311 , 1281.13
1818 , 0 , 1161.91 , 2476.45 , 336.06 , -57.2962 , 1281.16
1819 , 0 , 1161.95 , 2476.2 , 336.076 , -57.2814 , 1281.19
1820 , 0 , 1161.98 , 2475.95 , 336.092 , -57.2666 , 1281.22
1821 , 0 , 1162.02 , 2475.7 , 336.108 , -57.2519 , 1281.25
1822 , 0 , 1162.05 , 2475.45 , 336.124 , -57.2371 , 1281.28
1823 , 0 , 1162.09 , 2475.2 , 336.14 , -57.2223 , 1281.31
1824 , 0 , 1162.13 , 2474.95 , 336.156 , -57.2075 , 1281.34
1825 , 0 , 1162.16 , 2474.7 , 336.172 , -57.1927 , 1281.37
1826 , 0 , 1162.2 , 2474.45 , 336.188 , -57.1779 , 1281.4
1827 , 0 , 1162.23 , 2474.2 , 336.204 , -57.1631 , 1281.43
1828 , 0 , 1162.27 , 2473.96 , 336.22 , -57.1483 , 1281.46
1829 , 0 , 1162.31 , 2473.71 , 336.236 , -57.1335 , 1281.49
1830 , 0 , 1162.34 , 2473.46 , 336.252 , -57.1188 , 1281.52
1831 , 0 , 1162.38 , 2473.21 , 336.268 , -57.104 , 1281.55
1832 , 0 , 1162.41 , 2472.96 , 336.284 , -57.0892 , 1281.58
1833 , 0 , 1162.45 , 2472.71 , 336.3 , -57.0744 , 1281.61
1834 , 0 , 1162.49 , 2472.46 , 336.316 , -57.0596 , 1281.64
1835 , 0 , 1162.52 , 2472.22 , 336.332 , -57.0448 , 1281.67
1836 , 0 , 1162.56 , 2471.97 , 336.348 , -57.0301 , 1281.7
1837 , 0 , 1162.59 , 2471.72 , 336.364 , -57.0153 , 1281.73
1838 , 0 , 1162.63 , 2471.47 , 336.38 , -57.0005 , 1281.76
1839 , 0 , 1162.67 , 2471.23 , 336.396 , -56.9857 , 1281.79
1840 , 0 , 1162.7 , 2470.98 , 336.412 , -56.971 , 1281.82
1841 , 0 , 1162.74 , 2470.73 , 336.428 , -56.9562 , 1281.85
1842 , 0 , 1162.78 , 2470.49 , 336.444 , -56.9414 , 1281.88
1843 , 0 , 1162.81 , 2470.24 , 336.46 , -56.9266 , 1281.91
1844 , 0 , 1162.85 , 2469.99 , 336.476 , -56.9119 , 1281.94
1845 , 0 , 1162.88 , 2469.75 , 336.492 , -56.8971 , 1281.97
1846 , 0 , 1162.92 , 2469.5 , 336.508 , -56.8823 , 1282
1847 , 0 , 1162.96 , 2469.25 , 336.524 , -56.8676 , 1282.03
1848 , 0 , 1162.99 , 2469.01 , 336.54 , -56.8528 , 1282.07
1849 , 0 , 1163.03 , 2468.76 , 336.556 , -56.8381 , 1282.1
1850 , 0 , 1163.07 , 2468.52 , 336.572 , -56.8233 , 1282.13
1851 , 0 , 1163.1 , 2468.27 , 336.588 , -56.8085 , 1282.16
1852 , 0 , 1163.14 , 2468.02 , 336.604 , -56.7938 , 1282.19
1853 , 0 , 1163.18 , 2467.78 , 336.62 , -56.779 , 1282.22
1854 , 0 , 1163.21 , 2467.53 , 336.636 , -56.7643 , 1282.25
1855 , 0 , 1163.25 , 2467.29 , 336.653 , -56.7495 , 1282.28
1856 , 0 , 1163.29 , 2467.04 , 336.669 , -56.7348 , 1282.31
1857 , 0 , 1163.32 , 2466.8 , 336.685 , -56.72 , 1282.34
1858 , 0 , 1163.36 , 2466.55 , 336.701 , -56.7053 , 1282.37
1859 , 0 , 1163.4 , 2466.31 , 336.717 , -56.6905 , 1282.4
1860 , 0 , 1163.43 , 2466.07 , 336.733 , -56.6758 , 1282.43
1861 , 0 , 1163.47 , 2465.82 , 336.749 , -56.6611 , 1282.46
1862 , 0 , 1163.51 , 2465.58 , 336.765 , -56.6463 , 1282.49
1863 , 0 , 1163.54 , 2465.33 , 336.781 , -56.6316 , 1282.52
1864 , 0 , 1163.58 , 2465.09 , 336.797 , -56.6169 , 1282.55
1865 , 0 , 1163.62 , 2464.85 , 336.814 , -56.6021 , 1282.58
1866 , 0 , 1163.65 , 2464.6 , 336.83 , -56.5874 , 1282.61
1867 , 0 , 1163.69 , 2464.36 , 336.846 , -56.5727 , 1282.64
1868 , 0 , 1163.73 , 2464.12 , 336.862 , -56.5579 , 1282.68
1869 , 0 , 1163.76 , 2463.88 , 336.878 , -56.5432 , 1282.71
1870 , 0 , 1163.8 , 2463.63 , 336.894 , -56.5285 , 1282.74
1871 , 0 , 1163.84 , 2463.39 , 336.91 , -56.5138 , 1282.77
1872 , 0 , 1163.87 , 2463.15 , 336.927 , -56.4991 , 1282.8
1873 , 0 , 1163.91 , 2462.91 , 336.943 , -56.4844 , 1282.83
1874 , 0 , 1163.95 , 2462.66 , 336.959 , -56.4697 , 1282.86
1875 , 0 , 1163.98 , 2462.42 , 336.975 , -56.455 , 1282.89
1876 , 0 , 1164.02 , 2462.18 , 336.991 , -56.4402 , 1282.92
1877 , 0 , 1164.06 , 2461.94 , 337.007 , -56.4255 , 1282.95
1878 , 0 , 1164.09 , 2461.7 , 337.024 , -56.4108 , 1282.98
1879 , 0 , 1164.13 , 2461.46 , 337.04 , -56.3961 , 1283.01
1880 , 0 , 1164.17 , 2461.21 , 337.056 , -56.3815 , 1283.04
1881 , 0 , 1164.21 , 2460.97 , 337.072 , -56.3668 , 1283.07
1882 , 0 , 1164.24 , 2460.73 , 337.088 , -56.3521 , 1283.1
1883 , 0 , 1164.28 , 2460.49 , 337.104 , -56.3374 , 1283.14
1884 , 0 , 1164.32 , 2460.25 , 337.121 , -56.3227 , 1283.17
1885 , 0 , 1164.35 , 2460.01 , 337.137 , -56.308 , 1283.2
1886 , 0 , 1164.39 , 2459.77 , 337.153 , -56.2933 , 1283.23
1887 , 0 , 1164.43 , 2459.53 , 337.169 , -56.2787 , 1283.26
1888 , 0 , 1164.47 , 2459.29 , 337.185 , -56.264 , 1283.29
1889 , 0 , 1164.5 , 2459.05 , 337.202 , -56.2493 , 1283.32
1890 , 0 , 1164.54 , 2458.81 , 337.218 , -56.2347 , 1283.35
1891 , 0 , 1164.58 , 2458.57 , 337.234 , -56.22 , 1283.38
1892 , 0 , 1164.61 , 2458.33 , 337.25 , -56.2053 , 1283.41
1893 , 0 , 1164.65 , 2458.09 , 337.267 , -56.1907 , 1283.44
1894 , 0 , 1164.69 , 2457.85 , 337.283 , -56.176 , 1283.47
1895 , 0 , 1164.73 , 2457.62 , 337.299 , -56.1614 , 1283.51
1896 , 0 , 1164.76 , 2457.38 , 337.315 , -56.1467 , 1283.54
1897 , 0 , 1164.8 , 2457.14 , 337.332 , -56.1321 , 1283.57
1898 , 0 , 1164.84 , 2456.9 , 337.348 , -56.1175 , 1283.6
1899 , 0 , 1164.88 , 2456.66 , 337.364 , -56.1028 , 1283.63
1900 , 0 , 1164.91 , 2456.42 , 337.38 , -56.0882 , 1283.66
1901 , 0 , 1164.95 , 2456.19 , 337.397 , -56.0735 , 1283.69
1902 , 0 , 1164.99 , 2455.95 , 337.413 , -56.0589 , 1283.72
1903 , 0 , 1165.02 , 2455.71 , 337.429 , -56.0443 , 1283.75
1904 , 0 , 1165.06 , 2455.47 , 337.445 , -56.0297 , 1283.78
1905 , 0 , 1165.1 , 2455.24 , 337.462 , -56.015 , 1283.82
1906 , 0 , 1165.14 , 2455 , 337.478 , -56.0004 , 1283.85
1907 , 0 , 1165.17 , 2454.76 , 337.494 , -55.9858 , 1283.88
1908 , 0 , 1165.21 , 2454.53 , 337.511 , -55.9712 , 1283.91
1909 , 0 , 1165.25 , 2454.29 , 337.527 , -55.9566 , 1283.94
1910 , 0 , 1165.29 , 2454.05 , 337.543 , -55.942 , 1283.97
1911 , 0 , 1165.32 , 2453.82 , 337.559 , -55.9274 , 1284
1912 , 0 , 1165.36 , 2453.58 , 337.576 , -55.9128 , 1284.03
1913 , 0 , 1165.4 , 2453.35 , 337.592 , -55.8982 , 1284.06
1914 , 0 , 1165.44 , 2453.11 , 337.608 , -55.8836 , 1284.09
1915 , 0 , 1165.47 , 2452.87 , 337.625 , -55.8691 , 1284.13
1916 , 0 , 1165.51 , 2452.64 , 337.641 , -55.8545 , 1284.16
1917 , 0 , 1165.55 , 2452.4 , 337.657 , -55.8399 , 1284.19
1918 , 0 , 1165.59 , 2452.17 , 337.674 , -55.8253 , 1284.22
1919 , 0 , 1165.62 , 2451.93 , 337.69 , -55.8108 , 1284.25
1920 , 0 , 1165.66 , 2451.7 , 337.706 , -55.7962 , 1284.28
1921 , 0 , 1165.7 , 2451.46 , 337.723 , -55.7816 , 1284.31
1922 , 0 , 1165.74 , 2451.23 , 337.739 , -55.7671 , 1284.34
1923 , 0 , 1165.78 , 2451 , 337.755 , -55.7525 , 1284.37
1924 , 0 , 1165.81 , 2450.76 , 337.772 , -55.738 , 1284.41
1925 , 0 , 1165.85 , 2450.53 , 337.788 , -55.7234 , 1284.44
1926 , 0 , 1165.89 , 2450.29 , 337.804 , -55.7089 , 1284.47
1927 , 0 , 1165.93 , 2450.06 , 337.821 , -55.6944 , 1284.5
1928 , 0 , 1165.96 , 2449.83 , 337.837 , -55.6798 , 1284.53
1929 , 0 , 1166 , 2449.59 , 337.853 , -55.6653 , 1284.56
1930 , 0 , 1166.04 , 2449.36 , 337.87 , -55.6508 , 1284.59
1931 , 0 , 1166.08 , 2449.13 , 337.886 , -55.6363 , 1284.62
1932 , 0 , 1166.11 , 2448.89 , 337.902 , -55.6217 , 1284.65
1933 , 0 , 1166.15 , 2448.66 , 337.919 , -55.6072 , 1284.69
1934 , 0 , 1166.19 , 2448.43 , 337.935 , -55.5927 , 1284.72
1935 , 0 , 1166.23 , 2448.2 , 337.951 , -55.5782 , 1284.75
1936 , 0 , 1166.27 , 2447.96 , 337.968 , -55.5637 , 1284.78
1937 , 0 , 1166.3 , 2447.73 , 337.984 , -55.5492 , 1284.81
1938 , 0 , 1166.34 , 2447.5 , 338.001 , -55.5347 , 1284.84
1939 , 0 , 1166.38 , 2447.27 , 338.017 , -55.5202 , 1284.87
1940 , 0 , 1166.42 , 2447.04 , 338.033 , -55.5058 , 1284.9
1941 , 0 , 1166.46 , 2446.81 , 338.05 , -55.4913 , 1284.94
1942 , 0 , 1166.49 , 2446.57 , 338.066 , -55.4768 , 1284.97
1943 , 0 , 1166.53 , 2446.34 , 338.083 , -55.4623 , 1285
1944 , 0 , 1166.57 , 2446.11 , 338.099 , -55.4479 , 1285.03
1945 , 0 , 1166.61 , 2445.88 , 338.115 , -55.4334 , 1285.06
1946 , 0 , 1166.64 , 2445.65 , 338.132 , -55.419 , 1285.09
1947 , 0 , 1166.68 , 2445.42 , 338.148 , -55.4045 , 1285.12
1948 , 0 , 1166.72 , 2445.19 , 338.165 , -55.3901 , 1285.16
1949 , 0 , 1166.76 , 2444.96 , 338.181 , -55.3756 , 1285.19
1950 , 0 , 1166.8 , 2444.73 , 338.198 , -55.3612 , 1285.22
1951 , 0 , 1166.83 , 2444.5 , 338.214 , -55.3467 , 1285.25
1952 , 0 , 1166.87 , 2444.27 , 338.23 , -55.3323 , 1285.28
1953 , 0 , 1166.91 , 2444.04 , 338.247 , -55.3179 , 1285.31
1954 , 0 , 1166.95 , 2443.81 , 338.263 , -55.3035 , 1285.34
1955 , 0 , 1166.99 , 2443.58 , 338.28 , -55.2891 , 1285.37
1956 , 0 , 1167.03 , 2443.35 , 338.296 , -55.2746 , 1285.41
1957 , 0 , 1167.06 , 2443.12 , 338.313 , -55.2602 , 1285.44
1958 , 0 , 1167.1 , 2442.9 , 338.329 , -55.2458 , 1285.47
1959 , 0 , 1167.14 , 2442.67 , 338.345 , -55.2314 , 1285.5
1960 , 0 , 1167.18 , 2442.44 , 338.362 , -55.217 , 1285.53
1961 , 0 , 1167.22 , 2442.21 , 338.378 , -55.2027 , 1285.56
1962 , 0 , 1167.25 , 2441.98 , 338.395 , -55.1883 , 1285.59
1963 , 0 , 1167.29 , 2441.76 , 338.411 , -55.1739 , 1285.63
1964 , 0 , 1167.33 , 2441.53 , 338.428 , -55.1595 , 1285.66
1965 , 0 , 1167.37 , 2441.3 , 338.444 , -55.1452 , 1285.69
1966 , 0 , 1167.41 , 2441.07 , 338.461 , -55.1308 , 1285.72
1967 , 0 , 1167.44 , 2440.85 , 338.477 , -55.1164 , 1285.75
1968 , 0 , 1167.48 , 2440.62 , 338.494 , -55.1021 , 1285.78
1969 , 0 , 1167.52 , 2440.39 , 338.51 , -55.0877 , 1285.81
1970 , 0 , 1167.56 , 2440.16 , 338.526 , -55.0734 , 1285.85
1971 , 0 , 1167.6 , 2439.94 , 338.543 , -55.0591 , 1285.88
1972 , 0 , 1167.64 , 2439.71 , 338.559 , -55.0447 , 1285.91
1973 , 0 , 1167.67 , 2439.48 , 338.576 , -55.0304 , 1285.94
1974 , 0 , 1167.71 , 2439.26 , 338.592 , -55.0161 , 1285.97
1975 , 0 , 1167.75 , 2439.03 , 338.609 , -55.0018 , 1286
1976 , 0 , 1167.79 , 2438.81 , 338.625 , -54.9874 , 1286.03
1977 , 0 , 1167.83 , 2438.58 , 338.642 , -54.9731 , 1286.06
1978 , 0 , 1167.87 , 2438.36 , 338.658 , -54.9588 , 1286.1
1979 , 0 , 1167.9 , 2438.13 , 338.675 , -54.9445 , 1286.13
1980 , 0 , 1167.94 , 2437.91 , 338.691 , -54.9302 , 1286.16
1981 , 0 , 1167.98 , 2437.68 , 338.708 , -54.916 , 1286.19
1982 , 0 , 1168.02 , 2437.46 , 338.724 , -54.9017 , 1286.22
1983 , 0 , 1168.06 , 2437.23 , 338.741 , -54.8874 , 1286.25
1984 , 0 , 1168.1 , 2437.01 , 338.757 , -54.8731 , 1286.28
1985 , 0 , 1168.13 , 2436.78 , 338.774 , -54.8589 , 1286.32
1986 , 0 , 1168.17 , 2436.56 , 338.79 , -54.8446 , 1286.35
1987 , 0 , 1168.21 , 2436.33 , 338.807 , -54.8303 , 1286.38
1988 , 0 , 1168.25 , 2436.11 , 338.823 , -54.8161 , 1286.41
1989 , 0 , 1168.29 , 2435.89 , 338.84 , -54.8018 , 1286.44
1990 , 0 , 1168.33 , 2435.66 , 338.856 , -54.7876 , 1286.47
1991 , 0 , 1168.36 , 2435.44 , 338.873 , -54.7734 , 1286.5
1992 , 0 , 1168.4 , 2435.22 , 338.89 , -54.7591 , 1286.54
1993 , 0 , 1168.44 , 2434.99 , 338.906 , -54.7449 , 1286.57
1994 , 0 , 1168.48 , 2434.77 , 338.923 , -54.7307 , 1286.6
1995 , 0 , 1168.52 , 2434.55 , 338.939 , -54.7165 , 1286.63
1996 , 0 , 1168.56 , 2434.32 , 338.956 , -54.7023 , 1286.66
1997 , 0 , 1168.6 , 2434.1 , 338.972 , -54.6881 , 1286.69
1998 , 0 , 1168.63 , 2433.88 , 338.989 , -54.6739 , 1286.72
1999 , 0 , 1168.67 , 2433.66 , 339.005 , -54.6597 , 1286.76
2000 , 0 , 1168.71 , 2433.43 , 339.022 , -54.6455 , 1286.79
2001 , 0 , 1168.75 , 2433.21 , 339.038 , -54.6313 , 1286.82
2002 , 0 , 1168.79 , 2432.99 , 339.055 , -54.6171 , 1286.85
2003 , 0 , 1168.83 , 2432.77 , 339.071 , -54.603 , 1286.88
2004 , 0 , 1168.86 , 2432.55 , 339.088 , -54.5888 , 1286.91
2005 , 0 , 1168.9 , 2432.33 , 339.104 , -54.5747 , 1286.94
2006 , 0 , 1168.94 , 2432.11 , 339.121 , -54.5605 , 1286.98
2007 , 0 , 1168.98 , 2431.88 , 339.138 , -54.5464 , 1287.01
2008 , 0 , 1169.02 , 2431.66 , 339.154 , -54.5322 , 1287.04
2009 , 0 , 1169.06 , 2431.44 , 339.171 , -54.5181 , 1287.07
2010 , 0 , 1169.1 , 2431.22 , 339.187 , -54.504 , 1287.1
2011 , 0 , 1169.13 , 2431 , 339.204 , -54.4898 , 1287.13
2012 , 0 , 1169.17 , 2430.78 , 339.22 , -54.4757 , 1287.16
2013 , 0 , 1169.21 , 2430.56 , 339.237 , -54.4616 , 1287.2
2014 , 0 , 1169.25 , 2430.34 , 339.253 , -54.4475 , 1287.23
2015 , 0 , 1169.29 , 2430.12 , 339.27 , -54.4334 , 1287.26
2016 , 0 , 1169.33 , 2429.9 , 339.287 , -54.4193 , 1287.29
2017 , 0 , 1169.37 , 2429.68 , 339.303 , -54.4052 , 1287.32
2018 , 0 , 1169.4 , 2429.46 , 339.32 , -54.3911 , 1287.35
2019 , 0 , 1169.44 , 2429.25 , 339.336 , -54.3771 , 1287.38
2020 , 0 , 1169.48 , 2429.03 , 339.353 , -54.363 , 1287.42
2021 , 0 , 1169.52 , 2428.81 , 339.369 , -54.3489 , 1287.45
2022 , 0 , 1169.56 , 2428.59 , 339.386 , -54.3349 , 1287.48
2023 , 0 , 1169.6 , 2428.37 , 339.403 , -54.3208 , 1287.51
2024 , 0 , 1169.64 , 2428.15 , 339.419 , -54.3068 , 1287.54
2025 , 0 , 1169.67 , 2427.93 , 339.436 , -54.2927 , 1287.57
2026 , 0 , 1169.71 , 2427.72 , 339.452 , -54.2787 , 1287.6
2027 , 0 , 1169.75 , 2427.5 , 339.469 , -54.2647 , 1287.63
2028 , 0 , 1169.79 , 2427.28 , 339.485 , -54.2507 , 1287.67
2029 , 0 , 1169.83 , 2427.06 , 339.502 , -54.2366 , 1287.7
2030 , 0 , 1169.87 , 2426.85 , 339.519 , -54.2226 , 1287.73
2031 , 0 , 1169.91 , 2426.63 , 339.535 , -54.2086 , 1287.76
2032 , 0 , 1169.95 , 2426.41 , 339.552 , -54.1946 , 1287.79
2033 , 0 , 1169.98 , 2426.2 , 339.568 , -54.1806 , 1287.82
2034 , 0 , 1170.02 , 2425.98 , 339.585 , -54.1667 , 1287.85
2035 , 0 , 1170.06 , 2425.76 , 339.602 , -54.1527 , 1287.89
2036 , 0 , 1170.1 , 2425.55 , 339.618 , -54.1387 , 1287.92
2037 , 0 , 1170.14 , 2425.33 , 339.635 , -54.1248 , 1287.95
2038 , 0 , 1170.18 , 2425.11 , 339.651 , -54.1108 , 1287.98
2039 , 0 , 1170.22 , 2424.9 , 339.668 , -54.0968 , 1288.01
2040 , 0 , 1170.26 , 2424.68 , 339.685 , -54.0829 , 1288.04
2041 , 0 , 1170.29 , 2424.47 , 339.701 , -54.069 , 1288.07
2042 , 0 , 1170.33 , 2424.25 , 339.718 , -54.055 , 1288.1
2043 , 0 , 1170.37 , 2424.04 , 339.734 , -54.0411 , 1288.14
2044 , 0 , 1170.41 , 2423.82 , 339.751 , -54.0272 , 1288.17
2045 , 0 , 1170.45 , 2423.61 , 339.768 , -54.0133 , 1288.2
2046 , 0 , 1170.49 , 2423.39 , 339.784 , -53.9994 , 1288.23
2047 , 0 , 1170.53 , 2423.18 , 339.801 , -53.9855 , 1288.26
2048 , 0 , 1170.57 , 2422.96 , 339.817 , -53.9716 , 1288.29
2049 , 0 , 1170.6 , 2422.75 , 339.834 , -53.9577 , 1288.32
2050 , 0 , 1170.64 , 2422.54 , 339.851 , -53.9438 , 1288.36
2051 , 0 , 1170.68 , 2422.32 , 339.867 , -53.9299 , 1288.39
2052 , 0 , 1170.72 , 2422.11 , 339.884 , -53.9161 , 1288.42
2053 , 0 , 1170.76 , 2421.89 , 339.901 , -53.9022 , 1288.45
2054 , 0 , 1170.8 , 2421.68 , 339.917 , -53.8883 , 1288.48
2055 , 0 , 1170.84 , 2421.47 , 339.934 , -53.8745 , 1288.51
2056 , 0 , 1170.88 , 2421.25 , 339.95 , -53.8607 , 1288.54
2057 , 0 , 1170.92 , 2421.04 , 339.967 , -53.8468 , 1288.57
2058 , 0 , 1170.95 , 2420.83 , 339.984 , -53.833 , 1288.61
2059 , 0 , 1170.99 , 2420.62 , 340 , -53.8192 , 1288.64
2060 , 0 , 1171.03 , 2420.4 , 340.017 , -53.8054 , 1288.67
2061 , 0 , 1171.07 , 2420.19 , 340.034 , -53.7915 , 1288.7
2062 , 0 , 1171.11 , 2419.98 , 340.05 , -53.7777 , 1288.73
2063 , 0 , 1171.15 , 2419.77 , 340.067 , -53.7639 , 1288.76
2064 , 0 , 1171.19 , 2419.56 , 340.083 , -53.7502 , 1288.79
2065 , 0 , 1171.23 , 2419.34 , 340.1 , -53.7364 , 1288.82
2066 , 0 , 1171.27 , 2419.13 , 340.117 , -53.7226 , 1288.86
2067 , 0 , 1171.3 , 2418.92 , 340.133 , -53.7088 , 1288.89
2068 , 0 , 1171.34 , 2418.71 , 340.15 , -53.6951 , 1288.92
2069 , 0 , 1171.38 , 2418.5 , 340.167 , -53.6813 , 1288.95
2070 , 0 , 1171.42 , 2418.29 , 340.183 , -53.6676 , 1288.98
2071 , 0 , 1171.46 , 2418.08 , 340.2 , -53.6538 , 1289.01
2072 , 0 , 1171.5 , 2417.87 , 340.216 , -53.6401 , 1289.04
2073 , 0 , 1171.54 , 2417.66 , 340.233 , -53.6264 , 1289.07
2074 , 0 , 1171.58 , 2417.45 , 340.25 , -53.6126 , 1289.11
2075 , 0 , 1171.61 , 2417.24 , 340.266 , -53.5989 , 1289.14
2076 , 0 , 1171.65 , 2417.03 , 340.283 , -53.5852 , 1289.17
2077 , 0 , 1171.69 , 2416.82 , 340.3 , -53.5715 , 1289.2
2078 , 0 , 1171.73 , 2416.61 , 340.316 , -53.5578 , 1289.23
2079 , 0 , 1171.77 , 2416.4 , 340.333 , -53.5441 , 1289.26
2080 , 0 , 1171.81 , 2416.19 , 340.35 , -53.5305 , 1289.29
2081 , 0 , 1171.85 , 2415.98 , 340.366 , -53.5168 , 1289.32
2082 , 0 , 1171.89 , 2415.77 , 340.383 , -53.5031 , 1289.35
2083 , 0 , 1171.93 , 2415.56 , 340.399 , -53.4895 , 1289.39
2084 , 0 , 1171.97 , 2415.35 , 340.416 , -53.4758 , 1289.42
2085 , 0 , 1172 , 2415.15 , 340.433 , -53.4622 , 1289.45
2086 , 0 , 1172.04 , 2414.94 , 340.449 , -53.4485 , 1289.48
2087 , 0 , 1172.08 , 2414.73 , 340.466 , -53.4349 , 1289.51
2088 , 0 , 1172.12 , 2414.52 , 340.483 , -53.4213 , 1289.54
2089 , 0 , 1172.16 , 2414.31 , 340.499 , -53.4077 , 1289.57
2090 , 0 , 1172.2 , 2414.11 , 340.516 , -53.3941 , 1289.6
2091 , 0 , 1172.24 , 2413.9 , 340.533 , -53.3805 , 1289.63
2092 , 0 , 1172.28 , 2413.69 , 340.549 , -53.3669 , 1289.66
2093 , 0 , 1172.32 , 2413.48 , 340.566 , -53.3533 , 1289.7
2094 , 0 , 1172.35 , 2413.28 , 340.583 , -53.3397 , 1289.73
2095 , 0 , 1172.39 , 2413.07 , 340.599 , -53.3261 , 1289.76
2096 , 0 , 1172.43 , 2412.86 , 340.616 , -53.3126 , 1289.79
2097 , 0 , 1172.47 , 2412.66 , 340.633 , -53.299 , 1289.82
2098 , 0 , 1172.51 , 2412.45 , 340.649 , -53.2855 , 1289.85
2099 , 0 , 1172.55 , 2412.24 , 340.666 , -53.2719 , 1289.88
2100 , 0 , 1172.59 , 2412.04 , 340.682 , -53.2584 , 1289.91
2101 , 0 , 1172.63 , 2411.83 , 340.699 , -53.2449 , 1289.94
2102 , 0 , 1172.67 , 2411.63 , 340.716 , -53.2313 , 1289.97
2103 , 0 , 1172.71 , 2411.42 , 340.732 , -53.2178 , 1290.01
2104 , 0 , 1172.74 , 2411.22 , 340.749 , -53.2043 , 1290.04
2105 , 0 , 1172.78 , 2411.01 , 340.766 , -53.1908 , 1290.07
2106 , 0 , 1172.82 , 2410.81 , 340.782 , -53.1773 , 1290.1
2107 , 0 , 1172.86 , 2410.6 , 340.799 , -53.1638 , 1290.13
2108 , 0 , 1172.9 , 2410.4 , 340.816 , -53.1504 , 1290.16
2109 , 0 , 1172.94 , 2410.19 , 340.832 , -53.1369 , 1290.19
2110 , 0 , 1172.98 , 2409.99 , 340.849 , -53.1234 , 1290.22
2111 , 0 , 1173.02 , 2409.78 , 340.866 , -53.11 , 1290.25
2112 , 0 , 1173.06 , 2409.58 , 340.882 , -53.0965 , 1290.28
2113 , 0 , 1173.09 , 2409.38 , 340.899 , -53.0831 , 1290.31
2114 , 0 , 1173.13 , 2409.17 , 340.915 , -53.0696 , 1290.34
2115 , 0 , 1173.17 , 2408.97 , 340.932 , -53.0562 , 1290.38
2116 , 0 , 1173.21 , 2408.76 , 340.949 , -53.0428 , 1290.41
2117 , 0 , 1173.25 , 2408.56 , 340.965 , -53.0294 , 1290.44
2118 , 0 , 1173.29 , 2408.36 , 340.982 , -53.016 , 1290.47
2119 , 0 , 1173.33 , 2408.15 , 340.999 , -53.0026 , 1290.5
2120 , 0 , 1173.37 , 2407.95 , 341.015 , -52.9892 , 1290.53
2121 , 0 , 1173.41 , 2407.75 , 341.032 , -52.9758 , 1290.56
2122 , 0 , 1173.45 , 2407.55 , 341.049 , -52.9625 , 1290.59
2123 , 0 , 1173.48 , 2407.35 , 341.065 , -52.9491 , 1290.62
2124 , 0 , 1173.52 , 2407.14 , 341.082 , -52.9357 , 1290.65
2125 , 0 , 1173.56 , 2406.94 , 341.099 , -52.9224 , 1290.68
2126 , 0 , 1173.6 , 2406.74 , 341.115 , -52.909 , 1290.71
2127 , 0 , 1173.64 , 2406.54 , 341.132 , -52.8957 , 1290.74
2128 , 0 , 1173.68 , 2406.34 , 341.149 , -52.8824 , 1290.78
2129 , 0 , 1173.72 , 2406.13 , 341.165 , -52.8691 , 1290.81
2130 , 0 , 1173.76 , 2405.93 , 341.182 , -52.8558 , 1290.84
2131 , 0 , 1173.8 , 2405.73 , 341.199 , -52.8425 , 1290.87
2132 , 0 , 1173.83 , 2405.53 , 341.215 , -52.8292 , 1290.9
2133 , 0 , 1173.87 , 2405.33 , 341.232 , -52.8159 , 1290.93
2134 , 0 , 1173.91 , 2405.13 , 341.249 , -52.8026 , 1290.96
2135 , 0 , 1173.95 , 2404.93 , 341.265 , -52.7893 , 1290.99
2136 , 0 , 1173.99 , 2404.73 , 341.282 , -52.7761 , 1291.02
2137 , 0 , 1174.03 , 2404.53 , 341.298 , -52.7628 , 1291.05
2138 , 0 , 1174.07 , 2404.33 , 341.315 , -52.7495 , 1291.08
2139 , 0 , 1174.11 , 2404.13 , 341.332 , -52.7363 , 1291.11
2140 , 0 , 1174.15 , 2403.93 , 341.348 , -52.7231 , 1291.14
2141 , 0 , 1174.19 , 2403.73 , 341.365 , -52.7098 , 1291.17
2142 , 0 , 1174.22 , 2403.53 , 341.382 , -52.6966 , 1291.2
2143 , 0 , 1174.26 , 2403.33 , 341.398 , -52.6834 , 1291.23
2144 , 0 , 1174.3 , 2403.14 , 341.415 , -52.6702 , 1291.26
2145 , 0 , 1174.34 , 2402.94 , 341.432 , -52.657 , 1291.29
2146 , 0 , 1174.38 , 2402.74 , 341.448 , -52.6438 , 1291.32
2147 , 0 , 1174.42 , 2402.54 , 341.465 , -52.6306 , 1291.36
2148 , 0 , 1174.46 , 2402.34 , 341.482 , -52.6175 , 1291.39
2149 , 0 , 1174.5 , 2402.14 , 341.498 , -52.6043 , 1291.42
2150 , 0 , 1174.54 , 2401.95 , 341.515 , -52.5911 , 1291.45
2151 , 0 , 1174.58 , 2401.75 , 341.532 , -52.578 , 1291.48
2152 , 0 , 1174.61 , 2401.55 , 341.548 , -52.5649 , 1291.51
2153 , 0 , 1174.65 , 2401.36 , 341.565 , -52.5517 , 1291.54
2154 , 0 , 1174.69 , 2401.16 , 341.582 , -52.5386 , 1291.57
2155 , 0 , 1174.73 , 2400.96 , 341.598 , -52.5255 , 1291.6
2156 , 0 , 1174.77 , 2400.76 , 341.615 , -52.5124 , 1291.63
2157 , 0 , 1174.81 , 2400.57 , 341.632 , -52.4993 , 1291.66
2158 , 0 , 1174.85 , 2400.37 , 341.648 , -52.4862 , 1291.69
2159 , 0 , 1174.89 , 2400.18 , 341.665 , -52.4731 , 1291.72
2160 , 0 , 1174.93 , 2399.98 , 341.681 , -52.46 , 1291.75
2161 , 0 , 1174.97 , 2399.78 , 341.698 , -52.4469 , 1291.78
2162 , 0 , 1175 , 2399.59 , 341.715 , -52.4339 , 1291.81
2163 , 0 , 1175.04 , 2399.39 , 341.731 , -52.4208 , 1291.84
2164 , 0 , 1175.08 , 2399.2 , 341.748 , -52.4078 , 1291.87
2165 , 0 , 1175.12 , 2399 , 341.765 , -52.3947 , 1291.9
2166 , 0 , 1175.16 , 2398.81 , 341.781 , -52.3817 , 1291.93
2167 , 0 , 1175.2 , 2398.61 , 341.798 , -52.3687 , 1291.96
2168 , 0 , 1175.24 , 2398.42 , 341.815 , -52.3557 , 1291.99
2169 , 0 , 1175.28 , 2398.22 , 341.831 , -52.3427 , 1292.02
2170 , 0 , 1175.32 , 2398.03 , 341.848 , -52.3297 , 1292.05
2171 , 0 , 1175.36 , 2397.84 , 341.864 , -52.3167 , 1292.08
2172 , 0 , 1175.39 , 2397.64 , 341.881 , -52.3037 , 1292.11
2173 , 0 , 1175.43 , 2397.45 , 341.898 , -52.2907 , 1292.14
2174 , 0 , 1175.47 , 2397.26 , 341.914 , -52.2777 , 1292.17
2175 , 0 , 1175.51 , 2397.06 , 341.931 , -52.2648 , 1292.2
2176 , 0 , 1175.55 , 2396.87 , 341.948 , -52.2518 , 1292.23
2177 , 0 , 1175.59 , 2396.68 , 341.964 , -52.2389 , 1292.26
2178 , 0 , 1175.63 , 2396.48 , 341.981 , -52.226 , 1292.29
2179 , 0 , 1175.67 , 2396.29 , 341.998 , -52.213 , 1292.32
2180 , 0 , 1175.71 , 2396.1 , 342.014 , -52.2001 , 1292.35
2181 , 0 , 1175.75 , 2395.91 , 342.031 , -52.1872 , 1292.38
2182 , 0 , 1175.79 , 2395.72 , 342.047 , -52.1743 , 1292.41
2183 , 0 , 1175.82 , 2395.52 , 342.064 , -52.1614 , 1292.44
2184 , 0 , 1175.86 , 2395.33 , 342.081 , -52.1485 , 1292.47
2185 , 0 , 1175.9 , 2395.14 , 342.097 , -52.1356 , 1292.5
2186 , 0 , 1175.94 , 2394.95 , 342.114 , -52.1227 , 1292.53
2187 , 0 , 1175.98 , 2394.76 , 342.131 , -52.1099 , 1292.56
2188 , 0 , 1176.02 , 2394.57 , 342.147 , -52.097 , 1292.59
2189 , 0 , 1176.06 , 2394.38 , 342.164 , -52.0842 , 1292.62
2190 , 0 , 1176.1 , 2394.19 , 342.181 , -52.0713 , 1292.65
2191 , 0 , 1176.14 , 2394 , 342.197 , -52.0585 , 1292.68
2192 , 0 , 1176.18 , 2393.81 , 342.214 , -52.0457 , 1292.71
2193 , 0 , 1176.21 , 2393.62 , 342.23 , -52.0329 , 1292.74
2194 , 0 , 1176.25 , 2393.43 , 342.247 , -52.0201 , 1292.77
2195 , 0 , 1176.29 , 2393.24 , 342.264 , -52.0073 , 1292.8
2196 , 0 , 1176.33 , 2393.05 , 342.28 , -51.9945 , 1292.83
2197 , 0 , 1176.37 , 2392.86 , 342.297 , -51.9817 , 1292.86
2198 , 0 , 1176.41 , 2392.67 , 342.314 , -51.9689 , 1292.89
2199 , 0 , 1176.45 , 2392.49 , 342.33 , -51.9561 , 1292.91
2200 , 0 , 1176.49 , 2392.3 , 342.347 , -51.9434 , 1292.94
2201 , 0 , 1176.53 , 2392.11 , 342.363 , -51.9306 , 1292.97
2202 , 0 , 1176.57 , 2391.92 , 342.38 , -51.9179 , 1293
2203 , 0 , 1176.6 , 2391.73 , 342.397 , -51.9052 , 1293.03
2204 , 0 , 1176.64 , 2391.55 , 342.413 , -51.8924 , 1293.06
2205 , 0 , 1176.68 , 2391.36 , 342.43 , -51.8797 , 1293.09
2206 , 0 , 1176.72 , 2391.17 , 342.447 , -51.867 , 1293.12
2207 , 0 , 1176.76 , 2390.99 , 342.463 , -51.8543 , 1293.15
2208 , 0 , 1176.8 , 2390.8 , 342.48 , -51.8416 , 1293.18
2209 , 0 , 1176.84 , 2390.61 , 342.496 , -51.8289 , 1293.21
2210 , 0 , 1176.88 , 2390.43 , 342.513 , -51.8162 , 1293.24
2211 , 0 , 1176.92 , 2390.24 , 342.53 , -51.8035 , 1293.27
2212 , 0 , 1176.96 , 2390.06 , 342.546 , -51.7909 , 1293.3
2213 , 0 , 1177 , 2389.87 , 342.563 , -51.7782 , 1293.33
2214 , 0 , 1177.03 , 2389.68 , 342.579 , -51.7656 , 1293.35
2215 , 0 , 1177.07 , 2389.5 , 342.596 , -51.7529 , 1293.38
2216 , 0 , 1177.11 , 2389.31 , 342.613 , -51.7403 , 1293.41
2217 , 0 , 1177.15 , 2389.13 , 342.629 , -51.7277 , 1293.44
2218 , 0 , 1177.19 , 2388.95 , 342.646 , -51.7151 , 1293.47
2219 , 0 , 1177.23 , 2388.76 , 342.662 , -51.7025 , 1293.5
2220 , 0 , 1177.27 , 2388.58 , 342.679 , -51.6899 , 1293.53
2221 , 0 , 1177.31 , 2388.39 , 342.696 , -51.6773 , 1293.56
2222 , 0 , 1177.35 , 2388.21 , 342.712 , -51.6647 , 1293.59
2223 , 0 , 1177.39 , 2388.03 , 342.729 , -51.6521 , 1293.62
2224 , 0 , 1177.43 , 2387.84 , 342.745 , -51.6395 , 1293.64
2225 , 0 , 1177.47 , 2387.66 , 342.762 , -51.627 , 1293.67
2226 , 0 , 1177.5 , 2387.48 , 342.779 , -51.6144 , 1293.7
2227 , 0 , 1177.54 , 2387.3 , 342.795 , -51.6019 , 1293.73
2228 , 0 , 1177.58 , 2387.11 , 342.812 , -51.5893 , 1293.76
2229 , 0 , 1177.62 , 2386.93 , 342.828 , -51.5768 , 1293.79
2230 , 0 , 1177.66 , 2386.75 , 342.845 , -51.5643 , 1293.82
2231 , 0 , 1177.7 , 2386.57 , 342.862 , -51.5518 , 1293.85
2232 , 0 , 1177.74 , 2386.39 , 342.878 , -51.5393 , 1293.87
2233 , 0 , 1177.78 , 2386.21 , 342.895 , -51.5268 , 1293.9
2234 , 0 , 1177.82 , 2386.03 , 342.911 , -51.5143 , 1293.93
2235 , 0 , 1177.86 , 2385.85 , 342.928 , -51.5018 , 1293.96
2236 , 0 , 1177.9 , 2385.67 , 342.944 , -51.4893 , 1293.99
2237 , 0 , 1177.94 , 2385.49 , 342.961 , -51.4768 , 1294.02
2238 , 0 , 1177.98 , 2385.31 , 342.978 , -51.4644 , 1294.05
2239 , 0 , 1178.01 , 2385.13 , 342.994 , -51.4519 , 1294.07
2240 , 0 , 1178.05 , 2384.95 , 343.011 , -51.4395 , 1294.1
2241 , 0 , 1178.09 , 2384.77 , 343.027 , -51.427 , 1294.13
2242 , 0 , 1178.13 , 2384.59 , 343.044 , -51.4146 , 1294.16
2243 , 0 , 1178.17 , 2384.42 , 343.061 , -51.4022 , 1294.19
2244 , 0 , 1178.21 , 2384.24 , 343.077 , -51.3898 , 1294.22
2245 , 0 , 1178.25 , 2384.06 , 343.094 , -51.3774 , 1294.24
2246 , 0 , 1178.29 , 2383.88 , 343.11 , -51.365 , 1294.27
2247 , 0 , 1178.33 , 2383.71 , 343.127 , -51.3526 , 1294.3
2248 , 0 , 1178.37 , 2383.53 , 343.143 , -51.3402 , 1294.33
2249 , 0 , 1178.41 , 2383.35 , 343.16 , -51.3278 , 1294.36
2250 , 0 , 1178.45 , 2383.18 , 343.176 , -51.3154 , 1294.38
2251 , 0 , 1178.49 , 2383 , 343.193 , -51.3031 , 1294.41
2252 , 0 , 1178.53 , 2382.82 , 343.21 , -51.2907 , 1294.44
2253 , 0 , 1178.57 , 2382.65 , 343.226 , -51.2784 , 1294.47
2254 , 0 , 1178.6 , 2382.47 , 343.243 , -51.266 , 1294.5
2255 , 0 , 1178.64 , 2382.3 , 343.259 , -51.2537 , 1294.52
2256 , 0 , 1178.68 , 2382.12 , 343.276 , -51.2414 , 1294.55
2257 , 0 , 1178.72 , 2381.95 , 343.292 , -51.2291 , 1294.58
2258 , 0 , 1178.76 , 2381.78 , 343.309 , -51.2168 , 1294.61
2259 , 0 , 1178.8 , 2381.6 , 343.326 , -51.2045 , 1294.63
2260 , 0 , 1178.84 , 2381.43 , 343.342 , -51.1922 , 1294.66
2261 , 0 , 1178.88 , 2381.26 , 343.359 , -51.1799 , 1294.69
2262 , 0 , 1178.92 , 2381.08 , 343.375 , -51.1676 , 1294.72
2263 , 0 , 1178.96 , 2380.91 , 343.392 , -51.1553 , 1294.74
2264 , 0 , 1179 , 2380.74 , 343.408 , -51.1431 , 1294.77
2265 , 0 , 1179.04 , 2380.57 , 343.425 , -51.1308 , 1294.8
2266 , 0 , 1179.08 , 2380.4 , 343.441 , -51.1186 , 1294.83
2267 , 0 , 1179.12 , 2380.22 , 343.458 , -51.1063 , 1294.85
2268 , 0 , 1179.16 , 2380.05 , 343.474 , -51.0941 , 1294.88
2269 , 0 , 1179.2 , 2379.88 , 343.491 , -51.0819 , 1294.91
2270 , 0 , 1179.24 , 2379.71 , 343.508 , -51.0697 , 1294.94
2271 , 0 , 1179.28 , 2379.54 , 343.524 , -51.0574 , 1294.96
2272 , 0 , 1179.32 , 2379.37 , 343.541 , -51.0452 , 1294.99
2273 , 0 , 1179.36 , 2379.2 , 343.557 , -51.033 , 1295.02
2274 , 0 , 1179.4 , 2379.04 , 343.574 , -51.0208 , 1295.04
2275 , 0 , 1179.44 , 2378.87 , 343.59 , -51.0087 , 1295.07
2276 , 0 , 1179.48 , 2378.7 , 343.607 , -50.9965 , 1295.1
2277 , 0 , 1179.52 , 2378.53 , 343.623 , -50.9843 , 1295.12
2278 , 0 , 1179.56 , 2378.36 , 343.64 , -50.9721 , 1295.15
2279 , 0 , 1179.6 , 2378.2 , 343.656 , -50.96 , 1295.18
2280 , 0 , 1179.64 , 2378.03 , 343.673 , -50.9478 , 1295.2
2281 , 0 , 1179.68 , 2377.86 , 343.689 , -50.9357 , 1295.23
2282 , 0 , 1179.72 , 2377.7 , 343.706 , -50.9235 , 1295.26
2283 , 0 , 1179.76 , 2377.53 , 343.722 , -50.9114 , 1295.28
2284 , 0 , 1179.8 , 2377.37 , 343.739 , -50.8993 , 1295.31
2285 , 0 , 1179.84 , 2377.2 , 343.755 , -50.8872 , 1295.34
2286 , 0 , 1179.88 , 2377.04 , 343.772 , -50.8751 , 1295.36
2287 , 0 , 1179.92 , 2376.88 , 343.788 , -50.863 , 1295.39
2288 , 0 , 1179.96 , 2376.71 , 343.805 , -50.8509 , 1295.41
2289 , 0 , 1180 , 2376.55 , 343.821 , -50.8388 , 1295.44
2290 , 0 , 1180.04 , 2376.39 , 343.838 , -50.8267 , 1295.47
2291 , 0 , 1180.08 , 2376.22 , 343.854 , -50.8146 , 1295.49
2292 , 0 , 1180.12 , 2376.06 , 343.871 , -50.8025 , 1295.52
2293 , 0 , 1180.16 , 2375.9 , 343.887 , -50.7905 , 1295.54
2294 , 0 , 1180.2 , 2375.74 , 343.904 , -50.7784 , 1295.57
2295 , 0 , 1180.24 , 2375.58 , 343.92 , -50.7663 , 1295.59
2296 , 0 , 1180.28 , 2375.42 , 343.937 , -50.7543 , 1295.62
2297 , 0 , 1180.32 , 2375.26 , 343.953 , -50.7423 , 1295.65
2298 , 0 , 1180.36 , 2375.1 , 343.97 , -50.7302 , 1295.67
2299 , 0 , 1180.4 , 2374.94 , 343.986 , -50.7182 , 1295.7
2300 , 0 , 1180.44 , 2374.79 , 344.003 , -50.7062 , 1295.72
2301 , 0 , 1180.48 , 2374.63 , 344.019 , -50.6942 , 1295.75
2302 , 0 , 1180.52 , 2374.47 , 344.036 , -50.6821 , 1295.77
2303 , 0 , 1180.56 , 2374.31 , 344.052 , -50.6701 , 1295.8
2304 , 0 , 1180.6 , 2374.16 , 344.069 , -50.6581 , 1295.82
2305 , 0 , 1180.64 , 2374 , 344.085 , -50.6461 , 1295.85
2306 , 0 , 1180.68 , 2373.85 , 344.102 , -50.6342 , 1295.87
2307 , 0 , 1180.72 , 2373.69 , 344.118 , -50.6222 , 1295.89
2308 , 0 , 1180.77 , 2373.54 , 344.134 , -50.6102 , 1295.92
2309 , 0 , 1180.81 , 2373.38 , 344.151 , -50.5982 , 1295.94
2310 , 0 , 1180.85 , 2373.23 , 344.167 , -50.5863 , 1295.97
2311 , 0 , 1180.89 , 2373.08 , 344.184 , -50.5743 , 1295.99
2312 , 0 , 1180.93 , 2372.93 , 344.2 , -50.5623 , 1296.02
2313 , 0 , 1180.97 , 2372.77 , 344.217 , -50.5504 , 1296.04
2314 , 0 , 1181.01 , 2372.62 , 344.233 , -50.5385 , 1296.06
2315 , 0 , 1181.05 , 2372.47 , 344.249 , -50.5265 , 1296.09
2316 , 0 , 1181.09 , 2372.32 , 344.266 , -50.5146 , 1296.11
2317 , 0 , 1181.13 , 2372.17 , 344.282 , -50.5027 , 1296.14
2318 , 0 , 1181.18 , 2372.02 , 344.299 , -50.4907 , 1296.16
2319 , 0 , 1181.22 , 2371.87 , 344.315 , -50.4788 , 1296.18
2320 , 0 , 1181.26 , 2371.73 , 344.332 , -50.4669 , 1296.21
2321 , 0 , 1181.3 , 2371.58 , 344.348 , -50.455 , 1296.23
2322 , 0 , 1181.34 , 2371.43 , 344.364 , -50.4431 , 1296.25
2323 , 0 , 1181.38 , 2371.29 , 344.381 , -50.4312 , 1296.27
2324 , 0 , 1181.42 , 2371.14 , 344.397 , -50.4193 , 1296.3
2325 , 0 , 1181.47 , 2371 , 344.414 , -50.4074 , 1296.32
2326 , 0 , 1181.51 , 2370.85 , 344.43 , -50.3955 , 1296.34
2327 , 0 , 1181.55 , 2370.71 , 344.446 , -50.3836 , 1296.37
2328 , 0 , 1181.59 , 2370.57 , 344.463 , -50.3718 , 1296.39
2329 , 0 , 1181.63 , 2370.42 , 344.479 , -50.3599 , 1296.41
2330 , 0 , 1181.67 , 2370.28 , 344.495 , -50.348 , 1296.43
2331 , 0 , 1181.72 , 2370.14 , 344.512 , -50.3362 , 1296.45
2332 , 0 , 1181.76 , 2370 , 344.528 , -50.3243 , 1296.48
2333 , 0 , 1181.8 , 2369.86 , 344.545 , -50.3125 , 1296.5
2334 , 0 , 1181.84 , 2369.72 , 344.561 , -50.3006 , 1296.52
2335 , 0 , 1181.88 , 2369.58 , 344.577 , -50.2888 , 1296.54
2336 , 0 , 1181.93 , 2369.44 , 344.594 , -50.277 , 1296.56
2337 , 0 , 1181.97 , 2369.3 , 344.61 , -50.2651 , 1296.58
2338 , 0 , 1182.01 , 2369.17 , 344.626 , -50.2533 , 1296.61
2339 , 0 , 1182.05 , 2369.03 , 344.643 , -50.2415 , 1296.63
2340 , 0 , 1182.1 , 2368.9 , 344.659 , -50.2296 , 1296.65
2341 , 0 , 1182.14 , 2368.76 , 344.675 , -50.2178 , 1296.67
2342 , 0 , 1182.18 , 2368.63 , 344.692 , -50.206 , 1296.69
2343 , 0 , 1182.22 , 2368.49 , 344.708 , -50.1942 , 1296.71
2344 , 0 , 1182.27 , 2368.36 , 344.724 , -50.1824 , 1296.73
2345 , 0 , 1182.31 , 2368.23 , 344.741 , -50.1706 , 1296.75
2346 , 0 , 1182.35 , 2368.1 , 344.757 , -50.1588 , 1296.77
2347 , 0 , 1182.4 , 2367.97 , 344.773 , -50.147 , 1296.79
2348 , 0 , 1182.44 , 2367.84 , 344.789 , -50.1352 , 1296.81
2349 , 0 , 1182.48 , 2367.71 , 344.806 , -50.1234 , 1296.83
2350 , 0 , 1182.53 , 2367.58 , 344.822 , -50.1116 , 1296.85
2351 , 0 , 1182.57 , 2367.45 , 344.838 , -50.0999 , 1296.87
2352 , 0 , 1182.61 , 2367.33 , 344.855 , -50.0881 , 1296.89
2353 , 0 , 1182.66 , 2367.2 , 344.871 , -50.0763 , 1296.91
2354 , 0 , 1182.7 , 2367.08 , 344.887 , -50.0645 , 1296.93
2355 , 0 , 1182.74 , 2366.95 , 344.903 , -50.0528 , 1296.95
2356 , 0 , 1182.79 , 2366.83 , 344.92 , -50.041 , 1296.96
2357 , 0 , 1182.83 , 2366.71 , 344.936 , -50.0292 , 1296.98
2358 , 0 , 1182.87 , 2366.58 , 344.952 , -50.0175 , 1297
2359 , 0 , 1182.92 , 2366.46 , 344.968 , -50.0057 , 1297.02
2360 , 0 , 1182.96 , 2366.34 , 344.985 , -49.9939 , 1297.04
2361 , 0 , 1183.01 , 2366.22 , 345.001 , -49.9822 , 1297.06
2362 , 0 , 1183.05 , 2366.11 , 345.017 , -49.9704 , 1297.07
2363 , 0 , 1183.1 , 2365.99 , 345.033 , -49.9587 , 1297.09
2364 , 0 , 1183.14 , 2365.87 , 345.049 , -49.9469 , 1297.11
2365 , 0 , 1183.18 , 2365.76 , 345.066 , -49.9352 , 1297.12
2366 , 0 , 1183.23 , 2365.64 , 345.082 , -49.9235 , 1297.14
2367 , 0 , 1183.27 , 2365.53 , 345.098 , -49.9117 , 1297.16
2368 , 0 , 1183.32 , 2365.42 , 345.114 , -49.9 , 1297.17
2369 , 0 , 1183.36 , 2365.3 , 345.13 , -49.8882 , 1297.19
2370 , 0 , 1183.41 , 2365.19 , 345.146 , -49.8765 , 1297.21
2371 , 0 , 1183.45 , 2365.08 , 345.163 , -49.8648 , 1297.22
2372 , 0 , 1183.5 , 2364.97 , 345.179 , -49.853 , 1297.24
2373 , 0 , 1183.54 , 2364.87 , 345.195 , -49.8413 , 1297.25
2374 , 0 , 1183.59 , 2364.76 , 345.211 , -49.8296 , 1297.27
2375 , 0 , 1183.63 , 2364.65 , 345.227 , -49.8179 , 1297.29
2376 , 0 , 1183.68 , 2364.55 , 345.243 , -49.8061 , 1297.3
2377 , 0 , 1183.73 , 2364.44 , 345.259 , -49.7944 , 1297.32
2378 , 0 , 1183.77 , 2364.34 , 345.275 , -49.7827 , 1297.33
2379 , 0 , 1183.82 , 2364.24 , 345.291 , -49.771 , 1297.34
2380 , 0 , 1183.86 , 2364.14 , 345.308 , -49.7592 , 1297.36
2381 , 0 , 1183.91 , 2364.04 , 345.324 , -49.7475 , 1297.37
2382 , 0 , 1183.96 , 2363.94 , 345.34 , -49.7358 , 1297.39
2383 , 0 , 1184 , 2363.84 , 345.356 , -49.7241 , 1297.4
2384 , 0 , 1184.05 , 2363.75 , 345.372 , -49.7124 , 1297.41
2385 , 0 , 1184.1 , 2363.65 , 345.388 , -49.7006 , 1297.43
2386 , 0 , 1184.14 , 2363.56 , 345.404 , -49.6889 , 1297.44
2387 , 0 , 1184.19 , 2363.46 , 345.42 , -49.6772 , 1297.45
2388 , 0 , 1184.24 , 2363.37 , 345.436 , -49.6655 , 1297.46
2389 , 0 , 1184.28 , 2363.28 , 345.452 , -49.6538 , 1297.48
2390 , 0 , 1184.33 , 2363.19 , 345.468 , -49.6421 , 1297.49
2391 , 0 , 1184.38 , 2363.1 , 345.484 , -49.6304 , 1297.5
2392 , 0 , 1184.43 , 2363.01 , 345.5 , -49.6187 , 1297.51
2393 , 0 , 1184.47 , 2362.93 , 345.516 , -49.607 , 1297.52
2394 , 0 , 1184.52 , 2362.84 , 345.532 , -49.5952 , 1297.53
2395 , 0 , 1184.57 , 2362.76 , 345.548 , -49.5835 , 1297.54
2396 , 0 , 1184.62 , 2362.67 , 345.564 , -49.5718 , 1297.55
2397 , 0 , 1184.67 , 2362.59 , 345.579 , -49.5601 , 1297.57
2398 , 0 , 1184.71 , 2362.51 , 345.595 , -49.5484 , 1297.58
2399 , 0 , 1184.76 , 2362.43 , 345.611 , -49.5367 , 1297.59
2400 , 0 , 1184.81 , 2362.35 , 345.627 , -49.525 , 1297.6
2401 , 0 , 1184.86 , 2362.27 , 345.643 , -49.5133 , 1297.6
2402 , 0 , 1184.91 , 2362.2 , 345.659 , -49.5016 , 1297.61
2403 , 0 , 1184.96 , 2362.12 , 345.675 , -49.4899 , 1297.62
2404 , 0 , 1185.01 , 2362.05 , 345.691 , -49.4782 , 1297.63
2405 , 0 , 1185.06 , 2361.97 , 345.707 , -49.4665 , 1297.64
2406 , 0 , 1185.11 , 2361.9 , 345.722 , -49.4548 , 1297.65
2407 , 0 , 1185.16 , 2361.83 , 345.738 , -49.4431 , 1297.66
2408 , 0 , 1185.2 , 2361.76 , 345.754 , -49.4314 , 1297.66
2409 , 0 , 1185.25 , 2361.69 , 345.77 , -49.4197 , 1297.67
2410 , 0 , 1185.3 , 2361.63 , 345.785 , -49.408 , 1297.68
2411 , 0 , 1185.35 , 2361.56 , 345.801 , -49.3964 , 1297.69
2412 , 0 , 1185.4 , 2361.5 , 345.817 , -49.3847 , 1297.69
2413 , 0 , 1185.45 , 2361.43 , 345.833 , -49.373 , 1297.7
2414 , 0 , 1185.5 , 2361.37 , 345.848 , -49.3613 , 1297.7
2415 , 0 , 1185.56 , 2361.31 , 345.864 , -49.3496 , 1297.71
2416 , 0 , 1185.61 , 2361.25 , 345.88 , -49.3379 , 1297.72
2417 , 0 , 1185.66 , 2361.19 , 345.895 , -49.3262 , 1297.72
2418 , 0 , 1185.71 , 2361.13 , 345.911 , -49.3145 , 1297.73
2419 , 0 , 1185.76 , 2361.08 , 345.927 , -49.3028 , 1297.73
2420 , 0 , 1185.81 , 2361.02 , 345.943 , -49.2911 , 1297.74
2421 , 0 , 1185.86 , 2360.97 , 345.958 , -49.2794 , 1297.74
2422 , 0 , 1185.91 , 2360.92 , 345.974 , -49.2677 , 1297.75
2423 , 0 , 1185.96 , 2360.87 , 345.989 , -49.2561 , 1297.75
2424 , 0 , 1186.02 , 2360.82 , 346.005 , -49.2444 , 1297.75
2425 , 0 , 1186.07 , 2360.77 , 346.02 , -49.2327 , 1297.76
2426 , 0 , 1186.12 , 2360.72 , 346.036 , -49.221 , 1297.76
2427 , 0 , 1186.17 , 2360.67 , 346.052 , -49.2093 , 1297.76
2428 , 0 , 1186.22 , 2360.63 , 346.067 , -49.1976 , 1297.77
2429 , 0 , 1186.28 , 2360.59 , 346.083 , -49.1859 , 1297.77
2430 , 0 , 1186.33 , 2360.54 , 346.098 , -49.1742 , 1297.77
2431 , 0 , 1186.38 , 2360.5 , 346.114 , -49.1626 , 1297.77
2432 , 0 , 1186.43 , 2360.46 , 346.129 , -49.1509 , 1297.77
2433 , 0 , 1186.49 , 2360.42 , 346.145 , -49.1392 , 1297.78
2434 , 0 , 1186.54 , 2360.39 , 346.16 , -49.1275 , 1297.78
2435 , 0 , 1186.59 , 2360.35 , 346.175 , -49.1158 , 1297.78
2436 , 0 , 1186.65 , 2360.31 , 346.191 , -49.1041 , 1297.78
2437 , 0 , 1186.7 , 2360.28 , 346.206 , -49.0924 , 1297.78
2438 , 0 , 1186.75 , 2360.25 , 346.222 , -49.0807 , 1297.78
2439 , 0 , 1186.81 , 2360.22 , 346.237 , -49.0691 , 1297.78
2440 , 0 , 1186.86 , 2360.19 , 346.252 , -49.0574 , 1297.78
2441 , 0 , 1186.92 , 2360.16 , 346.268 , -49.0457 , 1297.78
2442 , 0 , 1186.97 , 2360.13 , 346.283 , -49.034 , 1297.78
2443 , 0 , 1187.03 , 2360.11 , 346.298 , -49.0223 , 1297.77
2444 , 0 , 1187.08 , 2360.08 , 346.314 , -49.0107 , 1297.77
2445 , 0 , 1187.14 , 2360.06 , 346.329 , -48.999 , 1297.77
2446 , 0 , 1187.19 , 2360.04 , 346.344 , -48.9873 , 1297.77
2447 , 0 , 1187.25 , 2360.02 , 346.359 , -48.9756 , 1297.77
2448 , 0 , 1187.3 , 2360 , 346.374 , -48.964 , 1297.76
2449 , 0 , 1187.36 , 2359.98 , 346.39 , -48.9523 , 1297.76
2450 , 0 , 1187.41 , 2359.96 , 346.405 , -48.9406 , 1297.76
2451 , 0 , 1187.47 , 2359.95 , 346.42 , -48.9289 , 1297.75
2452 , 0 , 1187.52 , 2359.94 , 346.435 , -48.9173 , 1297.75
2453 , 0 , 1187.58 , 2359.92 , 346.45 , -48.9056 , 1297.75
2454 , 0 , 1187.63 , 2359.91 , 346.465 , -48.8939 , 1297.74
2455 , 0 , 1187.69 , 2359.9 , 346.48 , -48.8822 , 1297.74
2456 , 0 , 1187.75 , 2359.89 , 346.496 , -48.8706 , 1297.73
2457 , 0 , 1187.8 , 2359.89 , 346.511 , -48.8589 , 1297.73
2458 , 0 , 1187.86 , 2359.88 , 346.526 , -48.8473 , 1297.72
2459 , 0 , 1187.92 , 2359.87 , 346.541 , -48.8356 , 1297.72
2460 , 0 , 1187.97 , 2359.87 , 346.556 , -48.8239 , 1297.71
2461 , 0 , 1188.03 , 2359.87 , 346.571 , -48.8123 , 1297.7
2462 , 0 , 1188.09 , 2359.87 , 346.586 , -48.8006 , 1297.7
2463 , 0 , 1188.15 , 2359.87 , 346.601 , -48.789 , 1297.69
2464 , 0 , 1188.2 , 2359.87 , 346.616 , -48.7773 , 1297.68
2465 , 0 , 1188.26 , 2359.87 , 346.63 , -48.7657 , 1297.68
2466 , 0 , 1188.32 , 2359.88 , 346.645 , -48.754 , 1297.67
2467 , 0 , 1188.38 , 2359.88 , 346.66 , -48.7424 , 1297.66
2468 , 0 , 1188.43 , 2359.89 , 346.675 , -48.7308 , 1297.65
2469 , 0 , 1188.49 , 2359.89 , 346.69 , -48.7191 , 1297.65
2470 , 0 , 1188.55 , 2359.9 , 346.705 , -48.7075 , 1297.64
2471 , 0 , 1188.61 , 2359.91 , 346.72 , -48.6959 , 1297.63
2472 , 0 , 1188.67 , 2359.93 , 346.734 , -48.6842 , 1297.62
2473 , 0 , 1188.73 , 2359.94 , 346.749 , -48.6726 , 1297.61
2474 , 0 , 1188.78 , 2359.95 , 346.764 , -48.661 , 1297.6
2475 , 0 , 1188.84 , 2359.97 , 346.779 , -48.6494 , 1297.59
2476 , 0 , 1188.9 , 2359.98 , 346.793 , -48.6378 , 1297.58
2477 , 0 , 1188.96 , 2360 , 346.808 , -48.6262 , 1297.57
2478 , 0 , 1189.02 , 2360.02 , 346.823 , -48.6146 , 1297.56
2479 , 0 , 1189.08 , 2360.04 , 346.837 , -48.603 , 1297.55
2480 , 0 , 1189.14 , 2360.06 , 346.852 , -48.5914 , 1297.54
2481 , 0 , 1189.2 , 2360.08 , 346.867 , -48.5798 , 1297.53
2482 , 0 , 1189.26 , 2360.1 , 346.881 , -48.5683 , 1297.52
2483 , 0 , 1189.32 , 2360.12 , 346.896 , -48.5567 , 1297.51
2484 , 0 , 1189.38 , 2360.15 , 346.91 , -48.5451 , 1297.49
2485 , 0 , 1189.44 , 2360.17 , 346.925 , -48.5336 , 1297.48
2486 , 0 , 1189.5 , 2360.2 , 346.939 , -48.522 , 1297.47
2487 , 0 , 1189.56 , 2360.23 , 346.954 , -48.5105 , 1297.46
2488 , 0 , 1189.62 , 2360.26 , 346.968 , -48.4989 , 1297.44
2489 , 0 , 1189.68 , 2360.29 , 346.983 , -48.4874 , 1297.43
2490 , 0 , 1189.74 , 2360.32 , 346.997 , -48.4759 , 1297.42
2491 , 0 , 1189.8 , 2360.35 , 347.012 , -48.4644 , 1297.41
2492 , 0 , 1189.86 , 2360.38 , 347.026 , -48.4529 , 1297.39
2493 , 0 , 1189.92 , 2360.41 , 347.041 , -48.4413 , 1297.38
2494 , 0 , 1189.98 , 2360.45 , 347.055 , -48.4299 , 1297.37
2495 , 0 , 1190.04 , 2360.48 , 347.069 , -48.4184 , 1297.35
2496 , 0 , 1190.1 , 2360.52 , 347.084 , -48.4069 , 1297.34
2497 , 0 , 1190.17 , 2360.55 , 347.098 , -48.3954 , 1297.32
2498 , 0 , 1190.23 , 2360.59 , 347.112 , -48.384 , 1297.31
2499 , 0 , 1190.29 , 2360.63 , 347.126 , -48.3725 , 1297.29
2500 , 0 , 1190.35 , 2360.67 , 347.141 , -48.3611 , 1297.28
2501 , 0 , 1190.41 , 2360.71 , 347.155 , -48.3496 , 1297.26
2502 , 0 , 1190.47 , 2360.75 , 347.169 , -48.3382 , 1297.25
2503 , 0 , 1190.53 , 2360.79 , 347.183 , -48.3268 , 1297.23
2504 , 0 , 1190.59 , 2360.83 , 347.197 , -48.3154 , 1297.22
2505 , 0 , 1190.65 , 2360.87 , 347.212 , -48.304 , 1297.2
2506 , 0 , 1190.72 , 2360.91 , 347.226 , -48.2926 , 1297.19
2507 , 0 , 1190.78 , 2360.96 , 347.24 , -48.2812 , 1297.17
2508 , 0 , 1190.84 , 2361 , 347.254 , -48.2699 , 1297.16
2509 , 0 , 1190.9 , 2361.04 , 347.268 , -48.2585 , 1297.14
2510 , 0 , 1190.96 , 2361.09 , 347.282 , -48.2472 , 1297.12
2511 , 0 , 1191.02 , 2361.14 , 347.296 , -48.2358 , 1297.11
2512 , 0 , 1191.09 , 2361.18 , 347.31 , -48.2245 , 1297.09
2513 , 0 , 1191.15 , 2361.23 , 347.324 , -48.2132 , 1297.08
2514 , 0 , 1191.21 , 2361.27 , 347.338 , -48.2019 , 1297.06
2515 , 0 , 1191.27 , 2361.32 , 347.352 , -48.1906 , 1297.04
2516 , 0 , 1191.33 , 2361.37 , 347.366 , -48.1793 , 1297.03
2517 , 0 , 1191.39 , 2361.42 , 347.38 , -48.1681 , 1297.01
2518 , 0 , 1191.46 , 2361.47 , 347.394 , -48.1568 , 1296.99
2519 , 0 , 1191.52 , 2361.52 , 347.408 , -48.1456 , 1296.98
2520 , 0 , 1191.58 , 2361.56 , 347.422 , -48.1344 , 1296.96
2521 , 0 , 1191.64 , 2361.61 , 347.436 , -48.1232 , 1296.94
2522 , 0 , 1191.7 , 2361.66 , 347.45 , -48.112 , 1296.93
2523 , 0 , 1191.76 , 2361.71 , 347.464 , -48.1008 , 1296.91
2524 , 0 , 1191.83 , 2361.76 , 347.477 , -48.0896 , 1296.89
2525 , 0 , 1191.89 , 2361.81 , 347.491 , -48.0785 , 1296.87
2526 , 0 , 1191.95 , 2361.86 , 347.505 , -48.0674 , 1296.86
2527 , 0 , 1192.01 , 2361.92 , 347.519 , -48.0562 , 1296.84
2528 , 0 , 1192.07 , 2361.97 , 347.533 , -48.0451 , 1296.82
2529 , 0 , 1192.13 , 2362.02 , 347.546 , -48.034 , 1296.81
2530 , 0 , 1192.19 , 2362.07 , 347.56 , -48.023 , 1296.79
2531 , 0 , 1192.26 , 2362.12 , 347.574 , -48.0119 , 1296.77
2532 , 0 , 1192.32 , 2362.17 , 347.588 , -48.0009 , 1296.75
2533 , 0 , 1192.38 , 2362.22 , 347.601 , -47.9898 , 1296.74
2534 , 0 , 1192.44 , 2362.27 , 347.615 , -47.9788 , 1296.72
2535 , 0 , 1192.5 , 2362.32 , 347.629 , -47.9678 , 1296.7
2536 , 0 , 1192.56 , 2362.37 , 347.642 , -47.9568 , 1296.69
2537 , 0 , 1192.62 , 2362.42 , 347.656 , -47.9458 , 1296.67
2538 , 0 , 1192.69 , 2362.48 , 347.67 , -47.9349 , 1296.65
2539 , 0 , 1192.75 , 2362.53 , 347.683 , -47.924 , 1296.63
2540 , 0 , 1192.81 , 2362.58 , 347.697 , -47.913 , 1296.62
2541 , 0 , 1192.87 , 2362.63 , 347.711 , -47.9021 , 1296.6
2542 , 0 , 1192.93 , 2362.68 , 347.724 , -47.8913 , 1296.58
2543 , 0 , 1192.99 , 2362.73 , 347.738 , -47.8804 , 1296.57
2544 , 0 , 1193.05 , 2362.78 , 347.751 , -47.8695 , 1296.55
2545 , 0 , 1193.11 , 2362.82 , 347.765 , -47.8587 , 1296.53
2546 , 0 , 1193.17 , 2362.87 , 347.779 , -47.8479 , 1296.52
2547 , 0 , 1193.23 , 2362.92 , 347.792 , -47.8371 , 1296.5
2548 , 0 , 1193.29 , 2362.97 , 347.806 , -47.8263 , 1296.48
2549 , 0 , 1193.35 , 2363.02 , 347.819 , -47.8156 , 1296.47
2550 , 0 , 1193.41 , 2363.07 , 347.833 , -47.8048 , 1296.45
2551 , 0 , 1193.47 , 2363.11 , 347.846 , -47.7941 , 1296.43
2552 , 0 , 1193.53 , 2363.16 , 347.86 , -47.7834 , 1296.42
2553 , 0 , 1193.59 , 2363.21 , 347.873 , -47.7727 , 1296.4
2554 , 0 , 1193.65 , 2363.25 , 347.887 , -47.762 , 1296.39
2555 , 0 , 1193.71 , 2363.3 , 347.9 , -47.7514 , 1296.37
2556 , 0 , 1193.77 , 2363.34 , 347.914 , -47.7407 , 1296.35
2557 , 0 , 1193.83 , 2363.39 , 347.927 , -47.7301 , 1296.34
2558 , 0 , 1193.89 , 2363.43 , 347.941 , -47.7195 , 1296.32
2559 , 0 , 1193.95 , 2363.47 , 347.954 , -47.709 , 1296.31
2560 , 0 , 1194.01 , 2363.51 , 347.968 , -47.6984 , 1296.29
2561 , 0 , 1194.07 , 2363.56 , 347.981 , -47.6879 , 1296.28
2562 , 0 , 1194.13 , 2363.6 , 347.994 , -47.6774 , 1296.26
2563 , 0 , 1194.18 , 2363.64 , 348.008 , -47.6669 , 1296.25
2564 , 0 , 1194.24 , 2363.68 , 348.021 , -47.6564 , 1296.23
2565 , 0 , 1194.3 , 2363.72 , 348.035 , -47.646 , 1296.22
2566 , 0 , 1194.36 , 2363.75 , 348.048 , -47.6355 , 1296.21
2567 , 0 , 1194.42 , 2363.79 , 348.062 , -47.6251 , 1296.19
2568 , 0 , 1194.47 , 2363.83 , 348.075 , -47.6147 , 1296.18
2569 , 0 , 1194.53 , 2363.86 , 348.088 , -47.6044 , 1296.16
2570 , 0 , 1194.59 , 2363.9 , 348.102 , -47.594 , 1296.15
2571 , 0 , 1194.65 , 2363.93 , 348.115 , -47.5837 , 1296.14
2572 , 0 , 1194.7 , 2363.97 , 348.129 , -47.5734 , 1296.12
2573 , 0 , 1194.76 , 2364 , 348.142 , -47.5631 , 1296.11
2574 , 0 , 1194.82 , 2364.03 , 348.155 , -47.5528 , 1296.1
2575 , 0 , 1194.88 , 2364.06 , 348.169 , -47.5426 , 1296.09
2576 , 0 , 1194.93 , 2364.09 , 348.182 , -47.5323 , 1296.07
2577 , 0 , 1194.99 , 2364.12 , 348.196 , -47.5221 , 1296.06
2578 , 0 , 1195.04 , 2364.15 , 348.209 , -47.5119 , 1296.05
2579 , 0 , 1195.1 , 2364.17 , 348.222 , -47.5018 , 1296.04
2580 , 0 , 1195.16 , 2364.2 , 348.236 , -47.4916 , 1296.03
2581 , 0 , 1195.21 , 2364.22 , 348.249 , -47.4815 , 1296.01
2582 , 0 , 1195.27 , 2364.25 , 348.262 , -47.4714 , 1296
2583 , 0 , 1195.32 , 2364.27 , 348.276 , -47.4613 , 1295.99
2584 , 0 , 1195.38 , 2364.29 , 348.289 , -47.4513 , 1295.98
2585 , 0 , 1195.43 , 2364.31 , 348.303 , -47.4413 , 1295.97
2586 , 0 , 1195.49 , 2364.33 , 348.316 , -47.4312 , 1295.96
2587 , 0 , 1195.54 , 2364.35 , 348.329 , -47.4213 , 1295.95
2588 , 0 , 1195.6 , 2364.37 , 348.343 , -47.4113 , 1295.94
2589 , 0 , 1195.65 , 2364.38 , 348.356 , -47.4013 , 1295.93
2590 , 0 , 1195.71 , 2364.4 , 348.37 , -47.3914 , 1295.92
2591 , 0 , 1195.76 , 2364.41 , 348.383 , -47.3815 , 1295.92
2592 , 0 , 1195.81 , 2364.42 , 348.396 , -47.3716 , 1295.91
2593 , 0 , 1195.87 , 2364.43 , 348.41 , -47.3618 , 1295.9
2594 , 0 , 1195.92 , 2364.44 , 348.423 , -47.3519 , 1295.89
2595 , 0 , 1195.97 , 2364.45 , 348.437 , -47.3421 , 1295.88
2596 , 0 , 1196.03 , 2364.46 , 348.45 , -47.3323 , 1295.88
2597 , 0 , 1196.08 , 2364.47 , 348.464 , -47.3226 , 1295.87
2598 , 0 , 1196.13 , 2364.47 , 348.477 , -47.3128 , 1295.86
2599 , 0 , 1196.18 , 2364.48 , 348.49 , -47.3031 , 1295.85
2600 , 0 , 1196.24 , 2364.48 , 348.504 , -47.2934 , 1295.85
2601 , 0 , 1196.29 , 2364.48 , 348.517 , -47.2837 , 1295.84
2602 , 0 , 1196.34 , 2364.48 , 348.531 , -47.2741 , 1295.84
2603 , 0 , 1196.39 , 2364.48 , 348.544 , -47.2644 , 1295.83
2604 , 0 , 1196.44 , 2364.48 , 348.558 , -47.2548 , 1295.83
2605 , 0 , 1196.49 , 2364.47 , 348.571 , -47.2452 , 1295.82
2606 , 0 , 1196.54 , 2364.47 , 348.585 , -47.2356 , 1295.82
2607 , 0 , 1196.59 , 2364.46 , 348.598 , -47.2261 , 1295.81
2608 , 0 , 1196.64 , 2364.45 , 348.612 , -47.2166 , 1295.81
2609 , 0 , 1196.69 , 2364.44 , 348.625 , -47.2071 , 1295.8
2610 , 0 , 1196.74 , 2364.43 , 348.639 , -47.1976 , 1295.8
2611 , 0 , 1196.79 , 2364.42 , 348.652 , -47.1881 , 1295.8
2612 , 0 , 1196.84 , 2364.41 , 348.666 , -47.1787 , 1295.8
2613 , 0 , 1196.89 , 2364.39 , 348.679 , -47.1693 , 1295.79
2614 , 0 , 1196.94 , 2364.38 , 348.693 , -47.1599 , 1295.79
2615 , 0 , 1196.99 , 2364.36 , 348.706 , -47.1505 , 1295.79
2616 , 0 , 1197.04 , 2364.34 , 348.72 , -47.1412 , 1295.79
2617 , 0 , 1197.09 , 2364.32 , 348.733 , -47.1318 , 1295.79
2618 , 0 , 1197.14 , 2364.3 , 348.747 , -47.1225 , 1295.79
2619 , 0 , 1197.18 , 2364.27 , 348.761 , -47.1132 , 1295.78
2620 , 0 , 1197.23 , 2364.25 , 348.774 , -47.104 , 1295.78
2621 , 0 , 1197.28 , 2364.22 , 348.788 , -47.0947 , 1295.78
2622 , 0 , 1197.33 , 2364.2 , 348.801 , -47.0855 , 1295.79
2623 , 0 , 1197.37 , 2364.17 , 348.815 , -47.0763 , 1295.79
2624 , 0 , 1197.42 , 2364.14 , 348.829 , -47.0671 , 1295.79
2625 , 0 , 1197.47 , 2364.11 , 348.842 , -47.058 , 1295.79
2626 , 0 , 1197.51 , 2364.07 , 348.856 , -47.0488 , 1295.79
2627 , 0 , 1197.56 , 2364.04 , 348.87 , -47.0397 , 1295.79
2628 , 0 , 1197.6 , 2364 , 348.883 , -47.0306 , 1295.79
2629 , 0 , 1197.65 , 2363.96 , 348.897 , -47.0215 , 1295.8
2630 , 0 , 1197.7 , 2363.93 , 348.911 , -47.0125 , 1295.8
2631 , 0 , 1197.74 , 2363.89 , 348.925 , -47.0034 , 1295.8
2632 , 0 , 1197.79 , 2363.84 , 348.938 , -46.9944 , 1295.81
2633 , 0 , 1197.83 , 2363.8 , 348.952 , -46.9854 , 1295.81
2634 , 0 , 1197.88 , 2363.76 , 348.966 , -46.9765 , 1295.81
2635 , 0 , 1197.92 , 2363.71 , 348.98 , -46.9675 , 1295.82
2636 , 0 , 1197.96 , 2363.66 , 348.993 , -46.9586 , 1295.82
2637 , 0 , 1198.01 , 2363.61 , 349.007 , -46.9497 , 1295.83
2638 , 0 , 1198.05 , 2363.56 , 349.021 , -46.9408 , 1295.84
2639 , 0 , 1198.1 , 2363.51 , 349.035 , -46.9319 , 1295.84
2640 , 0 , 1198.14 , 2363.46 , 349.049 , -46.923 , 1295.85
2641 , 0 , 1198.18 , 2363.4 , 349.063 , -46.9142 , 1295.85
2642 , 0 , 1198.22 , 2363.35 , 349.077 , -46.9054 , 1295.86
2643 , 0 , 1198.27 , 2363.29 , 349.09 , -46.8966 , 1295.87
2644 , 0 , 1198.31 , 2363.23 , 349.104 , -46.8878 , 1295.88
2645 , 0 , 1198.35 , 2363.17 , 349.118 , -46.8791 , 1295.88
2646 , 0 , 1198.39 , 2363.11 , 349.132 , -46.8703 , 1295.89
2647 , 0 , 1198.44 , 2363.05 , 349.146 , -46.8616 , 1295.9
2648 , 0 , 1198.48 , 2362.98 , 349.16 , -46.8529 , 1295.91
2649 , 0 , 1198.52 , 2362.92 , 349.174 , -46.8442 , 1295.92
2650 , 0 , 1198.56 , 2362.85 , 349.188 , -46.8356 , 1295.93
2651 , 0 , 1198.6 , 2362.78 , 349.202 , -46.8269 , 1295.94
2652 , 0 , 1198.64 , 2362.71 , 349.216 , -46.8183 , 1295.95
2653 , 0 , 1198.68 , 2362.64 , 349.23 , -46.8097 , 1295.96
2654 , 0 , 1198.72 , 2362.57 , 349.244 , -46.8011 , 1295.97
2655 , 0 , 1198.76 , 2362.49 , 349.258 , -46.7925 , 1295.98
2656 , 0 , 1198.8 , 2362.42 , 349.272 , -46.784 , 1295.99
2657 , 0 , 1198.84 , 2362.34 , 349.286 , -46.7754 , 1296
2658 , 0 , 1198.88 , 2362.26 , 349.301 , -46.7669 , 1296.01
2659 , 0 , 1198.92 , 2362.19 , 349.315 , -46.7584 , 1296.03
2660 , 0 , 1198.96 , 2362.1 , 349.329 , -46.7499 , 1296.04
2661 , 0 , 1199 , 2362.02 , 349.343 , -46.7414 , 1296.05
2662 , 0 , 1199.04 , 2361.94 , 349.357 , -46.733 , 1296.06
2663 , 0 , 1199.08 , 2361.86 , 349.371 , -46.7246 , 1296.08
2664 , 0 , 1199.11 , 2361.77 , 349.386 , -46.7161 , 1296.09
2665 , 0 , 1199.15 , 2361.68 , 349.4 , -46.7077 , 1296.1
2666 , 0 , 1199.19 , 2361.6 , 349.414 , -46.6994 , 1296.12
2667 , 0 , 1199.23 , 2361.51 , 349.428 , -46.691 , 1296.13
2668 , 0 , 1199.27 , 2361.42 , 349.443 , -46.6826 , 1296.15
2669 , 0 , 1199.3 , 2361.33 , 349.457 , -46.6743 , 1296.16
2670 , 0 , 1199.34 , 2361.23 , 349.471 , -46.666 , 1296.18
2671 , 0 , 1199.38 , 2361.14 , 349.486 , -46.6577 , 1296.19
2672 , 0 , 1199.41 , 2361.04 , 349.5 , -46.6494 , 1296.21
2673 , 0 , 1199.45 , 2360.95 , 349.514 , -46.6411 , 1296.23
2674 , 0 , 1199.49 , 2360.85 , 349.529 , -46.6329 , 1296.24
2675 , 0 , 1199.52 , 2360.75 , 349.543 , -46.6246 , 1296.26
2676 , 0 , 1199.56 , 2360.65 , 349.558 , -46.6164 , 1296.28
2677 , 0 , 1199.6 , 2360.55 , 349.572 , -46.6082 , 1296.29
2678 , 0 , 1199.63 , 2360.45 , 349.586 , -46.6 , 1296.31
2679 , 0 , 1199.67 , 2360.35 , 349.601 , -46.5918 , 1296.33
2680 , 0 , 1199.7 , 2360.24 , 349.615 , -46.5836 , 1296.35
2681 , 0 , 1199.74 , 2360.14 , 349.63 , -46.5755 , 1296.36
2682 , 0 , 1199.77 , 2360.03 , 349.644 , -46.5674 , 1296.38
2683 , 0 , 1199.81 , 2359.93 , 349.659 , -46.5592 , 1296.4
2684 , 0 , 1199.84 , 2359.82 , 349.674 , -46.5511 , 1296.42
2685 , 0 , 1199.88 , 2359.71 , 349.688 , -46.543 , 1296.44
2686 , 0 , 1199.91 , 2359.6 , 349.703 , -46.535 , 1296.46
2687 , 0 , 1199.95 , 2359.49 , 349.717 , -46.5269 , 1296.48
2688 , 0 , 1199.98 , 2359.38 , 349.732 , -46.5188 , 1296.5
2689 , 0 , 1200.02 , 2359.27 , 349.747 , -46.5108 , 1296.52
2690 , 0 , 1200.05 , 2359.15 , 349.761 , -46.5028 , 1296.54
2691 , 0 , 1200.08 , 2359.04 , 349.776 , -46.4948 , 1296.56
2692 , 0 , 1200.12 , 2358.92 , 349.791 , -46.4868 , 1296.58
2693 , 0 , 1200.15 , 2358.81 , 349.805 , -46.4788 , 1296.6
2694 , 0 , 1200.18 , 2358.69 , 349.82 , -46.4708 , 1296.62
2695 , 0 , 1200.22 , 2358.57 , 349.835 , -46.4628 , 1296.64
2696 , 0 , 1200.25 , 2358.46 , 349.85 , -46.4549 , 1296.66
2697 , 0 , 1200.28 , 2358.34 , 349.864 , -46.447 , 1296.69
2698 , 0 , 1200.32 , 2358.22 , 349.879 , -46.439 , 1296.71
2699 , 0 , 1200.35 , 2358.1 , 349.894 , -46.4311 , 1296.73
2700 , 0 , 1200.38 , 2357.98 , 349.909 , -46.4232 , 1296.75
2701 , 0 , 1200.42 , 2357.85 , 349.923 , -46.4153 , 1296.77
2702 , 0 , 1200.45 , 2357.73 , 349.938 , -46.4075 , 1296.8
2703 , 0 , 1200.48 , 2357.61 , 349.953 , -46.3996 , 1296.82
2704 , 0 , 1200.51 , 2357.49 , 349.968 , -46.3917 , 1296.84
2705 , 0 , 1200.55 , 2357.36 , 349.983 , -46.3839 , 1296.86
2706 , 0 , 1200.58 , 2357.24 , 349.998 , -46.3761 , 1296.89
2707 , 0 , 1200.61 , 2357.11 , 350.013 , -46.3683 , 1296.91
2708 , 0 , 1200.64 , 2356.98 , 350.028 , -46.3605 , 1296.94
2709 , 0 , 1200.67 , 2356.86 , 350.043 , -46.3527 , 1296.96
2710 , 0 , 1200.71 , 2356.73 , 350.058 , -46.3449 , 1296.98
2711 , 0 , 1200.74 , 2356.6 , 350.073 , -46.3371 , 1297.01
2712 , 0 , 1200.77 , 2356.48 , 350.087 , -46.3293 , 1297.03
2713 , 0 , 1200.8 , 2356.35 , 350.102 , -46.3216 , 1297.05
2714 , 0 , 1200.83 , 2356.22 , 350.117 , -46.3139 , 1297.08
2715 , 0 , 1200.86 , 2356.09 , 350.132 , -46.3061 , 1297.1
2716 , 0 , 1200.9 , 2355.96 , 350.147 , -46.2984 , 1297.13
2717 , 0 , 1200.93 , 2355.83 , 350.163 , -46.2907 , 1297.15
2718 , 0 , 1200.96 , 2355.7 , 350.178 , -46.283 , 1297.18
2719 , 0 , 1200.99 , 2355.57 , 350.193 , -46.2753 , 1297.2
2720 , 0 , 1201.02 , 2355.44 , 350.208 , -46.2677 , 1297.23
2721 , 0 , 1201.05 , 2355.31 , 350.223 , -46.26 , 1297.25
2722 , 0 , 1201.08 , 2355.17 , 350.238 , -46.2524 , 1297.28
2723 , 0 , 1201.11 , 2355.04 , 350.253 , -46.2447 , 1297.3
2724 , 0 , 1201.15 , 2354.91 , 350.268 , -46.2371 , 1297.33
2725 , 0 , 1201.18 , 2354.78 , 350.283 , -46.2295 , 1297.35
2726 , 0 , 1201.21 , 2354.64 , 350.299 , -46.2219 , 1297.38
2727 , 0 , 1201.24 , 2354.51 , 350.314 , -46.2143 , 1297.4
2728 , 0 , 1201.27 , 2354.38 , 350.329 , -46.2067 , 1297.43
2729 , 0 , 1201.3 , 2354.24 , 350.344 , -46.1991 , 1297.45
2730 , 0 , 1201.33 , 2354.11 , 350.359 , -46.1915 , 1297.48
2731 , 0 , 1201.36 , 2353.98 , 350.374 , -46.1839 , 1297.51
2732 , 0 , 1201.39 , 2353.84 , 350.39 , -46.1764 , 1297.53
2733 , 0 , 1201.42 , 2353.71 , 350.405 , -46.1688 , 1297.56
2734 , 0 , 1201.45 , 2353.58 , 350.42 , -46.1613 , 1297.58
2735 , 0 , 1201.48 , 2353.44 , 350.435 , -46.1538 , 1297.61
2736 , 0 , 1201.51 , 2353.31 , 350.451 , -46.1463 , 1297.63
2737 , 0 , 1201.54 , 2353.18 , 350.466 , -46.1388 , 1297.66
2738 , 0 , 1201.57 , 2353.04 , 350.481 , -46.1313 , 1297.69
2739 , 0 , 1201.61 , 2352.91 , 350.497 , -46.1238 , 1297.71
2740 , 0 , 1201.64 , 2352.78 , 350.512 , -46.1163 , 1297.74
2741 , 0 , 1201.67 , 2352.64 , 350.527 , -46.1088 , 1297.76
2742 , 0 , 1201.7 , 2352.51 , 350.542 , -46.1013 , 1297.79
2743 , 0 , 1201.73 , 2352.38 , 350.558 , -46.0939 , 1297.82
2744 , 0 , 1201.76 , 2352.24 , 350.573 , -46.0864 , 1297.84
2745 , 0 , 1201.79 , 2352.11 , 350.588 , -46.079 , 1297.87
2746 , 0 , 1201.82 , 2351.98 , 350.604 , -46.0716 , 1297.89
2747 , 0 , 1201.85 , 2351.85 , 350.619 , -46.0642 , 1297.92
2748 , 0 , 1201.88 , 2351.71 , 350.635 , -46.0568 , 1297.95
2749 , 0 , 1201.91 , 2351.58 , 350.65 , -46.0493 , 1297.97
2750 , 0 , 1201.94 , 2351.45 , 350.665 , -46.042 , 1298
2751 , 0 , 1201.97 , 2351.32 , 350.681 , -46.0346 , 1298.02
2752 , 0 , 1202 , 2351.19 , 350.696 , -46.0272 , 1298.05
2753 , 0 , 1202.03 , 2351.06 , 350.711 , -46.0198 , 1298.07
2754 , 0 , 1202.06 , 2350.93 , 350.727 , -46.0125 , 1298.1
2755 , 0 , 1202.09 , 2350.8 , 350.742 , -46.0051 , 1298.12
2756 , 0 , 1202.13 , 2350.67 , 350.758 , -45.9978 , 1298.15
2757 , 0 , 1202.16 , 2350.54 , 350.773 , -45.9904 , 1298.18
2758 , 0 , 1202.19 , 2350.41 , 350.788 , -45.9831 , 1298.2
2759 , 0 , 1202.22 , 2350.28 , 350.804 , -45.9758 , 1298.23
2760 , 0 , 1202.25 , 2350.16 , 350.819 , -45.9685 , 1298.25
2761 , 0 , 1202.28 , 2350.03 , 350.835 , -45.9612 , 1298.28
2762 , 0 , 1202.31 , 2349.9 , 350.85 , -45.9539 , 1298.3
2763 , 0 , 1202.34 , 2349.78 , 350.866 , -45.9466 , 1298.33
2764 , 0 , 1202.37 , 2349.65 , 350.881 , -45.9393 , 1298.35
2765 , 0 , 1202.41 , 2349.53 , 350.896 , -45.932 , 1298.37
2766 , 0 , 1202.44 , 2349.4 , 350.912 , -45.9248 , 1298.4
2767 , 0 , 1202.47 , 2349.28 , 350.927 , -45.9175 , 1298.42
2768 , 0 , 1202.5 , 2349.16 , 350.943 , -45.9102 , 1298.45
2769 , 0 , 1202.53 , 2349.03 , 350.958 , -45.903 , 1298.47
2770 , 0 , 1202.56 , 2348.91 , 350.974 , -45.8958 , 1298.5
2771 , 0 , 1202.59 , 2348.79 , 350.989 , -45.8885 , 1298.52
2772 , 0 , 1202.63 , 2348.67 , 351.005 , -45.8813 , 1298.54
2773 , 0 , 1202.66 , 2348.55 , 351.02 , -45.8741 , 1298.57
2774 , 0 , 1202.69 , 2348.43 , 351.036 , -45.8669 , 1298.59
2775 , 0 , 1202.72 , 2348.31 , 351.051 , -45.8597 , 1298.61
2776 , 0 , 1202.75 , 2348.2 , 351.066 , -45.8525 , 1298.64
2777 , 0 , 1202.79 , 2348.08 , 351.082 , -45.8453 , 1298.66
2778 , 0 , 1202.82 , 2347.96 , 351.097 , -45.8382 , 1298.68
2779 , 0 , 1202.85 , 2347.85 , 351.113 , -45.831 , 1298.71
2780 , 0 , 1202.88 , 2347.74 , 351.128 , -45.8238 , 1298.73
2781 , 0 , 1202.92 , 2347.62 , 351.144 , -45.8167 , 1298.75
2782 , 0 , 1202.95 , 2347.51 , 351.159 , -45.8095 , 1298.77
2783 , 0 , 1202.98 , 2347.4 , 351.175 , -45.8024 , 1298.79
2784 , 0 , 1203.02 , 2347.29 , 351.19 , -45.7953 , 1298.82
2785 , 0 , 1203.05 , 2347.18 , 351.205 , -45.7882 , 1298.84
2786 , 0 , 1203.08 , 2347.07 , 351.221 , -45.781 , 1298.86
2787 , 0 , 1203.11 , 2346.97 , 351.236 , -45.7739 , 1298.88
2788 , 0 , 1203.15 , 2346.86 , 351.252 , -45.7668 , 1298.9
2789 , 0 , 1203.18 , 2346.76 , 351.267 , -45.7597 , 1298.92
2790 , 0 , 1203.22 , 2346.65 , 351.283 , -45.7527 , 1298.94
2791 , 0 , 1203.25 , 2346.55 , 351.298 , -45.7456 , 1298.96
2792 , 0 , 1203.28 , 2346.45 , 351.313 , -45.7385 , 1298.98
2793 , 0 , 1203.32 , 2346.35 , 351.329 , -45.7314 , 1299
2794 , 0 , 1203.35 , 2346.25 , 351.344 , -45.7244 , 1299.02
2795 , 0 , 1203.39 , 2346.15 , 351.36 , -45.7173 , 1299.04
2796 , 0 , 1203.42 , 2346.05 , 351.375 , -45.7103 , 1299.06
2797 , 0 , 1203.46 , 2345.96 , 351.39 , -45.7032 , 1299.08
2798 , 0 , 1203.49 , 2345.87 , 351.406 , -45.6962 , 1299.1
2799 , 0 , 1203.53 , 2345.77 , 351.421 , -45.6892 , 1299.11
2800 , 0 , 1203.56 , 2345.68 , 351.436 , -45.6822 , 1299.13
2801 , 0 , 1203.6 , 2345.59 , 351.452 , -45.6752 , 1299.15
2802 , 0 , 1203.63 , 2345.5 , 351.467 , -45.6682 , 1299.17
2803 , 0 , 1203.67 , 2345.42 , 351.482 , -45.6612 , 1299.19
2804 , 0 , 1203.7 , 2345.33 , 351.498 , -45.6542 , 1299.2
2805 , 0 , 1203.74 , 2345.25 , 351.513 , -45.6472 , 1299.22
2806 , 0 , 1203.78 , 2345.16 , 351.528 , -45.6402 , 1299.23
2807 , 0 , 1203.81 , 2345.08 , 351.544 , -45.6333 , 1299.25
2808 , 0 , 1203.85 , 2345 , 351.559 , -45.6263 , 1299.27
2809 , 0 , 1203.89 , 2344.92 , 351.574 , -45.6194 , 1299.28
2810 , 0 , 1203.92 , 2344.85 , 351.59 , -45.6124 , 1299.3
2811 , 0 , 1203.96 , 2344.77 , 351.605 , -45.6055 , 1299.31
2812 , 0 , 1204 , 2344.7 , 351.62 , -45.5986 , 1299.33
2813 , 0 , 1204.03 , 2344.62 , 351.635 , -45.5916 , 1299.34
2814 , 0 , 1204.07 , 2344.55 , 351.651 , -45.5847 , 1299.35
2815 , 0 , 1204.11 , 2344.49 , 351.666 , -45.5778 , 1299.37
2816 , 0 , 1204.15 , 2344.42 , 351.681 , -45.5709 , 1299.38
2817 , 0 , 1204.19 , 2344.35 , 351.696 , -45.564 , 1299.39
2818 , 0 , 1204.23 , 2344.29 , 351.711 , -45.5571 , 1299.4
2819 , 0 , 1204.26 , 2344.23 , 351.727 , -45.5502 , 1299.42
2820 , 0 , 1204.3 , 2344.17 , 351.742 , -45.5434 , 1299.43
2821 , 0 , 1204.34 , 2344.11 , 351.757 , -45.5365 , 1299.44
2822 , 0 , 1204.38 , 2344.05 , 351.772 , -45.5296 , 1299.45
2823 , 0 , 1204.42 , 2344 , 351.787 , -45.5228 , 1299.46
2824 , 0 , 1204.46 , 2343.94 , 351.802 , -45.5159 , 1299.47
2825 , 0 , 1204.5 , 2343.89 , 351.817 , -45.5091 , 1299.48
2826 , 0 , 1204.54 , 2343.84 , 351.832 , -45.5023 , 1299.49
2827 , 0 , 1204.58 , 2343.8 , 351.847 , -45.4954 , 1299.5
2828 , 0 , 1204.62 , 2343.75 , 351.862 , -45.4886 , 1299.51
2829 , 0 , 1204.67 , 2343.71 , 351.877 , -45.4818 , 1299.52
2830 , 0 , 1204.71 , 2343.67 , 351.892 , -45.475 , 1299.52
2831 , 0 , 1204.75 , 2343.63 , 351.907 , -45.4682 , 1299.53
2832 , 0 , 1204.79 , 2343.59 , 351.922 , -45.4614 , 1299.54
2833 , 0 , 1204.83 , 2343.55 , 351.937 , -45.4546 , 1299.54
2834 , 0 , 1204.88 , 2343.52 , 351.952 , -45.4478 , 1299.55
2835 , 0 , 1204.92 , 2343.49 , 351.967 , -45.4411 , 1299.56
2836 , 0 , 1204.96 , 2343.46 , 351.982 , -45.4343 , 1299.56
2837 , 0 , 1205.01 , 2343.43 , 351.997 , -45.4275 , 1299.57
2838 , 0 , 1205.05 , 2343.41 , 352.012 , -45.4208 , 1299.57
2839 , 0 , 1205.09 , 2343.39 , 352.027 , -45.414 , 1299.57
2840 , 0 , 1205.14 , 2343.37 , 352.041 , -45.4073 , 1299.58
2841 , 0 , 1205.18 , 2343.35 , 352.056 , -45.4005 , 1299.58
2842 , 0 , 1205.23 , 2343.33 , 352.071 , -45.3938 , 1299.58
2843 , 0 , 1205.27 , 2343.32 , 352.086 , -45.3871 , 1299.58
2844 , 0 , 1205.32 , 2343.31 , 352.1 , -45.3804 , 1299.58
2845 , 0 , 1205.36 , 2343.3 , 352.115 , -45.3736 , 1299.59
2846 , 0 , 1205.41 , 2343.29 , 352.13 , -45.3669 , 1299.59
2847 , 0 , 1205.46 , 2343.29 , 352.144 , -45.3602 , 1299.59
2848 , 0 , 1205.5 , 2343.29 , 352.159 , -45.3535 , 1299.59
2849 , 0 , 1205.55 , 2343.29 , 352.173 , -45.3469 , 1299.58
2850 , 0 , 1205.6 , 2343.29 , 352.188 , -45.3402 , 1299.58
2851 , 0 , 1205.64 , 2343.3 , 352.203 , -45.3335 , 1299.58
2852 , 0 , 1205.69 , 2343.3 , 352.217 , -45.3268 , 1299.58
2853 , 0 , 1205.74 , 2343.31 , 352.232 , -45.3201 , 1299.58
2854 , 0 , 1205.79 , 2343.33 , 352.246 , -45.3135 , 1299.57
2855 , 0 , 1205.84 , 2343.34 , 352.26 , -45.3068 , 1299.57
2856 , 0 , 1205.89 , 2343.36 , 352.275 , -45.3002 , 1299.56
2857 , 0 , 1205.94 , 2343.38 , 352.289 , -45.2935 , 1299.56
2858 , 0 , 1205.99 , 2343.41 , 352.304 , -45.2869 , 1299.55
2859 , 0 , 1206.04 , 2343.43 , 352.318 , -45.2802 , 1299.55
2860 , 0 , 1206.09 , 2343.46 , 352.332 , -45.2736 , 1299.54
2861 , 0 , 1206.14 , 2343.49 , 352.346 , -45.267 , 1299.53
2862 , 0 , 1206.19 , 2343.52 , 352.361 , -45.2603 , 1299.52
2863 , 0 , 1206.24 , 2343.56 , 352.375 , -45.2537 , 1299.51
2864 , 0 , 1206.29 , 2343.6 , 352.389 , -45.2471 , 1299.51
2865 , 0 , 1206.34 , 2343.64 , 352.403 , -45.2405 , 1299.5
2866 , 0 , 1206.4 , 2343.69 , 352.417 , -45.2339 , 1299.49
2867 , 0 , 1206.45 , 2343.73 , 352.431 , -45.2273 , 1299.48
2868 , 0 , 1206.5 , 2343.78 , 352.445 , -45.2207 , 1299.46
2869 , 0 , 1206.56 , 2343.84 , 352.459 , -45.2141 , 1299.45
2870 , 0 , 1206.61 , 2343.89 , 352.473 , -45.2075 , 1299.44
2871 , 0 , 1206.66 , 2343.95 , 352.487 , -45.201 , 1299.43
2872 , 0 , 1206.72 , 2344.01 , 352.501 , -45.1944 , 1299.41
2873 , 0 , 1206.77 , 2344.08 , 352.515 , -45.1878 , 1299.4
2874 , 0 , 1206.83 , 2344.14 , 352.529 , -45.1812 , 1299.38
2875 , 0 , 1206.89 , 2344.21 , 352.543 , -45.1747 , 1299.37
2876 , 0 , 1206.94 , 2344.28 , 352.557 , -45.1681 , 1299.35
2877 , 0 , 1207 , 2344.36 , 352.57 , -45.1616 , 1299.34
2878 , 0 , 1207.06 , 2344.44 , 352.584 , -45.155 , 1299.32
2879 , 0 , 1207.11 , 2344.52 , 352.598 , -45.1485 , 1299.3
2880 , 0 , 1207.17 , 2344.6 , 352.611 , -45.1419 , 1299.28
2881 , 0 , 1207.23 , 2344.69 , 352.625 , -45.1354 , 1299.26
2882 , 0 , 1207.29 , 2344.78 , 352.638 , -45.1288 , 1299.24
2883 , 0 , 1207.35 , 2344.87 , 352.652 , -45.1223 , 1299.22
2884 , 0 , 1207.41 , 2344.97 , 352.665 , -45.1158 , 1299.2
2885 , 0 , 1207.46 , 2345.07 , 352.679 , -45.1093 , 1299.18
2886 , 0 , 1207.52 , 2345.17 , 352.692 , -45.1027 , 1299.16
2887 , 0 , 1207.59 , 2345.27 , 352.706 , -45.0962 , 1299.14
2888 , 0 , 1207.65 , 2345.38 , 352.719 , -45.0897 , 1299.11
2889 , 0 , 1207.71 , 2345.49 , 352.732 , -45.0832 , 1299.09
2890 , 0 , 1207.77 , 2345.61 , 352.745 , -45.0767 , 1299.06
2891 , 0 , 1207.83 , 2345.72 , 352.759 , -45.0702 , 1299.04
2892 , 0 , 1207.89 , 2345.84 , 352.772 , -45.0637 , 1299.01
2893 , 0 , 1207.96 , 2345.97 , 352.785 , -45.0572 , 1298.99
2894 , 0 , 1208.02 , 2346.09 , 352.798 , -45.0507 , 1298.96
2895 , 0 , 1208.08 , 2346.22 , 352.811 , -45.0442 , 1298.93
2896 , 0 , 1208.15 , 2346.35 , 352.824 , -45.0377 , 1298.9
2897 , 0 , 1208.21 , 2346.49 , 352.837 , -45.0312 , 1298.87
2898 , 0 , 1208.27 , 2346.63 , 352.85 , -45.0247 , 1298.84
2899 , 0 , 1208.34 , 2346.77 , 352.863 , -45.0182 , 1298.81
2900 , 0 , 1208.41 , 2346.91 , 352.876 , -45.0117 , 1298.78
2901 , 0 , 1208.47 , 2347.06 , 352.888 , -45.0052 , 1298.75
2902 , 0 , 1208.54 , 2347.21 , 352.901 , -44.9987 , 1298.72
2903 , 0 , 1208.6 , 2347.37 , 352.914 , -44.9923 , 1298.69
2904 , 0 , 1208.67 , 2347.52 , 352.926 , -44.9858 , 1298.65
2905 , 0 , 1208.74 , 2347.68 , 352.939 , -44.9793 , 1298.62
2906 , 0 , 1208.81 , 2347.85 , 352.952 , -44.9728 , 1298.58
2907 , 0 , 1208.87 , 2348.01 , 352.964 , -44.9664 , 1298.55
2908 , 0 , 1208.94 , 2348.18 , 352.977 , -44.9599 , 1298.51
2909 , 0 , 1209.01 , 2348.35 , 352.989 , -44.9534 , 1298.48
2910 , 0 , 1209.08 , 2348.53 , 353.001 , -44.947 , 1298.44
2911 , 0 , 1209.15 , 2348.71 , 353.014 , -44.9405 , 1298.4
2912 , 0 , 1209.22 , 2348.89 , 353.026 , -44.934 , 1298.36
2913 , 0 , 1209.29 , 2349.08 , 353.038 , -44.9275 , 1298.32
2914 , 0 , 1209.36 , 2349.26 , 353.05 , -44.9211 , 1298.28
2915 , 0 , 1209.43 , 2349.46 , 353.062 , -44.9146 , 1298.24
2916 , 0 , 1209.51 , 2349.65 , 353.074 , -44.9081 , 1298.2
2917 , 0 , 1209.58 , 2349.85 , 353.087 , -44.9017 , 1298.16
2918 , 0 , 1209.65 , 2350.05 , 353.099 , -44.8952 , 1298.11
2919 , 0 , 1209.72 , 2350.25 , 353.11 , -44.8887 , 1298.07
2920 , 0 , 1209.8 , 2350.46 , 353.122 , -44.8823 , 1298.03
2921 , 0 , 1209.87 , 2350.67 , 353.134 , -44.8758 , 1297.98
2922 , 0 , 1209.94 , 2350.88 , 353.146 , -44.8693 , 1297.94
2923 , 0 , 1210.02 , 2351.1 , 353.158 , -44.8629 , 1297.89
2924 , 0 , 1210.09 , 2351.32 , 353.169 , -44.8564 , 1297.84
2925 , 0 , 1210.17 , 2351.54 , 353.181 , -44.8499 , 1297.8
2926 , 0 , 1210.25 , 2351.77 , 353.193 , -44.8434 , 1297.75
2927 , 0 , 1210.32 , 2352 , 353.204 , -44.837 , 1297.7
2928 , 0 , 1210.4 , 2352.23 , 353.216 , -44.8305 , 1297.65
2929 , 0 , 1210.47 , 2352.46 , 353.227 , -44.824 , 1297.6
2930 , 0 , 1210.55 , 2352.7 , 353.238 , -44.8175 , 1297.55
2931 , 0 , 1210.63 , 2352.94 , 353.25 , -44.811 , 1297.5
2932 , 0 , 1210.71 , 2353.19 , 353.261 , -44.8045 , 1297.45
2933 , 0 , 1210.79 , 2353.43 , 353.272 , -44.798 , 1297.4
2934 , 0 , 1210.86 , 2353.69 , 353.283 , -44.7916 , 1297.34
2935 , 0 , 1210.94 , 2353.94 , 353.294 , -44.7851 , 1297.29
2936 , 0 , 1211.02 , 2354.19 , 353.306 , -44.7786 , 1297.23
2937 , 0 , 1211.1 , 2354.45 , 353.317 , -44.7721 , 1297.18
2938 , 0 , 1211.18 , 2354.72 , 353.328 , -44.7655 , 1297.12
2939 , 0 , 1211.26 , 2354.98 , 353.339 , -44.759 , 1297.07
2940 , 0 , 1211.34 , 2355.25 , 353.349 , -44.7525 , 1297.01
2941 , 0 , 1211.43 , 2355.52 , 353.36 , -44.746 , 1296.95
2942 , 0 , 1211.51 , 2355.8 , 353.371 , -44.7395 , 1296.9
2943 , 0 , 1211.59 , 2356.07 , 353.382 , -44.733 , 1296.84
2944 , 0 , 1211.67 , 2356.35 , 353.392 , -44.7264 , 1296.78
2945 , 0 , 1211.76 , 2356.64 , 353.403 , -44.7199 , 1296.72
2946 , 0 , 1211.84 , 2356.92 , 353.413 , -44.7134 , 1296.66
2947 , 0 , 1211.92 , 2357.21 , 353.424 , -44.7069 , 1296.6
2948 , 0 , 1212.01 , 2357.5 , 353.434 , -44.7003 , 1296.53
2949 , 0 , 1212.09 , 2357.8 , 353.445 , -44.6938 , 1296.47
2950 , 0 , 1212.17 , 2358.1 , 353.455 , -44.6872 , 1296.41
2951 , 0 , 1212.26 , 2358.4 , 353.465 , -44.6807 , 1296.35
2952 , 0 , 1212.34 , 2358.7 , 353.475 , -44.6741 , 1296.28
2953 , 0 , 1212.43 , 2359 , 353.486 , -44.6676 , 1296.22
2954 , 0 , 1212.51 , 2359.31 , 353.496 , -44.661 , 1296.15
2955 , 0 , 1212.6 , 2359.62 , 353.506 , -44.6545 , 1296.09
2956 , 0 , 1212.69 , 2359.94 , 353.516 , -44.6479 , 1296.02
2957 , 0 , 1212.77 , 2360.25 , 353.526 , -44.6414 , 1295.95
2958 , 0 , 1212.86 , 2360.57 , 353.536 , -44.6348 , 1295.89
2959 , 0 , 1212.95 , 2360.9 , 353.545 , -44.6283 , 1295.82
2960 , 0 , 1213.04 , 2361.22 , 353.555 , -44.6217 , 1295.75
2961 , 0 , 1213.12 , 2361.55 , 353.565 , -44.6151 , 1295.68
2962 , 0 , 1213.21 , 2361.88 , 353.575 , -44.6086 , 1295.61
2963 , 0 , 1213.3 , 2362.21 , 353.584 , -44.602 , 1295.54
2964 , 0 , 1213.39 , 2362.54 , 353.594 , -44.5955 , 1295.47
2965 , 0 , 1213.48 , 2362.88 , 353.603 , -44.5889 , 1295.4
2966 , 0 , 1213.57 , 2363.22 , 353.613 , -44.5823 , 1295.33
2967 , 0 , 1213.66 , 2363.56 , 353.622 , -44.5757 , 1295.26
2968 , 0 , 1213.75 , 2363.9 , 353.632 , -44.5692 , 1295.19
2969 , 0 , 1213.84 , 2364.25 , 353.641 , -44.5626 , 1295.11
2970 , 0 , 1213.93 , 2364.6 , 353.65 , -44.556 , 1295.04
2971 , 0 , 1214.02 , 2364.95 , 353.659 , -44.5494 , 1294.96
2972 , 0 , 1214.11 , 2365.3 , 353.668 , -44.5429 , 1294.89
2973 , 0 , 1214.2 , 2365.66 , 353.678 , -44.5363 , 1294.82
2974 , 0 , 1214.29 , 2366.02 , 353.687 , -44.5297 , 1294.74
2975 , 0 , 1214.38 , 2366.38 , 353.696 , -44.5231 , 1294.66
2976 , 0 , 1214.47 , 2366.74 , 353.705 , -44.5165 , 1294.59
2977 , 0 , 1214.56 , 2367.1 , 353.713 , -44.51 , 1294.51
2978 , 0 , 1214.66 , 2367.47 , 353.722 , -44.5034 , 1294.43
2979 , 0 , 1214.75 , 2367.84 , 353.731 , -44.4968 , 1294.36
2980 , 0 , 1214.84 , 2368.21 , 353.74 , -44.4902 , 1294.28
2981 , 0 , 1214.93 , 2368.58 , 353.749 , -44.4836 , 1294.2
2982 , 0 , 1215.03 , 2368.95 , 353.757 , -44.477 , 1294.12
2983 , 0 , 1215.12 , 2369.33 , 353.766 , -44.4704 , 1294.04
2984 , 0 , 1215.21 , 2369.7 , 353.774 , -44.4638 , 1293.96
2985 , 0 , 1215.31 , 2370.08 , 353.783 , -44.4572 , 1293.88
2986 , 0 , 1215.4 , 2370.46 , 353.791 , -44.4506 , 1293.8
2987 , 0 , 1215.49 , 2370.84 , 353.8 , -44.444 , 1293.72
2988 , 0 , 1215.59 , 2371.23 , 353.808 , -44.4373 , 1293.64
2989 , 0 , 1215.68 , 2371.61 , 353.816 , -44.4307 , 1293.56
2990 , 0 , 1215.78 , 2372 , 353.825 , -44.4241 , 1293.48
2991 , 0 , 1215.87 , 2372.39 , 353.833 , -44.4175 , 1293.4
2992 , 0 , 1215.96 , 2372.78 , 353.841 , -44.4108 , 1293.32
2993 , 0 , 1216.06 , 2373.17 , 353.849 , -44.4042 , 1293.23
2994 , 0 , 1216.15 , 2373.56 , 353.857 , -44.3975 , 1293.15
2995 , 0 , 1216.25 , 2373.96 , 353.865 , -44.3909 , 1293.07
2996 , 0 , 1216.34 , 2374.35 , 353.873 , -44.3842 , 1292.99
2997 , 0 , 1216.44 , 2374.75 , 353.881 , -44.3776 , 1292.9
2998 , 0 , 1216.53 , 2375.15 , 353.889 , -44.3709 , 1292.82
2999 , 0 , 1216.63 , 2375.55 , 353.897 , -44.3643 , 1292.73
3000 , 0 , 1216.72 , 2375.95 , 353.904 , -44.3576 , 1292.65
3001 , 0 , 1216.82 , 2376.35 , 353.912 , -44.3509 , 1292.57
3002 , 0 , 1216.92 , 2376.75 , 353.92 , -44.3442 , 1292.48
3003 , 0 , 1217.01 , 2377.16 , 353.927 , -44.3375 , 1292.4
3004 , 0 , 1217.11 , 2377.57 , 353.935 , -44.3308 , 1292.31
3005 , 0 , 1217.2 , 2377.97 , 353.943 , -44.3241 , 1292.22
3006 , 0 , 1217.3 , 2378.38 , 353.95 , -44.3174 , 1292.14
3007 , 0 , 1217.4 , 2378.79 , 353.957 , -44.3106 , 1292.05
3008 , 0 , 1217.49 , 2379.21 , 353.965 , -44.3039 , 1291.97
3009 , 0 , 1217.59 , 2379.62 , 353.972 , -44.2972 , 1291.88
3010 , 0 , 1217.69 , 2380.03 , 353.979 , -44.2904 , 1291.79
3011 , 0 , 1217.78 , 2380.45 , 353.987 , -44.2836 , 1291.7
3012 , 0 , 1217.88 , 2380.87 , 353.994 , -44.2769 , 1291.62
3013 , 0 , 1217.98 , 2381.28 , 354.001 , -44.2701 , 1291.53
3014 , 0 , 1218.07 , 2381.7 , 354.008 , -44.2633 , 1291.44
3015 , 0 , 1218.17 , 2382.12 , 354.015 , -44.2565 , 1291.35
3016 , 0 , 1218.27 , 2382.54 , 354.022 , -44.2497 , 1291.27
3017 , 0 , 1218.37 , 2382.97 , 354.029 , -44.2428 , 1291.18
3018 , 0 , 1218.46 , 2383.39 , 354.036 , -44.236 , 1291.09
3019 , 0 , 1218.56 , 2383.81 , 354.043 , -44.2291 , 1291
3020 , 0 , 1218.66 , 2384.24 , 354.05 , -44.2223 , 1290.91
3021 , 0 , 1218.76 , 2384.66 , 354.057 , -44.2154 , 1290.82
3022 , 0 , 1218.85 , 2385.09 , 354.063 , -44.2085 , 1290.73
3023 , 0 , 1218.95 , 2385.52 , 354.07 , -44.2016 , 1290.65
3024 , 0 , 1219.05 , 2385.94 , 354.077 , -44.1947 , 1290.56
3025 , 0 , 1219.15 , 2386.37 , 354.083 , -44.1877 , 1290.47
3026 , 0 , 1219.24 , 2386.8 , 354.09 , -44.1808 , 1290.38
3027 , 0 , 1219.34 , 2387.23 , 354.096 , -44.1738 , 1290.29
3028 , 0 , 1219.44 , 2387.66 , 354.102 , -44.1668 , 1290.2
3029 , 0 , 1219.54 , 2388.09 , 354.109 , -44.1598 , 1290.11
3030 , 0 , 1219.63 , 2388.52 , 354.115 , -44.1528 , 1290.02
3031 , 0 , 1219.73 , 2388.95 , 354.121 , -44.1457 , 1289.93
3032 , 0 , 1219.83 , 2389.39 , 354.128 , -44.1387 , 1289.84
3033 , 0 , 1219.93 , 2389.82 , 354.134 , -44.1316 , 1289.75
3034 , 0 , 1220.02 , 2390.25 , 354.14 , -44.1245 , 1289.66
3035 , 0 , 1220.12 , 2390.68 , 354.146 , -44.1174 , 1289.57
3036 , 0 , 1220.22 , 2391.11 , 354.152 , -44.1103 , 1289.48
3037 , 0 , 1220.32 , 2391.54 , 354.158 , -44.1031 , 1289.39
3038 , 0 , 1220.41 , 2391.98 , 354.164 , -44.096 , 1289.3
3039 , 0 , 1220.51 , 2392.41 , 354.17 , -44.0888 , 1289.21
3040 , 0 , 1220.61 , 2392.84 , 354.176 , -44.0816 , 1289.12
3041 , 0 , 1220.71 , 2393.27 , 354.182 , -44.0744 , 1289.03
3042 , 0 , 1220.8 , 2393.7 , 354.188 , -44.0672 , 1288.94
3043 , 0 , 1220.9 , 2394.13 , 354.194 , -44.0599 , 1288.85
3044 , 0 , 1220.99 , 2394.56 , 354.2 , -44.0526 , 1288.77
3045 , 0 , 1221.09 , 2394.99 , 354.205 , -44.0453 , 1288.68
3046 , 0 , 1221.19 , 2395.42 , 354.211 , -44.038 , 1288.59
3047 , 0 , 1221.28 , 2395.85 , 354.217 , -44.0307 , 1288.5
3048 , 0 , 1221.38 , 2396.27 , 354.222 , -44.0234 , 1288.41
3049 , 0 , 1221.47 , 2396.7 , 354.228 , -44.016 , 1288.32
3050 , 0 , 1221.57 , 2397.13 , 354.234 , -44.0086 , 1288.23
3051 , 0 , 1221.66 , 2397.55 , 354.239 , -44.0012 , 1288.14
3052 , 0 , 1221.76 , 2397.97 , 354.245 , -43.9938 , 1288.06
3053 , 0 , 1221.85 , 2398.4 , 354.25 , -43.9863 , 1287.97
3054 , 0 , 1221.95 , 2398.82 , 354.256 , -43.9789 , 1287.88
3055 , 0 , 1222.04 , 2399.24 , 354.261 , -43.9714 , 1287.79
3056 , 0 , 1222.14 , 2399.65 , 354.267 , -43.9639 , 1287.71
3057 , 0 , 1222.23 , 2400.07 , 354.272 , -43.9564 , 1287.62
3058 , 0 , 1222.32 , 2400.49 , 354.277 , -43.9489 , 1287.53
3059 , 0 , 1222.42 , 2400.9 , 354.283 , -43.9413 , 1287.45
3060 , 0 , 1222.51 , 2401.31 , 354.288 , -43.9337 , 1287.36
3061 , 0 , 1222.6 , 2401.72 , 354.293 , -43.9262 , 1287.28
3062 , 0 , 1222.69 , 2402.13 , 354.299 , -43.9186 , 1287.19
3063 , 0 , 1222.78 , 2402.54 , 354.304 , -43.9109 , 1287.11
3064 , 0 , 1222.87 , 2402.94 , 354.309 , -43.9033 , 1287.02
3065 , 0 , 1222.97 , 2403.35 , 354.315 , -43.8956 , 1286.94
3066 , 0 , 1223.06 , 2403.75 , 354.32 , -43.888 , 1286.85
3067 , 0 , 1223.15 , 2404.15 , 354.325 , -43.8803 , 1286.77
3068 , 0 , 1223.24 , 2404.54 , 354.33 , -43.8726 , 1286.69
3069 , 0 , 1223.32 , 2404.94 , 354.336 , -43.8649 , 1286.61
3070 , 0 , 1223.41 , 2405.33 , 354.341 , -43.8571 , 1286.52
3071 , 0 , 1223.5 , 2405.72 , 354.346 , -43.8494 , 1286.44
3072 , 0 , 1223.59 , 2406.11 , 354.351 , -43.8416 , 1286.36
3073 , 0 , 1223.68 , 2406.49 , 354.357 , -43.8338 , 1286.28
3074 , 0 , 1223.77 , 2406.88 , 354.362 , -43.8261 , 1286.2
3075 , 0 , 1223.85 , 2407.25 , 354.367 , -43.8183 , 1286.12
3076 , 0 , 1223.94 , 2407.63 , 354.372 , -43.8104 , 1286.04
3077 , 0 , 1224.02 , 2408.01 , 354.377 , -43.8026 , 1285.96
3078 , 0 , 1224.11 , 2408.38 , 354.383 , -43.7948 , 1285.89
3079 , 0 , 1224.19 , 2408.75 , 354.388 , -43.7869 , 1285.81
3080 , 0 , 1224.28 , 2409.11 , 354.393 , -43.779 , 1285.73
3081 , 0 , 1224.36 , 2409.47 , 354.398 , -43.7712 , 1285.66
3082 , 0 , 1224.45 , 2409.83 , 354.404 , -43.7633 , 1285.58
3083 , 0 , 1224.53 , 2410.19 , 354.409 , -43.7554 , 1285.5
3084 , 0 , 1224.61 , 2410.54 , 354.414 , -43.7475 , 1285.43
3085 , 0 , 1224.69 , 2410.89 , 354.419 , -43.7395 , 1285.36
3086 , 0 , 1224.77 , 2411.24 , 354.425 , -43.7316 , 1285.28
3087 , 0 , 1224.86 , 2411.58 , 354.43 , -43.7237 , 1285.21
3088 , 0 , 1224.94 , 2411.92 , 354.435 , -43.7157 , 1285.14
3089 , 0 , 1225.02 , 2412.26 , 354.441 , -43.7078 , 1285.07
3090 , 0 , 1225.09 , 2412.59 , 354.446 , -43.6998 , 1284.99
3091 , 0 , 1225.17 , 2412.92 , 354.451 , -43.6918 , 1284.92
3092 , 0 , 1225.25 , 2413.25 , 354.457 , -43.6838 , 1284.86
3093 , 0 , 1225.33 , 2413.57 , 354.462 , -43.6759 , 1284.79
3094 , 0 , 1225.41 , 2413.89 , 354.468 , -43.6679 , 1284.72
3095 , 0 , 1225.48 , 2414.2 , 354.473 , -43.6599 , 1284.65
3096 , 0 , 1225.56 , 2414.51 , 354.479 , -43.6519 , 1284.58
3097 , 0 , 1225.63 , 2414.82 , 354.484 , -43.6439 , 1284.52
3098 , 0 , 1225.71 , 2415.12 , 354.49 , -43.6359 , 1284.45
3099 , 0 , 1225.78 , 2415.42 , 354.495 , -43.6278 , 1284.39
3100 , 0 , 1225.85 , 2415.72 , 354.501 , -43.6198 , 1284.33
3101 , 0 , 1225.93 , 2416.01 , 354.506 , -43.6118 , 1284.26
3102 , 0 , 1226 , 2416.3 , 354.512 , -43.6038 , 1284.2
3103 , 0 , 1226.07 , 2416.58 , 354.518 , -43.5958 , 1284.14
3104 , 0 , 1226.14 , 2416.86 , 354.523 , -43.5877 , 1284.08
3105 , 0 , 1226.21 , 2417.13 , 354.529 , -43.5797 , 1284.02
3106 , 0 , 1226.28 , 2417.4 , 354.535 , -43.5717 , 1283.96
3107 , 0 , 1226.35 , 2417.67 , 354.541 , -43.5637 , 1283.9
3108 , 0 , 1226.42 , 2417.93 , 354.547 , -43.5556 , 1283.84
3109 , 0 , 1226.48 , 2418.19 , 354.553 , -43.5476 , 1283.79
3110 , 0 , 1226.55 , 2418.44 , 354.558 , -43.5396 , 1283.73
3111 , 0 , 1226.62 , 2418.69 , 354.564 , -43.5316 , 1283.68
3112 , 0 , 1226.68 , 2418.93 , 354.57 , -43.5236 , 1283.62
3113 , 0 , 1226.75 , 2419.17 , 354.576 , -43.5155 , 1283.57
3114 , 0 , 1226.81 , 2419.41 , 354.583 , -43.5075 , 1283.52
3115 , 0 , 1226.87 , 2419.64 , 354.589 , -43.4995 , 1283.47
3116 , 0 , 1226.94 , 2419.86 , 354.595 , -43.4915 , 1283.42
3117 , 0 , 1227 , 2420.08 , 354.601 , -43.4835 , 1283.37
3118 , 0 , 1227.06 , 2420.3 , 354.607 , -43.4755 , 1283.32
3119 , 0 , 1227.12 , 2420.51 , 354.614 , -43.4676 , 1283.27
3120 , 0 , 1227.18 , 2420.72 , 354.62 , -43.4596 , 1283.22
3121 , 0 , 1227.24 , 2420.92 , 354.626 , -43.4516 , 1283.18
3122 , 0 , 1227.3 , 2421.12 , 354.633 , -43.4436 , 1283.13
3123 , 0 , 1227.36 , 2421.32 , 354.639 , -43.4357 , 1283.09
3124 , 0 , 1227.41 , 2421.5 , 354.646 , -43.4277 , 1283.04
3125 , 0 , 1227.47 , 2421.69 , 354.652 , -43.4198 , 1283
3126 , 0 , 1227.53 , 2421.87 , 354.659 , -43.4119 , 1282.96
3127 , 0 , 1227.58 , 2422.04 , 354.666 , -43.404 , 1282.92
3128 , 0 , 1227.64 , 2422.21 , 354.672 , -43.3961 , 1282.88
3129 , 0 , 1227.69 , 2422.38 , 354.679 , -43.3882 , 1282.84
3130 , 0 , 1227.74 , 2422.54 , 354.686 , -43.3803 , 1282.8
3131 , 0 , 1227.8 , 2422.69 , 354.693 , -43.3724 , 1282.76
3132 , 0 , 1227.85 , 2422.84 , 354.7 , -43.3646 , 1282.73
3133 , 0 , 1227.9 , 2422.99 , 354.707 , -43.3567 , 1282.69
3134 , 0 , 1227.95 , 2423.13 , 354.714 , -43.3489 , 1282.66
3135 , 0 , 1228 , 2423.26 , 354.721 , -43.3411 , 1282.63
3136 , 0 , 1228.05 , 2423.4 , 354.728 , -43.3333 , 1282.59
3137 , 0 , 1228.1 , 2423.52 , 354.736 , -43.3255 , 1282.56
3138 , 0 , 1228.14 , 2423.64 , 354.743 , -43.3177 , 1282.53
3139 , 0 , 1228.19 , 2423.76 , 354.75 , -43.31 , 1282.5
3140 , 0 , 1228.24 , 2423.87 , 354.758 , -43.3022 , 1282.47
3141 , 0 , 1228.28 , 2423.98 , 354.765 , -43.2945 , 1282.45
3142 , 0 , 1228.33 , 2424.08 , 354.773 , -43.2868 , 1282.42
3143 , 0 , 1228.37 , 2424.18 , 354.78 , -43.2791 , 1282.39
3144 , 0 , 1228.41 , 2424.27 , 354.788 , -43.2715 , 1282.37
3145 , 0 , 1228.46 , 2424.36 , 354.796 , -43.2638 , 1282.34
3146 , 0 , 1228.5 , 2424.44 , 354.803 , -43.2562 , 1282.32
3147 , 0 , 1228.54 , 2424.52 , 354.811 , -43.2486 , 1282.3
3148 , 0 , 1228.58 , 2424.59 , 354.819 , -43.241 , 1282.28
3149 , 0 , 1228.62 , 2424.66 , 354.827 , -43.2334 , 1282.26
3150 , 0 , 1228.66 , 2424.72 , 354.835 , -43.2259 , 1282.24
3151 , 0 , 1228.7 , 2424.78 , 354.843 , -43.2184 , 1282.22
3152 , 0 , 1228.74 , 2424.83 , 354.851 , -43.2109 , 1282.2
3153 , 0 , 1228.77 , 2424.88 , 354.86 , -43.2034 , 1282.19
3154 , 0 , 1228.81 , 2424.92 , 354.868 , -43.1959 , 1282.17
3155 , 0 , 1228.85 , 2424.96 , 354.876 , -43.1885 , 1282.16
3156 , 0 , 1228.88 , 2425 , 354.885 , -43.1811 , 1282.14
3157 , 0 , 1228.92 , 2425.03 , 354.893 , -43.1737 , 1282.13
3158 , 0 , 1228.95 , 2425.05 , 354.902 , -43.1664 , 1282.12
3159 , 0 , 1228.98 , 2425.07 , 354.91 , -43.159 , 1282.11
3160 , 0 , 1229.02 , 2425.08 , 354.919 , -43.1517 , 1282.1
3161 , 0 , 1229.05 , 2425.1 , 354.928 , -43.1444 , 1282.09
3162 , 0 , 1229.08 , 2425.1 , 354.937 , -43.1372 , 1282.08
3163 , 0 , 1229.11 , 2425.1 , 354.946 , -43.13 , 1282.07
3164 , 0 , 1229.14 , 2425.1 , 354.955 , -43.1228 , 1282.07
3165 , 0 , 1229.17 , 2425.09 , 354.964 , -43.1156 , 1282.06
3166 , 0 , 1229.2 , 2425.08 , 354.973 , -43.1084 , 1282.06
3167 , 0 , 1229.23 , 2425.06 , 354.982 , -43.1013 , 1282.05
3168 , 0 , 1229.25 , 2425.04 , 354.991 , -43.0942 , 1282.05
3169 , 0 , 1229.28 , 2425.01 , 355 , -43.0872 , 1282.05
3170 , 0 , 1229.31 , 2424.98 , 355.01 , -43.0801 , 1282.05
3171 , 0 , 1229.33 , 2424.95 , 355.019 , -43.0731 , 1282.05
3172 , 0 , 1229.36 , 2424.91 , 355.029 , -43.0662 , 1282.05
3173 , 0 , 1229.38 , 2424.86 , 355.038 , -43.0592 , 1282.05
3174 , 0 , 1229.4 , 2424.81 , 355.048 , -43.0523 , 1282.05
3175 , 0 , 1229.43 , 2424.76 , 355.057 , -43.0455 , 1282.06
3176 , 0 , 1229.45 , 2424.7 , 355.067 , -43.0386 , 1282.06
3177 , 0 , 1229.47 , 2424.64 , 355.077 , -43.0318 , 1282.07
3178 , 0 , 1229.49 , 2424.58 , 355.087 , -43.025 , 1282.07
3179 , 0 , 1229.51 , 2424.51 , 355.097 , -43.0183 , 1282.08
3180 , 0 , 1229.53 , 2424.43 , 355.107 , -43.0116 , 1282.09
3181 , 0 , 1229.55 , 2424.35 , 355.117 , -43.0049 , 1282.1
3182 , 0 , 1229.57 , 2424.27 , 355.127 , -42.9982 , 1282.11
3183 , 0 , 1229.59 , 2424.18 , 355.137 , -42.9916 , 1282.12
3184 , 0 , 1229.61 , 2424.09 , 355.148 , -42.985 , 1282.13
3185 , 0 , 1229.63 , 2424 , 355.158 , -42.9785 , 1282.14
3186 , 0 , 1229.64 , 2423.9 , 355.168 , -42.972 , 1282.15
3187 , 0 , 1229.66 , 2423.79 , 355.179 , -42.9655 , 1282.17
3188 , 0 , 1229.68 , 2423.69 , 355.189 , -42.9591 , 1282.18
3189 , 0 , 1229.69 , 2423.57 , 355.2 , -42.9527 , 1282.2
3190 , 0 , 1229.71 , 2423.46 , 355.211 , -42.9463 , 1282.21
3191 , 0 , 1229.72 , 2423.34 , 355.222 , -42.94 , 1282.23
3192 , 0 , 1229.73 , 2423.22 , 355.232 , -42.9337 , 1282.25
3193 , 0 , 1229.75 , 2423.09 , 355.243 , -42.9274 , 1282.27
3194 , 0 , 1229.76 , 2422.96 , 355.254 , -42.9212 , 1282.29
3195 , 0 , 1229.77 , 2422.83 , 355.265 , -42.915 , 1282.31
3196 , 0 , 1229.78 , 2422.69 , 355.276 , -42.9088 , 1282.33
3197 , 0 , 1229.79 , 2422.55 , 355.287 , -42.9027 , 1282.35
3198 , 0 , 1229.81 , 2422.41 , 355.298 , -42.8966 , 1282.37
3199 , 0 , 1229.82 , 2422.26 , 355.31 , -42.8906 , 1282.39
3200 , 0 , 1229.83 , 2422.11 , 355.321 , -42.8846 , 1282.42
3201 , 0 , 1229.83 , 2421.95 , 355.332 , -42.8786 , 1282.44
3202 , 0 , 1229.84 , 2421.79 , 355.344 , -42.8727 , 1282.47
3203 , 0 , 1229.85 , 2421.63 , 355.355 , -42.8668 , 1282.49
3204 , 0 , 1229.86 , 2421.46 , 355.367 , -42.861 , 1282.52
3205 , 0 , 1229.87 , 2421.3 , 355.379 , -42.8551 , 1282.55
3206 , 0 , 1229.87 , 2421.12 , 355.39 , -42.8494 , 1282.57
3207 , 0 , 1229.88 , 2420.95 , 355.402 , -42.8436 , 1282.6
3208 , 0 , 1229.89 , 2420.77 , 355.414 , -42.8379 , 1282.63
3209 , 0 , 1229.89 , 2420.59 , 355.426 , -42.8323 , 1282.66
3210 , 0 , 1229.9 , 2420.41 , 355.438 , -42.8267 , 1282.69
3211 , 0 , 1229.9 , 2420.22 , 355.449 , -42.8211 , 1282.72
3212 , 0 , 1229.91 , 2420.03 , 355.462 , -42.8155 , 1282.75
3213 , 0 , 1229.91 , 2419.83 , 355.474 , -42.81 , 1282.79
3214 , 0 , 1229.92 , 2419.64 , 355.486 , -42.8046 , 1282.82
3215 , 0 , 1229.92 , 2419.44 , 355.498 , -42.7992 , 1282.85
3216 , 0 , 1229.92 , 2419.24 , 355.51 , -42.7938 , 1282.89
3217 , 0 , 1229.92 , 2419.03 , 355.523 , -42.7884 , 1282.92
3218 , 0 , 1229.93 , 2418.83 , 355.535 , -42.7831 , 1282.96
3219 , 0 , 1229.93 , 2418.62 , 355.547 , -42.7779 , 1282.99
3220 , 0 , 1229.93 , 2418.4 , 355.56 , -42.7726 , 1283.03
3221 , 0 , 1229.93 , 2418.19 , 355.572 , -42.7675 , 1283.07
3222 , 0 , 1229.93 , 2417.97 , 355.585 , -42.7623 , 1283.1
3223 , 0 , 1229.93 , 2417.75 , 355.597 , -42.7572 , 1283.14
3224 , 0 , 1229.93 , 2417.53 , 355.61 , -42.7522 , 1283.18
3225 , 0 , 1229.93 , 2417.3 , 355.623 , -42.7471 , 1283.22
3226 , 0 , 1229.93 , 2417.07 , 355.636 , -42.7422 , 1283.26
3227 , 0 , 1229.93 , 2416.84 , 355.648 , -42.7372 , 1283.3
3228 , 0 , 1229.93 , 2416.61 , 355.661 , -42.7323 , 1283.34
3229 , 0 , 1229.93 , 2416.38 , 355.674 , -42.7275 , 1283.38
3230 , 0 , 1229.93 , 2416.14 , 355.687 , -42.7227 , 1283.42
3231 , 0 , 1229.93 , 2415.9 , 355.7 , -42.7179 , 1283.47
3232 , 0 , 1229.92 , 2415.66 , 355.713 , -42.7131 , 1283.51
3233 , 0 , 1229.92 , 2415.42 , 355.726 , -42.7084 , 1283.55
3234 , 0 , 1229.92 , 2415.18 , 355.74 , -42.7038 , 1283.6
3235 , 0 , 1229.92 , 2414.93 , 355.753 , -42.6992 , 1283.64
3236 , 0 , 1229.91 , 2414.68 , 355.766 , -42.6946 , 1283.68
3237 , 0 , 1229.91 , 2414.43 , 355.779 , -42.69 , 1283.73
3238 , 0 , 1229.91 , 2414.18 , 355.793 , -42.6855 , 1283.77
3239 , 0 , 1229.9 , 2413.93 , 355.806 , -42.6811 , 1283.82
3240 , 0 , 1229.9 , 2413.67 , 355.819 , -42.6767 , 1283.87
3241 , 0 , 1229.89 , 2413.41 , 355.833 , -42.6723 , 1283.91
3242 , 0 , 1229.89 , 2413.15 , 355.846 , -42.668 , 1283.96
3243 , 0 , 1229.89 , 2412.89 , 355.86 , -42.6637 , 1284.01
3244 , 0 , 1229.88 , 2412.63 , 355.873 , -42.6594 , 1284.05
3245 , 0 , 1229.88 , 2412.37 , 355.887 , -42.6552 , 1284.1
3246 , 0 , 1229.87 , 2412.1 , 355.901 , -42.651 , 1284.15
3247 , 0 , 1229.86 , 2411.84 , 355.914 , -42.6469 , 1284.2
3248 , 0 , 1229.86 , 2411.57 , 355.928 , -42.6428 , 1284.25
3249 , 0 , 1229.85 , 2411.3 , 355.942 , -42.6387 , 1284.3
3250 , 0 , 1229.85 , 2411.03 , 355.956 , -42.6347 , 1284.35
3251 , 0 , 1229.84 , 2410.76 , 355.969 , -42.6307 , 1284.4
3252 , 0 , 1229.84 , 2410.49 , 355.983 , -42.6268 , 1284.45
3253 , 0 , 1229.83 , 2410.21 , 355.997 , -42.6229 , 1284.5
3254 , 0 , 1229.82 , 2409.94 , 356.011 , -42.619 , 1284.55
3255 , 0 , 1229.82 , 2409.66 , 356.025 , -42.6152 , 1284.6
3256 , 0 , 1229.81 , 2409.39 , 356.039 , -42.6114 , 1284.65
3257 , 0 , 1229.8 , 2409.11 , 356.053 , -42.6076 , 1284.7
3258 , 0 , 1229.79 , 2408.83 , 356.067 , -42.6039 , 1284.75
3259 , 0 , 1229.79 , 2408.55 , 356.081 , -42.6003 , 1284.8
3260 , 0 , 1229.78 , 2408.27 , 356.095 , -42.5966 , 1284.86
3261 , 0 , 1229.77 , 2407.99 , 356.11 , -42.593 , 1284.91
3262 , 0 , 1229.77 , 2407.71 , 356.124 , -42.5895 , 1284.96
3263 , 0 , 1229.76 , 2407.43 , 356.138 , -42.586 , 1285.01
3264 , 0 , 1229.75 , 2407.15 , 356.152 , -42.5825 , 1285.06
3265 , 0 , 1229.74 , 2406.86 , 356.166 , -42.5791 , 1285.12
3266 , 0 , 1229.74 , 2406.58 , 356.181 , -42.5757 , 1285.17
3267 , 0 , 1229.73 , 2406.3 , 356.195 , -42.5723 , 1285.22
3268 , 0 , 1229.72 , 2406.01 , 356.209 , -42.569 , 1285.28
3269 , 0 , 1229.71 , 2405.72 , 356.224 , -42.5657 , 1285.33
3270 , 0 , 1229.7 , 2405.44 , 356.238 , -42.5624 , 1285.39
3271 , 0 , 1229.7 , 2405.15 , 356.252 , -42.5592 , 1285.44
3272 , 0 , 1229.69 , 2404.87 , 356.267 , -42.556 , 1285.49
3273 , 0 , 1229.68 , 2404.58 , 356.281 , -42.5529 , 1285.55
3274 , 0 , 1229.67 , 2404.29 , 356.296 , -42.5498 , 1285.6
3275 , 0 , 1229.66 , 2404.01 , 356.31 , -42.5467 , 1285.65
3276 , 0 , 1229.66 , 2403.72 , 356.325 , -42.5437 , 1285.71
3277 , 0 , 1229.65 , 2403.43 , 356.339 , -42.5407 , 1285.76
3278 , 0 , 1229.64 , 2403.15 , 356.354 , -42.5377 , 1285.82
3279 , 0 , 1229.63 , 2402.86 , 356.368 , -42.5348 , 1285.87
3280 , 0 , 1229.62 , 2402.57 , 356.383 , -42.5319 , 1285.93
3281 , 0 , 1229.61 , 2402.28 , 356.397 , -42.5291 , 1285.98
3282 , 0 , 1229.61 , 2402 , 356.412 , -42.5262 , 1286.04
3283 , 0 , 1229.6 , 2401.71 , 356.427 , -42.5235 , 1286.09
3284 , 0 , 1229.59 , 2401.42 , 356.441 , -42.5207 , 1286.15
3285 , 0 , 1229.58 , 2401.14 , 356.456 , -42.518 , 1286.2
3286 , 0 , 1229.57 , 2400.85 , 356.47 , -42.5153 , 1286.25
3287 , 0 , 1229.57 , 2400.56 , 356.485 , -42.5127 , 1286.31
3288 , 0 , 1229.56 , 2400.28 , 356.5 , -42.5101 , 1286.36
3289 , 0 , 1229.55 , 2399.99 , 356.514 , -42.5075 , 1286.42
3290 , 0 , 1229.54 , 2399.71 , 356.529 , -42.505 , 1286.47
3291 , 0 , 1229.53 , 2399.42 , 356.544 , -42.5024 , 1286.53
3292 , 0 , 1229.53 , 2399.14 , 356.559 , -42.5 , 1286.58
3293 , 0 , 1229.52 , 2398.85 , 356.573 , -42.4975 , 1286.64
3294 , 0 , 1229.51 , 2398.57 , 356.588 , -42.4951 , 1286.69
3295 , 0 , 1229.5 , 2398.29 , 356.603 , -42.4927 , 1286.75
3296 , 0 , 1229.49 , 2398.01 , 356.617 , -42.4904 , 1286.8
3297 , 0 , 1229.49 , 2397.72 , 356.632 , -42.4881 , 1286.85
3298 , 0 , 1229.48 , 2397.44 , 356.647 , -42.4858 , 1286.91
3299 , 0 , 1229.47 , 2397.16 , 356.662 , -42.4836 , 1286.96
3300 , 0 , 1229.47 , 2396.88 , 356.677 , -42.4814 , 1287.02
3301 , 0 , 1229.46 , 2396.6 , 356.691 , -42.4792 , 1287.07
3302 , 0 , 1229.45 , 2396.33 , 356.706 , -42.4771 , 1287.12
3303 , 0 , 1229.44 , 2396.05 , 356.721 , -42.475 , 1287.18
3304 , 0 , 1229.44 , 2395.77 , 356.736 , -42.4729 , 1287.23
3305 , 0 , 1229.43 , 2395.5 , 356.75 , -42.4708 , 1287.28
3306 , 0 , 1229.42 , 2395.22 , 356.765 , -42.4688 , 1287.34
3307 , 0 , 1229.42 , 2394.95 , 356.78 , -42.4668 , 1287.39
3308 , 0 , 1229.41 , 2394.68 , 356.795 , -42.4649 , 1287.44
3309 , 0 , 1229.41 , 2394.4 , 356.809 , -42.463 , 1287.5
3310 , 0 , 1229.4 , 2394.13 , 356.824 , -42.4611 , 1287.55
3311 , 0 , 1229.39 , 2393.86 , 356.839 , -42.4592 , 1287.6
3312 , 0 , 1229.39 , 2393.59 , 356.854 , -42.4574 , 1287.65
3313 , 0 , 1229.38 , 2393.33 , 356.869 , -42.4556 , 1287.71
3314 , 0 , 1229.38 , 2393.06 , 356.883 , -42.4538 , 1287.76
3315 , 0 , 1229.37 , 2392.79 , 356.898 , -42.4521 , 1287.81
3316 , 0 , 1229.37 , 2392.53 , 356.913 , -42.4503 , 1287.86
3317 , 0 , 1229.36 , 2392.27 , 356.928 , -42.4487 , 1287.91
3318 , 0 , 1229.36 , 2392 , 356.942 , -42.447 , 1287.96
3319 , 0 , 1229.35 , 2391.74 , 356.957 , -42.4454 , 1288.01
3320 , 0 , 1229.35 , 2391.49 , 356.972 , -42.4438 , 1288.06
3321 , 0 , 1229.34 , 2391.23 , 356.987 , -42.4422 , 1288.11
3322 , 0 , 1229.34 , 2390.97 , 357.001 , -42.4407 , 1288.16
3323 , 0 , 1229.33 , 2390.72 , 357.016 , -42.4392 , 1288.21
3324 , 0 , 1229.33 , 2390.46 , 357.031 , -42.4377 , 1288.26
3325 , 0 , 1229.33 , 2390.21 , 357.045 , -42.4363 , 1288.31
3326 , 0 , 1229.32 , 2389.96 , 357.06 , -42.4348 , 1288.36
3327 , 0 , 1229.32 , 2389.71 , 357.075 , -42.4334 , 1288.41
3328 , 0 , 1229.32 , 2389.46 , 357.089 , -42.4321 , 1288.46
3329 , 0 , 1229.31 , 2389.21 , 357.104 , -42.4307 , 1288.51
3330 , 0 , 1229.31 , 2388.97 , 357.119 , -42.4294 , 1288.56
3331 , 0 , 1229.31 , 2388.72 , 357.133 , -42.4281 , 1288.6
3332 , 0 , 1229.3 , 2388.48 , 357.148 , -42.4269 , 1288.65
3333 , 0 , 1229.3 , 2388.24 , 357.163 , -42.4256 , 1288.7
3334 , 0 , 1229.3 , 2388 , 357.177 , -42.4244 , 1288.75
3335 , 0 , 1229.3 , 2387.76 , 357.192 , -42.4233 , 1288.79
3336 , 0 , 1229.3 , 2387.53 , 357.206 , -42.4221 , 1288.84
3337 , 0 , 1229.29 , 2387.29 , 357.221 , -42.421 , 1288.88
3338 , 0 , 1229.29 , 2387.06 , 357.236 , -42.4199 , 1288.93
3339 , 0 , 1229.29 , 2386.83 , 357.25 , -42.4188 , 1288.98
3340 , 0 , 1229.29 , 2386.6 , 357.265 , -42.4178 , 1289.02
3341 , 0 , 1229.29 , 2386.38 , 357.279 , -42.4167 , 1289.07
3342 , 0 , 1229.29 , 2386.15 , 357.294 , -42.4157 , 1289.11
3343 , 0 , 1229.29 , 2385.93 , 357.308 , -42.4148 , 1289.15
3344 , 0 , 1229.29 , 2385.7 , 357.322 , -42.4138 , 1289.2
3345 , 0 , 1229.29 , 2385.48 , 357.337 , -42.4129 , 1289.24
3346 , 0 , 1229.29 , 2385.27 , 357.351 , -42.412 , 1289.28
3347 , 0 , 1229.29 , 2385.05 , 357.366 , -42.4112 , 1289.33
3348 , 0 , 1229.29 , 2384.83 , 357.38 , -42.4103 , 1289.37
3349 , 0 , 1229.29 , 2384.62 , 357.394 , -42.4095 , 1289.41
3350 , 0 , 1229.3 , 2384.41 , 357.409 , -42.4087 , 1289.45
3351 , 0 , 1229.3 , 2384.2 , 357.423 , -42.4079 , 1289.49
3352 , 0 , 1229.3 , 2383.99 , 357.437 , -42.4072 , 1289.53
3353 , 0 , 1229.3 , 2383.79 , 357.451 , -42.4065 , 1289.57
3354 , 0 , 1229.3 , 2383.59 , 357.466 , -42.4058 , 1289.61
3355 , 0 , 1229.31 , 2383.38 , 357.48 , -42.4051 , 1289.65
3356 , 0 , 1229.31 , 2383.19 , 357.494 , -42.4044 , 1289.69
3357 , 0 , 1229.31 , 2382.99 , 357.508 , -42.4038 , 1289.73
3358 , 0 , 1229.32 , 2382.79 , 357.522 , -42.4032 , 1289.77
3359 , 0 , 1229.32 , 2382.6 , 357.537 , -42.4026 , 1289.81
3360 , 0 , 1229.32 , 2382.41 , 357.551 , -42.402 , 1289.85
3361 , 0 , 1229.33 , 2382.22 , 357.565 , -42.4015 , 1289.88
3362 , 0 , 1229.33 , 2382.03 , 357.579 , -42.401 , 1289.92
3363 , 0 , 1229.34 , 2381.85 , 357.593 , -42.4005 , 1289.96
3364 , 0 , 1229.34 , 2381.67 , 357.607 , -42.4 , 1289.99
3365 , 0 , 1229.35 , 2381.48 , 357.621 , -42.3996 , 1290.03
3366 , 0 , 1229.35 , 2381.31 , 357.635 , -42.3992 , 1290.06
3367 , 0 , 1229.36 , 2381.13 , 357.649 , -42.3988 , 1290.1
3368 , 0 , 1229.37 , 2380.95 , 357.663 , -42.3984 , 1290.13
3369 , 0 , 1229.37 , 2380.78 , 357.677 , -42.398 , 1290.17
3370 , 0 , 1229.38 , 2380.61 , 357.69 , -42.3977 , 1290.2
3371 , 0 , 1229.39 , 2380.44 , 357.704 , -42.3974 , 1290.23
3372 , 0 , 1229.39 , 2380.28 , 357.718 , -42.3971 , 1290.27
3373 , 0 , 1229.4 , 2380.12 , 357.732 , -42.3968 , 1290.3
3374 , 0 , 1229.41 , 2379.95 , 357.745 , -42.3965 , 1290.33
3375 , 0 , 1229.42 , 2379.8 , 357.759 , -42.3963 , 1290.36
3376 , 0 , 1229.42 , 2379.64 , 357.773 , -42.3961 , 1290.39
3377 , 0 , 1229.43 , 2379.48 , 357.786 , -42.3959 , 1290.42
3378 , 0 , 1229.44 , 2379.33 , 357.8 , -42.3957 , 1290.45
3379 , 0 , 1229.45 , 2379.18 , 357.814 , -42.3956 , 1290.48
3380 , 0 , 1229.46 , 2379.04 , 357.827 , -42.3954 , 1290.51
3381 , 0 , 1229.47 , 2378.89 , 357.841 , -42.3953 , 1290.54
3382 , 0 , 1229.48 , 2378.75 , 357.854 , -42.3952 , 1290.57
3383 , 0 , 1229.49 , 2378.61 , 357.868 , -42.3952 , 1290.6
3384 , 0 , 1229.5 , 2378.47 , 357.881 , -42.3951 , 1290.62
3385 , 0 , 1229.51 , 2378.33 , 357.894 , -42.3951 , 1290.65
3386 , 0 , 1229.52 , 2378.2 , 357.908 , -42.3951 , 1290.67
3387 , 0 , 1229.53 , 2378.07 , 357.921 , -42.3951 , 1290.7
3388 , 0 , 1229.55 , 2377.94 , 357.934 , -42.3951 , 1290.73
3389 , 0 , 1229.56 , 2377.81 , 357.948 , -42.3951 , 1290.75
3390 , 0 , 1229.57 , 2377.69 , 357.961 , -42.3952 , 1290.77
3391 , 0 , 1229.58 , 2377.57 , 357.974 , -42.3953 , 1290.8
3392 , 0 , 1229.6 , 2377.45 , 357.987 , -42.3954 , 1290.82
3393 , 0 , 1229.61 , 2377.33 , 358 , -42.3955 , 1290.84
3394 , 0 , 1229.62 , 2377.22 , 358.013 , -42.3956 , 1290.87
3395 , 0 , 1229.64 , 2377.1 , 358.026 , -42.3958 , 1290.89
3396 , 0 , 1229.65 , 2376.99 , 358.039 , -42.3959 , 1290.91
3397 , 0 , 1229.66 , 2376.89 , 358.052 , -42.3961 , 1290.93
3398 , 0 , 1229.68 , 2376.78 , 358.065 , -42.3963 , 1290.95
3399 , 0 , 1229.69 , 2376.68 , 358.078 , -42.3965 , 1290.97
3400 , 0 , 1229.71 , 2376.58 , 358.091 , -42.3968 , 1290.99
3401 , 0 , 1229.73 , 2376.48 , 358.104 , -42.397 , 1291.01
3402 , 0 , 1229.74 , 2376.39 , 358.117 , -42.3973 , 1291.03
3403 , 0 , 1229.76 , 2376.29 , 358.13 , -42.3976 , 1291.05
3404 , 0 , 1229.77 , 2376.2 , 358.142 , -42.3979 , 1291.06
3405 , 0 , 1229.79 , 2376.11 , 358.155 , -42.3982 , 1291.08
3406 , 0 , 1229.81 , 2376.03 , 358.168 , -42.3986 , 1291.1
3407 , 0 , 1229.83 , 2375.95 , 358.18 , -42.3989 , 1291.11
3408 , 0 , 1229.84 , 2375.86 , 358.193 , -42.3993 , 1291.13
3409 , 0 , 1229.86 , 2375.79 , 358.205 , -42.3997 , 1291.14
3410 , 0 , 1229.88 , 2375.71 , 358.218 , -42.4001 , 1291.16
3411 , 0 , 1229.9 , 2375.64 , 358.23 , -42.4005 , 1291.17
3412 , 0 , 1229.92 , 2375.57 , 358.242 , -42.4009 , 1291.18
3413 , 0 , 1229.94 , 2375.5 , 358.255 , -42.4014 , 1291.2
3414 , 0 , 1229.96 , 2375.43 , 358.267 , -42.4018 , 1291.21
3415 , 0 , 1229.98 , 2375.37 , 358.279 , -42.4023 , 1291.22
3416 , 0 , 1230 , 2375.31 , 358.292 , -42.4028 , 1291.23
3417 , 0 , 1230.02 , 2375.25 , 358.304 , -42.4033 , 1291.24
3418 , 0 , 1230.04 , 2375.2 , 358.316 , -42.4038 , 1291.25
3419 , 0 , 1230.06 , 2375.14 , 358.328 , -42.4044 , 1291.26
3420 , 0 , 1230.08 , 2375.09 , 358.34 , -42.4049 , 1291.27
3421 , 0 , 1230.1 , 2375.04 , 358.352 , -42.4055 , 1291.28
3422 , 0 , 1230.12 , 2375 , 358.364 , -42.406 , 1291.29
3423 , 0 , 1230.15 , 2374.95 , 358.376 , -42.4066 , 1291.29
3424 , 0 , 1230.17 , 2374.91 , 358.388 , -42.4072 , 1291.3
3425 , 0 , 1230.19 , 2374.87 , 358.4 , -42.4078 , 1291.31
3426 , 0 , 1230.21 , 2374.84 , 358.412 , -42.4084 , 1291.31
3427 , 0 , 1230.24 , 2374.81 , 358.423 , -42.4091 , 1291.32
3428 , 0 , 1230.26 , 2374.77 , 358.435 , -42.4097 , 1291.32
3429 , 0 , 1230.29 , 2374.75 , 358.447 , -42.4104 , 1291.33
3430 , 0 , 1230.31 , 2374.72 , 358.458 , -42.411 , 1291.33
3431 , 0 , 1230.34 , 2374.7 , 358.47 , -42.4117 , 1291.34
3432 , 0 , 1230.36 , 2374.67 , 358.482 , -42.4124 , 1291.34
3433 , 0 , 1230.39 , 2374.66 , 358.493 , -42.4131 , 1291.34
3434 , 0 , 1230.41 , 2374.64 , 358.504 , -42.4138 , 1291.34
3435 , 0 , 1230.44 , 2374.63 , 358.516 , -42.4145 , 1291.35
3436 , 0 , 1230.46 , 2374.61 , 358.527 , -42.4153 , 1291.35
3437 , 0 , 1230.49 , 2374.6 , 358.539 , -42.416 , 1291.35
3438 , 0 , 1230.52 , 2374.6 , 358.55 , -42.4168 , 1291.35
3439 , 0 , 1230.54 , 2374.59 , 358.561 , -42.4175 , 1291.35
3440 , 0 , 1230.57 , 2374.59 , 358.572 , -42.4183 , 1291.35
3441 , 0 , 1230.6 , 2374.59 , 358.583 , -42.4191 , 1291.34
3442 , 0 , 1230.63 , 2374.59 , 358.594 , -42.4198 , 1291.34
3443 , 0 , 1230.66 , 2374.6 , 358.605 , -42.4206 , 1291.34
3444 , 0 , 1230.68 , 2374.61 , 358.616 , -42.4214 , 1291.34
3445 , 0 , 1230.71 , 2374.62 , 358.627 , -42.4222 , 1291.33
3446 , 0 , 1230.74 , 2374.63 , 358.638 , -42.4231 , 1291.33
3447 , 0 , 1230.77 , 2374.64 , 358.649 , -42.4239 , 1291.32
3448 , 0 , 1230.8 , 2374.66 , 358.66 , -42.4247 , 1291.32
3449 , 0 , 1230.83 , 2374.68 , 358.671 , -42.4256 , 1291.31
3450 , 0 , 1230.86 , 2374.7 , 358.681 , -42.4264 , 1291.31
3451 , 0 , 1230.89 , 2374.73 , 358.692 , -42.4272 , 1291.3
3452 , 0 , 1230.92 , 2374.75 , 358.703 , -42.4281 , 1291.29
3453 , 0 , 1230.95 , 2374.78 , 358.713 , -42.429 , 1291.29
3454 , 0 , 1230.98 , 2374.81 , 358.724 , -42.4298 , 1291.28
3455 , 0 , 1231.02 , 2374.84 , 358.734 , -42.4307 , 1291.27
3456 , 0 , 1231.05 , 2374.88 , 358.745 , -42.4316 , 1291.26
3457 , 0 , 1231.08 , 2374.92 , 358.755 , -42.4325 , 1291.25
3458 , 0 , 1231.11 , 2374.95 , 358.765 , -42.4334 , 1291.24
3459 , 0 , 1231.14 , 2375 , 358.776 , -42.4343 , 1291.23
3460 , 0 , 1231.18 , 2375.04 , 358.786 , -42.4352 , 1291.22
3461 , 0 , 1231.21 , 2375.09 , 358.796 , -42.4361 , 1291.21
3462 , 0 , 1231.24 , 2375.13 , 358.806 , -42.437 , 1291.2
3463 , 0 , 1231.28 , 2375.19 , 358.816 , -42.4379 , 1291.19
3464 , 0 , 1231.31 , 2375.24 , 358.826 , -42.4388 , 1291.17
3465 , 0 , 1231.34 , 2375.29 , 358.836 , -42.4397 , 1291.16
3466 , 0 , 1231.38 , 2375.35 , 358.846 , -42.4406 , 1291.15
3467 , 0 , 1231.41 , 2375.41 , 358.856 , -42.4416 , 1291.13
3468 , 0 , 1231.45 , 2375.47 , 358.866 , -42.4425 , 1291.12
3469 , 0 , 1231.48 , 2375.53 , 358.876 , -42.4434 , 1291.11
3470 , 0 , 1231.52 , 2375.6 , 358.886 , -42.4443 , 1291.09
3471 , 0 , 1231.55 , 2375.66 , 358.895 , -42.4453 , 1291.07
3472 , 0 , 1231.59 , 2375.73 , 358.905 , -42.4462 , 1291.06
3473 , 0 , 1231.63 , 2375.8 , 358.915 , -42.4471 , 1291.04
3474 , 0 , 1231.66 , 2375.88 , 358.924 , -42.4481 , 1291.03
3475 , 0 , 1231.7 , 2375.95 , 358.934 , -42.449 , 1291.01
3476 , 0 , 1231.73 , 2376.03 , 358.943 , -42.4499 , 1290.99
3477 , 0 , 1231.77 , 2376.11 , 358.953 , -42.4509 , 1290.97
3478 , 0 , 1231.81 , 2376.19 , 358.962 , -42.4518 , 1290.95
3479 , 0 , 1231.84 , 2376.27 , 358.971 , -42.4527 , 1290.93
3480 , 0 , 1231.88 , 2376.35 , 358.981 , -42.4537 , 1290.92
3481 , 0 , 1231.92 , 2376.44 , 358.99 , -42.4546 , 1290.9
3482 , 0 , 1231.96 , 2376.53 , 358.999 , -42.4555 , 1290.88
3483 , 0 , 1232 , 2376.61 , 359.008 , -42.4565 , 1290.86
3484 , 0 , 1232.03 , 2376.71 , 359.017 , -42.4574 , 1290.83
3485 , 0 , 1232.07 , 2376.8 , 359.026 , -42.4583 , 1290.81
3486 , 0 , 1232.11 , 2376.89 , 359.035 , -42.4592 , 1290.79
3487 , 0 , 1232.15 , 2376.99 , 359.044 , -42.4602 , 1290.77
3488 , 0 , 1232.19 , 2377.09 , 359.053 , -42.4611 , 1290.75
3489 , 0 , 1232.23 , 2377.19 , 359.062 , -42.462 , 1290.73
3490 , 0 , 1232.27 , 2377.29 , 359.071 , -42.4629 , 1290.7
3491 , 0 , 1232.31 , 2377.39 , 359.08 , -42.4638 , 1290.68
3492 , 0 , 1232.34 , 2377.5 , 359.089 , -42.4647 , 1290.66
3493 , 0 , 1232.38 , 2377.6 , 359.097 , -42.4656 , 1290.63
3494 , 0 , 1232.42 , 2377.71 , 359.106 , -42.4665 , 1290.61
3495 , 0 , 1232.46 , 2377.82 , 359.114 , -42.4674 , 1290.58
3496 , 0 , 1232.5 , 2377.93 , 359.123 , -42.4683 , 1290.56
3497 , 0 , 1232.54 , 2378.04 , 359.132 , -42.4692 , 1290.53
3498 , 0 , 1232.58 , 2378.15 , 359.14 , -42.47 , 1290.51
3499 , 0 , 1232.63 , 2378.27 , 359.148 , -42.4709 , 1290.48
3500 , 0 , 1232.67 , 2378.38 , 359.157 , -42.4718 , 1290.45
3501 , 0 , 1232.71 , 2378.5 , 359.165 , -42.4727 , 1290.43
3502 , 0 , 1232.75 , 2378.62 , 359.173 , -42.4735 , 1290.4
3503 , 0 , 1232.79 , 2378.74 , 359.182 , -42.4744 , 1290.37
3504 , 0 , 1232.83 , 2378.86 , 359.19 , -42.4752 , 1290.35
3505 , 0 , 1232.87 , 2378.98 , 359.198 , -42.476 , 1290.32
3506 , 0 , 1232.91 , 2379.11 , 359.206 , -42.4769 , 1290.29
3507 , 0 , 1232.95 , 2379.23 , 359.214 , -42.4777 , 1290.26
3508 , 0 , 1232.99 , 2379.36 , 359.222 , -42.4785 , 1290.23
3509 , 0 , 1233.04 , 2379.49 , 359.23 , -42.4793 , 1290.2
3510 , 0 , 1233.08 , 2379.61 , 359.238 , -42.4801 , 1290.18
3511 , 0 , 1233.12 , 2379.74 , 359.246 , -42.4809 , 1290.15
3512 , 0 , 1233.16 , 2379.87 , 359.254 , -42.4817 , 1290.12
3513 , 0 , 1233.2 , 2380 , 359.262 , -42.4825 , 1290.09
3514 , 0 , 1233.25 , 2380.14 , 359.27 , -42.4832 , 1290.06
3515 , 0 , 1233.29 , 2380.27 , 359.278 , -42.484 , 1290.03
3516 , 0 , 1233.33 , 2380.4 , 359.285 , -42.4848 , 1290
3517 , 0 , 1233.37 , 2380.54 , 359.293 , -42.4855 , 1289.97
3518 , 0 , 1233.41 , 2380.67 , 359.301 , -42.4862 , 1289.94
3519 , 0 , 1233.46 , 2380.81 , 359.308 , -42.487 , 1289.9
3520 , 0 , 1233.5 , 2380.95 , 359.316 , -42.4877 , 1289.87
3521 , 0 , 1233.54 , 2381.09 , 359.323 , -42.4884 , 1289.84
3522 , 0 , 1233.58 , 2381.23 , 359.331 , -42.4891 , 1289.81
3523 , 0 , 1233.63 , 2381.37 , 359.338 , -42.4897 , 1289.78
3524 , 0 , 1233.67 , 2381.51 , 359.346 , -42.4904 , 1289.75
3525 , 0 , 1233.71 , 2381.65 , 359.353 , -42.4911 , 1289.71
3526 , 0 , 1233.75 , 2381.79 , 359.36 , -42.4917 , 1289.68
3527 , 0 , 1233.8 , 2381.93 , 359.368 , -42.4924 , 1289.65
3528 , 0 , 1233.84 , 2382.07 , 359.375 , -42.493 , 1289.62
3529 , 0 , 1233.88 , 2382.22 , 359.382 , -42.4936 , 1289.58
3530 , 0 , 1233.92 , 2382.36 , 359.39 , -42.4942 , 1289.55
3531 , 0 , 1233.97 , 2382.51 , 359.397 , -42.4948 , 1289.52
3532 , 0 , 1234.01 , 2382.65 , 359.404 , -42.4954 , 1289.49
3533 , 0 , 1234.05 , 2382.8 , 359.411 , -42.496 , 1289.45
3534 , 0 , 1234.09 , 2382.94 , 359.418 , -42.4966 , 1289.42
3535 , 0 , 1234.14 , 2383.09 , 359.425 , -42.4971 , 1289.39
3536 , 0 , 1234.18 , 2383.23 , 359.432 , -42.4976 , 1289.35
3537 , 0 , 1234.22 , 2383.38 , 359.439 , -42.4982 , 1289.32
3538 , 0 , 1234.27 , 2383.53 , 359.446 , -42.4987 , 1289.28
3539 , 0 , 1234.31 , 2383.67 , 359.453 , -42.4992 , 1289.25
3540 , 0 , 1234.35 , 2383.82 , 359.46 , -42.4997 , 1289.22
3541 , 0 , 1234.39 , 2383.97 , 359.467 , -42.5001 , 1289.18
3542 , 0 , 1234.43 , 2384.12 , 359.474 , -42.5006 , 1289.15
3543 , 0 , 1234.48 , 2384.26 , 359.48 , -42.501 , 1289.12
3544 , 0 , 1234.52 , 2384.41 , 359.487 , -42.5015 , 1289.08
3545 , 0 , 1234.56 , 2384.56 , 359.494 , -42.5019 , 1289.05
3546 , 0 , 1234.6 , 2384.71 , 359.501 , -42.5023 , 1289.01
3547 , 0 , 1234.65 , 2384.85 , 359.507 , -42.5027 , 1288.98
3548 , 0 , 1234.69 , 2385 , 359.514 , -42.5031 , 1288.94
3549 , 0 , 1234.73 , 2385.15 , 359.521 , -42.5034 , 1288.91
3550 , 0 , 1234.77 , 2385.3 , 359.527 , -42.5038 , 1288.88
3551 , 0 , 1234.81 , 2385.44 , 359.534 , -42.5041 , 1288.84
3552 , 0 , 1234.85 , 2385.59 , 359.541 , -42.5044 , 1288.81
3553 , 0 , 1234.9 , 2385.74 , 359.547 , -42.5047 , 1288.77
3554 , 0 , 1234.94 , 2385.89 , 359.554 , -42.505 , 1288.74
3555 , 0 , 1234.98 , 2386.03 , 359.56 , -42.5053 , 1288.7
3556 , 0 , 1235.02 , 2386.18 , 359.567 , -42.5056 , 1288.67
3557 , 0 , 1235.06 , 2386.33 , 359.573 , -42.5058 , 1288.64
3558 , 0 , 1235.1 , 2386.47 , 359.58 , -42.5061 , 1288.6
3559 , 0 , 1235.14 , 2386.62 , 359.586 , -42.5063 , 1288.57
3560 , 0 , 1235.18 , 2386.76 , 359.592 , -42.5065 , 1288.53
3561 , 0 , 1235.23 , 2386.91 , 359.599 , -42.5067 , 1288.5
3562 , 0 , 1235.27 , 2387.05 , 359.605 , -42.5069 , 1288.46
3563 , 0 , 1235.31 , 2387.19 , 359.612 , -42.507 , 1288.43
3564 , 0 , 1235.35 , 2387.34 , 359.618 , -42.5072 , 1288.4
3565 , 0 , 1235.39 , 2387.48 , 359.624 , -42.5073 , 1288.36
3566 , 0 , 1235.43 , 2387.62 , 359.63 , -42.5074 , 1288.33
3567 , 0 , 1235.47 , 2387.76 , 359.637 , -42.5075 , 1288.3
3568 , 0 , 1235.51 , 2387.9 , 359.643 , -42.5076 , 1288.26
3569 , 0 , 1235.55 , 2388.04 , 359.649 , -42.5077 , 1288.23
3570 , 0 , 1235.59 , 2388.18 , 359.656 , -42.5078 , 1288.19
3571 , 0 , 1235.62 , 2388.32 , 359.662 , -42.5078 , 1288.16
3572 , 0 , 1235.66 , 2388.46 , 359.668 , -42.5078 , 1288.13
3573 , 0 , 1235.7 , 2388.59 , 359.674 , -42.5078 , 1288.1
3574 , 0 , 1235.74 , 2388.73 , 359.68 , -42.5078 , 1288.06
3575 , 0 , 1235.78 , 2388.87 , 359.687 , -42.5078 , 1288.03
3576 , 0 , 1235.82 , 2389 , 359.693 , -42.5078 , 1288
3577 , 0 , 1235.86 , 2389.13 , 359.699 , -42.5078 , 1287.96
3578 , 0 , 1235.89 , 2389.27 , 359.705 , -42.5077 , 1287.93
3579 , 0 , 1235.93 , 2389.4 , 359.711 , -42.5076 , 1287.9
3580 , 0 , 1235.97 , 2389.53 , 359.717 , -42.5075 , 1287.87
3581 , 0 , 1236.01 , 2389.66 , 359.723 , -42.5074 , 1287.84
3582 , 0 , 1236.04 , 2389.79 , 359.729 , -42.5073 , 1287.8
3583 , 0 , 1236.08 , 2389.91 , 359.736 , -42.5072 , 1287.77
3584 , 0 , 1236.12 , 2390.04 , 359.742 , -42.507 , 1287.74
3585 , 0 , 1236.15 , 2390.17 , 359.748 , -42.5069 , 1287.71
3586 , 0 , 1236.19 , 2390.29 , 359.754 , -42.5067 , 1287.68
3587 , 0 , 1236.23 , 2390.41 , 359.76 , -42.5065 , 1287.65
3588 , 0 , 1236.26 , 2390.54 , 359.766 , -42.5063 , 1287.62
3589 , 0 , 1236.3 , 2390.66 , 359.772 , -42.5061 , 1287.59
3590 , 0 , 1236.33 , 2390.78 , 359.778 , -42.5058 , 1287.56
3591 , 0 , 1236.37 , 2390.89 , 359.784 , -42.5056 , 1287.53
3592 , 0 , 1236.4 , 2391.01 , 359.79 , -42.5053 , 1287.5
3593 , 0 , 1236.44 , 2391.13 , 359.796 , -42.5051 , 1287.47
3594 , 0 , 1236.47 , 2391.24 , 359.802 , -42.5048 , 1287.44
3595 , 0 , 1236.51 , 2391.35 , 359.808 , -42.5045 , 1287.41
3596 , 0 , 1236.54 , 2391.47 , 359.814 , -42.5042 , 1287.38
3597 , 0 , 1236.58 , 2391.58 , 359.82 , -42.5038 , 1287.35
3598 , 0 , 1236.61 , 2391.68 , 359.826 , -42.5035 , 1287.32
3599 , 0 , 1236.64 , 2391.79 , 359.832 , -42.5031 , 1287.29
3600 , 0 , 1236.68 , 2391.9 , 359.838 , -42.5028 , 1287.27
3601 , 0 , 1236.71 , 2392 , 359.844 , -42.5024 , 1287.24
3602 , 0 , 1236.74 , 2392.1 , 359.85 , -42.502 , 1287.21
3603 , 0 , 1236.77 , 2392.21 , 359.856 , -42.5016 , 1287.18
3604 , 0 , 1236.8 , 2392.31 , 359.862 , -42.5012 , 1287.16
3605 , 0 , 1236.84 , 2392.41 , 359.868 , -42.5007 , 1287.13
3606 , 0 , 1236.87 , 2392.5 , 359.874 , -42.5003 , 1287.1
3607 , 0 , 1236.9 , 2392.6 , 359.88 , -42.4998 , 1287.08
3608 , 0 , 1236.93 , 2392.69 , 359.886 , -42.4994 , 1287.05
3609 , 0 , 1236.96 , 2392.78 , 359.892 , -42.4989 , 1287.03
3610 , 0 , 1236.99 , 2392.87 , 359.898 , -42.4984 , 1287
3611 , 0 , 1237.02 , 2392.96 , 359.904 , -42.4979 , 1286.98
3612 , 0 , 1237.05 , 2393.05 , 359.91 , -42.4974 , 1286.95
3613 , 0 , 1237.08 , 2393.14 , 359.917 , -42.4968 , 1286.93
3614 , 0 , 1237.11 , 2393.22 , 359.923 , -42.4963 , 1286.9
3615 , 0 , 1237.14 , 2393.3 , 359.929 , -42.4958 , 1286.88
3616 , 0 , 1237.17 , 2393.38 , 359.935 , -42.4952 , 1286.86
3617 , 0 , 1237.2 , 2393.46 , 359.941 , -42.4946 , 1286.83
3618 , 0 , 1237.22 , 2393.54 , 359.947 , -42.4941 , 1286.81
3619 , 0 , 1237.25 , 2393.61 , 359.953 , -42.4935 , 1286.79
3620 , 0 , 1237.28 , 2393.69 , 359.959 , -42.4929 , 1286.77
3621 , 0 , 1237.31 , 2393.76 , 359.965 , -42.4923 , 1286.75
3622 , 0 , 1237.33 , 2393.83 , 359.971 , -42.4916 , 1286.72
3623 , 0 , 1237.36 , 2393.89 , 359.977 , -42.491 , 1286.7
3624 , 0 , 1237.39 , 2393.96 , 359.984 , -42.4904 , 1286.68
3625 , 0 , 1237.41 , 2394.03 , 359.99 , -42.4897 , 1286.66
3626 , 0 , 1237.44 , 2394.09 , 359.996 , -42.4891 , 1286.64
3627 , 0 , 1237.46 , 2394.15 , 360.002 , -42.4884 , 1286.62
3628 , 0 , 1237.49 , 2394.21 , 360.008 , -42.4877 , 1286.6
3629 , 0 , 1237.51 , 2394.26 , 360.015 , -42.487 , 1286.58
3630 , 0 , 1237.54 , 2394.32 , 360.021 , -42.4864 , 1286.56
3631 , 0 , 1237.56 , 2394.37 , 360.027 , -42.4857 , 1286.55
3632 , 0 , 1237.58 , 2394.42 , 360.033 , -42.485 , 1286.53
3633 , 0 , 1237.61 , 2394.47 , 360.039 , -42.4842 , 1286.51
3634 , 0 , 1237.63 , 2394.52 , 360.046 , -42.4835 , 1286.49
3635 , 0 , 1237.65 , 2394.56 , 360.052 , -42.4828 , 1286.48
3636 , 0 , 1237.68 , 2394.61 , 360.058 , -42.4821 , 1286.46
3637 , 0 , 1237.7 , 2394.65 , 360.065 , -42.4813 , 1286.44
3638 , 0 , 1237.72 , 2394.69 , 360.071 , -42.4806 , 1286.43
3639 , 0 , 1237.74 , 2394.73 , 360.077 , -42.4798 , 1286.41
3640 , 0 , 1237.76 , 2394.76 , 360.084 , -42.4791 , 1286.4
3641 , 0 , 1237.79 , 2394.79 , 360.09 , -42.4783 , 1286.38
3642 , 0 , 1237.81 , 2394.83 , 360.096 , -42.4775 , 1286.37
3643 , 0 , 1237.83 , 2394.86 , 360.103 , -42.4767 , 1286.35
3644 , 0 , 1237.85 , 2394.88 , 360.109 , -42.476 , 1286.34
3645 , 0 , 1237.87 , 2394.91 , 360.116 , -42.4752 , 1286.33
3646 , 0 , 1237.89 , 2394.93 , 360.122 , -42.4744 , 1286.31
3647 , 0 , 1237.9 , 2394.95 , 360.129 , -42.4736 , 1286.3
3648 , 0 , 1237.92 , 2394.97 , 360.135 , -42.4728 , 1286.29
3649 , 0 , 1237.94 , 2394.99 , 360.142 , -42.472 , 1286.28
3650 , 0 , 1237.96 , 2395.01 , 360.148 , -42.4712 , 1286.27
3651 , 0 , 1237.98 , 2395.02 , 360.155 , -42.4704 , 1286.25
3652 , 0 , 1238 , 2395.03 , 360.161 , -42.4696 , 1286.24
3653 , 0 , 1238.01 , 2395.04 , 360.168 , -42.4687 , 1286.23
3654 , 0 , 1238.03 , 2395.05 , 360.174 , -42.4679 , 1286.22
3655 , 0 , 1238.05 , 2395.05 , 360.181 , -42.4671 , 1286.21
3656 , 0 , 1238.06 , 2395.06 , 360.188 , -42.4663 , 1286.2
3657 , 0 , 1238.08 , 2395.06 , 360.194 , -42.4654 , 1286.2
3658 , 0 , 1238.09 , 2395.06 , 360.201 , -42.4646 , 1286.19
3659 , 0 , 1238.11 , 2395.06 , 360.208 , -42.4638 , 1286.18
3660 , 0 , 1238.12 , 2395.05 , 360.214 , -42.463 , 1286.17
3661 , 0 , 1238.14 , 2395.04 , 360.221 , -42.4621 , 1286.16
3662 , 0 , 1238.15 , 2395.04 , 360.228 , -42.4613 , 1286.16
3663 , 0 , 1238.17 , 2395.02 , 360.235 , -42.4604 , 1286.15
3664 , 0 , 1238.18 , 2395.01 , 360.242 , -42.4596 , 1286.14
3665 , 0 , 1238.19 , 2395 , 360.248 , -42.4588 , 1286.14
3666 , 0 , 1238.21 , 2394.98 , 360.255 , -42.4579 , 1286.13
3667 , 0 , 1238.22 , 2394.96 , 360.262 , -42.4571 , 1286.13
3668 , 0 , 1238.23 , 2394.94 , 360.269 , -42.4563 , 1286.12
3669 , 0 , 1238.25 , 2394.92 , 360.276 , -42.4554 , 1286.12
3670 , 0 , 1238.26 , 2394.89 , 360.283 , -42.4546 , 1286.12
3671 , 0 , 1238.27 , 2394.86 , 360.29 , -42.4538 , 1286.11
3672 , 0 , 1238.28 , 2394.84 , 360.297 , -42.4529 , 1286.11
3673 , 0 , 1238.29 , 2394.81 , 360.304 , -42.4521 , 1286.11
3674 , 0 , 1238.3 , 2394.77 , 360.311 , -42.4513 , 1286.1
3675 , 0 , 1238.31 , 2394.74 , 360.318 , -42.4505 , 1286.1
3676 , 0 , 1238.32 , 2394.7 , 360.325 , -42.4496 , 1286.1
3677 , 0 , 1238.33 , 2394.66 , 360.332 , -42.4488 , 1286.1
3678 , 0 , 1238.34 , 2394.62 , 360.339 , -42.448 , 1286.1
3679 , 0 , 1238.35 , 2394.58 , 360.346 , -42.4472 , 1286.1
3680 , 0 , 1238.36 , 2394.53 , 360.353 , -42.4464 , 1286.1
3681 , 0 , 1238.37 , 2394.49 , 360.36 , -42.4456 , 1286.1
3682 , 0 , 1238.38 , 2394.44 , 360.368 , -42.4448 , 1286.1
3683 , 0 , 1238.39 , 2394.39 , 360.375 , -42.444 , 1286.1
3684 , 0 , 1238.39 , 2394.34 , 360.382 , -42.4432 , 1286.1
3685 , 0 , 1238.4 , 2394.28 , 360.389 , -42.4424 , 1286.1
3686 , 0 , 1238.41 , 2394.23 , 360.397 , -42.4416 , 1286.11
3687 , 0 , 1238.41 , 2394.17 , 360.404 , -42.4408 , 1286.11
3688 , 0 , 1238.42 , 2394.11 , 360.411 , -42.4401 , 1286.11
3689 , 0 , 1238.43 , 2394.05 , 360.419 , -42.4393 , 1286.11
3690 , 0 , 1238.43 , 2393.98 , 360.426 , -42.4385 , 1286.12
3691 , 0 , 1238.44 , 2393.92 , 360.433 , -42.4378 , 1286.12
3692 , 0 , 1238.44 , 2393.85 , 360.441 , -42.437 , 1286.13
3693 , 0 , 1238.45 , 2393.78 , 360.448 , -42.4363 , 1286.13
3694 , 0 , 1238.45 , 2393.71 , 360.456 , -42.4355 , 1286.14
3695 , 0 , 1238.46 , 2393.64 , 360.463 , -42.4348 , 1286.14
3696 , 0 , 1238.46 , 2393.56 , 360.471 , -42.4341 , 1286.15
3697 , 0 , 1238.47 , 2393.49 , 360.478 , -42.4333 , 1286.15
3698 , 0 , 1238.47 , 2393.41 , 360.486 , -42.4326 , 1286.16
3699 , 0 , 1238.47 , 2393.33 , 360.493 , -42.4319 , 1286.17
3700 , 0 , 1238.48 , 2393.25 , 360.501 , -42.4312 , 1286.17
3701 , 0 , 1238.48 , 2393.16 , 360.509 , -42.4305 , 1286.18
3702 , 0 , 1238.48 , 2393.08 , 360.516 , -42.4299 , 1286.19
3703 , 0 , 1238.49 , 2392.99 , 360.524 , -42.4292 , 1286.2
3704 , 0 , 1238.49 , 2392.9 , 360.532 , -42.4285 , 1286.2
3705 , 0 , 1238.49 , 2392.81 , 360.539 , -42.4279 , 1286.21
3706 , 0 , 1238.49 , 2392.72 , 360.547 , -42.4272 , 1286.22
3707 , 0 , 1238.49 , 2392.63 , 360.555 , -42.4266 , 1286.23
3708 , 0 , 1238.49 , 2392.53 , 360.563 , -42.426 , 1286.24
3709 , 0 , 1238.5 , 2392.43 , 360.57 , -42.4254 , 1286.25
3710 , 0 , 1238.5 , 2392.34 , 360.578 , -42.4248 , 1286.26
3711 , 0 , 1238.5 , 2392.23 , 360.586 , -42.4242 , 1286.27
3712 , 0 , 1238.5 , 2392.13 , 360.594 , -42.4236 , 1286.28
3713 , 0 , 1238.5 , 2392.03 , 360.602 , -42.423 , 1286.3
3714 , 0 , 1238.5 , 2391.92 , 360.61 , -42.4224 , 1286.31
3715 , 0 , 1238.5 , 2391.82 , 360.618 , -42.4219 , 1286.32
3716 , 0 , 1238.49 , 2391.71 , 360.626 , -42.4213 , 1286.33
3717 , 0 , 1238.49 , 2391.6 , 360.634 , -42.4208 , 1286.34
3718 , 0 , 1238.49 , 2391.49 , 360.642 , -42.4203 , 1286.36
3719 , 0 , 1238.49 , 2391.37 , 360.65 , -42.4198 , 1286.37
3720 , 0 , 1238.49 , 2391.26 , 360.658 , -42.4193 , 1286.38
3721 , 0 , 1238.49 , 2391.14 , 360.666 , -42.4188 , 1286.4
3722 , 0 , 1238.48 , 2391.02 , 360.674 , -42.4183 , 1286.41
3723 , 0 , 1238.48 , 2390.9 , 360.682 , -42.4179 , 1286.43
3724 , 0 , 1238.48 , 2390.78 , 360.69 , -42.4174 , 1286.44
3725 , 0 , 1238.48 , 2390.66 , 360.698 , -42.417 , 1286.46
3726 , 0 , 1238.47 , 2390.54 , 360.706 , -42.4165 , 1286.47
3727 , 0 , 1238.47 , 2390.41 , 360.715 , -42.4161 , 1286.49
3728 , 0 , 1238.47 , 2390.28 , 360.723 , -42.4157 , 1286.5
3729 , 0 , 1238.46 , 2390.16 , 360.731 , -42.4154 , 1286.52
3730 , 0 , 1238.46 , 2390.03 , 360.739 , -42.415 , 1286.54
3731 , 0 , 1238.45 , 2389.9 , 360.747 , -42.4146 , 1286.55
3732 , 0 , 1238.45 , 2389.76 , 360.756 , -42.4143 , 1286.57
3733 , 0 , 1238.45 , 2389.63 , 360.764 , -42.414 , 1286.59
3734 , 0 , 1238.44 , 2389.49 , 360.772 , -42.4137 , 1286.61
3735 , 0 , 1238.44 , 2389.36 , 360.781 , -42.4134 , 1286.62
3736 , 0 , 1238.43 , 2389.22 , 360.789 , -42.4131 , 1286.64
3737 , 0 , 1238.42 , 2389.08 , 360.797 , -42.4128 , 1286.66
3738 , 0 , 1238.42 , 2388.94 , 360.806 , -42.4126 , 1286.68
3739 , 0 , 1238.41 , 2388.8 , 360.814 , -42.4123 , 1286.7
3740 , 0 , 1238.41 , 2388.65 , 360.823 , -42.4121 , 1286.72
3741 , 0 , 1238.4 , 2388.51 , 360.831 , -42.4119 , 1286.74
3742 , 0 , 1238.39 , 2388.36 , 360.84 , -42.4117 , 1286.76
3743 , 0 , 1238.39 , 2388.22 , 360.848 , -42.4115 , 1286.78
3744 , 0 , 1238.38 , 2388.07 , 360.857 , -42.4114 , 1286.8
3745 , 0 , 1238.37 , 2387.92 , 360.865 , -42.4112 , 1286.82
3746 , 0 , 1238.37 , 2387.77 , 360.874 , -42.4111 , 1286.84
3747 , 0 , 1238.36 , 2387.62 , 360.882 , -42.411 , 1286.86
3748 , 0 , 1238.35 , 2387.47 , 360.891 , -42.4109 , 1286.88
3749 , 0 , 1238.34 , 2387.31 , 360.9 , -42.4108 , 1286.9
3750 , 0 , 1238.34 , 2387.16 , 360.908 , -42.4107 , 1286.92
3751 , 0 , 1238.33 , 2387 , 360.917 , -42.4107 , 1286.94
3752 , 0 , 1238.32 , 2386.84 , 360.925 , -42.4106 , 1286.97
3753 , 0 , 1238.31 , 2386.68 , 360.934 , -42.4106 , 1286.99
3754 , 0 , 1238.3 , 2386.53 , 360.943 , -42.4106 , 1287.01
3755 , 0 , 1238.29 , 2386.36 , 360.952 , -42.4107 , 1287.03
3756 , 0 , 1238.28 , 2386.2 , 360.96 , -42.4107 , 1287.06
3757 , 0 , 1238.27 , 2386.04 , 360.969 , -42.4108 , 1287.08
3758 , 0 , 1238.27 , 2385.88 , 360.978 , -42.4108 , 1287.1
3759 , 0 , 1238.26 , 2385.71 , 360.987 , -42.4109 , 1287.13
3760 , 0 , 1238.25 , 2385.55 , 360.995 , -42.411 , 1287.15
3761 , 0 , 1238.24 , 2385.38 , 361.004 , -42.4112 , 1287.17
3762 , 0 , 1238.23 , 2385.21 , 361.013 , -42.4113 , 1287.2
3763 , 0 , 1238.22 , 2385.04 , 361.022 , -42.4115 , 1287.22
3764 , 0 , 1238.21 , 2384.87 , 361.031 , -42.4116 , 1287.25
3765 , 0 , 1238.2 , 2384.7 , 361.039 , -42.4118 , 1287.27
3766 , 0 , 1238.19 , 2384.53 , 361.048 , -42.4121 , 1287.3
3767 , 0 , 1238.18 , 2384.36 , 361.057 , -42.4123 , 1287.32
3768 , 0 , 1238.16 , 2384.19 , 361.066 , -42.4125 , 1287.35
3769 , 0 , 1238.15 , 2384.01 , 361.075 , -42.4128 , 1287.37
3770 , 0 , 1238.14 , 2383.84 , 361.084 , -42.4131 , 1287.4
3771 , 0 , 1238.13 , 2383.66 , 361.093 , -42.4134 , 1287.42
3772 , 0 , 1238.12 , 2383.49 , 361.102 , -42.4137 , 1287.45
3773 , 0 , 1238.11 , 2383.31 , 361.111 , -42.4141 , 1287.48
3774 , 0 , 1238.1 , 2383.13 , 361.12 , -42.4145 , 1287.5
3775 , 0 , 1238.09 , 2382.95 , 361.129 , -42.4148 , 1287.53
3776 , 0 , 1238.07 , 2382.77 , 361.138 , -42.4153 , 1287.56
3777 , 0 , 1238.06 , 2382.59 , 361.147 , -42.4157 , 1287.58
3778 , 0 , 1238.05 , 2382.41 , 361.156 , -42.4161 , 1287.61
3779 , 0 , 1238.04 , 2382.23 , 361.165 , -42.4166 , 1287.64
3780 , 0 , 1238.03 , 2382.05 , 361.174 , -42.4171 , 1287.66
3781 , 0 , 1238.01 , 2381.87 , 361.183 , -42.4176 , 1287.69
3782 , 0 , 1238 , 2381.68 , 361.192 , -42.4181 , 1287.72
3783 , 0 , 1237.99 , 2381.5 , 361.201 , -42.4186 , 1287.75
3784 , 0 , 1237.97 , 2381.32 , 361.21 , -42.4192 , 1287.77
3785 , 0 , 1237.96 , 2381.13 , 361.219 , -42.4198 , 1287.8
3786 , 0 , 1237.95 , 2380.95 , 361.228 , -42.4204 , 1287.83
3787 , 0 , 1237.94 , 2380.76 , 361.238 , -42.421 , 1287.86
3788 , 0 , 1237.92 , 2380.57 , 361.247 , -42.4216 , 1287.89
3789 , 0 , 1237.91 , 2380.38 , 361.256 , -42.4223 , 1287.91
3790 , 0 , 1237.9 , 2380.2 , 361.265 , -42.423 , 1287.94
3791 , 0 , 1237.88 , 2380.01 , 361.274 , -42.4237 , 1287.97
3792 , 0 , 1237.87 , 2379.82 , 361.283 , -42.4244 , 1288
3793 , 0 , 1237.86 , 2379.63 , 361.292 , -42.4251 , 1288.03
3794 , 0 , 1237.84 , 2379.44 , 361.302 , -42.4259 , 1288.06
3795 , 0 , 1237.83 , 2379.25 , 361.311 , -42.4267 , 1288.09
3796 , 0 , 1237.82 , 2379.06 , 361.32 , -42.4275 , 1288.12
3797 , 0 , 1237.8 , 2378.87 , 361.329 , -42.4283 , 1288.15
3798 , 0 , 1237.79 , 2378.68 , 361.338 , -42.4291 , 1288.17
3799 , 0 , 1237.77 , 2378.48 , 361.348 , -42.43 , 1288.2
3800 , 0 , 1237.76 , 2378.29 , 361.357 , -42.4309 , 1288.23
3801 , 0 , 1237.74 , 2378.1 , 361.366 , -42.4318 , 1288.26
3802 , 0 , 1237.73 , 2377.9 , 361.375 , -42.4327 , 1288.29
3803 , 0 , 1237.72 , 2377.71 , 361.385 , -42.4336 , 1288.32
3804 , 0 , 1237.7 , 2377.52 , 361.394 , -42.4346 , 1288.35
3805 , 0 , 1237.69 , 2377.32 , 361.403 , -42.4356 , 1288.38
3806 , 0 , 1237.67 , 2377.13 , 361.412 , -42.4366 , 1288.41
3807 , 0 , 1237.66 , 2376.93 , 361.421 , -42.4376 , 1288.44
3808 , 0 , 1237.64 , 2376.74 , 361.431 , -42.4386 , 1288.47
3809 , 0 , 1237.63 , 2376.54 , 361.44 , -42.4397 , 1288.5
3810 , 0 , 1237.61 , 2376.35 , 361.449 , -42.4408 , 1288.53
3811 , 0 , 1237.6 , 2376.15 , 361.458 , -42.4419 , 1288.56
3812 , 0 , 1237.59 , 2375.96 , 361.468 , -42.443 , 1288.59
3813 , 0 , 1237.57 , 2375.76 , 361.477 , -42.4442 , 1288.62
3814 , 0 , 1237.56 , 2375.56 , 361.486 , -42.4454 , 1288.65
3815 , 0 , 1237.54 , 2375.37 , 361.496 , -42.4465 , 1288.68
3816 , 0 , 1237.53 , 2375.17 , 361.505 , -42.4478 , 1288.71
3817 , 0 , 1237.51 , 2374.97 , 361.514 , -42.449 , 1288.74
3818 , 0 , 1237.5 , 2374.78 , 361.523 , -42.4502 , 1288.77
3819 , 0 , 1237.48 , 2374.58 , 361.533 , -42.4515 , 1288.8
3820 , 0 , 1237.46 , 2374.38 , 361.542 , -42.4528 , 1288.83
3821 , 0 , 1237.45 , 2374.19 , 361.551 , -42.4541 , 1288.86
3822 , 0 , 1237.43 , 2373.99 , 361.561 , -42.4554 , 1288.9
3823 , 0 , 1237.42 , 2373.79 , 361.57 , -42.4568 , 1288.93
3824 , 0 , 1237.4 , 2373.59 , 361.579 , -42.4582 , 1288.96
3825 , 0 , 1237.39 , 2373.4 , 361.589 , -42.4596 , 1288.99
3826 , 0 , 1237.37 , 2373.2 , 361.598 , -42.461 , 1289.02
3827 , 0 , 1237.36 , 2373 , 361.607 , -42.4624 , 1289.05
3828 , 0 , 1237.34 , 2372.8 , 361.616 , -42.4639 , 1289.08
3829 , 0 , 1237.33 , 2372.61 , 361.626 , -42.4654 , 1289.11
3830 , 0 , 1237.31 , 2372.41 , 361.635 , -42.4669 , 1289.14
3831 , 0 , 1237.3 , 2372.21 , 361.644 , -42.4684 , 1289.17
3832 , 0 , 1237.28 , 2372.01 , 361.654 , -42.4699 , 1289.2
3833 , 0 , 1237.27 , 2371.82 , 361.663 , -42.4715 , 1289.23
3834 , 0 , 1237.25 , 2371.62 , 361.672 , -42.4731 , 1289.26
3835 , 0 , 1237.23 , 2371.42 , 361.682 , -42.4747 , 1289.29
3836 , 0 , 1237.22 , 2371.22 , 361.691 , -42.4763 , 1289.32
3837 , 0 , 1237.2 , 2371.03 , 361.7 , -42.4779 , 1289.35
3838 , 0 , 1237.19 , 2370.83 , 361.709 , -42.4796 , 1289.38
3839 , 0 , 1237.17 , 2370.63 , 361.719 , -42.4813 , 1289.41
3840 , 0 , 1237.16 , 2370.44 , 361.728 , -42.483 , 1289.45
3841 , 0 , 1237.14 , 2370.24 , 361.737 , -42.4847 , 1289.48
3842 , 0 , 1237.13 , 2370.04 , 361.746 , -42.4864 , 1289.51
3843 , 0 , 1237.11 , 2369.85 , 361.756 , -42.4882 , 1289.54
3844 , 0 , 1237.09 , 2369.65 , 361.765 , -42.49 , 1289.57
3845 , 0 , 1237.08 , 2369.46 , 361.774 , -42.4918 , 1289.6
3846 , 0 , 1237.06 , 2369.26 , 361.784 , -42.4936 , 1289.63
3847 , 0 , 1237.05 , 2369.07 , 361.793 , -42.4954 , 1289.66
3848 , 0 , 1237.03 , 2368.87 , 361.802 , -42.4973 , 1289.69
3849 , 0 , 1237.02 , 2368.68 , 361.811 , -42.4992 , 1289.72
3850 , 0 , 1237 , 2368.48 , 361.821 , -42.5011 , 1289.75
3851 , 0 , 1236.99 , 2368.29 , 361.83 , -42.503 , 1289.78
3852 , 0 , 1236.97 , 2368.09 , 361.839 , -42.5049 , 1289.81
3853 , 0 , 1236.96 , 2367.9 , 361.848 , -42.5069 , 1289.84
3854 , 0 , 1236.94 , 2367.71 , 361.857 , -42.5089 , 1289.87
3855 , 0 , 1236.92 , 2367.51 , 361.867 , -42.5109 , 1289.9
3856 , 0 , 1236.91 , 2367.32 , 361.876 , -42.5129 , 1289.93
3857 , 0 , 1236.89 , 2367.13 , 361.885 , -42.5149 , 1289.96
3858 , 0 , 1236.88 , 2366.93 , 361.894 , -42.517 , 1289.99
3859 , 0 , 1236.86 , 2366.74 , 361.903 , -42.5191 , 1290.02
3860 , 0 , 1236.85 , 2366.55 , 361.913 , -42.5212 , 1290.05
3861 , 0 , 1236.83 , 2366.36 , 361.922 , -42.5233 , 1290.08
3862 , 0 , 1236.82 , 2366.17 , 361.931 , -42.5254 , 1290.11
3863 , 0 , 1236.8 , 2365.98 , 361.94 , -42.5276 , 1290.14
3864 , 0 , 1236.79 , 2365.79 , 361.949 , -42.5298 , 1290.16
3865 , 0 , 1236.77 , 2365.6 , 361.958 , -42.5319 , 1290.19
3866 , 0 , 1236.76 , 2365.41 , 361.967 , -42.5342 , 1290.22
3867 , 0 , 1236.74 , 2365.22 , 361.977 , -42.5364 , 1290.25
3868 , 0 , 1236.73 , 2365.03 , 361.986 , -42.5386 , 1290.28
3869 , 0 , 1236.71 , 2364.85 , 361.995 , -42.5409 , 1290.31
3870 , 0 , 1236.7 , 2364.66 , 362.004 , -42.5432 , 1290.34
3871 , 0 , 1236.68 , 2364.47 , 362.013 , -42.5455 , 1290.37
3872 , 0 , 1236.67 , 2364.28 , 362.022 , -42.5478 , 1290.4
3873 , 0 , 1236.65 , 2364.1 , 362.031 , -42.5502 , 1290.42
3874 , 0 , 1236.64 , 2363.91 , 362.04 , -42.5525 , 1290.45
3875 , 0 , 1236.62 , 2363.73 , 362.049 , -42.5549 , 1290.48
3876 , 0 , 1236.61 , 2363.54 , 362.058 , -42.5573 , 1290.51
3877 , 0 , 1236.59 , 2363.36 , 362.067 , -42.5597 , 1290.54
3878 , 0 , 1236.58 , 2363.18 , 362.076 , -42.5621 , 1290.56
3879 , 0 , 1236.57 , 2362.99 , 362.085 , -42.5646 , 1290.59
3880 , 0 , 1236.55 , 2362.81 , 362.094 , -42.5671 , 1290.62
3881 , 0 , 1236.54 , 2362.63 , 362.103 , -42.5695 , 1290.65
3882 , 0 , 1236.52 , 2362.45 , 362.112 , -42.5721 , 1290.67
3883 , 0 , 1236.51 , 2362.27 , 362.121 , -42.5746 , 1290.7
3884 , 0 , 1236.49 , 2362.09 , 362.13 , -42.5771 , 1290.73
3885 , 0 , 1236.48 , 2361.91 , 362.139 , -42.5797 , 1290.76
3886 , 0 , 1236.47 , 2361.73 , 362.148 , -42.5823 , 1290.78
3887 , 0 , 1236.45 , 2361.55 , 362.157 , -42.5849 , 1290.81
3888 , 0 , 1236.44 , 2361.37 , 362.166 , -42.5875 , 1290.84
3889 , 0 , 1236.42 , 2361.2 , 362.175 , -42.5901 , 1290.86
3890 , 0 , 1236.41 , 2361.02 , 362.183 , -42.5927 , 1290.89
3891 , 0 , 1236.4 , 2360.84 , 362.192 , -42.5954 , 1290.92
3892 , 0 , 1236.38 , 2360.67 , 362.201 , -42.5981 , 1290.94
3893 , 0 , 1236.37 , 2360.49 , 362.21 , -42.6008 , 1290.97
3894 , 0 , 1236.35 , 2360.32 , 362.219 , -42.6035 , 1291
3895 , 0 , 1236.34 , 2360.15 , 362.228 , -42.6062 , 1291.02
3896 , 0 , 1236.33 , 2359.97 , 362.236 , -42.609 , 1291.05
3897 , 0 , 1236.31 , 2359.8 , 362.245 , -42.6117 , 1291.07
3898 , 0 , 1236.3 , 2359.63 , 362.254 , -42.6145 , 1291.1
3899 , 0 , 1236.29 , 2359.46 , 362.263 , -42.6173 , 1291.12
3900 , 0 , 1236.27 , 2359.29 , 362.271 , -42.6201 , 1291.15
3901 , 0 , 1236.26 , 2359.12 , 362.28 , -42.6229 , 1291.17
3902 , 0 , 1236.25 , 2358.95 , 362.289 , -42.6258 , 1291.2
3903 , 0 , 1236.23 , 2358.78 , 362.297 , -42.6287 , 1291.22
3904 , 0 , 1236.22 , 2358.61 , 362.306 , -42.6315 , 1291.25
3905 , 0 , 1236.21 , 2358.45 , 362.315 , -42.6344 , 1291.27
3906 , 0 , 1236.2 , 2358.28 , 362.323 , -42.6373 , 1291.3
3907 , 0 , 1236.18 , 2358.12 , 362.332 , -42.6403 , 1291.32
3908 , 0 , 1236.17 , 2357.95 , 362.341 , -42.6432 , 1291.34
3909 , 0 , 1236.16 , 2357.79 , 362.349 , -42.6462 , 1291.37
3910 , 0 , 1236.14 , 2357.63 , 362.358 , -42.6491 , 1291.39
3911 , 0 , 1236.13 , 2357.46 , 362.366 , -42.6521 , 1291.42
3912 , 0 , 1236.12 , 2357.3 , 362.375 , -42.6551 , 1291.44
3913 , 0 , 1236.11 , 2357.14 , 362.383 , -42.6581 , 1291.46
3914 , 0 , 1236.1 , 2356.98 , 362.392 , -42.6612 , 1291.49
3915 , 0 , 1236.08 , 2356.82 , 362.4 , -42.6642 , 1291.51
3916 , 0 , 1236.07 , 2356.67 , 362.409 , -42.6673 , 1291.53
3917 , 0 , 1236.06 , 2356.51 , 362.417 , -42.6704 , 1291.55
3918 , 0 , 1236.05 , 2356.35 , 362.426 , -42.6735 , 1291.58
3919 , 0 , 1236.04 , 2356.2 , 362.434 , -42.6766 , 1291.6
3920 , 0 , 1236.02 , 2356.04 , 362.443 , -42.6797 , 1291.62
3921 , 0 , 1236.01 , 2355.89 , 362.451 , -42.6828 , 1291.64
3922 , 0 , 1236 , 2355.73 , 362.459 , -42.686 , 1291.66
3923 , 0 , 1235.99 , 2355.58 , 362.468 , -42.6892 , 1291.69
3924 , 0 , 1235.98 , 2355.43 , 362.476 , -42.6923 , 1291.71
3925 , 0 , 1235.97 , 2355.28 , 362.484 , -42.6955 , 1291.73
3926 , 0 , 1235.96 , 2355.13 , 362.493 , -42.6987 , 1291.75
3927 , 0 , 1235.94 , 2354.98 , 362.501 , -42.702 , 1291.77
3928 , 0 , 1235.93 , 2354.83 , 362.509 , -42.7052 , 1291.79
3929 , 0 , 1235.92 , 2354.68 , 362.517 , -42.7084 , 1291.81
3930 , 0 , 1235.91 , 2354.53 , 362.526 , -42.7117 , 1291.83
3931 , 0 , 1235.9 , 2354.39 , 362.534 , -42.715 , 1291.85
3932 , 0 , 1235.89 , 2354.24 , 362.542 , -42.7183 , 1291.87
3933 , 0 , 1235.88 , 2354.1 , 362.55 , -42.7216 , 1291.89
3934 , 0 , 1235.87 , 2353.96 , 362.558 , -42.7249 , 1291.91
3935 , 0 , 1235.86 , 2353.81 , 362.566 , -42.7282 , 1291.93
3936 , 0 , 1235.85 , 2353.67 , 362.574 , -42.7316 , 1291.95
3937 , 0 , 1235.84 , 2353.53 , 362.583 , -42.7349 , 1291.97
3938 , 0 , 1235.83 , 2353.39 , 362.591 , -42.7383 , 1291.99
3939 , 0 , 1235.82 , 2353.25 , 362.599 , -42.7417 , 1292.01
3940 , 0 , 1235.81 , 2353.11 , 362.607 , -42.7451 , 1292.02
3941 , 0 , 1235.8 , 2352.98 , 362.615 , -42.7485 , 1292.04
3942 , 0 , 1235.79 , 2352.84 , 362.623 , -42.7519 , 1292.06
3943 , 0 , 1235.78 , 2352.7 , 362.631 , -42.7553 , 1292.08
3944 , 0 , 1235.77 , 2352.57 , 362.638 , -42.7588 , 1292.1
3945 , 0 , 1235.76 , 2352.43 , 362.646 , -42.7622 , 1292.11
3946 , 0 , 1235.75 , 2352.3 , 362.654 , -42.7657 , 1292.13
3947 , 0 , 1235.74 , 2352.17 , 362.662 , -42.7692 , 1292.15
3948 , 0 , 1235.73 , 2352.04 , 362.67 , -42.7727 , 1292.17
3949 , 0 , 1235.72 , 2351.91 , 362.678 , -42.7762 , 1292.18
3950 , 0 , 1235.71 , 2351.78 , 362.686 , -42.7797 , 1292.2
3951 , 0 , 1235.71 , 2351.65 , 362.693 , -42.7832 , 1292.22
3952 , 0 , 1235.7 , 2351.52 , 362.701 , -42.7868 , 1292.23
3953 , 0 , 1235.69 , 2351.4 , 362.709 , -42.7903 , 1292.25
3954 , 0 , 1235.68 , 2351.27 , 362.717 , -42.7939 , 1292.26
3955 , 0 , 1235.67 , 2351.15 , 362.724 , -42.7974 , 1292.28
3956 , 0 , 1235.66 , 2351.02 , 362.732 , -42.801 , 1292.29
3957 , 0 , 1235.65 , 2350.9 , 362.74 , -42.8046 , 1292.31
3958 , 0 , 1235.65 , 2350.78 , 362.747 , -42.8082 , 1292.32
3959 , 0 , 1235.64 , 2350.65 , 362.755 , -42.8118 , 1292.34
3960 , 0 , 1235.63 , 2350.53 , 362.762 , -42.8155 , 1292.35
3961 , 0 , 1235.62 , 2350.41 , 362.77 , -42.8191 , 1292.37
3962 , 0 , 1235.61 , 2350.3 , 362.778 , -42.8228 , 1292.38
3963 , 0 , 1235.61 , 2350.18 , 362.785 , -42.8264 , 1292.4
3964 , 0 , 1235.6 , 2350.06 , 362.793 , -42.8301 , 1292.41
3965 , 0 , 1235.59 , 2349.94 , 362.8 , -42.8338 , 1292.42
3966 , 0 , 1235.58 , 2349.83 , 362.807 , -42.8375 , 1292.44
3967 , 0 , 1235.58 , 2349.72 , 362.815 , -42.8412 , 1292.45
3968 , 0 , 1235.57 , 2349.6 , 362.822 , -42.8449 , 1292.46
3969 , 0 , 1235.56 , 2349.49 , 362.83 , -42.8486 , 1292.48
3970 , 0 , 1235.55 , 2349.38 , 362.837 , -42.8523 , 1292.49
3971 , 0 , 1235.55 , 2349.27 , 362.844 , -42.8561 , 1292.5
3972 , 0 , 1235.54 , 2349.16 , 362.852 , -42.8598 , 1292.51
3973 , 0 , 1235.53 , 2349.05 , 362.859 , -42.8636 , 1292.53
3974 , 0 , 1235.53 , 2348.94 , 362.866 , -42.8673 , 1292.54
3975 , 0 , 1235.52 , 2348.84 , 362.873 , -42.8711 , 1292.55
3976 , 0 , 1235.51 , 2348.73 , 362.881 , -42.8749 , 1292.56
3977 , 0 , 1235.51 , 2348.62 , 362.888 , -42.8787 , 1292.57
3978 , 0 , 1235.5 , 2348.52 , 362.895 , -42.8825 , 1292.58
3979 , 0 , 1235.49 , 2348.42 , 362.902 , -42.8863 , 1292.59
3980 , 0 , 1235.49 , 2348.31 , 362.909 , -42.8901 , 1292.6
3981 , 0 , 1235.48 , 2348.21 , 362.916 , -42.894 , 1292.61
3982 , 0 , 1235.48 , 2348.11 , 362.923 , -42.8978 , 1292.62
3983 , 0 , 1235.47 , 2348.01 , 362.93 , -42.9017 , 1292.63
3984 , 0 , 1235.46 , 2347.91 , 362.937 , -42.9055 , 1292.64
3985 , 0 , 1235.46 , 2347.82 , 362.944 , -42.9094 , 1292.65
3986 , 0 , 1235.45 , 2347.72 , 362.951 , -42.9133 , 1292.66
3987 , 0 , 1235.45 , 2347.62 , 362.958 , -42.9171 , 1292.67
3988 , 0 , 1235.44 , 2347.53 , 362.965 , -42.921 , 1292.68
3989 , 0 , 1235.44 , 2347.43 , 362.972 , -42.9249 , 1292.69
3990 , 0 , 1235.43 , 2347.34 , 362.979 , -42.9288 , 1292.7
3991 , 0 , 1235.43 , 2347.25 , 362.986 , -42.9328 , 1292.71
3992 , 0 , 1235.42 , 2347.16 , 362.993 , -42.9367 , 1292.72
3993 , 0 , 1235.42 , 2347.07 , 362.999 , -42.9406 , 1292.72
3994 , 0 , 1235.41 , 2346.98 , 363.006 , -42.9446 , 1292.73
3995 , 0 , 1235.41 , 2346.89 , 363.013 , -42.9485 , 1292.74
3996 , 0 , 1235.4 , 2346.8 , 363.02 , -42.9525 , 1292.75
3997 , 0 , 1235.4 , 2346.71 , 363.026 , -42.9564 , 1292.75
3998 , 0 , 1235.39 , 2346.62 , 363.033 , -42.9604 , 1292.76
3999 , 0 , 1235.39 , 2346.54 , 363.04 , -42.9644 , 1292.77
4000 , 0 , 1235.38 , 2346.45 , 363.046 , -42.9683 , 1292.77
4001 , 0 , 1235.38 , 2346.37 , 363.053 , -42.9723 , 1292.78
4002 , 0 , 1235.38 , 2346.29 , 363.059 , -42.9763 , 1292.79
4003 , 0 , 1235.37 , 2346.21 , 363.066 , -42.9803 , 1292.79
4004 , 0 , 1235.37 , 2346.12 , 363.072 , -42.9844 , 1292.8
4005 , 0 , 1235.36 , 2346.04 , 363.079 , -42.9884 , 1292.8
4006 , 0 , 1235.36 , 2345.96 , 363.085 , -42.9924 , 1292.81
4007 , 0 , 1235.36 , 2345.89 , 363.092 , -42.9964 , 1292.81
4008 , 0 , 1235.35 , 2345.81 , 363.098 , -43.0005 , 1292.82
4009 , 0 , 1235.35 , 2345.73 , 363.105 , -43.0045 , 1292.82
4010 , 0 , 1235.35 , 2345.66 , 363.111 , -43.0086 , 1292.83
4011 , 0 , 1235.34 , 2345.58 , 363.117 , -43.0126 , 1292.83
4012 , 0 , 1235.34 , 2345.51 , 363.124 , -43.0167 , 1292.84
4013 , 0 , 1235.34 , 2345.43 , 363.13 , -43.0208 , 1292.84
4014 , 0 , 1235.33 , 2345.36 , 363.136 , -43.0248 , 1292.85
4015 , 0 , 1235.33 , 2345.29 , 363.143 , -43.0289 , 1292.85
4016 , 0 , 1235.33 , 2345.22 , 363.149 , -43.033 , 1292.85
4017 , 0 , 1235.32 , 2345.15 , 363.155 , -43.0371 , 1292.86
4018 , 0 , 1235.32 , 2345.08 , 363.161 , -43.0412 , 1292.86
4019 , 0 , 1235.32 , 2345.01 , 363.167 , -43.0453 , 1292.86
4020 , 0 , 1235.32 , 2344.94 , 363.173 , -43.0494 , 1292.86
4021 , 0 , 1235.31 , 2344.87 , 363.18 , -43.0535 , 1292.87
4022 , 0 , 1235.31 , 2344.81 , 363.186 , -43.0576 , 1292.87
4023 , 0 , 1235.31 , 2344.74 , 363.192 , -43.0618 , 1292.87
4024 , 0 , 1235.31 , 2344.68 , 363.198 , -43.0659 , 1292.87
4025 , 0 , 1235.3 , 2344.61 , 363.204 , -43.07 , 1292.88
4026 , 0 , 1235.3 , 2344.55 , 363.21 , -43.0742 , 1292.88
4027 , 0 , 1235.3 , 2344.49 , 363.216 , -43.0783 , 1292.88
4028 , 0 , 1235.3 , 2344.42 , 363.222 , -43.0825 , 1292.88
4029 , 0 , 1235.3 , 2344.36 , 363.227 , -43.0866 , 1292.88
4030 , 0 , 1235.29 , 2344.3 , 363.233 , -43.0908 , 1292.88
4031 , 0 , 1235.29 , 2344.24 , 363.239 , -43.095 , 1292.88
4032 , 0 , 1235.29 , 2344.18 , 363.245 , -43.0991 , 1292.88
4033 , 0 , 1235.29 , 2344.13 , 363.251 , -43.1033 , 1292.88
4034 , 0 , 1235.29 , 2344.07 , 363.257 , -43.1075 , 1292.88
4035 , 0 , 1235.28 , 2344.01 , 363.262 , -43.1117 , 1292.88
4036 , 0 , 1235.28 , 2343.96 , 363.268 , -43.1159 , 1292.88
4037 , 0 , 1235.28 , 2343.9 , 363.274 , -43.1201 , 1292.88
4038 , 0 , 1235.28 , 2343.85 , 363.28 , -43.1243 , 1292.88
4039 , 0 , 1235.28 , 2343.79 , 363.285 , -43.1285 , 1292.88
4040 , 0 , 1235.28 , 2343.74 , 363.291 , -43.1327 , 1292.88
4041 , 0 , 1235.28 , 2343.69 , 363.296 , -43.1369 , 1292.88
4042 , 0 , 1235.28 , 2343.63 , 363.302 , -43.1411 , 1292.88
4043 , 0 , 1235.27 , 2343.58 , 363.308 , -43.1453 , 1292.88
4044 , 0 , 1235.27 , 2343.53 , 363.313 , -43.1496 , 1292.88
4045 , 0 , 1235.27 , 2343.48 , 363.319 , -43.1538 , 1292.88
4046 , 0 , 1235.27 , 2343.43 , 363.324 , -43.158 , 1292.88
4047 , 0 , 1235.27 , 2343.38 , 363.33 , -43.1623 , 1292.87
4048 , 0 , 1235.27 , 2343.34 , 363.335 , -43.1665 , 1292.87
4049 , 0 , 1235.27 , 2343.29 , 363.34 , -43.1708 , 1292.87
4050 , 0 , 1235.27 , 2343.24 , 363.346 , -43.175 , 1292.87
4051 , 0 , 1235.27 , 2343.2 , 363.351 , -43.1793 , 1292.86
4052 , 0 , 1235.27 , 2343.15 , 363.357 , -43.1835 , 1292.86
4053 , 0 , 1235.27 , 2343.1 , 363.362 , -43.1878 , 1292.86
4054 , 0 , 1235.26 , 2343.06 , 363.367 , -43.192 , 1292.86
4055 , 0 , 1235.26 , 2343.02 , 363.372 , -43.1963 , 1292.85
4056 , 0 , 1235.26 , 2342.97 , 363.378 , -43.2006 , 1292.85
4057 , 0 , 1235.26 , 2342.93 , 363.383 , -43.2048 , 1292.85
4058 , 0 , 1235.26 , 2342.89 , 363.388 , -43.2091 , 1292.84
4059 , 0 , 1235.26 , 2342.85 , 363.393 , -43.2134 , 1292.84
4060 , 0 , 1235.26 , 2342.81 , 363.398 , -43.2177 , 1292.84
4061 , 0 , 1235.26 , 2342.77 , 363.404 , -43.222 , 1292.83
4062 , 0 , 1235.26 , 2342.73 , 363.409 , -43.2263 , 1292.83
4063 , 0 , 1235.26 , 2342.69 , 363.414 , -43.2305 , 1292.82
4064 , 0 , 1235.26 , 2342.65 , 363.419 , -43.2348 , 1292.82
4065 , 0 , 1235.26 , 2342.61 , 363.424 , -43.2391 , 1292.82
4066 , 0 , 1235.26 , 2342.57 , 363.429 , -43.2434 , 1292.81
4067 , 0 , 1235.26 , 2342.53 , 363.434 , -43.2477 , 1292.81
4068 , 0 , 1235.26 , 2342.5 , 363.439 , -43.252 , 1292.8
4069 , 0 , 1235.26 , 2342.46 , 363.444 , -43.2564 , 1292.8
4070 , 0 , 1235.26 , 2342.42 , 363.449 , -43.2607 , 1292.79
4071 , 0 , 1235.26 , 2342.39 , 363.454 , -43.265 , 1292.79
4072 , 0 , 1235.26 , 2342.35 , 363.459 , -43.2693 , 1292.78
4073 , 0 , 1235.26 , 2342.32 , 363.463 , -43.2736 , 1292.78
4074 , 0 , 1235.26 , 2342.28 , 363.468 , -43.278 , 1292.77
4075 , 0 , 1235.26 , 2342.25 , 363.473 , -43.2823 , 1292.77
4076 , 0 , 1235.26 , 2342.22 , 363.478 , -43.2866 , 1292.76
4077 , 0 , 1235.26 , 2342.18 , 363.483 , -43.2909 , 1292.75
4078 , 0 , 1235.26 , 2342.15 , 363.487 , -43.2953 , 1292.75
4079 , 0 , 1235.26 , 2342.12 , 363.492 , -43.2996 , 1292.74
4080 , 0 , 1235.26 , 2342.08 , 363.497 , -43.304 , 1292.74
4081 , 0 , 1235.26 , 2342.05 , 363.502 , -43.3083 , 1292.73
4082 , 0 , 1235.26 , 2342.02 , 363.506 , -43.3126 , 1292.72
4083 , 0 , 1235.26 , 2341.99 , 363.511 , -43.317 , 1292.72
4084 , 0 , 1235.26 , 2341.96 , 363.515 , -43.3213 , 1292.71
4085 , 0 , 1235.26 , 2341.93 , 363.52 , -43.3257 , 1292.7
4086 , 0 , 1235.26 , 2341.9 , 363.525 , -43.33 , 1292.7
4087 , 0 , 1235.26 , 2341.87 , 363.529 , -43.3344 , 1292.69
4088 , 0 , 1235.26 , 2341.84 , 363.534 , -43.3388 , 1292.68
4089 , 0 , 1235.26 , 2341.81 , 363.538 , -43.3431 , 1292.68
4090 , 0 , 1235.26 , 2341.78 , 363.543 , -43.3475 , 1292.67
4091 , 0 , 1235.26 , 2341.75 , 363.547 , -43.3519 , 1292.66
4092 , 0 , 1235.26 , 2341.72 , 363.552 , -43.3562 , 1292.66
4093 , 0 , 1235.26 , 2341.69 , 363.556 , -43.3606 , 1292.65
4094 , 0 , 1235.26 , 2341.67 , 363.561 , -43.365 , 1292.64
4095 , 0 , 1235.26 , 2341.64 , 363.565 , -43.3694 , 1292.63
4096 , 0 , 1235.26 , 2341.61 , 363.57 , -43.3737 , 1292.63
4097 , 0 , 1235.26 , 2341.58 , 363.574 , -43.3781 , 1292.62
4098 , 0 , 1235.26 , 2341.56 , 363.578 , -43.3825 , 1292.61
4099 , 0 , 1235.26 , 2341.53 , 363.583 , -43.3869 , 1292.6
4100 , 0 , 1235.26 , 2341.5 , 363.587 , -43.3913 , 1292.6
4101 , 0 , 1235.26 , 2341.48 , 363.591 , -43.3957 , 1292.59
4102 , 0 , 1235.26 , 2341.45 , 363.596 , -43.4001 , 1292.58
4103 , 0 , 1235.26 , 2341.42 , 363.6 , -43.4045 , 1292.57
4104 , 0 , 1235.26 , 2341.39 , 363.604 , -43.4089 , 1292.57
4105 , 0 , 1235.26 , 2341.37 , 363.608 , -43.4133 , 1292.56
4106 , 0 , 1235.26 , 2341.34 , 363.613 , -43.4177 , 1292.55
4107 , 0 , 1235.26 , 2341.32 , 363.617 , -43.4221 , 1292.54
4108 , 0 , 1235.26 , 2341.29 , 363.621 , -43.4265 , 1292.53
4109 , 0 , 1235.26 , 2341.26 , 363.625 , -43.4309 , 1292.53
4110 , 0 , 1235.26 , 2341.24 , 363.629 , -43.4353 , 1292.52
4111 , 0 , 1235.26 , 2341.21 , 363.634 , -43.4397 , 1292.51
4112 , 0 , 1235.26 , 2341.18 , 363.638 , -43.4441 , 1292.5
4113 , 0 , 1235.26 , 2341.16 , 363.642 , -43.4485 , 1292.49
4114 , 0 , 1235.26 , 2341.13 , 363.646 , -43.453 , 1292.48
4115 , 0 , 1235.26 , 2341.11 , 363.65 , -43.4574 , 1292.48
4116 , 0 , 1235.26 , 2341.08 , 363.654 , -43.4618 , 1292.47
4117 , 0 , 1235.26 , 2341.05 , 363.658 , -43.4662 , 1292.46
4118 , 0 , 1235.26 , 2341.03 , 363.662 , -43.4707 , 1292.45
4119 , 0 , 1235.26 , 2341 , 363.666 , -43.4751 , 1292.44
4120 , 0 , 1235.26 , 2340.98 , 363.67 , -43.4795 , 1292.43
4121 , 0 , 1235.26 , 2340.95 , 363.674 , -43.484 , 1292.43
4122 , 0 , 1235.26 , 2340.92 , 363.678 , -43.4884 , 1292.42
4123 , 0 , 1235.26 , 2340.9 , 363.682 , -43.4929 , 1292.41
4124 , 0 , 1235.26 , 2340.87 , 363.686 , -43.4973 , 1292.4
4125 , 0 , 1235.25 , 2340.84 , 363.69 , -43.5018 , 1292.39
4126 , 0 , 1235.25 , 2340.82 , 363.694 , -43.5062 , 1292.38
4127 , 0 , 1235.25 , 2340.79 , 363.698 , -43.5107 , 1292.38
4128 , 0 , 1235.25 , 2340.76 , 363.702 , -43.5151 , 1292.37
4129 , 0 , 1235.25 , 2340.73 , 363.706 , -43.5196 , 1292.36
4130 , 0 , 1235.25 , 2340.71 , 363.71 , -43.5241 , 1292.35
4131 , 0 , 1235.25 , 2340.68 , 363.713 , -43.5285 , 1292.34
4132 , 0 , 1235.25 , 2340.65 , 363.717 , -43.533 , 1292.33
4133 , 0 , 1235.25 , 2340.62 , 363.721 , -43.5375 , 1292.32
4134 , 0 , 1235.24 , 2340.59 , 363.725 , -43.5419 , 1292.32
4135 , 0 , 1235.24 , 2340.57 , 363.729 , -43.5464 , 1292.31
4136 , 0 , 1235.24 , 2340.54 , 363.733 , -43.5509 , 1292.3
4137 , 0 , 1235.24 , 2340.51 , 363.736 , -43.5554 , 1292.29
4138 , 0 , 1235.24 , 2340.48 , 363.74 , -43.5599 , 1292.28
4139 , 0 , 1235.24 , 2340.45 , 363.744 , -43.5644 , 1292.28
4140 , 0 , 1235.23 , 2340.42 , 363.748 , -43.5688 , 1292.27
4141 , 0 , 1235.23 , 2340.39 , 363.751 , -43.5733 , 1292.26
4142 , 0 , 1235.23 , 2340.36 , 363.755 , -43.5778 , 1292.25
4143 , 0 , 1235.23 , 2340.33 , 363.759 , -43.5823 , 1292.24
4144 , 0 , 1235.22 , 2340.29 , 363.763 , -43.5869 , 1292.23
4145 , 0 , 1235.22 , 2340.26 , 363.766 , -43.5914 , 1292.23
4146 , 0 , 1235.22 , 2340.23 , 363.77 , -43.5959 , 1292.22
4147 , 0 , 1235.22 , 2340.2 , 363.774 , -43.6004 , 1292.21
4148 , 0 , 1235.21 , 2340.17 , 363.777 , -43.6049 , 1292.2
4149 , 0 , 1235.21 , 2340.13 , 363.781 , -43.6094 , 1292.2
4150 , 0 , 1235.21 , 2340.1 , 363.785 , -43.614 , 1292.19
4151 , 0 , 1235.21 , 2340.07 , 363.788 , -43.6185 , 1292.18
4152 , 0 , 1235.2 , 2340.03 , 363.792 , -43.623 , 1292.17
4153 , 0 , 1235.2 , 2340 , 363.796 , -43.6276 , 1292.16
4154 , 0 , 1235.2 , 2339.96 , 363.799 , -43.6321 , 1292.16
4155 , 0 , 1235.19 , 2339.92 , 363.803 , -43.6366 , 1292.15
4156 , 0 , 1235.19 , 2339.89 , 363.806 , -43.6412 , 1292.14
4157 , 0 , 1235.19 , 2339.85 , 363.81 , -43.6457 , 1292.14
4158 , 0 , 1235.18 , 2339.81 , 363.814 , -43.6503 , 1292.13
4159 , 0 , 1235.18 , 2339.78 , 363.817 , -43.6549 , 1292.12
4160 , 0 , 1235.17 , 2339.74 , 363.821 , -43.6594 , 1292.11
4161 , 0 , 1235.17 , 2339.7 , 363.824 , -43.664 , 1292.11
4162 , 0 , 1235.17 , 2339.66 , 363.828 , -43.6686 , 1292.1
4163 , 0 , 1235.16 , 2339.62 , 363.832 , -43.6731 , 1292.09
4164 , 0 , 1235.16 , 2339.58 , 363.835 , -43.6777 , 1292.09
4165 , 0 , 1235.15 , 2339.54 , 363.839 , -43.6823 , 1292.08
4166 , 0 , 1235.15 , 2339.5 , 363.842 , -43.6869 , 1292.07
4167 , 0 , 1235.14 , 2339.45 , 363.846 , -43.6915 , 1292.07
4168 , 0 , 1235.14 , 2339.41 , 363.849 , -43.6961 , 1292.06
4169 , 0 , 1235.13 , 2339.37 , 363.853 , -43.7007 , 1292.05
4170 , 0 , 1235.13 , 2339.32 , 363.856 , -43.7053 , 1292.05
4171 , 0 , 1235.12 , 2339.28 , 363.86 , -43.7099 , 1292.04
4172 , 0 , 1235.12 , 2339.23 , 363.864 , -43.7145 , 1292.04
4173 , 0 , 1235.11 , 2339.19 , 363.867 , -43.7192 , 1292.03
4174 , 0 , 1235.11 , 2339.14 , 363.871 , -43.7238 , 1292.02
4175 , 0 , 1235.1 , 2339.09 , 363.874 , -43.7284 , 1292.02
4176 , 0 , 1235.09 , 2339.05 , 363.878 , -43.7331 , 1292.01
4177 , 0 , 1235.09 , 2339 , 363.881 , -43.7377 , 1292.01
4178 , 0 , 1235.08 , 2338.95 , 363.885 , -43.7424 , 1292
4179 , 0 , 1235.08 , 2338.9 , 363.888 , -43.747 , 1292
4180 , 0 , 1235.07 , 2338.85 , 363.892 , -43.7517 , 1291.99
4181 , 0 , 1235.06 , 2338.79 , 363.895 , -43.7563 , 1291.99
4182 , 0 , 1235.06 , 2338.74 , 363.899 , -43.761 , 1291.98
4183 , 0 , 1235.05 , 2338.69 , 363.902 , -43.7657 , 1291.98
4184 , 0 , 1235.04 , 2338.64 , 363.906 , -43.7704 , 1291.97
4185 , 0 , 1235.04 , 2338.58 , 363.909 , -43.7751 , 1291.97
4186 , 0 , 1235.03 , 2338.53 , 363.913 , -43.7798 , 1291.97
4187 , 0 , 1235.02 , 2338.47 , 363.916 , -43.7845 , 1291.96
4188 , 0 , 1235.01 , 2338.41 , 363.92 , -43.7892 , 1291.96
4189 , 0 , 1235.01 , 2338.36 , 363.923 , -43.7939 , 1291.95
4190 , 0 , 1235 , 2338.3 , 363.927 , -43.7986 , 1291.95
4191 , 0 , 1234.99 , 2338.24 , 363.93 , -43.8033 , 1291.95
4192 , 0 , 1234.98 , 2338.18 , 363.934 , -43.808 , 1291.94
4193 , 0 , 1234.97 , 2338.12 , 363.937 , -43.8128 , 1291.94
4194 , 0 , 1234.96 , 2338.05 , 363.941 , -43.8175 , 1291.94
4195 , 0 , 1234.96 , 2337.99 , 363.944 , -43.8223 , 1291.93
4196 , 0 , 1234.95 , 2337.93 , 363.948 , -43.827 , 1291.93
4197 , 0 , 1234.94 , 2337.86 , 363.951 , -43.8318 , 1291.93
4198 , 0 , 1234.93 , 2337.8 , 363.955 , -43.8365 , 1291.93
4199 , 0 , 1234.92 , 2337.73 , 363.958 , -43.8413 , 1291.92
4200 , 0 , 1234.91 , 2337.67 , 363.962 , -43.8461 , 1291.92
4201 , 0 , 1234.9 , 2337.6 , 363.965 , -43.8509 , 1291.92
4202 , 0 , 1234.89 , 2337.53 , 363.969 , -43.8557 , 1291.92
4203 , 0 , 1234.88 , 2337.46 , 363.972 , -43.8605 , 1291.92
4204 , 0 , 1234.87 , 2337.39 , 363.976 , -43.8653 , 1291.91
4205 , 0 , 1234.86 , 2337.32 , 363.979 , -43.8701 , 1291.91
4206 , 0 , 1234.85 , 2337.24 , 363.983 , -43.875 , 1291.91
4207 , 0 , 1234.84 , 2337.17 , 363.986 , -43.8798 , 1291.91
4208 , 0 , 1234.83 , 2337.09 , 363.99 , -43.8846 , 1291.91
4209 , 0 , 1234.82 , 2337.02 , 363.993 , -43.8895 , 1291.91
4210 , 0 , 1234.8 , 2336.94 , 363.997 , -43.8943 , 1291.91
4211 , 0 , 1234.79 , 2336.87 , 364 , -43.8992 , 1291.91
4212 , 0 , 1234.78 , 2336.79 , 364.004 , -43.9041 , 1291.91
4213 , 0 , 1234.77 , 2336.71 , 364.007 , -43.909 , 1291.91
4214 , 0 , 1234.76 , 2336.63 , 364.011 , -43.9138 , 1291.91
4215 , 0 , 1234.75 , 2336.55 , 364.014 , -43.9187 , 1291.91
4216 , 0 , 1234.73 , 2336.46 , 364.018 , -43.9237 , 1291.91
4217 , 0 , 1234.72 , 2336.38 , 364.022 , -43.9286 , 1291.91
4218 , 0 , 1234.71 , 2336.3 , 364.025 , -43.9335 , 1291.91
4219 , 0 , 1234.7 , 2336.21 , 364.029 , -43.9384 , 1291.91
4220 , 0 , 1234.68 , 2336.12 , 364.032 , -43.9434 , 1291.91
4221 , 0 , 1234.67 , 2336.04 , 364.036 , -43.9483 , 1291.92
4222 , 0 , 1234.66 , 2335.95 , 364.039 , -43.9533 , 1291.92
4223 , 0 , 1234.64 , 2335.86 , 364.043 , -43.9582 , 1291.92
4224 , 0 , 1234.63 , 2335.77 , 364.047 , -43.9632 , 1291.92
4225 , 0 , 1234.62 , 2335.68 , 364.05 , -43.9682 , 1291.92
4226 , 0 , 1234.6 , 2335.58 , 364.054 , -43.9732 , 1291.93
4227 , 0 , 1234.59 , 2335.49 , 364.057 , -43.9782 , 1291.93
4228 , 0 , 1234.57 , 2335.4 , 364.061 , -43.9832 , 1291.93
4229 , 0 , 1234.56 , 2335.3 , 364.065 , -43.9882 , 1291.93
4230 , 0 , 1234.54 , 2335.2 , 364.068 , -43.9933 , 1291.94
4231 , 0 , 1234.53 , 2335.1 , 364.072 , -43.9983 , 1291.94
4232 , 0 , 1234.51 , 2335.01 , 364.076 , -44.0034 , 1291.95
4233 , 0 , 1234.5 , 2334.91 , 364.079 , -44.0084 , 1291.95
4234 , 0 , 1234.48 , 2334.8 , 364.083 , -44.0135 , 1291.95
4235 , 0 , 1234.47 , 2334.7 , 364.086 , -44.0186 , 1291.96
4236 , 0 , 1234.45 , 2334.6 , 364.09 , -44.0237 , 1291.96
4237 , 0 , 1234.44 , 2334.49 , 364.094 , -44.0288 , 1291.97
4238 , 0 , 1234.42 , 2334.39 , 364.098 , -44.0339 , 1291.97
4239 , 0 , 1234.4 , 2334.28 , 364.101 , -44.039 , 1291.98
4240 , 0 , 1234.39 , 2334.17 , 364.105 , -44.0441 , 1291.98
4241 , 0 , 1234.37 , 2334.06 , 364.109 , -44.0493 , 1291.99
4242 , 0 , 1234.35 , 2333.95 , 364.112 , -44.0544 , 1291.99
4243 , 0 , 1234.34 , 2333.84 , 364.116 , -44.0596 , 1292
4244 , 0 , 1234.32 , 2333.73 , 364.12 , -44.0648 , 1292.01
4245 , 0 , 1234.3 , 2333.62 , 364.124 , -44.07 , 1292.01
4246 , 0 , 1234.28 , 2333.5 , 364.127 , -44.0752 , 1292.02
4247 , 0 , 1234.27 , 2333.39 , 364.131 , -44.0804 , 1292.03
4248 , 0 , 1234.25 , 2333.27 , 364.135 , -44.0856 , 1292.03
4249 , 0 , 1234.23 , 2333.15 , 364.139 , -44.0908 , 1292.04
4250 , 0 , 1234.21 , 2333.03 , 364.143 , -44.0961 , 1292.05
4251 , 0 , 1234.19 , 2332.91 , 364.146 , -44.1013 , 1292.06
4252 , 0 , 1234.17 , 2332.79 , 364.15 , -44.1066 , 1292.07
4253 , 0 , 1234.15 , 2332.67 , 364.154 , -44.1119 , 1292.07
4254 , 0 , 1234.13 , 2332.54 , 364.158 , -44.1172 , 1292.08
4255 , 0 , 1234.11 , 2332.42 , 364.162 , -44.1225 , 1292.09
4256 , 0 , 1234.1 , 2332.29 , 364.165 , -44.1278 , 1292.1
4257 , 0 , 1234.08 , 2332.16 , 364.169 , -44.1331 , 1292.11
4258 , 0 , 1234.06 , 2332.04 , 364.173 , -44.1385 , 1292.12
4259 , 0 , 1234.04 , 2331.91 , 364.177 , -44.1438 , 1292.13
4260 , 0 , 1234.02 , 2331.78 , 364.181 , -44.1492 , 1292.14
4261 , 0 , 1233.99 , 2331.64 , 364.185 , -44.1545 , 1292.15
4262 , 0 , 1233.97 , 2331.51 , 364.189 , -44.1599 , 1292.16
4263 , 0 , 1233.95 , 2331.38 , 364.193 , -44.1653 , 1292.17
4264 , 0 , 1233.93 , 2331.24 , 364.197 , -44.1708 , 1292.18
4265 , 0 , 1233.91 , 2331.1 , 364.201 , -44.1762 , 1292.19
4266 , 0 , 1233.89 , 2330.97 , 364.204 , -44.1816 , 1292.2
4267 , 0 , 1233.87 , 2330.83 , 364.208 , -44.1871 , 1292.21
4268 , 0 , 1233.84 , 2330.69 , 364.212 , -44.1925 , 1292.22
4269 , 0 , 1233.82 , 2330.55 , 364.216 , -44.198 , 1292.24
4270 , 0 , 1233.8 , 2330.4 , 364.22 , -44.2035 , 1292.25
4271 , 0 , 1233.78 , 2330.26 , 364.224 , -44.209 , 1292.26
4272 , 0 , 1233.76 , 2330.12 , 364.228 , -44.2145 , 1292.27
4273 , 0 , 1233.73 , 2329.97 , 364.232 , -44.2201 , 1292.29
4274 , 0 , 1233.71 , 2329.82 , 364.236 , -44.2256 , 1292.3
4275 , 0 , 1233.69 , 2329.68 , 364.24 , -44.2312 , 1292.31
4276 , 0 , 1233.66 , 2329.53 , 364.245 , -44.2367 , 1292.33
4277 , 0 , 1233.64 , 2329.38 , 364.249 , -44.2423 , 1292.34
4278 , 0 , 1233.62 , 2329.23 , 364.253 , -44.2479 , 1292.35
4279 , 0 , 1233.59 , 2329.07 , 364.257 , -44.2536 , 1292.37
4280 , 0 , 1233.57 , 2328.92 , 364.261 , -44.2592 , 1292.38
4281 , 0 , 1233.54 , 2328.76 , 364.265 , -44.2648 , 1292.4
4282 , 0 , 1233.52 , 2328.61 , 364.269 , -44.2705 , 1292.41
4283 , 0 , 1233.49 , 2328.45 , 364.273 , -44.2762 , 1292.43
4284 , 0 , 1233.47 , 2328.29 , 364.277 , -44.2819 , 1292.44
4285 , 0 , 1233.44 , 2328.13 , 364.282 , -44.2876 , 1292.46
4286 , 0 , 1233.42 , 2327.97 , 364.286 , -44.2933 , 1292.47
4287 , 0 , 1233.39 , 2327.81 , 364.29 , -44.299 , 1292.49
4288 , 0 , 1233.37 , 2327.65 , 364.294 , -44.3047 , 1292.5
4289 , 0 , 1233.34 , 2327.49 , 364.298 , -44.3105 , 1292.52
4290 , 0 , 1233.31 , 2327.32 , 364.302 , -44.3163 , 1292.54
4291 , 0 , 1233.29 , 2327.16 , 364.307 , -44.3221 , 1292.55
4292 , 0 , 1233.26 , 2326.99 , 364.311 , -44.3279 , 1292.57
4293 , 0 , 1233.24 , 2326.82 , 364.315 , -44.3337 , 1292.59
4294 , 0 , 1233.21 , 2326.65 , 364.319 , -44.3395 , 1292.61
4295 , 0 , 1233.18 , 2326.48 , 364.324 , -44.3454 , 1292.62
4296 , 0 , 1233.16 , 2326.31 , 364.328 , -44.3513 , 1292.64
4297 , 0 , 1233.13 , 2326.14 , 364.332 , -44.3571 , 1292.66
4298 , 0 , 1233.1 , 2325.96 , 364.337 , -44.363 , 1292.68
4299 , 0 , 1233.07 , 2325.79 , 364.341 , -44.369 , 1292.7
4300 , 0 , 1233.05 , 2325.61 , 364.345 , -44.3749 , 1292.72
4301 , 0 , 1233.02 , 2325.44 , 364.35 , -44.3808 , 1292.73
4302 , 0 , 1232.99 , 2325.26 , 364.354 , -44.3868 , 1292.75
4303 , 0 , 1232.96 , 2325.08 , 364.358 , -44.3928 , 1292.77
4304 , 0 , 1232.93 , 2324.9 , 364.363 , -44.3988 , 1292.79
4305 , 0 , 1232.9 , 2324.72 , 364.367 , -44.4048 , 1292.81
4306 , 0 , 1232.87 , 2324.54 , 364.371 , -44.4108 , 1292.83
4307 , 0 , 1232.85 , 2324.35 , 364.376 , -44.4168 , 1292.85
4308 , 0 , 1232.82 , 2324.17 , 364.38 , -44.4229 , 1292.87
4309 , 0 , 1232.79 , 2323.99 , 364.385 , -44.4289 , 1292.89
4310 , 0 , 1232.76 , 2323.8 , 364.389 , -44.435 , 1292.91
4311 , 0 , 1232.73 , 2323.61 , 364.393 , -44.4411 , 1292.94
4312 , 0 , 1232.7 , 2323.42 , 364.398 , -44.4473 , 1292.96
4313 , 0 , 1232.67 , 2323.24 , 364.402 , -44.4534 , 1292.98
4314 , 0 , 1232.64 , 2323.05 , 364.407 , -44.4595 , 1293
4315 , 0 , 1232.61 , 2322.85 , 364.411 , -44.4657 , 1293.02
4316 , 0 , 1232.58 , 2322.66 , 364.416 , -44.4719 , 1293.04
4317 , 0 , 1232.55 , 2322.47 , 364.42 , -44.4781 , 1293.07
4318 , 0 , 1232.52 , 2322.28 , 364.425 , -44.4843 , 1293.09
4319 , 0 , 1232.49 , 2322.08 , 364.429 , -44.4905 , 1293.11
4320 , 0 , 1232.45 , 2321.88 , 364.434 , -44.4968 , 1293.14
4321 , 0 , 1232.42 , 2321.69 , 364.438 , -44.503 , 1293.16
4322 , 0 , 1232.39 , 2321.49 , 364.443 , -44.5093 , 1293.18
4323 , 0 , 1232.36 , 2321.29 , 364.448 , -44.5156 , 1293.2
4324 , 0 , 1232.33 , 2321.09 , 364.452 , -44.5219 , 1293.23
4325 , 0 , 1232.3 , 2320.89 , 364.457 , -44.5283 , 1293.25
4326 , 0 , 1232.26 , 2320.69 , 364.461 , -44.5346 , 1293.28
4327 , 0 , 1232.23 , 2320.49 , 364.466 , -44.541 , 1293.3
4328 , 0 , 1232.2 , 2320.28 , 364.471 , -44.5473 , 1293.33
4329 , 0 , 1232.17 , 2320.08 , 364.475 , -44.5537 , 1293.35
4330 , 0 , 1232.13 , 2319.87 , 364.48 , -44.5601 , 1293.38
4331 , 0 , 1232.1 , 2319.67 , 364.484 , -44.5666 , 1293.4
4332 , 0 , 1232.07 , 2319.46 , 364.489 , -44.573 , 1293.43
4333 , 0 , 1232.04 , 2319.25 , 364.494 , -44.5795 , 1293.45
4334 , 0 , 1232 , 2319.04 , 364.499 , -44.586 , 1293.48
4335 , 0 , 1231.97 , 2318.83 , 364.503 , -44.5925 , 1293.5
4336 , 0 , 1231.94 , 2318.62 , 364.508 , -44.599 , 1293.53
4337 , 0 , 1231.9 , 2318.41 , 364.513 , -44.6055 , 1293.55
4338 , 0 , 1231.87 , 2318.2 , 364.517 , -44.612 , 1293.58
4339 , 0 , 1231.83 , 2317.99 , 364.522 , -44.6186 , 1293.61
4340 , 0 , 1231.8 , 2317.77 , 364.527 , -44.6252 , 1293.63
4341 , 0 , 1231.77 , 2317.56 , 364.532 , -44.6318 , 1293.66
4342 , 0 , 1231.73 , 2317.34 , 364.536 , -44.6384 , 1293.69
4343 , 0 , 1231.7 , 2317.13 , 364.541 , -44.645 , 1293.72
4344 , 0 , 1231.66 , 2316.91 , 364.546 , -44.6517 , 1293.74
4345 , 0 , 1231.63 , 2316.69 , 364.551 , -44.6583 , 1293.77
4346 , 0 , 1231.59 , 2316.47 , 364.555 , -44.665 , 1293.8
4347 , 0 , 1231.56 , 2316.25 , 364.56 , -44.6717 , 1293.83
4348 , 0 , 1231.52 , 2316.03 , 364.565 , -44.6784 , 1293.85
4349 , 0 , 1231.49 , 2315.81 , 364.57 , -44.6852 , 1293.88
4350 , 0 , 1231.45 , 2315.59 , 364.575 , -44.6919 , 1293.91
4351 , 0 , 1231.42 , 2315.37 , 364.58 , -44.6987 , 1293.94
4352 , 0 , 1231.38 , 2315.15 , 364.584 , -44.7055 , 1293.97
4353 , 0 , 1231.35 , 2314.92 , 364.589 , -44.7123 , 1294
4354 , 0 , 1231.31 , 2314.7 , 364.594 , -44.7191 , 1294.03
4355 , 0 , 1231.27 , 2314.47 , 364.599 , -44.7259 , 1294.05
4356 , 0 , 1231.24 , 2314.25 , 364.604 , -44.7328 , 1294.08
4357 , 0 , 1231.2 , 2314.02 , 364.609 , -44.7396 , 1294.11
4358 , 0 , 1231.17 , 2313.79 , 364.614 , -44.7465 , 1294.14
4359 , 0 , 1231.13 , 2313.57 , 364.618 , -44.7534 , 1294.17
4360 , 0 , 1231.09 , 2313.34 , 364.623 , -44.7603 , 1294.2
4361 , 0 , 1231.06 , 2313.11 , 364.628 , -44.7673 , 1294.23
4362 , 0 , 1231.02 , 2312.88 , 364.633 , -44.7742 , 1294.26
4363 , 0 , 1230.98 , 2312.65 , 364.638 , -44.7812 , 1294.29
4364 , 0 , 1230.95 , 2312.42 , 364.643 , -44.7882 , 1294.32
4365 , 0 , 1230.91 , 2312.18 , 364.648 , -44.7952 , 1294.35
4366 , 0 , 1230.87 , 2311.95 , 364.653 , -44.8022 , 1294.38
4367 , 0 , 1230.84 , 2311.72 , 364.658 , -44.8092 , 1294.41
4368 , 0 , 1230.8 , 2311.49 , 364.663 , -44.8163 , 1294.45
4369 , 0 , 1230.76 , 2311.25 , 364.668 , -44.8233 , 1294.48
4370 , 0 , 1230.72 , 2311.02 , 364.673 , -44.8304 , 1294.51
4371 , 0 , 1230.69 , 2310.78 , 364.678 , -44.8375 , 1294.54
4372 , 0 , 1230.65 , 2310.55 , 364.683 , -44.8447 , 1294.57
4373 , 0 , 1230.61 , 2310.31 , 364.688 , -44.8518 , 1294.6
4374 , 0 , 1230.57 , 2310.07 , 364.693 , -44.8589 , 1294.63
4375 , 0 , 1230.53 , 2309.84 , 364.698 , -44.8661 , 1294.67
4376 , 0 , 1230.5 , 2309.6 , 364.703 , -44.8733 , 1294.7
4377 , 0 , 1230.46 , 2309.36 , 364.708 , -44.8805 , 1294.73
4378 , 0 , 1230.42 , 2309.12 , 364.713 , -44.8877 , 1294.76
4379 , 0 , 1230.38 , 2308.88 , 364.718 , -44.895 , 1294.79
4380 , 0 , 1230.34 , 2308.64 , 364.723 , -44.9022 , 1294.83
4381 , 0 , 1230.3 , 2308.4 , 364.728 , -44.9095 , 1294.86
4382 , 0 , 1230.27 , 2308.16 , 364.733 , -44.9168 , 1294.89
4383 , 0 , 1230.23 , 2307.92 , 364.738 , -44.9241 , 1294.92
4384 , 0 , 1230.19 , 2307.68 , 364.743 , -44.9314 , 1294.96
4385 , 0 , 1230.15 , 2307.44 , 364.748 , -44.9387 , 1294.99
4386 , 0 , 1230.11 , 2307.19 , 364.753 , -44.9461 , 1295.02
4387 , 0 , 1230.07 , 2306.95 , 364.758 , -44.9535 , 1295.06
4388 , 0 , 1230.03 , 2306.71 , 364.763 , -44.9608 , 1295.09
4389 , 0 , 1229.99 , 2306.46 , 364.768 , -44.9683 , 1295.12
4390 , 0 , 1229.95 , 2306.22 , 364.773 , -44.9757 , 1295.15
4391 , 0 , 1229.92 , 2305.98 , 364.778 , -44.9831 , 1295.19
4392 , 0 , 1229.88 , 2305.73 , 364.783 , -44.9906 , 1295.22
4393 , 0 , 1229.84 , 2305.49 , 364.788 , -44.998 , 1295.26
4394 , 0 , 1229.8 , 2305.24 , 364.793 , -45.0055 , 1295.29
4395 , 0 , 1229.76 , 2304.99 , 364.798 , -45.013 , 1295.32
4396 , 0 , 1229.72 , 2304.75 , 364.803 , -45.0205 , 1295.36
4397 , 0 , 1229.68 , 2304.5 , 364.808 , -45.0281 , 1295.39
4398 , 0 , 1229.64 , 2304.25 , 364.813 , -45.0356 , 1295.42
4399 , 0 , 1229.6 , 2304.01 , 364.818 , -45.0432 , 1295.46
4400 , 0 , 1229.56 , 2303.76 , 364.823 , -45.0508 , 1295.49
4401 , 0 , 1229.52 , 2303.51 , 364.828 , -45.0584 , 1295.53
4402 , 0 , 1229.48 , 2303.26 , 364.833 , -45.066 , 1295.56
4403 , 0 , 1229.44 , 2303.02 , 364.838 , -45.0736 , 1295.59
4404 , 0 , 1229.4 , 2302.77 , 364.844 , -45.0813 , 1295.63
4405 , 0 , 1229.36 , 2302.52 , 364.849 , -45.0889 , 1295.66
4406 , 0 , 1229.32 , 2302.27 , 364.854 , -45.0966 , 1295.7
4407 , 0 , 1229.28 , 2302.02 , 364.859 , -45.1043 , 1295.73
4408 , 0 , 1229.24 , 2301.77 , 364.864 , -45.112 , 1295.77
4409 , 0 , 1229.2 , 2301.52 , 364.869 , -45.1197 , 1295.8
4410 , 0 , 1229.16 , 2301.27 , 364.874 , -45.1275 , 1295.84
4411 , 0 , 1229.12 , 2301.02 , 364.879 , -45.1352 , 1295.87
4412 , 0 , 1229.08 , 2300.77 , 364.884 , -45.143 , 1295.91
4413 , 0 , 1229.04 , 2300.52 , 364.889 , -45.1508 , 1295.94
4414 , 0 , 1229 , 2300.27 , 364.894 , -45.1586 , 1295.98
4415 , 0 , 1228.96 , 2300.02 , 364.899 , -45.1664 , 1296.01
4416 , 0 , 1228.92 , 2299.77 , 364.904 , -45.1743 , 1296.05
4417 , 0 , 1228.88 , 2299.52 , 364.909 , -45.1821 , 1296.08
4418 , 0 , 1228.84 , 2299.27 , 364.914 , -45.19 , 1296.12
4419 , 0 , 1228.79 , 2299.02 , 364.919 , -45.1979 , 1296.15
4420 , 0 , 1228.75 , 2298.76 , 364.924 , -45.2058 , 1296.19
4421 , 0 , 1228.71 , 2298.51 , 364.929 , -45.2137 , 1296.22
4422 , 0 , 1228.67 , 2298.26 , 364.934 , -45.2216 , 1296.26
4423 , 0 , 1228.63 , 2298.01 , 364.939 , -45.2296 , 1296.29
4424 , 0 , 1228.59 , 2297.76 , 364.944 , -45.2375 , 1296.33
4425 , 0 , 1228.55 , 2297.5 , 364.949 , -45.2455 , 1296.36
4426 , 0 , 1228.51 , 2297.25 , 364.954 , -45.2535 , 1296.4
4427 , 0 , 1228.47 , 2297 , 364.959 , -45.2615 , 1296.43
4428 , 0 , 1228.43 , 2296.75 , 364.964 , -45.2696 , 1296.47
4429 , 0 , 1228.39 , 2296.5 , 364.969 , -45.2776 , 1296.5
4430 , 0 , 1228.35 , 2296.24 , 364.974 , -45.2856 , 1296.54
4431 , 0 , 1228.3 , 2295.99 , 364.979 , -45.2937 , 1296.57
4432 , 0 , 1228.26 , 2295.74 , 364.984 , -45.3018 , 1296.61
4433 , 0 , 1228.22 , 2295.49 , 364.989 , -45.3099 , 1296.64
4434 , 0 , 1228.18 , 2295.23 , 364.994 , -45.318 , 1296.68
4435 , 0 , 1228.14 , 2294.98 , 364.999 , -45.3261 , 1296.71
4436 , 0 , 1228.1 , 2294.73 , 365.004 , -45.3343 , 1296.75
4437 , 0 , 1228.06 , 2294.48 , 365.009 , -45.3424 , 1296.78
4438 , 0 , 1228.02 , 2294.23 , 365.014 , -45.3506 , 1296.82
4439 , 0 , 1227.98 , 2293.97 , 365.019 , -45.3588 , 1296.86
4440 , 0 , 1227.93 , 2293.72 , 365.024 , -45.367 , 1296.89
4441 , 0 , 1227.89 , 2293.47 , 365.029 , -45.3752 , 1296.93
4442 , 0 , 1227.85 , 2293.22 , 365.034 , -45.3834 , 1296.96
4443 , 0 , 1227.81 , 2292.97 , 365.039 , -45.3917 , 1297
4444 , 0 , 1227.77 , 2292.71 , 365.044 , -45.3999 , 1297.03
4445 , 0 , 1227.73 , 2292.46 , 365.049 , -45.4082 , 1297.07
4446 , 0 , 1227.69 , 2292.21 , 365.054 , -45.4165 , 1297.1
4447 , 0 , 1227.65 , 2291.96 , 365.059 , -45.4248 , 1297.14
4448 , 0 , 1227.61 , 2291.71 , 365.064 , -45.4331 , 1297.17
4449 , 0 , 1227.57 , 2291.46 , 365.069 , -45.4415 , 1297.21
4450 , 0 , 1227.52 , 2291.2 , 365.074 , -45.4498 , 1297.24
4451 , 0 , 1227.48 , 2290.95 , 365.078 , -45.4582 , 1297.28
4452 , 0 , 1227.44 , 2290.7 , 365.083 , -45.4665 , 1297.31
4453 , 0 , 1227.4 , 2290.45 , 365.088 , -45.4749 , 1297.35
4454 , 0 , 1227.36 , 2290.2 , 365.093 , -45.4833 , 1297.39
4455 , 0 , 1227.32 , 2289.95 , 365.098 , -45.4917 , 1297.42
4456 , 0 , 1227.28 , 2289.7 , 365.103 , -45.5002 , 1297.46
4457 , 0 , 1227.24 , 2289.45 , 365.108 , -45.5086 , 1297.49
4458 , 0 , 1227.19 , 2289.2 , 365.113 , -45.5171 , 1297.53
4459 , 0 , 1227.15 , 2288.95 , 365.117 , -45.5255 , 1297.56
4460 , 0 , 1227.11 , 2288.7 , 365.122 , -45.534 , 1297.6
4461 , 0 , 1227.07 , 2288.45 , 365.127 , -45.5425 , 1297.63
4462 , 0 , 1227.03 , 2288.2 , 365.132 , -45.551 , 1297.67
4463 , 0 , 1226.99 , 2287.95 , 365.137 , -45.5595 , 1297.7
4464 , 0 , 1226.95 , 2287.7 , 365.141 , -45.5681 , 1297.74
4465 , 0 , 1226.91 , 2287.45 , 365.146 , -45.5766 , 1297.77
4466 , 0 , 1226.87 , 2287.2 , 365.151 , -45.5852 , 1297.81
4467 , 0 , 1226.82 , 2286.95 , 365.156 , -45.5938 , 1297.84
4468 , 0 , 1226.78 , 2286.7 , 365.16 , -45.6024 , 1297.88
4469 , 0 , 1226.74 , 2286.45 , 365.165 , -45.611 , 1297.91
4470 , 0 , 1226.7 , 2286.2 , 365.17 , -45.6196 , 1297.95
4471 , 0 , 1226.66 , 2285.95 , 365.175 , -45.6282 , 1297.98
4472 , 0 , 1226.62 , 2285.7 , 365.179 , -45.6369 , 1298.01
4473 , 0 , 1226.58 , 2285.46 , 365.184 , -45.6455 , 1298.05
4474 , 0 , 1226.54 , 2285.21 , 365.189 , -45.6542 , 1298.08
4475 , 0 , 1226.49 , 2284.96 , 365.194 , -45.6629 , 1298.12
4476 , 0 , 1226.45 , 2284.71 , 365.198 , -45.6716 , 1298.15
4477 , 0 , 1226.41 , 2284.46 , 365.203 , -45.6803 , 1298.19
4478 , 0 , 1226.37 , 2284.22 , 365.208 , -45.689 , 1298.22
4479 , 0 , 1226.33 , 2283.97 , 365.212 , -45.6977 , 1298.26
4480 , 0 , 1226.29 , 2283.72 , 365.217 , -45.7065 , 1298.29
4481 , 0 , 1226.25 , 2283.47 , 365.222 , -45.7152 , 1298.33
4482 , 0 , 1226.21 , 2283.22 , 365.226 , -45.724 , 1298.36
4483 , 0 , 1226.16 , 2282.98 , 365.231 , -45.7328 , 1298.39
4484 , 0 , 1226.12 , 2282.73 , 365.236 , -45.7416 , 1298.43
4485 , 0 , 1226.08 , 2282.48 , 365.24 , -45.7504 , 1298.46
4486 , 0 , 1226.04 , 2282.24 , 365.245 , -45.7592 , 1298.5
4487 , 0 , 1226 , 2281.99 , 365.249 , -45.7681 , 1298.53
4488 , 0 , 1225.96 , 2281.74 , 365.254 , -45.7769 , 1298.57
4489 , 0 , 1225.92 , 2281.5 , 365.259 , -45.7858 , 1298.6
4490 , 0 , 1225.88 , 2281.25 , 365.263 , -45.7947 , 1298.63
4491 , 0 , 1225.83 , 2281.01 , 365.268 , -45.8035 , 1298.67
4492 , 0 , 1225.79 , 2280.76 , 365.272 , -45.8124 , 1298.7
4493 , 0 , 1225.75 , 2280.51 , 365.277 , -45.8214 , 1298.74
4494 , 0 , 1225.71 , 2280.27 , 365.282 , -45.8303 , 1298.77
4495 , 0 , 1225.67 , 2280.02 , 365.286 , -45.8392 , 1298.8
4496 , 0 , 1225.63 , 2279.78 , 365.291 , -45.8482 , 1298.84
4497 , 0 , 1225.59 , 2279.53 , 365.295 , -45.8571 , 1298.87
4498 , 0 , 1225.55 , 2279.29 , 365.3 , -45.8661 , 1298.91
4499 , 0 , 1225.5 , 2279.05 , 365.304 , -45.8751 , 1298.94
4500 , 0 , 1225.46 , 2278.8 , 365.309 , -45.8841 , 1298.97
4501 , 0 , 1225.42 , 2278.56 , 365.313 , -45.8931 , 1299.01
4502 , 0 , 1225.38 , 2278.31 , 365.318 , -45.9021 , 1299.04
4503 , 0 , 1225.34 , 2278.07 , 365.322 , -45.9111 , 1299.07
4504 , 0 , 1225.3 , 2277.82 , 365.327 , -45.9201 , 1299.11
4505 , 0 , 1225.26 , 2277.58 , 365.331 , -45.9292 , 1299.14
4506 , 0 , 1225.22 , 2277.34 , 365.335 , -45.9383 , 1299.17
4507 , 0 , 1225.17 , 2277.1 , 365.34 , -45.9473 , 1299.21
4508 , 0 , 1225.13 , 2276.85 , 365.344 , -45.9564 , 1299.24
4509 , 0 , 1225.09 , 2276.61 , 365.349 , -45.9655 , 1299.27
4510 , 0 , 1225.05 , 2276.37 , 365.353 , -45.9746 , 1299.31
4511 , 0 , 1225.01 , 2276.13 , 365.357 , -45.9837 , 1299.34
4512 , 0 , 1224.97 , 2275.88 , 365.362 , -45.9928 , 1299.37
4513 , 0 , 1224.93 , 2275.64 , 365.366 , -46.002 , 1299.41
4514 , 0 , 1224.89 , 2275.4 , 365.371 , -46.0111 , 1299.44
4515 , 0 , 1224.84 , 2275.16 , 365.375 , -46.0203 , 1299.47
4516 , 0 , 1224.8 , 2274.92 , 365.379 , -46.0294 , 1299.51
4517 , 0 , 1224.76 , 2274.68 , 365.384 , -46.0386 , 1299.54
4518 , 0 , 1224.72 , 2274.44 , 365.388 , -46.0478 , 1299.57
4519 , 0 , 1224.68 , 2274.2 , 365.392 , -46.057 , 1299.6
4520 , 0 , 1224.64 , 2273.96 , 365.397 , -46.0662 , 1299.64
4521 , 0 , 1224.6 , 2273.72 , 365.401 , -46.0754 , 1299.67
4522 , 0 , 1224.56 , 2273.48 , 365.405 , -46.0846 , 1299.7
4523 , 0 , 1224.52 , 2273.24 , 365.409 , -46.0939 , 1299.73
4524 , 0 , 1224.48 , 2273 , 365.414 , -46.1031 , 1299.77
4525 , 0 , 1224.43 , 2272.76 , 365.418 , -46.1124 , 1299.8
4526 , 0 , 1224.39 , 2272.52 , 365.422 , -46.1216 , 1299.83
4527 , 0 , 1224.35 , 2272.28 , 365.426 , -46.1309 , 1299.86
4528 , 0 , 1224.31 , 2272.05 , 365.431 , -46.1402 , 1299.9
4529 , 0 , 1224.27 , 2271.81 , 365.435 , -46.1495 , 1299.93
4530 , 0 , 1224.23 , 2271.57 , 365.439 , -46.1588 , 1299.96
4531 , 0 , 1224.19 , 2271.33 , 365.443 , -46.1681 , 1299.99
4532 , 0 , 1224.15 , 2271.1 , 365.447 , -46.1774 , 1300.02
4533 , 0 , 1224.11 , 2270.86 , 365.452 , -46.1867 , 1300.05
4534 , 0 , 1224.07 , 2270.62 , 365.456 , -46.1961 , 1300.09
4535 , 0 , 1224.02 , 2270.39 , 365.46 , -46.2054 , 1300.12
4536 , 0 , 1223.98 , 2270.15 , 365.464 , -46.2148 , 1300.15
4537 , 0 , 1223.94 , 2269.92 , 365.468 , -46.2242 , 1300.18
4538 , 0 , 1223.9 , 2269.68 , 365.472 , -46.2335 , 1300.21
4539 , 0 , 1223.86 , 2269.45 , 365.476 , -46.2429 , 1300.24
4540 , 0 , 1223.82 , 2269.21 , 365.48 , -46.2523 , 1300.28
4541 , 0 , 1223.78 , 2268.98 , 365.484 , -46.2617 , 1300.31
4542 , 0 , 1223.74 , 2268.75 , 365.488 , -46.2711 , 1300.34
4543 , 0 , 1223.7 , 2268.51 , 365.493 , -46.2805 , 1300.37
4544 , 0 , 1223.66 , 2268.28 , 365.497 , -46.2899 , 1300.4
4545 , 0 , 1223.62 , 2268.05 , 365.501 , -46.2994 , 1300.43
4546 , 0 , 1223.58 , 2267.81 , 365.505 , -46.3088 , 1300.46
4547 , 0 , 1223.54 , 2267.58 , 365.509 , -46.3183 , 1300.49
4548 , 0 , 1223.5 , 2267.35 , 365.513 , -46.3277 , 1300.52
4549 , 0 , 1223.45 , 2267.12 , 365.517 , -46.3372 , 1300.55
4550 , 0 , 1223.41 , 2266.89 , 365.521 , -46.3467 , 1300.58
4551 , 0 , 1223.37 , 2266.65 , 365.524 , -46.3562 , 1300.61
4552 , 0 , 1223.33 , 2266.42 , 365.528 , -46.3656 , 1300.65
4553 , 0 , 1223.29 , 2266.19 , 365.532 , -46.3751 , 1300.68
4554 , 0 , 1223.25 , 2265.96 , 365.536 , -46.3846 , 1300.71
4555 , 0 , 1223.21 , 2265.73 , 365.54 , -46.3942 , 1300.74
4556 , 0 , 1223.17 , 2265.5 , 365.544 , -46.4037 , 1300.77
4557 , 0 , 1223.13 , 2265.28 , 365.548 , -46.4132 , 1300.8
4558 , 0 , 1223.09 , 2265.05 , 365.552 , -46.4228 , 1300.83
4559 , 0 , 1223.05 , 2264.82 , 365.556 , -46.4323 , 1300.86
4560 , 0 , 1223.01 , 2264.59 , 365.56 , -46.4419 , 1300.89
4561 , 0 , 1222.97 , 2264.36 , 365.563 , -46.4514 , 1300.92
4562 , 0 , 1222.93 , 2264.14 , 365.567 , -46.461 , 1300.95
4563 , 0 , 1222.89 , 2263.91 , 365.571 , -46.4706 , 1300.97
4564 , 0 , 1222.85 , 2263.68 , 365.575 , -46.4802 , 1301
4565 , 0 , 1222.81 , 2263.46 , 365.578 , -46.4898 , 1301.03
4566 , 0 , 1222.77 , 2263.23 , 365.582 , -46.4994 , 1301.06
4567 , 0 , 1222.73 , 2263 , 365.586 , -46.509 , 1301.09
4568 , 0 , 1222.69 , 2262.78 , 365.59 , -46.5186 , 1301.12
4569 , 0 , 1222.65 , 2262.55 , 365.593 , -46.5282 , 1301.15
4570 , 0 , 1222.61 , 2262.33 , 365.597 , -46.5379 , 1301.18
4571 , 0 , 1222.57 , 2262.11 , 365.601 , -46.5475 , 1301.21
4572 , 0 , 1222.53 , 2261.88 , 365.604 , -46.5572 , 1301.24
4573 , 0 , 1222.49 , 2261.66 , 365.608 , -46.5668 , 1301.27
4574 , 0 , 1222.45 , 2261.44 , 365.612 , -46.5765 , 1301.29
4575 , 0 , 1222.41 , 2261.21 , 365.615 , -46.5861 , 1301.32
4576 , 0 , 1222.37 , 2260.99 , 365.619 , -46.5958 , 1301.35
4577 , 0 , 1222.33 , 2260.77 , 365.623 , -46.6055 , 1301.38
4578 , 0 , 1222.29 , 2260.55 , 365.626 , -46.6152 , 1301.41
4579 , 0 , 1222.25 , 2260.32 , 365.63 , -46.6249 , 1301.44
4580 , 0 , 1222.21 , 2260.1 , 365.633 , -46.6346 , 1301.46
4581 , 0 , 1222.17 , 2259.88 , 365.637 , -46.6443 , 1301.49
4582 , 0 , 1222.13 , 2259.66 , 365.641 , -46.6541 , 1301.52
4583 , 0 , 1222.09 , 2259.44 , 365.644 , -46.6638 , 1301.55
4584 , 0 , 1222.05 , 2259.22 , 365.648 , -46.6735 , 1301.58
4585 , 0 , 1222.01 , 2259 , 365.651 , -46.6833 , 1301.6
4586 , 0 , 1221.97 , 2258.79 , 365.655 , -46.693 , 1301.63
4587 , 0 , 1221.93 , 2258.57 , 365.658 , -46.7028 , 1301.66
4588 , 0 , 1221.89 , 2258.35 , 365.661 , -46.7126 , 1301.69
4589 , 0 , 1221.85 , 2258.13 , 365.665 , -46.7223 , 1301.71
4590 , 0 , 1221.82 , 2257.91 , 365.668 , -46.7321 , 1301.74
4591 , 0 , 1221.78 , 2257.7 , 365.672 , -46.7419 , 1301.77
4592 , 0 , 1221.74 , 2257.48 , 365.675 , -46.7517 , 1301.79
4593 , 0 , 1221.7 , 2257.26 , 365.679 , -46.7615 , 1301.82
4594 , 0 , 1221.66 , 2257.05 , 365.682 , -46.7713 , 1301.85
4595 , 0 , 1221.62 , 2256.83 , 365.685 , -46.7812 , 1301.88
4596 , 0 , 1221.58 , 2256.62 , 365.689 , -46.791 , 1301.9
4597 , 0 , 1221.54 , 2256.4 , 365.692 , -46.8008 , 1301.93
4598 , 0 , 1221.5 , 2256.19 , 365.695 , -46.8107 , 1301.96
4599 , 0 , 1221.46 , 2255.97 , 365.699 , -46.8205 , 1301.98
4600 , 0 , 1221.42 , 2255.76 , 365.702 , -46.8304 , 1302.01
4601 , 0 , 1221.38 , 2255.55 , 365.705 , -46.8402 , 1302.03
4602 , 0 , 1221.34 , 2255.33 , 365.708 , -46.8501 , 1302.06
4603 , 0 , 1221.3 , 2255.12 , 365.712 , -46.86 , 1302.09
4604 , 0 , 1221.27 , 2254.91 , 365.715 , -46.8699 , 1302.11
4605 , 0 , 1221.23 , 2254.7 , 365.718 , -46.8798 , 1302.14
4606 , 0 , 1221.19 , 2254.48 , 365.721 , -46.8897 , 1302.16
4607 , 0 , 1221.15 , 2254.27 , 365.725 , -46.8996 , 1302.19
4608 , 0 , 1221.11 , 2254.06 , 365.728 , -46.9095 , 1302.22
4609 , 0 , 1221.07 , 2253.85 , 365.731 , -46.9194 , 1302.24
4610 , 0 , 1221.03 , 2253.64 , 365.734 , -46.9294 , 1302.27
4611 , 0 , 1220.99 , 2253.43 , 365.737 , -46.9393 , 1302.29
4612 , 0 , 1220.95 , 2253.22 , 365.74 , -46.9492 , 1302.32
4613 , 0 , 1220.92 , 2253.01 , 365.743 , -46.9592 , 1302.34
4614 , 0 , 1220.88 , 2252.81 , 365.747 , -46.9691 , 1302.37
4615 , 0 , 1220.84 , 2252.6 , 365.75 , -46.9791 , 1302.39
4616 , 0 , 1220.8 , 2252.39 , 365.753 , -46.9891 , 1302.42
4617 , 0 , 1220.76 , 2252.18 , 365.756 , -46.9991 , 1302.44
4618 , 0 , 1220.72 , 2251.97 , 365.759 , -47.0091 , 1302.47
4619 , 0 , 1220.68 , 2251.77 , 365.762 , -47.0191 , 1302.49
4620 , 0 , 1220.65 , 2251.56 , 365.765 , -47.0291 , 1302.52
4621 , 0 , 1220.61 , 2251.35 , 365.768 , -47.0391 , 1302.54
4622 , 0 , 1220.57 , 2251.15 , 365.771 , -47.0491 , 1302.57
4623 , 0 , 1220.53 , 2250.94 , 365.774 , -47.0591 , 1302.59
4624 , 0 , 1220.49 , 2250.74 , 365.777 , -47.0692 , 1302.62
4625 , 0 , 1220.45 , 2250.53 , 365.78 , -47.0792 , 1302.64
4626 , 0 , 1220.41 , 2250.33 , 365.783 , -47.0892 , 1302.66
4627 , 0 , 1220.38 , 2250.12 , 365.786 , -47.0993 , 1302.69
4628 , 0 , 1220.34 , 2249.92 , 365.788 , -47.1094 , 1302.71
4629 , 0 , 1220.3 , 2249.72 , 365.791 , -47.1194 , 1302.74
4630 , 0 , 1220.26 , 2249.51 , 365.794 , -47.1295 , 1302.76
4631 , 0 , 1220.22 , 2249.31 , 365.797 , -47.1396 , 1302.78
4632 , 0 , 1220.18 , 2249.11 , 365.8 , -47.1497 , 1302.81
4633 , 0 , 1220.15 , 2248.91 , 365.803 , -47.1598 , 1302.83
4634 , 0 , 1220.11 , 2248.71 , 365.806 , -47.1699 , 1302.85
4635 , 0 , 1220.07 , 2248.5 , 365.808 , -47.18 , 1302.88
4636 , 0 , 1220.03 , 2248.3 , 365.811 , -47.1901 , 1302.9
4637 , 0 , 1219.99 , 2248.1 , 365.814 , -47.2002 , 1302.92
4638 , 0 , 1219.96 , 2247.9 , 365.817 , -47.2104 , 1302.95
4639 , 0 , 1219.92 , 2247.7 , 365.819 , -47.2205 , 1302.97
4640 , 0 , 1219.88 , 2247.5 , 365.822 , -47.2306 , 1302.99
4641 , 0 , 1219.84 , 2247.3 , 365.825 , -47.2408 , 1303.02
4642 , 0 , 1219.8 , 2247.1 , 365.828 , -47.251 , 1303.04
4643 , 0 , 1219.76 , 2246.91 , 365.83 , -47.2611 , 1303.06
4644 , 0 , 1219.73 , 2246.71 , 365.833 , -47.2713 , 1303.08
4645 , 0 , 1219.69 , 2246.51 , 365.836 , -47.2815 , 1303.11
4646 , 0 , 1219.65 , 2246.31 , 365.838 , -47.2917 , 1303.13
4647 , 0 , 1219.61 , 2246.11 , 365.841 , -47.3019 , 1303.15
4648 , 0 , 1219.58 , 2245.92 , 365.843 , -47.3121 , 1303.17
4649 , 0 , 1219.54 , 2245.72 , 365.846 , -47.3223 , 1303.2
4650 , 0 , 1219.5 , 2245.52 , 365.849 , -47.3325 , 1303.22
4651 , 0 , 1219.46 , 2245.33 , 365.851 , -47.3427 , 1303.24
4652 , 0 , 1219.42 , 2245.13 , 365.854 , -47.3529 , 1303.26
4653 , 0 , 1219.39 , 2244.94 , 365.856 , -47.3632 , 1303.28
4654 , 0 , 1219.35 , 2244.74 , 365.859 , -47.3734 , 1303.31
4655 , 0 , 1219.31 , 2244.55 , 365.861 , -47.3837 , 1303.33
4656 , 0 , 1219.27 , 2244.35 , 365.864 , -47.3939 , 1303.35
4657 , 0 , 1219.24 , 2244.16 , 365.866 , -47.4042 , 1303.37
4658 , 0 , 1219.2 , 2243.96 , 365.869 , -47.4145 , 1303.39
4659 , 0 , 1219.16 , 2243.77 , 365.871 , -47.4247 , 1303.41
4660 , 0 , 1219.12 , 2243.58 , 365.874 , -47.435 , 1303.44
4661 , 0 , 1219.08 , 2243.39 , 365.876 , -47.4453 , 1303.46
4662 , 0 , 1219.05 , 2243.19 , 365.879 , -47.4556 , 1303.48
4663 , 0 , 1219.01 , 2243 , 365.881 , -47.4659 , 1303.5
4664 , 0 , 1218.97 , 2242.81 , 365.883 , -47.4762 , 1303.52
4665 , 0 , 1218.93 , 2242.62 , 365.886 , -47.4865 , 1303.54
4666 , 0 , 1218.9 , 2242.42 , 365.888 , -47.4969 , 1303.56
4667 , 0 , 1218.86 , 2242.23 , 365.891 , -47.5072 , 1303.58
4668 , 0 , 1218.82 , 2242.04 , 365.893 , -47.5175 , 1303.6
4669 , 0 , 1218.78 , 2241.85 , 365.895 , -47.5279 , 1303.62
4670 , 0 , 1218.75 , 2241.66 , 365.898 , -47.5382 , 1303.65
4671 , 0 , 1218.71 , 2241.47 , 365.9 , -47.5486 , 1303.67
4672 , 0 , 1218.67 , 2241.28 , 365.902 , -47.5589 , 1303.69
4673 , 0 , 1218.63 , 2241.09 , 365.904 , -47.5693 , 1303.71
4674 , 0 , 1218.6 , 2240.9 , 365.907 , -47.5797 , 1303.73
4675 , 0 , 1218.56 , 2240.72 , 365.909 , -47.5901 , 1303.75
4676 , 0 , 1218.52 , 2240.53 , 365.911 , -47.6005 , 1303.77
4677 , 0 , 1218.49 , 2240.34 , 365.913 , -47.6109 , 1303.79
4678 , 0 , 1218.45 , 2240.15 , 365.915 , -47.6213 , 1303.81
4679 , 0 , 1218.41 , 2239.96 , 365.918 , -47.6317 , 1303.83
4680 , 0 , 1218.37 , 2239.78 , 365.92 , -47.6421 , 1303.85
4681 , 0 , 1218.34 , 2239.59 , 365.922 , -47.6525 , 1303.87
4682 , 0 , 1218.3 , 2239.4 , 365.924 , -47.663 , 1303.89
4683 , 0 , 1218.26 , 2239.22 , 365.926 , -47.6734 , 1303.91
4684 , 0 , 1218.23 , 2239.03 , 365.928 , -47.6838 , 1303.93
4685 , 0 , 1218.19 , 2238.84 , 365.931 , -47.6943 , 1303.95
4686 , 0 , 1218.15 , 2238.66 , 365.933 , -47.7048 , 1303.96
4687 , 0 , 1218.11 , 2238.47 , 365.935 , -47.7152 , 1303.98
4688 , 0 , 1218.08 , 2238.29 , 365.937 , -47.7257 , 1304
4689 , 0 , 1218.04 , 2238.1 , 365.939 , -47.7362 , 1304.02
4690 , 0 , 1218 , 2237.92 , 365.941 , -47.7467 , 1304.04
4691 , 0 , 1217.97 , 2237.73 , 365.943 , -47.7572 , 1304.06
4692 , 0 , 1217.93 , 2237.55 , 365.945 , -47.7677 , 1304.08
4693 , 0 , 1217.89 , 2237.37 , 365.947 , -47.7782 , 1304.1
4694 , 0 , 1217.85 , 2237.18 , 365.949 , -47.7887 , 1304.12
4695 , 0 , 1217.82 , 2237 , 365.951 , -47.7992 , 1304.14
4696 , 0 , 1217.78 , 2236.82 , 365.953 , -47.8097 , 1304.16
4697 , 0 , 1217.74 , 2236.63 , 365.955 , -47.8202 , 1304.17
4698 , 0 , 1217.71 , 2236.45 , 365.957 , -47.8308 , 1304.19
4699 , 0 , 1217.67 , 2236.27 , 365.959 , -47.8413 , 1304.21
4700 , 0 , 1217.63 , 2236.09 , 365.961 , -47.8519 , 1304.23
4701 , 0 , 1217.6 , 2235.9 , 365.962 , -47.8624 , 1304.25
4702 , 0 , 1217.56 , 2235.72 , 365.964 , -47.873 , 1304.27
4703 , 0 , 1217.52 , 2235.54 , 365.966 , -47.8836 , 1304.28
4704 , 0 , 1217.48 , 2235.36 , 365.968 , -47.8941 , 1304.3
4705 , 0 , 1217.45 , 2235.18 , 365.97 , -47.9047 , 1304.32
4706 , 0 , 1217.41 , 2235 , 365.972 , -47.9153 , 1304.34
4707 , 0 , 1217.37 , 2234.82 , 365.974 , -47.9259 , 1304.36
4708 , 0 , 1217.34 , 2234.64 , 365.975 , -47.9365 , 1304.38
4709 , 0 , 1217.3 , 2234.46 , 365.977 , -47.9471 , 1304.39
4710 , 0 , 1217.26 , 2234.28 , 365.979 , -47.9577 , 1304.41
4711 , 0 , 1217.23 , 2234.1 , 365.981 , -47.9683 , 1304.43
4712 , 0 , 1217.19 , 2233.92 , 365.982 , -47.979 , 1304.45
4713 , 0 , 1217.15 , 2233.74 , 365.984 , -47.9896 , 1304.46
4714 , 0 , 1217.12 , 2233.56 , 365.986 , -48.0003 , 1304.48
4715 , 0 , 1217.08 , 2233.39 , 365.988 , -48.0109 , 1304.5
4716 , 0 , 1217.04 , 2233.21 , 365.989 , -48.0215 , 1304.52
4717 , 0 , 1217.01 , 2233.03 , 365.991 , -48.0322 , 1304.53
4718 , 0 , 1216.97 , 2232.85 , 365.993 , -48.0429 , 1304.55
4719 , 0 , 1216.93 , 2232.67 , 365.994 , -48.0536 , 1304.57
4720 , 0 , 1216.9 , 2232.5 , 365.996 , -48.0642 , 1304.59
4721 , 0 , 1216.86 , 2232.32 , 365.998 , -48.0749 , 1304.6
4722 , 0 , 1216.82 , 2232.14 , 365.999 , -48.0856 , 1304.62
4723 , 0 , 1216.79 , 2231.97 , 366.001 , -48.0963 , 1304.64
4724 , 0 , 1216.75 , 2231.79 , 366.002 , -48.107 , 1304.65
4725 , 0 , 1216.71 , 2231.61 , 366.004 , -48.1177 , 1304.67
4726 , 0 , 1216.68 , 2231.44 , 366.006 , -48.1285 , 1304.69
4727 , 0 , 1216.64 , 2231.26 , 366.007 , -48.1392 , 1304.7
4728 , 0 , 1216.6 , 2231.09 , 366.009 , -48.1499 , 1304.72
4729 , 0 , 1216.57 , 2230.91 , 366.01 , -48.1607 , 1304.74
4730 , 0 , 1216.53 , 2230.74 , 366.012 , -48.1714 , 1304.75
4731 , 0 , 1216.49 , 2230.56 , 366.013 , -48.1822 , 1304.77
4732 , 0 , 1216.46 , 2230.39 , 366.015 , -48.1929 , 1304.79
4733 , 0 , 1216.42 , 2230.21 , 366.016 , -48.2037 , 1304.8
4734 , 0 , 1216.38 , 2230.04 , 366.018 , -48.2144 , 1304.82
4735 , 0 , 1216.35 , 2229.86 , 366.019 , -48.2252 , 1304.84
4736 , 0 , 1216.31 , 2229.69 , 366.021 , -48.236 , 1304.85
4737 , 0 , 1216.27 , 2229.52 , 366.022 , -48.2468 , 1304.87
4738 , 0 , 1216.24 , 2229.34 , 366.023 , -48.2576 , 1304.89
4739 , 0 , 1216.2 , 2229.17 , 366.025 , -48.2684 , 1304.9
4740 , 0 , 1216.16 , 2228.99 , 366.026 , -48.2792 , 1304.92
4741 , 0 , 1216.13 , 2228.82 , 366.028 , -48.29 , 1304.93
4742 , 0 , 1216.09 , 2228.65 , 366.029 , -48.3008 , 1304.95
4743 , 0 , 1216.06 , 2228.48 , 366.03 , -48.3117 , 1304.97
4744 , 0 , 1216.02 , 2228.3 , 366.032 , -48.3225 , 1304.98
4745 , 0 , 1215.98 , 2228.13 , 366.033 , -48.3334 , 1305
4746 , 0 , 1215.95 , 2227.96 , 366.034 , -48.3442 , 1305.01
4747 , 0 , 1215.91 , 2227.79 , 366.036 , -48.3551 , 1305.03
4748 , 0 , 1215.87 , 2227.62 , 366.037 , -48.3659 , 1305.04
4749 , 0 , 1215.84 , 2227.45 , 366.038 , -48.3768 , 1305.06
4750 , 0 , 1215.8 , 2227.27 , 366.039 , -48.3877 , 1305.08
4751 , 0 , 1215.76 , 2227.1 , 366.041 , -48.3985 , 1305.09
4752 , 0 , 1215.73 , 2226.93 , 366.042 , -48.4094 , 1305.11
4753 , 0 , 1215.69 , 2226.76 , 366.043 , -48.4203 , 1305.12
4754 , 0 , 1215.65 , 2226.59 , 366.044 , -48.4312 , 1305.14
4755 , 0 , 1215.62 , 2226.42 , 366.045 , -48.4421 , 1305.15
4756 , 0 , 1215.58 , 2226.25 , 366.047 , -48.4531 , 1305.17
4757 , 0 , 1215.55 , 2226.08 , 366.048 , -48.464 , 1305.18
4758 , 0 , 1215.51 , 2225.91 , 366.049 , -48.4749 , 1305.2
4759 , 0 , 1215.47 , 2225.74 , 366.05 , -48.4858 , 1305.21
4760 , 0 , 1215.44 , 2225.57 , 366.051 , -48.4968 , 1305.23
4761 , 0 , 1215.4 , 2225.4 , 366.052 , -48.5077 , 1305.24
4762 , 0 , 1215.36 , 2225.23 , 366.054 , -48.5187 , 1305.26
4763 , 0 , 1215.33 , 2225.06 , 366.055 , -48.5297 , 1305.27
4764 , 0 , 1215.29 , 2224.9 , 366.056 , -48.5406 , 1305.29
4765 , 0 , 1215.25 , 2224.73 , 366.057 , -48.5516 , 1305.3
4766 , 0 , 1215.22 , 2224.56 , 366.058 , -48.5626 , 1305.32
4767 , 0 , 1215.18 , 2224.39 , 366.059 , -48.5736 , 1305.33
4768 , 0 , 1215.14 , 2224.22 , 366.06 , -48.5846 , 1305.35
4769 , 0 , 1215.11 , 2224.05 , 366.061 , -48.5956 , 1305.36
4770 , 0 , 1215.07 , 2223.89 , 366.062 , -48.6066 , 1305.37
4771 , 0 , 1215.04 , 2223.72 , 366.063 , -48.6176 , 1305.39
4772 , 0 , 1215 , 2223.55 , 366.064 , -48.6286 , 1305.4
4773 , 0 , 1214.96 , 2223.38 , 366.065 , -48.6396 , 1305.42
4774 , 0 , 1214.93 , 2223.22 , 366.066 , -48.6507 , 1305.43
4775 , 0 , 1214.89 , 2223.05 , 366.067 , -48.6617 , 1305.45
4776 , 0 , 1214.85 , 2222.88 , 366.068 , -48.6728 , 1305.46
4777 , 0 , 1214.82 , 2222.72 , 366.069 , -48.6838 , 1305.47
4778 , 0 , 1214.78 , 2222.55 , 366.07 , -48.6949 , 1305.49
4779 , 0 , 1214.74 , 2222.38 , 366.071 , -48.706 , 1305.5
4780 , 0 , 1214.71 , 2222.22 , 366.072 , -48.717 , 1305.52
4781 , 0 , 1214.67 , 2222.05 , 366.073 , -48.7281 , 1305.53
4782 , 0 , 1214.64 , 2221.89 , 366.074 , -48.7392 , 1305.54
4783 , 0 , 1214.6 , 2221.72 , 366.074 , -48.7503 , 1305.56
4784 , 0 , 1214.56 , 2221.55 , 366.075 , -48.7614 , 1305.57
4785 , 0 , 1214.53 , 2221.39 , 366.076 , -48.7725 , 1305.59
4786 , 0 , 1214.49 , 2221.22 , 366.077 , -48.7836 , 1305.6
4787 , 0 , 1214.45 , 2221.06 , 366.078 , -48.7947 , 1305.61
4788 , 0 , 1214.42 , 2220.89 , 366.079 , -48.8059 , 1305.63
4789 , 0 , 1214.38 , 2220.73 , 366.079 , -48.817 , 1305.64
4790 , 0 , 1214.34 , 2220.56 , 366.08 , -48.8282 , 1305.65
4791 , 0 , 1214.31 , 2220.4 , 366.081 , -48.8393 , 1305.67
4792 , 0 , 1214.27 , 2220.23 , 366.082 , -48.8505 , 1305.68
4793 , 0 , 1214.24 , 2220.07 , 366.082 , -48.8616 , 1305.69
4794 , 0 , 1214.2 , 2219.91 , 366.083 , -48.8728 , 1305.71
4795 , 0 , 1214.16 , 2219.74 , 366.084 , -48.884 , 1305.72
4796 , 0 , 1214.13 , 2219.58 , 366.085 , -48.8952 , 1305.73
4797 , 0 , 1214.09 , 2219.41 , 366.085 , -48.9063 , 1305.75
4798 , 0 , 1214.05 , 2219.25 , 366.086 , -48.9175 , 1305.76
4799 , 0 , 1214.02 , 2219.09 , 366.087 , -48.9287 , 1305.77
4800 , 0 , 1213.98 , 2218.92 , 366.087 , -48.94 , 1305.79
4801 , 0 , 1213.94 , 2218.76 , 366.088 , -48.9512 , 1305.8
4802 , 0 , 1213.91 , 2218.6 , 366.089 , -48.9624 , 1305.81
4803 , 0 , 1213.87 , 2218.43 , 366.089 , -48.9736 , 1305.83
4804 , 0 , 1213.84 , 2218.27 , 366.09 , -48.9849 , 1305.84
4805 , 0 , 1213.8 , 2218.11 , 366.091 , -48.9961 , 1305.85
4806 , 0 , 1213.76 , 2217.95 , 366.091 , -49.0074 , 1305.86
4807 , 0 , 1213.73 , 2217.78 , 366.092 , -49.0186 , 1305.88
4808 , 0 , 1213.69 , 2217.62 , 366.092 , -49.0299 , 1305.89
4809 , 0 , 1213.65 , 2217.46 , 366.093 , -49.0412 , 1305.9
4810 , 0 , 1213.62 , 2217.3 , 366.094 , -49.0525 , 1305.91
4811 , 0 , 1213.58 , 2217.14 , 366.094 , -49.0637 , 1305.93
4812 , 0 , 1213.54 , 2216.97 , 366.095 , -49.075 , 1305.94
4813 , 0 , 1213.51 , 2216.81 , 366.095 , -49.0863 , 1305.95
4814 , 0 , 1213.47 , 2216.65 , 366.096 , -49.0976 , 1305.96
4815 , 0 , 1213.44 , 2216.49 , 366.096 , -49.109 , 1305.98
4816 , 0 , 1213.4 , 2216.33 , 366.097 , -49.1203 , 1305.99
4817 , 0 , 1213.36 , 2216.17 , 366.097 , -49.1316 , 1306
4818 , 0 , 1213.33 , 2216.01 , 366.098 , -49.1429 , 1306.01
4819 , 0 , 1213.29 , 2215.84 , 366.098 , -49.1543 , 1306.03
4820 , 0 , 1213.25 , 2215.68 , 366.099 , -49.1656 , 1306.04
4821 , 0 , 1213.22 , 2215.52 , 366.099 , -49.177 , 1306.05
4822 , 0 , 1213.18 , 2215.36 , 366.099 , -49.1883 , 1306.06
4823 , 0 , 1213.14 , 2215.2 , 366.1 , -49.1997 , 1306.08
4824 , 0 , 1213.11 , 2215.04 , 366.1 , -49.2111 , 1306.09
4825 , 0 , 1213.07 , 2214.88 , 366.101 , -49.2225 , 1306.1
4826 , 0 , 1213.04 , 2214.72 , 366.101 , -49.2339 , 1306.11
4827 , 0 , 1213 , 2214.56 , 366.101 , -49.2453 , 1306.12
4828 , 0 , 1212.96 , 2214.4 , 366.102 , -49.2567 , 1306.14
4829 , 0 , 1212.93 , 2214.24 , 366.102 , -49.2681 , 1306.15
4830 , 0 , 1212.89 , 2214.08 , 366.103 , -49.2795 , 1306.16
4831 , 0 , 1212.85 , 2213.92 , 366.103 , -49.2909 , 1306.17
4832 , 0 , 1212.82 , 2213.76 , 366.103 , -49.3023 , 1306.18
4833 , 0 , 1212.78 , 2213.61 , 366.103 , -49.3138 , 1306.19
4834 , 0 , 1212.74 , 2213.45 , 366.104 , -49.3252 , 1306.21
4835 , 0 , 1212.71 , 2213.29 , 366.104 , -49.3367 , 1306.22
4836 , 0 , 1212.67 , 2213.13 , 366.104 , -49.3481 , 1306.23
4837 , 0 , 1212.64 , 2212.97 , 366.105 , -49.3596 , 1306.24
4838 , 0 , 1212.6 , 2212.81 , 366.105 , -49.3711 , 1306.25
4839 , 0 , 1212.56 , 2212.65 , 366.105 , -49.3826 , 1306.26
4840 , 0 , 1212.53 , 2212.49 , 366.105 , -49.394 , 1306.27
4841 , 0 , 1212.49 , 2212.34 , 366.106 , -49.4055 , 1306.29
4842 , 0 , 1212.45 , 2212.18 , 366.106 , -49.417 , 1306.3
4843 , 0 , 1212.42 , 2212.02 , 366.106 , -49.4285 , 1306.31
4844 , 0 , 1212.38 , 2211.86 , 366.106 , -49.4401 , 1306.32
4845 , 0 , 1212.34 , 2211.7 , 366.106 , -49.4516 , 1306.33
4846 , 0 , 1212.31 , 2211.55 , 366.107 , -49.4631 , 1306.34
4847 , 0 , 1212.27 , 2211.39 , 366.107 , -49.4746 , 1306.35
4848 , 0 , 1212.23 , 2211.23 , 366.107 , -49.4862 , 1306.36
4849 , 0 , 1212.2 , 2211.07 , 366.107 , -49.4977 , 1306.38
4850 , 0 , 1212.16 , 2210.92 , 366.107 , -49.5093 , 1306.39
4851 , 0 , 1212.13 , 2210.76 , 366.107 , -49.5209 , 1306.4
4852 , 0 , 1212.09 , 2210.6 , 366.107 , -49.5324 , 1306.41
4853 , 0 , 1212.05 , 2210.45 , 366.107 , -49.544 , 1306.42
4854 , 0 , 1212.02 , 2210.29 , 366.107 , -49.5556 , 1306.43
4855 , 0 , 1211.98 , 2210.13 , 366.107 , -49.5672 , 1306.44
4856 , 0 , 1211.94 , 2209.98 , 366.108 , -49.5788 , 1306.45
4857 , 0 , 1211.91 , 2209.82 , 366.108 , -49.5904 , 1306.46
4858 , 0 , 1211.87 , 2209.66 , 366.108 , -49.602 , 1306.47
4859 , 0 , 1211.83 , 2209.51 , 366.108 , -49.6136 , 1306.48
4860 , 0 , 1211.8 , 2209.35 , 366.108 , -49.6253 , 1306.49
4861 , 0 , 1211.76 , 2209.2 , 366.108 , -49.6369 , 1306.5
4862 , 0 , 1211.72 , 2209.04 , 366.108 , -49.6485 , 1306.52
4863 , 0 , 1211.69 , 2208.88 , 366.108 , -49.6602 , 1306.53
4864 , 0 , 1211.65 , 2208.73 , 366.108 , -49.6718 , 1306.54
4865 , 0 , 1211.62 , 2208.57 , 366.108 , -49.6835 , 1306.55
4866 , 0 , 1211.58 , 2208.42 , 366.108 , -49.6952 , 1306.56
4867 , 0 , 1211.54 , 2208.26 , 366.108 , -49.7068 , 1306.57
4868 , 0 , 1211.51 , 2208.11 , 366.107 , -49.7185 , 1306.58
4869 , 0 , 1211.47 , 2207.95 , 366.107 , -49.7302 , 1306.59
4870 , 0 , 1211.43 , 2207.8 , 366.107 , -49.7419 , 1306.6
4871 , 0 , 1211.4 , 2207.64 , 366.107 , -49.7536 , 1306.61
4872 , 0 , 1211.36 , 2207.49 , 366.107 , -49.7653 , 1306.62
4873 , 0 , 1211.32 , 2207.33 , 366.107 , -49.7771 , 1306.63
4874 , 0 , 1211.29 , 2207.18 , 366.107 , -49.7888 , 1306.64
4875 , 0 , 1211.25 , 2207.03 , 366.107 , -49.8005 , 1306.65
4876 , 0 , 1211.21 , 2206.87 , 366.106 , -49.8123 , 1306.66
4877 , 0 , 1211.18 , 2206.72 , 366.106 , -49.824 , 1306.67
4878 , 0 , 1211.14 , 2206.56 , 366.106 , -49.8358 , 1306.68
4879 , 0 , 1211.1 , 2206.41 , 366.106 , -49.8475 , 1306.69
4880 , 0 , 1211.07 , 2206.26 , 366.106 , -49.8593 , 1306.7
4881 , 0 , 1211.03 , 2206.1 , 366.106 , -49.8711 , 1306.71
4882 , 0 , 1210.99 , 2205.95 , 366.105 , -49.8828 , 1306.72
4883 , 0 , 1210.96 , 2205.8 , 366.105 , -49.8946 , 1306.73
4884 , 0 , 1210.92 , 2205.64 , 366.105 , -49.9064 , 1306.74
4885 , 0 , 1210.89 , 2205.49 , 366.105 , -49.9182 , 1306.75
4886 , 0 , 1210.85 , 2205.34 , 366.104 , -49.93 , 1306.76
4887 , 0 , 1210.81 , 2205.18 , 366.104 , -49.9419 , 1306.77
4888 , 0 , 1210.78 , 2205.03 , 366.104 , -49.9537 , 1306.78
4889 , 0 , 1210.74 , 2204.88 , 366.103 , -49.9655 , 1306.79
4890 , 0 , 1210.7 , 2204.72 , 366.103 , -49.9774 , 1306.8
4891 , 0 , 1210.67 , 2204.57 , 366.103 , -49.9892 , 1306.8
4892 , 0 , 1210.63 , 2204.42 , 366.103 , -50.0011 , 1306.81
4893 , 0 , 1210.59 , 2204.27 , 366.102 , -50.0129 , 1306.82
4894 , 0 , 1210.56 , 2204.12 , 366.102 , -50.0248 , 1306.83
4895 , 0 , 1210.52 , 2203.96 , 366.102 , -50.0367 , 1306.84
4896 , 0 , 1210.48 , 2203.81 , 366.101 , -50.0485 , 1306.85
4897 , 0 , 1210.45 , 2203.66 , 366.101 , -50.0604 , 1306.86
4898 , 0 , 1210.41 , 2203.51 , 366.1 , -50.0723 , 1306.87
4899 , 0 , 1210.37 , 2203.36 , 366.1 , -50.0842 , 1306.88
4900 , 0 , 1210.34 , 2203.21 , 366.1 , -50.0961 , 1306.89
4901 , 0 , 1210.3 , 2203.05 , 366.099 , -50.1081 , 1306.9
4902 , 0 , 1210.27 , 2202.9 , 366.099 , -50.12 , 1306.91
4903 , 0 , 1210.23 , 2202.75 , 366.098 , -50.1319 , 1306.91
4904 , 0 , 1210.19 , 2202.6 , 366.098 , -50.1438 , 1306.92
4905 , 0 , 1210.16 , 2202.45 , 366.098 , -50.1558 , 1306.93
4906 , 0 , 1210.12 , 2202.3 , 366.097 , -50.1677 , 1306.94
4907 , 0 , 1210.08 , 2202.15 , 366.097 , -50.1797 , 1306.95
4908 , 0 , 1210.05 , 2202 , 366.096 , -50.1917 , 1306.96
4909 , 0 , 1210.01 , 2201.85 , 366.096 , -50.2036 , 1306.97
4910 , 0 , 1209.97 , 2201.7 , 366.095 , -50.2156 , 1306.98
4911 , 0 , 1209.94 , 2201.55 , 366.095 , -50.2276 , 1306.99
4912 , 0 , 1209.9 , 2201.4 , 366.094 , -50.2396 , 1306.99
4913 , 0 , 1209.86 , 2201.25 , 366.094 , -50.2516 , 1307
4914 , 0 , 1209.83 , 2201.1 , 366.093 , -50.2636 , 1307.01
4915 , 0 , 1209.79 , 2200.95 , 366.092 , -50.2756 , 1307.02
4916 , 0 , 1209.75 , 2200.8 , 366.092 , -50.2877 , 1307.03
4917 , 0 , 1209.72 , 2200.65 , 366.091 , -50.2997 , 1307.04
4918 , 0 , 1209.68 , 2200.5 , 366.091 , -50.3117 , 1307.05
4919 , 0 , 1209.64 , 2200.35 , 366.09 , -50.3238 , 1307.05
4920 , 0 , 1209.61 , 2200.2 , 366.09 , -50.3358 , 1307.06
4921 , 0 , 1209.57 , 2200.05 , 366.089 , -50.3479 , 1307.07
4922 , 0 , 1209.53 , 2199.9 , 366.088 , -50.3599 , 1307.08
4923 , 0 , 1209.5 , 2199.75 , 366.088 , -50.372 , 1307.09
4924 , 0 , 1209.46 , 2199.61 , 366.087 , -50.3841 , 1307.1
4925 , 0 , 1209.42 , 2199.46 , 366.086 , -50.3962 , 1307.1
4926 , 0 , 1209.39 , 2199.31 , 366.086 , -50.4083 , 1307.11
4927 , 0 , 1209.35 , 2199.16 , 366.085 , -50.4204 , 1307.12
4928 , 0 , 1209.31 , 2199.01 , 366.084 , -50.4325 , 1307.13
4929 , 0 , 1209.28 , 2198.86 , 366.084 , -50.4446 , 1307.14
4930 , 0 , 1209.24 , 2198.72 , 366.083 , -50.4567 , 1307.14
4931 , 0 , 1209.21 , 2198.57 , 366.082 , -50.4688 , 1307.15
4932 , 0 , 1209.17 , 2198.42 , 366.082 , -50.481 , 1307.16
4933 , 0 , 1209.13 , 2198.27 , 366.081 , -50.4931 , 1307.17
4934 , 0 , 1209.1 , 2198.13 , 366.08 , -50.5052 , 1307.18
4935 , 0 , 1209.06 , 2197.98 , 366.079 , -50.5174 , 1307.18
4936 , 0 , 1209.02 , 2197.83 , 366.079 , -50.5296 , 1307.19
4937 , 0 , 1208.99 , 2197.68 , 366.078 , -50.5417 , 1307.2
4938 , 0 , 1208.95 , 2197.54 , 366.077 , -50.5539 , 1307.21
4939 , 0 , 1208.91 , 2197.39 , 366.076 , -50.5661 , 1307.21
4940 , 0 , 1208.88 , 2197.24 , 366.075 , -50.5783 , 1307.22
4941 , 0 , 1208.84 , 2197.1 , 366.075 , -50.5905 , 1307.23
4942 , 0 , 1208.8 , 2196.95 , 366.074 , -50.6027 , 1307.24
4943 , 0 , 1208.77 , 2196.8 , 366.073 , -50.6149 , 1307.24
4944 , 0 , 1208.73 , 2196.66 , 366.072 , -50.6271 , 1307.25
4945 , 0 , 1208.69 , 2196.51 , 366.071 , -50.6393 , 1307.26
4946 , 0 , 1208.66 , 2196.37 , 366.07 , -50.6515 , 1307.27
4947 , 0 , 1208.62 , 2196.22 , 366.07 , -50.6638 , 1307.27
4948 , 0 , 1208.58 , 2196.08 , 366.069 , -50.676 , 1307.28
4949 , 0 , 1208.55 , 2195.93 , 366.068 , -50.6883 , 1307.29
4950 , 0 , 1208.51 , 2195.79 , 366.067 , -50.7005 , 1307.3
4951 , 0 , 1208.48 , 2195.64 , 366.066 , -50.7128 , 1307.3
4952 , 0 , 1208.44 , 2195.49 , 366.065 , -50.7251 , 1307.31
4953 , 0 , 1208.4 , 2195.35 , 366.064 , -50.7373 , 1307.32
4954 , 0 , 1208.37 , 2195.2 , 366.063 , -50.7496 , 1307.32
4955 , 0 , 1208.33 , 2195.06 , 366.062 , -50.7619 , 1307.33
4956 , 0 , 1208.29 , 2194.92 , 366.061 , -50.7742 , 1307.34
4957 , 0 , 1208.26 , 2194.77 , 366.06 , -50.7865 , 1307.34
4958 , 0 , 1208.22 , 2194.63 , 366.059 , -50.7988 , 1307.35
4959 , 0 , 1208.18 , 2194.48 , 366.058 , -50.8111 , 1307.36
4960 , 0 , 1208.15 , 2194.34 , 366.057 , -50.8234 , 1307.37
4961 , 0 , 1208.11 , 2194.19 , 366.056 , -50.8358 , 1307.37
4962 , 0 , 1208.07 , 2194.05 , 366.055 , -50.8481 , 1307.38
4963 , 0 , 1208.04 , 2193.91 , 366.054 , -50.8604 , 1307.39
4964 , 0 , 1208 , 2193.76 , 366.053 , -50.8728 , 1307.39
4965 , 0 , 1207.96 , 2193.62 , 366.052 , -50.8852 , 1307.4
4966 , 0 , 1207.93 , 2193.48 , 366.051 , -50.8975 , 1307.41
4967 , 0 , 1207.89 , 2193.33 , 366.05 , -50.9099 , 1307.41
4968 , 0 , 1207.85 , 2193.19 , 366.049 , -50.9223 , 1307.42
4969 , 0 , 1207.82 , 2193.05 , 366.048 , -50.9346 , 1307.42
4970 , 0 , 1207.78 , 2192.9 , 366.047 , -50.947 , 1307.43
4971 , 0 , 1207.75 , 2192.76 , 366.046 , -50.9594 , 1307.44
4972 , 0 , 1207.71 , 2192.62 , 366.045 , -50.9718 , 1307.44
4973 , 0 , 1207.67 , 2192.48 , 366.044 , -50.9842 , 1307.45
4974 , 0 , 1207.64 , 2192.33 , 366.042 , -50.9966 , 1307.46
4975 , 0 , 1207.6 , 2192.19 , 366.041 , -51.0091 , 1307.46
4976 , 0 , 1207.56 , 2192.05 , 366.04 , -51.0215 , 1307.47
4977 , 0 , 1207.53 , 2191.91 , 366.039 , -51.0339 , 1307.47
4978 , 0 , 1207.49 , 2191.76 , 366.038 , -51.0464 , 1307.48
4979 , 0 , 1207.45 , 2191.62 , 366.037 , -51.0588 , 1307.49
4980 , 0 , 1207.42 , 2191.48 , 366.035 , -51.0713 , 1307.49
4981 , 0 , 1207.38 , 2191.34 , 366.034 , -51.0837 , 1307.5
4982 , 0 , 1207.34 , 2191.2 , 366.033 , -51.0962 , 1307.51
4983 , 0 , 1207.31 , 2191.06 , 366.032 , -51.1087 , 1307.51
4984 , 0 , 1207.27 , 2190.92 , 366.031 , -51.1211 , 1307.52
4985 , 0 , 1207.23 , 2190.77 , 366.029 , -51.1336 , 1307.52
4986 , 0 , 1207.2 , 2190.63 , 366.028 , -51.1461 , 1307.53
4987 , 0 , 1207.16 , 2190.49 , 366.027 , -51.1586 , 1307.53
4988 , 0 , 1207.12 , 2190.35 , 366.026 , -51.1711 , 1307.54
4989 , 0 , 1207.09 , 2190.21 , 366.024 , -51.1836 , 1307.55
4990 , 0 , 1207.05 , 2190.07 , 366.023 , -51.1961 , 1307.55
4991 , 0 , 1207.02 , 2189.93 , 366.022 , -51.2087 , 1307.56
4992 , 0 , 1206.98 , 2189.79 , 366.02 , -51.2212 , 1307.56
4993 , 0 , 1206.94 , 2189.65 , 366.019 , -51.2337 , 1307.57
4994 , 0 , 1206.91 , 2189.51 , 366.018 , -51.2463 , 1307.57
4995 , 0 , 1206.87 , 2189.37 , 366.016 , -51.2588 , 1307.58
4996 , 0 , 1206.83 , 2189.23 , 366.015 , -51.2714 , 1307.58
4997 , 0 , 1206.8 , 2189.09 , 366.014 , -51.2839 , 1307.59
4998 , 0 , 1206.76 , 2188.95 , 366.012 , -51.2965 , 1307.6
4999 , 0 , 1206.72 , 2188.81 , 366.011 , -51.3091 , 1307.6
5000 , 0 , 1206.69 , 2188.67 , 366.009 , -51.3217 , 1307.61
5001 , 0 , 1206.65 , 2188.53 , 366.008 , -51.3343 , 1307.61
5002 , 0 , 1206.61 , 2188.39 , 366.007 , -51.3468 , 1307.62
5003 , 0 , 1206.58 , 2188.26 , 366.005 , -51.3594 , 1307.62
5004 , 0 , 1206.54 , 2188.12 , 366.004 , -51.3721 , 1307.63
5005 , 0 , 1206.51 , 2187.98 , 366.002 , -51.3847 , 1307.63
5006 , 0 , 1206.47 , 2187.84 , 366.001 , -51.3973 , 1307.64
5007 , 0 , 1206.43 , 2187.7 , 365.999 , -51.4099 , 1307.64
5008 , 0 , 1206.4 , 2187.56 , 365.998 , -51.4225 , 1307.65
5009 , 0 , 1206.36 , 2187.42 , 365.996 , -51.4352 , 1307.65
5010 , 0 , 1206.32 , 2187.29 , 365.995 , -51.4478 , 1307.66
5011 , 0 , 1206.29 , 2187.15 , 365.993 , -51.4605 , 1307.66
5012 , 0 , 1206.25 , 2187.01 , 365.992 , -51.4731 , 1307.67
5013 , 0 , 1206.21 , 2186.87 , 365.99 , -51.4858 , 1307.67
5014 , 0 , 1206.18 , 2186.74 , 365.989 , -51.4985 , 1307.67
5015 , 0 , 1206.14 , 2186.6 , 365.987 , -51.5111 , 1307.68
5016 , 0 , 1206.1 , 2186.46 , 365.986 , -51.5238 , 1307.68
5017 , 0 , 1206.07 , 2186.32 , 365.984 , -51.5365 , 1307.69
5018 , 0 , 1206.03 , 2186.19 , 365.983 , -51.5492 , 1307.69
5019 , 0 , 1205.99 , 2186.05 , 365.981 , -51.5619 , 1307.7
5020 , 0 , 1205.96 , 2185.91 , 365.979 , -51.5746 , 1307.7
5021 , 0 , 1205.92 , 2185.78 , 365.978 , -51.5873 , 1307.71
5022 , 0 , 1205.89 , 2185.64 , 365.976 , -51.6 , 1307.71
5023 , 0 , 1205.85 , 2185.5 , 365.975 , -51.6127 , 1307.72
5024 , 0 , 1205.81 , 2185.37 , 365.973 , -51.6255 , 1307.72
5025 , 0 , 1205.78 , 2185.23 , 365.971 , -51.6382 , 1307.72
5026 , 0 , 1205.74 , 2185.09 , 365.97 , -51.6509 , 1307.73
5027 , 0 , 1205.7 , 2184.96 , 365.968 , -51.6637 , 1307.73
5028 , 0 , 1205.67 , 2184.82 , 365.966 , -51.6764 , 1307.74
5029 , 0 , 1205.63 , 2184.69 , 365.965 , -51.6892 , 1307.74
5030 , 0 , 1205.59 , 2184.55 , 365.963 , -51.702 , 1307.74
5031 , 0 , 1205.56 , 2184.42 , 365.961 , -51.7147 , 1307.75
5032 , 0 , 1205.52 , 2184.28 , 365.959 , -51.7275 , 1307.75
5033 , 0 , 1205.49 , 2184.15 , 365.958 , -51.7403 , 1307.76
5034 , 0 , 1205.45 , 2184.01 , 365.956 , -51.7531 , 1307.76
5035 , 0 , 1205.41 , 2183.87 , 365.954 , -51.7659 , 1307.76
5036 , 0 , 1205.38 , 2183.74 , 365.953 , -51.7787 , 1307.77
5037 , 0 , 1205.34 , 2183.61 , 365.951 , -51.7915 , 1307.77
5038 , 0 , 1205.3 , 2183.47 , 365.949 , -51.8043 , 1307.78
5039 , 0 , 1205.27 , 2183.34 , 365.947 , -51.8171 , 1307.78
5040 , 0 , 1205.23 , 2183.2 , 365.945 , -51.8299 , 1307.78
5041 , 0 , 1205.19 , 2183.07 , 365.944 , -51.8428 , 1307.79
5042 , 0 , 1205.16 , 2182.93 , 365.942 , -51.8556 , 1307.79
5043 , 0 , 1205.12 , 2182.8 , 365.94 , -51.8684 , 1307.79
5044 , 0 , 1205.09 , 2182.67 , 365.938 , -51.8813 , 1307.8
5045 , 0 , 1205.05 , 2182.53 , 365.936 , -51.8941 , 1307.8
5046 , 0 , 1205.01 , 2182.4 , 365.934 , -51.907 , 1307.8
5047 , 0 , 1204.98 , 2182.26 , 365.933 , -51.9198 , 1307.81
5048 , 0 , 1204.94 , 2182.13 , 365.931 , -51.9327 , 1307.81
5049 , 0 , 1204.9 , 2182 , 365.929 , -51.9456 , 1307.81
5050 , 0 , 1204.87 , 2181.86 , 365.927 , -51.9584 , 1307.82
5051 , 0 , 1204.83 , 2181.73 , 365.925 , -51.9713 , 1307.82
5052 , 0 , 1204.79 , 2181.6 , 365.923 , -51.9842 , 1307.82
5053 , 0 , 1204.76 , 2181.47 , 365.921 , -51.9971 , 1307.83
5054 , 0 , 1204.72 , 2181.33 , 365.919 , -52.01 , 1307.83
5055 , 0 , 1204.69 , 2181.2 , 365.917 , -52.0229 , 1307.83
5056 , 0 , 1204.65 , 2181.07 , 365.915 , -52.0358 , 1307.84
5057 , 0 , 1204.61 , 2180.94 , 365.913 , -52.0487 , 1307.84
5058 , 0 , 1204.58 , 2180.8 , 365.911 , -52.0617 , 1307.84
5059 , 0 , 1204.54 , 2180.67 , 365.91 , -52.0746 , 1307.84
5060 , 0 , 1204.5 , 2180.54 , 365.908 , -52.0875 , 1307.85
5061 , 0 , 1204.47 , 2180.41 , 365.906 , -52.1005 , 1307.85
5062 , 0 , 1204.43 , 2180.28 , 365.904 , -52.1134 , 1307.85
5063 , 0 , 1204.39 , 2180.15 , 365.902 , -52.1264 , 1307.86
5064 , 0 , 1204.36 , 2180.01 , 365.899 , -52.1393 , 1307.86
5065 , 0 , 1204.32 , 2179.88 , 365.897 , -52.1523 , 1307.86
5066 , 0 , 1204.29 , 2179.75 , 365.895 , -52.1652 , 1307.86
5067 , 0 , 1204.25 , 2179.62 , 365.893 , -52.1782 , 1307.87
5068 , 0 , 1204.21 , 2179.49 , 365.891 , -52.1912 , 1307.87
5069 , 0 , 1204.18 , 2179.36 , 365.889 , -52.2042 , 1307.87
5070 , 0 , 1204.14 , 2179.23 , 365.887 , -52.2171 , 1307.87
5071 , 0 , 1204.1 , 2179.1 , 365.885 , -52.2301 , 1307.88
5072 , 0 , 1204.07 , 2178.97 , 365.883 , -52.2431 , 1307.88
5073 , 0 , 1204.03 , 2178.84 , 365.881 , -52.2561 , 1307.88
5074 , 0 , 1204 , 2178.71 , 365.879 , -52.2691 , 1307.88
5075 , 0 , 1203.96 , 2178.58 , 365.876 , -52.2821 , 1307.89
5076 , 0 , 1203.92 , 2178.45 , 365.874 , -52.2952 , 1307.89
5077 , 0 , 1203.89 , 2178.32 , 365.872 , -52.3082 , 1307.89
5078 , 0 , 1203.85 , 2178.19 , 365.87 , -52.3212 , 1307.89
5079 , 0 , 1203.81 , 2178.06 , 365.868 , -52.3343 , 1307.89
5080 , 0 , 1203.78 , 2177.93 , 365.866 , -52.3473 , 1307.9
5081 , 0 , 1203.74 , 2177.8 , 365.863 , -52.3603 , 1307.9
5082 , 0 , 1203.7 , 2177.67 , 365.861 , -52.3734 , 1307.9
5083 , 0 , 1203.67 , 2177.54 , 365.859 , -52.3864 , 1307.9
5084 , 0 , 1203.63 , 2177.41 , 365.857 , -52.3995 , 1307.9
5085 , 0 , 1203.6 , 2177.28 , 365.855 , -52.4126 , 1307.91
5086 , 0 , 1203.56 , 2177.15 , 365.852 , -52.4256 , 1307.91
5087 , 0 , 1203.52 , 2177.03 , 365.85 , -52.4387 , 1307.91
5088 , 0 , 1203.49 , 2176.9 , 365.848 , -52.4518 , 1307.91
5089 , 0 , 1203.45 , 2176.77 , 365.846 , -52.4649 , 1307.91
5090 , 0 , 1203.42 , 2176.64 , 365.843 , -52.4779 , 1307.91
5091 , 0 , 1203.38 , 2176.51 , 365.841 , -52.491 , 1307.92
5092 , 0 , 1203.34 , 2176.39 , 365.839 , -52.5041 , 1307.92
5093 , 0 , 1203.31 , 2176.26 , 365.836 , -52.5172 , 1307.92
5094 , 0 , 1203.27 , 2176.13 , 365.834 , -52.5303 , 1307.92
5095 , 0 , 1203.23 , 2176 , 365.832 , -52.5435 , 1307.92
5096 , 0 , 1203.2 , 2175.87 , 365.829 , -52.5566 , 1307.92
5097 , 0 , 1203.16 , 2175.75 , 365.827 , -52.5697 , 1307.93
5098 , 0 , 1203.13 , 2175.62 , 365.825 , -52.5828 , 1307.93
5099 , 0 , 1203.09 , 2175.49 , 365.822 , -52.596 , 1307.93
5100 , 0 , 1203.05 , 2175.37 , 365.82 , -52.6091 , 1307.93
5101 , 0 , 1203.02 , 2175.24 , 365.817 , -52.6223 , 1307.93
5102 , 0 , 1202.98 , 2175.11 , 365.815 , -52.6354 , 1307.93
5103 , 0 , 1202.94 , 2174.99 , 365.813 , -52.6486 , 1307.93
5104 , 0 , 1202.91 , 2174.86 , 365.81 , -52.6617 , 1307.93
5105 , 0 , 1202.87 , 2174.73 , 365.808 , -52.6749 , 1307.93
5106 , 0 , 1202.84 , 2174.61 , 365.805 , -52.688 , 1307.94
5107 , 0 , 1202.8 , 2174.48 , 365.803 , -52.7012 , 1307.94
5108 , 0 , 1202.76 , 2174.36 , 365.8 , -52.7144 , 1307.94
5109 , 0 , 1202.73 , 2174.23 , 365.798 , -52.7276 , 1307.94
5110 , 0 , 1202.69 , 2174.1 , 365.795 , -52.7408 , 1307.94
5111 , 0 , 1202.66 , 2173.98 , 365.793 , -52.754 , 1307.94
5112 , 0 , 1202.62 , 2173.85 , 365.79 , -52.7672 , 1307.94
5113 , 0 , 1202.58 , 2173.73 , 365.788 , -52.7804 , 1307.94
5114 , 0 , 1202.55 , 2173.6 , 365.785 , -52.7936 , 1307.94
5115 , 0 , 1202.51 , 2173.48 , 365.783 , -52.8068 , 1307.94
5116 , 0 , 1202.47 , 2173.35 , 365.78 , -52.82 , 1307.94
5117 , 0 , 1202.44 , 2173.23 , 365.778 , -52.8332 , 1307.94
5118 , 0 , 1202.4 , 2173.1 , 365.775 , -52.8464 , 1307.94
5119 , 0 , 1202.37 , 2172.98 , 365.773 , -52.8597 , 1307.94
5120 , 0 , 1202.33 , 2172.85 , 365.77 , -52.8729 , 1307.94
5121 , 0 , 1202.29 , 2172.73 , 365.768 , -52.8862 , 1307.95
5122 , 0 , 1202.26 , 2172.6 , 365.765 , -52.8994 , 1307.95
5123 , 0 , 1202.22 , 2172.48 , 365.762 , -52.9126 , 1307.95
5124 , 0 , 1202.19 , 2172.36 , 365.76 , -52.9259 , 1307.95
5125 , 0 , 1202.15 , 2172.23 , 365.757 , -52.9392 , 1307.95
5126 , 0 , 1202.11 , 2172.11 , 365.754 , -52.9524 , 1307.95
5127 , 0 , 1202.08 , 2171.99 , 365.752 , -52.9657 , 1307.95
5128 , 0 , 1202.04 , 2171.86 , 365.749 , -52.979 , 1307.95
5129 , 0 , 1202 , 2171.74 , 365.746 , -52.9922 , 1307.95
5130 , 0 , 1201.97 , 2171.62 , 365.744 , -53.0055 , 1307.95
5131 , 0 , 1201.93 , 2171.49 , 365.741 , -53.0188 , 1307.95
5132 , 0 , 1201.9 , 2171.37 , 365.738 , -53.0321 , 1307.95
5133 , 0 , 1201.86 , 2171.25 , 365.736 , -53.0454 , 1307.95
5134 , 0 , 1201.82 , 2171.12 , 365.733 , -53.0587 , 1307.95
5135 , 0 , 1201.79 , 2171 , 365.73 , -53.072 , 1307.95
5136 , 0 , 1201.75 , 2170.88 , 365.728 , -53.0853 , 1307.95
5137 , 0 , 1201.72 , 2170.76 , 365.725 , -53.0986 , 1307.95
5138 , 0 , 1201.68 , 2170.63 , 365.722 , -53.112 , 1307.95
5139 , 0 , 1201.64 , 2170.51 , 365.719 , -53.1253 , 1307.94
5140 , 0 , 1201.61 , 2170.39 , 365.716 , -53.1386 , 1307.94
5141 , 0 , 1201.57 , 2170.27 , 365.714 , -53.1519 , 1307.94
5142 , 0 , 1201.54 , 2170.15 , 365.711 , -53.1653 , 1307.94
5143 , 0 , 1201.5 , 2170.02 , 365.708 , -53.1786 , 1307.94
5144 , 0 , 1201.46 , 2169.9 , 365.705 , -53.192 , 1307.94
5145 , 0 , 1201.43 , 2169.78 , 365.702 , -53.2053 , 1307.94
5146 , 0 , 1201.39 , 2169.66 , 365.7 , -53.2187 , 1307.94
5147 , 0 , 1201.36 , 2169.54 , 365.697 , -53.232 , 1307.94
5148 , 0 , 1201.32 , 2169.42 , 365.694 , -53.2454 , 1307.94
5149 , 0 , 1201.28 , 2169.3 , 365.691 , -53.2588 , 1307.94
5150 , 0 , 1201.25 , 2169.18 , 365.688 , -53.2721 , 1307.94
5151 , 0 , 1201.21 , 2169.06 , 365.685 , -53.2855 , 1307.94
5152 , 0 , 1201.17 , 2168.94 , 365.682 , -53.2989 , 1307.94
5153 , 0 , 1201.14 , 2168.82 , 365.679 , -53.3123 , 1307.93
5154 , 0 , 1201.1 , 2168.7 , 365.677 , -53.3257 , 1307.93
5155 , 0 , 1201.07 , 2168.57 , 365.674 , -53.3391 , 1307.93
5156 , 0 , 1201.03 , 2168.45 , 365.671 , -53.3525 , 1307.93
5157 , 0 , 1200.99 , 2168.33 , 365.668 , -53.3659 , 1307.93
5158 , 0 , 1200.96 , 2168.22 , 365.665 , -53.3793 , 1307.93
5159 , 0 , 1200.92 , 2168.1 , 365.662 , -53.3927 , 1307.93
5160 , 0 , 1200.89 , 2167.98 , 365.659 , -53.4061 , 1307.93
5161 , 0 , 1200.85 , 2167.86 , 365.656 , -53.4196 , 1307.93
5162 , 0 , 1200.81 , 2167.74 , 365.653 , -53.433 , 1307.92
5163 , 0 , 1200.78 , 2167.62 , 365.65 , -53.4464 , 1307.92
5164 , 0 , 1200.74 , 2167.5 , 365.647 , -53.4598 , 1307.92
5165 , 0 , 1200.71 , 2167.38 , 365.644 , -53.4733 , 1307.92
5166 , 0 , 1200.67 , 2167.26 , 365.641 , -53.4867 , 1307.92
5167 , 0 , 1200.64 , 2167.14 , 365.638 , -53.5002 , 1307.92
5168 , 0 , 1200.6 , 2167.02 , 365.635 , -53.5136 , 1307.92
5169 , 0 , 1200.56 , 2166.9 , 365.632 , -53.5271 , 1307.91
5170 , 0 , 1200.53 , 2166.79 , 365.629 , -53.5405 , 1307.91
5171 , 0 , 1200.49 , 2166.67 , 365.626 , -53.554 , 1307.91
5172 , 0 , 1200.45 , 2166.55 , 365.622 , -53.5675 , 1307.91
5173 , 0 , 1200.42 , 2166.43 , 365.619 , -53.581 , 1307.91
5174 , 0 , 1200.38 , 2166.31 , 365.616 , -53.5944 , 1307.91
5175 , 0 , 1200.35 , 2166.19 , 365.613 , -53.6079 , 1307.9
5176 , 0 , 1200.31 , 2166.08 , 365.61 , -53.6214 , 1307.9
5177 , 0 , 1200.28 , 2165.96 , 365.607 , -53.6349 , 1307.9
5178 , 0 , 1200.24 , 2165.84 , 365.604 , -53.6484 , 1307.9
5179 , 0 , 1200.2 , 2165.72 , 365.601 , -53.6619 , 1307.9
5180 , 0 , 1200.17 , 2165.61 , 365.597 , -53.6754 , 1307.89
5181 , 0 , 1200.13 , 2165.49 , 365.594 , -53.6889 , 1307.89
5182 , 0 , 1200.1 , 2165.37 , 365.591 , -53.7024 , 1307.89
5183 , 0 , 1200.06 , 2165.25 , 365.588 , -53.7159 , 1307.89
5184 , 0 , 1200.02 , 2165.14 , 365.585 , -53.7294 , 1307.89
5185 , 0 , 1199.99 , 2165.02 , 365.581 , -53.743 , 1307.88
5186 , 0 , 1199.95 , 2164.9 , 365.578 , -53.7565 , 1307.88
5187 , 0 , 1199.92 , 2164.79 , 365.575 , -53.77 , 1307.88
5188 , 0 , 1199.88 , 2164.67 , 365.572 , -53.7836 , 1307.88
5189 , 0 , 1199.84 , 2164.55 , 365.569 , -53.7971 , 1307.87
5190 , 0 , 1199.81 , 2164.43 , 365.565 , -53.8106 , 1307.87
5191 , 0 , 1199.77 , 2164.32 , 365.562 , -53.8242 , 1307.87
5192 , 0 , 1199.74 , 2164.2 , 365.559 , -53.8377 , 1307.87
5193 , 0 , 1199.7 , 2164.09 , 365.555 , -53.8513 , 1307.86
5194 , 0 , 1199.66 , 2163.97 , 365.552 , -53.8649 , 1307.86
5195 , 0 , 1199.63 , 2163.85 , 365.549 , -53.8784 , 1307.86
5196 , 0 , 1199.59 , 2163.74 , 365.546 , -53.892 , 1307.86
5197 , 0 , 1199.56 , 2163.62 , 365.542 , -53.9056 , 1307.85
5198 , 0 , 1199.52 , 2163.51 , 365.539 , -53.9191 , 1307.85
5199 , 0 , 1199.48 , 2163.39 , 365.535 , -53.9327 , 1307.85
5200 , 0 , 1199.45 , 2163.27 , 365.532 , -53.9463 , 1307.85
5201 , 0 , 1199.41 , 2163.16 , 365.529 , -53.9599 , 1307.84
5202 , 0 , 1199.38 , 2163.04 , 365.525 , -53.9735 , 1307.84
5203 , 0 , 1199.34 , 2162.93 , 365.522 , -53.9871 , 1307.84
5204 , 0 , 1199.3 , 2162.81 , 365.519 , -54.0007 , 1307.84
5205 , 0 , 1199.27 , 2162.7 , 365.515 , -54.0143 , 1307.83
5206 , 0 , 1199.23 , 2162.58 , 365.512 , -54.0279 , 1307.83
5207 , 0 , 1199.2 , 2162.47 , 365.508 , -54.0415 , 1307.83
5208 , 0 , 1199.16 , 2162.35 , 365.505 , -54.0551 , 1307.82
5209 , 0 , 1199.12 , 2162.24 , 365.502 , -54.0687 , 1307.82
5210 , 0 , 1199.09 , 2162.12 , 365.498 , -54.0823 , 1307.82
5211 , 0 , 1199.05 , 2162.01 , 365.495 , -54.096 , 1307.81
5212 , 0 , 1199.01 , 2161.89 , 365.491 , -54.1096 , 1307.81
5213 , 0 , 1198.98 , 2161.78 , 365.488 , -54.1232 , 1307.81
5214 , 0 , 1198.94 , 2161.66 , 365.484 , -54.1369 , 1307.81
5215 , 0 , 1198.91 , 2161.55 , 365.481 , -54.1505 , 1307.8
5216 , 0 , 1198.87 , 2161.43 , 365.477 , -54.1642 , 1307.8
5217 , 0 , 1198.83 , 2161.32 , 365.474 , -54.1778 , 1307.8
5218 , 0 , 1198.8 , 2161.21 , 365.47 , -54.1915 , 1307.79
5219 , 0 , 1198.76 , 2161.09 , 365.467 , -54.2051 , 1307.79
5220 , 0 , 1198.73 , 2160.98 , 365.463 , -54.2188 , 1307.79
5221 , 0 , 1198.69 , 2160.86 , 365.46 , -54.2324 , 1307.78
5222 , 0 , 1198.65 , 2160.75 , 365.456 , -54.2461 , 1307.78
5223 , 0 , 1198.62 , 2160.64 , 365.453 , -54.2598 , 1307.78
5224 , 0 , 1198.58 , 2160.52 , 365.449 , -54.2735 , 1307.77
5225 , 0 , 1198.55 , 2160.41 , 365.446 , -54.2871 , 1307.77
5226 , 0 , 1198.51 , 2160.3 , 365.442 , -54.3008 , 1307.76
5227 , 0 , 1198.47 , 2160.18 , 365.438 , -54.3145 , 1307.76
5228 , 0 , 1198.44 , 2160.07 , 365.435 , -54.3282 , 1307.76
5229 , 0 , 1198.4 , 2159.96 , 365.431 , -54.3419 , 1307.75
5230 , 0 , 1198.37 , 2159.84 , 365.428 , -54.3556 , 1307.75
5231 , 0 , 1198.33 , 2159.73 , 365.424 , -54.3693 , 1307.75
5232 , 0 , 1198.29 , 2159.62 , 365.42 , -54.383 , 1307.74
5233 , 0 , 1198.26 , 2159.5 , 365.417 , -54.3967 , 1307.74
5234 , 0 , 1198.22 , 2159.39 , 365.413 , -54.4104 , 1307.73
5235 , 0 , 1198.19 , 2159.28 , 365.409 , -54.4242 , 1307.73
5236 , 0 , 1198.15 , 2159.17 , 365.406 , -54.4379 , 1307.73
5237 , 0 , 1198.11 , 2159.05 , 365.402 , -54.4516 , 1307.72
5238 , 0 , 1198.08 , 2158.94 , 365.398 , -54.4653 , 1307.72
5239 , 0 , 1198.04 , 2158.83 , 365.395 , -54.4791 , 1307.72
5240 , 0 , 1198.01 , 2158.72 , 365.391 , -54.4928 , 1307.71
5241 , 0 , 1197.97 , 2158.6 , 365.387 , -54.5065 , 1307.71
5242 , 0 , 1197.93 , 2158.49 , 365.383 , -54.5203 , 1307.7
5243 , 0 , 1197.9 , 2158.38 , 365.38 , -54.534 , 1307.7
5244 , 0 , 1197.86 , 2158.27 , 365.376 , -54.5478 , 1307.69
5245 , 0 , 1197.82 , 2158.16 , 365.372 , -54.5615 , 1307.69
5246 , 0 , 1197.79 , 2158.04 , 365.368 , -54.5753 , 1307.69
5247 , 0 , 1197.75 , 2157.93 , 365.365 , -54.5891 , 1307.68
5248 , 0 , 1197.72 , 2157.82 , 365.361 , -54.6028 , 1307.68
5249 , 0 , 1197.68 , 2157.71 , 365.357 , -54.6166 , 1307.67
5250 , 0 , 1197.64 , 2157.6 , 365.353 , -54.6304 , 1307.67
5251 , 0 , 1197.61 , 2157.48 , 365.349 , -54.6441 , 1307.66
5252 , 0 , 1197.57 , 2157.37 , 365.346 , -54.6579 , 1307.66
5253 , 0 , 1197.54 , 2157.26 , 365.342 , -54.6717 , 1307.66
5254 , 0 , 1197.5 , 2157.15 , 365.338 , -54.6855 , 1307.65
5255 , 0 , 1197.46 , 2157.04 , 365.334 , -54.6993 , 1307.65
5256 , 0 , 1197.43 , 2156.93 , 365.33 , -54.7131 , 1307.64
5257 , 0 , 1197.39 , 2156.82 , 365.327 , -54.7269 , 1307.64
5258 , 0 , 1197.36 , 2156.71 , 365.323 , -54.7407 , 1307.63
5259 , 0 , 1197.32 , 2156.6 , 365.319 , -54.7545 , 1307.63
5260 , 0 , 1197.28 , 2156.49 , 365.315 , -54.7683 , 1307.62
5261 , 0 , 1197.25 , 2156.38 , 365.311 , -54.7821 , 1307.62
5262 , 0 , 1197.21 , 2156.26 , 365.307 , -54.7959 , 1307.61
5263 , 0 , 1197.17 , 2156.15 , 365.303 , -54.8097 , 1307.61
5264 , 0 , 1197.14 , 2156.04 , 365.299 , -54.8236 , 1307.6
5265 , 0 , 1197.1 , 2155.93 , 365.295 , -54.8374 , 1307.6
5266 , 0 , 1197.07 , 2155.82 , 365.292 , -54.8512 , 1307.59
5267 , 0 , 1197.03 , 2155.71 , 365.288 , -54.8651 , 1307.59
5268 , 0 , 1196.99 , 2155.6 , 365.284 , -54.8789 , 1307.59
5269 , 0 , 1196.96 , 2155.49 , 365.28 , -54.8927 , 1307.58
5270 , 0 , 1196.92 , 2155.38 , 365.276 , -54.9066 , 1307.58
5271 , 0 , 1196.89 , 2155.27 , 365.272 , -54.9204 , 1307.57
5272 , 0 , 1196.85 , 2155.16 , 365.268 , -54.9343 , 1307.56
5273 , 0 , 1196.81 , 2155.05 , 365.264 , -54.9481 , 1307.56
5274 , 0 , 1196.78 , 2154.95 , 365.26 , -54.962 , 1307.55
5275 , 0 , 1196.74 , 2154.84 , 365.256 , -54.9758 , 1307.55
5276 , 0 , 1196.71 , 2154.73 , 365.252 , -54.9897 , 1307.54
5277 , 0 , 1196.67 , 2154.62 , 365.248 , -55.0036 , 1307.54
5278 , 0 , 1196.63 , 2154.51 , 365.244 , -55.0174 , 1307.53
5279 , 0 , 1196.6 , 2154.4 , 365.24 , -55.0313 , 1307.53
5280 , 0 , 1196.56 , 2154.29 , 365.236 , -55.0452 , 1307.52
5281 , 0 , 1196.52 , 2154.18 , 365.232 , -55.0591 , 1307.52
5282 , 0 , 1196.49 , 2154.07 , 365.227 , -55.073 , 1307.51
5283 , 0 , 1196.45 , 2153.96 , 365.223 , -55.0868 , 1307.51
5284 , 0 , 1196.42 , 2153.86 , 365.219 , -55.1007 , 1307.5
5285 , 0 , 1196.38 , 2153.75 , 365.215 , -55.1146 , 1307.5
5286 , 0 , 1196.34 , 2153.64 , 365.211 , -55.1285 , 1307.49
5287 , 0 , 1196.31 , 2153.53 , 365.207 , -55.1424 , 1307.48
5288 , 0 , 1196.27 , 2153.42 , 365.203 , -55.1563 , 1307.48
5289 , 0 , 1196.24 , 2153.31 , 365.199 , -55.1702 , 1307.47
5290 , 0 , 1196.2 , 2153.2 , 365.195 , -55.1841 , 1307.47
5291 , 0 , 1196.16 , 2153.1 , 365.19 , -55.1981 , 1307.46
5292 , 0 , 1196.13 , 2152.99 , 365.186 , -55.212 , 1307.46
5293 , 0 , 1196.09 , 2152.88 , 365.182 , -55.2259 , 1307.45
5294 , 0 , 1196.05 , 2152.77 , 365.178 , -55.2398 , 1307.44
5295 , 0 , 1196.02 , 2152.66 , 365.174 , -55.2537 , 1307.44
5296 , 0 , 1195.98 , 2152.56 , 365.17 , -55.2677 , 1307.43
5297 , 0 , 1195.95 , 2152.45 , 365.165 , -55.2816 , 1307.43
5298 , 0 , 1195.91 , 2152.34 , 365.161 , -55.2956 , 1307.42
5299 , 0 , 1195.87 , 2152.23 , 365.157 , -55.3095 , 1307.42
5300 , 0 , 1195.84 , 2152.13 , 365.153 , -55.3234 , 1307.41
5301 , 0 , 1195.8 , 2152.02 , 365.149 , -55.3374 , 1307.4
5302 , 0 , 1195.77 , 2151.91 , 365.144 , -55.3513 , 1307.4
5303 , 0 , 1195.73 , 2151.8 , 365.14 , -55.3653 , 1307.39
5304 , 0 , 1195.69 , 2151.7 , 365.136 , -55.3792 , 1307.38
5305 , 0 , 1195.66 , 2151.59 , 365.132 , -55.3932 , 1307.38
5306 , 0 , 1195.62 , 2151.48 , 365.127 , -55.4072 , 1307.37
5307 , 0 , 1195.58 , 2151.38 , 365.123 , -55.4211 , 1307.37
5308 , 0 , 1195.55 , 2151.27 , 365.119 , -55.4351 , 1307.36
5309 , 0 , 1195.51 , 2151.16 , 365.115 , -55.4491 , 1307.35
5310 , 0 , 1195.48 , 2151.06 , 365.11 , -55.463 , 1307.35
5311 , 0 , 1195.44 , 2150.95 , 365.106 , -55.477 , 1307.34
5312 , 0 , 1195.4 , 2150.84 , 365.102 , -55.491 , 1307.33
5313 , 0 , 1195.37 , 2150.74 , 365.097 , -55.505 , 1307.33
5314 , 0 , 1195.33 , 2150.63 , 365.093 , -55.519 , 1307.32
5315 , 0 , 1195.3 , 2150.52 , 365.089 , -55.533 , 1307.32
5316 , 0 , 1195.26 , 2150.42 , 365.084 , -55.5469 , 1307.31
5317 , 0 , 1195.22 , 2150.31 , 365.08 , -55.5609 , 1307.3
5318 , 0 , 1195.19 , 2150.21 , 365.076 , -55.5749 , 1307.3
5319 , 0 , 1195.15 , 2150.1 , 365.071 , -55.5889 , 1307.29
5320 , 0 , 1195.11 , 2149.99 , 365.067 , -55.6029 , 1307.28
5321 , 0 , 1195.08 , 2149.89 , 365.062 , -55.617 , 1307.28
5322 , 0 , 1195.04 , 2149.78 , 365.058 , -55.631 , 1307.27
5323 , 0 , 1195.01 , 2149.68 , 365.054 , -55.645 , 1307.26
5324 , 0 , 1194.97 , 2149.57 , 365.049 , -55.659 , 1307.26
5325 , 0 , 1194.93 , 2149.47 , 365.045 , -55.673 , 1307.25
5326 , 0 , 1194.9 , 2149.36 , 365.04 , -55.687 , 1307.24
5327 , 0 , 1194.86 , 2149.26 , 365.036 , -55.7011 , 1307.23
5328 , 0 , 1194.83 , 2149.15 , 365.031 , -55.7151 , 1307.23
5329 , 0 , 1194.79 , 2149.04 , 365.027 , -55.7291 , 1307.22
5330 , 0 , 1194.75 , 2148.94 , 365.022 , -55.7431 , 1307.21
5331 , 0 , 1194.72 , 2148.83 , 365.018 , -55.7572 , 1307.21
5332 , 0 , 1194.68 , 2148.73 , 365.014 , -55.7712 , 1307.2
5333 , 0 , 1194.64 , 2148.62 , 365.009 , -55.7853 , 1307.19
5334 , 0 , 1194.61 , 2148.52 , 365.005 , -55.7993 , 1307.19
5335 , 0 , 1194.57 , 2148.41 , 365 , -55.8134 , 1307.18
5336 , 0 , 1194.54 , 2148.31 , 364.996 , -55.8274 , 1307.17
5337 , 0 , 1194.5 , 2148.21 , 364.991 , -55.8415 , 1307.16
5338 , 0 , 1194.46 , 2148.1 , 364.986 , -55.8555 , 1307.16
5339 , 0 , 1194.43 , 2148 , 364.982 , -55.8696 , 1307.15
5340 , 0 , 1194.39 , 2147.89 , 364.977 , -55.8837 , 1307.14
5341 , 0 , 1194.35 , 2147.79 , 364.973 , -55.8977 , 1307.14
5342 , 0 , 1194.32 , 2147.68 , 364.968 , -55.9118 , 1307.13
5343 , 0 , 1194.28 , 2147.58 , 364.964 , -55.9259 , 1307.12
5344 , 0 , 1194.25 , 2147.48 , 364.959 , -55.9399 , 1307.11
5345 , 0 , 1194.21 , 2147.37 , 364.954 , -55.954 , 1307.11
5346 , 0 , 1194.17 , 2147.27 , 364.95 , -55.9681 , 1307.1
5347 , 0 , 1194.14 , 2147.16 , 364.945 , -55.9822 , 1307.09
5348 , 0 , 1194.1 , 2147.06 , 364.941 , -55.9963 , 1307.08
5349 , 0 , 1194.06 , 2146.96 , 364.936 , -56.0103 , 1307.08
5350 , 0 , 1194.03 , 2146.85 , 364.931 , -56.0244 , 1307.07
5351 , 0 , 1193.99 , 2146.75 , 364.927 , -56.0385 , 1307.06
5352 , 0 , 1193.96 , 2146.64 , 364.922 , -56.0526 , 1307.05
5353 , 0 , 1193.92 , 2146.54 , 364.917 , -56.0667 , 1307.05
5354 , 0 , 1193.88 , 2146.44 , 364.913 , -56.0808 , 1307.04
5355 , 0 , 1193.85 , 2146.33 , 364.908 , -56.0949 , 1307.03
5356 , 0 , 1193.81 , 2146.23 , 364.903 , -56.109 , 1307.02
5357 , 0 , 1193.77 , 2146.13 , 364.899 , -56.1231 , 1307.01
5358 , 0 , 1193.74 , 2146.02 , 364.894 , -56.1373 , 1307.01
5359 , 0 , 1193.7 , 2145.92 , 364.889 , -56.1514 , 1307
5360 , 0 , 1193.67 , 2145.82 , 364.885 , -56.1655 , 1306.99
5361 , 0 , 1193.63 , 2145.71 , 364.88 , -56.1796 , 1306.98
5362 , 0 , 1193.59 , 2145.61 , 364.875 , -56.1937 , 1306.98
5363 , 0 , 1193.56 , 2145.51 , 364.87 , -56.2079 , 1306.97
5364 , 0 , 1193.52 , 2145.4 , 364.866 , -56.222 , 1306.96
5365 , 0 , 1193.48 , 2145.3 , 364.861 , -56.2361 , 1306.95
5366 , 0 , 1193.45 , 2145.2 , 364.856 , -56.2503 , 1306.94
5367 , 0 , 1193.41 , 2145.1 , 364.851 , -56.2644 , 1306.94
5368 , 0 , 1193.38 , 2144.99 , 364.847 , -56.2785 , 1306.93
5369 , 0 , 1193.34 , 2144.89 , 364.842 , -56.2927 , 1306.92
5370 , 0 , 1193.3 , 2144.79 , 364.837 , -56.3068 , 1306.91
5371 , 0 , 1193.27 , 2144.69 , 364.832 , -56.321 , 1306.9
5372 , 0 , 1193.23 , 2144.58 , 364.827 , -56.3351 , 1306.89
5373 , 0 , 1193.19 , 2144.48 , 364.822 , -56.3493 , 1306.89
5374 , 0 , 1193.16 , 2144.38 , 364.818 , -56.3634 , 1306.88
5375 , 0 , 1193.12 , 2144.28 , 364.813 , -56.3776 , 1306.87
5376 , 0 , 1193.09 , 2144.17 , 364.808 , -56.3918 , 1306.86
5377 , 0 , 1193.05 , 2144.07 , 364.803 , -56.4059 , 1306.85
5378 , 0 , 1193.01 , 2143.97 , 364.798 , -56.4201 , 1306.84
5379 , 0 , 1192.98 , 2143.87 , 364.793 , -56.4342 , 1306.84
5380 , 0 , 1192.94 , 2143.77 , 364.789 , -56.4484 , 1306.83
5381 , 0 , 1192.9 , 2143.66 , 364.784 , -56.4626 , 1306.82
5382 , 0 , 1192.87 , 2143.56 , 364.779 , -56.4768 , 1306.81
5383 , 0 , 1192.83 , 2143.46 , 364.774 , -56.4909 , 1306.8
5384 , 0 , 1192.79 , 2143.36 , 364.769 , -56.5051 , 1306.79
5385 , 0 , 1192.76 , 2143.26 , 364.764 , -56.5193 , 1306.78
5386 , 0 , 1192.72 , 2143.16 , 364.759 , -56.5335 , 1306.78
5387 , 0 , 1192.69 , 2143.05 , 364.754 , -56.5477 , 1306.77
5388 , 0 , 1192.65 , 2142.95 , 364.749 , -56.5619 , 1306.76
5389 , 0 , 1192.61 , 2142.85 , 364.744 , -56.5761 , 1306.75
5390 , 0 , 1192.58 , 2142.75 , 364.739 , -56.5903 , 1306.74
5391 , 0 , 1192.54 , 2142.65 , 364.734 , -56.6045 , 1306.73
5392 , 0 , 1192.5 , 2142.55 , 364.729 , -56.6187 , 1306.72
5393 , 0 , 1192.47 , 2142.45 , 364.724 , -56.6329 , 1306.71
5394 , 0 , 1192.43 , 2142.34 , 364.719 , -56.6471 , 1306.71
5395 , 0 , 1192.39 , 2142.24 , 364.714 , -56.6613 , 1306.7
5396 , 0 , 1192.36 , 2142.14 , 364.709 , -56.6755 , 1306.69
5397 , 0 , 1192.32 , 2142.04 , 364.704 , -56.6897 , 1306.68
5398 , 0 , 1192.29 , 2141.94 , 364.699 , -56.7039 , 1306.67
5399 , 0 , 1192.25 , 2141.84 , 364.694 , -56.7181 , 1306.66
5400 , 0 , 1192.21 , 2141.74 , 364.689 , -56.7324 , 1306.65
5401 , 0 , 1192.18 , 2141.64 , 364.684 , -56.7466 , 1306.64
5402 , 0 , 1192.14 , 2141.54 , 364.679 , -56.7608 , 1306.63
5403 , 0 , 1192.1 , 2141.44 , 364.674 , -56.775 , 1306.63
5404 , 0 , 1192.07 , 2141.33 , 364.669 , -56.7893 , 1306.62
5405 , 0 , 1192.03 , 2141.23 , 364.664 , -56.8035 , 1306.61
5406 , 0 , 1191.99 , 2141.13 , 364.659 , -56.8177 , 1306.6
5407 , 0 , 1191.96 , 2141.03 , 364.654 , -56.832 , 1306.59
5408 , 0 , 1191.92 , 2140.93 , 364.649 , -56.8462 , 1306.58
5409 , 0 , 1191.88 , 2140.83 , 364.644 , -56.8604 , 1306.57
5410 , 0 , 1191.85 , 2140.73 , 364.639 , -56.8747 , 1306.56
5411 , 0 , 1191.81 , 2140.63 , 364.633 , -56.8889 , 1306.55
5412 , 0 , 1191.78 , 2140.53 , 364.628 , -56.9032 , 1306.54
5413 , 0 , 1191.74 , 2140.43 , 364.623 , -56.9174 , 1306.53
5414 , 0 , 1191.7 , 2140.33 , 364.618 , -56.9317 , 1306.52
5415 , 0 , 1191.67 , 2140.23 , 364.613 , -56.9459 , 1306.51
5416 , 0 , 1191.63 , 2140.13 , 364.608 , -56.9602 , 1306.5
5417 , 0 , 1191.59 , 2140.03 , 364.603 , -56.9744 , 1306.5
5418 , 0 , 1191.56 , 2139.93 , 364.597 , -56.9887 , 1306.49
5419 , 0 , 1191.52 , 2139.83 , 364.592 , -57.003 , 1306.48
5420 , 0 , 1191.48 , 2139.73 , 364.587 , -57.0172 , 1306.47
5421 , 0 , 1191.45 , 2139.63 , 364.582 , -57.0315 , 1306.46
5422 , 0 , 1191.41 , 2139.53 , 364.577 , -57.0458 , 1306.45
5423 , 0 , 1191.37 , 2139.43 , 364.571 , -57.0601 , 1306.44
5424 , 0 , 1191.34 , 2139.33 , 364.566 , -57.0743 , 1306.43
5425 , 0 , 1191.3 , 2139.23 , 364.561 , -57.0886 , 1306.42
5426 , 0 , 1191.26 , 2139.13 , 364.556 , -57.1029 , 1306.41
5427 , 0 , 1191.23 , 2139.03 , 364.55 , -57.1172 , 1306.4
5428 , 0 , 1191.19 , 2138.93 , 364.545 , -57.1315 , 1306.39
5429 , 0 , 1191.15 , 2138.83 , 364.54 , -57.1457 , 1306.38
5430 , 0 , 1191.12 , 2138.73 , 364.535 , -57.16 , 1306.37
5431 , 0 , 1191.08 , 2138.63 , 364.529 , -57.1743 , 1306.36
5432 , 0 , 1191.04 , 2138.53 , 364.524 , -57.1886 , 1306.35
5433 , 0 , 1191.01 , 2138.44 , 364.519 , -57.2029 , 1306.34
5434 , 0 , 1190.97 , 2138.34 , 364.513 , -57.2172 , 1306.33
5435 , 0 , 1190.93 , 2138.24 , 364.508 , -57.2315 , 1306.32
5436 , 0 , 1190.9 , 2138.14 , 364.503 , -57.2458 , 1306.31
5437 , 0 , 1190.86 , 2138.04 , 364.498 , -57.2601 , 1306.3
5438 , 0 , 1190.82 , 2137.94 , 364.492 , -57.2744 , 1306.29
5439 , 0 , 1190.79 , 2137.84 , 364.487 , -57.2887 , 1306.28
5440 , 0 , 1190.75 , 2137.74 , 364.482 , -57.303 , 1306.27
5441 , 0 , 1190.72 , 2137.64 , 364.476 , -57.3174 , 1306.26
5442 , 0 , 1190.68 , 2137.54 , 364.471 , -57.3317 , 1306.25
5443 , 0 , 1190.64 , 2137.44 , 364.465 , -57.346 , 1306.24
5444 , 0 , 1190.61 , 2137.34 , 364.46 , -57.3603 , 1306.23
5445 , 0 , 1190.57 , 2137.25 , 364.455 , -57.3746 , 1306.22
5446 , 0 , 1190.53 , 2137.15 , 364.449 , -57.389 , 1306.21
5447 , 0 , 1190.5 , 2137.05 , 364.444 , -57.4033 , 1306.2
5448 , 0 , 1190.46 , 2136.95 , 364.439 , -57.4176 , 1306.19
5449 , 0 , 1190.42 , 2136.85 , 364.433 , -57.4319 , 1306.18
5450 , 0 , 1190.38 , 2136.75 , 364.428 , -57.4463 , 1306.17
5451 , 0 , 1190.35 , 2136.65 , 364.422 , -57.4606 , 1306.16
5452 , 0 , 1190.31 , 2136.55 , 364.417 , -57.4749 , 1306.15
5453 , 0 , 1190.27 , 2136.46 , 364.411 , -57.4893 , 1306.14
5454 , 0 , 1190.24 , 2136.36 , 364.406 , -57.5036 , 1306.13
5455 , 0 , 1190.2 , 2136.26 , 364.401 , -57.518 , 1306.12
5456 , 0 , 1190.16 , 2136.16 , 364.395 , -57.5323 , 1306.11
5457 , 0 , 1190.13 , 2136.06 , 364.39 , -57.5467 , 1306.1
5458 , 0 , 1190.09 , 2135.96 , 364.384 , -57.561 , 1306.09
5459 , 0 , 1190.05 , 2135.86 , 364.379 , -57.5754 , 1306.08
5460 , 0 , 1190.02 , 2135.77 , 364.373 , -57.5897 , 1306.07
5461 , 0 , 1189.98 , 2135.67 , 364.368 , -57.6041 , 1306.06
5462 , 0 , 1189.94 , 2135.57 , 364.362 , -57.6184 , 1306.05
5463 , 0 , 1189.91 , 2135.47 , 364.357 , -57.6328 , 1306.03
5464 , 0 , 1189.87 , 2135.37 , 364.351 , -57.6471 , 1306.02
5465 , 0 , 1189.83 , 2135.27 , 364.346 , -57.6615 , 1306.01
5466 , 0 , 1189.8 , 2135.18 , 364.34 , -57.6759 , 1306
5467 , 0 , 1189.76 , 2135.08 , 364.335 , -57.6902 , 1305.99
5468 , 0 , 1189.72 , 2134.98 , 364.329 , -57.7046 , 1305.98
5469 , 0 , 1189.69 , 2134.88 , 364.323 , -57.719 , 1305.97
5470 , 0 , 1189.65 , 2134.78 , 364.318 , -57.7333 , 1305.96
5471 , 0 , 1189.61 , 2134.68 , 364.312 , -57.7477 , 1305.95
5472 , 0 , 1189.58 , 2134.59 , 364.307 , -57.7621 , 1305.94
5473 , 0 , 1189.54 , 2134.49 , 364.301 , -57.7765 , 1305.93
5474 , 0 , 1189.5 , 2134.39 , 364.296 , -57.7908 , 1305.92
5475 , 0 , 1189.47 , 2134.29 , 364.29 , -57.8052 , 1305.91
5476 , 0 , 1189.43 , 2134.19 , 364.284 , -57.8196 , 1305.9
5477 , 0 , 1189.39 , 2134.1 , 364.279 , -57.834 , 1305.88
5478 , 0 , 1189.36 , 2134 , 364.273 , -57.8484 , 1305.87
5479 , 0 , 1189.32 , 2133.9 , 364.268 , -57.8628 , 1305.86
5480 , 0 , 1189.28 , 2133.8 , 364.262 , -57.8772 , 1305.85
5481 , 0 , 1189.24 , 2133.7 , 364.256 , -57.8915 , 1305.84
5482 , 0 , 1189.21 , 2133.61 , 364.251 , -57.9059 , 1305.83
5483 , 0 , 1189.17 , 2133.51 , 364.245 , -57.9203 , 1305.82
5484 , 0 , 1189.13 , 2133.41 , 364.239 , -57.9347 , 1305.81
5485 , 0 , 1189.1 , 2133.31 , 364.234 , -57.9491 , 1305.8
5486 , 0 , 1189.06 , 2133.22 , 364.228 , -57.9635 , 1305.79
5487 , 0 , 1189.02 , 2133.12 , 364.222 , -57.9779 , 1305.77
5488 , 0 , 1188.99 , 2133.02 , 364.217 , -57.9923 , 1305.76
5489 , 0 , 1188.95 , 2132.92 , 364.211 , -58.0067 , 1305.75
5490 , 0 , 1188.91 , 2132.83 , 364.205 , -58.0211 , 1305.74
5491 , 0 , 1188.87 , 2132.73 , 364.2 , -58.0356 , 1305.73
5492 , 0 , 1188.84 , 2132.63 , 364.194 , -58.05 , 1305.72
5493 , 0 , 1188.8 , 2132.53 , 364.188 , -58.0644 , 1305.71
5494 , 0 , 1188.76 , 2132.44 , 364.182 , -58.0788 , 1305.7
5495 , 0 , 1188.73 , 2132.34 , 364.177 , -58.0932 , 1305.69
5496 , 0 , 1188.69 , 2132.24 , 364.171 , -58.1076 , 1305.67
5497 , 0 , 1188.65 , 2132.14 , 364.165 , -58.122 , 1305.66
5498 , 0 , 1188.62 , 2132.05 , 364.159 , -58.1365 , 1305.65
5499 , 0 , 1188.58 , 2131.95 , 364.154 , -58.1509 , 1305.64
5500 , 0 , 1188.54 , 2131.85 , 364.148 , -58.1653 , 1305.63
5501 , 0 , 1188.51 , 2131.75 , 364.142 , -58.1797 , 1305.62
5502 , 0 , 1188.47 , 2131.66 , 364.136 , -58.1941 , 1305.61
5503 , 0 , 1188.43 , 2131.56 , 364.13 , -58.2086 , 1305.59
5504 , 0 , 1188.39 , 2131.46 , 364.125 , -58.223 , 1305.58
5505 , 0 , 1188.36 , 2131.36 , 364.119 , -58.2374 , 1305.57
5506 , 0 , 1188.32 , 2131.27 , 364.113 , -58.2518 , 1305.56
5507 , 0 , 1188.28 , 2131.17 , 364.107 , -58.2663 , 1305.55
5508 , 0 , 1188.25 , 2131.07 , 364.101 , -58.2807 , 1305.54
5509 , 0 , 1188.21 , 2130.98 , 364.096 , -58.2952 , 1305.53
5510 , 0 , 1188.17 , 2130.88 , 364.09 , -58.3096 , 1305.51
5511 , 0 , 1188.13 , 2130.78 , 364.084 , -58.324 , 1305.5
5512 , 0 , 1188.1 , 2130.69 , 364.078 , -58.3385 , 1305.49
5513 , 0 , 1188.06 , 2130.59 , 364.072 , -58.3529 , 1305.48
5514 , 0 , 1188.02 , 2130.49 , 364.066 , -58.3673 , 1305.47
5515 , 0 , 1187.99 , 2130.39 , 364.06 , -58.3818 , 1305.46
5516 , 0 , 1187.95 , 2130.3 , 364.054 , -58.3962 , 1305.44
5517 , 0 , 1187.91 , 2130.2 , 364.049 , -58.4107 , 1305.43
5518 , 0 , 1187.87 , 2130.1 , 364.043 , -58.4251 , 1305.42
5519 , 0 , 1187.84 , 2130.01 , 364.037 , -58.4396 , 1305.41
5520 , 0 , 1187.8 , 2129.91 , 364.031 , -58.454 , 1305.4
5521 , 0 , 1187.76 , 2129.81 , 364.025 , -58.4685 , 1305.39
5522 , 0 , 1187.73 , 2129.72 , 364.019 , -58.4829 , 1305.37
5523 , 0 , 1187.69 , 2129.62 , 364.013 , -58.4974 , 1305.36
5524 , 0 , 1187.65 , 2129.52 , 364.007 , -58.5118 , 1305.35
5525 , 0 , 1187.61 , 2129.43 , 364.001 , -58.5263 , 1305.34
5526 , 0 , 1187.58 , 2129.33 , 363.995 , -58.5407 , 1305.33
5527 , 0 , 1187.54 , 2129.23 , 363.989 , -58.5552 , 1305.32
5528 , 0 , 1187.5 , 2129.13 , 363.983 , -58.5696 , 1305.3
5529 , 0 , 1187.46 , 2129.04 , 363.977 , -58.5841 , 1305.29
5530 , 0 , 1187.43 , 2128.94 , 363.971 , -58.5986 , 1305.28
5531 , 0 , 1187.39 , 2128.84 , 363.965 , -58.613 , 1305.27
5532 , 0 , 1187.35 , 2128.75 , 363.959 , -58.6275 , 1305.26
5533 , 0 , 1187.32 , 2128.65 , 363.953 , -58.642 , 1305.24
5534 , 0 , 1187.28 , 2128.56 , 363.947 , -58.6564 , 1305.23
5535 , 0 , 1187.24 , 2128.46 , 363.941 , -58.6709 , 1305.22
5536 , 0 , 1187.2 , 2128.36 , 363.935 , -58.6854 , 1305.21
5537 , 0 , 1187.17 , 2128.27 , 363.929 , -58.6998 , 1305.2
5538 , 0 , 1187.13 , 2128.17 , 363.923 , -58.7143 , 1305.18
5539 , 0 , 1187.09 , 2128.07 , 363.917 , -58.7288 , 1305.17
5540 , 0 , 1187.05 , 2127.98 , 363.911 , -58.7432 , 1305.16
5541 , 0 , 1187.02 , 2127.88 , 363.905 , -58.7577 , 1305.15
5542 , 0 , 1186.98 , 2127.78 , 363.899 , -58.7722 , 1305.14
5543 , 0 , 1186.94 , 2127.69 , 363.893 , -58.7867 , 1305.12
5544 , 0 , 1186.9 , 2127.59 , 363.887 , -58.8012 , 1305.11
5545 , 0 , 1186.87 , 2127.49 , 363.881 , -58.8156 , 1305.1
5546 , 0 , 1186.83 , 2127.4 , 363.875 , -58.8301 , 1305.09
5547 , 0 , 1186.79 , 2127.3 , 363.869 , -58.8446 , 1305.08
5548 , 0 , 1186.76 , 2127.2 , 363.863 , -58.8591 , 1305.06
5549 , 0 , 1186.72 , 2127.11 , 363.857 , -58.8736 , 1305.05
5550 , 0 , 1186.68 , 2127.01 , 363.851 , -58.888 , 1305.04
5551 , 0 , 1186.64 , 2126.91 , 363.844 , -58.9025 , 1305.03
5552 , 0 , 1186.61 , 2126.82 , 363.838 , -58.917 , 1305.01
5553 , 0 , 1186.57 , 2126.72 , 363.832 , -58.9315 , 1305
5554 , 0 , 1186.53 , 2126.62 , 363.826 , -58.946 , 1304.99
5555 , 0 , 1186.49 , 2126.53 , 363.82 , -58.9605 , 1304.98
5556 , 0 , 1186.46 , 2126.43 , 363.814 , -58.975 , 1304.97
5557 , 0 , 1186.42 , 2126.34 , 363.808 , -58.9894 , 1304.95
5558 , 0 , 1186.38 , 2126.24 , 363.801 , -59.0039 , 1304.94
5559 , 0 , 1186.34 , 2126.14 , 363.795 , -59.0184 , 1304.93
5560 , 0 , 1186.31 , 2126.05 , 363.789 , -59.0329 , 1304.92
5561 , 0 , 1186.27 , 2125.95 , 363.783 , -59.0474 , 1304.9
5562 , 0 , 1186.23 , 2125.85 , 363.777 , -59.0619 , 1304.89
5563 , 0 , 1186.19 , 2125.76 , 363.771 , -59.0764 , 1304.88
5564 , 0 , 1186.16 , 2125.66 , 363.764 , -59.0909 , 1304.87
5565 , 0 , 1186.12 , 2125.57 , 363.758 , -59.1054 , 1304.85
5566 , 0 , 1186.08 , 2125.47 , 363.752 , -59.1199 , 1304.84
5567 , 0 , 1186.04 , 2125.37 , 363.746 , -59.1343 , 1304.83
5568 , 0 , 1186.01 , 2125.28 , 363.74 , -59.1488 , 1304.82
5569 , 0 , 1185.97 , 2125.18 , 363.733 , -59.1633 , 1304.8
5570 , 0 , 1185.93 , 2125.08 , 363.727 , -59.1778 , 1304.79
5571 , 0 , 1185.89 , 2124.99 , 363.721 , -59.1923 , 1304.78
5572 , 0 , 1185.85 , 2124.89 , 363.715 , -59.2068 , 1304.77
5573 , 0 , 1185.82 , 2124.8 , 363.708 , -59.2213 , 1304.75
5574 , 0 , 1185.78 , 2124.7 , 363.702 , -59.2358 , 1304.74
5575 , 0 , 1185.74 , 2124.6 , 363.696 , -59.2503 , 1304.73
5576 , 0 , 1185.7 , 2124.51 , 363.69 , -59.2648 , 1304.71
5577 , 0 , 1185.67 , 2124.41 , 363.683 , -59.2793 , 1304.7
5578 , 0 , 1185.63 , 2124.32 , 363.677 , -59.2938 , 1304.69
5579 , 0 , 1185.59 , 2124.22 , 363.671 , -59.3083 , 1304.68
5580 , 0 , 1185.55 , 2124.12 , 363.664 , -59.3228 , 1304.66
5581 , 0 , 1185.52 , 2124.03 , 363.658 , -59.3373 , 1304.65
5582 , 0 , 1185.48 , 2123.93 , 363.652 , -59.3518 , 1304.64
5583 , 0 , 1185.44 , 2123.84 , 363.645 , -59.3663 , 1304.63
5584 , 0 , 1185.4 , 2123.74 , 363.639 , -59.3808 , 1304.61
5585 , 0 , 1185.36 , 2123.64 , 363.633 , -59.3953 , 1304.6
5586 , 0 , 1185.33 , 2123.55 , 363.626 , -59.4098 , 1304.59
5587 , 0 , 1185.29 , 2123.45 , 363.62 , -59.4243 , 1304.57
5588 , 0 , 1185.25 , 2123.36 , 363.614 , -59.4388 , 1304.56
5589 , 0 , 1185.21 , 2123.26 , 363.607 , -59.4533 , 1304.55
5590 , 0 , 1185.18 , 2123.16 , 363.601 , -59.4678 , 1304.54
5591 , 0 , 1185.14 , 2123.07 , 363.595 , -59.4823 , 1304.52
5592 , 0 , 1185.1 , 2122.97 , 363.588 , -59.4968 , 1304.51
5593 , 0 , 1185.06 , 2122.88 , 363.582 , -59.5113 , 1304.5
5594 , 0 , 1185.02 , 2122.78 , 363.576 , -59.5258 , 1304.48
5595 , 0 , 1184.99 , 2122.68 , 363.569 , -59.5403 , 1304.47
5596 , 0 , 1184.95 , 2122.59 , 363.563 , -59.5548 , 1304.46
5597 , 0 , 1184.91 , 2122.49 , 363.556 , -59.5693 , 1304.45
5598 , 0 , 1184.87 , 2122.4 , 363.55 , -59.5838 , 1304.43
5599 , 0 , 1184.84 , 2122.3 , 363.544 , -59.5983 , 1304.42
5600 , 0 , 1184.8 , 2122.21 , 363.537 , -59.6128 , 1304.41
5601 , 0 , 1184.76 , 2122.11 , 363.531 , -59.6273 , 1304.39
5602 , 0 , 1184.72 , 2122.01 , 363.524 , -59.6418 , 1304.38
5603 , 0 , 1184.68 , 2121.92 , 363.518 , -59.6564 , 1304.37
5604 , 0 , 1184.65 , 2121.82 , 363.511 , -59.6709 , 1304.35
5605 , 0 , 1184.61 , 2121.73 , 363.505 , -59.6854 , 1304.34
5606 , 0 , 1184.57 , 2121.63 , 363.499 , -59.6999 , 1304.33
5607 , 0 , 1184.53 , 2121.53 , 363.492 , -59.7144 , 1304.31
5608 , 0 , 1184.49 , 2121.44 , 363.486 , -59.7289 , 1304.3
5609 , 0 , 1184.46 , 2121.34 , 363.479 , -59.7434 , 1304.29
5610 , 0 , 1184.42 , 2121.25 , 363.473 , -59.7579 , 1304.28
5611 , 0 , 1184.38 , 2121.15 , 363.466 , -59.7724 , 1304.26
5612 , 0 , 1184.34 , 2121.06 , 363.46 , -59.7869 , 1304.25
5613 , 0 , 1184.3 , 2120.96 , 363.453 , -59.8014 , 1304.24
5614 , 0 , 1184.27 , 2120.87 , 363.447 , -59.8159 , 1304.22
5615 , 0 , 1184.23 , 2120.77 , 363.44 , -59.8304 , 1304.21
5616 , 0 , 1184.19 , 2120.67 , 363.434 , -59.8449 , 1304.2
5617 , 0 , 1184.15 , 2120.58 , 363.427 , -59.8594 , 1304.18
5618 , 0 , 1184.11 , 2120.48 , 363.421 , -59.8739 , 1304.17
5619 , 0 , 1184.08 , 2120.39 , 363.414 , -59.8884 , 1304.16
5620 , 0 , 1184.04 , 2120.29 , 363.408 , -59.9029 , 1304.14
5621 , 0 , 1184 , 2120.2 , 363.401 , -59.9174 , 1304.13
5622 , 0 , 1183.96 , 2120.1 , 363.394 , -59.9319 , 1304.12
5623 , 0 , 1183.92 , 2120 , 363.388 , -59.9464 , 1304.1
5624 , 0 , 1183.89 , 2119.91 , 363.381 , -59.9609 , 1304.09
5625 , 0 , 1183.85 , 2119.81 , 363.375 , -59.9754 , 1304.08
5626 , 0 , 1183.81 , 2119.72 , 363.368 , -59.9899 , 1304.06
5627 , 0 , 1183.77 , 2119.62 , 363.362 , -60.0043 , 1304.05
5628 , 0 , 1183.73 , 2119.53 , 363.355 , -60.0188 , 1304.04
5629 , 0 , 1183.7 , 2119.43 , 363.348 , -60.0333 , 1304.02
5630 , 0 , 1183.66 , 2119.34 , 363.342 , -60.0478 , 1304.01
5631 , 0 , 1183.62 , 2119.24 , 363.335 , -60.0623 , 1304
5632 , 0 , 1183.58 , 2119.14 , 363.329 , -60.0768 , 1303.98
5633 , 0 , 1183.54 , 2119.05 , 363.322 , -60.0913 , 1303.97
5634 , 0 , 1183.5 , 2118.95 , 363.315 , -60.1058 , 1303.95
5635 , 0 , 1183.47 , 2118.86 , 363.309 , -60.1203 , 1303.94
5636 , 0 , 1183.43 , 2118.76 , 363.302 , -60.1348 , 1303.93
5637 , 0 , 1183.39 , 2118.67 , 363.296 , -60.1493 , 1303.91
5638 , 0 , 1183.35 , 2118.57 , 363.289 , -60.1638 , 1303.9
5639 , 0 , 1183.31 , 2118.48 , 363.282 , -60.1782 , 1303.89
5640 , 0 , 1183.28 , 2118.38 , 363.276 , -60.1927 , 1303.87
5641 , 0 , 1183.24 , 2118.28 , 363.269 , -60.2072 , 1303.86
5642 , 0 , 1183.2 , 2118.19 , 363.262 , -60.2217 , 1303.85
5643 , 0 , 1183.16 , 2118.09 , 363.256 , -60.2362 , 1303.83
5644 , 0 , 1183.12 , 2118 , 363.249 , -60.2507 , 1303.82
5645 , 0 , 1183.08 , 2117.9 , 363.242 , -60.2651 , 1303.8
5646 , 0 , 1183.05 , 2117.81 , 363.236 , -60.2796 , 1303.79
5647 , 0 , 1183.01 , 2117.71 , 363.229 , -60.2941 , 1303.78
5648 , 0 , 1182.97 , 2117.62 , 363.222 , -60.3086 , 1303.76
5649 , 0 , 1182.93 , 2117.52 , 363.215 , -60.3231 , 1303.75
5650 , 0 , 1182.89 , 2117.42 , 363.209 , -60.3375 , 1303.74
5651 , 0 , 1182.85 , 2117.33 , 363.202 , -60.352 , 1303.72
5652 , 0 , 1182.82 , 2117.23 , 363.195 , -60.3665 , 1303.71
5653 , 0 , 1182.78 , 2117.14 , 363.189 , -60.381 , 1303.69
5654 , 0 , 1182.74 , 2117.04 , 363.182 , -60.3954 , 1303.68
5655 , 0 , 1182.7 , 2116.95 , 363.175 , -60.4099 , 1303.67
5656 , 0 , 1182.66 , 2116.85 , 363.168 , -60.4244 , 1303.65
5657 , 0 , 1182.62 , 2116.76 , 363.162 , -60.4388 , 1303.64
5658 , 0 , 1182.59 , 2116.66 , 363.155 , -60.4533 , 1303.63
5659 , 0 , 1182.55 , 2116.57 , 363.148 , -60.4678 , 1303.61
5660 , 0 , 1182.51 , 2116.47 , 363.141 , -60.4822 , 1303.6
5661 , 0 , 1182.47 , 2116.37 , 363.135 , -60.4967 , 1303.58
5662 , 0 , 1182.43 , 2116.28 , 363.128 , -60.5112 , 1303.57
5663 , 0 , 1182.39 , 2116.18 , 363.121 , -60.5256 , 1303.56
5664 , 0 , 1182.36 , 2116.09 , 363.114 , -60.5401 , 1303.54
5665 , 0 , 1182.32 , 2115.99 , 363.107 , -60.5546 , 1303.53
5666 , 0 , 1182.28 , 2115.9 , 363.101 , -60.569 , 1303.51
5667 , 0 , 1182.24 , 2115.8 , 363.094 , -60.5835 , 1303.5
5668 , 0 , 1182.2 , 2115.71 , 363.087 , -60.5979 , 1303.49
5669 , 0 , 1182.16 , 2115.61 , 363.08 , -60.6124 , 1303.47
5670 , 0 , 1182.12 , 2115.52 , 363.073 , -60.6268 , 1303.46
5671 , 0 , 1182.09 , 2115.42 , 363.067 , -60.6413 , 1303.44
5672 , 0 , 1182.05 , 2115.33 , 363.06 , -60.6557 , 1303.43
5673 , 0 , 1182.01 , 2115.23 , 363.053 , -60.6702 , 1303.42
5674 , 0 , 1181.97 , 2115.14 , 363.046 , -60.6846 , 1303.4
5675 , 0 , 1181.93 , 2115.04 , 363.039 , -60.6991 , 1303.39
5676 , 0 , 1181.89 , 2114.95 , 363.032 , -60.7135 , 1303.37
5677 , 0 , 1181.86 , 2114.85 , 363.025 , -60.728 , 1303.36
5678 , 0 , 1181.82 , 2114.75 , 363.019 , -60.7424 , 1303.34
5679 , 0 , 1181.78 , 2114.66 , 363.012 , -60.7568 , 1303.33
5680 , 0 , 1181.74 , 2114.56 , 363.005 , -60.7713 , 1303.32
5681 , 0 , 1181.7 , 2114.47 , 362.998 , -60.7857 , 1303.3
5682 , 0 , 1181.66 , 2114.37 , 362.991 , -60.8001 , 1303.29
5683 , 0 , 1181.62 , 2114.28 , 362.984 , -60.8146 , 1303.27
5684 , 0 , 1181.58 , 2114.18 , 362.977 , -60.829 , 1303.26
5685 , 0 , 1181.55 , 2114.09 , 362.97 , -60.8434 , 1303.24
5686 , 0 , 1181.51 , 2113.99 , 362.963 , -60.8579 , 1303.23
5687 , 0 , 1181.47 , 2113.9 , 362.957 , -60.8723 , 1303.22
5688 , 0 , 1181.43 , 2113.8 , 362.95 , -60.8867 , 1303.2
5689 , 0 , 1181.39 , 2113.71 , 362.943 , -60.9011 , 1303.19
5690 , 0 , 1181.35 , 2113.61 , 362.936 , -60.9156 , 1303.17
5691 , 0 , 1181.31 , 2113.52 , 362.929 , -60.93 , 1303.16
5692 , 0 , 1181.28 , 2113.42 , 362.922 , -60.9444 , 1303.14
5693 , 0 , 1181.24 , 2113.33 , 362.915 , -60.9588 , 1303.13
5694 , 0 , 1181.2 , 2113.23 , 362.908 , -60.9732 , 1303.12
5695 , 0 , 1181.16 , 2113.14 , 362.901 , -60.9876 , 1303.1
5696 , 0 , 1181.12 , 2113.04 , 362.894 , -61.002 , 1303.09
5697 , 0 , 1181.08 , 2112.95 , 362.887 , -61.0164 , 1303.07
5698 , 0 , 1181.04 , 2112.85 , 362.88 , -61.0308 , 1303.06
5699 , 0 , 1181.01 , 2112.76 , 362.873 , -61.0452 , 1303.04
5700 , 0 , 1180.97 , 2112.66 , 362.866 , -61.0596 , 1303.03
5701 , 0 , 1180.93 , 2112.57 , 362.859 , -61.074 , 1303.01
5702 , 0 , 1180.89 , 2112.47 , 362.852 , -61.0884 , 1303
5703 , 0 , 1180.85 , 2112.38 , 362.845 , -61.1028 , 1302.98
5704 , 0 , 1180.81 , 2112.28 , 362.838 , -61.1172 , 1302.97
5705 , 0 , 1180.77 , 2112.18 , 362.831 , -61.1316 , 1302.96
5706 , 0 , 1180.73 , 2112.09 , 362.824 , -61.146 , 1302.94
5707 , 0 , 1180.7 , 2111.99 , 362.817 , -61.1604 , 1302.93
5708 , 0 , 1180.66 , 2111.9 , 362.81 , -61.1748 , 1302.91
5709 , 0 , 1180.62 , 2111.8 , 362.803 , -61.1892 , 1302.9
5710 , 0 , 1180.58 , 2111.71 , 362.796 , -61.2035 , 1302.88
5711 , 0 , 1180.54 , 2111.61 , 362.789 , -61.2179 , 1302.87
5712 , 0 , 1180.5 , 2111.52 , 362.782 , -61.2323 , 1302.85
5713 , 0 , 1180.46 , 2111.42 , 362.775 , -61.2467 , 1302.84
5714 , 0 , 1180.42 , 2111.33 , 362.768 , -61.261 , 1302.82
5715 , 0 , 1180.38 , 2111.23 , 362.761 , -61.2754 , 1302.81
5716 , 0 , 1180.35 , 2111.14 , 362.754 , -61.2898 , 1302.79
5717 , 0 , 1180.31 , 2111.04 , 362.747 , -61.3041 , 1302.78
5718 , 0 , 1180.27 , 2110.95 , 362.74 , -61.3185 , 1302.76
5719 , 0 , 1180.23 , 2110.85 , 362.733 , -61.3329 , 1302.75
5720 , 0 , 1180.19 , 2110.76 , 362.725 , -61.3472 , 1302.74
5721 , 0 , 1180.15 , 2110.66 , 362.718 , -61.3616 , 1302.72
5722 , 0 , 1180.11 , 2110.57 , 362.711 , -61.3759 , 1302.71
5723 , 0 , 1180.07 , 2110.47 , 362.704 , -61.3903 , 1302.69
5724 , 0 , 1180.03 , 2110.38 , 362.697 , -61.4046 , 1302.68
5725 , 0 , 1180 , 2110.28 , 362.69 , -61.419 , 1302.66
5726 , 0 , 1179.96 , 2110.19 , 362.683 , -61.4333 , 1302.65
5727 , 0 , 1179.92 , 2110.09 , 362.676 , -61.4477 , 1302.63
5728 , 0 , 1179.88 , 2110 , 362.669 , -61.462 , 1302.62
5729 , 0 , 1179.84 , 2109.9 , 362.661 , -61.4763 , 1302.6
5730 , 0 , 1179.8 , 2109.81 , 362.654 , -61.4907 , 1302.59
5731 , 0 , 1179.76 , 2109.71 , 362.647 , -61.505 , 1302.57
5732 , 0 , 1179.72 , 2109.62 , 362.64 , -61.5193 , 1302.56
5733 , 0 , 1179.68 , 2109.52 , 362.633 , -61.5336 , 1302.54
5734 , 0 , 1179.64 , 2109.43 , 362.626 , -61.548 , 1302.53
5735 , 0 , 1179.61 , 2109.33 , 362.618 , -61.5623 , 1302.51
5736 , 0 , 1179.57 , 2109.24 , 362.611 , -61.5766 , 1302.5
5737 , 0 , 1179.53 , 2109.15 , 362.604 , -61.5909 , 1302.48
5738 , 0 , 1179.49 , 2109.05 , 362.597 , -61.6052 , 1302.47
5739 , 0 , 1179.45 , 2108.96 , 362.59 , -61.6195 , 1302.45
5740 , 0 , 1179.41 , 2108.86 , 362.582 , -61.6338 , 1302.44
5741 , 0 , 1179.37 , 2108.77 , 362.575 , -61.6481 , 1302.42
5742 , 0 , 1179.33 , 2108.67 , 362.568 , -61.6624 , 1302.41
5743 , 0 , 1179.29 , 2108.58 , 362.561 , -61.6767 , 1302.39
5744 , 0 , 1179.25 , 2108.48 , 362.554 , -61.691 , 1302.38
5745 , 0 , 1179.22 , 2108.39 , 362.546 , -61.7053 , 1302.36
5746 , 0 , 1179.18 , 2108.29 , 362.539 , -61.7196 , 1302.34
5747 , 0 , 1179.14 , 2108.2 , 362.532 , -61.7339 , 1302.33
5748 , 0 , 1179.1 , 2108.1 , 362.525 , -61.7482 , 1302.31
5749 , 0 , 1179.06 , 2108.01 , 362.518 , -61.7625 , 1302.3
5750 , 0 , 1179.02 , 2107.91 , 362.51 , -61.7767 , 1302.28
5751 , 0 , 1178.98 , 2107.82 , 362.503 , -61.791 , 1302.27
5752 , 0 , 1178.94 , 2107.73 , 362.496 , -61.8053 , 1302.25
5753 , 0 , 1178.9 , 2107.63 , 362.489 , -61.8196 , 1302.24
5754 , 0 , 1178.86 , 2107.54 , 362.481 , -61.8338 , 1302.22
5755 , 0 , 1178.82 , 2107.44 , 362.474 , -61.8481 , 1302.21
5756 , 0 , 1178.79 , 2107.35 , 362.467 , -61.8623 , 1302.19
5757 , 0 , 1178.75 , 2107.25 , 362.459 , -61.8766 , 1302.18
5758 , 0 , 1178.71 , 2107.16 , 362.452 , -61.8908 , 1302.16
5759 , 0 , 1178.67 , 2107.06 , 362.445 , -61.9051 , 1302.15
5760 , 0 , 1178.63 , 2106.97 , 362.438 , -61.9193 , 1302.13
5761 , 0 , 1178.59 , 2106.87 , 362.43 , -61.9336 , 1302.11
5762 , 0 , 1178.55 , 2106.78 , 362.423 , -61.9478 , 1302.1
5763 , 0 , 1178.51 , 2106.69 , 362.416 , -61.962 , 1302.08
5764 , 0 , 1178.47 , 2106.59 , 362.408 , -61.9763 , 1302.07
5765 , 0 , 1178.43 , 2106.5 , 362.401 , -61.9905 , 1302.05
5766 , 0 , 1178.39 , 2106.4 , 362.394 , -62.0047 , 1302.04
5767 , 0 , 1178.35 , 2106.31 , 362.386 , -62.019 , 1302.02
5768 , 0 , 1178.32 , 2106.21 , 362.379 , -62.0332 , 1302.01
5769 , 0 , 1178.28 , 2106.12 , 362.372 , -62.0474 , 1301.99
5770 , 0 , 1178.24 , 2106.02 , 362.364 , -62.0616 , 1301.97
5771 , 0 , 1178.2 , 2105.93 , 362.357 , -62.0758 , 1301.96
5772 , 0 , 1178.16 , 2105.84 , 362.35 , -62.09 , 1301.94
5773 , 0 , 1178.12 , 2105.74 , 362.342 , -62.1042 , 1301.93
5774 , 0 , 1178.08 , 2105.65 , 362.335 , -62.1184 , 1301.91
5775 , 0 , 1178.04 , 2105.55 , 362.328 , -62.1326 , 1301.9
5776 , 0 , 1178 , 2105.46 , 362.32 , -62.1468 , 1301.88
5777 , 0 , 1177.96 , 2105.36 , 362.313 , -62.1609 , 1301.87
5778 , 0 , 1177.92 , 2105.27 , 362.305 , -62.1751 , 1301.85
5779 , 0 , 1177.88 , 2105.17 , 362.298 , -62.1893 , 1301.83
5780 , 0 , 1177.84 , 2105.08 , 362.291 , -62.2035 , 1301.82
5781 , 0 , 1177.8 , 2104.99 , 362.283 , -62.2176 , 1301.8
5782 , 0 , 1177.77 , 2104.89 , 362.276 , -62.2318 , 1301.79
5783 , 0 , 1177.73 , 2104.8 , 362.268 , -62.246 , 1301.77
5784 , 0 , 1177.69 , 2104.7 , 362.261 , -62.2601 , 1301.76
5785 , 0 , 1177.65 , 2104.61 , 362.253 , -62.2743 , 1301.74
5786 , 0 , 1177.61 , 2104.51 , 362.246 , -62.2884 , 1301.72
5787 , 0 , 1177.57 , 2104.42 , 362.239 , -62.3026 , 1301.71
5788 , 0 , 1177.53 , 2104.33 , 362.231 , -62.3167 , 1301.69
5789 , 0 , 1177.49 , 2104.23 , 362.224 , -62.3308 , 1301.68
5790 , 0 , 1177.45 , 2104.14 , 362.216 , -62.345 , 1301.66
5791 , 0 , 1177.41 , 2104.04 , 362.209 , -62.3591 , 1301.64
5792 , 0 , 1177.37 , 2103.95 , 362.201 , -62.3732 , 1301.63
5793 , 0 , 1177.33 , 2103.86 , 362.194 , -62.3874 , 1301.61
5794 , 0 , 1177.29 , 2103.76 , 362.186 , -62.4015 , 1301.6
5795 , 0 , 1177.25 , 2103.67 , 362.179 , -62.4156 , 1301.58
5796 , 0 , 1177.21 , 2103.57 , 362.171 , -62.4297 , 1301.56
5797 , 0 , 1177.18 , 2103.48 , 362.164 , -62.4438 , 1301.55
5798 , 0 , 1177.14 , 2103.39 , 362.156 , -62.4579 , 1301.53
5799 , 0 , 1177.1 , 2103.29 , 362.149 , -62.472 , 1301.52
5800 , 0 , 1177.06 , 2103.2 , 362.141 , -62.4861 , 1301.5
5801 , 0 , 1177.02 , 2103.1 , 362.134 , -62.5002 , 1301.48
5802 , 0 , 1176.98 , 2103.01 , 362.126 , -62.5143 , 1301.47
5803 , 0 , 1176.94 , 2102.92 , 362.119 , -62.5283 , 1301.45
5804 , 0 , 1176.9 , 2102.82 , 362.111 , -62.5424 , 1301.43
5805 , 0 , 1176.86 , 2102.73 , 362.104 , -62.5565 , 1301.42
5806 , 0 , 1176.82 , 2102.63 , 362.096 , -62.5706 , 1301.4
5807 , 0 , 1176.78 , 2102.54 , 362.089 , -62.5846 , 1301.39
5808 , 0 , 1176.74 , 2102.45 , 362.081 , -62.5987 , 1301.37
5809 , 0 , 1176.7 , 2102.35 , 362.074 , -62.6127 , 1301.35
5810 , 0 , 1176.66 , 2102.26 , 362.066 , -62.6268 , 1301.34
5811 , 0 , 1176.62 , 2102.16 , 362.059 , -62.6408 , 1301.32
5812 , 0 , 1176.58 , 2102.07 , 362.051 , -62.6549 , 1301.31
5813 , 0 , 1176.54 , 2101.98 , 362.043 , -62.6689 , 1301.29
5814 , 0 , 1176.5 , 2101.88 , 362.036 , -62.6829 , 1301.27
5815 , 0 , 1176.46 , 2101.79 , 362.028 , -62.697 , 1301.26
5816 , 0 , 1176.43 , 2101.69 , 362.021 , -62.711 , 1301.24
5817 , 0 , 1176.39 , 2101.6 , 362.013 , -62.725 , 1301.22
5818 , 0 , 1176.35 , 2101.51 , 362.006 , -62.739 , 1301.21
5819 , 0 , 1176.31 , 2101.41 , 361.998 , -62.753 , 1301.19
5820 , 0 , 1176.27 , 2101.32 , 361.99 , -62.767 , 1301.17
5821 , 0 , 1176.23 , 2101.23 , 361.983 , -62.781 , 1301.16
5822 , 0 , 1176.19 , 2101.13 , 361.975 , -62.795 , 1301.14
5823 , 0 , 1176.15 , 2101.04 , 361.967 , -62.809 , 1301.12
5824 , 0 , 1176.11 , 2100.94 , 361.96 , -62.823 , 1301.11
5825 , 0 , 1176.07 , 2100.85 , 361.952 , -62.837 , 1301.09
5826 , 0 , 1176.03 , 2100.76 , 361.945 , -62.851 , 1301.08
5827 , 0 , 1175.99 , 2100.66 , 361.937 , -62.8649 , 1301.06
5828 , 0 , 1175.95 , 2100.57 , 361.929 , -62.8789 , 1301.04
5829 , 0 , 1175.91 , 2100.48 , 361.922 , -62.8929 , 1301.03
5830 , 0 , 1175.87 , 2100.38 , 361.914 , -62.9068 , 1301.01
5831 , 0 , 1175.83 , 2100.29 , 361.906 , -62.9208 , 1300.99
5832 , 0 , 1175.79 , 2100.2 , 361.899 , -62.9347 , 1300.98
5833 , 0 , 1175.75 , 2100.1 , 361.891 , -62.9487 , 1300.96
5834 , 0 , 1175.71 , 2100.01 , 361.883 , -62.9626 , 1300.94
5835 , 0 , 1175.67 , 2099.91 , 361.876 , -62.9765 , 1300.93
5836 , 0 , 1175.63 , 2099.82 , 361.868 , -62.9905 , 1300.91
5837 , 0 , 1175.59 , 2099.73 , 361.86 , -63.0044 , 1300.89
5838 , 0 , 1175.55 , 2099.63 , 361.853 , -63.0183 , 1300.88
5839 , 0 , 1175.51 , 2099.54 , 361.845 , -63.0322 , 1300.86
5840 , 0 , 1175.47 , 2099.45 , 361.837 , -63.0461 , 1300.84
5841 , 0 , 1175.44 , 2099.35 , 361.83 , -63.06 , 1300.83
5842 , 0 , 1175.4 , 2099.26 , 361.822 , -63.0739 , 1300.81
5843 , 0 , 1175.36 , 2099.17 , 361.814 , -63.0878 , 1300.79
5844 , 0 , 1175.32 , 2099.07 , 361.806 , -63.1017 , 1300.78
5845 , 0 , 1175.28 , 2098.98 , 361.799 , -63.1156 , 1300.76
5846 , 0 , 1175.24 , 2098.89 , 361.791 , -63.1294 , 1300.74
5847 , 0 , 1175.2 , 2098.79 , 361.783 , -63.1433 , 1300.72
5848 , 0 , 1175.16 , 2098.7 , 361.775 , -63.1572 , 1300.71
5849 , 0 , 1175.12 , 2098.61 , 361.768 , -63.171 , 1300.69
5850 , 0 , 1175.08 , 2098.51 , 361.76 , -63.1849 , 1300.67
5851 , 0 , 1175.04 , 2098.42 , 361.752 , -63.1987 , 1300.66
5852 , 0 , 1175 , 2098.33 , 361.745 , -63.2126 , 1300.64
5853 , 0 , 1174.96 , 2098.23 , 361.737 , -63.2264 , 1300.62
5854 , 0 , 1174.92 , 2098.14 , 361.729 , -63.2402 , 1300.61
5855 , 0 , 1174.88 , 2098.05 , 361.721 , -63.2541 , 1300.59
5856 , 0 , 1174.84 , 2097.95 , 361.713 , -63.2679 , 1300.57
5857 , 0 , 1174.8 , 2097.86 , 361.706 , -63.2817 , 1300.56
5858 , 0 , 1174.76 , 2097.77 , 361.698 , -63.2955 , 1300.54
5859 , 0 , 1174.72 , 2097.67 , 361.69 , -63.3093 , 1300.52
5860 , 0 , 1174.68 , 2097.58 , 361.682 , -63.3231 , 1300.5
5861 , 0 , 1174.64 , 2097.49 , 361.674 , -63.3369 , 1300.49
5862 , 0 , 1174.6 , 2097.39 , 361.667 , -63.3507 , 1300.47
5863 , 0 , 1174.56 , 2097.3 , 361.659 , -63.3645 , 1300.45
5864 , 0 , 1174.52 , 2097.21 , 361.651 , -63.3782 , 1300.44
5865 , 0 , 1174.48 , 2097.11 , 361.643 , -63.392 , 1300.42
5866 , 0 , 1174.44 , 2097.02 , 361.635 , -63.4058 , 1300.4
5867 , 0 , 1174.4 , 2096.93 , 361.627 , -63.4195 , 1300.38
5868 , 0 , 1174.36 , 2096.83 , 361.62 , -63.4333 , 1300.37
5869 , 0 , 1174.32 , 2096.74 , 361.612 , -63.447 , 1300.35
5870 , 0 , 1174.28 , 2096.65 , 361.604 , -63.4608 , 1300.33
5871 , 0 , 1174.24 , 2096.56 , 361.596 , -63.4745 , 1300.31
5872 , 0 , 1174.2 , 2096.46 , 361.588 , -63.4882 , 1300.3
5873 , 0 , 1174.16 , 2096.37 , 361.58 , -63.5019 , 1300.28
5874 , 0 , 1174.12 , 2096.28 , 361.573 , -63.5157 , 1300.26
5875 , 0 , 1174.08 , 2096.18 , 361.565 , -63.5294 , 1300.25
5876 , 0 , 1174.04 , 2096.09 , 361.557 , -63.5431 , 1300.23
5877 , 0 , 1174 , 2096 , 361.549 , -63.5568 , 1300.21
5878 , 0 , 1173.96 , 2095.91 , 361.541 , -63.5705 , 1300.19
5879 , 0 , 1173.92 , 2095.81 , 361.533 , -63.5841 , 1300.18
5880 , 0 , 1173.88 , 2095.72 , 361.525 , -63.5978 , 1300.16
5881 , 0 , 1173.84 , 2095.63 , 361.517 , -63.6115 , 1300.14
5882 , 0 , 1173.8 , 2095.53 , 361.51 , -63.6252 , 1300.12
5883 , 0 , 1173.76 , 2095.44 , 361.502 , -63.6388 , 1300.11
5884 , 0 , 1173.72 , 2095.35 , 361.494 , -63.6525 , 1300.09
5885 , 0 , 1173.68 , 2095.26 , 361.486 , -63.6661 , 1300.07
5886 , 0 , 1173.64 , 2095.16 , 361.478 , -63.6798 , 1300.05
5887 , 0 , 1173.6 , 2095.07 , 361.47 , -63.6934 , 1300.04
5888 , 0 , 1173.56 , 2094.98 , 361.462 , -63.707 , 1300.02
5889 , 0 , 1173.52 , 2094.88 , 361.454 , -63.7206 , 1300
5890 , 0 , 1173.48 , 2094.79 , 361.446 , -63.7343 , 1299.98
5891 , 0 , 1173.44 , 2094.7 , 361.438 , -63.7479 , 1299.97
5892 , 0 , 1173.4 , 2094.61 , 361.43 , -63.7615 , 1299.95
5893 , 0 , 1173.36 , 2094.51 , 361.422 , -63.7751 , 1299.93
5894 , 0 , 1173.32 , 2094.42 , 361.414 , -63.7887 , 1299.91
5895 , 0 , 1173.28 , 2094.33 , 361.406 , -63.8022 , 1299.9
5896 , 0 , 1173.24 , 2094.24 , 361.398 , -63.8158 , 1299.88
5897 , 0 , 1173.2 , 2094.14 , 361.391 , -63.8294 , 1299.86
5898 , 0 , 1173.16 , 2094.05 , 361.383 , -63.8429 , 1299.84
5899 , 0 , 1173.12 , 2093.96 , 361.375 , -63.8565 , 1299.82
5900 , 0 , 1173.08 , 2093.87 , 361.367 , -63.87 , 1299.81
5901 , 0 , 1173.04 , 2093.77 , 361.359 , -63.8836 , 1299.79
5902 , 0 , 1173 , 2093.68 , 361.351 , -63.8971 , 1299.77
5903 , 0 , 1172.96 , 2093.59 , 361.343 , -63.9106 , 1299.75
5904 , 0 , 1172.92 , 2093.5 , 361.335 , -63.9242 , 1299.74
5905 , 0 , 1172.88 , 2093.4 , 361.327 , -63.9377 , 1299.72
5906 , 0 , 1172.84 , 2093.31 , 361.319 , -63.9512 , 1299.7
5907 , 0 , 1172.8 , 2093.22 , 361.311 , -63.9647 , 1299.68
5908 , 0 , 1172.76 , 2093.13 , 361.303 , -63.9782 , 1299.66
5909 , 0 , 1172.72 , 2093.04 , 361.295 , -63.9917 , 1299.65
5910 , 0 , 1172.68 , 2092.94 , 361.287 , -64.0051 , 1299.63
5911 , 0 , 1172.64 , 2092.85 , 361.279 , -64.0186 , 1299.61
5912 , 0 , 1172.6 , 2092.76 , 361.271 , -64.0321 , 1299.59
5913 , 0 , 1172.56 , 2092.67 , 361.263 , -64.0455 , 1299.57
5914 , 0 , 1172.52 , 2092.57 , 361.254 , -64.059 , 1299.56
5915 , 0 , 1172.48 , 2092.48 , 361.246 , -64.0724 , 1299.54
5916 , 0 , 1172.44 , 2092.39 , 361.238 , -64.0859 , 1299.52
5917 , 0 , 1172.4 , 2092.3 , 361.23 , -64.0993 , 1299.5
5918 , 0 , 1172.36 , 2092.21 , 361.222 , -64.1127 , 1299.48
5919 , 0 , 1172.32 , 2092.11 , 361.214 , -64.1262 , 1299.47
5920 , 0 , 1172.28 , 2092.02 , 361.206 , -64.1396 , 1299.45
5921 , 0 , 1172.24 , 2091.93 , 361.198 , -64.153 , 1299.43
5922 , 0 , 1172.2 , 2091.84 , 361.19 , -64.1664 , 1299.41
5923 , 0 , 1172.16 , 2091.74 , 361.182 , -64.1797 , 1299.39
5924 , 0 , 1172.12 , 2091.65 , 361.174 , -64.1931 , 1299.38
5925 , 0 , 1172.08 , 2091.56 , 361.166 , -64.2065 , 1299.36
5926 , 0 , 1172.04 , 2091.47 , 361.158 , -64.2199 , 1299.34
5927 , 0 , 1172 , 2091.38 , 361.15 , -64.2332 , 1299.32
5928 , 0 , 1171.96 , 2091.28 , 361.141 , -64.2466 , 1299.3
5929 , 0 , 1171.92 , 2091.19 , 361.133 , -64.2599 , 1299.28
5930 , 0 , 1171.88 , 2091.1 , 361.125 , -64.2732 , 1299.27
5931 , 0 , 1171.84 , 2091.01 , 361.117 , -64.2866 , 1299.25
5932 , 0 , 1171.8 , 2090.92 , 361.109 , -64.2999 , 1299.23
5933 , 0 , 1171.76 , 2090.82 , 361.101 , -64.3132 , 1299.21
5934 , 0 , 1171.72 , 2090.73 , 361.093 , -64.3265 , 1299.19
5935 , 0 , 1171.68 , 2090.64 , 361.085 , -64.3398 , 1299.17
5936 , 0 , 1171.64 , 2090.55 , 361.076 , -64.3531 , 1299.16
5937 , 0 , 1171.6 , 2090.46 , 361.068 , -64.3664 , 1299.14
5938 , 0 , 1171.56 , 2090.36 , 361.06 , -64.3797 , 1299.12
5939 , 0 , 1171.52 , 2090.27 , 361.052 , -64.3929 , 1299.1
5940 , 0 , 1171.48 , 2090.18 , 361.044 , -64.4062 , 1299.08
5941 , 0 , 1171.44 , 2090.09 , 361.036 , -64.4194 , 1299.06
5942 , 0 , 1171.4 , 2090 , 361.027 , -64.4327 , 1299.05
5943 , 0 , 1171.36 , 2089.9 , 361.019 , -64.4459 , 1299.03
5944 , 0 , 1171.32 , 2089.81 , 361.011 , -64.4591 , 1299.01
5945 , 0 , 1171.28 , 2089.72 , 361.003 , -64.4724 , 1298.99
5946 , 0 , 1171.24 , 2089.63 , 360.995 , -64.4856 , 1298.97
5947 , 0 , 1171.2 , 2089.54 , 360.987 , -64.4988 , 1298.95
5948 , 0 , 1171.16 , 2089.44 , 360.979 , -64.512 , 1298.94
5949 , 0 , 1171.12 , 2089.35 , 360.97 , -64.5252 , 1298.92
5950 , 0 , 1171.08 , 2089.26 , 360.962 , -64.5383 , 1298.9
5951 , 0 , 1171.04 , 2089.17 , 360.954 , -64.5515 , 1298.88
5952 , 0 , 1171 , 2089.08 , 360.946 , -64.5647 , 1298.86
5953 , 0 , 1170.96 , 2088.99 , 360.937 , -64.5778 , 1298.84
5954 , 0 , 1170.92 , 2088.89 , 360.929 , -64.591 , 1298.82
5955 , 0 , 1170.88 , 2088.8 , 360.921 , -64.6041 , 1298.81
5956 , 0 , 1170.84 , 2088.71 , 360.913 , -64.6172 , 1298.79
5957 , 0 , 1170.8 , 2088.62 , 360.905 , -64.6304 , 1298.77
5958 , 0 , 1170.76 , 2088.53 , 360.896 , -64.6435 , 1298.75
5959 , 0 , 1170.72 , 2088.44 , 360.888 , -64.6566 , 1298.73
5960 , 0 , 1170.68 , 2088.34 , 360.88 , -64.6697 , 1298.71
5961 , 0 , 1170.63 , 2088.25 , 360.872 , -64.6828 , 1298.69
5962 , 0 , 1170.59 , 2088.16 , 360.863 , -64.6959 , 1298.67
5963 , 0 , 1170.55 , 2088.07 , 360.855 , -64.7089 , 1298.66
5964 , 0 , 1170.51 , 2087.98 , 360.847 , -64.722 , 1298.64
5965 , 0 , 1170.47 , 2087.89 , 360.839 , -64.7351 , 1298.62
5966 , 0 , 1170.43 , 2087.79 , 360.83 , -64.7481 , 1298.6
5967 , 0 , 1170.39 , 2087.7 , 360.822 , -64.7611 , 1298.58
5968 , 0 , 1170.35 , 2087.61 , 360.814 , -64.7742 , 1298.56
5969 , 0 , 1170.31 , 2087.52 , 360.806 , -64.7872 , 1298.54
5970 , 0 , 1170.27 , 2087.43 , 360.797 , -64.8002 , 1298.52
5971 , 0 , 1170.23 , 2087.34 , 360.789 , -64.8132 , 1298.51
5972 , 0 , 1170.19 , 2087.25 , 360.781 , -64.8262 , 1298.49
5973 , 0 , 1170.15 , 2087.15 , 360.773 , -64.8392 , 1298.47
5974 , 0 , 1170.11 , 2087.06 , 360.764 , -64.8522 , 1298.45
5975 , 0 , 1170.07 , 2086.97 , 360.756 , -64.8652 , 1298.43
5976 , 0 , 1170.03 , 2086.88 , 360.748 , -64.8781 , 1298.41
5977 , 0 , 1169.99 , 2086.79 , 360.74 , -64.8911 , 1298.39
5978 , 0 , 1169.95 , 2086.7 , 360.731 , -64.904 , 1298.37
5979 , 0 , 1169.91 , 2086.61 , 360.723 , -64.9169 , 1298.35
5980 , 0 , 1169.87 , 2086.52 , 360.715 , -64.9299 , 1298.33
5981 , 0 , 1169.83 , 2086.42 , 360.706 , -64.9428 , 1298.32
5982 , 0 , 1169.79 , 2086.33 , 360.698 , -64.9557 , 1298.3
5983 , 0 , 1169.75 , 2086.24 , 360.69 , -64.9686 , 1298.28
5984 , 0 , 1169.71 , 2086.15 , 360.681 , -64.9815 , 1298.26
5985 , 0 , 1169.67 , 2086.06 , 360.673 , -64.9944 , 1298.24
5986 , 0 , 1169.63 , 2085.97 , 360.665 , -65.0072 , 1298.22
5987 , 0 , 1169.58 , 2085.88 , 360.656 , -65.0201 , 1298.2
5988 , 0 , 1169.54 , 2085.79 , 360.648 , -65.033 , 1298.18
5989 , 0 , 1169.5 , 2085.69 , 360.64 , -65.0458 , 1298.16
5990 , 0 , 1169.46 , 2085.6 , 360.631 , -65.0586 , 1298.14
5991 , 0 , 1169.42 , 2085.51 , 360.623 , -65.0715 , 1298.12
5992 , 0 , 1169.38 , 2085.42 , 360.615 , -65.0843 , 1298.1
5993 , 0 , 1169.34 , 2085.33 , 360.606 , -65.0971 , 1298.09
5994 , 0 , 1169.3 , 2085.24 , 360.598 , -65.1099 , 1298.07
5995 , 0 , 1169.26 , 2085.15 , 360.589 , -65.1227 , 1298.05
5996 , 0 , 1169.22 , 2085.06 , 360.581 , -65.1355 , 1298.03
5997 , 0 , 1169.18 , 2084.97 , 360.573 , -65.1483 , 1298.01
5998 , 0 , 1169.14 , 2084.88 , 360.564 , -65.161 , 1297.99
5999 , 0 , 1169.1 , 2084.78 , 360.556 , -65.1738 , 1297.97
6000 , 0 , 1169.06 , 2084.69 , 360.548 , -65.1865 , 1297.95
