step,var,nS,S_A,S_BmA,S_ApmA,all_A,all_BmA,all_ApmA,psi_maxdiff_S,cons_changed_B_Ap,cons_changed_Ap_A,detail_B_Ap,detail_Ap_A
101,res_ro,240,1.68982e-05,2.19477e-05,7.51559e-12,1.93517e-05,2.19493e-05,5.15144e-08,0,2,1,"roUx:9:2.197e-07@41655;roe:1676:9.643e-08@15068","roe:723:9.332e-08@14948"
101,res_roK,240,1.30671e-05,1.53153e-05,2.69104e-09,0.000492885,1.62384e-05,4.40167e-06,0,2,1,"roUx:9:2.197e-07@41655;roe:1676:9.643e-08@15068","roe:723:9.332e-08@14948"
101,res_roK_m,240,0,0,0,0,0,0,0,2,1,"roUx:9:2.197e-07@41655;roe:1676:9.643e-08@15068","roe:723:9.332e-08@14948"
101,res_roOmega,240,317.126,98.8746,0.00207191,115626,1378.35,648.446,0,2,1,"roUx:9:2.197e-07@41655;roe:1676:9.643e-08@15068","roe:723:9.332e-08@14948"
101,res_roOmega_m,240,0,0,0,0,0,0,0,2,1,"roUx:9:2.197e-07@41655;roe:1676:9.643e-08@15068","roe:723:9.332e-08@14948"
101,res_roUx,240,0.00271209,0.00442372,1.80342e-08,0.00482061,0.00442482,3.7301e-05,0,2,1,"roUx:9:2.197e-07@41655;roe:1676:9.643e-08@15068","roe:723:9.332e-08@14948"
101,res_roUx_m,240,0,0,0,0,0,0,0,2,1,"roUx:9:2.197e-07@41655;roe:1676:9.643e-08@15068","roe:723:9.332e-08@14948"
101,res_roUy,240,0.00184902,0.000694482,2.85493e-06,0.00198367,0.000707904,0.000100237,0,2,1,"roUx:9:2.197e-07@41655;roe:1676:9.643e-08@15068","roe:723:9.332e-08@14948"
101,res_roUy_m,240,0,0,0,0,0,0,0,2,1,"roUx:9:2.197e-07@41655;roe:1676:9.643e-08@15068","roe:723:9.332e-08@14948"
101,res_roUz,240,0,0,0,0,0,0,0,2,1,"roUx:9:2.197e-07@41655;roe:1676:9.643e-08@15068","roe:723:9.332e-08@14948"
101,res_roUz_m,240,0,0,0,0,0,0,0,2,1,"roUx:9:2.197e-07@41655;roe:1676:9.643e-08@15068","roe:723:9.332e-08@14948"
101,res_roY0,240,1.1803e-05,1.51475e-05,2.99099e-09,1.50445e-05,1.51499e-05,5.93048e-08,0,2,1,"roUx:9:2.197e-07@41655;roe:1676:9.643e-08@15068","roe:723:9.332e-08@14948"
101,res_roY0_m,240,0,0,0,0,0,0,0,2,1,"roUx:9:2.197e-07@41655;roe:1676:9.643e-08@15068","roe:723:9.332e-08@14948"
101,res_roY1,240,1.30657e-07,1.67702e-07,2.958e-11,1.66608e-07,1.67731e-07,1.06559e-09,0,2,1,"roUx:9:2.197e-07@41655;roe:1676:9.643e-08@15068","roe:723:9.332e-08@14948"
101,res_roY1_m,240,0,0,0,0,0,0,0,2,1,"roUx:9:2.197e-07@41655;roe:1676:9.643e-08@15068","roe:723:9.332e-08@14948"
101,res_ro_m,240,0,0,0,0,0,0,0,2,1,"roUx:9:2.197e-07@41655;roe:1676:9.643e-08@15068","roe:723:9.332e-08@14948"
101,res_roe,240,0.204474,0.291383,1.2139e-05,0.253778,0.292351,0.00992491,0,2,1,"roUx:9:2.197e-07@41655;roe:1676:9.643e-08@15068","roe:723:9.332e-08@14948"
101,res_roe_m,240,0,0,0,0,0,0,0,2,1,"roUx:9:2.197e-07@41655;roe:1676:9.643e-08@15068","roe:723:9.332e-08@14948"
102,res_ro,240,1.61019e-05,1.03074e-05,4.06778e-12,2.17292e-05,1.03102e-05,5.08541e-08,0,2,1,"roUx:11:2.195e-07@41662;roe:1532:9.643e-08@15068","roe:689:9.179e-08@24154"
102,res_roK,240,1.27026e-05,7.17884e-06,3.61532e-09,0.000485798,8.80927e-06,4.13954e-06,0,2,1,"roUx:11:2.195e-07@41662;roe:1532:9.643e-08@15068","roe:689:9.179e-08@24154"
102,res_roK_m,240,0,0,0,0,0,0,0,2,1,"roUx:11:2.195e-07@41662;roe:1532:9.643e-08@15068","roe:689:9.179e-08@24154"
102,res_roOmega,240,378.169,247.337,0.00280496,74267.4,1135.73,951.834,0,2,1,"roUx:11:2.195e-07@41662;roe:1532:9.643e-08@15068","roe:689:9.179e-08@24154"
102,res_roOmega_m,240,0,0,0,0,0,0,0,2,1,"roUx:11:2.195e-07@41662;roe:1532:9.643e-08@15068","roe:689:9.179e-08@24154"
102,res_roUx,240,0.00253855,0.00192794,1.82324e-08,0.00475721,0.00193043,3.59483e-05,0,2,1,"roUx:11:2.195e-07@41662;roe:1532:9.643e-08@15068","roe:689:9.179e-08@24154"
102,res_roUx_m,240,0,0,0,0,0,0,0,2,1,"roUx:11:2.195e-07@41662;roe:1532:9.643e-08@15068","roe:689:9.179e-08@24154"
102,res_roUy,240,0.00162212,0.000286599,1.3534e-11,0.00174417,0.000307455,8.69466e-05,0,2,1,"roUx:11:2.195e-07@41662;roe:1532:9.643e-08@15068","roe:689:9.179e-08@24154"
102,res_roUy_m,240,0,0,0,0,0,0,0,2,1,"roUx:11:2.195e-07@41662;roe:1532:9.643e-08@15068","roe:689:9.179e-08@24154"
102,res_roUz,240,0,0,0,0,0,0,0,2,1,"roUx:11:2.195e-07@41662;roe:1532:9.643e-08@15068","roe:689:9.179e-08@24154"
102,res_roUz_m,240,0,0,0,0,0,0,0,2,1,"roUx:11:2.195e-07@41662;roe:1532:9.643e-08@15068","roe:689:9.179e-08@24154"
102,res_roY0,240,1.14038e-05,7.1085e-06,1.16642e-10,1.8394e-05,7.11253e-06,5.52216e-08,0,2,1,"roUx:11:2.195e-07@41662;roe:1532:9.643e-08@15068","roe:689:9.179e-08@24154"
102,res_roY0_m,240,0,0,0,0,0,0,0,2,1,"roUx:11:2.195e-07@41662;roe:1532:9.643e-08@15068","roe:689:9.179e-08@24154"
102,res_roY1,240,1.26262e-07,7.8702e-08,1.74416e-11,2.03648e-07,7.87507e-08,1.00838e-09,0,2,1,"roUx:11:2.195e-07@41662;roe:1532:9.643e-08@15068","roe:689:9.179e-08@24154"
102,res_roY1_m,240,0,0,0,0,0,0,0,2,1,"roUx:11:2.195e-07@41662;roe:1532:9.643e-08@15068","roe:689:9.179e-08@24154"
102,res_ro_m,240,0,0,0,0,0,0,0,2,1,"roUx:11:2.195e-07@41662;roe:1532:9.643e-08@15068","roe:689:9.179e-08@24154"
102,res_roe,240,0.189218,0.147439,2.73922e-06,0.277802,0.14924,0.011089,0,2,1,"roUx:11:2.195e-07@41662;roe:1532:9.643e-08@15068","roe:689:9.179e-08@24154"
102,res_roe_m,240,0,0,0,0,0,0,0,2,1,"roUx:11:2.195e-07@41662;roe:1532:9.643e-08@15068","roe:689:9.179e-08@24154"
103,res_ro,240,1.42099e-05,2.00153e-05,5.82077e-11,1.70119e-05,2.00177e-05,4.83594e-08,0,2,1,"roUx:8:2.197e-07@41655;roe:1525:9.643e-08@15068","roe:698:9.329e-08@14876"
103,res_roK,240,1.12423e-05,1.39416e-05,3.0528e-09,0.000480103,1.4853e-05,4.05351e-06,0,2,1,"roUx:8:2.197e-07@41655;roe:1525:9.643e-08@15068","roe:698:9.329e-08@14876"
103,res_roK_m,240,0,0,0,0,0,0,0,2,1,"roUx:8:2.197e-07@41655;roe:1525:9.643e-08@15068","roe:698:9.329e-08@14876"
103,res_roOmega,240,355.913,400.052,0.00208073,52852.6,1257.85,908.832,0,2,1,"roUx:8:2.197e-07@41655;roe:1525:9.643e-08@15068","roe:698:9.329e-08@14876"
103,res_roOmega_m,240,0,0,0,0,0,0,0,2,1,"roUx:8:2.197e-07@41655;roe:1525:9.643e-08@15068","roe:698:9.329e-08@14876"
103,res_roUx,240,0.00229211,0.00401883,1.06793e-09,0.00438107,0.00402044,3.60225e-05,0,2,1,"roUx:8:2.197e-07@41655;roe:1525:9.643e-08@15068","roe:698:9.329e-08@14876"
103,res_roUx_m,240,0,0,0,0,0,0,0,2,1,"roUx:8:2.197e-07@41655;roe:1525:9.643e-08@15068","roe:698:9.329e-08@14876"
103,res_roUy,240,0.00158199,0.000717586,3.08601e-11,0.0020461,0.000726213,8.91441e-05,0,2,1,"roUx:8:2.197e-07@41655;roe:1525:9.643e-08@15068","roe:698:9.329e-08@14876"
103,res_roUy_m,240,0,0,0,0,0,0,0,2,1,"roUx:8:2.197e-07@41655;roe:1525:9.643e-08@15068","roe:698:9.329e-08@14876"
103,res_roUz,240,0,0,0,0,0,0,0,2,1,"roUx:8:2.197e-07@41655;roe:1525:9.643e-08@15068","roe:698:9.329e-08@14876"
103,res_roUz_m,240,0,0,0,0,0,0,0,2,1,"roUx:8:2.197e-07@41655;roe:1525:9.643e-08@15068","roe:698:9.329e-08@14876"
103,res_roY0,240,9.97406e-06,1.37938e-05,1.16415e-10,1.36033e-05,1.37972e-05,5.07001e-08,0,2,1,"roUx:8:2.197e-07@41655;roe:1525:9.643e-08@15068","roe:698:9.329e-08@14876"
103,res_roY0_m,240,0,0,0,0,0,0,0,2,1,"roUx:8:2.197e-07@41655;roe:1525:9.643e-08@15068","roe:698:9.329e-08@14876"
103,res_roY1,240,1.10408e-07,1.52715e-07,2.72848e-12,1.50711e-07,1.52755e-07,1.01347e-09,0,2,1,"roUx:8:2.197e-07@41655;roe:1525:9.643e-08@15068","roe:698:9.329e-08@14876"
103,res_roY1_m,240,0,0,0,0,0,0,0,2,1,"roUx:8:2.197e-07@41655;roe:1525:9.643e-08@15068","roe:698:9.329e-08@14876"
103,res_ro_m,240,0,0,0,0,0,0,0,2,1,"roUx:8:2.197e-07@41655;roe:1525:9.643e-08@15068","roe:698:9.329e-08@14876"
103,res_roe,240,0.171015,0.264431,2.73924e-06,0.214299,0.265428,0.0109933,0,2,1,"roUx:8:2.197e-07@41655;roe:1525:9.643e-08@15068","roe:698:9.329e-08@14876"
103,res_roe_m,240,0,0,0,0,0,0,0,2,1,"roUx:8:2.197e-07@41655;roe:1525:9.643e-08@15068","roe:698:9.329e-08@14876"
104,res_ro,240,1.3565e-05,8.68189e-06,4.68743e-13,1.72758e-05,8.68681e-06,4.95218e-08,0,2,1,"roUx:5:2.196e-07@41656;roe:1492:9.643e-08@15068","roe:687:9.329e-08@14876"
104,res_roK,240,1.09158e-05,6.0516e-06,1.25512e-09,0.000473919,7.89113e-06,3.89013e-06,0,2,1,"roUx:5:2.196e-07@41656;roe:1492:9.643e-08@15068","roe:687:9.329e-08@14876"
104,res_roK_m,240,0,0,0,0,0,0,0,2,1,"roUx:5:2.196e-07@41656;roe:1492:9.643e-08@15068","roe:687:9.329e-08@14876"
104,res_roOmega,240,432.237,534.777,0.00012211,33768.4,1157.8,875.305,0,2,1,"roUx:5:2.196e-07@41656;roe:1492:9.643e-08@15068","roe:687:9.329e-08@14876"
104,res_roOmega_m,240,0,0,0,0,0,0,0,2,1,"roUx:5:2.196e-07@41656;roe:1492:9.643e-08@15068","roe:687:9.329e-08@14876"
104,res_roUx,240,0.00213995,0.00168949,2.245e-08,0.00404423,0.0016931,2.88738e-05,0,2,1,"roUx:5:2.196e-07@41656;roe:1492:9.643e-08@15068","roe:687:9.329e-08@14876"
104,res_roUx_m,240,0,0,0,0,0,0,0,2,1,"roUx:5:2.196e-07@41656;roe:1492:9.643e-08@15068","roe:687:9.329e-08@14876"
104,res_roUy,240,0.00137415,0.000277889,2.7934e-06,0.00160319,0.000304058,6.60343e-05,0,2,1,"roUx:5:2.196e-07@41656;roe:1492:9.643e-08@15068","roe:687:9.329e-08@14876"
104,res_roUy_m,240,0,0,0,0,0,0,0,2,1,"roUx:5:2.196e-07@41656;roe:1492:9.643e-08@15068","roe:687:9.329e-08@14876"
104,res_roUz,240,0,0,0,0,0,0,0,2,1,"roUx:5:2.196e-07@41656;roe:1492:9.643e-08@15068","roe:687:9.329e-08@14876"
104,res_roUz_m,240,0,0,0,0,0,0,0,2,1,"roUx:5:2.196e-07@41656;roe:1492:9.643e-08@15068","roe:687:9.329e-08@14876"
104,res_roY0,240,9.55029e-06,6.01184e-06,1.5685e-09,1.42534e-05,6.01883e-06,5.50294e-08,0,2,1,"roUx:5:2.196e-07@41656;roe:1492:9.643e-08@15068","roe:687:9.329e-08@14876"
104,res_roY0_m,240,0,0,0,0,0,0,0,2,1,"roUx:5:2.196e-07@41656;roe:1492:9.643e-08@15068","roe:687:9.329e-08@14876"
104,res_roY1,240,1.05745e-07,6.65569e-08,1.80086e-11,1.57852e-07,6.66398e-08,1.06594e-09,0,2,1,"roUx:5:2.196e-07@41656;roe:1492:9.643e-08@15068","roe:687:9.329e-08@14876"
104,res_roY1_m,240,0,0,0,0,0,0,0,2,1,"roUx:5:2.196e-07@41656;roe:1492:9.643e-08@15068","roe:687:9.329e-08@14876"
104,res_ro_m,240,0,0,0,0,0,0,0,2,1,"roUx:5:2.196e-07@41656;roe:1492:9.643e-08@15068","roe:687:9.329e-08@14876"
104,res_roe,240,0.170711,0.139329,2.6974e-06,0.238882,0.141292,0.0117076,0,2,1,"roUx:5:2.196e-07@41656;roe:1492:9.643e-08@15068","roe:687:9.329e-08@14876"
104,res_roe_m,240,0,0,0,0,0,0,0,2,1,"roUx:5:2.196e-07@41656;roe:1492:9.643e-08@15068","roe:687:9.329e-08@14876"
105,res_ro,240,1.28621e-05,1.87685e-05,0,1.53178e-05,1.87713e-05,4.8796e-08,0,2,1,"roUx:5:2.161e-07@41722;roe:1447:9.643e-08@15068","roe:664:9.050e-08@23800"
105,res_roK,240,1.02276e-05,1.30901e-05,2.69535e-09,0.000465178,1.39488e-05,4.09505e-06,0,2,1,"roUx:5:2.161e-07@41722;roe:1447:9.643e-08@15068","roe:664:9.050e-08@23800"
105,res_roK_m,240,0,0,0,0,0,0,0,2,1,"roUx:5:2.161e-07@41722;roe:1447:9.643e-08@15068","roe:664:9.050e-08@23800"
105,res_roOmega,240,501.319,641.75,6.12219e-05,85760.5,1375.92,853.828,0,2,1,"roUx:5:2.161e-07@41722;roe:1447:9.643e-08@15068","roe:664:9.050e-08@23800"
105,res_roOmega_m,240,0,0,0,0,0,0,0,2,1,"roUx:5:2.161e-07@41722;roe:1447:9.643e-08@15068","roe:664:9.050e-08@23800"
105,res_roUx,240,0.0019962,0.00372398,7.11415e-10,0.00416985,0.00372592,2.78464e-05,0,2,1,"roUx:5:2.161e-07@41722;roe:1447:9.643e-08@15068","roe:664:9.050e-08@23800"
105,res_roUx_m,240,0,0,0,0,0,0,0,2,1,"roUx:5:2.161e-07@41722;roe:1447:9.643e-08@15068","roe:664:9.050e-08@23800"
105,res_roUy,240,0.00136922,0.000594445,2.59804e-11,0.00159426,0.00060483,5.95294e-05,0,2,1,"roUx:5:2.161e-07@41722;roe:1447:9.643e-08@15068","roe:664:9.050e-08@23800"
105,res_roUy_m,240,0,0,0,0,0,0,0,2,1,"roUx:5:2.161e-07@41722;roe:1447:9.643e-08@15068","roe:664:9.050e-08@23800"
105,res_roUz,240,0,0,0,0,0,0,0,2,1,"roUx:5:2.161e-07@41722;roe:1447:9.643e-08@15068","roe:664:9.050e-08@23800"
105,res_roUz_m,240,0,0,0,0,0,0,0,2,1,"roUx:5:2.161e-07@41722;roe:1447:9.643e-08@15068","roe:664:9.050e-08@23800"
105,res_roY0,240,9.00396e-06,1.29609e-05,2.56196e-09,1.21969e-05,1.29649e-05,5.30831e-08,0,2,1,"roUx:5:2.161e-07@41722;roe:1447:9.643e-08@15068","roe:664:9.050e-08@23800"
105,res_roY0_m,240,0,0,0,0,0,0,0,2,1,"roUx:5:2.161e-07@41722;roe:1447:9.643e-08@15068","roe:664:9.050e-08@23800"
105,res_roY1,240,9.96818e-08,1.43495e-07,2.44074e-11,1.35119e-07,1.43542e-07,1.02091e-09,0,2,1,"roUx:5:2.161e-07@41722;roe:1447:9.643e-08@15068","roe:664:9.050e-08@23800"
105,res_roY1_m,240,0,0,0,0,0,0,0,2,1,"roUx:5:2.161e-07@41722;roe:1447:9.643e-08@15068","roe:664:9.050e-08@23800"
105,res_ro_m,240,0,0,0,0,0,0,0,2,1,"roUx:5:2.161e-07@41722;roe:1447:9.643e-08@15068","roe:664:9.050e-08@23800"
105,res_roe,240,0.169709,0.26043,1.06624e-06,0.222093,0.261489,0.0119878,0,2,1,"roUx:5:2.161e-07@41722;roe:1447:9.643e-08@15068","roe:664:9.050e-08@23800"
105,res_roe_m,240,0,0,0,0,0,0,0,2,1,"roUx:5:2.161e-07@41722;roe:1447:9.643e-08@15068","roe:664:9.050e-08@23800"
106,res_ro,240,1.26764e-05,1.07744e-05,2.27374e-13,1.49066e-05,1.0779e-05,4.81948e-08,0,2,1,"roUx:7:2.139e-07@41714;roe:1442:9.643e-08@15068","roe:672:9.050e-08@23800"
106,res_roK,240,9.92488e-06,7.45159e-06,3.37483e-09,0.000457186,8.98254e-06,3.7868e-06,0,2,1,"roUx:7:2.139e-07@41714;roe:1442:9.643e-08@15068","roe:672:9.050e-08@23800"
106,res_roK_m,240,0,0,0,0,0,0,0,2,1,"roUx:7:2.139e-07@41714;roe:1442:9.643e-08@15068","roe:672:9.050e-08@23800"
106,res_roOmega,240,490.026,702.766,0.00207301,59923,1218.05,793.948,0,2,1,"roUx:7:2.139e-07@41714;roe:1442:9.643e-08@15068","roe:672:9.050e-08@23800"
106,res_roOmega_m,240,0,0,0,0,0,0,0,2,1,"roUx:7:2.139e-07@41714;roe:1442:9.643e-08@15068","roe:672:9.050e-08@23800"
106,res_roUx,240,0.00198176,0.00206283,2.56746e-08,0.00394785,0.00206597,2.79799e-05,0,2,1,"roUx:7:2.139e-07@41714;roe:1442:9.643e-08@15068","roe:672:9.050e-08@23800"
106,res_roUx_m,240,0,0,0,0,0,0,0,2,1,"roUx:7:2.139e-07@41714;roe:1442:9.643e-08@15068","roe:672:9.050e-08@23800"
106,res_roUy,240,0.00143545,0.000332726,2.78412e-06,0.00161621,0.00035124,6.33332e-05,0,2,1,"roUx:7:2.139e-07@41714;roe:1442:9.643e-08@15068","roe:672:9.050e-08@23800"
106,res_roUy_m,240,0,0,0,0,0,0,0,2,1,"roUx:7:2.139e-07@41714;roe:1442:9.643e-08@15068","roe:672:9.050e-08@23800"
106,res_roUz,240,0,0,0,0,0,0,0,2,1,"roUx:7:2.139e-07@41714;roe:1442:9.643e-08@15068","roe:672:9.050e-08@23800"
106,res_roUz_m,240,0,0,0,0,0,0,0,2,1,"roUx:7:2.139e-07@41714;roe:1442:9.643e-08@15068","roe:672:9.050e-08@23800"
106,res_roY0,240,8.74227e-06,7.40255e-06,2.19224e-09,1.16894e-05,7.4092e-06,5.35081e-08,0,2,1,"roUx:7:2.139e-07@41714;roe:1442:9.643e-08@15068","roe:672:9.050e-08@23800"
106,res_roY0_m,240,0,0,0,0,0,0,0,2,1,"roUx:7:2.139e-07@41714;roe:1442:9.643e-08@15068","roe:672:9.050e-08@23800"
106,res_roY1,240,9.67865e-08,8.19569e-08,2.82421e-11,1.29498e-07,8.20336e-08,9.91958e-10,0,2,1,"roUx:7:2.139e-07@41714;roe:1442:9.643e-08@15068","roe:672:9.050e-08@23800"
106,res_roY1_m,240,0,0,0,0,0,0,0,2,1,"roUx:7:2.139e-07@41714;roe:1442:9.643e-08@15068","roe:672:9.050e-08@23800"
106,res_ro_m,240,0,0,0,0,0,0,0,2,1,"roUx:7:2.139e-07@41714;roe:1442:9.643e-08@15068","roe:672:9.050e-08@23800"
106,res_roe,240,0.160719,0.121222,1.09991e-05,0.215244,0.123264,0.0110651,0,2,1,"roUx:7:2.139e-07@41714;roe:1442:9.643e-08@15068","roe:672:9.050e-08@23800"
106,res_roe_m,240,0,0,0,0,0,0,0,2,1,"roUx:7:2.139e-07@41714;roe:1442:9.643e-08@15068","roe:672:9.050e-08@23800"
107,res_ro,240,1.40896e-05,1.95176e-05,0,1.69169e-05,1.95203e-05,5.09901e-08,0,2,1,"roUx:10:2.199e-07@41651;roe:1457:9.643e-08@15068","roe:716:9.304e-08@14874"
107,res_roK,240,1.08475e-05,1.35978e-05,2.4248e-09,0.000451806,1.45994e-05,4.09909e-06,0,2,1,"roUx:10:2.199e-07@41651;roe:1457:9.643e-08@15068","roe:716:9.304e-08@14874"
107,res_roK_m,240,0,0,0,0,0,0,0,2,1,"roUx:10:2.199e-07@41651;roe:1457:9.643e-08@15068","roe:716:9.304e-08@14874"
107,res_roOmega,240,353.715,747.848,3.45206e-05,95148.8,1361.35,843.734,0,2,1,"roUx:10:2.199e-07@41651;roe:1457:9.643e-08@15068","roe:716:9.304e-08@14874"
107,res_roOmega_m,240,0,0,0,0,0,0,0,2,1,"roUx:10:2.199e-07@41651;roe:1457:9.643e-08@15068","roe:716:9.304e-08@14874"
107,res_roUx,240,0.00219153,0.00385088,1.22166e-09,0.00424539,0.00385267,2.82778e-05,0,2,1,"roUx:10:2.199e-07@41651;roe:1457:9.643e-08@15068","roe:716:9.304e-08@14874"
107,res_roUx_m,240,0,0,0,0,0,0,0,2,1,"roUx:10:2.199e-07@41651;roe:1457:9.643e-08@15068","roe:716:9.304e-08@14874"
107,res_roUy,240,0.00146933,0.000707068,4.84066e-11,0.00165212,0.000715863,6.51788e-05,0,2,1,"roUx:10:2.199e-07@41651;roe:1457:9.643e-08@15068","roe:716:9.304e-08@14874"
107,res_roUy_m,240,0,0,0,0,0,0,0,2,1,"roUx:10:2.199e-07@41651;roe:1457:9.643e-08@15068","roe:716:9.304e-08@14874"
107,res_roUz,240,0,0,0,0,0,0,0,2,1,"roUx:10:2.199e-07@41651;roe:1457:9.643e-08@15068","roe:716:9.304e-08@14874"
107,res_roUz_m,240,0,0,0,0,0,0,0,2,1,"roUx:10:2.199e-07@41651;roe:1457:9.643e-08@15068","roe:716:9.304e-08@14874"
107,res_roY0,240,9.6339e-06,1.34672e-05,4.04327e-10,1.33622e-05,1.34711e-05,5.44325e-08,0,2,1,"roUx:10:2.199e-07@41651;roe:1457:9.643e-08@15068","roe:716:9.304e-08@14874"
107,res_roY0_m,240,0,0,0,0,0,0,0,2,1,"roUx:10:2.199e-07@41651;roe:1457:9.643e-08@15068","roe:716:9.304e-08@14874"
107,res_roY1,240,1.06648e-07,1.49098e-07,4.61982e-12,1.47979e-07,1.49145e-07,1.00262e-09,0,2,1,"roUx:10:2.199e-07@41651;roe:1457:9.643e-08@15068","roe:716:9.304e-08@14874"
107,res_roY1_m,240,0,0,0,0,0,0,0,2,1,"roUx:10:2.199e-07@41651;roe:1457:9.643e-08@15068","roe:716:9.304e-08@14874"
107,res_ro_m,240,0,0,0,0,0,0,0,2,1,"roUx:10:2.199e-07@41651;roe:1457:9.643e-08@15068","roe:716:9.304e-08@14874"
107,res_roe,240,0.179365,0.264955,2.79045e-09,0.234187,0.265966,0.0106871,0,2,1,"roUx:10:2.199e-07@41651;roe:1457:9.643e-08@15068","roe:716:9.304e-08@14874"
107,res_roe_m,240,0,0,0,0,0,0,0,2,1,"roUx:10:2.199e-07@41651;roe:1457:9.643e-08@15068","roe:716:9.304e-08@14874"
108,res_ro,240,1.46801e-05,1.11427e-05,0,1.68629e-05,1.11469e-05,4.89884e-08,0,2,1,"roUx:6:2.137e-07@41684;roe:1408:9.889e-08@15108","roe:670:9.304e-08@14874"
108,res_roK,240,1.13888e-05,7.73144e-06,2.38356e-09,0.000444578,9.17405e-06,4.00397e-06,0,2,1,"roUx:6:2.137e-07@41684;roe:1408:9.889e-08@15108","roe:670:9.304e-08@14874"
108,res_roK_m,240,0,0,0,0,0,0,0,2,1,"roUx:6:2.137e-07@41684;roe:1408:9.889e-08@15108","roe:670:9.304e-08@14874"
108,res_roOmega,240,229.981,729.938,0.00197305,77685.9,1242.09,797.08,0,2,1,"roUx:6:2.137e-07@41684;roe:1408:9.889e-08@15108","roe:670:9.304e-08@14874"
108,res_roOmega_m,240,0,0,0,0,0,0,0,2,1,"roUx:6:2.137e-07@41684;roe:1408:9.889e-08@15108","roe:670:9.304e-08@14874"
108,res_roUx,240,0.00234084,0.00215412,1.02763e-09,0.0045057,0.002157,3.0395e-05,0,2,1,"roUx:6:2.137e-07@41684;roe:1408:9.889e-08@15108","roe:670:9.304e-08@14874"
108,res_roUx_m,240,0,0,0,0,0,0,0,2,1,"roUx:6:2.137e-07@41684;roe:1408:9.889e-08@15108","roe:670:9.304e-08@14874"
108,res_roUy,240,0.00173871,0.00033295,9.56711e-11,0.00196,0.000353222,7.04928e-05,0,2,1,"roUx:6:2.137e-07@41684;roe:1408:9.889e-08@15108","roe:670:9.304e-08@14874"
108,res_roUy_m,240,0,0,0,0,0,0,0,2,1,"roUx:6:2.137e-07@41684;roe:1408:9.889e-08@15108","roe:670:9.304e-08@14874"
108,res_roUz,240,0,0,0,0,0,0,0,2,1,"roUx:6:2.137e-07@41684;roe:1408:9.889e-08@15108","roe:670:9.304e-08@14874"
108,res_roUz_m,240,0,0,0,0,0,0,0,2,1,"roUx:6:2.137e-07@41684;roe:1408:9.889e-08@15108","roe:670:9.304e-08@14874"
108,res_roY0,240,1.02286e-05,7.67441e-06,1.98739e-09,1.31132e-05,7.68044e-06,5.48142e-08,0,2,1,"roUx:6:2.137e-07@41684;roe:1408:9.889e-08@15108","roe:670:9.304e-08@14874"
108,res_roY0_m,240,0,0,0,0,0,0,0,2,1,"roUx:6:2.137e-07@41684;roe:1408:9.889e-08@15108","roe:670:9.304e-08@14874"
108,res_roY1,240,1.13255e-07,8.49649e-08,2.62986e-11,1.45293e-07,8.50354e-08,9.95016e-10,0,2,1,"roUx:6:2.137e-07@41684;roe:1408:9.889e-08@15108","roe:670:9.304e-08@14874"
108,res_roY1_m,240,0,0,0,0,0,0,0,2,1,"roUx:6:2.137e-07@41684;roe:1408:9.889e-08@15108","roe:670:9.304e-08@14874"
108,res_ro_m,240,0,0,0,0,0,0,0,2,1,"roUx:6:2.137e-07@41684;roe:1408:9.889e-08@15108","roe:670:9.304e-08@14874"
108,res_roe,240,0.182275,0.147942,2.6974e-06,0.230449,0.149628,0.00993588,0,2,1,"roUx:6:2.137e-07@41684;roe:1408:9.889e-08@15108","roe:670:9.304e-08@14874"
108,res_roe_m,240,0,0,0,0,0,0,0,2,1,"roUx:6:2.137e-07@41684;roe:1408:9.889e-08@15108","roe:670:9.304e-08@14874"
109,res_ro,240,1.22553e-05,1.71987e-05,0,1.83747e-05,1.72023e-05,5.07105e-08,0,2,1,"roUx:10:2.178e-07@41726;roe:1437:9.889e-08@15108","roe:707:9.304e-08@14874"
109,res_roK,240,9.94344e-06,1.18797e-05,1.64041e-09,0.000437478,1.2763e-05,3.81264e-06,0,2,1,"roUx:10:2.178e-07@41726;roe:1437:9.889e-08@15108","roe:707:9.304e-08@14874"
109,res_roK_m,240,0,0,0,0,0,0,0,2,1,"roUx:10:2.178e-07@41726;roe:1437:9.889e-08@15108","roe:707:9.304e-08@14874"
109,res_roOmega,240,85.9181,673.582,1,63159,1286.73,813.712,0,2,1,"roUx:10:2.178e-07@41726;roe:1437:9.889e-08@15108","roe:707:9.304e-08@14874"
109,res_roOmega_m,240,0,0,0,0,0,0,0,2,1,"roUx:10:2.178e-07@41726;roe:1437:9.889e-08@15108","roe:707:9.304e-08@14874"
109,res_roUx,240,0.0019053,0.00345096,9.05139e-10,0.00432038,0.00345315,2.90275e-05,0,2,1,"roUx:10:2.178e-07@41726;roe:1437:9.889e-08@15108","roe:707:9.304e-08@14874"
109,res_roUx_m,240,0,0,0,0,0,0,0,2,1,"roUx:10:2.178e-07@41726;roe:1437:9.889e-08@15108","roe:707:9.304e-08@14874"
109,res_roUy,240,0.00181182,0.000662179,3.04375e-11,0.00203189,0.000672086,6.5895e-05,0,2,1,"roUx:10:2.178e-07@41726;roe:1437:9.889e-08@15108","roe:707:9.304e-08@14874"
109,res_roUy_m,240,0,0,0,0,0,0,0,2,1,"roUx:10:2.178e-07@41726;roe:1437:9.889e-08@15108","roe:707:9.304e-08@14874"
109,res_roUz,240,0,0,0,0,0,0,0,2,1,"roUx:10:2.178e-07@41726;roe:1437:9.889e-08@15108","roe:707:9.304e-08@14874"
109,res_roUz_m,240,0,0,0,0,0,0,0,2,1,"roUx:10:2.178e-07@41726;roe:1437:9.889e-08@15108","roe:707:9.304e-08@14874"
109,res_roY0,240,8.4344e-06,1.17618e-05,2.20711e-09,1.59536e-05,1.17669e-05,5.54441e-08,0,2,1,"roUx:10:2.178e-07@41726;roe:1437:9.889e-08@15108","roe:707:9.304e-08@14874"
109,res_roY0_m,240,0,0,0,0,0,0,0,2,1,"roUx:10:2.178e-07@41726;roe:1437:9.889e-08@15108","roe:707:9.304e-08@14874"
109,res_roY1,240,9.33975e-08,1.30218e-07,3.11588e-11,1.76677e-07,1.30277e-07,1.00732e-09,0,2,1,"roUx:10:2.178e-07@41726;roe:1437:9.889e-08@15108","roe:707:9.304e-08@14874"
109,res_roY1_m,240,0,0,0,0,0,0,0,2,1,"roUx:10:2.178e-07@41726;roe:1437:9.889e-08@15108","roe:707:9.304e-08@14874"
109,res_ro_m,240,0,0,0,0,0,0,0,2,1,"roUx:10:2.178e-07@41726;roe:1437:9.889e-08@15108","roe:707:9.304e-08@14874"
109,res_roe,240,0.166471,0.247351,1.11631e-05,0.236155,0.248372,0.0100802,0,2,1,"roUx:10:2.178e-07@41726;roe:1437:9.889e-08@15108","roe:707:9.304e-08@14874"
109,res_roe_m,240,0,0,0,0,0,0,0,2,1,"roUx:10:2.178e-07@41726;roe:1437:9.889e-08@15108","roe:707:9.304e-08@14874"
110,res_ro,240,1.20517e-05,1.47301e-05,0,1.60456e-05,1.47339e-05,4.93162e-08,0,2,1,"roUx:12:2.165e-07@41723;roe:1444:9.889e-08@15108","roe:680:9.304e-08@14874"
110,res_roK,240,9.89674e-06,1.0178e-05,2.54273e-09,0.000431,1.13597e-05,3.58675e-06,0,2,1,"roUx:12:2.165e-07@41723;roe:1444:9.889e-08@15108","roe:680:9.304e-08@14874"
110,res_roK_m,240,0,0,0,0,0,0,0,2,1,"roUx:12:2.165e-07@41723;roe:1444:9.889e-08@15108","roe:680:9.304e-08@14874"
110,res_roOmega,240,163.892,585.17,0.00012209,85848.3,1144.96,814.596,0,2,1,"roUx:12:2.165e-07@41723;roe:1444:9.889e-08@15108","roe:680:9.304e-08@14874"
110,res_roOmega_m,240,0,0,0,0,0,0,0,2,1,"roUx:12:2.165e-07@41723;roe:1444:9.889e-08@15108","roe:680:9.304e-08@14874"
110,res_roUx,240,0.00188942,0.0029022,1.81981e-09,0.00454757,0.00290487,2.6534e-05,0,2,1,"roUx:12:2.165e-07@41723;roe:1444:9.889e-08@15108","roe:680:9.304e-08@14874"
110,res_roUx_m,240,0,0,0,0,0,0,0,2,1,"roUx:12:2.165e-07@41723;roe:1444:9.889e-08@15108","roe:680:9.304e-08@14874"
110,res_roUy,240,0.00171608,0.000392618,4.33611e-11,0.00193564,0.000416456,6.04482e-05,0,2,1,"roUx:12:2.165e-07@41723;roe:1444:9.889e-08@15108","roe:680:9.304e-08@14874"
110,res_roUy_m,240,0,0,0,0,0,0,0,2,1,"roUx:12:2.165e-07@41723;roe:1444:9.889e-08@15108","roe:680:9.304e-08@14874"
110,res_roUz,240,0,0,0,0,0,0,0,2,1,"roUx:12:2.165e-07@41723;roe:1444:9.889e-08@15108","roe:680:9.304e-08@14874"
110,res_roUz_m,240,0,0,0,0,0,0,0,2,1,"roUx:12:2.165e-07@41723;roe:1444:9.889e-08@15108","roe:680:9.304e-08@14874"
110,res_roY0,240,8.25624e-06,1.00731e-05,3.50227e-09,1.33406e-05,1.00784e-05,5.59018e-08,0,2,1,"roUx:12:2.165e-07@41723;roe:1444:9.889e-08@15108","roe:680:9.304e-08@14874"
110,res_roY0_m,240,0,0,0,0,0,0,0,2,1,"roUx:12:2.165e-07@41723;roe:1444:9.889e-08@15108","roe:680:9.304e-08@14874"
110,res_roY1,240,9.13927e-08,1.11521e-07,4.60177e-11,1.4774e-07,1.11583e-07,9.63501e-10,0,2,1,"roUx:12:2.165e-07@41723;roe:1444:9.889e-08@15108","roe:680:9.304e-08@14874"
110,res_roY1_m,240,0,0,0,0,0,0,0,2,1,"roUx:12:2.165e-07@41723;roe:1444:9.889e-08@15108","roe:680:9.304e-08@14874"
110,res_ro_m,240,0,0,0,0,0,0,0,2,1,"roUx:12:2.165e-07@41723;roe:1444:9.889e-08@15108","roe:680:9.304e-08@14874"
110,res_roe,240,0.153268,0.17625,1.50793e-06,0.222426,0.177478,0.0115246,0,2,1,"roUx:12:2.165e-07@41723;roe:1444:9.889e-08@15108","roe:680:9.304e-08@14874"
110,res_roe_m,240,0,0,0,0,0,0,0,2,1,"roUx:12:2.165e-07@41723;roe:1444:9.889e-08@15108","roe:680:9.304e-08@14874"
111,res_ro,240,1.38493e-05,1.66058e-05,1.81962e-12,1.7267e-05,1.66094e-05,4.93415e-08,0,2,1,"roUx:9:2.263e-07@41640;roe:1409:9.668e-08@26430","roe:684:9.022e-08@14829"
111,res_roK,240,1.13166e-05,1.15699e-05,1.98441e-09,0.000426013,1.2571e-05,4.13341e-06,0,2,1,"roUx:9:2.263e-07@41640;roe:1409:9.668e-08@26430","roe:684:9.022e-08@14829"
111,res_roK_m,240,0,0,0,0,0,0,0,2,1,"roUx:9:2.263e-07@41640;roe:1409:9.668e-08@26430","roe:684:9.022e-08@14829"
111,res_roOmega,240,308.953,485.903,2.63271e-06,37972.9,1275.82,907.149,0,2,1,"roUx:9:2.263e-07@41640;roe:1409:9.668e-08@26430","roe:684:9.022e-08@14829"
111,res_roOmega_m,240,0,0,0,0,0,0,0,2,1,"roUx:9:2.263e-07@41640;roe:1409:9.668e-08@26430","roe:684:9.022e-08@14829"
111,res_roUx,240,0.00213213,0.00324832,1.95023e-08,0.00431484,0.00325081,2.80118e-05,0,2,1,"roUx:9:2.263e-07@41640;roe:1409:9.668e-08@26430","roe:684:9.022e-08@14829"
111,res_roUx_m,240,0,0,0,0,0,0,0,2,1,"roUx:9:2.263e-07@41640;roe:1409:9.668e-08@26430","roe:684:9.022e-08@14829"
111,res_roUy,240,0.00159484,0.000528459,2.80405e-06,0.00199589,0.000539365,5.65892e-05,0,2,1,"roUx:9:2.263e-07@41640;roe:1409:9.668e-08@26430","roe:684:9.022e-08@14829"
111,res_roUy_m,240,0,0,0,0,0,0,0,2,1,"roUx:9:2.263e-07@41640;roe:1409:9.668e-08@26430","roe:684:9.022e-08@14829"
111,res_roUz,240,0,0,0,0,0,0,0,2,1,"roUx:9:2.263e-07@41640;roe:1409:9.668e-08@26430","roe:684:9.022e-08@14829"
111,res_roUz_m,240,0,0,0,0,0,0,0,2,1,"roUx:9:2.263e-07@41640;roe:1409:9.668e-08@26430","roe:684:9.022e-08@14829"
111,res_roY0,240,9.61698e-06,1.14488e-05,1.68195e-09,1.40189e-05,1.14538e-05,5.6405e-08,0,2,1,"roUx:9:2.263e-07@41640;roe:1409:9.668e-08@26430","roe:684:9.022e-08@14829"
111,res_roY0_m,240,0,0,0,0,0,0,0,2,1,"roUx:9:2.263e-07@41640;roe:1409:9.668e-08@26430","roe:684:9.022e-08@14829"
111,res_roY1,240,1.06493e-07,1.26754e-07,3.64727e-11,1.55268e-07,1.26812e-07,1.04506e-09,0,2,1,"roUx:9:2.263e-07@41640;roe:1409:9.668e-08@26430","roe:684:9.022e-08@14829"
111,res_roY1_m,240,0,0,0,0,0,0,0,2,1,"roUx:9:2.263e-07@41640;roe:1409:9.668e-08@26430","roe:684:9.022e-08@14829"
111,res_ro_m,240,0,0,0,0,0,0,0,2,1,"roUx:9:2.263e-07@41640;roe:1409:9.668e-08@26430","roe:684:9.022e-08@14829"
111,res_roe,240,0.180414,0.235378,4.92423e-07,0.251153,0.236419,0.0111806,0,2,1,"roUx:9:2.263e-07@41640;roe:1409:9.668e-08@26430","roe:684:9.022e-08@14829"
111,res_roe_m,240,0,0,0,0,0,0,0,2,1,"roUx:9:2.263e-07@41640;roe:1409:9.668e-08@26430","roe:684:9.022e-08@14829"
112,res_ro,240,1.53355e-05,1.58842e-05,1.82171e-12,1.87014e-05,1.58875e-05,5.10703e-08,0,2,1,"roUx:10:1.464e-07@41658;roe:1411:9.460e-08@24861","roe:646:9.031e-08@14959"
112,res_roK,240,1.23035e-05,1.09654e-05,2.97429e-09,0.000419001,1.20943e-05,4.06352e-06,0,2,1,"roUx:10:1.464e-07@41658;roe:1411:9.460e-08@24861","roe:646:9.031e-08@14959"
112,res_roK_m,240,0,0,0,0,0,0,0,2,1,"roUx:10:1.464e-07@41658;roe:1411:9.460e-08@24861","roe:646:9.031e-08@14959"
112,res_roOmega,240,451.287,338.449,0.00208782,43929,1086.53,859.114,0,2,1,"roUx:10:1.464e-07@41658;roe:1411:9.460e-08@24861","roe:646:9.031e-08@14959"
112,res_roOmega_m,240,0,0,0,0,0,0,0,2,1,"roUx:10:1.464e-07@41658;roe:1411:9.460e-08@24861","roe:646:9.031e-08@14959"
112,res_roUx,240,0.00237343,0.00310723,5.71291e-10,0.00420856,0.00310956,2.69795e-05,0,2,1,"roUx:10:1.464e-07@41658;roe:1411:9.460e-08@24861","roe:646:9.031e-08@14959"
112,res_roUx_m,240,0,0,0,0,0,0,0,2,1,"roUx:10:1.464e-07@41658;roe:1411:9.460e-08@24861","roe:646:9.031e-08@14959"
112,res_roUy,240,0.00170127,0.000537126,2.8035e-06,0.00224609,0.000548819,6.23387e-05,0,2,1,"roUx:10:1.464e-07@41658;roe:1411:9.460e-08@24861","roe:646:9.031e-08@14959"
112,res_roUy_m,240,0,0,0,0,0,0,0,2,1,"roUx:10:1.464e-07@41658;roe:1411:9.460e-08@24861","roe:646:9.031e-08@14959"
112,res_roUz,240,0,0,0,0,0,0,0,2,1,"roUx:10:1.464e-07@41658;roe:1411:9.460e-08@24861","roe:646:9.031e-08@14959"
112,res_roUz_m,240,0,0,0,0,0,0,0,2,1,"roUx:10:1.464e-07@41658;roe:1411:9.460e-08@24861","roe:646:9.031e-08@14959"
112,res_roY0,240,1.05719e-05,1.0848e-05,2.16554e-09,1.49604e-05,1.08527e-05,5.70843e-08,0,2,1,"roUx:10:1.464e-07@41658;roe:1411:9.460e-08@24861","roe:646:9.031e-08@14959"
112,res_roY0_m,240,0,0,0,0,0,0,0,2,1,"roUx:10:1.464e-07@41658;roe:1411:9.460e-08@24861","roe:646:9.031e-08@14959"
112,res_roY1,240,1.17037e-07,1.20102e-07,2.12684e-11,1.65667e-07,1.20157e-07,1.03863e-09,0,2,1,"roUx:10:1.464e-07@41658;roe:1411:9.460e-08@24861","roe:646:9.031e-08@14959"
112,res_roY1_m,240,0,0,0,0,0,0,0,2,1,"roUx:10:1.464e-07@41658;roe:1411:9.460e-08@24861","roe:646:9.031e-08@14959"
112,res_ro_m,240,0,0,0,0,0,0,0,2,1,"roUx:10:1.464e-07@41658;roe:1411:9.460e-08@24861","roe:646:9.031e-08@14959"
112,res_roe,240,0.176056,0.191864,2.13583e-06,0.218737,0.193082,0.00948266,0,2,1,"roUx:10:1.464e-07@41658;roe:1411:9.460e-08@24861","roe:646:9.031e-08@14959"
112,res_roe_m,240,0,0,0,0,0,0,0,2,1,"roUx:10:1.464e-07@41658;roe:1411:9.460e-08@24861","roe:646:9.031e-08@14959"
113,res_ro,240,1.67998e-05,1.74798e-05,0,1.95747e-05,1.74823e-05,4.8999e-08,0,2,1,"roUx:5:2.199e-07@41746;roe:1425:9.668e-08@26430","roe:700:9.332e-08@14948"
113,res_roK,240,1.33839e-05,1.2091e-05,1.31439e-09,0.000414831,1.31419e-05,4.27874e-06,0,2,1,"roUx:5:2.199e-07@41746;roe:1425:9.668e-08@26430","roe:700:9.332e-08@14948"
113,res_roK_m,240,0,0,0,0,0,0,0,2,1,"roUx:5:2.199e-07@41746;roe:1425:9.668e-08@26430","roe:700:9.332e-08@14948"
113,res_roOmega,240,391.536,126.328,7.97398e-06,56289.5,1302.18,901.006,0,2,1,"roUx:5:2.199e-07@41746;roe:1425:9.668e-08@26430","roe:700:9.332e-08@14948"
113,res_roOmega_m,240,0,0,0,0,0,0,0,2,1,"roUx:5:2.199e-07@41746;roe:1425:9.668e-08@26430","roe:700:9.332e-08@14948"
113,res_roUx,240,0.00262024,0.00348401,2.17914e-08,0.00443067,0.00348585,2.97705e-05,0,2,1,"roUx:5:2.199e-07@41746;roe:1425:9.668e-08@26430","roe:700:9.332e-08@14948"
113,res_roUx_m,240,0,0,0,0,0,0,0,2,1,"roUx:5:2.199e-07@41746;roe:1425:9.668e-08@26430","roe:700:9.332e-08@14948"
113,res_roUy,240,0.00183341,0.000704683,2.79712e-06,0.00200842,0.000713458,6.60971e-05,0,2,1,"roUx:5:2.199e-07@41746;roe:1425:9.668e-08@26430","roe:700:9.332e-08@14948"
113,res_roUy_m,240,0,0,0,0,0,0,0,2,1,"roUx:5:2.199e-07@41746;roe:1425:9.668e-08@26430","roe:700:9.332e-08@14948"
113,res_roUz,240,0,0,0,0,0,0,0,2,1,"roUx:5:2.199e-07@41746;roe:1425:9.668e-08@26430","roe:700:9.332e-08@14948"
113,res_roUz_m,240,0,0,0,0,0,0,0,2,1,"roUx:5:2.199e-07@41746;roe:1425:9.668e-08@26430","roe:700:9.332e-08@14948"
113,res_roY0,240,1.17088e-05,1.19564e-05,1.42497e-09,1.53583e-05,1.196e-05,5.46535e-08,0,2,1,"roUx:5:2.199e-07@41746;roe:1425:9.668e-08@26430","roe:700:9.332e-08@14948"
113,res_roY0_m,240,0,0,0,0,0,0,0,2,1,"roUx:5:2.199e-07@41746;roe:1425:9.668e-08@26430","roe:700:9.332e-08@14948"
113,res_roY1,240,1.29641e-07,1.3237e-07,1.74825e-11,1.70079e-07,1.32413e-07,1.01371e-09,0,2,1,"roUx:5:2.199e-07@41746;roe:1425:9.668e-08@26430","roe:700:9.332e-08@14948"
113,res_roY1_m,240,0,0,0,0,0,0,0,2,1,"roUx:5:2.199e-07@41746;roe:1425:9.668e-08@26430","roe:700:9.332e-08@14948"
113,res_ro_m,240,0,0,0,0,0,0,0,2,1,"roUx:5:2.199e-07@41746;roe:1425:9.668e-08@26430","roe:700:9.332e-08@14948"
113,res_roe,240,0.192085,0.234354,5.91665e-08,0.239098,0.235503,0.0111982,0,2,1,"roUx:5:2.199e-07@41746;roe:1425:9.668e-08@26430","roe:700:9.332e-08@14948"
113,res_roe_m,240,0,0,0,0,0,0,0,2,1,"roUx:5:2.199e-07@41746;roe:1425:9.668e-08@26430","roe:700:9.332e-08@14948"
114,res_ro,240,1.72123e-05,1.49123e-05,7.51555e-12,2.06875e-05,1.49147e-05,5.0488e-08,0,2,1,"roUx:6:1.683e-07@41751;roe:1413:9.411e-08@24903","roe:683:9.221e-08@24272"
114,res_roK,240,1.34451e-05,1.03111e-05,3.11031e-09,0.000409626,1.15195e-05,4.19989e-06,0,2,1,"roUx:6:1.683e-07@41751;roe:1413:9.411e-08@24903","roe:683:9.221e-08@24272"
114,res_roK_m,240,0,0,0,0,0,0,0,2,1,"roUx:6:1.683e-07@41751;roe:1413:9.411e-08@24903","roe:683:9.221e-08@24272"
114,res_roOmega,240,269.647,127.32,0.00209313,48611.3,1145.93,796.469,0,2,1,"roUx:6:1.683e-07@41751;roe:1413:9.411e-08@24903","roe:683:9.221e-08@24272"
114,res_roOmega_m,240,0,0,0,0,0,0,0,2,1,"roUx:6:1.683e-07@41751;roe:1413:9.411e-08@24903","roe:683:9.221e-08@24272"
114,res_roUx,240,0.00271386,0.00297084,2.42886e-08,0.00487726,0.00297275,2.83094e-05,0,2,1,"roUx:6:1.683e-07@41751;roe:1413:9.411e-08@24903","roe:683:9.221e-08@24272"
114,res_roUx_m,240,0,0,0,0,0,0,0,2,1,"roUx:6:1.683e-07@41751;roe:1413:9.411e-08@24903","roe:683:9.221e-08@24272"
114,res_roUy,240,0.00179647,0.000456184,5.9522e-11,0.00200249,0.000470172,6.6061e-05,0,2,1,"roUx:6:1.683e-07@41751;roe:1413:9.411e-08@24903","roe:683:9.221e-08@24272"
114,res_roUy_m,240,0,0,0,0,0,0,0,2,1,"roUx:6:1.683e-07@41751;roe:1413:9.411e-08@24903","roe:683:9.221e-08@24272"
114,res_roUz,240,0,0,0,0,0,0,0,2,1,"roUx:6:1.683e-07@41751;roe:1413:9.411e-08@24903","roe:683:9.221e-08@24272"
114,res_roUz_m,240,0,0,0,0,0,0,0,2,1,"roUx:6:1.683e-07@41751;roe:1413:9.411e-08@24903","roe:683:9.221e-08@24272"
114,res_roY0,240,1.19177e-05,1.02003e-05,2.77343e-09,1.64579e-05,1.02038e-05,5.63308e-08,0,2,1,"roUx:6:1.683e-07@41751;roe:1413:9.411e-08@24903","roe:683:9.221e-08@24272"
114,res_roY0_m,240,0,0,0,0,0,0,0,2,1,"roUx:6:1.683e-07@41751;roe:1413:9.411e-08@24903","roe:683:9.221e-08@24272"
114,res_roY1,240,1.3192e-07,1.1293e-07,3.86978e-11,1.82248e-07,1.12972e-07,1.05206e-09,0,2,1,"roUx:6:1.683e-07@41751;roe:1413:9.411e-08@24903","roe:683:9.221e-08@24272"
114,res_roY1_m,240,0,0,0,0,0,0,0,2,1,"roUx:6:1.683e-07@41751;roe:1413:9.411e-08@24903","roe:683:9.221e-08@24272"
114,res_ro_m,240,0,0,0,0,0,0,0,2,1,"roUx:6:1.683e-07@41751;roe:1413:9.411e-08@24903","roe:683:9.221e-08@24272"
114,res_roe,240,0.191119,0.19206,2.78042e-06,0.254839,0.193565,0.0106188,0,2,1,"roUx:6:1.683e-07@41751;roe:1413:9.411e-08@24903","roe:683:9.221e-08@24272"
114,res_roe_m,240,0,0,0,0,0,0,0,2,1,"roUx:6:1.683e-07@41751;roe:1413:9.411e-08@24903","roe:683:9.221e-08@24272"
115,res_ro,240,1.48519e-05,1.7098e-05,1.8844e-12,1.69613e-05,1.71009e-05,4.71922e-08,0,2,1,"roUx:4:2.523e-07@41646;roe:1384:9.953e-08@15110","roe:648:9.221e-08@24272"
115,res_roK,240,1.17391e-05,1.18896e-05,2.44566e-09,0.000405771,1.29762e-05,4.1896e-06,0,2,1,"roUx:4:2.523e-07@41646;roe:1384:9.953e-08@15110","roe:648:9.221e-08@24272"
115,res_roK_m,240,0,0,0,0,0,0,0,2,1,"roUx:4:2.523e-07@41646;roe:1384:9.953e-08@15110","roe:648:9.221e-08@24272"
115,res_roOmega,240,200.681,127.724,1.73212e-05,40665.7,1326.4,854.682,0,2,1,"roUx:4:2.523e-07@41646;roe:1384:9.953e-08@15110","roe:648:9.221e-08@24272"
115,res_roOmega_m,240,0,0,0,0,0,0,0,2,1,"roUx:4:2.523e-07@41646;roe:1384:9.953e-08@15110","roe:648:9.221e-08@24272"
115,res_roUx,240,0.00238675,0.00340942,2.57209e-08,0.00422953,0.00341189,2.52002e-05,0,2,1,"roUx:4:2.523e-07@41646;roe:1384:9.953e-08@15110","roe:648:9.221e-08@24272"
115,res_roUx_m,240,0,0,0,0,0,0,0,2,1,"roUx:4:2.523e-07@41646;roe:1384:9.953e-08@15110","roe:648:9.221e-08@24272"
115,res_roUy,240,0.00180744,0.00059791,2.78154e-06,0.00220778,0.000613993,5.47395e-05,0,2,1,"roUx:4:2.523e-07@41646;roe:1384:9.953e-08@15110","roe:648:9.221e-08@24272"
115,res_roUy_m,240,0,0,0,0,0,0,0,2,1,"roUx:4:2.523e-07@41646;roe:1384:9.953e-08@15110","roe:648:9.221e-08@24272"
115,res_roUz,240,0,0,0,0,0,0,0,2,1,"roUx:4:2.523e-07@41646;roe:1384:9.953e-08@15110","roe:648:9.221e-08@24272"
115,res_roUz_m,240,0,0,0,0,0,0,0,2,1,"roUx:4:2.523e-07@41646;roe:1384:9.953e-08@15110","roe:648:9.221e-08@24272"
115,res_roY0,240,1.04871e-05,1.17592e-05,3.00167e-09,1.32518e-05,1.17634e-05,5.48122e-08,0,2,1,"roUx:4:2.523e-07@41646;roe:1384:9.953e-08@15110","roe:648:9.221e-08@24272"
115,res_roY0_m,240,0,0,0,0,0,0,0,2,1,"roUx:4:2.523e-07@41646;roe:1384:9.953e-08@15110","roe:648:9.221e-08@24272"
115,res_roY1,240,1.16123e-07,1.3019e-07,3.58843e-11,1.46813e-07,1.30239e-07,1.0609e-09,0,2,1,"roUx:4:2.523e-07@41646;roe:1384:9.953e-08@15110","roe:648:9.221e-08@24272"
115,res_roY1_m,240,0,0,0,0,0,0,0,2,1,"roUx:4:2.523e-07@41646;roe:1384:9.953e-08@15110","roe:648:9.221e-08@24272"
115,res_ro_m,240,0,0,0,0,0,0,0,2,1,"roUx:4:2.523e-07@41646;roe:1384:9.953e-08@15110","roe:648:9.221e-08@24272"
115,res_roe,240,0.178441,0.241636,2.34209e-06,0.235659,0.242768,0.0112947,0,2,1,"roUx:4:2.523e-07@41646;roe:1384:9.953e-08@15110","roe:648:9.221e-08@24272"
115,res_roe_m,240,0,0,0,0,0,0,0,2,1,"roUx:4:2.523e-07@41646;roe:1384:9.953e-08@15110","roe:648:9.221e-08@24272"
116,res_ro,240,1.33251e-05,1.22843e-05,4.65661e-10,1.56105e-05,1.22886e-05,4.60458e-08,0,2,2,"roUx:7:2.263e-07@41640;roe:1396:9.551e-08@15100","roUx:1:7.170e-08@41719;roe:632:9.106e-08@14868"
116,res_roK,240,1.0497e-05,8.43616e-06,3.87161e-09,0.000401254,9.78344e-06,4.16091e-06,0,2,2,"roUx:7:2.263e-07@41640;roe:1396:9.551e-08@15100","roUx:1:7.170e-08@41719;roe:632:9.106e-08@14868"
116,res_roK_m,240,0,0,0,0,0,0,0,2,2,"roUx:7:2.263e-07@41640;roe:1396:9.551e-08@15100","roUx:1:7.170e-08@41719;roe:632:9.106e-08@14868"
116,res_roOmega,240,145.085,101.624,0.00201421,57987.3,1176.82,793.581,0,2,2,"roUx:7:2.263e-07@41640;roe:1396:9.551e-08@15100","roUx:1:7.170e-08@41719;roe:632:9.106e-08@14868"
116,res_roOmega_m,240,0,0,0,0,0,0,0,2,2,"roUx:7:2.263e-07@41640;roe:1396:9.551e-08@15100","roUx:1:7.170e-08@41719;roe:632:9.106e-08@14868"
116,res_roUx,240,0.00218704,0.00246044,1.07094e-09,0.00412878,0.00246374,2.66306e-05,0,2,2,"roUx:7:2.263e-07@41640;roe:1396:9.551e-08@15100","roUx:1:7.170e-08@41719;roe:632:9.106e-08@14868"
116,res_roUx_m,240,0,0,0,0,0,0,0,2,2,"roUx:7:2.263e-07@41640;roe:1396:9.551e-08@15100","roUx:1:7.170e-08@41719;roe:632:9.106e-08@14868"
116,res_roUy,240,0.00160486,0.000402243,5.90437e-11,0.002073,0.000417645,5.68831e-05,0,2,2,"roUx:7:2.263e-07@41640;roe:1396:9.551e-08@15100","roUx:1:7.170e-08@41719;roe:632:9.106e-08@14868"
116,res_roUy_m,240,0,0,0,0,0,0,0,2,2,"roUx:7:2.263e-07@41640;roe:1396:9.551e-08@15100","roUx:1:7.170e-08@41719;roe:632:9.106e-08@14868"
116,res_roUz,240,0,0,0,0,0,0,0,2,2,"roUx:7:2.263e-07@41640;roe:1396:9.551e-08@15100","roUx:1:7.170e-08@41719;roe:632:9.106e-08@14868"
116,res_roUz_m,240,0,0,0,0,0,0,0,2,2,"roUx:7:2.263e-07@41640;roe:1396:9.551e-08@15100","roUx:1:7.170e-08@41719;roe:632:9.106e-08@14868"
116,res_roY0,240,9.32278e-06,8.34714e-06,2.86746e-09,1.23136e-05,8.35341e-06,5.28209e-08,0,2,2,"roUx:7:2.263e-07@41640;roe:1396:9.551e-08@15100","roUx:1:7.170e-08@41719;roe:632:9.106e-08@14868"
116,res_roY0_m,240,0,0,0,0,0,0,0,2,2,"roUx:7:2.263e-07@41640;roe:1396:9.551e-08@15100","roUx:1:7.170e-08@41719;roe:632:9.106e-08@14868"
116,res_roY1,240,1.03202e-07,9.2413e-08,5.33334e-11,1.36339e-07,9.24864e-08,9.97349e-10,0,2,2,"roUx:7:2.263e-07@41640;roe:1396:9.551e-08@15100","roUx:1:7.170e-08@41719;roe:632:9.106e-08@14868"
116,res_roY1_m,240,0,0,0,0,0,0,0,2,2,"roUx:7:2.263e-07@41640;roe:1396:9.551e-08@15100","roUx:1:7.170e-08@41719;roe:632:9.106e-08@14868"
116,res_ro_m,240,0,0,0,0,0,0,0,2,2,"roUx:7:2.263e-07@41640;roe:1396:9.551e-08@15100","roUx:1:7.170e-08@41719;roe:632:9.106e-08@14868"
116,res_roe,240,0.172786,0.166938,9.53674e-06,0.218483,0.168592,0.010664,0,2,2,"roUx:7:2.263e-07@41640;roe:1396:9.551e-08@15100","roUx:1:7.170e-08@41719;roe:632:9.106e-08@14868"
116,res_roe_m,240,0,0,0,0,0,0,0,2,2,"roUx:7:2.263e-07@41640;roe:1396:9.551e-08@15100","roUx:1:7.170e-08@41719;roe:632:9.106e-08@14868"
117,res_ro,240,1.39822e-05,1.97471e-05,0,1.67268e-05,1.97501e-05,4.73729e-08,0,2,1,"roUx:4:2.908e-07@41670;roe:1418:9.668e-08@26430","roe:669:9.022e-08@14829"
117,res_roK,240,1.08471e-05,1.36347e-05,1.32203e-09,0.000396214,1.46104e-05,4.21947e-06,0,2,1,"roUx:4:2.908e-07@41670;roe:1418:9.668e-08@26430","roe:669:9.022e-08@14829"
117,res_roK_m,240,0,0,0,0,0,0,0,2,1,"roUx:4:2.908e-07@41670;roe:1418:9.668e-08@26430","roe:669:9.022e-08@14829"
117,res_roOmega,240,114.919,79.2412,6.12217e-05,76232.2,1236.09,779.699,0,2,1,"roUx:4:2.908e-07@41670;roe:1418:9.668e-08@26430","roe:669:9.022e-08@14829"
117,res_roOmega_m,240,0,0,0,0,0,0,0,2,1,"roUx:4:2.908e-07@41670;roe:1418:9.668e-08@26430","roe:669:9.022e-08@14829"
117,res_roUx,240,0.00221856,0.0039506,2.48246e-08,0.00457366,0.00395267,3.39678e-05,0,2,1,"roUx:4:2.908e-07@41670;roe:1418:9.668e-08@26430","roe:669:9.022e-08@14829"
117,res_roUx_m,240,0,0,0,0,0,0,0,2,1,"roUx:4:2.908e-07@41670;roe:1418:9.668e-08@26430","roe:669:9.022e-08@14829"
117,res_roUy,240,0.00156975,0.00063186,2.77987e-06,0.00188098,0.000642149,8.62081e-05,0,2,1,"roUx:4:2.908e-07@41670;roe:1418:9.668e-08@26430","roe:669:9.022e-08@14829"
117,res_roUy_m,240,0,0,0,0,0,0,0,2,1,"roUx:4:2.908e-07@41670;roe:1418:9.668e-08@26430","roe:669:9.022e-08@14829"
117,res_roUz,240,0,0,0,0,0,0,0,2,1,"roUx:4:2.908e-07@41670;roe:1418:9.668e-08@26430","roe:669:9.022e-08@14829"
117,res_roUz_m,240,0,0,0,0,0,0,0,2,1,"roUx:4:2.908e-07@41670;roe:1418:9.668e-08@26430","roe:669:9.022e-08@14829"
117,res_roY0,240,9.60367e-06,1.34872e-05,2.08641e-09,1.32171e-05,1.34914e-05,5.40371e-08,0,2,1,"roUx:4:2.908e-07@41670;roe:1418:9.668e-08@26430","roe:669:9.022e-08@14829"
117,res_roY0_m,240,0,0,0,0,0,0,0,2,1,"roUx:4:2.908e-07@41670;roe:1418:9.668e-08@26430","roe:669:9.022e-08@14829"
117,res_roY1,240,1.06331e-07,1.4932e-07,1.50972e-11,1.46417e-07,1.4937e-07,1.04543e-09,0,2,1,"roUx:4:2.908e-07@41670;roe:1418:9.668e-08@26430","roe:669:9.022e-08@14829"
117,res_roY1_m,240,0,0,0,0,0,0,0,2,1,"roUx:4:2.908e-07@41670;roe:1418:9.668e-08@26430","roe:669:9.022e-08@14829"
117,res_ro_m,240,0,0,0,0,0,0,0,2,1,"roUx:4:2.908e-07@41670;roe:1418:9.668e-08@26430","roe:669:9.022e-08@14829"
117,res_roe,240,0.171554,0.258849,2.1458e-09,0.216571,0.259879,0.00954239,0,2,1,"roUx:4:2.908e-07@41670;roe:1418:9.668e-08@26430","roe:669:9.022e-08@14829"
117,res_roe_m,240,0,0,0,0,0,0,0,2,1,"roUx:4:2.908e-07@41670;roe:1418:9.668e-08@26430","roe:669:9.022e-08@14829"
118,res_ro,240,1.47455e-05,8.93746e-06,1.87632e-12,1.86771e-05,8.94236e-06,5.15613e-08,0,2,1,"roUx:5:2.127e-07@41691;roe:1437:9.709e-08@15193","roe:675:8.971e-08@24041"
118,res_roK,240,1.14002e-05,6.27524e-06,3.10418e-09,0.000391136,7.91956e-06,3.99557e-06,0,2,1,"roUx:5:2.127e-07@41691;roe:1437:9.709e-08@15193","roe:675:8.971e-08@24041"
118,res_roK_m,240,0,0,0,0,0,0,0,2,1,"roUx:5:2.127e-07@41691;roe:1437:9.709e-08@15193","roe:675:8.971e-08@24041"
118,res_roOmega,240,93.0589,89.9975,0.00212837,55230,1034.13,737.41,0,2,1,"roUx:5:2.127e-07@41691;roe:1437:9.709e-08@15193","roe:675:8.971e-08@24041"
118,res_roOmega_m,240,0,0,0,0,0,0,0,2,1,"roUx:5:2.127e-07@41691;roe:1437:9.709e-08@15193","roe:675:8.971e-08@24041"
118,res_roUx,240,0.00231121,0.00168399,1.59971e-08,0.00442303,0.00168762,2.82196e-05,0,2,1,"roUx:5:2.127e-07@41691;roe:1437:9.709e-08@15193","roe:675:8.971e-08@24041"
118,res_roUx_m,240,0,0,0,0,0,0,0,2,1,"roUx:5:2.127e-07@41691;roe:1437:9.709e-08@15193","roe:675:8.971e-08@24041"
118,res_roUy,240,0.00153948,0.000293946,2.78484e-06,0.00177821,0.000315303,6.11077e-05,0,2,1,"roUx:5:2.127e-07@41691;roe:1437:9.709e-08@15193","roe:675:8.971e-08@24041"
118,res_roUy_m,240,0,0,0,0,0,0,0,2,1,"roUx:5:2.127e-07@41691;roe:1437:9.709e-08@15193","roe:675:8.971e-08@24041"
118,res_roUz,240,0,0,0,0,0,0,0,2,1,"roUx:5:2.127e-07@41691;roe:1437:9.709e-08@15193","roe:675:8.971e-08@24041"
118,res_roUz_m,240,0,0,0,0,0,0,0,2,1,"roUx:5:2.127e-07@41691;roe:1437:9.709e-08@15193","roe:675:8.971e-08@24041"
118,res_roY0,240,1.01949e-05,6.22336e-06,2.19523e-09,1.52468e-05,6.23028e-06,5.5761e-08,0,2,1,"roUx:5:2.127e-07@41691;roe:1437:9.709e-08@15193","roe:675:8.971e-08@24041"
118,res_roY0_m,240,0,0,0,0,0,0,0,2,1,"roUx:5:2.127e-07@41691;roe:1437:9.709e-08@15193","roe:675:8.971e-08@24041"
118,res_roY1,240,1.12877e-07,6.89001e-08,2.68088e-11,1.68842e-07,6.8981e-08,1.02065e-09,0,2,1,"roUx:5:2.127e-07@41691;roe:1437:9.709e-08@15193","roe:675:8.971e-08@24041"
118,res_roY1_m,240,0,0,0,0,0,0,0,2,1,"roUx:5:2.127e-07@41691;roe:1437:9.709e-08@15193","roe:675:8.971e-08@24041"
118,res_ro_m,240,0,0,0,0,0,0,0,2,1,"roUx:5:2.127e-07@41691;roe:1437:9.709e-08@15193","roe:675:8.971e-08@24041"
118,res_roe,240,0.179776,0.132299,4.96924e-07,0.244769,0.134209,0.012533,0,2,1,"roUx:5:2.127e-07@41691;roe:1437:9.709e-08@15193","roe:675:8.971e-08@24041"
118,res_roe_m,240,0,0,0,0,0,0,0,2,1,"roUx:5:2.127e-07@41691;roe:1437:9.709e-08@15193","roe:675:8.971e-08@24041"
119,res_ro,240,1.44488e-05,1.98959e-05,7.51387e-12,1.68167e-05,1.98988e-05,4.76864e-08,0,2,1,"roUx:6:2.382e-07@41755;roe:1430:9.506e-08@25575","roe:672:9.332e-08@14877"
119,res_roK,240,1.11012e-05,1.37398e-05,3.14982e-09,0.000386725,1.46463e-05,4.11505e-06,0,2,1,"roUx:6:2.382e-07@41755;roe:1430:9.506e-08@25575","roe:672:9.332e-08@14877"
119,res_roK_m,240,0,0,0,0,0,0,0,2,1,"roUx:6:2.382e-07@41755;roe:1430:9.506e-08@25575","roe:672:9.332e-08@14877"
119,res_roOmega,240,100.386,100.605,0.00201755,50006.9,1149.33,740,0,2,1,"roUx:6:2.382e-07@41755;roe:1430:9.506e-08@25575","roe:672:9.332e-08@14877"
119,res_roOmega_m,240,0,0,0,0,0,0,0,2,1,"roUx:6:2.382e-07@41755;roe:1430:9.506e-08@25575","roe:672:9.332e-08@14877"
119,res_roUx,240,0.00232792,0.00399722,3.25136e-11,0.00412071,0.00399914,2.91748e-05,0,2,1,"roUx:6:2.382e-07@41755;roe:1430:9.506e-08@25575","roe:672:9.332e-08@14877"
119,res_roUx_m,240,0,0,0,0,0,0,0,2,1,"roUx:6:2.382e-07@41755;roe:1430:9.506e-08@25575","roe:672:9.332e-08@14877"
119,res_roUy,240,0.00161951,0.000688674,3.83285e-11,0.00200819,0.000699476,6.31153e-05,0,2,1,"roUx:6:2.382e-07@41755;roe:1430:9.506e-08@25575","roe:672:9.332e-08@14877"
119,res_roUy_m,240,0,0,0,0,0,0,0,2,1,"roUx:6:2.382e-07@41755;roe:1430:9.506e-08@25575","roe:672:9.332e-08@14877"
119,res_roUz,240,0,0,0,0,0,0,0,2,1,"roUx:6:2.382e-07@41755;roe:1430:9.506e-08@25575","roe:672:9.332e-08@14877"
119,res_roUz_m,240,0,0,0,0,0,0,0,2,1,"roUx:6:2.382e-07@41755;roe:1430:9.506e-08@25575","roe:672:9.332e-08@14877"
119,res_roY0,240,9.98902e-06,1.35927e-05,1.87375e-09,1.31222e-05,1.35968e-05,5.34429e-08,0,2,1,"roUx:6:2.382e-07@41755;roe:1430:9.506e-08@25575","roe:672:9.332e-08@14877"
119,res_roY0_m,240,0,0,0,0,0,0,0,2,1,"roUx:6:2.382e-07@41755;roe:1430:9.506e-08@25575","roe:672:9.332e-08@14877"
119,res_roY1,240,1.10589e-07,1.50489e-07,4.36672e-11,1.45321e-07,1.50536e-07,1.03537e-09,0,2,1,"roUx:6:2.382e-07@41755;roe:1430:9.506e-08@25575","roe:672:9.332e-08@14877"
119,res_roY1_m,240,0,0,0,0,0,0,0,2,1,"roUx:6:2.382e-07@41755;roe:1430:9.506e-08@25575","roe:672:9.332e-08@14877"
119,res_ro_m,240,0,0,0,0,0,0,0,2,1,"roUx:6:2.382e-07@41755;roe:1430:9.506e-08@25575","roe:672:9.332e-08@14877"
119,res_roe,240,0.169479,0.258303,2.24053e-06,0.232094,0.259338,0.0112063,0,2,1,"roUx:6:2.382e-07@41755;roe:1430:9.506e-08@25575","roe:672:9.332e-08@14877"
119,res_roe_m,240,0,0,0,0,0,0,0,2,1,"roUx:6:2.382e-07@41755;roe:1430:9.506e-08@25575","roe:672:9.332e-08@14877"
120,res_ro,240,1.54444e-05,1.29536e-05,0,1.75385e-05,1.29579e-05,4.76341e-08,0,2,1,"roUx:9:2.137e-07@41684;roe:1406:1.169e-07@41684","roe:670:9.022e-08@14829"
120,res_roK,240,1.19424e-05,9.08769e-06,1.838e-09,0.000382979,1.03654e-05,4.11121e-06,0,2,1,"roUx:9:2.137e-07@41684;roe:1406:1.169e-07@41684","roe:670:9.022e-08@14829"
120,res_roK_m,240,0,0,0,0,0,0,0,2,1,"roUx:9:2.137e-07@41684;roe:1406:1.169e-07@41684","roe:670:9.022e-08@14829"
120,res_roOmega,240,105.187,106.583,0.00201324,87966.8,1016.23,795.316,0,2,1,"roUx:9:2.137e-07@41684;roe:1406:1.169e-07@41684","roe:670:9.022e-08@14829"
120,res_roOmega_m,240,0,0,0,0,0,0,0,2,1,"roUx:9:2.137e-07@41684;roe:1406:1.169e-07@41684","roe:670:9.022e-08@14829"
120,res_roUx,240,0.00246008,0.00248719,5.84179e-10,0.00460763,0.00248988,2.75123e-05,0,2,1,"roUx:9:2.137e-07@41684;roe:1406:1.169e-07@41684","roe:670:9.022e-08@14829"
120,res_roUx_m,240,0,0,0,0,0,0,0,2,1,"roUx:9:2.137e-07@41684;roe:1406:1.169e-07@41684","roe:670:9.022e-08@14829"
120,res_roUy,240,0.00158274,0.0003345,4.47042e-11,0.00207397,0.000353583,5.91713e-05,0,2,1,"roUx:9:2.137e-07@41684;roe:1406:1.169e-07@41684","roe:670:9.022e-08@14829"
120,res_roUy_m,240,0,0,0,0,0,0,0,2,1,"roUx:9:2.137e-07@41684;roe:1406:1.169e-07@41684","roe:670:9.022e-08@14829"
120,res_roUz,240,0,0,0,0,0,0,0,2,1,"roUx:9:2.137e-07@41684;roe:1406:1.169e-07@41684","roe:670:9.022e-08@14829"
120,res_roUz_m,240,0,0,0,0,0,0,0,2,1,"roUx:9:2.137e-07@41684;roe:1406:1.169e-07@41684","roe:670:9.022e-08@14829"
120,res_roY0,240,1.07322e-05,9.00334e-06,6.26808e-10,1.35174e-05,9.00934e-06,5.5978e-08,0,2,1,"roUx:9:2.137e-07@41684;roe:1406:1.169e-07@41684","roe:670:9.022e-08@14829"
120,res_roY0_m,240,0,0,0,0,0,0,0,2,1,"roUx:9:2.137e-07@41684;roe:1406:1.169e-07@41684","roe:670:9.022e-08@14829"
120,res_roY1,240,1.18823e-07,9.96782e-08,1.4286e-11,1.49757e-07,9.97481e-08,9.88875e-10,0,2,1,"roUx:9:2.137e-07@41684;roe:1406:1.169e-07@41684","roe:670:9.022e-08@14829"
120,res_roY1_m,240,0,0,0,0,0,0,0,2,1,"roUx:9:2.137e-07@41684;roe:1406:1.169e-07@41684","roe:670:9.022e-08@14829"
120,res_ro_m,240,0,0,0,0,0,0,0,2,1,"roUx:9:2.137e-07@41684;roe:1406:1.169e-07@41684","roe:670:9.022e-08@14829"
120,res_roe,240,0.189903,0.158419,1.08317e-05,0.240219,0.159957,0.00957726,0,2,1,"roUx:9:2.137e-07@41684;roe:1406:1.169e-07@41684","roe:670:9.022e-08@14829"
120,res_roe_m,240,0,0,0,0,0,0,0,2,1,"roUx:9:2.137e-07@41684;roe:1406:1.169e-07@41684","roe:670:9.022e-08@14829"
121,res_ro,240,1.46902e-05,1.94489e-05,1.82697e-12,1.65513e-05,1.94525e-05,4.80862e-08,0,2,1,"roUx:8:2.868e-07@41719;roe:1416:1.169e-07@41719","roe:661:9.034e-08@23681"
121,res_roK,240,1.19503e-05,1.34677e-05,4.20873e-09,0.000378858,1.43387e-05,4.18075e-06,0,2,1,"roUx:8:2.868e-07@41719;roe:1416:1.169e-07@41719","roe:661:9.034e-08@23681"
121,res_roK_m,240,0,0,0,0,0,0,0,2,1,"roUx:8:2.868e-07@41719;roe:1416:1.169e-07@41719","roe:661:9.034e-08@23681"
121,res_roOmega,240,102.02,111.494,0.000979071,56633.5,1323.97,1004.7,0,2,1,"roUx:8:2.868e-07@41719;roe:1416:1.169e-07@41719","roe:661:9.034e-08@23681"
121,res_roOmega_m,240,0,0,0,0,0,0,0,2,1,"roUx:8:2.868e-07@41719;roe:1416:1.169e-07@41719","roe:661:9.034e-08@23681"
121,res_roUx,240,0.00225243,0.00389039,1.70524e-08,0.00409013,0.00389255,2.97131e-05,0,2,1,"roUx:8:2.868e-07@41719;roe:1416:1.169e-07@41719","roe:661:9.034e-08@23681"
121,res_roUx_m,240,0,0,0,0,0,0,0,2,1,"roUx:8:2.868e-07@41719;roe:1416:1.169e-07@41719","roe:661:9.034e-08@23681"
121,res_roUy,240,0.00179522,0.000680157,1.15043e-11,0.00219964,0.000689125,6.52193e-05,0,2,1,"roUx:8:2.868e-07@41719;roe:1416:1.169e-07@41719","roe:661:9.034e-08@23681"
121,res_roUy_m,240,0,0,0,0,0,0,0,2,1,"roUx:8:2.868e-07@41719;roe:1416:1.169e-07@41719","roe:661:9.034e-08@23681"
121,res_roUz,240,0,0,0,0,0,0,0,2,1,"roUx:8:2.868e-07@41719;roe:1416:1.169e-07@41719","roe:661:9.034e-08@23681"
121,res_roUz_m,240,0,0,0,0,0,0,0,2,1,"roUx:8:2.868e-07@41719;roe:1416:1.169e-07@41719","roe:661:9.034e-08@23681"
121,res_roY0,240,1.02529e-05,1.33264e-05,1.59129e-09,1.27284e-05,1.33315e-05,5.56004e-08,0,2,1,"roUx:8:2.868e-07@41719;roe:1416:1.169e-07@41719","roe:661:9.034e-08@23681"
121,res_roY0_m,240,0,0,0,0,0,0,0,2,1,"roUx:8:2.868e-07@41719;roe:1416:1.169e-07@41719","roe:661:9.034e-08@23681"
121,res_roY1,240,1.13511e-07,1.47541e-07,2.0184e-11,1.41023e-07,1.47599e-07,1.00722e-09,0,2,1,"roUx:8:2.868e-07@41719;roe:1416:1.169e-07@41719","roe:661:9.034e-08@23681"
121,res_roY1_m,240,0,0,0,0,0,0,0,2,1,"roUx:8:2.868e-07@41719;roe:1416:1.169e-07@41719","roe:661:9.034e-08@23681"
121,res_ro_m,240,0,0,0,0,0,0,0,2,1,"roUx:8:2.868e-07@41719;roe:1416:1.169e-07@41719","roe:661:9.034e-08@23681"
121,res_roe,240,0.19152,0.273723,2.90049e-06,0.233425,0.274602,0.0103377,0,2,1,"roUx:8:2.868e-07@41719;roe:1416:1.169e-07@41719","roe:661:9.034e-08@23681"
121,res_roe_m,240,0,0,0,0,0,0,0,2,1,"roUx:8:2.868e-07@41719;roe:1416:1.169e-07@41719","roe:661:9.034e-08@23681"
122,res_ro,240,1.548e-05,1.08843e-05,0,1.78515e-05,1.0889e-05,4.70266e-08,0,2,1,"roUx:11:2.523e-07@41646;roe:1400:2.333e-07@41646","roe:642:9.304e-08@14874"
122,res_roK,240,1.23222e-05,7.47506e-06,2.51958e-09,0.000375053,9.07741e-06,4.22042e-06,0,2,1,"roUx:11:2.523e-07@41646;roe:1400:2.333e-07@41646","roe:642:9.304e-08@14874"
122,res_roK_m,240,0,0,0,0,0,0,0,2,1,"roUx:11:2.523e-07@41646;roe:1400:2.333e-07@41646","roe:642:9.304e-08@14874"
122,res_roOmega,240,81.5717,109.083,0.000498322,61715.6,1239.28,1023.37,0,2,1,"roUx:11:2.523e-07@41646;roe:1400:2.333e-07@41646","roe:642:9.304e-08@14874"
122,res_roOmega_m,240,0,0,0,0,0,0,0,2,1,"roUx:11:2.523e-07@41646;roe:1400:2.333e-07@41646","roe:642:9.304e-08@14874"
122,res_roUx,240,0.00242146,0.0020777,4.66088e-10,0.00420811,0.00208074,2.82328e-05,0,2,1,"roUx:11:2.523e-07@41646;roe:1400:2.333e-07@41646","roe:642:9.304e-08@14874"
122,res_roUx_m,240,0,0,0,0,0,0,0,2,1,"roUx:11:2.523e-07@41646;roe:1400:2.333e-07@41646","roe:642:9.304e-08@14874"
122,res_roUy,240,0.00165792,0.000339995,2.22234e-11,0.0019506,0.000358977,6.30602e-05,0,2,1,"roUx:11:2.523e-07@41646;roe:1400:2.333e-07@41646","roe:642:9.304e-08@14874"
122,res_roUy_m,240,0,0,0,0,0,0,0,2,1,"roUx:11:2.523e-07@41646;roe:1400:2.333e-07@41646","roe:642:9.304e-08@14874"
122,res_roUz,240,0,0,0,0,0,0,0,2,1,"roUx:11:2.523e-07@41646;roe:1400:2.333e-07@41646","roe:642:9.304e-08@14874"
122,res_roUz_m,240,0,0,0,0,0,0,0,2,1,"roUx:11:2.523e-07@41646;roe:1400:2.333e-07@41646","roe:642:9.304e-08@14874"
122,res_roY0,240,1.07044e-05,7.41178e-06,9.11329e-10,1.38523e-05,7.41864e-06,5.43448e-08,0,2,1,"roUx:11:2.523e-07@41646;roe:1400:2.333e-07@41646","roe:642:9.304e-08@14874"
122,res_roY0_m,240,0,0,0,0,0,0,0,2,1,"roUx:11:2.523e-07@41646;roe:1400:2.333e-07@41646","roe:642:9.304e-08@14874"
122,res_roY1,240,1.18512e-07,8.20555e-08,7.81556e-12,1.53408e-07,8.21356e-08,1.01108e-09,0,2,1,"roUx:11:2.523e-07@41646;roe:1400:2.333e-07@41646","roe:642:9.304e-08@14874"
122,res_roY1_m,240,0,0,0,0,0,0,0,2,1,"roUx:11:2.523e-07@41646;roe:1400:2.333e-07@41646","roe:642:9.304e-08@14874"
122,res_ro_m,240,0,0,0,0,0,0,0,2,1,"roUx:11:2.523e-07@41646;roe:1400:2.333e-07@41646","roe:642:9.304e-08@14874"
122,res_roe,240,0.190096,0.119915,3.95052e-10,0.23342,0.122295,0.0101427,0,2,1,"roUx:11:2.523e-07@41646;roe:1400:2.333e-07@41646","roe:642:9.304e-08@14874"
122,res_roe_m,240,0,0,0,0,0,0,0,2,1,"roUx:11:2.523e-07@41646;roe:1400:2.333e-07@41646","roe:642:9.304e-08@14874"
123,res_ro,240,1.68653e-05,2.18778e-05,7.29017e-12,1.96642e-05,2.18799e-05,4.5269e-08,0,2,1,"roUx:10:2.178e-07@41726;roe:1401:1.169e-07@41744","roe:641:9.304e-08@14874"
123,res_roK,240,1.32217e-05,1.51251e-05,2.51555e-09,0.000370152,1.60134e-05,4.34303e-06,0,2,1,"roUx:10:2.178e-07@41726;roe:1401:1.169e-07@41744","roe:641:9.304e-08@14874"
123,res_roK_m,240,0,0,0,0,0,0,0,2,1,"roUx:10:2.178e-07@41726;roe:1401:1.169e-07@41744","roe:641:9.304e-08@14874"
123,res_roOmega,240,91.837,107.007,0.00209455,65989.2,1243.37,862.043,0,2,1,"roUx:10:2.178e-07@41726;roe:1401:1.169e-07@41744","roe:641:9.304e-08@14874"
123,res_roOmega_m,240,0,0,0,0,0,0,0,2,1,"roUx:10:2.178e-07@41726;roe:1401:1.169e-07@41744","roe:641:9.304e-08@14874"
123,res_roUx,240,0.00265956,0.00436395,2.87506e-08,0.00467086,0.00436525,2.63098e-05,0,2,1,"roUx:10:2.178e-07@41726;roe:1401:1.169e-07@41744","roe:641:9.304e-08@14874"
123,res_roUx_m,240,0,0,0,0,0,0,0,2,1,"roUx:10:2.178e-07@41726;roe:1401:1.169e-07@41744","roe:641:9.304e-08@14874"
123,res_roUy,240,0.00166883,0.000842251,1.43696e-11,0.00185476,0.000852223,6.53076e-05,0,2,1,"roUx:10:2.178e-07@41726;roe:1401:1.169e-07@41744","roe:641:9.304e-08@14874"
123,res_roUy_m,240,0,0,0,0,0,0,0,2,1,"roUx:10:2.178e-07@41726;roe:1401:1.169e-07@41744","roe:641:9.304e-08@14874"
123,res_roUz,240,0,0,0,0,0,0,0,2,1,"roUx:10:2.178e-07@41726;roe:1401:1.169e-07@41744","roe:641:9.304e-08@14874"
123,res_roUz_m,240,0,0,0,0,0,0,0,2,1,"roUx:10:2.178e-07@41726;roe:1401:1.169e-07@41744","roe:641:9.304e-08@14874"
123,res_roY0,240,1.1715e-05,1.49647e-05,1.34737e-09,1.54024e-05,1.49678e-05,4.97411e-08,0,2,1,"roUx:10:2.178e-07@41726;roe:1401:1.169e-07@41744","roe:641:9.304e-08@14874"
123,res_roY0_m,240,0,0,0,0,0,0,0,2,1,"roUx:10:2.178e-07@41726;roe:1401:1.169e-07@41744","roe:641:9.304e-08@14874"
123,res_roY1,240,1.2972e-07,1.65679e-07,1.64769e-11,1.70558e-07,1.65716e-07,9.82347e-10,0,2,1,"roUx:10:2.178e-07@41726;roe:1401:1.169e-07@41744","roe:641:9.304e-08@14874"
123,res_roY1_m,240,0,0,0,0,0,0,0,2,1,"roUx:10:2.178e-07@41726;roe:1401:1.169e-07@41744","roe:641:9.304e-08@14874"
123,res_ro_m,240,0,0,0,0,0,0,0,2,1,"roUx:10:2.178e-07@41726;roe:1401:1.169e-07@41744","roe:641:9.304e-08@14874"
123,res_roe,240,0.211103,0.305235,1.33289e-07,0.258372,0.305979,0.0104235,0,2,1,"roUx:10:2.178e-07@41726;roe:1401:1.169e-07@41744","roe:641:9.304e-08@14874"
123,res_roe_m,240,0,0,0,0,0,0,0,2,1,"roUx:10:2.178e-07@41726;roe:1401:1.169e-07@41744","roe:641:9.304e-08@14874"
124,res_ro,240,1.74506e-05,5.9892e-06,1.87519e-12,1.96917e-05,5.99331e-06,4.94877e-08,0,2,1,"roUx:8:2.195e-07@41664;roe:1416:1.169e-07@41660","roe:662:9.076e-08@24038"
124,res_roK,240,1.35339e-05,4.21157e-06,2.96796e-09,0.000364444,6.48994e-06,3.93537e-06,0,2,1,"roUx:8:2.195e-07@41664;roe:1416:1.169e-07@41660","roe:662:9.076e-08@24038"
124,res_roK_m,240,0,0,0,0,0,0,0,2,1,"roUx:8:2.195e-07@41664;roe:1416:1.169e-07@41660","roe:662:9.076e-08@24038"
124,res_roOmega,240,94.2257,100.784,0.00201324,63349.9,1028.03,775.135,0,2,1,"roUx:8:2.195e-07@41664;roe:1416:1.169e-07@41660","roe:662:9.076e-08@24038"
124,res_roOmega_m,240,0,0,0,0,0,0,0,2,1,"roUx:8:2.195e-07@41664;roe:1416:1.169e-07@41660","roe:662:9.076e-08@24038"
124,res_roUx,240,0.00280018,0.0011392,6.75789e-10,0.00451984,0.00114183,2.96085e-05,0,2,1,"roUx:8:2.195e-07@41664;roe:1416:1.169e-07@41660","roe:662:9.076e-08@24038"
124,res_roUx_m,240,0,0,0,0,0,0,0,2,1,"roUx:8:2.195e-07@41664;roe:1416:1.169e-07@41660","roe:662:9.076e-08@24038"
124,res_roUy,240,0.00168611,0.000230807,3.2104e-11,0.00193883,0.000260206,6.76955e-05,0,2,1,"roUx:8:2.195e-07@41664;roe:1416:1.169e-07@41660","roe:662:9.076e-08@24038"
124,res_roUy_m,240,0,0,0,0,0,0,0,2,1,"roUx:8:2.195e-07@41664;roe:1416:1.169e-07@41660","roe:662:9.076e-08@24038"
124,res_roUz,240,0,0,0,0,0,0,0,2,1,"roUx:8:2.195e-07@41664;roe:1416:1.169e-07@41660","roe:662:9.076e-08@24038"
124,res_roUz_m,240,0,0,0,0,0,0,0,2,1,"roUx:8:2.195e-07@41664;roe:1416:1.169e-07@41660","roe:662:9.076e-08@24038"
124,res_roY0,240,1.22114e-05,4.19554e-06,2.21909e-09,1.5184e-05,4.20139e-06,5.58999e-08,0,2,1,"roUx:8:2.195e-07@41664;roe:1416:1.169e-07@41660","roe:662:9.076e-08@24038"
124,res_roY0_m,240,0,0,0,0,0,0,0,2,1,"roUx:8:2.195e-07@41664;roe:1416:1.169e-07@41660","roe:662:9.076e-08@24038"
124,res_roY1,240,1.35198e-07,4.64504e-08,2.466e-11,1.68139e-07,4.65222e-08,1.0216e-09,0,2,1,"roUx:8:2.195e-07@41664;roe:1416:1.169e-07@41660","roe:662:9.076e-08@24038"
124,res_roY1_m,240,0,0,0,0,0,0,0,2,1,"roUx:8:2.195e-07@41664;roe:1416:1.169e-07@41660","roe:662:9.076e-08@24038"
124,res_ro_m,240,0,0,0,0,0,0,0,2,1,"roUx:8:2.195e-07@41664;roe:1416:1.169e-07@41660","roe:662:9.076e-08@24038"
124,res_roe,240,0.199589,0.122252,2.6974e-06,0.250867,0.123957,0.0103417,0,2,1,"roUx:8:2.195e-07@41664;roe:1416:1.169e-07@41660","roe:662:9.076e-08@24038"
124,res_roe_m,240,0,0,0,0,0,0,0,2,1,"roUx:8:2.195e-07@41664;roe:1416:1.169e-07@41660","roe:662:9.076e-08@24038"
125,res_ro,240,1.73174e-05,2.25019e-05,0,2.01305e-05,2.25039e-05,4.75716e-08,0,2,1,"roUx:9:2.161e-07@41722;roe:1446:9.709e-08@15193","roe:669:9.076e-08@24038"
125,res_roK,240,1.35317e-05,1.56411e-05,4.4341e-09,0.000361425,1.64336e-05,3.94465e-06,0,2,1,"roUx:9:2.161e-07@41722;roe:1446:9.709e-08@15193","roe:669:9.076e-08@24038"
125,res_roK_m,240,0,0,0,0,0,0,0,2,1,"roUx:9:2.161e-07@41722;roe:1446:9.709e-08@15193","roe:669:9.076e-08@24038"
125,res_roOmega,240,120.861,217.599,0.00201324,64204.1,1247.11,889.438,0,2,1,"roUx:9:2.161e-07@41722;roe:1446:9.709e-08@15193","roe:669:9.076e-08@24038"
125,res_roOmega_m,240,0,0,0,0,0,0,0,2,1,"roUx:9:2.161e-07@41722;roe:1446:9.709e-08@15193","roe:669:9.076e-08@24038"
125,res_roUx,240,0.00278076,0.00452055,8.18167e-10,0.00474658,0.00452178,2.90637e-05,0,2,1,"roUx:9:2.161e-07@41722;roe:1446:9.709e-08@15193","roe:669:9.076e-08@24038"
125,res_roUx_m,240,0,0,0,0,0,0,0,2,1,"roUx:9:2.161e-07@41722;roe:1446:9.709e-08@15193","roe:669:9.076e-08@24038"
125,res_roUy,240,0.00164958,0.000730473,3.1166e-11,0.00199247,0.000739942,7.03416e-05,0,2,1,"roUx:9:2.161e-07@41722;roe:1446:9.709e-08@15193","roe:669:9.076e-08@24038"
125,res_roUy_m,240,0,0,0,0,0,0,0,2,1,"roUx:9:2.161e-07@41722;roe:1446:9.709e-08@15193","roe:669:9.076e-08@24038"
125,res_roUz,240,0,0,0,0,0,0,0,2,1,"roUx:9:2.161e-07@41722;roe:1446:9.709e-08@15193","roe:669:9.076e-08@24038"
125,res_roUz_m,240,0,0,0,0,0,0,0,2,1,"roUx:9:2.161e-07@41722;roe:1446:9.709e-08@15193","roe:669:9.076e-08@24038"
125,res_roY0,240,1.22538e-05,1.54738e-05,1.05087e-09,1.59131e-05,1.54765e-05,5.1555e-08,0,2,1,"roUx:9:2.161e-07@41722;roe:1446:9.709e-08@15193","roe:669:9.076e-08@24038"
125,res_roY0_m,240,0,0,0,0,0,0,0,2,1,"roUx:9:2.161e-07@41722;roe:1446:9.709e-08@15193","roe:669:9.076e-08@24038"
125,res_roY1,240,1.35654e-07,1.71316e-07,2.46109e-11,1.76187e-07,1.71349e-07,9.79993e-10,0,2,1,"roUx:9:2.161e-07@41722;roe:1446:9.709e-08@15193","roe:669:9.076e-08@24038"
125,res_roY1_m,240,0,0,0,0,0,0,0,2,1,"roUx:9:2.161e-07@41722;roe:1446:9.709e-08@15193","roe:669:9.076e-08@24038"
125,res_ro_m,240,0,0,0,0,0,0,0,2,1,"roUx:9:2.161e-07@41722;roe:1446:9.709e-08@15193","roe:669:9.076e-08@24038"
125,res_roe,240,0.198927,0.291647,2.33602e-06,0.259046,0.292595,0.0111236,0,2,1,"roUx:9:2.161e-07@41722;roe:1446:9.709e-08@15193","roe:669:9.076e-08@24038"
125,res_roe_m,240,0,0,0,0,0,0,0,2,1,"roUx:9:2.161e-07@41722;roe:1446:9.709e-08@15193","roe:669:9.076e-08@24038"
126,res_ro,240,1.66432e-05,8.69383e-06,0,1.8577e-05,8.69779e-06,4.67333e-08,0,2,1,"roUx:5:2.309e-07@41641;roe:1427:9.709e-08@15193","roe:639:9.304e-08@14874"
126,res_roK,240,1.29396e-05,5.99259e-06,2.93683e-09,0.000358441,7.94213e-06,4.28074e-06,0,2,1,"roUx:5:2.309e-07@41641;roe:1427:9.709e-08@15193","roe:639:9.304e-08@14874"
126,res_roK_m,240,0,0,0,0,0,0,0,2,1,"roUx:5:2.309e-07@41641;roe:1427:9.709e-08@15193","roe:639:9.304e-08@14874"
126,res_roOmega,240,148.66,392.815,0.00201374,32310.8,1136.94,751.98,0,2,1,"roUx:5:2.309e-07@41641;roe:1427:9.709e-08@15193","roe:639:9.304e-08@14874"
126,res_roOmega_m,240,0,0,0,0,0,0,0,2,1,"roUx:5:2.309e-07@41641;roe:1427:9.709e-08@15193","roe:639:9.304e-08@14874"
126,res_roUx,240,0.00266592,0.00164919,7.52072e-10,0.00455587,0.00165234,3.48462e-05,0,2,1,"roUx:5:2.309e-07@41641;roe:1427:9.709e-08@15193","roe:639:9.304e-08@14874"
126,res_roUx_m,240,0,0,0,0,0,0,0,2,1,"roUx:5:2.309e-07@41641;roe:1427:9.709e-08@15193","roe:639:9.304e-08@14874"
126,res_roUy,240,0.00155113,0.000285106,2.85591e-06,0.00199221,0.000310258,9.10289e-05,0,2,1,"roUx:5:2.309e-07@41641;roe:1427:9.709e-08@15193","roe:639:9.304e-08@14874"
126,res_roUy_m,240,0,0,0,0,0,0,0,2,1,"roUx:5:2.309e-07@41641;roe:1427:9.709e-08@15193","roe:639:9.304e-08@14874"
126,res_roUz,240,0,0,0,0,0,0,0,2,1,"roUx:5:2.309e-07@41641;roe:1427:9.709e-08@15193","roe:639:9.304e-08@14874"
126,res_roUz_m,240,0,0,0,0,0,0,0,2,1,"roUx:5:2.309e-07@41641;roe:1427:9.709e-08@15193","roe:639:9.304e-08@14874"
126,res_roY0,240,1.17017e-05,5.94016e-06,2.19114e-09,1.42666e-05,5.94587e-06,5.311e-08,0,2,1,"roUx:5:2.309e-07@41641;roe:1427:9.709e-08@15193","roe:639:9.304e-08@14874"
126,res_roY0_m,240,0,0,0,0,0,0,0,2,1,"roUx:5:2.309e-07@41641;roe:1427:9.709e-08@15193","roe:639:9.304e-08@14874"
126,res_roY1,240,1.2956e-07,6.57676e-08,3.16767e-11,1.58009e-07,6.58368e-08,1.01652e-09,0,2,1,"roUx:5:2.309e-07@41641;roe:1427:9.709e-08@15193","roe:639:9.304e-08@14874"
126,res_roY1_m,240,0,0,0,0,0,0,0,2,1,"roUx:5:2.309e-07@41641;roe:1427:9.709e-08@15193","roe:639:9.304e-08@14874"
126,res_ro_m,240,0,0,0,0,0,0,0,2,1,"roUx:5:2.309e-07@41641;roe:1427:9.709e-08@15193","roe:639:9.304e-08@14874"
126,res_roe,240,0.190706,0.134445,1.33297e-07,0.236649,0.136382,0.00987351,0,2,1,"roUx:5:2.309e-07@41641;roe:1427:9.709e-08@15193","roe:639:9.304e-08@14874"
126,res_roe_m,240,0,0,0,0,0,0,0,2,1,"roUx:5:2.309e-07@41641;roe:1427:9.709e-08@15193","roe:639:9.304e-08@14874"
127,res_ro,240,1.52221e-05,2.06376e-05,0,1.845e-05,2.064e-05,5.08497e-08,0,2,1,"roUx:11:2.196e-07@41737;roe:1446:9.709e-08@15193","roe:683:9.025e-08@14830"
127,res_roK,240,1.19452e-05,1.43841e-05,3.28336e-09,0.000356383,1.52756e-05,4.03553e-06,0,2,1,"roUx:11:2.196e-07@41737;roe:1446:9.709e-08@15193","roe:683:9.025e-08@14830"
127,res_roK_m,240,0,0,0,0,0,0,0,2,1,"roUx:11:2.196e-07@41737;roe:1446:9.709e-08@15193","roe:683:9.025e-08@14830"
127,res_roOmega,240,286.994,505.216,0.000244193,90655.6,1268.37,921.109,0,2,1,"roUx:11:2.196e-07@41737;roe:1446:9.709e-08@15193","roe:683:9.025e-08@14830"
127,res_roOmega_m,240,0,0,0,0,0,0,0,2,1,"roUx:11:2.196e-07@41737;roe:1446:9.709e-08@15193","roe:683:9.025e-08@14830"
127,res_roUx,240,0.00240196,0.00413341,8.17863e-10,0.00422837,0.00413518,2.95052e-05,0,2,1,"roUx:11:2.196e-07@41737;roe:1446:9.709e-08@15193","roe:683:9.025e-08@14830"
127,res_roUx_m,240,0,0,0,0,0,0,0,2,1,"roUx:11:2.196e-07@41737;roe:1446:9.709e-08@15193","roe:683:9.025e-08@14830"
127,res_roUy,240,0.00142937,0.000670467,4.33324e-11,0.00178336,0.000680847,6.72041e-05,0,2,1,"roUx:11:2.196e-07@41737;roe:1446:9.709e-08@15193","roe:683:9.025e-08@14830"
127,res_roUy_m,240,0,0,0,0,0,0,0,2,1,"roUx:11:2.196e-07@41737;roe:1446:9.709e-08@15193","roe:683:9.025e-08@14830"
127,res_roUz,240,0,0,0,0,0,0,0,2,1,"roUx:11:2.196e-07@41737;roe:1446:9.709e-08@15193","roe:683:9.025e-08@14830"
127,res_roUz_m,240,0,0,0,0,0,0,0,2,1,"roUx:11:2.196e-07@41737;roe:1446:9.709e-08@15193","roe:683:9.025e-08@14830"
127,res_roY0,240,1.07526e-05,1.42318e-05,1.50662e-09,1.48984e-05,1.42353e-05,5.76743e-08,0,2,1,"roUx:11:2.196e-07@41737;roe:1446:9.709e-08@15193","roe:683:9.025e-08@14830"
127,res_roY0_m,240,0,0,0,0,0,0,0,2,1,"roUx:11:2.196e-07@41737;roe:1446:9.709e-08@15193","roe:683:9.025e-08@14830"
127,res_roY1,240,1.19037e-07,1.57564e-07,1.25622e-11,1.64979e-07,1.57604e-07,1.04861e-09,0,2,1,"roUx:11:2.196e-07@41737;roe:1446:9.709e-08@15193","roe:683:9.025e-08@14830"
127,res_roY1_m,240,0,0,0,0,0,0,0,2,1,"roUx:11:2.196e-07@41737;roe:1446:9.709e-08@15193","roe:683:9.025e-08@14830"
127,res_ro_m,240,0,0,0,0,0,0,0,2,1,"roUx:11:2.196e-07@41737;roe:1446:9.709e-08@15193","roe:683:9.025e-08@14830"
127,res_roe,240,0.17646,0.274484,9.61101e-07,0.233955,0.275402,0.0111863,0,2,1,"roUx:11:2.196e-07@41737;roe:1446:9.709e-08@15193","roe:683:9.025e-08@14830"
127,res_roe_m,240,0,0,0,0,0,0,0,2,1,"roUx:11:2.196e-07@41737;roe:1446:9.709e-08@15193","roe:683:9.025e-08@14830"
128,res_ro,240,1.49822e-05,8.11813e-06,4.06778e-12,2.36073e-05,8.12228e-06,4.98993e-08,0,2,1,"roUx:3:1.436e-07@41720;roe:1428:9.709e-08@15193","roe:652:8.937e-08@24161"
128,res_roK,240,1.14921e-05,5.47822e-06,2.8621e-09,0.00035287,7.57216e-06,4.05193e-06,0,2,1,"roUx:3:1.436e-07@41720;roe:1428:9.709e-08@15193","roe:652:8.937e-08@24161"
128,res_roK_m,240,0,0,0,0,0,0,0,2,1,"roUx:3:1.436e-07@41720;roe:1428:9.709e-08@15193","roe:652:8.937e-08@24161"
128,res_roOmega,240,514.652,527.825,0.00201717,99179.3,1138.39,802.088,0,2,1,"roUx:3:1.436e-07@41720;roe:1428:9.709e-08@15193","roe:652:8.937e-08@24161"
128,res_roOmega_m,240,0,0,0,0,0,0,0,2,1,"roUx:3:1.436e-07@41720;roe:1428:9.709e-08@15193","roe:652:8.937e-08@24161"
128,res_roUx,240,0.0024157,0.00155929,8.79591e-10,0.00450219,0.00156268,2.72296e-05,0,2,1,"roUx:3:1.436e-07@41720;roe:1428:9.709e-08@15193","roe:652:8.937e-08@24161"
128,res_roUx_m,240,0,0,0,0,0,0,0,2,1,"roUx:3:1.436e-07@41720;roe:1428:9.709e-08@15193","roe:652:8.937e-08@24161"
128,res_roUy,240,0.00135102,0.000333308,5.54638e-11,0.00168647,0.000351904,6.11714e-05,0,2,1,"roUx:3:1.436e-07@41720;roe:1428:9.709e-08@15193","roe:652:8.937e-08@24161"
128,res_roUy_m,240,0,0,0,0,0,0,0,2,1,"roUx:3:1.436e-07@41720;roe:1428:9.709e-08@15193","roe:652:8.937e-08@24161"
128,res_roUz,240,0,0,0,0,0,0,0,2,1,"roUx:3:1.436e-07@41720;roe:1428:9.709e-08@15193","roe:652:8.937e-08@24161"
128,res_roUz_m,240,0,0,0,0,0,0,0,2,1,"roUx:3:1.436e-07@41720;roe:1428:9.709e-08@15193","roe:652:8.937e-08@24161"
128,res_roY0,240,1.04871e-05,5.4314e-06,3.3768e-09,2.08702e-05,5.43752e-06,5.52316e-08,0,2,1,"roUx:3:1.436e-07@41720;roe:1428:9.709e-08@15193","roe:652:8.937e-08@24161"
128,res_roY0_m,240,0,0,0,0,0,0,0,2,1,"roUx:3:1.436e-07@41720;roe:1428:9.709e-08@15193","roe:652:8.937e-08@24161"
128,res_roY1,240,1.16116e-07,6.01285e-08,4.33003e-11,2.31105e-07,6.02014e-08,1.00349e-09,0,2,1,"roUx:3:1.436e-07@41720;roe:1428:9.709e-08@15193","roe:652:8.937e-08@24161"
128,res_roY1_m,240,0,0,0,0,0,0,0,2,1,"roUx:3:1.436e-07@41720;roe:1428:9.709e-08@15193","roe:652:8.937e-08@24161"
128,res_ro_m,240,0,0,0,0,0,0,0,2,1,"roUx:3:1.436e-07@41720;roe:1428:9.709e-08@15193","roe:652:8.937e-08@24161"
128,res_roe,240,0.191254,0.105063,6.67431e-08,0.294898,0.107718,0.011468,0,2,1,"roUx:3:1.436e-07@41720;roe:1428:9.709e-08@15193","roe:652:8.937e-08@24161"
128,res_roe_m,240,0,0,0,0,0,0,0,2,1,"roUx:3:1.436e-07@41720;roe:1428:9.709e-08@15193","roe:652:8.937e-08@24161"
129,res_ro,240,1.54299e-05,2.12075e-05,0,1.85194e-05,2.12095e-05,4.84779e-08,0,2,1,"roUx:10:2.143e-07@41681;roe:1428:1.169e-07@41706","roe:663:9.034e-08@23681"
129,res_roK,240,1.19021e-05,1.47609e-05,1.41212e-09,0.000347429,1.56842e-05,4.40553e-06,0,2,1,"roUx:10:2.143e-07@41681;roe:1428:1.169e-07@41706","roe:663:9.034e-08@23681"
129,res_roK_m,240,0,0,0,0,0,0,0,2,1,"roUx:10:2.143e-07@41681;roe:1428:1.169e-07@41706","roe:663:9.034e-08@23681"
129,res_roOmega,240,626.111,568.535,0.000138593,49399.1,1247.93,820.742,0,2,1,"roUx:10:2.143e-07@41681;roe:1428:1.169e-07@41706","roe:663:9.034e-08@23681"
129,res_roOmega_m,240,0,0,0,0,0,0,0,2,1,"roUx:10:2.143e-07@41681;roe:1428:1.169e-07@41706","roe:663:9.034e-08@23681"
129,res_roUx,240,0.00245325,0.0042333,1.68686e-11,0.00427559,0.00423466,2.60068e-05,0,2,1,"roUx:10:2.143e-07@41681;roe:1428:1.169e-07@41706","roe:663:9.034e-08@23681"
129,res_roUx_m,240,0,0,0,0,0,0,0,2,1,"roUx:10:2.143e-07@41681;roe:1428:1.169e-07@41706","roe:663:9.034e-08@23681"
129,res_roUy,240,0.00142156,0.000770063,1.24621e-11,0.00209942,0.000777432,5.81411e-05,0,2,1,"roUx:10:2.143e-07@41681;roe:1428:1.169e-07@41706","roe:663:9.034e-08@23681"
129,res_roUy_m,240,0,0,0,0,0,0,0,2,1,"roUx:10:2.143e-07@41681;roe:1428:1.169e-07@41706","roe:663:9.034e-08@23681"
129,res_roUz,240,0,0,0,0,0,0,0,2,1,"roUx:10:2.143e-07@41681;roe:1428:1.169e-07@41706","roe:663:9.034e-08@23681"
129,res_roUz_m,240,0,0,0,0,0,0,0,2,1,"roUx:10:2.143e-07@41681;roe:1428:1.169e-07@41706","roe:663:9.034e-08@23681"
129,res_roY0,240,1.07873e-05,1.46058e-05,2.37599e-09,1.47981e-05,1.46087e-05,5.5366e-08,0,2,1,"roUx:10:2.143e-07@41681;roe:1428:1.169e-07@41706","roe:663:9.034e-08@23681"
129,res_roY0_m,240,0,0,0,0,0,0,0,2,1,"roUx:10:2.143e-07@41681;roe:1428:1.169e-07@41706","roe:663:9.034e-08@23681"
129,res_roY1,240,1.19427e-07,1.61705e-07,2.56878e-11,1.63917e-07,1.61738e-07,9.76943e-10,0,2,1,"roUx:10:2.143e-07@41681;roe:1428:1.169e-07@41706","roe:663:9.034e-08@23681"
129,res_roY1_m,240,0,0,0,0,0,0,0,2,1,"roUx:10:2.143e-07@41681;roe:1428:1.169e-07@41706","roe:663:9.034e-08@23681"
129,res_ro_m,240,0,0,0,0,0,0,0,2,1,"roUx:10:2.143e-07@41681;roe:1428:1.169e-07@41706","roe:663:9.034e-08@23681"
129,res_roe,240,0.1905,0.287023,5.30983e-06,0.23555,0.287977,0.0104529,0,2,1,"roUx:10:2.143e-07@41681;roe:1428:1.169e-07@41706","roe:663:9.034e-08@23681"
129,res_roe_m,240,0,0,0,0,0,0,0,2,1,"roUx:10:2.143e-07@41681;roe:1428:1.169e-07@41706","roe:663:9.034e-08@23681"
130,res_ro,240,1.5939e-05,8.32428e-06,4.06738e-12,1.84765e-05,8.3275e-06,5.01128e-08,0,2,1,"roUx:8:1.463e-07@41734;roe:1422:1.169e-07@41706","roe:638:9.022e-08@14829"
130,res_roK,240,1.22919e-05,5.77081e-06,8.44917e-10,0.000344935,7.87108e-06,4.25209e-06,0,2,1,"roUx:8:1.463e-07@41734;roe:1422:1.169e-07@41706","roe:638:9.022e-08@14829"
130,res_roK_m,240,0,0,0,0,0,0,0,2,1,"roUx:8:1.463e-07@41734;roe:1422:1.169e-07@41706","roe:638:9.022e-08@14829"
130,res_roOmega,240,697.903,618.577,0.000488603,28870.6,1128.69,770.748,0,2,1,"roUx:8:1.463e-07@41734;roe:1422:1.169e-07@41706","roe:638:9.022e-08@14829"
130,res_roOmega_m,240,0,0,0,0,0,0,0,2,1,"roUx:8:1.463e-07@41734;roe:1422:1.169e-07@41706","roe:638:9.022e-08@14829"
130,res_roUx,240,0.00254394,0.00156323,2.37326e-08,0.00381822,0.00156589,2.73894e-05,0,2,1,"roUx:8:1.463e-07@41734;roe:1422:1.169e-07@41706","roe:638:9.022e-08@14829"
130,res_roUx_m,240,0,0,0,0,0,0,0,2,1,"roUx:8:1.463e-07@41734;roe:1422:1.169e-07@41706","roe:638:9.022e-08@14829"
130,res_roUy,240,0.00134262,0.000290518,2.98056e-06,0.00165258,0.000312394,5.90357e-05,0,2,1,"roUx:8:1.463e-07@41734;roe:1422:1.169e-07@41706","roe:638:9.022e-08@14829"
130,res_roUy_m,240,0,0,0,0,0,0,0,2,1,"roUx:8:1.463e-07@41734;roe:1422:1.169e-07@41706","roe:638:9.022e-08@14829"
130,res_roUz,240,0,0,0,0,0,0,0,2,1,"roUx:8:1.463e-07@41734;roe:1422:1.169e-07@41706","roe:638:9.022e-08@14829"
130,res_roUz_m,240,0,0,0,0,0,0,0,2,1,"roUx:8:1.463e-07@41734;roe:1422:1.169e-07@41706","roe:638:9.022e-08@14829"
130,res_roY0,240,1.11645e-05,5.72994e-06,3.62564e-10,1.44939e-05,5.7346e-06,5.76909e-08,0,2,1,"roUx:8:1.463e-07@41734;roe:1422:1.169e-07@41706","roe:638:9.022e-08@14829"
130,res_roY0_m,240,0,0,0,0,0,0,0,2,1,"roUx:8:1.463e-07@41734;roe:1422:1.169e-07@41706","roe:638:9.022e-08@14829"
130,res_roY1,240,1.23601e-07,6.34373e-08,9.5022e-12,1.60521e-07,6.34944e-08,1.05002e-09,0,2,1,"roUx:8:1.463e-07@41734;roe:1422:1.169e-07@41706","roe:638:9.022e-08@14829"
130,res_roY1_m,240,0,0,0,0,0,0,0,2,1,"roUx:8:1.463e-07@41734;roe:1422:1.169e-07@41706","roe:638:9.022e-08@14829"
130,res_ro_m,240,0,0,0,0,0,0,0,2,1,"roUx:8:1.463e-07@41734;roe:1422:1.169e-07@41706","roe:638:9.022e-08@14829"
130,res_roe,240,0.190705,0.124703,2.70151e-06,0.25118,0.126764,0.0111239,0,2,1,"roUx:8:1.463e-07@41734;roe:1422:1.169e-07@41706","roe:638:9.022e-08@14829"
130,res_roe_m,240,0,0,0,0,0,0,0,2,1,"roUx:8:1.463e-07@41734;roe:1422:1.169e-07@41706","roe:638:9.022e-08@14829"
131,res_ro,240,1.48443e-05,2.08617e-05,0,1.75914e-05,2.08637e-05,5.00664e-08,0,5,1,"ro:1:8.689e-08@41737;roUx:9:2.927e-07@41661;roY0:1:8.786e-08@41737;roY1:1:6.200e-08@41737;roe:1453:1.169e-07@41737","roe:635:9.291e-08@24316"
131,res_roK,240,1.15988e-05,1.45426e-05,2.06313e-09,0.000343101,1.53673e-05,3.99486e-06,0,5,1,"ro:1:8.689e-08@41737;roUx:9:2.927e-07@41661;roY0:1:8.786e-08@41737;roY1:1:6.200e-08@41737;roe:1453:1.169e-07@41737","roe:635:9.291e-08@24316"
131,res_roK_m,240,0,0,0,0,0,0,0,5,1,"ro:1:8.689e-08@41737;roUx:9:2.927e-07@41661;roY0:1:8.786e-08@41737;roY1:1:6.200e-08@41737;roe:1453:1.169e-07@41737","roe:635:9.291e-08@24316"
131,res_roOmega,240,631.542,620.988,3.03064e-06,73089.4,1132.66,711.264,0,5,1,"ro:1:8.689e-08@41737;roUx:9:2.927e-07@41661;roY0:1:8.786e-08@41737;roY1:1:6.200e-08@41737;roe:1453:1.169e-07@41737","roe:635:9.291e-08@24316"
131,res_roOmega_m,240,0,0,0,0,0,0,0,5,1,"ro:1:8.689e-08@41737;roUx:9:2.927e-07@41661;roY0:1:8.786e-08@41737;roY1:1:6.200e-08@41737;roe:1453:1.169e-07@41737","roe:635:9.291e-08@24316"
131,res_roUx,240,0.00241127,0.00418046,4.1297e-11,0.00381849,0.00418175,2.97877e-05,0,5,1,"ro:1:8.689e-08@41737;roUx:9:2.927e-07@41661;roY0:1:8.786e-08@41737;roY1:1:6.200e-08@41737;roe:1453:1.169e-07@41737","roe:635:9.291e-08@24316"
131,res_roUx_m,240,0,0,0,0,0,0,0,5,1,"ro:1:8.689e-08@41737;roUx:9:2.927e-07@41661;roY0:1:8.786e-08@41737;roY1:1:6.200e-08@41737;roe:1453:1.169e-07@41737","roe:635:9.291e-08@24316"
131,res_roUy,240,0.00152905,0.000707279,4.98669e-12,0.00186576,0.00071708,6.52646e-05,0,5,1,"ro:1:8.689e-08@41737;roUx:9:2.927e-07@41661;roY0:1:8.786e-08@41737;roY1:1:6.200e-08@41737;roe:1453:1.169e-07@41737","roe:635:9.291e-08@24316"
131,res_roUy_m,240,0,0,0,0,0,0,0,5,1,"ro:1:8.689e-08@41737;roUx:9:2.927e-07@41661;roY0:1:8.786e-08@41737;roY1:1:6.200e-08@41737;roe:1453:1.169e-07@41737","roe:635:9.291e-08@24316"
131,res_roUz,240,0,0,0,0,0,0,0,5,1,"ro:1:8.689e-08@41737;roUx:9:2.927e-07@41661;roY0:1:8.786e-08@41737;roY1:1:6.200e-08@41737;roe:1453:1.169e-07@41737","roe:635:9.291e-08@24316"
131,res_roUz_m,240,0,0,0,0,0,0,0,5,1,"ro:1:8.689e-08@41737;roUx:9:2.927e-07@41661;roY0:1:8.786e-08@41737;roY1:1:6.200e-08@41737;roe:1453:1.169e-07@41737","roe:635:9.291e-08@24316"
131,res_roY0,240,1.04735e-05,1.43902e-05,2.90903e-09,1.40303e-05,1.4393e-05,5.40123e-08,0,5,1,"ro:1:8.689e-08@41737;roUx:9:2.927e-07@41661;roY0:1:8.786e-08@41737;roY1:1:6.200e-08@41737;roe:1453:1.169e-07@41737","roe:635:9.291e-08@24316"
131,res_roY0_m,240,0,0,0,0,0,0,0,5,1,"ro:1:8.689e-08@41737;roUx:9:2.927e-07@41661;roY0:1:8.786e-08@41737;roY1:1:6.200e-08@41737;roe:1453:1.169e-07@41737","roe:635:9.291e-08@24316"
131,res_roY1,240,1.15958e-07,1.59317e-07,4.76268e-11,1.55372e-07,1.5935e-07,1.01539e-09,0,5,1,"ro:1:8.689e-08@41737;roUx:9:2.927e-07@41661;roY0:1:8.786e-08@41737;roY1:1:6.200e-08@41737;roe:1453:1.169e-07@41737","roe:635:9.291e-08@24316"
131,res_roY1_m,240,0,0,0,0,0,0,0,5,1,"ro:1:8.689e-08@41737;roUx:9:2.927e-07@41661;roY0:1:8.786e-08@41737;roY1:1:6.200e-08@41737;roe:1453:1.169e-07@41737","roe:635:9.291e-08@24316"
131,res_ro_m,240,0,0,0,0,0,0,0,5,1,"ro:1:8.689e-08@41737;roUx:9:2.927e-07@41661;roY0:1:8.786e-08@41737;roY1:1:6.200e-08@41737;roe:1453:1.169e-07@41737","roe:635:9.291e-08@24316"
131,res_roe,240,0.200018,0.298075,1.07898e-05,0.247601,0.298979,0.0106449,0,5,1,"ro:1:8.689e-08@41737;roUx:9:2.927e-07@41661;roY0:1:8.786e-08@41737;roY1:1:6.200e-08@41737;roe:1453:1.169e-07@41737","roe:635:9.291e-08@24316"
131,res_roe_m,240,0,0,0,0,0,0,0,5,1,"ro:1:8.689e-08@41737;roUx:9:2.927e-07@41661;roY0:1:8.786e-08@41737;roY1:1:6.200e-08@41737;roe:1453:1.169e-07@41737","roe:635:9.291e-08@24316"
132,res_ro,240,1.47053e-05,8.66394e-06,0,1.81979e-05,8.66693e-06,4.97206e-08,0,2,1,"roUx:7:2.137e-07@41713;roe:1448:9.460e-08@24861","roe:668:8.965e-08@23564"
132,res_roK,240,1.1986e-05,6.07557e-06,1.84206e-09,0.000339599,7.9418e-06,4.29225e-06,0,2,1,"roUx:7:2.137e-07@41713;roe:1448:9.460e-08@24861","roe:668:8.965e-08@23564"
132,res_roK_m,240,0,0,0,0,0,0,0,2,1,"roUx:7:2.137e-07@41713;roe:1448:9.460e-08@24861","roe:668:8.965e-08@23564"
132,res_roOmega,240,469.693,649.359,3.2325e-06,69370.9,1199.34,726.301,0,2,1,"roUx:7:2.137e-07@41713;roe:1448:9.460e-08@24861","roe:668:8.965e-08@23564"
132,res_roOmega_m,240,0,0,0,0,0,0,0,2,1,"roUx:7:2.137e-07@41713;roe:1448:9.460e-08@24861","roe:668:8.965e-08@23564"
132,res_roUx,240,0.00229253,0.00166604,7.18425e-10,0.00420705,0.00166813,2.81999e-05,0,2,1,"roUx:7:2.137e-07@41713;roe:1448:9.460e-08@24861","roe:668:8.965e-08@23564"
132,res_roUx_m,240,0,0,0,0,0,0,0,2,1,"roUx:7:2.137e-07@41713;roe:1448:9.460e-08@24861","roe:668:8.965e-08@23564"
132,res_roUy,240,0.00144792,0.00022292,2.44762e-11,0.00171201,0.000250298,5.65347e-05,0,2,1,"roUx:7:2.137e-07@41713;roe:1448:9.460e-08@24861","roe:668:8.965e-08@23564"
132,res_roUy_m,240,0,0,0,0,0,0,0,2,1,"roUx:7:2.137e-07@41713;roe:1448:9.460e-08@24861","roe:668:8.965e-08@23564"
132,res_roUz,240,0,0,0,0,0,0,0,2,1,"roUx:7:2.137e-07@41713;roe:1448:9.460e-08@24861","roe:668:8.965e-08@23564"
132,res_roUz_m,240,0,0,0,0,0,0,0,2,1,"roUx:7:2.137e-07@41713;roe:1448:9.460e-08@24861","roe:668:8.965e-08@23564"
132,res_roY0,240,1.03926e-05,6.03207e-06,1.94581e-09,1.48467e-05,6.03634e-06,5.61716e-08,0,2,1,"roUx:7:2.137e-07@41713;roe:1448:9.460e-08@24861","roe:668:8.965e-08@23564"
132,res_roY0_m,240,0,0,0,0,0,0,0,2,1,"roUx:7:2.137e-07@41713;roe:1448:9.460e-08@24861","roe:668:8.965e-08@23564"
132,res_roY1,240,1.15065e-07,6.67838e-08,2.86042e-11,1.64423e-07,6.6836e-08,1.00529e-09,0,2,1,"roUx:7:2.137e-07@41713;roe:1448:9.460e-08@24861","roe:668:8.965e-08@23564"
132,res_roY1_m,240,0,0,0,0,0,0,0,2,1,"roUx:7:2.137e-07@41713;roe:1448:9.460e-08@24861","roe:668:8.965e-08@23564"
132,res_ro_m,240,0,0,0,0,0,0,0,2,1,"roUx:7:2.137e-07@41713;roe:1448:9.460e-08@24861","roe:668:8.965e-08@23564"
132,res_roe,240,0.180972,0.128109,1.26609e-05,0.247817,0.129949,0.00913395,0,2,1,"roUx:7:2.137e-07@41713;roe:1448:9.460e-08@24861","roe:668:8.965e-08@23564"
132,res_roe_m,240,0,0,0,0,0,0,0,2,1,"roUx:7:2.137e-07@41713;roe:1448:9.460e-08@24861","roe:668:8.965e-08@23564"
133,res_ro,240,1.54696e-05,2.05803e-05,7.49994e-12,1.73496e-05,2.05823e-05,4.71403e-08,0,2,1,"roUx:9:2.925e-07@41733;roe:1456:9.494e-08@25139","roe:659:9.000e-08@14833"
133,res_roK,240,1.23728e-05,1.43872e-05,8.66829e-10,0.000337231,1.52889e-05,4.28671e-06,0,2,1,"roUx:9:2.925e-07@41733;roe:1456:9.494e-08@25139","roe:659:9.000e-08@14833"
133,res_roK_m,240,0,0,0,0,0,0,0,2,1,"roUx:9:2.925e-07@41733;roe:1456:9.494e-08@25139","roe:659:9.000e-08@14833"
133,res_roOmega,240,236.458,620.747,0.00198741,84910.4,1080.16,683.389,0,2,1,"roUx:9:2.925e-07@41733;roe:1456:9.494e-08@25139","roe:659:9.000e-08@14833"
133,res_roOmega_m,240,0,0,0,0,0,0,0,2,1,"roUx:9:2.925e-07@41733;roe:1456:9.494e-08@25139","roe:659:9.000e-08@14833"
133,res_roUx,240,0.00239613,0.00406477,2.4759e-08,0.0041198,0.00406616,2.78953e-05,0,2,1,"roUx:9:2.925e-07@41733;roe:1456:9.494e-08@25139","roe:659:9.000e-08@14833"
133,res_roUx_m,240,0,0,0,0,0,0,0,2,1,"roUx:9:2.925e-07@41733;roe:1456:9.494e-08@25139","roe:659:9.000e-08@14833"
133,res_roUy,240,0.00146032,0.000600763,3.06475e-06,0.00176828,0.00061266,6.42513e-05,0,2,1,"roUx:9:2.925e-07@41733;roe:1456:9.494e-08@25139","roe:659:9.000e-08@14833"
133,res_roUy_m,240,0,0,0,0,0,0,0,2,1,"roUx:9:2.925e-07@41733;roe:1456:9.494e-08@25139","roe:659:9.000e-08@14833"
133,res_roUz,240,0,0,0,0,0,0,0,2,1,"roUx:9:2.925e-07@41733;roe:1456:9.494e-08@25139","roe:659:9.000e-08@14833"
133,res_roUz_m,240,0,0,0,0,0,0,0,2,1,"roUx:9:2.925e-07@41733;roe:1456:9.494e-08@25139","roe:659:9.000e-08@14833"
133,res_roY0,240,1.08461e-05,1.42373e-05,2.52189e-09,1.33439e-05,1.42402e-05,5.36887e-08,0,2,1,"roUx:9:2.925e-07@41733;roe:1456:9.494e-08@25139","roe:659:9.000e-08@14833"
133,res_roY0_m,240,0,0,0,0,0,0,0,2,1,"roUx:9:2.925e-07@41733;roe:1456:9.494e-08@25139","roe:659:9.000e-08@14833"
133,res_roY1,240,1.20079e-07,1.57627e-07,5.02599e-11,1.47764e-07,1.57661e-07,1.01957e-09,0,2,1,"roUx:9:2.925e-07@41733;roe:1456:9.494e-08@25139","roe:659:9.000e-08@14833"
133,res_roY1_m,240,0,0,0,0,0,0,0,2,1,"roUx:9:2.925e-07@41733;roe:1456:9.494e-08@25139","roe:659:9.000e-08@14833"
133,res_ro_m,240,0,0,0,0,0,0,0,2,1,"roUx:9:2.925e-07@41733;roe:1456:9.494e-08@25139","roe:659:9.000e-08@14833"
133,res_roe,240,0.178223,0.263954,1.11375e-05,0.236191,0.264965,0.0100353,0,2,1,"roUx:9:2.925e-07@41733;roe:1456:9.494e-08@25139","roe:659:9.000e-08@14833"
133,res_roe_m,240,0,0,0,0,0,0,0,2,1,"roUx:9:2.925e-07@41733;roe:1456:9.494e-08@25139","roe:659:9.000e-08@14833"
134,res_ro,240,1.67453e-05,1.17292e-05,0,2.07585e-05,1.17329e-05,4.70615e-08,0,2,1,"roUx:6:2.195e-07@41662;roe:1430:9.628e-08@25929","roe:649:9.304e-08@14874"
134,res_roK,240,1.2798e-05,8.0619e-06,2.58705e-09,0.000335036,9.50939e-06,4.03762e-06,0,2,1,"roUx:6:2.195e-07@41662;roe:1430:9.628e-08@25929","roe:649:9.304e-08@14874"
134,res_roK_m,240,0,0,0,0,0,0,0,2,1,"roUx:6:2.195e-07@41662;roe:1430:9.628e-08@25929","roe:649:9.304e-08@14874"
134,res_roOmega,240,39.4553,593.35,4.85442e-06,60970.4,1062.02,771.556,0,2,1,"roUx:6:2.195e-07@41662;roe:1430:9.628e-08@25929","roe:649:9.304e-08@14874"
134,res_roOmega_m,240,0,0,0,0,0,0,0,2,1,"roUx:6:2.195e-07@41662;roe:1430:9.628e-08@25929","roe:649:9.304e-08@14874"
134,res_roUx,240,0.00272986,0.00225795,2.43723e-10,0.00468709,0.00226092,3.74317e-05,0,2,1,"roUx:6:2.195e-07@41662;roe:1430:9.628e-08@25929","roe:649:9.304e-08@14874"
134,res_roUx_m,240,0,0,0,0,0,0,0,2,1,"roUx:6:2.195e-07@41662;roe:1430:9.628e-08@25929","roe:649:9.304e-08@14874"
134,res_roUy,240,0.00166828,0.000404645,3.83204e-11,0.00190897,0.000429803,0.000103112,0,2,1,"roUx:6:2.195e-07@41662;roe:1430:9.628e-08@25929","roe:649:9.304e-08@14874"
134,res_roUy_m,240,0,0,0,0,0,0,0,2,1,"roUx:6:2.195e-07@41662;roe:1430:9.628e-08@25929","roe:649:9.304e-08@14874"
134,res_roUz,240,0,0,0,0,0,0,0,2,1,"roUx:6:2.195e-07@41662;roe:1430:9.628e-08@25929","roe:649:9.304e-08@14874"
134,res_roUz_m,240,0,0,0,0,0,0,0,2,1,"roUx:6:2.195e-07@41662;roe:1430:9.628e-08@25929","roe:649:9.304e-08@14874"
134,res_roY0,240,1.15931e-05,7.98846e-06,2.05717e-09,1.67824e-05,7.99386e-06,5.32905e-08,0,2,1,"roUx:6:2.195e-07@41662;roe:1430:9.628e-08@25929","roe:649:9.304e-08@14874"
134,res_roY0_m,240,0,0,0,0,0,0,0,2,1,"roUx:6:2.195e-07@41662;roe:1430:9.628e-08@25929","roe:649:9.304e-08@14874"
134,res_roY1,240,1.28355e-07,8.84427e-08,2.43223e-11,1.85846e-07,8.8506e-08,1.01769e-09,0,2,1,"roUx:6:2.195e-07@41662;roe:1430:9.628e-08@25929","roe:649:9.304e-08@14874"
134,res_roY1_m,240,0,0,0,0,0,0,0,2,1,"roUx:6:2.195e-07@41662;roe:1430:9.628e-08@25929","roe:649:9.304e-08@14874"
134,res_ro_m,240,0,0,0,0,0,0,0,2,1,"roUx:6:2.195e-07@41662;roe:1430:9.628e-08@25929","roe:649:9.304e-08@14874"
134,res_roe,240,0.185451,0.128372,5.80097e-06,0.244483,0.130224,0.0101191,0,2,1,"roUx:6:2.195e-07@41662;roe:1430:9.628e-08@25929","roe:649:9.304e-08@14874"
134,res_roe_m,240,0,0,0,0,0,0,0,2,1,"roUx:6:2.195e-07@41662;roe:1430:9.628e-08@25929","roe:649:9.304e-08@14874"
135,res_ro,240,1.69253e-05,2.19623e-05,1.81921e-12,1.89218e-05,2.19652e-05,4.72377e-08,0,2,1,"roUx:5:2.127e-07@41706;roe:1440:1.169e-07@41731","roe:626:9.304e-08@14874"
135,res_roK,240,1.32122e-05,1.54094e-05,1.51978e-09,0.000330979,1.61753e-05,4.03907e-06,0,2,1,"roUx:5:2.127e-07@41706;roe:1440:1.169e-07@41731","roe:626:9.304e-08@14874"
135,res_roK_m,240,0,0,0,0,0,0,0,2,1,"roUx:5:2.127e-07@41706;roe:1440:1.169e-07@41731","roe:626:9.304e-08@14874"
135,res_roOmega,240,148.02,561.275,4.11016e-06,46829.4,1105.58,727.67,0,2,1,"roUx:5:2.127e-07@41706;roe:1440:1.169e-07@41731","roe:626:9.304e-08@14874"
135,res_roOmega_m,240,0,0,0,0,0,0,0,2,1,"roUx:5:2.127e-07@41706;roe:1440:1.169e-07@41731","roe:626:9.304e-08@14874"
135,res_roUx,240,0.00270037,0.00438916,1.87411e-08,0.00447521,0.00439118,2.82912e-05,0,2,1,"roUx:5:2.127e-07@41706;roe:1440:1.169e-07@41731","roe:626:9.304e-08@14874"
135,res_roUx_m,240,0,0,0,0,0,0,0,2,1,"roUx:5:2.127e-07@41706;roe:1440:1.169e-07@41731","roe:626:9.304e-08@14874"
135,res_roUy,240,0.00170416,0.000825168,3.09074e-06,0.0018655,0.000836269,5.79636e-05,0,2,1,"roUx:5:2.127e-07@41706;roe:1440:1.169e-07@41731","roe:626:9.304e-08@14874"
135,res_roUy_m,240,0,0,0,0,0,0,0,2,1,"roUx:5:2.127e-07@41706;roe:1440:1.169e-07@41731","roe:626:9.304e-08@14874"
135,res_roUz,240,0,0,0,0,0,0,0,2,1,"roUx:5:2.127e-07@41706;roe:1440:1.169e-07@41731","roe:626:9.304e-08@14874"
135,res_roUz_m,240,0,0,0,0,0,0,0,2,1,"roUx:5:2.127e-07@41706;roe:1440:1.169e-07@41731","roe:626:9.304e-08@14874"
135,res_roY0,240,1.19448e-05,1.5247e-05,2.18504e-09,1.45836e-05,1.5251e-05,5.41234e-08,0,2,1,"roUx:5:2.127e-07@41706;roe:1440:1.169e-07@41731","roe:626:9.304e-08@14874"
135,res_roY0_m,240,0,0,0,0,0,0,0,2,1,"roUx:5:2.127e-07@41706;roe:1440:1.169e-07@41731","roe:626:9.304e-08@14874"
135,res_roY1,240,1.32242e-07,1.68805e-07,2.28343e-11,1.61519e-07,1.68851e-07,1.00187e-09,0,2,1,"roUx:5:2.127e-07@41706;roe:1440:1.169e-07@41731","roe:626:9.304e-08@14874"
135,res_roY1_m,240,0,0,0,0,0,0,0,2,1,"roUx:5:2.127e-07@41706;roe:1440:1.169e-07@41731","roe:626:9.304e-08@14874"
135,res_ro_m,240,0,0,0,0,0,0,0,2,1,"roUx:5:2.127e-07@41706;roe:1440:1.169e-07@41731","roe:626:9.304e-08@14874"
135,res_roe,240,0.195449,0.292483,4.30193e-06,0.242311,0.293332,0.0101716,0,2,1,"roUx:5:2.127e-07@41706;roe:1440:1.169e-07@41731","roe:626:9.304e-08@14874"
135,res_roe_m,240,0,0,0,0,0,0,0,2,1,"roUx:5:2.127e-07@41706;roe:1440:1.169e-07@41731","roe:626:9.304e-08@14874"
136,res_ro,240,1.5766e-05,7.27878e-06,4.58286e-13,1.99156e-05,7.28527e-06,5.16613e-08,0,2,1,"roUx:13:2.174e-07@41725;roe:1410:1.169e-07@41706","roe:603:9.022e-08@14760"
136,res_roK,240,1.24619e-05,5.12392e-06,5.68803e-10,0.000327573,7.21774e-06,4.31732e-06,0,2,1,"roUx:13:2.174e-07@41725;roe:1410:1.169e-07@41706","roe:603:9.022e-08@14760"
136,res_roK_m,240,0,0,0,0,0,0,0,2,1,"roUx:13:2.174e-07@41725;roe:1410:1.169e-07@41706","roe:603:9.022e-08@14760"
136,res_roOmega,240,284.982,541.957,3.1798e-05,47894.9,1194.18,711.186,0,2,1,"roUx:13:2.174e-07@41725;roe:1410:1.169e-07@41706","roe:603:9.022e-08@14760"
136,res_roOmega_m,240,0,0,0,0,0,0,0,2,1,"roUx:13:2.174e-07@41725;roe:1410:1.169e-07@41706","roe:603:9.022e-08@14760"
136,res_roUx,240,0.00247393,0.00141868,2.88912e-08,0.00452053,0.0014233,3.17113e-05,0,2,1,"roUx:13:2.174e-07@41725;roe:1410:1.169e-07@41706","roe:603:9.022e-08@14760"
136,res_roUx_m,240,0,0,0,0,0,0,0,2,1,"roUx:13:2.174e-07@41725;roe:1410:1.169e-07@41706","roe:603:9.022e-08@14760"
136,res_roUy,240,0.00137158,0.000264358,3.08092e-06,0.00165065,0.000288625,6.68168e-05,0,2,1,"roUx:13:2.174e-07@41725;roe:1410:1.169e-07@41706","roe:603:9.022e-08@14760"
136,res_roUy_m,240,0,0,0,0,0,0,0,2,1,"roUx:13:2.174e-07@41725;roe:1410:1.169e-07@41706","roe:603:9.022e-08@14760"
136,res_roUz,240,0,0,0,0,0,0,0,2,1,"roUx:13:2.174e-07@41725;roe:1410:1.169e-07@41706","roe:603:9.022e-08@14760"
136,res_roUz_m,240,0,0,0,0,0,0,0,2,1,"roUx:13:2.174e-07@41725;roe:1410:1.169e-07@41706","roe:603:9.022e-08@14760"
136,res_roY0,240,1.11699e-05,5.08913e-06,2.73471e-09,1.64195e-05,5.09832e-06,5.71299e-08,0,2,1,"roUx:13:2.174e-07@41725;roe:1410:1.169e-07@41706","roe:603:9.022e-08@14760"
136,res_roY0_m,240,0,0,0,0,0,0,0,2,1,"roUx:13:2.174e-07@41725;roe:1410:1.169e-07@41706","roe:603:9.022e-08@14760"
136,res_roY1,240,1.23657e-07,5.63446e-08,3.51055e-11,1.81827e-07,5.64515e-08,9.69173e-10,0,2,1,"roUx:13:2.174e-07@41725;roe:1410:1.169e-07@41706","roe:603:9.022e-08@14760"
136,res_roY1_m,240,0,0,0,0,0,0,0,2,1,"roUx:13:2.174e-07@41725;roe:1410:1.169e-07@41706","roe:603:9.022e-08@14760"
136,res_ro_m,240,0,0,0,0,0,0,0,2,1,"roUx:13:2.174e-07@41725;roe:1410:1.169e-07@41706","roe:603:9.022e-08@14760"
136,res_roe,240,0.181959,0.121428,1.34871e-06,0.250205,0.123329,0.0091234,0,2,1,"roUx:13:2.174e-07@41725;roe:1410:1.169e-07@41706","roe:603:9.022e-08@14760"
136,res_roe_m,240,0,0,0,0,0,0,0,2,1,"roUx:13:2.174e-07@41725;roe:1410:1.169e-07@41706","roe:603:9.022e-08@14760"
137,res_ro,240,1.31723e-05,1.86323e-05,5.82077e-11,1.69085e-05,1.86356e-05,5.06306e-08,0,2,1,"roUx:9:2.759e-07@41645;roe:1427:9.889e-08@15108","roe:615:9.022e-08@14760"
137,res_roK,240,1.02788e-05,1.29803e-05,3.92683e-09,0.000325291,1.39102e-05,4.08424e-06,0,2,1,"roUx:9:2.759e-07@41645;roe:1427:9.889e-08@15108","roe:615:9.022e-08@14760"
137,res_roK_m,240,0,0,0,0,0,0,0,2,1,"roUx:9:2.759e-07@41645;roe:1427:9.889e-08@15108","roe:615:9.022e-08@14760"
137,res_roOmega,240,397.945,514.534,0.000122143,85115.7,1159.93,757.016,0,2,1,"roUx:9:2.759e-07@41645;roe:1427:9.889e-08@15108","roe:615:9.022e-08@14760"
137,res_roOmega_m,240,0,0,0,0,0,0,0,2,1,"roUx:9:2.759e-07@41645;roe:1427:9.889e-08@15108","roe:615:9.022e-08@14760"
137,res_roUx,240,0.00206071,0.00372477,1.49398e-09,0.0046507,0.00372691,3.65154e-05,0,2,1,"roUx:9:2.759e-07@41645;roe:1427:9.889e-08@15108","roe:615:9.022e-08@14760"
137,res_roUx_m,240,0,0,0,0,0,0,0,2,1,"roUx:9:2.759e-07@41645;roe:1427:9.889e-08@15108","roe:615:9.022e-08@14760"
137,res_roUy,240,0.00151848,0.000602722,5.86836e-11,0.00172915,0.000617251,0.000101281,0,2,1,"roUx:9:2.759e-07@41645;roe:1427:9.889e-08@15108","roe:615:9.022e-08@14760"
137,res_roUy_m,240,0,0,0,0,0,0,0,2,1,"roUx:9:2.759e-07@41645;roe:1427:9.889e-08@15108","roe:615:9.022e-08@14760"
137,res_roUz,240,0,0,0,0,0,0,0,2,1,"roUx:9:2.759e-07@41645;roe:1427:9.889e-08@15108","roe:615:9.022e-08@14760"
137,res_roUz_m,240,0,0,0,0,0,0,0,2,1,"roUx:9:2.759e-07@41645;roe:1427:9.889e-08@15108","roe:615:9.022e-08@14760"
137,res_roY0,240,9.12343e-06,1.28434e-05,3.01595e-09,1.38992e-05,1.2848e-05,5.49931e-08,0,2,1,"roUx:9:2.759e-07@41645;roe:1427:9.889e-08@15108","roe:615:9.022e-08@14760"
137,res_roY0_m,240,0,0,0,0,0,0,0,2,1,"roUx:9:2.759e-07@41645;roe:1427:9.889e-08@15108","roe:615:9.022e-08@14760"
137,res_roY1,240,1.01018e-07,1.42194e-07,5.26183e-11,1.53986e-07,1.42248e-07,1.01903e-09,0,2,1,"roUx:9:2.759e-07@41645;roe:1427:9.889e-08@15108","roe:615:9.022e-08@14760"
137,res_roY1_m,240,0,0,0,0,0,0,0,2,1,"roUx:9:2.759e-07@41645;roe:1427:9.889e-08@15108","roe:615:9.022e-08@14760"
137,res_ro_m,240,0,0,0,0,0,0,0,2,1,"roUx:9:2.759e-07@41645;roe:1427:9.889e-08@15108","roe:615:9.022e-08@14760"
137,res_roe,240,0.16624,0.2566,8.25932e-06,0.239767,0.257713,0.010584,0,2,1,"roUx:9:2.759e-07@41645;roe:1427:9.889e-08@15108","roe:615:9.022e-08@14760"
137,res_roe_m,240,0,0,0,0,0,0,0,2,1,"roUx:9:2.759e-07@41645;roe:1427:9.889e-08@15108","roe:615:9.022e-08@14760"
138,res_ro,240,1.24003e-05,1.27345e-05,8.35026e-12,1.59408e-05,1.27389e-05,5.11316e-08,0,2,1,"roUx:4:2.127e-07@41706;roe:1440:9.889e-08@15108","roe:643:9.022e-08@14760"
138,res_roK,240,9.78457e-06,8.95633e-06,3.0677e-09,0.000322448,1.03581e-05,3.94502e-06,0,2,1,"roUx:4:2.127e-07@41706;roe:1440:9.889e-08@15108","roe:643:9.022e-08@14760"
138,res_roK_m,240,0,0,0,0,0,0,0,2,1,"roUx:4:2.127e-07@41706;roe:1440:9.889e-08@15108","roe:643:9.022e-08@14760"
138,res_roOmega,240,401.771,520.849,0.000122131,57336.8,1069.63,696.225,0,2,1,"roUx:4:2.127e-07@41706;roe:1440:9.889e-08@15108","roe:643:9.022e-08@14760"
138,res_roOmega_m,240,0,0,0,0,0,0,0,2,1,"roUx:4:2.127e-07@41706;roe:1440:9.889e-08@15108","roe:643:9.022e-08@14760"
138,res_roUx,240,0.00194336,0.00243998,2.561e-08,0.00467883,0.00244283,2.85913e-05,0,2,1,"roUx:4:2.127e-07@41706;roe:1440:9.889e-08@15108","roe:643:9.022e-08@14760"
138,res_roUx_m,240,0,0,0,0,0,0,0,2,1,"roUx:4:2.127e-07@41706;roe:1440:9.889e-08@15108","roe:643:9.022e-08@14760"
138,res_roUy,240,0.00139843,0.000345104,2.99301e-06,0.00180826,0.000362758,6.27633e-05,0,2,1,"roUx:4:2.127e-07@41706;roe:1440:9.889e-08@15108","roe:643:9.022e-08@14760"
138,res_roUy_m,240,0,0,0,0,0,0,0,2,1,"roUx:4:2.127e-07@41706;roe:1440:9.889e-08@15108","roe:643:9.022e-08@14760"
138,res_roUz,240,0,0,0,0,0,0,0,2,1,"roUx:4:2.127e-07@41706;roe:1440:9.889e-08@15108","roe:643:9.022e-08@14760"
138,res_roUz_m,240,0,0,0,0,0,0,0,2,1,"roUx:4:2.127e-07@41706;roe:1440:9.889e-08@15108","roe:643:9.022e-08@14760"
138,res_roY0,240,8.66737e-06,8.87359e-06,2.14737e-09,1.31635e-05,8.87986e-06,5.61085e-08,0,2,1,"roUx:4:2.127e-07@41706;roe:1440:9.889e-08@15108","roe:643:9.022e-08@14760"
138,res_roY0_m,240,0,0,0,0,0,0,0,2,1,"roUx:4:2.127e-07@41706;roe:1440:9.889e-08@15108","roe:643:9.022e-08@14760"
138,res_roY1,240,9.59455e-08,9.82403e-08,4.03942e-11,1.45769e-07,9.83129e-08,1.02299e-09,0,2,1,"roUx:4:2.127e-07@41706;roe:1440:9.889e-08@15108","roe:643:9.022e-08@14760"
138,res_roY1_m,240,0,0,0,0,0,0,0,2,1,"roUx:4:2.127e-07@41706;roe:1440:9.889e-08@15108","roe:643:9.022e-08@14760"
138,res_ro_m,240,0,0,0,0,0,0,0,2,1,"roUx:4:2.127e-07@41706;roe:1440:9.889e-08@15108","roe:643:9.022e-08@14760"
138,res_roe,240,0.171793,0.159781,1.20638e-05,0.224928,0.161201,0.0109676,0,2,1,"roUx:4:2.127e-07@41706;roe:1440:9.889e-08@15108","roe:643:9.022e-08@14760"
138,res_roe_m,240,0,0,0,0,0,0,0,2,1,"roUx:4:2.127e-07@41706;roe:1440:9.889e-08@15108","roe:643:9.022e-08@14760"
139,res_ro,240,1.22083e-05,1.82112e-05,0,1.66059e-05,1.82149e-05,5.02995e-08,0,2,1,"roUx:8:2.193e-07@41731;roe:1461:9.889e-08@15108","roe:665:9.022e-08@14760"
139,res_roK,240,9.51081e-06,1.26477e-05,9.51707e-10,0.000318915,1.36798e-05,4.28132e-06,0,2,1,"roUx:8:2.193e-07@41731;roe:1461:9.889e-08@15108","roe:665:9.022e-08@14760"
139,res_roK_m,240,0,0,0,0,0,0,0,2,1,"roUx:8:2.193e-07@41731;roe:1461:9.889e-08@15108","roe:665:9.022e-08@14760"
139,res_roOmega,240,416.151,515.271,0.000193412,40638.4,1183.92,695.015,0,2,1,"roUx:8:2.193e-07@41731;roe:1461:9.889e-08@15108","roe:665:9.022e-08@14760"
139,res_roOmega_m,240,0,0,0,0,0,0,0,2,1,"roUx:8:2.193e-07@41731;roe:1461:9.889e-08@15108","roe:665:9.022e-08@14760"
139,res_roUx,240,0.00191754,0.00358699,1.92015e-09,0.00389793,0.0035893,3.27542e-05,0,2,1,"roUx:8:2.193e-07@41731;roe:1461:9.889e-08@15108","roe:665:9.022e-08@14760"
139,res_roUx_m,240,0,0,0,0,0,0,0,2,1,"roUx:8:2.193e-07@41731;roe:1461:9.889e-08@15108","roe:665:9.022e-08@14760"
139,res_roUy,240,0.00155121,0.000588353,5.8225e-11,0.00173138,0.000599167,7.49504e-05,0,2,1,"roUx:8:2.193e-07@41731;roe:1461:9.889e-08@15108","roe:665:9.022e-08@14760"
139,res_roUy_m,240,0,0,0,0,0,0,0,2,1,"roUx:8:2.193e-07@41731;roe:1461:9.889e-08@15108","roe:665:9.022e-08@14760"
139,res_roUz,240,0,0,0,0,0,0,0,2,1,"roUx:8:2.193e-07@41731;roe:1461:9.889e-08@15108","roe:665:9.022e-08@14760"
139,res_roUz_m,240,0,0,0,0,0,0,0,2,1,"roUx:8:2.193e-07@41731;roe:1461:9.889e-08@15108","roe:665:9.022e-08@14760"
139,res_roY0,240,8.21761e-06,1.25127e-05,6.86133e-10,1.38385e-05,1.25181e-05,5.3285e-08,0,2,1,"roUx:8:2.193e-07@41731;roe:1461:9.889e-08@15108","roe:665:9.022e-08@14760"
139,res_roY0_m,240,0,0,0,0,0,0,0,2,1,"roUx:8:2.193e-07@41731;roe:1461:9.889e-08@15108","roe:665:9.022e-08@14760"
139,res_roY1,240,9.09837e-08,1.3853e-07,1.19789e-11,1.53244e-07,1.38593e-07,1.02602e-09,0,2,1,"roUx:8:2.193e-07@41731;roe:1461:9.889e-08@15108","roe:665:9.022e-08@14760"
139,res_roY1_m,240,0,0,0,0,0,0,0,2,1,"roUx:8:2.193e-07@41731;roe:1461:9.889e-08@15108","roe:665:9.022e-08@14760"
139,res_ro_m,240,0,0,0,0,0,0,0,2,1,"roUx:8:2.193e-07@41731;roe:1461:9.889e-08@15108","roe:665:9.022e-08@14760"
139,res_roe,240,0.185084,0.279772,4.87107e-09,0.243525,0.28078,0.0109149,0,2,1,"roUx:8:2.193e-07@41731;roe:1461:9.889e-08@15108","roe:665:9.022e-08@14760"
139,res_roe_m,240,0,0,0,0,0,0,0,2,1,"roUx:8:2.193e-07@41731;roe:1461:9.889e-08@15108","roe:665:9.022e-08@14760"
140,res_ro,240,1.28837e-05,1.20995e-05,0,1.5478e-05,1.21051e-05,5.30193e-08,0,2,1,"roUx:6:2.196e-07@41656;roe:1464:1.169e-07@41746","roe:668:8.979e-08@23606"
140,res_roK,240,1.0309e-05,8.54835e-06,2.80943e-09,0.00031651,1.00517e-05,3.97728e-06,0,2,1,"roUx:6:2.196e-07@41656;roe:1464:1.169e-07@41746","roe:668:8.979e-08@23606"
140,res_roK_m,240,0,0,0,0,0,0,0,2,1,"roUx:6:2.196e-07@41656;roe:1464:1.169e-07@41746","roe:668:8.979e-08@23606"
140,res_roOmega,240,361.512,494.237,0.0021428,55277.7,1132.02,762.676,0,2,1,"roUx:6:2.196e-07@41656;roe:1464:1.169e-07@41746","roe:668:8.979e-08@23606"
140,res_roOmega_m,240,0,0,0,0,0,0,0,2,1,"roUx:6:2.196e-07@41656;roe:1464:1.169e-07@41746","roe:668:8.979e-08@23606"
140,res_roUx,240,0.00197148,0.00232503,5.20629e-10,0.00420811,0.0023286,2.83669e-05,0,2,1,"roUx:6:2.196e-07@41656;roe:1464:1.169e-07@41746","roe:668:8.979e-08@23606"
140,res_roUx_m,240,0,0,0,0,0,0,0,2,1,"roUx:6:2.196e-07@41656;roe:1464:1.169e-07@41746","roe:668:8.979e-08@23606"
140,res_roUy,240,0.00163497,0.000371721,1.28622e-12,0.00180877,0.000388699,6.5503e-05,0,2,1,"roUx:6:2.196e-07@41656;roe:1464:1.169e-07@41746","roe:668:8.979e-08@23606"
140,res_roUy_m,240,0,0,0,0,0,0,0,2,1,"roUx:6:2.196e-07@41656;roe:1464:1.169e-07@41746","roe:668:8.979e-08@23606"
140,res_roUz,240,0,0,0,0,0,0,0,2,1,"roUx:6:2.196e-07@41656;roe:1464:1.169e-07@41746","roe:668:8.979e-08@23606"
140,res_roUz_m,240,0,0,0,0,0,0,0,2,1,"roUx:6:2.196e-07@41656;roe:1464:1.169e-07@41746","roe:668:8.979e-08@23606"
140,res_roY0,240,8.83315e-06,8.46868e-06,1.16645e-09,1.22483e-05,8.47654e-06,5.81361e-08,0,2,1,"roUx:6:2.196e-07@41656;roe:1464:1.169e-07@41746","roe:668:8.979e-08@23606"
140,res_roY0_m,240,0,0,0,0,0,0,0,2,1,"roUx:6:2.196e-07@41656;roe:1464:1.169e-07@41746","roe:668:8.979e-08@23606"
140,res_roY1,240,9.78047e-08,9.3758e-08,1.4822e-11,1.35679e-07,9.38485e-08,1.03097e-09,0,2,1,"roUx:6:2.196e-07@41656;roe:1464:1.169e-07@41746","roe:668:8.979e-08@23606"
140,res_roY1_m,240,0,0,0,0,0,0,0,2,1,"roUx:6:2.196e-07@41656;roe:1464:1.169e-07@41746","roe:668:8.979e-08@23606"
140,res_ro_m,240,0,0,0,0,0,0,0,2,1,"roUx:6:2.196e-07@41656;roe:1464:1.169e-07@41746","roe:668:8.979e-08@23606"
140,res_roe,240,0.166388,0.14968,3.43852e-06,0.220047,0.151261,0.0102365,0,2,1,"roUx:6:2.196e-07@41656;roe:1464:1.169e-07@41746","roe:668:8.979e-08@23606"
140,res_roe_m,240,0,0,0,0,0,0,0,2,1,"roUx:6:2.196e-07@41656;roe:1464:1.169e-07@41746","roe:668:8.979e-08@23606"
141,res_ro,240,1.37629e-05,1.97892e-05,0,1.73213e-05,1.97929e-05,5.13911e-08,0,2,1,"roUx:5:2.127e-07@41706;roe:1481:9.889e-08@15108","roe:664:9.329e-08@14876"
141,res_roK,240,1.10797e-05,1.3818e-05,2.23461e-09,0.000313393,1.47982e-05,4.24376e-06,0,2,1,"roUx:5:2.127e-07@41706;roe:1481:9.889e-08@15108","roe:664:9.329e-08@14876"
141,res_roK_m,240,0,0,0,0,0,0,0,2,1,"roUx:5:2.127e-07@41706;roe:1481:9.889e-08@15108","roe:664:9.329e-08@14876"
141,res_roOmega,240,401.051,421.867,0.00195822,76269.6,1080.56,727.427,0,2,1,"roUx:5:2.127e-07@41706;roe:1481:9.889e-08@15108","roe:664:9.329e-08@14876"
141,res_roOmega_m,240,0,0,0,0,0,0,0,2,1,"roUx:5:2.127e-07@41706;roe:1481:9.889e-08@15108","roe:664:9.329e-08@14876"
141,res_roUx,240,0.00214109,0.00389685,2.33234e-10,0.00461052,0.00389916,3.3219e-05,0,2,1,"roUx:5:2.127e-07@41706;roe:1481:9.889e-08@15108","roe:664:9.329e-08@14876"
141,res_roUx_m,240,0,0,0,0,0,0,0,2,1,"roUx:5:2.127e-07@41706;roe:1481:9.889e-08@15108","roe:664:9.329e-08@14876"
141,res_roUy,240,0.00171899,0.000664211,2.0656e-11,0.00195797,0.00067412,7.52026e-05,0,2,1,"roUx:5:2.127e-07@41706;roe:1481:9.889e-08@15108","roe:664:9.329e-08@14876"
141,res_roUy_m,240,0,0,0,0,0,0,0,2,1,"roUx:5:2.127e-07@41706;roe:1481:9.889e-08@15108","roe:664:9.329e-08@14876"
141,res_roUz,240,0,0,0,0,0,0,0,2,1,"roUx:5:2.127e-07@41706;roe:1481:9.889e-08@15108","roe:664:9.329e-08@14876"
141,res_roUz_m,240,0,0,0,0,0,0,0,2,1,"roUx:5:2.127e-07@41706;roe:1481:9.889e-08@15108","roe:664:9.329e-08@14876"
141,res_roY0,240,9.59128e-06,1.36687e-05,1.96714e-09,1.41491e-05,1.36739e-05,5.82196e-08,0,2,1,"roUx:5:2.127e-07@41706;roe:1481:9.889e-08@15108","roe:664:9.329e-08@14876"
141,res_roY0_m,240,0,0,0,0,0,0,0,2,1,"roUx:5:2.127e-07@41706;roe:1481:9.889e-08@15108","roe:664:9.329e-08@14876"
141,res_roY1,240,1.06169e-07,1.5133e-07,4.8737e-11,1.5667e-07,1.51389e-07,1.04659e-09,0,2,1,"roUx:5:2.127e-07@41706;roe:1481:9.889e-08@15108","roe:664:9.329e-08@14876"
141,res_roY1_m,240,0,0,0,0,0,0,0,2,1,"roUx:5:2.127e-07@41706;roe:1481:9.889e-08@15108","roe:664:9.329e-08@14876"
141,res_ro_m,240,0,0,0,0,0,0,0,2,1,"roUx:5:2.127e-07@41706;roe:1481:9.889e-08@15108","roe:664:9.329e-08@14876"
141,res_roe,240,0.166164,0.261714,1.2652e-05,0.233519,0.262765,0.0111023,0,2,1,"roUx:5:2.127e-07@41706;roe:1481:9.889e-08@15108","roe:664:9.329e-08@14876"
141,res_roe_m,240,0,0,0,0,0,0,0,2,1,"roUx:5:2.127e-07@41706;roe:1481:9.889e-08@15108","roe:664:9.329e-08@14876"
142,res_ro,240,1.52554e-05,9.78338e-06,0,2.00349e-05,9.7892e-06,5.08889e-08,0,5,1,"ro:1:8.689e-08@41665;roUx:9:2.130e-07@41688;roY0:1:8.786e-08@41665;roY1:1:1.240e-07@41665;roe:1500:1.169e-07@41665","roe:667:9.332e-08@14948"
142,res_roK,240,1.22503e-05,6.77653e-06,1.03513e-09,0.000311604,8.45546e-06,4.13874e-06,0,5,1,"ro:1:8.689e-08@41665;roUx:9:2.130e-07@41688;roY0:1:8.786e-08@41665;roY1:1:1.240e-07@41665;roe:1500:1.169e-07@41665","roe:667:9.332e-08@14948"
142,res_roK_m,240,0,0,0,0,0,0,0,5,1,"ro:1:8.689e-08@41665;roUx:9:2.130e-07@41688;roY0:1:8.786e-08@41665;roY1:1:1.240e-07@41665;roe:1500:1.169e-07@41665","roe:667:9.332e-08@14948"
142,res_roOmega,240,339.478,371.141,0.00201331,38704.6,1064.46,751.418,0,5,1,"ro:1:8.689e-08@41665;roUx:9:2.130e-07@41688;roY0:1:8.786e-08@41665;roY1:1:1.240e-07@41665;roe:1500:1.169e-07@41665","roe:667:9.332e-08@14948"
142,res_roOmega_m,240,0,0,0,0,0,0,0,5,1,"ro:1:8.689e-08@41665;roUx:9:2.130e-07@41688;roY0:1:8.786e-08@41665;roY1:1:1.240e-07@41665;roe:1500:1.169e-07@41665","roe:667:9.332e-08@14948"
142,res_roUx,240,0.00238557,0.00185381,2.23032e-08,0.00467324,0.00185776,2.74181e-05,0,5,1,"ro:1:8.689e-08@41665;roUx:9:2.130e-07@41688;roY0:1:8.786e-08@41665;roY1:1:1.240e-07@41665;roe:1500:1.169e-07@41665","roe:667:9.332e-08@14948"
142,res_roUx_m,240,0,0,0,0,0,0,0,5,1,"ro:1:8.689e-08@41665;roUx:9:2.130e-07@41688;roY0:1:8.786e-08@41665;roY1:1:1.240e-07@41665;roe:1500:1.169e-07@41665","roe:667:9.332e-08@14948"
142,res_roUy,240,0.00155614,0.000381461,2.8666e-06,0.0019655,0.000401311,6.31638e-05,0,5,1,"ro:1:8.689e-08@41665;roUx:9:2.130e-07@41688;roY0:1:8.786e-08@41665;roY1:1:1.240e-07@41665;roe:1500:1.169e-07@41665","roe:667:9.332e-08@14948"
142,res_roUy_m,240,0,0,0,0,0,0,0,5,1,"ro:1:8.689e-08@41665;roUx:9:2.130e-07@41688;roY0:1:8.786e-08@41665;roY1:1:1.240e-07@41665;roe:1500:1.169e-07@41665","roe:667:9.332e-08@14948"
142,res_roUz,240,0,0,0,0,0,0,0,5,1,"ro:1:8.689e-08@41665;roUx:9:2.130e-07@41688;roY0:1:8.786e-08@41665;roY1:1:1.240e-07@41665;roe:1500:1.169e-07@41665","roe:667:9.332e-08@14948"
142,res_roUz_m,240,0,0,0,0,0,0,0,5,1,"ro:1:8.689e-08@41665;roUx:9:2.130e-07@41688;roY0:1:8.786e-08@41665;roY1:1:1.240e-07@41665;roe:1500:1.169e-07@41665","roe:667:9.332e-08@14948"
142,res_roY0,240,1.05835e-05,6.71511e-06,1.37282e-10,1.66441e-05,6.72342e-06,5.69702e-08,0,5,1,"ro:1:8.689e-08@41665;roUx:9:2.130e-07@41688;roY0:1:8.786e-08@41665;roY1:1:1.240e-07@41665;roe:1500:1.169e-07@41665","roe:667:9.332e-08@14948"
142,res_roY0_m,240,0,0,0,0,0,0,0,5,1,"ro:1:8.689e-08@41665;roUx:9:2.130e-07@41688;roY0:1:8.786e-08@41665;roY1:1:1.240e-07@41665;roe:1500:1.169e-07@41665","roe:667:9.332e-08@14948"
142,res_roY1,240,1.17165e-07,7.43464e-08,1.73507e-11,1.84322e-07,7.44438e-08,1.03251e-09,0,5,1,"ro:1:8.689e-08@41665;roUx:9:2.130e-07@41688;roY0:1:8.786e-08@41665;roY1:1:1.240e-07@41665;roe:1500:1.169e-07@41665","roe:667:9.332e-08@14948"
142,res_roY1_m,240,0,0,0,0,0,0,0,5,1,"ro:1:8.689e-08@41665;roUx:9:2.130e-07@41688;roY0:1:8.786e-08@41665;roY1:1:1.240e-07@41665;roe:1500:1.169e-07@41665","roe:667:9.332e-08@14948"
142,res_ro_m,240,0,0,0,0,0,0,0,5,1,"ro:1:8.689e-08@41665;roUx:9:2.130e-07@41688;roY0:1:8.786e-08@41665;roY1:1:1.240e-07@41665;roe:1500:1.169e-07@41665","roe:667:9.332e-08@14948"
142,res_roe,240,0.189283,0.14224,3.82214e-06,0.250758,0.143998,0.011076,0,5,1,"ro:1:8.689e-08@41665;roUx:9:2.130e-07@41688;roY0:1:8.786e-08@41665;roY1:1:1.240e-07@41665;roe:1500:1.169e-07@41665","roe:667:9.332e-08@14948"
142,res_roe_m,240,0,0,0,0,0,0,0,5,1,"ro:1:8.689e-08@41665;roUx:9:2.130e-07@41688;roY0:1:8.786e-08@41665;roY1:1:1.240e-07@41665;roe:1500:1.169e-07@41665","roe:667:9.332e-08@14948"
143,res_ro,240,1.75336e-05,2.25271e-05,0,2.02751e-05,2.25296e-05,4.91488e-08,0,2,1,"roUx:7:2.137e-07@41713;roe:1521:1.007e-07@15431","roe:693:9.332e-08@14948"
143,res_roK,240,1.38535e-05,1.57571e-05,2.53836e-09,0.000310256,1.6648e-05,4.47956e-06,0,2,1,"roUx:7:2.137e-07@41713;roe:1521:1.007e-07@15431","roe:693:9.332e-08@14948"
143,res_roK_m,240,0,0,0,0,0,0,0,2,1,"roUx:7:2.137e-07@41713;roe:1521:1.007e-07@15431","roe:693:9.332e-08@14948"
143,res_roOmega,240,322.614,280.006,3.53766e-05,56507.2,1062.06,799.144,0,2,1,"roUx:7:2.137e-07@41713;roe:1521:1.007e-07@15431","roe:693:9.332e-08@14948"
143,res_roOmega_m,240,0,0,0,0,0,0,0,2,1,"roUx:7:2.137e-07@41713;roe:1521:1.007e-07@15431","roe:693:9.332e-08@14948"
143,res_roUx,240,0.00277494,0.00446822,1.09723e-09,0.00525826,0.00446983,3.18673e-05,0,2,1,"roUx:7:2.137e-07@41713;roe:1521:1.007e-07@15431","roe:693:9.332e-08@14948"
143,res_roUx_m,240,0,0,0,0,0,0,0,2,1,"roUx:7:2.137e-07@41713;roe:1521:1.007e-07@15431","roe:693:9.332e-08@14948"
143,res_roUy,240,0.00157236,0.000785016,2.68024e-11,0.00191521,0.000795531,8.2959e-05,0,2,1,"roUx:7:2.137e-07@41713;roe:1521:1.007e-07@15431","roe:693:9.332e-08@14948"
143,res_roUy_m,240,0,0,0,0,0,0,0,2,1,"roUx:7:2.137e-07@41713;roe:1521:1.007e-07@15431","roe:693:9.332e-08@14948"
143,res_roUz,240,0,0,0,0,0,0,0,2,1,"roUx:7:2.137e-07@41713;roe:1521:1.007e-07@15431","roe:693:9.332e-08@14948"
143,res_roUz_m,240,0,0,0,0,0,0,0,2,1,"roUx:7:2.137e-07@41713;roe:1521:1.007e-07@15431","roe:693:9.332e-08@14948"
143,res_roY0,240,1.22454e-05,1.55869e-05,1.4793e-09,1.58544e-05,1.55905e-05,5.65197e-08,0,2,1,"roUx:7:2.137e-07@41713;roe:1521:1.007e-07@15431","roe:693:9.332e-08@14948"
143,res_roY0_m,240,0,0,0,0,0,0,0,2,1,"roUx:7:2.137e-07@41713;roe:1521:1.007e-07@15431","roe:693:9.332e-08@14948"
143,res_roY1,240,1.35565e-07,1.72567e-07,1.26963e-11,1.75581e-07,1.72608e-07,1.0208e-09,0,2,1,"roUx:7:2.137e-07@41713;roe:1521:1.007e-07@15431","roe:693:9.332e-08@14948"
143,res_roY1_m,240,0,0,0,0,0,0,0,2,1,"roUx:7:2.137e-07@41713;roe:1521:1.007e-07@15431","roe:693:9.332e-08@14948"
143,res_ro_m,240,0,0,0,0,0,0,0,2,1,"roUx:7:2.137e-07@41713;roe:1521:1.007e-07@15431","roe:693:9.332e-08@14948"
143,res_roe,240,0.199651,0.284224,2.32226e-09,0.25442,0.285146,0.0110394,0,2,1,"roUx:7:2.137e-07@41713;roe:1521:1.007e-07@15431","roe:693:9.332e-08@14948"
143,res_roe_m,240,0,0,0,0,0,0,0,2,1,"roUx:7:2.137e-07@41713;roe:1521:1.007e-07@15431","roe:693:9.332e-08@14948"
144,res_ro,240,1.83022e-05,9.46406e-06,0,2.01831e-05,9.46799e-06,5.16866e-08,0,2,1,"roUx:7:2.127e-07@41706;roe:1505:1.007e-07@15431","roe:662:9.332e-08@14948"
144,res_roK,240,1.43243e-05,6.54592e-06,1.60108e-09,0.000309034,8.36124e-06,4.06606e-06,0,2,1,"roUx:7:2.127e-07@41706;roe:1505:1.007e-07@15431","roe:662:9.332e-08@14948"
144,res_roK_m,240,0,0,0,0,0,0,0,2,1,"roUx:7:2.127e-07@41706;roe:1505:1.007e-07@15431","roe:662:9.332e-08@14948"
144,res_roOmega,240,279.754,195.505,3.19107e-06,35784.1,1048.59,770.938,0,2,1,"roUx:7:2.127e-07@41706;roe:1505:1.007e-07@15431","roe:662:9.332e-08@14948"
144,res_roOmega_m,240,0,0,0,0,0,0,0,2,1,"roUx:7:2.127e-07@41706;roe:1505:1.007e-07@15431","roe:662:9.332e-08@14948"
144,res_roUx,240,0.00295508,0.00181643,7.15792e-10,0.00468499,0.00181967,2.92698e-05,0,2,1,"roUx:7:2.127e-07@41706;roe:1505:1.007e-07@15431","roe:662:9.332e-08@14948"
144,res_roUx_m,240,0,0,0,0,0,0,0,2,1,"roUx:7:2.127e-07@41706;roe:1505:1.007e-07@15431","roe:662:9.332e-08@14948"
144,res_roUy,240,0.00191074,0.000316445,5.96465e-11,0.00223005,0.000337191,6.78681e-05,0,2,1,"roUx:7:2.127e-07@41706;roe:1505:1.007e-07@15431","roe:662:9.332e-08@14948"
144,res_roUy_m,240,0,0,0,0,0,0,0,2,1,"roUx:7:2.127e-07@41706;roe:1505:1.007e-07@15431","roe:662:9.332e-08@14948"
144,res_roUz,240,0,0,0,0,0,0,0,2,1,"roUx:7:2.127e-07@41706;roe:1505:1.007e-07@15431","roe:662:9.332e-08@14948"
144,res_roUz_m,240,0,0,0,0,0,0,0,2,1,"roUx:7:2.127e-07@41706;roe:1505:1.007e-07@15431","roe:662:9.332e-08@14948"
144,res_roY0,240,1.29104e-05,6.48009e-06,5.08935e-10,1.54103e-05,6.48574e-06,5.92614e-08,0,2,1,"roUx:7:2.127e-07@41706;roe:1505:1.007e-07@15431","roe:662:9.332e-08@14948"
144,res_roY0_m,240,0,0,0,0,0,0,0,2,1,"roUx:7:2.127e-07@41706;roe:1505:1.007e-07@15431","roe:662:9.332e-08@14948"
144,res_roY1,240,1.42926e-07,7.17426e-08,1.2471e-11,1.707e-07,7.18107e-08,1.03828e-09,0,2,1,"roUx:7:2.127e-07@41706;roe:1505:1.007e-07@15431","roe:662:9.332e-08@14948"
144,res_roY1_m,240,0,0,0,0,0,0,0,2,1,"roUx:7:2.127e-07@41706;roe:1505:1.007e-07@15431","roe:662:9.332e-08@14948"
144,res_ro_m,240,0,0,0,0,0,0,0,2,1,"roUx:7:2.127e-07@41706;roe:1505:1.007e-07@15431","roe:662:9.332e-08@14948"
144,res_roe,240,0.206133,0.126849,1.07896e-05,0.250027,0.128906,0.0118346,0,2,1,"roUx:7:2.127e-07@41706;roe:1505:1.007e-07@15431","roe:662:9.332e-08@14948"
144,res_roe_m,240,0,0,0,0,0,0,0,2,1,"roUx:7:2.127e-07@41706;roe:1505:1.007e-07@15431","roe:662:9.332e-08@14948"
145,res_ro,240,1.63286e-05,2.12921e-05,8.14747e-12,1.86277e-05,2.12948e-05,5.14943e-08,0,2,1,"roUx:9:2.195e-07@41734;roe:1453:1.007e-07@15431","roe:637:9.332e-08@14948"
145,res_roK,240,1.26098e-05,1.47944e-05,1.6716e-09,0.00030867,1.56804e-05,4.31726e-06,0,2,1,"roUx:9:2.195e-07@41734;roe:1453:1.007e-07@15431","roe:637:9.332e-08@14948"
145,res_roK_m,240,0,0,0,0,0,0,0,2,1,"roUx:9:2.195e-07@41734;roe:1453:1.007e-07@15431","roe:637:9.332e-08@14948"
145,res_roOmega,240,199.057,73.3776,0.00208996,32347,1114.74,796.409,0,2,1,"roUx:9:2.195e-07@41734;roe:1453:1.007e-07@15431","roe:637:9.332e-08@14948"
145,res_roOmega_m,240,0,0,0,0,0,0,0,2,1,"roUx:9:2.195e-07@41734;roe:1453:1.007e-07@15431","roe:637:9.332e-08@14948"
145,res_roUx,240,0.00267609,0.00434347,1.957e-11,0.00482041,0.00434537,2.90528e-05,0,2,1,"roUx:9:2.195e-07@41734;roe:1453:1.007e-07@15431","roe:637:9.332e-08@14948"
145,res_roUx_m,240,0,0,0,0,0,0,0,2,1,"roUx:9:2.195e-07@41734;roe:1453:1.007e-07@15431","roe:637:9.332e-08@14948"
145,res_roUy,240,0.00192731,0.000764145,1.81158e-11,0.00218194,0.000773493,6.31788e-05,0,2,1,"roUx:9:2.195e-07@41734;roe:1453:1.007e-07@15431","roe:637:9.332e-08@14948"
145,res_roUy_m,240,0,0,0,0,0,0,0,2,1,"roUx:9:2.195e-07@41734;roe:1453:1.007e-07@15431","roe:637:9.332e-08@14948"
145,res_roUz,240,0,0,0,0,0,0,0,2,1,"roUx:9:2.195e-07@41734;roe:1453:1.007e-07@15431","roe:637:9.332e-08@14948"
145,res_roUz_m,240,0,0,0,0,0,0,0,2,1,"roUx:9:2.195e-07@41734;roe:1453:1.007e-07@15431","roe:637:9.332e-08@14948"
145,res_roY0,240,1.136e-05,1.46311e-05,1.58603e-09,1.44104e-05,1.4635e-05,6.05181e-08,0,2,1,"roUx:9:2.195e-07@41734;roe:1453:1.007e-07@15431","roe:637:9.332e-08@14948"
145,res_roY0_m,240,0,0,0,0,0,0,0,2,1,"roUx:9:2.195e-07@41734;roe:1453:1.007e-07@15431","roe:637:9.332e-08@14948"
145,res_roY1,240,1.2578e-07,1.61986e-07,1.0876e-11,1.59544e-07,1.62031e-07,1.07982e-09,0,2,1,"roUx:9:2.195e-07@41734;roe:1453:1.007e-07@15431","roe:637:9.332e-08@14948"
145,res_roY1_m,240,0,0,0,0,0,0,0,2,1,"roUx:9:2.195e-07@41734;roe:1453:1.007e-07@15431","roe:637:9.332e-08@14948"
145,res_ro_m,240,0,0,0,0,0,0,0,2,1,"roUx:9:2.195e-07@41734;roe:1453:1.007e-07@15431","roe:637:9.332e-08@14948"
145,res_roe,240,0.19288,0.282536,5.58124e-06,0.243268,0.283369,0.0109858,0,2,1,"roUx:9:2.195e-07@41734;roe:1453:1.007e-07@15431","roe:637:9.332e-08@14948"
145,res_roe_m,240,0,0,0,0,0,0,0,2,1,"roUx:9:2.195e-07@41734;roe:1453:1.007e-07@15431","roe:637:9.332e-08@14948"
146,res_ro,240,1.45471e-05,1.08003e-05,0,1.73734e-05,1.08048e-05,5.41575e-08,0,2,1,"roUx:8:2.194e-07@41664;roe:1491:1.007e-07@15431","roe:649:9.022e-08@14760"
146,res_roK,240,1.17635e-05,7.36173e-06,3.01643e-09,0.0003057,8.95409e-06,4.26476e-06,0,2,1,"roUx:8:2.194e-07@41664;roe:1491:1.007e-07@15431","roe:649:9.022e-08@14760"
146,res_roK_m,240,0,0,0,0,0,0,0,2,1,"roUx:8:2.194e-07@41664;roe:1491:1.007e-07@15431","roe:649:9.022e-08@14760"
146,res_roOmega,240,149.037,58.5103,0.015762,62151.3,1018.49,721.223,0,2,1,"roUx:8:2.194e-07@41664;roe:1491:1.007e-07@15431","roe:649:9.022e-08@14760"
146,res_roOmega_m,240,0,0,0,0,0,0,0,2,1,"roUx:8:2.194e-07@41664;roe:1491:1.007e-07@15431","roe:649:9.022e-08@14760"
146,res_roUx,240,0.00230291,0.00204885,1.27656e-09,0.00426114,0.00205266,2.79976e-05,0,2,1,"roUx:8:2.194e-07@41664;roe:1491:1.007e-07@15431","roe:649:9.022e-08@14760"
146,res_roUx_m,240,0,0,0,0,0,0,0,2,1,"roUx:8:2.194e-07@41664;roe:1491:1.007e-07@15431","roe:649:9.022e-08@14760"
146,res_roUy,240,0.00166227,0.000401264,5.53808e-11,0.00195194,0.000425393,6.39729e-05,0,2,1,"roUx:8:2.194e-07@41664;roe:1491:1.007e-07@15431","roe:649:9.022e-08@14760"
146,res_roUy_m,240,0,0,0,0,0,0,0,2,1,"roUx:8:2.194e-07@41664;roe:1491:1.007e-07@15431","roe:649:9.022e-08@14760"
146,res_roUz,240,0,0,0,0,0,0,0,2,1,"roUx:8:2.194e-07@41664;roe:1491:1.007e-07@15431","roe:649:9.022e-08@14760"
146,res_roUz_m,240,0,0,0,0,0,0,0,2,1,"roUx:8:2.194e-07@41664;roe:1491:1.007e-07@15431","roe:649:9.022e-08@14760"
146,res_roY0,240,1.0236e-05,7.28716e-06,2.44158e-09,1.38922e-05,7.29372e-06,5.95335e-08,0,2,1,"roUx:8:2.194e-07@41664;roe:1491:1.007e-07@15431","roe:649:9.022e-08@14760"
146,res_roY0_m,240,0,0,0,0,0,0,0,2,1,"roUx:8:2.194e-07@41664;roe:1491:1.007e-07@15431","roe:649:9.022e-08@14760"
146,res_roY1,240,1.13324e-07,8.06787e-08,2.16553e-11,1.53863e-07,8.07554e-08,1.04733e-09,0,2,1,"roUx:8:2.194e-07@41664;roe:1491:1.007e-07@15431","roe:649:9.022e-08@14760"
146,res_roY1_m,240,0,0,0,0,0,0,0,2,1,"roUx:8:2.194e-07@41664;roe:1491:1.007e-07@15431","roe:649:9.022e-08@14760"
146,res_ro_m,240,0,0,0,0,0,0,0,2,1,"roUx:8:2.194e-07@41664;roe:1491:1.007e-07@15431","roe:649:9.022e-08@14760"
146,res_roe,240,0.181031,0.150728,2.76019e-09,0.234566,0.152517,0.0105031,0,2,1,"roUx:8:2.194e-07@41664;roe:1491:1.007e-07@15431","roe:649:9.022e-08@14760"
146,res_roe_m,240,0,0,0,0,0,0,0,2,1,"roUx:8:2.194e-07@41664;roe:1491:1.007e-07@15431","roe:649:9.022e-08@14760"
147,res_ro,240,1.40805e-05,1.94604e-05,5.82098e-11,1.72597e-05,1.94632e-05,5.22775e-08,0,2,1,"roUx:8:2.199e-07@41651;roe:1468:1.007e-07@15431","roe:664:9.093e-08@23843"
147,res_roK,240,1.14725e-05,1.34766e-05,2.61222e-09,0.0003011,1.4402e-05,3.80018e-06,0,2,1,"roUx:8:2.199e-07@41651;roe:1468:1.007e-07@15431","roe:664:9.093e-08@23843"
147,res_roK_m,240,0,0,0,0,0,0,0,2,1,"roUx:8:2.199e-07@41651;roe:1468:1.007e-07@15431","roe:664:9.093e-08@23843"
147,res_roOmega,240,105.142,55.4148,0.00201416,43085.2,1013.55,768.351,0,2,1,"roUx:8:2.199e-07@41651;roe:1468:1.007e-07@15431","roe:664:9.093e-08@23843"
147,res_roOmega_m,240,0,0,0,0,0,0,0,2,1,"roUx:8:2.199e-07@41651;roe:1468:1.007e-07@15431","roe:664:9.093e-08@23843"
147,res_roUx,240,0.00213188,0.00385599,2.22082e-10,0.00472051,0.00385807,2.81018e-05,0,2,1,"roUx:8:2.199e-07@41651;roe:1468:1.007e-07@15431","roe:664:9.093e-08@23843"
147,res_roUx_m,240,0,0,0,0,0,0,0,2,1,"roUx:8:2.199e-07@41651;roe:1468:1.007e-07@15431","roe:664:9.093e-08@23843"
147,res_roUy,240,0.00155354,0.000663125,2.08987e-11,0.00178832,0.000672856,6.03532e-05,0,2,1,"roUx:8:2.199e-07@41651;roe:1468:1.007e-07@15431","roe:664:9.093e-08@23843"
147,res_roUy_m,240,0,0,0,0,0,0,0,2,1,"roUx:8:2.199e-07@41651;roe:1468:1.007e-07@15431","roe:664:9.093e-08@23843"
147,res_roUz,240,0,0,0,0,0,0,0,2,1,"roUx:8:2.199e-07@41651;roe:1468:1.007e-07@15431","roe:664:9.093e-08@23843"
147,res_roUz_m,240,0,0,0,0,0,0,0,2,1,"roUx:8:2.199e-07@41651;roe:1468:1.007e-07@15431","roe:664:9.093e-08@23843"
147,res_roY0,240,9.70459e-06,1.33298e-05,2.80919e-09,1.38438e-05,1.33338e-05,5.84762e-08,0,2,1,"roUx:8:2.199e-07@41651;roe:1468:1.007e-07@15431","roe:664:9.093e-08@23843"
147,res_roY0_m,240,0,0,0,0,0,0,0,2,1,"roUx:8:2.199e-07@41651;roe:1468:1.007e-07@15431","roe:664:9.093e-08@23843"
147,res_roY1,240,1.07443e-07,1.47575e-07,2.50527e-11,1.53324e-07,1.47622e-07,1.00574e-09,0,2,1,"roUx:8:2.199e-07@41651;roe:1468:1.007e-07@15431","roe:664:9.093e-08@23843"
147,res_roY1_m,240,0,0,0,0,0,0,0,2,1,"roUx:8:2.199e-07@41651;roe:1468:1.007e-07@15431","roe:664:9.093e-08@23843"
147,res_ro_m,240,0,0,0,0,0,0,0,2,1,"roUx:8:2.199e-07@41651;roe:1468:1.007e-07@15431","roe:664:9.093e-08@23843"
147,res_roe,240,0.186542,0.265522,2.74457e-06,0.231256,0.266612,0.0105003,0,2,1,"roUx:8:2.199e-07@41651;roe:1468:1.007e-07@15431","roe:664:9.093e-08@23843"
147,res_roe_m,240,0,0,0,0,0,0,0,2,1,"roUx:8:2.199e-07@41651;roe:1468:1.007e-07@15431","roe:664:9.093e-08@23843"
148,res_ro,240,1.36508e-05,1.00818e-05,1.98952e-13,1.63942e-05,1.0086e-05,5.18529e-08,0,2,1,"roUx:7:2.127e-07@41706;roe:1453:1.007e-07@15431","roe:660:9.022e-08@14760"
148,res_roK,240,1.07093e-05,7.01713e-06,2.17148e-09,0.000298794,8.80264e-06,4.26496e-06,0,2,1,"roUx:7:2.127e-07@41706;roe:1453:1.007e-07@15431","roe:660:9.022e-08@14760"
148,res_roK_m,240,0,0,0,0,0,0,0,2,1,"roUx:7:2.127e-07@41706;roe:1453:1.007e-07@15431","roe:660:9.022e-08@14760"
148,res_roOmega,240,78.3562,49.4578,0.00207212,22457.5,1075.4,680.31,0,2,1,"roUx:7:2.127e-07@41706;roe:1453:1.007e-07@15431","roe:660:9.022e-08@14760"
148,res_roOmega_m,240,0,0,0,0,0,0,0,2,1,"roUx:7:2.127e-07@41706;roe:1453:1.007e-07@15431","roe:660:9.022e-08@14760"
148,res_roUx,240,0.00209385,0.00197049,1.07977e-10,0.004215,0.00197347,3.1389e-05,0,2,1,"roUx:7:2.127e-07@41706;roe:1453:1.007e-07@15431","roe:660:9.022e-08@14760"
148,res_roUx_m,240,0,0,0,0,0,0,0,2,1,"roUx:7:2.127e-07@41706;roe:1453:1.007e-07@15431","roe:660:9.022e-08@14760"
148,res_roUy,240,0.001907,0.000406501,2.7759e-06,0.00206865,0.000422627,7.77937e-05,0,2,1,"roUx:7:2.127e-07@41706;roe:1453:1.007e-07@15431","roe:660:9.022e-08@14760"
148,res_roUy_m,240,0,0,0,0,0,0,0,2,1,"roUx:7:2.127e-07@41706;roe:1453:1.007e-07@15431","roe:660:9.022e-08@14760"
148,res_roUz,240,0,0,0,0,0,0,0,2,1,"roUx:7:2.127e-07@41706;roe:1453:1.007e-07@15431","roe:660:9.022e-08@14760"
148,res_roUz_m,240,0,0,0,0,0,0,0,2,1,"roUx:7:2.127e-07@41706;roe:1453:1.007e-07@15431","roe:660:9.022e-08@14760"
148,res_roY0,240,9.19869e-06,6.944e-06,3.63924e-12,1.28567e-05,6.94991e-06,5.55062e-08,0,2,1,"roUx:7:2.127e-07@41706;roe:1453:1.007e-07@15431","roe:660:9.022e-08@14760"
148,res_roY0_m,240,0,0,0,0,0,0,0,2,1,"roUx:7:2.127e-07@41706;roe:1453:1.007e-07@15431","roe:660:9.022e-08@14760"
148,res_roY1,240,1.01853e-07,7.68789e-08,1.17186e-13,1.42376e-07,7.69485e-08,1.01794e-09,0,2,1,"roUx:7:2.127e-07@41706;roe:1453:1.007e-07@15431","roe:660:9.022e-08@14760"
148,res_roY1_m,240,0,0,0,0,0,0,0,2,1,"roUx:7:2.127e-07@41706;roe:1453:1.007e-07@15431","roe:660:9.022e-08@14760"
148,res_ro_m,240,0,0,0,0,0,0,0,2,1,"roUx:7:2.127e-07@41706;roe:1453:1.007e-07@15431","roe:660:9.022e-08@14760"
148,res_roe,240,0.184316,0.171956,1.19373e-07,0.238099,0.173371,0.00951072,0,2,1,"roUx:7:2.127e-07@41706;roe:1453:1.007e-07@15431","roe:660:9.022e-08@14760"
148,res_roe_m,240,0,0,0,0,0,0,0,2,1,"roUx:7:2.127e-07@41706;roe:1453:1.007e-07@15431","roe:660:9.022e-08@14760"
149,res_ro,240,1.49896e-05,1.8586e-05,7.50307e-12,2.10325e-05,1.85886e-05,5.24187e-08,0,2,1,"roUx:7:2.146e-07@41680;roe:1475:1.007e-07@15431","roe:678:9.332e-08@14948"
149,res_roK,240,1.1673e-05,1.29953e-05,8.27079e-10,0.000298489,1.39235e-05,4.1472e-06,0,2,1,"roUx:7:2.146e-07@41680;roe:1475:1.007e-07@15431","roe:678:9.332e-08@14948"
149,res_roK_m,240,0,0,0,0,0,0,0,2,1,"roUx:7:2.146e-07@41680;roe:1475:1.007e-07@15431","roe:678:9.332e-08@14948"
149,res_roOmega,240,55.659,47.3188,0.00196863,49767.1,1066.94,764.692,0,2,1,"roUx:7:2.146e-07@41680;roe:1475:1.007e-07@15431","roe:678:9.332e-08@14948"
149,res_roOmega_m,240,0,0,0,0,0,0,0,2,1,"roUx:7:2.146e-07@41680;roe:1475:1.007e-07@15431","roe:678:9.332e-08@14948"
149,res_roUx,240,0.00236593,0.00366667,1.76371e-08,0.00507101,0.00366858,2.88565e-05,0,2,1,"roUx:7:2.146e-07@41680;roe:1475:1.007e-07@15431","roe:678:9.332e-08@14948"
149,res_roUx_m,240,0,0,0,0,0,0,0,2,1,"roUx:7:2.146e-07@41680;roe:1475:1.007e-07@15431","roe:678:9.332e-08@14948"
149,res_roUy,240,0.0019181,0.000500723,3.18486e-11,0.00215525,0.000515337,6.48191e-05,0,2,1,"roUx:7:2.146e-07@41680;roe:1475:1.007e-07@15431","roe:678:9.332e-08@14948"
149,res_roUy_m,240,0,0,0,0,0,0,0,2,1,"roUx:7:2.146e-07@41680;roe:1475:1.007e-07@15431","roe:678:9.332e-08@14948"
149,res_roUz,240,0,0,0,0,0,0,0,2,1,"roUx:7:2.146e-07@41680;roe:1475:1.007e-07@15431","roe:678:9.332e-08@14948"
149,res_roUz_m,240,0,0,0,0,0,0,0,2,1,"roUx:7:2.146e-07@41680;roe:1475:1.007e-07@15431","roe:678:9.332e-08@14948"
149,res_roY0,240,1.02765e-05,1.28554e-05,2.55754e-09,1.78478e-05,1.28592e-05,6.05796e-08,0,2,1,"roUx:7:2.146e-07@41680;roe:1475:1.007e-07@15431","roe:678:9.332e-08@14948"
149,res_roY0_m,240,0,0,0,0,0,0,0,2,1,"roUx:7:2.146e-07@41680;roe:1475:1.007e-07@15431","roe:678:9.332e-08@14948"
149,res_roY1,240,1.13756e-07,1.42329e-07,3.73142e-11,1.97635e-07,1.42373e-07,1.07698e-09,0,2,1,"roUx:7:2.146e-07@41680;roe:1475:1.007e-07@15431","roe:678:9.332e-08@14948"
149,res_roY1_m,240,0,0,0,0,0,0,0,2,1,"roUx:7:2.146e-07@41680;roe:1475:1.007e-07@15431","roe:678:9.332e-08@14948"
149,res_ro_m,240,0,0,0,0,0,0,0,2,1,"roUx:7:2.146e-07@41680;roe:1475:1.007e-07@15431","roe:678:9.332e-08@14948"
149,res_roe,240,0.178001,0.242995,3.84439e-06,0.258517,0.244073,0.0100843,0,2,1,"roUx:7:2.146e-07@41680;roe:1475:1.007e-07@15431","roe:678:9.332e-08@14948"
149,res_roe_m,240,0,0,0,0,0,0,0,2,1,"roUx:7:2.146e-07@41680;roe:1475:1.007e-07@15431","roe:678:9.332e-08@14948"
150,res_ro,240,1.64802e-05,1.55427e-05,1.82799e-12,1.82352e-05,1.55461e-05,5.17897e-08,0,2,1,"roUx:9:1.484e-07@41748;roe:1455:1.169e-07@41706","roe:662:9.332e-08@14948"
150,res_roK,240,1.30279e-05,1.08058e-05,5.74538e-10,0.000294446,1.20559e-05,4.2528e-06,0,2,1,"roUx:9:1.484e-07@41748;roe:1455:1.169e-07@41706","roe:662:9.332e-08@14948"
150,res_roK_m,240,0,0,0,0,0,0,0,2,1,"roUx:9:1.484e-07@41748;roe:1455:1.169e-07@41706","roe:662:9.332e-08@14948"
150,res_roOmega,240,40.0784,46.4273,0.000977185,72276.9,1022.97,752.087,0,2,1,"roUx:9:1.484e-07@41748;roe:1455:1.169e-07@41706","roe:662:9.332e-08@14948"
150,res_roOmega_m,240,0,0,0,0,0,0,0,2,1,"roUx:9:1.484e-07@41748;roe:1455:1.169e-07@41706","roe:662:9.332e-08@14948"
150,res_roUx,240,0.00254704,0.00306399,2.58456e-08,0.00441964,0.00306624,2.73592e-05,0,2,1,"roUx:9:1.484e-07@41748;roe:1455:1.169e-07@41706","roe:662:9.332e-08@14948"
150,res_roUx_m,240,0,0,0,0,0,0,0,2,1,"roUx:9:1.484e-07@41748;roe:1455:1.169e-07@41706","roe:662:9.332e-08@14948"
150,res_roUy,240,0.00192376,0.000552721,2.76224e-06,0.00230562,0.000563662,5.34497e-05,0,2,1,"roUx:9:1.484e-07@41748;roe:1455:1.169e-07@41706","roe:662:9.332e-08@14948"
150,res_roUy_m,240,0,0,0,0,0,0,0,2,1,"roUx:9:1.484e-07@41748;roe:1455:1.169e-07@41706","roe:662:9.332e-08@14948"
150,res_roUz,240,0,0,0,0,0,0,0,2,1,"roUx:9:1.484e-07@41748;roe:1455:1.169e-07@41706","roe:662:9.332e-08@14948"
150,res_roUz_m,240,0,0,0,0,0,0,0,2,1,"roUx:9:1.484e-07@41748;roe:1455:1.169e-07@41706","roe:662:9.332e-08@14948"
150,res_roY0,240,1.14873e-05,1.06876e-05,2.32838e-10,1.38404e-05,1.06924e-05,5.83703e-08,0,2,1,"roUx:9:1.484e-07@41748;roe:1455:1.169e-07@41706","roe:662:9.332e-08@14948"
150,res_roY0_m,240,0,0,0,0,0,0,0,2,1,"roUx:9:1.484e-07@41748;roe:1455:1.169e-07@41706","roe:662:9.332e-08@14948"
150,res_roY1,240,1.27192e-07,1.18326e-07,9.28486e-12,1.53281e-07,1.18382e-07,1.04235e-09,0,2,1,"roUx:9:1.484e-07@41748;roe:1455:1.169e-07@41706","roe:662:9.332e-08@14948"
150,res_roY1_m,240,0,0,0,0,0,0,0,2,1,"roUx:9:1.484e-07@41748;roe:1455:1.169e-07@41706","roe:662:9.332e-08@14948"
150,res_ro_m,240,0,0,0,0,0,0,0,2,1,"roUx:9:1.484e-07@41748;roe:1455:1.169e-07@41706","roe:662:9.332e-08@14948"
150,res_roe,240,0.204485,0.197798,6.39751e-06,0.246757,0.19906,0.0115416,0,2,1,"roUx:9:1.484e-07@41748;roe:1455:1.169e-07@41706","roe:662:9.332e-08@14948"
150,res_roe_m,240,0,0,0,0,0,0,0,2,1,"roUx:9:1.484e-07@41748;roe:1455:1.169e-07@41706","roe:662:9.332e-08@14948"
151,res_ro,240,1.49437e-05,1.64043e-05,8.34805e-12,1.78768e-05,1.64074e-05,5.27002e-08,0,2,1,"roUx:11:2.196e-07@41739;roe:1475:9.973e-08@15111","roe:680:9.263e-08@24315"
151,res_roK,240,1.19629e-05,1.13219e-05,2.07398e-09,0.000293806,1.24604e-05,4.08335e-06,0,2,1,"roUx:11:2.196e-07@41739;roe:1475:9.973e-08@15111","roe:680:9.263e-08@24315"
151,res_roK_m,240,0,0,0,0,0,0,0,2,1,"roUx:11:2.196e-07@41739;roe:1475:9.973e-08@15111","roe:680:9.263e-08@24315"
151,res_roOmega,240,36.8585,47.9943,0.00831535,34794.8,1040.27,805.809,0,2,1,"roUx:11:2.196e-07@41739;roe:1475:9.973e-08@15111","roe:680:9.263e-08@24315"
151,res_roOmega_m,240,0,0,0,0,0,0,0,2,1,"roUx:11:2.196e-07@41739;roe:1475:9.973e-08@15111","roe:680:9.263e-08@24315"
151,res_roUx,240,0.00229614,0.00324604,2.57675e-08,0.0043299,0.00324798,2.66372e-05,0,2,1,"roUx:11:2.196e-07@41739;roe:1475:9.973e-08@15111","roe:680:9.263e-08@24315"
151,res_roUx_m,240,0,0,0,0,0,0,0,2,1,"roUx:11:2.196e-07@41739;roe:1475:9.973e-08@15111","roe:680:9.263e-08@24315"
151,res_roUy,240,0.00185603,0.000520504,2.75841e-06,0.00218177,0.000534331,6.08949e-05,0,2,1,"roUx:11:2.196e-07@41739;roe:1475:9.973e-08@15111","roe:680:9.263e-08@24315"
151,res_roUy_m,240,0,0,0,0,0,0,0,2,1,"roUx:11:2.196e-07@41739;roe:1475:9.973e-08@15111","roe:680:9.263e-08@24315"
151,res_roUz,240,0,0,0,0,0,0,0,2,1,"roUx:11:2.196e-07@41739;roe:1475:9.973e-08@15111","roe:680:9.263e-08@24315"
151,res_roUz_m,240,0,0,0,0,0,0,0,2,1,"roUx:11:2.196e-07@41739;roe:1475:9.973e-08@15111","roe:680:9.263e-08@24315"
151,res_roY0,240,1.02527e-05,1.11991e-05,7.5381e-10,1.41182e-05,1.12036e-05,5.69425e-08,0,2,1,"roUx:11:2.196e-07@41739;roe:1475:9.973e-08@15111","roe:680:9.263e-08@24315"
151,res_roY0_m,240,0,0,0,0,0,0,0,2,1,"roUx:11:2.196e-07@41739;roe:1475:9.973e-08@15111","roe:680:9.263e-08@24315"
151,res_roY1,240,1.13514e-07,1.23988e-07,1.69823e-11,1.56357e-07,1.24041e-07,1.05468e-09,0,2,1,"roUx:11:2.196e-07@41739;roe:1475:9.973e-08@15111","roe:680:9.263e-08@24315"
151,res_roY1_m,240,0,0,0,0,0,0,0,2,1,"roUx:11:2.196e-07@41739;roe:1475:9.973e-08@15111","roe:680:9.263e-08@24315"
151,res_ro_m,240,0,0,0,0,0,0,0,2,1,"roUx:11:2.196e-07@41739;roe:1475:9.973e-08@15111","roe:680:9.263e-08@24315"
151,res_roe,240,0.183993,0.239159,1.00928e-05,0.229347,0.240041,0.0103759,0,2,1,"roUx:11:2.196e-07@41739;roe:1475:9.973e-08@15111","roe:680:9.263e-08@24315"
151,res_roe_m,240,0,0,0,0,0,0,0,2,1,"roUx:11:2.196e-07@41739;roe:1475:9.973e-08@15111","roe:680:9.263e-08@24315"
152,res_ro,240,1.48541e-05,1.65867e-05,0,1.74585e-05,1.65891e-05,5.23863e-08,0,2,1,"roUx:7:2.868e-07@41719;roe:1439:1.169e-07@41706","roe:663:9.306e-08@24508"
152,res_roK,240,1.18245e-05,1.14466e-05,2.54872e-09,0.000290825,1.25541e-05,4.11024e-06,0,2,1,"roUx:7:2.868e-07@41719;roe:1439:1.169e-07@41706","roe:663:9.306e-08@24508"
152,res_roK_m,240,0,0,0,0,0,0,0,2,1,"roUx:7:2.868e-07@41719;roe:1439:1.169e-07@41706","roe:663:9.306e-08@24508"
152,res_roOmega,240,31.8486,48.2941,4.65195e-05,48762,1147.04,618.735,0,2,1,"roUx:7:2.868e-07@41719;roe:1439:1.169e-07@41706","roe:663:9.306e-08@24508"
152,res_roOmega_m,240,0,0,0,0,0,0,0,2,1,"roUx:7:2.868e-07@41719;roe:1439:1.169e-07@41706","roe:663:9.306e-08@24508"
152,res_roUx,240,0.00227235,0.00329743,9.95866e-10,0.00409752,0.00329888,2.92667e-05,0,2,1,"roUx:7:2.868e-07@41719;roe:1439:1.169e-07@41706","roe:663:9.306e-08@24508"
152,res_roUx_m,240,0,0,0,0,0,0,0,2,1,"roUx:7:2.868e-07@41719;roe:1439:1.169e-07@41706","roe:663:9.306e-08@24508"
152,res_roUy,240,0.00170154,0.000730719,3.94585e-11,0.00187709,0.000740165,6.25417e-05,0,2,1,"roUx:7:2.868e-07@41719;roe:1439:1.169e-07@41706","roe:663:9.306e-08@24508"
152,res_roUy_m,240,0,0,0,0,0,0,0,2,1,"roUx:7:2.868e-07@41719;roe:1439:1.169e-07@41706","roe:663:9.306e-08@24508"
152,res_roUz,240,0,0,0,0,0,0,0,2,1,"roUx:7:2.868e-07@41719;roe:1439:1.169e-07@41706","roe:663:9.306e-08@24508"
152,res_roUz_m,240,0,0,0,0,0,0,0,2,1,"roUx:7:2.868e-07@41719;roe:1439:1.169e-07@41706","roe:663:9.306e-08@24508"
152,res_roY0,240,1.02801e-05,1.13223e-05,1.35071e-09,1.37114e-05,1.13257e-05,5.97897e-08,0,2,1,"roUx:7:2.868e-07@41719;roe:1439:1.169e-07@41706","roe:663:9.306e-08@24508"
152,res_roY0_m,240,0,0,0,0,0,0,0,2,1,"roUx:7:2.868e-07@41719;roe:1439:1.169e-07@41706","roe:663:9.306e-08@24508"
152,res_roY1,240,1.13814e-07,1.25355e-07,1.31975e-11,1.51882e-07,1.25395e-07,1.07134e-09,0,2,1,"roUx:7:2.868e-07@41719;roe:1439:1.169e-07@41706","roe:663:9.306e-08@24508"
152,res_roY1_m,240,0,0,0,0,0,0,0,2,1,"roUx:7:2.868e-07@41719;roe:1439:1.169e-07@41706","roe:663:9.306e-08@24508"
152,res_ro_m,240,0,0,0,0,0,0,0,2,1,"roUx:7:2.868e-07@41719;roe:1439:1.169e-07@41706","roe:663:9.306e-08@24508"
152,res_roe,240,0.160875,0.197178,7.5336e-07,0.218093,0.19832,0.0119312,0,2,1,"roUx:7:2.868e-07@41719;roe:1439:1.169e-07@41706","roe:663:9.306e-08@24508"
152,res_roe_m,240,0,0,0,0,0,0,0,2,1,"roUx:7:2.868e-07@41719;roe:1439:1.169e-07@41706","roe:663:9.306e-08@24508"
153,res_ro,240,1.36979e-05,1.46756e-05,4.65662e-10,1.85045e-05,1.46773e-05,5.14534e-08,0,2,2,"roUx:12:2.191e-07@41667;roe:1470:1.169e-07@41678","roUx:1:7.170e-08@41678;roe:682:9.263e-08@24315"
153,res_roK,240,1.07719e-05,1.01437e-05,2.63535e-09,0.000288442,1.13466e-05,4.41596e-06,0,2,2,"roUx:12:2.191e-07@41667;roe:1470:1.169e-07@41678","roUx:1:7.170e-08@41678;roe:682:9.263e-08@24315"
153,res_roK_m,240,0,0,0,0,0,0,0,2,2,"roUx:12:2.191e-07@41667;roe:1470:1.169e-07@41678","roUx:1:7.170e-08@41678;roe:682:9.263e-08@24315"
153,res_roOmega,240,30.9569,50.8765,0.00201363,54525.5,1147,741.558,0,2,2,"roUx:12:2.191e-07@41667;roe:1470:1.169e-07@41678","roUx:1:7.170e-08@41678;roe:682:9.263e-08@24315"
153,res_roOmega_m,240,0,0,0,0,0,0,0,2,2,"roUx:12:2.191e-07@41667;roe:1470:1.169e-07@41678","roUx:1:7.170e-08@41678;roe:682:9.263e-08@24315"
153,res_roUx,240,0.00216236,0.00288863,1.95204e-08,0.00459944,0.00288993,2.68506e-05,0,2,2,"roUx:12:2.191e-07@41667;roe:1470:1.169e-07@41678","roUx:1:7.170e-08@41678;roe:682:9.263e-08@24315"
153,res_roUx_m,240,0,0,0,0,0,0,0,2,2,"roUx:12:2.191e-07@41667;roe:1470:1.169e-07@41678","roUx:1:7.170e-08@41678;roe:682:9.263e-08@24315"
153,res_roUy,240,0.00168824,0.000479754,2.75392e-06,0.00186774,0.000500701,5.86907e-05,0,2,2,"roUx:12:2.191e-07@41667;roe:1470:1.169e-07@41678","roUx:1:7.170e-08@41678;roe:682:9.263e-08@24315"
153,res_roUy_m,240,0,0,0,0,0,0,0,2,2,"roUx:12:2.191e-07@41667;roe:1470:1.169e-07@41678","roUx:1:7.170e-08@41678;roe:682:9.263e-08@24315"
153,res_roUz,240,0,0,0,0,0,0,0,2,2,"roUx:12:2.191e-07@41667;roe:1470:1.169e-07@41678","roUx:1:7.170e-08@41678;roe:682:9.263e-08@24315"
153,res_roUz_m,240,0,0,0,0,0,0,0,2,2,"roUx:12:2.191e-07@41667;roe:1470:1.169e-07@41678","roUx:1:7.170e-08@41678;roe:682:9.263e-08@24315"
153,res_roY0,240,9.58865e-06,1.00352e-05,1.0304e-09,1.55994e-05,1.00377e-05,5.71694e-08,0,2,2,"roUx:12:2.191e-07@41667;roe:1470:1.169e-07@41678","roUx:1:7.170e-08@41678;roe:682:9.263e-08@24315"
153,res_roY0_m,240,0,0,0,0,0,0,0,2,2,"roUx:12:2.191e-07@41667;roe:1470:1.169e-07@41678","roUx:1:7.170e-08@41678;roe:682:9.263e-08@24315"
153,res_roY1,240,1.06168e-07,1.11102e-07,1.11992e-11,1.72775e-07,1.11132e-07,1.02892e-09,0,2,2,"roUx:12:2.191e-07@41667;roe:1470:1.169e-07@41678","roUx:1:7.170e-08@41678;roe:682:9.263e-08@24315"
153,res_roY1_m,240,0,0,0,0,0,0,0,2,2,"roUx:12:2.191e-07@41667;roe:1470:1.169e-07@41678","roUx:1:7.170e-08@41678;roe:682:9.263e-08@24315"
153,res_ro_m,240,0,0,0,0,0,0,0,2,2,"roUx:12:2.191e-07@41667;roe:1470:1.169e-07@41678","roUx:1:7.170e-08@41678;roe:682:9.263e-08@24315"
153,res_roe,240,0.141049,0.183493,7.63032e-06,0.213486,0.184875,0.0109919,0,2,2,"roUx:12:2.191e-07@41667;roe:1470:1.169e-07@41678","roUx:1:7.170e-08@41678;roe:682:9.263e-08@24315"
153,res_roe_m,240,0,0,0,0,0,0,0,2,2,"roUx:12:2.191e-07@41667;roe:1470:1.169e-07@41678","roUx:1:7.170e-08@41678;roe:682:9.263e-08@24315"
154,res_ro,240,1.2913e-05,1.37783e-05,3.6663e-12,1.59793e-05,1.37803e-05,5.21781e-08,0,2,1,"roUx:6:1.459e-07@41729;roe:1475:9.587e-08@26168","roe:686:9.291e-08@24389"
154,res_roK,240,1.01411e-05,9.6203e-06,3.57629e-09,0.000289324,1.0906e-05,4.11298e-06,0,2,1,"roUx:6:1.459e-07@41729;roe:1475:9.587e-08@26168","roe:686:9.291e-08@24389"
154,res_roK_m,240,0,0,0,0,0,0,0,2,1,"roUx:6:1.459e-07@41729;roe:1475:9.587e-08@26168","roe:686:9.291e-08@24389"
154,res_roOmega,240,45.7319,57.2175,8.14814e-06,78712.2,1031.71,772.762,0,2,1,"roUx:6:1.459e-07@41729;roe:1475:9.587e-08@26168","roe:686:9.291e-08@24389"
154,res_roOmega_m,240,0,0,0,0,0,0,0,2,1,"roUx:6:1.459e-07@41729;roe:1475:9.587e-08@26168","roe:686:9.291e-08@24389"
154,res_roUx,240,0.00205865,0.00276322,2.18486e-08,0.00462444,0.00276438,2.95883e-05,0,2,1,"roUx:6:1.459e-07@41729;roe:1475:9.587e-08@26168","roe:686:9.291e-08@24389"
154,res_roUx_m,240,0,0,0,0,0,0,0,2,1,"roUx:6:1.459e-07@41729;roe:1475:9.587e-08@26168","roe:686:9.291e-08@24389"
154,res_roUy,240,0.00153475,0.000519155,2.75539e-06,0.00173259,0.000531264,6.08989e-05,0,2,1,"roUx:6:1.459e-07@41729;roe:1475:9.587e-08@26168","roe:686:9.291e-08@24389"
154,res_roUy_m,240,0,0,0,0,0,0,0,2,1,"roUx:6:1.459e-07@41729;roe:1475:9.587e-08@26168","roe:686:9.291e-08@24389"
154,res_roUz,240,0,0,0,0,0,0,0,2,1,"roUx:6:1.459e-07@41729;roe:1475:9.587e-08@26168","roe:686:9.291e-08@24389"
154,res_roUz_m,240,0,0,0,0,0,0,0,2,1,"roUx:6:1.459e-07@41729;roe:1475:9.587e-08@26168","roe:686:9.291e-08@24389"
154,res_roY0,240,8.99067e-06,9.51972e-06,8.4696e-10,1.29416e-05,9.52249e-06,5.85018e-08,0,2,1,"roUx:6:1.459e-07@41729;roe:1475:9.587e-08@26168","roe:686:9.291e-08@24389"
154,res_roY0_m,240,0,0,0,0,0,0,0,2,1,"roUx:6:1.459e-07@41729;roe:1475:9.587e-08@26168","roe:686:9.291e-08@24389"
154,res_roY1,240,9.9531e-08,1.05398e-07,1.66818e-11,1.43292e-07,1.05432e-07,1.05825e-09,0,2,1,"roUx:6:1.459e-07@41729;roe:1475:9.587e-08@26168","roe:686:9.291e-08@24389"
154,res_roY1_m,240,0,0,0,0,0,0,0,2,1,"roUx:6:1.459e-07@41729;roe:1475:9.587e-08@26168","roe:686:9.291e-08@24389"
154,res_ro_m,240,0,0,0,0,0,0,0,2,1,"roUx:6:1.459e-07@41729;roe:1475:9.587e-08@26168","roe:686:9.291e-08@24389"
154,res_roe,240,0.139094,0.17647,4.95117e-07,0.193072,0.17773,0.0116122,0,2,1,"roUx:6:1.459e-07@41729;roe:1475:9.587e-08@26168","roe:686:9.291e-08@24389"
154,res_roe_m,240,0,0,0,0,0,0,0,2,1,"roUx:6:1.459e-07@41729;roe:1475:9.587e-08@26168","roe:686:9.291e-08@24389"
155,res_ro,240,1.38165e-05,1.73591e-05,5.82077e-11,1.75072e-05,1.73611e-05,5.24823e-08,0,2,1,"roUx:5:2.263e-07@41640;roe:1501:9.547e-08@25608","roe:689:9.329e-08@14876"
155,res_roK,240,1.09306e-05,1.204e-05,2.9367e-09,0.000286076,1.3215e-05,3.94666e-06,0,2,1,"roUx:5:2.263e-07@41640;roe:1501:9.547e-08@25608","roe:689:9.329e-08@14876"
155,res_roK_m,240,0,0,0,0,0,0,0,2,1,"roUx:5:2.263e-07@41640;roe:1501:9.547e-08@25608","roe:689:9.329e-08@14876"
155,res_roOmega,240,70.9669,120.588,0.00285058,72321.6,1131.8,867.899,0,2,1,"roUx:5:2.263e-07@41640;roe:1501:9.547e-08@25608","roe:689:9.329e-08@14876"
155,res_roOmega_m,240,0,0,0,0,0,0,0,2,1,"roUx:5:2.263e-07@41640;roe:1501:9.547e-08@25608","roe:689:9.329e-08@14876"
155,res_roUx,240,0.00217673,0.00339251,2.27756e-10,0.00437393,0.00339381,2.86521e-05,0,2,1,"roUx:5:2.263e-07@41640;roe:1501:9.547e-08@25608","roe:689:9.329e-08@14876"
155,res_roUx_m,240,0,0,0,0,0,0,0,2,1,"roUx:5:2.263e-07@41640;roe:1501:9.547e-08@25608","roe:689:9.329e-08@14876"
155,res_roUy,240,0.00135477,0.000448182,3.18769e-11,0.00148795,0.000462967,6.82848e-05,0,2,1,"roUx:5:2.263e-07@41640;roe:1501:9.547e-08@25608","roe:689:9.329e-08@14876"
155,res_roUy_m,240,0,0,0,0,0,0,0,2,1,"roUx:5:2.263e-07@41640;roe:1501:9.547e-08@25608","roe:689:9.329e-08@14876"
155,res_roUz,240,0,0,0,0,0,0,0,2,1,"roUx:5:2.263e-07@41640;roe:1501:9.547e-08@25608","roe:689:9.329e-08@14876"
155,res_roUz_m,240,0,0,0,0,0,0,0,2,1,"roUx:5:2.263e-07@41640;roe:1501:9.547e-08@25608","roe:689:9.329e-08@14876"
155,res_roY0,240,9.65652e-06,1.19111e-05,2.75386e-09,1.43645e-05,1.19139e-05,5.84926e-08,0,2,1,"roUx:5:2.263e-07@41640;roe:1501:9.547e-08@25608","roe:689:9.329e-08@14876"
155,res_roY0_m,240,0,0,0,0,0,0,0,2,1,"roUx:5:2.263e-07@41640;roe:1501:9.547e-08@25608","roe:689:9.329e-08@14876"
155,res_roY1,240,1.06916e-07,1.31873e-07,4.35878e-11,1.59114e-07,1.31907e-07,9.58736e-10,0,2,1,"roUx:5:2.263e-07@41640;roe:1501:9.547e-08@25608","roe:689:9.329e-08@14876"
155,res_roY1_m,240,0,0,0,0,0,0,0,2,1,"roUx:5:2.263e-07@41640;roe:1501:9.547e-08@25608","roe:689:9.329e-08@14876"
155,res_ro_m,240,0,0,0,0,0,0,0,2,1,"roUx:5:2.263e-07@41640;roe:1501:9.547e-08@25608","roe:689:9.329e-08@14876"
155,res_roe,240,0.149533,0.218682,2.4131e-05,0.21707,0.219952,0.0104386,0,2,1,"roUx:5:2.263e-07@41640;roe:1501:9.547e-08@25608","roe:689:9.329e-08@14876"
155,res_roe_m,240,0,0,0,0,0,0,0,2,1,"roUx:5:2.263e-07@41640;roe:1501:9.547e-08@25608","roe:689:9.329e-08@14876"
156,res_ro,240,1.40416e-05,1.55301e-05,4.06828e-12,1.60671e-05,1.55332e-05,5.01927e-08,0,2,1,"roUx:4:2.195e-07@41733;roe:1516:1.169e-07@41733","roe:692:9.332e-08@14948"
156,res_roK,240,1.10736e-05,1.07872e-05,2.75884e-09,0.000284599,1.19842e-05,4.43024e-06,0,2,1,"roUx:4:2.195e-07@41733;roe:1516:1.169e-07@41733","roe:692:9.332e-08@14948"
156,res_roK_m,240,0,0,0,0,0,0,0,2,1,"roUx:4:2.195e-07@41733;roe:1516:1.169e-07@41733","roe:692:9.332e-08@14948"
156,res_roOmega,240,68.8426,298.568,0.00201371,39129.4,985.204,715.608,0,2,1,"roUx:4:2.195e-07@41733;roe:1516:1.169e-07@41733","roe:692:9.332e-08@14948"
156,res_roOmega_m,240,0,0,0,0,0,0,0,2,1,"roUx:4:2.195e-07@41733;roe:1516:1.169e-07@41733","roe:692:9.332e-08@14948"
156,res_roUx,240,0.00227017,0.00306754,2.05697e-08,0.00391674,0.00306962,3.07721e-05,0,2,1,"roUx:4:2.195e-07@41733;roe:1516:1.169e-07@41733","roe:692:9.332e-08@14948"
156,res_roUx_m,240,0,0,0,0,0,0,0,2,1,"roUx:4:2.195e-07@41733;roe:1516:1.169e-07@41733","roe:692:9.332e-08@14948"
156,res_roUy,240,0.00154015,0.000508803,2.76552e-06,0.00182139,0.000522206,6.25125e-05,0,2,1,"roUx:4:2.195e-07@41733;roe:1516:1.169e-07@41733","roe:692:9.332e-08@14948"
156,res_roUy_m,240,0,0,0,0,0,0,0,2,1,"roUx:4:2.195e-07@41733;roe:1516:1.169e-07@41733","roe:692:9.332e-08@14948"
156,res_roUz,240,0,0,0,0,0,0,0,2,1,"roUx:4:2.195e-07@41733;roe:1516:1.169e-07@41733","roe:692:9.332e-08@14948"
156,res_roUz_m,240,0,0,0,0,0,0,0,2,1,"roUx:4:2.195e-07@41733;roe:1516:1.169e-07@41733","roe:692:9.332e-08@14948"
156,res_roY0,240,9.8068e-06,1.06746e-05,5.90536e-10,1.24842e-05,1.0679e-05,5.69333e-08,0,2,1,"roUx:4:2.195e-07@41733;roe:1516:1.169e-07@41733","roe:692:9.332e-08@14948"
156,res_roY0_m,240,0,0,0,0,0,0,0,2,1,"roUx:4:2.195e-07@41733;roe:1516:1.169e-07@41733","roe:692:9.332e-08@14948"
156,res_roY1,240,1.08554e-07,1.18182e-07,1.408e-11,1.38261e-07,1.18234e-07,1.0263e-09,0,2,1,"roUx:4:2.195e-07@41733;roe:1516:1.169e-07@41733","roe:692:9.332e-08@14948"
156,res_roY1_m,240,0,0,0,0,0,0,0,2,1,"roUx:4:2.195e-07@41733;roe:1516:1.169e-07@41733","roe:692:9.332e-08@14948"
156,res_ro_m,240,0,0,0,0,0,0,0,2,1,"roUx:4:2.195e-07@41733;roe:1516:1.169e-07@41733","roe:692:9.332e-08@14948"
156,res_roe,240,0.165926,0.178056,2.09941e-09,0.21552,0.179497,0.0121028,0,2,1,"roUx:4:2.195e-07@41733;roe:1516:1.169e-07@41733","roe:692:9.332e-08@14948"
156,res_roe_m,240,0,0,0,0,0,0,0,2,1,"roUx:4:2.195e-07@41733;roe:1516:1.169e-07@41733","roe:692:9.332e-08@14948"
157,res_ro,240,1.35905e-05,1.50445e-05,0,1.81936e-05,1.50484e-05,5.01908e-08,0,2,1,"roUx:7:2.194e-07@41663;roe:1505:9.587e-08@26049","roe:680:9.332e-08@14948"
157,res_roK,240,1.08702e-05,1.03306e-05,1.02198e-09,0.000283868,1.15062e-05,3.9892e-06,0,2,1,"roUx:7:2.194e-07@41663;roe:1505:9.587e-08@26049","roe:680:9.332e-08@14948"
157,res_roK_m,240,0,0,0,0,0,0,0,2,1,"roUx:7:2.194e-07@41663;roe:1505:9.587e-08@26049","roe:680:9.332e-08@14948"
157,res_roOmega,240,190.756,370.414,0.00196856,41859.2,1141.04,784.169,0,2,1,"roUx:7:2.194e-07@41663;roe:1505:9.587e-08@26049","roe:680:9.332e-08@14948"
157,res_roOmega_m,240,0,0,0,0,0,0,0,2,1,"roUx:7:2.194e-07@41663;roe:1505:9.587e-08@26049","roe:680:9.332e-08@14948"
157,res_roUx,240,0.0022638,0.00301658,3.79527e-10,0.004255,0.00301925,2.97237e-05,0,2,1,"roUx:7:2.194e-07@41663;roe:1505:9.587e-08@26049","roe:680:9.332e-08@14948"
157,res_roUx_m,240,0,0,0,0,0,0,0,2,1,"roUx:7:2.194e-07@41663;roe:1505:9.587e-08@26049","roe:680:9.332e-08@14948"
157,res_roUy,240,0.00177481,0.000403369,3.6226e-11,0.00199273,0.000419775,6.40979e-05,0,2,1,"roUx:7:2.194e-07@41663;roe:1505:9.587e-08@26049","roe:680:9.332e-08@14948"
157,res_roUy_m,240,0,0,0,0,0,0,0,2,1,"roUx:7:2.194e-07@41663;roe:1505:9.587e-08@26049","roe:680:9.332e-08@14948"
157,res_roUz,240,0,0,0,0,0,0,0,2,1,"roUx:7:2.194e-07@41663;roe:1505:9.587e-08@26049","roe:680:9.332e-08@14948"
157,res_roUz_m,240,0,0,0,0,0,0,0,2,1,"roUx:7:2.194e-07@41663;roe:1505:9.587e-08@26049","roe:680:9.332e-08@14948"
157,res_roY0,240,9.4189e-06,1.02193e-05,1.5906e-09,1.5226e-05,1.02251e-05,5.98342e-08,0,2,1,"roUx:7:2.194e-07@41663;roe:1505:9.587e-08@26049","roe:680:9.332e-08@14948"
157,res_roY0_m,240,0,0,0,0,0,0,0,2,1,"roUx:7:2.194e-07@41663;roe:1505:9.587e-08@26049","roe:680:9.332e-08@14948"
157,res_roY1,240,1.04301e-07,1.13141e-07,1.81547e-11,1.68645e-07,1.13207e-07,1.01576e-09,0,2,1,"roUx:7:2.194e-07@41663;roe:1505:9.587e-08@26049","roe:680:9.332e-08@14948"
157,res_roY1_m,240,0,0,0,0,0,0,0,2,1,"roUx:7:2.194e-07@41663;roe:1505:9.587e-08@26049","roe:680:9.332e-08@14948"
157,res_ro_m,240,0,0,0,0,0,0,0,2,1,"roUx:7:2.194e-07@41663;roe:1505:9.587e-08@26049","roe:680:9.332e-08@14948"
157,res_roe,240,0.166966,0.218284,6.39751e-06,0.249156,0.21952,0.0121324,0,2,1,"roUx:7:2.194e-07@41663;roe:1505:9.587e-08@26049","roe:680:9.332e-08@14948"
157,res_roe_m,240,0,0,0,0,0,0,0,2,1,"roUx:7:2.194e-07@41663;roe:1505:9.587e-08@26049","roe:680:9.332e-08@14948"
158,res_ro,240,1.33457e-05,1.53208e-05,7.50029e-12,1.71586e-05,1.53249e-05,5.08763e-08,0,5,1,"ro:1:8.682e-08@41647;roUx:9:2.196e-07@41741;roY0:1:8.778e-08@41647;roY1:1:6.194e-08@41647;roe:1528:9.664e-08@15194","roe:691:9.332e-08@14948"
158,res_roK,240,1.11327e-05,1.06518e-05,1.53139e-09,0.000282937,1.19053e-05,4.01398e-06,0,5,1,"ro:1:8.682e-08@41647;roUx:9:2.196e-07@41741;roY0:1:8.778e-08@41647;roY1:1:6.194e-08@41647;roe:1528:9.664e-08@15194","roe:691:9.332e-08@14948"
158,res_roK_m,240,0,0,0,0,0,0,0,5,1,"ro:1:8.682e-08@41647;roUx:9:2.196e-07@41741;roY0:1:8.778e-08@41647;roY1:1:6.194e-08@41647;roe:1528:9.664e-08@15194","roe:691:9.332e-08@14948"
158,res_roOmega,240,295.703,456.828,2.95978e-06,91427.8,1114.73,726.911,0,5,1,"ro:1:8.682e-08@41647;roUx:9:2.196e-07@41741;roY0:1:8.778e-08@41647;roY1:1:6.194e-08@41647;roe:1528:9.664e-08@15194","roe:691:9.332e-08@14948"
158,res_roOmega_m,240,0,0,0,0,0,0,0,5,1,"ro:1:8.682e-08@41647;roUx:9:2.196e-07@41741;roY0:1:8.778e-08@41647;roY1:1:6.194e-08@41647;roe:1528:9.664e-08@15194","roe:691:9.332e-08@14948"
158,res_roUx,240,0.0021671,0.00320694,1.71306e-08,0.00410107,0.00320962,3.82591e-05,0,5,1,"ro:1:8.682e-08@41647;roUx:9:2.196e-07@41741;roY0:1:8.778e-08@41647;roY1:1:6.194e-08@41647;roe:1528:9.664e-08@15194","roe:691:9.332e-08@14948"
158,res_roUx_m,240,0,0,0,0,0,0,0,5,1,"ro:1:8.682e-08@41647;roUx:9:2.196e-07@41741;roY0:1:8.778e-08@41647;roY1:1:6.194e-08@41647;roe:1528:9.664e-08@15194","roe:691:9.332e-08@14948"
158,res_roUy,240,0.00204524,0.00055415,2.7901e-06,0.00239555,0.000573016,0.000103742,0,5,1,"ro:1:8.682e-08@41647;roUx:9:2.196e-07@41741;roY0:1:8.778e-08@41647;roY1:1:6.194e-08@41647;roe:1528:9.664e-08@15194","roe:691:9.332e-08@14948"
158,res_roUy_m,240,0,0,0,0,0,0,0,5,1,"ro:1:8.682e-08@41647;roUx:9:2.196e-07@41741;roY0:1:8.778e-08@41647;roY1:1:6.194e-08@41647;roe:1528:9.664e-08@15194","roe:691:9.332e-08@14948"
158,res_roUz,240,0,0,0,0,0,0,0,5,1,"ro:1:8.682e-08@41647;roUx:9:2.196e-07@41741;roY0:1:8.778e-08@41647;roY1:1:6.194e-08@41647;roe:1528:9.664e-08@15194","roe:691:9.332e-08@14948"
158,res_roUz_m,240,0,0,0,0,0,0,0,5,1,"ro:1:8.682e-08@41647;roUx:9:2.196e-07@41741;roY0:1:8.778e-08@41647;roY1:1:6.194e-08@41647;roe:1528:9.664e-08@15194","roe:691:9.332e-08@14948"
158,res_roY0,240,9.3304e-06,1.05449e-05,1.16415e-10,1.41705e-05,1.05507e-05,5.71703e-08,0,5,1,"ro:1:8.682e-08@41647;roUx:9:2.196e-07@41741;roY0:1:8.778e-08@41647;roY1:1:6.194e-08@41647;roe:1528:9.664e-08@15194","roe:691:9.332e-08@14948"
158,res_roY0_m,240,0,0,0,0,0,0,0,5,1,"ro:1:8.682e-08@41647;roUx:9:2.196e-07@41741;roY0:1:8.778e-08@41647;roY1:1:6.194e-08@41647;roe:1528:9.664e-08@15194","roe:691:9.332e-08@14948"
158,res_roY1,240,1.03293e-07,1.16744e-07,2.89623e-12,1.56927e-07,1.16811e-07,1.03715e-09,0,5,1,"ro:1:8.682e-08@41647;roUx:9:2.196e-07@41741;roY0:1:8.778e-08@41647;roY1:1:6.194e-08@41647;roe:1528:9.664e-08@15194","roe:691:9.332e-08@14948"
158,res_roY1_m,240,0,0,0,0,0,0,0,5,1,"ro:1:8.682e-08@41647;roUx:9:2.196e-07@41741;roY0:1:8.778e-08@41647;roY1:1:6.194e-08@41647;roe:1528:9.664e-08@15194","roe:691:9.332e-08@14948"
158,res_ro_m,240,0,0,0,0,0,0,0,5,1,"ro:1:8.682e-08@41647;roUx:9:2.196e-07@41741;roY0:1:8.778e-08@41647;roY1:1:6.194e-08@41647;roe:1528:9.664e-08@15194","roe:691:9.332e-08@14948"
158,res_roe,240,0.170436,0.187236,2.83796e-09,0.231242,0.188712,0.0103258,0,5,1,"ro:1:8.682e-08@41647;roUx:9:2.196e-07@41741;roY0:1:8.778e-08@41647;roY1:1:6.194e-08@41647;roe:1528:9.664e-08@15194","roe:691:9.332e-08@14948"
158,res_roe_m,240,0,0,0,0,0,0,0,5,1,"ro:1:8.682e-08@41647;roUx:9:2.196e-07@41741;roY0:1:8.778e-08@41647;roY1:1:6.194e-08@41647;roe:1528:9.664e-08@15194","roe:691:9.332e-08@14948"
159,res_ro,240,1.28449e-05,1.67492e-05,0,1.4325e-05,1.6753e-05,5.01023e-08,0,2,1,"roUx:10:2.127e-07@41691;roe:1487:1.169e-07@41706","roe:644:8.879e-08@23328"
159,res_roK,240,1.06046e-05,1.15583e-05,2.26635e-09,0.000279987,1.27036e-05,4.27506e-06,0,2,1,"roUx:10:2.127e-07@41691;roe:1487:1.169e-07@41706","roe:644:8.879e-08@23328"
159,res_roK_m,240,0,0,0,0,0,0,0,2,1,"roUx:10:2.127e-07@41691;roe:1487:1.169e-07@41706","roe:644:8.879e-08@23328"
159,res_roOmega,240,368.916,513.232,7.0008e-05,22301.9,1122.78,735.436,0,2,1,"roUx:10:2.127e-07@41691;roe:1487:1.169e-07@41706","roe:644:8.879e-08@23328"
159,res_roOmega_m,240,0,0,0,0,0,0,0,2,1,"roUx:10:2.127e-07@41691;roe:1487:1.169e-07@41706","roe:644:8.879e-08@23328"
159,res_roUx,240,0.00200172,0.00331993,1.49653e-11,0.00339397,0.00332248,3.1215e-05,0,2,1,"roUx:10:2.127e-07@41691;roe:1487:1.169e-07@41706","roe:644:8.879e-08@23328"
159,res_roUx_m,240,0,0,0,0,0,0,0,2,1,"roUx:10:2.127e-07@41691;roe:1487:1.169e-07@41706","roe:644:8.879e-08@23328"
159,res_roUy,240,0.00179671,0.000486043,2.7961e-06,0.00204037,0.000499602,6.92872e-05,0,2,1,"roUx:10:2.127e-07@41691;roe:1487:1.169e-07@41706","roe:644:8.879e-08@23328"
159,res_roUy_m,240,0,0,0,0,0,0,0,2,1,"roUx:10:2.127e-07@41691;roe:1487:1.169e-07@41706","roe:644:8.879e-08@23328"
159,res_roUz,240,0,0,0,0,0,0,0,2,1,"roUx:10:2.127e-07@41691;roe:1487:1.169e-07@41706","roe:644:8.879e-08@23328"
159,res_roUz_m,240,0,0,0,0,0,0,0,2,1,"roUx:10:2.127e-07@41691;roe:1487:1.169e-07@41706","roe:644:8.879e-08@23328"
159,res_roY0,240,8.78112e-06,1.14331e-05,1.41806e-09,1.07909e-05,1.14386e-05,5.53901e-08,0,2,1,"roUx:10:2.127e-07@41691;roe:1487:1.169e-07@41706","roe:644:8.879e-08@23328"
159,res_roY0_m,240,0,0,0,0,0,0,0,2,1,"roUx:10:2.127e-07@41691;roe:1487:1.169e-07@41706","roe:644:8.879e-08@23328"
159,res_roY1,240,9.72289e-08,1.26579e-07,2.33969e-11,1.19554e-07,1.26643e-07,1.05103e-09,0,2,1,"roUx:10:2.127e-07@41691;roe:1487:1.169e-07@41706","roe:644:8.879e-08@23328"
159,res_roY1_m,240,0,0,0,0,0,0,0,2,1,"roUx:10:2.127e-07@41691;roe:1487:1.169e-07@41706","roe:644:8.879e-08@23328"
159,res_ro_m,240,0,0,0,0,0,0,0,2,1,"roUx:10:2.127e-07@41691;roe:1487:1.169e-07@41706","roe:644:8.879e-08@23328"
159,res_roe,240,0.175062,0.23684,2.6974e-06,0.227329,0.237927,0.0114201,0,2,1,"roUx:10:2.127e-07@41691;roe:1487:1.169e-07@41706","roe:644:8.879e-08@23328"
159,res_roe_m,240,0,0,0,0,0,0,0,2,1,"roUx:10:2.127e-07@41691;roe:1487:1.169e-07@41706","roe:644:8.879e-08@23328"
160,res_ro,240,1.38649e-05,1.48389e-05,7.51414e-12,1.52586e-05,1.48429e-05,4.90653e-08,0,5,1,"ro:1:8.690e-08@41725;roUx:10:2.151e-07@41678;roY0:1:8.787e-08@41725;roY1:1:6.200e-08@41725;roe:1507:1.169e-07@41706","roe:681:9.054e-08@24277"
160,res_roK,240,1.13358e-05,1.03842e-05,3.50423e-09,0.000278343,1.15991e-05,4.38094e-06,0,5,1,"ro:1:8.690e-08@41725;roUx:10:2.151e-07@41678;roY0:1:8.787e-08@41725;roY1:1:6.200e-08@41725;roe:1507:1.169e-07@41706","roe:681:9.054e-08@24277"
160,res_roK_m,240,0,0,0,0,0,0,0,5,1,"ro:1:8.690e-08@41725;roUx:10:2.151e-07@41678;roY0:1:8.787e-08@41725;roY1:1:6.200e-08@41725;roe:1507:1.169e-07@41706","roe:681:9.054e-08@24277"
160,res_roOmega,240,341.598,562.138,0.00201354,37326.1,1153.79,723.502,0,5,1,"ro:1:8.690e-08@41725;roUx:10:2.151e-07@41678;roY0:1:8.787e-08@41725;roY1:1:6.200e-08@41725;roe:1507:1.169e-07@41706","roe:681:9.054e-08@24277"
160,res_roOmega_m,240,0,0,0,0,0,0,0,5,1,"ro:1:8.690e-08@41725;roUx:10:2.151e-07@41678;roY0:1:8.787e-08@41725;roY1:1:6.200e-08@41725;roe:1507:1.169e-07@41706","roe:681:9.054e-08@24277"
160,res_roUx,240,0.00212958,0.00289561,2.26074e-08,0.00354415,0.00289847,3.55033e-05,0,5,1,"ro:1:8.690e-08@41725;roUx:10:2.151e-07@41678;roY0:1:8.787e-08@41725;roY1:1:6.200e-08@41725;roe:1507:1.169e-07@41706","roe:681:9.054e-08@24277"
160,res_roUx_m,240,0,0,0,0,0,0,0,5,1,"ro:1:8.690e-08@41725;roUx:10:2.151e-07@41678;roY0:1:8.787e-08@41725;roY1:1:6.200e-08@41725;roe:1507:1.169e-07@41706","roe:681:9.054e-08@24277"
160,res_roUy,240,0.00183248,0.000522313,1.87014e-11,0.00204307,0.00053762,8.87632e-05,0,5,1,"ro:1:8.690e-08@41725;roUx:10:2.151e-07@41678;roY0:1:8.787e-08@41725;roY1:1:6.200e-08@41725;roe:1507:1.169e-07@41706","roe:681:9.054e-08@24277"
160,res_roUy_m,240,0,0,0,0,0,0,0,5,1,"ro:1:8.690e-08@41725;roUx:10:2.151e-07@41678;roY0:1:8.787e-08@41725;roY1:1:6.200e-08@41725;roe:1507:1.169e-07@41706","roe:681:9.054e-08@24277"
160,res_roUz,240,0,0,0,0,0,0,0,5,1,"ro:1:8.690e-08@41725;roUx:10:2.151e-07@41678;roY0:1:8.787e-08@41725;roY1:1:6.200e-08@41725;roe:1507:1.169e-07@41706","roe:681:9.054e-08@24277"
160,res_roUz_m,240,0,0,0,0,0,0,0,5,1,"ro:1:8.690e-08@41725;roUx:10:2.151e-07@41678;roY0:1:8.787e-08@41725;roY1:1:6.200e-08@41725;roe:1507:1.169e-07@41706","roe:681:9.054e-08@24277"
160,res_roY0,240,9.62639e-06,1.02813e-05,3.36592e-10,1.15054e-05,1.0287e-05,5.3945e-08,0,5,1,"ro:1:8.690e-08@41725;roUx:10:2.151e-07@41678;roY0:1:8.787e-08@41725;roY1:1:6.200e-08@41725;roe:1507:1.169e-07@41706","roe:681:9.054e-08@24277"
160,res_roY0_m,240,0,0,0,0,0,0,0,5,1,"ro:1:8.690e-08@41725;roUx:10:2.151e-07@41678;roY0:1:8.787e-08@41725;roY1:1:6.200e-08@41725;roe:1507:1.169e-07@41706","roe:681:9.054e-08@24277"
160,res_roY1,240,1.06568e-07,1.13826e-07,8.35912e-12,1.27444e-07,1.13892e-07,1.03766e-09,0,5,1,"ro:1:8.690e-08@41725;roUx:10:2.151e-07@41678;roY0:1:8.787e-08@41725;roY1:1:6.200e-08@41725;roe:1507:1.169e-07@41706","roe:681:9.054e-08@24277"
160,res_roY1_m,240,0,0,0,0,0,0,0,5,1,"ro:1:8.690e-08@41725;roUx:10:2.151e-07@41678;roY0:1:8.787e-08@41725;roY1:1:6.200e-08@41725;roe:1507:1.169e-07@41706","roe:681:9.054e-08@24277"
160,res_ro_m,240,0,0,0,0,0,0,0,5,1,"ro:1:8.690e-08@41725;roUx:10:2.151e-07@41678;roY0:1:8.787e-08@41725;roY1:1:6.200e-08@41725;roe:1507:1.169e-07@41706","roe:681:9.054e-08@24277"
160,res_roe,240,0.185682,0.190615,5.87892e-06,0.231601,0.191834,0.010415,0,5,1,"ro:1:8.690e-08@41725;roUx:10:2.151e-07@41678;roY0:1:8.787e-08@41725;roY1:1:6.200e-08@41725;roe:1507:1.169e-07@41706","roe:681:9.054e-08@24277"
160,res_roe_m,240,0,0,0,0,0,0,0,5,1,"ro:1:8.690e-08@41725;roUx:10:2.151e-07@41678;roY0:1:8.787e-08@41725;roY1:1:6.200e-08@41725;roe:1507:1.169e-07@41706","roe:681:9.054e-08@24277"
161,res_ro,240,1.53004e-05,1.7702e-05,0,1.77745e-05,1.77051e-05,4.75101e-08,0,2,1,"roUx:4:2.127e-07@41691;roe:1480:9.725e-08@25613","roe:674:9.332e-08@14948"
161,res_roK,240,1.2417e-05,1.21076e-05,1.46109e-09,0.000276214,1.31482e-05,4.28062e-06,0,2,1,"roUx:4:2.127e-07@41691;roe:1480:9.725e-08@25613","roe:674:9.332e-08@14948"
161,res_roK_m,240,0,0,0,0,0,0,0,2,1,"roUx:4:2.127e-07@41691;roe:1480:9.725e-08@25613","roe:674:9.332e-08@14948"
161,res_roOmega,240,261.693,596.008,6.11174e-05,30449.8,1359.56,837.495,0,2,1,"roUx:4:2.127e-07@41691;roe:1480:9.725e-08@25613","roe:674:9.332e-08@14948"
161,res_roOmega_m,240,0,0,0,0,0,0,0,2,1,"roUx:4:2.127e-07@41691;roe:1480:9.725e-08@25613","roe:674:9.332e-08@14948"
161,res_roUx,240,0.00237963,0.00349279,5.25188e-10,0.00301851,0.00349492,3.0391e-05,0,2,1,"roUx:4:2.127e-07@41691;roe:1480:9.725e-08@25613","roe:674:9.332e-08@14948"
161,res_roUx_m,240,0,0,0,0,0,0,0,2,1,"roUx:4:2.127e-07@41691;roe:1480:9.725e-08@25613","roe:674:9.332e-08@14948"
161,res_roUy,240,0.00189866,0.000623362,1.8275e-11,0.00203705,0.000634297,7.02589e-05,0,2,1,"roUx:4:2.127e-07@41691;roe:1480:9.725e-08@25613","roe:674:9.332e-08@14948"
161,res_roUy_m,240,0,0,0,0,0,0,0,2,1,"roUx:4:2.127e-07@41691;roe:1480:9.725e-08@25613","roe:674:9.332e-08@14948"
161,res_roUz,240,0,0,0,0,0,0,0,2,1,"roUx:4:2.127e-07@41691;roe:1480:9.725e-08@25613","roe:674:9.332e-08@14948"
161,res_roUz_m,240,0,0,0,0,0,0,0,2,1,"roUx:4:2.127e-07@41691;roe:1480:9.725e-08@25613","roe:674:9.332e-08@14948"
161,res_roY0,240,1.06312e-05,1.19766e-05,1.34277e-09,1.38951e-05,1.19811e-05,5.54615e-08,0,2,1,"roUx:4:2.127e-07@41691;roe:1480:9.725e-08@25613","roe:674:9.332e-08@14948"
161,res_roY0_m,240,0,0,0,0,0,0,0,2,1,"roUx:4:2.127e-07@41691;roe:1480:9.725e-08@25613","roe:674:9.332e-08@14948"
161,res_roY1,240,1.1772e-07,1.326e-07,1.74197e-11,1.53915e-07,1.32653e-07,9.73834e-10,0,2,1,"roUx:4:2.127e-07@41691;roe:1480:9.725e-08@25613","roe:674:9.332e-08@14948"
161,res_roY1_m,240,0,0,0,0,0,0,0,2,1,"roUx:4:2.127e-07@41691;roe:1480:9.725e-08@25613","roe:674:9.332e-08@14948"
161,res_ro_m,240,0,0,0,0,0,0,0,2,1,"roUx:4:2.127e-07@41691;roe:1480:9.725e-08@25613","roe:674:9.332e-08@14948"
161,res_roe,240,0.177884,0.237445,9.61748e-10,0.243847,0.238589,0.0109099,0,2,1,"roUx:4:2.127e-07@41691;roe:1480:9.725e-08@25613","roe:674:9.332e-08@14948"
161,res_roe_m,240,0,0,0,0,0,0,0,2,1,"roUx:4:2.127e-07@41691;roe:1480:9.725e-08@25613","roe:674:9.332e-08@14948"
162,res_ro,240,1.71256e-05,1.58995e-05,0,1.78568e-05,1.59021e-05,4.95181e-08,0,2,1,"roUx:12:2.909e-07@41727;roe:1491:9.587e-08@26049","roe:690:9.107e-08@23960"
162,res_roK,240,1.35364e-05,1.10814e-05,1.12041e-09,0.000274844,1.22965e-05,4.33434e-06,0,2,1,"roUx:12:2.909e-07@41727;roe:1491:9.587e-08@26049","roe:690:9.107e-08@23960"
162,res_roK_m,240,0,0,0,0,0,0,0,2,1,"roUx:12:2.909e-07@41727;roe:1491:9.587e-08@26049","roe:690:9.107e-08@23960"
162,res_roOmega,240,185.911,581.721,0.00202915,24195.2,1202.33,753.968,0,2,1,"roUx:12:2.909e-07@41727;roe:1491:9.587e-08@26049","roe:690:9.107e-08@23960"
162,res_roOmega_m,240,0,0,0,0,0,0,0,2,1,"roUx:12:2.909e-07@41727;roe:1491:9.587e-08@26049","roe:690:9.107e-08@23960"
162,res_roUx,240,0.00263245,0.0031655,1.95985e-08,0.00327914,0.00316734,2.95629e-05,0,2,1,"roUx:12:2.909e-07@41727;roe:1491:9.587e-08@26049","roe:690:9.107e-08@23960"
162,res_roUx_m,240,0,0,0,0,0,0,0,2,1,"roUx:12:2.909e-07@41727;roe:1491:9.587e-08@26049","roe:690:9.107e-08@23960"
162,res_roUy,240,0.00189087,0.000721627,2.78332e-06,0.00213799,0.000730794,6.68634e-05,0,2,1,"roUx:12:2.909e-07@41727;roe:1491:9.587e-08@26049","roe:690:9.107e-08@23960"
162,res_roUy_m,240,0,0,0,0,0,0,0,2,1,"roUx:12:2.909e-07@41727;roe:1491:9.587e-08@26049","roe:690:9.107e-08@23960"
162,res_roUz,240,0,0,0,0,0,0,0,2,1,"roUx:12:2.909e-07@41727;roe:1491:9.587e-08@26049","roe:690:9.107e-08@23960"
162,res_roUz_m,240,0,0,0,0,0,0,0,2,1,"roUx:12:2.909e-07@41727;roe:1491:9.587e-08@26049","roe:690:9.107e-08@23960"
162,res_roY0,240,1.17993e-05,1.09682e-05,2.43951e-09,1.2816e-05,1.09719e-05,5.49801e-08,0,2,1,"roUx:12:2.909e-07@41727;roe:1491:9.587e-08@26049","roe:690:9.107e-08@23960"
162,res_roY0_m,240,0,0,0,0,0,0,0,2,1,"roUx:12:2.909e-07@41727;roe:1491:9.587e-08@26049","roe:690:9.107e-08@23960"
162,res_roY1,240,1.30629e-07,1.21434e-07,2.16962e-11,1.41935e-07,1.21478e-07,1.00022e-09,0,2,1,"roUx:12:2.909e-07@41727;roe:1491:9.587e-08@26049","roe:690:9.107e-08@23960"
162,res_roY1_m,240,0,0,0,0,0,0,0,2,1,"roUx:12:2.909e-07@41727;roe:1491:9.587e-08@26049","roe:690:9.107e-08@23960"
162,res_ro_m,240,0,0,0,0,0,0,0,2,1,"roUx:12:2.909e-07@41727;roe:1491:9.587e-08@26049","roe:690:9.107e-08@23960"
162,res_roe,240,0.186412,0.196612,2.50124e-09,0.23967,0.197939,0.0108183,0,2,1,"roUx:12:2.909e-07@41727;roe:1491:9.587e-08@26049","roe:690:9.107e-08@23960"
162,res_roe_m,240,0,0,0,0,0,0,0,2,1,"roUx:12:2.909e-07@41727;roe:1491:9.587e-08@26049","roe:690:9.107e-08@23960"
163,res_ro,240,1.754e-05,1.72604e-05,8.33838e-12,1.92791e-05,1.72623e-05,4.9576e-08,0,2,1,"roUx:7:2.909e-07@41670;roe:1489:9.599e-08@25259","roe:713:9.149e-08@24078"
163,res_roK,240,1.36914e-05,1.1951e-05,3.64511e-09,0.000272354,1.30387e-05,3.98804e-06,0,2,1,"roUx:7:2.909e-07@41670;roe:1489:9.599e-08@25259","roe:713:9.149e-08@24078"
163,res_roK_m,240,0,0,0,0,0,0,0,2,1,"roUx:7:2.909e-07@41670;roe:1489:9.599e-08@25259","roe:713:9.149e-08@24078"
163,res_roOmega,240,57.0389,579.321,4.02863e-06,31598.5,1271.24,766.591,0,2,1,"roUx:7:2.909e-07@41670;roe:1489:9.599e-08@25259","roe:713:9.149e-08@24078"
163,res_roOmega_m,240,0,0,0,0,0,0,0,2,1,"roUx:7:2.909e-07@41670;roe:1489:9.599e-08@25259","roe:713:9.149e-08@24078"
163,res_roUx,240,0.00275261,0.00342181,2.79373e-08,0.00398997,0.00342331,3.51691e-05,0,2,1,"roUx:7:2.909e-07@41670;roe:1489:9.599e-08@25259","roe:713:9.149e-08@24078"
163,res_roUx_m,240,0,0,0,0,0,0,0,2,1,"roUx:7:2.909e-07@41670;roe:1489:9.599e-08@25259","roe:713:9.149e-08@24078"
163,res_roUy,240,0.0019879,0.00047405,2.77786e-06,0.00223965,0.000489434,9.1393e-05,0,2,1,"roUx:7:2.909e-07@41670;roe:1489:9.599e-08@25259","roe:713:9.149e-08@24078"
163,res_roUy_m,240,0,0,0,0,0,0,0,2,1,"roUx:7:2.909e-07@41670;roe:1489:9.599e-08@25259","roe:713:9.149e-08@24078"
163,res_roUz,240,0,0,0,0,0,0,0,2,1,"roUx:7:2.909e-07@41670;roe:1489:9.599e-08@25259","roe:713:9.149e-08@24078"
163,res_roUz_m,240,0,0,0,0,0,0,0,2,1,"roUx:7:2.909e-07@41670;roe:1489:9.599e-08@25259","roe:713:9.149e-08@24078"
163,res_roY0,240,1.21752e-05,1.18255e-05,1.58137e-09,1.4523e-05,1.18282e-05,5.73563e-08,0,2,1,"roUx:7:2.909e-07@41670;roe:1489:9.599e-08@25259","roe:713:9.149e-08@24078"
163,res_roY0_m,240,0,0,0,0,0,0,0,2,1,"roUx:7:2.909e-07@41670;roe:1489:9.599e-08@25259","roe:713:9.149e-08@24078"
163,res_roY1,240,1.34808e-07,1.30922e-07,1.87619e-11,1.60862e-07,1.30955e-07,1.01911e-09,0,2,1,"roUx:7:2.909e-07@41670;roe:1489:9.599e-08@25259","roe:713:9.149e-08@24078"
163,res_roY1_m,240,0,0,0,0,0,0,0,2,1,"roUx:7:2.909e-07@41670;roe:1489:9.599e-08@25259","roe:713:9.149e-08@24078"
163,res_ro_m,240,0,0,0,0,0,0,0,2,1,"roUx:7:2.909e-07@41670;roe:1489:9.599e-08@25259","roe:713:9.149e-08@24078"
163,res_roe,240,0.184569,0.224108,1.35003e-06,0.245024,0.225448,0.0108331,0,2,1,"roUx:7:2.909e-07@41670;roe:1489:9.599e-08@25259","roe:713:9.149e-08@24078"
163,res_roe_m,240,0,0,0,0,0,0,0,2,1,"roUx:7:2.909e-07@41670;roe:1489:9.599e-08@25259","roe:713:9.149e-08@24078"
164,res_ro,240,1.65655e-05,1.53348e-05,0,1.88207e-05,1.53376e-05,4.90313e-08,0,2,1,"roUx:9:2.835e-07@41691;roe:1460:1.169e-07@41662","roe:665:9.332e-08@14948"
164,res_roK,240,1.28671e-05,1.06533e-05,2.63545e-09,0.0002736,1.18597e-05,4.27169e-06,0,2,1,"roUx:9:2.835e-07@41691;roe:1460:1.169e-07@41662","roe:665:9.332e-08@14948"
164,res_roK_m,240,0,0,0,0,0,0,0,2,1,"roUx:9:2.835e-07@41691;roe:1460:1.169e-07@41662","roe:665:9.332e-08@14948"
164,res_roOmega,240,68.1254,517.117,0.000493109,48947,1161.4,650.203,0,2,1,"roUx:9:2.835e-07@41691;roe:1460:1.169e-07@41662","roe:665:9.332e-08@14948"
164,res_roOmega_m,240,0,0,0,0,0,0,0,2,1,"roUx:9:2.835e-07@41691;roe:1460:1.169e-07@41662","roe:665:9.332e-08@14948"
164,res_roUx,240,0.00264072,0.00309218,1.11719e-09,0.00393837,0.00309438,2.89063e-05,0,2,1,"roUx:9:2.835e-07@41691;roe:1460:1.169e-07@41662","roe:665:9.332e-08@14948"
164,res_roUx_m,240,0,0,0,0,0,0,0,2,1,"roUx:9:2.835e-07@41691;roe:1460:1.169e-07@41662","roe:665:9.332e-08@14948"
164,res_roUy,240,0.00188909,0.000633651,4.27136e-11,0.00216874,0.00064463,6.71988e-05,0,2,1,"roUx:9:2.835e-07@41691;roe:1460:1.169e-07@41662","roe:665:9.332e-08@14948"
164,res_roUy_m,240,0,0,0,0,0,0,0,2,1,"roUx:9:2.835e-07@41691;roe:1460:1.169e-07@41662","roe:665:9.332e-08@14948"
164,res_roUz,240,0,0,0,0,0,0,0,2,1,"roUx:9:2.835e-07@41691;roe:1460:1.169e-07@41662","roe:665:9.332e-08@14948"
164,res_roUz_m,240,0,0,0,0,0,0,0,2,1,"roUx:9:2.835e-07@41691;roe:1460:1.169e-07@41662","roe:665:9.332e-08@14948"
164,res_roY0,240,1.16553e-05,1.05427e-05,2.37446e-10,1.46268e-05,1.05467e-05,5.2611e-08,0,2,1,"roUx:9:2.835e-07@41691;roe:1460:1.169e-07@41662","roe:665:9.332e-08@14948"
164,res_roY0_m,240,0,0,0,0,0,0,0,2,1,"roUx:9:2.835e-07@41691;roe:1460:1.169e-07@41662","roe:665:9.332e-08@14948"
164,res_roY1,240,1.29012e-07,1.16723e-07,1.84355e-11,1.6199e-07,1.16771e-07,1.026e-09,0,2,1,"roUx:9:2.835e-07@41691;roe:1460:1.169e-07@41662","roe:665:9.332e-08@14948"
164,res_roY1_m,240,0,0,0,0,0,0,0,2,1,"roUx:9:2.835e-07@41691;roe:1460:1.169e-07@41662","roe:665:9.332e-08@14948"
164,res_ro_m,240,0,0,0,0,0,0,0,2,1,"roUx:9:2.835e-07@41691;roe:1460:1.169e-07@41662","roe:665:9.332e-08@14948"
164,res_roe,240,0.186539,0.192341,2.73938e-06,0.23224,0.193732,0.0111992,0,2,1,"roUx:9:2.835e-07@41691;roe:1460:1.169e-07@41662","roe:665:9.332e-08@14948"
164,res_roe_m,240,0,0,0,0,0,0,0,2,1,"roUx:9:2.835e-07@41691;roe:1460:1.169e-07@41662","roe:665:9.332e-08@14948"
165,res_ro,240,1.4463e-05,1.71959e-05,5.86908e-11,2.06165e-05,1.71987e-05,4.57756e-08,0,2,1,"roUx:5:2.835e-07@41691;roe:1510:9.587e-08@26049","roe:686:9.332e-08@14948"
165,res_roK,240,1.12302e-05,1.18711e-05,3.06385e-09,0.000271227,1.30091e-05,4.39096e-06,0,2,1,"roUx:5:2.835e-07@41691;roe:1510:9.587e-08@26049","roe:686:9.332e-08@14948"
165,res_roK_m,240,0,0,0,0,0,0,0,2,1,"roUx:5:2.835e-07@41691;roe:1510:9.587e-08@26049","roe:686:9.332e-08@14948"
165,res_roOmega,240,156.992,464.569,0.00201347,59284.1,1214.09,800.014,0,2,1,"roUx:5:2.835e-07@41691;roe:1510:9.587e-08@26049","roe:686:9.332e-08@14948"
165,res_roOmega_m,240,0,0,0,0,0,0,0,2,1,"roUx:5:2.835e-07@41691;roe:1510:9.587e-08@26049","roe:686:9.332e-08@14948"
165,res_roUx,240,0.00232704,0.0034586,2.46308e-08,0.00387274,0.00346084,2.84371e-05,0,2,1,"roUx:5:2.835e-07@41691;roe:1510:9.587e-08@26049","roe:686:9.332e-08@14948"
165,res_roUx_m,240,0,0,0,0,0,0,0,2,1,"roUx:5:2.835e-07@41691;roe:1510:9.587e-08@26049","roe:686:9.332e-08@14948"
165,res_roUy,240,0.00150544,0.000512694,2.76236e-06,0.00167678,0.000526016,5.91722e-05,0,2,1,"roUx:5:2.835e-07@41691;roe:1510:9.587e-08@26049","roe:686:9.332e-08@14948"
165,res_roUy_m,240,0,0,0,0,0,0,0,2,1,"roUx:5:2.835e-07@41691;roe:1510:9.587e-08@26049","roe:686:9.332e-08@14948"
165,res_roUz,240,0,0,0,0,0,0,0,2,1,"roUx:5:2.835e-07@41691;roe:1510:9.587e-08@26049","roe:686:9.332e-08@14948"
165,res_roUz_m,240,0,0,0,0,0,0,0,2,1,"roUx:5:2.835e-07@41691;roe:1510:9.587e-08@26049","roe:686:9.332e-08@14948"
165,res_roY0,240,1.02069e-05,1.17446e-05,3.29497e-09,1.77583e-05,1.17486e-05,5.13399e-08,0,2,1,"roUx:5:2.835e-07@41691;roe:1510:9.587e-08@26049","roe:686:9.332e-08@14948"
165,res_roY0_m,240,0,0,0,0,0,0,0,2,1,"roUx:5:2.835e-07@41691;roe:1510:9.587e-08@26049","roe:686:9.332e-08@14948"
165,res_roY1,240,1.13025e-07,1.30028e-07,4.42832e-11,1.96669e-07,1.30074e-07,9.86201e-10,0,2,1,"roUx:5:2.835e-07@41691;roe:1510:9.587e-08@26049","roe:686:9.332e-08@14948"
165,res_roY1_m,240,0,0,0,0,0,0,0,2,1,"roUx:5:2.835e-07@41691;roe:1510:9.587e-08@26049","roe:686:9.332e-08@14948"
165,res_ro_m,240,0,0,0,0,0,0,0,2,1,"roUx:5:2.835e-07@41691;roe:1510:9.587e-08@26049","roe:686:9.332e-08@14948"
165,res_roe,240,0.172703,0.24485,2.15845e-05,0.26076,0.245927,0.0105948,0,2,1,"roUx:5:2.835e-07@41691;roe:1510:9.587e-08@26049","roe:686:9.332e-08@14948"
165,res_roe_m,240,0,0,0,0,0,0,0,2,1,"roUx:5:2.835e-07@41691;roe:1510:9.587e-08@26049","roe:686:9.332e-08@14948"
166,res_ro,240,1.33585e-05,1.37708e-05,5.82077e-11,1.51386e-05,1.37743e-05,4.97656e-08,0,2,1,"roUx:5:2.892e-07@41673;roe:1509:9.587e-08@26049","roe:708:9.332e-08@14948"
166,res_roK,240,1.03229e-05,9.61955e-06,2.56626e-09,0.000269673,1.09555e-05,4.17668e-06,0,2,1,"roUx:5:2.892e-07@41673;roe:1509:9.587e-08@26049","roe:708:9.332e-08@14948"
166,res_roK_m,240,0,0,0,0,0,0,0,2,1,"roUx:5:2.892e-07@41673;roe:1509:9.587e-08@26049","roe:708:9.332e-08@14948"
166,res_roOmega,240,173.856,413.631,0.00201819,47007.1,1076.69,806.253,0,2,1,"roUx:5:2.892e-07@41673;roe:1509:9.587e-08@26049","roe:708:9.332e-08@14948"
166,res_roOmega_m,240,0,0,0,0,0,0,0,2,1,"roUx:5:2.892e-07@41673;roe:1509:9.587e-08@26049","roe:708:9.332e-08@14948"
166,res_roUx,240,0.00216542,0.00272134,1.95666e-08,0.0035981,0.00272431,2.93247e-05,0,2,1,"roUx:5:2.892e-07@41673;roe:1509:9.587e-08@26049","roe:708:9.332e-08@14948"
166,res_roUx_m,240,0,0,0,0,0,0,0,2,1,"roUx:5:2.892e-07@41673;roe:1509:9.587e-08@26049","roe:708:9.332e-08@14948"
166,res_roUy,240,0.00116049,0.000494738,4.07906e-11,0.00173972,0.000513513,6.91532e-05,0,2,1,"roUx:5:2.892e-07@41673;roe:1509:9.587e-08@26049","roe:708:9.332e-08@14948"
166,res_roUy_m,240,0,0,0,0,0,0,0,2,1,"roUx:5:2.892e-07@41673;roe:1509:9.587e-08@26049","roe:708:9.332e-08@14948"
166,res_roUz,240,0,0,0,0,0,0,0,2,1,"roUx:5:2.892e-07@41673;roe:1509:9.587e-08@26049","roe:708:9.332e-08@14948"
166,res_roUz_m,240,0,0,0,0,0,0,0,2,1,"roUx:5:2.892e-07@41673;roe:1509:9.587e-08@26049","roe:708:9.332e-08@14948"
166,res_roY0,240,9.44291e-06,9.52383e-06,1.12172e-09,1.17817e-05,9.52888e-06,5.76904e-08,0,2,1,"roUx:5:2.892e-07@41673;roe:1509:9.587e-08@26049","roe:708:9.332e-08@14948"
166,res_roY0_m,240,0,0,0,0,0,0,0,2,1,"roUx:5:2.892e-07@41673;roe:1509:9.587e-08@26049","roe:708:9.332e-08@14948"
166,res_roY1,240,1.04517e-07,1.05441e-07,1.05632e-11,1.30486e-07,1.055e-07,1.07043e-09,0,2,1,"roUx:5:2.892e-07@41673;roe:1509:9.587e-08@26049","roe:708:9.332e-08@14948"
166,res_roY1_m,240,0,0,0,0,0,0,0,2,1,"roUx:5:2.892e-07@41673;roe:1509:9.587e-08@26049","roe:708:9.332e-08@14948"
166,res_ro_m,240,0,0,0,0,0,0,0,2,1,"roUx:5:2.892e-07@41673;roe:1509:9.587e-08@26049","roe:708:9.332e-08@14948"
166,res_roe,240,0.157997,0.182626,4.76848e-07,0.205831,0.184372,0.012626,0,2,1,"roUx:5:2.892e-07@41673;roe:1509:9.587e-08@26049","roe:708:9.332e-08@14948"
166,res_roe_m,240,0,0,0,0,0,0,0,2,1,"roUx:5:2.892e-07@41673;roe:1509:9.587e-08@26049","roe:708:9.332e-08@14948"
167,res_ro,240,1.36524e-05,1.6921e-05,5.08423e-13,1.62903e-05,1.6924e-05,4.90649e-08,0,2,1,"roUx:13:2.524e-07@41751;roe:1480:9.587e-08@26049","roe:694:9.319e-08@14875"
167,res_roK,240,1.0539e-05,1.17286e-05,3.48612e-09,0.000265775,1.27655e-05,4.18173e-06,0,2,1,"roUx:13:2.524e-07@41751;roe:1480:9.587e-08@26049","roe:694:9.319e-08@14875"
167,res_roK_m,240,0,0,0,0,0,0,0,2,1,"roUx:13:2.524e-07@41751;roe:1480:9.587e-08@26049","roe:694:9.319e-08@14875"
167,res_roOmega,240,183.918,373.038,0.000244182,43710.9,1162.85,764.841,0,2,1,"roUx:13:2.524e-07@41751;roe:1480:9.587e-08@26049","roe:694:9.319e-08@14875"
167,res_roOmega_m,240,0,0,0,0,0,0,0,2,1,"roUx:13:2.524e-07@41751;roe:1480:9.587e-08@26049","roe:694:9.319e-08@14875"
167,res_roUx,240,0.00223906,0.0033487,6.72632e-10,0.00440405,0.00335105,3.23714e-05,0,2,1,"roUx:13:2.524e-07@41751;roe:1480:9.587e-08@26049","roe:694:9.319e-08@14875"
167,res_roUx_m,240,0,0,0,0,0,0,0,2,1,"roUx:13:2.524e-07@41751;roe:1480:9.587e-08@26049","roe:694:9.319e-08@14875"
167,res_roUy,240,0.00108508,0.000492058,3.60486e-11,0.00142277,0.00050694,7.85273e-05,0,2,1,"roUx:13:2.524e-07@41751;roe:1480:9.587e-08@26049","roe:694:9.319e-08@14875"
167,res_roUy_m,240,0,0,0,0,0,0,0,2,1,"roUx:13:2.524e-07@41751;roe:1480:9.587e-08@26049","roe:694:9.319e-08@14875"
167,res_roUz,240,0,0,0,0,0,0,0,2,1,"roUx:13:2.524e-07@41751;roe:1480:9.587e-08@26049","roe:694:9.319e-08@14875"
167,res_roUz_m,240,0,0,0,0,0,0,0,2,1,"roUx:13:2.524e-07@41751;roe:1480:9.587e-08@26049","roe:694:9.319e-08@14875"
167,res_roY0,240,9.69829e-06,1.16055e-05,4.03735e-09,1.30897e-05,1.16097e-05,5.76734e-08,0,2,1,"roUx:13:2.524e-07@41751;roe:1480:9.587e-08@26049","roe:694:9.319e-08@14875"
167,res_roY0_m,240,0,0,0,0,0,0,0,2,1,"roUx:13:2.524e-07@41751;roe:1480:9.587e-08@26049","roe:694:9.319e-08@14875"
167,res_roY1,240,1.07403e-07,1.28489e-07,4.77034e-11,1.45043e-07,1.28539e-07,1.07534e-09,0,2,1,"roUx:13:2.524e-07@41751;roe:1480:9.587e-08@26049","roe:694:9.319e-08@14875"
167,res_roY1_m,240,0,0,0,0,0,0,0,2,1,"roUx:13:2.524e-07@41751;roe:1480:9.587e-08@26049","roe:694:9.319e-08@14875"
167,res_ro_m,240,0,0,0,0,0,0,0,2,1,"roUx:13:2.524e-07@41751;roe:1480:9.587e-08@26049","roe:694:9.319e-08@14875"
167,res_roe,240,0.172337,0.251205,2.15792e-05,0.22821,0.25225,0.0111217,0,2,1,"roUx:13:2.524e-07@41751;roe:1480:9.587e-08@26049","roe:694:9.319e-08@14875"
167,res_roe_m,240,0,0,0,0,0,0,0,2,1,"roUx:13:2.524e-07@41751;roe:1480:9.587e-08@26049","roe:694:9.319e-08@14875"
168,res_ro,240,1.47684e-05,1.50963e-05,7.51366e-12,1.84492e-05,1.50993e-05,5.04993e-08,0,2,1,"roUx:10:1.464e-07@41660;roe:1445:1.000e-07@15336","roe:677:9.263e-08@24390"
168,res_roK,240,1.13465e-05,1.04962e-05,3.22491e-09,0.000266045,1.1732e-05,4.32571e-06,0,2,1,"roUx:10:1.464e-07@41660;roe:1445:1.000e-07@15336","roe:677:9.263e-08@24390"
168,res_roK_m,240,0,0,0,0,0,0,0,2,1,"roUx:10:1.464e-07@41660;roe:1445:1.000e-07@15336","roe:677:9.263e-08@24390"
168,res_roOmega,240,180.117,345.444,0.000125867,36100.3,1131.57,739.014,0,2,1,"roUx:10:1.464e-07@41660;roe:1445:1.000e-07@15336","roe:677:9.263e-08@24390"
168,res_roOmega_m,240,0,0,0,0,0,0,0,2,1,"roUx:10:1.464e-07@41660;roe:1445:1.000e-07@15336","roe:677:9.263e-08@24390"
168,res_roUx,240,0.00240563,0.00300164,1.44699e-08,0.00441817,0.00300391,3.01435e-05,0,2,1,"roUx:10:1.464e-07@41660;roe:1445:1.000e-07@15336","roe:677:9.263e-08@24390"
168,res_roUx_m,240,0,0,0,0,0,0,0,2,1,"roUx:10:1.464e-07@41660;roe:1445:1.000e-07@15336","roe:677:9.263e-08@24390"
168,res_roUy,240,0.00107185,0.000586612,2.75101e-06,0.00139642,0.000596948,6.08178e-05,0,2,1,"roUx:10:1.464e-07@41660;roe:1445:1.000e-07@15336","roe:677:9.263e-08@24390"
168,res_roUy_m,240,0,0,0,0,0,0,0,2,1,"roUx:10:1.464e-07@41660;roe:1445:1.000e-07@15336","roe:677:9.263e-08@24390"
168,res_roUz,240,0,0,0,0,0,0,0,2,1,"roUx:10:1.464e-07@41660;roe:1445:1.000e-07@15336","roe:677:9.263e-08@24390"
168,res_roUz_m,240,0,0,0,0,0,0,0,2,1,"roUx:10:1.464e-07@41660;roe:1445:1.000e-07@15336","roe:677:9.263e-08@24390"
168,res_roY0,240,1.0309e-05,1.03902e-05,6.28539e-10,1.5029e-05,1.03944e-05,5.7157e-08,0,2,1,"roUx:10:1.464e-07@41660;roe:1445:1.000e-07@15336","roe:677:9.263e-08@24390"
168,res_roY0_m,240,0,0,0,0,0,0,0,2,1,"roUx:10:1.464e-07@41660;roe:1445:1.000e-07@15336","roe:677:9.263e-08@24390"
168,res_roY1,240,1.14104e-07,1.15033e-07,1.95956e-11,1.66434e-07,1.15082e-07,1.02361e-09,0,2,1,"roUx:10:1.464e-07@41660;roe:1445:1.000e-07@15336","roe:677:9.263e-08@24390"
168,res_roY1_m,240,0,0,0,0,0,0,0,2,1,"roUx:10:1.464e-07@41660;roe:1445:1.000e-07@15336","roe:677:9.263e-08@24390"
168,res_ro_m,240,0,0,0,0,0,0,0,2,1,"roUx:10:1.464e-07@41660;roe:1445:1.000e-07@15336","roe:677:9.263e-08@24390"
168,res_roe,240,0.175051,0.172888,2.13331e-06,0.250233,0.174299,0.0108023,0,2,1,"roUx:10:1.464e-07@41660;roe:1445:1.000e-07@15336","roe:677:9.263e-08@24390"
168,res_roe_m,240,0,0,0,0,0,0,0,2,1,"roUx:10:1.464e-07@41660;roe:1445:1.000e-07@15336","roe:677:9.263e-08@24390"
169,res_ro,240,1.65252e-05,1.71571e-05,0,1.88836e-05,1.71593e-05,4.95868e-08,0,2,1,"roUx:12:2.226e-07@41649;roe:1460:9.725e-08@25613","roe:693:9.054e-08@24277"
169,res_roK,240,1.26264e-05,1.19551e-05,3.22739e-09,0.000263101,1.30971e-05,4.37478e-06,0,2,1,"roUx:12:2.226e-07@41649;roe:1460:9.725e-08@25613","roe:693:9.054e-08@24277"
169,res_roK_m,240,0,0,0,0,0,0,0,2,1,"roUx:12:2.226e-07@41649;roe:1460:9.725e-08@25613","roe:693:9.054e-08@24277"
169,res_roOmega,240,202.154,306.762,0.00201331,89676.2,1081.72,742.445,0,2,1,"roUx:12:2.226e-07@41649;roe:1460:9.725e-08@25613","roe:693:9.054e-08@24277"
169,res_roOmega_m,240,0,0,0,0,0,0,0,2,1,"roUx:12:2.226e-07@41649;roe:1460:9.725e-08@25613","roe:693:9.054e-08@24277"
169,res_roUx,240,0.00273006,0.00338496,1.69528e-10,0.00489086,0.00338663,3.07251e-05,0,2,1,"roUx:12:2.226e-07@41649;roe:1460:9.725e-08@25613","roe:693:9.054e-08@24277"
169,res_roUx_m,240,0,0,0,0,0,0,0,2,1,"roUx:12:2.226e-07@41649;roe:1460:9.725e-08@25613","roe:693:9.054e-08@24277"
169,res_roUy,240,0.00131121,0.000477203,1.59616e-11,0.00167715,0.000494963,7.33732e-05,0,2,1,"roUx:12:2.226e-07@41649;roe:1460:9.725e-08@25613","roe:693:9.054e-08@24277"
169,res_roUy_m,240,0,0,0,0,0,0,0,2,1,"roUx:12:2.226e-07@41649;roe:1460:9.725e-08@25613","roe:693:9.054e-08@24277"
169,res_roUz,240,0,0,0,0,0,0,0,2,1,"roUx:12:2.226e-07@41649;roe:1460:9.725e-08@25613","roe:693:9.054e-08@24277"
169,res_roUz_m,240,0,0,0,0,0,0,0,2,1,"roUx:12:2.226e-07@41649;roe:1460:9.725e-08@25613","roe:693:9.054e-08@24277"
169,res_roY0,240,1.15643e-05,1.18313e-05,2.67993e-10,1.46779e-05,1.18344e-05,5.69962e-08,0,2,1,"roUx:12:2.226e-07@41649;roe:1460:9.725e-08@25613","roe:693:9.054e-08@24277"
169,res_roY0_m,240,0,0,0,0,0,0,0,2,1,"roUx:12:2.226e-07@41649;roe:1460:9.725e-08@25613","roe:693:9.054e-08@24277"
169,res_roY1,240,1.2805e-07,1.30989e-07,1.7905e-11,1.62565e-07,1.31027e-07,1.04531e-09,0,2,1,"roUx:12:2.226e-07@41649;roe:1460:9.725e-08@25613","roe:693:9.054e-08@24277"
169,res_roY1_m,240,0,0,0,0,0,0,0,2,1,"roUx:12:2.226e-07@41649;roe:1460:9.725e-08@25613","roe:693:9.054e-08@24277"
169,res_ro_m,240,0,0,0,0,0,0,0,2,1,"roUx:12:2.226e-07@41649;roe:1460:9.725e-08@25613","roe:693:9.054e-08@24277"
169,res_roe,240,0.192736,0.255218,5.87884e-06,0.252999,0.256335,0.0101081,0,2,1,"roUx:12:2.226e-07@41649;roe:1460:9.725e-08@25613","roe:693:9.054e-08@24277"
169,res_roe_m,240,0,0,0,0,0,0,0,2,1,"roUx:12:2.226e-07@41649;roe:1460:9.725e-08@25613","roe:693:9.054e-08@24277"
170,res_ro,240,1.66377e-05,1.59938e-05,0,2.43705e-05,1.59967e-05,5.19841e-08,0,2,1,"roUx:6:2.226e-07@41649;roe:1486:9.725e-08@25613","roe:694:9.319e-08@14875"
170,res_roK,240,1.29738e-05,1.11783e-05,1.22931e-09,0.000261477,1.23136e-05,4.10221e-06,0,2,1,"roUx:6:2.226e-07@41649;roe:1486:9.725e-08@25613","roe:694:9.319e-08@14875"
170,res_roK_m,240,0,0,0,0,0,0,0,2,1,"roUx:6:2.226e-07@41649;roe:1486:9.725e-08@25613","roe:694:9.319e-08@14875"
170,res_roOmega,240,198.281,264.456,0.000244228,87317.4,1071.54,736.283,0,2,1,"roUx:6:2.226e-07@41649;roe:1486:9.725e-08@25613","roe:694:9.319e-08@14875"
170,res_roOmega_m,240,0,0,0,0,0,0,0,2,1,"roUx:6:2.226e-07@41649;roe:1486:9.725e-08@25613","roe:694:9.319e-08@14875"
170,res_roUx,240,0.0027653,0.00329406,6.83744e-10,0.00451692,0.00329603,2.70901e-05,0,2,1,"roUx:6:2.226e-07@41649;roe:1486:9.725e-08@25613","roe:694:9.319e-08@14875"
170,res_roUx_m,240,0,0,0,0,0,0,0,2,1,"roUx:6:2.226e-07@41649;roe:1486:9.725e-08@25613","roe:694:9.319e-08@14875"
170,res_roUy,240,0.00159976,0.000625506,3.84283e-11,0.0018589,0.000635173,6.26704e-05,0,2,1,"roUx:6:2.226e-07@41649;roe:1486:9.725e-08@25613","roe:694:9.319e-08@14875"
170,res_roUy_m,240,0,0,0,0,0,0,0,2,1,"roUx:6:2.226e-07@41649;roe:1486:9.725e-08@25613","roe:694:9.319e-08@14875"
170,res_roUz,240,0,0,0,0,0,0,0,2,1,"roUx:6:2.226e-07@41649;roe:1486:9.725e-08@25613","roe:694:9.319e-08@14875"
170,res_roUz_m,240,0,0,0,0,0,0,0,2,1,"roUx:6:2.226e-07@41649;roe:1486:9.725e-08@25613","roe:694:9.319e-08@14875"
170,res_roY0,240,1.17864e-05,1.1063e-05,2.457e-09,2.11933e-05,1.1067e-05,5.8406e-08,0,2,1,"roUx:6:2.226e-07@41649;roe:1486:9.725e-08@25613","roe:694:9.319e-08@14875"
170,res_roY0_m,240,0,0,0,0,0,0,0,2,1,"roUx:6:2.226e-07@41649;roe:1486:9.725e-08@25613","roe:694:9.319e-08@14875"
170,res_roY1,240,1.30482e-07,1.22483e-07,2.33575e-11,2.34669e-07,1.22531e-07,1.05268e-09,0,2,1,"roUx:6:2.226e-07@41649;roe:1486:9.725e-08@25613","roe:694:9.319e-08@14875"
170,res_roY1_m,240,0,0,0,0,0,0,0,2,1,"roUx:6:2.226e-07@41649;roe:1486:9.725e-08@25613","roe:694:9.319e-08@14875"
170,res_ro_m,240,0,0,0,0,0,0,0,2,1,"roUx:6:2.226e-07@41649;roe:1486:9.725e-08@25613","roe:694:9.319e-08@14875"
170,res_roe,240,0.19696,0.18237,5.3948e-06,0.309981,0.183715,0.00991787,0,2,1,"roUx:6:2.226e-07@41649;roe:1486:9.725e-08@25613","roe:694:9.319e-08@14875"
170,res_roe_m,240,0,0,0,0,0,0,0,2,1,"roUx:6:2.226e-07@41649;roe:1486:9.725e-08@25613","roe:694:9.319e-08@14875"
171,res_ro,240,1.62008e-05,1.72051e-05,7.50216e-12,2.07777e-05,1.72076e-05,4.82277e-08,0,2,1,"roUx:7:2.382e-07@41642;roe:1490:9.748e-08@26402","roe:679:9.332e-08@14948"
171,res_roK,240,1.28275e-05,1.20108e-05,1.37864e-09,0.000262757,1.31751e-05,4.259e-06,0,2,1,"roUx:7:2.382e-07@41642;roe:1490:9.748e-08@26402","roe:679:9.332e-08@14948"
171,res_roK_m,240,0,0,0,0,0,0,0,2,1,"roUx:7:2.382e-07@41642;roe:1490:9.748e-08@26402","roe:679:9.332e-08@14948"
171,res_roOmega,240,186.813,241.559,0.00050053,57873.7,1067.04,779.737,0,2,1,"roUx:7:2.382e-07@41642;roe:1490:9.748e-08@26402","roe:679:9.332e-08@14948"
171,res_roOmega_m,240,0,0,0,0,0,0,0,2,1,"roUx:7:2.382e-07@41642;roe:1490:9.748e-08@26402","roe:679:9.332e-08@14948"
171,res_roUx,240,0.00264987,0.00342042,1.91275e-08,0.0045218,0.00342241,3.04559e-05,0,2,1,"roUx:7:2.382e-07@41642;roe:1490:9.748e-08@26402","roe:679:9.332e-08@14948"
171,res_roUx_m,240,0,0,0,0,0,0,0,2,1,"roUx:7:2.382e-07@41642;roe:1490:9.748e-08@26402","roe:679:9.332e-08@14948"
171,res_roUy,240,0.00147629,0.000453164,2.80602e-06,0.0021029,0.000473713,6.29608e-05,0,2,1,"roUx:7:2.382e-07@41642;roe:1490:9.748e-08@26402","roe:679:9.332e-08@14948"
171,res_roUy_m,240,0,0,0,0,0,0,0,2,1,"roUx:7:2.382e-07@41642;roe:1490:9.748e-08@26402","roe:679:9.332e-08@14948"
171,res_roUz,240,0,0,0,0,0,0,0,2,1,"roUx:7:2.382e-07@41642;roe:1490:9.748e-08@26402","roe:679:9.332e-08@14948"
171,res_roUz_m,240,0,0,0,0,0,0,0,2,1,"roUx:7:2.382e-07@41642;roe:1490:9.748e-08@26402","roe:679:9.332e-08@14948"
171,res_roY0,240,1.15256e-05,1.18824e-05,1.40284e-09,1.72757e-05,1.18861e-05,5.43265e-08,0,2,1,"roUx:7:2.382e-07@41642;roe:1490:9.748e-08@26402","roe:679:9.332e-08@14948"
171,res_roY0_m,240,0,0,0,0,0,0,0,2,1,"roUx:7:2.382e-07@41642;roe:1490:9.748e-08@26402","roe:679:9.332e-08@14948"
171,res_roY1,240,1.2761e-07,1.31553e-07,1.48453e-11,1.91316e-07,1.31596e-07,9.76112e-10,0,2,1,"roUx:7:2.382e-07@41642;roe:1490:9.748e-08@26402","roe:679:9.332e-08@14948"
171,res_roY1_m,240,0,0,0,0,0,0,0,2,1,"roUx:7:2.382e-07@41642;roe:1490:9.748e-08@26402","roe:679:9.332e-08@14948"
171,res_ro_m,240,0,0,0,0,0,0,0,2,1,"roUx:7:2.382e-07@41642;roe:1490:9.748e-08@26402","roe:679:9.332e-08@14948"
171,res_roe,240,0.190176,0.245358,2.13332e-06,0.259909,0.246416,0.00995294,0,2,1,"roUx:7:2.382e-07@41642;roe:1490:9.748e-08@26402","roe:679:9.332e-08@14948"
171,res_roe_m,240,0,0,0,0,0,0,0,2,1,"roUx:7:2.382e-07@41642;roe:1490:9.748e-08@26402","roe:679:9.332e-08@14948"
172,res_ro,240,1.66044e-05,1.67049e-05,5.86889e-11,1.94711e-05,1.6708e-05,4.82239e-08,0,2,1,"roUx:8:2.185e-07@41728;roe:1479:9.587e-08@26049","roe:669:9.332e-08@14948"
172,res_roK,240,1.32262e-05,1.16059e-05,2.38105e-09,0.000264049,1.27644e-05,4.40437e-06,0,2,1,"roUx:8:2.185e-07@41728;roe:1479:9.587e-08@26049","roe:669:9.332e-08@14948"
172,res_roK_m,240,0,0,0,0,0,0,0,2,1,"roUx:8:2.185e-07@41728;roe:1479:9.587e-08@26049","roe:669:9.332e-08@14948"
172,res_roOmega,240,159.281,177.707,0.00280516,64612,983.221,706.016,0,2,1,"roUx:8:2.185e-07@41728;roe:1479:9.587e-08@26049","roe:669:9.332e-08@14948"
172,res_roOmega_m,240,0,0,0,0,0,0,0,2,1,"roUx:8:2.185e-07@41728;roe:1479:9.587e-08@26049","roe:669:9.332e-08@14948"
172,res_roUx,240,0.0026154,0.00330287,1.67835e-08,0.00417636,0.00330502,3.20944e-05,0,2,1,"roUx:8:2.185e-07@41728;roe:1479:9.587e-08@26049","roe:669:9.332e-08@14948"
172,res_roUx_m,240,0,0,0,0,0,0,0,2,1,"roUx:8:2.185e-07@41728;roe:1479:9.587e-08@26049","roe:669:9.332e-08@14948"
172,res_roUy,240,0.00146104,0.000514539,2.84304e-06,0.00195404,0.000530219,7.66263e-05,0,2,1,"roUx:8:2.185e-07@41728;roe:1479:9.587e-08@26049","roe:669:9.332e-08@14948"
172,res_roUy_m,240,0,0,0,0,0,0,0,2,1,"roUx:8:2.185e-07@41728;roe:1479:9.587e-08@26049","roe:669:9.332e-08@14948"
172,res_roUz,240,0,0,0,0,0,0,0,2,1,"roUx:8:2.185e-07@41728;roe:1479:9.587e-08@26049","roe:669:9.332e-08@14948"
172,res_roUz_m,240,0,0,0,0,0,0,0,2,1,"roUx:8:2.185e-07@41728;roe:1479:9.587e-08@26049","roe:669:9.332e-08@14948"
172,res_roY0,240,1.16393e-05,1.14817e-05,2.79915e-09,1.53831e-05,1.14861e-05,5.36813e-08,0,2,1,"roUx:8:2.185e-07@41728;roe:1479:9.587e-08@26049","roe:669:9.332e-08@14948"
172,res_roY0_m,240,0,0,0,0,0,0,0,2,1,"roUx:8:2.185e-07@41728;roe:1479:9.587e-08@26049","roe:669:9.332e-08@14948"
172,res_roY1,240,1.28865e-07,1.2712e-07,4.66977e-11,1.70369e-07,1.2717e-07,1.03498e-09,0,2,1,"roUx:8:2.185e-07@41728;roe:1479:9.587e-08@26049","roe:669:9.332e-08@14948"
172,res_roY1_m,240,0,0,0,0,0,0,0,2,1,"roUx:8:2.185e-07@41728;roe:1479:9.587e-08@26049","roe:669:9.332e-08@14948"
172,res_ro_m,240,0,0,0,0,0,0,0,2,1,"roUx:8:2.185e-07@41728;roe:1479:9.587e-08@26049","roe:669:9.332e-08@14948"
172,res_roe,240,0.197738,0.204165,2.16006e-05,0.244454,0.205371,0.0126509,0,2,1,"roUx:8:2.185e-07@41728;roe:1479:9.587e-08@26049","roe:669:9.332e-08@14948"
172,res_roe_m,240,0,0,0,0,0,0,0,2,1,"roUx:8:2.185e-07@41728;roe:1479:9.587e-08@26049","roe:669:9.332e-08@14948"
173,res_ro,240,1.61327e-05,1.75145e-05,0,1.90519e-05,1.75176e-05,5.08258e-08,0,2,1,"roUx:6:2.127e-07@41691;roe:1459:9.587e-08@26049","roe:673:9.332e-08@14948"
173,res_roK,240,1.2651e-05,1.21894e-05,9.2919e-10,0.000259495,1.31819e-05,4.19702e-06,0,2,1,"roUx:6:2.127e-07@41691;roe:1459:9.587e-08@26049","roe:673:9.332e-08@14948"
173,res_roK_m,240,0,0,0,0,0,0,0,2,1,"roUx:6:2.127e-07@41691;roe:1459:9.587e-08@26049","roe:673:9.332e-08@14948"
173,res_roOmega,240,109.33,169.518,0.000139854,37034.7,1085.27,787.158,0,2,1,"roUx:6:2.127e-07@41691;roe:1459:9.587e-08@26049","roe:673:9.332e-08@14948"
173,res_roOmega_m,240,0,0,0,0,0,0,0,2,1,"roUx:6:2.127e-07@41691;roe:1459:9.587e-08@26049","roe:673:9.332e-08@14948"
173,res_roUx,240,0.00253663,0.0034476,9.55048e-10,0.00477662,0.00345005,2.83263e-05,0,2,1,"roUx:6:2.127e-07@41691;roe:1459:9.587e-08@26049","roe:673:9.332e-08@14948"
173,res_roUx_m,240,0,0,0,0,0,0,0,2,1,"roUx:6:2.127e-07@41691;roe:1459:9.587e-08@26049","roe:673:9.332e-08@14948"
173,res_roUy,240,0.00176172,0.000547789,2.97842e-11,0.00191129,0.000566117,6.37719e-05,0,2,1,"roUx:6:2.127e-07@41691;roe:1459:9.587e-08@26049","roe:673:9.332e-08@14948"
173,res_roUy_m,240,0,0,0,0,0,0,0,2,1,"roUx:6:2.127e-07@41691;roe:1459:9.587e-08@26049","roe:673:9.332e-08@14948"
173,res_roUz,240,0,0,0,0,0,0,0,2,1,"roUx:6:2.127e-07@41691;roe:1459:9.587e-08@26049","roe:673:9.332e-08@14948"
173,res_roUz_m,240,0,0,0,0,0,0,0,2,1,"roUx:6:2.127e-07@41691;roe:1459:9.587e-08@26049","roe:673:9.332e-08@14948"
173,res_roY0,240,1.12005e-05,1.20578e-05,3.77349e-09,1.50312e-05,1.20622e-05,5.64376e-08,0,2,1,"roUx:6:2.127e-07@41691;roe:1459:9.587e-08@26049","roe:673:9.332e-08@14948"
173,res_roY0_m,240,0,0,0,0,0,0,0,2,1,"roUx:6:2.127e-07@41691;roe:1459:9.587e-08@26049","roe:673:9.332e-08@14948"
173,res_roY1,240,1.24021e-07,1.33494e-07,5.62702e-11,1.66447e-07,1.33545e-07,9.99621e-10,0,2,1,"roUx:6:2.127e-07@41691;roe:1459:9.587e-08@26049","roe:673:9.332e-08@14948"
173,res_roY1_m,240,0,0,0,0,0,0,0,2,1,"roUx:6:2.127e-07@41691;roe:1459:9.587e-08@26049","roe:673:9.332e-08@14948"
173,res_ro_m,240,0,0,0,0,0,0,0,2,1,"roUx:6:2.127e-07@41691;roe:1459:9.587e-08@26049","roe:673:9.332e-08@14948"
173,res_roe,240,0.191186,0.248207,4.31584e-05,0.24559,0.249206,0.0101603,0,2,1,"roUx:6:2.127e-07@41691;roe:1459:9.587e-08@26049","roe:673:9.332e-08@14948"
173,res_roe_m,240,0,0,0,0,0,0,0,2,1,"roUx:6:2.127e-07@41691;roe:1459:9.587e-08@26049","roe:673:9.332e-08@14948"
174,res_ro,240,1.65823e-05,1.55387e-05,4.09273e-12,1.89839e-05,1.55414e-05,4.69015e-08,0,2,1,"roUx:8:2.835e-07@41691;roe:1473:2.339e-07@41713","roe:698:9.332e-08@14948"
174,res_roK,240,1.27949e-05,1.08566e-05,1.5234e-09,0.000258006,1.2033e-05,3.92414e-06,0,2,1,"roUx:8:2.835e-07@41691;roe:1473:2.339e-07@41713","roe:698:9.332e-08@14948"
174,res_roK_m,240,0,0,0,0,0,0,0,2,1,"roUx:8:2.835e-07@41691;roe:1473:2.339e-07@41713","roe:698:9.332e-08@14948"
174,res_roOmega,240,157.038,252.496,0.00204606,39415.2,907.38,694.343,0,2,1,"roUx:8:2.835e-07@41691;roe:1473:2.339e-07@41713","roe:698:9.332e-08@14948"
174,res_roOmega_m,240,0,0,0,0,0,0,0,2,1,"roUx:8:2.835e-07@41691;roe:1473:2.339e-07@41713","roe:698:9.332e-08@14948"
174,res_roUx,240,0.00266352,0.00309862,2.25627e-08,0.00462492,0.00310059,3.72095e-05,0,2,1,"roUx:8:2.835e-07@41691;roe:1473:2.339e-07@41713","roe:698:9.332e-08@14948"
174,res_roUx_m,240,0,0,0,0,0,0,0,2,1,"roUx:8:2.835e-07@41691;roe:1473:2.339e-07@41713","roe:698:9.332e-08@14948"
174,res_roUy,240,0.00178062,0.000731225,2.93148e-06,0.00195118,0.000741663,9.98707e-05,0,2,1,"roUx:8:2.835e-07@41691;roe:1473:2.339e-07@41713","roe:698:9.332e-08@14948"
174,res_roUy_m,240,0,0,0,0,0,0,0,2,1,"roUx:8:2.835e-07@41691;roe:1473:2.339e-07@41713","roe:698:9.332e-08@14948"
174,res_roUz,240,0,0,0,0,0,0,0,2,1,"roUx:8:2.835e-07@41691;roe:1473:2.339e-07@41713","roe:698:9.332e-08@14948"
174,res_roUz_m,240,0,0,0,0,0,0,0,2,1,"roUx:8:2.835e-07@41691;roe:1473:2.339e-07@41713","roe:698:9.332e-08@14948"
174,res_roY0,240,1.15304e-05,1.074e-05,4.7027e-09,1.47156e-05,1.07439e-05,5.42015e-08,0,2,1,"roUx:8:2.835e-07@41691;roe:1473:2.339e-07@41713","roe:698:9.332e-08@14948"
174,res_roY0_m,240,0,0,0,0,0,0,0,2,1,"roUx:8:2.835e-07@41691;roe:1473:2.339e-07@41713","roe:698:9.332e-08@14948"
174,res_roY1,240,1.27629e-07,1.18905e-07,3.30779e-11,1.62921e-07,1.18952e-07,1.00241e-09,0,2,1,"roUx:8:2.835e-07@41691;roe:1473:2.339e-07@41713","roe:698:9.332e-08@14948"
174,res_roY1_m,240,0,0,0,0,0,0,0,2,1,"roUx:8:2.835e-07@41691;roe:1473:2.339e-07@41713","roe:698:9.332e-08@14948"
174,res_ro_m,240,0,0,0,0,0,0,0,2,1,"roUx:8:2.835e-07@41691;roe:1473:2.339e-07@41713","roe:698:9.332e-08@14948"
174,res_roe,240,0.197164,0.20501,8.94724e-06,0.251763,0.20614,0.0115819,0,2,1,"roUx:8:2.835e-07@41691;roe:1473:2.339e-07@41713","roe:698:9.332e-08@14948"
174,res_roe_m,240,0,0,0,0,0,0,0,2,1,"roUx:8:2.835e-07@41691;roe:1473:2.339e-07@41713","roe:698:9.332e-08@14948"
175,res_ro,240,1.69245e-05,1.70538e-05,8.14808e-12,2.06603e-05,1.7056e-05,4.87403e-08,0,2,1,"roUx:6:2.835e-07@41691;roe:1471:9.973e-08@15111","roe:670:9.332e-08@14948"
175,res_roK,240,1.30214e-05,1.18551e-05,1.40796e-10,0.000257575,1.29718e-05,4.13552e-06,0,2,1,"roUx:6:2.835e-07@41691;roe:1471:9.973e-08@15111","roe:670:9.332e-08@14948"
175,res_roK_m,240,0,0,0,0,0,0,0,2,1,"roUx:6:2.835e-07@41691;roe:1471:9.973e-08@15111","roe:670:9.332e-08@14948"
175,res_roOmega,240,190.346,219.74,7.61792e-05,61294.4,1134.68,718.624,0,2,1,"roUx:6:2.835e-07@41691;roe:1471:9.973e-08@15111","roe:670:9.332e-08@14948"
175,res_roOmega_m,240,0,0,0,0,0,0,0,2,1,"roUx:6:2.835e-07@41691;roe:1471:9.973e-08@15111","roe:670:9.332e-08@14948"
175,res_roUx,240,0.00269021,0.00340438,2.04043e-08,0.0051834,0.0034059,2.86601e-05,0,2,1,"roUx:6:2.835e-07@41691;roe:1471:9.973e-08@15111","roe:670:9.332e-08@14948"
175,res_roUx_m,240,0,0,0,0,0,0,0,2,1,"roUx:6:2.835e-07@41691;roe:1471:9.973e-08@15111","roe:670:9.332e-08@14948"
175,res_roUy,240,0.00170479,0.000505405,2.97359e-06,0.00196318,0.000518535,6.67914e-05,0,2,1,"roUx:6:2.835e-07@41691;roe:1471:9.973e-08@15111","roe:670:9.332e-08@14948"
175,res_roUy_m,240,0,0,0,0,0,0,0,2,1,"roUx:6:2.835e-07@41691;roe:1471:9.973e-08@15111","roe:670:9.332e-08@14948"
175,res_roUz,240,0,0,0,0,0,0,0,2,1,"roUx:6:2.835e-07@41691;roe:1471:9.973e-08@15111","roe:670:9.332e-08@14948"
175,res_roUz_m,240,0,0,0,0,0,0,0,2,1,"roUx:6:2.835e-07@41691;roe:1471:9.973e-08@15111","roe:670:9.332e-08@14948"
175,res_roY0,240,1.1786e-05,1.17266e-05,1.3538e-09,1.66202e-05,1.17298e-05,5.64588e-08,0,2,1,"roUx:6:2.835e-07@41691;roe:1471:9.973e-08@15111","roe:670:9.332e-08@14948"
175,res_roY0_m,240,0,0,0,0,0,0,0,2,1,"roUx:6:2.835e-07@41691;roe:1471:9.973e-08@15111","roe:670:9.332e-08@14948"
175,res_roY1,240,1.30494e-07,1.29829e-07,2.59404e-11,1.84042e-07,1.29867e-07,1.02474e-09,0,2,1,"roUx:6:2.835e-07@41691;roe:1471:9.973e-08@15111","roe:670:9.332e-08@14948"
175,res_roY1_m,240,0,0,0,0,0,0,0,2,1,"roUx:6:2.835e-07@41691;roe:1471:9.973e-08@15111","roe:670:9.332e-08@14948"
175,res_ro_m,240,0,0,0,0,0,0,0,2,1,"roUx:6:2.835e-07@41691;roe:1471:9.973e-08@15111","roe:670:9.332e-08@14948"
175,res_roe,240,0.197116,0.237724,1.07898e-05,0.250662,0.238809,0.0107981,0,2,1,"roUx:6:2.835e-07@41691;roe:1471:9.973e-08@15111","roe:670:9.332e-08@14948"
175,res_roe_m,240,0,0,0,0,0,0,0,2,1,"roUx:6:2.835e-07@41691;roe:1471:9.973e-08@15111","roe:670:9.332e-08@14948"
176,res_ro,240,1.57673e-05,1.52987e-05,0,1.90584e-05,1.53015e-05,5.0127e-08,0,2,1,"roUx:10:2.161e-07@41675;roe:1508:9.494e-08@25139","roe:717:9.332e-08@14948"
176,res_roK,240,1.22482e-05,1.06764e-05,1.16528e-09,0.000255894,1.19539e-05,4.29549e-06,0,2,1,"roUx:10:2.161e-07@41675;roe:1508:9.494e-08@25139","roe:717:9.332e-08@14948"
176,res_roK_m,240,0,0,0,0,0,0,0,2,1,"roUx:10:2.161e-07@41675;roe:1508:9.494e-08@25139","roe:717:9.332e-08@14948"
176,res_roOmega,240,241.448,207.474,0.00280513,46988.8,1014.6,615.988,0,2,1,"roUx:10:2.161e-07@41675;roe:1508:9.494e-08@25139","roe:717:9.332e-08@14948"
176,res_roOmega_m,240,0,0,0,0,0,0,0,2,1,"roUx:10:2.161e-07@41675;roe:1508:9.494e-08@25139","roe:717:9.332e-08@14948"
176,res_roUx,240,0.0025515,0.00301263,2.9432e-08,0.00406965,0.00301446,3.14046e-05,0,2,1,"roUx:10:2.161e-07@41675;roe:1508:9.494e-08@25139","roe:717:9.332e-08@14948"
176,res_roUx_m,240,0,0,0,0,0,0,0,2,1,"roUx:10:2.161e-07@41675;roe:1508:9.494e-08@25139","roe:717:9.332e-08@14948"
176,res_roUy,240,0.00147415,0.000555263,3.01111e-06,0.00168885,0.000566455,5.59842e-05,0,2,1,"roUx:10:2.161e-07@41675;roe:1508:9.494e-08@25139","roe:717:9.332e-08@14948"
176,res_roUy_m,240,0,0,0,0,0,0,0,2,1,"roUx:10:2.161e-07@41675;roe:1508:9.494e-08@25139","roe:717:9.332e-08@14948"
176,res_roUz,240,0,0,0,0,0,0,0,2,1,"roUx:10:2.161e-07@41675;roe:1508:9.494e-08@25139","roe:717:9.332e-08@14948"
176,res_roUz_m,240,0,0,0,0,0,0,0,2,1,"roUx:10:2.161e-07@41675;roe:1508:9.494e-08@25139","roe:717:9.332e-08@14948"
176,res_roY0,240,1.11037e-05,1.05631e-05,2.39735e-09,1.53416e-05,1.05671e-05,5.69641e-08,0,2,1,"roUx:10:2.161e-07@41675;roe:1508:9.494e-08@25139","roe:717:9.332e-08@14948"
176,res_roY0_m,240,0,0,0,0,0,0,0,2,1,"roUx:10:2.161e-07@41675;roe:1508:9.494e-08@25139","roe:717:9.332e-08@14948"
176,res_roY1,240,1.22933e-07,1.16947e-07,1.87953e-11,1.69904e-07,1.16993e-07,1.05103e-09,0,2,1,"roUx:10:2.161e-07@41675;roe:1508:9.494e-08@25139","roe:717:9.332e-08@14948"
176,res_roY1_m,240,0,0,0,0,0,0,0,2,1,"roUx:10:2.161e-07@41675;roe:1508:9.494e-08@25139","roe:717:9.332e-08@14948"
176,res_ro_m,240,0,0,0,0,0,0,0,2,1,"roUx:10:2.161e-07@41675;roe:1508:9.494e-08@25139","roe:717:9.332e-08@14948"
176,res_roe,240,0.181637,0.192642,5.94662e-08,0.245171,0.193974,0.0109419,0,2,1,"roUx:10:2.161e-07@41675;roe:1508:9.494e-08@25139","roe:717:9.332e-08@14948"
176,res_roe_m,240,0,0,0,0,0,0,0,2,1,"roUx:10:2.161e-07@41675;roe:1508:9.494e-08@25139","roe:717:9.332e-08@14948"
177,res_ro,240,1.38605e-05,1.86317e-05,0,1.81251e-05,1.86343e-05,4.82107e-08,0,2,1,"roUx:5:2.127e-07@41706;roe:1509:9.466e-08@25695","roe:710:9.319e-08@14875"
177,res_roK,240,1.09146e-05,1.29897e-05,6.37851e-10,0.000254133,1.40185e-05,4.22929e-06,0,2,1,"roUx:5:2.127e-07@41706;roe:1509:9.466e-08@25695","roe:710:9.319e-08@14875"
177,res_roK_m,240,0,0,0,0,0,0,0,2,1,"roUx:5:2.127e-07@41706;roe:1509:9.466e-08@25695","roe:710:9.319e-08@14875"
177,res_roOmega,240,306.546,219.027,3.85928e-06,38454.5,1076.94,658.075,0,2,1,"roUx:5:2.127e-07@41706;roe:1509:9.466e-08@25695","roe:710:9.319e-08@14875"
177,res_roOmega_m,240,0,0,0,0,0,0,0,2,1,"roUx:5:2.127e-07@41706;roe:1509:9.466e-08@25695","roe:710:9.319e-08@14875"
177,res_roUx,240,0.00223556,0.00367328,1.7025e-11,0.00487981,0.00367501,2.6897e-05,0,2,1,"roUx:5:2.127e-07@41706;roe:1509:9.466e-08@25695","roe:710:9.319e-08@14875"
177,res_roUx_m,240,0,0,0,0,0,0,0,2,1,"roUx:5:2.127e-07@41706;roe:1509:9.466e-08@25695","roe:710:9.319e-08@14875"
177,res_roUy,240,0.00129158,0.000574261,3.85001e-11,0.00158652,0.000587262,6.22244e-05,0,2,1,"roUx:5:2.127e-07@41706;roe:1509:9.466e-08@25695","roe:710:9.319e-08@14875"
177,res_roUy_m,240,0,0,0,0,0,0,0,2,1,"roUx:5:2.127e-07@41706;roe:1509:9.466e-08@25695","roe:710:9.319e-08@14875"
177,res_roUz,240,0,0,0,0,0,0,0,2,1,"roUx:5:2.127e-07@41706;roe:1509:9.466e-08@25695","roe:710:9.319e-08@14875"
177,res_roUz_m,240,0,0,0,0,0,0,0,2,1,"roUx:5:2.127e-07@41706;roe:1509:9.466e-08@25695","roe:710:9.319e-08@14875"
177,res_roY0,240,9.82877e-06,1.28499e-05,2.78933e-09,1.51667e-05,1.28536e-05,5.03363e-08,0,2,1,"roUx:5:2.127e-07@41706;roe:1509:9.466e-08@25695","roe:710:9.319e-08@14875"
177,res_roY0_m,240,0,0,0,0,0,0,0,2,1,"roUx:5:2.127e-07@41706;roe:1509:9.466e-08@25695","roe:710:9.319e-08@14875"
177,res_roY1,240,1.08828e-07,1.42266e-07,3.67304e-11,1.67969e-07,1.4231e-07,9.52077e-10,0,2,1,"roUx:5:2.127e-07@41706;roe:1509:9.466e-08@25695","roe:710:9.319e-08@14875"
177,res_roY1_m,240,0,0,0,0,0,0,0,2,1,"roUx:5:2.127e-07@41706;roe:1509:9.466e-08@25695","roe:710:9.319e-08@14875"
177,res_ro_m,240,0,0,0,0,0,0,0,2,1,"roUx:5:2.127e-07@41706;roe:1509:9.466e-08@25695","roe:710:9.319e-08@14875"
177,res_roe,240,0.178188,0.274187,2.15792e-05,0.236771,0.275112,0.0121024,0,2,1,"roUx:5:2.127e-07@41706;roe:1509:9.466e-08@25695","roe:710:9.319e-08@14875"
177,res_roe_m,240,0,0,0,0,0,0,0,2,1,"roUx:5:2.127e-07@41706;roe:1509:9.466e-08@25695","roe:710:9.319e-08@14875"
178,res_ro,240,1.27119e-05,1.27865e-05,1.02901e-11,1.64036e-05,1.27899e-05,5.03305e-08,0,2,1,"roUx:10:2.199e-07@41651;roe:1516:9.506e-08@25813","roe:702:9.319e-08@14875"
178,res_roK,240,1.00806e-05,8.78671e-06,1.14547e-09,0.000253931,1.01637e-05,4.15111e-06,0,2,1,"roUx:10:2.199e-07@41651;roe:1516:9.506e-08@25813","roe:702:9.319e-08@14875"
178,res_roK_m,240,0,0,0,0,0,0,0,2,1,"roUx:10:2.199e-07@41651;roe:1516:9.506e-08@25813","roe:702:9.319e-08@14875"
178,res_roOmega,240,310.03,279.553,5.6539e-05,61912.3,977.483,693.14,0,2,1,"roUx:10:2.199e-07@41651;roe:1516:9.506e-08@25813","roe:702:9.319e-08@14875"
178,res_roOmega_m,240,0,0,0,0,0,0,0,2,1,"roUx:10:2.199e-07@41651;roe:1516:9.506e-08@25813","roe:702:9.319e-08@14875"
178,res_roUx,240,0.00202871,0.00248059,1.74627e-08,0.00438554,0.00248319,3.90481e-05,0,2,1,"roUx:10:2.199e-07@41651;roe:1516:9.506e-08@25813","roe:702:9.319e-08@14875"
178,res_roUx_m,240,0,0,0,0,0,0,0,2,1,"roUx:10:2.199e-07@41651;roe:1516:9.506e-08@25813","roe:702:9.319e-08@14875"
178,res_roUy,240,0.0012059,0.000401734,3.03986e-06,0.00144948,0.000427263,0.00010544,0,2,1,"roUx:10:2.199e-07@41651;roe:1516:9.506e-08@25813","roe:702:9.319e-08@14875"
178,res_roUy_m,240,0,0,0,0,0,0,0,2,1,"roUx:10:2.199e-07@41651;roe:1516:9.506e-08@25813","roe:702:9.319e-08@14875"
178,res_roUz,240,0,0,0,0,0,0,0,2,1,"roUx:10:2.199e-07@41651;roe:1516:9.506e-08@25813","roe:702:9.319e-08@14875"
178,res_roUz_m,240,0,0,0,0,0,0,0,2,1,"roUx:10:2.199e-07@41651;roe:1516:9.506e-08@25813","roe:702:9.319e-08@14875"
178,res_roY0,240,8.93128e-06,8.6954e-06,1.61631e-09,1.35991e-05,8.70043e-06,5.72046e-08,0,2,1,"roUx:10:2.199e-07@41651;roe:1516:9.506e-08@25813","roe:702:9.319e-08@14875"
178,res_roY0_m,240,0,0,0,0,0,0,0,2,1,"roUx:10:2.199e-07@41651;roe:1516:9.506e-08@25813","roe:702:9.319e-08@14875"
178,res_roY1,240,9.88655e-08,9.62686e-08,1.66591e-11,1.50627e-07,9.63277e-08,9.66086e-10,0,2,1,"roUx:10:2.199e-07@41651;roe:1516:9.506e-08@25813","roe:702:9.319e-08@14875"
178,res_roY1_m,240,0,0,0,0,0,0,0,2,1,"roUx:10:2.199e-07@41651;roe:1516:9.506e-08@25813","roe:702:9.319e-08@14875"
178,res_ro_m,240,0,0,0,0,0,0,0,2,1,"roUx:10:2.199e-07@41651;roe:1516:9.506e-08@25813","roe:702:9.319e-08@14875"
178,res_roe,240,0.164509,0.150244,2.73922e-06,0.21822,0.151899,0.0102867,0,2,1,"roUx:10:2.199e-07@41651;roe:1516:9.506e-08@25813","roe:702:9.319e-08@14875"
178,res_roe_m,240,0,0,0,0,0,0,0,2,1,"roUx:10:2.199e-07@41651;roe:1516:9.506e-08@25813","roe:702:9.319e-08@14875"
179,res_ro,240,1.27829e-05,1.8517e-05,5.82077e-11,1.53147e-05,1.85193e-05,5.12889e-08,0,2,1,"roUx:8:2.309e-07@41641;roe:1495:9.643e-08@15068","roe:700:9.319e-08@14875"
179,res_roK,240,1.00082e-05,1.29634e-05,4.78867e-09,0.000251351,1.39271e-05,4.15478e-06,0,2,1,"roUx:8:2.309e-07@41641;roe:1495:9.643e-08@15068","roe:700:9.319e-08@14875"
179,res_roK_m,240,0,0,0,0,0,0,0,2,1,"roUx:8:2.309e-07@41641;roe:1495:9.643e-08@15068","roe:700:9.319e-08@14875"
179,res_roOmega,240,346.38,330.302,0.00207259,40909.6,1214.91,765.198,0,2,1,"roUx:8:2.309e-07@41641;roe:1495:9.643e-08@15068","roe:700:9.319e-08@14875"
179,res_roOmega_m,240,0,0,0,0,0,0,0,2,1,"roUx:8:2.309e-07@41641;roe:1495:9.643e-08@15068","roe:700:9.319e-08@14875"
179,res_roUx,240,0.00200697,0.00362776,4.17502e-11,0.00400426,0.00362932,2.96886e-05,0,2,1,"roUx:8:2.309e-07@41641;roe:1495:9.643e-08@15068","roe:700:9.319e-08@14875"
179,res_roUx_m,240,0,0,0,0,0,0,0,2,1,"roUx:8:2.309e-07@41641;roe:1495:9.643e-08@15068","roe:700:9.319e-08@14875"
179,res_roUy,240,0.00127719,0.000558629,3.68466e-11,0.00146189,0.000570292,6.32779e-05,0,2,1,"roUx:8:2.309e-07@41641;roe:1495:9.643e-08@15068","roe:700:9.319e-08@14875"
179,res_roUy_m,240,0,0,0,0,0,0,0,2,1,"roUx:8:2.309e-07@41641;roe:1495:9.643e-08@15068","roe:700:9.319e-08@14875"
179,res_roUz,240,0,0,0,0,0,0,0,2,1,"roUx:8:2.309e-07@41641;roe:1495:9.643e-08@15068","roe:700:9.319e-08@14875"
179,res_roUz_m,240,0,0,0,0,0,0,0,2,1,"roUx:8:2.309e-07@41641;roe:1495:9.643e-08@15068","roe:700:9.319e-08@14875"
179,res_roY0,240,8.85908e-06,1.28278e-05,1.24964e-09,1.21708e-05,1.2831e-05,5.40179e-08,0,2,1,"roUx:8:2.309e-07@41641;roe:1495:9.643e-08@15068","roe:700:9.319e-08@14875"
179,res_roY0_m,240,0,0,0,0,0,0,0,2,1,"roUx:8:2.309e-07@41641;roe:1495:9.643e-08@15068","roe:700:9.319e-08@14875"
179,res_roY1,240,9.81103e-08,1.42021e-07,1.28024e-11,1.34805e-07,1.42059e-07,1.00398e-09,0,2,1,"roUx:8:2.309e-07@41641;roe:1495:9.643e-08@15068","roe:700:9.319e-08@14875"
179,res_roY1_m,240,0,0,0,0,0,0,0,2,1,"roUx:8:2.309e-07@41641;roe:1495:9.643e-08@15068","roe:700:9.319e-08@14875"
179,res_ro_m,240,0,0,0,0,0,0,0,2,1,"roUx:8:2.309e-07@41641;roe:1495:9.643e-08@15068","roe:700:9.319e-08@14875"
179,res_roe,240,0.151113,0.250203,1.08736e-05,0.209674,0.251446,0.0121491,0,2,1,"roUx:8:2.309e-07@41641;roe:1495:9.643e-08@15068","roe:700:9.319e-08@14875"
179,res_roe_m,240,0,0,0,0,0,0,0,2,1,"roUx:8:2.309e-07@41641;roe:1495:9.643e-08@15068","roe:700:9.319e-08@14875"
180,res_ro,240,1.36347e-05,1.03798e-05,0,1.57241e-05,1.03831e-05,4.92807e-08,0,2,1,"roUx:9:2.199e-07@41651;roe:1484:9.643e-08@15068","roe:683:9.332e-08@14948"
180,res_roK,240,1.06702e-05,7.09723e-06,2.73893e-09,0.000249875,8.748e-06,4.34658e-06,0,2,1,"roUx:9:2.199e-07@41651;roe:1484:9.643e-08@15068","roe:683:9.332e-08@14948"
180,res_roK_m,240,0,0,0,0,0,0,0,2,1,"roUx:9:2.199e-07@41651;roe:1484:9.643e-08@15068","roe:683:9.332e-08@14948"
180,res_roOmega,240,339.017,378.311,0.00207363,36024.6,1135.13,764.753,0,2,1,"roUx:9:2.199e-07@41651;roe:1484:9.643e-08@15068","roe:683:9.332e-08@14948"
180,res_roOmega_m,240,0,0,0,0,0,0,0,2,1,"roUx:9:2.199e-07@41651;roe:1484:9.643e-08@15068","roe:683:9.332e-08@14948"
180,res_roUx,240,0.00214984,0.00198209,7.44307e-10,0.00414217,0.00198434,2.86873e-05,0,2,1,"roUx:9:2.199e-07@41651;roe:1484:9.643e-08@15068","roe:683:9.332e-08@14948"
180,res_roUx_m,240,0,0,0,0,0,0,0,2,1,"roUx:9:2.199e-07@41651;roe:1484:9.643e-08@15068","roe:683:9.332e-08@14948"
180,res_roUy,240,0.00140321,0.000332263,4.84455e-11,0.00170201,0.000350759,5.69524e-05,0,2,1,"roUx:9:2.199e-07@41651;roe:1484:9.643e-08@15068","roe:683:9.332e-08@14948"
180,res_roUy_m,240,0,0,0,0,0,0,0,2,1,"roUx:9:2.199e-07@41651;roe:1484:9.643e-08@15068","roe:683:9.332e-08@14948"
180,res_roUz,240,0,0,0,0,0,0,0,2,1,"roUx:9:2.199e-07@41651;roe:1484:9.643e-08@15068","roe:683:9.332e-08@14948"
180,res_roUz_m,240,0,0,0,0,0,0,0,2,1,"roUx:9:2.199e-07@41651;roe:1484:9.643e-08@15068","roe:683:9.332e-08@14948"
180,res_roY0,240,9.3755e-06,7.02731e-06,8.05751e-10,1.21622e-05,7.0322e-06,5.71501e-08,0,2,1,"roUx:9:2.199e-07@41651;roe:1484:9.643e-08@15068","roe:683:9.332e-08@14948"
180,res_roY0_m,240,0,0,0,0,0,0,0,2,1,"roUx:9:2.199e-07@41651;roe:1484:9.643e-08@15068","roe:683:9.332e-08@14948"
180,res_roY1,240,1.03788e-07,7.77986e-08,1.15433e-11,1.34692e-07,7.78582e-08,1.0142e-09,0,2,1,"roUx:9:2.199e-07@41651;roe:1484:9.643e-08@15068","roe:683:9.332e-08@14948"
180,res_roY1_m,240,0,0,0,0,0,0,0,2,1,"roUx:9:2.199e-07@41651;roe:1484:9.643e-08@15068","roe:683:9.332e-08@14948"
180,res_ro_m,240,0,0,0,0,0,0,0,2,1,"roUx:9:2.199e-07@41651;roe:1484:9.643e-08@15068","roe:683:9.332e-08@14948"
180,res_roe,240,0.155906,0.120727,5.08539e-09,0.211741,0.122498,0.0103304,0,2,1,"roUx:9:2.199e-07@41651;roe:1484:9.643e-08@15068","roe:683:9.332e-08@14948"
180,res_roe_m,240,0,0,0,0,0,0,0,2,1,"roUx:9:2.199e-07@41651;roe:1484:9.643e-08@15068","roe:683:9.332e-08@14948"
181,res_ro,240,1.52295e-05,2.06825e-05,0,1.80717e-05,2.06846e-05,4.91417e-08,0,5,1,"ro:1:8.691e-08@41674;roUx:10:2.904e-07@41671;roY0:1:8.787e-08@41674;roY1:1:6.201e-08@41674;roe:1441:1.169e-07@41667","roe:655:9.022e-08@14760"
181,res_roK,240,1.19549e-05,1.44383e-05,4.02167e-09,0.000248308,1.53844e-05,4.16036e-06,0,5,1,"ro:1:8.691e-08@41674;roUx:10:2.904e-07@41671;roY0:1:8.787e-08@41674;roY1:1:6.201e-08@41674;roe:1441:1.169e-07@41667","roe:655:9.022e-08@14760"
181,res_roK_m,240,0,0,0,0,0,0,0,5,1,"ro:1:8.691e-08@41674;roUx:10:2.904e-07@41671;roY0:1:8.787e-08@41674;roY1:1:6.201e-08@41674;roe:1441:1.169e-07@41667","roe:655:9.022e-08@14760"
181,res_roOmega,240,295.513,426.749,2.81442e-05,40716.4,1260.25,790.879,0,5,1,"ro:1:8.691e-08@41674;roUx:10:2.904e-07@41671;roY0:1:8.787e-08@41674;roY1:1:6.201e-08@41674;roe:1441:1.169e-07@41667","roe:655:9.022e-08@14760"
181,res_roOmega_m,240,0,0,0,0,0,0,0,5,1,"ro:1:8.691e-08@41674;roUx:10:2.904e-07@41671;roY0:1:8.787e-08@41674;roY1:1:6.201e-08@41674;roe:1441:1.169e-07@41667","roe:655:9.022e-08@14760"
181,res_roUx,240,0.00239042,0.00408177,7.74603e-10,0.00404983,0.00408314,2.6936e-05,0,5,1,"ro:1:8.691e-08@41674;roUx:10:2.904e-07@41671;roY0:1:8.787e-08@41674;roY1:1:6.201e-08@41674;roe:1441:1.169e-07@41667","roe:655:9.022e-08@14760"
181,res_roUx_m,240,0,0,0,0,0,0,0,5,1,"ro:1:8.691e-08@41674;roUx:10:2.904e-07@41671;roY0:1:8.787e-08@41674;roY1:1:6.201e-08@41674;roe:1441:1.169e-07@41667","roe:655:9.022e-08@14760"
181,res_roUy,240,0.00162336,0.000711315,4.91842e-11,0.0018774,0.000720663,6.41547e-05,0,5,1,"ro:1:8.691e-08@41674;roUx:10:2.904e-07@41671;roY0:1:8.787e-08@41674;roY1:1:6.201e-08@41674;roe:1441:1.169e-07@41667","roe:655:9.022e-08@14760"
181,res_roUy_m,240,0,0,0,0,0,0,0,5,1,"ro:1:8.691e-08@41674;roUx:10:2.904e-07@41671;roY0:1:8.787e-08@41674;roY1:1:6.201e-08@41674;roe:1441:1.169e-07@41667","roe:655:9.022e-08@14760"
181,res_roUz,240,0,0,0,0,0,0,0,5,1,"ro:1:8.691e-08@41674;roUx:10:2.904e-07@41671;roY0:1:8.787e-08@41674;roY1:1:6.201e-08@41674;roe:1441:1.169e-07@41667","roe:655:9.022e-08@14760"
181,res_roUz_m,240,0,0,0,0,0,0,0,5,1,"ro:1:8.691e-08@41674;roUx:10:2.904e-07@41671;roY0:1:8.787e-08@41674;roY1:1:6.201e-08@41674;roe:1441:1.169e-07@41667","roe:655:9.022e-08@14760"
181,res_roY0,240,1.0539e-05,1.4288e-05,2.67565e-09,1.42706e-05,1.42909e-05,5.55069e-08,0,5,1,"ro:1:8.691e-08@41674;roUx:10:2.904e-07@41671;roY0:1:8.787e-08@41674;roY1:1:6.201e-08@41674;roe:1441:1.169e-07@41667","roe:655:9.022e-08@14760"
181,res_roY0_m,240,0,0,0,0,0,0,0,5,1,"ro:1:8.691e-08@41674;roUx:10:2.904e-07@41671;roY0:1:8.787e-08@41674;roY1:1:6.201e-08@41674;roe:1441:1.169e-07@41667","roe:655:9.022e-08@14760"
181,res_roY1,240,1.16685e-07,1.58183e-07,5.39696e-11,1.58053e-07,1.58217e-07,9.87101e-10,0,5,1,"ro:1:8.691e-08@41674;roUx:10:2.904e-07@41671;roY0:1:8.787e-08@41674;roY1:1:6.201e-08@41674;roe:1441:1.169e-07@41667","roe:655:9.022e-08@14760"
181,res_roY1_m,240,0,0,0,0,0,0,0,5,1,"ro:1:8.691e-08@41674;roUx:10:2.904e-07@41671;roY0:1:8.787e-08@41674;roY1:1:6.201e-08@41674;roe:1441:1.169e-07@41667","roe:655:9.022e-08@14760"
181,res_ro_m,240,0,0,0,0,0,0,0,5,1,"ro:1:8.691e-08@41674;roUx:10:2.904e-07@41671;roY0:1:8.787e-08@41674;roY1:1:6.201e-08@41674;roe:1441:1.169e-07@41667","roe:655:9.022e-08@14760"
181,res_roe,240,0.183055,0.269288,4.94442e-05,0.233157,0.270421,0.0108664,0,5,1,"ro:1:8.691e-08@41674;roUx:10:2.904e-07@41671;roY0:1:8.787e-08@41674;roY1:1:6.201e-08@41674;roe:1441:1.169e-07@41667","roe:655:9.022e-08@14760"
181,res_roe_m,240,0,0,0,0,0,0,0,5,1,"ro:1:8.691e-08@41674;roUx:10:2.904e-07@41671;roY0:1:8.787e-08@41674;roY1:1:6.201e-08@41674;roe:1441:1.169e-07@41667","roe:655:9.022e-08@14760"
182,res_ro,240,1.68791e-05,8.65606e-06,0,1.85753e-05,8.65935e-06,4.86981e-08,0,5,1,"ro:1:8.692e-08@41713;roUx:7:2.197e-07@41742;roY0:1:8.789e-08@41713;roY1:1:1.240e-07@41713;roe:1467:1.169e-07@41713","roe:682:9.304e-08@14874"
182,res_roK,240,1.31908e-05,6.03312e-06,2.63741e-09,0.000249092,7.76157e-06,3.9755e-06,0,5,1,"ro:1:8.692e-08@41713;roUx:7:2.197e-07@41742;roY0:1:8.789e-08@41713;roY1:1:1.240e-07@41713;roe:1467:1.169e-07@41713","roe:682:9.304e-08@14874"
182,res_roK_m,240,0,0,0,0,0,0,0,5,1,"ro:1:8.692e-08@41713;roUx:7:2.197e-07@41742;roY0:1:8.789e-08@41713;roY1:1:1.240e-07@41713;roe:1467:1.169e-07@41713","roe:682:9.304e-08@14874"
182,res_roOmega,240,172.211,455.763,3.27484e-05,52519.3,1141.46,783.367,0,5,1,"ro:1:8.692e-08@41713;roUx:7:2.197e-07@41742;roY0:1:8.789e-08@41713;roY1:1:1.240e-07@41713;roe:1467:1.169e-07@41713","roe:682:9.304e-08@14874"
182,res_roOmega_m,240,0,0,0,0,0,0,0,5,1,"ro:1:8.692e-08@41713;roUx:7:2.197e-07@41742;roY0:1:8.789e-08@41713;roY1:1:1.240e-07@41713;roe:1467:1.169e-07@41713","roe:682:9.304e-08@14874"
182,res_roUx,240,0.00266679,0.0016126,6.76859e-10,0.00452411,0.00161525,2.92608e-05,0,5,1,"ro:1:8.692e-08@41713;roUx:7:2.197e-07@41742;roY0:1:8.789e-08@41713;roY1:1:1.240e-07@41713;roe:1467:1.169e-07@41713","roe:682:9.304e-08@14874"
182,res_roUx_m,240,0,0,0,0,0,0,0,5,1,"ro:1:8.692e-08@41713;roUx:7:2.197e-07@41742;roY0:1:8.789e-08@41713;roY1:1:1.240e-07@41713;roe:1467:1.169e-07@41713","roe:682:9.304e-08@14874"
182,res_roUy,240,0.0018688,0.000272256,2.98674e-06,0.00208207,0.000295041,6.81214e-05,0,5,1,"ro:1:8.692e-08@41713;roUx:7:2.197e-07@41742;roY0:1:8.789e-08@41713;roY1:1:1.240e-07@41713;roe:1467:1.169e-07@41713","roe:682:9.304e-08@14874"
182,res_roUy_m,240,0,0,0,0,0,0,0,5,1,"ro:1:8.692e-08@41713;roUx:7:2.197e-07@41742;roY0:1:8.789e-08@41713;roY1:1:1.240e-07@41713;roe:1467:1.169e-07@41713","roe:682:9.304e-08@14874"
182,res_roUz,240,0,0,0,0,0,0,0,5,1,"ro:1:8.692e-08@41713;roUx:7:2.197e-07@41742;roY0:1:8.789e-08@41713;roY1:1:1.240e-07@41713;roe:1467:1.169e-07@41713","roe:682:9.304e-08@14874"
182,res_roUz_m,240,0,0,0,0,0,0,0,5,1,"ro:1:8.692e-08@41713;roUx:7:2.197e-07@41742;roY0:1:8.789e-08@41713;roY1:1:1.240e-07@41713;roe:1467:1.169e-07@41713","roe:682:9.304e-08@14874"
182,res_roY0,240,1.16816e-05,5.98398e-06,2.40205e-09,1.39749e-05,5.98866e-06,5.65207e-08,0,5,1,"ro:1:8.692e-08@41713;roUx:7:2.197e-07@41742;roY0:1:8.789e-08@41713;roY1:1:1.240e-07@41713;roe:1467:1.169e-07@41713","roe:682:9.304e-08@14874"
182,res_roY0_m,240,0,0,0,0,0,0,0,5,1,"ro:1:8.692e-08@41713;roUx:7:2.197e-07@41742;roY0:1:8.789e-08@41713;roY1:1:1.240e-07@41713;roe:1467:1.169e-07@41713","roe:682:9.304e-08@14874"
182,res_roY1,240,1.29326e-07,6.62507e-08,2.91781e-11,1.54786e-07,6.63083e-08,1.03779e-09,0,5,1,"ro:1:8.692e-08@41713;roUx:7:2.197e-07@41742;roY0:1:8.789e-08@41713;roY1:1:1.240e-07@41713;roe:1467:1.169e-07@41713","roe:682:9.304e-08@14874"
182,res_roY1_m,240,0,0,0,0,0,0,0,5,1,"ro:1:8.692e-08@41713;roUx:7:2.197e-07@41742;roY0:1:8.789e-08@41713;roY1:1:1.240e-07@41713;roe:1467:1.169e-07@41713","roe:682:9.304e-08@14874"
182,res_ro_m,240,0,0,0,0,0,0,0,5,1,"ro:1:8.692e-08@41713;roUx:7:2.197e-07@41742;roY0:1:8.789e-08@41713;roY1:1:1.240e-07@41713;roe:1467:1.169e-07@41713","roe:682:9.304e-08@14874"
182,res_roe,240,0.194026,0.140868,4.76839e-07,0.233686,0.142748,0.011493,0,5,1,"ro:1:8.692e-08@41713;roUx:7:2.197e-07@41742;roY0:1:8.789e-08@41713;roY1:1:1.240e-07@41713;roe:1467:1.169e-07@41713","roe:682:9.304e-08@14874"
182,res_roe_m,240,0,0,0,0,0,0,0,5,1,"ro:1:8.692e-08@41713;roUx:7:2.197e-07@41742;roY0:1:8.789e-08@41713;roY1:1:1.240e-07@41713;roe:1467:1.169e-07@41713","roe:682:9.304e-08@14874"
183,res_ro,240,1.70314e-05,2.14411e-05,0,1.98273e-05,2.14432e-05,4.89229e-08,0,2,1,"roUx:5:2.193e-07@41732;roe:1446:9.643e-08@15068","roe:655:9.022e-08@14760"
183,res_roK,240,1.33993e-05,1.48322e-05,2.63151e-09,0.000248807,1.56758e-05,4.19369e-06,0,2,1,"roUx:5:2.193e-07@41732;roe:1446:9.643e-08@15068","roe:655:9.022e-08@14760"
183,res_roK_m,240,0,0,0,0,0,0,0,2,1,"roUx:5:2.193e-07@41732;roe:1446:9.643e-08@15068","roe:655:9.022e-08@14760"
183,res_roOmega,240,68.7648,438.458,0.00201324,29178.5,1124.04,762.59,0,2,1,"roUx:5:2.193e-07@41732;roe:1446:9.643e-08@15068","roe:655:9.022e-08@14760"
183,res_roOmega_m,240,0,0,0,0,0,0,0,2,1,"roUx:5:2.193e-07@41732;roe:1446:9.643e-08@15068","roe:655:9.022e-08@14760"
183,res_roUx,240,0.00268277,0.00433022,1.381e-08,0.00462466,0.00433164,2.74245e-05,0,2,1,"roUx:5:2.193e-07@41732;roe:1446:9.643e-08@15068","roe:655:9.022e-08@14760"
183,res_roUx_m,240,0,0,0,0,0,0,0,2,1,"roUx:5:2.193e-07@41732;roe:1446:9.643e-08@15068","roe:655:9.022e-08@14760"
183,res_roUy,240,0.00206258,0.000774902,4.35989e-11,0.00223606,0.000783284,6.96111e-05,0,2,1,"roUx:5:2.193e-07@41732;roe:1446:9.643e-08@15068","roe:655:9.022e-08@14760"
183,res_roUy_m,240,0,0,0,0,0,0,0,2,1,"roUx:5:2.193e-07@41732;roe:1446:9.643e-08@15068","roe:655:9.022e-08@14760"
183,res_roUz,240,0,0,0,0,0,0,0,2,1,"roUx:5:2.193e-07@41732;roe:1446:9.643e-08@15068","roe:655:9.022e-08@14760"
183,res_roUz_m,240,0,0,0,0,0,0,0,2,1,"roUx:5:2.193e-07@41732;roe:1446:9.643e-08@15068","roe:655:9.022e-08@14760"
183,res_roY0,240,1.17085e-05,1.46738e-05,3.60362e-10,1.5424e-05,1.46769e-05,5.72476e-08,0,2,1,"roUx:5:2.193e-07@41732;roe:1446:9.643e-08@15068","roe:655:9.022e-08@14760"
183,res_roY0_m,240,0,0,0,0,0,0,0,2,1,"roUx:5:2.193e-07@41732;roe:1446:9.643e-08@15068","roe:655:9.022e-08@14760"
183,res_roY1,240,1.29631e-07,1.62457e-07,5.08838e-12,1.7084e-07,1.62492e-07,1.03326e-09,0,2,1,"roUx:5:2.193e-07@41732;roe:1446:9.643e-08@15068","roe:655:9.022e-08@14760"
183,res_roY1_m,240,0,0,0,0,0,0,0,2,1,"roUx:5:2.193e-07@41732;roe:1446:9.643e-08@15068","roe:655:9.022e-08@14760"
183,res_ro_m,240,0,0,0,0,0,0,0,2,1,"roUx:5:2.193e-07@41732;roe:1446:9.643e-08@15068","roe:655:9.022e-08@14760"
183,res_roe,240,0.189533,0.268109,4.76843e-07,0.245779,0.269043,0.00992864,0,2,1,"roUx:5:2.193e-07@41732;roe:1446:9.643e-08@15068","roe:655:9.022e-08@14760"
183,res_roe_m,240,0,0,0,0,0,0,0,2,1,"roUx:5:2.193e-07@41732;roe:1446:9.643e-08@15068","roe:655:9.022e-08@14760"
184,res_ro,240,1.65019e-05,1.01996e-05,7.29104e-12,2.15155e-05,1.02033e-05,4.98886e-08,0,2,1,"roUx:10:2.196e-07@41737;roe:1431:9.808e-08@25924","roe:673:9.332e-08@14948"
184,res_roK,240,1.32962e-05,7.0343e-06,2.30867e-09,0.000245047,8.61143e-06,4.02764e-06,0,2,1,"roUx:10:2.196e-07@41737;roe:1431:9.808e-08@25924","roe:673:9.332e-08@14948"
184,res_roK_m,240,0,0,0,0,0,0,0,2,1,"roUx:10:2.196e-07@41737;roe:1431:9.808e-08@25924","roe:673:9.332e-08@14948"
184,res_roOmega,240,189.909,413.305,0.00201324,40702.5,1117.39,748.219,0,2,1,"roUx:10:2.196e-07@41737;roe:1431:9.808e-08@25924","roe:673:9.332e-08@14948"
184,res_roOmega_m,240,0,0,0,0,0,0,0,2,1,"roUx:10:2.196e-07@41737;roe:1431:9.808e-08@25924","roe:673:9.332e-08@14948"
184,res_roUx,240,0.00253639,0.0019573,2.50533e-08,0.00451642,0.00196033,2.66332e-05,0,2,1,"roUx:10:2.196e-07@41737;roe:1431:9.808e-08@25924","roe:673:9.332e-08@14948"
184,res_roUx_m,240,0,0,0,0,0,0,0,2,1,"roUx:10:2.196e-07@41737;roe:1431:9.808e-08@25924","roe:673:9.332e-08@14948"
184,res_roUy,240,0.00210847,0.000356119,2.92376e-06,0.00238182,0.00037302,6.12227e-05,0,2,1,"roUx:10:2.196e-07@41737;roe:1431:9.808e-08@25924","roe:673:9.332e-08@14948"
184,res_roUy_m,240,0,0,0,0,0,0,0,2,1,"roUx:10:2.196e-07@41737;roe:1431:9.808e-08@25924","roe:673:9.332e-08@14948"
184,res_roUz,240,0,0,0,0,0,0,0,2,1,"roUx:10:2.196e-07@41737;roe:1431:9.808e-08@25924","roe:673:9.332e-08@14948"
184,res_roUz_m,240,0,0,0,0,0,0,0,2,1,"roUx:10:2.196e-07@41737;roe:1431:9.808e-08@25924","roe:673:9.332e-08@14948"
184,res_roY0,240,1.14875e-05,6.96747e-06,2.8963e-09,1.78451e-05,6.97273e-06,5.75122e-08,0,2,1,"roUx:10:2.196e-07@41737;roe:1431:9.808e-08@25924","roe:673:9.332e-08@14948"
184,res_roY0_m,240,0,0,0,0,0,0,0,2,1,"roUx:10:2.196e-07@41737;roe:1431:9.808e-08@25924","roe:673:9.332e-08@14948"
184,res_roY1,240,1.27167e-07,7.71388e-08,4.88721e-11,1.97604e-07,7.72023e-08,1.03309e-09,0,2,1,"roUx:10:2.196e-07@41737;roe:1431:9.808e-08@25924","roe:673:9.332e-08@14948"
184,res_roY1_m,240,0,0,0,0,0,0,0,2,1,"roUx:10:2.196e-07@41737;roe:1431:9.808e-08@25924","roe:673:9.332e-08@14948"
184,res_ro_m,240,0,0,0,0,0,0,0,2,1,"roUx:10:2.196e-07@41737;roe:1431:9.808e-08@25924","roe:673:9.332e-08@14948"
184,res_roe,240,0.187562,0.137,3.1108e-05,0.280267,0.138869,0.0109049,0,2,1,"roUx:10:2.196e-07@41737;roe:1431:9.808e-08@25924","roe:673:9.332e-08@14948"
184,res_roe_m,240,0,0,0,0,0,0,0,2,1,"roUx:10:2.196e-07@41737;roe:1431:9.808e-08@25924","roe:673:9.332e-08@14948"
185,res_ro,240,1.58619e-05,2.01399e-05,7.27796e-12,1.79816e-05,2.01423e-05,4.61786e-08,0,2,1,"roUx:6:2.903e-07@41726;roe:1449:9.557e-08@25216","roe:680:9.319e-08@14875"
185,res_roK,240,1.29257e-05,1.39536e-05,2.21463e-09,0.000247807,1.4854e-05,4.14083e-06,0,2,1,"roUx:6:2.903e-07@41726;roe:1449:9.557e-08@25216","roe:680:9.319e-08@14875"
185,res_roK_m,240,0,0,0,0,0,0,0,2,1,"roUx:6:2.903e-07@41726;roe:1449:9.557e-08@25216","roe:680:9.319e-08@14875"
185,res_roOmega,240,293.68,386.112,4.66883e-05,42633.3,1100.29,641.906,0,2,1,"roUx:6:2.903e-07@41726;roe:1449:9.557e-08@25216","roe:680:9.319e-08@14875"
185,res_roOmega_m,240,0,0,0,0,0,0,0,2,1,"roUx:6:2.903e-07@41726;roe:1449:9.557e-08@25216","roe:680:9.319e-08@14875"
185,res_roUx,240,0.00243281,0.00404172,1.90999e-08,0.00419227,0.0040434,2.73504e-05,0,2,1,"roUx:6:2.903e-07@41726;roe:1449:9.557e-08@25216","roe:680:9.319e-08@14875"
185,res_roUx_m,240,0,0,0,0,0,0,0,2,1,"roUx:6:2.903e-07@41726;roe:1449:9.557e-08@25216","roe:680:9.319e-08@14875"
185,res_roUy,240,0.00199748,0.000619578,2.88538e-06,0.00260106,0.000629159,6.68917e-05,0,2,1,"roUx:6:2.903e-07@41726;roe:1449:9.557e-08@25216","roe:680:9.319e-08@14875"
185,res_roUy_m,240,0,0,0,0,0,0,0,2,1,"roUx:6:2.903e-07@41726;roe:1449:9.557e-08@25216","roe:680:9.319e-08@14875"
185,res_roUz,240,0,0,0,0,0,0,0,2,1,"roUx:6:2.903e-07@41726;roe:1449:9.557e-08@25216","roe:680:9.319e-08@14875"
185,res_roUz_m,240,0,0,0,0,0,0,0,2,1,"roUx:6:2.903e-07@41726;roe:1449:9.557e-08@25216","roe:680:9.319e-08@14875"
185,res_roY0,240,1.10143e-05,1.38018e-05,1.50429e-09,1.38382e-05,1.38052e-05,5.00892e-08,0,2,1,"roUx:6:2.903e-07@41726;roe:1449:9.557e-08@25216","roe:680:9.319e-08@14875"
185,res_roY0_m,240,0,0,0,0,0,0,0,2,1,"roUx:6:2.903e-07@41726;roe:1449:9.557e-08@25216","roe:680:9.319e-08@14875"
185,res_roY1,240,1.2193e-07,1.52803e-07,1.55028e-11,1.53266e-07,1.52843e-07,9.20208e-10,0,2,1,"roUx:6:2.903e-07@41726;roe:1449:9.557e-08@25216","roe:680:9.319e-08@14875"
185,res_roY1_m,240,0,0,0,0,0,0,0,2,1,"roUx:6:2.903e-07@41726;roe:1449:9.557e-08@25216","roe:680:9.319e-08@14875"
185,res_ro_m,240,0,0,0,0,0,0,0,2,1,"roUx:6:2.903e-07@41726;roe:1449:9.557e-08@25216","roe:680:9.319e-08@14875"
185,res_roe,240,0.189257,0.266997,5.96423e-08,0.247968,0.267965,0.0099418,0,2,1,"roUx:6:2.903e-07@41726;roe:1449:9.557e-08@25216","roe:680:9.319e-08@14875"
185,res_roe_m,240,0,0,0,0,0,0,0,2,1,"roUx:6:2.903e-07@41726;roe:1449:9.557e-08@25216","roe:680:9.319e-08@14875"
186,res_ro,240,1.60005e-05,1.13965e-05,0,1.97239e-05,1.14003e-05,4.92842e-08,0,2,1,"roUx:8:2.835e-07@41691;roe:1509:1.070e-07@15596","roe:680:9.008e-08@23607"
186,res_roK,240,1.28216e-05,7.71954e-06,2.51521e-09,0.000247648,9.31512e-06,4.2783e-06,0,2,1,"roUx:8:2.835e-07@41691;roe:1509:1.070e-07@15596","roe:680:9.008e-08@23607"
186,res_roK_m,240,0,0,0,0,0,0,0,2,1,"roUx:8:2.835e-07@41691;roe:1509:1.070e-07@15596","roe:680:9.008e-08@23607"
186,res_roOmega,240,400.776,356.42,0.00202799,28704.4,1076.88,713.695,0,2,1,"roUx:8:2.835e-07@41691;roe:1509:1.070e-07@15596","roe:680:9.008e-08@23607"
186,res_roOmega_m,240,0,0,0,0,0,0,0,2,1,"roUx:8:2.835e-07@41691;roe:1509:1.070e-07@15596","roe:680:9.008e-08@23607"
186,res_roUx,240,0.00246517,0.00219214,1.50245e-08,0.00427599,0.0021951,2.86384e-05,0,2,1,"roUx:8:2.835e-07@41691;roe:1509:1.070e-07@15596","roe:680:9.008e-08@23607"
186,res_roUx_m,240,0,0,0,0,0,0,0,2,1,"roUx:8:2.835e-07@41691;roe:1509:1.070e-07@15596","roe:680:9.008e-08@23607"
186,res_roUy,240,0.00208469,0.000404989,2.8551e-06,0.00259058,0.000420744,6.27869e-05,0,2,1,"roUx:8:2.835e-07@41691;roe:1509:1.070e-07@15596","roe:680:9.008e-08@23607"
186,res_roUy_m,240,0,0,0,0,0,0,0,2,1,"roUx:8:2.835e-07@41691;roe:1509:1.070e-07@15596","roe:680:9.008e-08@23607"
186,res_roUz,240,0,0,0,0,0,0,0,2,1,"roUx:8:2.835e-07@41691;roe:1509:1.070e-07@15596","roe:680:9.008e-08@23607"
186,res_roUz_m,240,0,0,0,0,0,0,0,2,1,"roUx:8:2.835e-07@41691;roe:1509:1.070e-07@15596","roe:680:9.008e-08@23607"
186,res_roY0,240,1.09817e-05,7.64031e-06,1.73559e-10,1.5836e-05,7.64594e-06,5.55439e-08,0,2,1,"roUx:8:2.835e-07@41691;roe:1509:1.070e-07@15596","roe:680:9.008e-08@23607"
186,res_roY0_m,240,0,0,0,0,0,0,0,2,1,"roUx:8:2.835e-07@41691;roe:1509:1.070e-07@15596","roe:680:9.008e-08@23607"
186,res_roY1,240,1.2159e-07,8.45895e-08,4.94415e-12,1.75383e-07,8.46556e-08,1.00079e-09,0,2,1,"roUx:8:2.835e-07@41691;roe:1509:1.070e-07@15596","roe:680:9.008e-08@23607"
186,res_roY1_m,240,0,0,0,0,0,0,0,2,1,"roUx:8:2.835e-07@41691;roe:1509:1.070e-07@15596","roe:680:9.008e-08@23607"
186,res_ro_m,240,0,0,0,0,0,0,0,2,1,"roUx:8:2.835e-07@41691;roe:1509:1.070e-07@15596","roe:680:9.008e-08@23607"
186,res_roe,240,0.197574,0.13843,2.13581e-06,0.238875,0.140074,0.00933133,0,2,1,"roUx:8:2.835e-07@41691;roe:1509:1.070e-07@15596","roe:680:9.008e-08@23607"
186,res_roe_m,240,0,0,0,0,0,0,0,2,1,"roUx:8:2.835e-07@41691;roe:1509:1.070e-07@15596","roe:680:9.008e-08@23607"
187,res_ro,240,1.67979e-05,2.10153e-05,5.82077e-11,2.07536e-05,2.10176e-05,4.81917e-08,0,2,1,"roUx:11:2.382e-07@41755;roe:1471:9.523e-08@15099","roe:676:9.022e-08@14829"
187,res_roK,240,1.32087e-05,1.45766e-05,8.2472e-10,0.000244424,1.54657e-05,4.00117e-06,0,2,1,"roUx:11:2.382e-07@41755;roe:1471:9.523e-08@15099","roe:676:9.022e-08@14829"
187,res_roK_m,240,0,0,0,0,0,0,0,2,1,"roUx:11:2.382e-07@41755;roe:1471:9.523e-08@15099","roe:676:9.022e-08@14829"
187,res_roOmega,240,430.535,348.779,0.00280809,39398.7,1061.68,775.036,0,2,1,"roUx:11:2.382e-07@41755;roe:1471:9.523e-08@15099","roe:676:9.022e-08@14829"
187,res_roOmega_m,240,0,0,0,0,0,0,0,2,1,"roUx:11:2.382e-07@41755;roe:1471:9.523e-08@15099","roe:676:9.022e-08@14829"
187,res_roUx,240,0.00253756,0.0041895,5.82506e-10,0.00439909,0.00419116,3.31297e-05,0,2,1,"roUx:11:2.382e-07@41755;roe:1471:9.523e-08@15099","roe:676:9.022e-08@14829"
187,res_roUx_m,240,0,0,0,0,0,0,0,2,1,"roUx:11:2.382e-07@41755;roe:1471:9.523e-08@15099","roe:676:9.022e-08@14829"
187,res_roUy,240,0.00207302,0.000811815,1.73521e-11,0.00226884,0.000823354,8.37685e-05,0,2,1,"roUx:11:2.382e-07@41755;roe:1471:9.523e-08@15099","roe:676:9.022e-08@14829"
187,res_roUy_m,240,0,0,0,0,0,0,0,2,1,"roUx:11:2.382e-07@41755;roe:1471:9.523e-08@15099","roe:676:9.022e-08@14829"
187,res_roUz,240,0,0,0,0,0,0,0,2,1,"roUx:11:2.382e-07@41755;roe:1471:9.523e-08@15099","roe:676:9.022e-08@14829"
187,res_roUz_m,240,0,0,0,0,0,0,0,2,1,"roUx:11:2.382e-07@41755;roe:1471:9.523e-08@15099","roe:676:9.022e-08@14829"
187,res_roY0,240,1.14923e-05,1.44188e-05,2.63423e-09,1.66546e-05,1.44221e-05,5.55119e-08,0,2,1,"roUx:11:2.382e-07@41755;roe:1471:9.523e-08@15099","roe:676:9.022e-08@14829"
187,res_roY0_m,240,0,0,0,0,0,0,0,2,1,"roUx:11:2.382e-07@41755;roe:1471:9.523e-08@15099","roe:676:9.022e-08@14829"
187,res_roY1,240,1.27245e-07,1.59635e-07,4.82745e-11,1.84439e-07,1.59673e-07,1.01021e-09,0,2,1,"roUx:11:2.382e-07@41755;roe:1471:9.523e-08@15099","roe:676:9.022e-08@14829"
187,res_roY1_m,240,0,0,0,0,0,0,0,2,1,"roUx:11:2.382e-07@41755;roe:1471:9.523e-08@15099","roe:676:9.022e-08@14829"
187,res_ro_m,240,0,0,0,0,0,0,0,2,1,"roUx:11:2.382e-07@41755;roe:1471:9.523e-08@15099","roe:676:9.022e-08@14829"
187,res_roe,240,0.204793,0.28052,2.42765e-05,0.269795,0.281485,0.0125708,0,2,1,"roUx:11:2.382e-07@41755;roe:1471:9.523e-08@15099","roe:676:9.022e-08@14829"
187,res_roe_m,240,0,0,0,0,0,0,0,2,1,"roUx:11:2.382e-07@41755;roe:1471:9.523e-08@15099","roe:676:9.022e-08@14829"
188,res_ro,240,1.65995e-05,8.05854e-06,5.82077e-11,2.00255e-05,8.06232e-06,4.8502e-08,0,2,1,"roUx:10:2.127e-07@41691;roe:1486:1.169e-07@41729","roe:677:9.025e-08@14830"
188,res_roK,240,1.29614e-05,5.58571e-06,2.37028e-09,0.000245264,7.60945e-06,4.19058e-06,0,2,1,"roUx:10:2.127e-07@41691;roe:1486:1.169e-07@41729","roe:677:9.025e-08@14830"
188,res_roK_m,240,0,0,0,0,0,0,0,2,1,"roUx:10:2.127e-07@41691;roe:1486:1.169e-07@41729","roe:677:9.025e-08@14830"
188,res_roOmega,240,354.338,262.042,0.00282897,70355.3,1052.39,753.07,0,2,1,"roUx:10:2.127e-07@41691;roe:1486:1.169e-07@41729","roe:677:9.025e-08@14830"
188,res_roOmega_m,240,0,0,0,0,0,0,0,2,1,"roUx:10:2.127e-07@41691;roe:1486:1.169e-07@41729","roe:677:9.025e-08@14830"
188,res_roUx,240,0.00254796,0.00151677,1.16156e-09,0.00420781,0.00152004,3.14225e-05,0,2,1,"roUx:10:2.127e-07@41691;roe:1486:1.169e-07@41729","roe:677:9.025e-08@14830"
188,res_roUx_m,240,0,0,0,0,0,0,0,2,1,"roUx:10:2.127e-07@41691;roe:1486:1.169e-07@41729","roe:677:9.025e-08@14830"
188,res_roUy,240,0.00204807,0.000341116,3.50067e-11,0.0023873,0.000360652,7.56109e-05,0,2,1,"roUx:10:2.127e-07@41691;roe:1486:1.169e-07@41729","roe:677:9.025e-08@14830"
188,res_roUy_m,240,0,0,0,0,0,0,0,2,1,"roUx:10:2.127e-07@41691;roe:1486:1.169e-07@41729","roe:677:9.025e-08@14830"
188,res_roUz,240,0,0,0,0,0,0,0,2,1,"roUx:10:2.127e-07@41691;roe:1486:1.169e-07@41729","roe:677:9.025e-08@14830"
188,res_roUz_m,240,0,0,0,0,0,0,0,2,1,"roUx:10:2.127e-07@41691;roe:1486:1.169e-07@41729","roe:677:9.025e-08@14830"
188,res_roY0,240,1.14423e-05,5.53604e-06,2.14833e-09,1.59273e-05,5.54149e-06,5.71361e-08,0,2,1,"roUx:10:2.127e-07@41691;roe:1486:1.169e-07@41729","roe:677:9.025e-08@14830"
188,res_roY0_m,240,0,0,0,0,0,0,0,2,1,"roUx:10:2.127e-07@41691;roe:1486:1.169e-07@41729","roe:677:9.025e-08@14830"
188,res_roY1,240,1.26671e-07,6.1292e-08,2.10269e-11,1.76396e-07,6.13569e-08,1.02314e-09,0,2,1,"roUx:10:2.127e-07@41691;roe:1486:1.169e-07@41729","roe:677:9.025e-08@14830"
188,res_roY1_m,240,0,0,0,0,0,0,0,2,1,"roUx:10:2.127e-07@41691;roe:1486:1.169e-07@41729","roe:677:9.025e-08@14830"
188,res_ro_m,240,0,0,0,0,0,0,0,2,1,"roUx:10:2.127e-07@41691;roe:1486:1.169e-07@41729","roe:677:9.025e-08@14830"
188,res_roe,240,0.206213,0.139056,2.15792e-05,0.273196,0.140928,0.00932879,0,2,1,"roUx:10:2.127e-07@41691;roe:1486:1.169e-07@41729","roe:677:9.025e-08@14830"
188,res_roe_m,240,0,0,0,0,0,0,0,2,1,"roUx:10:2.127e-07@41691;roe:1486:1.169e-07@41729","roe:677:9.025e-08@14830"
189,res_ro,240,1.56899e-05,2.03234e-05,2.32831e-10,1.9509e-05,2.03257e-05,4.90045e-08,0,2,2,"roUx:7:2.122e-07@41699;roe:1480:9.459e-08@15202","roUx:1:7.271e-08@41670;roe:680:9.107e-08@23960"
189,res_roK,240,1.22295e-05,1.40192e-05,2.38586e-09,0.000242952,1.49519e-05,4.11503e-06,0,2,2,"roUx:7:2.122e-07@41699;roe:1480:9.459e-08@15202","roUx:1:7.271e-08@41670;roe:680:9.107e-08@23960"
189,res_roK_m,240,0,0,0,0,0,0,0,2,2,"roUx:7:2.122e-07@41699;roe:1480:9.459e-08@15202","roUx:1:7.271e-08@41670;roe:680:9.107e-08@23960"
189,res_roOmega,240,259.429,121.743,0.00207699,33549.1,988.357,777.194,0,2,2,"roUx:7:2.122e-07@41699;roe:1480:9.459e-08@15202","roUx:1:7.271e-08@41670;roe:680:9.107e-08@23960"
189,res_roOmega_m,240,0,0,0,0,0,0,0,2,2,"roUx:7:2.122e-07@41699;roe:1480:9.459e-08@15202","roUx:1:7.271e-08@41670;roe:680:9.107e-08@23960"
189,res_roUx,240,0.002405,0.00405726,2.17276e-08,0.00454093,0.00405873,2.66474e-05,0,2,2,"roUx:7:2.122e-07@41699;roe:1480:9.459e-08@15202","roUx:1:7.271e-08@41670;roe:680:9.107e-08@23960"
189,res_roUx_m,240,0,0,0,0,0,0,0,2,2,"roUx:7:2.122e-07@41699;roe:1480:9.459e-08@15202","roUx:1:7.271e-08@41670;roe:680:9.107e-08@23960"
189,res_roUy,240,0.00193354,0.000741179,5.92224e-11,0.00243305,0.00075368,6.38683e-05,0,2,2,"roUx:7:2.122e-07@41699;roe:1480:9.459e-08@15202","roUx:1:7.271e-08@41670;roe:680:9.107e-08@23960"
189,res_roUy_m,240,0,0,0,0,0,0,0,2,2,"roUx:7:2.122e-07@41699;roe:1480:9.459e-08@15202","roUx:1:7.271e-08@41670;roe:680:9.107e-08@23960"
189,res_roUz,240,0,0,0,0,0,0,0,2,2,"roUx:7:2.122e-07@41699;roe:1480:9.459e-08@15202","roUx:1:7.271e-08@41670;roe:680:9.107e-08@23960"
189,res_roUz_m,240,0,0,0,0,0,0,0,2,2,"roUx:7:2.122e-07@41699;roe:1480:9.459e-08@15202","roUx:1:7.271e-08@41670;roe:680:9.107e-08@23960"
189,res_roY0,240,1.07236e-05,1.38656e-05,1.8575e-09,1.57002e-05,1.38689e-05,5.71148e-08,0,2,2,"roUx:7:2.122e-07@41699;roe:1480:9.459e-08@15202","roUx:1:7.271e-08@41670;roe:680:9.107e-08@23960"
189,res_roY0_m,240,0,0,0,0,0,0,0,2,2,"roUx:7:2.122e-07@41699;roe:1480:9.459e-08@15202","roUx:1:7.271e-08@41670;roe:680:9.107e-08@23960"
189,res_roY1,240,1.18716e-07,1.53511e-07,1.74582e-11,1.73884e-07,1.5355e-07,1.00856e-09,0,2,2,"roUx:7:2.122e-07@41699;roe:1480:9.459e-08@15202","roUx:1:7.271e-08@41670;roe:680:9.107e-08@23960"
189,res_roY1_m,240,0,0,0,0,0,0,0,2,2,"roUx:7:2.122e-07@41699;roe:1480:9.459e-08@15202","roUx:1:7.271e-08@41670;roe:680:9.107e-08@23960"
189,res_ro_m,240,0,0,0,0,0,0,0,2,2,"roUx:7:2.122e-07@41699;roe:1480:9.459e-08@15202","roUx:1:7.271e-08@41670;roe:680:9.107e-08@23960"
189,res_roe,240,0.206074,0.29176,2.08251e-06,0.295572,0.292596,0.0106587,0,2,2,"roUx:7:2.122e-07@41699;roe:1480:9.459e-08@15202","roUx:1:7.271e-08@41670;roe:680:9.107e-08@23960"
189,res_roe_m,240,0,0,0,0,0,0,0,2,2,"roUx:7:2.122e-07@41699;roe:1480:9.459e-08@15202","roUx:1:7.271e-08@41670;roe:680:9.107e-08@23960"
190,res_ro,240,1.48291e-05,1.12587e-05,4.07096e-12,1.77045e-05,1.12625e-05,4.89794e-08,0,2,1,"roUx:9:2.196e-07@41741;roe:1475:9.459e-08@15202","roe:688:9.319e-08@14875"
190,res_roK,240,1.17201e-05,7.87192e-06,2.80704e-09,0.000240308,9.42911e-06,4.0684e-06,0,2,1,"roUx:9:2.196e-07@41741;roe:1475:9.459e-08@15202","roe:688:9.319e-08@14875"
190,res_roK_m,240,0,0,0,0,0,0,0,2,1,"roUx:9:2.196e-07@41741;roe:1475:9.459e-08@15202","roe:688:9.319e-08@14875"
190,res_roOmega,240,187.236,83.0089,0.00282301,47059.7,1166.1,901.154,0,2,1,"roUx:9:2.196e-07@41741;roe:1475:9.459e-08@15202","roe:688:9.319e-08@14875"
190,res_roOmega_m,240,0,0,0,0,0,0,0,2,1,"roUx:9:2.196e-07@41741;roe:1475:9.459e-08@15202","roe:688:9.319e-08@14875"
190,res_roUx,240,0.00224994,0.00216697,1.8268e-08,0.00431304,0.00216991,2.936e-05,0,2,1,"roUx:9:2.196e-07@41741;roe:1475:9.459e-08@15202","roe:688:9.319e-08@14875"
190,res_roUx_m,240,0,0,0,0,0,0,0,2,1,"roUx:9:2.196e-07@41741;roe:1475:9.459e-08@15202","roe:688:9.319e-08@14875"
190,res_roUy,240,0.00169817,0.000350737,2.75864e-06,0.00254252,0.000373654,6.40979e-05,0,2,1,"roUx:9:2.196e-07@41741;roe:1475:9.459e-08@15202","roe:688:9.319e-08@14875"
190,res_roUy_m,240,0,0,0,0,0,0,0,2,1,"roUx:9:2.196e-07@41741;roe:1475:9.459e-08@15202","roe:688:9.319e-08@14875"
190,res_roUz,240,0,0,0,0,0,0,0,2,1,"roUx:9:2.196e-07@41741;roe:1475:9.459e-08@15202","roe:688:9.319e-08@14875"
190,res_roUz_m,240,0,0,0,0,0,0,0,2,1,"roUx:9:2.196e-07@41741;roe:1475:9.459e-08@15202","roe:688:9.319e-08@14875"
190,res_roY0,240,1.03132e-05,7.79487e-06,2.22655e-09,1.40663e-05,7.80023e-06,5.48807e-08,0,2,1,"roUx:9:2.196e-07@41741;roe:1475:9.459e-08@15202","roe:688:9.319e-08@14875"
190,res_roY0_m,240,0,0,0,0,0,0,0,2,1,"roUx:9:2.196e-07@41741;roe:1475:9.459e-08@15202","roe:688:9.319e-08@14875"
190,res_roY1,240,1.14187e-07,8.62998e-08,3.19464e-11,1.55796e-07,8.63638e-08,1.05767e-09,0,2,1,"roUx:9:2.196e-07@41741;roe:1475:9.459e-08@15202","roe:688:9.319e-08@14875"
190,res_roY1_m,240,0,0,0,0,0,0,0,2,1,"roUx:9:2.196e-07@41741;roe:1475:9.459e-08@15202","roe:688:9.319e-08@14875"
190,res_ro_m,240,0,0,0,0,0,0,0,2,1,"roUx:9:2.196e-07@41741;roe:1475:9.459e-08@15202","roe:688:9.319e-08@14875"
190,res_roe,240,0.192067,0.149113,1.21014e-05,0.253474,0.150656,0.0111016,0,2,1,"roUx:9:2.196e-07@41741;roe:1475:9.459e-08@15202","roe:688:9.319e-08@14875"
190,res_roe_m,240,0,0,0,0,0,0,0,2,1,"roUx:9:2.196e-07@41741;roe:1475:9.459e-08@15202","roe:688:9.319e-08@14875"
191,res_ro,240,1.34523e-05,1.87647e-05,0,1.96895e-05,1.87676e-05,4.71681e-08,0,2,1,"roUx:6:2.127e-07@41691;roe:1481:1.070e-07@15596","roe:664:9.319e-08@14875"
191,res_roK,240,1.07324e-05,1.2995e-05,1.00091e-09,0.000240826,1.39419e-05,4.33485e-06,0,2,1,"roUx:6:2.127e-07@41691;roe:1481:1.070e-07@15596","roe:664:9.319e-08@14875"
191,res_roK_m,240,0,0,0,0,0,0,0,2,1,"roUx:6:2.127e-07@41691;roe:1481:1.070e-07@15596","roe:664:9.319e-08@14875"
191,res_roOmega,240,159.346,102.809,0.000489511,35260.6,1083.41,848.415,0,2,1,"roUx:6:2.127e-07@41691;roe:1481:1.070e-07@15596","roe:664:9.319e-08@14875"
191,res_roOmega_m,240,0,0,0,0,0,0,0,2,1,"roUx:6:2.127e-07@41691;roe:1481:1.070e-07@15596","roe:664:9.319e-08@14875"
191,res_roUx,240,0.00205045,0.00374273,1.84728e-08,0.00461955,0.00374467,3.79754e-05,0,2,1,"roUx:6:2.127e-07@41691;roe:1481:1.070e-07@15596","roe:664:9.319e-08@14875"
191,res_roUx_m,240,0,0,0,0,0,0,0,2,1,"roUx:6:2.127e-07@41691;roe:1481:1.070e-07@15596","roe:664:9.319e-08@14875"
191,res_roUy,240,0.00168607,0.000603988,2.80482e-11,0.00235411,0.00061648,0.000105869,0,2,1,"roUx:6:2.127e-07@41691;roe:1481:1.070e-07@15596","roe:664:9.319e-08@14875"
191,res_roUy_m,240,0,0,0,0,0,0,0,2,1,"roUx:6:2.127e-07@41691;roe:1481:1.070e-07@15596","roe:664:9.319e-08@14875"
191,res_roUz,240,0,0,0,0,0,0,0,2,1,"roUx:6:2.127e-07@41691;roe:1481:1.070e-07@15596","roe:664:9.319e-08@14875"
191,res_roUz_m,240,0,0,0,0,0,0,0,2,1,"roUx:6:2.127e-07@41691;roe:1481:1.070e-07@15596","roe:664:9.319e-08@14875"
191,res_roY0,240,9.33026e-06,1.28555e-05,1.37751e-09,1.70081e-05,1.28596e-05,5.31245e-08,0,2,1,"roUx:6:2.127e-07@41691;roe:1481:1.070e-07@15596","roe:664:9.319e-08@14875"
191,res_roY0_m,240,0,0,0,0,0,0,0,2,1,"roUx:6:2.127e-07@41691;roe:1481:1.070e-07@15596","roe:664:9.319e-08@14875"
191,res_roY1,240,1.03305e-07,1.42326e-07,2.20173e-11,1.8836e-07,1.42374e-07,1.01537e-09,0,2,1,"roUx:6:2.127e-07@41691;roe:1481:1.070e-07@15596","roe:664:9.319e-08@14875"
191,res_roY1_m,240,0,0,0,0,0,0,0,2,1,"roUx:6:2.127e-07@41691;roe:1481:1.070e-07@15596","roe:664:9.319e-08@14875"
191,res_ro_m,240,0,0,0,0,0,0,0,2,1,"roUx:6:2.127e-07@41691;roe:1481:1.070e-07@15596","roe:664:9.319e-08@14875"
191,res_roe,240,0.178333,0.268427,1.09984e-05,0.242675,0.269418,0.0114334,0,2,1,"roUx:6:2.127e-07@41691;roe:1481:1.070e-07@15596","roe:664:9.319e-08@14875"
191,res_roe_m,240,0,0,0,0,0,0,0,2,1,"roUx:6:2.127e-07@41691;roe:1481:1.070e-07@15596","roe:664:9.319e-08@14875"
192,res_ro,240,1.3965e-05,1.26085e-05,0,2.15653e-05,1.26121e-05,4.89303e-08,0,2,1,"roUx:5:2.932e-07@41651;roe:1487:9.459e-08@15202","roe:674:9.332e-08@14877"
192,res_roK,240,1.09288e-05,8.59062e-06,2.66001e-09,0.00024053,1.00948e-05,4.27197e-06,0,2,1,"roUx:5:2.932e-07@41651;roe:1487:9.459e-08@15202","roe:674:9.332e-08@14877"
192,res_roK_m,240,0,0,0,0,0,0,0,2,1,"roUx:5:2.932e-07@41651;roe:1487:9.459e-08@15202","roe:674:9.332e-08@14877"
192,res_roOmega,240,147.427,121.336,2.80076e-05,77641.3,1023.93,780.955,0,2,1,"roUx:5:2.932e-07@41651;roe:1487:9.459e-08@15202","roe:674:9.332e-08@14877"
192,res_roOmega_m,240,0,0,0,0,0,0,0,2,1,"roUx:5:2.932e-07@41651;roe:1487:9.459e-08@15202","roe:674:9.332e-08@14877"
192,res_roUx,240,0.0021686,0.00243738,1.44524e-09,0.00412339,0.00243999,2.89195e-05,0,2,1,"roUx:5:2.932e-07@41651;roe:1487:9.459e-08@15202","roe:674:9.332e-08@14877"
192,res_roUx_m,240,0,0,0,0,0,0,0,2,1,"roUx:5:2.932e-07@41651;roe:1487:9.459e-08@15202","roe:674:9.332e-08@14877"
192,res_roUy,240,0.00160236,0.000365197,7.43578e-11,0.00196476,0.000392396,6.38436e-05,0,2,1,"roUx:5:2.932e-07@41651;roe:1487:9.459e-08@15202","roe:674:9.332e-08@14877"
192,res_roUy_m,240,0,0,0,0,0,0,0,2,1,"roUx:5:2.932e-07@41651;roe:1487:9.459e-08@15202","roe:674:9.332e-08@14877"
192,res_roUz,240,0,0,0,0,0,0,0,2,1,"roUx:5:2.932e-07@41651;roe:1487:9.459e-08@15202","roe:674:9.332e-08@14877"
192,res_roUz_m,240,0,0,0,0,0,0,0,2,1,"roUx:5:2.932e-07@41651;roe:1487:9.459e-08@15202","roe:674:9.332e-08@14877"
192,res_roY0,240,9.58501e-06,8.50715e-06,1.87177e-09,1.88692e-05,8.5124e-06,5.61305e-08,0,2,1,"roUx:5:2.932e-07@41651;roe:1487:9.459e-08@15202","roe:674:9.332e-08@14877"
192,res_roY0_m,240,0,0,0,0,0,0,0,2,1,"roUx:5:2.932e-07@41651;roe:1487:9.459e-08@15202","roe:674:9.332e-08@14877"
192,res_roY1,240,1.06118e-07,9.41847e-08,3.97287e-11,2.08959e-07,9.42462e-08,1.00149e-09,0,2,1,"roUx:5:2.932e-07@41651;roe:1487:9.459e-08@15202","roe:674:9.332e-08@14877"
192,res_roY1_m,240,0,0,0,0,0,0,0,2,1,"roUx:5:2.932e-07@41651;roe:1487:9.459e-08@15202","roe:674:9.332e-08@14877"
192,res_ro_m,240,0,0,0,0,0,0,0,2,1,"roUx:5:2.932e-07@41651;roe:1487:9.459e-08@15202","roe:674:9.332e-08@14877"
192,res_roe,240,0.161193,0.148911,2.6974e-06,0.253648,0.150611,0.0112685,0,2,1,"roUx:5:2.932e-07@41651;roe:1487:9.459e-08@15202","roe:674:9.332e-08@14877"
192,res_roe_m,240,0,0,0,0,0,0,0,2,1,"roUx:5:2.932e-07@41651;roe:1487:9.459e-08@15202","roe:674:9.332e-08@14877"
193,res_ro,240,1.52874e-05,1.9741e-05,1.3982e-09,1.80685e-05,1.97432e-05,4.96101e-08,0,2,2,"roUx:12:2.199e-07@41746;roe:1525:9.459e-08@15202","roUx:1:2.151e-07@41678;roe:677:9.332e-08@14877"
193,res_roK,240,1.19661e-05,1.36982e-05,3.27e-09,0.000237548,1.46455e-05,4.4063e-06,0,2,2,"roUx:12:2.199e-07@41746;roe:1525:9.459e-08@15202","roUx:1:2.151e-07@41678;roe:677:9.332e-08@14877"
193,res_roK_m,240,0,0,0,0,0,0,0,2,2,"roUx:12:2.199e-07@41746;roe:1525:9.459e-08@15202","roUx:1:2.151e-07@41678;roe:677:9.332e-08@14877"
193,res_roOmega,240,124.795,138.442,7.17093e-05,68290.6,1119.86,920.088,0,2,2,"roUx:12:2.199e-07@41746;roe:1525:9.459e-08@15202","roUx:1:2.151e-07@41678;roe:677:9.332e-08@14877"
193,res_roOmega_m,240,0,0,0,0,0,0,0,2,2,"roUx:12:2.199e-07@41746;roe:1525:9.459e-08@15202","roUx:1:2.151e-07@41678;roe:677:9.332e-08@14877"
193,res_roUx,240,0.00238214,0.0039091,5.90161e-10,0.0046544,0.00391059,3.51133e-05,0,2,2,"roUx:12:2.199e-07@41746;roe:1525:9.459e-08@15202","roUx:1:2.151e-07@41678;roe:677:9.332e-08@14877"
193,res_roUx_m,240,0,0,0,0,0,0,0,2,2,"roUx:12:2.199e-07@41746;roe:1525:9.459e-08@15202","roUx:1:2.151e-07@41678;roe:677:9.332e-08@14877"
193,res_roUy,240,0.00174062,0.000753509,2.41188e-11,0.00220624,0.000764592,9.21674e-05,0,2,2,"roUx:12:2.199e-07@41746;roe:1525:9.459e-08@15202","roUx:1:2.151e-07@41678;roe:677:9.332e-08@14877"
193,res_roUy_m,240,0,0,0,0,0,0,0,2,2,"roUx:12:2.199e-07@41746;roe:1525:9.459e-08@15202","roUx:1:2.151e-07@41678;roe:677:9.332e-08@14877"
193,res_roUz,240,0,0,0,0,0,0,0,2,2,"roUx:12:2.199e-07@41746;roe:1525:9.459e-08@15202","roUx:1:2.151e-07@41678;roe:677:9.332e-08@14877"
193,res_roUz_m,240,0,0,0,0,0,0,0,2,2,"roUx:12:2.199e-07@41746;roe:1525:9.459e-08@15202","roUx:1:2.151e-07@41678;roe:677:9.332e-08@14877"
193,res_roY0,240,1.06028e-05,1.35585e-05,4.83359e-10,1.42536e-05,1.35616e-05,5.55857e-08,0,2,2,"roUx:12:2.199e-07@41746;roe:1525:9.459e-08@15202","roUx:1:2.151e-07@41678;roe:677:9.332e-08@14877"
193,res_roY0_m,240,0,0,0,0,0,0,0,2,2,"roUx:12:2.199e-07@41746;roe:1525:9.459e-08@15202","roUx:1:2.151e-07@41678;roe:677:9.332e-08@14877"
193,res_roY1,240,1.17387e-07,1.50108e-07,1.29344e-11,1.57854e-07,1.50145e-07,1.04636e-09,0,2,2,"roUx:12:2.199e-07@41746;roe:1525:9.459e-08@15202","roUx:1:2.151e-07@41678;roe:677:9.332e-08@14877"
193,res_roY1_m,240,0,0,0,0,0,0,0,2,2,"roUx:12:2.199e-07@41746;roe:1525:9.459e-08@15202","roUx:1:2.151e-07@41678;roe:677:9.332e-08@14877"
193,res_ro_m,240,0,0,0,0,0,0,0,2,2,"roUx:12:2.199e-07@41746;roe:1525:9.459e-08@15202","roUx:1:2.151e-07@41678;roe:677:9.332e-08@14877"
193,res_roe,240,0.16839,0.238938,1.54954e-05,0.216051,0.240026,0.0100805,0,2,2,"roUx:12:2.199e-07@41746;roe:1525:9.459e-08@15202","roUx:1:2.151e-07@41678;roe:677:9.332e-08@14877"
193,res_roe_m,240,0,0,0,0,0,0,0,2,2,"roUx:12:2.199e-07@41746;roe:1525:9.459e-08@15202","roUx:1:2.151e-07@41678;roe:677:9.332e-08@14877"
194,res_ro,240,1.56707e-05,9.7674e-06,0,1.9268e-05,9.77029e-06,5.05749e-08,0,2,1,"roUx:10:2.199e-07@41746;roe:1519:9.569e-08@25335","roe:692:9.022e-08@14758"
194,res_roK,240,1.23674e-05,6.85716e-06,2.76443e-09,0.000238939,8.75539e-06,4.29139e-06,0,2,1,"roUx:10:2.199e-07@41746;roe:1519:9.569e-08@25335","roe:692:9.022e-08@14758"
194,res_roK_m,240,0,0,0,0,0,0,0,2,1,"roUx:10:2.199e-07@41746;roe:1519:9.569e-08@25335","roe:692:9.022e-08@14758"
194,res_roOmega,240,92.9784,145.951,0.000490558,42235.1,1108.41,829.765,0,2,1,"roUx:10:2.199e-07@41746;roe:1519:9.569e-08@25335","roe:692:9.022e-08@14758"
194,res_roOmega_m,240,0,0,0,0,0,0,0,2,1,"roUx:10:2.199e-07@41746;roe:1519:9.569e-08@25335","roe:692:9.022e-08@14758"
194,res_roUx,240,0.00243305,0.0019316,6.40694e-10,0.00439976,0.00193361,2.76412e-05,0,2,1,"roUx:10:2.199e-07@41746;roe:1519:9.569e-08@25335","roe:692:9.022e-08@14758"
194,res_roUx_m,240,0,0,0,0,0,0,0,2,1,"roUx:10:2.199e-07@41746;roe:1519:9.569e-08@25335","roe:692:9.022e-08@14758"
194,res_roUy,240,0.00176768,0.000319827,4.39202e-11,0.00205581,0.000341387,6.14468e-05,0,2,1,"roUx:10:2.199e-07@41746;roe:1519:9.569e-08@25335","roe:692:9.022e-08@14758"
194,res_roUy_m,240,0,0,0,0,0,0,0,2,1,"roUx:10:2.199e-07@41746;roe:1519:9.569e-08@25335","roe:692:9.022e-08@14758"
194,res_roUz,240,0,0,0,0,0,0,0,2,1,"roUx:10:2.199e-07@41746;roe:1519:9.569e-08@25335","roe:692:9.022e-08@14758"
194,res_roUz_m,240,0,0,0,0,0,0,0,2,1,"roUx:10:2.199e-07@41746;roe:1519:9.569e-08@25335","roe:692:9.022e-08@14758"
194,res_roY0,240,1.09051e-05,6.80765e-06,3.01989e-09,1.55519e-05,6.81176e-06,5.76685e-08,0,2,1,"roUx:10:2.199e-07@41746;roe:1519:9.569e-08@25335","roe:692:9.022e-08@14758"
194,res_roY0_m,240,0,0,0,0,0,0,0,2,1,"roUx:10:2.199e-07@41746;roe:1519:9.569e-08@25335","roe:692:9.022e-08@14758"
194,res_roY1,240,1.20728e-07,7.53691e-08,5.90795e-11,1.72217e-07,7.5419e-08,1.08831e-09,0,2,1,"roUx:10:2.199e-07@41746;roe:1519:9.569e-08@25335","roe:692:9.022e-08@14758"
194,res_roY1_m,240,0,0,0,0,0,0,0,2,1,"roUx:10:2.199e-07@41746;roe:1519:9.569e-08@25335","roe:692:9.022e-08@14758"
194,res_ro_m,240,0,0,0,0,0,0,0,2,1,"roUx:10:2.199e-07@41746;roe:1519:9.569e-08@25335","roe:692:9.022e-08@14758"
194,res_roe,240,0.178215,0.158141,3.08142e-05,0.238596,0.159709,0.0122532,0,2,1,"roUx:10:2.199e-07@41746;roe:1519:9.569e-08@25335","roe:692:9.022e-08@14758"
194,res_roe_m,240,0,0,0,0,0,0,0,2,1,"roUx:10:2.199e-07@41746;roe:1519:9.569e-08@25335","roe:692:9.022e-08@14758"
195,res_ro,240,1.5237e-05,1.77793e-05,0,1.83623e-05,1.77816e-05,4.94221e-08,0,5,1,"ro:1:8.690e-08@41727;roUx:7:2.181e-07@41727;roY0:1:8.786e-08@41727;roY1:1:1.240e-07@41727;roe:1479:1.169e-07@41727","roe:663:9.179e-08@24154"
195,res_roK,240,1.18232e-05,1.23043e-05,1.51966e-09,0.000239638,1.34189e-05,4.07466e-06,0,5,1,"ro:1:8.690e-08@41727;roUx:7:2.181e-07@41727;roY0:1:8.786e-08@41727;roY1:1:1.240e-07@41727;roe:1479:1.169e-07@41727","roe:663:9.179e-08@24154"
195,res_roK_m,240,0,0,0,0,0,0,0,5,1,"ro:1:8.690e-08@41727;roUx:7:2.181e-07@41727;roY0:1:8.786e-08@41727;roY1:1:1.240e-07@41727;roe:1479:1.169e-07@41727","roe:663:9.179e-08@24154"
195,res_roOmega,240,68.6231,136.993,0.000488301,29111.7,1033.11,771.576,0,5,1,"ro:1:8.690e-08@41727;roUx:7:2.181e-07@41727;roY0:1:8.786e-08@41727;roY1:1:1.240e-07@41727;roe:1479:1.169e-07@41727","roe:663:9.179e-08@24154"
195,res_roOmega_m,240,0,0,0,0,0,0,0,5,1,"ro:1:8.690e-08@41727;roUx:7:2.181e-07@41727;roY0:1:8.786e-08@41727;roY1:1:1.240e-07@41727;roe:1479:1.169e-07@41727","roe:663:9.179e-08@24154"
195,res_roUx,240,0.00240323,0.00353521,1.78224e-11,0.00468382,0.00353675,2.91874e-05,0,5,1,"ro:1:8.690e-08@41727;roUx:7:2.181e-07@41727;roY0:1:8.786e-08@41727;roY1:1:1.240e-07@41727;roe:1479:1.169e-07@41727","roe:663:9.179e-08@24154"
195,res_roUx_m,240,0,0,0,0,0,0,0,5,1,"ro:1:8.690e-08@41727;roUx:7:2.181e-07@41727;roY0:1:8.786e-08@41727;roY1:1:1.240e-07@41727;roe:1479:1.169e-07@41727","roe:663:9.179e-08@24154"
195,res_roUy,240,0.00166843,0.000569019,2.72241e-11,0.00194514,0.000581062,6.25787e-05,0,5,1,"ro:1:8.690e-08@41727;roUx:7:2.181e-07@41727;roY0:1:8.786e-08@41727;roY1:1:1.240e-07@41727;roe:1479:1.169e-07@41727","roe:663:9.179e-08@24154"
195,res_roUy_m,240,0,0,0,0,0,0,0,5,1,"ro:1:8.690e-08@41727;roUx:7:2.181e-07@41727;roY0:1:8.786e-08@41727;roY1:1:1.240e-07@41727;roe:1479:1.169e-07@41727","roe:663:9.179e-08@24154"
195,res_roUz,240,0,0,0,0,0,0,0,5,1,"ro:1:8.690e-08@41727;roUx:7:2.181e-07@41727;roY0:1:8.786e-08@41727;roY1:1:1.240e-07@41727;roe:1479:1.169e-07@41727","roe:663:9.179e-08@24154"
195,res_roUz_m,240,0,0,0,0,0,0,0,5,1,"ro:1:8.690e-08@41727;roUx:7:2.181e-07@41727;roY0:1:8.786e-08@41727;roY1:1:1.240e-07@41727;roe:1479:1.169e-07@41727","roe:663:9.179e-08@24154"
195,res_roY0,240,1.04956e-05,1.21803e-05,1.11777e-09,1.45894e-05,1.21836e-05,5.66498e-08,0,5,1,"ro:1:8.690e-08@41727;roUx:7:2.181e-07@41727;roY0:1:8.786e-08@41727;roY1:1:1.240e-07@41727;roe:1479:1.169e-07@41727","roe:663:9.179e-08@24154"
195,res_roY0_m,240,0,0,0,0,0,0,0,5,1,"ro:1:8.690e-08@41727;roUx:7:2.181e-07@41727;roY0:1:8.786e-08@41727;roY1:1:1.240e-07@41727;roe:1479:1.169e-07@41727","roe:663:9.179e-08@24154"
195,res_roY1,240,1.16209e-07,1.34849e-07,3.5836e-11,1.61614e-07,1.34888e-07,1.01831e-09,0,5,1,"ro:1:8.690e-08@41727;roUx:7:2.181e-07@41727;roY0:1:8.786e-08@41727;roY1:1:1.240e-07@41727;roe:1479:1.169e-07@41727","roe:663:9.179e-08@24154"
195,res_roY1_m,240,0,0,0,0,0,0,0,5,1,"ro:1:8.690e-08@41727;roUx:7:2.181e-07@41727;roY0:1:8.786e-08@41727;roY1:1:1.240e-07@41727;roe:1479:1.169e-07@41727","roe:663:9.179e-08@24154"
195,res_ro_m,240,0,0,0,0,0,0,0,5,1,"ro:1:8.690e-08@41727;roUx:7:2.181e-07@41727;roY0:1:8.786e-08@41727;roY1:1:1.240e-07@41727;roe:1479:1.169e-07@41727","roe:663:9.179e-08@24154"
195,res_roe,240,0.17466,0.228956,5.39484e-06,0.23787,0.229992,0.0103809,0,5,1,"ro:1:8.690e-08@41727;roUx:7:2.181e-07@41727;roY0:1:8.786e-08@41727;roY1:1:1.240e-07@41727;roe:1479:1.169e-07@41727","roe:663:9.179e-08@24154"
195,res_roe_m,240,0,0,0,0,0,0,0,5,1,"ro:1:8.690e-08@41727;roUx:7:2.181e-07@41727;roY0:1:8.786e-08@41727;roY1:1:1.240e-07@41727;roe:1479:1.169e-07@41727","roe:663:9.179e-08@24154"
196,res_ro,240,1.54429e-05,1.71408e-05,4.06939e-12,1.77421e-05,1.71432e-05,4.83662e-08,0,2,1,"roUx:11:2.196e-07@41660;roe:1465:1.169e-07@41719","roe:678:9.034e-08@23681"
196,res_roK,240,1.21626e-05,1.18473e-05,2.76963e-10,0.000240417,1.29009e-05,4.00909e-06,0,2,1,"roUx:11:2.196e-07@41660;roe:1465:1.169e-07@41719","roe:678:9.034e-08@23681"
196,res_roK_m,240,0,0,0,0,0,0,0,2,1,"roUx:11:2.196e-07@41660;roe:1465:1.169e-07@41719","roe:678:9.034e-08@23681"
196,res_roOmega,240,90.8417,117.467,2.19266e-05,27534.5,1097.62,790.265,0,2,1,"roUx:11:2.196e-07@41660;roe:1465:1.169e-07@41719","roe:678:9.034e-08@23681"
196,res_roOmega_m,240,0,0,0,0,0,0,0,2,1,"roUx:11:2.196e-07@41660;roe:1465:1.169e-07@41719","roe:678:9.034e-08@23681"
196,res_roUx,240,0.00243004,0.00330229,2.00343e-08,0.00463869,0.00330399,2.86268e-05,0,2,1,"roUx:11:2.196e-07@41660;roe:1465:1.169e-07@41719","roe:678:9.034e-08@23681"
196,res_roUx_m,240,0,0,0,0,0,0,0,2,1,"roUx:11:2.196e-07@41660;roe:1465:1.169e-07@41719","roe:678:9.034e-08@23681"
196,res_roUy,240,0.00165441,0.000486121,2.7194e-06,0.00204625,0.000499358,6.0419e-05,0,2,1,"roUx:11:2.196e-07@41660;roe:1465:1.169e-07@41719","roe:678:9.034e-08@23681"
196,res_roUy_m,240,0,0,0,0,0,0,0,2,1,"roUx:11:2.196e-07@41660;roe:1465:1.169e-07@41719","roe:678:9.034e-08@23681"
196,res_roUz,240,0,0,0,0,0,0,0,2,1,"roUx:11:2.196e-07@41660;roe:1465:1.169e-07@41719","roe:678:9.034e-08@23681"
196,res_roUz_m,240,0,0,0,0,0,0,0,2,1,"roUx:11:2.196e-07@41660;roe:1465:1.169e-07@41719","roe:678:9.034e-08@23681"
196,res_roY0,240,1.08239e-05,1.17296e-05,2.15403e-09,1.38489e-05,1.17331e-05,5.39727e-08,0,2,1,"roUx:11:2.196e-07@41660;roe:1465:1.169e-07@41719","roe:678:9.034e-08@23681"
196,res_roY0_m,240,0,0,0,0,0,0,0,2,1,"roUx:11:2.196e-07@41660;roe:1465:1.169e-07@41719","roe:678:9.034e-08@23681"
196,res_roY1,240,1.19839e-07,1.29862e-07,2.88817e-11,1.53379e-07,1.29903e-07,1.01047e-09,0,2,1,"roUx:11:2.196e-07@41660;roe:1465:1.169e-07@41719","roe:678:9.034e-08@23681"
196,res_roY1_m,240,0,0,0,0,0,0,0,2,1,"roUx:11:2.196e-07@41660;roe:1465:1.169e-07@41719","roe:678:9.034e-08@23681"
196,res_ro_m,240,0,0,0,0,0,0,0,2,1,"roUx:11:2.196e-07@41660;roe:1465:1.169e-07@41719","roe:678:9.034e-08@23681"
196,res_roe,240,0.172472,0.208967,2.6974e-06,0.223073,0.210094,0.0102184,0,2,1,"roUx:11:2.196e-07@41660;roe:1465:1.169e-07@41719","roe:678:9.034e-08@23681"
196,res_roe_m,240,0,0,0,0,0,0,0,2,1,"roUx:11:2.196e-07@41660;roe:1465:1.169e-07@41719","roe:678:9.034e-08@23681"
197,res_ro,240,1.52322e-05,1.66691e-05,7.51367e-12,1.75519e-05,1.66717e-05,4.73875e-08,0,5,1,"ro:1:8.689e-08@41665;roUx:6:2.263e-07@41640;roY0:1:8.786e-08@41665;roY1:1:1.240e-07@41665;roe:1470:1.169e-07@41706","roe:680:9.332e-08@14877"
197,res_roK,240,1.17189e-05,1.14597e-05,3.04773e-09,0.000239022,1.24769e-05,4.1257e-06,0,5,1,"ro:1:8.689e-08@41665;roUx:6:2.263e-07@41640;roY0:1:8.786e-08@41665;roY1:1:1.240e-07@41665;roe:1470:1.169e-07@41706","roe:680:9.332e-08@14877"
197,res_roK_m,240,0,0,0,0,0,0,0,5,1,"ro:1:8.689e-08@41665;roUx:6:2.263e-07@41640;roY0:1:8.786e-08@41665;roY1:1:1.240e-07@41665;roe:1470:1.169e-07@41706","roe:680:9.332e-08@14877"
197,res_roOmega,240,125.853,94.5359,1.59394e-05,28419,1158.96,824.006,0,5,1,"ro:1:8.689e-08@41665;roUx:6:2.263e-07@41640;roY0:1:8.786e-08@41665;roY1:1:1.240e-07@41665;roe:1470:1.169e-07@41706","roe:680:9.332e-08@14877"
197,res_roOmega_m,240,0,0,0,0,0,0,0,5,1,"ro:1:8.689e-08@41665;roUx:6:2.263e-07@41640;roY0:1:8.786e-08@41665;roY1:1:1.240e-07@41665;roe:1470:1.169e-07@41706","roe:680:9.332e-08@14877"
197,res_roUx,240,0.00243176,0.00332683,2.00235e-08,0.00470896,0.0033287,2.72066e-05,0,5,1,"ro:1:8.689e-08@41665;roUx:6:2.263e-07@41640;roY0:1:8.786e-08@41665;roY1:1:1.240e-07@41665;roe:1470:1.169e-07@41706","roe:680:9.332e-08@14877"
197,res_roUx_m,240,0,0,0,0,0,0,0,5,1,"ro:1:8.689e-08@41665;roUx:6:2.263e-07@41640;roY0:1:8.786e-08@41665;roY1:1:1.240e-07@41665;roe:1470:1.169e-07@41706","roe:680:9.332e-08@14877"
197,res_roUy,240,0.00174352,0.000630373,3.90554e-11,0.00200931,0.000640041,6.49489e-05,0,5,1,"ro:1:8.689e-08@41665;roUx:6:2.263e-07@41640;roY0:1:8.786e-08@41665;roY1:1:1.240e-07@41665;roe:1470:1.169e-07@41706","roe:680:9.332e-08@14877"
197,res_roUy_m,240,0,0,0,0,0,0,0,5,1,"ro:1:8.689e-08@41665;roUx:6:2.263e-07@41640;roY0:1:8.786e-08@41665;roY1:1:1.240e-07@41665;roe:1470:1.169e-07@41706","roe:680:9.332e-08@14877"
197,res_roUz,240,0,0,0,0,0,0,0,5,1,"ro:1:8.689e-08@41665;roUx:6:2.263e-07@41640;roY0:1:8.786e-08@41665;roY1:1:1.240e-07@41665;roe:1470:1.169e-07@41706","roe:680:9.332e-08@14877"
197,res_roUz_m,240,0,0,0,0,0,0,0,5,1,"ro:1:8.689e-08@41665;roUx:6:2.263e-07@41640;roY0:1:8.786e-08@41665;roY1:1:1.240e-07@41665;roe:1470:1.169e-07@41706","roe:680:9.332e-08@14877"
197,res_roY0,240,1.04102e-05,1.13374e-05,3.21916e-09,1.35201e-05,1.13411e-05,5.44533e-08,0,5,1,"ro:1:8.689e-08@41665;roUx:6:2.263e-07@41640;roY0:1:8.786e-08@41665;roY1:1:1.240e-07@41665;roe:1470:1.169e-07@41706","roe:680:9.332e-08@14877"
197,res_roY0_m,240,0,0,0,0,0,0,0,5,1,"ro:1:8.689e-08@41665;roUx:6:2.263e-07@41640;roY0:1:8.786e-08@41665;roY1:1:1.240e-07@41665;roe:1470:1.169e-07@41706","roe:680:9.332e-08@14877"
197,res_roY1,240,1.15243e-07,1.25519e-07,3.34055e-11,1.49687e-07,1.25564e-07,1.00084e-09,0,5,1,"ro:1:8.689e-08@41665;roUx:6:2.263e-07@41640;roY0:1:8.786e-08@41665;roY1:1:1.240e-07@41665;roe:1470:1.169e-07@41706","roe:680:9.332e-08@14877"
197,res_roY1_m,240,0,0,0,0,0,0,0,5,1,"ro:1:8.689e-08@41665;roUx:6:2.263e-07@41640;roY0:1:8.786e-08@41665;roY1:1:1.240e-07@41665;roe:1470:1.169e-07@41706","roe:680:9.332e-08@14877"
197,res_ro_m,240,0,0,0,0,0,0,0,5,1,"ro:1:8.689e-08@41665;roUx:6:2.263e-07@41640;roY0:1:8.786e-08@41665;roY1:1:1.240e-07@41665;roe:1470:1.169e-07@41706","roe:680:9.332e-08@14877"
197,res_roe,240,0.177395,0.237241,4.76844e-07,0.234264,0.238559,0.0119862,0,5,1,"ro:1:8.689e-08@41665;roUx:6:2.263e-07@41640;roY0:1:8.786e-08@41665;roY1:1:1.240e-07@41665;roe:1470:1.169e-07@41706","roe:680:9.332e-08@14877"
197,res_roe_m,240,0,0,0,0,0,0,0,5,1,"ro:1:8.689e-08@41665;roUx:6:2.263e-07@41640;roY0:1:8.786e-08@41665;roY1:1:1.240e-07@41665;roe:1470:1.169e-07@41706","roe:680:9.332e-08@14877"
198,res_ro,240,1.63295e-05,1.42602e-05,8.33596e-12,1.8332e-05,1.42631e-05,4.87164e-08,0,2,1,"roUx:6:2.196e-07@41736;roe:1476:9.725e-08@25613","roe:692:9.332e-08@14877"
198,res_roK,240,1.28157e-05,9.96408e-06,4.20015e-09,0.00023583,1.12636e-05,4.01883e-06,0,2,1,"roUx:6:2.196e-07@41736;roe:1476:9.725e-08@25613","roe:692:9.332e-08@14877"
198,res_roK_m,240,0,0,0,0,0,0,0,2,1,"roUx:6:2.196e-07@41736;roe:1476:9.725e-08@25613","roe:692:9.332e-08@14877"
198,res_roOmega,240,162.813,141.379,0.00201356,82329.5,1189.16,831.139,0,2,1,"roUx:6:2.196e-07@41736;roe:1476:9.725e-08@25613","roe:692:9.332e-08@14877"
198,res_roOmega_m,240,0,0,0,0,0,0,0,2,1,"roUx:6:2.196e-07@41736;roe:1476:9.725e-08@25613","roe:692:9.332e-08@14877"
198,res_roUx,240,0.00260067,0.00281732,2.41948e-08,0.00418772,0.00281937,2.84041e-05,0,2,1,"roUx:6:2.196e-07@41736;roe:1476:9.725e-08@25613","roe:692:9.332e-08@14877"
198,res_roUx_m,240,0,0,0,0,0,0,0,2,1,"roUx:6:2.196e-07@41736;roe:1476:9.725e-08@25613","roe:692:9.332e-08@14877"
198,res_roUy,240,0.00169973,0.000377556,2.74542e-06,0.0019611,0.000395369,6.32854e-05,0,2,1,"roUx:6:2.196e-07@41736;roe:1476:9.725e-08@25613","roe:692:9.332e-08@14877"
198,res_roUy_m,240,0,0,0,0,0,0,0,2,1,"roUx:6:2.196e-07@41736;roe:1476:9.725e-08@25613","roe:692:9.332e-08@14877"
198,res_roUz,240,0,0,0,0,0,0,0,2,1,"roUx:6:2.196e-07@41736;roe:1476:9.725e-08@25613","roe:692:9.332e-08@14877"
198,res_roUz_m,240,0,0,0,0,0,0,0,2,1,"roUx:6:2.196e-07@41736;roe:1476:9.725e-08@25613","roe:692:9.332e-08@14877"
198,res_roY0,240,1.14379e-05,9.8646e-06,2.1059e-09,1.40978e-05,9.86875e-06,5.59144e-08,0,2,1,"roUx:6:2.196e-07@41736;roe:1476:9.725e-08@25613","roe:692:9.332e-08@14877"
198,res_roY0_m,240,0,0,0,0,0,0,0,2,1,"roUx:6:2.196e-07@41736;roe:1476:9.725e-08@25613","roe:692:9.332e-08@14877"
198,res_roY1,240,1.26631e-07,1.09214e-07,4.7159e-11,1.56128e-07,1.09263e-07,1.06588e-09,0,2,1,"roUx:6:2.196e-07@41736;roe:1476:9.725e-08@25613","roe:692:9.332e-08@14877"
198,res_roY1_m,240,0,0,0,0,0,0,0,2,1,"roUx:6:2.196e-07@41736;roe:1476:9.725e-08@25613","roe:692:9.332e-08@14877"
198,res_ro_m,240,0,0,0,0,0,0,0,2,1,"roUx:6:2.196e-07@41736;roe:1476:9.725e-08@25613","roe:692:9.332e-08@14877"
198,res_roe,240,0.181065,0.175112,2.41266e-05,0.239195,0.17664,0.0098533,0,2,1,"roUx:6:2.196e-07@41736;roe:1476:9.725e-08@25613","roe:692:9.332e-08@14877"
198,res_roe_m,240,0,0,0,0,0,0,0,2,1,"roUx:6:2.196e-07@41736;roe:1476:9.725e-08@25613","roe:692:9.332e-08@14877"
199,res_ro,240,1.53801e-05,1.87783e-05,7.50075e-12,1.73595e-05,1.87811e-05,4.73731e-08,0,2,1,"roUx:5:2.263e-07@41757;roe:1485:9.628e-08@25260","roe:679:9.179e-08@24154"
199,res_roK,240,1.23696e-05,1.29833e-05,3.35989e-09,0.000237876,1.39856e-05,4.28726e-06,0,2,1,"roUx:5:2.263e-07@41757;roe:1485:9.628e-08@25260","roe:679:9.179e-08@24154"
199,res_roK_m,240,0,0,0,0,0,0,0,2,1,"roUx:5:2.263e-07@41757;roe:1485:9.628e-08@25260","roe:679:9.179e-08@24154"
199,res_roOmega,240,180.157,228.754,0.000122416,57041.2,1250.59,909.895,0,2,1,"roUx:5:2.263e-07@41757;roe:1485:9.628e-08@25260","roe:679:9.179e-08@24154"
199,res_roOmega_m,240,0,0,0,0,0,0,0,2,1,"roUx:5:2.263e-07@41757;roe:1485:9.628e-08@25260","roe:679:9.179e-08@24154"
199,res_roUx,240,0.00236778,0.00374103,2.34673e-08,0.0040662,0.00374288,2.67776e-05,0,2,1,"roUx:5:2.263e-07@41757;roe:1485:9.628e-08@25260","roe:679:9.179e-08@24154"
199,res_roUx_m,240,0,0,0,0,0,0,0,2,1,"roUx:5:2.263e-07@41757;roe:1485:9.628e-08@25260","roe:679:9.179e-08@24154"
199,res_roUy,240,0.00179283,0.000578015,2.75578e-06,0.00204919,0.00058925,6.12037e-05,0,2,1,"roUx:5:2.263e-07@41757;roe:1485:9.628e-08@25260","roe:679:9.179e-08@24154"
199,res_roUy_m,240,0,0,0,0,0,0,0,2,1,"roUx:5:2.263e-07@41757;roe:1485:9.628e-08@25260","roe:679:9.179e-08@24154"
199,res_roUz,240,0,0,0,0,0,0,0,2,1,"roUx:5:2.263e-07@41757;roe:1485:9.628e-08@25260","roe:679:9.179e-08@24154"
199,res_roUz_m,240,0,0,0,0,0,0,0,2,1,"roUx:5:2.263e-07@41757;roe:1485:9.628e-08@25260","roe:679:9.179e-08@24154"
199,res_roY0,240,1.07914e-05,1.28397e-05,1.18667e-10,1.34116e-05,1.28437e-05,5.12057e-08,0,2,1,"roUx:5:2.263e-07@41757;roe:1485:9.628e-08@25260","roe:679:9.179e-08@24154"
199,res_roY0_m,240,0,0,0,0,0,0,0,2,1,"roUx:5:2.263e-07@41757;roe:1485:9.628e-08@25260","roe:679:9.179e-08@24154"
199,res_roY1,240,1.19472e-07,1.42148e-07,6.30219e-12,1.48531e-07,1.42195e-07,1.00921e-09,0,2,1,"roUx:5:2.263e-07@41757;roe:1485:9.628e-08@25260","roe:679:9.179e-08@24154"
199,res_roY1_m,240,0,0,0,0,0,0,0,2,1,"roUx:5:2.263e-07@41757;roe:1485:9.628e-08@25260","roe:679:9.179e-08@24154"
199,res_ro_m,240,0,0,0,0,0,0,0,2,1,"roUx:5:2.263e-07@41757;roe:1485:9.628e-08@25260","roe:679:9.179e-08@24154"
199,res_roe,240,0.198924,0.268219,2.86102e-06,0.247706,0.269143,0.0108393,0,2,1,"roUx:5:2.263e-07@41757;roe:1485:9.628e-08@25260","roe:679:9.179e-08@24154"
199,res_roe_m,240,0,0,0,0,0,0,0,2,1,"roUx:5:2.263e-07@41757;roe:1485:9.628e-08@25260","roe:679:9.179e-08@24154"
