x_rt,delta_r_rt,dstar_n_rt,theta_m,H,N,Cf,M_e,Tw,Taw
-1.249999900000000075e+01,2.140870140632243710e-03,2.139730935493201411e-03,1.183881602461352687e-04,1.388207938074287107e+00,5.157819499710488031e+00,4.707240685956379060e-03,3.409276346775945432e-02,1.599974315588647414e+03,1.599974315588647414e+03
-1.242821509529946766e+01,2.356042371520441613e-03,2.365306172910032392e-03,1.311975912619187904e-04,1.384730101583035333e+00,5.204666102745904688e+00,4.589093231384325580e-03,3.409276346775945432e-02,1.599974315588647414e+03,1.599974315588647414e+03
-1.235643119059893458e+01,2.571087097572858325e-03,2.585152220825017843e-03,1.437062801449526012e-04,1.381700778842053889e+00,5.246187938914947502e+00,4.488361250984625184e-03,3.409276346775945432e-02,1.599974315588647414e+03,1.599974315588647414e+03
-1.228464728589840327e+01,2.785185749434912483e-03,2.800080687639011634e-03,1.559563789288576747e-04,1.379021485961007931e+00,5.283483841391162450e+00,4.400912955719126114e-03,3.409276346775945432e-02,1.599974315588647414e+03,1.599974315588647414e+03
-1.221286338119787018e+01,2.997721502387864449e-03,3.010718005475623328e-03,1.679804743751043303e-04,1.376622634657590716e+00,5.317342975000915573e+00,4.323895894884166244e-03,3.409276346775945432e-02,1.599974315588647414e+03,1.599974315588647414e+03
-1.214107947649733710e+01,3.208236667023336031e-03,3.217555983886308344e-03,1.798041629225172080e-04,1.374453334200862464e+00,5.348350780211045929e+00,4.255265864427383235e-03,3.409276346775945432e-02,1.599974315588647414e+03,1.599974315588647414e+03
-1.206929557179680401e+01,3.416394708594428908e-03,3.420995411027574415e-03,1.914483426479537801e-04,1.372475213929428062e+00,5.376954580514070159e+00,4.193509674291963189e-03,3.409276346775945432e-02,1.599974315588647414e+03,1.599974315588647414e+03
-1.199751166709627270e+01,3.621946395057679298e-03,3.621435077226904230e-03,2.029303871197050361e-04,1.370683704111339996e+00,5.403138376603838999e+00,4.137478320626343173e-03,3.409276346775945432e-02,1.599974315588647414e+03,1.599974315588647414e+03
-1.192572776239573962e+01,3.824699642233302544e-03,3.819498258530194378e-03,2.142639577812370164e-04,1.369180871714602787e+00,5.425325400507667872e+00,4.086284865490316491e-03,3.409276346775945432e-02,1.599974315588647414e+03,1.599974315588647414e+03
-1.185394385769520653e+01,4.024494543745759344e-03,4.014934122280019828e-03,2.254573457727414190e-04,1.367784454039202124e+00,5.446114645405870647e+00,4.039241063204050339e-03,3.409276346775945432e-02,1.599974315588647414e+03,1.599974315588647414e+03
-1.178215995299467345e+01,4.221193308107934819e-03,4.207851829473937752e-03,2.365158626600565560e-04,1.366481620967288091e+00,5.465663557609372170e+00,3.995798456204345192e-03,3.409276346775945432e-02,1.599974315588647414e+03,1.599974315588647414e+03
-1.171037604829414036e+01,4.414682469840005945e-03,4.398325579503715652e-03,2.474429324556120797e-04,1.365261834698799248e+00,5.484102197433815107e+00,3.955511473015135837e-03,3.409276346775945432e-02,1.599974315588647414e+03,1.599974315588647414e+03
-1.163859214359360905e+01,4.604876231103007325e-03,4.586397050845932369e-03,2.582402068313378852e-04,1.364116362069015320e+00,5.501538844002311635e+00,3.918014329828009568e-03,3.409276346775945432e-02,1.599974315588647414e+03,1.599974315588647414e+03
-1.156680823889307597e+01,4.791719379896800489e-03,4.772081173531695156e-03,2.689078770059535688e-04,1.363037887981927376e+00,5.518064560397951901e+00,3.883003302570439512e-03,3.409276346775945432e-02,1.599974315588647414e+03,1.599974315588647414e+03
-1.149502433419254288e+01,4.975189825131431584e-03,4.955370409349068271e-03,2.794449045929392407e-04,1.362020228174724901e+00,5.533756601565612776e+00,3.850223674078854640e-03,3.409276346775945432e-02,1.599974315588647414e+03,1.599974315588647414e+03
-1.142324042949200980e+01,5.155300789089841892e-03,5.136237006478639767e-03,2.898491393701248253e-04,1.361058117102790455e+00,5.548680923793900099e+00,3.819460111770606008e-03,3.409276346775945432e-02,1.599974315588647414e+03,1.599974315588647414e+03
-1.135145652479147849e+01,5.332102681887049452e-03,5.314634559891388832e-03,3.001173994659407131e-04,1.360147044740201316e+00,5.562894122785085216e+00,3.790529324774964248e-03,3.409276346775945432e-02,1.599974315588647414e+03,1.599974315588647414e+03
-1.127967262009094540e+01,5.505683247490312029e-03,5.490500387563021327e-03,3.102456003441392100e-04,1.359283122951035150e+00,5.576445050442218054e+00,3.763274182334750643e-03,3.409276346775945432e-02,1.599974315588647414e+03,1.599974315588647414e+03
-1.120788871539041232e+01,5.676159472309568257e-03,5.663758450560690827e-03,3.202289167556860512e-04,1.358462975794229033e+00,5.589376164696930438e+00,3.737558979789582566e-03,3.409276346775945432e-02,1.599974315588647414e+03,1.599974315588647414e+03
-1.113610481068987923e+01,5.843663574339945203e-03,5.834320118618195605e-03,3.300618218845498210e-04,1.357683660448802954e+00,5.601724479678517277e+00,3.713265958863485889e-03,3.409276346775945432e-02,1.599974315588647414e+03,1.599974315588647414e+03
-1.106432090598934792e+01,6.008329601713813944e-03,6.002085019694282549e-03,3.397381321833016499e-04,1.356942602195993830e+00,5.613522354437882278e+00,3.690292482135123890e-03,3.409276346775945432e-02,1.599974315588647414e+03,1.599974315588647414e+03
-1.099253700128881484e+01,6.170281322460235279e-03,6.166942787534174936e-03,3.492511047619253927e-04,1.356237537104605817e+00,5.624798207929710081e+00,3.668548614373583032e-03,3.409276346775945432e-02,1.599974315588647414e+03,1.599974315588647414e+03
-1.092075309658828175e+01,6.329621290355007951e-03,6.328775087115624635e-03,3.585935515668126636e-04,1.355566463422328560e+00,5.635577134940054300e+00,3.647955106116948596e-03,3.409276346775945432e-02,1.599974315588647414e+03,1.599974315588647414e+03
-1.084896919188774866e+01,6.486420981389612490e-03,6.487455925380060384e-03,3.677578551816552228e-04,1.354927607847671078e+00,5.645881314728125489e+00,3.628441937787790176e-03,3.409276346775945432e-02,1.599974315588647414e+03,1.599974315588647414e+03
-1.077718528718721558e+01,6.640711905442683166e-03,6.642852127195667498e-03,3.767359945209472071e-04,1.354319396553046229e+00,5.655730366625541627e+00,3.609947086870269727e-03,3.409276346775945432e-02,1.599974315588647414e+03,1.599974315588647414e+03
-1.070540138248668427e+01,6.792477961147753290e-03,6.794825223680214105e-03,3.855196524890552650e-04,1.353740425418318294e+00,5.665141738366676449e+00,3.592415335053582813e-03,3.409276346775945432e-02,1.599974315588647414e+03,1.599974315588647414e+03
-1.063361747778615118e+01,6.941653751974947474e-03,6.943232769355112306e-03,3.941002910586845166e-04,1.353189436880339436e+00,5.674131004479011864e+00,3.575797329739931456e-03,3.409276346775945432e-02,1.599974315588647414e+03,1.599974315588647414e+03
-1.056183357308561810e+01,7.088132065416225848e-03,7.087928489390079093e-03,4.024691589931161158e-04,1.352665304369259802e+00,5.682712054390372636e+00,3.560048915955443555e-03,3.409276346775945432e-02,1.599974315588647414e+03,1.599974315588647414e+03
-1.049004966838508501e+01,7.231773112306816992e-03,7.228762694869468076e-03,4.106173152259376402e-04,1.352167018043344937e+00,5.690897269464507247e+00,3.545130539243789881e-03,3.409276346775945432e-02,1.599974315588647414e+03,1.599974315588647414e+03
-1.041826576368455193e+01,7.372413054042278868e-03,7.365584401125347888e-03,4.185357509795164101e-04,1.351693666706514696e+00,5.698697771964140735e+00,3.531006562076977572e-03,3.409276346775945432e-02,1.599974315588647414e+03,1.599974315588647414e+03
-1.034648185898402062e+01,7.509871828768237625e-03,7.498242056838329631e-03,4.262154317574585864e-04,1.351244426804737442e+00,5.706123566102927924e+00,3.517644816219298205e-03,3.409276346775945432e-02,1.599974315588647414e+03,1.599974315588647414e+03
-1.027469795428348753e+01,7.643960332221417901e-03,7.626583577426595401e-03,4.336472991784342005e-04,1.350818555154867484e+00,5.713183623464180627e+00,3.505016284110181683e-03,3.409276346775945432e-02,1.599974315588647414e+03,1.599974315588647414e+03
-1.020291404958295445e+01,7.774487004158890310e-03,7.750457053367392629e-03,4.408223119629583976e-04,1.350415380463696691e+00,5.719885993277564751e+00,3.493094758892266709e-03,3.409276346775945432e-02,1.599974315588647414e+03,1.599974315588647414e+03
-1.013113014488242314e+01,7.901263866846430090e-03,7.869712801507357941e-03,4.477315648448208590e-04,1.350034291665591191e+00,5.726237970408312172e+00,3.481856424023813210e-03,3.409276346775945432e-02,1.599974315588647414e+03,1.599974315588647414e+03
-1.005934624018189005e+01,8.024111872760886569e-03,7.984203687573892400e-03,4.543663074850448516e-04,1.349674732986982484e+00,5.732246155843509605e+00,3.471279643435047288e-03,3.409276346775945432e-02,1.599974315588647414e+03,1.599974315588647414e+03
-9.987562335481356968e+00,8.142863836561656937e-03,8.093785042790823878e-03,4.607179398913909267e-04,1.349336200844562184e+00,5.737916489342349990e+00,3.461344813902916297e-03,3.409276346775945432e-02,1.599974315588647414e+03,1.599974315588647414e+03
-9.915778430780823882e+00,8.257364436441648123e-03,8.198315889083590893e-03,4.667780837129427689e-04,1.349018237192685543e+00,5.743254343980153998e+00,3.452034120478085066e-03,3.409276346775945432e-02,1.599974315588647414e+03,1.599974315588647414e+03
-9.843994526080290797e+00,8.367469655171511436e-03,8.297660567262478415e-03,4.725386769933210976e-04,1.348720422368403060e+00,5.748264631968016403e+00,3.443331284689655526e-03,3.409276346775945432e-02,1.599974315588647414e+03,1.599974315588647414e+03
-9.772210621379759488e+00,8.473046244905029986e-03,8.391688820802423870e-03,4.779919794407734243e-04,1.348442373149633555e+00,5.752951825188728385e+00,3.435221471208308071e-03,3.409276346775945432e-02,1.599974315588647414e+03,1.599974315588647414e+03
-9.700426716679226402e+00,8.573971220506324681e-03,8.480275664045562253e-03,4.831305651769172743e-04,1.348183741650639700e+00,5.757319962954555059e+00,3.427691223019047311e-03,3.409276346775945432e-02,1.599974315588647414e+03,1.599974315588647414e+03
-9.628642811978693317e+00,8.670131379640674124e-03,8.563303056420690576e-03,4.879474202454138487e-04,1.347944209183549402e+00,5.761372746059914007e+00,3.420728254073279826e-03,3.409276346775945432e-02,1.599974315588647414e+03,1.599974315588647414e+03
-9.556858907278160231e+00,8.761422847995135529e-03,8.640660956464632850e-03,4.924360041968560376e-04,1.347723482355638103e+00,5.765113594802144803e+00,3.414321311311589030e-03,3.409276346775945432e-02,1.599974315588647414e+03,1.599974315588647414e+03
-9.485075002577627146e+00,8.847750648108958574e-03,8.712247216463343130e-03,4.965902444034542762e-04,1.347521292695130768e+00,5.768545648399958203e+00,3.408460142190932081e-03,3.409276346775945432e-02,1.599974315588647414e+03,1.599974315588647414e+03
-9.413291097877095837e+00,8.929028293051692600e-03,8.777967546444036956e-03,5.004045343549586933e-04,1.347337396117752384e+00,5.771671767755848670e+00,3.403135459825034660e-03,3.409276346775945432e-02,1.599974315588647414e+03,1.599974315588647414e+03
-9.341507193176562751e+00,9.005177472710113734e-03,8.837737362800577798e-03,5.038738413174983664e-04,1.347171567228486300e+00,5.774494626695119592e+00,3.398338761149140123e-03,3.409276346775945432e-02,1.599974315588647414e+03,1.599974315588647414e+03
-9.269723288476029666e+00,9.076127940707213321e-03,8.891482303039027063e-03,5.069937365809950528e-04,1.347023597561535002e+00,5.777016737307663519e+00,3.394062261530520971e-03,3.409276346775945432e-02,1.599974315588647414e+03,1.599974315588647414e+03
-9.197939383775498356e+00,9.141817475866223161e-03,8.939137855007743202e-03,5.097603742586906059e-04,1.346893296280237351e+00,5.779240433913087394e+00,3.390298902038442995e-03,3.409276346775945432e-02,1.599974315588647414e+03,1.599974315588647414e+03
-9.126155479074965271e+00,9.202191840851001864e-03,8.980649656491110008e-03,5.121705089474503161e-04,1.346780488998328140e+00,5.781167889330522947e+00,3.387042303899269295e-03,3.409276346775945432e-02,1.599974315588647414e+03,1.599974315588647414e+03
-9.054371574374432186e+00,9.257204735343606966e-03,9.015975090078971049e-03,5.142215885585656350e-04,1.346685013113176899e+00,5.782801191094129933e+00,3.384286624072061628e-03,3.409276346775945432e-02,1.599974315588647414e+03,1.599974315588647414e+03
-8.982587669673899100e+00,9.306817744315876509e-03,9.045083416608354354e-03,5.159117622619769283e-04,1.346606717154468225e+00,5.784142349675591710e+00,3.382026527965748160e-03,3.409276346775945432e-02,1.599974315588647414e+03,1.599974315588647414e+03
-8.910803764973366015e+00,9.351000281905061731e-03,9.067955072557401866e-03,5.172398398181546472e-04,1.346545462314248542e+00,5.785193269638431168e+00,3.380257225883719074e-03,3.409276346775945432e-02,1.599974315588647414e+03,1.599974315588647414e+03
-8.839019860272834705e+00,9.389729531361116002e-03,9.084582404290286045e-03,5.182053342825740502e-04,1.346501120030681786e+00,5.785955788318925208e+00,3.378974396897669544e-03,3.409276346775945432e-02,1.599974315588647414e+03,1.599974315588647414e+03
-8.767235955572301620e+00,9.422990381494735987e-03,9.094970728701684895e-03,5.188085236140599311e-04,1.346473568665283338e+00,5.786431730241760718e+00,3.378174087711636846e-03,3.409276346775945432e-02,1.599974315588647414e+03,1.599974315588647414e+03
-8.695452050871768535e+00,9.450775365576102177e-03,9.099138166018544069e-03,5.190504409166210977e-04,1.346462693398565280e+00,5.786622906677479250e+00,3.377852704852715455e-03,3.409276346775945432e-02,1.599974315588647414e+03,1.599974315588647414e+03
-8.623668146171235449e+00,9.473084684423293753e-03,9.097114663916711433e-03,5.189328176458279408e-04,1.346468388178723830e+00,5.786531080135823402e+00,3.378007066491055862e-03,3.409276346775945432e-02,1.599974315588647414e+03,1.599974315588647414e+03
-8.551884241470702364e+00,9.489926379081109475e-03,9.088943048893568383e-03,5.184581444804087181e-04,1.346490552149311792e+00,5.786158023265389971e+00,3.378634296273569631e-03,3.409276346775945432e-02,1.599974315588647414e+03,1.599974315588647414e+03
-8.480100336770171054e+00,9.501316528867456007e-03,9.074679524222716009e-03,5.176296999852678018e-04,1.346529087446907580e+00,5.785505554343735923e+00,3.379731757066754307e-03,3.409276346775945432e-02,1.599974315588647414e+03,1.599974315588647414e+03
-8.408316432069637969e+00,9.507279429994611522e-03,9.054393098344692623e-03,5.164515170872939010e-04,1.346583899730138700e+00,5.784575526028009840e+00,3.381297063606795734e-03,3.409276346775945432e-02,1.599974315588647414e+03,1.599974315588647414e+03
-8.336532527369104884e+00,9.507847755170863169e-03,9.028164603278456685e-03,5.149283256772721517e-04,1.346654899697166785e+00,5.783369797192814410e+00,3.383328124022842893e-03,3.409276346775945432e-02,1.599974315588647414e+03,1.599974315588647414e+03
-8.264748622668573574e+00,9.503062695497378060e-03,8.996087747260801681e-03,5.130656132748967349e-04,1.346741999014789082e+00,5.781890300161856011e+00,3.385823021044038518e-03,3.409276346775945432e-02,1.599974315588647414e+03,1.599974315588647414e+03
-8.192964717968038713e+00,9.492974085884727659e-03,8.958269198700637148e-03,5.108696293627069734e-04,1.346845108677502623e+00,5.780139066233959788e+00,3.388779963168728551e-03,3.409276346775945432e-02,1.599974315588647414e+03,1.599974315588647414e+03
-8.121180813267507403e+00,9.477640515129564722e-03,8.914827415367539143e-03,5.083473167956135356e-04,1.346964140623166495e+00,5.778118195504232446e+00,3.392197329747518794e-03,3.409276346775945432e-02,1.599974315588647414e+03,1.599974315588647414e+03
-8.049396908566974318e+00,9.457129421714094084e-03,8.865892024823967751e-03,5.055062751683547578e-04,1.347099007761541012e+00,5.775829853723150720e+00,3.396073670686108534e-03,3.409276346775945432e-02,1.599974315588647414e+03,1.599974315588647414e+03
-7.977613003866442121e+00,9.431517174065031858e-03,8.811604522907610232e-03,5.023548006419423879e-04,1.347249620244950874e+00,5.773276332987399506e+00,3.400407597819362412e-03,3.409276346775945432e-02,1.599974315588647414e+03,1.599974315588647414e+03
-7.905829099165909035e+00,9.400889056040348524e-03,8.752118089139424711e-03,4.989018744259274447e-04,1.347415883945017878e+00,5.770460074484744517e+00,3.405197739559666110e-03,3.409276346775945432e-02,1.599974315588647414e+03,1.599974315588647414e+03
-7.834045194465375950e+00,9.365338990075544948e-03,8.687595780203246840e-03,4.951570570697947206e-04,1.347597703315717155e+00,5.767383616503013677e+00,3.410442822253097715e-03,3.409276346775945432e-02,1.599974315588647414e+03,1.599974315588647414e+03
-7.762261289764843752e+00,9.324969147659595281e-03,8.618210413761285063e-03,4.911304808424830134e-04,1.347794979491686140e+00,5.764049623384123855e+00,3.416141613983558582e-03,3.409276346775945432e-02,1.599974315588647414e+03,1.599974315588647414e+03
-7.690477385064310667e+00,9.279889570650446534e-03,8.544144833931798660e-03,4.868328642005772329e-04,1.348007607107038153e+00,5.760460935779897262e+00,3.422292830790123717e-03,3.409276346775945432e-02,1.599974315588647414e+03,1.599974315588647414e+03
-7.618693480363778470e+00,9.230217809402569903e-03,8.465591389228265679e-03,4.822754804975012163e-04,1.348235473130985129e+00,5.756620586248234694e+00,3.428895100621457727e-03,3.409276346775945432e-02,1.599974315588647414e+03,1.599974315588647414e+03
-7.546909575663245384e+00,9.176078576876574994e-03,8.382749707946725651e-03,4.774700279068736105e-04,1.348478460554955127e+00,5.752531732676377629e+00,3.435947068078800369e-03,3.409276346775945432e-02,1.599974315588647414e+03,1.599974315588647414e+03
-7.475125670962713187e+00,9.117603417946904681e-03,8.295827042281123456e-03,4.724286483729419218e-04,1.348736444634246912e+00,5.748197717523493289e+00,3.443447282718119836e-03,3.409276346775945432e-02,1.599974315588647414e+03,1.599974315588647414e+03
-7.403341766262180101e+00,9.054930393167079719e-03,8.205038180674872200e-03,4.671639214602078187e-04,1.349009290127180849e+00,5.743622109552413590e+00,3.451394115147725112e-03,3.409276346775945432e-02,1.599974315588647414e+03,1.599974315588647414e+03
-7.331557861561647904e+00,8.988203776292605016e-03,8.110604331633654990e-03,4.616887985333407714e-04,1.349296851430645150e+00,5.738808696317865277e+00,3.459785756703546121e-03,3.409276346775945432e-02,1.599974315588647414e+03,1.599974315588647414e+03
-7.259773956861114819e+00,8.917573764899466501e-03,8.012751064589053104e-03,4.560164823076579021e-04,1.349598975631091324e+00,5.733761427701195679e+00,3.468620304316093108e-03,3.409276346775945432e-02,1.599974315588647414e+03,1.599974315588647414e+03
-7.187990052160582621e+00,8.843196192519232543e-03,7.911708779126993760e-03,4.501604530122601503e-04,1.349915497877229198e+00,5.728484488209458547e+00,3.477895620140389506e-03,3.409276346775945432e-02,1.599974315588647414e+03,1.599974315588647414e+03
-7.116206147460049536e+00,8.765232066570196809e-03,7.807712442280949350e-03,4.441344520853623100e-04,1.350246238711344082e+00,5.722982335563511214e+00,3.487609246724325887e-03,3.409276346775945432e-02,1.599974315588647414e+03,1.599974315588647414e+03
-7.044422242759516450e+00,8.683846770592423478e-03,7.700999693228556195e-03,4.379523712918759583e-04,1.350591006489471058e+00,5.717259653908519645e+00,3.497758470928010247e-03,3.409276346775945432e-02,1.599974315588647414e+03,1.599974315588647414e+03
-6.972638338058984253e+00,8.599209202356935047e-03,7.591809523459063999e-03,4.316281752841170634e-04,1.350949598202549229e+00,5.711321333955797108e+00,3.508340340820340682e-03,3.409276346775945432e-02,1.599974315588647414e+03,1.599974315588647414e+03
-6.900854433358451168e+00,8.511490955132393343e-03,7.480382550661170138e-03,4.251759165224403198e-04,1.351321795126845249e+00,5.705172538829597073e+00,3.519351528679964813e-03,3.409276346775945432e-02,1.599974315588647414e+03,1.599974315588647414e+03
-6.829070528657918970e+00,8.420865542436661161e-03,7.366960633682226138e-03,4.186097120239333741e-04,1.351707360385124623e+00,5.698818737235029630e+00,3.530788248252353986e-03,3.409276346775945432e-02,1.599974315588647414e+03,1.599974315588647414e+03
-6.757286623957385885e+00,8.327507664059870945e-03,7.251784369817289473e-03,4.119435975907142274e-04,1.352106043745440411e+00,5.692265616682750107e+00,3.542646386298633262e-03,3.409276346775945432e-02,1.599974315588647414e+03,1.599974315588647414e+03
-6.685502719256853688e+00,8.231592511266158999e-03,7.135092697238863864e-03,4.051915040434736839e-04,1.352517579648660373e+00,5.685519109077064037e+00,3.554921432803928062e-03,3.409276346775945432e-02,1.599974315588647414e+03,1.599974315588647414e+03
-6.613718814556320602e+00,8.133295109195269601e-03,7.017122928151213641e-03,3.983672584134652708e-04,1.352941683637282511e+00,5.678585441956157887e+00,3.567608361375175768e-03,3.409276346775945432e-02,1.599974315588647414e+03,1.599974315588647414e+03
-6.541934909855788405e+00,8.032789694591967525e-03,6.898110076857493292e-03,3.914845443756177659e-04,1.353378051164618068e+00,5.671471149843140935e+00,3.580701578654749920e-03,3.409276346775945432e-02,1.599974315588647414e+03,1.599974315588647414e+03
-6.470151005155255319e+00,7.930249127091735031e-03,6.778284270895654738e-03,3.845567519548517745e-04,1.353826363703668045e+00,5.664182966278213271e+00,3.594195092985006529e-03,3.409276346775945432e-02,1.599974315588647414e+03,1.599974315588647414e+03
-6.398367100454723122e+00,7.825844332444277171e-03,6.657871150442505777e-03,3.775970001955344761e-04,1.354286284379160321e+00,5.656727887742438732e+00,3.608082367738143625e-03,3.409276346775945432e-02,1.599974315588647414e+03,1.599974315588647414e+03
-6.326583195754190037e+00,7.719743777934269351e-03,6.537091685896596546e-03,3.706181262129399690e-04,1.354757455591736326e+00,5.649113204124681431e+00,3.622356231953927606e-03,3.409276346775945432e-02,1.599974315588647414e+03,1.599974315588647414e+03
-6.254799291053656951e+00,7.612112982052204185e-03,6.416161021091558274e-03,3.636326180251534782e-04,1.355239500526104868e+00,5.641346465804611299e+00,3.637008907333848413e-03,3.409276346775945432e-02,1.599974315588647414e+03,1.599974315588647414e+03
-6.183015386353124754e+00,7.503114053652509483e-03,6.295286629338984336e-03,3.566525078718285765e-04,1.355732027984621002e+00,5.633435397675249590e+00,3.652032137308378144e-03,3.409276346775945432e-02,1.599974315588647414e+03,1.599974315588647414e+03
-6.111231481652591668e+00,7.392905256743357439e-03,6.174668950364089852e-03,3.496894089649561169e-04,1.356234627776618407e+00,5.625387966280070984e+00,3.667417027751764067e-03,3.409276346775945432e-02,1.599974315588647414e+03,1.599974315588647414e+03
-6.039447576952059471e+00,7.281640599526592247e-03,6.054501118197282150e-03,3.427544997713458542e-04,1.356746869686871193e+00,5.617212388435501857e+00,3.683153994530500262e-03,3.409276346775945432e-02,1.599974315588647414e+03,1.599974315588647414e+03
-5.967663672251526386e+00,7.169469446497804370e-03,5.934967416753264904e-03,3.358584349910296012e-04,1.357268308221524444e+00,5.608917047520836086e+00,3.699232888800464865e-03,3.409276346775945432e-02,1.599974315588647414e+03,1.599974315588647414e+03
-5.895879767550994188e+00,7.056536152478241376e-03,5.816242666348629166e-03,3.290113104423667847e-04,1.357798484176292675e+00,5.600510461900404913e+00,3.715643026029852563e-03,3.409276346775945432e-02,1.599974315588647414e+03,1.599974315588647414e+03
-5.824095862850461103e+00,6.942979717507975074e-03,5.698492609085654623e-03,3.222226856507402781e-04,1.358336922145480408e+00,5.592001318358257755e+00,3.732373088757573541e-03,3.409276346775945432e-02,1.599974315588647414e+03,1.599974315588647414e+03
-5.752311958149928905e+00,6.828933461584536790e-03,5.581873592924374745e-03,3.155015660419102164e-04,1.358883131285377743e+00,5.583398453581925658e+00,3.749411129230930013e-03,3.409276346775945432e-02,1.599974315588647414e+03,1.599974315588647414e+03
-5.680528053449395820e+00,6.714524718283005483e-03,5.466531179936446119e-03,3.088563232648466796e-04,1.359436611705244546e+00,5.574710747534919797e+00,3.766744749580277010e-03,3.409276346775945432e-02,1.599974315588647414e+03,1.599974315588647414e+03
-5.608744148748863623e+00,6.599874546344646972e-03,5.352600549030687993e-03,3.022947190648753949e-04,1.359996853207945833e+00,5.565947139124597598e+00,3.784361044500997046e-03,3.409276346775945432e-02,1.599974315588647414e+03,1.599974315588647414e+03
-5.536960244048330537e+00,6.485097467905633073e-03,5.240206483550154636e-03,2.958239052734425970e-04,1.360563336195497852e+00,5.557116607906134043e+00,3.802246611665845589e-03,3.409276346775945432e-02,1.599974315588647414e+03,1.599974315588647414e+03
-5.465176339347797452e+00,6.370301349255248075e-03,5.129463015256601442e-03,2.894504040857018182e-04,1.361135534734333463e+00,5.548228122708676047e+00,3.820387631746742767e-03,3.409276346775945432e-02,1.599974315588647414e+03,1.599974315588647414e+03
-5.393392434647265254e+00,6.255587494676036198e-03,5.020472914440613291e-03,2.831800795870054524e-04,1.361712921114429875e+00,5.539290568335561993e+00,3.838769998879490962e-03,3.409276346775945432e-02,1.599974315588647414e+03,1.599974315588647414e+03
-5.321608529946732169e+00,6.141050788889444549e-03,4.913328381797152714e-03,2.770181784916570249e-04,1.362294964682949416e+00,5.530312762621823808e+00,3.857379270743899278e-03,3.409276346775945432e-02,1.599974315588647414e+03,1.599974315588647414e+03
-5.249824625246199972e+00,6.026779836483604075e-03,4.808110713084311205e-03,2.709693118057709006e-04,1.362881136369707535e+00,5.521303385633196115e+00,3.876200802079596101e-03,3.409276346775945432e-02,1.599974315588647414e+03,1.599974315588647414e+03
-5.178040720545666886e+00,5.912857097579056476e-03,4.704890848273737478e-03,2.650374873940857337e-04,1.363470908896014189e+00,5.512270976934916078e+00,3.895219742200146940e-03,3.409276346775945432e-02,1.599974315588647414e+03,1.599974315588647414e+03
-5.106256815845134689e+00,5.799359019856655841e-03,4.603726512213428615e-03,2.592259467665520103e-04,1.364063777169717273e+00,5.503223624030820105e+00,3.914421691947345301e-03,3.409276346775945432e-02,1.599974315588647414e+03,1.599974315588647414e+03
-5.034472911144601603e+00,5.686356167067001775e-03,4.504742824504589550e-03,2.535417941504056779e-04,1.364658776090506009e+00,5.494176328445290025e+00,3.933776902979984127e-03,3.409276346775945432e-02,1.599974315588647414e+03,1.599974315588647414e+03
-4.962689006444069406e+00,5.573913344136221908e-03,4.404726626959981628e-03,2.479422493772387675e-04,1.364495326028268396e+00,5.496875350882505451e+00,3.927971882079752709e-03,3.509630475007416428e-02,1.599969978236230418e+03,1.599969978236230418e+03
-4.890905101743536321e+00,5.462089718978293401e-03,4.304787814331783452e-03,2.423753173803102343e-04,1.364165269066704322e+00,5.502188640125804220e+00,3.916593965830887820e-03,3.637583396270785419e-02,1.599965005593512160e+03,1.599965005593512160e+03
-4.819121197043003235e+00,5.350938941120065087e-03,4.205777605111626558e-03,2.368491934582745958e-04,1.363885849421190954e+00,5.506756644775390619e+00,3.906851160014237351e-03,3.764650259871376442e-02,1.599960685830626062e+03,1.599960685830626062e+03
-4.747337292342471038e+00,5.240509257240893483e-03,4.107874717796253933e-03,2.313752000025163927e-04,1.363653439883173668e+00,5.510630355976601003e+00,3.898616186372445402e-03,3.890764582157212742e-02,1.599957007813364498e+03,1.599957007813364498e+03
-4.675553387641937952e+00,5.130843627485509248e-03,4.011260910568648259e-03,2.259646898658560030e-04,1.363464896092200673e+00,5.513854116118555915e+00,3.891780299369003177e-03,4.015813928144697231e-02,1.599953960237738102e+03,1.599953960237738102e+03
-4.603769482941405755e+00,5.021979915264644656e-03,3.916087094720636236e-03,2.206272148243320838e-04,1.363317121902670737e+00,5.516472313748084666e+00,3.886238294340407275e-03,4.139728810479137433e-02,1.599951529034331998e+03,1.599951529034331998e+03
-4.531985578240872670e+00,4.913951236245458695e-03,3.822480066573874947e-03,2.153708748261548697e-04,1.363207248660323945e+00,5.518526465904648681e+00,3.881894074870972586e-03,4.262451061081148906e-02,1.599949698819485320e+03,1.599949698819485320e+03
-4.460201673540339584e+00,4.806786349202428650e-03,3.730557545517399279e-03,2.102031234840039532e-04,1.363132925563258935e+00,5.520050465055758693e+00,3.878670086907741715e-03,4.383865957944113600e-02,1.599948453727420883e+03,1.599948453727420883e+03
-4.388417768839808275e+00,4.700510032946440472e-03,3.640422686742505673e-03,2.051305679375860756e-04,1.363091655832638693e+00,5.521080968957329027e+00,3.876484991542806548e-03,4.503910647729740535e-02,1.599947775777771767e+03,1.599947775777771767e+03
-4.316633864139275190e+00,4.595143448236952213e-03,3.552155414450374610e-03,2.001584317384882798e-04,1.363081108428240817e+00,5.521652459333893148e+00,3.875263710163821731e-03,4.622536436000351107e-02,1.599947646064681294e+03,1.599947646064681294e+03
-4.244849959438742104e+00,4.490704485272297916e-03,3.465828000564511770e-03,1.952913889723838681e-04,1.363099446186861963e+00,5.521791882547547381e+00,3.874948343494408285e-03,4.739628124392556568e-02,1.599948044652031967e+03,1.599948044652031967e+03
-4.173066054738209019e+00,4.387208097327480356e-03,3.381144758357606736e-03,1.905311447310417087e-04,1.363017455199298178e+00,5.523567481079274089e+00,3.871200639819956987e-03,4.879596094696578290e-02,1.599946135425347165e+03,1.599946135425347165e+03
-4.101282150037677710e+00,4.284666621084528768e-03,3.297238910559515887e-03,1.858493456625644918e-04,1.362677262703838155e+00,5.529547448902066620e+00,3.858675368721113316e-03,5.076993083641392207e-02,1.599938557937338828e+03,1.599938557937338828e+03
-4.029498245337144624e+00,4.183090084177351273e-03,3.214780871632134506e-03,1.812382955354801639e-04,1.362401257793282472e+00,5.534578551164840654e+00,3.848180431160314139e-03,5.271370808305698985e-02,1.599932548770051881e+03,1.599932548770051881e+03
-3.957714340636611539e+00,4.082486500450650292e-03,3.133981785619990596e-03,1.767114479633829095e-04,1.362182862362438351e+00,5.538754873006734414e+00,3.839495342287802329e-03,5.462646240811862980e-02,1.599928042322831516e+03,1.599928042322831516e+03
-3.885930435936078453e+00,3.982862153411566644e-03,3.054941690084009287e-03,1.722757363200645448e-04,1.362016723151075137e+00,5.542153159638787407e+00,3.832442667478536992e-03,5.650773013570981052e-02,1.599924971196014894e+03,1.599924971196014894e+03
-3.814146531235545368e+00,3.884221868403710254e-03,2.977743379539849779e-03,1.679368858777638993e-04,1.361898688477803265e+00,5.544832054284684730e+00,3.826887711194250363e-03,5.835559370792004624e-02,1.599923268618296788e+03,1.599923268618296788e+03
-3.742362626535014059e+00,3.786569297268582625e-03,2.901949391055110624e-03,1.636934768503735520e-04,1.361639340443417279e+00,5.549936601341760145e+00,3.816366331215897880e-03,6.063078933081457456e-02,1.599916279492204012e+03,1.599916279492204012e+03
-3.670578721834480973e+00,3.689907374613313543e-03,2.827458371734337030e-03,1.595275129251777740e-04,1.361332630997706516e+00,5.555956263765310155e+00,3.804019764473665858e-03,6.314930851674767365e-02,1.599907538122560027e+03,1.599907538122560027e+03
-3.598794817133947888e+00,3.594238953157939762e-03,2.754621496447667330e-03,1.554451566490450945e-04,1.361094775477988295e+00,5.560951984263180492e+00,3.793809655260770540e-03,6.561662691842888584e-02,1.599901319052444023e+03,1.599901319052444023e+03
-3.527010912433414802e+00,3.499567443513857019e-03,2.683502862909091773e-03,1.514530952522752936e-04,1.360904151873137735e+00,5.565273700139703017e+00,3.785001279023551303e-03,6.807405760943230355e-02,1.599896751013483254e+03,1.599896751013483254e+03
-3.455227007732883493e+00,3.405897427647632762e-03,2.613704486404288922e-03,1.475480788534392447e-04,1.360587741293982633e+00,5.571910179746332403e+00,3.771557590728715978e-03,7.103659351508713471e-02,1.599885435929673122e+03,1.599885435929673122e+03
-3.383443103032350407e+00,3.313235246868741473e-03,2.545437632005631643e-03,1.437225411469987026e-04,1.360320373964706286e+00,5.577889655177026285e+00,3.759497477486491417e-03,7.401978507394504914e-02,1.599876274056100783e+03,1.599876274056100783e+03
-3.311659198331817322e+00,3.221589565318320764e-03,2.478778051474223379e-03,1.399835252604121421e-04,1.360079658191179375e+00,5.583598759800974420e+00,3.748029810656632477e-03,7.708486115145150863e-02,1.599867686701413731e+03,1.599867686701413731e+03
-3.239875293631284237e+00,3.130971909896185928e-03,2.413465787610293446e-03,1.363258789928703182e-04,1.359773176240031356e+00,5.590716189098154487e+00,3.733817107779428129e-03,8.056775325391303533e-02,1.599853999228480916e+03,1.599853999228480916e+03
-3.168091388930751151e+00,3.041397187525178916e-03,2.349751209307446558e-03,1.327512882086156272e-04,1.359523650913550874e+00,5.597072309671725421e+00,3.721179972919630517e-03,8.405907439226789624e-02,1.599843032528812046e+03,1.599843032528812046e+03
-3.096307484230219842e+00,2.952884180615689309e-03,2.287406982653142525e-03,1.292568252126898856e-04,1.359231990504248699e+00,5.604511265910197437e+00,3.706477075507120644e-03,8.794847976084231578e-02,1.599827167276717319e+03,1.599827167276717319e+03
-3.024523579529686756e+00,2.865456021558101390e-03,2.226540074361946231e-03,1.258416983923443529e-04,1.358969077390746127e+00,5.611769206159396006e+00,3.692205876128821455e-03,9.198820864572186673e-02,1.599811631527037889e+03,1.599811631527037889e+03
-2.952739674829153671e+00,2.779140647037991584e-03,2.167144651466480342e-03,1.225073822067430322e-04,1.358717816176826965e+00,5.619202681997830240e+00,3.677667619928693364e-03,9.626549108667181720e-02,1.599795117073233087e+03,1.599795117073233087e+03
-2.880955770128620586e+00,2.693971232927720814e-03,2.109140432949577898e-03,1.192514889040183175e-04,1.358455188212670084e+00,5.627332459766506645e+00,3.661863603119754670e-03,1.009278904860285569e-01,1.599773998069617164e+03,1.599773998069617164e+03
-2.809171865428089276e+00,2.609986603590130037e-03,2.052576992161076787e-03,1.160739976259988175e-04,1.358213816615161607e+00,5.635587883194203229e+00,3.645907984648079966e-03,1.058606499559271580e-01,1.599751373213310444e+03,1.599751373213310444e+03
-2.737387960727556191e+00,2.527231555882202690e-03,1.997452441807358748e-03,1.129751054160023653e-04,1.357992345828456848e+00,5.644068868243924619e+00,3.629612714227830467e-03,1.111076530200724582e-01,1.599726442471142491e+03,1.599726442471142491e+03
-2.665604056027023105e+00,2.445757081809640451e-03,1.943755276382339242e-03,1.099541049946291862e-04,1.357793630333355761e+00,5.652807115415829031e+00,3.612923172835265720e-03,1.167004349174218941e-01,1.599698710990881636e+03,1.599698710990881636e+03
-2.593820151326490020e+00,2.365620564152678702e-03,1.891470432222662305e-03,1.070100543179060965e-04,1.357621170729644833e+00,5.661839490086972404e+00,3.595776359072664578e-03,1.226760673662990186e-01,1.599667563969307594e+03,1.599667563969307594e+03
-2.522036246625956935e+00,2.286885962496040120e-03,1.840587938375613190e-03,1.041422779190641118e-04,1.357479026785169296e+00,5.671215542804294074e+00,3.578087212689268302e-03,1.290801891440211402e-01,1.599631865790967595e+03,1.599631865790967595e+03
-2.450252341925425625e+00,2.209623990188463311e-03,1.791124354041336670e-03,1.013511071453140097e-04,1.357378204322535753e+00,5.680830988048660046e+00,3.560057335900733595e-03,1.359105342673295191e-01,1.599592150900490878e+03,1.599592150900490878e+03
-2.378468437224892540e+00,2.133912282578660953e-03,1.743076381246049791e-03,9.863619655899588180e-05,1.357324631556094729e+00,5.690728500307399962e+00,3.541612608481415833e-03,1.432136664759111888e-01,1.599547536635201823e+03,1.599547536635201823e+03
-2.306684532524359454e+00,2.059835556861013776e-03,1.696463048816123503e-03,9.599826373380023186e-05,1.357327523998170138e+00,5.700891331997899769e+00,3.522788930503611450e-03,1.510179607521651979e-01,1.599497440391583950e+03,1.599497440391583950e+03
-2.234900627823826369e+00,1.987485763851036015e-03,1.651277790522089235e-03,9.343665921576191141e-05,1.357395694152863541e+00,5.711363011497739173e+00,3.503511432284733568e-03,1.593796440554128557e-01,1.599440357328954860e+03,1.599440357328954860e+03
-2.163116723123295060e+00,1.916962231998387651e-03,1.607535662960450640e-03,9.095168951140293362e-05,1.357542626157961951e+00,5.722066828849007081e+00,3.483922819811656468e-03,1.683089865833454213e-01,1.599376894833282904e+03,1.599376894833282904e+03
-2.091332818422761974e+00,1.848371803932967418e-03,1.565255983343971560e-03,8.854413959738600330e-05,1.357779289372870846e+00,5.733088688864738991e+00,3.463870808206062375e-03,1.778854289949979017e-01,1.599304288142644737e+03,1.599304288142644737e+03
-2.019548913722228889e+00,1.781828965828404941e-03,1.524439380049164060e-03,8.621342821597049121e-05,1.358122279858667625e+00,5.744363219522491626e+00,3.443474176434658304e-03,1.881307446314160470e-01,1.599222359738822206e+03,1.599222359738822206e+03
-1.947765009021695803e+00,1.717455969856008548e-03,1.485112959287504053e-03,8.396054518344654000e-05,1.358588291336438214e+00,5.755896672130483616e+00,3.422721344614387904e-03,1.990967173345868091e-01,1.599130141193314103e+03,1.599130141193314103e+03
-1.875981104321164494e+00,1.655382946767134690e-03,1.447296174322373853e-03,8.178594628147356634e-05,1.359196854269649979e+00,5.767692921113825477e+00,3.401603585849123125e-03,2.108404953220456568e-01,1.599025509659868021e+03,1.599025509659868021e+03
-1.804197199620631409e+00,1.595747843450132661e-03,1.411008407433113343e-03,7.968998405566397013e-05,1.359970509947617368e+00,5.779746905472317842e+00,3.380126106613522054e-03,2.234195427003048129e-01,1.598906540255093887e+03,1.598906540255093887e+03
-1.732413294920098323e+00,1.538695723883712167e-03,1.376274603572567390e-03,7.767327183996361147e-05,1.360934194090332117e+00,5.792019839157314109e+00,3.358350197125659509e-03,2.368734690675586563e-01,1.598773078324474454e+03,1.598773078324474454e+03
-1.660629390219565238e+00,1.484377726046541513e-03,1.343132063932332438e-03,7.573697354777907630e-05,1.362116957781291937e+00,5.804531378087146365e+00,3.336233034490312596e-03,2.512797424763207887e-01,1.598621454074933354e+03,1.598621454074933354e+03
-1.588845485519032152e+00,1.432950029596394455e-03,1.311608589270339253e-03,7.388157562733329458e-05,1.363552088121571915e+00,5.817271076038352362e+00,3.313781208211700070e-03,2.667057910297839229e-01,1.598448827255145488e+03,1.598448827255145488e+03
-1.517061580818500843e+00,1.384572859156249980e-03,1.281740213182064629e-03,7.210801406491428056e-05,1.365274896287343553e+00,5.830190458155757760e+00,3.291062860656745505e-03,2.831920976897013276e-01,1.598255325584278125e+03,1.598255325584278125e+03
-1.445277676117967758e+00,1.339409522036487778e-03,1.253570761618415762e-03,7.041731977409147020e-05,1.367328898371573898e+00,5.843305453424894935e+00,3.268032097170257225e-03,3.008318586958098617e-01,1.598035437324020677e+03,1.598035437324020677e+03
-1.373493771417434672e+00,1.297625479260101173e-03,1.227146625238568090e-03,6.881056887819384665e-05,1.369761447327047854e+00,5.856590948315204770e+00,3.244709009162794356e-03,3.196933351562555314e-01,1.597785633808633293e+03,1.597785633808633293e+03
-1.301709866716901587e+00,1.259387448797924872e-03,1.202518951178081254e-03,6.728906095272843210e-05,1.372622429780638198e+00,5.869999491437432937e+00,3.221147014061310435e-03,3.398229770704517816e-01,1.597506093951516959e+03,1.597506093951516959e+03
-1.229925962016370278e+00,1.224862539959366455e-03,1.179746394720180116e-03,6.585398657729698408e-05,1.375973967894757122e+00,5.883530152403309899e+00,3.197315215705967030e-03,3.613184105821196090e-01,1.597189615266393048e+03,1.597189615266393048e+03
-1.158142057315837192e+00,1.194217417921029619e-03,1.158894328777059770e-03,6.450674339361597463e-05,1.379883272270949757e+00,5.897154537286940723e+00,3.173223782549157174e-03,3.842569055107238341e-01,1.596831016122031542e+03,1.596831016122031542e+03
-1.086358152615304107e+00,1.167617497411239068e-03,1.140033795021444009e-03,6.324905999318015948e-05,1.384418135550668838e+00,5.910815574021487606e+00,3.148926573526529896e-03,4.086776680623806501e-01,1.596431597135692527e+03,1.596431597135692527e+03
-1.014574247914771021e+00,1.145226164602618918e-03,1.123247210378925179e-03,6.208244584626373649e-05,1.389665128928756488e+00,5.924500174443422473e+00,3.124395453499511244e-03,4.346836527514124637e-01,1.595981783259192071e+03,1.595981783259192071e+03
-9.427903432142379359e-01,1.127204026297795461e-03,1.108627682392924335e-03,6.100875409652232345e-05,1.395716434081871959e+00,5.938171551207575227e+00,3.099635990499272336e-03,4.623535863985234751e-01,1.595474826434389115e+03,1.595474826434389115e+03
-8.710064385137066267e-01,1.113708185472468476e-03,1.096274052681892432e-03,6.003023527930809357e-05,1.402660990908519478e+00,5.951765187856489447e+00,3.074697406516602866e-03,4.917121229846108110e-01,1.594914169948042399e+03,1.594914169948042399e+03
-7.992225338131735413e-01,1.104891539242660280e-03,1.086303012562393668e-03,5.914881719976450617e-05,1.410615166750952998e+00,5.965254597827824412e+00,3.049553527677483292e-03,5.228616403489119158e-01,1.594287833249889218e+03,1.594287833249889218e+03
-7.274386291126404558e-01,1.100902089021472009e-03,1.078844230083665905e-03,5.836679838117566098e-05,1.419699735129852369e+00,5.978591564882403731e+00,3.024209123532630231e-03,5.558715645985667919e-01,1.593588292919787818e+03,1.593588292919787818e+03
-6.556547244121073703e-01,1.101882267382711666e-03,1.074031706933188451e-03,5.768673243078403529e-05,1.430028827325817042e+00,5.991709390659353929e+00,2.998700622163813067e-03,5.907515112700911786e-01,1.592821958626908327e+03,1.592821958626908327e+03
-5.838708197115760612e-01,1.107968288298518712e-03,1.072023870916962536e-03,5.711071261743760067e-05,1.441751813131732396e+00,6.004564293525212371e+00,2.973009955293355253e-03,6.275920330365166722e-01,1.591975585982246002e+03,1.591975585982246002e+03
-5.120869150110429757e-01,1.119289520582981545e-03,1.073006090736422979e-03,5.664167037291432700e-05,1.455022685094213841e+00,6.017102386113167611e+00,2.947133310833767797e-03,6.664519986808264962e-01,1.591041694382828382e+03,1.591041694382828382e+03
-4.403030103105098902e-01,1.135967883800366755e-03,1.077141051155951646e-03,5.628124294908768549e-05,1.469983727286946928e+00,6.029248636693305130e+00,2.921106091684536402e-03,7.073220349045231670e-01,1.590031661263735259e+03,1.590031661263735259e+03
-3.685191056099768048e-01,1.158117265921513933e-03,1.084636961424941762e-03,5.603093317834119066e-05,1.486826092106395159e+00,6.040943717361923149e+00,2.894914914577421342e-03,7.502891422814631506e-01,1.588932201277657668e+03,1.588932201277657668e+03
-2.967352009094454957e-01,1.185842962036048583e-03,1.095670539606906444e-03,5.588930251037041804e-05,1.505757116135481244e+00,6.052101080785424969e+00,2.868579015588780708e-03,7.954293449984550790e-01,1.587737098456056628e+03,1.587737098456056628e+03
-2.249512962089124102e-01,1.219241133451315785e-03,1.110312146727984164e-03,5.584833167241129459e-05,1.526998169077251166e+00,6.062588954809310593e+00,2.842175144908733620e-03,8.428014248136814768e-01,1.586461890693771920e+03,1.586461890693771920e+03
-1.531673915083793247e-01,1.258398286531298670e-03,1.128201602428196204e-03,5.587122360178587804e-05,1.550965577487645852e+00,6.072097298735826598e+00,2.815913104860250440e-03,8.927874579054133619e-01,1.585087410298315717e+03,1.585087410298315717e+03
-8.138348680784623923e-02,1.303390770650403709e-03,1.145883874400749174e-03,5.573642738685987368e-05,1.579083551088290127e+00,6.079133387793128840e+00,2.791021126006210541e-03,9.473939534039889088e-01,1.583555085821713419e+03,1.583555085821713419e+03
-9.599582107313153756e-03,1.354284294657711728e-03,1.087954514225409350e-03,5.144001603075159813e-05,1.624475900267911443e+00,6.054356009994822152e+00,2.799449361699071163e-03,1.025315927884954847e+00,1.581109788633661992e+03,1.581109788633661992e+03
6.218432259321815536e-02,1.411133461267456051e-03,1.056667980481289975e-03,4.706482437994566402e-05,1.724430654528978701e+00,6.023315696082837789e+00,2.788677331141964366e-03,1.179059443790521744e+00,1.577112532814158840e+03,1.577112532814158840e+03
1.339682272937512408e-01,1.473981318825187681e-03,1.146301971807996015e-03,4.982759097730314146e-05,1.766984655945578186e+00,6.045201802221792597e+00,2.737787517705229587e-03,1.240961278783657695e+00,1.575462075292408826e+03,1.575462075292408826e+03
2.057521319942843263e-01,1.542858968775516438e-03,1.243448881632940777e-03,5.274068548591066916e-05,1.810863834932904259e+00,6.065402726959518098e+00,2.689739404361563349e-03,1.301106795792198678e+00,1.573926431255518310e+03,1.573926431255518310e+03
2.775360366948174118e-01,1.617785675812212672e-03,1.348881902215448309e-03,5.585377597452665451e-05,1.854919294116268880e+00,6.084601027141375518e+00,2.644081475143589353e-03,1.358335358048175623e+00,1.572531368708119999e+03,1.572531368708119999e+03
3.493199413953487209e-01,1.698769731503852647e-03,1.462570512513820722e-03,5.918729301620277380e-05,1.897981457086352908e+00,6.103241599405711426e+00,2.600683430465289617e-03,1.411659100518119381e+00,1.571300057682964734e+03,1.571300057682964734e+03
4.211038460958818064e-01,1.785809469634732543e-03,1.583762150971699178e-03,6.272066820930148536e-05,1.939469315039976438e+00,6.121388604513132492e+00,2.559608974850704610e-03,1.460886155612768134e+00,1.570234632302410773e+03,1.570234632302410773e+03
4.928877507964148919e-01,1.878894254171830378e-03,1.711209085073169640e-03,6.641344842882716836e-05,1.979022244908656969e+00,6.138987228641890503e+00,2.520956513032885683e-03,1.506059730007972108e+00,1.569320198992230416e+03,1.569320198992230416e+03
5.646716554969479773e-01,1.978005437965095741e-03,1.843700941580196390e-03,7.021809381825775266e-05,2.016717520656851725e+00,6.155891839893612882e+00,2.484736557286812593e-03,1.547649789384871744e+00,1.568536788328283592e+03,1.568536788328283592e+03
6.364555601974810628e-01,2.083117293022324935e-03,1.980375498861785578e-03,7.410365349739486153e-05,2.052634167816849597e+00,6.172047197904333871e+00,2.450857014745276476e-03,1.586055534029512382e+00,1.567867287907776245e+03,1.567867287907776245e+03
7.082394648980123719e-01,2.194197913173839224e-03,2.120281935467813357e-03,7.802342348823198496e-05,2.087239286327829735e+00,6.187280902354616252e+00,2.419212349931262798e-03,1.621989693559148238e+00,1.567289794608039301e+03,1.567289794608039301e+03
7.800233695985454574e-01,2.311210089916916535e-03,2.262987486047622013e-03,8.195600577623558185e-05,2.120825797796392909e+00,6.201580917824550454e+00,2.389599644832432306e-03,1.655920045161155985e+00,1.566790419943765528e+03,1.566790419943765528e+03
8.518072742990785429e-01,2.434112162205536323e-03,2.408256769420101528e-03,8.588792671543896487e-05,2.153645906834689150e+00,6.214955717496128074e+00,2.361826086511913982e-03,1.688225941562609966e+00,1.566357446189197617e+03,1.566357446189197617e+03
9.235911789996116283e-01,2.562858840927783460e-03,2.555856831431110171e-03,8.980545651777850700e-05,2.185935924074628556e+00,6.227424231365604967e+00,2.335708475694403714e-03,1.719231347077433192e+00,1.565982510825509735e+03,1.565982510825509735e+03
9.953750837001429375e-01,2.697402008789908691e-03,2.705701389811471756e-03,9.370276901659595919e-05,2.217844378335574795e+00,6.239041963975809679e+00,2.311070306376665495e-03,1.749152369620623482e+00,1.565660095675533285e+03,1.565660095675533285e+03
1.067158988400676023e+00,2.837691496304761436e-03,2.857937099670674989e-03,9.757611328076571083e-05,2.249638732292235765e+00,6.249827136601663113e+00,2.287742850694930025e-03,1.778290217002968854e+00,1.565383070291058857e+03,1.565383070291058857e+03
1.138942893101209108e+00,2.983675834560726384e-03,3.012691856133807577e-03,1.014250771977371609e-04,2.281460720891129945e+00,6.259838976594402915e+00,2.265570851771736213e-03,1.806812456459456095e+00,1.565148643659224490e+03,1.565148643659224490e+03
1.210726797801742194e+00,3.135302985417061719e-03,3.169983672781072088e-03,1.052489629648879299e-04,2.313357909553464431e+00,6.269140112376996754e+00,2.244437921945060394e-03,1.834793426203831457e+00,1.564955480081501491e+03,1.564955480081501491e+03
1.282510702502273503e+00,3.292521032830332713e-03,3.330087614029664158e-03,1.090541256242961250e-04,2.345401450429773327e+00,6.277792230543324692e+00,2.224226626155955799e-03,1.862322627411330700e+00,1.564799911903414340e+03,1.564799911903414340e+03
1.354294607202806588e+00,3.455278655704686723e-03,3.493050626566305498e-03,1.128431919660761090e-04,2.377569096774927448e+00,6.285866664209134314e+00,2.204847475516301045e-03,1.889405538037795651e+00,1.564681659205912638e+03,1.564681659205912638e+03
1.426078511903339674e+00,3.623525296292371117e-03,3.658943232983740811e-03,1.166157816558646351e-04,2.409916379900642003e+00,6.293402246726717664e+00,2.186221512218328861e-03,1.916108436926677205e+00,1.564600216480111158e+03,1.564600216480111158e+03
1.497862416603872759e+00,3.797211259284966316e-03,3.827994662136670941e-03,1.203765198420136609e-04,2.442492110570260166e+00,6.300486343220891072e+00,2.168276561653183828e-03,1.942491333179138246e+00,1.564552334060947260e+03,1.564552334060947260e+03
1.569646321304405845e+00,3.976287806955635350e-03,4.000249214234027212e-03,1.241298830079621629e-04,2.475223000915355076e+00,6.307839423211956564e+00,2.150946132017597743e-03,1.968548533022527414e+00,1.564538178732644610e+03,1.564538178732644610e+03
1.641430226004937154e+00,4.160707251321830134e-03,4.175810517157881041e-03,1.278764054989784370e-04,2.508152814000748521e+00,6.314743380292484609e+00,2.134181511153261830e-03,1.994288134848623661e+00,1.564557878380649754e+03,1.564557878380649754e+03
1.713214130705470239e+00,4.350423043412492315e-03,4.354835961558771451e-03,1.316177014358343533e-04,2.541330379336935064e+00,6.321213816721824585e+00,2.117942015063316308e-03,2.019760731135392007e+00,1.564608110194722258e+03,1.564608110194722258e+03
1.784998035406003325e+00,4.545389859720868654e-03,4.537454247386586703e-03,1.353571881381617457e-04,2.574747022303479849e+00,6.327297992232829849e+00,2.102178973347013785e-03,2.044971731694975148e+00,1.564689206052974441e+03,1.564689206052974441e+03
1.856781940106536410e+00,4.745563685921926414e-03,4.723823068697211372e-03,1.390963412417273236e-04,2.608444169774294163e+00,6.333024693901941227e+00,2.086845988006011138e-03,2.069956173806799082e+00,1.564804367901988599e+03,1.564804367901988599e+03
1.928565844807067720e+00,4.950901897930622825e-03,4.914016813839530706e-03,1.428358100775244392e-04,2.642428017344423896e+00,6.338405119091786943e+00,2.071924347530821990e-03,2.094730213137807162e+00,1.564948834029329646e+03,1.564948834029329646e+03
2.000349749507600805e+00,5.161363340375883270e-03,5.108043842724513048e-03,1.465773009401122426e-04,2.676649624011831374e+00,6.343478421692823943e+00,2.057388338422927974e-03,2.119274417427316148e+00,1.565119961427819362e+03,1.565119961427819362e+03
2.072133654208133891e+00,5.376908402561757921e-03,5.306002868463349613e-03,1.503224735903639891e-04,2.711110358854420532e+00,6.348273796598308039e+00,2.043206356083326989e-03,2.143598207455131188e+00,1.565318754176116272e+03,1.565318754176116272e+03
2.143917558908666976e+00,5.597499091985980169e-03,5.508055847646560130e-03,1.540721895972188094e-04,2.745855696761686282e+00,6.352790707260395742e+00,2.029360247725045356e-03,2.167740012287177720e+00,1.565542208350192368e+03,1.565542208350192368e+03
2.215701463609200061e+00,5.823099105484070247e-03,5.714310991024381704e-03,1.578271157704501707e-04,2.780903264312436729e+00,6.357049100909482497e+00,2.015823452226331389e-03,2.191717651159487357e+00,1.565791357708624446e+03,1.565791357708624446e+03
2.287485368309731371e+00,6.053673898064434317e-03,5.924798702754185790e-03,1.615880421267938596e-04,2.816229285114226766e+00,6.361076209652959612e+00,2.002575721411318631e-03,2.215520893392977531e+00,1.566067267623312091e+03,1.566067267623312091e+03
2.359269273010264456e+00,6.289190747175285243e-03,6.139496210688042029e-03,1.653558263820226312e-04,2.851785543455426453e+00,6.364884711061897349e+00,1.989615889912998026e-03,2.239124312895121260e+00,1.566365950911058917e+03,1.566365950911058917e+03
2.431053177710797542e+00,6.529618714971100607e-03,6.358697333463021045e-03,1.691310589531202894e-04,2.887675678630320597e+00,6.368474929329317469e+00,1.976911593511694685e-03,2.262600670823025073e+00,1.566689140080217157e+03,1.566689140080217157e+03
2.502837082411330627e+00,6.774928271661692647e-03,6.582427122763878993e-03,1.729140593602882827e-04,2.923878908991445869e+00,6.371869517119344906e+00,1.964447001587807818e-03,2.285940692422775644e+00,1.567038027791550576e+03,1.567038027791550576e+03
2.574620987111861936e+00,7.025090751389192513e-03,6.810540928919191911e-03,1.767052875540837714e-04,2.960299771662529000e+00,6.375085386744718363e+00,1.952230706200800423e-03,2.309089358997653108e+00,1.567407855484875427e+03,1.567407855484875427e+03
2.646404891812395022e+00,7.280077812654427508e-03,7.043486169599172224e-03,1.805049155751723236e-04,2.997107099535710528e+00,6.378108217319939044e+00,1.940227340410713170e-03,2.332156155839782752e+00,1.567801176911342054e+03,1.567801176911342054e+03
2.718188796512928107e+00,7.539860913766802467e-03,7.280934811289576508e-03,1.843123108722331273e-04,3.034145673024206236e+00,6.380979501731654402e+00,1.928441269125854987e-03,2.355049557831310203e+00,1.568217791363318611e+03,1.568217791363318611e+03
2.789972701213461193e+00,7.804410802927803578e-03,7.523237947191251107e-03,1.881281618715945232e-04,3.071528966637367297e+00,6.383678381552635450e+00,1.916858055916469605e-03,2.377842616510838170e+00,1.568654923069714187e+03,1.568654923069714187e+03
2.861756605913994278e+00,8.073697022566619919e-03,7.770430421625749984e-03,1.919547019821356271e-04,3.109209248047061447e+00,6.386231403789078165e+00,1.905466576674505648e-03,2.400510418246309730e+00,1.569112885283343985e+03,1.569112885283343985e+03
2.933540510614525587e+00,8.347687427558890538e-03,8.022470097917070581e-03,1.957899488967857230e-04,3.147178266901498933e+00,6.388649456648209046e+00,1.894258296249985056e-03,2.423051900359890709e+00,1.569593044400241752e+03,1.569593044400241752e+03
3.005324415315058673e+00,8.626347716968433763e-03,8.279513166748042954e-03,1.996329761116243248e-04,3.185489291104770526e+00,6.390917427318545840e+00,1.883230592847520918e-03,2.445501144674322891e+00,1.570091961385849800e+03,1.570091961385849800e+03
3.077108320015591758e+00,8.909640978962572386e-03,8.541477033899050678e-03,2.034855131357269102e-04,3.224059969534847969e+00,6.393064126399956137e+00,1.872378901616835942e-03,2.467814486109719319e+00,1.570609271953258713e+03,1.570609271953258713e+03
3.148892224716124844e+00,9.197527248560852936e-03,8.808687158945914530e-03,2.073491213888995117e-04,3.262966509955571137e+00,6.395093707161769281e+00,1.861680345335844011e-03,2.490039053310201922e+00,1.571147661433383746e+03,1.571147661433383746e+03
3.220676129416656153e+00,9.489963077886283058e-03,9.080978770123919463e-03,2.112219720580200304e-04,3.302153038769351401e+00,6.397005648083257334e+00,1.851147129288078542e-03,2.512146218832518318e+00,1.571702016767635996e+03,1.571702016767635996e+03
3.292460034117189238e+00,9.786901118597899490e-03,9.358405275912534335e-03,2.151039774745229440e-04,3.341619814141928213e+00,6.398809680979971048e+00,1.840770075449692754e-03,2.534139844706637668e+00,1.572273078002519696e+03,1.572273078002519696e+03
3.364243938817722324e+00,1.008828971619124548e-02,9.641164270996456856e-03,2.189935896308536185e-04,3.381440187325845059e+00,6.400503406355707803e+00,1.830533201246003876e-03,2.556063047617004091e+00,1.572863605208666286e+03,1.572863605208666286e+03
3.436027843518255409e+00,1.039407251586277683e-02,9.928653052359329503e-03,2.228897143894690083e-04,3.421400675252838752e+00,6.402112013609031926e+00,1.820463399875957896e-03,2.577803846026968326e+00,1.573466073114863320e+03,1.573466073114863320e+03
3.507811748218786718e+00,1.070418808369658949e-02,1.022222278263724277e-02,2.267997542478113920e-04,3.461835216626734102e+00,6.403606961401288267e+00,1.810507601300414453e-03,2.599544644436932117e+00,1.574086080912192756e+03,1.574086080912192756e+03
3.579595652919321580e+00,1.101856966642751796e-02,1.051981101880502395e-02,2.307091636234649321e-04,3.502246604064404245e+00,6.405047642154284127e+00,1.800727215537702500e-03,2.621025519160748107e+00,1.574717880328521687e+03,1.574717880328521687e+03
3.651379557619852889e+00,1.133714532215837449e-02,1.082332706091520408e-02,2.346306756650428445e-04,3.543069084529991031e+00,6.406385622331781882e+00,1.791063868416019073e-03,2.642479080474249731e+00,1.575363676128969928e+03,1.575363676128969928e+03
3.723163462320384198e+00,1.165983820896132790e-02,1.113187587407463847e-02,2.385567428414243159e-04,3.584101400840684182e+00,6.407644582842531022e+00,1.781541391327959604e-03,2.663803162782865552e+00,1.576020890673776876e+03,1.576020890673776876e+03
3.794947367020919060e+00,1.198656687394811064e-02,1.144467443680776721e-02,2.424817946348227710e-04,3.625166306315459774e+00,6.408851423744060583e+00,1.772174252237461878e-03,2.684912502796197753e+00,1.576688626404980369e+03,1.576688626404980369e+03
3.866731271721450369e+00,1.231724553537504561e-02,1.176363131335248120e-02,2.464177656378653048e-04,3.666680077880848376e+00,6.409959651734305375e+00,1.762910221370027472e-03,2.706021842809528621e+00,1.577369035005829346e+03,1.577369035005829346e+03
3.938515176421985231e+00,1.265178435794986865e-02,1.208602148992608989e-02,2.503464747946717640e-04,3.708049399732180174e+00,6.411029148949348055e+00,1.753823229576185160e-03,2.726837333140507802e+00,1.578052998652021643e+03,1.578052998652021643e+03
4.010299081122516540e+00,1.299008972150052059e-02,1.241331729877570046e-02,2.542785762094665141e-04,3.749572152866927244e+00,6.412046346957635201e+00,1.744860685848028965e-03,2.747514695103595805e+00,1.578747393899406461e+03,1.578747393899406461e+03
4.082082985823047849e+00,1.333206448316499870e-02,1.274670457477683656e-02,2.582203035624515202e-04,3.791500893307324205e+00,6.412978763762435364e+00,1.735995883270978002e-03,2.768180252714262934e+00,1.579451910006779372e+03,1.579451910006779372e+03
4.153866890523582711e+00,1.367760823325426568e-02,1.308240939872359204e-02,2.621527271476864441e-04,3.832983813768734205e+00,6.413918526831095868e+00,1.727324179710383210e-03,2.788425510558761200e+00,1.580152870887776544e+03,1.580152870887776544e+03
4.225650795224114020e+00,1.402661754493876069e-02,1.342264962763605601e-02,2.660798070177249021e-04,3.874627589480815093e+00,6.414797224803863607e+00,1.718775280952885166e-03,2.808551262593015796e+00,1.580862423847131367e+03,1.580862423847131367e+03
4.297434699924645329e+00,1.437898621790361688e-02,1.376906892624257805e-02,2.700169133281346231e-04,3.916672287365689620e+00,6.415600627374616671e+00,1.710313330792219118e-03,2.828674404692136157e+00,1.581580335887956608e+03,1.581580335887956608e+03
4.369218604625180191e+00,1.473460551611453610e-02,1.411592272107567089e-02,2.739261153211233302e-04,3.958033476026752595e+00,6.416417535659519444e+00,1.702073349077824500e-03,2.848288076511725997e+00,1.582288651018847077e+03,1.582288651018847077e+03
4.441002509325711500e+00,1.509336439983303621e-02,1.446655936473550431e-02,2.778283316387217304e-04,3.999377068036969352e+00,6.417201272297258896e+00,1.693961266346773317e-03,2.867715513715213493e+00,1.583000796757669150e+03,1.583000796757669150e+03
4.512786414026246362e+00,1.545514975201561260e-02,1.482344571619640880e-02,2.817432276160871003e-04,4.041097337033904502e+00,6.417923614136239685e+00,1.685924402392247881e-03,2.887142950918701878e+00,1.583719408899490190e+03,1.583719408899490190e+03
4.584570318726777671e+00,1.581984659922788805e-02,1.518137756997727655e-02,2.856319016745545772e-04,4.082329917876458936e+00,6.418640264813137541e+00,1.678075773249501764e-03,2.906176450374303499e+00,1.584430068968258865e+03,1.584430068968258865e+03
4.656354223427308980e+00,1.618733832731239844e-02,1.553934473934194711e-02,2.894886721725173709e-04,4.122918565724336126e+00,6.419370261678290390e+00,1.670423826126916965e-03,2.924756292233759325e+00,1.585132347475459483e+03,1.585132347475459483e+03
4.728138128127843842e+00,1.655750690950899551e-02,1.590335865220978903e-02,2.933576571626703676e-04,4.163849791731256467e+00,6.420047393883236531e+00,1.662839654773577746e-03,2.943336134093216483e+00,1.585839230974567272e+03,1.585839230974567272e+03
4.799922032828375151e+00,1.693023323860760529e-02,1.627329865140515752e-02,2.972355633186152474e-04,4.205120585883382667e+00,6.420671085100633668e+00,1.655324218076356137e-03,2.961914948677101922e+00,1.586551133534738028e+03,1.586551133534738028e+03
4.871705937528910013e+00,1.730539754880403708e-02,1.663616368548428634e-02,3.010379973362569133e-04,4.244587572264220121e+00,6.421390190149191213e+00,1.648133216116164437e-03,2.979547575688505923e+00,1.587233405790607776e+03,1.587233405790607776e+03
4.943489842229441322e+00,1.768287983908270813e-02,1.700380874964974379e-02,3.048380035597457981e-04,4.284308469703988820e+00,6.422049383189018634e+00,1.641021843709156896e-03,2.997156480655531752e+00,1.587917876989400156e+03,1.587917876989400156e+03
5.015273746929972631e+00,1.806256028610261563e-02,1.737744367180248106e-02,3.086528853515427013e-04,4.324333476752475924e+00,6.422671442925769192e+00,1.633965501800201678e-03,3.014765385622557581e+00,1.588605820071072230e+03,1.588605820071072230e+03
5.087057651630507493e+00,1.844431964679804983e-02,1.775246171165931544e-02,3.124456870048120962e-04,4.364029524584936759e+00,6.423286583803244909e+00,1.627045972047406900e-03,3.032101155947325211e+00,1.589288331094669275e+03,1.589288331094669275e+03
5.158841556331038802e+00,1.882803965093257301e-02,1.812112774267742379e-02,3.161664236036026564e-04,4.402233808485243927e+00,6.423956764063001756e+00,1.620403742379285294e-03,3.048670709510193699e+00,1.589942654501990319e+03,1.589942654501990319e+03
5.230625461031573664e+00,1.921360338384031988e-02,1.849516009575702391e-02,3.198966672869740639e-04,4.440705872626177886e+00,6.424588740607026338e+00,1.613814863064926474e-03,3.065240263073062632e+00,1.590599149838370977e+03,1.590599149838370977e+03
5.302409365732104973e+00,1.960089565958017532e-02,1.887471354467586820e-02,3.236383178045285774e-04,4.479443504765233897e+00,6.425191784304701059e+00,1.607273201308785171e-03,3.081809816635930677e+00,1.591259737747423515e+03,1.591259737747423515e+03
5.374193270432636282e+00,1.998980338472578985e-02,1.925244757124914760e-02,3.273223360419341417e-04,4.517664100500690338e+00,6.425756387460010544e+00,1.600906980935272060e-03,3.098048151428880903e+00,1.591907950658921663e+03,1.591907950658921663e+03
5.445977175133171144e+00,2.038021591300721858e-02,1.962495177295972906e-02,3.309629940000836522e-04,4.554416991106787549e+00,6.426415055444448576e+00,1.594767526973415615e-03,3.113568070173271973e+00,1.592528836428296472e+03,1.592528836428296472e+03
5.517761079833702453e+00,2.077202539101426562e-02,2.000233721416475041e-02,3.346101521394303363e-04,4.591401383831082761e+00,6.427043175965442501e+00,1.588673792397459145e-03,3.129087988917663044e+00,1.593152657909349955e+03,1.593152657909349955e+03
5.589544984534233762e+00,2.116512709516845184e-02,2.038521190216039877e-02,3.382732229084090621e-04,4.628616920113343802e+00,6.427648141622406719e+00,1.582620770447864655e-03,3.144607907662053670e+00,1.593776705478084523e+03,1.593776705478084523e+03
5.661328889234768624e+00,2.155941976016275199e-02,2.076986187322459390e-02,3.419155963474714401e-04,4.665716284572305916e+00,6.428222737294308153e+00,1.576665119089432207e-03,3.159984650694640074e+00,1.594395482077680754e+03,1.594395482077680754e+03
5.733112793935299933e+00,2.195480589906627367e-02,2.114454153619435214e-02,3.454758340117111822e-04,4.700934809773538170e+00,6.428889275139245463e+00,1.570982794915864967e-03,3.174502609168603939e+00,1.594981827804320574e+03,1.594981827804320574e+03
5.804896698635834795e+00,2.235119211528394448e-02,2.152332631974694654e-02,3.490369658060599612e-04,4.736326086511069455e+00,6.429520778675366088e+00,1.565350817443211936e-03,3.189008651148590001e+00,1.595567371332377888e+03,1.595567371332377888e+03
5.876680603336366104e+00,2.274848940597058722e-02,2.190709131267514972e-02,3.526106804468850898e-04,4.771917044219273762e+00,6.430131100817028766e+00,1.559755695352231866e-03,3.203514693128576063e+00,1.596152817692601502e+03,1.596152817692601502e+03
5.948464508036897413e+00,2.314661341410144749e-02,2.229573700923006066e-02,3.561947809555985819e-04,4.807706097608029694e+00,6.430722568434092068e+00,1.554196001146119751e-03,3.218020735108561237e+00,1.596739879309997150e+03,1.596739879309997150e+03
6.020248412737432275e+00,2.354548447849564435e-02,2.267583725784079809e-02,3.596998847047686997e-04,4.842020929784487393e+00,6.431358905506530554e+00,1.548866619346081020e-03,3.231858188980272661e+00,1.597299009280077826e+03,1.597299009280077826e+03
6.092032317437963584e+00,2.394502755004994030e-02,2.305456466830869272e-02,3.631738925497045019e-04,4.875800579521889944e+00,6.431999968846482396e+00,1.543655823707043009e-03,3.245411037105443430e+00,1.597846213768724056e+03,1.597846213768724056e+03
6.163816222138498446e+00,2.434517209821174602e-02,2.343795238845124140e-02,3.666602273225194131e-04,4.909751300875152324e+00,6.432627708876335504e+00,1.538474380142333588e-03,3.258963885230613755e+00,1.598394488826397492e+03,1.598394488826397492e+03
6.235600126839029755e+00,2.474585201914830668e-02,2.382605422360285774e-02,3.701590406658911776e-04,4.943874007473230137e+00,6.433238007365969402e+00,1.533324890302221457e-03,3.272516733355784524e+00,1.598941676464353350e+03,1.598941676464353350e+03
6.307384031539561065e+00,2.514700554558688822e-02,2.421691248211528882e-02,3.736469044087542069e-04,4.978070160686285384e+00,6.433814194312505563e+00,1.528231833407457966e-03,3.286030412599404649e+00,1.599486363766143995e+03,1.599486363766143995e+03
6.379167936240095926e+00,2.554857515829031187e-02,2.459627850567923033e-02,3.770587736137024975e-04,5.010302885195225819e+00,6.434494471678704919e+00,1.523379975036993688e-03,3.298714023997439515e+00,1.599998232582575156e+03,1.599998232582575156e+03
6.450951840940627235e+00,2.595050749913792310e-02,2.497831308870689104e-02,3.804585710734093951e-04,5.042656227057705109e+00,6.435134165263053596e+00,1.518577090410474367e-03,3.311385468224619100e+00,1.600508405254774971e+03,1.600508405254774971e+03
6.522735745641158545e+00,2.635275328577839707e-02,2.536483644693926162e-02,3.838717360446162997e-04,5.075157904232371564e+00,6.435761445017369020e+00,1.513800651095636865e-03,3.324056912451799128e+00,1.601017474027936032e+03,1.601017474027936032e+03
6.594519650341693406e+00,2.675526722782490055e-02,2.575582469044112449e-02,3.872974722675223322e-04,5.107806393181294702e+00,6.436379424920242620e+00,1.509048729041158636e-03,3.336728356678979157e+00,1.601526904258432296e+03,1.601526904258432296e+03
6.666303555042224716e+00,2.715800794456148942e-02,2.614860346257083523e-02,3.907142093783290328e-04,5.140352749512148378e+00,6.436984378308722832e+00,1.504356444516726258e-03,3.349303700960867936e+00,1.602030896104275598e+03,1.602030896104275598e+03
6.738087459742759577e+00,2.756093788413117862e-02,2.652924804979897924e-02,3.940394493031912772e-04,5.171170610425429359e+00,6.437646678257125110e+00,1.499888824181203756e-03,3.361164409413280207e+00,1.602505112058379154e+03,1.602505112058379154e+03
6.809871364443290886e+00,2.796402324417755769e-02,2.691356328705619277e-02,3.973696841977826955e-04,5.202116805522660314e+00,6.438292841802986111e+00,1.495448090449805981e-03,3.373025117865691591e+00,1.602979432518271324e+03,1.602979432518271324e+03
6.881655269143822196e+00,2.836723389391055533e-02,2.730206294172993209e-02,4.007121156337047139e-04,5.233191404958078330e+00,6.438927767693537696e+00,1.491030997600556809e-03,3.384885826318103419e+00,1.603452222530223480e+03,1.603452222530223480e+03
6.953439173844357057e+00,2.877054329756938839e-02,2.769478496870271880e-02,4.040668749597081102e-04,5.264393911764471135e+00,6.439552241572559232e+00,1.486637034523837636e-03,3.396746534770515691e+00,1.603923616736575923e+03,1.603923616736575923e+03
7.025223078544888367e+00,2.917392843925556076e-02,2.809018457286913475e-02,4.074213579258392369e-04,5.295590939474803527e+00,6.440168735943548661e+00,1.482281352641364467e-03,3.408557494512669539e+00,1.604392914808212936e+03,1.604392914808212936e+03
7.097006983245423228e+00,2.957736974909759564e-02,2.847385894448957802e-02,4.106855813240798455e-04,5.325256157831905313e+00,6.440823623958831234e+00,1.478124802769137987e-03,3.419747993796121488e+00,1.604835970060293221e+03,1.604835970060293221e+03
7.168790887945954537e+00,2.998085102469603969e-02,2.885948999798398917e-02,4.139480902881126812e-04,5.354838758834005397e+00,6.441473768011623413e+00,1.474010407682316282e-03,3.430865526652534747e+00,1.605274769220394091e+03,1.605274769220394091e+03
7.240574792646485847e+00,3.038435929950987144e-02,2.924906907500223960e-02,4.172225297842805432e-04,5.384531545167829059e+00,6.442117903938958001e+00,1.469914580270169704e-03,3.441983059508948006e+00,1.605713355731644242e+03,1.605713355731644242e+03
7.312358697347020708e+00,3.078788464799083260e-02,2.964263427229230433e-02,4.205089766132731545e-04,5.414335385194187111e+00,6.442753302443320784e+00,1.465838943899504471e-03,3.453100592365361710e+00,1.606150273695649958e+03,1.606150273695649958e+03
7.384142602047552018e+00,3.119141998312120398e-02,3.004000570927038705e-02,4.238045003952535636e-04,5.444250205844615387e+00,6.443377299435061545e+00,1.461785151314632649e-03,3.464218125221774969e+00,1.606585640790124671e+03,1.606585640790124671e+03
7.455926506748086879e+00,3.159496085811080990e-02,3.043084066609919036e-02,4.270486310857546939e-04,5.473186481171532947e+00,6.444031582779035539e+00,1.457858047900208133e-03,3.474936080457259990e+00,1.607005007971548821e+03,1.607005007971548821e+03
7.527710411448618189e+00,3.199850527225994029e-02,3.081716721883781887e-02,4.302477535600979773e-04,5.501457129235673982e+00,6.444690614753000091e+00,1.454033683994716310e-03,3.485372407240344916e+00,1.607411781828369612e+03,1.607411781828369612e+03
7.599494316149149498e+00,3.240205348090421239e-02,3.120711156908548278e-02,4.334568117273892760e-04,5.529824787596073321e+00,6.445340753650008025e+00,1.450227989431851668e-03,3.495808734023429398e+00,1.607817021356702526e+03,1.607817021356702526e+03
7.671278220849684359e+00,3.280560780935803944e-02,3.160081126379108568e-02,4.366775018211418850e-04,5.558287983743497307e+00,6.445986591671498900e+00,1.446438146786570506e-03,3.506245060806515212e+00,1.608221906868074939e+03,1.608221906868074939e+03
7.743062125550215669e+00,3.320917247077435908e-02,3.199833029779723670e-02,4.399102918996471482e-04,5.586847590527991514e+00,6.446625785786761043e+00,1.442665519370693247e-03,3.516681387589599694e+00,1.608625099397897202e+03,1.608625099397897202e+03
7.814846030250746978e+00,3.361275338784269762e-02,3.239858645269413917e-02,4.431399209568967360e-04,5.615504970962207132e+00,6.447242969551840730e+00,1.438919595312287405e-03,3.527117714372684620e+00,1.609026650771672166e+03,1.609026650771672166e+03
7.886629934951281840e+00,3.401635801824626215e-02,3.278619747107105326e-02,4.462916248311980393e-04,5.642556844331802601e+00,6.447920830410545534e+00,1.435345431549057103e-03,3.536942167556833105e+00,1.609404222229839434e+03,1.609404222229839434e+03
7.958413839651813149e+00,3.441999518380251671e-02,3.317590193572475532e-02,4.494377209357796753e-04,5.669657817378070952e+00,6.448578753118582974e+00,1.431799615338180242e-03,3.546753216786287410e+00,1.609779747627565484e+03,1.609779747627565484e+03
8.030197744352348010e+00,3.482367490321310738e-02,3.356916472472520202e-02,4.525951524776923368e-04,5.696843206294308182e+00,6.449231014771080517e+00,1.428268973842994859e-03,3.556564266015741715e+00,1.610153701298740998e+03,1.610153701298740998e+03
8.101981649052879320e+00,3.522740822834926483e-02,3.396597543406154607e-02,4.557635701645753636e-04,5.724111861791810973e+00,6.449879665379763871e+00,1.424752287351650770e-03,3.566375315245196020e+00,1.610527185088973056e+03,1.610527185088973056e+03
8.173765553753410629e+00,3.563120708400298320e-02,3.436642122134229982e-02,4.589437817385642491e-04,5.751464564916654254e+00,6.450522953811858251e+00,1.421250545235298521e-03,3.576186364474649881e+00,1.610899050559213492e+03,1.610899050559213492e+03
8.245549458453945491e+00,3.603508411103224784e-02,3.476729636836365517e-02,4.621127917275791503e-04,5.778652232996968507e+00,6.451160923773990419e+00,1.417791601440916878e-03,3.585908832560081638e+00,1.611265915588941425e+03,1.611265915588941425e+03
8.317333363154476800e+00,3.643905251283395541e-02,3.515692340481502837e-02,4.652060911000514571e-04,5.804557261986758476e+00,6.451832145655298945e+00,1.414475364194972898e-03,3.595148748154535223e+00,1.611614119521298335e+03,1.611614119521298335e+03
8.389117267855011661e+00,3.684312590514741970e-02,3.554927336407525534e-02,4.683020954801959371e-04,5.830532983439587369e+00,6.452490798233649016e+00,1.411177713315587374e-03,3.604387162860055227e+00,1.611960750802496477e+03,1.611960750802496477e+03
8.460901172555542971e+00,3.724731817772781312e-02,3.594506466374501608e-02,4.714098249602313652e-04,5.856582548727003790e+00,6.453145420250975484e+00,1.407892934038242365e-03,3.613625577565574787e+00,1.612305872951124911e+03,1.612305872951124911e+03
8.532685077256074280e+00,3.765164340735988741e-02,3.634423711809212088e-02,4.745283017482335988e-04,5.882704955981475692e+00,6.453797365137452502e+00,1.404620240476778551e-03,3.622863992271094347e+00,1.612650485752570603e+03,1.612650485752570603e+03
8.604468981956609142e+00,3.805611581227648366e-02,3.674697294601876607e-02,4.776595848299400250e-04,5.908900845266508384e+00,6.454446326366597653e+00,1.401359739361594109e-03,3.632102406976614350e+00,1.612993516786007376e+03,1.612993516786007376e+03
8.676252886657140451e+00,3.846074971186319580e-02,3.715000853265390535e-02,4.807751093251406461e-04,5.934997933601534825e+00,6.455080553737903237e+00,1.398137254404480806e-03,3.641280130343821142e+00,1.613332709944761518e+03,1.613332709944761518e+03
8.748036791357671760e+00,3.886555948721945319e-02,3.754210359082849058e-02,4.838243227919020889e-04,5.959839110430037223e+00,6.455754482037991515e+00,1.395043160119886858e-03,3.649996189295350302e+00,1.613654416826918350e+03,1.613654416826918350e+03
8.819820696058206622e+00,3.927055954254912717e-02,3.793662128134333428e-02,4.868740970899202922e-04,5.984744426706633647e+00,6.456415098072426417e+00,1.391966648599452048e-03,3.658711527473204494e+00,1.613974623848057036e+03,1.613974623848057036e+03
8.891604600758737931e+00,3.967576426736584005e-02,3.833434257922944954e-02,4.899342316009362664e-04,6.009714830566017518e+00,6.457071528325667664e+00,1.388901956646999142e-03,3.667426865651058243e+00,1.614293361674223888e+03,1.614293361674223888e+03
8.963388505459272793e+00,4.008118799949641348e-02,3.873527681554848195e-02,4.930047026595937160e-04,6.034749279185787074e+00,6.457725779159529722e+00,1.385847910909663618e-03,3.676142203828912436e+00,1.614611604791051150e+03,1.614611604791051150e+03
9.035172410159804102e+00,4.048684498886643418e-02,3.913957863469654658e-02,4.960871945645503253e-04,6.059848387385125434e+00,6.458377493842145434e+00,1.382804653224723943e-03,3.684857542006766185e+00,1.614928401739982064e+03,1.614928401739982064e+03
9.106956314860335411e+00,4.089274936205301858e-02,3.954601922436024736e-02,4.991658631811239991e-04,6.085013210274063944e+00,6.459012377244242487e+00,1.379780757014701298e-03,3.693572727107943710e+00,1.615243697226150971e+03,1.615243697226150971e+03
9.178740219560870273e+00,4.129891508758947588e-02,3.994177664515777271e-02,5.021779004637815826e-04,6.109046230110163123e+00,6.459675822156834890e+00,1.376872790968876456e-03,3.701878098020792596e+00,1.615543622277836903e+03,1.615543622277836903e+03
9.250524124261401582e+00,4.170535594200721480e-02,4.033814966217740688e-02,5.051841566569873973e-04,6.132956446378263315e+00,6.460336643481942254e+00,1.373993565748348779e-03,3.710121309060105066e+00,1.615839982181531695e+03,1.615839982181531695e+03
9.322308028961936444e+00,4.211208547660010709e-02,4.073756918058753923e-02,5.082003138200982643e-04,6.156924267358016678e+00,6.460993916056116504e+00,1.371124785096470948e-03,3.718364520099417980e+00,1.616134998560728263e+03,1.616134998560728263e+03
9.394091933662467753e+00,4.251911698489801994e-02,4.113962078540157191e-02,5.112210518820959129e-04,6.180949340488887778e+00,6.461644597527851808e+00,1.368268278404454613e-03,3.726607731138730006e+00,1.616429465359582991e+03,1.616429465359582991e+03
9.465875838362999062e+00,4.292646347083453606e-02,4.154586715020115034e-02,5.142656772434998566e-04,6.205030458659400061e+00,6.462304051743928746e+00,1.365414859846231233e-03,3.734850942178042477e+00,1.616722584666873217e+03,1.616722584666873217e+03
9.537659743063533924e+00,4.333413761759615651e-02,4.195551499610989526e-02,5.173239722665655231e-04,6.229168549728785642e+00,6.462963209120146324e+00,1.362569911450388143e-03,3.743094153217355391e+00,1.617014345774768799e+03,1.617014345774768799e+03
9.609443647764065233e+00,4.374215175713969117e-02,4.235938900115257533e-02,5.203327617478908712e-04,6.252765556750300213e+00,6.463617650726562580e+00,1.359796136702995633e-03,3.751134706914821759e+00,1.617298358868718879e+03,1.617298358868718879e+03
9.681227552464596542e+00,4.415051784036627680e-02,4.275809904042979226e-02,5.233049808769091446e-04,6.275771896045161391e+00,6.464281281558625025e+00,1.357089156349384519e-03,3.758957584277980768e+00,1.617573454249854422e+03,1.617573454249854422e+03
9.753011457165131404e+00,4.455924740986640098e-02,4.315913486750224543e-02,5.262794951597559107e-04,6.298830339816579915e+00,6.464935599850703873e+00,1.354395168108656327e-03,3.766780461641140221e+00,1.617847288011512092e+03,1.617847288011512092e+03
9.824795361865662713e+00,4.496835159248271929e-02,4.356326464430321926e-02,5.292656793423003046e-04,6.321939207025860874e+00,6.465589992170134082e+00,1.351708654057757033e-03,3.774603339004299229e+00,1.618120578118992853e+03,1.618120578118992853e+03
9.896579266566197575e+00,4.537784111716489099e-02,4.397036263632562308e-02,5.322617488047156264e-04,6.345099259478486964e+00,6.466241787683866704e+00,1.349031131470918889e-03,3.782426216367458238e+00,1.618392624764691845e+03,1.618392624764691845e+03
9.968363171266728884e+00,4.578772633735372216e-02,4.438037475763119410e-02,5.352668693860812002e-04,6.368310517903582380e+00,6.466890270515287753e+00,1.346362999404109419e-03,3.790249093730617247e+00,1.618663418905676508e+03,1.618663418905676508e+03
1.004014707596726019e+01,4.619801725299182982e-02,4.478984462158971253e-02,5.382594550767991854e-04,6.391334064502124157e+00,6.467537404650628652e+00,1.343726314982332916e-03,3.797992320680517064e+00,1.618930920032275935e+03,1.618930920032275935e+03
1.011193098066779505e+01,4.660872353211759078e-02,4.519128812605367057e-02,5.412013530863286730e-04,6.413564642710968933e+00,6.468198417930728361e+00,1.341170314071488253e-03,3.805454757700108992e+00,1.619187502965417252e+03,1.619187502965417252e+03
1.018371488536832636e+01,4.701985453205171500e-02,4.559480560163047674e-02,5.441454014665816604e-04,6.435822156740678146e+00,6.468852251995616420e+00,1.338627238602955972e-03,3.812910563465853109e+00,1.619442772969848193e+03,1.619442772969848193e+03
1.025549879006886123e+01,4.743141932018352103e-02,4.600111594826782752e-02,5.470985089890225729e-04,6.458125283005331951e+00,6.469504777239514226e+00,1.336091737030587140e-03,3.820366369231598114e+00,1.619697450746055893e+03,1.619697450746055893e+03
1.032728269476939253e+01,4.784342669436332518e-02,4.641025421079666285e-02,5.500608916431992722e-04,6.480474533732071940e+00,6.470154588427061704e+00,1.333564582360715614e-03,3.827822174997342675e+00,1.619951043452677141e+03,1.619951043452677141e+03
1.039906659946992384e+01,4.825588520290979150e-02,4.682217345175405943e-02,5.530318328004068130e-04,6.502869950875818539e+00,6.470801420433728524e+00,1.331045904388949031e-03,3.835277980763087236e+00,1.620203441571549547e+03,1.620203441571549547e+03
1.047085050417045871e+01,4.866880316423755765e-02,4.723501414018238531e-02,5.559965242477893929e-04,6.525226670221272229e+00,6.471440760806869363e+00,1.328546355568351349e-03,3.842705744058490858e+00,1.620454301055564883e+03,1.620454301055564883e+03
1.054263440887099001e+01,4.908218868611360225e-02,4.763978614527102778e-02,5.589124607755431053e-04,6.546808545430382154e+00,6.472094367917976321e+00,1.326122255407432508e-03,3.849863544192837939e+00,1.620695014371672869e+03,1.620695014371672869e+03
1.061441831357152488e+01,4.949604968454819620e-02,4.804601781627532847e-02,5.618291699717342961e-04,6.568356914627929477e+00,6.472745002844657591e+00,1.323713222645249475e-03,3.856996356511322777e+00,1.620933811126729097e+03,1.620933811126729097e+03
1.068620221827205619e+01,4.991039390232702988e-02,4.845493159173754755e-02,5.647545139920835894e-04,6.589946722027429260e+00,6.473394153170612952e+00,1.321311258641089592e-03,3.864129168829807615e+00,1.621172101068308848e+03,1.621172101068308848e+03
1.075798612297258749e+01,5.032522892719195479e-02,4.886654052317655067e-02,5.676884612791002066e-04,6.611578475237907426e+00,6.474040716045376342e+00,1.318916954928264773e-03,3.871261981148292453e+00,1.621409341554130151e+03,1.621409341554130151e+03
1.082977002767312236e+01,5.074056220967566866e-02,4.928085684716740356e-02,5.706310154905695937e-04,6.633252153380906790e+00,6.474684788537343749e+00,1.316530234944818375e-03,3.878394793466777291e+00,1.621645484483183054e+03,1.621645484483183054e+03
1.090155393237365367e+01,5.115640108059715807e-02,4.969602909175101224e-02,5.735612560135704705e-04,6.654960938251202940e+00,6.475311690535155762e+00,1.314160278514440007e-03,3.885524983510483921e+00,1.621881022912287563e+03,1.621881022912287563e+03
1.097333783707418497e+01,5.157275276822430310e-02,5.010464737589801626e-02,5.764603194543105455e-04,6.675936874488115791e+00,6.475963550830244664e+00,1.311852714183173391e-03,3.892403614002623247e+00,1.622107211112999039e+03,1.622107211112999039e+03
1.104512174177471984e+01,5.198962441509349247e-02,5.051406571838091414e-02,5.793553672598710999e-04,6.696855370503827842e+00,6.476610678634843410e+00,1.309562395170135122e-03,3.899250824167040275e+00,1.622331433341181082e+03,1.622331433341181082e+03
1.111690564647525115e+01,5.240702309280870913e-02,5.092601979195355427e-02,5.822580834828269825e-04,6.717811870937778984e+00,6.477255933623253803e+00,1.307278843148813180e-03,3.906098034331456859e+00,1.622555153475997031e+03,1.622555153475997031e+03
1.118868955117578601e+01,5.282495580747406660e-02,5.134054787145200804e-02,5.851687463191589849e-04,6.738806806482694256e+00,6.477898655786160198e+00,1.305002394308188733e-03,3.912945244495873887e+00,1.622777872183337649e+03,1.622777872183337649e+03
1.126047345587631732e+01,5.324342949786827622e-02,5.175769149884820730e-02,5.880877082601909970e-04,6.759840129219089278e+00,6.478539063660606168e+00,1.302732905653505554e-03,3.919792454660291359e+00,1.622999583197987704e+03,1.622999583197987704e+03
1.133225736057684863e+01,5.366245103291236024e-02,5.217673997826448307e-02,5.910067810143334330e-04,6.780911970252502030e+00,6.479171978907603879e+00,1.300473335351474144e-03,3.926639664824707943e+00,1.623220851231685856e+03,1.623220851231685856e+03
1.140404126527738349e+01,5.408202720918973971e-02,5.258906481033397140e-02,5.938868952308370107e-04,6.801353301203363344e+00,6.479816285532256970e+00,1.298272352662490844e-03,3.933271628048728097e+00,1.623434160067768744e+03,1.623434160067768744e+03
1.147582516997791480e+01,5.450216474851986986e-02,5.300192172660970341e-02,5.967629604804882510e-04,6.821712091076772566e+00,6.480458087110807952e+00,1.296088599961713050e-03,3.939865450223063004e+00,1.623645385489350247e+03,1.623645385489350247e+03
1.154760907467844966e+01,5.492287029558295952e-02,5.341726985388960819e-02,5.996468044014768633e-04,6.842105926667492177e+00,6.481098428568619951e+00,1.293910922384219246e-03,3.946459272397397910e+00,1.623856063943037270e+03,1.623856063943037270e+03
1.161939297937898097e+01,5.534415041559608006e-02,5.383513870003064916e-02,6.025386196844923154e-04,6.862535081764105094e+00,6.481736776632826214e+00,1.291739592222535633e-03,3.953053094571733261e+00,1.624065933822534134e+03,1.624065933822534134e+03
1.169117688407951228e+01,5.576601159203882496e-02,5.425554415547310938e-02,6.054384575650815538e-04,6.882999676764813834e+00,6.482372929280008300e+00,1.289574701376008633e-03,3.959646916746067724e+00,1.624274804237064473e+03,1.624274804237064473e+03
1.176296078878004714e+01,5.618846022442820082e-02,5.467759310877691459e-02,6.083362360355991719e-04,6.903500044762362897e+00,6.483000324908632095e+00,1.287419962283133752e-03,3.966240738920402631e+00,1.624483214415198290e+03,1.624483214415198290e+03
1.183474469348057845e+01,5.661150262614141754e-02,5.509462852876260280e-02,6.112105939442695783e-04,6.923441318997690885e+00,6.483645599693186767e+00,1.285311729062297648e-03,3.972645521229420940e+00,1.624684819405871849e+03,1.624684819405871849e+03
1.190652859818110976e+01,5.703514502228620997e-02,5.551148847624560317e-02,6.140735799134513801e-04,6.943302546480031090e+00,6.484283007652680730e+00,1.283222705116594548e-03,3.979013940614929190e+00,1.624884384224850010e+03,1.624884384224850010e+03
1.197831250288164462e+01,5.745939354761714357e-02,5.593062388641620308e-02,6.169424423560749366e-04,6.963196400866896951e+00,6.484917919000980469e+00,1.281139948567092861e-03,3.985382360000437885e+00,1.625083479803450700e+03,1.625083479803450700e+03
1.205009640758217593e+01,5.788425424449762657e-02,5.635225053791024369e-02,6.198194526341427009e-04,6.983123012348095848e+00,6.485551337232153379e+00,1.279062864040174776e-03,3.991750779385946135e+00,1.625281773473933981e+03,1.625281773473933981e+03
1.212188031228271079e+01,5.830973306090646291e-02,5.677634633819959170e-02,6.227042491252857961e-04,7.003082486584768063e+00,6.486182656426679571e+00,1.276991774653434822e-03,3.998119198771454830e+00,1.625479196335524421e+03,1.625479196335524421e+03
1.219366421698324210e+01,5.873583584848832140e-02,5.720205613719212684e-02,6.255873424554377451e-04,7.023075162474678557e+00,6.486805982057168407e+00,1.274929984954080052e-03,4.004487618156963080e+00,1.625676173583812897e+03,1.625676173583812897e+03
1.226544812168377341e+01,5.916256836064746200e-02,5.762302025541601175e-02,6.284474766581191934e-04,7.042561697921374098e+00,6.487443828104204613e+00,1.272910357127415891e-03,4.010686239749142068e+00,1.625867093806980392e+03,1.625867093806980392e+03
1.233723202638430827e+01,5.958993625068290806e-02,5.804411813195781839e-02,6.312994279829039872e-04,7.061979475674452722e+00,6.488075775491379815e+00,1.270907054310058777e-03,4.016853198286568727e+00,1.626056228591262197e+03,1.626056228591262197e+03
1.240901593108483958e+01,6.001794506996552953e-02,5.846746904479988710e-02,6.341574465864456599e-04,7.081427731916179802e+00,6.488705251580753064e+00,1.268909656018658806e-03,4.023020156823996274e+00,1.626244914033312398e+03,1.626244914033312398e+03
1.248079983578537444e+01,6.044660026590739643e-02,5.889324199280327604e-02,6.370232663903989054e-04,7.100906549290762371e+00,6.489333384274981853e+00,1.266917505324892390e-03,4.029187115361422933e+00,1.626432854860846192e+03,1.626432854860846192e+03
1.255258374048590575e+01,6.087590717794058581e-02,5.932142545564818986e-02,6.398966546959392130e-04,7.120416011316198279e+00,6.489959841580200894e+00,1.264930771026769605e-03,4.035354073898850480e+00,1.626619970722024846e+03,1.626619970722024846e+03
1.262436764518643706e+01,6.130587103129079424e-02,5.975133143426018811e-02,6.427700860039503540e-04,7.139956399757962480e+00,6.490579644379796065e+00,1.262952221995968828e-03,4.041521032436277139e+00,1.626806638266242089e+03,1.626806638266242089e+03
1.269615154988697192e+01,6.173649693050154569e-02,6.017708235211940287e-02,6.456244666279358597e-04,7.159039800491287409e+00,6.491213432923871096e+00,1.261010548869342463e-03,4.047535833451070708e+00,1.626987998052051125e+03,1.626987998052051125e+03
1.276793545458750323e+01,6.216778985308306360e-02,6.060268752599422271e-02,6.484679628274969947e-04,7.178058422280114037e+00,6.491839268309695932e+00,1.259085349759684388e-03,4.053521027634136686e+00,1.627167707025574600e+03,1.627167707025574600e+03
1.283971935928803809e+01,6.259975464328595973e-02,6.103055229724847069e-02,6.513179647415971545e-04,7.197105560308941996e+00,6.492463455198240752e+00,1.257165290785520854e-03,4.059506221817203553e+00,1.627346977644144772e+03,1.627346977644144772e+03
1.291150326398856940e+01,6.303239600599759573e-02,6.146078941551370856e-02,6.541755732383687776e-04,7.216181368043679711e+00,6.493086377789929919e+00,1.255250135222097264e-03,4.065491416000270419e+00,1.627525546556228164e+03,1.627525546556228164e+03
1.298328716868910071e+01,6.346571850075874432e-02,6.189339249735763271e-02,6.570406139627964128e-04,7.235285982656035841e+00,6.493707429060048497e+00,1.253340202474599076e-03,4.071476610183336398e+00,1.627703314201345165e+03,1.627703314201345165e+03
1.305507107338963557e+01,6.389972653589887086e-02,6.232802836635303184e-02,6.599094863335672493e-04,7.254419186101477734e+00,6.494325357039475222e+00,1.251436187729708382e-03,4.077461804366403264e+00,1.627880736053603187e+03,1.627880736053603187e+03
1.312685497809016688e+01,6.433442436278737075e-02,6.275786167520729097e-02,6.627490167689351107e-04,7.273152186808895081e+00,6.494945913961563733e+00,1.249569521461452431e-03,4.083313963567482219e+00,1.628053497833540632e+03,1.628053497833540632e+03
1.319863888279069819e+01,6.476981607019928477e-02,6.318773386583494134e-02,6.655817657818967120e-04,7.291804130479176749e+00,6.495563079683969399e+00,1.247717472218908040e-03,4.089132406170986833e+00,1.628224525600197921e+03,1.628224525600197921e+03
1.327042278749123305e+01,6.520590557879363258e-02,6.362030751208878898e-02,6.684260281173061858e-04,7.310482482254768932e+00,6.496182006949609011e+00,1.245868415976354509e-03,4.094950848774491448e+00,1.628395202448024747e+03,1.628395202448024747e+03
1.334220669219176436e+01,6.564269663570103386e-02,6.405514867924717859e-02,6.712770798605444643e-04,7.329187871576535507e+00,6.496799408919350149e+00,1.244024137010020341e-03,4.100769291377995174e+00,1.628565207927879101e+03,1.628565207927879101e+03
1.341399059689229922e+01,6.608019280922129701e-02,6.449248781626841509e-02,6.741372561764944057e-04,7.347920193645418152e+00,6.497416410462841796e+00,1.242184005669544388e-03,4.106587733981500676e+00,1.628734498514908410e+03,1.628734498514908410e+03
1.348577450159283053e+01,6.651839748362614602e-02,6.493213928633230492e-02,6.770045364973966773e-04,7.366679275204659483e+00,6.498032403200783236e+00,1.240348357826313560e-03,4.112406176585004403e+00,1.628903341858985641e+03,1.628903341858985641e+03
1.355755840629336184e+01,6.695731385406740455e-02,6.536784342069100473e-02,6.798466728580313456e-04,7.385107310193627761e+00,6.498649764736021517e+00,1.238544143501255643e-03,4.118114494146129623e+00,1.629068417416049897e+03,1.629068417416049897e+03
1.362934231099389670e+01,6.739694492158782024e-02,6.580287418111087361e-02,6.826790065682173791e-04,7.403412453053910269e+00,6.499264270626865070e+00,1.236757001134367994e-03,4.123776958864839415e+00,1.629231425676978006e+03,1.629231425676978006e+03
1.370112621569442801e+01,6.783729348823312744e-02,6.624010089638772414e-02,6.855177635676001696e-04,7.421742834381750420e+00,6.499877739951064548e+00,1.234974145874696448e-03,4.129439423583550983e+00,1.629394139879121212e+03,1.629394139879121212e+03
1.377291012039496287e+01,6.827836215226330829e-02,6.667965581473844772e-02,6.883642088605529960e-04,7.440098712377946732e+00,6.500490164098327917e+00,1.233195559777048580e-03,4.135101888302261663e+00,1.629556196036552365e+03,1.629556196036552365e+03
1.384469402509549418e+01,6.872015330348682505e-02,6.712159339023557325e-02,6.912188204268918503e-04,7.458480052867329846e+00,6.501101827483966034e+00,1.231421077289995055e-03,4.140764353020971456e+00,1.629717604024008097e+03,1.629717604024008097e+03
1.391647792979602549e+01,6.916266912014427948e-02,6.756568505727715557e-02,6.940791730021225086e-04,7.476886725458459004e+00,6.501711908802815465e+00,1.229651145920150537e-03,4.146426817739682136e+00,1.629878617177040041e+03,1.629878617177040041e+03
1.398826183449656035e+01,6.960591157162936138e-02,6.800711367524206463e-02,6.969209816566245474e-04,7.495048249508305283e+00,6.502321925048617501e+00,1.227905838444143596e-03,4.152006683712207824e+00,1.630036690383690711e+03,1.630036690383690711e+03
1.406004573919709166e+01,7.004988242466130000e-02,6.844662329222171715e-02,6.997474500568222344e-04,7.513016329091806611e+00,6.502930572899953354e+00,1.226181656515264043e-03,4.157519991546575255e+00,1.630192233620076649e+03,1.630192233620076649e+03
1.413182964389762297e+01,7.049458324961592470e-02,6.888847406635749404e-02,7.025820914327098087e-04,7.531008171674208107e+00,6.503539351495594367e+00,1.224460899925565623e-03,4.163033299380942687e+00,1.630347424379024460e+03,1.630347424379024460e+03
1.420361354859815783e+01,7.094001542675833216e-02,6.933239893477501081e-02,7.054220601446080808e-04,7.549024239603480346e+00,6.504145848400948893e+00,1.222744856237039605e-03,4.168546607215310118e+00,1.630502053643850786e+03,1.630502053643850786e+03
1.427539745329868914e+01,7.138618015237783998e-02,6.977899442852786294e-02,7.082733831108651212e-04,7.567064134231584305e+00,6.504753713279637140e+00,1.221031541814111615e-03,4.174059915049676661e+00,1.630656037895701729e+03,1.630656037895701729e+03
1.434718135799922401e+01,7.183307844482791915e-02,7.022801413364318512e-02,7.111334699023107164e-04,7.585127720553953345e+00,6.505361990150113627e+00,1.219321478558901481e-03,4.179573222884044981e+00,1.630809682651449521e+03,1.630809682651449521e+03
1.441896526269975531e+01,7.228071115047139672e-02,7.067558939039626786e-02,7.139781509409267365e-04,7.603055254490466375e+00,6.505965537740563853e+00,1.217629573203342884e-03,4.185037885874508312e+00,1.630961436624105545e+03,1.630961436624105545e+03
1.449074916740028662e+01,7.272907894953335728e-02,7.112007873092691945e-02,7.168052221124014342e-04,7.620697057741341318e+00,6.506572407201031361e+00,1.215962572959676351e-03,4.190409086838574382e+00,1.631109979521566402e+03,1.631109979521566402e+03
1.456253307210082149e+01,7.317818236186267311e-02,7.156622005183770063e-02,7.196336700573570519e-04,7.638361954622479466e+00,6.507174944501406877e+00,1.214301191030833608e-03,4.195780287802639563e+00,1.631258141082797920e+03,1.631258141082797920e+03
1.463431697680135279e+01,7.362802175260337034e-02,7.201468637919350435e-02,7.224702516423249380e-04,7.656049521064878682e+00,6.507777276859341598e+00,1.212643194053523695e-03,4.201151488766704745e+00,1.631405807940960131e+03,1.631405807940960131e+03
1.470610088150188766e+01,7.407859733777850952e-02,7.246560538321134004e-02,7.253161654258696639e-04,7.673759735112096969e+00,6.508380007365666131e+00,1.210988248814126502e-03,4.206522689730769926e+00,1.631552908309533450e+03,1.631552908309533450e+03
1.477788478620241897e+01,7.452990918978566470e-02,7.291868108261988224e-02,7.281683665483765699e-04,7.691492592298949660e+00,6.508981678883096755e+00,1.209337137298947384e-03,4.211893890694835108e+00,1.631699651766539318e+03,1.631699651766539318e+03
1.484966869090295027e+01,7.498195724280781738e-02,7.337107669906232921e-02,7.310036307009215367e-04,7.709194232263427260e+00,6.509571091754731142e+00,1.207699938507683906e-03,4.217248423228046050e+00,1.631845383413881564e+03,1.631845383413881564e+03
1.492145259560348514e+01,7.543474129813958207e-02,7.381978473420153231e-02,7.338228871348854857e-04,7.726541670169963183e+00,6.510169428247204237e+00,1.206088949860782168e-03,4.222490159908775631e+00,1.631987517355628597e+03,1.631987517355628597e+03
1.499323650030401645e+01,7.588826102942959617e-02,7.427032775421255062e-02,7.366478191767794658e-04,7.743887988912459441e+00,6.510767845657892572e+00,1.204482681136239850e-03,4.227725146491476238e+00,1.632129163511190427e+03,1.632129163511190427e+03
1.506502040500454775e+01,7.634251598784240478e-02,7.472308573927442799e-02,7.394799853359585763e-04,7.761255911898411242e+00,6.511365538088870863e+00,1.202879882633985879e-03,4.232960133074176845e+00,1.632270255544562133e+03,1.632270255544562133e+03
1.513680430970508262e+01,7.679750560713871632e-02,7.517801322699702027e-02,7.423188636996314038e-04,7.778645449146194935e+00,6.511962159988573084e+00,1.201280730673492513e-03,4.238195119656876564e+00,1.632410877865689827e+03,1.632410877865689827e+03
1.520858821440561393e+01,7.725322920867683241e-02,7.563511365637237693e-02,7.451644348545128412e-04,7.796056441281963068e+00,6.512558063837259326e+00,1.199685035209995540e-03,4.243430106239576283e+00,1.632551121473214835e+03,1.632551121473214835e+03
1.528037211910614879e+01,7.770968600633727796e-02,7.609383340576501842e-02,7.480111353168023914e-04,7.813489443359559417e+00,6.513149629745828229e+00,1.198094704674097961e-03,4.248665092822276890e+00,1.632690875522357373e+03,1.632690875522357373e+03
1.535215602380668010e+01,7.816687511149636447e-02,7.654977206418107916e-02,7.508472400971830368e-04,7.830616274301710256e+00,6.513750314547825937e+00,1.196526244545396576e-03,4.253802752307009882e+00,1.632827557803278751e+03,1.632827557803278751e+03
1.542393992850721141e+01,7.862479553857938674e-02,7.700500918835108399e-02,7.536727063307663808e-04,7.847653488779084974e+00,6.514346827532913942e+00,1.194970950286289172e-03,4.258907439690309715e+00,1.632962959889597869e+03,1.632962959889597869e+03
1.549572383320774627e+01,7.908344621103337302e-02,7.746178830212098465e-02,7.564989845850114821e-04,7.864711554475994681e+00,6.514939100638293290e+00,1.193420813498170894e-03,4.264012127073608660e+00,1.633098023284088413e+03,1.633098023284088413e+03
1.556750773790827758e+01,7.954282596725634202e-02,7.792082987635430558e-02,7.593330982647916510e-04,7.881790158238286104e+00,6.515530962641855162e+00,1.191873791396746724e-03,4.269116814456907605e+00,1.633232469947029813e+03,1.633232469947029813e+03
1.563929164260881244e+01,8.000293356643230214e-02,7.838200535408043623e-02,7.621737465719407656e-04,7.898889069993987100e+00,6.516122084654977442e+00,1.190330061444133929e-03,4.274221501840206550e+00,1.633366679605434683e+03,1.633366679605434683e+03
1.571107554730934375e+01,8.046376769427317222e-02,7.884532081905690215e-02,7.650209056676206959e-04,7.916008482833237103e+00,6.516712265887695921e+00,1.188789715367150057e-03,4.279326189223506383e+00,1.633500399876617621e+03,1.633500399876617621e+03
1.578285945200987506e+01,8.092532696866931718e-02,7.930662798924474621e-02,7.678492306556020672e-04,7.932994637609994903e+00,6.517296159345035811e+00,1.187266534577691547e-03,4.284385152091454430e+00,1.633632430898744133e+03,1.633632430898744133e+03
1.585464335671040992e+01,8.138760994525061354e-02,7.976531913500464754e-02,7.706642785562891522e-04,7.949732354195685247e+00,6.517884301917323597e+00,1.185762912862465233e-03,4.289364947221097069e+00,1.633762116288158495e+03,1.633762116288158495e+03
1.592642726141094123e+01,8.185061512285726759e-02,8.022627779042124097e-02,7.734874779789169741e-04,7.966489447881760277e+00,6.518472568310580861e+00,1.184261970544516320e-03,4.294344742350739708e+00,1.633891313661256618e+03,1.633891313661256618e+03
1.599821116611147609e+01,8.231434094892571551e-02,8.068932296711849028e-02,7.763170076689125980e-04,7.983266001612641105e+00,6.519059966512970483e+00,1.182764223283414755e-03,4.299324537480383235e+00,1.634020130983583158e+03,1.634020130983583158e+03
1.606999507081200562e+01,8.277878582478558067e-02,8.115445806410501173e-02,7.791528444063534030e-04,8.000061967954302133e+00,6.519646390022252547e+00,1.181269723305729963e-03,4.304304332610024986e+00,1.634148596852102855e+03,1.634148596852102855e+03
1.614177897551253693e+01,8.324394811087479362e-02,8.162170218877781713e-02,7.819951062821964326e-04,8.016877395396585726e+00,6.520232042872494915e+00,1.179778353030776954e-03,4.309284127739667625e+00,1.634276607807059236e+03,1.634276607807059236e+03
1.621356288021307535e+01,8.370982613186936372e-02,8.209011199610365128e-02,7.848358418164322120e-04,8.033700732306002124e+00,6.520812918815208192e+00,1.178293040501231237e-03,4.314260381320931259e+00,1.634404154405777717e+03,1.634404154405777717e+03
1.628534678491360665e+01,8.417641818173154933e-02,8.255379204559724904e-02,7.876526497848646002e-04,8.050186061424446038e+00,6.521397444687783818e+00,1.176833327309691679e-03,4.319131867705338301e+00,1.634528672309441163e+03,1.634528672309441163e+03
1.635713068961413796e+01,8.464372252867762014e-02,8.301852149289340455e-02,7.904700240161891423e-04,8.066650088978901678e+00,6.521980369079511952e+00,1.175379828136121794e-03,4.323991616085211653e+00,1.634652469720952013e+03,1.634652469720952013e+03
1.642891459431466927e+01,8.511173742006541976e-02,8.348548749371474675e-02,7.932953628210934411e-04,8.083132564736240866e+00,6.522563248697785809e+00,1.173928938273184923e-03,4.328851364465085005e+00,1.634775841998474334e+03,1.634775841998474334e+03
1.650069849901520058e+01,8.558046108720335221e-02,8.395447029712835296e-02,7.961265200139290262e-04,8.099633431673399997e+00,6.523145300495623466e+00,1.172481066196803855e-03,4.333711112844958357e+00,1.634898985650943814e+03,1.634898985650943814e+03
1.657248240371573900e+01,8.604989175008297131e-02,8.442569021262613660e-02,7.989655254627005916e-04,8.116152692884801567e+00,6.523727420359845652e+00,1.171035734897680211e-03,4.338570861224831710e+00,1.635021721545004311e+03,1.635021721545004311e+03
1.664426630841627031e+01,8.652002762203406250e-02,8.489864200309120423e-02,8.018074948920732607e-04,8.132690810691537209e+00,6.524306635897100470e+00,1.169594480669922196e-03,4.343430609604705062e+00,1.635143956248486802e+03,1.635143956248486802e+03
1.671605021311680161e+01,8.699086691430633900e-02,8.537001981003607132e-02,8.046386576951084337e-04,8.149071305301196944e+00,6.524886281125049869e+00,1.168167570491102612e-03,4.348239051508904218e+00,1.635264598989548404e+03,1.635264598989548404e+03
1.678783411781733292e+01,8.746240784053932460e-02,8.583878579028142441e-02,8.074537885869147039e-04,8.165250609728605724e+00,6.525465834810452392e+00,1.166758128543932387e-03,4.352983641529195147e+00,1.635383386792158717e+03,1.635383386792158717e+03
1.685961802251786423e+01,8.793464862031642737e-02,8.630923927103148485e-02,8.102718528386622073e-04,8.181447833940326930e+00,6.526042805651343315e+00,1.165352470142070815e-03,4.357728231549486964e+00,1.635501731271822791e+03,1.635501731271822791e+03
1.693140192721840265e+01,8.840758748067689687e-02,8.678202358817885265e-02,8.130988975264648788e-04,8.197662420925901472e+00,6.526620472142702134e+00,1.163948895006043822e-03,4.362472821569777892e+00,1.635619795749644027e+03,1.635619795749644027e+03
1.700318583191893396e+01,8.888122265688006007e-02,8.725681784142297337e-02,8.159318268085199695e-04,8.213894612457405486e+00,6.527197360603329557e+00,1.162548158827812024e-03,4.367217411590069709e+00,1.635737510311698770e+03,1.635737510311698770e+03
1.707496973661946527e+01,8.935555239313246190e-02,8.773365394295082331e-02,8.187708749533589197e-04,8.230144514614048390e+00,6.527773255780086714e+00,1.161150363676058134e-03,4.371962001610361526e+00,1.635854779107319700e+03,1.635854779107319700e+03
1.714675364131999658e+01,8.983057494330287662e-02,8.821184330878249769e-02,8.216095464828452504e-04,8.246412403486738540e+00,6.528345012343411469e+00,1.159757130273733399e-03,4.376706591630652454e+00,1.635971773438114951e+03,1.635971773438114951e+03
1.721853754602052788e+01,9.030628857162562029e-02,8.868535318643987198e-02,8.244265386856823889e-04,8.262349579050146886e+00,6.528921369578157829e+00,1.158387169404636674e-03,4.381350546417326797e+00,1.636085967385763979e+03,1.636085967385763979e+03
1.729032145072105919e+01,9.078269155339206697e-02,8.915945195231300691e-02,8.272398994877265023e-04,8.278269230084230657e+00,6.529493718152547643e+00,1.157023920542065397e-03,4.385984414570589074e+00,1.636199505438456981e+03,1.636199505438456981e+03
1.736210535542159761e+01,9.125978217563054939e-02,8.963586344743525169e-02,8.300622228949473000e-04,8.294205412369604957e+00,6.530066819784874355e+00,1.155662596564292332e-03,4.390618282723852239e+00,1.636312791655795763e+03,1.636312791655795763e+03
1.743388926012212892e+01,9.173755873777483805e-02,9.011425954988620812e-02,8.328903850597137995e-04,8.310158352808443283e+00,6.530639246377968554e+00,1.154303925857481363e-03,4.395252150877115405e+00,1.636425768382717933e+03,1.636425768382717933e+03
1.750567316482266023e+01,9.221601955232222592e-02,9.059468279125316992e-02,8.357247179097414573e-04,8.326128148863270795e+00,6.531210856325477820e+00,1.152947972621644985e-03,4.399886019030378570e+00,1.636538337800093586e+03,1.636538337800093586e+03
1.757745706952319154e+01,9.269516294547963664e-02,9.107683777724658036e-02,8.385624476346717872e-04,8.342114814832980230e+00,6.531780587504769642e+00,1.151595279809576166e-03,4.404519887183640847e+00,1.636650656674749371e+03,1.636650656674749371e+03
1.764924097422372284e+01,9.317498725779929658e-02,9.155838914993100208e-02,8.413941492249486700e-04,8.357998425721330449e+00,6.532349946707928012e+00,1.150252931511274845e-03,4.409119294548911938e+00,1.636761841917478932e+03,1.636761841917478932e+03
1.772102487892426126e+01,9.365549084480394304e-02,9.203647458077626742e-02,8.442069539713802041e-04,8.373647585000302485e+00,6.532919788088543456e+00,1.148929015262079934e-03,4.413646594929971911e+00,1.636870909172939491e+03,1.636870909172939491e+03
1.779280878362479257e+01,9.413667207760098576e-02,9.251606032704466631e-02,8.470213618465746155e-04,8.389312977984314301e+00,6.533486852808445988e+00,1.147608709515075213e-03,4.418173895311031885e+00,1.636979733578406240e+03,1.636979733578406240e+03
1.786459268832532388e+01,9.461852934348717603e-02,9.299799024356297794e-02,8.498451075901393859e-04,8.404994124031921032e+00,6.534055045197694866e+00,1.146290011325886956e-03,4.422701195692091858e+00,1.637088268712263471e+03,1.637088268712263471e+03
1.793637659302585519e+01,9.510106104654217352e-02,9.348174726794718226e-02,8.526733632725298686e-04,8.420691454141152832e+00,6.534621695975977751e+00,1.144974276678328677e-03,4.427228496073150943e+00,1.637196415282545786e+03,1.637196415282545786e+03
1.800816049772638650e+01,9.558426560821255136e-02,9.396781974862880582e-02,8.555105773871928259e-04,8.436404535622974876e+00,6.535189232022946548e+00,1.143660266450676746e-03,4.431755796454210028e+00,1.637304315989495990e+03,1.637304315989495990e+03
1.807994440242692491e+01,9.606814146788586473e-02,9.445552756374288317e-02,8.583504588154192714e-04,8.452133809498224792e+00,6.535754550256104523e+00,1.142349555819779493e-03,4.436283096835270001e+00,1.637411929138814230e+03,1.637411929138814230e+03
1.815172830712745622e+01,9.655268708345465800e-02,9.493980009547502152e-02,8.611722662046749494e-04,8.467630672746283338e+00,6.536320742804342387e+00,1.141056544107316162e-03,4.440739465618063875e+00,1.637517463368058770e+03,1.637517463368058770e+03
1.822351221182798753e+01,9.703790093187172894e-02,9.542300262862431215e-02,8.639838144924361953e-04,8.483031917332473526e+00,6.536884102894586768e+00,1.139774224664738935e-03,4.445164044658726610e+00,1.637621993409413108e+03,1.637621993409413108e+03
1.829529611652851884e+01,9.752378150968230019e-02,9.590817682444992276e-02,8.668014457413942588e-04,8.498448321279820306e+00,6.537447238167814589e+00,1.138494090691085378e-03,4.449588623699388457e+00,1.637726337364208348e+03,1.637726337364208348e+03
1.836708002122905015e+01,9.801032733319794965e-02,9.639527473246219114e-02,8.696246586690966349e-04,8.513880086317556106e+00,6.538009487100439721e+00,1.137216469801542425e-03,4.454013202740051192e+00,1.637830337137005699e+03,1.637830337137005699e+03
1.843886392592958856e+01,9.849753693772435315e-02,9.688429282954599819e-02,8.724533837191237803e-04,8.529327136979704349e+00,6.538570843897484330e+00,1.135941362467033722e-03,4.458437781780713927e+00,1.637934083101514943e+03,1.637934083101514943e+03
1.851064783063011987e+01,9.898540887640613906e-02,9.737633963832587058e-02,8.752976123077206181e-04,8.544788768532866285e+00,6.539136700050456774e+00,1.134666035022067598e-03,4.462862360821376662e+00,1.638037543513882156e+03,1.638037543513882156e+03
1.858243173533065118e+01,9.947394171907381066e-02,9.786926396604478384e-02,8.781395719541237139e-04,8.560249113183834524e+00,6.539698535826334869e+00,1.133395875706333768e-03,4.467282084609022874e+00,1.638140499987485327e+03,1.638140499987485327e+03
1.865421564003118249e+01,9.996313405110565653e-02,9.835669112062264685e-02,8.809532283094291625e-04,8.575405947197094036e+00,6.540260310606772265e+00,1.132147909912864471e-03,4.471611402405453184e+00,1.638241166224844392e+03,1.638241166224844392e+03
1.872599954473171380e+01,1.004529844723076881e-01,9.884525076467330640e-02,8.837668836504744291e-04,8.590564704968286946e+00,6.540819472807658741e+00,1.130904045527974687e-03,4.475937060401318668e+00,1.638341570614892817e+03,1.638341570614892817e+03
1.879778344943225221e+01,1.009434915958090651e-01,9.933569769113385906e-02,8.865859537149115791e-04,8.605738189785366643e+00,6.541377717567537609e+00,1.129662601013006317e-03,4.480262718397184152e+00,1.638441580321584070e+03,1.638441580321584070e+03
1.886956735413278352e+01,1.014346540469743263e-01,9.982812366017450312e-02,8.894112272519467521e-04,8.620926263455826799e+00,6.541935428428512722e+00,1.128423381155818422e-03,4.484588376393049636e+00,1.638541311710573382e+03,1.638541311710573382e+03
1.894135125883331483e+01,1.019264704623315948e-01,1.003228145027968699e-01,8.922452313847014987e-04,8.636128615632996386e+00,6.542494361963711036e+00,1.127185499286988005e-03,4.488914034388914231e+00,1.638640890700845375e+03,1.638640890700845375e+03
1.901313516353384614e+01,1.024189394885157700e-01,1.008183891100422752e-01,8.950755386587812669e-04,8.651346268687952090e+00,6.543047805772656211e+00,1.125952322920943400e-03,4.493239692384778827e+00,1.638740156096753481e+03,1.638740156096753481e+03
1.908491906823437745e+01,1.029120597812281240e-01,1.013124943703620356e-01,8.978915661645877049e-04,8.666480123642369193e+00,6.543595911916741059e+00,1.124729918822130019e-03,4.497537405733193161e+00,1.638838492717938607e+03,1.638838492717938607e+03
1.915670297293491586e+01,1.034058300042108025e-01,1.018043462104055719e-01,9.007011689841004295e-04,8.681389111968266903e+00,6.544150942101576440e+00,1.123520713383539338e-03,4.501767965310612851e+00,1.638935050955037241e+03,1.638935050955037241e+03
1.922848687763544717e+01,1.039002488282358694e-01,1.022980192322316545e-01,9.035158879511907912e-04,8.696310952535265315e+00,6.544705146631461190e+00,1.122313852616418223e-03,4.505998206707580778e+00,1.639031401321035901e+03,1.639031401321035901e+03
1.930027078233597848e+01,1.043953149301107552e-01,1.027935887784183350e-01,9.063362300765630437e-04,8.711246784685348743e+00,6.545258735371730197e+00,1.121109156749158049e-03,4.510228448104549592e+00,1.639127439522756276e+03,1.639127439522756276e+03
1.937205468703650979e+01,1.048910269916965149e-01,1.032910577254754075e-01,9.091621853204962878e-04,8.726196540447480388e+00,6.545811785171028241e+00,1.119906584111485682e-03,4.514458689501519295e+00,1.639223273144481254e+03,1.639223273144481254e+03
1.944383859173704110e+01,1.053873836989419194e-01,1.037906435116285331e-01,9.119956291050620696e-04,8.741160151548244883e+00,6.546365089102687662e+00,1.118705732718541877e-03,4.518688930898487222e+00,1.639318870210263640e+03,1.639318870210263640e+03
1.951562249643757241e+01,1.058843837409310512e-01,1.042921010889937272e-01,9.148343458366499023e-04,8.756137754171218646e+00,6.546917805985660088e+00,1.117507019592787034e-03,4.522919172295456924e+00,1.639414145104162344e+03,1.639414145104162344e+03
1.958740640113810372e+01,1.063820258089453047e-01,1.047909883029557454e-01,9.176574213306873526e-04,8.770957055420318227e+00,6.547468833356041351e+00,1.116321503071073494e-03,4.527101102888031470e+00,1.639508209678144340e+03,1.639508209678144340e+03
1.965919030583864213e+01,1.068803085955393889e-01,1.052876589265807628e-01,9.204665308547011187e-04,8.785633797563715319e+00,6.548018266679195065e+00,1.115148093692217013e-03,4.531239231686102542e+00,1.639600971663715654e+03,1.639600971663715654e+03
1.973097421053917344e+01,1.073792307936302648e-01,1.057862430764686251e-01,9.232815726703259536e-04,8.800323872592912267e+00,6.548567380331704157e+00,1.113976607510145300e-03,4.535377360484172726e+00,1.639693475141738645e+03,1.639693475141738645e+03
1.980275811523970475e+01,1.078787910956007373e-01,1.062867547580755578e-01,9.261026402468103659e-04,8.815027148508271182e+00,6.549116437152192383e+00,1.112806911953860773e-03,4.539515489282242910e+00,1.639785891617374318e+03,1.639785891617374318e+03
1.987454201994023606e+01,1.083789881924505649e-01,1.067891435337235267e-01,9.289292171839126687e-04,8.829743957060294690e+00,6.549664637096819675e+00,1.111639396199349140e-03,4.543653618080313095e+00,1.639877865619526801e+03,1.639877865619526801e+03
1.994632592464076737e+01,1.088798207732529916e-01,1.072934094870388599e-01,9.317612945806746580e-04,8.844474005420435603e+00,6.550212312791952485e+00,1.110473896227795378e-03,4.547791746878382391e+00,1.639969808983517851e+03,1.639969808983517851e+03
2.001810982934130578e+01,1.093812875249504241e-01,1.077991272966239561e-01,9.345951011650130858e-04,8.859217707769142081e+00,6.550757651492681966e+00,1.109311303681115171e-03,4.551929875676453463e+00,1.640061416494767627e+03,1.640061416494767627e+03
2.008989373404183709e+01,1.098833871322079936e-01,1.083022629478289228e-01,9.374200498445628372e-04,8.873744553196415197e+00,6.551307956656312825e+00,1.108161738709800229e-03,4.556004088545011932e+00,1.640151428768697997e+03,1.640151428768697997e+03
2.016167763874236840e+01,1.103861182772700039e-01,1.088043596878681962e-01,9.402348937513434115e-04,8.888194760974247544e+00,6.551855196101767476e+00,1.107020765607973295e-03,4.560053263639034071e+00,1.640240603683528207e+03,1.640240603683528207e+03
2.023346154344289971e+01,1.108894796398182253e-01,1.093076969215413946e-01,9.430499191762447241e-04,8.902658025393646923e+00,6.552399409020893017e+00,1.105882966845977066e-03,4.564102438733055322e+00,1.640329690663435485e+03,1.640329690663435485e+03
2.030524544814343102e+01,1.113934698968321590e-01,1.098130213980980235e-01,9.458715702397670110e-04,8.917134108276783877e+00,6.552943614135504191e+00,1.104746840030676512e-03,4.568151613827075685e+00,1.640418403910589632e+03,1.640418403910589632e+03
2.037702935284396943e+01,1.118980877224525772e-01,1.103201960909712120e-01,9.486986324258442132e-04,8.931622932343097787e+00,6.553487143571080864e+00,1.103612715598891250e-03,4.572200788921096937e+00,1.640507029727003555e+03,1.640507029727003555e+03
2.044881325754450074e+01,1.124033317878454785e-01,1.108292253966264573e-01,9.515310971377247649e-04,8.946124572552161425e+00,6.554030252067690299e+00,1.102480461977151278e-03,4.576249964015118188e+00,1.640595354906214197e+03,1.640595354906214197e+03
2.052059716224503205e+01,1.129092007610698611e-01,1.113393255731484899e-01,9.543632496268712132e-04,8.960629249191024215e+00,6.554570632681211428e+00,1.101351804374714602e-03,4.580296360275747602e+00,1.640683486938474744e+03,1.640683486938474744e+03
2.059238106694556336e+01,1.134156933069464246e-01,1.118449944252160322e-01,9.571737555093433108e-04,8.974895477303816094e+00,6.555111217696794945e+00,1.100239482754448214e-03,4.584273209833576779e+00,1.640769760751799140e+03,1.640769760751799140e+03
2.066416497164609467e+01,1.139228080869289644e-01,1.123510346511357588e-01,9.599824785321829125e-04,8.989124579816740734e+00,6.555650720664991660e+00,1.099132199568217698e-03,4.588236387850896492e+00,1.640855746737176787e+03,1.640855746737176787e+03
2.073594887634663309e+01,1.144305437589772378e-01,1.128592676836720626e-01,9.627997273390834611e-04,9.003365867760246388e+00,6.556191107441067700e+00,1.098026068667889944e-03,4.592199565868217093e+00,1.640941333021349919e+03,1.640941333021349919e+03
2.080773278104716439e+01,1.149388989774322301e-01,1.133692687184468112e-01,9.656218250728015873e-04,9.017619404403518502e+00,6.556730643456460506e+00,1.096921943542420678e-03,4.596162743885536806e+00,1.641026819853562301e+03,1.641026819853562301e+03
2.087951668574769570e+01,1.154478723928935302e-01,1.138812132186696885e-01,9.684502399944250892e-04,9.031885091322044090e+00,6.557270305019467393e+00,1.095819340813790647e-03,4.600125921902856518e+00,1.641112126636261337e+03,1.641112126636261337e+03
2.095130059044822701e+01,1.159574626520978174e-01,1.143949653293443725e-01,9.712837519415206365e-04,9.046163164955899560e+00,6.557809122373049249e+00,1.094718730713060756e-03,4.604089099920175343e+00,1.641197112077169322e+03,1.641197112077169322e+03
2.102308449514875832e+01,1.164676683978004973e-01,1.149093286181825102e-01,9.741134206394779773e-04,9.060442111604448456e+00,6.558343968018957248e+00,1.093622327147095912e-03,4.608049031246672200e+00,1.641281964854063290e+03,1.641281964854063290e+03
2.109486839984928963e+01,1.169784882686580457e-01,1.154195777215769048e-01,9.769277956337546736e-04,9.074456940903164792e+00,6.558883445703647119e+00,1.092541176819250039e-03,4.611933087076287130e+00,1.641364915524577555e+03,1.641364915524577555e+03
2.116665230454982805e+01,1.174899208991129346e-01,1.159303476935212296e-01,9.797381500931546649e-04,9.088469382991190670e+00,6.559418820704263631e+00,1.091464397024864480e-03,4.615813108811122945e+00,1.641447602364557497e+03,1.641447602364557497e+03
2.123843620925035935e+01,1.180019649192799447e-01,1.164430572274703507e-01,9.825549638140420976e-04,9.102493445538724970e+00,6.559954428734306120e+00,1.090389014516514495e-03,4.619693130545958759e+00,1.641530150582696933e+03,1.641530150582696933e+03
2.131022011395089066e+01,1.185146189548350187e-01,1.169575159110547713e-01,9.853765682336843284e-04,9.116529348207400574e+00,6.560489180990498603e+00,1.089315557274369867e-03,4.623573152280792797e+00,1.641612439342738298e+03,1.641612439342738298e+03
2.138200401865142197e+01,1.190278816269048773e-01,1.174737796901242221e-01,9.882034131927020567e-04,9.130576977464524902e+00,6.561023555101828109e+00,1.088243788749930410e-03,4.627453174015628612e+00,1.641694580184063625e+03,1.641694580184063625e+03
2.145378792335195328e+01,1.195417515519931473e-01,1.179926541345671237e-01,9.910422723293176549e-04,9.144635940846328026e+00,6.561560395859726391e+00,1.087172321079096001e-03,4.631333195750463538e+00,1.641776556208194052e+03,1.641776556208194052e+03
2.152557182805249170e+01,1.200562273421936915e-01,1.185118145514891530e-01,9.938776932945591301e-04,9.158668372956093151e+00,6.562094903183283812e+00,1.086105689399161859e-03,4.635202655226318136e+00,1.641858064324867883e+03,1.641858064324867883e+03
2.159735573275302301e+01,1.205713076057318284e-01,1.190262852816637296e-01,9.966897483930207708e-04,9.172474605574398865e+00,6.562628322123932101e+00,1.085054616310146807e-03,4.639006996245474745e+00,1.641938048439098793e+03,1.641938048439098793e+03
2.166913963745355431e+01,1.210869909475531248e-01,1.195417090334472965e-01,9.995019771459503870e-04,9.186274791376115800e+00,6.563159969489808176e+00,1.084006842131834307e-03,4.642806550050662118e+00,1.642017792258917098e+03,1.642017792258917098e+03
2.174092354215408562e+01,1.216032759699047366e-01,1.200588760263194277e-01,1.002319092295740491e-03,9.200086271199772625e+00,6.563691096377010759e+00,1.082960757758478576e-03,4.646606103855848602e+00,1.642097325869567840e+03,1.642097325869567840e+03
2.181270744685461693e+01,1.221201612729083674e-01,1.205778807632747335e-01,1.005141847053287948e-03,9.213909065547207788e+00,6.564221834628257035e+00,1.081916294982225319e-03,4.650405657661035974e+00,1.642176617341021483e+03,1.642176617341021483e+03
2.188449135155515535e+01,1.226376454551255241e-01,1.210983622343764499e-01,1.007967195655722114e-03,9.227743221609477686e+00,6.564751062097614387e+00,1.080873996444622334e-03,4.654205211466223346e+00,1.642255843040327591e+03,1.642255843040327591e+03
2.195627525625568666e+01,1.231557271141148907e-01,1.216215409433702710e-01,1.010805323166014819e-03,9.241588159378542500e+00,6.565283317568939125e+00,1.079831660456054060e-03,4.658004765271410719e+00,1.642334897460849334e+03,1.642334897460849334e+03
2.202805916095621797e+01,1.236744048469818752e-01,1.221453096166884439e-01,1.013642311461676691e-03,9.255410673273209099e+00,6.565813869275780590e+00,1.078793479697370784e-03,4.661795072810434704e+00,1.642413467132230608e+03,1.642413467132230608e+03
2.209984306565674927e+01,1.241936772509209808e-01,1.226638366296640831e-01,1.016453836681311534e-03,9.268992148914261264e+00,6.566343422562567866e+00,1.077771323775713426e-03,4.665516721327762184e+00,1.642490457688882088e+03,1.642490457688882088e+03
2.217162697035728058e+01,1.247135429237499482e-01,1.231835726284236515e-01,1.019265932403129417e-03,9.282584607091033391e+00,6.566870710583734727e+00,1.076751634927527795e-03,4.669238369845090553e+00,1.642567441423251921e+03,1.642567441423251921e+03
2.224341087505781900e+01,1.252340004644370286e-01,1.237051152194773851e-01,1.022083534875658541e-03,9.296187946492885601e+00,6.567397589554511583e+00,1.075733509976297460e-03,4.672960018362418921e+00,1.642644168146270204e+03,1.642644168146270204e+03
2.231519477975835031e+01,1.257550484736205954e-01,1.242282830394521864e-01,1.024905109897544190e-03,9.309802202573170149e+00,6.567923521818777033e+00,1.074717206173974801e-03,4.676681666879746402e+00,1.642720691132233242e+03,1.642720691132233242e+03
2.238697868445888162e+01,1.262766855541220534e-01,1.247534397112192023e-01,1.027733652312081379e-03,9.323427134124566251e+00,6.568449935103783943e+00,1.073702033358370700e-03,4.680403315397073882e+00,1.642797075076377041e+03,1.642797075076377041e+03
2.245876258915941293e+01,1.267989103114506855e-01,1.252808592886388572e-01,1.030571383741786919e-03,9.337062673790496703e+00,6.568977586859975126e+00,1.072687624305146978e-03,4.684124963914401363e+00,1.642873286795386321e+03,1.642873286795386321e+03
2.253054649385994423e+01,1.273217213543023363e-01,1.258079821825268396e-01,1.033402001914045200e-03,9.350665639883382951e+00,6.569501764081906892e+00,1.071678663331371122e-03,4.687834748273017382e+00,1.642949126757171143e+03,1.642949126757171143e+03
2.260233039856048265e+01,1.278451172950508807e-01,1.263309220012533152e-01,1.036214184620905731e-03,9.364050826191936849e+00,6.570026979015201718e+00,1.070683128229033953e-03,4.691482748423165816e+00,1.643023568934211880e+03,1.643023568934211880e+03
2.267411430326101396e+01,1.283690967502324753e-01,1.268548935346808793e-01,1.039026350234936507e-03,9.377439978266028930e+00,6.570549773134019667e+00,1.069690433634942935e-03,4.695128918634969395e+00,1.643097753051064501e+03,1.643097753051064501e+03
2.274589820796154527e+01,1.288936583410232872e-01,1.273806111432838062e-01,1.041843625099838841e-03,9.390839522054120536e+00,6.571072222100460714e+00,1.068699206977201431e-03,4.698775088846773862e+00,1.643171770273155289e+03,1.643171770273155289e+03
2.281768211266207658e+01,1.294188006937108115e-01,1.279081222542356455e-01,1.044666373263910967e-03,9.404249386670215927e+00,6.571594546286472216e+00,1.067709340863436020e-03,4.702421259058579217e+00,1.643245683624621734e+03,1.643245683624621734e+03
2.288946601736260789e+01,1.299445224401580834e-01,1.284372453172866191e-01,1.047493060654144936e-03,9.417669758639643618e+00,6.572115877993142341e+00,1.066721246983089004e-03,4.706067429270383684e+00,1.643319411238859630e+03,1.643319411238859630e+03
2.296124992206314630e+01,1.304708222182618116e-01,1.289687672768342619e-01,1.050330119733468943e-03,9.431100190794358795e+00,6.572639116988925778e+00,1.065733535888339044e-03,4.709713599482189039e+00,1.643393007710750226e+03,1.643393007710750226e+03
2.303303382676367761e+01,1.309976986723981607e-01,1.295002305828110711e-01,1.053162190628113403e-03,9.444498719192509384e+00,6.573159893104213225e+00,1.064750609899386144e-03,4.713348305511559921e+00,1.643466267539874480e+03,1.643466267539874480e+03
2.310481773146420892e+01,1.315251504536998350e-01,1.300274043862550966e-01,1.055974610392525909e-03,9.457689383918832959e+00,6.573680589029224031e+00,1.063780838171893717e-03,4.716924281283716880e+00,1.643538141466756770e+03,1.643538141466756770e+03
2.317660163616474023e+01,1.320531762198675629e-01,1.305554302500206432e-01,1.058786188933342641e-03,9.470879308532136776e+00,6.574198963499179094e+00,1.062814017129362415e-03,4.720497292586815163e+00,1.643609801714831974e+03,1.643609801714831974e+03
2.324838554086527154e+01,1.325817746347817128e-01,1.310853316612900776e-01,1.061604031071548826e-03,9.484079107548051724e+00,6.574717603625465756e+00,1.061848311122458310e-03,4.724070303889913447e+00,1.643681342308045714e+03,1.643681342308045714e+03
2.332016944556580285e+01,1.331109443681098570e-01,1.316169597663429669e-01,1.064426879841094339e-03,9.497288943663738436e+00,6.575235762188226474e+00,1.060884073159989787e-03,4.727643315193012619e+00,1.643752693805569379e+03,1.643752693805569379e+03
2.339195335026634126e+01,1.336406840949199426e-01,1.321503916104091736e-01,1.067255337981485273e-03,9.510508724944429559e+00,6.575753815685063230e+00,1.059921122214387825e-03,4.731216326496111790e+00,1.643823913199910066e+03,1.643823913199910066e+03
2.346373725496687257e+01,1.341709924952975141e-01,1.326853128462797127e-01,1.070086826154488828e-03,9.523738557799276805e+00,6.576270785024536103e+00,1.058959922366390022e-03,4.734789337799210074e+00,1.643895045943428386e+03,1.643895045943428386e+03
2.353552115966740388e+01,1.347018682539690426e-01,1.332205722099700507e-01,1.072914422251850138e-03,9.536957363795526277e+00,6.576784585761012103e+00,1.058002607839158941e-03,4.738356599134402991e+00,1.643965859801772694e+03,1.643965859801772694e+03
2.360730506436793519e+01,1.352333100599293625e-01,1.337518291084982269e-01,1.075728028913602169e-03,9.549945095904906367e+00,6.577302051928072046e+00,1.057057621149660271e-03,4.741859470643540853e+00,1.644035240431433976e+03,1.644035240431433976e+03
2.367908896906846650e+01,1.357653166060740768e-01,1.342838069273693813e-01,1.078538990699574223e-03,9.562939856151023932e+00,6.577816287120900718e+00,1.056115512176907488e-03,4.745361560668167833e+00,1.644104570279783502e+03,1.644104570279783502e+03
2.375087287376900491e+01,1.362978865888369862e-01,1.348176923055564858e-01,1.081356545634856205e-03,9.575944163430028411e+00,6.578330772760792478e+00,1.055174467551869269e-03,4.748863650692794813e+00,1.644173724161076279e+03,1.644173724161076279e+03
2.382265677846953622e+01,1.368310187078318751e-01,1.353532820513765889e-01,1.084179020615646995e-03,9.588958108834852112e+00,6.578844822383230095e+00,1.054234811133840898e-03,4.752365740717421794e+00,1.644242704061481163e+03,1.644242704061481163e+03
2.389444068317006753e+01,1.373647116654995448e-01,1.358906838221152491e-01,1.087007262826328704e-03,9.601981564068569952e+00,6.579358919964247043e+00,1.053296312417536943e-03,4.755867830742048774e+00,1.644311605639476966e+03,1.644311605639476966e+03
2.396622458787059884e+01,1.378989641667586474e-01,1.364297595793986240e-01,1.089840121616557009e-03,9.615014671465177187e+00,6.579872513520361288e+00,1.052359229363978438e-03,4.759369920766674866e+00,1.644380339704334801e+03,1.644380339704334801e+03
2.403800849257113015e+01,1.384337749186620170e-01,1.369692735300397923e-01,1.092668555280752784e-03,9.628049993582322941e+00,6.580382271892498025e+00,1.051425549843393401e-03,4.762869907195725006e+00,1.644448894455530990e+03,1.644448894455530990e+03
2.410979239727166856e+01,1.389691426300567190e-01,1.375046847742014133e-01,1.095483101312290548e-03,9.640852572844620383e+00,6.580895814832405044e+00,1.050503973398350579e-03,4.766305495421209848e+00,1.644516082253311424e+03,1.644516082253311424e+03
2.418157630197219987e+01,1.395050660112487351e-01,1.380406838605207354e-01,1.098294769317413253e-03,9.653655941752626646e+00,6.581406188286808678e+00,1.049585493034439678e-03,4.769738718925621512e+00,1.644583068498901639e+03,1.644583068498901639e+03
2.425336020667273118e+01,1.400415437736721169e-01,1.385784380383156544e-01,1.101111886521841500e-03,9.666468512341076291e+00,6.581916479288050681e+00,1.048668181131006457e-03,4.773171942430034953e+00,1.644649923990664320e+03,1.644649923990664320e+03
2.432514411137326249e+01,1.405785746295629413e-01,1.391178826776842126e-01,1.103933911753061372e-03,9.679290272728167110e+00,6.582426580175501307e+00,1.047752087087967798e-03,4.776605165934447506e+00,1.644716683368699933e+03,1.644716683368699933e+03
2.439692801607379380e+01,1.411161572916364848e-01,1.396590351971541411e-01,1.106760947904126321e-03,9.692121289804095596e+00,6.582936341448334616e+00,1.046837278345479809e-03,4.780038389438860058e+00,1.644783295844650866e+03,1.644783295844650866e+03
2.446871192077433221e+01,1.416542904727693675e-01,1.402022271154712008e-01,1.109595609636735737e-03,9.704961398231333192e+00,6.583446883066358168e+00,1.045923226447852909e-03,4.783471612943273499e+00,1.644849762440882387e+03,1.644849762440882387e+03
2.454049582547486352e+01,1.421929728856858033e-01,1.407461012134433587e-01,1.112428008760293213e-03,9.717802935399573627e+00,6.583954704956426873e+00,1.045011997607751602e-03,4.786902681861289643e+00,1.644916099415107965e+03,1.644916099415107965e+03
2.461227973017539483e+01,1.427322032426480980e-01,1.412859165459804944e-01,1.115243878903058542e-03,9.730443932836513099e+00,6.584463692404891155e+00,1.044112205724069325e-03,4.790278199277249627e+00,1.644981236784247358e+03,1.644981236784247358e+03
2.468406363487592614e+01,1.432719802551523924e-01,1.418258604302889136e-01,1.118056324641239973e-03,9.743059929019912246e+00,6.584970563495487816e+00,1.043216264940518981e-03,4.793644647597902875e+00,1.645046002109087340e+03,1.645046002109087340e+03
2.475584753957645745e+01,1.438123026336769195e-01,1.423673699475166143e-01,1.120872805986954449e-03,9.755684774255358960e+00,6.585476834553664283e+00,1.042321685406085536e-03,4.797011095918554346e+00,1.645110783025123283e+03,1.645110783025123283e+03
2.482763144427699586e+01,1.443531690875550222e-01,1.429106596044579791e-01,1.123694979225981286e-03,9.768318529936122374e+00,6.585983048648414773e+00,1.041428208784602729e-03,4.800377544239207595e+00,1.645175348421126046e+03,1.645175348421126046e+03
2.489941534897752717e+01,1.448945783248982710e-01,1.434552227287476667e-01,1.126518818751835608e-03,9.780961344211243969e+00,6.586487721112676219e+00,1.040536528864456460e-03,4.803743992559859066e+00,1.645239808390162807e+03,1.645239808390162807e+03
2.497119925367805848e+01,1.454365290525222176e-01,1.440020440204491381e-01,1.129352091751863185e-03,9.793612706683443747e+00,6.586994115686321649e+00,1.039645116820499520e-03,4.807110440880511426e+00,1.645304226078480497e+03,1.645304226078480497e+03
2.504298315837858979e+01,1.459790199758735918e-01,1.445507651652756798e-01,1.132192299032269180e-03,9.806269575337751121e+00,6.587501119803702565e+00,1.038754660504863283e-03,4.810476017967036277e+00,1.645368434088840331e+03,1.645368434088840331e+03
2.511476706307912110e+01,1.465220497989580817e-01,1.450954527536669481e-01,1.135013790937271227e-03,9.818752050734442349e+00,6.588007298075651441e+00,1.037875031603916051e-03,4.813793232113634524e+00,1.645431641897084774e+03,1.645431641897084774e+03
2.518655096777965952e+01,1.470656172242693904e-01,1.456391356314994390e-01,1.137826093956429427e-03,9.831184193640641666e+00,6.588510460342955177e+00,1.037000880538233201e-03,4.817094801519669289e+00,1.645494446068366642e+03,1.645494446068366642e+03
2.525833487248019082e+01,1.476097209527186538e-01,1.461844479640520833e-01,1.140643010961277454e-03,9.843624937075103887e+00,6.589013160150920534e+00,1.036127975831320014e-03,4.820396370925704943e+00,1.645557111094838547e+03,1.645557111094838547e+03
2.533011877718072213e+01,1.481543596835663279e-01,1.467313916761849579e-01,1.143464533870443799e-03,9.856074265828885572e+00,6.589515445324529708e+00,1.035256293387106299e-03,4.823697940331739709e+00,1.645619645912651322e+03,1.645619645912651322e+03
2.540190268188125344e+01,1.486995321143529392e-01,1.472797253037547993e-01,1.146288751982940408e-03,9.868532236488723797e+00,6.590016739806564772e+00,1.034386099836367241e-03,4.826999509737775362e+00,1.645682080083459368e+03,1.645682080083459368e+03
2.547368658658178475e+01,1.492452369408326929e-01,1.478299331121089577e-01,1.149119433915825675e-03,9.880998660701409975e+00,6.590518425555882409e+00,1.033516749294567747e-03,4.830301079143810128e+00,1.645744423945432573e+03,1.645744423945432573e+03
2.554547049128231606e+01,1.497914728569063603e-01,1.483821982732334288e-01,1.151957970957857630e-03,9.893473530457683296e+00,6.591020987133408227e+00,1.032648015195284426e-03,4.833602648549844893e+00,1.645806559042081517e+03,1.645806559042081517e+03
2.561725439598285448e+01,1.503382385545570799e-01,1.489317035535427380e-01,1.154784486325957432e-03,9.905806629843999289e+00,6.591523992966384249e+00,1.031787665080024629e-03,4.836864806072512124e+00,1.645868032091020268e+03,1.645868032091020268e+03
2.568903830068338578e+01,1.508855327237845767e-01,1.494790129471951501e-01,1.157596429783610929e-03,9.918058652865559210e+00,6.592023263224145779e+00,1.030934576650104680e-03,4.840103351264253284e+00,1.645928849882711347e+03,1.645928849882711347e+03
2.576082220538391709e+01,1.514333540525424071e-01,1.500279319969304304e-01,1.160412920774503073e-03,9.930318924028442851e+00,6.592522135747372225e+00,1.030082658433931816e-03,4.843341896455994444e+00,1.645989583839060060e+03,1.645989583839060060e+03
2.583260611008444840e+01,1.519817012266752865e-01,1.505784635676230832e-01,1.163233960129207321e-03,9.942587421695876060e+00,6.593020787161429475e+00,1.029231827014724307e-03,4.846580441647734716e+00,1.646050206829925173e+03,1.646050206829925173e+03
2.590439001478497971e+01,1.525305729298566393e-01,1.511304182858604350e-01,1.166058048911959317e-03,9.954864265396096812e+00,6.593518531894121182e+00,1.028382397502793479e-03,4.849818986839475876e+00,1.646110708008826577e+03,1.646110708008826577e+03
2.597617391948551813e+01,1.530799678435285360e-01,1.516840702793892381e-01,1.168887289926734928e-03,9.967149380770802480e+00,6.594016147072284006e+00,1.027534007907274097e-03,4.853057532031217036e+00,1.646171014619505968e+03,1.646171014619505968e+03
2.604795782418604944e+01,1.536298846468409918e-01,1.522399637975949960e-01,1.171725895240235873e-03,9.979442348149426323e+00,6.594515393689982297e+00,1.026685843984717454e-03,4.856296077222957308e+00,1.646231421725512519e+03,1.646231421725512519e+03
2.611974172888658074e+01,1.541803220165926247e-01,1.527942903106458694e-01,1.174557100639074883e-03,9.991636376511159767e+00,6.595014522719236716e+00,1.025844043360694740e-03,4.859506599376802072e+00,1.646291087106244959e+03,1.646291087106244959e+03
2.619152563358711205e+01,1.547312786271729246e-01,1.533452246876281233e-01,1.177369346829385465e-03,1.000371155993897609e+01,6.595510294050908939e+00,1.025011075966847981e-03,4.862683856323930520e+00,1.646350071729184037e+03,1.646350071729184037e+03
2.626330953828764336e+01,1.552827531505039937e-01,1.538976748343504064e-01,1.180185498395419598e-03,1.001579469999457395e+01,6.596005695627969345e+00,1.024179222518956447e-03,4.865861113271058969e+00,1.646408929425232373e+03,1.646408929425232373e+03
2.633509344298818178e+01,1.558347442559843699e-01,1.544517222795501188e-01,1.183006161342678919e-03,1.002788577662371949e+01,6.596500840679746069e+00,1.023348428673276226e-03,4.869038370218186529e+00,1.646467694616042763e+03,1.646467694616042763e+03
2.640687734768871309e+01,1.563872506104439508e-01,1.550072474372962139e-01,1.185830383608601395e-03,1.003998491024471384e+01,6.596995163997629419e+00,1.022518953019242336e-03,4.872215627165314977e+00,1.646526300724665816e+03,1.646526300724665816e+03
2.647866125238924440e+01,1.569402708781686417e-01,1.555642980938414244e-01,1.188658526124851790e-03,1.005209197026163714e+01,6.597488844783513606e+00,1.021690711800720373e-03,4.875392884112442538e+00,1.646584932629854165e+03,1.646584932629854165e+03
2.655044515708977571e+01,1.574938037209827613e-01,1.561236163283836187e-01,1.191496259801022497e-03,1.006420671697685698e+01,6.597984172888766707e+00,1.020862649077463203e-03,4.878570141059570986e+00,1.646643431476616570e+03,1.646643431476616570e+03
2.662222906179030701e+01,1.580478477983366936e-01,1.566825297984854037e-01,1.194330594899939597e-03,1.007626653699291275e+01,6.598479175301044997e+00,1.020038757485723689e-03,4.881731032576384521e+00,1.646701474450567957e+03,1.646701474450567957e+03
2.669401296649084543e+01,1.586024017673947073e-01,1.572372037477870188e-01,1.197144491177275314e-03,1.008816948652666312e+01,6.598972284307210501e+00,1.019224736873757323e-03,4.884849045044891369e+00,1.646758684358207802e+03,1.646758684358207802e+03
2.676579687119137674e+01,1.591574642831204145e-01,1.577930898723764741e-01,1.199960175712306600e-03,1.010007914902520199e+01,6.599463939946081048e+00,1.018412342313094110e-03,4.887966760310330727e+00,1.646815752819833278e+03,1.646815752819833278e+03
2.683758077589190805e+01,1.597130339983630354e-01,1.583505442950904618e-01,1.202780231771942215e-03,1.011199644761970617e+01,6.599955194642892486e+00,1.017601032913707055e-03,4.891084475575769197e+00,1.646872805277352427e+03,1.646872805277352427e+03
2.690936468059243936e+01,1.602691095639408314e-01,1.589095571431041465e-01,1.205604558488681827e-03,1.012392141712649796e+01,6.600446218181038383e+00,1.016790729228096365e-03,4.894202190841208555e+00,1.646929706934749447e+03,1.646929706934749447e+03
2.698114858529297067e+01,1.608256896287240945e-01,1.594698430863895344e-01,1.208430960263639792e-03,1.013585415768028675e+01,6.600936149087167415e+00,1.015981823829178706e-03,4.897319906106647913e+00,1.646986528514699103e+03,1.646986528514699103e+03
2.705293248999350908e+01,1.613827728397186356e-01,1.600323580902185128e-01,1.211266701073005977e-03,1.014779431575700386e+01,6.601427551058408838e+00,1.015173141567562217e-03,4.900437621372087271e+00,1.647043240739355724e+03,1.647043240739355724e+03
2.712471639469404039e+01,1.619403578421461098e-01,1.605956915093999238e-01,1.214104489746090174e-03,1.015971333586602121e+01,6.601918857056880974e+00,1.014366790629379509e-03,4.903547893788628542e+00,1.647099790523689990e+03,1.647099790523689990e+03
2.719650029939457170e+01,1.624984432795247846e-01,1.611544799464353361e-01,1.216922001666213013e-03,1.017145938814315720e+01,6.602409074094759411e+00,1.013570560444065818e-03,4.906611385975210737e+00,1.647155352981321130e+03,1.647155352981321130e+03
2.726828420409510301e+01,1.630570277937493096e-01,1.617137152406826484e-01,1.219737174705324678e-03,1.018319884064318970e+01,6.602897221645111614e+00,1.012776832415381153e-03,4.909671175447258840e+00,1.647210657263141456e+03,1.647210657263141456e+03
2.734006810879563432e+01,1.636161100251685707e-01,1.622745064780768964e-01,1.222556718516738371e-03,1.019494553302737039e+01,6.603385264033419411e+00,1.011984016275433969e-03,4.912730964919307830e+00,1.647266079460726132e+03,1.647266079460726132e+03
2.741185201349617273e+01,1.641756886126645443e-01,1.628368569615367412e-01,1.225380607749126287e-03,1.020669970781335678e+01,6.603872699891930154e+00,1.011192338183287314e-03,4.915790754391357709e+00,1.647321340426500001e+03,1.647321340426500001e+03
2.748363591819670404e+01,1.647357621937277361e-01,1.634004016338538867e-01,1.228206062620648383e-03,1.021846148659547460e+01,6.604358746395615043e+00,1.010402152921337140e-03,4.918850543863405811e+00,1.647376413302521769e+03,1.647376413302521769e+03
2.755541982289723535e+01,1.652963294045341480e-01,1.639662316821055010e-01,1.231041344214591502e-03,1.023023020234804470e+01,6.604846892328071206e+00,1.009611870936005708e-03,4.921910333335454801e+00,1.647431566568813651e+03,1.647431566568813651e+03
2.762720372759776666e+01,1.658573888800198015e-01,1.645336999844017323e-01,1.233882344351133276e-03,1.024199934410890300e+01,6.605335372028496188e+00,1.008822625922864468e-03,4.924968338106753940e+00,1.647486523406960487e+03,1.647486523406960487e+03
2.769898763229829797e+01,1.664189392539550116e-01,1.650968009972180739e-01,1.236703763360403338e-03,1.025360552646617940e+01,6.605822326551612278e+00,1.008043065242116530e-03,4.927982389142760766e+00,1.647540555359385507e+03,1.647540555359385507e+03
2.777077153699882928e+01,1.669809791590177450e-01,1.656593173754872528e-01,1.239518520599312574e-03,1.026517781530655604e+01,6.606307080709814983e+00,1.007267304384076162e-03,4.930985807458132975e+00,1.647594408797500819e+03,1.647594408797500819e+03
2.784255544169936769e+01,1.675435072268660341e-01,1.662233740406659499e-01,1.242337588796390592e-03,1.027675723311051392e+01,6.606791674624431288e+00,1.006492443267368014e-03,4.933989225773505183e+00,1.647648132739487664e+03,1.647648132739487664e+03
2.791433934639989900e+01,1.681065220882096700e-01,1.667889729264245002e-01,1.245160956453802590e-03,1.028834382546877890e+01,6.607275795633367643e+00,1.005718622490988940e-03,4.936992644088878279e+00,1.647701742336954567e+03,1.647701742336954567e+03
2.798612325110043031e+01,1.686700223728807291e-01,1.673558446123877830e-01,1.247986589825650318e-03,1.029993762742410013e+01,6.607758772464279673e+00,1.004946145195232624e-03,4.939996062404251376e+00,1.647755343065550051e+03,1.647755343065550051e+03
2.805790715580096162e+01,1.692340067099041279e-01,1.679245569844088348e-01,1.250818729601165186e-03,1.031153843906103873e+01,6.608242396461328383e+00,1.004174197322194864e-03,4.942999480719623584e+00,1.647808823286062307e+03,1.647808823286062307e+03
2.812969106050149293e+01,1.697984737275605172e-01,1.684953414359294799e-01,1.253659081533736860e-03,1.032314616307576394e+01,6.608727286946862733e+00,1.003402498186998192e-03,4.946002899034995792e+00,1.647862195717128998e+03,1.647862195717128998e+03
2.820147496520203134e+01,1.703634220534242794e-01,1.690633715853222530e-01,1.256487499548442251e-03,1.033463119824610210e+01,6.609211674194269470e+00,1.002637962358653503e-03,4.948973004387216434e+00,1.647914962255037835e+03,1.647914962255037835e+03
2.827325886990256265e+01,1.709288503143829574e-01,1.696290694756084905e-01,1.259301654857309001e-03,1.034603957161004040e+01,6.609692848144121058e+00,1.001879637114866948e-03,4.951921544171966616e+00,1.647967231174089193e+03,1.647967231174089193e+03
2.834504277460309396e+01,1.714947571366548240e-01,1.701962828917401582e-01,1.262120011578380437e-03,1.035745482068639056e+01,6.610173901052195156e+00,1.001122159442044326e-03,4.954870083956716798e+00,1.648019370422723341e+03,1.648019370422723341e+03
2.841682667930362527e+01,1.720611411458067008e-01,1.707650192257032240e-01,1.264942616212399486e-03,1.036887685344279753e+01,6.610654824771704519e+00,1.000365532392427474e-03,4.957818623741466979e+00,1.648071548525155549e+03,1.648071548525155549e+03
2.848861058400415658e+01,1.726280009667709170e-01,1.713351322665338794e-01,1.267768335463693346e-03,1.038030593085325393e+01,6.611134639831057314e+00,9.996101958508302968e-04,4.960767163526217161e+00,1.648123588244431858e+03,1.648123588244431858e+03
2.856039448870469499e+01,1.731953352238630728e-01,1.719067775374576168e-01,1.270598319862698998e-03,1.039174191347506415e+01,6.611614319419585328e+00,9.988557091670140567e-04,4.963715703310967342e+00,1.648175455633472666e+03,1.648175455633472666e+03
2.863217839340522630e+01,1.737631425407981101e-01,1.724805825388390779e-01,1.273437235696317157e-03,1.040318436747131337e+01,6.612095717749155277e+00,9.981012368558824996e-04,4.966664243095717524e+00,1.648227438443830806e+03,1.648227438443830806e+03
2.870396229810575761e+01,1.743314215407081036e-01,1.730534243637509295e-01,1.276271123576701435e-03,1.041455898067250807e+01,6.612576539541185738e+00,9.973512919905138524e-04,4.969593661271091811e+00,1.648278917238064878e+03,1.648278917238064878e+03
2.877574620280628892e+01,1.749001708461584981e-01,1.736224399554829045e-01,1.279086241408337789e-03,1.042580642740525754e+01,6.613054876071416288e+00,9.966094802689230182e-04,4.972488769797954511e+00,1.648329625401380554e+03,1.648329625401380554e+03
2.884753010750682023e+01,1.754693890791644562e-01,1.741927568915141444e-01,1.281904067477087445e-03,1.043706039663068452e+01,6.613532873867447925e+00,9.958685823116494341e-04,4.975383878324817211e+00,1.648380458868866981e+03,1.648380458868866981e+03
2.891931401220735864e+01,1.760390748612074563e-01,1.747645839587524119e-01,1.284726096026554687e-03,1.044832110434094652e+01,6.614010296874403672e+00,9.951287021512699241e-04,4.978278986851679910e+00,1.648431126504643771e+03,1.648431126504643771e+03
2.899109791690788995e+01,1.766092268132512799e-01,1.753378986410711327e-01,1.287552147938326704e-03,1.045958850788160710e+01,6.614487213057723913e+00,9.943898078436140889e-04,4.981174095378542610e+00,1.648481684613537254e+03,1.648481684613537254e+03
2.906288182160842126e+01,1.771798435557578044e-01,1.759124765027783588e-01,1.290380566291521097e-03,1.047086254392225335e+01,6.614963629961627234e+00,9.936518949161536780e-04,4.984069203905406198e+00,1.648532210486678650e+03,1.648532210486678650e+03
2.913466572630895257e+01,1.777509237087031568e-01,1.764891140743882758e-01,1.293217193006930468e-03,1.048214306349378688e+01,6.615440964829168990e+00,9.929143264107004579e-04,4.986964312432268898e+00,1.648582640200939750e+03,1.648582640200939750e+03
2.920644963100948388e+01,1.783224658915935901e-01,1.770664425681342802e-01,1.296054556918898844e-03,1.049340918169614412e+01,6.615917582937179908e+00,9.921788030812660111e-04,4.989854055035643832e+00,1.648632960469396721e+03,1.648632960469396721e+03
2.927823353571002230e+01,1.788944687234801101e-01,1.776390605710218284e-01,1.298873131529413097e-03,1.050449948775441023e+01,6.616394318365601102e+00,9.914523459856197998e-04,4.992697401141004576e+00,1.648682326155861347e+03,1.648682326155861347e+03
2.935001744041055360e+01,1.794669308229745186e-01,1.782123950859000050e-01,1.301690309940062643e-03,1.051559532327660484e+01,6.616868838007157194e+00,9.907276636572030348e-04,4.995540457050803518e+00,1.648731669266070185e+03,1.648731669266070185e+03
2.942180134511108491e+01,1.800398508082642068e-01,1.787872185980209083e-01,1.304511611679617933e-03,1.052669763114380252e+01,6.617342806997251081e+00,9.900039565554109855e-04,4.998383512960603348e+00,1.648780917219538196e+03,1.648780917219538196e+03
2.949358524981161622e+01,1.806132272971278097e-01,1.793635311327720361e-01,1.307337039914033012e-03,1.053780624037564273e+01,6.617816912300678034e+00,9.892809167908048814e-04,5.001226568870402289e+00,1.648830157457132373e+03,1.648830157457132373e+03
2.956536915451214753e+01,1.811870589069492499e-01,1.799410937182221448e-01,1.310164804835289507e-03,1.054892140649419474e+01,6.618290008271368485e+00,9.885590544439345692e-04,5.004069624780201231e+00,1.648879267424563068e+03,1.648879267424563068e+03
2.963715305921268595e+01,1.817613442547329483e-01,1.805203843300660915e-01,1.312998387559821158e-03,1.056004299076091968e+01,6.618763095536946750e+00,9.878379214198311498e-04,5.006912680690001061e+00,1.648928243102540137e+03,1.648928243102540137e+03
2.970893696391321726e+01,1.823360819571181735e-01,1.811012420244561272e-01,1.315836622461515840e-03,1.057117077405266059e+01,6.619236583745260027e+00,9.871173346048705329e-04,5.009755736599800890e+00,1.648977334213804397e+03,1.648977334213804397e+03
2.978072086861374856e+01,1.829112706303935576e-01,1.816784107146184879e-01,1.318661973181482283e-03,1.058213917953218797e+01,6.619711100944212667e+00,9.864045219601770900e-04,5.012556821651795502e+00,1.649025537471741245e+03,1.649025537471741245e+03
2.985250477331427987e+01,1.834869088905273227e-01,1.822546947341568413e-01,1.321478544183550931e-03,1.059307964356121268e+01,6.620182180111530812e+00,9.856955133040032260e-04,5.015349136442525335e+00,1.649073543313603523e+03,1.649073543313603523e+03
2.992428867801481118e+01,1.840629953533607643e-01,1.828324511802088825e-01,1.324299201158207848e-03,1.060402625157680312e+01,6.620653374754670750e+00,9.849871536227168631e-04,5.018141451233255168e+00,1.649121432282878459e+03,1.649121432282878459e+03
2.999607258271534249e+01,1.846395286350163145e-01,1.834116866880046715e-01,1.327123970324658011e-03,1.061497903759707384e+01,6.621124214578000711e+00,9.842796509000560894e-04,5.020933766023984113e+00,1.649169311871948821e+03,1.649169311871948821e+03
3.006785648741588091e+01,1.852165073523459049e-01,1.839921458787447117e-01,1.329950963713343167e-03,1.062593819634060566e+01,6.621593862453203805e+00,9.835733757399679582e-04,5.023726080814713946e+00,1.649217057710540985e+03,1.649217057710540985e+03
3.013964039211641222e+01,1.857939301233725859e-01,1.845743425327819043e-01,1.332783934222847013e-03,1.063690328946910491e+01,6.622064429799652707e+00,9.828673892992793436e-04,5.026518395605443779e+00,1.649264856964269256e+03,1.649264856964269256e+03
3.021142429681694352e+01,1.863717955677285654e-01,1.851586453688643941e-01,1.335625504940229826e-03,1.064787442405527251e+01,6.622535975821468135e+00,9.821616649484390341e-04,5.029310710396173612e+00,1.649312546450219997e+03,1.649312546450219997e+03
3.028320820151747483e+01,1.869501023070877788e-01,1.857405728819526147e-01,1.338456805457789679e-03,1.065874445365537149e+01,6.623006905358487018e+00,9.814617202411077355e-04,5.032075925365348645e+00,1.649359665967025649e+03,1.649359665967025649e+03
3.035499210621800614e+01,1.875288489655925761e-01,1.863197428422481150e-01,1.341272791692069664e-03,1.066953250449694579e+01,6.623475290996929665e+00,9.807675393644918818e-04,5.034818848205425468e+00,1.649406336681952325e+03,1.649406336681952325e+03
3.042677601091854456e+01,1.881080341702771053e-01,1.869003692040784592e-01,1.344092807099548509e-03,1.068032656064870700e+01,6.623943107948792708e+00,9.800742831164517728e-04,5.037561771045503178e+00,1.649453001508753914e+03,1.649453001508753914e+03
3.049855991561907587e+01,1.886876565514841730e-01,1.874824533448894437e-01,1.346916847824701589e-03,1.069112659667441001e+01,6.624410712209811258e+00,9.793817926739506550e-04,5.040304693885581777e+00,1.649499590646780689e+03,1.649499590646780689e+03
3.057034382031960718e+01,1.892677147432779983e-01,1.880658975839185620e-01,1.349744202875329327e-03,1.070193255722467640e+01,6.624878185281488641e+00,9.786900312361260408e-04,5.043047616725659488e+00,1.649546160169348468e+03,1.649546160169348468e+03
3.064212772502013848e+01,1.898482073838528017e-01,1.886506593606959159e-01,1.352574525389790318e-03,1.071274465610007987e+01,6.625344563252441255e+00,9.779994234571276653e-04,5.045790539565737198e+00,1.649592634308507741e+03,1.649592634308507741e+03
3.071391162972066979e+01,1.904291331159350398e-01,1.892375465293334447e-01,1.355413640539380625e-03,1.072356247592994904e+01,6.625812525540540676e+00,9.773087845663772262e-04,5.048533462405814909e+00,1.649639014341481470e+03,1.649639014341481470e+03
3.078569553442120821e+01,1.910104905871826408e-01,1.898241599135782331e-01,1.358250716887584534e-03,1.073433570200633014e+01,6.626280504511001368e+00,9.766210452400892351e-04,5.051263679031404052e+00,1.649685099150074166e+03,1.649685099150074166e+03
3.085747943912173952e+01,1.915922784505782739e-01,1.904064745722010565e-01,1.361068504209900177e-03,1.074497371033786663e+01,6.626746241395506942e+00,9.759412094522406256e-04,5.053958363383397767e+00,1.649730613678704231e+03,1.649730613678704231e+03
3.092926334382227083e+01,1.921744953648189536e-01,1.909898751830124419e-01,1.363887727591858116e-03,1.075561759326056332e+01,6.627211268217387818e+00,9.752623336135151375e-04,5.056653047735391482e+00,1.649775994103237053e+03,1.649775994103237053e+03
3.100104724852280214e+01,1.927571399947007602e-01,1.915747198195864309e-01,1.366710946093375447e-03,1.076626724517175937e+01,6.627675806213681575e+00,9.745843190664517722e-04,5.059347732087386085e+00,1.649821407614097780e+03,1.649821407614097780e+03
3.107283115322333344e+01,1.933402110114985362e-01,1.921610044268199369e-01,1.369538112743640384e-03,1.077692267938779835e+01,6.628140148554063416e+00,9.739070354022712683e-04,5.062042416439379799e+00,1.649866739789865278e+03,1.649866739789865278e+03
3.114461505792387186e+01,1.939237070933423623e-01,1.927484220160668449e-01,1.372367017234065942e-03,1.078758396120356444e+01,6.628603809866723040e+00,9.732306951164719283e-04,5.064737100791373514e+00,1.649911991434041283e+03,1.649911991434041283e+03
3.121639896262440317e+01,1.945076269255880952e-01,1.933378272374113860e-01,1.375203747626371157e-03,1.079825094366449001e+01,6.629067926296691837e+00,9.725547977480535284e-04,5.067431785143368117e+00,1.649957162669367563e+03,1.649957162669367563e+03
3.128818286732493448e+01,1.950919692011853779e-01,1.939283277368540059e-01,1.378043746084930618e-03,1.080890942320660741e+01,6.629532626246249727e+00,9.718799052805176869e-04,5.070122928758062031e+00,1.650002239636709874e+03,1.650002239636709874e+03
3.135996677202546579e+01,1.956767326210392677e-01,1.945145471259989711e-01,1.380866704997469382e-03,1.081941944454912097e+01,6.629996528307328774e+00,9.712127521335266276e-04,5.072775428714305868e+00,1.650046521714937626e+03,1.650046521714937626e+03
3.143175067672599710e+01,1.962619158943692821e-01,1.951006881612074861e-01,1.383685350879297572e-03,1.082991598951246637e+01,6.630458390223648912e+00,9.705479588633644577e-04,5.075423112489957589e+00,1.650090843897104378e+03,1.650090843897104378e+03
3.150353458142653551e+01,1.968475177390635045e-01,1.956882599020640656e-01,1.386507958431944416e-03,1.084041813898139672e+01,6.630920264557498278e+00,9.698837812807716832e-04,5.078070796265610198e+00,1.650134985668534910e+03,1.650134985668534910e+03
3.157531848612706682e+01,1.974335368820279435e-01,1.962772636547407412e-01,1.389334520106812318e-03,1.085092590012260949e+01,6.631381484980337859e+00,9.692205103824880295e-04,5.080718480041262808e+00,1.650179163114247103e+03,1.650179163114247103e+03
3.164710239082759813e+01,1.980199720594994495e-01,1.968674567359325334e-01,1.392163306033618667e-03,1.086143925623616724e+01,6.631842335466259009e+00,9.685580208247237871e-04,5.083366163816913641e+00,1.650223271497774476e+03,1.650223271497774476e+03
3.171888629552812944e+01,1.986068220171203769e-01,1.974593580584511621e-01,1.394997980180342958e-03,1.087195813868758165e+01,6.632303426110172317e+00,9.678960444578579587e-04,5.086013847592566250e+00,1.650267312032650580e+03,1.650267312032650580e+03
3.179067020022866075e+01,1.991940855097912577e-01,1.980530023847740240e-01,1.397838788675893895e-03,1.088248237486528502e+01,6.632764817442221350e+00,9.672345614234965352e-04,5.088661490176995095e+00,1.650311284703938327e+03,1.650311284703938327e+03
3.186245410492919206e+01,1.997817613014936378e-01,1.986435929267206801e-01,1.400667876827622199e-03,1.089288761178373299e+01,6.633226627843848533e+00,9.665788947168810425e-04,5.091278084658309666e+00,1.650354678284900729e+03,1.650354678284900729e+03
3.193423800962973047e+01,2.003698481651145780e-01,1.992323974097416905e-01,1.403485849104798731e-03,1.090323951168389804e+01,6.633685328776229184e+00,9.659277485633648280e-04,5.093879909873086476e+00,1.650397767803285660e+03,1.650397767803285660e+03
3.200602191433026178e+01,2.009583448822729879e-01,1.998226117853174610e-01,1.406307711609929055e-03,1.091359673846244149e+01,6.634144197964754852e+00,9.652771264138132901e-04,5.096481735087863285e+00,1.650440804752646272e+03,1.650440804752646272e+03
3.207780581903079309e+01,2.015472502431478463e-01,2.004142399143398756e-01,1.409133462630058524e-03,1.092395939806151084e+01,6.634602650948199454e+00,9.646272827633050858e-04,5.099083560302640095e+00,1.650483780983612633e+03,1.650483780983612633e+03
3.214958972373132440e+01,2.021365630463080321e-01,2.010072215351398628e-01,1.411962672493720762e-03,1.093432742155501103e+01,6.635060794561886688e+00,9.639781697376257480e-04,5.101685385517416904e+00,1.650526793044947681e+03,1.650526793044947681e+03
3.222137362843185571e+01,2.027262820985436531e-01,2.016014964827761713e-01,1.414794887646203753e-03,1.094470094309031261e+01,6.635518583811951032e+00,9.633298062382973344e-04,5.104287210732193714e+00,1.650569592444147929e+03,1.650569592444147929e+03
3.229315753313239412e+01,2.033164062146991247e-01,2.021973945733022415e-01,1.417632437856214010e-03,1.095507972939317831e+01,6.635976312875200733e+00,9.626820629586198405e-04,5.106889035946970523e+00,1.650612564155811924e+03,1.650612564155811924e+03
3.236494143783292543e+01,2.039069342175082178e-01,2.027924018315934995e-01,1.420466612563262704e-03,1.096539493847930657e+01,6.636434837280811294e+00,9.620375138565537753e-04,5.109473739199845710e+00,1.650655051811875637e+03,1.650655051811875637e+03
3.243672534253345674e+01,2.044978649374298574e-01,2.033840751837538430e-01,1.423285831105626856e-03,1.097560448735808869e+01,6.636891272700649047e+00,9.613992109657739727e-04,5.112030805783373211e+00,1.650697096877286640e+03,1.650697096877286640e+03
3.250850924723398805e+01,2.050891972124872786e-01,2.039768675210186510e-01,1.426106953281618475e-03,1.098581927257931312e+01,6.637347274392342733e+00,9.607616720652377429e-04,5.114587872366900712e+00,1.650739089467374697e+03,1.650739089467374697e+03
3.258029315193451936e+01,2.056809298881061010e-01,2.045710597487671312e-01,1.428931931984576140e-03,1.099603929336989872e+01,6.637802973402576967e+00,9.601248391032303920e-04,5.117144938950428212e+00,1.650781030382055633e+03,1.650781030382055633e+03
3.265207705663505777e+01,2.062730618169571206e-01,2.051666532727815517e-01,1.431760760067932008e-03,1.100626456650580387e+01,6.638258281220536183e+00,9.594887495589762881e-04,5.119702005533955713e+00,1.650822920036594496e+03,1.650822920036594496e+03
3.272386096133558908e+01,2.068655918587977982e-01,2.057635058866109923e-01,1.434592440733537932e-03,1.101649501952260835e+01,6.638713531097996778e+00,9.588532580951966526e-04,5.122259072117483214e+00,1.650864758361484064e+03,1.650864758361484064e+03
3.279564486603612039e+01,2.074585188803172997e-01,2.063617733781833996e-01,1.437428027127808173e-03,1.102673080642211012e+01,6.639167946567393841e+00,9.582187003431643681e-04,5.124816138701010715e+00,1.650906546115680612e+03,1.650906546115680612e+03
3.286742877073665170e+01,2.080518417549821475e-01,2.069605596874901920e-01,1.440263253201953548e-03,1.103695671805623846e+01,6.639622047374274416e+00,9.575854886007692740e-04,5.127369467042841578e+00,1.650948222760825729e+03,1.650948222760825729e+03
3.293921267543718301e+01,2.086455593628836203e-01,2.075554091852662986e-01,1.443086302232856038e-03,1.104702613165328451e+01,6.640077096108114141e+00,9.569592614316209910e-04,5.129882806280742891e+00,1.650989199091869978e+03,1.650989199091869978e+03
3.301099658013772142e+01,2.092396705905867071e-01,2.081507163805781102e-01,1.445906698796061221e-03,1.105710082242046077e+01,6.640530303538077384e+00,9.563343855814360108e-04,5.132396145518644204e+00,1.651030129197883070e+03,1.651030129197883070e+03
3.308278048483825273e+01,2.098341743309803109e-01,2.087474093683840681e-01,1.448730911802608313e-03,1.106718060230543088e+01,6.640983070721294013e+00,9.557102533119627916e-04,5.134909484756545517e+00,1.651071013371635900e+03,1.651071013371635900e+03
3.315456438953878404e+01,2.104290694831290609e-01,2.093454891051046429e-01,1.451558941677208578e-03,1.107726540946478266e+01,6.641435728001641614e+00,9.550867210654791998e-04,5.137422823994446830e+00,1.651111851469740031e+03,1.651111851469740031e+03
3.322634829423931535e+01,2.110243549521272077e-01,2.099449907617059463e-01,1.454391020326907882e-03,1.108735522466655077e+01,6.641888410973341372e+00,9.544637294807522925e-04,5.139936163232348143e+00,1.651152644065466802e+03,1.651152644065466802e+03
3.329813219893984666e+01,2.116200296489525734e-01,2.105457307211013596e-01,1.457225841281350933e-03,1.109745020589340925e+01,6.642340177643231591e+00,9.538416843539896869e-04,5.142449502470249456e+00,1.651193392887475738e+03,1.651193392887475738e+03
3.336991610364038507e+01,2.122160924903234713e-01,2.111470216186969728e-01,1.460058633134280869e-03,1.110755040581063646e+01,6.642790479012337101e+00,9.532208211679476162e-04,5.144962841708150769e+00,1.651234093442131780e+03,1.651234093442131780e+03
3.344170000834091638e+01,2.128125423985428588e-01,2.117454653107449791e-01,1.462883919293813707e-03,1.111751904054425388e+01,6.643242079077373852e+00,9.526056506022126521e-04,5.147442530657000859e+00,1.651274210153668719e+03,1.651274210153668719e+03
3.351348391304144769e+01,2.134093783011714041e-01,2.123432578353791900e-01,1.465703791495586578e-03,1.112745622329921069e+01,6.643692765045384085e+00,9.519929329488501478e-04,5.149913231449871454e+00,1.651314142147781922e+03,1.651314142147781922e+03
3.358526781774197900e+01,2.140065991304134219e-01,2.129424125852651672e-01,1.468527367154593690e-03,1.113739840363554912e+01,6.644142607386301691e+00,9.513811116964984629e-04,5.152383932242742937e+00,1.651354026228398652e+03,1.651354026228398652e+03
3.365705172244251031e+01,2.146042038224390547e-01,2.135429383542889192e-01,1.471354721467434427e-03,1.114734536705667978e+01,6.644592783639712508e+00,9.507696789978651664e-04,5.154854633035612643e+00,1.651393870341104048e+03,1.651393870341104048e+03
3.372883562714304873e+01,2.152021913167105061e-01,2.141448548732673984e-01,1.474185954199616708e-03,1.115729728249142738e+01,6.645042376952167373e+00,9.501590286227638892e-04,5.157325333828484126e+00,1.651433674095078914e+03,1.651433674095078914e+03
3.380061953184358003e+01,2.158005605553168504e-01,2.147483621719401270e-01,1.477022452741723378e-03,1.116725395535030785e+01,6.645492540123053793e+00,9.495486644061357229e-04,5.159796034621354721e+00,1.651473431358523612e+03,1.651473431358523612e+03
3.387240343654411134e+01,2.163993104823146996e-01,2.153521762206681012e-01,1.479855311347490297e-03,1.117721587254885662e+01,6.645940110242250398e+00,9.489399440264189830e-04,5.162266735414225316e+00,1.651513148402216530e+03,1.651513148402216530e+03
3.394418734124464265e+01,2.169984400430770566e-01,2.159539347148193011e-01,1.482679480628223403e-03,1.118709880140812452e+01,6.646387063947142515e+00,9.483354904559094124e-04,5.164716799854475404e+00,1.651552494001477271e+03,1.651552494001477271e+03
3.401597124594517396e+01,2.175979481836476381e-01,2.165542303490808895e-01,1.485499374639839918e-03,1.119690074024409299e+01,6.646835082588688159e+00,9.477346385032794267e-04,5.167145829831049753e+00,1.651591462037441943e+03,1.651591462037441943e+03
3.408775515064570527e+01,2.181978338501034398e-01,2.171557734318436683e-01,1.488322247271895490e-03,1.120670748451105503e+01,6.647282414259422900e+00,9.471345949229076789e-04,5.169574859807623213e+00,1.651630388661903453e+03,1.651630388661903453e+03
3.415953905534624369e+01,2.187980959879234077e-01,2.177586721556984128e-01,1.491148846468824587e-03,1.121651889494883747e+01,6.647729869399984892e+00,9.465350115048968378e-04,5.172003889784198449e+00,1.651669273908296418e+03,1.651669273908296418e+03
3.423132296004677499e+01,2.193987335413633832e-01,2.183629307508106465e-01,1.493979171176412985e-03,1.122633509705226729e+01,6.648176753632664138e+00,9.459361850862327758e-04,5.174432919760771910e+00,1.651708117473367565e+03,1.651708117473367565e+03
3.430310686474730630e+01,2.199997454528391239e-01,2.189688136619388215e-01,1.496815046643177032e-03,1.123615585843894493e+01,6.648624451238254629e+00,9.453375224479519581e-04,5.176861949737346258e+00,1.651746919551384053e+03,1.651746919551384053e+03
3.437489076944783761e+01,2.206011306623138490e-01,2.195756773365555581e-01,1.499652008471499300e-03,1.124598156222716838e+01,6.649070628612498091e+00,9.447400212725511146e-04,5.179290979713921494e+00,1.651785680158427340e+03,1.651785680158427340e+03
3.444667467414836892e+01,2.212028881066946395e-01,2.201810241332657070e-01,1.502477946208850964e-03,1.125577520374795526e+01,6.649514279633883085e+00,9.441456304213509398e-04,5.181710914344657581e+00,1.651824253798464952e+03,1.651824253798464952e+03
3.451845857884890734e+01,2.218050167192330835e-01,2.207835805493360282e-01,1.505296183625077317e-03,1.126544732359909595e+01,6.649958786527062848e+00,9.435565375378635218e-04,5.184099968375928569e+00,1.651862292509381859e+03,1.651862292509381859e+03
3.459024248354943865e+01,2.224075154289336942e-01,2.213874458530235012e-01,1.508118322174084635e-03,1.127512078949015439e+01,6.650403985393203321e+00,9.429677703690162588e-04,5.186488269702085319e+00,1.651900276923638785e+03,1.651900276923638785e+03
3.466202638824996995e+01,2.230103831599682396e-01,2.219926620308150245e-01,1.510944186302047316e-03,1.128479896445573516e+01,6.650848247897991783e+00,9.423798975976309042e-04,5.188876571028242068e+00,1.651938218671095456e+03,1.651938218671095456e+03
3.473381029295050126e+01,2.236136188310965944e-01,2.225992209318575499e-01,1.513773742612568819e-03,1.129448158627456067e+01,6.651293013934975740e+00,9.417923042023966691e-04,5.191264872354398818e+00,1.651976117787698058e+03,1.651976117787698058e+03
3.480559419765103257e+01,2.242172213550930882e-01,2.232071587596923812e-01,1.516607193005435096e-03,1.130416888796436403e+01,6.651737030071358525e+00,9.412055239454744345e-04,5.193653173680556456e+00,1.652013974168015920e+03,1.652013974168015920e+03
3.487737810235157099e+01,2.248211896381798469e-01,2.238168469079064582e-01,1.519447094757609687e-03,1.131386050109321140e+01,6.652182301202635095e+00,9.406187021732369258e-04,5.196041475006713206e+00,1.652051835580739635e+03,1.652051835580739635e+03
3.494916200705210230e+01,2.254255225794652151e-01,2.244260706249781856e-01,1.522279558506512602e-03,1.132354784849079898e+01,6.652623914635806379e+00,9.400343110479798727e-04,5.198427479675750362e+00,1.652089573638724005e+03,1.652089573638724005e+03
3.502094591175263361e+01,2.260302190703898373e-01,2.250316938694036928e-01,1.525099812752358499e-03,1.133310861515442092e+01,6.653066340026653869e+00,9.394553714147744344e-04,5.200781499945800412e+00,1.652126713270836717e+03,1.652126713270836717e+03
3.509272981645316491e+01,2.266352779941766260e-01,2.256376717492998563e-01,1.527920148556747085e-03,1.134265130887539819e+01,6.653508030375666848e+00,9.388781354140794504e-04,5.203130018878719731e+00,1.652163861001004761e+03,1.652163861001004761e+03
3.516451372115369622e+01,2.272406982252881957e-01,2.262451502079664001e-01,1.530745319309162250e-03,1.135219827583130936e+01,6.653950411962304301e+00,9.383010828753561008e-04,5.205478537811637274e+00,1.652200976549420375e+03,1.652200976549420375e+03
3.523629762585423464e+01,2.278464786288897648e-01,2.268539623333478139e-01,1.533574143249324300e-03,1.136174979776363259e+01,6.654392043652777922e+00,9.377248256308100532e-04,5.207827056744555705e+00,1.652238007239173839e+03,1.652238007239173839e+03
3.530808153055476595e+01,2.284526180603697332e-01,2.274641050949227639e-01,1.536406618912160163e-03,1.137130564072183958e+01,6.654834023331330783e+00,9.371488968024014980e-04,5.210175575677474136e+00,1.652275012366745159e+03,1.652275012366745159e+03
3.537986543525529726e+01,2.290591153652672407e-01,2.280758854421251480e-01,1.539244792639388746e-03,1.138086589921635117e+01,6.655275978326607778e+00,9.365734541178600756e-04,5.212524094610392567e+00,1.652311985027558194e+03,1.652311985027558194e+03
3.545164933995582857e+01,2.296659693796268553e-01,2.286885689593766979e-01,1.542083685561700590e-03,1.139043063927445054e+01,6.655717318976865471e+00,9.359987469143922663e-04,5.214872613543310109e+00,1.652348912923410126e+03,1.652348912923410126e+03
3.552343324465635988e+01,2.302731789304150456e-01,2.292982076586567164e-01,1.544910536405280253e-03,1.139989770910725042e+01,6.656157504142560022e+00,9.354291056156071801e-04,5.217196245600219662e+00,1.652385404609922944e+03,1.652385404609922944e+03
3.559521714935689829e+01,2.308807428359324065e-01,2.299063689403006427e-01,1.547729945739195799e-03,1.140931173490240802e+01,6.656597054473965436e+00,9.348624995256862857e-04,5.219505905962787295e+00,1.652421629094788841e+03,1.652421629094788841e+03
3.566700105405742960e+01,2.314886599062228600e-01,2.305160637643541288e-01,1.550554433473686411e-03,1.141873009122000049e+01,6.657036294171940760e+00,9.342964854199989431e-04,5.221815566325354041e+00,1.652457805039673758e+03,1.652457805039673758e+03
3.573878495875796091e+01,2.320969289434774707e-01,2.311270789845729090e-01,1.553382573102222216e-03,1.142815261771274393e+01,6.657475937044838865e+00,9.337307608446127017e-04,5.224125226687920787e+00,1.652493957908892980e+03,1.652493957908892980e+03
3.581056886345849222e+01,2.327055487424356528e-01,2.317394154888891000e-01,1.556214328534040675e-03,1.143757953438830199e+01,6.657914886599184179e+00,9.331657888985556539e-04,5.226434887050487532e+00,1.652530056609211670e+03,1.652530056609211670e+03
3.588235276815902353e+01,2.333145180907813809e-01,2.323531038735907883e-01,1.559049920213516566e-03,1.144701064051023565e+01,6.658354269661107772e+00,9.326010928478434790e-04,5.228744547413054278e+00,1.652566092440118155e+03,1.652566092440118155e+03
3.595413667285956194e+01,2.339238357695358206e-01,2.329685103548433667e-01,1.561891785563727280e-03,1.145644597434210610e+01,6.658793677911347686e+00,9.320368445417495954e-04,5.231054207775621911e+00,1.652602183092777068e+03,1.652602183092777068e+03
3.602592057756009325e+01,2.345335005534461281e-01,2.335824123502382443e-01,1.564726215352471323e-03,1.146582767040142059e+01,6.659232655512689725e+00,9.314755373895543733e-04,5.233349815127233740e+00,1.652638045369505107e+03,1.652638045369505107e+03
3.609770448226062456e+01,2.351435112113708092e-01,2.341932941242598765e-01,1.567548713176476630e-03,1.147511480009995566e+01,6.659670238953009580e+00,9.309191997525780807e-04,5.235621411840797101e+00,1.652673485670585023e+03,1.652673485670585023e+03
3.616948838696115587e+01,2.357538665066601924e-01,2.348049765097169062e-01,1.570371429009836213e-03,1.148440610935048589e+01,6.660107347691986313e+00,9.303635070588281084e-04,5.237893008554360463e+00,1.652708872520863679e+03,1.652708872520863679e+03
3.624127229166168718e+01,2.363645651975350148e-01,2.354181340563789859e-01,1.573198859276075034e-03,1.149370165438324953e+01,6.660543932744013240e+00,9.298084791064020792e-04,5.240164605267923825e+00,1.652744205507552806e+03,1.652744205507552806e+03
3.631305619636221849e+01,2.369756060374584028e-01,2.360325949809363444e-01,1.576029869085407865e-03,1.150300124040082927e+01,6.660980987882057391e+00,9.292536969285755070e-04,5.242436201981487187e+00,1.652779484163193501e+03,1.652779484163193501e+03
3.638484010106275690e+01,2.375869877755071857e-01,2.366483654490234567e-01,1.578864456872116013e-03,1.151230509377287703e+01,6.661417232636128283e+00,9.286996988363731623e-04,5.244707798695050549e+00,1.652814729372794091e+03,1.652814729372794091e+03
3.645662400576328821e+01,2.381987091567377146e-01,2.372656652133815769e-01,1.581704116120214538e-03,1.152161292061256326e+01,6.661854348438515316e+00,9.281457771425466160e-04,5.246979395408614799e+00,1.652849936968430256e+03,1.652849936968430256e+03
3.652840791046381952e+01,2.388107689225486274e-01,2.378833544501408603e-01,1.584543449972162068e-03,1.153090863317766512e+01,6.662290244761306823e+00,9.275934574593334286e-04,5.249247014004903455e+00,1.652885040233453765e+03,1.652885040233453765e+03
3.660019181516435083e+01,2.394231658110398953e-01,2.384973077132073738e-01,1.587371705482236613e-03,1.154007085984757630e+01,6.662727755920228923e+00,9.270462961306292961e-04,5.251481442546429790e+00,1.652919681263440680e+03,1.652919681263440680e+03
3.667197571986488214e+01,2.400358985573683435e-01,2.391110702049403236e-01,1.590193583290232249e-03,1.154923760084996154e+01,6.663161869239377033e+00,9.265009911115193756e-04,5.253715871087957012e+00,1.652954296678589571e+03,1.652954296678589571e+03
3.674375962456542055e+01,2.406489658940997589e-01,2.397263232514245945e-01,1.593020348712813512e-03,1.155840827018409200e+01,6.663596450422597961e+00,9.259559187602119058e-04,5.255950299629484235e+00,1.652988851780831283e+03,1.652988851780831283e+03
3.681554352926595186e+01,2.412623665515571947e-01,2.403428729872693626e-01,1.595850682012317718e-03,1.156758299823638581e+01,6.664030727069204296e+00,9.254114027057213157e-04,5.258184728171009681e+00,1.653023345829691152e+03,1.653023345829691152e+03
3.688732743396648317e+01,2.418760992581662217e-01,2.409607167643699199e-01,1.598684558430537661e-03,1.157676175408147401e+01,6.664464871124342160e+00,9.248673702731702046e-04,5.260419156712536903e+00,1.653057778260196301e+03,1.653057778260196301e+03
3.695911133866701448e+01,2.424901627407968219e-01,2.415798586158083849e-01,1.601521993375981364e-03,1.158594453737079277e+01,6.664898891535293579e+00,9.243238171883359951e-04,5.262653585254063238e+00,1.653092148474962869e+03,1.653092148474962869e+03
3.703089524336754579e+01,2.431045557251008959e-01,2.421999095893798137e-01,1.604360386849990180e-03,1.159513143571875382e+01,6.665331900210460958e+00,9.237811141601947901e-04,5.264888013795590460e+00,1.653126555310480626e+03,1.653126555310480626e+03
3.710267914806808420e+01,2.437192769358474120e-01,2.428169577143386437e-01,1.607191775486789802e-03,1.160419295575053589e+01,6.665767174450424548e+00,9.232429134759439831e-04,5.267091350579732989e+00,1.653160495643317290e+03,1.653160495643317290e+03
3.717446305276861551e+01,2.443343250972512815e-01,2.434332025964268120e-01,1.610015861666212571e-03,1.161323695847000081e+01,6.666199601325902613e+00,9.227071698313224404e-04,5.269289425354646283e+00,1.653194341506981345e+03,1.653194341506981345e+03
3.724624695746914682e+01,2.449496989332464736e-01,2.440504049396407804e-01,1.612841339742158075e-03,1.162228485561890601e+01,6.666631840335027093e+00,9.221719193825599417e-04,5.271487500129559578e+00,1.653228118921272653e+03,1.653228118921272653e+03
3.731803086216967813e+01,2.455653971676799996e-01,2.446689942319532907e-01,1.615671024591883382e-03,1.163133675632861674e+01,6.667063468633174672e+00,9.216373380727415666e-04,5.273685574904472873e+00,1.653261827203198891e+03,1.653261827203198891e+03
3.738981476687020944e+01,2.461814185244808884e-01,2.452888622883496184e-01,1.618504218040373727e-03,1.164039245632808317e+01,6.667495546245767457e+00,9.211029828630318793e-04,5.275883649679386167e+00,1.653295465648768186e+03,1.653295465648768186e+03
3.746159867157074785e+01,2.467977617278288849e-01,2.459100144514841935e-01,1.621340918637176939e-03,1.164945214042858623e+01,6.667926864910891815e+00,9.205693571660430400e-04,5.278081724454299462e+00,1.653329113307702528e+03,1.653329113307702528e+03
3.753338257627127916e+01,2.474144255023200956e-01,2.465319488327219755e-01,1.624177820590500584e-03,1.165851572402636549e+01,6.668357680622217565e+00,9.200363533296355674e-04,5.280279799229211868e+00,1.653362777553433489e+03,1.653362777553433489e+03
3.760516648097181047e+01,2.480314085731329943e-01,2.471515247778248991e-01,1.627006953558305519e-03,1.166749207669716348e+01,6.668788319398507802e+00,9.195073516252761682e-04,5.282455974170668256e+00,1.653396104237981035e+03,1.653396104237981035e+03
3.767695038567234178e+01,2.486487096661899043e-01,2.477699807828658007e-01,1.629831803782858402e-03,1.167641517045480981e+01,6.669219094973910522e+00,9.189808964996643405e-04,5.284618448159172033e+00,1.653429167672326230e+03,1.653429167672326230e+03
3.774873429037287309e+01,2.492663275083203678e-01,2.483892410438711396e-01,1.632657076722414261e-03,1.168534219676846497e+01,6.669648817658308637e+00,9.184552805725982368e-04,5.286780922147676698e+00,1.653462153193296899e+03,1.653462153193296899e+03
3.782051819507341150e+01,2.498842608274193522e-01,2.490098129118595016e-01,1.635486115974161929e-03,1.169427304727406103e+01,6.670078254485164670e+00,9.179301838237010139e-04,5.288943396136180475e+00,1.653495059992458437e+03,1.653495059992458437e+03
3.789230209977394281e+01,2.505025083526065677e-01,2.496316508153884339e-01,1.638318632629509261e-03,1.170320756788878924e+01,6.670507953395151013e+00,9.174053776700144460e-04,5.291105870124685140e+00,1.653527980616703871e+03,1.653527980616703871e+03
3.796408600447447412e+01,2.511210688143830083e-01,2.502547584915188472e-01,1.641154621597088392e-03,1.171214589404863027e+01,6.670937054032193281e+00,9.168812189994711512e-04,5.293268344113188917e+00,1.653560966820110252e+03,1.653560966820110252e+03
3.803586990917500543e+01,2.517399409447856895e-01,2.508790509049108608e-01,1.643993532860000759e-03,1.172108789798981654e+01,6.671366485951292447e+00,9.163573215523030356e-04,5.295430818101692694e+00,1.653593918942451182e+03,1.653593918942451182e+03
3.810765381387553674e+01,2.523591234775417469e-01,2.515012153947980833e-01,1.646821503423819910e-03,1.172997775488998506e+01,6.671793182981286208e+00,9.158371130830849629e-04,5.297579785892655657e+00,1.653626585179640642e+03,1.653626585179640642e+03
3.817943771857607516e+01,2.529786151482202317e-01,2.521213084808352489e-01,1.649643643770420118e-03,1.173878217533184909e+01,6.672221187532844766e+00,9.153201536922290398e-04,5.299707447718703612e+00,1.653658840978711851e+03,1.653658840978711851e+03
3.825122162327660646e+01,2.535984146943827122e-01,2.527425570548696987e-01,1.652468574821257903e-03,1.174759039099525992e+01,6.672648389732961149e+00,9.148039144931485820e-04,5.301835109544751568e+00,1.653691020020594351e+03,1.653691020020594351e+03
3.832300552797713777e+01,2.542185208557320997e-01,2.533650993226796988e-01,1.655297235262728804e-03,1.175640208396645647e+01,6.673075885349486036e+00,9.142879398814483414e-04,5.303962771370799523e+00,1.653723355572663650e+03,1.653723355572663650e+03
3.839478943267766908e+01,2.548389323742604184e-01,2.539888673673153519e-01,1.658129146115804942e-03,1.176521742954305338e+01,6.673503244378801824e+00,9.137724083983862679e-04,5.306090433196847478e+00,1.653755657926269578e+03,1.653755657926269578e+03
3.846657333737820039e+01,2.554596479943950782e-01,2.546138953849466646e-01,1.660964506787248685e-03,1.177403652508281340e+01,6.673930120173189984e+00,9.132574632020703425e-04,5.308218095022894545e+00,1.653787870815897122e+03,1.653787870815897122e+03
3.853835724207873170e+01,2.560806664631425922e-01,2.552401785513668808e-01,1.663803296841825366e-03,1.178285921857251672e+01,6.674357315818597591e+00,9.127427715763664073e-04,5.310345756848943388e+00,1.653819994798899188e+03,1.653819994798899188e+03
3.861014114677927012e+01,2.567019865302325732e-01,2.558660342338421323e-01,1.666638024389035947e-03,1.179166089866456879e+01,6.674782653927062270e+00,9.122301782422703210e-04,5.312467459922900481e+00,1.653852023966438082e+03,1.653852023966438082e+03
3.868192505147980143e+01,2.573236069482590649e-01,2.564879634221231552e-01,1.669459108497958538e-03,1.180034847829802658e+01,6.675208327588824098e+00,9.117222819825936434e-04,5.314561071725577790e+00,1.653883653063539214e+03,1.653883653063539214e+03
3.875370895618033273e+01,2.579455264728206521e-01,2.571108504491678715e-01,1.672281749600889244e-03,1.180903974499961784e+01,6.675632876625583023e+00,9.112152246077752458e-04,5.316654683528255099e+00,1.653915292442414966e+03,1.653915292442414966e+03
3.882549286088086404e+01,2.585677438626595159e-01,2.577353691626030341e-01,1.675110359938488357e-03,1.181773442538048791e+01,6.676058254461118224e+00,9.107081995008202511e-04,5.318748295330932407e+00,1.653946846533944836e+03,1.653946846533944836e+03
3.889727676558139535e+01,2.591902578797989909e-01,2.583610552684061368e-01,1.677941880094401721e-03,1.182643271971470611e+01,6.676483280038171486e+00,9.102016939181657891e-04,5.320841907133608828e+00,1.653978299705332574e+03,1.653978299705332574e+03
3.896906067028193377e+01,2.598130672896792337e-01,2.589880253865755044e-01,1.680777065460498836e-03,1.183513457475056185e+01,6.676908025775937006e+00,9.096956770748216344e-04,5.322935518936286137e+00,1.654009743180749410e+03,1.654009743180749410e+03
3.904084457498246508e+01,2.604361708612917270e-01,2.596161034160254233e-01,1.683614789839991098e-03,1.184383980436607331e+01,6.677332997781138424e+00,9.091899393449788883e-04,5.325029130738963445e+00,1.654041329280184300e+03,1.654041329280184300e+03
3.911262847968299639e+01,2.610595673672918560e-01,2.602446907080874228e-01,1.686451901457266308e-03,1.185254323843392932e+01,6.677756248117416860e+00,9.086854951614294421e-04,5.327121399740455843e+00,1.654072806645498986e+03,1.654072806645498986e+03
3.918441238438352769e+01,2.616832555839703200e-01,2.608694349799374756e-01,1.689277416822419992e-03,1.186112412780084391e+01,6.678180668629794425e+00,9.081856674212063479e-04,5.329183680687028968e+00,1.654103726906223301e+03,1.654103726906223301e+03
3.925619628908405900e+01,2.623072342910952037e-01,2.614941951742665305e-01,1.692099668635585561e-03,1.186969997579551439e+01,6.678603037409295062e+00,9.076873767243013973e-04,5.331243868038622935e+00,1.654134576102160963e+03,1.654134576102160963e+03
3.932798019378459742e+01,2.629315022717383932e-01,2.621204083290891163e-01,1.694926771079981144e-03,1.187827911285402216e+01,6.679025887459562050e+00,9.071892497137203819e-04,5.333304055390218679e+00,1.654165477543162751e+03,1.654165477543162751e+03
3.939976409848512873e+01,2.635560583121033806e-01,2.627478937980876617e-01,1.697757534478567783e-03,1.188686160600356345e+01,6.679448908674047836e+00,9.066914139342601830e-04,5.335364242741812646e+00,1.654196391816120240e+03,1.654196391816120240e+03
3.947154800318566004e+01,2.641809012013550673e-01,2.633765958463896162e-01,1.700591558032464199e-03,1.189544766932527686e+01,6.679871260810254618e+00,9.061942146006280981e-04,5.337424430093408390e+00,1.654227206922338837e+03,1.654227206922338837e+03
3.954333190788619135e+01,2.648060297314506761e-01,2.640069210269573308e-01,1.703431497753956367e-03,1.190403700619305738e+01,6.680294696380398634e+00,9.056969319137807327e-04,5.339484617445002357e+00,1.654257907375744935e+03,1.654257907375744935e+03
3.961511581258672265e+01,2.654314426969727747e-01,2.646378725181055547e-01,1.706270858017079877e-03,1.191262998950595886e+01,6.680716351175168377e+00,9.052007400231463791e-04,5.341544804796598100e+00,1.654288693017070955e+03,1.654288693017070955e+03
3.968689971728726107e+01,2.660571388949635185e-01,2.652652757413087037e-01,1.709098478834033662e-03,1.192111684541439054e+01,6.681138490661459706e+00,9.047087806843478412e-04,5.343579007202456488e+00,1.654319161903459644e+03,1.654319161903459644e+03
3.975868362198779238e+01,2.666831171247599497e-01,2.658921244674825601e-01,1.711922003156880409e-03,1.192957933385741498e+01,6.681559396320011501e+00,9.042187189717427456e-04,5.345606575607940059e+00,1.654349408533429141e+03,1.654349408533429141e+03
3.983046752668832369e+01,2.673093761878319596e-01,2.665200881813002964e-01,1.714748204662448110e-03,1.193804525779624193e+01,6.681979755039744617e+00,9.037292320288665319e-04,5.347634144013423629e+00,1.654379559388088637e+03,1.654379559388088637e+03
3.990225143138885500e+01,2.679359148876211960e-01,2.671494158411314435e-01,1.717578715855749664e-03,1.194651433893346670e+01,6.682400775704360640e+00,9.032398239243879341e-04,5.349661712418906312e+00,1.654409740595624726e+03,1.654409740595624726e+03
3.997403533608938631e+01,2.685627320293808018e-01,2.677796837361140492e-01,1.720410759309563701e-03,1.195498688163033663e+01,6.682820583391213987e+00,9.027512614135489331e-04,5.351689280824389883e+00,1.654439998826972442e+03,1.654439998826972442e+03
4.004581924078992472e+01,2.691898264200179303e-01,2.684116272463603625e-01,1.723249093416433057e-03,1.196346258848301503e+01,6.683241503494731894e+00,9.022625936264120532e-04,5.353716849229873453e+00,1.654470149921093025e+03,1.654470149921093025e+03
4.011760314549045603e+01,2.698171968679368149e-01,2.690449998095091888e-01,1.726092089872799124e-03,1.197194167339684867e+01,6.683662356226265366e+00,9.017743030564126907e-04,5.355744417635356136e+00,1.654500182952240721e+03,1.654500182952240721e+03
4.018938705019098734e+01,2.704448421828835603e-01,2.696753239310270556e-01,1.728923388089901626e-03,1.198033850748929119e+01,6.684082305375175004e+00,9.012898906671678364e-04,5.357751699646932764e+00,1.654530008258560883e+03,1.654530008258560883e+03
4.026117095489151865e+01,2.710727611757925981e-01,2.703040400177396108e-01,1.731747105582626903e-03,1.198868904514642786e+01,6.684501635120268404e+00,9.008079019350354434e-04,5.359747239988792877e+00,1.654559690564108223e+03,1.654559690564108223e+03
4.033295485959204996e+01,2.717009526586338652e-01,2.709338391434439886e-01,1.734573326861346687e-03,1.199704303516794646e+01,6.684919856750624056e+00,9.003267052443172762e-04,5.361742780330652991e+00,1.654589256853062807e+03,1.654589256853062807e+03
4.040473876429258837e+01,2.723294154442629234e-01,2.715648756816000375e-01,1.737403069640506897e-03,1.200540021679039349e+01,6.685338462041064744e+00,8.998456914958489995e-04,5.363738320672513105e+00,1.654618682309666610e+03,1.654618682309666610e+03
4.047652266899311968e+01,2.729581483462703018e-01,2.721970948884420705e-01,1.740235983530186029e-03,1.201376052645064441e+01,6.685756833716576253e+00,8.993651106031750079e-04,5.365733861014373218e+00,1.654648309027931191e+03,1.654648309027931191e+03
4.054830657369365099e+01,2.735871501788341709e-01,2.728304471048014768e-01,1.743071721491849671e-03,1.202212410862060210e+01,6.686174855991031230e+00,8.988850103803437035e-04,5.367729401356233332e+00,1.654677895460088621e+03,1.654677895460088621e+03
4.062009047839418230e+01,2.742164197565736816e-01,2.734648873667854252e-01,1.745909993688141886e-03,1.203049092585474789e+01,6.686592988343718957e+00,8.984052037458039892e-04,5.369724941698092557e+00,1.654707339407425707e+03,1.654707339407425707e+03
4.069187438309471361e+01,2.748459558944033043e-01,2.740978676560706373e-01,1.748743945469192606e-03,1.203879620257674077e+01,6.687010574859772127e+00,8.979283325653257411e-04,5.371705150031047538e+00,1.654736479495239792e+03,1.654736479495239792e+03
4.076365828779524492e+01,2.754757574073889992e-01,2.747283858668781997e-01,1.751567705389983935e-03,1.204703673888074889e+01,6.687427782816082633e+00,8.974544269015166361e-04,5.373669343488102434e+00,1.654765588582198916e+03,1.654765588582198916e+03
4.083544219249578333e+01,2.761058231106059413e-01,2.753599540926036093e-01,1.754393821266391840e-03,1.205528052914646153e+01,6.687844412181309650e+00,8.969810857317223225e-04,5.375633536945157331e+00,1.654794579804956129e+03,1.654794579804956129e+03
4.090722609719631464e+01,2.767361518189968006e-01,2.759927196496688162e-01,1.757223226761518448e-03,1.206352755395760745e+01,6.688260646898997130e+00,8.965082337467218101e-04,5.377597730402212228e+00,1.654823441953563133e+03,1.654823441953563133e+03
4.097901000189684595e+01,2.773667423472324089e-01,2.766266767219962008e-01,1.760055913135167042e-03,1.207177755761044047e+01,6.688677343842170941e+00,8.960355216925395324e-04,5.379561923859267125e+00,1.654852351169458188e+03,1.654852351169458188e+03
4.105079390659737726e+01,2.779975935095760908e-01,2.772620844993012867e-01,1.762893498578823378e-03,1.208003068384328493e+01,6.689093730709379848e+00,8.955632627581024303e-04,5.381526117316322022e+00,1.654881349157158866e+03,1.654881349157158866e+03
4.112257781129790857e+01,2.786287041197849645e-01,2.778978917246010538e-01,1.765729259602260215e-03,1.208828714966485229e+01,6.689508978569418396e+00,8.950917938333961387e-04,5.383490310773376919e+00,1.654910189770731904e+03,1.654910189770731904e+03
4.119436171599844698e+01,2.792600729910565405e-01,2.785320412983334215e-01,1.768557097942600022e-03,1.209649933661119725e+01,6.689923069802876654e+00,8.946228478038994320e-04,5.385443294274820047e+00,1.654938825438963704e+03,1.654938825438963704e+03
4.126614562069897829e+01,2.798916989359835350e-01,2.791642317900507875e-01,1.771380356978696302e-03,1.210463164996705743e+01,6.690337709286729329e+00,8.941570058775202834e-04,5.387376769184471392e+00,1.654967280914360799e+03,1.654967280914360799e+03
4.133792952539950960e+01,2.805235807665095726e-01,2.797974618353506471e-01,1.774205979570538886e-03,1.211276694892021233e+01,6.690752562072227683e+00,8.936913962474980896e-04,5.389310244094121849e+00,1.654995666114556570e+03,1.654995666114556570e+03
4.140971343010004091e+01,2.811557172938853877e-01,2.804318784352820559e-01,1.777034858417715201e-03,1.212090545150959997e+01,6.691166726908773121e+00,8.932263838707199359e-04,5.391243719003773194e+00,1.655023914044641970e+03,1.655023914044641970e+03
4.148149733480057222e+01,2.817881073286256921e-01,2.810674778174599986e-01,1.779867001924014631e-03,1.212904687773189671e+01,6.691580983349838085e+00,8.927616514685499495e-04,5.393177193913423650e+00,1.655052275948426313e+03,1.655052275948426313e+03
4.155328123950111063e+01,2.824207496804655992e-01,2.817044388237542885e-01,1.782703538014493482e-03,1.213719119503959654e+01,6.691995842407703066e+00,8.922969927249742696e-04,5.395110668823074995e+00,1.655080648737909087e+03,1.655080648737909087e+03
4.162506514420164194e+01,2.830536431583183243e-01,2.823425755596495890e-01,1.785543224411944652e-03,1.214533878306971104e+01,6.692409754397449007e+00,8.918330348758191084e-04,5.397044143732726340e+00,1.655108851144489336e+03,1.655108851144489336e+03
4.169684904890217325e+01,2.836867865702326630e-01,2.829791066471965544e-01,1.788373413089120638e-03,1.215345608178160397e+01,6.692822076630300820e+00,8.913712419753081319e-04,5.398969746626434585e+00,1.655136982074895741e+03,1.655136982074895741e+03
4.176863295360270456e+01,2.843201787233519129e-01,2.836127420589417136e-01,1.791195031991451138e-03,1.216148174633619661e+01,6.693234744468167463e+00,8.909130238841532403e-04,5.400873140888924340e+00,1.655164878218958165e+03,1.655164878218958165e+03
4.184041685830323587e+01,2.849538184238716299e-01,2.842475868643386527e-01,1.794020108971983466e-03,1.216951048591818463e+01,6.693646985662064175e+00,8.904552872438570212e-04,5.402776535151414095e+00,1.655192617590139207e+03,1.655192617590139207e+03
4.191220076300377428e+01,2.855877044769996598e-01,2.848836543602854543e-01,1.796848752809650316e-03,1.217754207084092855e+01,6.694059707234082168e+00,8.899976652214272154e-04,5.404679929413904738e+00,1.655220307677689107e+03,1.655220307677689107e+03
4.198398466770430559e+01,2.862218356869137281e-01,2.855208957852134466e-01,1.799680635086860171e-03,1.218557658257198817e+01,6.694471900150800181e+00,8.895405634942422316e-04,5.406583323676395381e+00,1.655248159188778118e+03,1.655248159188778118e+03
4.205576857240483690e+01,2.868562108567235258e-01,2.861593120920251643e-01,1.802515744826190284e-03,1.219361407887592996e+01,6.694884081514887342e+00,8.890837746890967652e-04,5.408486717938885135e+00,1.655275869834334799e+03,1.655275869834334799e+03
4.212755247710536821e+01,2.874908287884290758e-01,2.867993153826354225e-01,1.805356691047321728e-03,1.220165440186374362e+01,6.695297176462904787e+00,8.886269259721486747e-04,5.410390112201374890e+00,1.655303453410529073e+03,1.655303453410529073e+03
4.219933638180589952e+01,2.881256882828828747e-01,2.874387619903728819e-01,1.808193699510278083e-03,1.220967240266065268e+01,6.695708595475692526e+00,8.881719659034931387e-04,5.412287550386362334e+00,1.655331173210385714e+03,1.655331173210385714e+03
4.227112028650643794e+01,2.887607881397491472e-01,2.880748054035185968e-01,1.811019678631423926e-03,1.221759535641899319e+01,6.696120383438045387e+00,8.877206595334798502e-04,5.414162034190987072e+00,1.655358429502940226e+03,1.655358429502940226e+03
4.234290419120696924e+01,2.893961271574666538e-01,2.887110745513748467e-01,1.813843336191745112e-03,1.222551882852383720e+01,6.696530674173455822e+00,8.872703495924402902e-04,5.416035901101897920e+00,1.655385499597092348e+03,1.655385499597092348e+03
4.241468809590750055e+01,2.900317041332093337e-01,2.893487128646975437e-01,1.816671530702891960e-03,1.223344500519387346e+01,6.696940949345965954e+00,8.868203432331299299e-04,5.417909768012809657e+00,1.655412830011862297e+03,1.655412830011862297e+03
4.248647200060803186e+01,2.906675178628495559e-01,2.899875119953752578e-01,1.819502927068018024e-03,1.224137400178642388e+01,6.697351595433008953e+00,8.863704870071278073e-04,5.419783634923720506e+00,1.655440029304117843e+03,1.655440029304117843e+03
4.255825590530856317e+01,2.913035671409194838e-01,2.906274797838675483e-01,1.822337533196040534e-03,1.224930604065980866e+01,6.697761640593701493e+00,8.859211713684111240e-04,5.421657501834631354e+00,1.655467032332110648e+03,1.655467032332110648e+03
4.263003981000909448e+01,2.919398507605744375e-01,2.912686251262116000e-01,1.825175452033313836e-03,1.225724074880506720e+01,6.698171753368250769e+00,8.854721250054386128e-04,5.423531368745542203e+00,1.655494309509193045e+03,1.655494309509193045e+03
4.270182371470963290e+01,2.925763675135560349e-01,2.919098426895203602e-01,1.828012632039999284e-03,1.226515881203422964e+01,6.698581939143218200e+00,8.850240395891227673e-04,5.425400672449491424e+00,1.655521391862591145e+03,1.655521391862591145e+03
4.277360761941016420e+01,2.932131161901558314e-01,2.925481306962329775e-01,1.830842285451057165e-03,1.227297988855170274e+01,6.698992154441966385e+00,8.845797801364123141e-04,5.427246610162207219e+00,1.655547934967588162e+03,1.655547934967588162e+03
4.284539152411069551e+01,2.938500955791791824e-01,2.931861202842532821e-01,1.833666688921781239e-03,1.228079948759614481e+01,6.699400804065083648e+00,8.841365892368951637e-04,5.429091544288708882e+00,1.655574741852122770e+03,1.655574741852122770e+03
4.291717542881122682e+01,2.944873044679092167e-01,2.938252893491488105e-01,1.836494455600581714e-03,1.228862185935888007e+01,6.699809669955918423e+00,8.836936022545362375e-04,5.430936478415210544e+00,1.655601405106077664e+03,1.655601405106077664e+03
4.298895933351175813e+01,2.951247416420722525e-01,2.944656474148723002e-01,1.839325604182068035e-03,1.229644722086898234e+01,6.700217695105292748e+00,8.832512422467748764e-04,5.432781412541712207e+00,1.655627902146265114e+03,1.655627902146265114e+03
4.306074323821229655e+01,2.957624058858084881e-01,2.951071506126528021e-01,1.842159923789402510e-03,1.230427509467008029e+01,6.700626217041539157e+00,8.828089712206480758e-04,5.434626346668214758e+00,1.655654647452213339e+03,1.655654647452213339e+03
4.313252714291282786e+01,2.964002959816718352e-01,2.957498061839667902e-01,1.844997405004988010e-03,1.231210579313176190e+01,6.701034708722590771e+00,8.823670021194463323e-04,5.436471280794716421e+00,1.655681238116662598e+03,1.655681238116662598e+03
4.320431104761335916e+01,2.970384107106470162e-01,2.963918843029171302e-01,1.847828823807684106e-03,1.231992885936580073e+01,6.701440534931018433e+00,8.819267701950316658e-04,5.438313678502037618e+00,1.655707670366615503e+03,1.655707670366615503e+03
4.327609495231389047e+01,2.976767488521694927e-01,2.970307402267218233e-01,1.850652820816797500e-03,1.232764369596599785e+01,6.701848317116870568e+00,8.814899286496165722e-04,5.440130296195688331e+00,1.655733948648334035e+03,1.655733948648334035e+03
4.334787885701442178e+01,2.983153091841431181e-01,2.976703295764842605e-01,1.853477416026577847e-03,1.233536143534964680e+01,6.702255181798146388e+00,8.810537360802550393e-04,5.441946913889338155e+00,1.655760046069177406e+03,1.655760046069177406e+03
4.341966276171496020e+01,2.989540904829592893e-01,2.983110634957309992e-01,1.856305184545343785e-03,1.234308194590329322e+01,6.702661570647132194e+00,8.806180147187118220e-04,5.443763531582987980e+00,1.655786104362093965e+03,1.655786104362093965e+03
4.349144666641549151e+01,2.995930915235156533e-01,2.989529235140216956e-01,1.859136047213397203e-03,1.235080493825073056e+01,6.703068464784331937e+00,8.801823717332963497e-04,5.445580149276638693e+00,1.655812311948111983e+03,1.655812311948111983e+03
4.356323057111602282e+01,3.002323110792338712e-01,2.995959361696340362e-01,1.861970103877323961e-03,1.235853079457671555e+01,6.703474861184633760e+00,8.797472089802474459e-04,5.447396766970288517e+00,1.655838312721020429e+03,1.655838312721020429e+03
4.363501447581655412e+01,3.008717479220788249e-01,3.002400067109528559e-01,1.864806784519442784e-03,1.236625933951337153e+01,6.703880913448335477e+00,8.793124632764542405e-04,5.449213384663938342e+00,1.655864374418780926e+03,1.655864374418780926e+03
4.370679838051708543e+01,3.015114008225756037e-01,3.008841412684438721e-01,1.867641961670705487e-03,1.237397700135345247e+01,6.704286781141534313e+00,8.788785425368867647e-04,5.451026857457374142e+00,1.655890465398978677e+03,1.655890465398978677e+03
4.377858228521762385e+01,3.021512685498283224e-01,3.015244334560607808e-01,1.870464791996889796e-03,1.238159521727840584e+01,6.704691842582697348e+00,8.784487949246466048e-04,5.452816510949577200e+00,1.655915992040921083e+03,1.655915992040921083e+03
4.385036618991815516e+01,3.027913498715376073e-01,3.021651938022866801e-01,1.873287235347042808e-03,1.238921222813408818e+01,6.705096220771973314e+00,8.780197237660717713e-04,5.454605281011643214e+00,1.655941678443483852e+03,1.655941678443483852e+03
4.392215009461868647e+01,3.034316435540184154e-01,3.028074370162501805e-01,1.876115026365318163e-03,1.239683169303543409e+01,6.705501507974771513e+00,8.775905639910374983e-04,5.456394051073710116e+00,1.655967309150850042e+03,1.655967309150850042e+03
4.399393399931921778e+01,3.040721483622171872e-01,3.034506935595885357e-01,1.878945188504876559e-03,1.240445399268098825e+01,6.705905841302998383e+00,8.771620568380932752e-04,5.458182821135776130e+00,1.655992789815106107e+03,1.655992789815106107e+03
4.406571790401974908e+01,3.047128630597302212e-01,3.040952576602228286e-01,1.881779601028477512e-03,1.241207869931843888e+01,6.706310608730179368e+00,8.767336482643100538e-04,5.459971591197842145e+00,1.656018460088836036e+03,1.656018460088836036e+03
4.413750180872028750e+01,3.053537864088199938e-01,3.047411963359326625e-01,1.884618647013858736e-03,1.241970595730817983e+01,6.706716034551401862e+00,8.763052512392780456e-04,5.461760361259909047e+00,1.656043967249505158e+03,1.656043967249505158e+03
4.420928571342081881e+01,3.059949171704327564e-01,3.053866783918364747e-01,1.887453564178693654e-03,1.242731887329242113e+01,6.707119513197554284e+00,8.758784983243680629e-04,5.463545119618189005e+00,1.656069371156944953e+03,1.656069371156944953e+03
4.428106961812135012e+01,3.066362541042157996e-01,3.060287818574408680e-01,1.890278163041233519e-03,1.243483955012107245e+01,6.707523384739393357e+00,8.754551371133455521e-04,5.465307906905746194e+00,1.656094642658514431e+03,1.656094642658514431e+03
4.435285352282188143e+01,3.072777959685336624e-01,3.066711894991223097e-01,1.893101666753825010e-03,1.244235732349433476e+01,6.707926665143907563e+00,8.750324718012703409e-04,5.467069389297189552e+00,1.656119639505056966e+03,1.656119639505056966e+03
4.442463742752241274e+01,3.079195415204863950e-01,3.073147557065223356e-01,1.895928520173286455e-03,1.244987764452810808e+01,6.708329294767476192e+00,8.746103282307390869e-04,5.468830871688632023e+00,1.656144800796891559e+03,1.656144800796891559e+03
4.449642133222295115e+01,3.085614895159244364e-01,3.079594935878445794e-01,1.898758804598104245e-03,1.245740045890394043e+01,6.708732146427246690e+00,8.741883613833968669e-04,5.470592354080075381e+00,1.656169905488541417e+03,1.656169905488541417e+03
4.456820523692348246e+01,3.092036387094662109e-01,3.086051244819710271e-01,1.901590776166248772e-03,1.246492589033081444e+01,6.709134907902245537e+00,8.737666956845141150e-04,5.472353836471518740e+00,1.656194798263763232e+03,1.656194798263763232e+03
4.463998914162401377e+01,3.098459878545146151e-01,3.092523095435720237e-01,1.904428542132508917e-03,1.247245367299012919e+01,6.709537697094628328e+00,8.733452810425361207e-04,5.474115318862961210e+00,1.656220030239859170e+03,1.656220030239859170e+03
4.471177304632454508e+01,3.104885357032727278e-01,3.098997208297880612e-01,1.907266410212033305e-03,1.247996749703557562e+01,6.709940371124985425e+00,8.729247497151017060e-04,5.475872949041709070e+00,1.656244926617516512e+03,1.656244926617516512e+03
4.478355695102507639e+01,3.111312810067605739e-01,3.105431162778549692e-01,1.910090894856912233e-03,1.248738500755906955e+01,6.710343036384779580e+00,8.725078801633885835e-04,5.477607706283581734e+00,1.656269568065063595e+03,1.656269568065063595e+03
4.485534085572560770e+01,3.117742225148311119e-01,3.111870485368209427e-01,1.912914914507167843e-03,1.249480520499243852e+01,6.710744066836114463e+00,8.720919140079652025e-04,5.479342463525454399e+00,1.656294258244754019e+03,1.656294258244754019e+03
4.492712476042614611e+01,3.124173589761857772e-01,3.118320934416769497e-01,1.915742027164702571e-03,1.250222795000696863e+01,6.711145120849283607e+00,8.716761968395616254e-04,5.481077220767327063e+00,1.656318714496509529e+03,1.656318714496509529e+03
4.499890866512667742e+01,3.130606891383906909e-01,3.124782423876727999e-01,1.918572230012578544e-03,1.250965286932865617e+01,6.711546737830549780e+00,8.712605125473724945e-04,5.482811978009200615e+00,1.656343449726696008e+03,1.656343449726696008e+03
4.507069256982720873e+01,3.137042117478929248e-01,3.131257500675477812e-01,1.921407002506019023e-03,1.251708046080038450e+01,6.711947801975275851e+00,8.708453044462111624e-04,5.484546735251072391e+00,1.656367960288696850e+03,1.656367960288696850e+03
4.514247647452774004e+01,3.143479255500411518e-01,3.137738826725608998e-01,1.924241861748241054e-03,1.252451054748222425e+01,6.712348285934471193e+00,8.704305813119971817e-04,5.486281492492945944e+00,1.656392502781972098e+03,1.656392502781972098e+03
4.521426037922827135e+01,3.149918292891084604e-01,3.144206712214621113e-01,1.927068743061797085e-03,1.253191708484265909e+01,6.712747501817647233e+00,8.700175057611120831e-04,5.488010214439526635e+00,1.656417044094450375e+03,1.656417044094450375e+03
4.528604428392880976e+01,3.156359217083165025e-01,3.150650306297275716e-01,1.929890276691605903e-03,1.253923999325884253e+01,6.713146952727813144e+00,8.696075347151233049e-04,5.489719025305739741e+00,1.656441085499439396e+03,1.656441085499439396e+03
4.535782818862934107e+01,3.162802015498580310e-01,3.157103444229494849e-01,1.932714235395336993e-03,1.254656370568177692e+01,6.713546471562021445e+00,8.691978339460464890e-04,5.491427507610344705e+00,1.656465343673802408e+03,1.656465343673802408e+03
4.542961209332987238e+01,3.169246675549207137e-01,3.163567561062247679e-01,1.935541242909304257e-03,1.255388984019050369e+01,6.713946215575393062e+00,8.687882953734500950e-04,5.493135989914949668e+00,1.656489395874365528e+03,1.656489395874365528e+03
4.550139599803040369e+01,3.175693184637099487e-01,3.170042663767426161e-01,1.938371297272712453e-03,1.256121839195084178e+01,6.714345479075872980e+00,8.683791949179078384e-04,5.494844472219555520e+00,1.656513518048197966e+03,1.656513518048197966e+03
4.557317990273093500e+01,3.182141530154714570e-01,3.176529379968666689e-01,1.941204785666318221e-03,1.256854929235074891e+01,6.714744725677350701e+00,8.679703500328898522e-04,5.496552954524161372e+00,1.656537674975879327e+03,1.656537674975879327e+03
4.564496380743147341e+01,3.188591699485140429e-01,3.183029909261735901e-01,1.944043036474525990e-03,1.257588258946056214e+01,6.715144563083731200e+00,8.675615234364879302e-04,5.498261436828767224e+00,1.656561573378626690e+03,1.656561573378626690e+03
4.571674771213200472e+01,3.195043680002317976e-01,3.189515900705802709e-01,1.946874260830382380e-03,1.258318256459828888e+01,6.715543162374531860e+00,8.671546410547697863e-04,5.499961688321180375e+00,1.656585720295500323e+03,1.656585720295500323e+03
4.578853161683253603e+01,3.201497459071264706e-01,3.195973246639991494e-01,1.949696107108725863e-03,1.259040905125075582e+01,6.715941017777796951e+00,8.667508806445770172e-04,5.501644384660107967e+00,1.656609291783194067e+03,1.656609291783194067e+03
4.586031552153306734e+01,3.207953024048298962e-01,3.202438507266563983e-01,1.952519206053813117e-03,1.259763770232009961e+01,6.716338928142070230e+00,8.663473402196164271e-04,5.503327080999034671e+00,1.656633046499206330e+03,1.656633046499206330e+03
4.593209942623359865e+01,3.214410362281250877e-01,3.208915858014070310e-01,1.955346069430968087e-03,1.260486870419520855e+01,6.716736809079383086e+00,8.659440543831467508e-04,5.505009777337962262e+00,1.656656712094494424e+03,1.656656712094494424e+03
4.600388333093413706e+01,3.220869461109689968e-01,3.215404113102975359e-01,1.958175951324068933e-03,1.261210215814178071e+01,6.717134110897327481e+00,8.655412385008340445e-04,5.506692473676889854e+00,1.656680286714608883e+03,1.656680286714608883e+03
4.607566723563466837e+01,3.227330307865128867e-01,3.221903195073098636e-01,1.961008850372591549e-03,1.261933772550582766e+01,6.717531868397109918e+00,8.651384849321524812e-04,5.508375170015817446e+00,1.656704028630271068e+03,1.656704028630271068e+03
4.614745114033519968e+01,3.233792889871247023e-01,3.228412527029038137e-01,1.963844356452745972e-03,1.262657574440772201e+01,6.717929449513598605e+00,8.647360439016277310e-04,5.510057866354744149e+00,1.656727521092707548e+03,1.656727521092707548e+03
4.621923504503573099e+01,3.240257194444098876e-01,3.234909772425612617e-01,1.966676635324185723e-03,1.263376642010204520e+01,6.718326724888775026e+00,8.643356341156643126e-04,5.511729149772495617e+00,1.656751083464511339e+03,1.656751083464511339e+03
4.629101894973626230e+01,3.246723208892324797e-01,3.241385839769178601e-01,1.969501866722068052e-03,1.264089905649243128e+01,6.718723962363141844e+00,8.639375135842890891e-04,5.513386533963513969e+00,1.656774236456865538e+03,1.656774236456865538e+03
4.636280285443680071e+01,3.253190920517359253e-01,3.247863867552380768e-01,1.972324744801615907e-03,1.264803398449075722e+01,6.719120279517491134e+00,8.635399885837897810e-04,5.515043918154532321e+00,1.656797496722258757e+03,1.656797496722258757e+03
4.643458675913733202e+01,3.259660316613637310e-01,3.254354123908901886e-01,1.975151492240625507e-03,1.265517127947373588e+01,6.719515999545255802e+00,8.631429329178277442e-04,5.516701302345549784e+00,1.656820727927820371e+03,1.656820727927820371e+03
4.650637066383786333e+01,3.266131384468803356e-01,3.260855175903579206e-01,1.977981246034767829e-03,1.266231084977695254e+01,6.719911828007944621e+00,8.627460710216137843e-04,5.518358686536567248e+00,1.656843821056784464e+03,1.656843821056784464e+03
4.657815456853839464e+01,3.272604111363909829e-01,3.267366970026354678e-01,1.980814008339336612e-03,1.266945243186642145e+01,6.720308156565879543e+00,8.623492475639068676e-04,5.520016070727585600e+00,1.656867133054328178e+03,1.656867133054328178e+03
4.664993847323892595e+01,3.279078484573628161e-01,3.273887973306160992e-01,1.983648753102570071e-03,1.267659660594710758e+01,6.720703383090148364e+00,8.619530914819239706e-04,5.521673454918603063e+00,1.656890138140500767e+03,1.656890138140500767e+03
4.672172237793946437e+01,3.285554491366440844e-01,3.280379085109489390e-01,1.986472251562546813e-03,1.268367662228144432e+01,6.721097818023827664e+00,8.615596973831196994e-04,5.523315604935983281e+00,1.656913237989955633e+03,1.656913237989955633e+03
4.679350628263999567e+01,3.292032119004840718e-01,3.286859010665433289e-01,1.989292028867059494e-03,1.269071708920802166e+01,6.721492322103125083e+00,8.611679094283375717e-04,5.524948142228588210e+00,1.656935913198266462e+03,1.656935913198266462e+03
4.686529018734052698e+01,3.298511354745539692e-01,3.293351109230971407e-01,1.992115719754398908e-03,1.269775961375593099e+01,6.721886881643489353e+00,8.607763278076317878e-04,5.526580679521193140e+00,1.656958782484732410e+03,1.656958782484732410e+03
4.693707409204105829e+01,3.304992185839648600e-01,3.299854038988181970e-01,1.994942463968642568e-03,1.270480445813841186e+01,6.722280972742154859e+00,8.603851585792084361e-04,5.528213216813797182e+00,1.656981524841038663e+03,1.656981524841038663e+03
4.700885799674158960e+01,3.311474599532885921e-01,3.306367890974317159e-01,1.997772344806778271e-03,1.271185140019402482e+01,6.722675432434108700e+00,8.599940745710908316e-04,5.529845754106401223e+00,1.657004250306585845e+03,1.657004250306585845e+03
4.708064190144212091e+01,3.317958583065760414e-01,3.312894826177212315e-01,2.000606670974206143e-03,1.271890037423985120e+01,6.723070398756053834e+00,8.596030214476858746e-04,5.531478291399006153e+00,1.657027059285053610e+03,1.657027059285053610e+03
4.715242580614265933e+01,3.324444123673734874e-01,3.319426444920098862e-01,2.003440275371645186e-03,1.272595194388336104e+01,6.723463560393713401e+00,8.592129007896694582e-04,5.533110828691610195e+00,1.657049642409297576e+03,1.657049642409297576e+03
4.722420971084319063e+01,3.330931208587316616e-01,3.325926296043050234e-01,2.006264770835488546e-03,1.273291978690051529e+01,6.723857462177570632e+00,8.588255642505780284e-04,5.534723748621251715e+00,1.657072244215825322e+03,1.657072244215825322e+03
4.729599361554372194e+01,3.337419825032125753e-01,3.332420195041242983e-01,2.009085441583881304e-03,1.273986953630232044e+01,6.724250581589440223e+00,8.584394390749233500e-04,5.536331972990900852e+00,1.657094442947786320e+03,1.657094442947786320e+03
4.736777752024425325e+01,3.343909960228955147e-01,3.338923946230943907e-01,2.011908650625926585e-03,1.274682132910692012e+01,6.724643126920836878e+00,8.580537579091577485e-04,5.537940197360550876e+00,1.657116955224888898e+03,1.657116955224888898e+03
4.743956142494478456e+01,3.350401601393834805e-01,3.345439850916749891e-01,2.014735744835314656e-03,1.275377537763849567e+01,6.725035731773930436e+00,8.576682781118493207e-04,5.539548421730200900e+00,1.657139162905819376e+03,1.657139162905819376e+03
4.751134532964532298e+01,3.356894735738103486e-01,3.351964642215308210e-01,2.017564802774309170e-03,1.276073134815445620e+01,6.725428565731800923e+00,8.572829303002100316e-04,5.541156646099850924e+00,1.657161599545883291e+03,1.657161599545883291e+03
4.758312923434585429e+01,3.363389350468447558e-01,3.358500577097442430e-01,2.020397123705561151e-03,1.276768958185293812e+01,6.725821087765186057e+00,8.568979271086377093e-04,5.542764870469501837e+00,1.657183845751943636e+03,1.657183845751943636e+03
4.765491313904638560e+01,3.369885432787002588e-01,3.365039368548032872e-01,2.023229555884041575e-03,1.277463847580160383e+01,6.726213007994791049e+00,8.565137590947851211e-04,5.544370463724841436e+00,1.657206141871767386e+03,1.657206141871767386e+03
4.772669704374691690e+01,3.376382969891379426e-01,3.371545932923656896e-01,2.026052739172360014e-03,1.278150411567362710e+01,6.726605381698836261e+00,8.561324535720733547e-04,5.545956551749751995e+00,1.657228128320053884e+03,1.657228128320053884e+03
4.779848094844744821e+01,3.382881948974736930e-01,3.378052290816624947e-01,2.028873702835972629e-03,1.278836385745564286e+01,6.726997072551322177e+00,8.557518968216121713e-04,5.547540795615490516e+00,1.657250026123711223e+03,1.657250026123711223e+03
4.787026485314798663e+01,3.389382357225860787e-01,3.384569139736801069e-01,2.031697598288352297e-03,1.279522574714579264e+01,6.727387944593668401e+00,8.553718734246211009e-04,5.549125039481228150e+00,1.657272025277933153e+03,1.657272025277933153e+03
4.794204875784851794e+01,3.395884181829191828e-01,3.391096477519358054e-01,2.034524425011699240e-03,1.280208974122146337e+01,6.727778961574037986e+00,8.549920114826019268e-04,5.550709283346966672e+00,1.657293841697005064e+03,1.657293841697005064e+03
4.801383266254904925e+01,3.402387409964913734e-01,3.397636202236536951e-01,2.037355362770708680e-03,1.280895553971417300e+01,6.728170677667497657e+00,8.546120939057324020e-04,5.552293527212704305e+00,1.657315863351985172e+03,1.657315863351985172e+03
4.808561656724958056e+01,3.408892028809007435e-01,3.404185252859598942e-01,2.040188485159306897e-03,1.281582367075249351e+01,6.728561608866032273e+00,8.542326981767874505e-04,5.553877771078441938e+00,1.657337605439627851e+03,1.657337605439627851e+03
4.815740047195011186e+01,3.415398025533292192e-01,3.410717392800182157e-01,2.043012896077810777e-03,1.282266385348955673e+01,6.728950911329431683e+00,8.538551341786519569e-04,5.555455147734780219e+00,1.657359548304618329e+03,1.657359548304618329e+03
4.822918437665065028e+01,3.421905387305510526e-01,3.417223938633078273e-01,2.045830278827280059e-03,1.282943313445400513e+01,6.729340538705931074e+00,8.534800587021722403e-04,5.557015847047291679e+00,1.657380884032919994e+03,1.657380884032919994e+03
4.830096828135118159e+01,3.428414101289372629e-01,3.423741701540431448e-01,2.048651134896934626e-03,1.283620408871108154e+01,6.729730676503712594e+00,8.531049942463965127e-04,5.558576546359801362e+00,1.657402622687546454e+03,1.657402622687546454e+03
4.837275218605171290e+01,3.434924154644617422e-01,3.430270238886636291e-01,2.051475079607616159e-03,1.284297742596408476e+01,6.730119853765976323e+00,8.527305142685810647e-04,5.560137245672312822e+00,1.657423959633914137e+03,1.657423959633914137e+03
4.844453609075224421e+01,3.441435534527066409e-01,3.436809079704843950e-01,2.054301933143628470e-03,1.284975246971028007e+01,6.730509486866246505e+00,8.523560664720066871e-04,5.561697944984822506e+00,1.657445644887855678e+03,1.657445644887855678e+03
4.851631999545277552e+01,3.447948228088695832e-01,3.443358354341182759e-01,2.057131700490734232e-03,1.285652963969048024e+01,6.730899223352591498e+00,8.519817913427846223e-04,5.563258644297333966e+00,1.657467010860696291e+03,1.657467010860696291e+03
4.858810390015331393e+01,3.454462222477671651e-01,3.449918289238279590e-01,2.059964544906572621e-03,1.286330872324244901e+01,6.731288676047630481e+00,8.516078344088381328e-04,5.564819343609843649e+00,1.657488615397809326e+03,1.657488615397809326e+03
4.865988780485384524e+01,3.460977504838422258e-01,3.456460313365386505e-01,2.062792855224252018e-03,1.287003078600203310e+01,6.731678114354865627e+00,8.512360245874284539e-04,5.566366567580966596e+00,1.657509806408659642e+03,1.657509806408659642e+03
4.873167170955437655e+01,3.467494062311695657e-01,3.462983825689646133e-01,2.065613620125697318e-03,1.287671264364879065e+01,6.732067090120823494e+00,8.508659722930778839e-04,5.567904199250611086e+00,1.657531036301798849e+03,1.657531036301798849e+03
4.880345561425490786e+01,3.474011882034602205e-01,3.469512068535090532e-01,2.068433940466070636e-03,1.288339661183295171e+01,6.732455381726497379e+00,8.504963900826691386e-04,5.569441830920255576e+00,1.657552098152426424e+03,1.657552098152426424e+03
4.887523951895543917e+01,3.480530951140684559e-01,3.476052061772851309e-01,2.071258019598779931e-03,1.289008255892404442e+01,6.732843132587543522e+00,8.501272203368503283e-04,5.570979462589900066e+00,1.657573278782328316e+03,1.657573278782328316e+03
4.894702342365597758e+01,3.487051256759967632e-01,3.482602344863159338e-01,2.074084985237110556e-03,1.289677045574374681e+01,6.733231052160009611e+00,8.497581912211799949e-04,5.572517094259545445e+00,1.657594344838496227e+03,1.657594344838496227e+03
4.901880732835650889e+01,3.493572786019004672e-01,3.489162892700165552e-01,2.076914836395282044e-03,1.290346017972508541e+01,6.733619286416393734e+00,8.493892453608935852e-04,5.574054725929189935e+00,1.657615474368875539e+03,1.657615474368875539e+03
4.909059123305704020e+01,3.500095526040952754e-01,3.495727633014317215e-01,2.079743903537949103e-03,1.291015204881678891e+01,6.734006367501140566e+00,8.490209478844508613e-04,5.575592357598835314e+00,1.657636543525762363e+03,1.657636543525762363e+03
4.916237513775757151e+01,3.506619463945596094e-01,3.502254056950740990e-01,2.082561601112155845e-03,1.291675493947401776e+01,6.734393039175407658e+00,8.486559617347895967e-04,5.577109301420999365e+00,1.657657343130931395e+03,1.657657343130931395e+03
4.923415904245810282e+01,3.513144586849240580e-01,3.508782536063546620e-01,2.085378768359561017e-03,1.292335084291187108e+01,6.734779518716024427e+00,8.482915376548408283e-04,5.578624224737594339e+00,1.657678093486080797e+03,1.657678093486080797e+03
4.930594294715863413e+01,3.519670881864164769e-01,3.515323872755946044e-01,2.088200413456314016e-03,1.292994851532484546e+01,6.735166614315005518e+00,8.479270767839423243e-04,5.580139148054187537e+00,1.657698832358757045e+03,1.657698832358757045e+03
4.937772685185917254e+01,3.526198336097911001e-01,3.521873755764468039e-01,2.091023923188986208e-03,1.293654823821117716e+01,6.735552750614704820e+00,8.475631837436533927e-04,5.581654071370781622e+00,1.657719570303439696e+03,1.657719570303439696e+03
4.944951075655970385e+01,3.532726936652574312e-01,3.528436317516734366e-01,2.093851781420846738e-03,1.294314979037168811e+01,6.735939245443805845e+00,8.471993526518088822e-04,5.583168994687375708e+00,1.657740277833468326e+03,1.657740277833468326e+03
4.952129466126023516e+01,3.539256670624081891e-01,3.535011764696319725e-01,2.096684115463506946e-03,1.294975309415596776e+01,6.736326370378229456e+00,8.468354791178714543e-04,5.584683918003969794e+00,1.657761002147735780e+03,1.657761002147735780e+03
4.959307856596076647e+01,3.545787525101527504e-01,3.541575463756862496e-01,2.099510620012792154e-03,1.295633157744386743e+01,6.736712519767041663e+00,8.464730453348702282e-04,5.586192743738564559e+00,1.657781597436248603e+03,1.657781597436248603e+03
4.966486247066129778e+01,3.552319487166442080e-01,3.548109894332761582e-01,2.102328196964686844e-03,1.296284048810390210e+01,6.737097832253807539e+00,8.461134361510616727e-04,5.587685324932978759e+00,1.657801996765625290e+03,1.657801996765625290e+03
4.973664637536183619e+01,3.558852543892139786e-01,3.554650760606284932e-01,2.105146454264367022e-03,1.296935126495385404e+01,6.737482881121308331e+00,8.457541227522791466e-04,5.589177906127393847e+00,1.657822353888157750e+03,1.657822353888157750e+03
4.980843028006236750e+01,3.565386682343008040e-01,3.561202045406587913e-01,2.107967767155724450e-03,1.297586378522454709e+01,6.737868269491576356e+00,8.453948736710940924e-04,5.590670487321808046e+00,1.657842723486938439e+03,1.657842723486938439e+03
4.988021418476289881e+01,3.571921889573846931e-01,3.567764328407741492e-01,2.110792450859379134e-03,1.298237818420325240e+01,6.738253437939978774e+00,8.450359032260672384e-04,5.592163068516222246e+00,1.657863068134598279e+03,1.657863068134598279e+03
4.995199808946343012e+01,3.578458152629190869e-01,3.574337593588419182e-01,2.113620488941701878e-03,1.298889446595984687e+01,6.738638317279692203e+00,8.446772375042087408e-04,5.593655649710636446e+00,1.657883406670813429e+03,1.657883406670813429e+03
5.002378199416396143e+01,3.584995458542656888e-01,3.580910160882922466e-01,2.116444957706833420e-03,1.299541271699412448e+01,6.739022090640419016e+00,8.443191884300580742e-04,5.595148230905050646e+00,1.657903740131670702e+03,1.657903740131670702e+03
5.009556589886449984e+01,3.591533794336274066e-01,3.587459669836016163e-01,2.119263244455784744e-03,1.300186795159973130e+01,6.739406324440884610e+00,8.439632331249661461e-04,5.596626136349435399e+00,1.657923844098369273e+03,1.657923844098369273e+03
5.016734980356503115e+01,3.598073147019829054e-01,3.594002288996990258e-01,2.122079552084694173e-03,1.300829323485789146e+01,6.739789972713190025e+00,8.436087117798838709e-04,5.598096829597967172e+00,1.657943877770013160e+03,1.657943877770013160e+03
5.023913370826556246e+01,3.604613503590220480e-01,3.600554490615667236e-01,2.124898435138483036e-03,1.301472034920762866e+01,6.740173470534081446e+00,8.432544377428164827e-04,5.599567522846498058e+00,1.657963837000750345e+03,1.657963837000750345e+03
5.031091761296609377e+01,3.611154851030822233e-01,3.607116653003132889e-01,2.127720139373447724e-03,1.302114912570795369e+01,6.740557268485073195e+00,8.429002378391684414e-04,5.601038216095029831e+00,1.657983876145974818e+03,1.657983876145974818e+03
5.038270151766662508e+01,3.617697176310831764e-01,3.613688821470824042e-01,2.130544663910370097e-03,1.302757970094339157e+01,6.740941231412016954e+00,8.425461650976865053e-04,5.602508909343560717e+00,1.658003786395726593e+03,1.658003786395726593e+03
5.045448542236716349e+01,3.624240466384662795e-01,3.620274217788336801e-01,2.133373903219607653e-03,1.303401206713615856e+01,6.741324818715153988e+00,8.421924237017150601e-04,5.603979602592092490e+00,1.658023832144352809e+03,1.658023832144352809e+03
5.052626932706769480e+01,3.630784708191287513e-01,3.626860115618951164e-01,2.136202084526383528e-03,1.304043565673066674e+01,6.741707989260252276e+00,8.418393724155215320e-04,5.605447875622001419e+00,1.658043658403612199e+03,1.658043658403612199e+03
5.059805323176822611e+01,3.637329888653632604e-01,3.633412239569592805e-01,2.139021070391903308e-03,1.304677707263586939e+01,6.742091761849707154e+00,8.414889459494108610e-04,5.606897213806160352e+00,1.658063425130840187e+03,1.658063425130840187e+03
5.066983713646875742e+01,3.643875994677964747e-01,3.639962797490259305e-01,2.141836181236017340e-03,1.305311979587972004e+01,6.742474039000518005e+00,8.411393000437869874e-04,5.608346378677855348e+00,1.658082939175505999e+03,1.658082939175505999e+03
5.074162104116928873e+01,3.650423013153270002e-01,3.646525310606907877e-01,2.144655318392214589e-03,1.305946416622359330e+01,6.742856040396818962e+00,8.407899416814330158e-04,5.609795543549549457e+00,1.658102714796214286e+03,1.658102714796214286e+03
5.081340494586982715e+01,3.656970930950660947e-01,3.653097766472693797e-01,2.147477250841654372e-03,1.306581043353926930e+01,6.743238010320736997e+00,8.404407819023303411e-04,5.611244708421244454e+00,1.658122154412485543e+03,1.658122154412485543e+03
5.088518885057035845e+01,3.663519734922755511e-01,3.659680037375139250e-01,2.150301976520001442e-03,1.307215812197696891e+01,6.743620486003417902e+00,8.400916113449549694e-04,5.612693873292938562e+00,1.658141960499572633e+03,1.658141960499572633e+03
5.095697275527088976e+01,3.670069411903102985e-01,3.666270367885603454e-01,2.153128362741960414e-03,1.307850781932785722e+01,6.744002404863710609e+00,8.397428391989195410e-04,5.614143038164632671e+00,1.658161395270651155e+03,1.658161395270651155e+03
5.102875665997142107e+01,3.676619948705576180e-01,3.672834134731711164e-01,2.155945018854776504e-03,1.308480528660493469e+01,6.744383032820550739e+00,8.393964501280827680e-04,5.615580012330070758e+00,1.658180996958394871e+03,1.658180996958394871e+03
5.110054056467195238e+01,3.683171332123792996e-01,3.679386452338564983e-01,2.158758518048085537e-03,1.309106472888502459e+01,6.744763751316976474e+00,8.390514738806351992e-04,5.617007981225156321e+00,1.658200109873499059e+03,1.658200109873499059e+03
5.117232446937249080e+01,3.689723548930546326e-01,3.685949011940234388e-01,2.161575107129647816e-03,1.309732554750497080e+01,6.745145000925893086e+00,8.387064732489903866e-04,5.618435950120241884e+00,1.658219578919660762e+03,1.658219578919660762e+03
5.124410837407302211e+01,3.696276585877198428e-01,3.692520770985318057e-01,2.164394078772203210e-03,1.310358829286485793e+01,6.745525784302138561e+00,8.383618316124176332e-04,5.619863919015327447e+00,1.658238722978717533e+03,1.658238722978717533e+03
5.131589227877355341e+01,3.702830429693147463e-01,3.699102927835085097e-01,2.167216184594508103e-03,1.310985263719098448e+01,6.745906285913622291e+00,8.380174745878652461e-04,5.621291887910413010e+00,1.658258113935714164e+03,1.658258113935714164e+03
5.138767618347408472e+01,3.709385067085243515e-01,3.705699202108340140e-01,2.170043584348620679e-03,1.311611865857393333e+01,6.746287413874898498e+00,8.376730609423462632e-04,5.622719856805498573e+00,1.658277298408668457e+03,1.658277298408668457e+03
5.145946008817461603e+01,3.715940484737312310e-01,3.712294000119251147e-01,2.172868459465017357e-03,1.312237840133044919e+01,6.746667994767559406e+00,8.373292838177795461e-04,5.624146033635912367e+00,1.658296577147662902e+03,1.658296577147662902e+03
5.153124399287514734e+01,3.722496669309594552e-01,3.718851709632839397e-01,2.175682602464738651e-03,1.312855571690647594e+01,6.747048267962370005e+00,8.369884553183553830e-04,5.625553234272298475e+00,1.658315527287308669e+03,1.658315527287308669e+03
5.160302789757568576e+01,3.729053607438259088e-01,3.725414169805881803e-01,2.178496614957833172e-03,1.313473460930318915e+01,6.747427438833807578e+00,8.366482276949031372e-04,5.626960378900410120e+00,1.658334449029819780e+03,1.658334449029819780e+03
5.167481180227620996e+01,3.735611285734893317e-01,3.731986140428042442e-01,2.181313287017835976e-03,1.314091502522364507e+01,6.747806867842516709e+00,8.363080768616908568e-04,5.628367523528521765e+00,1.658353453153456257e+03,1.658353453153456257e+03
5.174659570697674837e+01,3.742169690786001923e-01,3.738568527593400526e-01,2.184133117167762466e-03,1.314709712178564160e+01,6.748186509186608006e+00,8.359680221037013321e-04,5.629774668156633410e+00,1.658372268884290406e+03,1.658372268884290406e+03
5.181837961167728679e+01,3.748728809152491182e-01,3.745164163393102652e-01,2.186957793526283968e-03,1.315328065915681499e+01,6.748566521007989927e+00,8.356280005114262313e-04,5.631181812784745055e+00,1.658391328926145206e+03,1.658391328926145206e+03
5.189016351637781099e+01,3.755288627369198218e-01,3.751757755842156095e-01,2.189778262025516165e-03,1.315946636374492762e+01,6.748944351417829779e+00,8.352889808946187874e-04,5.632588957412855812e+00,1.658410037592419940e+03,1.658410037592419940e+03
5.196194742107834941e+01,3.761849131944394742e-01,3.758324740081721016e-01,2.192589872359725252e-03,1.316559613418056252e+01,6.749322166582603977e+00,8.349519352598557898e-04,5.633983202809108803e+00,1.658428980672735179e+03,1.658428980672735179e+03
5.203373132577887361e+01,3.768410309359290777e-01,3.764885691364761033e-01,2.195400676697925688e-03,1.317169393308367731e+01,6.749700325086589459e+00,8.346159908534579079e-04,5.635369862900366122e+00,1.658447442795898269e+03,1.658447442795898269e+03
5.210551523047941203e+01,3.774972146067560042e-01,3.771457905948835121e-01,2.198215213814642965e-03,1.317779311555573507e+01,6.750078715339320468e+00,8.342801276412936543e-04,5.636756522991623441e+00,1.658466201497283464e+03,1.658466201497283464e+03
5.217729913517995044e+01,3.781534628494869765e-01,3.778039819251705067e-01,2.201032487644651557e-03,1.318389415177154866e+01,6.750456413158434366e+00,8.339446983786735594e-04,5.638143183082880761e+00,1.658484696471055486e+03,1.658484696471055486e+03
5.224908303988047464e+01,3.788097743038394971e-01,3.784631310774362323e-01,2.203852496169575112e-03,1.318999660401657792e+01,6.750834441199105029e+00,8.336093137725619903e-04,5.639529843174138080e+00,1.658503366590314954e+03,1.658503366590314954e+03
5.232086694458101306e+01,3.794661476066359396e-01,3.791232651242781859e-01,2.206675362196396095e-03,1.319610065209097982e+01,6.751212641834407613e+00,8.332740353352910672e-04,5.640916503265395399e+00,1.658521932525901775e+03,1.658521932525901775e+03
5.239265084928153726e+01,3.801225813917567531e-01,3.797831403758989421e-01,2.209497242839653704e-03,1.320218599455331088e+01,6.751590677921834427e+00,8.329396234817310757e-04,5.642298596791351706e+00,1.658540413130582920e+03,1.658540413130582920e+03
5.246443475398207568e+01,3.807790742900938330e-01,3.804404369829200161e-01,2.212312683955704271e-03,1.320820473321061428e+01,6.751968475665132807e+00,8.326075957053995788e-04,5.643665371953248133e+00,1.658558788157501340e+03,1.658558788157501340e+03
5.253621865868261409e+01,3.814356249295050016e-01,3.810975328888538960e-01,2.215124267914946477e-03,1.321422422269473529e+01,6.752344997675990612e+00,8.322762510143636577e-04,5.645031901581192280e+00,1.658576918137344592e+03,1.658576918137344592e+03
5.260800256338313829e+01,3.820922319347696550e-01,3.817556661363036286e-01,2.217939108126028465e-03,1.322024496494787904e+01,6.752722079381952902e+00,8.319448597067728279e-04,5.646398431209137314e+00,1.658595373784336061e+03,1.658595373784336061e+03
5.267978646808367671e+01,3.827488939275427993e-01,3.824148023485568482e-01,2.220756918241108095e-03,1.322626744517825514e+01,6.753099060853910984e+00,8.316136751806700892e-04,5.647764960837082349e+00,1.658613478643959525e+03,1.658613478643959525e+03
5.275157037278420091e+01,3.834056095263108643e-01,3.830748162407437984e-01,2.223577006817355727e-03,1.323229141972671741e+01,6.753475387684967579e+00,8.312829008577654740e-04,5.649131490465026495e+00,1.658631897850225641e+03,1.658631897850225641e+03
5.282335427748473933e+01,3.840623773463474055e-01,3.837354190646567464e-01,2.226397653441419648e-03,1.323831713272334554e+01,6.753851296563453843e+00,8.309524517390214429e-04,5.650498020092971529e+00,1.658650037285081225e+03,1.658650037285081225e+03
5.289513818218527774e+01,3.847191959996696942e-01,3.843929427628309803e-01,2.229210094275116492e-03,1.324427025836551586e+01,6.754227706017068122e+00,8.306242725550909856e-04,5.651847964525463119e+00,1.658668135867972978e+03,1.658668135867972978e+03
5.296692208688580195e+01,3.853760640949946414e-01,3.850498650703786940e-01,2.232018642685512991e-03,1.325021079385317080e+01,6.754603368548394826e+00,8.302969790174473050e-04,5.653194716779988305e+00,1.658686105559007501e+03,1.658686105559007501e+03
5.303870599158634036e+01,3.860329802376969988e-01,3.857078710955131884e-01,2.234830670835816300e-03,1.325615300334539448e+01,6.754978367949657780e+00,8.299700974763870665e-04,5.654541469034513490e+00,1.658703997016416906e+03,1.658703997016416906e+03
5.311048989628686456e+01,3.866899430297657814e-01,3.863669618179111920e-01,2.237646236708916610e-03,1.326209654278321359e+01,6.755353742744817147e+00,8.296432359601260296e-04,5.655888221289039564e+00,1.658722064338509199e+03,1.658722064338509199e+03
5.318227380098740298e+01,3.873469510697618579e-01,3.870269183910888255e-01,2.240464007312458102e-03,1.326804177050000710e+01,6.755728995097372902e+00,8.293165851339414892e-04,5.657234973543564749e+00,1.658739788543399982e+03,1.658739788543399982e+03
5.325405770568794139e+01,3.880040029527774270e-01,3.876873149689083475e-01,2.243281590282416877e-03,1.327398823824235130e+01,6.756104172288748266e+00,8.289901212682212030e-04,5.658581725798089934e+00,1.658757954524887509e+03,1.658757954524887509e+03
5.332584161038846560e+01,3.886610972703920530e-01,3.883462854300683276e-01,2.246095484331313806e-03,1.327989283013497079e+01,6.756478684457762895e+00,8.286654209593257965e-04,5.659918686791200138e+00,1.658775603686078284e+03,1.658775603686078284e+03
5.339762551508900401e+01,3.893182326106346958e-01,3.890035318913360740e-01,2.248904021195076864e-03,1.328575541426008400e+01,6.756852961674605140e+00,8.283423050067636930e-04,5.661245933771304806e+00,1.658793381931262729e+03,1.658793381931262729e+03
5.346940941978952822e+01,3.899754075579464074e-01,3.896615525947657588e-01,2.251714295498864673e-03,1.329161952773041655e+01,6.757227169596080607e+00,8.280193746288380847e-04,5.662573180751407698e+00,1.658811011134491309e+03,1.658811011134491309e+03
5.354119332449006663e+01,3.906326206931949874e-01,3.903205108422153624e-01,2.254527263835691235e-03,1.329748507255059309e+01,6.757601554120532761e+00,8.276965368368177818e-04,5.663900427731512366e+00,1.658828603019552929e+03,1.658828603019552929e+03
5.361297722919060504e+01,3.912898705937304378e-01,3.909804058422753914e-01,2.257342924219119928e-03,1.330335200714746158e+01,6.757975842321450877e+00,8.273738923444158696e-04,5.665227674711616146e+00,1.658846342850528345e+03,1.658846342850528345e+03
5.368476113389112925e+01,3.919471558334509109e-01,3.916414977004656350e-01,2.260162722367582873e-03,1.330922063129941790e+01,6.758349747202511359e+00,8.270515515515234001e-04,5.666554921691719926e+00,1.658863802888987266e+03,1.658863802888987266e+03
5.375654503859166766e+01,3.926044749828651037e-01,3.923022541023702958e-01,2.262980891976478729e-03,1.331507282664274783e+01,6.758723767650624659e+00,8.267298657339750738e-04,5.667878218420693948e+00,1.658881545193642296e+03,1.658881545193642296e+03
5.382832894329219187e+01,3.932618266091559844e-01,3.929600487879236770e-01,2.265790852923357541e-03,1.332085832562030170e+01,6.759097790523087568e+00,8.264104358328829914e-04,5.669186241252462288e+00,1.658898771257700446e+03,1.658898771257700446e+03
5.390011284799273028e+01,3.939192092762425768e-01,3.936177896936891019e-01,2.268597823766897812e-03,1.332664523661487799e+01,6.759470930547281320e+00,8.260914891232565890e-04,5.670494264084230629e+00,1.658916206707724086e+03,1.658916206707724086e+03
5.397189675269326870e+01,3.945766215448429093e-01,3.942766553233373328e-01,2.271408568210476001e-03,1.333243372750236411e+01,6.759843511369666658e+00,8.257729065201193947e-04,5.671802286915998970e+00,1.658933553908359954e+03,1.658933553908359954e+03
5.404368065739379290e+01,3.952340619725352999e-01,3.949364551980078519e-01,2.274222003419935998e-03,1.333822368133150249e+01,6.760216123385878184e+00,8.254544675665219464e-04,5.673110309747767310e+00,1.658950782256702496e+03,1.658950782256702496e+03
5.411546456209433131e+01,3.958915291138207504e-01,3.955971003484558546e-01,2.277037654662414541e-03,1.334401485315742164e+01,6.760589014455036683e+00,8.251360769821407910e-04,5.674418332579535651e+00,1.658968252502653741e+03,1.658968252502653741e+03
5.418724846679485552e+01,3.965490215201822322e-01,3.962580503263387066e-01,2.279853321379909318e-03,1.334980189954445251e+01,6.760961539804578813e+00,8.248181556253010062e-04,5.675725069432076886e+00,1.658985382295635873e+03,1.658985382295635873e+03
5.425903237149539393e+01,3.972065377401457487e-01,3.969157194340968142e-01,2.282659129891241676e-03,1.335552195298073208e+01,6.761333505640173769e+00,8.245026825375583335e-04,5.677016547568907612e+00,1.659002627492286820e+03,1.659002627492286820e+03
5.433081627619593235e+01,3.978640763193410090e-01,3.975732770266643401e-01,2.285463326454808663e-03,1.336123363772965433e+01,6.761704565540551215e+00,8.241880060176635849e-04,5.678305789380967639e+00,1.659019616390678266e+03,1.659019616390678266e+03
5.440260018089645655e+01,3.985216358005612691e-01,3.982320225347658615e-01,2.288271737106941598e-03,1.336694658017773740e+01,6.762076155884717998e+00,8.238732823373200046e-04,5.679595031193028554e+00,1.659036646845527230e+03,1.659036646845527230e+03
5.447438408559699496e+01,3.991792147238208410e-01,3.988917193626969615e-01,2.291082995391949696e-03,1.337266078818280413e+01,6.762448032162306610e+00,8.235586022976828157e-04,5.680884273005089469e+00,1.659053769540051235e+03,1.659053769540051235e+03
5.454616799029751917e+01,3.998368116264154337e-01,3.995522135485015669e-01,2.293896162103619286e-03,1.337837655824120020e+01,6.762819612888097076e+00,8.232441850729316918e-04,5.682173514817149496e+00,1.659070626139446176e+03,1.659070626139446176e+03
5.461795189499805758e+01,4.004944250429804398e-01,4.002131056777182283e-01,2.296708975019633343e-03,1.338409369610207023e+01,6.763190152142309230e+00,8.229303032660302726e-04,5.683462756629210411e+00,1.659087827393337875e+03,1.659087827393337875e+03
5.468973579969858179e+01,4.011520535055481118e-01,4.008718483427087809e-01,2.299517345800781293e-03,1.338975091786504024e+01,6.763561207074336501e+00,8.226182490603331249e-04,5.684738313132792875e+00,1.659104552649564084e+03,1.659104552649564084e+03
5.476151970439912020e+01,4.018096955436062379e-01,4.015295996225836661e-01,2.302321259299793844e-03,1.339538719821885593e+01,6.763931858843716505e+00,8.223071682258477344e-04,5.686008909179428805e+00,1.659121356741192358e+03,1.659121356741192358e+03
5.483330360909965862e+01,4.024673496841539300e-01,4.021882368859817647e-01,2.305127669077963303e-03,1.340102477576708928e+01,6.764302665358157718e+00,8.219961772846879830e-04,5.687279505226064735e+00,1.659138160412381012e+03,1.659138160412381012e+03
5.490508751380018282e+01,4.031250144517595779e-01,4.028477908072434777e-01,2.307936696720461287e-03,1.340666394203749512e+01,6.764672848401094285e+00,8.216855671717753157e-04,5.688550101272700665e+00,1.659154714167646262e+03,1.659154714167646262e+03
5.497687141850072123e+01,4.037826883686169710e-01,4.035082502041618668e-01,2.310748355162360081e-03,1.341230422530302668e+01,6.765043059533291547e+00,8.213750906689503773e-04,5.689820697319335707e+00,1.659171662860871265e+03,1.659171662860871265e+03
5.504865532320124544e+01,4.044403699546012532e-01,4.041697402001571682e-01,2.313563290472673076e-03,1.341794600919746649e+01,6.765413355893738157e+00,8.210647321939384393e-04,5.691091293365971637e+00,1.659188267545474218e+03,1.659188267545474218e+03
5.512043922790178385e+01,4.050980577273239902e-01,4.048295418193687545e-01,2.316373891004679803e-03,1.342354321728466182e+01,6.765784037934059469e+00,8.207557611988945505e-04,5.692351704153241876e+00,1.659204922890951593e+03,1.659204922890951593e+03
5.519222313260232227e+01,4.057557502021891804e-01,4.054874707356365127e-01,2.319177398757876069e-03,1.342910590850359043e+01,6.766154027942045346e+00,8.204482802232104018e-04,5.693604112428373831e+00,1.659221439169978112e+03,1.659221439169978112e+03
5.526400703730284647e+01,4.064134458924478777e-01,4.061458410280135989e-01,2.321980820473719745e-03,1.343467026501746808e+01,6.766522633621794292e+00,8.201414581753316930e-04,5.694856520703504899e+00,1.659237732110769230e+03,1.659237732110769230e+03
5.533579094200338488e+01,4.070711433092518150e-01,4.068052577268942982e-01,2.324787726322336510e-03,1.344023563058253323e+01,6.766891749641803955e+00,8.198345878215919369e-04,5.696108928978635966e+00,1.659254391286292957e+03,1.659254391286292957e+03
5.540757484670390909e+01,4.077288409617086939e-01,4.074656114301005161e-01,2.327597407613993166e-03,1.344580246031430448e+01,6.767260881219560709e+00,8.195278578768749140e-04,5.697361337253767033e+00,1.659270728475119313e+03,1.659270728475119313e+03
5.547935875140444750e+01,4.083865373569354196e-01,4.081266411289562468e-01,2.330408416874834958e-03,1.345137048146695591e+01,6.767630041100582083e+00,8.192212598194200703e-04,5.698613745528898100e+00,1.659287225858394095e+03,1.659287225858394095e+03
5.555114265610498592e+01,4.090442310001108916e-01,4.087864351839288202e-01,2.333215827181077135e-03,1.345690516694444483e+01,6.767998867114714656e+00,8.189159748749426284e-04,5.699858437532888900e+00,1.659303618318228246e+03,1.659303618318228246e+03
5.562292656080551012e+01,4.097019203945288512e-01,4.094439737100010746e-01,2.336015851726401093e-03,1.346239495228142502e+01,6.768366605425662819e+00,8.186126371057166279e-04,5.701092790889359385e+00,1.659319643512336597e+03,1.659319643512336597e+03
5.569471046550604854e+01,4.103596040416491730e-01,4.101021275860542437e-01,2.338816922257884717e-03,1.346788577797569175e+01,6.768734436172627156e+00,8.183094028905275007e-04,5.702327144245830759e+00,1.659336014107705296e+03,1.659336014107705296e+03
5.576649437020657274e+01,4.110172804411369452e-01,4.107614281714830895e-01,2.341622009633377230e-03,1.347337796812937150e+01,6.769102534918139291e+00,8.180062121409553298e-04,5.703561497602301245e+00,1.659352109198800690e+03,1.659352109198800690e+03
5.583827827490711115e+01,4.116749480909053238e-01,4.114218347981896673e-01,2.344430916276644614e-03,1.347887129318724853e+01,6.769471107862117698e+00,8.177029859683895190e-04,5.704795850958772618e+00,1.659368280693194038e+03,1.659368280693194038e+03
5.591006217960764957e+01,4.123326054871525037e-01,4.120824993606228559e-01,2.347238758075509239e-03,1.348436602827382025e+01,6.769838508165254787e+00,8.174003326182497026e-04,5.706030204315243992e+00,1.659384540886386731e+03,1.659384540886386731e+03
5.598184608430817377e+01,4.129902511244022412e-01,4.127415259805119474e-01,2.350039375561344557e-03,1.348983556889369595e+01,6.770204462080915420e+00,8.170991615456144009e-04,5.707258594345238301e+00,1.659400414375204946e+03,1.659400414375204946e+03
5.605362998900871219e+01,4.136478834955420458e-01,4.133987695857205269e-01,2.352836641217123312e-03,1.349525310798025934e+01,6.770571387006313557e+00,8.167993535532875552e-04,5.708475243632475049e+00,1.659416530634844776e+03,1.659416530634844776e+03
5.612541389370923639e+01,4.143055010918608727e-01,4.140569352485712895e-01,2.355636673657606622e-03,1.350067198806362256e+01,6.770938362993462967e+00,8.164996658541938748e-04,5.709691892919710909e+00,1.659432410829924038e+03,1.659432410829924038e+03
5.619719779840977480e+01,4.149631024030888127e-01,4.147159801623767073e-01,2.358439243010971957e-03,1.350609210761574097e+01,6.771305437305367825e+00,8.162000796348851646e-04,5.710908542206947658e+00,1.659448225753641054e+03,1.659448225753641054e+03
5.626898170311031322e+01,4.156206859174336743e-01,4.153759080070182907e-01,2.361244371233377128e-03,1.351151343881626943e+01,6.771671973137528333e+00,8.159008271847872917e-04,5.712125191494183518e+00,1.659464279751432969e+03,1.659464279751432969e+03
5.634076560781083742e+01,4.162782501216196751e-01,4.160366157608030302e-01,2.364051428168290579e-03,1.351693621564187175e+01,6.772038209201040715e+00,8.156018245975897541e-04,5.713341840781419378e+00,1.659480019729747937e+03,1.659480019729747937e+03
5.641254951251137584e+01,4.169357935009243010e-01,4.166962938283221285e-01,2.366854143469703832e-03,1.352233751983564680e+01,6.772404144039287921e+00,8.153037430170135538e-04,5.714553478340554271e+00,1.659495939995154686e+03,1.659495939995154686e+03
5.648433341721190004e+01,4.175933145392156653e-01,4.173540241383872917e-01,2.369653133750944125e-03,1.352768417978017546e+01,6.772770764171327507e+00,8.150072116157448636e-04,5.715752743912606348e+00,1.659511630972538114e+03,1.659511630972538114e+03
5.655611732191243846e+01,4.182508117189892016e-01,4.180120762616997276e-01,2.372451491029075286e-03,1.353303225329339909e+01,6.773136679053035181e+00,8.147110758507467715e-04,5.716952009484659314e+00,1.659527104526075618e+03,1.659527104526075618e+03
5.662790122661297687e+01,4.189082835214052447e-01,4.186708403121684463e-01,2.375251479078006964e-03,1.353838145161755868e+01,6.773501965551721682e+00,8.144153025701464290e-04,5.718151275056710503e+00,1.659542930039073553e+03,1.659542930039073553e+03
5.669968513131350107e+01,4.195657284263232256e-01,4.193305967804363821e-01,2.378054651464994902e-03,1.354373197116048466e+01,6.773867310784187801e+00,8.141196435771515076e-04,5.719350540628763468e+00,1.659558498372532085e+03,1.659558498372532085e+03
5.677146903601403949e+01,4.202231449123409734e-01,4.199917163365234352e-01,2.380863148059803557e-03,1.354908356610306797e+01,6.774233355211017660e+00,8.138238613273179314e-04,5.720549806200815546e+00,1.659574073541570442e+03,1.659574073541570442e+03
5.684325294071456369e+01,4.208805314568276335e-01,4.206519709289531228e-01,2.383668194091670932e-03,1.355441430028285055e+01,6.774599206291549436e+00,8.135289364154781391e-04,5.721744204618348206e+00,1.659589761653612186e+03,1.659589761653612186e+03
5.691503684541510211e+01,4.215378865359613592e-01,4.213091128451839085e-01,2.386462965062619013e-03,1.355969070486176875e+01,6.774964160435987814e+00,8.132361359928857395e-04,5.722926241879510378e+00,1.659604990028090924e+03,1.659604990028090924e+03
5.698682075011564052e+01,4.221952086247636737e-01,4.219669000200805820e-01,2.389259012052964877e-03,1.356496826413304291e+01,6.775328405233419282e+00,8.129437251107861926e-04,5.724108279140671662e+00,1.659620477213226195e+03,1.659620477213226195e+03
5.705860465481616473e+01,4.228524961971351637e-01,4.226255444284304219e-01,2.392057527605425445e-03,1.357024700663517081e+01,6.775692706228774398e+00,8.126514250448000926e-04,5.725290316401833834e+00,1.659635895720527287e+03,1.659635895720527287e+03
5.713038855951670314e+01,4.235097477258899512e-01,4.232850925438851331e-01,2.394858754573368342e-03,1.357552702574987080e+01,6.776057054461076312e+00,8.123592403729870508e-04,5.726472353662995118e+00,1.659651077807895263e+03,1.659651077807895263e+03
5.720217246421722734e+01,4.241669616827908329e-01,4.239458224553879218e-01,2.397664340375269942e-03,1.358080787619577023e+01,6.776422150460916782e+00,8.120669093008289286e-04,5.727654390924156402e+00,1.659666632762193331e+03,1.659666632762193331e+03
5.727395636891776576e+01,4.248241365385840296e-01,4.246054722890746369e-01,2.400465706647020477e-03,1.358606570489060417e+01,6.776786570530071607e+00,8.117756822899283714e-04,5.728831026249158853e+00,1.659681877444676047e+03,1.659681877444676047e+03
5.734574027361830417e+01,4.254812707630316604e-01,4.252625427352330068e-01,2.403259289477444657e-03,1.359127285771922899e+01,6.777149939387268951e+00,8.114865124145351086e-04,5.729996145923026418e+00,1.659696903563745309e+03,1.659696903563745309e+03
5.741752417831882838e+01,4.261383628249478250e-01,4.259199933477912370e-01,2.406052703875230341e-03,1.359648100657603109e+01,6.777513118619066468e+00,8.111975379428014617e-04,5.731161265596893983e+00,1.659712195141948769e+03,1.659712195141948769e+03
5.748930808301936679e+01,4.267954111922313554e-01,4.265784798915818188e-01,2.408849605752059857e-03,1.360169041522348365e+01,6.777876444045743298e+00,8.109086401904044275e-04,5.732326385270761548e+00,1.659727199860607243e+03,1.659727199860607243e+03
5.756109198771989099e+01,4.274524143318993996e-01,4.272378203426858145e-01,2.411649006666772687e-03,1.360690083642217729e+01,6.778240007544901857e+00,8.106197822245141647e-04,5.733491504944629114e+00,1.659742329722186241e+03,1.659742329722186241e+03
5.763287589242042941e+01,4.281093707101206736e-01,4.278978289060965667e-01,2.414449838539558472e-03,1.361211236162383997e+01,6.778603436498188195e+00,8.103311008212200428e-04,5.734656624618496679e+00,1.659757532962725236e+03,1.659757532962725236e+03
5.770465979712096782e+01,4.287662787922483787e-01,4.285567756908205128e-01,2.417247621803937738e-03,1.361729524603190455e+01,6.778965905344141341e+00,8.100437889140397639e-04,5.735815091664906440e+00,1.659772372629544634e+03,1.659772372629544634e+03
5.777644370182149203e+01,4.294231370428539529e-01,4.292133639434448922e-01,2.420037855496173351e-03,1.362243378805619365e+01,6.779328199330535654e+00,8.097580011782217401e-04,5.736963548565494619e+00,1.659787376210070079e+03,1.659787376210070079e+03
5.784822760652203044e+01,4.300799439257557144e-01,4.298705381182217899e-01,2.422829079086920648e-03,1.362757350137070489e+01,6.779690291129209179e+00,8.094724133054429210e-04,5.738112005466082799e+00,1.659802283760845057e+03,1.659802283760845057e+03
5.792001151122255465e+01,4.307366979040187505e-01,4.305288191713526058e-01,2.425624221079083782e-03,1.363271441270190465e+01,6.780052627784139752e+00,8.091868631424649870e-04,5.739260462366670978e+00,1.659816934557084323e+03,1.659816934557084323e+03
5.799179541592309306e+01,4.313933974398824756e-01,4.311881951694128134e-01,2.428423287925595125e-03,1.363785607935143140e+01,6.780415631909206375e+00,8.089011909532999381e-04,5.740408919267259158e+00,1.659832004906079874e+03,1.659832004906079874e+03
5.806357932062363147e+01,4.320500409946719800e-01,4.318477016777649280e-01,2.431220709848029744e-03,1.364299926051890566e+01,6.780776981870149100e+00,8.086162496713884471e-04,5.741557376167847337e+00,1.659846839769908456e+03,1.659846839769908456e+03
5.813536322532415568e+01,4.327066270287079353e-01,4.325049856806370552e-01,2.434010218099488462e-03,1.364810486030082970e+01,6.781137552039254501e+00,8.083328610797073594e-04,5.742697253768923815e+00,1.659861413044464598e+03,1.659861413044464598e+03
5.820714713002469409e+01,4.333631540012177208e-01,4.331610782589552788e-01,2.436797139190720676e-03,1.365317571302793453e+01,6.781498665598330255e+00,8.080504382530117246e-04,5.743829289647457870e+00,1.659876243259442163e+03,1.659876243259442163e+03
5.827893103472521830e+01,4.340196203702458844e-01,4.338181969760619427e-01,2.439587549082091432e-03,1.365824775453371309e+01,6.781859936908420927e+00,8.077680824860230526e-04,5.744961325525991924e+00,1.659890803399916649e+03,1.659890803399916649e+03
5.835071493942575671e+01,4.346760245925679889e-01,4.344761532369894597e-01,2.442380405745090376e-03,1.366332085749338887e+01,6.782221312669344471e+00,8.074858112710393181e-04,5.746093361404525979e+00,1.659905333286533732e+03,1.659905333286533732e+03
5.842249884412629513e+01,4.353323651236020164e-01,4.351349467479274091e-01,2.445175711474003363e-03,1.366839498098652683e+01,6.782582300138369824e+00,8.072038018888287115e-04,5.747225397283059145e+00,1.659920105670407338e+03,1.659920105670407338e+03
5.849428274882681933e+01,4.359886404173221042e-01,4.357943194990553382e-01,2.447971961300502049e-03,1.367347041717802547e+01,6.782942703558556552e+00,8.069221295665930877e-04,5.748357433161592311e+00,1.659934608133914935e+03,1.659934608133914935e+03
5.856606665352735774e+01,4.366448489261731125e-01,4.364508791565537837e-01,2.450759197893238959e-03,1.367849641434960972e+01,6.783302720031019639e+00,8.066421975473748269e-04,5.749478335094195813e+00,1.659949047192395938e+03,1.659949047192395938e+03
5.863785055822788195e+01,4.373009891009849159e-01,4.371067709126941758e-01,2.453544557215499213e-03,1.368350055357399775e+01,6.783662869356559710e+00,8.063630032609106837e-04,5.750594211940801337e+00,1.659963557301262426e+03,1.659963557301262426e+03
5.870963446292842036e+01,4.379570593908871934e-01,4.377636502128718354e-01,2.456333212924200187e-03,1.368850585368962669e+01,6.784023143439218195e+00,8.060838854425140957e-04,5.751710088787406860e+00,1.659977805294008931e+03,1.659977805294008931e+03
5.878141836762895878e+01,4.386130582432271052e-01,4.384214341776356272e-01,2.459124728221266740e-03,1.369351213427708025e+01,6.784383315621323796e+00,8.058049230609564718e-04,5.752825965634013272e+00,1.659992214019824132e+03,1.659992214019824132e+03
5.885320227232948298e+01,4.392689841034838061e-01,4.390798753955337252e-01,2.461917689047705277e-03,1.369851952381375959e+01,6.784742946970861333e+00,8.055262763948132718e-04,5.753941842480619684e+00,1.660006680666331249e+03,1.660006680666331249e+03
5.892498617703002139e+01,4.399248354151876206e-01,4.397381658687727346e-01,2.464708154743902504e-03,1.370352473981860975e+01,6.785101729234218837e+00,8.052481611184828664e-04,5.755056954187810270e+00,1.660020875702817193e+03,1.660020875702817193e+03
5.899677008173054560e+01,4.405806106198354444e-01,4.403942007009143955e-01,2.467494254767690649e-03,1.370847267626974464e+01,6.785461333629925207e+00,8.049715566149397150e-04,5.756159282840624947e+00,1.660035138985088224e+03,1.660035138985088224e+03
5.906855398643108401e+01,4.412363081568120293e-01,4.410499925937178545e-01,2.470278731646988017e-03,1.371341090871804091e+01,6.785820648165402424e+00,8.046954883399379515e-04,5.757259243563075835e+00,1.660049362651878482e+03,1.660049362651878482e+03
5.914033789113160822e+01,4.418919264633062727e-01,4.417066066618289266e-01,2.473065595249576178e-03,1.371835031644384628e+01,6.786179810937531975e+00,8.044195943826576867e-04,5.758359204285527611e+00,1.660063331934090456e+03,1.660063331934090456e+03
5.921212179583214663e+01,4.425474639742335570e-01,4.423640419512780975e-01,2.475854875183583579e-03,1.372329068748563152e+01,6.786538507418998556e+00,8.041439844099433198e-04,5.759459165007979387e+00,1.660077574946866889e+03,1.660077574946866889e+03
5.928390570053268505e+01,4.432029191221533715e-01,4.430222753605765895e-01,2.478646426827865734e-03,1.372823208927998273e+01,6.786897221802621338e+00,8.038684852136406510e-04,5.760559125730431163e+00,1.660091768913068563e+03,1.660091768913068563e+03
5.935568960523320925e+01,4.438582903371915411e-01,4.436797393109735421e-01,2.481433513569552239e-03,1.373316326662580877e+01,6.787254981196920944e+00,8.035937854407745017e-04,5.761656555249892619e+00,1.660105676866817475e+03,1.660105676866817475e+03
5.942747350993374766e+01,4.445135760469616226e-01,4.443349203241684364e-01,2.484216448038323918e-03,1.373803575761207796e+01,6.787613691151512363e+00,8.033205786323329659e-04,5.762740927328804830e+00,1.660119723863384706e+03,1.660119723863384706e+03
5.949925741463427187e+01,4.451687746764862452e-01,4.449904620897193186e-01,2.486999330518763988e-03,1.374290877264803612e+01,6.787972042962349128e+00,8.030476328182544875e-04,5.763825179405001720e+00,1.660133692787901737e+03,1.660133692787901737e+03
5.957104131933481028e+01,4.458238846481208939e-01,4.456467527840551890e-01,2.489784199011687432e-03,1.374778303197860119e+01,6.788329740616600105e+00,8.027750405470839576e-04,5.764909431481198610e+00,1.660147414853086048e+03,1.660147414853086048e+03
5.964282522403534870e+01,4.464789043814752501e-01,4.463037869541617297e-01,2.492571092870596913e-03,1.375265813461851216e+01,6.788687309513965928e+00,8.025026067322576107e-04,5.765993683557395499e+00,1.660161445732522679e+03,1.660161445732522679e+03
5.971460912873587290e+01,4.471338322933383069e-01,4.469615066513060175e-01,2.495359652417632017e-03,1.375753426519480627e+01,6.789044821174563538e+00,8.022303085739319450e-04,5.767077935633593277e+00,1.660175398152495518e+03,1.660175398152495518e+03
5.978639303343641132e+01,4.477886667976022084e-01,4.476181409720284554e-01,2.498145756941627226e-03,1.376237966386698908e+01,6.789402391437872275e+00,8.019590267915529007e-04,5.768155192667584252e+00,1.660189016241193031e+03,1.660189016241193031e+03
5.985817693813693552e+01,4.484434063051873087e-01,4.482726890625802763e-01,2.500925137160433381e-03,1.376718721147606317e+01,6.789759791705233916e+00,8.016890355884363469e-04,5.769223955614900312e+00,1.660202826495155250e+03,1.660202826495155250e+03
5.992996084283747393e+01,4.490980492239671218e-01,4.489278742246666787e-01,2.503705945245972807e-03,1.377199577489661486e+01,6.790117019653534314e+00,8.014192194305586221e-04,5.770292718562215484e+00,1.660216571101914951e+03,1.660216571101914951e+03
6.000174474753801235e+01,4.497525939586947685e-01,4.495838744854614433e-01,2.506489128533191234e-03,1.377680559091433743e+01,6.790473432872593307e+00,8.011498117498102971e-04,5.771361481509530655e+00,1.660230076166526715e+03,1.660230076166526715e+03
6.007352865223853655e+01,4.504070389109287031e-01,4.502406742801657868e-01,2.509274685248346921e-03,1.378161617501481473e+01,6.790830080286061055e+00,8.008804291274034415e-04,5.772430244456845827e+00,1.660243847285668153e+03,1.660243847285668153e+03
6.014531255693907497e+01,4.510613824789531656e-01,4.508977225164109148e-01,2.512059493858507554e-03,1.378642779235462967e+01,6.791186257985115660e+00,8.006113282004423100e-04,5.773499007404161887e+00,1.660257588024078586e+03,1.660257588024078586e+03
6.021709646163959917e+01,4.517156230576607756e-01,4.515525415419411881e-01,2.514839835971669976e-03,1.379118516352042256e+01,6.791542857999361082e+00,8.003437816929431401e-04,5.774555641056973165e+00,1.660270937498689136e+03,1.660270937498689136e+03
6.028888036634013758e+01,4.523697590384193612e-01,4.522068301012547309e-01,2.517617776014172831e-03,1.379592900634436248e+01,6.791899279207199491e+00,8.000768218542156926e-04,5.775609123976007453e+00,1.660284463771920855e+03,1.660284463771920855e+03
6.036066427104067600e+01,4.530237888089326259e-01,4.528616358153323418e-01,2.520396501349463081e-03,1.380067385201599350e+01,6.792255207692110552e+00,7.998101493413941514e-04,5.776662606895041741e+00,1.660298012949902841e+03,1.660298012949902841e+03
6.043244817574120020e+01,4.536777107531047570e-01,4.535171972910406191e-01,2.523177304880679008e-03,1.380541988212710081e+01,6.792610492161935909e+00,7.995438205740583535e-04,5.777716089814076916e+00,1.660311329703351475e+03,1.660311329703351475e+03
6.050423208044173862e+01,4.543315232509061441e-01,4.541735560970932006e-01,2.525960483107114914e-03,1.381016672399312561e+01,6.792965983260466523e+00,7.992775255437914667e-04,5.778769572733111204e+00,1.660324792007439555e+03,1.660324792007439555e+03
6.057601598514226282e+01,4.549852246782385423e-01,4.548297015550455402e-01,2.528742975591783630e-03,1.381490038307025792e+01,6.793321532919487815e+00,7.990117215820779139e-04,5.779819976493214995e+00,1.660338310127235218e+03,1.660338310127235218e+03
6.064779988984280124e+01,4.556388134068016238e-01,4.554831759947851610e-01,2.531518246588418918e-03,1.381958201856379098e+01,6.793676942203154212e+00,7.987476037108835183e-04,5.780858741752751051e+00,1.660351451382991399e+03,1.660351451382991399e+03
6.071958379454333965e+01,4.562922878039621377e-01,4.561368955970597217e-01,2.534293135668063551e-03,1.382426291398041585e+01,6.794032047889808190e+00,7.984837496240467609e-04,5.781897145082414369e+00,1.660364643555513339e+03,1.660364643555513339e+03
6.079136769924386385e+01,4.569456462326214052e-01,4.567914031892720272e-01,2.537070362636371229e-03,1.382894468248085218e+01,6.794386835559971693e+00,7.982201157884892409e-04,5.782935548412078575e+00,1.660378024732723588e+03,1.660378024732723588e+03
6.086315160394440227e+01,4.575988870510863116e-01,4.574467066428071771e-01,2.539849926422902641e-03,1.383362755214109896e+01,6.794741257676801816e+00,7.979567225918059994e-04,5.783973951741742781e+00,1.660391180410870220e+03,1.660391180410870220e+03
6.093493550864492647e+01,4.582520086129384662e-01,4.581024252767158522e-01,2.542629734614664048e-03,1.383831139486526496e+01,6.795095371019774788e+00,7.976935479799020495e-04,5.785012355071406098e+00,1.660404283481154152e+03,1.660404283481154152e+03
6.100671941334546489e+01,4.589050092669076375e-01,4.587562218543326242e-01,2.545404481324071988e-03,1.384295453575518664e+01,6.795449724224336130e+00,7.974315766918488183e-04,5.786041691919551866e+00,1.660417568435562771e+03,1.660417568435562771e+03
6.107850331804600330e+01,4.595578873567437994e-01,4.594090928472222002e-01,2.548176898848427199e-03,1.384757232310264818e+01,6.795804011281797230e+00,7.971704914481173758e-04,5.787065253891992000e+00,1.660430559299439892e+03,1.660430559299439892e+03
6.115028722274652750e+01,4.602106412210901221e-01,4.600624442249420798e-01,2.550949942338987496e-03,1.385219113802254043e+01,6.796157962952516840e+00,7.969096334212719731e-04,5.788088815864430359e+00,1.660443367247289189e+03,1.660443367247289189e+03
6.122207112744706592e+01,4.608632691933582937e-01,4.607166067996886771e-01,2.553725503659934684e-03,1.385681065801789025e+01,6.796511686744279856e+00,7.966489586745086537e-04,5.789112377836869605e+00,1.660456606317697833e+03,1.660456606317697833e+03
6.129385503214759012e+01,4.615157696016028988e-01,4.613713380745219639e-01,2.556502167250126068e-03,1.386143125678474242e+01,6.796864947404558599e+00,7.963885569578753060e-04,5.790135939809308852e+00,1.660469627300404909e+03,1.660469627300404909e+03
6.136563893684812854e+01,4.621681407683992382e-01,4.620259535415990881e-01,2.559277196725317019e-03,1.386604720741203067e+01,6.797217641347498507e+00,7.961286283042515134e-04,5.791158250309064393e+00,1.660482429334941571e+03,1.660482429334941571e+03
6.143742284154866695e+01,4.628203810107192062e-01,4.626780218212994122e-01,2.562047401222123690e-03,1.387060291862197658e+01,6.797571234843012178e+00,7.958702127407729773e-04,5.792167259433115944e+00,1.660495387474837571e+03,1.660495387474837571e+03
6.150920674624919116e+01,4.634724886398099430e-01,4.633302781906774026e-01,2.564816647129752273e-03,1.387515960720061337e+01,6.797924288219379996e+00,7.956120946928643472e-04,5.793176268557167496e+00,1.660508258768600626e+03,1.660508258768600626e+03
6.158099065094972957e+01,4.641244619610735422e-01,4.639833117228142068e-01,2.567588193732853099e-03,1.387971727792496424e+01,6.798277284278181121e+00,7.953541019218954723e-04,5.794185277681219937e+00,1.660520917523171875e+03,1.660520917523171875e+03
6.165277455565025377e+01,4.647762992739452592e-01,4.646371185498764933e-01,2.570362039660788623e-03,1.388427580720470544e+01,6.798629832279122986e+00,7.950963710634798747e-04,5.795194286805270600e+00,1.660533754213361135e+03,1.660533754213361135e+03
6.172455846035079219e+01,4.654279988717764382e-01,4.652914435985784913e-01,2.573136771262992881e-03,1.388883519652797283e+01,6.798982101388276078e+00,7.948388421722856530e-04,5.796203295929323041e+00,1.660546666161207213e+03,1.660546666161207213e+03
6.179634236505133060e+01,4.660795590417150525e-01,4.659434428541742723e-01,2.575904078741049225e-03,1.389335545619891121e+01,6.799333821402489875e+00,7.945827566711089656e-04,5.797203522649128971e+00,1.660559256112034973e+03,1.660559256112034973e+03
6.186812626975185481e+01,4.667309780645875206e-01,4.665945601971393519e-01,2.578669415961546037e-03,1.389785036442073540e+01,6.799685676687866831e+00,7.943274680646063334e-04,5.798198028927739500e+00,1.660571763534783486e+03,1.660571763534783486e+03
6.193991017445239322e+01,4.673822542147836323e-01,4.672464263897623260e-01,2.581436983222779123e-03,1.390234591360331251e+01,6.800037792402386927e+00,7.940721848197230528e-04,5.799192535206350030e+00,1.660584535214433799e+03,1.660584535214433799e+03
6.201169407915291742e+01,4.680333857601408631e-01,4.678992636631463253e-01,2.584207952696792373e-03,1.390684238716285570e+01,6.800390060891453814e+00,7.938169494553267824e-04,5.800187041484961448e+00,1.660597102682362447e+03,1.660597102682362447e+03
6.208347798385345584e+01,4.686843709618285780e-01,4.685525664680710300e-01,2.586979494945029941e-03,1.391133996976696707e+01,6.800741387880075095e+00,7.935621530383245694e-04,5.801181547763571977e+00,1.660609485419037355e+03,1.660609485419037355e+03
6.215526188855399425e+01,4.693352080742330679e-01,4.692046252805114337e-01,2.589744379904967021e-03,1.391582680355323021e+01,6.801091609217867706e+00,7.933081754149956272e-04,5.802173538246217177e+00,1.660622237632830547e+03,1.660622237632830547e+03
6.222704579325451846e+01,4.699858953448478038e-01,4.698544735721564836e-01,2.592505035926119441e-03,1.392026128350473257e+01,6.801442287071811421e+00,7.930556433838201538e-04,5.803153910698602758e+00,1.660634678689412794e+03,1.660634678689412794e+03
6.229882969795505687e+01,4.706364310141571972e-01,4.705051802320678878e-01,2.595268585439758271e-03,1.392469620810019038e+01,6.801793058418661886e+00,7.928031914459264052e-04,5.804134182098608541e+00,1.660646918232914459e+03,1.660646918232914459e+03
6.237061360265558108e+01,4.712868133155287409e-01,4.711566552428184673e-01,2.598034489708352796e-03,1.392913178824857390e+01,6.802144073171021432e+00,7.925507495239822063e-04,5.805114453498613436e+00,1.660659361963961828e+03,1.660659361963961828e+03
6.244239750735611949e+01,4.719370404751178638e-01,4.718088446376552114e-01,2.600802428528775981e-03,1.393356813151166662e+01,6.802495172261035172e+00,7.922983756924543422e-04,5.806094724898619219e+00,1.660671861510549206e+03,1.660671861510549206e+03
6.251418141205665790e+01,4.725871107118297387e-01,4.724615743631732090e-01,2.603571385758751168e-03,1.393800553017060295e+01,6.802845545667276284e+00,7.920463610869584283e-04,5.807074996298625003e+00,1.660684160998593370e+03,1.660684160998593370e+03
6.258596531675718211e+01,4.732370222373100677e-01,4.731115712479900814e-01,2.606332684346057520e-03,1.394239393416022210e+01,6.803195385108792514e+00,7.917960460013107179e-04,5.808044375169055584e+00,1.660696275782350995e+03,1.660696275782350995e+03
6.265774922145772052e+01,4.738867732559347012e-01,4.737608987132547744e-01,2.609091100967335201e-03,1.394676874810047984e+01,6.803545036749931718e+00,7.915462939881373963e-04,5.809010650071522619e+00,1.660708660193385867e+03,1.660708660193385867e+03
6.272953312615824473e+01,4.745363619648022002e-01,4.744111571234475022e-01,2.611852748907439545e-03,1.395114443798627590e+01,6.803894829797797250e+00,7.912965898509102293e-04,5.809976924973990542e+00,1.660720850377733314e+03,1.660720850377733314e+03
6.280131703085878314e+01,4.751857865537251757e-01,4.750623737044348815e-01,2.614617775083857842e-03,1.395552100043880728e+01,6.804244789404546800e+00,7.910469246443789688e-04,5.810943199876457577e+00,1.660732846252400350e+03,1.660732846252400350e+03
6.287310093555932156e+01,4.758350452052198531e-01,4.757143399253102034e-01,2.617385087685553547e-03,1.395989811958571991e+01,6.804595051527051908e+00,7.907972455323551740e-04,5.811909474778925500e+00,1.660745168249465223e+03,1.660745168249465223e+03
6.294488484025984576e+01,4.764841360945009652e-01,4.763646426897510944e-01,2.620146517596429539e-03,1.396424858215833886e+01,6.804944550432350248e+00,7.905487125893515335e-04,5.812869733508837733e+00,1.660757351846024449e+03,1.660757351846024449e+03
6.301666874496038417e+01,4.771330573894707050e-01,4.770129902823299628e-01,2.622902110749732608e-03,1.396856371457849200e+01,6.805293108514060663e+00,7.903016360316648167e-04,5.813822061794904350e+00,1.660769245453888288e+03,1.660769245453888288e+03
6.308845264966090838e+01,4.777818072507117875e-01,4.776619799747124362e-01,2.625659390437886254e-03,1.397287959760431342e+01,6.805641663271848607e+00,7.900546550651729987e-04,5.814774390080969191e+00,1.660781164621095968e+03,1.660781164621095968e+03
6.316023655436144679e+01,4.784303838314805102e-01,4.783118794516550421e-01,2.628419859830500097e-03,1.397719604939833715e+01,6.805990630332512836e+00,7.898076200068685545e-04,5.815726718367035808e+00,1.660793324016359975e+03,1.660793324016359975e+03
6.323202045906197100e+01,4.790787852776969280e-01,4.789627351571987268e-01,2.631183718272929895e-03,1.398151334895520037e+01,6.806339767742319857e+00,7.895606206500290066e-04,5.816679046653101537e+00,1.660805294988681453e+03,1.660805294988681453e+03
6.330380436376250941e+01,4.797270097279383583e-01,4.796131639201708929e-01,2.633944860210340067e-03,1.398582356232648749e+01,6.806688252759406588e+00,7.893141750223584214e-04,5.817629623845689046e+00,1.660817072357451025e+03,1.660817072357451025e+03
6.337558826846304783e+01,4.803750553134311096e-01,4.802607560507640150e-01,2.636698854927581673e-03,1.399008003945228573e+01,6.807037030159675872e+00,7.890692403132057399e-04,5.818568382059046584e+00,1.660829018448121587e+03,1.660829018448121587e+03
6.344737217316357203e+01,4.810229201580443203e-01,4.809086735781286648e-01,2.639452777540677707e-03,1.399433748546496048e+01,6.807384792209161262e+00,7.888247597512980424e-04,5.819507140272405010e+00,1.660840900172359170e+03,1.660840900172359170e+03
6.351915607786411044e+01,4.816706023782811874e-01,4.815573355440230796e-01,2.642208942771490272e-03,1.399859581543940301e+01,6.807732375757066023e+00,7.885804368674261206e-04,5.820445898485761660e+00,1.660852598886249552e+03,1.660852598886249552e+03
6.359093998256463465e+01,4.823181000832718612e-01,4.822067871340764977e-01,2.644967626698181435e-03,1.400285486633175580e+01,6.808080101031698028e+00,7.883361563016947271e-04,5.821384656699119198e+00,1.660864302924182994e+03,1.660864302924182994e+03
6.366272388726517306e+01,4.829654113747676170e-01,4.828566260048787750e-01,2.647726970684373144e-03,1.400711278485168876e+01,6.808427861205247567e+00,7.880920019784642700e-04,5.822323040193231769e+00,1.660876263290499082e+03,1.660876263290499082e+03
6.373450779196571148e+01,4.836125343471319171e-01,4.835043072165947642e-01,2.650482303517410002e-03,1.401132051598874817e+01,6.808776040880793801e+00,7.878492195452596559e-04,5.823250332523347339e+00,1.660887905109985240e+03,1.660887905109985240e+03
6.380629169666623568e+01,4.842594670873350826e-01,4.841512087572709122e-01,2.653233378949637795e-03,1.401551942684569241e+01,6.809123357499989204e+00,7.876071093143624221e-04,5.824175499558460700e+00,1.660899342377002768e+03,1.660899342377002768e+03
6.387807560136677409e+01,4.849062076749475203e-01,4.847986186845095746e-01,2.655985477003797168e-03,1.401971894312328359e+01,6.809470525597846269e+00,7.873651404200559482e-04,5.825100666593573173e+00,1.660911047136079105e+03,1.660911047136079105e+03
6.394985950606729830e+01,4.855527541821318960e-01,4.854467908471277182e-01,2.658739943691788149e-03,1.402391929171433738e+01,6.809817207275678186e+00,7.871234347403323079e-04,5.826025833628684758e+00,1.660922755247082250e+03,1.660922755247082250e+03
6.402164341076783671e+01,4.861991046736372502e-01,4.860951175798838286e-01,2.661493435145437497e-03,1.402812054709302991e+01,6.810163305277677992e+00,7.868820280570722149e-04,5.826951000663798119e+00,1.660934285850816195e+03,1.660934285850816195e+03
6.409342731546837513e+01,4.868452572067925588e-01,4.867417451474691514e-01,2.664243460795882954e-03,1.403228238730336841e+01,6.810509661849891039e+00,7.866417416518035888e-04,5.827867438477399631e+00,1.660945620839917410e+03,1.660945620839917410e+03
6.416521122016889933e+01,4.874912098315006270e-01,4.873873742875184933e-01,2.666990261766141908e-03,1.403642386222972682e+01,6.810855996746105312e+00,7.864021324802588156e-04,5.828779335020362495e+00,1.660957226867407826e+03,1.660957226867407826e+03
6.423699512486943775e+01,4.881369605902319830e-01,4.880336657916924392e-01,2.669738914335936884e-03,1.404056613326897107e+01,6.811202260816404674e+00,7.861626387992778778e-04,5.829691231563325360e+00,1.660968690197162232e+03,1.660968690197162232e+03
6.430877902956996195e+01,4.887825075180176615e-01,4.886806611238092568e-01,2.672489640483937702e-03,1.404470921446498188e+01,6.811548474866484959e+00,7.859232534462650636e-04,5.830603128106288224e+00,1.660979981162236072e+03,1.660979981162236072e+03
6.438056293427050036e+01,4.894278486424452068e-01,4.893282751833660238e-01,2.675241986545356335e-03,1.404885303279804276e+01,6.811894296496827650e+00,7.856840951138551951e-04,5.831515024649251089e+00,1.660991364909400318e+03,1.660991364909400318e+03
6.445234683897103878e+01,4.900729819836500134e-01,4.899742090436458031e-01,2.677989036405563870e-03,1.405296793583305082e+01,6.812239561362474660e+00,7.854460451867281397e-04,5.832420486946172211e+00,1.661002848175942745e+03,1.661002848175942745e+03
6.452413074367156298e+01,4.907179055543122725e-01,4.906184083867997647e-01,2.680730748787142625e-03,1.405705269699999249e+01,6.812584435294393614e+00,7.852090848162712310e-04,5.833319218752502699e+00,1.661014078188741223e+03,1.661014078188741223e+03
6.459591464837210140e+01,4.913626173596508107e-01,4.912633517179877396e-01,2.683474783006261754e-03,1.406113823987862332e+01,6.812929300868201921e+00,7.849722161476243134e-04,5.834217950558834076e+00,1.661025143251188865e+03,1.661025143251188865e+03
6.466769855307262560e+01,4.920071153974154288e-01,4.919092082646950859e-01,2.686222119792383307e-03,1.406522425506299712e+01,6.813274608266628007e+00,7.847352764842085212e-04,5.835116682365166341e+00,1.661036473859054922e+03,1.661036473859054922e+03
6.473948245777316401e+01,4.926513976578957843e-01,4.925559730407152448e-01,2.688972695781515713e-03,1.406931091515949461e+01,6.813620181154903754e+00,7.844983304187368688e-04,5.836015414171497717e+00,1.661047811528946795e+03,1.661047811528946795e+03
6.481126636247370243e+01,4.932954621240051574e-01,4.932015208586581489e-01,2.691719062897814530e-03,1.407337650332993739e+01,6.813965279388117580e+00,7.842622489183687529e-04,5.836909388129111420e+00,1.661058923323687850e+03,1.661058923323687850e+03
6.488305026717422663e+01,4.939393067714342167e-01,4.938448476165522294e-01,2.694458879144437206e-03,1.407740471636087420e+01,6.814309476830550771e+00,7.840276356158933264e-04,5.837795048765716643e+00,1.661069778016545797e+03,1.661069778016545797e+03
6.495483417187476505e+01,4.945829295688133342e-01,4.944884763476233291e-01,2.697198680625312230e-03,1.408143342197719861e+01,6.814653402873395827e+00,7.837932001745550681e-04,5.838680709402321867e+00,1.661081033111993520e+03,1.661081033111993520e+03
6.502661807657528925e+01,4.952263284778759544e-01,4.951328597642125073e-01,2.699940888058835302e-03,1.408546286866374686e+01,6.814997355289086123e+00,7.835588421576509697e-04,5.839566370038926202e+00,1.661092154903990831e+03,1.661092154903990831e+03
6.509840198127582767e+01,4.958695014536173562e-01,4.957783728374415277e-01,2.702687548820380693e-03,1.408949302642550094e+01,6.815341669556125304e+00,7.833244436049175124e-04,5.840452030675532313e+00,1.661103114434916961e+03,1.661103114434916961e+03
6.517018588597636608e+01,4.965124464444556907e-01,4.964233838384449204e-01,2.705432947826970792e-03,1.409350732007494855e+01,6.815685938892931617e+00,7.830906053936071646e-04,5.841334098094175253e+00,1.661113979189218753e+03,1.661113979189218753e+03
6.524196979067689028e+01,4.971551613923895219e-01,4.970655316606683582e-01,2.708169125338334617e-03,1.409748027396815928e+01,6.816029793074266152e+00,7.828581540969541553e-04,5.842207084059472422e+00,1.661125049637317034e+03,1.661125049637317034e+03
6.531375369537742870e+01,4.977976442331566442e-01,4.977081967920020666e-01,2.710906431873385050e-03,1.410145399178689019e+01,6.816373447864493507e+00,7.826258584307265766e-04,5.843080070024769590e+00,1.661135969655916597e+03,1.661135969655916597e+03
6.538553760007795290e+01,4.984398928963892361e-01,4.983515644306598658e-01,2.713645857449225544e-03,1.410542856207024265e+01,6.816716559664810937e+00,7.823938392376852480e-04,5.843953055990065870e+00,1.661146732115312943e+03,1.661146732115312943e+03
6.545732150477849132e+01,4.990819053057717336e-01,4.989956262723387326e-01,2.716387389749495493e-03,1.410940380210170453e+01,6.817059512979341207e+00,7.821619593824715453e-04,5.844826041955363038e+00,1.661157529253439634e+03,1.661157529253439634e+03
6.552910540947902973e+01,4.997236793791939857e-01,4.996385957566648051e-01,2.719124231506755019e-03,1.411336451601354547e+01,6.817401983455031456e+00,7.819307478387248819e-04,5.845695754781726983e+00,1.661168528909449378e+03,1.661168528909449378e+03
6.560088931417955393e+01,5.003652130289047983e-01,5.002793406213088545e-01,2.721855580819813707e-03,1.411728297619583472e+01,6.817744416664885065e+00,7.817008201229815436e-04,5.846556151389287415e+00,1.661179257013305687e+03,1.661179257013305687e+03
6.567267321888009235e+01,5.010065041616663661e-01,5.009206709041460481e-01,2.724588571018162885e-03,1.412120157873689941e+01,6.818086750381349148e+00,7.814710274174535608e-04,5.847416419825791856e+00,1.661189830598465505e+03,1.661189830598465505e+03
6.574445712358061655e+01,5.016475506789043193e-01,5.015628367943730792e-01,2.727324484256382978e-03,1.412512072159521104e+01,6.818429348344840157e+00,7.812412233962456312e-04,5.848276688262296297e+00,1.661200500604940089e+03,1.661200500604940089e+03
6.581624102828115497e+01,5.022883504768603791e-01,5.022058781607851019e-01,2.730063546680502103e-03,1.412904034183959823e+01,6.818772306571006858e+00,7.810113736490349647e-04,5.849136956698801626e+00,1.661211353618477233e+03,1.661211353618477233e+03
6.588802493298169338e+01,5.029289014467415164e-01,5.028479286309845975e-01,2.732798394315252150e-03,1.413294605217369337e+01,6.819114220221144329e+00,7.807823817492028258e-04,5.849994019605943230e+00,1.661222014287545790e+03,1.661222014287545790e+03
6.595980883768221759e+01,5.035692014748686107e-01,5.034875696335568973e-01,2.735526849477668172e-03,1.413680933602005396e+01,6.819455597694629390e+00,7.805548508089519720e-04,5.850841719576811428e+00,1.661232409292509374e+03,1.661232409292509374e+03
6.603159274238275600e+01,5.042092484428249977e-01,5.041275121304492624e-01,2.738255341161806473e-03,1.414067318920329441e+01,6.819796775509838760e+00,7.803274695362076964e-04,5.851689419547679627e+00,1.661242933309450564e+03,1.661242933309450564e+03
6.610337664708328020e+01,5.048490402276044620e-01,5.047681797103774626e-01,2.740986182147792452e-03,1.414453754477713865e+01,6.820138153015565585e+00,7.801000976039775686e-04,5.852537119518547826e+00,1.661253608703859300e+03,1.661253608703859300e+03
6.617516055178381862e+01,5.054885747017561215e-01,5.054099188047903590e-01,2.743721220767998247e-03,1.414840255808969616e+01,6.820479852176639213e+00,7.798726949270644911e-04,5.853384819489416913e+00,1.661264135865833623e+03,1.661264135865833623e+03
6.624694445648435703e+01,5.061278497335308657e-01,5.060510702566717312e-01,2.746454833742826684e-03,1.415225078570467154e+01,6.820821449313304363e+00,7.796458905347012453e-04,5.854228732240318145e+00,1.661274468699628642e+03,1.661274468699628642e+03
6.631872836118488124e+01,5.067668631870257956e-01,5.066894620019641859e-01,2.749179556669665691e-03,1.415606003554757741e+01,6.821162518715716772e+00,7.794204364356220865e-04,5.855064079879576333e+00,1.661284828173844971e+03,1.661284828173844971e+03
6.639051226588541965e+01,5.074056129223272205e-01,5.073283654364961759e-01,2.751905484265227981e-03,1.415986982513244108e+01,6.821503469254063923e+00,7.791951020074680068e-04,5.855899427518834521e+00,1.661295336582679511e+03,1.661295336582679511e+03
6.646229617058594386e+01,5.080440967956529885e-01,5.079679446429791190e-01,2.754633452583231563e-03,1.416368042418767104e+01,6.821843803304083131e+00,7.789700639427102075e-04,5.856734775158092710e+00,1.661305701140674500e+03,1.661305701140674500e+03
6.653408007528648227e+01,5.086823126594968159e-01,5.086081612516236694e-01,2.757363273719717553e-03,1.416749171850505462e+01,6.822184048195062189e+00,7.787451374660696269e-04,5.857570122797351786e+00,1.661315921797132205e+03,1.661315921797132205e+03
6.660586397998702068e+01,5.093202583627657321e-01,5.092468893680612840e-01,2.760087829755272348e-03,1.417128108514049600e+01,6.822523857894606358e+00,7.785210582528151240e-04,5.858400599283211108e+00,1.661326185967754100e+03,1.661326185967754100e+03
6.667764788468754489e+01,5.099579317509220777e-01,5.098837327795013863e-01,2.762807147760633093e-03,1.417503745681441174e+01,6.822863614522308495e+00,7.782979912063437344e-04,5.859223834380222762e+00,1.661336537983848757e+03,1.661336537983848757e+03
6.674943178938808330e+01,5.105953306661229485e-01,5.105212809832746501e-01,2.765528713307377311e-03,1.417879449251070767e+01,6.823203365535637666e+00,7.780750051098116963e-04,5.860047069477235304e+00,1.661346750387074508e+03,1.661346750387074508e+03
6.682121569408860751e+01,5.112324529473575296e-01,5.111596901252625225e-01,2.768253373705417773e-03,1.418255217250717592e+01,6.823543255343439640e+00,7.778520494667087162e-04,5.860870304574247847e+00,1.661356823125521032e+03,1.661356823125521032e+03
6.689299959878914592e+01,5.118692964305850968e-01,5.117988598765380592e-01,2.770980604226475855e-03,1.418631038774110564e+01,6.823883316194185866e+00,7.776291114239879338e-04,5.861693539671259501e+00,1.661366938352262196e+03,1.661366938352262196e+03
6.696478350348968434e+01,5.125058589488711291e-01,5.124364564185558413e-01,2.773703691579058536e-03,1.419003884440205709e+01,6.824223002444391284e+00,7.774072071793531333e-04,5.862510229531102013e+00,1.661377211715792555e+03,1.661377211715792555e+03
6.703656740819020854e+01,5.131421383325234231e-01,5.130723306229842962e-01,2.776420895787325756e-03,1.419374241640324641e+01,6.824561832518402760e+00,7.771863810330576676e-04,5.863321371932890713e+00,1.661387279384676276e+03,1.661387279384676276e+03
6.710835131289074695e+01,5.137781324092118851e-01,5.137086320390822358e-01,2.779138860446611105e-03,1.419744666842630210e+01,6.824900418808860891e+00,7.769657174388017390e-04,5.864132514334678525e+00,1.661397211554771047e+03,1.661397211554771047e+03
6.718013521759127116e+01,5.144138390040304820e-01,5.143456507524539756e-01,2.781859171424343712e-03,1.420115150902545054e+01,6.825239074936846784e+00,7.767451061048530033e-04,5.864943656736466338e+00,1.661407094096330866e+03,1.661407094096330866e+03
6.725191912229180957e+01,5.150492559395195569e-01,5.149826650146265283e-01,2.784577956562962406e-03,1.420485677187991769e+01,6.825577404873827803e+00,7.765246817736297467e-04,5.865754799138255038e+00,1.661417309131237516e+03,1.661417309131237516e+03
6.732370302699234799e+01,5.156843810356862567e-01,5.156178693125721413e-01,2.787293252094797009e-03,1.420852271911518905e+01,6.825915968538113887e+00,7.763053411301125764e-04,5.866557319253326241e+00,1.661427282379215285e+03,1.661427282379215285e+03
6.739548693169287219e+01,5.163192121100241838e-01,5.162523627128005055e-01,2.790006164391830266e-03,1.421217410023423433e+01,6.826254213633540679e+00,7.760866030720379961e-04,5.867356548484175427e+00,1.661437083008882382e+03,1.661437083008882382e+03
6.746727083639341060e+01,5.169537469775332683e-01,5.168875438032006775e-01,2.792721275199473632e-03,1.421582610954566128e+01,6.826592452228463337e+00,7.758679433465162081e-04,5.868155777715025501e+00,1.661446752140358285e+03,1.661446752140358285e+03
6.753905474109393481e+01,5.175879834507400856e-01,5.175233925863619300e-01,2.795438514729790391e-03,1.421947854214180040e+01,6.826930386620917446e+00,7.756494611351366945e-04,5.868955006945873798e+00,1.661456796109312791e+03,1.661456796109312791e+03
6.761083864579447322e+01,5.182219193397167301e-01,5.181591764141569856e-01,2.798154481249563383e-03,1.422312856889076116e+01,6.827267777916383729e+00,7.754313276284593385e-04,5.869753569377395230e+00,1.661466740354990179e+03,1.661466740354990179e+03
6.768262255049499743e+01,5.188555524521013540e-01,5.187924987010980038e-01,2.800864664524411757e-03,1.422673339011567251e+01,6.827605201843827132e+00,7.752145039522647741e-04,5.870542243016846129e+00,1.661476432748813750e+03,1.661476432748813750e+03
6.775440645519553584e+01,5.194888805931165976e-01,5.194255260536324581e-01,2.803572899348391167e-03,1.423033305167024309e+01,6.827942114013869634e+00,7.749980918452100895e-04,5.871329656113350559e+00,1.661485982002877336e+03,1.661485982002877336e+03
6.782619035989607426e+01,5.201219015655891287e-01,5.200592156924183085e-01,2.806283261653589548e-03,1.423393310116468413e+01,6.828279230597289917e+00,7.747816801086856173e-04,5.872117069209854989e+00,1.661495746867703929e+03,1.661495746867703929e+03
6.789797426459659846e+01,5.207546131699698488e-01,5.206935994589254602e-01,2.808995902696149929e-03,1.423753363330109600e+01,6.828616483930857406e+00,7.745652936228304307e-04,5.872904482306359419e+00,1.661505579648345247e+03,1.661505579648345247e+03
6.796975816929713687e+01,5.213870132043516570e-01,5.213270866217604160e-01,2.811704520882540165e-03,1.424112310106201917e+01,6.828953061060936136e+00,7.743495359824062669e-04,5.873689357199779693e+00,1.661515253943513699e+03,1.661515253943513699e+03
6.804154207399766108e+01,5.220190994644894333e-01,5.219587379038366226e-01,2.814410074306243278e-03,1.424467106892063306e+01,6.829289970519139885e+00,7.741348774075852788e-04,5.874465161139433178e+00,1.661524691992545286e+03,1.661524691992545286e+03
6.811332597869819949e+01,5.226508697438182471e-01,5.225906658976567920e-01,2.817115641324312043e-03,1.424821969752905737e+01,6.829626057840967768e+00,7.739205764422094937e-04,5.875240965079086664e+00,1.661534159265449944e+03,1.661534159265449944e+03
6.818510988339873791e+01,5.232823218334736737e-01,5.232232979328309552e-01,2.819823584938324287e-03,1.425176868178258971e+01,6.829962343508413802e+00,7.737062763884308952e-04,5.876016769018741037e+00,1.661543878161991643e+03,1.661543878161991643e+03
6.825689378809926211e+01,5.239134535223087807e-01,5.238565452593042515e-01,2.822533376673621013e-03,1.425531826568605354e+01,6.830298568817474880e+00,7.734920704148735577e-04,5.876792572958394523e+00,1.661553476183090879e+03,1.661553476183090879e+03
6.832867769279980052e+01,5.245442625969133355e-01,5.244879810115122831e-01,2.825237563346555143e-03,1.425884007921221652e+01,6.830634351000065330e+00,7.732788604182097352e-04,5.877562251180147079e+00,1.661562876259323048e+03,1.661562876259323048e+03
6.840046159750032473e+01,5.251747468416327891e-01,5.251178185511958807e-01,2.827936663606186573e-03,1.426233740218861001e+01,6.830969688506975501e+00,7.730665567891815883e-04,5.878326513603712833e+00,1.661572094796378451e+03,1.661572094796378451e+03
6.847224550220086314e+01,5.258049040385868178e-01,5.257482744867841840e-01,2.830637711784815547e-03,1.426583501820930344e+01,6.831305268353904836e+00,7.728542369913340114e-04,5.879090776027278586e+00,1.661581634152769311e+03,1.661581634152769311e+03
6.854402940690140156e+01,5.264347319676867532e-01,5.263792804579290330e-01,2.833340288544216896e-03,1.426933317795916523e+01,6.831640791286344161e+00,7.726420080753893492e-04,5.879855038450844340e+00,1.661591131266305183e+03,1.661591131266305183e+03
6.861581331160192576e+01,5.270642284066554550e-01,5.270104215835339501e-01,2.836042383063661944e-03,1.427283075792758638e+01,6.831975919066557879e+00,7.724300207160076336e-04,5.880619039389559433e+00,1.661600505316319186e+03,1.661600505316319186e+03
6.868759721630246418e+01,5.276933911310427439e-01,5.276395138046854338e-01,2.838740787027093856e-03,1.427628480266964672e+01,6.832310875574671982e+00,7.722193568511288202e-04,5.881373525523380330e+00,1.661609645022501127e+03,1.661609645022501127e+03
6.875938112100298838e+01,5.283222179142463837e-01,5.282681194303711081e-01,2.841436602747144866e-03,1.427973214110064504e+01,6.832645246222003088e+00,7.720091606471373444e-04,5.882126449914102828e+00,1.661618839792599374e+03,1.661618839792599374e+03
6.883116502570352679e+01,5.289507065275296238e-01,5.288974827138088752e-01,2.844135124943497628e-03,1.428317981352869559e+01,6.832979916453553848e+00,7.717989282467399700e-04,5.882879374304825326e+00,1.661628243831921282e+03,1.661628243831921282e+03
6.890294893040406521e+01,5.295788547400361868e-01,5.295273838326501892e-01,2.846835121131804924e-03,1.428662806350252801e+01,6.833314469711691430e+00,7.715888068337106546e-04,5.883632298695547824e+00,1.661637531625913880e+03,1.661637531625913880e+03
6.897473283510458941e+01,5.302066603188123617e-01,5.301563568204732402e-01,2.849531702335175460e-03,1.429006188740370753e+01,6.833648554933442476e+00,7.713793233227959336e-04,5.884381983320385423e+00,1.661646663919693765e+03,1.661646663919693765e+03
6.904651673980512783e+01,5.308341210288209933e-01,5.307832786280941573e-01,2.852223252381539797e-03,1.429345919509873752e+01,6.833982563572898350e+00,7.711709349336198392e-04,5.885123686448302749e+00,1.661655585493730541e+03,1.661655585493730541e+03
6.911830064450565203e+01,5.314612346329611325e-01,5.314104145474042307e-01,2.854914657182380192e-03,1.429685658471936627e+01,6.834316465357652248e+00,7.709626557121808778e-04,5.885865336958223892e+00,1.661664802285508813e+03,1.661664802285508813e+03
6.919008454920619045e+01,5.320879988920859116e-01,5.320382391253694054e-01,2.857608386335050953e-03,1.430025445300135267e+01,6.834650458667585582e+00,7.707544131792978641e-04,5.886606987468144148e+00,1.661674006399035306e+03,1.661674006399035306e+03
6.926186845390672886e+01,5.327144115650175316e-01,5.326663872885335493e-01,2.860302445865669368e-03,1.430365295837859740e+01,6.834983930158868404e+00,7.705464202305506525e-04,5.887348637978065291e+00,1.661683097775374790e+03,1.661683097775374790e+03
6.933365235860725306e+01,5.333404704085673576e-01,5.332921271163947319e-01,2.862989616274954491e-03,1.430701488424773693e+01,6.835316620375150976e+00,7.703397679650321548e-04,5.888082271818138480e+00,1.661691979933893890e+03,1.661691979933893890e+03
6.940543626330779148e+01,5.339661731775515729e-01,5.339173937905383749e-01,2.865675757323177079e-03,1.431036296369868843e+01,6.835649275029168415e+00,7.701335806251323858e-04,5.888812821438455636e+00,1.661700801749462698e+03,1.661700801749462698e+03
6.947722016800831568e+01,5.345915176247769685e-01,5.345433483058691371e-01,2.868364281374495301e-03,1.431371129936429298e+01,6.835982235206054192e+00,7.699273520179613327e-04,5.889543371058772792e+00,1.661709922848542647e+03,1.661709922848542647e+03
6.954900407270885410e+01,5.352165015007915860e-01,5.351700184409180494e-01,2.871055282335341699e-03,1.431706015704636137e+01,6.836315251382884206e+00,7.697211719553428803e-04,5.890273920679089947e+00,1.661718940826356629e+03,1.661718940826356629e+03
6.962078797740939251e+01,5.358411225533937783e-01,5.357963868557860110e-01,2.873745483021267547e-03,1.432039866667664363e+01,6.836648110858254412e+00,7.695154063689330992e-04,5.891002126318525711e+00,1.661727821071007611e+03,1.661727821071007611e+03
6.969257188210991671e+01,5.364653785271097375e-01,5.364204929449747361e-01,2.876430189990313545e-03,1.432369787914439385e+01,6.836980909272790008e+00,7.693107977076845674e-04,5.891721768296482864e+00,1.661736490130665516e+03,1.661736490130665516e+03
6.976435578681045513e+01,5.370892671626693593e-01,5.370443315647190907e-01,2.879112224299351305e-03,1.432699710296820683e+01,6.837313083501574518e+00,7.691064817277206258e-04,5.892441310302700685e+00,1.661745268108763867e+03,1.661745268108763867e+03
6.983613969151097933e+01,5.377127861964918765e-01,5.376691521990206724e-01,2.881798227943211266e-03,1.433029662073207611e+01,6.837645731589513609e+00,7.689020666023786872e-04,5.893160852308918507e+00,1.661754218191576228e+03,1.661754218191576228e+03
6.990792359621151775e+01,5.383359333601690500e-01,5.382937966591657686e-01,2.884481909600925334e-03,1.433359684083407792e+01,6.837977247017798632e+00,7.686981086554808308e-04,5.893880394315137217e+00,1.661763062309544239e+03,1.661763062309544239e+03
6.997970750091205616e+01,5.389587063799559097e-01,5.389161415740029160e-01,2.887159344597052535e-03,1.433686076987975611e+01,6.838308293785078540e+00,7.684953661330592078e-04,5.894592009846629566e+00,1.661771704752921096e+03,1.661771704752921096e+03
7.005149140561258037e+01,5.395811029762614952e-01,5.395379709393358647e-01,2.889835480383719235e-03,1.434011139532622536e+01,6.838639198085831872e+00,7.682931084722970875e-04,5.895300653757124643e+00,1.661780208050913870e+03,1.661780208050913870e+03
7.012327531031311878e+01,5.402031208631453696e-01,5.401604370852099990e-01,2.892513752594353359e-03,1.434336232082233842e+01,6.838970308060381420e+00,7.680908426627070006e-04,5.896009297667619720e+00,1.661788915626360904e+03,1.661788915626360904e+03
7.019505921501364298e+01,5.408247577478147994e-01,5.407834808587411723e-01,2.895193824152687834e-03,1.434661363931785161e+01,6.839301482596819248e+00,7.678886184590257361e-04,5.896717941578113908e+00,1.661797700582681955e+03,1.661797700582681955e+03
7.026684311971418140e+01,5.414460113301273747e-01,5.414060287090395329e-01,2.897872908624324773e-03,1.434985068748590464e+01,6.839632592615529916e+00,7.676868769432129876e-04,5.897423410132561550e+00,1.661806344150278619e+03,1.661806344150278619e+03
7.033862702441471981e+01,5.420668793020959608e-01,5.420263678190671008e-01,2.900545946952189872e-03,1.435305318642112127e+01,6.839963426320907480e+00,7.674862327041283771e-04,5.898121343957443585e+00,1.661814795194483850e+03,1.661814795194483850e+03
7.041041092911524402e+01,5.426873593473956481e-01,5.426470348837393320e-01,2.903219474160979429e-03,1.435625604704859626e+01,6.840294006316685049e+00,7.672857444837197184e-04,5.898819242831272014e+00,1.661823146685777829e+03,1.661823146685777829e+03
7.048219483381578243e+01,5.433074491408754758e-01,5.432684523513404695e-01,2.905895773453628754e-03,1.435945915031334508e+01,6.840624918637472796e+00,7.670852031880215621e-04,5.899517141705101331e+00,1.661831750697516327e+03,1.661831750697516327e+03
7.055397873851630663e+01,5.439271463480728208e-01,5.438898770020141882e-01,2.908571062704297036e-03,1.436266153627729203e+01,6.840955032274180780e+00,7.668850336053855375e-04,5.900214767219589262e+00,1.661840379242922381e+03,1.661840379242922381e+03
7.062576264321684505e+01,5.445464486247302283e-01,5.445087872088562042e-01,2.911240151968593794e-03,1.436582229235322039e+01,6.841284872386701466e+00,7.666861464696923161e-04,5.900903341131074065e+00,1.661848798280746905e+03,1.661848798280746905e+03
7.069754654791738346e+01,5.451653536163153513e-01,5.451274411723080471e-01,2.913907870301817894e-03,1.436897726402902009e+01,6.841614345066580505e+00,7.664876170728634509e-04,5.901590560564988763e+00,1.661857104096656030e+03,1.661857104096656030e+03
7.076933045261790767e+01,5.457838589575448873e-01,5.457465968055215111e-01,2.916576999003196724e-03,1.437213272561165667e+01,6.841943714283226896e+00,7.662891863439540152e-04,5.902277779998904350e+00,1.661865313312274111e+03,1.661865313312274111e+03
7.084111435731844608e+01,5.464019622719098468e-01,5.463662934511980263e-01,2.919247795696174996e-03,1.437528843770014575e+01,6.842273243229671564e+00,7.660907606832764380e-04,5.902964999432819049e+00,1.661873780725161851e+03,1.661873780725161851e+03
7.091289826201897029e+01,5.470196611712078161e-01,5.469841769847035851e-01,2.921913112379198769e-03,1.437841768660378960e+01,6.842602428874586806e+00,7.658932312660942949e-04,5.903646443870778526e+00,1.661882199175684036e+03,1.661882199175684036e+03
7.098468216671950870e+01,5.476369532550705577e-01,5.476006491275109411e-01,2.924574174558101144e-03,1.438152508620043868e+01,6.842931264564756866e+00,7.656964794250716456e-04,5.904323090509277172e+00,1.661890464490589466e+03,1.661890464490589466e+03
7.105646607142004711e+01,5.482538361105038227e-01,5.482177563058295844e-01,2.927237383568693369e-03,1.438463294907966272e+01,6.843260112077057755e+00,7.654997855854230992e-04,5.904999737147776706e+00,1.661898636250870368e+03,1.661898636250870368e+03
7.112824997612057132e+01,5.488703073114218345e-01,5.488355255911888664e-01,2.929902882866002815e-03,1.438774127236936806e+01,6.843588994764934874e+00,7.653031417239095731e-04,5.905676383786274464e+00,1.661906714427808538e+03,1.661906714427808538e+03
7.120003388082110973e+01,5.494863644181923190e-01,5.494523616953510547e-01,2.932564483427343213e-03,1.439083863608458103e+01,6.843917223720462850e+00,7.651070826940100647e-04,5.906350596464712055e+00,1.661914980328332149e+03,1.661914980328332149e+03
7.127181778552163394e+01,5.501020049771773168e-01,5.500674770188805907e-01,2.935223205351702482e-03,1.439389947043745721e+01,6.844245500048665498e+00,7.649120482838377274e-04,5.907016892035287015e+00,1.661923210942670721e+03,1.661923210942670721e+03
7.134360169022217235e+01,5.507172265202813222e-01,5.506827928399231631e-01,2.937881771014541968e-03,1.439696077233428184e+01,6.844573426912322844e+00,7.647171953991165278e-04,5.907683181118584592e+00,1.661931350852495825e+03,1.661931350852495825e+03
7.141538559492271077e+01,5.513320265645015317e-01,5.512987111567072551e-01,2.940542327669369918e-03,1.440002252602493726e+01,6.844901347630969468e+00,7.645224055463338293e-04,5.908349470201883058e+00,1.661939400105956565e+03,1.661939400105956565e+03
7.148716949962323497e+01,5.519464026114807575e-01,5.519148800661028975e-01,2.943203658138695590e-03,1.440308149708051033e+01,6.845229159103611849e+00,7.643278001433623497e-04,5.909015063064366302e+00,1.661947350414139009e+03,1.661947350414139009e+03
7.155895340432377338e+01,5.525603521470617840e-01,5.525288384039961365e-01,2.945860123571657479e-03,1.440610109629414204e+01,6.845557171592318468e+00,7.641342364063677612e-04,5.909672154376199416e+00,1.661955327615035230e+03,1.661955327615035230e+03
7.163073730902429759e+01,5.531738726408471640e-01,5.531420953671969398e-01,2.948512683437553000e-03,1.440911607013464923e+01,6.845884546406772131e+00,7.639410816679553535e-04,5.910328171618456139e+00,1.661963439462205770e+03,1.661963439462205770e+03
7.170252121372483600e+01,5.537869615457594596e-01,5.537561420662127087e-01,2.951168256500336269e-03,1.441213146287637592e+01,6.846212073079905203e+00,7.637479349045233224e-04,5.910984188860711086e+00,1.661971463521440228e+03,1.661971463521440228e+03
7.177430511842537442e+01,5.543996162976059239e-01,5.543703684738497950e-01,2.953823576416814405e-03,1.441514734207899018e+01,6.846539238024308638e+00,7.635549717420965672e-04,5.911640206102967809e+00,1.661979399766741153e+03,1.661979399766741153e+03
7.184608902312589862e+01,5.550118343146444033e-01,5.549823559430846487e-01,2.956472951237477595e-03,1.441812863069023898e+01,6.846866167293274685e+00,7.633630768482506119e-04,5.912288712900886978e+00,1.661987158810893106e+03,1.661987158810893106e+03
7.191787292782643704e+01,5.556236129971460214e-01,5.555935166314620588e-01,2.959119350309730515e-03,1.442109762291413944e+01,6.847192298940604438e+00,7.631718520984859429e-04,5.912934473688999937e+00,1.661994879712213333e+03,1.661994879712213333e+03
7.198965683252696124e+01,5.562349497269216680e-01,5.562056222667615124e-01,2.961769656157099521e-03,1.442406678839581957e+01,6.847518829825999020e+00,7.629805464312004347e-04,5.913580234477112008e+00,1.662002881222653286e+03,1.662002881222653286e+03
7.206144073722749965e+01,5.568458418668329468e-01,5.568175028235474722e-01,2.964417566656091414e-03,1.442703647056110938e+01,6.847844671365900915e+00,7.627895350045304146e-04,5.914225995265224967e+00,1.662010797724966324e+03,1.662010797724966324e+03
7.213322464192802386e+01,5.574562867603001237e-01,5.574274891365754714e-01,2.967059485063774926e-03,1.442998095838212436e+01,6.848170001666971096e+00,7.625994355111542474e-04,5.914866255661338279e+00,1.662018562854818128e+03,1.662018562854818128e+03
7.220500854662856227e+01,5.580662817308172929e-01,5.580366389217559231e-01,2.969700272453201957e-03,1.443290406832059070e+01,6.848495470748391156e+00,7.624099219939783683e-04,5.915501853068112936e+00,1.662026188735361075e+03,1.662026188735361075e+03
7.227679245132910069e+01,5.586758240814680976e-01,5.586463948596843698e-01,2.972343130543491502e-03,1.443582759078667976e+01,6.848820953068631034e+00,7.622204617337123306e-04,5.916137450474888482e+00,1.662033732192391426e+03,1.662033732192391426e+03
7.234857635602962489e+01,5.592849110944450031e-01,5.592565077221554048e-01,2.974986772523843716e-03,1.443875132944812378e+01,6.849146458233455803e+00,7.620310483794860007e-04,5.916773047881663139e+00,1.662041530393408038e+03,1.662041530393408038e+03
7.242036026073016330e+01,5.598935400305727894e-01,5.598657953866914561e-01,2.977628661703317966e-03,1.444165709184311908e+01,6.849471969572483943e+00,7.618421733064572807e-04,5.917404721773532827e+00,1.662049300172115181e+03,1.662049300172115181e+03
7.249214416543068751e+01,5.605017081288330427e-01,5.604731693859142938e-01,2.980265142291272686e-03,1.444453459751973234e+01,6.849797157003925996e+00,7.616542230811191791e-04,5.918030251664294639e+00,1.662056914259778523e+03,1.662056914259778523e+03
7.256392807013122592e+01,5.611094126058931986e-01,5.610808481426488026e-01,2.982902103074554483e-03,1.444741253804369840e+01,6.850122107313652897e+00,7.614664105293915452e-04,5.918655781555056450e+00,1.662064448605842472e+03,1.662064448605842472e+03
7.263571197483176434e+01,5.617166506556382499e-01,5.616895649135045243e-01,2.985543439497768698e-03,1.445029092068782717e+01,6.850447024976212163e+00,7.612786659014402152e-04,5.919281311445818261e+00,1.662071903187998714e+03,1.662071903187998714e+03
7.270749587953228854e+01,5.623234194487058968e-01,5.622977008909721963e-01,2.988183164481075186e-03,1.445315708037701441e+01,6.850771673976104204e+00,7.610914007956860088e-04,5.919904142854440110e+00,1.662079349150598773e+03,1.662079349150598773e+03
7.277927978423282696e+01,5.629297161320233611e-01,5.629031017059621389e-01,2.990814045312333372e-03,1.445599068656415831e+01,6.851095795912069519e+00,7.609052330451800301e-04,5.920519950629013373e+00,1.662086956750476247e+03,1.662086956750476247e+03
7.285106368893335116e+01,5.635355378283480876e-01,5.635090527377353276e-01,2.993446735889785607e-03,1.445882468835310952e+01,6.851419890609921737e+00,7.607191304024687496e-04,5.921135758403586635e+00,1.662094487893503356e+03,1.662094487893503356e+03
7.292284759363388957e+01,5.641408816358125522e-01,5.641156325483812628e-01,2.996081654103087497e-03,1.446165907648811455e+01,6.851744026753825878e+00,7.605330694789209662e-04,5.921751566178159898e+00,1.662101941809848313e+03,1.662101941809848313e+03
7.299463149833442799e+01,5.647457446274680715e-01,5.647214859826595879e-01,2.998713549447044793e-03,1.446448445954798068e+01,6.852067658372672732e+00,7.603474847882636537e-04,5.922365350453653754e+00,1.662109294373067996e+03,1.662109294373067996e+03
7.306641540303495219e+01,5.653501238508363835e-01,5.653250729101425565e-01,3.001339933445353134e-03,1.446727345132828724e+01,6.852391190680992672e+00,7.601629564193355384e-04,5.922971267606370382e+00,1.662116477410214429e+03,1.662116477410214429e+03
7.313819930773549061e+01,5.659540163274623392e-01,5.659289059342749173e-01,3.003966557965370796e-03,1.447006270002806083e+01,6.852714610928054562e+00,7.599785189029718271e-04,5.923577184759087011e+00,1.662123823646593792e+03,1.662123823646593792e+03
7.320998321243601481e+01,5.665574190524662601e-01,5.665331791723446919e-01,3.006594449114733704e-03,1.447285222391458781e+01,6.853038037328865961e+00,7.597941325231528757e-04,5.924183101911803639e+00,1.662131276347225821e+03,1.662131276347225821e+03
7.328176711713655322e+01,5.671603289941045123e-01,5.671370651696390208e-01,3.009220818833228603e-03,1.447563431051441896e+01,6.853361149385964524e+00,7.596101141328094044e-04,5.924787339058860347e+00,1.662138633998079968e+03,1.662138633998079968e+03
7.335355102183709164e+01,5.677627430933298580e-01,5.677386377135579254e-01,3.011841725048645165e-03,1.447837881171505003e+01,6.853684066322240476e+00,7.594272139034546464e-04,5.925383453925561206e+00,1.662145819927728326e+03,1.662145819927728326e+03
7.342533492653761584e+01,5.683646582633540278e-01,5.683402659630030218e-01,3.014461836988297644e-03,1.448112377550138952e+01,6.854006182626546817e+00,7.592446406850962949e-04,5.925979559499769955e+00,1.662152933409705838e+03,1.662152933409705838e+03
7.349711883123815426e+01,5.689660713892148447e-01,5.689424646881995340e-01,3.017083903818442228e-03,1.448386910991521148e+01,6.854328298196392666e+00,7.590621215412841081e-04,5.926575665073978705e+00,1.662159974537569497e+03,1.662159974537569497e+03
7.356890273593867846e+01,5.695669793273459014e-01,5.695443278142817700e-01,3.019705010879672729e-03,1.448660574492718567e+01,6.854650426779548056e+00,7.588798817780552592e-04,5.927169872390243732e+00,1.662167236209662860e+03,1.662167236209662860e+03
7.364068664063921688e+01,5.701673789051479035e-01,5.701437868328117498e-01,3.022319513580902072e-03,1.448930819868075304e+01,6.854972293256533789e+00,7.586986883832786896e-04,5.927756702964697588e+00,1.662174432507616757e+03,1.662174432507616757e+03
7.371247054533975529e+01,5.707672669205642313e-01,5.707433739380779469e-01,3.024933871079934361e-03,1.449200992883122829e+01,6.855293870121764499e+00,7.585176756335508443e-04,5.928343294003927788e+00,1.662181555889185802e+03,1.662181555889185802e+03
7.378425445004027949e+01,5.713666401416572782e-01,5.713436452944199440e-01,3.027550807444703927e-03,1.449471200550678596e+01,6.855615548704852458e+00,7.583366813551765690e-04,5.928929885043157988e+00,1.662188609280591663e+03,1.662188609280591663e+03
7.385603835474081791e+01,5.719654953061910074e-01,5.719431650992968796e-01,3.030164720764012831e-03,1.449740482830496369e+01,6.855936742416665730e+00,7.581561576251505180e-04,5.929514409421839716e+00,1.662195568190295035e+03,1.662195568190295035e+03
7.392782225944134211e+01,5.725638291212102882e-01,5.725403498948344883e-01,3.032772541352698331e-03,1.450006300338388954e+01,6.856257711167844882e+00,7.579766792870411621e-04,5.930091452166874610e+00,1.662202370219100885e+03,1.662202370219100885e+03
7.399960616414188053e+01,5.731616382626305573e-01,5.731379177183196783e-01,3.035381402617004596e-03,1.450272133089943516e+01,6.856578753620159894e+00,7.577972251485836372e-04,5.930668494911911282e+00,1.662209427028899427e+03,1.662209427028899427e+03
7.407139006884241894e+01,5.737589193748242611e-01,5.737361777504212945e-01,3.037992913340729212e-03,1.450537994313691748e+01,6.856899955148112014e+00,7.576177685363062438e-04,5.931245537656947064e+00,1.662216493093605550e+03,1.662216493093605550e+03
7.414317397354294314e+01,5.743556690702104062e-01,5.743331362242193316e-01,3.040599260964070832e-03,1.450802574573874182e+01,6.857220289707307792e+00,7.574390047226774864e-04,5.931819744124347871e+00,1.662223457263687351e+03,1.662223457263687351e+03
7.421495787824348156e+01,5.749518839288516592e-01,5.749282624968736766e-01,3.043201490707238884e-03,1.451064040832383029e+01,6.857540273136783604e+00,7.572612358656156256e-04,5.932387213284787464e+00,1.662230273874123668e+03,1.662230273874123668e+03
7.428674178294400576e+01,5.755475604980496707e-01,5.755238385100363008e-01,3.045805089366391844e-03,1.451325542159181481e+01,6.857860172749566274e+00,7.570835465413020991e-04,5.932954682445227057e+00,1.662237025016199141e+03,1.662237025016199141e+03
7.435852568764454418e+01,5.761426952920896127e-01,5.761198967144047778e-01,3.048410228460117239e-03,1.451587078201199610e+01,6.858180014872956143e+00,7.569059278001742446e-04,5.933522151605665762e+00,1.662243710992685237e+03,1.662243710992685237e+03
7.443030959234508259e+01,5.767372847929452817e-01,5.767144657778173755e-01,3.051010237462249784e-03,1.451846859978844329e+01,6.858499470608770743e+00,7.567289520747306000e-04,5.934085827821284909e+00,1.662250558516139563e+03,1.662250558516139563e+03
7.450209349704560680e+01,5.773313254518703808e-01,5.773077628372065284e-01,3.053607838075062322e-03,1.452104145176345718e+01,6.858819067622067500e+00,7.565526358907863867e-04,5.934644123508860503e+00,1.662257395425282766e+03,1.662257395425282766e+03
7.457387740174614521e+01,5.779248136910976053e-01,5.779014177106925887e-01,3.056206337003316859e-03,1.452361465369372695e+01,6.859138511080527856e+00,7.563764219979963446e-04,5.935202419196436985e+00,1.662264169041486184e+03,1.662264169041486184e+03
7.464566130644666941e+01,5.785177459055265148e-01,5.784952986339846337e-01,3.058805034207604575e-03,1.452618821824948725e+01,6.859457698541131521e+00,7.562003449528165860e-04,5.935760714884012579e+00,1.662270879342204580e+03,1.662270879342204580e+03
7.471744521114720783e+01,5.791101184644069644e-01,5.790874785025135196e-01,3.061399000356430401e-03,1.452873718842340978e+01,6.859776592256053185e+00,7.560250677267046828e-04,5.936313685517467853e+00,1.662277463218430285e+03,1.662277463218430285e+03
7.478922911584774624e+01,5.797019277130044390e-01,5.796787298497472207e-01,3.063991087271079102e-03,1.453126747917143113e+01,6.860095456694327964e+00,7.558503452328805541e-04,5.936862601693522201e+00,1.662283937365318252e+03,1.662283937365318252e+03
7.486101302054827045e+01,5.802931699742636118e-01,5.802702680576765637e-01,3.066583736057988761e-03,1.453379801431126417e+01,6.860414220415742115e+00,7.556757048891223636e-04,5.937411517869575661e+00,1.662290503094726319e+03,1.662290503094726319e+03
7.493279692524880886e+01,5.808838415504593566e-01,5.808618292712260933e-01,3.069175558985084290e-03,1.453632876136340357e+01,6.860732710636286313e+00,7.555012045794418226e-04,5.937960431558248153e+00,1.662297235734269634e+03,1.662297235734269634e+03
7.500458082994933307e+01,5.814739387248336611e-01,5.814515032471674338e-01,3.071763334911777055e-03,1.453882720328068956e+01,6.861050869795378482e+00,7.553277161053836234e-04,5.938502371954480274e+00,1.662303822864891345e+03,1.662303822864891345e+03
7.507636473464987148e+01,5.820634577632334272e-01,5.820406586506358115e-01,3.074349608963712014e-03,1.454131558719387129e+01,6.861368716479463004e+00,7.551546528965433214e-04,5.939042090502590021e+00,1.662310323739279966e+03,1.662310323739279966e+03
7.514814863935040989e+01,5.826523949157270676e-01,5.826301070151710393e-01,3.076936474032038182e-03,1.454380430738150309e+01,6.861686368444820161e+00,7.549817040108701633e-04,5.939581809050699768e+00,1.662316765477099125e+03,1.662316765477099125e+03
7.521993254405093410e+01,5.832407464182208789e-01,5.832193497816546834e-01,3.079521366837758515e-03,1.454629303460619738e+01,6.862003448951428553e+00,7.548090061849318556e-04,5.940121447207768135e+00,1.662323147118477664e+03,1.662323147118477664e+03
7.529171644875147251e+01,5.838285084940612046e-01,5.838064820829789170e-01,3.082102863793031219e-03,1.454874102332948915e+01,6.862320917881993942e+00,7.546372906870931624e-04,5.940652347019677038e+00,1.662329377140817314e+03,1.662329377140817314e+03
7.536350035345199672e+01,5.844156773556273832e-01,5.843935266572446441e-01,3.084683203863087392e-03,1.455118818765970268e+01,6.862638163142364078e+00,7.544657207190437519e-04,5.941183040382226110e+00,1.662335868469371690e+03,1.662335868469371690e+03
7.543528425815253513e+01,5.850022492059190338e-01,5.849808523364831148e-01,3.087264095561369302e-03,1.455363565443951401e+01,6.862955234676179295e+00,7.542942567989199907e-04,5.941713733744775183e+00,1.662342340907748621e+03,1.662342340907748621e+03
7.550706816285307355e+01,5.855882202401305747e-01,5.855672862696111869e-01,3.089841649544068994e-03,1.455607258928241343e+01,6.863271836413547433e+00,7.541232816047656459e-04,5.942242105508341865e+00,1.662348728282569937e+03,1.662348728282569937e+03
7.557885206755359775e+01,5.861735866472165268e-01,5.861520591825264415e-01,3.092416322795598152e-03,1.455847776827171103e+01,6.863588638803664210e+00,7.539531173091219667e-04,5.942763651883878673e+00,1.662354977607315277e+03,1.662354977607315277e+03
7.565063597225413616e+01,5.867583446114507106e-01,5.867368943927646630e-01,3.094990434539491783e-03,1.456088313331928141e+01,6.863905082027573101e+00,7.537831250118328654e-04,5.943285165624272004e+00,1.662361171355738179e+03,1.662361171355738179e+03
7.572241987695466037e+01,5.873424903139740083e-01,5.873219119108146202e-01,3.097564587852633024e-03,1.456328882567736827e+01,6.864221256257839521e+00,7.536132702849281020e-04,5.943806679364664447e+00,1.662367309901632325e+03,1.662367309901632325e+03
7.579420378165519878e+01,5.879260199343337989e-01,5.879054093223761157e-01,3.100134604068522683e-03,1.456567229928205620e+01,6.864537226382277701e+00,7.534441131405679101e-04,5.944323402480435448e+00,1.662373422361868052e+03,1.662373422361868052e+03
7.586598768635573720e+01,5.885089296520135127e-01,5.884879667844784557e-01,3.102702732653729936e-03,1.456803741882721681e+01,6.864853061309352356e+00,7.532755254591566281e-04,5.944836179485778693e+00,1.662379706922255991e+03,1.662379706922255991e+03
7.593777159105626140e+01,5.890912156479550799e-01,5.890707612101758750e-01,3.105271202049530912e-03,1.457040288841316311e+01,6.865168502141501428e+00,7.531071165995148042e-04,5.945348956491121051e+00,1.662385938194852088e+03,1.662385938194852088e+03
7.600955549575679981e+01,5.896728741060721646e-01,5.896533489840345421e-01,3.107838075338636725e-03,1.457276682510378940e+01,6.865483482145626759e+00,7.529389574351427576e-04,5.945861333871055976e+00,1.662392111378969503e+03,1.662392111378969503e+03
7.608133940045732402e+01,5.902539012147524078e-01,5.902338314302467692e-01,3.110400208479995564e-03,1.457509708364213452e+01,6.865798447689718920e+00,7.527717281355737061e-04,5.946366478326035043e+00,1.662398145318871457e+03,1.662398145318871457e+03
7.615312330515786243e+01,5.908342931683524535e-01,5.908140487743368530e-01,3.112961533665551880e-03,1.457742074885150174e+01,6.866113218571400445e+00,7.526047882280186962e-04,5.946870154507123196e+00,1.662404110197383488e+03,1.662404110197383488e+03
7.622490720985838664e+01,5.914140461686872019e-01,5.913946386513995179e-01,3.115523942921299451e-03,1.457974470439262937e+01,6.866427878887639835e+00,7.524379309428898396e-04,5.947373830688212237e+00,1.662410023621678192e+03,1.662410023621678192e+03
7.629669111455892505e+01,5.919931564265035195e-01,5.919741830335258914e-01,3.118082127714759226e-03,1.458205884290446264e+01,6.866741994710873875e+00,7.522715618661304391e-04,5.947875357379077244e+00,1.662415972657605153e+03,1.662415972657605153e+03
7.636847501925946347e+01,5.925716201629521729e-01,5.925519842030654294e-01,3.120636717935215600e-03,1.458434308136585678e+01,6.867056310079443726e+00,7.521059444218464824e-04,5.948370495078618703e+00,1.662422029772203359e+03,1.662422029772203359e+03
7.644025892395998767e+01,5.931494336110472165e-01,5.931301048593643488e-01,3.123192128775251642e-03,1.458662760745631104e+01,6.867370478149890545e+00,7.519404212244941823e-04,5.948865632778160162e+00,1.662428037238650177e+03,1.662428037238650177e+03
7.651204282866052608e+01,5.937265930171180539e-01,5.937085499749999995e-01,3.125748391381507306e-03,1.458891239548803398e+01,6.867684504269095491e+00,7.517749910806488392e-04,5.949360765081178393e+00,1.662433994982274953e+03,1.662433994982274953e+03
7.658382673336105029e+01,5.943030946422530603e-01,5.942846703619186766e-01,3.128297445088769162e-03,1.459116999583311447e+01,6.867997971910941857e+00,7.516105035764986380e-04,5.949850038898095939e+00,1.662439833437440029e+03,1.662439833437440029e+03
7.665561063806158870e+01,5.948789347637349900e-01,5.948599931610336622e-01,3.130844567751175315e-03,1.459341335412623764e+01,6.868311297475591992e+00,7.514464827658540007e-04,5.950336221955953242e+00,1.662445586958647255e+03,1.662445586958647255e+03
7.672739454276212712e+01,5.954541096764668362e-01,5.954359031758202914e-01,3.133393943374221131e-03,1.459565696483260488e+01,6.868624690884021611e+00,7.512824832442631081e-04,5.950822405013810545e+00,1.662451292570484839e+03,1.662451292570484839e+03
7.679917844746265132e+01,5.960286156943939151e-01,5.960115698335729517e-01,3.135942398958767134e-03,1.459789524998588384e+01,6.868937604709424605e+00,7.511188331582939297e-04,5.951307389312045615e+00,1.662456999247687918e+03,1.662456999247687918e+03
7.687096235216318973e+01,5.966024491520486306e-01,5.965848876245186672e-01,3.138484515444812245e-03,1.460010190610203296e+01,6.869250237587586128e+00,7.509561380312262035e-04,5.951785611546704047e+00,1.662462839861278098e+03,1.662462839861278098e+03
7.694274625686371394e+01,5.971756064065253389e-01,5.971582480572718010e-01,3.141026449094151511e-03,1.460230688311573921e+01,6.869562640629942152e+00,7.507936135226909091e-04,5.952263417903846943e+00,1.662468639921430622e+03,1.662468639921430622e+03
7.701453016156425235e+01,5.977480838396667107e-01,5.977320726957227048e-01,3.143570001536314523e-03,1.460451211556820894e+01,6.869875021531321124e+00,7.506311397145473078e-04,5.952741224260988950e+00,1.662474393766008689e+03,1.662474393766008689e+03
7.708631406626479077e+01,5.983198778602509815e-01,5.983043692954594928e-01,3.146109735941131618e-03,1.460669420385340089e+01,6.870187238712425426e+00,7.504693671025293921e-04,5.953214049667750807e+00,1.662480042128320065e+03,1.662480042128320065e+03
7.715809797096531497e+01,5.988909849061664348e-01,5.988752409017296108e-01,3.148645036285973621e-03,1.460885858375903013e+01,6.870499048012082000e+00,7.503082375358199928e-04,5.953683045112321714e+00,1.662485600015706268e+03,1.662485600015706268e+03
7.722988187566585339e+01,5.994614014465750040e-01,5.994464168761007850e-01,3.151181128836714161e-03,1.461102322645757923e+01,6.870810714651398143e+00,7.501471982949618842e-04,5.954152040556892622e+00,1.662491113348315139e+03,1.662491113348315139e+03
7.730166578036637759e+01,6.000311239840590005e-01,6.000173878069506861e-01,3.153716313891884258e-03,1.461318359897324015e+01,6.871122114816850868e+00,7.499864077628932328e-04,5.954620068788770482e+00,1.662496570888675024e+03,1.662496570888675024e+03
7.737344968506691600e+01,6.006001490567606238e-01,6.005861319856646841e-01,3.156246058996892145e-03,1.461531150304119642e+01,6.871433520290646690e+00,7.498264937763523662e-04,5.955081169848609690e+00,1.662502130879725883e+03,1.662502130879725883e+03
7.744523358976745442e+01,6.011684732405031539e-01,6.011550311094783217e-01,3.158776229095508481e-03,1.461743779968842993e+01,6.871744841881722188e+00,7.496666952723919208e-04,5.955541888104990633e+00,1.662507737853507933e+03,1.662507737853507933e+03
7.751701749446797862e+01,6.017360931509064814e-01,6.017243922560417957e-01,3.161308038695413020e-03,1.461956433618378171e+01,6.872056145865243160e+00,7.495069446169578316e-04,5.956002606361372465e+00,1.662513301894666029e+03,1.662513301894666029e+03
7.758880139916851704e+01,6.023030054454832083e-01,6.022917655439889995e-01,3.163833933289814365e-03,1.462166654680067346e+01,6.872367014802194696e+00,7.493480138701083450e-04,5.956458091253768572e+00,1.662518760521783406e+03,1.662518760521783406e+03
7.766058530386904124e+01,6.028692068257288650e-01,6.028578659763291769e-01,3.166355778462295531e-03,1.462375322948085632e+01,6.872677478681792351e+00,7.491896661413496947e-04,5.956910215127900088e+00,1.662524137349623743e+03,1.662524137349623743e+03
7.773236920856957965e+01,6.034346940391956959e-01,6.034245493898089396e-01,3.168879917690229243e-03,1.462584013313968612e+01,6.872988024003905849e+00,7.490313324835457323e-04,5.957362339002031604e+00,1.662529472806574404e+03,1.662529472806574404e+03
7.780415311327011807e+01,6.039994638815542327e-01,6.039910509610947331e-01,3.171403827791830464e-03,1.462792036767878834e+01,6.873298181100526705e+00,7.488733487567085685e-04,5.957812980373291545e+00,1.662534749594000914e+03,1.662534749594000914e+03
7.787593701797064227e+01,6.045635131986466515e-01,6.045550517462390250e-01,3.173920726397658383e-03,1.462996909494258091e+01,6.873607863515857730e+00,7.487163805580483635e-04,5.958256863986412633e+00,1.662539915597998061e+03,1.662539915597998061e+03
7.794772092267118069e+01,6.051268388885250316e-01,6.051190793209177965e-01,3.176437042324239870e-03,1.463201790737498520e+01,6.873917380688452816e+00,7.485595055823387849e-04,5.958700747599533720e+00,1.662545314831332007e+03,1.662545314831332007e+03
7.801950482737170489e+01,6.056894379034776232e-01,6.056829914345752686e-01,3.178952068522777376e-03,1.463406662379308720e+01,6.874226482212677958e+00,7.484028186576494913e-04,5.959144555689197098e+00,1.662550701177511883e+03,1.662550701177511883e+03
7.809128873207224331e+01,6.062513072520439028e-01,6.062452170627998793e-01,3.181463993025220038e-03,1.463608565478987522e+01,6.874535724529859060e+00,7.482468917417966613e-04,5.959582012704681020e+00,1.662555971475570914e+03,1.662555971475570914e+03
7.816307263677278172e+01,6.068124440010181919e-01,6.068069736608733278e-01,3.183974629560300598e-03,1.463809610690576513e+01,6.874844775663190077e+00,7.480912947904849817e-04,5.960017595668698043e+00,1.662561180753419876e+03,1.662561180753419876e+03
7.823485654147330592e+01,6.073728452774412867e-01,6.073686604413013335e-01,3.186484151879355291e-03,1.464010682724627266e+01,6.875153411178979823e+00,7.479358763101822153e-04,5.960453178632715954e+00,1.662566351665170259e+03,1.662566351665170259e+03
7.830664044617384434e+01,6.079325082705804295e-01,6.079287542957257928e-01,3.188988134446626814e-03,1.464210145255594320e+01,6.875461450017630760e+00,7.477811162399487527e-04,5.960885281178615713e+00,1.662571443340867518e+03,1.662571443340867518e+03
7.837842435087436854e+01,6.084914302338960690e-01,6.084875597101605527e-01,3.191489588102069692e-03,1.464407354379845039e+01,6.875769512869918998e+00,7.476269701916786643e-04,5.961312552899291184e+00,1.662576440952469738e+03,1.662576440952469738e+03
7.845020825557490696e+01,6.090496084870012927e-01,6.090470720285471318e-01,3.193994035251091022e-03,1.464604581866434430e+01,6.876077765286694898e+00,7.474728002665279600e-04,5.961739824619967543e+00,1.662581405279749788e+03,1.662581405279749788e+03
7.852199216027544537e+01,6.096070404176029411e-01,6.096059826961879313e-01,3.196495736195016993e-03,1.464801313067548527e+01,6.876385661838785524e+00,7.473189159128174486e-04,5.962166017961033404e+00,1.662586555510319386e+03,1.662586555510319386e+03
7.859377606497596958e+01,6.101637234834395018e-01,6.101627422559464664e-01,3.198992131559978518e-03,1.464995001502715866e+01,6.876693436562858253e+00,7.471658941773871290e-04,5.962585709321395200e+00,1.662591648951178968e+03,1.662591648951178968e+03
7.866555996967650799e+01,6.107196552142010182e-01,6.107194447334297616e-01,3.201487921879108463e-03,1.465188527833820409e+01,6.877000928483120390e+00,7.470130529080534114e-04,5.963005005536974323e+00,1.662596702067257183e+03,1.662596702067257183e+03
7.873734387437703219e+01,6.112748332134397833e-01,6.112766319838434104e-01,3.203985549616417388e-03,1.465382074420250191e+01,6.877308443878420441e+00,7.468602425161950751e-04,5.963424301752554335e+00,1.662601719660128538e+03,1.662601719660128538e+03
7.880912777907757061e+01,6.118292551604709306e-01,6.118319430251104585e-01,3.206479281676262102e-03,1.465572605831068564e+01,6.877616002113732030e+00,7.467082324882646496e-04,5.963837153855613415e+00,1.662606625426205028e+03,1.662606625426205028e+03
7.888091168377810902e+01,6.123829188122619227e-01,6.123862170933485061e-01,3.208968694038950419e-03,1.465762332202462126e+01,6.877922688550101249e+00,7.465567647608607575e-04,5.964248227115584555e+00,1.662611475828880202e+03,1.662611475828880202e+03
7.895269558847863323e+01,6.129358220053074957e-01,6.129405558408014265e-01,3.211457743743477422e-03,1.465952084671041611e+01,6.878228951933104796e+00,7.464054757035312607e-04,5.964659300375555695e+00,1.662616292069238625e+03,1.662616292069238625e+03
7.902447949317917164e+01,6.134879626574982758e-01,6.134935913108262584e-01,3.213943464688242234e-03,1.466139947149684630e+01,6.878535029138348911e+00,7.462547747846257941e-04,5.965066315509570671e+00,1.662621027102038852e+03,1.662621027102038852e+03
7.909626339787969584e+01,6.140393387699732974e-01,6.140455438330491011e-01,3.216426829023592490e-03,1.466326007555059796e+01,6.878841084541369888e+00,7.461045820260160709e-04,5.965469474192412136e+00,1.662625762319870319e+03,1.662625762319870319e+03
7.916804730258023426e+01,6.145899484289683024e-01,6.145975139748763860e-01,3.218909634875631066e-03,1.466512077355772981e+01,6.879146946568408083e+00,7.459544891013655896e-04,5.965872632875253601e+00,1.662630668176038625e+03,1.662630668176038625e+03
7.923983120728077267e+01,6.151397898076461646e-01,6.151485525417385025e-01,3.221389117623339304e-03,1.466697152196326392e+01,6.879452372161204643e+00,7.458048386533646127e-04,5.966273628341137503e+00,1.662635515164718072e+03,1.662635515164718072e+03
7.931161511198129688e+01,6.156888611679074419e-01,6.156976195806990182e-01,3.223863597309051601e-03,1.466879521683600274e+01,6.879757601352421759e+00,7.456559862884537017e-04,5.966668837522543178e+00,1.662640260450257756e+03,1.662640260450257756e+03
7.938339901668183529e+01,6.162371608613361751e-01,6.162469309510107962e-01,3.226338696017095557e-03,1.467061911616579728e+01,6.880062682243071492e+00,7.455072200146644354e-04,5.967064046703949742e+00,1.662644974195436134e+03,1.662644974195436134e+03
7.945518292138235950e+01,6.167846873263226337e-01,6.167960417704854148e-01,3.228813058605907102e-03,1.467243879357179637e+01,6.880367543662794461e+00,7.453586764999529544e-04,5.967458314692078325e+00,1.662649645283894415e+03,1.662649645283894415e+03
7.952696682608289791e+01,6.173314390826520892e-01,6.173428862960745889e-01,3.231281760902424312e-03,1.467422751952686788e+01,6.880672227517480088e+00,7.452110228717736661e-04,5.967845971927624227e+00,1.662654207439110678e+03,1.662654207439110678e+03
7.959875073078343632e+01,6.178774147259016303e-01,6.178898356690496474e-01,3.233750834147312500e-03,1.467601432120181038e+01,6.880976788490313467e+00,7.450635003523978792e-04,5.968233179508482422e+00,1.662658733993076339e+03,1.662658733993076339e+03
7.967053463548396053e+01,6.184226129218729495e-01,6.184371378331751101e-01,3.236221436737028983e-03,1.467779983313145564e+01,6.881281373891333430e+00,7.449160433619844484e-04,5.968620076209982805e+00,1.662663226654366554e+03,1.662663226654366554e+03
7.974231854018449894e+01,6.189670324010527747e-01,6.189821435751282630e-01,3.238685733560230182e-03,1.467955674117770570e+01,6.881585666049705452e+00,7.447694520641678353e-04,5.969000869055767211e+00,1.662667687867399536e+03,1.662667687867399536e+03
7.981410244488502315e+01,6.195106719531063844e-01,6.195266300151078820e-01,3.241147976907195541e-03,1.468130797295011547e+01,6.881889713647075801e+00,7.446231226311757516e-04,5.969380439434492480e+00,1.662672302161333164e+03,1.662672302161333164e+03
7.988588634958556156e+01,6.200535304213978804e-01,6.200705758152740277e-01,3.243606746947260994e-03,1.468305946667192075e+01,6.882193025073750192e+00,7.444770728371062542e-04,5.969760009813217749e+00,1.662676887393233756e+03,1.662676887393233756e+03
7.995767025428609998e+01,6.205956066975443219e-01,6.206126748288519623e-01,3.246061162229123970e-03,1.468478430923216216e+01,6.882496228426649765e+00,7.443317774577631928e-04,5.970133888388537535e+00,1.662681375452859356e+03,1.662681375452859356e+03
8.002945415898662418e+01,6.211368997159988359e-01,6.211545347074485246e-01,3.248515921059793969e-03,1.468649933812565322e+01,6.882799507063478650e+00,7.441867463043714713e-04,5.970505651106943645e+00,1.662685810144283323e+03,1.662685810144283323e+03
8.010123806368716259e+01,6.216774084486615948e-01,6.216966312414825557e-01,3.250971289158780756e-03,1.468821461552464669e+01,6.883102359069912524e+00,7.440418915776165045e-04,5.970877413825348867e+00,1.662690216943041605e+03,1.662690216943041605e+03
8.017302196838768680e+01,6.222171318995232125e-01,6.222369692688266563e-01,3.253421780870223781e-03,1.468990780664307394e+01,6.883404886563739389e+00,7.438977463125802944e-04,5.971244448743651567e+00,1.662694540333500072e+03,1.662694540333500072e+03
8.024480587308822521e+01,6.227560690993375614e-01,6.227760915479844117e-01,3.255868515782910175e-03,1.469158672092819273e+01,6.883707053081072225e+00,7.437541234977210636e-04,5.971608412536421717e+00,1.662698800690425742e+03,1.662698800690425742e+03
8.031658977778876363e+01,6.232942191003212340e-01,6.233155471975084794e-01,3.258316396772035183e-03,1.469326580401904003e+01,6.884009152310970769e+00,7.436105575316846825e-04,5.971972376329191867e+00,1.662703034299594265e+03,1.662703034299594265e+03
8.038837368248928783e+01,6.238315809708855353e-01,6.238539230175753625e-01,3.260762048207723786e-03,1.469492697834301786e+01,6.884311209483024996e+00,7.434674992064612591e-04,5.972332508722412392e+00,1.662707197014833127e+03,1.662707197014833127e+03
8.046015758718982624e+01,6.243681537903956746e-01,6.243909120637355370e-01,3.263203703612621402e-03,1.469657101860799386e+01,6.884613056073162873e+00,7.433249807084966847e-04,5.972688990771768403e+00,1.662711457489463555e+03,1.662711457489463555e+03
8.053194149189035045e+01,6.249039366439612664e-01,6.249277362872560637e-01,3.265643916895085395e-03,1.469821521463127745e+01,6.884914521663076492e+00,7.431826214984721532e-04,5.973045472821125301e+00,1.662715775935012516e+03,1.662715775935012516e+03
8.060372539659088886e+01,6.254389286172518103e-01,6.254630775155803901e-01,3.268079315606186273e-03,1.469984375742084737e+01,6.885215517899740512e+00,7.430408543352940657e-04,5.973398591000312230e+00,1.662720028374415278e+03,1.662720028374415278e+03
8.067550930129141307e+01,6.259731287913435915e-01,6.259971489341803474e-01,3.270511891550410138e-03,1.470145274229854593e+01,6.885516439963935476e+00,7.428996460805330302e-04,5.973747528748701185e+00,1.662724205772402456e+03,1.662724205772402456e+03
8.074729320599195148e+01,6.265065362375962232e-01,6.265314554790633039e-01,3.272945125955477146e-03,1.470306189525597595e+01,6.885817229774731985e+00,7.427585150796325300e-04,5.974096466497091917e+00,1.662728358616699552e+03,1.662728358616699552e+03
8.081907711069248990e+01,6.270391500125541695e-01,6.270646488560081000e-01,3.275375239350810080e-03,1.470465656525674270e+01,6.886117758280111190e+00,7.426178758893226548e-04,5.974442296549807629e+00,1.662732450246112649e+03,1.662732450246112649e+03
8.089086101539301410e+01,6.275709691528786882e-01,6.275961830758750581e-01,3.277800869950950671e-03,1.470623010491570781e+01,6.886418020062650136e+00,7.424778985085783711e-04,5.974783610823690694e+00,1.662736464791275694e+03,1.662736464791275694e+03
8.096264492009355251e+01,6.281019926703088618e-01,6.281277963073860215e-01,3.280226354805888030e-03,1.470780382097309236e+01,6.886718036753013195e+00,7.423380350763956114e-04,5.975124925097573758e+00,1.662740455833093392e+03,1.662740455833093392e+03
8.103442882479407672e+01,6.286322195466468310e-01,6.286587178205649273e-01,3.282650771881815213e-03,1.470936381128161230e+01,6.887018067251919007e+00,7.421985517159098399e-04,5.975463300131850453e+00,1.662744389303187745e+03,1.662744389303187745e+03
8.110621272949461513e+01,6.291616487287755577e-01,6.291879762171828094e-01,3.285070664618303278e-03,1.471090287456790513e+01,6.887317824061064186e+00,7.420597263152242098e-04,5.975797203550339276e+00,1.662748248140134820e+03,1.662748248140134820e+03
8.117799663419515355e+01,6.296902791237006802e-01,6.297172173151666108e-01,3.287489933405614295e-03,1.471244206026219814e+01,6.887617325200763752e+00,7.419210170253166901e-04,5.976131106968827211e+00,1.662752171226303062e+03,1.662752171226303062e+03
8.124978053889567775e+01,6.302181095936205679e-01,6.302450341915696308e-01,3.289904385557886578e-03,1.471396727399138804e+01,6.887916406089427568e+00,7.417828340564692558e-04,5.976462028014171146e+00,1.662756182769834595e+03,1.662756182769834595e+03
8.132156444359621617e+01,6.307451389510269069e-01,6.307713964508094850e-01,3.292315192651235328e-03,1.471547260755180808e+01,6.888215308793829372e+00,7.416452496382528641e-04,5.976788703581252804e+00,1.662760121208558076e+03,1.662760121208558076e+03
8.139334834829674037e+01,6.312713659538276012e-01,6.312981608319664373e-01,3.294727571471743523e-03,1.471697809188874118e+01,6.888514153225090197e+00,7.415077165087375147e-04,5.977115379148334462e+00,1.662764038145362292e+03,1.662764038145362292e+03
8.146513225299727878e+01,6.317967893004992064e-01,6.318240017638653283e-01,3.297138156417021935e-03,1.471846786917902605e+01,6.888812744620019579e+00,7.413707011562396072e-04,5.977438687508953130e+00,1.662767893536058637e+03,1.662767893536058637e+03
8.153691615769781720e+01,6.323214076252681171e-01,6.323482730614310432e-01,3.299544289918026826e-03,1.471993879020256024e+01,6.889111021653863354e+00,7.412343027057248642e-04,5.977757965432795473e+00,1.662771680188841856e+03,1.662771680188841856e+03
8.160870006239834140e+01,6.328452194933147368e-01,6.328722640979563829e-01,3.301948437142732899e-03,1.472140990389192439e+01,6.889408798903454034e+00,7.410981004330697772e-04,5.978077243356636927e+00,1.662775446293658888e+03,1.662775446293658888e+03
8.168048396709887982e+01,6.333682233960077346e-01,6.333945162083538527e-01,3.304347063267643308e-03,1.472286305650762905e+01,6.889706086376367722e+00,7.409625499652629579e-04,5.978392677299242841e+00,1.662779146876184086e+03,1.662779146876184086e+03
8.175226787179940402e+01,6.338904177461632816e-01,6.339157737849366869e-01,3.306743701727044970e-03,1.472429985110317041e+01,6.890003340013366895e+00,7.408274588654892258e-04,5.978704618919481462e+00,1.662782786756983569e+03,1.662782786756983569e+03
8.182405177649994243e+01,6.344118008733299341e-01,6.344373773603521061e-01,3.309141647372928954e-03,1.472573677838177986e+01,6.890300562905499859e+00,7.406924089627263570e-04,5.979016560539720970e+00,1.662786407015005580e+03,1.662786407015005580e+03
8.189583568120048085e+01,6.349323710190368786e-01,6.349572872071616025e-01,3.311534913145766559e-03,1.472715315292414573e+01,6.890597490913347833e+00,7.405580106570957503e-04,5.979324115757765234e+00,1.662789957154224112e+03,1.662789957154224112e+03
8.196761958590100505e+01,6.354521263308192669e-01,6.354762020598573313e-01,3.313925376768195753e-03,1.472855687453684759e+01,6.890894197903390861e+00,7.404240382240472431e-04,5.979628965800420914e+00,1.662793504409951538e+03,1.662793504409951538e+03
8.203940349060154347e+01,6.359710648536838207e-01,6.359944809772097862e-01,3.316312045167678271e-03,1.472996070102196597e+01,6.891190258186371764e+00,7.402903075794218949e-04,5.979933815843078371e+00,1.662797195094427479e+03,1.662797195094427479e+03
8.211118739530206767e+01,6.364891845207821808e-01,6.365110393298003544e-01,3.318694792505504868e-03,1.473134009301369574e+01,6.891486241834100746e+00,7.401572529906615908e-04,5.980233465398649528e+00,1.662800808752938565e+03,1.662800808752938565e+03
8.218297130000260609e+01,6.370064831441172304e-01,6.370273391209254621e-01,3.321077679897808596e-03,1.473271090455924792e+01,6.891782276952688413e+00,7.400244313259486326e-04,5.980531274063722869e+00,1.662804382297689472e+03,1.662804382297689472e+03
8.225475520470314450e+01,6.375229584052962695e-01,6.375436982400847219e-01,3.323460696448861992e-03,1.473408054889475771e+01,6.892078156072936501e+00,7.398917241220752438e-04,5.980828805898999789e+00,1.662807934685743703e+03,1.662807934685743703e+03
8.232653910940366870e+01,6.380386078463400334e-01,6.380580818738734727e-01,3.325839060898272675e-03,1.473542321987133086e+01,6.892373927870599992e+00,7.397597664263323280e-04,5.981120599769329083e+00,1.662811401249995924e+03,1.662811401249995924e+03
8.239832301410420712e+01,6.385534288605381192e-01,6.385716617164528541e-01,3.328213941398747155e-03,1.473676084857128643e+01,6.892669145163026201e+00,7.396281525099401019e-04,5.981411287867008930e+00,1.662814837624067650e+03,1.662814837624067650e+03
8.247010691880473132e+01,6.390674186833591452e-01,6.390846554907336774e-01,3.330586194452225986e-03,1.473809468085699059e+01,6.892963892742420384e+00,7.394968225605113177e-04,5.981701136686196740e+00,1.662818247127664790e+03,1.662818247127664790e+03
8.254189082350526974e+01,6.395805743834066526e-01,6.395957404322882844e-01,3.332954219635975157e-03,1.473940132265178171e+01,6.893258599131264930e+00,7.393662244079939050e-04,5.981985206075575157e+00,1.662821572225060436e+03,1.662821572225060436e+03
8.261367472820580815e+01,6.400928928534296292e-01,6.401067747765338822e-01,3.335322024304256464e-03,1.474070591846121303e+01,6.893553127685143167e+00,7.392357689067736255e-04,5.982268814214464214e+00,1.662824875702071267e+03,1.662824875702071267e+03
8.268545863290633235e+01,6.406043708013791083e-01,6.406170584186747785e-01,3.337687296490881098e-03,1.474200257352172194e+01,6.893847321192874134e+00,7.391056566633122599e-04,5.982550709307959735e+00,1.662828143162395691e+03,1.662828143162395691e+03
8.275724253760687077e+01,6.411150047415181685e-01,6.411256950617417738e-01,3.340049128939735941e-03,1.474327470119377281e+01,6.894141515233383366e+00,7.389761943595408522e-04,5.982827390338736784e+00,1.662831334612566934e+03,1.662831334612566934e+03
8.282902644230739497e+01,6.416247909855762321e-01,6.416337869542153571e-01,3.342407673807324536e-03,1.474454701551567126e+01,6.894435042366309219e+00,7.388469796705224735e-04,5.983104071369513832e+00,1.662834510630957993e+03,1.662834510630957993e+03
8.290081034700793339e+01,6.421337256339580968e-01,6.421405801471344876e-01,3.344762379913729204e-03,1.474580463647451545e+01,6.894728345056219787e+00,7.387182366871332959e-04,5.983377637065475874e+00,1.662837806861519539e+03,1.662837806861519539e+03
8.297259425170847180e+01,6.426418045669979318e-01,6.426464199793222587e-01,3.347115537775957345e-03,1.474704543224283526e+01,6.895021670270508274e+00,7.385899408671927485e-04,5.983647623165304630e+00,1.662841065592087489e+03,1.662841065592087489e+03
8.304437815640899601e+01,6.431490234362610137e-01,6.431524724221966416e-01,3.349469370492380148e-03,1.474828638850698681e+01,6.895314686258221748e+00,7.384617748546047850e-04,5.983917609265132498e+00,1.662844309655996767e+03,1.662844309655996767e+03
8.311616206110953442e+01,6.436553776558984197e-01,6.436568665008701728e-01,3.351819340304015675e-03,1.474950459867782193e+01,6.895607600418050431e+00,7.383342462330430653e-04,5.984182758108001821e+00,1.662847481320846782e+03,1.662847481320846782e+03
8.318794596581005862e+01,6.441608623940463518e-01,6.441601412323808562e-01,3.354165214259515176e-03,1.475071348225591983e+01,6.895900006374854563e+00,7.382071511320963684e-04,5.984445899203794106e+00,1.662850614981927720e+03,1.662850614981927720e+03
8.325972987051059704e+01,6.446654725642723127e-01,6.446630058745692615e-01,3.356508771617128500e-03,1.475192147340659155e+01,6.896191916849265802e+00,7.380802727863705398e-04,5.984708817699035066e+00,1.662853732072518824e+03,1.662853732072518824e+03
8.333151377521113545e+01,6.451692028170721294e-01,6.451636228222490388e-01,3.358846842067485152e-03,1.475310048058136481e+01,6.896483674749928738e+00,7.379542044396666684e-04,5.984965580500758442e+00,1.662856762752708164e+03,1.662856762752708164e+03
8.340329767991165966e+01,6.456720475314120522e-01,6.456645345996503416e-01,3.361186503365729689e-03,1.475427760155190171e+01,6.896775507243767755e+00,7.378281889481474358e-04,5.985221926000824588e+00,1.662859775268091880e+03,1.662859775268091880e+03
8.347508158461219807e+01,6.461740008063193708e-01,6.461648084000103376e-01,3.363524384431731355e-03,1.475544632614683671e+01,6.897067128294831484e+00,7.377024844353971978e-04,5.985476470266910987e+00,1.662862753523671927e+03,1.662862753523671927e+03
8.354686548931272227e+01,6.466750564525172162e-01,6.466629431987422905e-01,3.365855984979051075e-03,1.475659215111397593e+01,6.897358319669239179e+00,7.375775273971221790e-04,5.985726140548795371e+00,1.662865662077060051e+03,1.662865662077060051e+03
8.361864939401326069e+01,6.471752079841098793e-01,6.471607795737283064e-01,3.368185700052413276e-03,1.475773784572504255e+01,6.897649058226673624e+00,7.374527527233160637e-04,5.985975751874808459e+00,1.662868557395398966e+03,1.662868557395398966e+03
8.369043329871379910e+01,6.476744486103120924e-01,6.476569830900619218e-01,3.370510588411891866e-03,1.475886588213111850e+01,6.897939427209302643e+00,7.373285733311939205e-04,5.986221599436133189e+00,1.662871396789730170e+03,1.662871396789730170e+03
8.376221720341432331e+01,6.481727712272236097e-01,6.481522825840615454e-01,3.372833481999424742e-03,1.475998050607812395e+01,6.898229700989685576e+00,7.372047916365630357e-04,5.986464588591154268e+00,1.662874191207674585e+03,1.662874191207674585e+03
8.383400110811486172e+01,6.486701684096523035e-01,6.486475540009863927e-01,3.375156088604907081e-03,1.476109421194426830e+01,6.898519771721987048e+00,7.370811288438222208e-04,5.986707360626946972e+00,1.662876979946223400e+03,1.662876979946223400e+03
8.390578501281538593e+01,6.491666324029811141e-01,6.491412382002841319e-01,3.377475802008163015e-03,1.476218293656073044e+01,6.898810037406473583e+00,7.369580545190530232e-04,5.986944855547684519e+00,1.662879847837282796e+03,1.662879847837282796e+03
8.397756891751592434e+01,6.496621551150814078e-01,6.496341865052778219e-01,3.379792232180698231e-03,1.476326778459782041e+01,6.899099767202790723e+00,7.368352827697964309e-04,5.987181500244967758e+00,1.662882701041575729e+03,1.662882701041575729e+03
8.404935282221646276e+01,6.501567281082696326e-01,6.501263383191845380e-01,3.382105939172333920e-03,1.476434494617090465e+01,6.899389141576473428e+00,7.367128497814008897e-04,5.987416492593291117e+00,1.662885523182087809e+03,1.662885523182087809e+03
8.412113672691698696e+01,6.506503425913131577e-01,6.506167207433438682e-01,3.384415354421583654e-03,1.476539920349628154e+01,6.899678368806680950e+00,7.365910687434663049e-04,5.987646620149691401e+00,1.662888276136532113e+03,1.662888276136532113e+03
8.419292063161752537e+01,6.511429894114751926e-01,6.511065879182553751e-01,3.386721723699890902e-03,1.476645361842116166e+01,6.899966982072344379e+00,7.364695142771614505e-04,5.987876747706092573e+00,1.662891018440173866e+03,1.662891018440173866e+03
8.426470453631804958e+01,6.516346590466082223e-01,6.515952397516715511e-01,3.389025808192558387e-03,1.476748901003503178e+01,6.900255619463167456e+00,7.363484573732813430e-04,5.988102835874304475e+00,1.662893702236578747e+03,1.662893702236578747e+03
8.433648844101858799e+01,6.521253415972929623e-01,6.520831378272532453e-01,3.391328225038397082e-03,1.476851318573908500e+01,6.900544149603499378e+00,7.362277451051326468e-04,5.988326532711738537e+00,1.662896347526754880e+03,1.662896347526754880e+03
8.440827234571912641e+01,6.526150267790150616e-01,6.525708198884789812e-01,3.393629908081732208e-03,1.476953427632242111e+01,6.900832474968121133e+00,7.361072054028664326e-04,5.988549555271308833e+00,1.662898974821945558e+03,1.662898974821945558e+03
8.448005625041965061e+01,6.531037039150010548e-01,6.530565904927415621e-01,3.395926952890869575e-03,1.477053092427474823e+01,6.901120650364852338e+00,7.359873556553511026e-04,5.988767390601174689e+00,1.662901531349537663e+03,1.662901531349537663e+03
8.455184015512018902e+01,6.535913619438837863e-01,6.535416374829178254e-01,3.398220459884754817e-03,1.477152524785068444e+01,6.901408214805260677e+00,7.358677925888105218e-04,5.988984703402012499e+00,1.662904072230895281e+03,1.662904072230895281e+03
8.462362405982071323e+01,6.540779894633682590e-01,6.540254739080748614e-01,3.400510355764475422e-03,1.477250657449687132e+01,6.901695455842596694e+00,7.357486889693157792e-04,5.989199244842131620e+00,1.662906571386483620e+03,1.662906571386483620e+03
8.469540796452125164e+01,6.545635747872802224e-01,6.545078405898657747e-01,3.402796127795676851e-03,1.477347130950578347e+01,6.901982404370262003e+00,7.356301244818213647e-04,5.989410255992073218e+00,1.662909020383241341e+03,1.662909020383241341e+03
8.476719186922179006e+01,6.550481060028067182e-01,6.549903344424945484e-01,3.405082240865928579e-03,1.477443613810594591e+01,6.902269212669729370e+00,7.355116307084238548e-04,5.989621267142015704e+00,1.662911460418210254e+03,1.662911460418210254e+03
8.483897577392231426e+01,6.555315710274317587e-01,6.554710986192170408e-01,3.407364985370032930e-03,1.477537528950933066e+01,6.902556086889676479e+00,7.353937854430638715e-04,5.989826836883038297e+00,1.662913828912299095e+03,1.662913828912299095e+03
8.491075967862285268e+01,6.560139576655719118e-01,6.559513449620738568e-01,3.409645562533416326e-03,1.477631091095576110e+01,6.902842577520958756e+00,7.352761813044261015e-04,5.990031635549222244e+00,1.662916180063818729e+03,1.662916180063818729e+03
8.498254358332337688e+01,6.564952536649114601e-01,6.564306780031189392e-01,3.411923249383376662e-03,1.477723723996904681e+01,6.903128696898418681e+00,7.351589584710484845e-04,5.990234445169996036e+00,1.662918500058958216e+03,1.662918500058958216e+03
8.505432748802391529e+01,6.569754467724401303e-01,6.569083160680000422e-01,3.414196203993493522e-03,1.477814468522807800e+01,6.903414448096115485e+00,7.350423534536977208e-04,5.990433251234340339e+00,1.662920872852705315e+03,1.662920872852705315e+03
8.512611139272443950e+01,6.574545247901933953e-01,6.573855865923214914e-01,3.416467082233211848e-03,1.477905164219060019e+01,6.903699763742979556e+00,7.349259289927977156e-04,5.990631933111084884e+00,1.662923269185298750e+03,1.662923269185298750e+03
8.519789529742497791e+01,6.579324756307001199e-01,6.578608199037844217e-01,3.418732130793811393e-03,1.477993682792758356e+01,6.903984704777233361e+00,7.348101984925426268e-04,5.990825990726460049e+00,1.662925602087048674e+03,1.662925602087048674e+03
8.526967920212551633e+01,6.584092873721302253e-01,6.583357461729369975e-01,3.420996704852631055e-03,1.478081599798989387e+01,6.904269567499750515e+00,7.346946700425988075e-04,5.991018760698897161e+00,1.662927912016749815e+03,1.662927912016749815e+03
8.534146310682604053e+01,6.588849483131574702e-01,6.588102787915667280e-01,3.423260928748530357e-03,1.478168668456144808e+01,6.904554438333394550e+00,7.345793769526977497e-04,5.991209723558222677e+00,1.662930192929528175e+03,1.662930192929528175e+03
8.541324701152657894e+01,6.593594470275281338e-01,6.592830126241501221e-01,3.425520106125029378e-03,1.478253766532095348e+01,6.904838988662370447e+00,7.344647076572770631e-04,5.991396500422270677e+00,1.662932416753621283e+03,1.662932416753621283e+03
8.548503091622710315e+01,6.598327724183362664e-01,6.597555950709853567e-01,3.427778212730548269e-03,1.478338875023823462e+01,6.905123210864312355e+00,7.343501687930825261e-04,5.991583277286317788e+00,1.662934633565584136e+03,1.662934633565584136e+03
8.555681482092764156e+01,6.603049137720203854e-01,6.602263399353519580e-01,3.430031798355583084e-03,1.478421705270297615e+01,6.905407269946040927e+00,7.342362784674126303e-04,5.991765223134464691e+00,1.662936786297102344e+03,1.662936786297102344e+03
8.562859872562817998e+01,6.607758608120622990e-01,6.606962516552439268e-01,3.432281983153192238e-03,1.478504027293448608e+01,6.905690827864496839e+00,7.341227045969038554e-04,5.991946069844459544e+00,1.662938919429054067e+03,1.662938919429054067e+03
8.570038263032870418e+01,6.612456037524105934e-01,6.611651270426628368e-01,3.434528738479925708e-03,1.478585400271883543e+01,6.905974004245096332e+00,7.340095179803754824e-04,5.992124889181399183e+00,1.662941022182279312e+03,1.662941022182279312e+03
8.577216653502924260e+01,6.617141333506146861e-01,6.616324516842924108e-01,3.436771385506726291e-03,1.478664968726896767e+01,6.906256944859438640e+00,7.338968844350364333e-04,5.992299877784795115e+00,1.662943073665890552e+03,1.662943073665890552e+03
8.584395043972976680e+01,6.621814409606771035e-01,6.620998244640212693e-01,3.439014022559114953e-03,1.478744545206999206e+01,6.906539704488702469e+00,7.337843327503582123e-04,5.992474866388191046e+00,1.662945118992244488e+03,1.662945118992244488e+03
8.591573434443030521e+01,6.626475185856276484e-01,6.625654734061340312e-01,3.441253149045602703e-03,1.478821679036649428e+01,6.906822488197977172e+00,7.336724080123990322e-04,5.992644683262168925e+00,1.662947097982088962e+03,1.662947097982088962e+03
8.598751824913084363e+01,6.631123589298133503e-01,6.630306065598735588e-01,3.443490004735215698e-03,1.478898537335502006e+01,6.907104864268417188e+00,7.335607099620140544e-04,5.992813895776424538e+00,1.662949064160754688e+03,1.662949064160754688e+03
8.605930215383136783e+01,6.635759554509149671e-01,6.634947046818102656e-01,3.445724129618259971e-03,1.478974160809255523e+01,6.907387038445278904e+00,7.334494107365218925e-04,5.992980482421083721e+00,1.662950994202501988e+03,1.662950994202501988e+03
8.613108605853190625e+01,6.640383024116842670e-01,6.639573780040326501e-01,3.447953976593202269e-03,1.479048347432066279e+01,6.907668857813042074e+00,7.333386106359057093e-04,5.993144013075291987e+00,1.662952883408739353e+03,1.662952883408739353e+03
8.620286996323243045e+01,6.644993949314037529e-01,6.644196815023001301e-01,3.450182077864970102e-03,1.479122363262131046e+01,6.907950314380566503e+00,7.332279958651762714e-04,5.993307162135074861e+00,1.662954762846519770e+03,1.662954762846519770e+03
8.627465386793296886e+01,6.649592290370777148e-01,6.648799743353854819e-01,3.452405143319438752e-03,1.479193967937344034e+01,6.908231583921784491e+00,7.331180680452613167e-04,5.993465202562379801e+00,1.662956578328324667e+03,1.662956578328324667e+03
8.634643777263350728e+01,6.654178017143450585e-01,6.653396108237856765e-01,3.454624690856045004e-03,1.479265527557469007e+01,6.908512216381399007e+00,7.330083834717205770e-04,5.993623121202658055e+00,1.662958387391845463e+03,1.662958387391845463e+03
8.641822167733403148e+01,6.658751109581227956e-01,6.657981299452899737e-01,3.456842113656077506e-03,1.479335421879052781e+01,6.908792850828429088e+00,7.328991373228066269e-04,5.993777511647278899e+00,1.662960151187347719e+03,1.662960151187347719e+03
8.649000558203456990e+01,6.663311558229816356e-01,6.662559140469430652e-01,3.459057629637694604e-03,1.479404410024075567e+01,6.909073336042340863e+00,7.327901883171394253e-04,5.993929979468227032e+00,1.662961935081527145e+03,1.662961935081527145e+03
8.656178948673509410e+01,6.667859364732476868e-01,6.667132057717526372e-01,3.461271950025560963e-03,1.479472728281553628e+01,6.909353711211090321e+00,7.326814642509996232e-04,5.994081026293071268e+00,1.662963757564405341e+03,1.662963757564405341e+03
8.663357339143563252e+01,6.672394542328420330e-01,6.671689628971435582e-01,3.463482458310815880e-03,1.479539184462554324e+01,6.909633915181162322e+00,7.325732838484743823e-04,5.994228125593399348e+00,1.662965528015047767e+03,1.662965528015047767e+03
8.670535729613617093e+01,6.676917116348507486e-01,6.676239701730174447e-01,3.465688844331186753e-03,1.479605653949948163e+01,6.909913388421437652e+00,7.324653618940175350e-04,5.994375224893728316e+00,1.662967294120713632e+03,1.662967294120713632e+03
8.677714120083669513e+01,6.681427124708305687e-01,6.680774963257318788e-01,3.467892685864100519e-03,1.479669844115297650e+01,6.910192978890789206e+00,7.323579929570651990e-04,5.994517503021305593e+00,1.662968998208213634e+03,1.662968998208213634e+03
8.684892510553723355e+01,6.685924618398518815e-01,6.685302194712922086e-01,3.470092746772577945e-03,1.479733787512472176e+01,6.910471959621701465e+00,7.322509074584466473e-04,5.994659234796237079e+00,1.662970691710301935e+03,1.662970691710301935e+03
8.692070901023775775e+01,6.690409661972798183e-01,6.689815615831821161e-01,3.472288635387041616e-03,1.479796373136033871e+01,6.910750586869680134e+00,7.321442985692013742e-04,5.994798080114644989e+00,1.662972346811142870e+03,1.662972346811142870e+03
8.699249291493829617e+01,6.694882334032927762e-01,6.694321337431458074e-01,3.474482980959839925e-03,1.479857834797738469e+01,6.911029151022085593e+00,7.320380129441808430e-04,5.994934539971008114e+00,1.662973969703170042e+03,1.662973969703170042e+03
8.706427681963883458e+01,6.699342727711159462e-01,6.698818528895056357e-01,3.476673921525544244e-03,1.479918783789913661e+01,6.911307231569796983e+00,7.319320352911355991e-04,5.995069895720734898e+00,1.662975575769492707e+03,1.662975575769492707e+03
8.713606072433935879e+01,6.703790951074238835e-01,6.703305074407925890e-01,3.478863708516470327e-03,1.479977796318599914e+01,6.911585524939088288e+00,7.318264929337937007e-04,5.995201158091982840e+00,1.662977129750726590e+03,1.662977129750726590e+03
8.720784462903989720e+01,6.708227126949833918e-01,6.707790433065882185e-01,3.481052884050955375e-03,1.480036732702139268e+01,6.911863590663146262e+00,7.317210658951473672e-04,5.995332244732251681e+00,1.662978678197054478e+03,1.662978678197054478e+03
8.727962853374042140e+01,6.712651392145908558e-01,6.712255994734835918e-01,3.483236281429824555e-03,1.480093684898317896e+01,6.912141261929481750e+00,7.316162838769883596e-04,5.995459123096665621e+00,1.662980173646131334e+03,1.662980173646131334e+03
8.735141243844095982e+01,6.717063896582434745e-01,6.716717178750249984e-01,3.485418030133960107e-03,1.480150301187059902e+01,6.912418639745629534e+00,7.315117030667992338e-04,5.995585275867126640e+00,1.662981657336418948e+03,1.662981657336418948e+03
8.742319634314149823e+01,6.721464802427106200e-01,6.721165484157812786e-01,3.487596201455037039e-03,1.480205528692718531e+01,6.912695756306873385e+00,7.314075750682483366e-04,5.995708481118686706e+00,1.662983103274237692e+03,1.662983103274237692e+03
8.749498024784202244e+01,6.725854283235394027e-01,6.725602329348631114e-01,3.489770558355007740e-03,1.480259782908590260e+01,6.912972465772405428e+00,7.313038437439514303e-04,5.995829612846886647e+00,1.662984521903891846e+03,1.662984521903891846e+03
8.756676415254256085e+01,6.730232523095048824e-01,6.730033199582674541e-01,3.491943294643682239e-03,1.480313342343039196e+01,6.913248986513129246e+00,7.312003683829243093e-04,5.995949264345839858e+00,1.662985920303325884e+03,1.662985920303325884e+03
8.763854805724308505e+01,6.734599715774937101e-01,6.734447288964005018e-01,3.494110983629721001e-03,1.480365284818335070e+01,6.913525114473880961e+00,7.310974449234035636e-04,5.996065484147107938e+00,1.662987275841059727e+03,1.662987275841059727e+03
8.771033196194362347e+01,6.738956063878208669e-01,6.738853451336651590e-01,3.496274772623301878e-03,1.480417072811654222e+01,6.913800600766970561e+00,7.309947901735949598e-04,5.996181353924099788e+00,1.662988624594297107e+03,1.662988624594297107e+03
8.778211586664416188e+01,6.743301777999820557e-01,6.743246794349107009e-01,3.498436528366084125e-03,1.480466842708573338e+01,6.914076211031992436e+00,7.308926183993890097e-04,5.996292957725248840e+00,1.662989921139454736e+03,1.662989921139454736e+03
8.785389977134468609e+01,6.747637075888329727e-01,6.747636442876303597e-01,3.500596468805247143e-03,1.480516508270324039e+01,6.914351447353547897e+00,7.307906153662953970e-04,5.996404323690263993e+00,1.662991212426085667e+03,1.662991212426085667e+03
8.792568367604522450e+01,6.751962181611990133e-01,6.752015730960680973e-01,3.502754895619724501e-03,1.480564480557752383e+01,6.914626789306452359e+00,7.306890201774158058e-04,5.996512109044314087e+00,1.662992459821912462e+03,1.662992459821912462e+03
8.799746758074574871e+01,6.756277324729099698e-01,6.756390595507586472e-01,3.504912171750564943e-03,1.480611910468861936e+01,6.914901967835879404e+00,7.305876339326148336e-04,5.996618737169674418e+00,1.662993691527457258e+03,1.662993691527457258e+03
8.806925148544628712e+01,6.760582739462578372e-01,6.760751448179720402e-01,3.507064659379803637e-03,1.480658234991192401e+01,6.915176652079624731e+00,7.304867042193977740e-04,5.996723012255285923e+00,1.662994893841606654e+03,1.662994893841606654e+03
8.814103539014682553e+01,6.764878663878794995e-01,6.765102392528018482e-01,3.509214436080166418e-03,1.480703477881984931e+01,6.915451071126396343e+00,7.303861504658337722e-04,5.996824989196843703e+00,1.662996067543765321e+03,1.662996067543765321e+03
8.821281929484734974e+01,6.769165339070556398e-01,6.769445404921008436e-01,3.511361359661843012e-03,1.480748133505121800e+01,6.915725066892893125e+00,7.302859010135837351e-04,5.996925707746330048e+00,1.662997224710455384e+03,1.662997224710455384e+03
8.828460319954788815e+01,6.773443008344310901e-01,6.773774194211582556e-01,3.513504435111875976e-03,1.480791247115626952e+01,6.915998820059770402e+00,7.301861342063680968e-04,5.997023158151593591e+00,1.662998342387732919e+03,1.662998342387732919e+03
8.835638710424841236e+01,6.777711916411476301e-01,6.778099636771833802e-01,3.515646052215091067e-03,1.480834191266168354e+01,6.916272268769581011e+00,7.300865287416622319e-04,5.997120236025232920e+00,1.662999453894181670e+03,1.662999453894181670e+03
8.842817100894895077e+01,6.781972308583938958e-01,6.782408767520488047e-01,3.517783546313545204e-03,1.480875257253660671e+01,6.916545532962282472e+00,7.299874702523043027e-04,5.997213338045724207e+00,1.663000518098588373e+03,1.663000518098588373e+03
8.849995491364948919e+01,6.786224429973654049e-01,6.786709133947631534e-01,3.519916506835049294e-03,1.480916268306683747e+01,6.916818052786503301e+00,7.298886873560178493e-04,5.997306299225747317e+00,1.663001578954115530e+03,1.663001578954115530e+03
8.857173881835001339e+01,6.790468524696356978e-01,6.790996900299295369e-01,3.522046866480812912e-03,1.480955575530298418e+01,6.917090544224947735e+00,7.297903569673480596e-04,5.997395656489239890e+00,1.663002597044661343e+03,1.663002597044661343e+03
8.864352272305055180e+01,6.794704835079335981e-01,6.795280931449698691e-01,3.524175980834492235e-03,1.480994544484610564e+01,6.917362823766572966e+00,7.296921986852943380e-04,5.997484290524123018e+00,1.663003628812788520e+03,1.663003628812788520e+03
8.871530662775107601e+01,6.798933600873294791e-01,6.799554685875414117e-01,3.526302650196936912e-03,1.481032254862868669e+01,6.917634996297237215e+00,7.295944066768311753e-04,5.997570263335145313e+00,1.663004665765490699e+03,1.663004665765490699e+03
8.878709053245161442e+01,6.803155058468225436e-01,6.803824368661199884e-01,3.528428833596552149e-03,1.481069237445548659e+01,6.917907151739392191e+00,7.294968206519174573e-04,5.997654692512439212e+00,1.663005682656549197e+03,1.663005682656549197e+03
8.885887443715215284e+01,6.807369440113330006e-01,6.808084390163007260e-01,3.530551974912914549e-03,1.481105349851046249e+01,6.918178990413513141e+00,7.293995732050165878e-04,5.997737270677408361e+00,1.663006675869826722e+03,1.663006675869826722e+03
8.893065834185267704e+01,6.811576973140925917e-01,6.812332208116064214e-01,3.532671280191846969e-03,1.481140373881829397e+01,6.918450468093827688e+00,7.293027327350032384e-04,5.997817536456626186e+00,1.663007639959246717e+03,1.663007639959246717e+03
8.900244224655321545e+01,6.815777879194347966e-01,6.816575026157176698e-01,3.534789109123082518e-03,1.481174888113963739e+01,6.918721738522370934e+00,7.292061054788025968e-04,5.997896714585869482e+00,1.663008589718091116e+03,1.663008589718091116e+03
8.907422615125373966e+01,6.819972373459809445e-01,6.820804297927060000e-01,3.536903168281031132e-03,1.481207998033094775e+01,6.918992745911050513e+00,7.291099315776907765e-04,5.997972916016681033e+00,1.663009502582776577e+03,1.663009502582776577e+03
8.914601005595427807e+01,6.824160663902204549e-01,6.825027014261895175e-01,3.539014386563706874e-03,1.481240834701797482e+01,6.919263301879724715e+00,7.290139911526914230e-04,5.998048523289058132e+00,1.663010407177871912e+03,1.663010407177871912e+03
8.921779396065480228e+01,6.828342950504850961e-01,6.829239051674078631e-01,3.541123562324232938e-03,1.481272170341268080e+01,6.919533852366197557e+00,7.289184442444457575e-04,5.998120955847269897e+00,1.663011272713522203e+03,1.663011272713522203e+03
8.928957786535534069e+01,6.832519424513134876e-01,6.833443981105126186e-01,3.543229156985151611e-03,1.481303424994740858e+01,6.919803801202059290e+00,7.288231315340501157e-04,5.998193196826146156e+00,1.663012134911123212e+03,1.663012134911123212e+03
8.936136177005587911e+01,6.836690267682019595e-01,6.837635121892238210e-01,3.545331645743900282e-03,1.481332953025157551e+01,6.920073666580114136e+00,7.287282932973711920e-04,5.998261785837026849e+00,1.663012952552999195e+03,1.663012952552999195e+03
8.943314567475640331e+01,6.840855651527489867e-01,6.841823441624094171e-01,3.547432896327261213e-03,1.481362352297633933e+01,6.920343254214721185e+00,7.286335957989238839e-04,5.998330090360993516e+00,1.663013765865241567e+03,1.663013765865241567e+03
8.950492957945694172e+01,6.845015736581779864e-01,6.845998110561529737e-01,3.549530213535775826e-03,1.481390404486112367e+01,6.920612545531218629e+00,7.285393473107539940e-04,5.998395539086151196e+00,1.663014544294543612e+03,1.663014544294543612e+03
8.957671348415746593e+01,6.849170671652473619e-01,6.850166228916909628e-01,3.551624973377860706e-03,1.481418073616929121e+01,6.920881456708504409e+00,7.284453356292445395e-04,5.998460164415854834e+00,1.663015312086892891e+03,1.663015312086892891e+03
8.964849738885800434e+01,6.853320593085411305e-01,6.854326120757162633e-01,3.553718146823744983e-03,1.481444593432885526e+01,6.921150328183978573e+00,7.283516404439813966e-04,5.998522357443675901e+00,1.663016050190334454e+03,1.663016050190334454e+03
8.972028129355854276e+01,6.857465624031594542e-01,6.858478714992004566e-01,3.555808829885488166e-03,1.481470543280838292e+01,6.921418881025782177e+00,7.282582082781840528e-04,5.998583334311739179e+00,1.663016773106663777e+03,1.663016773106663777e+03
8.979206519825906696e+01,6.861605873782999909e-01,6.862623511713511482e-01,3.557897570662253098e-03,1.481495588073931202e+01,6.921687280771767092e+00,7.281650685214610935e-04,5.998642391863207912e+00,1.663017472556809025e+03,1.663017472556809025e+03
8.986384910295960537e+01,6.865741437631046606e-01,6.866763411157742469e-01,3.559985545198780538e-03,1.481519865757256937e+01,6.921955644713555067e+00,7.280721488779837982e-04,5.998699823955115029e+00,1.663018152084300937e+03,1.663018152084300937e+03
8.993563300766012958e+01,6.869872397295494482e-01,6.870894394900678437e-01,3.562070479358926331e-03,1.481543457081950876e+01,6.922223651399538547e+00,7.279795333026861008e-04,5.998755793640628831e+00,1.663018813671764519e+03,1.663018813671764519e+03
9.000741691236066799e+01,6.873998821441142937e-01,6.875014825645205940e-01,3.564152111387371667e-03,1.481566119283153604e+01,6.922491334227916404e+00,7.278872710478553627e-04,5.998809789554779393e+00,1.663019451332282415e+03,1.663019451332282415e+03
9.007920081706120641e+01,6.878120766192498126e-01,6.879130524634572419e-01,3.566232425484222850e-03,1.481588283463281108e+01,6.922758835797525379e+00,7.277952089491073048e-04,5.998862724672509472e+00,1.663020075897264860e+03,1.663020075897264860e+03
9.015098472176173061e+01,6.882238275645916614e-01,6.883234953102235210e-01,3.568309408204411656e-03,1.481609379064435750e+01,6.923026049505866197e+00,7.277035228515420185e-04,5.998913392774825049e+00,1.663020673187505963e+03,1.663020673187505963e+03
9.022276862646226903e+01,6.886351382379233277e-01,6.887332430987537224e-01,3.570383524441367827e-03,1.481630144412544503e+01,6.923292833253950285e+00,7.276120755621796540e-04,5.998963348481003877e+00,1.663021261575171138e+03,1.663021261575171138e+03
9.029455253116279323e+01,6.890460107958864544e-01,6.891421391083262238e-01,3.572456027674088177e-03,1.481649723313152300e+01,6.923559588852108426e+00,7.275209492302114151e-04,5.999010794625291965e+00,1.663021819940859132e+03,1.663021819940859132e+03
9.036633643586333164e+01,6.894564463444423641e-01,6.895504112961767795e-01,3.574525747236421448e-03,1.481669092928821208e+01,6.923825893169746948e+00,7.274300383996915682e-04,5.999057783245248743e+00,1.663022372476767032e+03,1.663022372476767032e+03
9.043812034056387006e+01,6.898664449890846706e-01,6.899576077927471740e-01,3.576592803104270118e-03,1.481687233573230955e+01,6.924092044332919471e+00,7.273394992620812452e-04,5.999102169875853541e+00,1.663022894008860249e+03,1.663022894008860249e+03
9.050990424526439426e+01,6.902760058848046443e-01,6.903645467753219966e-01,3.578658811003378789e-03,1.481705234468314814e+01,6.924357953913630404e+00,7.272490903943402496e-04,5.999146250620069232e+00,1.663023411555391704e+03,1.663023411555391704e+03
9.058168814996493268e+01,6.906851272858111068e-01,6.907703246764810290e-01,3.580721759470573053e-03,1.481721990048903059e+01,6.924623664074264440e+00,7.271590720050806174e-04,5.999187693985719605e+00,1.663023897780960169e+03,1.663023897780960169e+03
9.065347205466545688e+01,6.910938065950034126e-01,6.911754180935786307e-01,3.582781467642487394e-03,1.481738599036209969e+01,6.924888848411566045e+00,7.270692772332099140e-04,5.999228810632416753e+00,1.663024379832532077e+03,1.663024379832532077e+03
9.072525595936599530e+01,6.915020404132016241e-01,6.915796326778882452e-01,3.584839300341603838e-03,1.481754081188435457e+01,6.925153957054963172e+00,7.269798033696847888e-04,5.999267542847235291e+00,1.663024833618547291e+03,1.663024833618547291e+03
9.079703986406653371e+01,6.919098245881343257e-01,6.919835646870736712e-01,3.586895944103157298e-03,1.481769431645524726e+01,6.925418805486415863e+00,7.268904634343329027e-04,5.999305985951499665e+00,1.663025283719482104e+03,1.663025283719482104e+03
9.086882376876705791e+01,6.923171542631821884e-01,6.923863896031171583e-01,3.588949694940507182e-03,1.481783589621304564e+01,6.925683464229062558e+00,7.268014972899562937e-04,5.999341903652727126e+00,1.663025703984219945e+03,1.663025703984219945e+03
9.094060767346759633e+01,6.927240239258856125e-01,6.927888852468826464e-01,3.591002078586153900e-03,1.481797591286850846e+01,6.925947847201833873e+00,7.267126760190913094e-04,5.999377480059290058e+00,1.663026120000189394e+03,1.663026120000189394e+03
9.101239157816812053e+01,6.931304274562067880e-01,6.931906407381175361e-01,3.593052983022446221e-03,1.481810604798151765e+01,6.926212169871081237e+00,7.266241359735881164e-04,5.999410965207287560e+00,1.663026511329655023e+03,1.663026511329655023e+03
9.108417548286865895e+01,6.935363581745600525e-01,6.935918154433619032e-01,3.595101387448480703e-03,1.481823393092803620e+01,6.926476088765796568e+00,7.265357990163989928e-04,5.999443960854693891e+00,1.663026896718223497e+03,1.663026896718223497e+03
9.115595938756919736e+01,6.939418088895986658e-01,6.939923116633339717e-01,3.597148584276200003e-03,1.481835215565778974e+01,6.926739977610954391e+00,7.264477278155792540e-04,5.999474913145983912e+00,1.663027258041707228e+03,1.663027258041707228e+03
9.122774329226972156e+01,6.943467719457699916e-01,6.943925049393182558e-01,3.599194763585552865e-03,1.481846797030313923e+01,6.927003661377971078e+00,7.263597993364832774e-04,5.999505347249140641e+00,1.663027613128505436e+03,1.663027613128505436e+03
9.129952719697025998e+01,6.947512392706342021e-01,6.947917352334435082e-01,3.601238023759291071e-03,1.481857512661257914e+01,6.927267065029450777e+00,7.262721923625148346e-04,5.999533943372005851e+00,1.663027946601344638e+03,1.663027946601344638e+03
9.137131110167078418e+01,6.951552024219476156e-01,6.951905318905579056e-01,3.603279692694620878e-03,1.481867946204336484e+01,6.927530201222090511e+00,7.261847582348470321e-04,5.999561933275105119e+00,1.663028272845744823e+03,1.663028272845744823e+03
9.144309500637132260e+01,6.955586526345151066e-01,6.955887593564723526e-01,3.605320293489922868e-03,1.481877594362166306e+01,6.927793277622417811e+00,7.260975544852248630e-04,5.999588259906074583e+00,1.663028579559815171e+03,1.663028579559815171e+03
9.151487891107186101e+01,6.959615808668100367e-01,6.959864218110715095e-01,3.607358698971707949e-03,1.481886930413622139e+01,6.928056017263391375e+00,7.260105532071780068e-04,5.999613915428023248e+00,1.663028878321311595e+03,1.663028878321311595e+03
9.158666281577238522e+01,6.963639778473635911e-01,6.963832474874066536e-01,3.609394473448638511e-03,1.481895555467785819e+01,6.928318474015316752e+00,7.259238356377916649e-04,5.999638059665758583e+00,1.663029159363003373e+03,1.663029159363003373e+03
9.165844672047292363e+01,6.967658341209237438e-01,6.967797155552831745e-01,3.611429185490149484e-03,1.481903846196963492e+01,6.928580748334463024e+00,7.258372761163559179e-04,5.999661489583186125e+00,1.663029431977998001e+03,1.663029431977998001e+03
9.173023062517344783e+01,6.971671400943862951e-01,6.971754982147698732e-01,3.613461905189592656e-03,1.481911487766650737e+01,6.928842806560756351e+00,7.257509633012121765e-04,5.999683540326874009e+00,1.663029688445124975e+03,1.663029688445124975e+03
9.180201452987398625e+01,6.975678860824985339e-01,6.975707116410956310e-01,3.615492493772293116e-03,1.481918784967963276e+01,6.929104547046762264e+00,7.256648544510811748e-04,5.999704852602148364e+00,1.663029936230499288e+03,1.663029936230499288e+03
9.187379843457452466e+01,6.979680623533367489e-01,6.979654137128287195e-01,3.617521860810011224e-03,1.481925488673859093e+01,6.929366157166310991e+00,7.255789507614819655e-04,5.999724905141263775e+00,1.663030169286364753e+03,1.663030169286364753e+03
9.194558233927504887e+01,6.983676591735558103e-01,6.983596198584461900e-01,3.619549487274829978e-03,1.481931845131550141e+01,6.929627501999888750e+00,7.254932347024161537e-04,5.999744214383285090e+00,1.663030393627106605e+03,1.663030393627106605e+03
9.201736624397558728e+01,6.987666668534188164e-01,6.987531881618755936e-01,3.621575120126897286e-03,1.481937657496556326e+01,6.929888603515878209e+00,7.254077478019504239e-04,5.999762365622018478e+00,1.663030604445531935e+03,1.663030604445531935e+03
9.208915014867611148e+01,6.991650757915987002e-01,6.991463695491543229e-01,3.623599573454011191e-03,1.481943125628063562e+01,6.930149512575026982e+00,7.253224241904384501e-04,5.999779781633356457e+00,1.663030806662420218e+03,1.663030806662420218e+03
9.216093405337664990e+01,6.995628765197611232e-01,6.995390983074419866e-01,3.625622897288345841e-03,1.481948090447479949e+01,6.930410279912239346e+00,7.252372868119590522e-04,5.999796128019295516e+00,1.663030996404485222e+03,1.663030996404485222e+03
9.223271795807718831e+01,6.999600597469241015e-01,6.999312340808412358e-01,3.627643950176229204e-03,1.481952721931116557e+01,6.930670711191775801e+00,7.251523560979380957e-04,5.999811758989688215e+00,1.663031177792111976e+03,1.663031177792111976e+03
9.230450186277771252e+01,7.003566164035981423e-01,7.003228284208791177e-01,3.629663324907110751e-03,1.481956887702652814e+01,6.930930920212805546e+00,7.250676280827637789e-04,5.999826397898487151e+00,1.663031347622987369e+03,1.663031347622987369e+03
9.237628576747825093e+01,7.007525376857066668e-01,7.007141387081193828e-01,3.631682003696455694e-03,1.481960732079095600e+01,6.931190994637055347e+00,7.249830388310464589e-04,5.999840351167899932e+00,1.663031509459461176e+03,1.663031509459461176e+03
9.244806967217877514e+01,7.011478150980190449e-01,7.011049503421459272e-01,3.633699150208750169e-03,1.481964143075828311e+01,6.931450857509416252e+00,7.248986407122076517e-04,5.999853380872113284e+00,1.663031660548695754e+03,1.663031660548695754e+03
9.251985357687931355e+01,7.015424404893987331e-01,7.014952545788583071e-01,3.635714398191176606e-03,1.481967252235535604e+01,6.931710425642225282e+00,7.248144278873557044e-04,5.999865762647956124e+00,1.663031804093115170e+03,1.663031804093115170e+03
9.259163748157985196e+01,7.019364060659961657e-01,7.018851296812022023e-01,3.637728407263552538e-03,1.481969956588419990e+01,6.931969813116551471e+00,7.247303890609217529e-04,5.999877281876913493e+00,1.663031937610202931e+03,1.663031937610202931e+03
9.266342138628037617e+01,7.023297043950608165e-01,7.022747480205377979e-01,3.639741772779567491e-03,1.481972378148515546e+01,6.932229063473542396e+00,7.246464800309701743e-04,5.999888196930518447e+00,1.663032064099824311e+03,1.663032064099824311e+03
9.273520529098091458e+01,7.027223284083278232e-01,7.026639052333009117e-01,3.641753670152218618e-03,1.481974421924292784e+01,6.932488096794351407e+00,7.245627498952463691e-04,5.999898305667800358e+00,1.663032181224067017e+03,1.663032181224067017e+03
9.280698919568143879e+01,7.031142714053831844e-01,7.030527542261207907e-01,3.643764601639078258e-03,1.481976206582330136e+01,6.932746945512760384e+00,7.244791588521553747e-04,5.999907859147702638e+00,1.663032291895990056e+03,1.663032291895990056e+03
9.287877310038197720e+01,7.035055270570148567e-01,7.034412708560840999e-01,3.645774675755001498e-03,1.481977637579234042e+01,6.933005650002723286e+00,7.243957172375997894e-04,5.999916658866508712e+00,1.663032393819777781e+03,1.663032393819777781e+03
9.295055700508251562e+01,7.038960894085409814e-01,7.038294158714786253e-01,3.647783395345466795e-03,1.481978834830613323e+01,6.933264113441864218e+00,7.243124264666253196e-04,5.999924955624852174e+00,1.663032489903722080e+03,1.663032489903722080e+03
9.302234090978303982e+01,7.042859528831247884e-01,7.042172179336052551e-01,3.649791148660386838e-03,1.481979701392623028e+01,6.933522412941409030e+00,7.242292856673898703e-04,5.999932546676510547e+00,1.663032577802832975e+03,1.663032577802832975e+03
9.309412481448357823e+01,7.046751122850669624e-01,7.046048026810495246e-01,3.651798289930721728e-03,1.481980358309633239e+01,6.933780561006081200e+00,7.241462608779784555e-04,5.999939687640418740e+00,1.663032660479674405e+03,1.663032660479674405e+03
9.316590871918410244e+01,7.050635628030833546e-01,7.049920228493674612e-01,3.653804300851657468e-03,1.481980706583451202e+01,6.934038518525816208e+00,7.240633890524428729e-04,5.999946168842074989e+00,1.663032735509038048e+03,1.663032735509038048e+03
9.323769262388464085e+01,7.054513000135625989e-01,7.053788989004838861e-01,3.655808979863440361e-03,1.481980871420073420e+01,6.934296225403977054e+00,7.239806584975426711e-04,5.999952253061303864e+00,1.663032805935070655e+03,1.663032805935070655e+03
9.330947652858517927e+01,7.058383198838071859e-01,7.057655462803817947e-01,3.657813184834271363e-03,1.481980747967601175e+01,6.934553821159642695e+00,7.238980502878016466e-04,5.999957722254193548e+00,1.663032869235708404e+03,1.663032869235708404e+03
9.338126043328570347e+01,7.062246187752557747e-01,7.061519850495037165e-01,3.659816702864055783e-03,1.481980465010133052e+01,6.934811243153984783e+00,7.238155526753852148e-04,5.999962846686584861e+00,1.663032928540623288e+03,1.663032928540623288e+03
9.345304433798624189e+01,7.066101934466891832e-01,7.065380244601900950e-01,3.661818809102982374e-03,1.481979916066699765e+01,6.935068427977331140e+00,7.237332122357556128e-04,5.999967400365271430e+00,1.663032981235794750e+03,1.663032981235794750e+03
9.352482824268676609e+01,7.069950410574175059e-01,7.069238545030673837e-01,3.663820166696469052e-03,1.481979231629001426e+01,6.935325425115297371e+00,7.236509808290973560e-04,5.999971659650880085e+00,1.663033030520479542e+03,1.663033030520479542e+03
9.359661214738730450e+01,7.073791591704498005e-01,7.073094610397003823e-01,3.665820976428744472e-03,1.481978301124346054e+01,6.935582291076046069e+00,7.235688675900846896e-04,5.999975392580571665e+00,1.663033073711644647e+03,1.663033073711644647e+03
9.366839605208782871e+01,7.077625457556483424e-01,7.076948353096640387e-01,3.667820863578839102e-03,1.481977258015287191e+01,6.935838941267301827e+00,7.234868666460346313e-04,5.999978878802323834e+00,1.663033114045791990e+03,1.663033114045791990e+03
9.374017995678836712e+01,7.081451991928617851e-01,7.080799037955197717e-01,3.669819723584103171e-03,1.481975990842120972e+01,6.936095393335494741e+00,7.234049998015309275e-04,5.999981883622147905e+00,1.663033148808358874e+03,1.663033148808358874e+03
9.381196386148890554e+01,7.085271182750455532e-01,7.084648314734244279e-01,3.671818085483756228e-03,1.481974631544308707e+01,6.936351678958406097e+00,7.233232242961572765e-04,5.999984686050375160e+00,1.663033181227836394e+03,1.663033181227836394e+03
9.388374776618942974e+01,7.089083022113602528e-01,7.088495182287446461e-01,3.673815704885185791e-03,1.481973069549643363e+01,6.936607797575157441e+00,7.232415675553258800e-04,5.999987052859895087e+00,1.663033208606694188e+03,1.663033208606694188e+03
9.395553167088996815e+01,7.092887506302585354e-01,7.092340145250286554e-01,3.675812523568685024e-03,1.481971434105492591e+01,6.936863706375237193e+00,7.231600113527557935e-04,5.999989255733201965e+00,1.663033234088155041e+03,1.663033234088155041e+03
9.402731557559049236e+01,7.096684635825497578e-01,7.096183200378957112e-01,3.677808801892632883e-03,1.481969619741810185e+01,6.937119468004841139e+00,7.230785616066211707e-04,5.999991073601973923e+00,1.663033255115390602e+03,1.663033255115390602e+03
9.409909948029103077e+01,7.100474415444504306e-01,7.100024917429670346e-01,3.679804532279178694e-03,1.481967748724388478e+01,6.937375048020513191e+00,7.229971991394332047e-04,5.999992763605609625e+00,1.663033274663016755e+03,1.663033274663016755e+03
9.417088338499156919e+01,7.104256854206174587e-01,7.103864609626925342e-01,3.681799610780342891e-03,1.481965719713758034e+01,6.937630461321575126e+00,7.229159441419414668e-04,5.999994112333173923e+00,1.663033290262821993e+03,1.663033290262821993e+03
9.424266728969209339e+01,7.108031965471647284e-01,7.107703090629243770e-01,3.683794168474002328e-03,1.481963649882532863e+01,6.937885692592372422e+00,7.228347725704225646e-04,5.999995366602610680e+00,1.663033304769767028e+03,1.663033304769767028e+03
9.431445119439263181e+01,7.111799766946625967e-01,7.111540097947216532e-01,3.685788304595857823e-03,1.481961444696248620e+01,6.938140780785999162e+00,7.227536952402768312e-04,5.999996327885176228e+00,1.663033315887797244e+03,1.663033315887797244e+03
9.438623509909315601e+01,7.115560280711201724e-01,7.115375864588522337e-01,3.687781884170093262e-03,1.481959207144449486e+01,6.938395680511610486e+00,7.226727012345009627e-04,5.999997212420065118e+00,1.663033326118012383e+03,1.663033326118012383e+03
9.445801900379369442e+01,7.119313533249527204e-01,7.119210186974022081e-01,3.689774979281252275e-03,1.481956865948967028e+01,6.938650420844159505e+00,7.225917987930893663e-04,5.999997870513647413e+00,1.663033333729185870e+03,1.663033333729185870e+03
9.452980290849423284e+01,7.123059555479318572e-01,7.123043778553894700e-01,3.691767757600112297e-03,1.481954502403946705e+01,6.938905000959597835e+00,7.225109680954888572e-04,5.999998473623374906e+00,1.663033340704369493e+03,1.663033340704369493e+03
9.460158681319475704e+01,7.126798382781178720e-01,7.126876121424214894e-01,3.693760117459380689e-03,1.481952049642126035e+01,6.939159426537968578e+00,7.224302237800611388e-04,5.999998880843938842e+00,1.663033345413982261e+03,1.663033345413982261e+03
9.467337071789529546e+01,7.130530055027790581e-01,7.130707545079857379e-01,3.695752031737168080e-03,1.481949587160240078e+01,6.939413672428180746e+00,7.223495542502252021e-04,5.999999259307225330e+00,1.663033349790978491e+03,1.663033349790978491e+03
9.474515462259581966e+01,7.134254616612909494e-01,7.134537973394203814e-01,3.697743604205685781e-03,1.481947057571647619e+01,6.939667767866474435e+00,7.222689642742945041e-04,5.999999488621065247e+00,1.663033352443019794e+03,1.663033352443019794e+03
9.481693852729635807e+01,7.137972116480226781e-01,7.138367854500468068e-01,3.699734917590364030e-03,1.481944520881667415e+01,6.939921707030656250e+00,7.221884408865254399e-04,5.999999695228262375e+00,1.663033354832448595e+03,1.663033354832448595e+03
9.488872243199689649e+01,7.141682608152053469e-01,7.142196871008386072e-01,3.701725887892022386e-03,1.481941944873661221e+01,6.940175488309400009e+00,7.221079925115072694e-04,5.999999811148818196e+00,1.663033356173075163e+03,1.663033356173075163e+03
9.496050633669742069e+01,7.145386149757848582e-01,7.146025257420446364e-01,3.703716550728181935e-03,1.481939363989974545e+01,6.940429106933826198e+00,7.220276121496670878e-04,5.999999908930755410e+00,1.663033357303924959e+03,1.663033357303924959e+03
9.503229024139795911e+01,7.149082804062588670e-01,7.149853029878571187e-01,3.705706959130696757e-03,1.481936760375739048e+01,6.940682574750378642e+00,7.219473003859085483e-04,5.999999951179790791e+00,1.663033357792536208e+03,1.663033357792536208e+03
9.510407414609849752e+01,7.152772638494989677e-01,7.153680364590210283e-01,3.707697145967382962e-03,1.481934157432633370e+01,6.940935889663187197e+00,7.218670520910174318e-04,5.999999987214684971e+00,1.663033358209279413e+03,1.663033358209279413e+03
