set,sample,side,col,class,zero,clsA_raw,clsA,eA_h,eA_h2,repA,etaA,clsB_raw,clsB,eB_h,eB_h2,repB,etaB,heat,work
rand,0,D,0,合格,0,合格,合格,7.3919623739349461e-11,2.4302451020166936e-10,1.6910488646231991e-10,3.382097625183042e-10,合格,合格,1.5920934282412104e-12,3.9808075047876843e-13,1.194012677762442e-12,8.7047711494163825e-95,0.59164001172203184,104.17253600581918
rand,0,D,1,合格,0,合格,合格,2.481650522932776e-10,3.1541590899780566e-10,6.7250856704528097e-11,2.6900385430105431e-10,合格,合格,2.8718818253631163e-16,2.8718818253631163e-16,0,6.92356415901772e-95,0.59164001172203184,104.17253600581918
rand,0,D,2,合格,0,合格,合格,6.4388031123901211e-10,1.5151803153687699e-10,7.9539834277588911e-10,1.5907967536027119e-09,合格,合格,2.2238558352741042e-20,2.2238558352741042e-20,0,4.0943589511543707e-94,0.59164001172203184,104.17253600581918
rand,0,D,3,合格,0,合格,合格,1.2381325362538305e-10,7.6951735393938811e-11,2.0076498901932184e-10,2.6768664459642347e-10,合格,合格,1.9092897721084438e-21,1.9092897721084438e-21,0,6.8896620949577528e-95,0.59164001172203184,104.17253600581918
rand,0,D,4,合格,0,合格,合格,6.900853486283314e-11,1.5960066388190941e-10,9.059212901907626e-11,9.0592094238165165e-11,合格,合格,0,0,0,2.3316401112073499e-95,0.59164001172203184,104.17253600581918
rand,0,K,0,合格,0,合格,合格,1.171702306488502e-11,2.5254176088807452e-10,2.6425878395295953e-10,3.5234505620829407e-10,合格,合格,5.1894011930042355e-13,1.2963469337512513e-13,3.8930542592529837e-13,9.068582340982717e-95,0.59164001172203184,104.17253600581918
rand,0,K,1,合格,0,合格,合格,3.0361618937267963e-10,3.6458609436337373e-10,6.6820228373605342e-10,1.3364044446895222e-09,合格,合格,3.7567334169687357e-16,3.7567334169687357e-16,0,3.4396094209301784e-94,0.59164001172203184,104.17253600581918
rand,0,K,2,合格,0,合格,解像しない,3.7700855404645448e-09,3.7700855404645448e-09,2.2408193419202781e-12,1.8356792051265134e-08,合格,合格,1.8353520809229486e-16,1.8353520809229486e-16,0,4.7246322120888113e-93,0.59164001172203184,104.17253600581918
rand,0,K,3,合格,0,合格,合格,1.4182893172918743e-09,4.8879547071656722e-09,3.4696653898737979e-09,6.9393305531943371e-09,合格,合格,4.1209891706395958e-16,4.1209891706395958e-16,0,1.7860301827461443e-93,0.59164001172203184,104.17253600581918
rand,0,K,4,合格,0,合格,合格,3.0216937979853305e-12,1.3512264003938214e-10,1.3210094624139682e-10,2.6420181942875638e-10,合格,合格,0,0,0,6.7999704037587831e-95,0.59164001172203184,104.17253600581918
rand,1,D,0,合格,0,合格,合格,1.7201931475037896e-11,7.8887339440361303e-11,6.1685407965323407e-11,4.5692965719827783e-12,合格,合格,1.6342198205414428e-12,4.0832789005509491e-13,1.2258919304863478e-12,1.1760358623820099e-96,1.4630401616097688,5.5193491939041852
rand,1,D,1,合格,0,合格,合格,5.0194585812008692e-11,3.0478673047509408e-10,2.545921446630854e-10,1.1315208640190565e-11,合格,合格,3.8650316136714209e-16,3.8650316136714209e-16,0,2.9122844056113578e-96,1.4630401616097688,5.5193491939041852
rand,1,D,2,合格,0,合格,合格,3.7416138680069324e-11,4.9260936951664778e-11,8.6677075631734109e-11,1.0834618116785793e-11,合格,合格,1.8490162771769362e-16,1.8490162771769362e-16,0,2.7885910358024257e-96,1.4630401616097688,5.5193491939041852
rand,1,D,3,合格,0,合格,合格,4.3853733963740156e-11,2.6539995611998116e-11,7.0393729575738272e-11,2.8157514820418536e-11,合格,合格,3.5031850758058381e-19,3.5031850758058381e-19,0,7.247121455720197e-96,1.4630401616097688,5.5193491939041852
rand,1,D,4,合格,0,合格,合格,6.0250570769965168e-11,6.0250570769965168e-11,0,3.7534810447018998e-10,合格,合格,0,0,0,9.660629919289825e-95,1.4630401616097688,5.5193491939041852
rand,1,K,0,合格,0,合格,合格,4.1895044289807136e-11,8.950624178993743e-11,1.3140128607974457e-10,4.6929030193350819e-12,合格,合格,2.344740841299489e-12,5.8612964247860012e-13,1.758611198820889e-12,1.2078494276907864e-96,1.4630401616097688,5.5193491939041852
rand,1,K,1,合格,0,合格,合格,1.3655461323867825e-11,3.0538860231485874e-11,1.6883398907618051e-11,1.1255687796060987e-11,合格,合格,1.6175506961366382e-19,1.6175506961366382e-19,0,2.8969650569648204e-96,1.4630401616097688,5.5193491939041852
rand,1,K,2,合格,0,合格,合格,7.459184436583292e-11,1.3835410484120069e-10,6.376226047536778e-11,9.1088920640144558e-12,合格,合格,8.9353738459056208e-21,8.9353738459056208e-21,0,2.3444273237881355e-96,1.4630401616097688,5.5193491939041852
rand,1,K,3,合格,0,合格,合格,8.8075917508982723e-11,2.2959377004156365e-10,1.4151785253258093e-10,9.4345240967954224e-11,合格,合格,1.3212471048973425e-16,1.3212471048973425e-16,0,2.4282378058739139e-95,1.4630401616097688,5.5193491939041852
rand,1,K,4,合格,0,合格,合格,2.3730989451076029e-11,1.0575097742753079e-10,1.2948196687860683e-10,2.5896379402795235e-10,合格,合格,0,0,0,6.6651552167301078e-95,1.4630401616097688,5.5193491939041852
rand,2,D,0,合格,0,合格,合格,8.6047758417092693e-11,1.3215810324185451e-10,4.6110344824761821e-11,9.222054378967052e-11,合格,合格,1.8505676182778502e-12,4.6267754998933854e-13,1.3878900682885119e-12,2.3735528004469359e-95,729.35253571450585,58252.698261653648
rand,2,D,1,合格,0,合格,合格,5.0938249803630475e-11,3.3946002919194992e-10,3.9039827899558039e-10,7.8079654604071072e-10,合格,合格,1.2400402601795729e-16,1.2400402601795729e-16,0,2.0095975932011419e-94,729.35253571450585,58252.698261653648
rand,2,D,2,合格,0,合格,合格,8.647698345938272e-13,3.457183422406848e-10,3.4485357240609101e-10,1.9705924272081341e-10,合格,合格,2.1495645900915416e-16,2.1495645900915416e-16,0,5.0718690022117275e-95,729.35253571450585,58252.698261653648
rand,2,D,3,合格,0,合格,合格,1.3256927014133252e-12,1.1905249135191995e-10,1.1772679865050664e-10,2.3545362088296381e-10,合格,合格,1.2125607805847665e-16,1.2125607805847665e-16,0,6.0600553657191416e-95,729.35253571450585,58252.698261653648
rand,2,D,4,合格,0,合格,合格,1.6267416395412932e-09,3.7006518208877214e-09,2.0739101813464283e-09,4.1478203554415274e-09,合格,合格,0,0,0,1.0675572075201506e-93,729.35253571450585,58252.698261653648
rand,2,K,0,合格,0,合格,合格,1.0026669135722691e-10,1.873064503296421e-10,8.7039758972415194e-11,3.4815877015556725e-10,合格,合格,2.3736502637639064e-12,5.935882877549952e-13,1.7800619760089111e-12,8.9608365982707265e-95,729.35253571450585,58252.698261653648
rand,2,K,1,合格,0,合格,合格,1.4890153099890118e-10,1.4890153099890118e-10,3.1013718311492046e-13,1.2703218997740974e-09,合格,合格,2.0504768927662724e-16,2.0504768927662724e-16,0,3.2695275681247999e-94,729.35253571450585,58252.698261653648
rand,2,K,2,合格,0,合格,合格,8.3620937041372528e-10,3.8794747059348037e-10,1.2241568410072055e-09,2.4483137503785689e-09,合格,合格,1.772837955720943e-16,1.772837955720943e-16,0,6.3014180135800677e-94,729.35253571450585,58252.698261653648
rand,2,K,3,合格,0,合格,合格,3.2056214533673227e-10,4.0928694437985652e-10,7.2984908971658879e-10,7.2984908555340562e-10,合格,合格,2.5304513607366312e-19,2.5304513607366312e-19,0,1.8784700997533669e-94,729.35253571450585,58252.698261653648
rand,2,K,4,合格,0,合格,合格,4.5687421122034952e-10,4.5687421122034952e-10,0,3.2630675713638733e-09,合格,合格,0,0,0,8.3984141209605575e-94,729.35253571450585,58252.698261653648
rand,3,D,0,合格,0,合格,合格,3.4178942600236278e-11,8.484506688887861e-11,5.0666124288642338e-11,2.0266463336654656e-10,合格,合格,1.7696815494352676e-12,4.4220376239356858e-13,1.327477787041699e-12,5.2161393580136114e-95,4.4836089090962252,0.98795399877174717
rand,3,D,1,合格,0,合格,合格,1.0654460110795015e-10,1.0654460110795015e-10,2.9105971321553249e-14,4.7687093042342583e-10,合格,合格,5.2873633358452347e-16,5.2873633358452347e-16,0,1.227360288548893e-94,4.4836089090962252,0.98795399877174717
rand,3,D,2,合格,0,合格,合格,1.0025621892948351e-10,1.0025621892948351e-10,1.5931373126153278e-13,6.525490116154365e-10,合格,合格,1.8035538865645716e-19,1.8035538865645716e-19,0,1.6795168086204506e-94,4.4836089090962252,0.98795399877174717
rand,3,D,3,合格,0,合格,解像しない,3.1395725395358253e-08,7.6595565763320082e-09,2.3736168819026242e-08,9.49446747729902e-08,合格,合格,3.4010265950731363e-16,3.4010265950731363e-16,0,2.4436659060363971e-92,4.4836089090962252,0.98795399877174717
rand,3,D,4,合格,0,合格,合格,1.7910696236351432e-10,2.0721063184458166e-10,3.8631759420809601e-10,7.7263502275502044e-10,合格,合格,0,0,0,1.9885916376357043e-94,4.4836089090962252,0.98795399877174717
rand,3,K,0,合格,0,合格,合格,1.3375270958783687e-10,1.2243849318012785e-10,2.5619120276796475e-10,1.4639490123851777e-10,合格,合格,1.1630818912240073e-12,2.9077047280600183e-13,8.7231141841800548e-13,3.7678809246487733e-95,4.4836089090962252,0.98795399877174717
rand,3,K,1,合格,0,合格,合格,1.4788332809948976e-10,1.4788332809948976e-10,5.3985108229210205e-13,1.2635598716246212e-09,合格,合格,1.0488090037495408e-15,1.0488090037495408e-15,0,3.2521236034642835e-94,4.4836089090962252,0.98795399877174717
rand,3,K,2,合格,0,合格,合格,2.1640302487896252e-10,1.1789281706673911e-09,9.6252514578842861e-10,3.8501004981957738e-09,合格,合格,1.2719900127782806e-16,1.2719900127782806e-16,0,9.9093070198511474e-94,4.4836089090962252,0.98795399877174717
rand,3,K,3,合格,0,合格,合格,2.54252021481418e-10,4.2048246187761255e-10,6.7473448335903055e-10,1.3494688481226238e-09,合格,合格,5.7181347421716808e-19,5.7181347421716808e-19,0,3.4732343054521455e-94,4.4836089090962252,0.98795399877174717
rand,3,K,4,合格,0,合格,合格,4.5515115814120423e-12,3.1940584071585251e-10,3.1485432913444049e-10,1.7991677669371645e-10,合格,合格,0,0,0,4.6306598467118236e-95,4.4836089090962252,0.98795399877174717
rand,4,D,0,合格,0,合格,合格,2.9862895118220023e-10,3.4362614023037244e-10,4.49971890481722e-11,1.7998845699761805e-10,合格,合格,6.692858163805732e-12,1.6730587162442351e-12,5.0197994475614972e-12,4.6325047391736439e-95,2787.6458886590422,406.69704729555224
rand,4,D,1,合格,0,合格,合格,1.2817197105586792e-10,9.5197012009201181e-11,2.2336898306506909e-10,7.445637063049935e-11,合格,合格,1.2119206511912204e-21,1.2119206511912204e-21,0,1.9163422786163569e-95,2787.6458886590422,406.69704729555224
rand,4,D,2,合格,0,合格,合格,6.9439437341214923e-11,9.6527181490531684e-11,2.7087744149316757e-11,1.0835107972455803e-10,合格,合格,1.5012464465367565e-21,1.5012464465367565e-21,0,2.7887171138160207e-95,2787.6458886590422,406.69704729555224
rand,4,D,3,合格,0,合格,合格,4.4863960807242896e-11,3.8392662578164757e-10,4.2879058658889044e-10,1.1434415322553166e-10,合格,合格,1.980189297825025e-16,1.980189297825025e-16,0,2.9429655687369035e-95,2787.6458886590422,406.69704729555224
rand,4,D,4,合格,0,合格,合格,4.1037228776296329e-11,4.1037228776296329e-11,0,3.8685381358013301e-11,合格,合格,0,0,0,9.9567614205453186e-96,2787.6458886590422,406.69704729555224
rand,4,K,0,合格,0,合格,合格,2.1886594791439259e-09,9.6031669541111268e-09,7.4145074749672009e-09,2.4715024881435033e-09,合格,合格,6.5537885866282772e-11,1.6383059835346857e-11,4.9154826030935922e-11,6.3611006951161037e-94,2787.6458886590422,406.69704729555224
rand,4,K,1,合格,0,合格,合格,2.2098248949683715e-11,3.0160940303125533e-11,5.2259189252809245e-11,2.0903747486351701e-10,合格,合格,1.9373552522867614e-16,1.9373552522867614e-16,0,5.3801622010846466e-95,2787.6458886590422,406.69704729555224
rand,4,K,2,合格,0,合格,合格,5.0529894596279415e-11,6.9798167002814681e-12,4.3550077895997942e-11,5.8066761413946534e-11,合格,合格,2.0422555228023139e-16,2.0422555228023139e-16,0,1.4945099920609489e-95,2787.6458886590422,406.69704729555224
rand,4,K,3,合格,0,合格,合格,3.563942557611891e-10,5.0900796876205611e-10,8.6540222452324527e-10,2.3077395466977966e-10,合格,合格,1.231782627581221e-20,1.231782627581221e-20,0,5.9396111090598758e-95,2787.6458886590422,406.69704729555224
rand,4,K,4,合格,0,合格,合格,1.141418059345868e-11,6.5704669487906245e-11,7.7118850081364919e-11,3.8559390377786191e-11,合格,合格,0,0,0,9.9243341292216898e-96,2787.6458886590422,406.69704729555224
rand,5,D,0,合格,0,合格,合格,3.6438604616227379e-10,4.7627433679245461e-10,1.1188829063018086e-10,2.2377689015546741e-10,合格,合格,1.9386231393958247e-12,4.8409454538866156e-13,1.454528594007163e-12,5.7595221463366486e-95,451.71711618253272,0.28381832533034412
rand,5,D,1,合格,0,合格,合格,3.1636261112133069e-11,1.2937808908285041e-10,1.6101435019498347e-10,1.6101435332039209e-10,合格,合格,1.1920578281234199e-16,1.1920578281234199e-16,0,4.1441532822383552e-95,451.71711618253272,0.28381832533034412
rand,5,D,2,合格,0,合格,合格,1.0589839910277798e-10,2.5735317013480136e-12,1.0332486740142997e-10,2.0664967945944109e-10,合格,合格,2.5149928331101623e-25,2.5149928331101623e-25,0,5.3187056293129071e-95,451.71711618253272,0.28381832533034412
rand,5,D,3,合格,0,合格,合格,2.9981714373493303e-10,1.1392674070207814e-09,8.3945026328584837e-10,4.7968586402171728e-10,合格,合格,9.8121262335437856e-23,9.8121262335437856e-23,0,1.2346053049527599e-94,451.71711618253272,0.28381832533034412
rand,5,D,4,合格,0,合格,合格,1.6723363065562747e-11,5.9329248414792364e-11,4.2605885349229611e-11,5.6807955643646009e-11,合格,合格,0,0,0,1.4621111160780658e-95,451.71711618253272,0.28381832533034412
rand,5,K,0,合格,0,合格,合格,2.3431681261475041e-10,1.7426619568389434e-10,6.0050616930856092e-11,2.4020225863537682e-10,合格,合格,3.9148980584207427e-13,9.7689648973666654e-14,2.9380015686840764e-13,6.1822747972294817e-95,451.71711618253272,0.28381832533034412
rand,5,K,1,合格,0,合格,合格,2.0346256377796825e-10,5.7024652615686281e-13,2.0289231725181138e-10,2.7052304631031053e-10,合格,合格,6.7961692828753421e-23,6.7961692828753421e-23,0,6.96266480080325e-95,451.71711618253272,0.28381832533034412
rand,5,K,2,合格,0,合格,合格,1.1774877679317764e-09,2.3640085442580587e-09,3.5414963121898351e-09,7.0829926920692452e-09,合格,合格,1.8227144748589358e-16,1.8227144748589358e-16,0,1.8230056394103814e-93,451.71711618253272,0.28381832533034412
rand,5,K,3,合格,0,合格,合格,2.0582474957487731e-10,1.7757611029076325e-10,3.8340085986564053e-10,5.112009173320643e-10,合格,合格,1.9586370892983279e-16,1.9586370892983279e-16,0,1.315718080877843e-94,451.71711618253272,0.28381832533034412
rand,5,K,4,合格,0,合格,合格,3.6163680075298897e-12,2.872410473119038e-11,2.510773672366049e-11,1.0043122958703915e-10,合格,合格,1.229722527043624e-16,1.229722527043624e-16,0,2.5848776904018471e-95,451.71711618253272,0.28381832533034412
rand,6,D,0,合格,0,合格,合格,7.2745405598736228e-11,1.4058904719794885e-10,2.1333445279668509e-10,1.4222291433857334e-10,合格,合格,1.3551002438496887e-12,3.3877506096242217e-13,1.0163251828872665e-12,3.6605032104989227e-95,0.10360619555892565,34.879664752231037
rand,6,D,1,合格,0,合格,合格,1.2647806896782123e-10,4.7632731293577386e-10,6.0280538190359509e-10,4.8224434562756011e-10,合格,合格,1.0329513050702343e-21,1.0329513050702343e-21,0,1.2411902706565952e-94,0.10360619555892565,34.879664752231037
rand,6,D,2,合格,0,合格,合格,1.4621635930790802e-10,5.921453122043575e-10,4.4592895289644949e-10,1.7837160804251955e-09,合格,合格,5.8733931040706664e-16,5.8733931040706664e-16,0,4.59089062362444e-94,0.10360619555892565,34.879664752231037
rand,6,D,3,合格,0,合格,合格,2.0819520375113049e-09,2.6682061424957447e-10,1.8151314232617304e-09,7.2605257855916452e-09,合格,合格,1.4399416633903929e-16,1.4399416633903929e-16,0,1.8686987305575298e-93,0.10360619555892565,34.879664752231037
rand,6,D,4,合格,0,合格,合格,4.7894822762946122e-11,6.9497726835572371e-11,1.1739254959851849e-10,2.3478478452384744e-10,合格,合格,0,0,0,6.0428409973367337e-95,0.10360619555892565,34.879664752231037
rand,6,K,0,合格,0,合格,合格,2.435047918208532e-11,2.0075580317936217e-10,1.7640532399727685e-10,3.5281065496957709e-10,合格,合格,8.4119812785206243e-13,2.1060134918318257e-13,6.3059677866887985e-13,9.0805658231691635e-95,0.10360619555892565,34.879664752231037
rand,6,K,1,合格,0,合格,合格,2.2534739523627864e-10,1.0671005309768505e-09,1.2924479262131292e-09,8.6163185096008137e-10,合格,合格,5.0474662980647647e-21,5.0474662980647647e-21,0,2.2176497868684762e-94,0.10360619555892565,34.879664752231037
rand,6,K,2,合格,0,合格,合格,1.9121236125841113e-11,4.6057564396972779e-10,4.796968800955689e-10,1.9187875169033322e-09,合格,合格,4.2937550245904383e-16,4.2937550245904383e-16,0,4.9385346226061307e-94,0.10360619555892565,34.879664752231037
rand,6,K,3,合格,0,合格,解像しない,4.701303362448657e-11,4.701303362448657e-11,6.9396492258603244e-13,1.1369920117419747e-08,合格,合格,9.0228667458833691e-19,9.0228667458833691e-19,0,2.926365929603462e-93,0.10360619555892565,34.879664752231037
rand,6,K,4,合格,0,合格,合格,1.4502149034406417e-11,1.258780534346324e-10,1.4038020246903882e-10,2.8076015915443221e-10,合格,合格,2.027648700316884e-16,2.027648700316884e-16,0,7.226145440378246e-95,0.10360619555892565,34.879664752231037
rand,7,D,0,合格,0,合格,合格,5.4797281129867307e-10,7.9846985850378801e-11,4.6812582544829428e-10,9.362516854623767e-10,合格,合格,3.7745808797946595e-12,9.4368358106984661e-13,2.8308972987248131e-12,2.4097047345770455e-94,622.2553565412926,6.4900164745272377
rand,7,D,1,合格,0,合格,合格,5.3126360223497636e-11,9.7960384094541879e-10,1.0327302011689165e-09,1.0327301600402993e-09,合格,合格,1.2549276996730217e-16,1.2549276996730217e-16,0,2.6580189865939874e-94,622.2553565412926,6.4900164745272377
rand,7,D,2,合格,0,合格,合格,2.6938119824860519e-10,1.1171842545027372e-10,1.5766277279833147e-10,6.306508450776148e-10,合格,合格,4.8454099124265827e-20,4.8454099124265827e-20,0,1.6231557719418511e-94,622.2553565412926,6.4900164745272377
rand,7,D,3,合格,0,合格,合格,1.7849903249195545e-10,8.1738731658072743e-11,9.6760300833882704e-11,3.8704108860117036e-10,合格,合格,2.9300659636432727e-16,2.9300659636432727e-16,0,9.9615814653246115e-95,622.2553565412926,6.4900164745272377
rand,7,D,4,合格,0,合格,合格,4.4323748417803674e-11,1.5710183413886837e-10,2.0142558255667205e-10,1.6114050126459127e-10,合格,合格,1.4009212812605859e-16,1.4009212812605859e-16,0,4.1474000512761465e-95,622.2553565412926,6.4900164745272377
rand,7,K,0,合格,0,合格,合格,3.231405485222498e-10,6.7030179606506595e-10,9.934423445873157e-10,3.9737695308957484e-10,合格,合格,2.0588315126304608e-12,5.1536284182733041e-13,1.5434686708031305e-12,1.0227603753779609e-94,622.2553565412926,6.4900164745272377
rand,7,K,1,合格,0,解像しない,解像しない,2.6363205592398801e-08,1.8588397878364396e-07,1.5952077319124515e-07,1.2761661854997541e-07,合格,合格,1.9193771484726209e-16,1.9193771484726209e-16,0,3.2845694667958618e-92,622.2553565412926,6.4900164745272377
rand,7,K,2,合格,0,合格,合格,2.2464202525655018e-10,8.9416474484748287e-10,1.1188067701040329e-09,1.4917422506582643e-09,合格,合格,8.1603015756019242e-20,8.1603015756019242e-20,0,3.8394145719530335e-94,622.2553565412926,6.4900164745272377
rand,7,K,3,合格,0,合格,合格,5.7432921967145855e-11,5.0032414703968957e-11,1.0746533667111481e-10,1.4328731223415604e-10,合格,合格,3.9622027819058082e-22,3.9622027819058082e-22,0,3.6878984578270254e-95,622.2553565412926,6.4900164745272377
rand,7,K,4,合格,0,合格,合格,1.5054991836359776e-10,2.1462507295688133e-11,1.7201242565928588e-10,9.8292846854784449e-11,合格,合格,0,0,0,2.5298404490888218e-95,622.2553565412926,6.4900164745272377
rand,8,D,0,合格,0,合格,合格,2.1432009457826186e-10,5.3359955410542896e-10,3.192794595271671e-10,6.3855897312560129e-10,合格,合格,2.0797672269832291e-12,5.1953261854532531e-13,1.560234608437904e-12,1.6435095442178e-94,553.29257165236129,38520.52647752285
rand,8,D,1,合格,0,合格,合格,5.7251590362600519e-10,1.6344986731355932e-10,7.3596577093956454e-10,2.9438631098103504e-09,合格,合格,1.9210795584223667e-16,1.9210795584223667e-16,0,7.5768524466296114e-94,553.29257165236129,38520.52647752285
rand,8,D,2,合格,0,合格,合格,1.6385787725047021e-10,1.6385787725047021e-10,3.9702897866131696e-13,1.6262305301838446e-09,合格,合格,6.1067114601259558e-16,6.1067114601259558e-16,0,4.1855576539362328e-94,553.29257165236129,38520.52647752285
rand,8,D,3,合格,0,合格,合格,3.635561602997948e-10,9.5125953457549109e-10,1.3148156948752859e-09,1.7530876344924404e-09,合格,合格,2.4346718743394069e-16,2.4346718743394069e-16,0,4.5120597789670578e-94,553.29257165236129,38520.52647752285
rand,8,D,4,合格,0,合格,解像しない,8.4233143065215559e-10,8.4233143065215559e-10,0,2.439306693317723e-08,合格,合格,2.1911280979182995e-16,2.1911280979182995e-16,0,6.2782358411139034e-93,553.29257165236129,38520.52647752285
rand,8,K,0,合格,0,合格,合格,1.6008610524343864e-10,9.5244746488920015e-11,2.5533085173235862e-10,1.4590338564492645e-10,合格,合格,1.9575140178964905e-12,4.8930461371397255e-13,1.4682094041825179e-12,3.7552304005281091e-95,553.29257165236129,38520.52647752285
rand,8,K,1,合格,0,解像しない,解像しない,1.7273885401606652e-08,1.0665759503181477e-07,1.2393148043342143e-07,4.9572592170573608e-07,合格,合格,1.2107688320666264e-16,1.2107688320666264e-16,0,1.2758888652861978e-91,553.29257165236129,38520.52647752285
rand,8,K,2,合格,0,合格,合格,1.659691973827619e-10,9.4794140010779316e-11,2.607633373935412e-10,2.0861073556877506e-10,合格,合格,8.2895511879510179e-20,8.2895511879510179e-20,0,5.3691788756077807e-95,553.29257165236129,38520.52647752285
rand,8,K,3,合格,0,合格,合格,6.1117019287575954e-11,6.1117019287575954e-11,1.2618517582803102e-13,5.1685447429096209e-10,合格,合格,3.3085138996070382e-16,3.3085138996070382e-16,0,1.3302690858934751e-94,553.29257165236129,38520.52647752285
rand,8,K,4,合格,0,合格,合格,3.7180132077852868e-10,1.6535466910736481e-09,2.0253480118521768e-09,8.1013922096951608e-09,合格,合格,0,0,0,2.0851191477136745e-93,553.29257165236129,38520.52647752285
rand,9,D,0,合格,0,合格,合格,1.7218820028918955e-10,1.7218820028918955e-10,6.9322390550998353e-13,2.8394459207103349e-09,合格,合格,1.9476191124145888e-12,4.8729960133122928e-13,1.4603195110833598e-12,7.3081056995182598e-94,483.46814007685151,181972.88418737409
rand,9,D,1,合格,0,合格,解像しない,1.8670559348836868e-08,3.3065061680060192e-09,2.1977065516842884e-08,8.7908262162964672e-08,合格,合格,5.3565445619450482e-18,5.3565445619450482e-18,0,2.2625642103695698e-92,483.46814007685151,181972.88418737409
rand,9,D,2,合格,0,合格,合格,6.5096370123041962e-10,1.6708253928959772e-09,2.3217890941263967e-09,4.6435782908602238e-09,合格,合格,2.3798245854755335e-20,2.3798245854755335e-20,0,1.1951543336703262e-93,483.46814007685151,181972.88418737409
rand,9,D,3,合格,0,合格,合格,9.3247499867768141e-10,1.0057367943791428e-09,1.9382117930568244e-09,3.876423424155815e-09,合格,合格,5.0819898100112241e-16,5.0819898100112241e-16,0,9.9770564085024549e-94,483.46814007685151,181972.88418737409
rand,9,D,4,合格,0,合格,合格,2.9592108654040647e-10,1.9816918988382904e-09,2.2776129853786964e-09,9.1104518563793007e-09,合格,合格,1.3860472437489763e-16,1.3860472437489763e-16,0,2.3448287798394181e-93,483.46814007685151,181972.88418737409
rand,9,K,0,合格,0,合格,合格,2.1813753956306422e-11,2.1813753956306422e-11,2.0679965612922573e-14,1.6941024295277251e-10,合格,合格,1.7306777822515677e-12,4.3283399620013348e-13,1.2978437860514343e-12,4.3602449092258341e-95,483.46814007685151,181972.88418737409
rand,9,K,1,合格,0,合格,合格,6.0962864555998138e-10,6.0962864555998138e-10,1.007902532819113e-12,8.2567375451820855e-09,合格,合格,1.1204188683933247e-16,1.1204188683933247e-16,0,2.1251016007473833e-93,483.46814007685151,181972.88418737409
rand,9,K,2,合格,0,合格,合格,3.8413675665039398e-11,6.5660827258359759e-11,1.0407450292339916e-10,4.1629826423891755e-10,合格,合格,5.8429469028827469e-20,5.8429469028827469e-20,0,1.0714596447827035e-94,483.46814007685151,181972.88418737409
rand,9,K,3,合格,0,合格,合格,9.3028226799063552e-11,2.4505422556417626e-10,1.5202599876511272e-10,3.0405182430383018e-10,合格,合格,1.7563199232563156e-16,1.7563199232563156e-16,0,7.8256213789339036e-95,483.46814007685151,181972.88418737409
rand,9,K,4,合格,0,合格,解像しない,5.1648161833906614e-10,2.2404444707688487e-09,2.7569260891079151e-09,1.102770425887836e-08,合格,合格,0,0,0,2.8382871376099103e-93,483.46814007685151,181972.88418737409
rand,10,D,0,合格,0,合格,合格,5.2087947079881273e-11,1.8415187506481975e-11,7.0503134586363251e-11,9.4004182976552069e-11,合格,合格,1.8577330978875311e-12,4.6439306031702336e-13,1.3933400375705079e-12,2.4194597276134594e-95,2.9471701349366426,110.56247725250167
rand,10,D,1,合格,0,合格,合格,4.909678222051735e-11,9.6823942508108651e-11,1.45920724728626e-10,2.9184144504431654e-10,合格,合格,9.5189123980378464e-21,9.5189123980378464e-21,0,7.5113532267959413e-95,2.9471701349366426,110.56247725250167
rand,10,D,2,合格,0,合格,合格,9.7052138224450897e-12,3.2113435903676916e-10,3.1142914521432409e-10,3.1142906580317454e-10,合格,合格,1.757649604731349e-16,1.757649604731349e-16,0,8.0154952562803464e-95,2.9471701349366426,110.56247725250167
rand,10,D,3,合格,0,合格,合格,6.9783040271561457e-11,3.2402896990779684e-10,3.9381201017935831e-10,2.6254124340769114e-10,合格,合格,1.6084897329341434e-16,1.6084897329341434e-16,0,6.7572308502581683e-95,2.9471701349366426,110.56247725250167
rand,10,D,4,合格,0,合格,合格,9.1637536076113252e-10,3.5290205339394708e-09,2.6126451731783384e-09,5.2252901161864666e-09,合格,合格,2.0664491787563416e-16,2.0664491787563416e-16,0,1.3448740897373962e-93,2.9471701349366426,110.56247725250167
rand,10,K,0,合格,0,合格,合格,5.3654546587144435e-11,5.3654546587144435e-11,3.9424394498396175e-14,3.2296463325002591e-10,合格,合格,2.3747513599603472e-12,5.936234556673463e-13,1.7811279042930008e-12,8.3123952450796469e-95,2.9471701349366426,110.56247725250167
rand,10,K,1,合格,0,合格,合格,7.121475772521869e-11,1.503771158633893e-10,2.2159187358860799e-10,4.4318390814261557e-10,合格,合格,2.1766267298621732e-20,2.1766267298621732e-20,0,1.1406573449448113e-94,2.9471701349366426,110.56247725250167
rand,10,K,2,合格,0,合格,解像しない,1.098067487115156e-08,2.0923427027832079e-08,9.9427521566805204e-09,3.9771008830101667e-08,合格,合格,1.5387692948749674e-15,1.5387692948749674e-15,0,1.0236177917209491e-92,2.9471701349366426,110.56247725250167
rand,10,K,3,合格,0,合格,合格,1.4030615519726496e-10,5.2219692694496236e-10,3.8189077174769737e-10,1.5275628355272339e-09,合格,合格,2.0433133602840556e-16,2.0433133602840556e-16,0,3.9316088337037577e-94,2.9471701349366426,110.56247725250167
rand,10,K,4,合格,0,合格,合格,6.9122222222185087e-11,3.0532794680445446e-09,3.1224016902667295e-09,6.2448032508017878e-09,合格,合格,1.252624904582573e-16,1.252624904582573e-16,0,1.6072742184199681e-93,2.9471701349366426,110.56247725250167
rand,11,D,0,合格,0,合格,合格,1.7178640464885859e-10,1.8360573380034655e-10,1.1819329151487946e-11,1.1819409387219238e-11,合格,合格,8.0574207759579227e-12,2.0137375967384415e-12,6.0436831792194816e-12,3.0420545247105027e-96,509.2687350485192,304.78655505845813
rand,11,D,1,合格,0,合格,合格,1.124130706332572e-11,2.3978475113456278e-10,2.2854344407123704e-10,5.9749909349836349e-12,合格,合格,1.4573879593705689e-22,1.4573879593705689e-22,0,1.5378304967188842e-96,509.2687350485192,304.78655505845813
rand,11,D,2,合格,0,合格,合格,9.0397878131508918e-11,1.8079490886235416e-10,9.0397030730845243e-11,5.0927886327855105e-12,合格,合格,5.3876283243222366e-22,5.3876283243222366e-22,0,1.3107711389125781e-96,509.2687350485192,304.78655505845813
rand,11,D,3,合格,0,合格,合格,1.445187484019464e-10,2.289960868611831e-10,8.4477338459236695e-11,4.3321724160267543e-12,合格,合格,3.9874096757567485e-21,3.9874096757567485e-21,0,1.1150053499501283e-96,509.2687350485192,304.78655505845813
rand,11,D,4,合格,0,合格,合格,1.0973082151910307e-10,7.6563903253087065e-11,1.8629472477219013e-10,1.9609964736684987e-12,合格,合格,0,0,0,5.0471711404761612e-97,509.2687350485192,304.78655505845813
rand,11,K,0,合格,0,合格,合格,2.5049269194292468e-11,3.4217348973108669e-10,3.1712422053679422e-10,5.53928669066278e-12,合格,合格,6.1850294587838471e-13,1.5457567957854093e-13,4.6392726629984373e-13,1.4256898622380218e-96,509.2687350485192,304.78655505845813
rand,11,K,1,合格,0,合格,合格,3.7052893709247677e-09,1.0326844371046302e-08,6.6215550001215353e-09,3.1911108509456558e-10,合格,合格,2.9854716164992658e-20,2.9854716164992658e-20,0,8.2132134398095454e-95,509.2687350485192,304.78655505845813
rand,11,K,2,合格,0,解像しない,解像しない,9.8687571959386342e-07,1.6317918457664263e-06,2.6186675653602897e-06,1.4348863371592063e-07,合格,合格,3.9815484076121418e-16,3.9815484076121418e-16,0,3.6930800274339266e-92,509.2687350485192,304.78655505845813
rand,11,K,3,合格,0,合格,合格,1.4785372261407291e-10,4.4778605849158325e-10,2.9993233587751034e-10,1.4630845616852983e-11,合格,合格,6.6566900955941334e-21,6.6566900955941334e-21,0,3.765656019768331e-96,509.2687350485192,304.78655505845813
rand,11,K,4,合格,0,合格,合格,1.5423943064092699e-12,7.3853061509891641e-11,7.5395455816300912e-11,3.9681887056492493e-12,合格,合格,0,0,0,1.0213239944103054e-96,509.2687350485192,304.78655505845813
rand,12,D,0,合格,0,合格,合格,2.0333819819392458e-11,7.012262384467783e-11,4.9788804025285378e-11,9.9577729012389713e-11,合格,合格,1.0856126545785996e-12,2.7145262658681223e-13,8.1416002799178732e-13,2.562910473598587e-95,0.3929372272693471,3.7687556189927447
rand,12,D,1,合格,0,合格,合格,5.7391383921075033e-11,1.0806870058784426e-09,1.0232956219573675e-09,1.0232956787085529e-09,合格,合格,4.0826166758723125e-16,4.0826166758723125e-16,0,2.6337367186030245e-94,0.3929372272693471,3.7687556189927447
rand,12,D,2,合格,0,合格,合格,7.6928809507557239e-11,7.9167501020890054e-10,8.6860381971645772e-10,1.1581383645375564e-09,合格,合格,1.9289674259314857e-15,1.9289674259314857e-15,0,2.9807919640146945e-94,0.3929372272693471,3.7687556189927447
rand,12,D,3,合格,0,合格,合格,1.5404880325174719e-09,6.7373888305092827e-10,2.2142269155684002e-09,4.4284536495976443e-09,合格,合格,2.2493577599563586e-15,2.2493577599563586e-15,0,1.1397860096796873e-93,0.3929372272693471,3.7687556189927447
rand,12,D,4,合格,0,合格,合格,8.8802345925746339e-11,1.5149115277308872e-10,6.2688806847342391e-11,1.2537763167032023e-10,合格,合格,1.780901656430356e-16,1.780901656430356e-16,0,3.2269428972704199e-95,0.3929372272693471,3.7687556189927447
rand,12,K,0,合格,0,合格,合格,1.4195186019914316e-10,2.3185363751985376e-10,3.7380549771899692e-10,2.492036195301482e-10,合格,合格,7.0453157286292459e-13,1.7613289321573115e-13,5.2839867964719347e-13,6.4139499151765875e-95,0.3929372272693471,3.7687556189927447
rand,12,K,1,合格,0,合格,合格,1.6139204266819456e-10,7.5544501401407654e-10,5.9405297134588203e-10,7.9207070434617636e-10,合格,合格,2.8246156682574651e-16,2.8246156682574651e-16,0,2.0386147827762237e-94,0.3929372272693471,3.7687556189927447
rand,12,K,2,合格,0,合格,合格,1.5069647171702655e-11,2.0413345125367562e-10,2.1920309842537827e-10,8.7681232189885978e-10,合格,合格,1.2402083114586288e-16,1.2402083114586288e-16,0,2.25672096106478e-94,0.3929372272693471,3.7687556189927447
rand,12,K,3,合格,0,合格,解像しない,1.356735994887515e-08,2.8341046040718849e-08,4.1908405989593999e-08,8.3816812021027469e-08,合格,合格,4.2229369609488089e-16,4.2229369609488089e-16,0,2.1572593342192753e-92,0.3929372272693471,3.7687556189927447
rand,12,K,4,合格,0,合格,合格,3.1612014384919232e-11,7.0650817158426926e-11,3.9038802773507695e-11,1.5615580627970601e-10,合格,合格,0,0,0,4.0191050287729998e-95,0.3929372272693471,3.7687556189927447
rand,13,D,0,合格,0,合格,合格,7.3920006572835982e-11,1.594838834954649e-10,2.3340389006830087e-10,5.3046351895658573e-12,合格,合格,1.503443887601147e-12,3.7578788985247415e-13,1.1276559977486728e-12,1.3652957564704452e-96,4116.6881263359955,3632.8382749545135
rand,13,D,1,合格,0,合格,合格,2.3751592527811448e-10,4.8782914083738694e-10,7.2534506611550136e-10,2.2667033862041332e-11,合格,合格,4.390000439490248e-16,4.390000439490248e-16,0,5.8339931093639833e-96,4116.6881263359955,3632.8382749545135
rand,13,D,2,合格,0,合格,合格,7.8209068350817086e-10,2.300232995487959e-09,1.518142311979788e-09,3.795355785502169e-10,合格,合格,6.8082198722402946e-16,6.8082198722402946e-16,0,9.7684062391965412e-95,4116.6881263359955,3632.8382749545135
rand,13,D,3,合格,0,合格,合格,2.3248930370759534e-11,2.321243606829897e-10,2.0887543031223017e-10,2.6109427070846297e-11,合格,合格,3.4138730084716207e-16,3.4138730084716207e-16,0,6.7199889737598432e-96,4116.6881263359955,3632.8382749545135
rand,13,D,4,合格,0,合格,合格,7.2437681482370926e-11,2.3685373270625557e-10,3.0929141418862652e-10,9.6653560504388582e-12,合格,合格,1.2215831421926959e-16,1.2215831421926959e-16,0,2.4876488446173639e-96,4116.6881263359955,3632.8382749545135
rand,13,K,0,合格,0,合格,合格,1.4015246168264871e-10,7.1218217238389173e-11,6.8934244444259522e-11,5.7445261548187485e-12,合格,合格,1.2168600776021444e-12,3.0405225052980281e-13,9.1280782707234167e-13,1.4785139603067421e-96,4116.6881263359955,3632.8382749545135
rand,13,K,1,合格,0,合格,合格,6.9371214541021884e-10,1.5498912151078549e-09,2.2436033605180736e-09,9.3483473680207399e-11,合格,合格,1.9591606608167351e-16,1.9591606608167351e-16,0,2.4060578221619316e-95,4116.6881263359955,3632.8382749545135
rand,13,K,2,合格,0,合格,合格,1.1425549659903253e-11,3.1129823860775625e-10,3.227237882676595e-10,2.6893650195657842e-11,合格,合格,2.7247480259710852e-16,2.7247480259710852e-16,0,6.9218306586578433e-96,4116.6881263359955,3632.8382749545135
rand,13,K,3,合格,0,合格,合格,1.4951035343184505e-08,2.2836476302467441e-08,3.778751164565195e-08,4.7234389457314441e-09,合格,合格,1.7997125691742162e-15,1.7997125691742162e-15,0,1.215708699674438e-93,4116.6881263359955,3632.8382749545135
rand,13,K,4,合格,0,合格,合格,2.9838579448644228e-11,9.6733796632866069e-11,1.2657237608151031e-10,7.910773086896201e-12,合格,合格,2.1099264212023922e-16,2.1099264212023922e-16,0,2.0360580021005983e-96,4116.6881263359955,3632.8382749545135
rand,14,D,0,合格,0,合格,合格,3.6583307172495961e-11,3.0165776080140239e-11,6.6749083252636194e-11,2.6699597892944263e-10,合格,合格,2.0276442011933583e-12,5.0699191025212774e-13,1.5206522909412304e-12,6.8718858884784916e-95,0.13525956012403795,4318.9601136663205
rand,14,D,1,合格,0,合格,合格,1.2106770394561217e-10,2.9031048341028195e-10,4.1137818735589415e-10,4.1137814500864899e-10,合格,合格,3.5483815712086911e-16,3.5483815712086911e-16,0,1.0587963462402752e-94,0.13525956012403795,4318.9601136663205
rand,14,D,2,合格,0,合格,合格,7.8268558462985218e-10,2.435586596148871e-10,1.0262442442447394e-09,4.1049768447535899e-09,合格,合格,1.5774923046300205e-16,1.5774923046300205e-16,0,1.0565302355900932e-93,0.13525956012403795,4318.9601136663205
rand,14,D,3,合格,0,合格,合格,8.0921955772149644e-11,1.0147994232352725e-09,9.3387746746312287e-10,9.3387753420365272e-10,合格,合格,5.6332703607693642e-19,5.6332703607693642e-19,0,2.4035941944118506e-94,0.13525956012403795,4318.9601136663205
rand,14,D,4,合格,0,解像しない,解像しない,1.1780489485606184e-06,3.4442171073127863e-06,2.2661681587521677e-06,9.0646726353169264e-06,合格,合格,0,0,0,2.3330462209984402e-90,0.13525956012403795,4318.9601136663205
rand,14,K,0,合格,0,合格,合格,1.716061107197586e-11,4.6592906896499002e-11,2.9432295824523142e-11,1.17729551336985e-10,合格,合格,1.9880103168111259e-12,4.9704924173016879e-13,1.490961075080957e-12,3.0300982274468154e-95,0.13525956012403795,4318.9601136663205
rand,14,K,1,合格,0,合格,合格,1.3561713547626171e-11,2.084765339071425e-10,2.2203824745476867e-10,2.9605092155534609e-10,合格,合格,1.8143003314594405e-16,1.8143003314594405e-16,0,7.6196958406061293e-95,0.13525956012403795,4318.9601136663205
rand,14,K,2,合格,0,合格,合格,9.3648687317727614e-11,9.3648687317727614e-11,3.3401295347509318e-13,6.8405796733781243e-10,合格,合格,1.3363378737264674e-16,1.3363378737264674e-16,0,1.7606138907029147e-94,0.13525956012403795,4318.9601136663205
rand,14,K,3,合格,0,合格,合格,1.1851746060599106e-11,2.6179517953250616e-10,2.7364692559310528e-10,2.7364698086645408e-10,合格,合格,2.0950955577434826e-16,2.0950955577434826e-16,0,7.0430679659706411e-95,0.13525956012403795,4318.9601136663205
rand,14,K,4,合格,0,解像しない,解像しない,1.4427649033182941e-06,7.8317563819385466e-06,6.3889914786202534e-06,2.5555965914300413e-05,合格,合格,1.1669537087154585e-16,1.1669537087154585e-16,0,6.5775403149171672e-90,0.13525956012403795,4318.9601136663205
rand,15,D,0,合格,0,合格,合格,7.5133040464318179e-11,2.7188219033947752e-11,1.0232125949826593e-10,5.1160645694956314e-11,合格,合格,1.9655043074213511e-12,4.9137607685533777e-13,1.4741282305660132e-12,1.3167618501457861e-95,26.749838940558394,140.78899050330136
rand,15,D,1,合格,0,合格,合格,3.3749146010480674e-11,3.3749146010480674e-11,1.4270532771685469e-13,1.4613024652326478e-10,合格,合格,8.0757295029766295e-21,8.0757295029766295e-21,0,3.7610692977083283e-95,26.749838940558394,140.78899050330136
rand,15,D,2,合格,0,合格,合格,2.7956688900428368e-11,1.9162822905803475e-10,2.1958491795846314e-10,1.0979243702692072e-10,合格,合格,1.9181524892573735e-16,1.9181524892573735e-16,0,2.8258144624205818e-95,26.749838940558394,140.78899050330136
rand,15,D,3,合格,0,合格,合格,7.0342157978264761e-11,4.3970045499885451e-10,5.1004261297711926e-10,6.8005676361697013e-10,合格,合格,2.7394870195335165e-20,2.7394870195335165e-20,0,1.7503156774128e-94,26.749838940558394,140.78899050330136
rand,15,D,4,合格,0,合格,合格,9.0566953346210871e-11,9.0566953346210871e-11,0,4.7069836593258213e-10,合格,合格,0,0,0,1.2114734729532313e-94,26.749838940558394,140.78899050330136
rand,15,K,0,合格,0,合格,合格,6.4251688517779679e-11,6.9338266971829955e-11,1.3358995548960963e-10,6.6794939470436921e-11,合格,合格,1.8490734622461528e-12,4.6208765079783161e-13,1.3869858114483212e-12,1.7191539880455259e-95,26.749838940558394,140.78899050330136
rand,15,K,1,合格,0,合格,合格,3.6406076647433041e-11,1.5032154225573481e-10,1.8672761890316785e-10,9.3363816104208867e-11,合格,合格,1.8869705001416568e-16,1.8869705001416568e-16,0,2.4029781008445887e-95,26.749838940558394,140.78899050330136
rand,15,K,2,合格,0,合格,合格,9.9154604532703303e-11,1.7217253109752101e-10,7.3017926564817704e-11,2.9207201695189591e-10,合格,合格,3.0983780605867522e-16,3.0983780605867522e-16,0,7.5172876376598329e-95,26.749838940558394,140.78899050330136
rand,15,K,3,合格,0,合格,解像しない,7.2601527756467564e-09,6.1160544892090279e-10,7.8717582245676595e-09,3.1487033422749336e-08,合格,合格,1.2604689185378782e-15,1.2604689185378782e-15,0,8.1040658932553417e-93,26.749838940558394,140.78899050330136
rand,15,K,4,合格,0,合格,合格,3.5013144755133281e-10,2.7111436610006172e-10,6.2124581365139458e-10,1.2424918195191154e-09,合格,合格,0,0,0,3.1978990977087815e-94,26.749838940558394,140.78899050330136
rand,16,D,0,合格,0,合格,合格,9.689683524592029e-11,1.2400740162281043e-10,2.7110566376890142e-11,1.0844170765995562e-10,合格,合格,8.4963879285772225e-13,2.1246106694434941e-13,6.3717772591337291e-13,2.7910496763993892e-95,1768.5912204286492,5.526553079790574
rand,16,D,1,合格,0,合格,合格,1.0514565930239934e-09,6.9337624422944286e-10,1.7448328372534362e-09,2.3264436689607366e-09,合格,合格,3.3519653807529327e-22,3.3519653807529327e-22,0,5.9877513823143431e-94,1768.5912204286492,5.526553079790574
rand,16,D,2,合格,0,合格,合格,2.2568225464843695e-09,5.6048526142750208e-11,2.2007740203416191e-09,1.4671826821362798e-09,合格,合格,5.2857002153027433e-22,5.2857002153027433e-22,0,3.7762036752833329e-94,1768.5912204286492,5.526553079790574
rand,16,D,3,合格,0,合格,合格,2.6771256167693909e-09,4.5637645407865602e-09,7.2408901575559515e-09,3.620445049772347e-09,合格,合格,2.189938890540334e-16,2.189938890540334e-16,0,9.3182246966038002e-94,1768.5912204286492,5.526553079790574
rand,16,D,4,合格,0,合格,合格,9.8664142313288012e-11,9.8664142313288012e-11,0,9.4258059710370939e-11,合格,合格,0,0,0,2.4259939531532528e-95,1768.5912204286492,5.526553079790574
rand,16,K,0,合格,0,合格,合格,1.1450044785649543e-10,1.1964582353129689e-10,2.3414627138779229e-10,3.1219505459099022e-10,合格,合格,7.7075817600353022e-13,1.9298070378329549e-13,5.7777747222023476e-13,8.0352101132711865e-95,1768.5912204286492,5.526553079790574
rand,16,K,1,合格,0,合格,合格,1.2518382665212908e-10,1.3833512000787244e-10,2.6351894666000155e-10,5.2703784706248727e-10,合格,合格,1.9115337322761069e-21,1.9115337322761069e-21,0,1.3564788347916983e-94,1768.5912204286492,5.526553079790574
rand,16,K,2,合格,0,合格,合格,5.4872146740775709e-11,5.4872146740775709e-11,2.1870769813638192e-15,2.8666457647631032e-10,合格,合格,1.8492530732317257e-16,1.8492530732317257e-16,0,7.3781120813613469e-95,1768.5912204286492,5.526553079790574
rand,16,K,3,合格,0,合格,合格,1.4702929396811094e-09,5.5563664860614595e-09,7.0266594257425692e-09,3.5133296994836795e-09,合格,合格,6.172503494608033e-22,6.172503494608033e-22,0,9.0425334794403217e-94,1768.5912204286492,5.526553079790574
rand,16,K,4,合格,0,合格,合格,1.1147050515806378e-10,1.7026559141739626e-10,2.8173609657546001e-10,1.1269446282953826e-10,合格,合格,0,0,0,2.9005061871460618e-95,1768.5912204286492,5.526553079790574
rand,17,D,0,合格,0,合格,合格,6.2749533836050055e-11,2.0045928775372966e-11,4.2703605060677096e-11,1.7081380249147537e-10,合格,合格,1.9679886768647866e-12,4.9194318071962954e-13,1.4760454961451572e-12,4.3963694270044348e-95,4.0394061784049837,8854.1322086221353
rand,17,D,1,合格,0,合格,合格,8.8558600621106159e-12,8.8558600621106159e-12,8.8188216732361343e-14,3.6121895979619887e-10,合格,合格,1.5624188542247612e-20,1.5624188542247612e-20,0,9.2969769897933515e-95,4.0394061784049837,8854.1322086221353
rand,17,D,2,合格,0,合格,合格,4.4115627076629205e-11,4.4115627076629205e-11,1.1914230869959345e-13,9.7601380767893703e-10,合格,合格,1.357959628913654e-16,1.357959628913654e-16,0,2.5120436415716507e-94,4.0394061784049837,8854.1322086221353
rand,17,D,3,合格,0,合格,合格,6.19088066314188e-11,1.836527178623858e-10,1.21743911230967e-10,4.8697554512594757e-10,合格,合格,1.5052026464238302e-19,1.5052026464238302e-19,0,1.253367331599201e-94,4.0394061784049837,8854.1322086221353
rand,17,D,4,合格,0,合格,解像しない,9.5751358674836129e-09,9.5751358674836129e-09,0,1.2727497778735201e-07,合格,合格,0,0,0,3.2757763892932933e-92,4.0394061784049837,8854.1322086221353
rand,17,K,0,合格,0,合格,合格,9.0733419065235013e-11,1.6217709471335068e-10,2.529105137785857e-10,1.0116420630129048e-09,合格,合格,2.1730090398116674e-12,5.4325225995291685e-13,1.6297567798587507e-12,2.603742889643586e-94,4.0394061784049837,8854.1322086221353
rand,17,K,1,合格,0,合格,解像しない,4.910806476190085e-10,7.6755938540745618e-09,7.1845132064555539e-09,2.8738052842197536e-08,合格,合格,1.1848468918173785e-16,1.1848468918173785e-16,0,7.3965391007193594e-93,4.0394061784049837,8854.1322086221353
rand,17,K,2,合格,0,合格,合格,6.4781901003286983e-11,6.4781901003286983e-11,7.9695552117777834e-13,1.6321647509462575e-09,合格,合格,1.20915219982132e-16,1.20915219982132e-16,0,4.2008310254978016e-94,4.0394061784049837,8854.1322086221353
rand,17,K,3,合格,0,合格,合格,6.2550142441142832e-10,1.2469238671934909e-09,6.2142244278206257e-10,2.4856900377978282e-09,合格,合格,1.1545703612798927e-16,1.1545703612798927e-16,0,6.397616309565641e-94,4.0394061784049837,8854.1322086221353
rand,17,K,4,合格,0,合格,解像しない,1.3326680983251369e-08,1.3326680983251369e-08,0,1.2043895986905381e-07,合格,合格,0,0,0,3.0998324097079166e-92,4.0394061784049837,8854.1322086221353
rand,18,D,0,合格,0,合格,合格,5.9920901293117907e-11,5.208420529483324e-11,1.1200510658795114e-10,3.7335055915320338e-11,合格,合格,1.7621917368803613e-12,4.405132481375598e-13,1.3216784887428015e-12,9.6092175215060216e-96,77.43246394172948,204.00985101388531
rand,18,D,1,合格,0,合格,合格,2.5907388589370702e-11,3.3228012233549719e-10,3.0637273374612652e-10,1.0212425436154421e-10,合格,合格,2.0433144773186347e-16,2.0433144773186347e-16,0,2.6284524030376518e-95,77.43246394172948,204.00985101388531
rand,18,D,2,合格,0,合格,合格,5.3704959300254677e-10,4.3140906487483024e-10,9.6845865787737701e-10,6.4563910130101973e-10,合格,合格,1.6873192638015054e-16,1.6873192638015054e-16,0,1.6617322279796908e-94,77.43246394172948,204.00985101388531
rand,18,D,3,合格,0,合格,合格,1.6276519711965432e-10,1.6897793417302313e-10,3.3174313129267745e-10,2.6539445812356261e-10,合格,合格,2.997774157817462e-16,2.997774157817462e-16,0,6.8306662855834986e-95,77.43246394172948,204.00985101388531
rand,18,D,4,合格,0,合格,合格,8.9619999141858686e-11,8.1676719765292932e-11,1.7129671890715163e-10,8.5648291204642001e-11,合格,合格,1.8850184808765628e-16,1.8850184808765628e-16,0,2.2043975570771138e-95,77.43246394172948,204.00985101388531
rand,18,K,0,合格,0,合格,合格,5.8003461341602569e-11,1.7778671514829556e-10,2.357901764898981e-10,2.858062503404378e-11,合格,合格,1.4946017170539935e-12,3.7377931868373413e-13,1.1208223983702593e-12,7.3560206652866001e-96,77.43246394172948,204.00985101388531
rand,18,K,1,合格,0,合格,合格,8.5087830212500982e-11,6.1747133344335604e-11,2.3340696868165378e-11,4.6681293011457761e-11,合格,合格,1.5863348784910136e-16,1.5863348784910136e-16,0,1.2014732206365513e-95,77.43246394172948,204.00985101388531
rand,18,K,2,合格,0,合格,合格,6.1565737928970201e-10,3.8215391803822093e-10,9.9781129732792299e-10,9.9781136922842784e-10,合格,合格,3.9131258918817005e-16,3.9131258918817005e-16,0,2.5681457432646397e-94,77.43246394172948,204.00985101388531
rand,18,K,3,合格,0,合格,合格,2.1318110125665607e-10,3.8147727300782724e-09,4.0279538313349283e-09,5.3706052394677827e-09,合格,合格,1.5008504723075302e-16,1.5008504723075302e-16,0,1.3822749880229573e-93,77.43246394172948,204.00985101388531
rand,18,K,4,合格,0,合格,合格,3.4699860641840273e-11,1.9627052053920466e-10,1.615706598973644e-10,8.0785308037318944e-11,合格,合格,0,0,0,2.0792351275250684e-95,77.43246394172948,204.00985101388531
rand,19,D,0,合格,0,合格,合格,5.0857446293540038e-11,1.0103950659422668e-10,5.0182060300686649e-11,1.0036423524351915e-10,合格,合格,1.8480176705501467e-12,4.6178953186189133e-13,1.3862281386882554e-12,2.5831534041946582e-95,0.018412778728679496,7724.8309762493627
rand,19,D,1,合格,0,合格,合格,2.0389435820103837e-11,1.4256645506426687e-10,1.2217701924416304e-10,2.4435419883722656e-10,合格,合格,1.2090581549999608e-16,1.2090581549999608e-16,0,6.289136553714727e-95,0.018412778728679496,7724.8309762493627
rand,19,D,2,合格,0,合格,合格,1.9329964811867201e-10,1.6516112438770015e-10,3.5846077250637218e-10,1.7923036566371218e-10,合格,合格,4.2976965842626208e-16,4.2976965842626208e-16,0,4.6129931451768582e-95,0.018412778728679496,7724.8309762493627
rand,19,D,3,合格,0,合格,合格,8.1520197254647947e-10,5.1085960890669015e-09,4.2933941165204221e-09,3.4347153333744254e-09,合格,合格,1.3906424465054811e-16,1.3906424465054811e-16,0,8.8401974909868673e-94,0.018412778728679496,7724.8309762493627
rand,19,D,4,合格,0,解像しない,解像しない,1.9730895683574094e-08,6.6327650847898292e-07,6.8300740416255698e-07,1.3660148085986474e-06,合格,合格,0,0,0,3.5158199476638421e-91,0.018412778728679496,7724.8309762493627
rand,19,K,0,合格,0,合格,合格,7.1406124949473554e-11,3.6951819732410913e-11,1.0835794468188447e-10,5.4178919331792157e-11,合格,合格,2.0817548085534999e-12,5.203043260211175e-13,1.5614504825323824e-12,1.3944455369777141e-95,0.018412778728679496,7724.8309762493627
rand,19,K,1,合格,0,解像しない,解像しない,1.0541080547021964e-07,1.3559092268614774e-07,2.4100172815636739e-07,1.9280138261533745e-07,合格,合格,0,0,0,4.9622811017075479e-92,0.018412778728679496,7724.8309762493627
rand,19,K,2,合格,0,合格,合格,1.8227471981433558e-10,1.9794318470545147e-09,2.1617065668688503e-09,1.4411377952690389e-09,合格,合格,4.3913735923150078e-16,4.3913735923150078e-16,0,3.7091698977531818e-94,0.018412778728679496,7724.8309762493627
rand,19,K,3,合格,0,合格,合格,1.6268898569443034e-11,4.4425635503196852e-11,2.8156736933753815e-11,5.6313656607369179e-11,合格,合格,2.0549062875854839e-16,2.0549062875854839e-16,0,1.4493889522997982e-95,0.018412778728679496,7724.8309762493627
rand,19,K,4,合格,0,合格,解像しない,3.7234178542241763e-07,3.7234178542241763e-07,0,1.6705528657647034e-06,合格,合格,0,0,0,4.2996335413873322e-91,0.018412778728679496,7724.8309762493627
rand,20,D,0,合格,0,合格,合格,1.2185035712798285e-10,1.1953393460929118e-09,1.0734889889649289e-09,4.2939559319605138e-09,合格,合格,4.7448332339704518e-12,1.18640828741509e-12,3.558424946555362e-12,1.1051692723202303e-93,0.028082737067253158,10.694101675136018
rand,20,D,1,合格,0,合格,合格,2.673403798754718e-10,1.3999080798975455e-09,1.6672484597730173e-09,3.3344969903116623e-09,合格,合格,2.0127369756548447e-16,2.0127369756548447e-16,0,8.5822576447685488e-94,0.028082737067253158,10.694101675136018
rand,20,D,2,合格,0,合格,合格,7.564281698894422e-10,7.564281698894422e-10,3.0703539413447565e-12,8.3841132586754997e-09,合格,合格,1.171674552234451e-16,1.171674552234451e-16,0,2.1578852917827298e-93,0.028082737067253158,10.694101675136018
rand,20,D,3,合格,0,合格,解像しない,7.1271407774171869e-09,7.1271407774171869e-09,1.9306843331907328e-11,7.9080830286476188e-08,合格,合格,3.453306568959703e-16,3.453306568959703e-16,0,2.0353656406129183e-92,0.028082737067253158,10.694101675136018
rand,20,D,4,合格,0,合格,解像しない,3.0655331219760606e-09,3.0655331219760606e-09,0,2.5240998771040169e-08,合格,合格,0,0,0,6.4964747394810506e-93,0.028082737067253158,10.694101675136018
rand,20,K,0,合格,0,合格,合格,3.4665334599868766e-11,4.5644224059121777e-11,8.0309558658990543e-11,1.6061915072616736e-10,合格,合格,1.8775383447981951e-12,4.6926742555734909e-13,1.4082709192408462e-12,4.1339816416719602e-95,0.028082737067253158,10.694101675136018
rand,20,K,1,合格,0,合格,合格,4.8722236930252647e-11,4.8722236930252647e-11,1.3071897930652841e-13,5.3542468418547761e-10,合格,合格,2.0331259516383876e-16,2.0331259516383876e-16,0,1.3780646983337389e-94,0.028082737067253158,10.694101675136018
rand,20,K,2,合格,0,合格,合格,2.3499089184264305e-11,1.4202347870105206e-10,1.1852438951678775e-10,4.7409794103245403e-10,合格,合格,1.8289079194209768e-16,1.8289079194209768e-16,0,1.2202232272563874e-94,0.028082737067253158,10.694101675136018
rand,20,K,3,合格,0,合格,合格,2.5198567035252219e-11,2.5198567035252219e-11,1.6904795073657884e-13,4.6161372491050451e-10,合格,合格,2.1338623441008238e-16,2.1338623441008238e-16,0,1.1880916165328372e-94,0.028082737067253158,10.694101675136018
rand,20,K,4,合格,0,合格,解像しない,2.3980929091482148e-09,6.2674240181468226e-10,3.024835310962897e-09,1.2099341344201466e-08,合格,合格,1.7628342550473988e-16,1.7628342550473988e-16,0,3.1141028181954279e-93,0.028082737067253158,10.694101675136018
rand,21,D,0,合格,0,合格,合格,1.1080723672792276e-10,1.3965857849234375e-10,2.504658152202665e-10,1.2523291726493968e-10,合格,合格,1.8421583498697596e-12,4.6047104459090064e-13,1.3816873052788591e-12,3.2232182685918101e-95,89.152629881969361,26570.741962036598
rand,21,D,1,合格,0,合格,合格,1.708865120749271e-09,5.2439321467800644e-10,2.2332583354272776e-09,8.9330337135069318e-09,合格,合格,7.119331205038567e-19,7.119331205038567e-19,0,2.2991652744468188e-93,89.152629881969361,26570.741962036598
rand,21,D,2,合格,0,合格,合格,2.2071549990202835e-11,7.7945976744549576e-11,1.0001752673475241e-10,2.0003515287312314e-10,合格,合格,1.2203733289580743e-16,1.2203733289580743e-16,0,5.1484623466622119e-95,89.152629881969361,26570.741962036598
rand,21,D,3,合格,0,合格,合格,6.4786620169842918e-11,6.4786620169842918e-11,8.6209636467129168e-14,3.5311464934089113e-10,合格,合格,4.4595131794212418e-20,4.4595131794212418e-20,0,9.0883899658352293e-95,89.152629881969361,26570.741962036598
rand,21,D,4,合格,0,合格,解像しない,3.0778614419218154e-09,3.0778614419218154e-09,0,2.374494991031624e-08,合格,合格,2.0610391305169367e-16,2.0610391305169367e-16,0,6.1114248561193277e-93,89.152629881969361,26570.741962036598
rand,21,K,0,合格,0,合格,合格,2.6543673834208491e-11,6.9420720663002762e-10,7.207508804642361e-10,1.4415014432630208e-09,合格,合格,3.7468936567137308e-12,9.366713305857623e-13,2.8102223261279684e-12,3.7101058472488399e-94,89.152629881969361,26570.741962036598
rand,21,K,1,合格,0,合格,合格,2.3670990275960943e-10,3.2474727678600599e-10,5.6145717954561541e-10,1.1229143776639099e-09,合格,合格,1.5780870595581903e-16,1.5780870595581903e-16,0,2.8901332135333139e-94,89.152629881969361,26570.741962036598
rand,21,K,2,合格,0,合格,解像しない,1.0655662698283515e-09,1.0655662698283515e-09,1.2723736391813921e-11,1.3029106802278221e-08,合格,合格,3.3035057761356055e-16,3.3035057761356055e-16,0,3.3534038802028388e-93,89.152629881969361,26570.741962036598
rand,21,K,3,合格,0,合格,合格,2.9001967107665326e-09,1.0881387608353618e-09,3.9883354716018938e-09,7.9766708772337133e-09,合格,合格,3.3687593128476842e-20,3.3687593128476842e-20,0,2.0530186356396501e-93,89.152629881969361,26570.741962036598
rand,21,K,4,合格,0,合格,解像しない,2.0790668723133225e-09,2.0790668723133225e-09,0,1.8874726591640891e-07,合格,合格,1.636955351776864e-16,1.636955351776864e-16,0,4.8579371057967546e-92,89.152629881969361,26570.741962036598
rand,22,D,0,合格,0,合格,合格,1.4278956290667771e-10,2.9479300917412512e-11,1.133102619892652e-10,1.1331031509412766e-10,合格,合格,3.3643087208024788e-13,8.415553366418936e-14,2.5227533841605855e-13,2.916356862138953e-95,1197.5931499626047,29.838348440602431
rand,22,D,1,合格,0,合格,合格,2.9101714830962331e-09,5.4187465515029887e-09,2.5085750684067552e-09,3.3447668515436245e-09,合格,合格,1.7347764649271718e-16,1.7347764649271718e-16,0,8.6086899958322342e-94,1197.5931499626047,29.838348440602431
rand,22,D,2,合格,0,合格,合格,1.6601637473677608e-10,1.0888694556838085e-10,5.7129429168395226e-11,2.2851783531633455e-10,合格,合格,2.7991969332142364e-21,2.7991969332142364e-21,0,5.8815435875570153e-95,1197.5931499626047,29.838348440602431
rand,22,D,3,合格,0,合格,合格,1.4171879209193159e-10,7.5459724013361156e-10,8.9631603222554315e-10,8.96315941117479e-10,合格,合格,6.9604629973589225e-22,6.9604629973589225e-22,0,2.306918962630229e-94,1197.5931499626047,29.838348440602431
rand,22,D,4,合格,0,合格,合格,1.8794503610272642e-11,3.232963523667444e-10,3.4209085597701703e-10,6.8418169856993072e-11,合格,合格,0,0,0,1.7609323475243871e-95,1197.5931499626047,29.838348440602431
rand,22,K,0,合格,0,合格,合格,6.6364252115768647e-09,4.4990390541703397e-09,2.1373861574065254e-09,4.2747723838635257e-09,合格,合格,7.3862038637572067e-11,1.8473887683602195e-11,5.5388150953969869e-11,1.1002318513902515e-93,1197.5931499626047,29.838348440602431
rand,22,K,1,合格,0,合格,合格,3.1256587245911521e-10,7.9745429996123252e-10,4.8488842750211732e-10,1.9395533451524009e-09,合格,合格,1.2103317409077365e-16,1.2103317409077365e-16,0,4.9919812710086723e-94,1197.5931499626047,29.838348440602431
rand,22,K,2,合格,0,合格,合格,8.3007676739932932e-12,1.0286082572856936e-10,1.1116159340256266e-10,8.8929342165586235e-11,合格,合格,1.5852670028571731e-21,1.5852670028571731e-21,0,2.2888445509543131e-95,1197.5931499626047,29.838348440602431
rand,22,K,3,合格,0,合格,合格,1.7093474326049302e-11,1.7093474326049302e-11,2.6241771516346994e-15,1.7197805965020432e-10,合格,合格,1.4457570138413713e-16,1.4457570138413713e-16,0,4.4263348308719732e-95,1197.5931499626047,29.838348440602431
rand,22,K,4,合格,0,合格,合格,6.5469612114519773e-11,8.8946005317156364e-11,1.5441561743167614e-10,5.6151097592287363e-11,合格,合格,0,0,0,1.4452050428406939e-95,1197.5931499626047,29.838348440602431
rand,23,D,0,合格,0,合格,合格,7.4256738335419607e-11,3.9481778391975381e-10,3.2056104558433417e-10,2.2107661334141536e-11,合格,合格,3.3183128182436334e-12,8.2981543024136611e-13,2.4884973880022673e-12,5.6900229942974578e-96,634.40635390973216,203.75367689565019
rand,23,D,1,合格,0,合格,合格,2.2511203055704874e-09,5.6693114473778443e-09,7.9204317529483317e-09,7.9204316875971468e-10,合格,合格,1.3037786801185696e-16,1.3037786801185696e-16,0,2.0385439122676881e-94,634.40635390973216,203.75367689565019
rand,23,D,2,合格,0,合格,合格,3.8979908852125507e-11,1.5299369669570911e-10,1.9197360554783463e-10,1.8729125214930198e-11,合格,合格,6.0479926345583444e-22,6.0479926345583444e-22,0,4.8204625322105485e-96,634.40635390973216,203.75367689565019
rand,23,D,3,合格,0,合格,合格,1.6563020206143419e-10,5.202540558587974e-11,2.1765560764731392e-10,1.9786874145467044e-11,合格,合格,4.9789868835476145e-21,4.9789868835476145e-21,0,5.0927037089673801e-96,634.40635390973216,203.75367689565019
rand,23,D,4,合格,0,合格,合格,1.3031217040896228e-11,7.035670005253482e-11,8.3387917093431047e-11,1.6677590541779047e-11,合格,合格,0,0,0,4.2924428883687475e-96,634.40635390973216,203.75367689565019
rand,23,K,0,合格,0,合格,合格,1.7658777515255197e-11,7.6516973221441861e-11,9.4175750736697051e-11,1.8835140213293513e-10,合格,合格,1.2656671457347362e-12,3.1625673747747073e-13,9.4941040825726536e-13,4.8477484476816747e-95,634.40635390973216,203.75367689565019
rand,23,K,1,合格,0,合格,合格,8.9302661193621005e-11,2.8559134744232442e-10,3.7489400863594542e-10,1.3632506604149613e-10,合格,合格,2.8534672759115792e-21,2.8534672759115792e-21,0,3.5087056416831683e-95,634.40635390973216,203.75367689565019
rand,23,K,2,合格,0,合格,合格,2.5820124032115736e-10,5.9412811295397338e-10,8.5232935327513074e-10,2.4352266225135537e-10,合格,合格,3.1241639612983539e-20,3.1241639612983539e-20,0,6.2677346413971191e-95,634.40635390973216,203.75367689565019
rand,23,K,3,合格,0,合格,合格,2.4948456855522643e-09,7.6308164303936002e-09,5.1359707448413355e-09,4.1087766089169488e-09,合格,合格,1.0622547082804793e-19,1.0622547082804793e-19,0,1.0575082108329576e-93,634.40635390973216,203.75367689565019
rand,23,K,4,合格,0,合格,合格,1.3462824456161575e-11,1.3114867464399537e-10,1.176858501878338e-10,5.8842882693175373e-11,合格,合格,0,0,0,1.5144856369671591e-95,634.40635390973216,203.75367689565019
rand,24,D,0,合格,0,合格,合格,2.9002528404556891e-12,4.3698581961534457e-11,4.0798329121078765e-11,4.0798408380762069e-11,合格,合格,2.2243890034358742e-12,5.5600311940534458e-13,1.6683858840305294e-12,1.0500607834930391e-95,3.9120229082584461,668.83930778095851
rand,24,D,1,合格,0,合格,合格,1.3060550372667845e-10,2.2650397382964161e-10,9.5898470102963173e-11,1.9179714631031316e-10,合格,合格,1.2441000965582786e-16,1.2441000965582786e-16,0,4.9364342806398122e-95,3.9120229082584461,668.83930778095851
rand,24,D,2,合格,0,合格,合格,1.2571855965650922e-10,1.2571855965650922e-10,2.8042879946964456e-13,1.4357954609581866e-10,合格,合格,1.176261179909667e-16,1.176261179909667e-16,0,3.6954199109895301e-95,3.9120229082584461,668.83930778095851
rand,24,D,3,合格,0,合格,合格,5.4341587371272231e-12,1.2739388162601292e-10,1.2195972288888572e-10,8.1306454951836185e-11,合格,合格,1.4348371497180637e-16,1.4348371497180637e-16,0,2.0926482963003238e-95,3.9120229082584461,668.83930778095851
rand,24,D,4,合格,0,合格,解像しない,5.7711376087282362e-09,2.4539837291612646e-08,3.0310974900340884e-08,3.0310974708830123e-08,合格,合格,0,0,0,7.8013743953305988e-93,3.9120229082584461,668.83930778095851
rand,24,K,0,合格,0,合格,合格,2.0306928496202594e-11,1.3550889882781773e-10,1.1520197033161513e-10,3.2914856809612826e-11,合格,合格,1.8177282393316943e-12,4.546288120597238e-13,1.3630994272719705e-12,8.4715560488287967e-96,3.9120229082584461,668.83930778095851
rand,24,K,1,合格,0,合格,合格,7.5407735184361206e-11,2.2867659757818166e-12,7.3120969208579394e-11,4.8747208829808142e-11,合格,合格,1.9086603587194862e-16,1.9086603587194862e-16,0,1.2546453238863091e-95,3.9120229082584461,668.83930778095851
rand,24,K,2,合格,0,合格,合格,4.1578141275570645e-11,8.9551721316876991e-11,4.7973580041306352e-11,9.5947087791457765e-11,合格,合格,2.8324721049363141e-16,2.8324721049363141e-16,0,2.4694657997413684e-95,3.9120229082584461,668.83930778095851
rand,24,K,3,合格,0,合格,合格,4.3365915842015313e-10,2.2161181776580848e-09,2.6497773360782379e-09,1.7665181863667252e-09,合格,合格,1.2771742675661227e-16,1.2771742675661227e-16,0,4.5466270485826671e-94,3.9120229082584461,668.83930778095851
rand,24,K,4,合格,0,合格,解像しない,2.3241327211825762e-08,2.3241327211825762e-08,0,9.011933631448036e-08,合格,合格,1.1569948702666024e-16,1.1569948702666024e-16,0,2.3194723680171256e-92,3.9120229082584461,668.83930778095851
rand,25,D,0,合格,0,合格,合格,3.1883275776261514e-11,2.4214828102794585e-10,2.7403155680420735e-10,3.6537554674311242e-10,合格,合格,1.5519854970127757e-12,3.8787440117106465e-13,1.164111095841711e-12,9.4039583432176945e-95,4.0549297848505192,3359.0855710117703
rand,25,D,1,合格,0,合格,合格,2.3690317408280467e-10,2.1975913220354952e-09,2.4344944961183e-09,3.2459926377173443e-09,合格,合格,1.1685666879732209e-16,1.1685666879732209e-16,0,8.3544670188196308e-94,4.0549297848505192,3359.0855710117703
rand,25,D,2,合格,0,合格,合格,1.8840667841183736e-10,1.8840667841183736e-10,3.7507574659896913e-13,1.5363102641807383e-09,合格,合格,3.9755918792728424e-16,3.9755918792728424e-16,0,3.9541227800805959e-94,4.0549297848505192,3359.0855710117703
rand,25,D,3,合格,0,合格,合格,1.4338348386160738e-10,3.9618943028830889e-10,2.5280594642670148e-10,5.0561200487414593e-10,合格,合格,2.5844641010401658e-16,2.5844641010401658e-16,0,1.301333456508028e-94,4.0549297848505192,3359.0855710117703
rand,25,D,4,合格,0,合格,合格,4.2954460848436628e-10,4.2954460848436628e-10,0,2.402281908436563e-09,合格,合格,0,0,0,6.1829422349071852e-94,4.0549297848505192,3359.0855710117703
rand,25,K,0,合格,0,合格,合格,1.5415260233316959e-11,1.6633578125635336e-10,1.509205210230364e-10,1.0061373526663224e-10,合格,合格,2.0202110948970701e-12,5.0519015320755456e-13,1.5150209416895156e-12,2.5895749828823994e-95,4.0549297848505192,3359.0855710117703
rand,25,K,1,合格,0,合格,合格,1.210252032299894e-10,2.3867218458197117e-10,1.1764698135198178e-10,1.5686266138927124e-10,合格,合格,1.7507582461991357e-21,1.7507582461991357e-21,0,4.0372979156924836e-95,4.0549297848505192,3359.0855710117703
rand,25,K,2,合格,0,合格,合格,6.2319677662538078e-11,4.4630336020029985e-10,5.086230378628379e-10,5.0862302071293411e-10,合格,合格,3.5434409800161901e-16,3.5434409800161901e-16,0,1.3090831452245092e-94,4.0549297848505192,3359.0855710117703
rand,25,K,3,合格,0,合格,合格,1.0769306381948723e-10,3.9832833748026502e-10,5.0602140129975232e-10,1.0120427806962608e-09,合格,合格,3.9707635573064632e-16,3.9707635573064632e-16,0,2.6047742483196826e-94,4.0549297848505192,3359.0855710117703
rand,25,K,4,合格,0,合格,合格,8.886286962041463e-11,7.3107238013767387e-10,8.1993524975808844e-10,1.6398705304978998e-09,合格,合格,0,0,0,4.2206639975047134e-94,4.0549297848505192,3359.0855710117703
rand,26,D,0,合格,0,合格,合格,8.196820239611708e-12,1.5761774492101003e-11,2.3958594731712712e-11,4.7917063934409062e-11,合格,合格,1.3018972720871628e-12,3.253920652247167e-13,9.7650520686244617e-13,1.2332792306029607e-95,2050.8944524778981,4727.9087989976397
rand,26,D,1,合格,0,合格,合格,2.3619808811279952e-10,2.3619808811279952e-10,2.4945205246576102e-13,1.0217548395519417e-09,合格,合格,5.9637397675788969e-16,5.9637397675788969e-16,0,2.6297709394556427e-94,2050.8944524778981,4727.9087989976397
rand,26,D,2,合格,0,合格,合格,1.2484500025346057e-10,5.2798473257644184e-10,4.0313973232298129e-10,3.2251186000210669e-10,合格,合格,6.7342328629409023e-16,6.7342328629409023e-16,0,8.3007418632364737e-95,2050.8944524778981,4727.9087989976397
rand,26,D,3,合格,0,合格,合格,1.7988340401908831e-10,1.7988340401908831e-10,1.2304811325834626e-13,2.5200214149804056e-10,合格,合格,3.6783704691031951e-19,3.6783704691031951e-19,0,6.485977680152174e-95,2050.8944524778981,4727.9087989976397
rand,26,D,4,合格,0,合格,合格,8.199417278260417e-11,1.2099025134640593e-10,3.8996078563801755e-11,7.7992154841833338e-11,合格,合格,0,0,0,2.0073455428752244e-95,2050.8944524778981,4727.9087989976397
rand,26,K,0,合格,0,合格,合格,8.7527509088460579e-11,1.3878126019984437e-10,2.2630876928830493e-10,6.4659636217644631e-11,合格,合格,1.3151690676884785e-12,3.2886286865433398e-13,9.8630619903414455e-13,1.6641960057218923e-95,2050.8944524778981,4727.9087989976397
rand,26,K,1,合格,0,合格,合格,7.4189482879620614e-10,1.7962324839337587e-09,1.0543376551375526e-09,2.1086751089855177e-09,合格,合格,2.8077631228879183e-16,2.8077631228879183e-16,0,5.4272632804903624e-94,2050.8944524778981,4727.9087989976397
rand,26,K,2,合格,0,合格,解像しない,1.1695736540813359e-08,1.1438571032703234e-08,2.3134307573516591e-08,1.1567153798208062e-08,合格,合格,2.7529830635660969e-15,2.7529830635660969e-15,0,2.9771295161254923e-93,2050.8944524778981,4727.9087989976397
rand,26,K,3,合格,0,合格,合格,1.2518652721656131e-10,4.5934963148713454e-10,5.8453615870369588e-10,3.8969082131695731e-10,合格,合格,2.9879984394038475e-16,2.9879984394038475e-16,0,1.0029779724080666e-94,2050.8944524778981,4727.9087989976397
rand,26,K,4,合格,0,合格,合格,3.5500751155385323e-11,1.4685117781176578e-10,1.823519289671511e-10,8.1045296988870582e-11,合格,合格,1.484983211904098e-16,1.484983211904098e-16,0,2.0859266680287558e-95,2050.8944524778981,4727.9087989976397
rand,27,D,0,合格,0,合格,合格,7.0038118945297245e-11,1.1861965085064666e-10,1.8865776979594389e-10,5.3902242880390826e-11,合格,合格,1.8035739229371814e-12,4.5086309912384224e-13,1.352710823813339e-12,1.3873244971415241e-95,0.013799801669368263,6.1904171111620583
rand,27,D,1,合格,0,合格,合格,1.1751090730955193e-10,1.1751090730955193e-10,5.3055456005150036e-13,5.4328788313533253e-10,合格,合格,1.6930553326948623e-16,1.6930553326948623e-16,0,1.3983028330496503e-94,0.013799801669368263,6.1904171111620583
rand,27,D,2,合格,0,合格,合格,5.3626836930076647e-10,1.7710668186890462e-09,1.2347984493882797e-09,9.878388294823989e-10,合格,合格,1.9273819154506882e-20,1.9273819154506882e-20,0,2.5424786319366683e-94,0.013799801669368263,6.1904171111620583
rand,27,D,3,合格,0,合格,合格,6.7703117170372315e-11,8.690812791087313e-11,1.9205010740500817e-11,7.6819574864446494e-11,合格,合格,8.0998703068727417e-21,8.0998703068727417e-21,0,1.9771659280659449e-95,0.013799801669368263,6.1904171111620583
rand,27,D,4,合格,0,合格,合格,1.2249354296962217e-10,3.4364036096137135e-10,4.6613390393099349e-10,3.7290715576486548e-10,合格,合格,0,0,0,9.5978052991218486e-95,0.013799801669368263,6.1904171111620583
rand,27,K,0,合格,0,合格,合格,1.6333537050046539e-10,1.793187670658168e-10,3.4265413756628216e-10,8.566355193157982e-11,合格,合格,1.8590135970315455e-12,4.6475339925788637e-13,1.394260197773659e-12,2.2047903344309617e-95,0.013799801669368263,6.1904171111620583
rand,27,K,1,合格,0,合格,合格,2.2301583498793307e-10,4.2951786301703396e-11,2.6596762128963647e-10,5.3193539041200456e-10,合格,合格,1.9860260924632817e-16,1.9860260924632817e-16,0,1.3690840280109765e-94,0.013799801669368263,6.1904171111620583
rand,27,K,2,合格,0,合格,合格,1.69596947084531e-10,1.4574398472511113e-10,3.1534093180964213e-10,1.4015146460513369e-10,合格,合格,1.894129512147117e-16,1.894129512147117e-16,0,3.6071886765160788e-95,0.013799801669368263,6.1904171111620583
rand,27,K,3,合格,0,合格,解像しない,8.1068592618617138e-09,1.3981908114322498e-09,9.5050500732939636e-09,1.9010100144196538e-08,合格,合格,1.1985352190390652e-16,1.1985352190390652e-16,0,4.892779263690308e-93,0.013799801669368263,6.1904171111620583
rand,27,K,4,合格,0,合格,合格,1.7725737016265823e-11,1.7725737016265823e-11,0,3.8374350388404382e-10,合格,合格,1.2446275763081789e-16,1.2446275763081789e-16,0,9.8767089291368191e-95,0.013799801669368263,6.1904171111620583
rand,28,D,0,合格,0,合格,合格,6.1147660476679278e-11,1.9862340644674331e-10,2.5977106692342262e-10,3.4636129751000798e-10,合格,合格,2.1271736184454949e-12,5.3171609782192596e-13,1.5954575206235691e-12,8.9145736284781773e-95,0.32324887123701068,173.20310719428846
rand,28,D,1,合格,0,合格,合格,2.6377469357089199e-10,2.5660912232990305e-10,5.2038381590079498e-10,1.0407677352425108e-09,合格,合格,3.024562657774993e-19,3.024562657774993e-19,0,2.6787059272105193e-94,0.32324887123701068,173.20310719428846
rand,28,D,2,合格,0,合格,合格,1.9394445680912209e-10,1.2745285006227118e-10,3.2139730687139324e-10,6.4279471455570053e-10,合格,合格,1.3967680536017199e-16,1.3967680536017199e-16,0,1.6544114056905658e-94,0.32324887123701068,173.20310719428846
rand,28,D,3,合格,0,合格,合格,6.9454927519250687e-10,1.394196356956059e-09,6.9964708176355225e-10,2.7985883528403164e-09,合格,合格,3.0834717002802859e-20,3.0834717002802859e-20,0,7.2029473577300003e-94,0.32324887123701068,173.20310719428846
rand,28,D,4,合格,0,合格,解像しない,8.9894402762014033e-09,9.8078400105722909e-09,1.8797280286773694e-08,7.5189121112329805e-08,合格,合格,0,0,0,1.9352016551360205e-92,0.32324887123701068,173.20310719428846
rand,28,K,0,合格,0,合格,合格,7.7724497136236643e-11,2.2058599187249704e-11,5.5665897948986942e-11,1.1133165696250575e-10,合格,合格,1.9547861348723495e-12,4.8851377510413142e-13,1.466272359768218e-12,2.865430578726988e-95,0.32324887123701068,173.20310719428846
rand,28,K,1,合格,0,合格,合格,5.2805959412864586e-10,6.59439567090429e-10,1.1874991612190749e-09,2.3749983207943921e-09,合格,合格,0,0,0,6.1127203155894988e-94,0.32324887123701068,173.20310719428846
rand,28,K,2,合格,0,合格,合格,1.195471256163595e-10,2.6988117103539567e-10,1.5033404541903614e-10,6.0133663883200054e-10,合格,合格,1.2459094066739777e-16,1.2459094066739777e-16,0,1.5477074895224297e-94,0.32324887123701068,173.20310719428846
rand,28,K,3,合格,0,合格,合格,2.2531755964218843e-11,5.0201344062858649e-11,7.2733100027077496e-11,1.4546611699649763e-10,合格,合格,4.6641340260977254e-21,4.6641340260977254e-21,0,3.7439760727788281e-95,0.32324887123701068,173.20310719428846
rand,28,K,4,合格,0,合格,解像しない,5.2075532786674604e-09,5.3395884605850577e-09,1.0547141739252518e-08,4.2188567145484889e-08,合格,合格,0,0,0,1.0858403949926114e-92,0.32324887123701068,173.20310719428846
rand,29,D,0,合格,0,合格,合格,1.3437869196591951e-10,6.3692109100133223e-11,1.9807080106605274e-10,9.9035420924137768e-11,合格,合格,2.0014706391279309e-12,5.0079615680476218e-13,1.5006744823231688e-12,2.548952663021031e-95,2.9440509098230652,4092.8596586451081
rand,29,D,1,合格,0,合格,合格,4.4264881879482866e-11,2.4353513517302903e-10,1.9927025329354614e-10,1.1386874917474202e-10,合格,合格,3.4909625807468436e-16,3.4909625807468436e-16,0,2.9307297200883732e-95,2.9440509098230652,4092.8596586451081
rand,29,D,2,合格,0,合格,解像しない,2.7783123293777665e-09,8.2470853932103842e-09,1.1025397722588151e-08,2.2050795236642623e-08,合格,合格,1.6171872483449511e-16,1.6171872483449511e-16,0,5.6753869187092598e-93,2.9440509098230652,4092.8596586451081
rand,29,D,3,合格,0,合格,合格,2.3947253332805904e-10,4.1572964166039703e-11,1.9789956916201934e-10,7.915978612115241e-10,合格,合格,2.0583834234976507e-16,2.0583834234976507e-16,0,2.0373977891430202e-94,2.9440509098230652,4092.8596586451081
rand,29,D,4,合格,0,合格,解像しない,1.0252467268570061e-08,6.3941795298932606e-08,7.4194262567502671e-08,1.4838852504809944e-07,合格,合格,0,0,0,3.819192391506555e-92,2.9440509098230652,4092.8596586451081
rand,29,K,0,合格,0,合格,合格,1.4718582767126267e-11,1.4718582767126267e-11,1.5345393805029818e-13,5.2378912979643263e-11,合格,合格,1.9989007513036729e-12,4.9987871322924418e-13,1.4990220380744286e-12,1.3481173551822406e-95,2.9440509098230652,4092.8596586451081
rand,29,K,1,合格,0,合格,合格,1.4252424976971992e-10,4.4021490993895022e-10,2.9769066016923027e-10,2.9769061332659401e-10,合格,合格,5.2126172555108383e-16,5.2126172555108383e-16,0,7.6618978797135067e-95,2.9440509098230652,4092.8596586451081
rand,29,K,2,合格,0,合格,合格,1.2416975817404513e-10,1.6801230021236891e-10,4.3842542038323764e-11,8.7684904410396383e-11,合格,合格,1.7999092986299641e-19,1.7999092986299641e-19,0,2.2568154758975727e-95,2.9440509098230652,4092.8596586451081
rand,29,K,3,合格,0,合格,合格,2.0267751712994258e-10,1.4440942160966578e-10,3.4708693873960836e-10,2.3139122782178135e-10,合格,合格,1.6780690637202337e-16,1.6780690637202337e-16,0,5.9554983545516816e-95,2.9440509098230652,4092.8596586451081
rand,29,K,4,合格,0,合格,解像しない,3.1735813544446968e-08,3.1735813544446968e-08,0,1.586400914490001e-07,合格,合格,0,0,0,4.0830450336610132e-92,2.9440509098230652,4092.8596586451081
rand,30,D,0,合格,0,合格,合格,7.5798704712310339e-11,8.8058845685215552e-10,8.047897521398452e-10,1.7884217812569372e-10,合格,合格,7.3498755902323008e-12,1.836485943440266e-12,5.5133896467920353e-12,4.603002056639539e-95,79.119130532885819,34.903964816928521
rand,30,D,1,合格,0,合格,合格,1.2918887616452327e-09,3.1041467706245807e-09,1.812258008979348e-09,1.8122578907645267e-09,合格,合格,3.2874620659743383e-16,3.2874620659743383e-16,0,4.6643509298391307e-94,79.119130532885819,34.903964816928521
rand,30,D,2,合格,0,合格,合格,1.4527234980513498e-11,4.2716208165561049e-10,4.1263484667509696e-10,1.3754494043003621e-10,合格,合格,1.9179133910506961e-16,1.9179133910506961e-16,0,3.5401025100178042e-95,79.119130532885819,34.903964816928521
rand,30,D,3,合格,0,合格,合格,5.9646579280588044e-11,1.1371076655230626e-10,5.4064187271718219e-11,3.6042891990462699e-11,合格,合格,2.1610374763354833e-16,2.1610374763354833e-16,0,9.276643110594135e-96,79.119130532885819,34.903964816928521
rand,30,D,4,合格,0,合格,合格,1.2550588078152606e-11,2.0810197662552291e-11,3.3360785740704898e-11,3.3360746722540235e-11,合格,合格,2.480549465995851e-16,2.480549465995851e-16,0,8.586318249096633e-96,79.119130532885819,34.903964816928521
rand,30,K,0,合格,0,合格,合格,4.5363306476071453e-11,4.1576553353714868e-10,3.7040222706107721e-10,1.8520109295607102e-10,合格,合格,2.6784371509913986e-12,6.695207424195452e-13,2.0089164085718536e-12,4.7666664581189864e-95,79.119130532885819,34.903964816928521
rand,30,K,1,合格,0,合格,合格,3.5060515454926977e-10,7.7258665477278083e-10,4.2198150022351106e-10,4.2198152304049339e-10,合格,合格,1.8879184930327881e-16,1.8879184930327881e-16,0,1.0860870957711848e-94,79.119130532885819,34.903964816928521
rand,30,K,2,合格,0,合格,合格,7.1358154732866597e-11,7.1358154732866597e-11,3.9518184453850785e-14,8.0933242390686356e-11,合格,合格,4.647468082702364e-21,4.647468082702364e-21,0,2.0830426305421658e-95,79.119130532885819,34.903964816928521
rand,30,K,3,合格,0,合格,合格,6.6463953644555661e-11,1.6485324534188547e-10,9.8389291697329807e-11,1.9677870184169188e-10,合格,合格,7.5999563027908062e-22,7.5999563027908062e-22,0,5.0646485005543371e-95,79.119130532885819,34.903964816928521
rand,30,K,4,合格,0,合格,合格,5.297670602462784e-12,8.4640586646953693e-11,7.9342916044490902e-11,3.9671486330946131e-11,合格,合格,0,0,0,1.0210563027416946e-95,79.119130532885819,34.903964816928521
rand,31,D,0,合格,0,合格,合格,6.148027796942951e-10,8.7176779949631928e-10,1.4865705791906144e-09,1.4865705268284457e-09,合格,合格,2.6801527444191409e-12,6.7040890547299634e-13,2.0097438389461444e-12,3.8261036988276258e-94,78.308074438649484,661.8322226395502
rand,31,D,1,合格,0,合格,合格,1.568883518740649e-10,6.7067314793894239e-10,5.1378479606487749e-10,2.0551392581641165e-09,合格,合格,5.3434130689719261e-16,5.3434130689719261e-16,0,5.2894738428881963e-94,78.308074438649484,661.8322226395502
rand,31,D,2,合格,0,合格,合格,1.8003826690776305e-10,6.5623255414409908e-10,4.7619428723633598e-10,1.9047768768722633e-09,合格,合格,4.9620921680219718e-16,4.9620921680219718e-16,0,4.9024743343935141e-94,78.308074438649484,661.8322226395502
rand,31,D,3,合格,0,合格,解像しない,3.8044582581457549e-10,7.4220349478235379e-09,7.8024807736381133e-09,1.5604961528549142e-08,合格,合格,1.6412930736395193e-16,1.6412930736395193e-16,0,4.0163719074819875e-93,78.308074438649484,661.8322226395502
rand,31,D,4,合格,0,合格,合格,4.5345263609303627e-11,4.0332641240159455e-10,3.5798114879229091e-10,1.4319250333738967e-09,合格,合格,2.0262598356169065e-16,2.0262598356169065e-16,0,3.6854582865465312e-94,78.308074438649484,661.8322226395502
rand,31,K,0,合格,0,合格,合格,5.35643043606494e-11,1.2588528407946443e-10,7.232097971881502e-11,1.4464193409563125e-10,合格,合格,1.6925982982495343e-12,4.2291311210104665e-13,1.2696851861484877e-12,3.7227634280465055e-95,78.308074438649484,661.8322226395502
rand,31,K,1,合格,0,合格,合格,1.5697358510059936e-11,1.5697358510059936e-11,4.7196775963917556e-14,1.9331799469250659e-10,合格,合格,1.1513054120503972e-16,1.1513054120503972e-16,0,4.9755775538007622e-95,78.308074438649484,661.8322226395502
rand,31,K,2,合格,0,合格,合格,2.0219892620689966e-09,4.717933260601968e-09,6.7399225226709646e-09,6.739922493331262e-09,合格,合格,6.3694063024559926e-16,6.3694063024559926e-16,0,1.7347069591486809e-93,78.308074438649484,661.8322226395502
rand,31,K,3,合格,0,合格,合格,1.8796165747422874e-11,4.190125331554453e-10,4.0021636740802242e-10,1.6008653515777985e-09,合格,合格,1.4290619295832731e-16,1.4290619295832731e-16,0,4.1202732951153504e-94,78.308074438649484,661.8322226395502
rand,31,K,4,合格,0,合格,合格,1.6870184310214769e-10,8.962452109394841e-11,2.5832636419609611e-10,1.0333051190338855e-09,合格,合格,1.2347747647743005e-16,1.2347747647743005e-16,0,2.6594988038595212e-94,78.308074438649484,661.8322226395502
rand,32,D,0,合格,0,合格,合格,2.7099687631143061e-13,1.6179014743060555e-10,1.6151915055429413e-10,9.2296665232456171e-11,合格,合格,1.4234854415372311e-12,3.5587136038430777e-13,1.0676140811529235e-12,2.3755119979995986e-95,0.38574147157988942,38032.360433294358
rand,32,D,1,合格,0,合格,合格,4.6597100508489305e-11,2.0101485926628881e-11,6.6698586435118184e-11,1.3339707141719557e-10,合格,合格,1.5095165751763646e-19,1.5095165751763646e-19,0,3.4333455369319686e-95,0.38574147157988942,38032.360433294358
rand,32,D,2,合格,0,合格,合格,3.1366064765338872e-10,9.337771499343998e-10,1.2474377975877884e-09,8.3162523547761845e-10,合格,合格,3.7163011429135418e-16,3.7163011429135418e-16,0,2.1404193962379758e-94,0.38574147157988942,38032.360433294358
rand,32,D,3,合格,0,合格,合格,1.0562518959599481e-10,1.2862669496381179e-10,2.342518845598066e-10,4.6850386177303167e-10,合格,合格,1.1187829103873158e-16,1.1187829103873158e-16,0,1.2058253046824248e-94,0.38574147157988942,38032.360433294358
rand,32,D,4,合格,0,合格,解像しない,1.9196619614780067e-07,1.9196619614780067e-07,0,7.7378134643050566e-07,合格,合格,0,0,0,1.9915420212035698e-91,0.38574147157988942,38032.360433294358
rand,32,K,0,合格,0,合格,合格,6.7475281706223209e-12,2.231282534039913e-11,1.5565297169776808e-11,6.2260944609261899e-11,合格,合格,2.3888250617489721e-12,5.97246028821319e-13,1.7915790329276529e-12,1.6024589897542732e-95,0.38574147157988942,38032.360433294358
rand,32,K,1,合格,0,合格,合格,4.9859814789760292e-11,7.236883311008357e-11,1.2222864789984386e-10,1.2222872548506717e-10,合格,合格,9.6919177094737725e-20,9.6919177094737725e-20,0,3.145897017608309e-95,0.38574147157988942,38032.360433294358
rand,32,K,2,合格,0,合格,合格,7.4327414512670979e-11,2.3134200161646655e-10,3.0566941612913754e-10,1.2226777740987105e-10,合格,合格,1.0970761369425587e-20,1.0970761369425587e-20,0,3.1469021277678468e-95,0.38574147157988942,38032.360433294358
rand,32,K,3,合格,0,合格,合格,1.1989629852999778e-09,3.6640976095373743e-10,8.3255322434624047e-10,3.3302129084084559e-09,合格,合格,1.1783797547714824e-16,1.1783797547714824e-16,0,8.5712313656111724e-94,0.38574147157988942,38032.360433294358
rand,32,K,4,合格,0,合格,解像しない,1.5100728472764873e-07,1.5100728472764873e-07,0,6.403533667900529e-07,合格,合格,1.4822132238451954e-16,1.4822132238451954e-16,0,1.6481279165807706e-91,0.38574147157988942,38032.360433294358
rand,33,D,0,合格,0,合格,合格,5.1296499830700171e-11,3.8174791764994062e-11,8.9471291595694239e-11,7.157708785567275e-11,合格,合格,1.1250968220334328e-12,2.8138293152517623e-13,8.4371389050825643e-13,1.8422359091174407e-95,1225.6580948964786,330.8619984733657
rand,33,D,1,合格,0,合格,合格,2.1883874352587681e-09,4.7336548838182507e-09,2.5452674485594822e-09,3.3936899807389262e-09,合格,合格,2.2648910379843559e-16,2.2648910379843559e-16,0,8.7346073083271343e-94,1225.6580948964786,330.8619984733657
rand,33,D,2,合格,0,合格,合格,9.9406281350005438e-10,3.2205983053435769e-09,4.2146611188436313e-09,1.2968187801678246e-09,合格,合格,1.9745003896115553e-16,1.9745003896115553e-16,0,3.3377246770087785e-94,1225.6580948964786,330.8619984733657
rand,33,D,3,合格,0,合格,合格,8.5676285689919053e-11,1.416294692762913e-09,1.330618407072994e-09,8.87078963226281e-10,合格,合格,5.1966069576121165e-16,5.1966069576121165e-16,0,2.2831450248064366e-94,1225.6580948964786,330.8619984733657
rand,33,D,4,合格,0,合格,合格,2.0520215826565656e-12,1.2334047958516572e-10,1.2128845800250915e-10,8.0859029743116477e-11,合格,合格,0,0,0,2.0811325611560015e-95,1225.6580948964786,330.8619984733657
rand,33,K,0,合格,0,合格,合格,7.6440412494618468e-12,1.2036269074907414e-10,1.2800673199853597e-10,1.0240545426117506e-10,合格,合格,1.0939836131210473e-12,2.7353393636373838e-13,8.2044967675730878e-13,2.635689866425164e-95,1225.6580948964786,330.8619984733657
rand,33,K,1,合格,0,合格,合格,4.3265094679305445e-11,4.0732235603886005e-10,4.5058745071816545e-10,1.8023498435397627e-09,合格,合格,1.4095976748893132e-15,1.4095976748893132e-15,0,4.6388498079948099e-94,1225.6580948964786,330.8619984733657
rand,33,K,2,合格,0,合格,合格,1.1430835595753351e-09,9.9282267559398115e-10,2.1359062351693162e-09,8.5436244964867419e-09,合格,合格,6.6483954405422732e-16,6.6483954405422732e-16,0,2.1989399559227648e-93,1225.6580948964786,330.8619984733657
rand,33,K,3,合格,0,合格,合格,2.2105861499062014e-09,9.3144763102786219e-10,1.2791385188783394e-09,2.5582768405735145e-09,合格,合格,4.022596173753372e-15,4.022596173753372e-15,0,6.5844386833272425e-94,1225.6580948964786,330.8619984733657
rand,33,K,4,合格,0,合格,合格,1.2299464711892172e-10,8.0829408474105103e-12,1.149117062715112e-10,1.1491163236485978e-10,合格,合格,1.5810462497868929e-16,1.5810462497868929e-16,0,2.9575712264894698e-95,1225.6580948964786,330.8619984733657
rand,34,D,0,合格,0,合格,合格,1.0308400173030576e-11,1.4804721419387123e-10,1.3773881402084067e-10,5.0086827403466639e-11,合格,合格,6.1972441552818951e-13,1.5489757626813653e-13,4.6482683926005298e-13,1.2891241426654497e-95,28.527770001094719,9.6236592508320378
rand,34,D,1,合格,0,合格,合格,2.7723410663067397e-11,8.799294639893385e-10,8.5220605332627107e-10,1.8937913686256741e-10,合格,合格,2.2043469799762574e-16,2.2043469799762574e-16,0,4.8742000662190673e-95,28.527770001094719,9.6236592508320378
rand,34,D,2,合格,0,合格,解像しない,1.8079889691099441e-08,3.0268709213185826e-08,4.8348598904285263e-08,1.6116199635807571e-08,合格,合格,1.1801711351995356e-16,1.1801711351995356e-16,0,4.1479532874341573e-93,28.527770001094719,9.6236592508320378
rand,34,D,3,合格,0,合格,合格,2.1583001649909558e-10,1.1230569957256278e-10,3.2813571607165835e-10,4.3751422098402791e-10,合格,合格,1.6631721521297708e-16,1.6631721521297708e-16,0,1.1260648243632626e-94,28.527770001094719,9.6236592508320378
rand,34,D,4,合格,0,合格,合格,7.0232603777570503e-11,3.5559344901931666e-10,4.2582605279688713e-10,3.624050915758663e-11,合格,合格,0,0,0,9.327505398016033e-96,28.527770001094719,9.6236592508320378
rand,34,K,0,合格,0,合格,合格,3.5333126300357168e-10,4.6821840131341006e-10,8.2154966431698175e-10,1.1736424429185824e-10,合格,合格,3.2163964923875096e-12,8.0404663963476017e-13,2.4123498527527491e-12,3.0206960321836733e-95,28.527770001094719,9.6236592508320378
rand,34,K,1,合格,0,合格,合格,7.1044234429194785e-10,2.390480831275728e-11,7.3434715260470518e-10,4.1962691495689571e-10,合格,合格,1.3402746539575672e-21,1.3402746539575672e-21,0,1.0800268554157118e-94,28.527770001094719,9.6236592508320378
rand,34,K,2,合格,0,合格,合格,4.0242244443037779e-11,6.1857005288774196e-11,2.1614760845736414e-11,4.3229566999898048e-11,合格,合格,1.1390517991439976e-16,1.1390517991439976e-16,0,1.1126334284987092e-95,28.527770001094719,9.6236592508320378
rand,34,K,3,合格,0,合格,合格,2.3596426432961034e-10,1.9790673435279691e-10,4.338709986824073e-10,9.6415776739553641e-11,合格,合格,5.1855751804329713e-21,5.1855751804329713e-21,0,2.481528816500722e-95,28.527770001094719,9.6236592508320378
rand,34,K,4,合格,0,合格,合格,9.4554698982652799e-11,8.89251000087369e-11,5.6295989739158897e-12,2.2518660726669204e-11,合格,合格,0,0,0,5.7958051464110849e-96,28.527770001094719,9.6236592508320378
rand,35,D,0,合格,0,合格,合格,7.6239976110836979e-11,2.0868714899149018e-11,5.5371261211687961e-11,6.9214078985503721e-12,合格,合格,2.0045696282198765e-12,5.0096785379580683e-13,1.5036017744240696e-12,1.7814172878993465e-96,3.2783308478075699,0.96059485749680507
rand,35,D,1,合格,0,合格,合格,2.9854909677090334e-10,2.9854909677090334e-10,2.9638986754933213e-13,3.7937902902844779e-11,合格,合格,3.4250695286158896e-16,3.4250695286158896e-16,0,9.7643770008019904e-96,3.2783308478075699,0.96059485749680507
rand,35,D,2,合格,0,合格,合格,1.3807732124277345e-10,6.1385057486951446e-11,7.6692263755822019e-11,9.5865300141278712e-12,合格,合格,1.7000262401428879e-16,1.7000262401428879e-16,0,2.4673607665443487e-96,3.2783308478075699,0.96059485749680507
rand,35,D,3,合格,0,合格,合格,8.1364394289587709e-10,1.3667489135119396e-09,5.531049706160625e-10,2.7655252785408265e-10,合格,合格,1.4868727236222108e-15,1.4868727236222108e-15,0,7.1178503182092582e-95,3.2783308478075699,0.96059485749680507
rand,35,D,4,合格,0,合格,合格,2.5282886846797701e-10,5.3214423376123637e-10,7.8497310222921337e-10,9.812163804093233e-11,合格,合格,1.955054867267682e-16,1.955054867267682e-16,0,2.5254339129431804e-95,3.2783308478075699,0.96059485749680507
rand,35,K,0,合格,0,合格,合格,1.9702415783286226e-10,2.2709602518194982e-10,4.241201830148121e-10,7.0686698735885253e-12,合格,合格,1.8633268299045405e-12,4.6583170747613513e-13,1.3974951224284056e-12,1.8193192627617313e-96,3.2783308478075699,0.96059485749680507
rand,35,K,1,合格,0,合格,合格,3.5172812212652265e-11,2.9897084139608186e-10,3.3414365360873411e-10,1.3922650490536145e-11,合格,合格,3.1001416601797414e-16,3.1001416601797414e-16,0,3.5833822599035054e-96,3.2783308478075699,0.96059485749680507
rand,35,K,2,合格,0,合格,合格,5.2810174946219209e-10,6.6943402045175637e-09,6.1662384550553717e-09,5.1385320782119558e-10,合格,合格,2.5782202355306575e-16,2.5782202355306575e-16,0,1.3225444898962438e-94,3.2783308478075699,0.96059485749680507
rand,35,K,3,合格,0,合格,合格,1.6343795307721756e-11,4.8008746361253391e-11,3.1664951053531638e-11,1.5832495310627379e-11,合格,合格,1.8623922089088911e-16,1.8623922089088911e-16,0,4.074934069821847e-96,3.2783308478075699,0.96059485749680507
rand,35,K,4,合格,0,合格,合格,4.7902420160314199e-11,9.0122773786612513e-10,9.4913015802643939e-10,1.1864126773967923e-10,合格,合格,0,0,0,3.0535637908874712e-95,3.2783308478075699,0.96059485749680507
rand,36,D,0,合格,0,合格,合格,8.0526523710536315e-11,2.4757938580017144e-12,8.3002317568538035e-11,5.5334834482814903e-11,合格,合格,1.8007686713863856e-12,4.5036754461630677e-13,1.3504011267700787e-12,1.4241962360198552e-95,20.853464211229475,2541.9669858869779
rand,36,D,1,合格,0,合格,合格,4.4636505694194492e-12,3.6829454134306295e-10,3.6383089077364348e-10,3.6383094651083401e-10,合格,合格,2.5141661425140529e-16,2.5141661425140529e-16,0,9.3642037499759004e-95,20.853464211229475,2541.9669858869779
rand,36,D,2,合格,0,合格,合格,1.4811483359871919e-11,5.4984588437083715e-11,4.0173105077211796e-11,8.0346029234159956e-11,合格,合格,3.1518823982277852e-16,3.1518823982277852e-16,0,2.067929062839601e-95,20.853464211229475,2541.9669858869779
rand,36,D,3,合格,0,合格,合格,6.705669933990339e-11,2.9793553334996081e-10,3.6499223268986418e-10,3.6499227785365374e-10,合格,合格,1.1110472183499719e-16,1.1110472183499719e-16,0,9.3940938498139944e-95,20.853464211229475,2541.9669858869779
rand,36,D,4,合格,0,合格,合格,7.2430051234705444e-10,4.3654347356929122e-09,3.6411342233458575e-09,7.282268241034563e-09,合格,合格,0,0,0,1.8742947576339729e-93,20.853464211229475,2541.9669858869779
rand,36,K,0,合格,0,合格,合格,6.0686134549127136e-11,1.0108598151100913e-10,1.6177211606013627e-10,8.0886054446571485e-11,合格,合格,2.2555875576156171e-12,5.6372820950877893e-13,1.6918593481068381e-12,2.0818281172428663e-95,20.853464211229475,2541.9669858869779
rand,36,K,1,合格,0,合格,合格,6.4076735248377984e-11,1.0298426875187551e-10,3.8907533503497526e-11,1.5563000923856942e-10,合格,合格,5.3219437752492078e-16,5.3219437752492078e-16,0,4.0055721760248873e-95,20.853464211229475,2541.9669858869779
rand,36,K,2,合格,0,合格,合格,4.8350510027066023e-10,2.120273792024931e-09,1.6367686917542709e-09,6.5470743658624137e-09,合格,合格,1.0272007317496449e-19,1.0272007317496449e-19,0,1.6850721170403325e-93,20.853464211229475,2541.9669858869779
rand,36,K,3,合格,0,合格,合格,4.6279949662431596e-11,1.3266171303460224e-10,8.6381763372170652e-11,1.7276367893841676e-10,合格,合格,2.6763714922424816e-16,2.6763714922424816e-16,0,4.4465549335193252e-95,20.853464211229475,2541.9669858869779
rand,36,K,4,合格,0,合格,合格,4.7665725328252341e-10,4.7665725328252341e-10,0,3.3105907650015905e-09,合格,合格,0,0,0,8.5207283090033525e-94,20.853464211229475,2541.9669858869779
rand,37,D,0,合格,0,合格,合格,2.2973887244720726e-11,5.0829730169234012e-11,2.785584292451329e-11,5.5711772358504184e-11,合格,合格,2.0424697855842656e-12,5.1043183481976824e-13,1.5320379507644973e-12,1.4338977831336668e-95,1.3030982019892738,256.61016269059672
rand,37,D,1,合格,0,合格,合格,1.4336396385186813e-10,2.0946920426694985e-11,1.2241704342517314e-10,1.2241703448451369e-10,合格,合格,4.2652486411699396e-16,4.2652486411699396e-16,0,3.1507436747046392e-95,1.3030982019892738,256.61016269059672
rand,37,D,2,合格,0,合格,合格,5.0280169131754996e-11,3.4700551878616043e-11,8.4980721010371032e-11,3.3992277293002059e-10,合格,合格,1.4150552914321617e-16,1.4150552914321617e-16,0,8.7488602481447247e-95,1.3030982019892738,256.61016269059672
rand,37,D,3,合格,0,合格,合格,7.333033858935897e-11,2.6006319230531088e-10,3.3339353089466985e-10,1.6669669434121784e-10,合格,合格,2.3452473498654281e-20,2.3452473498654281e-20,0,4.2904041704768406e-95,1.3030982019892738,256.61016269059672
rand,37,D,4,合格,0,合格,合格,9.3247480636515654e-10,2.5804970048879991e-10,1.1905245068539564e-09,1.1905243497135162e-09,合格,合格,1.8396681570488843e-16,1.8396681570488843e-16,0,3.0641463259071501e-94,1.3030982019892738,256.61016269059672
rand,37,K,0,合格,0,合格,合格,1.174708039633287e-11,1.2143572845861531e-10,1.0968864806228244e-10,1.096886412202846e-10,合格,合格,1.7477885400203821e-12,4.3681666407795162e-13,1.3109718759424306e-12,2.8231429879595584e-95,1.3030982019892738,256.61016269059672
rand,37,K,1,合格,0,合格,合格,3.1355337448721326e-09,9.8024160128054782e-11,3.2335579050001876e-09,3.2335580566246099e-09,合格,合格,1.9450395882305452e-16,1.9450395882305452e-16,0,8.3224631576817505e-94,1.3030982019892738,256.61016269059672
rand,37,K,2,合格,0,合格,解像しない,5.3220391744405067e-09,3.5404482322967967e-09,8.8624874067373034e-09,1.181664995715019e-08,合格,合格,4.7221340680836809e-16,4.7221340680836809e-16,0,3.0413443084507759e-93,1.3030982019892738,256.61016269059672
rand,37,K,3,合格,0,合格,合格,1.8873131074363291e-11,2.2115282341113419e-10,2.022796923367709e-10,1.1558844112860539e-10,合格,合格,3.0546708437169984e-16,3.0546708437169984e-16,0,2.9749907869316555e-95,1.3030982019892738,256.61016269059672
rand,37,K,4,合格,0,合格,合格,7.7813708171153572e-10,6.7122090267153691e-10,1.4493579843830726e-09,1.449357951488634e-09,合格,合格,2.1023771365197625e-16,2.1023771365197625e-16,0,3.7303267615205765e-94,1.3030982019892738,256.61016269059672
rand,38,D,0,合格,0,合格,合格,1.0009535529092055e-10,2.0005342534356588e-10,9.9958070052645309e-11,3.9983269896331644e-10,合格,合格,1.9675366487895969e-12,4.9180224976406084e-13,1.4757343990255361e-12,1.0290809220330526e-94,0.91036057067844622,570.44141532232982
rand,38,D,1,合格,0,合格,合格,1.0517123739718913e-10,1.693631574232723e-11,1.2210755313951637e-10,4.8843033537868295e-10,合格,合格,3.4116539523300039e-21,3.4116539523300039e-21,0,1.2571116399024771e-94,0.91036057067844622,570.44141532232982
rand,38,D,2,合格,0,合格,合格,3.6670714913998935e-10,1.9956316241045697e-09,2.3623387732445593e-09,3.1497850198358161e-09,合格,合格,0,0,0,8.1068498920242806e-94,0.91036057067844622,570.44141532232982
rand,38,D,3,合格,0,合格,合格,6.7112685534627961e-10,1.3710749325684993e-09,2.0422017879147792e-09,8.1688069692787171e-09,合格,合格,2.1192386561523025e-16,2.1192386561523025e-16,0,2.1024702155804994e-93,0.91036057067844622,570.44141532232982
rand,38,D,4,合格,0,合格,解像しない,1.1876172239072874e-08,1.1876172239072874e-08,0,7.2609482527920325e-08,合格,合格,1.7013469239135158e-16,1.7013469239135158e-16,0,1.8688074642697126e-92,0.91036057067844622,570.44141532232982
rand,38,K,0,合格,0,合格,合格,4.8936503992262405e-12,2.2770358789132158e-10,2.3259723829054781e-10,1.3291270669173403e-10,合格,合格,2.0065824448087271e-12,5.0146275576323656e-13,1.5051196890454904e-12,3.420879060338868e-95,0.91036057067844622,570.44141532232982
rand,38,K,1,合格,0,合格,合格,1.5165790828963084e-11,2.7250613447731395e-10,2.5734034364835084e-10,5.1468059394935943e-10,合格,合格,1.324149077892252e-19,1.324149077892252e-19,0,1.324673998767969e-94,0.91036057067844622,570.44141532232982
rand,38,K,2,合格,0,合格,合格,1.0013520860664613e-10,3.600139902002798e-11,6.4133809586618148e-11,2.5653529502562394e-10,合格,合格,1.8278718823316636e-16,1.8278718823316636e-16,0,6.602651024377852e-95,0.91036057067844622,570.44141532232982
rand,38,K,3,合格,0,合格,合格,9.5088795476670441e-11,5.4976860678895276e-11,1.5006565615556572e-10,6.0026286192319262e-10,合格,合格,1.610274379677847e-16,1.610274379677847e-16,0,1.5449438252842649e-94,0.91036057067844622,570.44141532232982
rand,38,K,4,合格,0,合格,解像しない,2.4720432037868182e-09,1.7400430320111421e-08,1.49283871163246e-08,5.9713548582982909e-08,合格,合格,1.4477833745055064e-16,1.4477833745055064e-16,0,1.5368946510120077e-92,0.91036057067844622,570.44141532232982
rand,39,D,0,合格,0,合格,合格,1.0154578576461894e-10,1.0154578576461894e-10,6.3592062469970149e-14,1.3023649536072101e-10,合格,合格,1.6079148814710559e-12,4.0223789426871031e-13,1.2056769872023455e-12,3.3519993005989859e-95,4097.0949612099812,18088.999632980936
rand,39,D,1,合格,0,合格,合格,3.9091053045539925e-10,1.8183406264792536e-10,5.7274459310332462e-10,7.6365954899286075e-10,合格,合格,1.3623927365247313e-16,1.3623927365247313e-16,0,1.9654907535939662e-94,4097.0949612099812,18088.999632980936
rand,39,D,2,合格,0,合格,合格,8.9043479010946141e-11,3.1254338180163727e-10,4.0158686081258338e-10,3.2126947375678978e-10,合格,合格,3.6864747190309779e-16,3.6864747190309779e-16,0,8.268765589505815e-95,4097.0949612099812,18088.999632980936
rand,39,D,3,合格,0,合格,合格,1.2305033103821251e-10,6.4290172108783953e-10,7.6595205212605203e-10,3.0638086158091271e-09,合格,合格,1.187054733043275e-16,1.187054733043275e-16,0,7.8855656464929043e-94,4097.0949612099812,18088.999632980936
rand,39,D,4,合格,0,合格,合格,1.3348452981667907e-10,1.2250462106375868e-10,2.5598915088043776e-10,3.4131879164367162e-10,合格,合格,0,0,0,8.7847906817671936e-95,4097.0949612099812,18088.999632980936
rand,39,K,0,合格,0,合格,合格,1.0203945720978409e-11,9.2645954002947931e-11,8.2442008281969519e-11,3.2976820815977008e-10,合格,合格,1.5408987121141955e-12,3.8518460472385431e-13,1.1557141073903411e-12,8.4875042133904863e-95,4097.0949612099812,18088.999632980936
rand,39,K,1,合格,0,合格,解像しない,1.9270095042521962e-09,1.921481656407372e-09,3.8484911606595682e-09,1.5393964583406083e-08,合格,合格,2.1287152822027311e-16,2.1287152822027311e-16,0,3.9620659611657012e-93,4097.0949612099812,18088.999632980936
rand,39,K,2,合格,0,合格,合格,2.1048276359032047e-09,1.0554946444899243e-08,1.2659774080802448e-08,7.2341565933480442e-09,合格,合格,9.6636201825198187e-16,9.6636201825198187e-16,0,1.8619118837744453e-93,4097.0949612099812,18088.999632980936
rand,39,K,3,合格,0,合格,合格,5.2197033656026311e-11,5.2197033656026311e-11,1.8057898655240594e-13,7.3965152802162543e-10,合格,合格,3.4423872579182512e-19,3.4423872579182512e-19,0,1.9036994183146712e-94,4097.0949612099812,18088.999632980936
rand,39,K,4,合格,0,合格,合格,1.811800221430473e-10,1.5728640199671044e-10,3.3846642413975772e-10,6.7693286910302936e-10,合格,合格,1.9871111121925484e-16,1.9871111121925484e-16,0,1.7422754639558333e-94,4097.0949612099812,18088.999632980936
rand,40,D,0,合格,0,合格,合格,1.3875279463859802e-10,2.9270425048228899e-10,4.3145704512088701e-10,4.314571205462899e-10,合格,合格,2.2871525537193569e-12,5.717036169016161e-13,1.7154489368177409e-12,1.1104751876990384e-94,440.49281382043205,20.71815988433076
rand,40,D,1,合格,0,合格,合格,2.5767229521942903e-10,4.5452992410768946e-11,2.1221930280866008e-10,2.8295894816442868e-10,合格,合格,1.8068306187249643e-16,1.8068306187249643e-16,0,7.2827374056584772e-95,440.49281382043205,20.71815988433076
rand,40,D,2,合格,0,合格,合格,5.8140947446255594e-11,1.5914048721474532e-10,2.1728143466100092e-10,4.3456293677850852e-10,合格,合格,1.1161847500673e-16,1.1161847500673e-16,0,1.1184688716578634e-94,440.49281382043205,20.71815988433076
rand,40,D,3,合格,0,合格,合格,2.1173813845581747e-10,7.4776568374972186e-11,2.8651470683078964e-10,5.7302943027995409e-10,合格,合格,0,0,0,1.4748509964130592e-94,440.49281382043205,20.71815988433076
rand,40,D,4,合格,0,合格,合格,3.3920339672157188e-11,1.681390052352669e-10,2.0205934490742409e-10,1.010296671161546e-10,合格,合格,0,0,0,2.6002801486259507e-95,440.49281382043205,20.71815988433076
rand,40,K,0,合格,0,合格,合格,3.6340438004249319e-11,3.6340438004249319e-11,2.3078932136618618e-14,3.7812538826963112e-10,合格,合格,4.5362655872959743e-12,1.1338983122831867e-12,3.4023672750127876e-12,9.7321110607894243e-95,440.49281382043205,20.71815988433076
rand,40,K,1,合格,0,合格,合格,4.2466492390981587e-11,1.5959094090763252e-10,2.0205743329861412e-10,1.3470490042217915e-10,合格,合格,7.2011985521555322e-21,7.2011985521555322e-21,0,3.4670061625336169e-95,440.49281382043205,20.71815988433076
rand,40,K,2,合格,0,合格,解像しない,1.4853921796912469e-09,1.4853921796912469e-09,3.6335726459662046e-12,5.953245422068235e-08,合格,合格,1.6893380188139689e-16,1.6893380188139689e-16,0,1.5322336827166571e-92,440.49281382043205,20.71815988433076
rand,40,K,3,合格,0,合格,合格,4.8114255215831361e-11,5.6069313473554835e-10,5.1257887951971699e-10,5.1257889852978682e-10,合格,合格,1.1532161895179826e-16,1.1532161895179826e-16,0,1.3192646996640834e-94,440.49281382043205,20.71815988433076
rand,40,K,4,合格,0,合格,合格,1.066918541275445e-10,7.8583188167476874e-11,1.8527504229502138e-10,1.4822003489867449e-10,合格,合格,1.6165089547728457e-16,1.6165089547728457e-16,0,3.8148558277694399e-95,440.49281382043205,20.71815988433076
rand,41,D,0,合格,0,合格,合格,3.5582929804566638e-11,1.0707087721874002e-10,7.1487947414173379e-11,2.8595148194776721e-10,合格,合格,1.5827574737936299e-12,3.9572345902895788e-13,1.187034014764672e-12,7.3597586055992958e-95,0.4646878829898522,3.3945011708553512
rand,41,D,1,合格,0,合格,解像しない,4.199707437792436e-09,1.3284644044838722e-08,9.0849366070462847e-09,1.8169872900653649e-08,合格,合格,2.1624831047803817e-19,2.1624831047803817e-19,0,4.6765233574714579e-93,0.4646878829898522,3.3945011708553512
rand,41,D,2,合格,0,合格,合格,1.6910586462071601e-10,3.0961100690294953e-10,4.7871687152366554e-10,9.5743369580324706e-10,合格,合格,3.1370072323172146e-16,3.1370072323172146e-16,0,2.4642225436222143e-94,0.4646878829898522,3.3945011708553512
rand,41,D,3,合格,0,合格,合格,8.732027538283309e-12,2.7909398646836582e-10,2.878260140066491e-10,1.1513039928310535e-09,合格,合格,2.70228466067845e-16,2.70228466067845e-16,0,2.9632018030411673e-94,0.4646878829898522,3.3945011708553512
rand,41,D,4,合格,0,合格,合格,5.0692981267497224e-11,3.7769946012208583e-10,3.2700647885458861e-10,6.5401303135046391e-10,合格,合格,1.1726126110897144e-16,1.1726126110897144e-16,0,1.6832848715695362e-94,0.4646878829898522,3.3945011708553512
rand,41,K,0,合格,0,合格,合格,5.522898360677779e-11,1.470796321103342e-10,2.0230861571711198e-10,8.9914994244604135e-11,合格,合格,1.7603595622260058e-12,4.4008989055650146e-13,1.3202696716695045e-12,2.3142130551539308e-95,0.4646878829898522,3.3945011708553512
rand,41,K,1,合格,0,合格,解像しない,4.4428167795464658e-08,7.0467967454781921e-08,2.6039799659317257e-08,1.041591984146104e-07,合格,合格,2.9717397596335061e-16,2.9717397596335061e-16,0,2.6808273615601703e-92,0.4646878829898522,3.3945011708553512
rand,41,K,2,合格,0,合格,合格,1.9234014083499529e-11,2.4986318580113589e-11,4.4220332663613118e-11,1.7688158440531377e-10,合格,合格,1.2703852686868508e-16,1.2703852686868508e-16,0,4.5525407112135132e-95,0.4646878829898522,3.3945011708553512
rand,41,K,3,合格,0,合格,合格,2.8997418694287574e-10,5.9200955432983389e-11,3.4917514237585911e-10,3.4917527664313878e-10,合格,合格,1.6923613505307991e-19,1.6923613505307991e-19,0,8.9869992266949381e-95,0.4646878829898522,3.3945011708553512
rand,41,K,4,合格,0,合格,合格,4.8145115535680484e-12,4.8145115535680484e-12,0,3.854123135872955e-10,合格,合格,0,0,0,9.9196603994035743e-95,0.4646878829898522,3.3945011708553512
rand,42,D,0,合格,0,合格,合格,8.2275489461895394e-10,2.4714435076497429e-09,3.2941984022686966e-09,1.1978903099944833e-09,合格,合格,2.4235509177885544e-12,6.0583016291702489e-13,1.8177207548715296e-12,3.0831046782811563e-94,43.437537356289546,195.85591430006986
rand,42,D,1,合格,0,合格,合格,1.6352016477861018e-10,6.195824695470456e-10,4.5606230476843545e-10,3.6484988144732766e-10,合格,合格,1.7559815722914524e-16,1.7559815722914524e-16,0,9.3904288813035104e-95,43.437537356289546,195.85591430006986
rand,42,D,2,合格,0,合格,合格,4.0655248486213175e-10,8.1410194951722711e-11,4.8796267981385446e-10,9.7592529662844151e-10,合格,合格,3.9148093247525837e-19,3.9148093247525837e-19,0,2.5118158337067857e-94,43.437537356289546,195.85591430006986
rand,42,D,3,合格,0,合格,解像しない,8.352932426041762e-11,6.5130079617461692e-09,6.4294786374857512e-09,2.5717914789759532e-08,合格,合格,1.0129696001277623e-14,1.0129696001277623e-14,0,6.6192223730659374e-93,43.437537356289546,195.85591430006986
rand,42,D,4,合格,0,合格,合格,1.5087775670107808e-11,1.5087775670107808e-11,0,2.1922904121090772e-10,合格,合格,0,0,0,5.6424705745850367e-95,43.437537356289546,195.85591430006986
rand,42,K,0,合格,0,合格,合格,1.2806957902046952e-12,9.3616429856903935e-11,9.2335734066699238e-11,1.2311436543202954e-10,合格,合格,1.1924373505765445e-12,2.9836038883144754e-13,8.9407696174509695e-13,3.16869143076092e-95,43.437537356289546,195.85591430006986
rand,42,K,1,合格,0,合格,合格,2.3570118238862573e-10,3.5272536565199814e-10,5.8842654804062393e-10,2.9421323354639447e-10,合格,合格,3.7658142216471039e-16,3.7658142216471039e-16,0,7.5723978163183628e-95,43.437537356289546,195.85591430006986
rand,42,K,2,合格,0,合格,解像しない,3.3556490661473675e-08,4.6931481303416522e-08,1.3374990641942846e-08,5.3499962526940239e-08,合格,合格,1.9976292555440443e-16,1.9976292555440443e-16,0,1.3769706907090319e-92,43.437537356289546,195.85591430006986
rand,42,K,3,合格,0,合格,合格,4.8016897724532138e-10,8.3454642710116746e-10,1.3147154043464889e-09,1.0517723193870302e-09,合格,合格,6.4829230670247041e-16,6.4829230670247041e-16,0,2.7070292925265495e-94,43.437537356289546,195.85591430006986
rand,42,K,4,合格,0,合格,合格,4.7035983238348217e-11,1.3486168761558102e-10,8.7825704377232795e-11,1.7565118652962486e-10,合格,合格,0,0,0,4.5208729915981742e-95,43.437537356289546,195.85591430006986
rand,43,D,0,合格,0,合格,合格,6.9339669774056979e-11,1.0265283256295594e-09,9.5718865585550243e-10,5.4696493862584964e-10,合格,合格,1.5125292315001698e-12,3.7823125222075771e-13,1.1342979792794122e-12,1.4077667604982035e-94,539.62481795141605,16444.66993781105
rand,43,D,1,合格,0,合格,合格,5.4696378409372277e-10,2.4384513407898857e-09,2.9854151248836086e-09,1.7059514981109049e-09,合格,合格,4.6029292734019985e-16,4.6029292734019985e-16,0,4.3907417906825712e-94,539.62481795141605,16444.66993781105
rand,43,D,2,合格,0,合格,合格,1.622003085703753e-09,1.622003085703753e-09,3.4232290488497092e-12,3.5053866799694586e-09,合格,合格,1.9731809522754527e-16,1.9731809522754527e-16,0,9.0220899042484615e-94,539.62481795141605,16444.66993781105
rand,43,D,3,合格,0,合格,合格,8.4340593349449734e-10,2.8778216545447433e-09,2.034415721050246e-09,2.0344157966637337e-09,合格,合格,4.098214240220028e-20,4.098214240220028e-20,0,5.2361362371250243e-94,539.62481795141605,16444.66993781105
rand,43,D,4,合格,0,合格,合格,6.7682134698552913e-11,4.1502669637152338e-10,4.8270883107007635e-10,9.6541754037836499e-10,合格,合格,0,0,0,2.484771193490105e-94,539.62481795141605,16444.66993781105
rand,43,K,0,合格,0,合格,合格,8.1761175520729657e-11,1.5217769373978693e-10,7.041651821905726e-11,9.3888564013797783e-11,合格,合格,1.8969616209430254e-12,4.7447529399515992e-13,1.4224863269478656e-12,2.4164839512673982e-95,539.62481795141605,16444.66993781105
rand,43,K,1,合格,0,合格,合格,5.8512055584479143e-11,2.7212942921276096e-10,3.306414847972401e-10,2.2042771685984777e-10,合格,合格,3.4232657418948196e-16,3.4232657418948196e-16,0,5.6733218342550958e-95,539.62481795141605,16444.66993781105
rand,43,K,2,合格,0,合格,合格,9.2842613255189228e-11,3.1629910462886818e-10,4.0914171788405737e-10,2.0457083598343412e-10,合格,合格,1.31245982288471e-20,1.31245982288471e-20,0,5.2652007967517283e-95,539.62481795141605,16444.66993781105
rand,43,K,3,合格,0,合格,合格,7.1438526135869723e-10,7.1438526135869723e-10,9.0775824210560115e-13,3.7181777614780858e-09,合格,合格,0,0,0,9.5697670775438834e-94,539.62481795141605,16444.66993781105
rand,43,K,4,合格,0,合格,合格,3.3699770442690333e-11,4.8873439238585507e-10,5.2243416282854539e-10,1.0448681039338722e-09,合格,合格,0,0,0,2.6892593691989366e-94,539.62481795141605,16444.66993781105
rand,44,D,0,合格,0,合格,合格,1.8488537283249309e-11,1.2765359155700919e-11,3.1253896438950231e-11,1.2501544603180791e-10,合格,合格,1.7869818574948775e-12,4.4680561591059479e-13,1.3401762415842827e-12,3.2176210401088178e-95,1.1181811196211453,76058.580981486739
rand,44,D,1,合格,0,合格,合格,6.5706151490567999e-11,5.2238256973322773e-11,1.1794440846389077e-10,2.3588887524557054e-10,合格,合格,1.3029244669814249e-19,1.3029244669814249e-19,0,6.0712578502070684e-95,1.1181811196211453,76058.580981486739
rand,44,D,2,合格,0,合格,合格,1.5323277245338497e-11,1.2799635448068293e-10,1.4331963172602142e-10,2.8663945403089619e-10,合格,合格,2.7853211605213359e-19,2.7853211605213359e-19,0,7.3774654851885594e-95,1.1181811196211453,76058.580981486739
rand,44,D,3,合格,0,合格,合格,4.4568661032341101e-10,4.4568661032341101e-10,6.7584931708442479e-13,3.6910371662756326e-09,合格,合格,1.5540017368362161e-16,1.5540017368362161e-16,0,9.4999131891353499e-94,1.1181811196211453,76058.580981486739
rand,44,D,4,合格,0,合格,解像しない,5.6287358119781208e-07,5.6287358119781208e-07,0,1.0259403385876064e-05,合格,合格,0,0,0,2.6405434881190164e-90,1.1181811196211453,76058.580981486739
rand,44,K,0,合格,0,合格,合格,1.551316026851043e-10,3.3548242154461606e-10,1.8035081885951176e-10,3.6070182624158137e-10,合格,合格,2.614709405732446e-12,6.536773514331115e-13,1.9610320542993344e-12,9.283667116024152e-95,1.1181811196211453,76058.580981486739
rand,44,K,1,合格,0,合格,合格,1.1785264523224086e-10,1.1785264523224086e-10,9.0886904319671487e-14,3.7227273959118553e-10,合格,合格,1.6027940518056136e-16,1.6027940518056136e-16,0,9.5814768301733111e-95,1.1181811196211453,76058.580981486739
rand,44,K,2,合格,0,合格,解像しない,3.1935104733065361e-09,5.9914556606796298e-09,2.7979451873730937e-09,1.1191780465486236e-08,合格,合格,3.4924893934440566e-16,3.4924893934440566e-16,0,2.8805167237386852e-93,1.1181811196211453,76058.580981486739
rand,44,K,3,合格,0,解像しない,解像しない,4.2566356752356402e-08,1.9463862926816246e-07,1.5207227251580605e-07,3.0414454486104678e-07,合格,合格,2.4911846197212977e-15,2.4911846197212977e-15,0,7.8280078009739037e-92,1.1181811196211453,76058.580981486739
rand,44,K,4,合格,0,合格,解像しない,7.2928206690190565e-07,7.2928206690190565e-07,0,9.3446085841312851e-06,合格,合格,1.6983138255367699e-16,1.6983138255367699e-16,0,2.4050955418926544e-90,1.1181811196211453,76058.580981486739
rand,45,D,0,合格,0,合格,合格,6.7428362868960906e-12,1.2440469249099813e-10,1.1766185620410203e-10,1.1766187919624704e-10,合格,合格,1.7577909035499305e-12,4.3936390980396413e-13,1.3184269937459664e-12,3.0283564962385591e-95,0.92516966106976573,46.483707791710003
rand,45,D,1,合格,0,合格,合格,5.2412291486126227e-10,6.6452816209960438e-10,1.1886510769608665e-09,2.3773021059040139e-09,合格,合格,4.193993232460475e-16,4.193993232460475e-16,0,6.1186497488522674e-94,0.92516966106976573,46.483707791710003
rand,45,D,2,合格,0,合格,合格,1.2108218351580117e-10,3.1219471709761454e-10,4.3327690061341571e-10,2.475868469953464e-10,合格,合格,1.9073377402610865e-21,1.9073377402610865e-21,0,6.3723377665167751e-95,0.92516966106976573,46.483707791710003
rand,45,D,3,合格,0,合格,合格,4.6764356490948095e-13,2.385485266562149e-10,2.3901617022112437e-10,3.186881997486252e-10,合格,合格,1.1893274794239087e-16,1.1893274794239087e-16,0,8.2023293064496941e-95,0.92516966106976573,46.483707791710003
rand,45,D,4,合格,0,合格,合格,4.4588783298868297e-11,2.3274699404788032e-10,2.7733577734674861e-10,1.1093430491453009e-09,合格,合格,0,0,0,2.8552036159757491e-94,0.92516966106976573,46.483707791710003
rand,45,K,0,合格,0,合格,合格,5.9059485134481881e-11,3.8740985970036898e-10,4.4646934483485085e-10,4.4646928347409075e-10,合格,合格,2.2981445236186798e-12,5.7427736969873784e-13,1.7238671539199421e-12,1.1491131743057043e-94,0.92516966106976573,46.483707791710003
rand,45,K,1,合格,0,合格,解像しない,1.2377366376678119e-09,6.5246192130963188e-09,5.2868825754285075e-09,2.1147530204259041e-08,合格,合格,2.4197976041405167e-16,2.4197976041405167e-16,0,5.4429064800719002e-93,0.92516966106976573,46.483707791710003
rand,45,K,2,合格,0,合格,合格,4.5134461467460323e-09,4.5083549804056468e-09,9.0218011271516799e-09,9.021801150881892e-09,合格,合格,8.424109661402347e-21,8.424109661402347e-21,0,2.322012049244674e-93,0.92516966106976573,46.483707791710003
rand,45,K,3,合格,0,合格,合格,2.6140987175306328e-10,4.2729913884472224e-10,6.8870901059778547e-10,5.5096727996197253e-10,合格,合格,3.1914455854422752e-16,3.1914455854422752e-16,0,1.418067901758404e-94,0.92516966106976573,46.483707791710003
rand,45,K,4,合格,0,合格,合格,1.7408332084782938e-10,3.3783225711106163e-10,5.1191557795889098e-10,2.0476626433897544e-09,合格,合格,0,0,0,5.2702306903255482e-94,0.92516966106976573,46.483707791710003
rand,46,D,0,合格,0,合格,合格,1.0713867533256026e-10,2.34592882739637e-10,1.2745420740707674e-10,8.4969481558439282e-11,合格,合格,9.4356443784221268e-16,1.1794555473027658e-16,1.0615099925724892e-15,2.1869264983465392e-95,2605.4012966242549,4234.8190107470764
rand,46,D,1,合格,0,合格,合格,4.3192196958862838e-11,4.3192196958862838e-11,6.5217765713693723e-14,1.3356594349629255e-10,合格,合格,3.4851340055722222e-20,3.4851340055722222e-20,0,3.4376919306939931e-95,2605.4012966242549,4234.8190107470764
rand,46,D,2,合格,0,合格,合格,4.1535290358158666e-11,2.6925595507134777e-10,3.1079124542950643e-10,6.2158252860026558e-10,合格,合格,1.2627548554434331e-16,1.2627548554434331e-16,0,1.5998159312885126e-94,2605.4012966242549,4234.8190107470764
rand,46,D,3,合格,0,合格,合格,5.5837556674918268e-11,5.0800912591474369e-10,4.5217156923982548e-10,3.0144772528077444e-10,合格,合格,1.3484954748297588e-16,1.3484954748297588e-16,0,7.7585976304846194e-95,2605.4012966242549,4234.8190107470764
rand,46,D,4,合格,0,合格,合格,6.7676376795800687e-12,7.5938498347334817e-11,8.270613602691489e-11,4.1353087157589678e-11,合格,合格,1.1713174010142387e-16,1.1713174010142387e-16,0,1.0643369882299181e-95,2605.4012966242549,4234.8190107470764
rand,46,K,0,合格,0,合格,合格,6.8083808934909462e-11,1.3261764921501028e-10,2.0070145814991976e-10,7.2982362883793871e-11,合格,合格,1.9571436615312892e-13,4.9435999154234786e-14,1.4627836699889414e-13,1.8784045797989146e-95,2605.4012966242549,4234.8190107470764
rand,46,K,1,合格,0,合格,合格,5.2859066099534206e-11,4.973907175077162e-11,1.0259813785030583e-10,2.0519627865659711e-10,合格,合格,1.203980222567949e-16,1.203980222567949e-16,0,5.2812983076468148e-95,2605.4012966242549,4234.8190107470764
rand,46,K,2,合格,0,合格,合格,3.0429865761411669e-10,6.4704178461792916e-10,3.4274312700381242e-10,1.9585317699710235e-10,合格,合格,1.5614000553291846e-20,1.5614000553291846e-20,0,5.040827538364297e-95,2605.4012966242549,4234.8190107470764
rand,46,K,3,合格,0,合格,合格,1.4161534816308243e-10,5.776074656623651e-10,4.3599211749928261e-10,1.74396858448473e-10,合格,合格,0,0,0,4.4885893614290936e-95,2605.4012966242549,4234.8190107470764
rand,46,K,4,合格,0,合格,合格,6.973259009707657e-11,6.6251344931466521e-11,1.3598393502854309e-10,3.3995986315812681e-11,合格,合格,1.255090732815391e-16,1.255090732815391e-16,0,8.749814868570641e-96,2605.4012966242549,4234.8190107470764
rand,47,D,0,合格,0,合格,合格,1.1606035935466211e-10,1.3563875121113319e-10,1.9578391856471075e-11,3.9156532153638425e-11,合格,合格,1.683597585059604e-12,4.2089939626490099e-13,1.2626981887947031e-12,1.0078025213235519e-95,0.37680932600139644,0.1663650427412518
rand,47,D,1,合格,0,合格,合格,4.2004020113009824e-09,4.2004020113009824e-09,5.370239364999472e-12,5.4991253267286155e-09,合格,合格,7.9169047535237555e-16,7.9169047535237555e-16,0,1.415353215551887e-93,0.37680932600139644,0.1663650427412518
rand,47,D,2,合格,0,合格,合格,1.0739849376709555e-10,2.6722685118788159e-11,8.067580864830739e-11,5.378388977704907e-11,合格,合格,1.1143761780002903e-20,1.1143761780002903e-20,0,1.3842783500648044e-95,0.37680932600139644,0.1663650427412518
rand,47,D,3,合格,0,合格,合格,2.329011848894661e-11,5.1855959186779786e-10,4.9526947337885124e-10,3.3017962707498823e-10,合格,合格,1.3165771705293196e-16,1.3165771705293196e-16,0,8.4980932261878957e-95,0.37680932600139644,0.1663650427412518
rand,47,D,4,合格,0,合格,合格,3.2396712516616079e-11,1.5438387973771455e-10,1.2198716722109846e-10,2.4397458792545487e-10,合格,合格,2.0429254960660916e-16,2.0429254960660916e-16,0,6.2793662085650507e-95,0.37680932600139644,0.1663650427412518
rand,47,K,0,合格,0,合格,合格,4.2661596421043816e-12,9.5374539730468574e-11,9.9640699372572954e-11,4.4284717298384743e-11,合格,合格,2.0800520190874303e-12,5.1976975797385407e-13,1.560282261113576e-12,1.1397906631337324e-95,0.37680932600139644,0.1663650427412518
rand,47,K,1,合格,0,合格,合格,8.5427724664656729e-12,1.7508547906097967e-10,1.6654270659451399e-10,8.3271364044402757e-11,合格,合格,1.4957143423733997e-16,1.4957143423733997e-16,0,2.1432207098606028e-95,0.37680932600139644,0.1663650427412518
rand,47,K,2,合格,0,合格,合格,1.5235863192778679e-10,2.3947231041555797e-10,3.9183094234334475e-10,1.2056334977712066e-10,合格,合格,2.3890324289099162e-16,2.3890324289099162e-16,0,3.1030339307845302e-95,0.37680932600139644,0.1663650427412518
rand,47,K,3,合格,0,合格,合格,5.1683477663642038e-09,1.0162174682835398e-08,1.5330522449199601e-08,8.7602985180187544e-09,合格,合格,4.8687414823851157e-16,4.8687414823851157e-16,0,2.2547070561216483e-93,0.37680932600139644,0.1663650427412518
rand,47,K,4,合格,0,合格,合格,5.0813712483189012e-11,2.8190179004144329e-10,2.3108807755825429e-10,4.6217612509710936e-10,合格,合格,1.4966514827928289e-16,1.4966514827928289e-16,0,1.1895391102072752e-94,0.37680932600139644,0.1663650427412518
rand,48,D,0,合格,0,合格,合格,1.1333176272393201e-10,2.7544588267625774e-10,3.8877764540018975e-10,8.1847948089618271e-11,合格,合格,1.758961361630367e-12,4.3969713117693365e-13,1.3192642304534333e-12,2.106585131855499e-95,13.676089123590819,52.566326305084395
rand,48,D,1,合格,0,合格,合格,3.1869637929862873e-12,2.2919830664692926e-10,2.2601134285394297e-10,1.808091304328609e-10,合格,合格,1.3300629326765523e-16,1.3300629326765523e-16,0,4.6536270580239393e-95,13.676089123590819,52.566326305084395
rand,48,D,2,合格,0,解像しない,解像しない,6.1007977008576376e-08,1.1637595039823144e-07,1.7738392740680782e-07,2.3651190308120583e-07,合格,合格,6.3088242615258099e-15,6.3088242615258099e-15,0,6.0872932085259398e-92,13.676089123590819,52.566326305084395
rand,48,D,3,合格,0,合格,合格,2.6898439398718277e-12,2.0559564333400268e-10,2.0828548727387451e-10,1.6662846725068339e-10,合格,合格,2.027853818653565e-20,2.027853818653565e-20,0,4.2886481560884009e-95,13.676089123590819,52.566326305084395
rand,48,D,4,合格,0,合格,合格,5.388959930987078e-10,9.1051428115290545e-10,1.4494102742516132e-09,1.4494103352495585e-09,合格,合格,0,0,0,3.7304615857336326e-94,13.676089123590819,52.566326305084395
rand,48,K,0,合格,0,合格,合格,1.8531474033562747e-11,2.7116567859922206e-11,4.5648041893484954e-11,6.0864149237944663e-11,合格,合格,2.0674974715577565e-12,5.1661168398232955e-13,1.5508857875754272e-12,1.566508566681484e-95,13.676089123590819,52.566326305084395
rand,48,K,1,合格,0,合格,合格,8.4829274029451033e-12,1.3867778373936228e-10,1.4716071114230739e-10,8.4091753433267836e-11,合格,合格,3.541488499538723e-16,3.541488499538723e-16,0,2.1643357179854601e-95,13.676089123590819,52.566326305084395
rand,48,K,2,合格,0,合格,合格,4.1835570198578202e-11,3.3491892902739365e-10,2.9308335882881545e-10,2.9308336047914097e-10,合格,合格,4.2101935108028329e-16,4.2101935108028329e-16,0,7.5433173829059813e-95,13.676089123590819,52.566326305084395
rand,48,K,3,合格,0,合格,解像しない,1.1624896586600566e-08,6.642085252741093e-08,7.8045749114011494e-08,7.8045749121164145e-08,合格,合格,4.8796866707898036e-16,4.8796866707898036e-16,0,2.0087249410718312e-92,13.676089123590819,52.566326305084395
rand,48,K,4,合格,0,合格,合格,2.6566284817591943e-10,1.732897862551893e-10,4.3895263443110873e-10,8.7790509995052696e-10,合格,合格,1.947065311489141e-16,1.947065311489141e-16,0,2.2595335300415118e-94,13.676089123590819,52.566326305084395
rand,49,D,0,合格,0,合格,合格,1.3265454707740984e-11,1.3265454707740984e-11,1.5525265862431768e-13,7.9489376751043823e-11,合格,合格,1.8846587166047427e-12,4.7107877857157741e-13,1.413579938033165e-12,2.0458807228845956e-95,0.11618537002956116,31.650097196862603
rand,49,D,1,合格,0,合格,合格,6.0160768591408556e-12,1.8616847260491495e-09,1.8677008029082904e-09,1.4941607173707118e-09,合格,合格,7.985236075313055e-16,7.985236075313055e-16,0,3.8456391702933009e-94,0.11618537002956116,31.650097196862603
rand,49,D,2,合格,0,合格,合格,6.6021572736990032e-11,1.3011053992365987e-10,1.961321126606499e-10,1.120755077192995e-10,合格,合格,1.0804880620446196e-20,1.0804880620446196e-20,0,2.8845756517698139e-95,0.11618537002956116,31.650097196862603
rand,49,D,3,合格,0,合格,合格,1.0520833345488354e-10,6.8121165322339942e-11,1.733294987772235e-10,3.4665917054985709e-10,合格,合格,9.4143967969049542e-20,9.4143967969049542e-20,0,8.9222402216130434e-95,0.11618537002956116,31.650097196862603
rand,49,D,4,合格,0,合格,合格,1.2261627820857674e-09,3.6348369482956106e-09,2.408674166209843e-09,9.6346964029608805e-09,合格,合格,2.1466457809405391e-16,2.1466457809405391e-16,0,2.47975772956408e-93,0.11618537002956116,31.650097196862603
rand,49,K,0,合格,0,合格,合格,2.5997512025339446e-11,5.7498633678078762e-10,5.4898882475544811e-10,2.7449436112540495e-10,合格,合格,2.3419306391017208e-12,5.854826597754302e-13,1.7564479793262906e-12,7.0648776593862807e-95,0.11618537002956116,31.650097196862603
rand,49,K,1,合格,0,合格,合格,1.491492344303387e-10,6.5763691154043654e-11,2.1491292558438238e-10,2.8655062988103455e-10,合格,合格,1.4222067004762841e-16,1.4222067004762841e-16,0,7.3751793480548176e-95,0.11618537002956116,31.650097196862603
rand,49,K,2,合格,0,合格,合格,3.6170294299111065e-10,1.9100526598979051e-09,1.5483497169067946e-09,3.0966992953021117e-09,合格,合格,1.2435907964868153e-15,1.2435907964868153e-15,0,7.970218979916341e-94,0.11618537002956116,31.650097196862603
rand,49,K,3,合格,0,合格,合格,2.568785579288472e-09,7.1184642083997147e-10,1.8569391584485005e-09,3.7138784816653353e-09,合格,合格,3.9075895210670153e-19,3.9075895210670153e-19,0,9.5587016823291982e-94,0.11618537002956116,31.650097196862603
rand,49,K,4,合格,0,合格,解像しない,2.5031163618695856e-09,2.5031163618695856e-09,0,1.0038828759173293e-08,合格,合格,1.1231880625554745e-16,1.1231880625554745e-16,0,2.58377245843262e-93,0.11618537002956116,31.650097196862603
rand,50,D,0,合格,0,合格,合格,1.1492358121410886e-10,1.1492358121410886e-10,1.5208521089797886e-14,4.9835045444680022e-10,合格,合格,1.4838655402827877e-12,3.7099656702375774e-13,1.1128689732590299e-12,1.2826438320012338e-94,0.30720973466283558,17.162091180030679
rand,50,D,1,合格,0,合格,合格,2.8323912935137765e-09,3.9810897493820877e-09,1.1486984558683112e-09,4.5947939257839977e-09,合格,合格,5.1455930228599382e-16,5.1455930228599382e-16,0,1.1825983172355508e-93,0.30720973466283558,17.162091180030679
rand,50,D,2,合格,0,合格,合格,1.3087846800021529e-10,6.6530886857090382e-10,7.9618733657111908e-10,3.1847493179124741e-09,合格,合格,2.1995383066686939e-16,2.1995383066686939e-16,0,8.1968402609867423e-94,0.30720973466283558,17.162091180030679
rand,50,D,3,合格,0,合格,合格,1.2509784719782369e-11,1.2509784719782369e-11,1.5980305961383385e-13,5.8182549241647965e-10,合格,合格,1.8782050476364191e-16,1.8782050476364191e-16,0,1.4974901146172115e-94,0.30720973466283558,17.162091180030679
rand,50,D,4,合格,0,合格,合格,3.8234157373010977e-10,1.6876010960762005e-09,1.3052595223460906e-09,5.2210384360523377e-09,合格,合格,0,0,0,1.3437798013202749e-93,0.30720973466283558,17.162091180030679
rand,50,K,0,合格,0,合格,合格,3.9136265254409313e-11,1.4617596478320988e-12,3.7674505606577217e-11,1.5069850426444069e-10,合格,合格,2.0551919276486305e-12,5.1383978469320981e-13,1.5413521429554206e-12,3.8786461467395091e-95,0.30720973466283558,17.162091180030679
rand,50,K,1,合格,0,合格,合格,9.4730068732645481e-11,3.1419989544461595e-10,4.089299641772614e-10,2.7261997239238056e-10,合格,合格,5.7986879902018297e-20,5.7986879902018297e-20,0,7.0166350396448154e-95,0.30720973466283558,17.162091180030679
rand,50,K,2,合格,0,合格,合格,2.8484379618945147e-10,1.0742470232392805e-09,1.3590908194287319e-09,1.8121212935266344e-09,合格,合格,3.9404267566054109e-16,3.9404267566054109e-16,0,4.6639993587648243e-94,0.30720973466283558,17.162091180030679
rand,50,K,3,合格,0,合格,合格,6.2845133157976591e-11,6.6269839657045909e-11,1.2911497281502249e-10,5.1645990809674954e-10,合格,合格,3.479803386014551e-16,3.479803386014551e-16,0,1.3292535597896919e-94,0.30720973466283558,17.162091180030679
rand,50,K,4,合格,0,合格,合格,1.0901117950071023e-10,6.3032463365316759e-10,5.2131345415245732e-10,2.0852537599574393e-09,合格,合格,1.475914323169211e-16,1.475914323169211e-16,0,5.36698190901783e-94,0.30720973466283558,17.162091180030679
rand,51,D,0,合格,0,合格,合格,3.4428559970284991e-11,1.5216570184364755e-10,1.8659426181393254e-10,2.4879229593044818e-10,合格,合格,8.3054842406378647e-13,2.0778826139523509e-13,6.2276016266855133e-13,6.4033633555897717e-95,1474.2405744454463,234.96148317877714
rand,51,D,1,合格,0,合格,合格,1.0523724221820334e-09,6.9423595596962437e-10,1.7466083781516577e-09,2.3288110728757144e-09,合格,合格,3.0278417877333293e-22,3.0278417877333293e-22,0,5.9938445563092834e-94,1474.2405744454463,234.96148317877714
rand,51,D,2,合格,0,合格,合格,6.9820098637614396e-10,1.629048802164228e-09,9.3084781578808406e-10,3.723391334483033e-09,合格,合格,2.1144329571739924e-16,2.1144329571739924e-16,0,9.5831856611888142e-94,1474.2405744454463,234.96148317877714
rand,51,D,3,合格,0,不一致,解像しない,1.7183518152347795e-06,1.7183518152347795e-06,1.5234364127903856e-10,4.9919964374769256e-06,合格,合格,2.1609338728373473e-16,2.1609338728373473e-16,0,1.2848294574165856e-90,1474.2405744454463,234.96148317877714
rand,51,D,4,合格,0,合格,合格,1.2575160032650245e-10,1.9223418617138328e-10,3.1798578649788574e-10,2.1199048874744325e-10,合格,合格,2.2096340633643371e-16,2.2096340633643371e-16,0,5.4561662462346915e-95,1474.2405744454463,234.96148317877714
rand,51,K,0,合格,0,合格,解像しない,2.5801065584286783e-08,2.5801065584286783e-08,1.0814272093868282e-12,1.771810290599901e-08,合格,合格,2.853193925521013e-10,7.1380325688989315e-11,2.13939066863112e-10,4.5602477542375371e-93,1474.2405744454463,234.96148317877714
rand,51,K,1,合格,0,合格,合格,1.0166221857124096e-10,3.1876394020433594e-11,1.3353861259167455e-10,1.3353864751250114e-10,合格,合格,1.7518544950171796e-16,1.7518544950171796e-16,0,3.4369893924513558e-95,1474.2405744454463,234.96148317877714
rand,51,K,2,合格,0,合格,合格,1.4937802959797274e-10,2.1066726442286652e-10,3.6004529402083926e-10,4.8006049750682392e-10,合格,合格,1.006470175282258e-20,1.006470175282258e-20,0,1.2355695286725246e-94,1474.2405744454463,234.96148317877714
rand,51,K,3,合格,0,合格,合格,1.1408031588254866e-11,4.9463670278212947e-11,3.8055638689958081e-11,1.5222225962162753e-10,合格,合格,1.8704144130795622e-16,1.8704144130795622e-16,0,3.9178642390064075e-95,1474.2405744454463,234.96148317877714
rand,51,K,4,合格,0,合格,合格,5.6714382359724479e-11,1.4393608610473078e-10,2.0065046846445526e-10,6.1738606601225677e-11,合格,合格,1.2507665311768663e-16,1.2507665311768663e-16,0,1.5890151648666009e-95,1474.2405744454463,234.96148317877714
rand,52,D,0,合格,0,合格,合格,9.2695502417818649e-11,5.5624443911677219e-11,1.4831994632949586e-10,3.4898796345988732e-11,合格,合格,2.3438307596217505e-12,5.8611096160041681e-13,1.7577197980213339e-12,8.9821781997046706e-96,0.29007740861134618,508.16569069467414
rand,52,D,1,合格,0,合格,合格,1.4164624798044724e-10,1.2392855132522907e-10,2.655747993056763e-10,1.5175692891100494e-10,合格,合格,3.93906038422352e-16,3.93906038422352e-16,0,3.905887655851018e-95,0.29007740861134618,508.16569069467414
rand,52,D,2,合格,0,合格,合格,5.2261632934509573e-11,2.8626143051981753e-10,2.3399979758530796e-10,1.1699985781876141e-10,合格,合格,1.3475431938949789e-16,1.3475431938949789e-16,0,3.011317530408228e-95,0.29007740861134618,508.16569069467414
rand,52,D,3,合格,0,合格,合格,5.2941216580084869e-11,8.9953061407989815e-11,3.701184482790494e-11,7.4023778846652964e-11,合格,合格,1.1883266060438491e-19,1.1883266060438491e-19,0,1.905208323015957e-95,0.29007740861134618,508.16569069467414
rand,52,D,4,合格,0,合格,解像しない,1.0163740961657111e-09,1.0163740961657111e-09,0,1.1618512181935979e-07,合格,合格,0,0,0,2.9903480280225649e-92,0.29007740861134618,508.16569069467414
rand,52,K,0,合格,0,合格,合格,4.1803621984958726e-11,6.7166656436440674e-11,2.5363034451481945e-11,5.0726216461229294e-11,合格,合格,1.4996151202433838e-12,3.7487319314887231e-13,1.1247419270945114e-12,1.3055806026499946e-95,0.29007740861134618,508.16569069467414
rand,52,K,1,合格,0,合格,合格,1.4749579226350197e-11,1.3485456116918177e-10,1.2010498194283158e-10,1.6013999260482407e-10,合格,合格,4.3208282242647639e-16,4.3208282242647639e-16,0,4.1216491715515808e-95,0.29007740861134618,508.16569069467414
rand,52,K,2,合格,0,合格,合格,9.014229360477714e-11,3.677198492897072e-10,4.5786214289448434e-10,9.1572431496454684e-10,合格,合格,4.7187753484956288e-16,4.7187753484956288e-16,0,2.3568718236780824e-94,0.29007740861134618,508.16569069467414
rand,52,K,3,合格,0,合格,合格,5.3752177668511065e-11,9.4163650929015763e-11,4.0411473260504698e-11,8.082287797268751e-11,合格,合格,1.4230995485584536e-16,1.4230995485584536e-16,0,2.0802020945547799e-95,0.29007740861134618,508.16569069467414
rand,52,K,4,合格,0,合格,解像しない,3.4946170690071683e-08,9.2157981494942654e-08,5.7211810804870971e-08,2.2884724325669772e-07,合格,合格,0,0,0,5.8900218192742528e-92,0.29007740861134618,508.16569069467414
rand,53,D,0,合格,0,合格,合格,1.5288097613579298e-11,2.2967297896420411e-10,2.4496107657778341e-10,3.7686302355955068e-11,合格,合格,1.8150810290841602e-12,4.5358641063897175e-13,1.3614946184451885e-12,9.6996205855691684e-96,15.301895222807195,142.36572459948999
rand,53,D,1,合格,0,合格,合格,1.1015401904225263e-10,3.2113511096007524e-09,3.1011970905585e-09,1.240478883287771e-09,合格,合格,4.1945625952529898e-19,4.1945625952529898e-19,0,3.1927182451213955e-94,15.301895222807195,142.36572459948999
rand,53,D,2,合格,0,合格,合格,3.6505152070762547e-11,1.6516269193199312e-10,1.2865753986123058e-10,5.1463018742111491e-11,合格,合格,1.3064663487723648e-16,1.3064663487723648e-16,0,1.3245442635144571e-95,15.301895222807195,142.36572459948999
rand,53,D,3,合格,0,合格,合格,2.5657505238363021e-11,2.5657505238363021e-11,5.0676962950123978e-13,2.5946604375288982e-10,合格,合格,1.9787217250007017e-19,1.9787217250007017e-19,0,6.6780820136471583e-95,15.301895222807195,142.36572459948999
rand,53,D,4,合格,0,合格,合格,2.9745203920125894e-11,1.7490437400408086e-10,2.0464957792420677e-10,4.0929900029619442e-10,合格,合格,1.2823474803791143e-16,1.2823474803791143e-16,0,1.0534450876681763e-94,15.301895222807195,142.36572459948999
rand,53,K,0,合格,0,合格,合格,1.9644490961568285e-11,3.1160819614195209e-10,3.3125268710352039e-10,3.3125267968357648e-11,合格,合格,1.9377590713960782e-12,4.8447571885219944e-13,1.4532833525438786e-12,8.5257112266840804e-96,15.301895222807195,142.36572459948999
rand,53,K,1,合格,0,合格,合格,8.0375580995540449e-11,2.738763099944918e-10,1.9350072899895132e-10,9.6750388219942588e-11,合格,合格,1.8076932964162348e-20,1.8076932964162348e-20,0,2.4901409758277182e-95,15.301895222807195,142.36572459948999
rand,53,K,2,合格,0,合格,合格,1.2947313172453746e-09,8.3894439742318811e-10,4.5578691982218663e-10,9.1157387715517626e-10,合格,合格,6.2966452937295481e-16,6.2966452937295481e-16,0,2.3461895148554621e-94,15.301895222807195,142.36572459948999
rand,53,K,3,合格,0,合格,合格,5.1706832248518539e-11,1.7029167316921248e-11,3.4677664931597288e-11,6.935528124789135e-11,合格,合格,1.512339327618432e-20,1.512339327618432e-20,0,1.7850515217863639e-95,15.301895222807195,142.36572459948999
rand,53,K,4,合格,0,合格,合格,1.3185235470374866e-10,2.1400537875859392e-10,3.4585773346234261e-10,2.305718567232068e-10,合格,合格,0,0,0,5.9344095549663906e-95,15.301895222807195,142.36572459948999
rand,54,D,0,合格,0,合格,合格,4.8120275065502495e-11,4.7715540473227982e-11,9.5835815538730477e-11,7.6668651301199217e-11,合格,合格,2.0485076576026251e-12,5.1216239253812777e-13,1.5363452650644975e-12,1.9732814893988295e-95,0.081347756533940441,78174.842343047858
rand,54,D,1,合格,0,合格,合格,4.3151840875080344e-11,4.3151840875080344e-11,1.899765642556499e-13,1.9453597953483282e-10,合格,合格,2.7583019348889759e-16,2.7583019348889759e-16,0,5.0069257893956293e-95,0.081347756533940441,78174.842343047858
rand,54,D,2,合格,0,合格,合格,6.6826056143017959e-12,4.894805885698774e-10,4.827979829555757e-10,4.8279794005033451e-10,合格,合格,2.7075362576430914e-16,2.7075362576430914e-16,0,1.2426151002428149e-94,0.081347756533940441,78174.842343047858
rand,54,D,3,合格,0,合格,合格,2.3265236865481166e-11,1.0534921668018089e-10,1.2861445354566206e-10,1.7148595368938654e-10,合格,合格,1.29575254054476e-16,1.29575254054476e-16,0,4.4136691120048232e-95,0.081347756533940441,78174.842343047858
rand,54,D,4,合格,0,合格,解像しない,8.9127200531665388e-07,8.9127200531665388e-07,0,1.6108780747962326e-05,合格,合格,0,0,0,4.1460438298124972e-90,0.081347756533940441,78174.842343047858
rand,54,K,0,合格,0,合格,合格,4.7769651225305541e-11,1.7410733572059785e-11,6.518038479736533e-11,1.3036064343935775e-10,合格,合格,1.9173716086972896e-12,4.7931087124200206e-13,1.4380607374552875e-12,3.355194597521008e-95,0.081347756533940441,78174.842343047858
rand,54,K,1,合格,0,合格,合格,1.171839905318162e-11,1.171839905318162e-11,2.0054878633706211e-13,2.0536205966525673e-10,合格,合格,8.1186215034483449e-21,8.1186215034483449e-21,0,5.2855651440933924e-95,0.081347756533940441,78174.842343047858
rand,54,K,2,合格,0,合格,合格,3.3317086930855862e-11,1.4593922953589535e-10,1.7925631646675122e-10,3.5851258814855497e-10,合格,合格,3.8519758052172546e-16,3.8519758052172546e-16,0,9.2273209702195994e-95,0.081347756533940441,78174.842343047858
rand,54,K,3,合格,0,合格,解像しない,3.2025450038679947e-08,8.8617461795645596e-09,4.0887196218244501e-08,8.177439239281065e-08,合格,合格,4.9945724389761025e-15,4.9945724389761025e-15,0,2.1046919709287456e-92,0.081347756533940441,78174.842343047858
rand,54,K,4,合格,0,解像しない,解像しない,2.647146886466271e-06,7.9580098270251247e-06,1.0605156713491396e-05,2.1210313427087332e-05,合格,合格,1.9754081433192849e-16,1.9754081433192849e-16,0,5.4590654928299518e-90,0.081347756533940441,78174.842343047858
rand,55,D,0,合格,0,合格,合格,1.0062285453447837e-10,6.2531271604434166e-11,1.6315412613891254e-10,1.3052332378389437e-10,合格,合格,1.9365220488256147e-12,4.8417425762180138e-13,1.4523477912038134e-12,3.3593816297318918e-95,22.561934241000298,8439.0084149153336
rand,55,D,1,合格,0,合格,合格,5.138087597832674e-11,2.8616271336149259e-10,3.3754358933981932e-10,4.5005788368338756e-10,合格,合格,3.7869717992840948e-16,3.7869717992840948e-16,0,1.1583494374271705e-94,22.561934241000298,8439.0084149153336
rand,55,D,2,合格,0,合格,合格,2.8164372243831848e-11,2.8164372243831848e-11,1.4125082054220981e-13,2.8928164592536302e-10,合格,合格,1.2266659223536416e-16,1.2266659223536416e-16,0,7.4454696598845275e-95,22.561934241000298,8439.0084149153336
rand,55,D,3,合格,0,合格,合格,1.392277497592826e-11,6.9098351729317169e-10,7.0490629226909995e-10,9.3987509808925761e-10,合格,合格,5.400564004381134e-20,5.400564004381134e-20,0,2.4190305971606831e-94,22.561934241000298,8439.0084149153336
rand,55,D,4,合格,0,合格,合格,1.1647724387378983e-11,1.1647724387378983e-11,0,1.0884713550015123e-09,合格,合格,0,0,0,2.8014844921782919e-94,22.561934241000298,8439.0084149153336
rand,55,K,0,合格,0,合格,合格,1.6745115408179432e-11,1.6745115408179432e-11,6.75052826557133e-14,2.7650162707320105e-10,合格,合格,1.7878674693587396e-12,4.4712855799469744e-13,1.3407389113640421e-12,7.1165402447045735e-95,22.561934241000298,8439.0084149153336
rand,55,K,1,合格,0,合格,合格,1.0491516354697305e-10,3.8567216727233943e-10,2.8075700372536639e-10,5.6151390100621544e-10,合格,合格,2.7259943569177594e-21,2.7259943569177594e-21,0,1.4452125713581719e-94,22.561934241000298,8439.0084149153336
rand,55,K,2,合格,0,合格,解像しない,9.4060182473223998e-09,2.7376600337838905e-08,3.6782618585161306e-08,4.9043491442185634e-08,合格,合格,5.0745854975481693e-16,5.0745854975481693e-16,0,1.2622709829361649e-92,22.561934241000298,8439.0084149153336
rand,55,K,3,合格,0,合格,合格,5.1363380888249745e-11,4.4221174249123201e-10,4.935751233794818e-10,6.5810015125641495e-10,合格,合格,4.4900290788090747e-20,4.4900290788090747e-20,0,1.6938042141150083e-94,22.561934241000298,8439.0084149153336
rand,55,K,4,合格,0,合格,合格,6.6651593835383058e-11,6.6651593835383058e-11,0,2.9710623692880319e-09,合格,合格,0,0,0,7.6468573239057361e-94,22.561934241000298,8439.0084149153336
rand,56,D,0,合格,0,合格,合格,4.2536815861628252e-10,5.4934801564464338e-10,9.7471617426092585e-10,1.9494323647236212e-09,合格,合格,3.2709159653899522e-12,8.175264327665251e-13,2.453389532623427e-12,5.0174076820938415e-94,15.509259098421714,4987.9467605815353
rand,56,D,1,合格,0,合格,合格,1.9824325040634209e-10,9.9372661609141328e-10,1.1919698664977553e-09,2.3839395418670306e-09,合格,合格,3.8591299918566263e-16,3.8591299918566263e-16,0,6.1357330407852845e-94,15.509259098421714,4987.9467605815353
rand,56,D,2,合格,0,合格,解像しない,2.5475911959648883e-09,8.90362395856687e-08,8.6488648389703813e-08,3.4595459382209549e-07,合格,合格,2.7731568066693808e-19,2.7731568066693808e-19,0,8.9041059752012844e-92,15.509259098421714,4987.9467605815353
rand,56,D,3,合格,0,合格,解像しない,1.848610868104454e-09,1.5827180129160719e-09,3.4313288810205258e-09,1.3725315512986852e-08,合格,合格,1.1679204404236166e-16,1.1679204404236166e-16,0,3.532592601835937e-93,15.509259098421714,4987.9467605815353
rand,56,D,4,合格,0,合格,解像しない,8.9764034647948027e-09,8.9764034647948027e-09,0,5.6346002824535138e-08,合格,合格,1.7296278258701466e-16,1.7296278258701466e-16,0,1.4502214723781142e-92,15.509259098421714,4987.9467605815353
rand,56,K,0,合格,0,合格,合格,2.1924729445816924e-11,1.0549471385203819e-10,8.356998440622127e-11,1.671401055392132e-10,合格,合格,1.8855180612983549e-12,4.7148790334834689e-13,1.4140301579500079e-12,4.3018165938643212e-95,15.509259098421714,4987.9467605815353
rand,56,K,1,合格,0,合格,合格,6.8967105594142144e-11,2.8572184401895358e-10,3.546889496130957e-10,3.5468893941076945e-10,合格,合格,1.140983758772678e-16,1.140983758772678e-16,0,9.1289087098213607e-95,15.509259098421714,4987.9467605815353
rand,56,K,2,合格,0,合格,合格,9.730817823389379e-11,1.6612397474661479e-11,8.069578075923231e-11,3.2278290587061712e-10,合格,合格,1.1655041937124812e-16,1.1655041937124812e-16,0,8.3077179843241977e-95,15.509259098421714,4987.9467605815353
rand,56,K,3,合格,0,合格,解像しない,2.4930789796094966e-09,7.4328658294607527e-09,4.9397868498512562e-09,1.9759147209298406e-08,合格,合格,8.4918917408663168e-19,8.4918917408663168e-19,0,5.0855674089320016e-93,15.509259098421714,4987.9467605815353
rand,56,K,4,合格,0,合格,解像しない,1.7469237120064365e-08,1.7469237120064365e-08,0,6.6819477191756594e-08,合格,合格,2.0275303665602307e-16,2.0275303665602307e-16,0,1.7197855347135625e-92,15.509259098421714,4987.9467605815353
rand,57,D,0,合格,0,合格,合格,9.084367623510675e-11,1.2549214619869407e-10,2.1633582243380081e-10,1.0816788494203148e-10,合格,合格,2.0476645618630657e-12,5.1191614046576642e-13,1.5357484213972991e-12,2.7840020853502933e-95,0.18242686560106181,51.247646090085318
rand,57,D,1,合格,0,合格,合格,1.1262936914712994e-10,1.4367976916895503e-10,2.5630913831608497e-10,5.1261826788431547e-10,合格,合格,7.0468510101105001e-21,7.0468510101105001e-21,0,1.3193660276739316e-94,0.18242686560106181,51.247646090085318
rand,57,D,2,合格,0,合格,合格,1.8660531213966924e-10,7.9868390680620512e-11,2.6647370282028972e-10,5.3294747860562976e-10,合格,合格,1.5244037524071923e-16,1.5244037524071923e-16,0,1.3716889191421297e-94,0.18242686560106181,51.247646090085318
rand,57,D,3,合格,0,合格,合格,2.9943025719216757e-11,7.7049478036520933e-11,4.7106452317304176e-11,1.88425464112174e-10,合格,合格,2.1760287287591027e-16,2.1760287287591027e-16,0,4.8496546391982848e-95,0.18242686560106181,51.247646090085318
rand,57,D,4,合格,0,合格,合格,6.4271795542170445e-10,1.6172097166442954e-09,2.259927672066e-09,9.0397102821421455e-09,合格,合格,1.8113374534826041e-16,1.8113374534826041e-16,0,2.3266214634716489e-93,0.18242686560106181,51.247646090085318
rand,57,K,0,合格,0,合格,合格,2.5560667830516814e-10,3.7507086439640269e-10,1.1946418609123453e-10,4.7785674451937851e-10,合格,合格,1.7003888592191058e-12,4.253079023389602e-13,1.2750809568801456e-12,1.2298975559646059e-94,0.18242686560106181,51.247646090085318
rand,57,K,1,合格,0,合格,合格,6.8761146516666154e-11,6.8761146516666154e-11,1.6117782175265495e-13,4.4012285734295659e-10,合格,合格,1.185027875166272e-20,1.185027875166272e-20,0,1.1327788773070454e-94,0.18242686560106181,51.247646090085318
rand,57,K,2,合格,0,合格,合格,6.2231065405294884e-10,7.2237503223769057e-10,1.3446856862906395e-09,5.3787425096915934e-09,合格,合格,5.4128937745650436e-16,5.4128937745650436e-16,0,1.3843693413778637e-93,0.18242686560106181,51.247646090085318
rand,57,K,3,合格,0,合格,解像しない,2.0869841361929943e-09,1.5079902380279432e-09,3.5949743742209375e-09,1.4379897456836181e-08,合格,合格,1.3250493385033422e-19,1.3250493385033422e-19,0,3.7010675144854546e-93,0.18242686560106181,51.247646090085318
rand,57,K,4,合格,0,合格,解像しない,6.3169158915683481e-10,2.6559171850305948e-09,3.2876087741874295e-09,1.3150435360362263e-08,合格,合格,0,0,0,3.384631167202075e-93,0.18242686560106181,51.247646090085318
rand,58,D,0,合格,0,合格,合格,5.9566184177192211e-09,1.0092062541086601e-08,1.6048680958805821e-08,8.0243404399963967e-09,合格,合格,6.8241238890130084e-11,1.7049693368770865e-11,5.1191545521359216e-11,2.0652877266189337e-93,541.98033498750613,2.1102681149402542
rand,58,D,1,合格,0,合格,合格,2.1261583975948495e-09,7.0252089974223366e-11,2.0559063076206262e-09,4.1118128049266329e-09,合格,合格,2.353945462941904e-16,2.353945462941904e-16,0,1.0582896605235956e-93,541.98033498750613,2.1102681149402542
rand,58,D,2,合格,0,合格,合格,1.0654128799021892e-10,1.8838591630104156e-10,8.1844628310822623e-11,1.6368928820124077e-10,合格,合格,1.879459348675167e-16,1.879459348675167e-16,0,4.2130001889745821e-95,541.98033498750613,2.1102681149402542
rand,58,D,3,合格,0,合格,合格,1.0690781077490481e-10,2.2280148435046309e-10,3.2970929512536791e-10,4.3961247721268654e-10,合格,合格,1.539624220521804e-16,1.539624220521804e-16,0,1.1314652717505028e-94,541.98033498750613,2.1102681149402542
rand,58,D,4,合格,0,合格,合格,1.2789455030980963e-10,1.5646046583718663e-10,2.8565915527376989e-11,1.1426366442639258e-10,合格,合格,1.1839665245334948e-16,1.1839665245334948e-16,0,2.9408939650925257e-95,541.98033498750613,2.1102681149402542
rand,58,K,0,合格,0,合格,合格,2.5790273775821679e-10,6.8689865721272156e-10,4.2899591945450483e-10,5.7199454394830157e-10,合格,合格,5.3379524042856164e-12,1.3346639770237484e-12,4.0032884272618679e-12,1.4721874279176919e-94,541.98033498750613,2.1102681149402542
rand,58,K,1,合格,0,合格,合格,2.3780206100165915e-11,1.0123130563909073e-10,7.7451099538924812e-11,3.098044544029049e-10,合格,合格,3.9814612126495826e-16,3.9814612126495826e-16,0,7.973681352563375e-95,541.98033498750613,2.1102681149402542
rand,58,K,2,合格,0,合格,合格,1.086698418618853e-10,5.0403679476179954e-11,5.8266162385705354e-11,2.3306443251735494e-10,合格,合格,2.3012594127276815e-16,2.3012594127276815e-16,0,5.9985629421988484e-95,541.98033498750613,2.1102681149402542
rand,58,K,3,合格,0,合格,解像しない,3.6177325004896571e-09,3.3335537340519439e-11,3.6510680378301765e-09,1.460427205577933e-08,合格,合格,2.2830683327753497e-16,2.2830683327753497e-16,0,3.7588165729691372e-93,541.98033498750613,2.1102681149402542
rand,58,K,4,合格,0,合格,合格,5.2938931615630816e-11,1.1833190862300427e-10,1.7127084023863508e-10,1.7127081967459811e-10,合格,合格,2.7681500298379976e-16,2.7681500298379976e-16,0,4.4081320383519385e-95,541.98033498750613,2.1102681149402542
rand,59,D,0,合格,0,合格,合格,4.2146139797760393e-12,1.0563438563785486e-10,1.0984899961763091e-10,7.3232624344315964e-11,合格,合格,1.6491744233122424e-12,4.1246496642898662e-13,1.2367094568832556e-12,1.8848457562012239e-95,0.021561744611690917,13036.797899461439
rand,59,D,1,合格,0,合格,合格,1.7273204097161947e-11,1.7273204097161947e-11,9.8546764163614784e-14,1.0091171777476676e-10,合格,合格,3.7756462648717884e-16,3.7756462648717884e-16,0,2.5972443934887821e-95,0.021561744611690917,13036.797899461439
rand,59,D,2,合格,0,合格,合格,5.043511129668699e-10,1.0214082069997034e-09,1.5257593199665734e-09,6.1030374010378342e-10,合格,合格,8.9806093483872894e-21,8.9806093483872894e-21,0,1.5707868246259769e-94,0.021561744611690917,13036.797899461439
rand,59,D,3,合格,0,合格,合格,2.6265202754402162e-10,1.3985994403413445e-09,1.6612514678853661e-09,4.7464329161167519e-10,合格,合格,1.1563340445361124e-16,1.1563340445361124e-16,0,1.2216268390128827e-94,0.021561744611690917,13036.797899461439
rand,59,D,4,合格,0,不一致,解像しない,3.8508818980202721e-06,3.8508818980202721e-06,0,1.1035292647355956e-05,合格,合格,1.2959963358024553e-16,1.2959963358024553e-16,0,2.8402402209448943e-90,0.021561744611690917,13036.797899461439
rand,59,K,0,合格,0,合格,合格,2.7759912272566995e-11,4.4278752198506226e-11,7.2038664471073215e-11,4.8025750554689951e-11,合格,合格,2.229970334483489e-12,5.5732804416522588e-13,1.6726422903182631e-12,1.2360765837884633e-95,0.021561744611690917,13036.797899461439
rand,59,K,1,合格,0,合格,合格,7.2795069899775382e-10,1.068490948179164e-10,6.2110160417983747e-10,6.2110164318132022e-10,合格,合格,9.8750196224740537e-16,9.8750196224740537e-16,0,1.5985782385945343e-94,0.021561744611690917,13036.797899461439
rand,59,K,2,合格,0,合格,解像しない,3.0580255954144377e-09,9.7583885018419279e-09,6.7003629064274898e-09,1.3400725631096613e-08,合格,合格,2.7235636698835454e-16,2.7235636698835454e-16,0,3.4490503463365057e-93,0.021561744611690917,13036.797899461439
rand,59,K,3,合格,0,合格,合格,1.2352446880985914e-10,2.8028552775076327e-10,1.5676105894090413e-10,5.2253674839290816e-11,合格,合格,2.1800346408572129e-16,2.1800346408572129e-16,0,1.3448940024829301e-95,0.021561744611690917,13036.797899461439
rand,59,K,4,合格,0,合格,解像しない,2.1361560163166668e-08,2.1361560163166668e-08,0,1.1415264247830413e-05,合格,合格,2.5756367936323075e-16,2.5756367936323075e-16,0,2.9380365057351246e-90,0.021561744611690917,13036.797899461439
rand,60,D,0,合格,0,合格,合格,5.5906347425617398e-11,1.1530319864982906e-10,1.7120954607544645e-10,4.2802404527873026e-11,合格,合格,1.8659603969016824e-12,4.664900992254206e-13,1.3994702976762619e-12,1.1016392113746676e-95,0.36436763840615571,47.800160093857386
rand,60,D,1,合格,0,合格,合格,3.1792632168983818e-11,5.2324114054803187e-11,2.0531481885819366e-11,8.2126047687055588e-11,合格,合格,9.023461252808474e-21,9.023461252808474e-21,0,2.1137428003225813e-95,0.36436763840615571,47.800160093857386
rand,60,D,2,合格,0,合格,合格,4.1621969813020088e-11,9.0381586745198988e-11,4.8759616932178906e-11,1.9503826317542295e-10,合格,合格,2.288807798351393e-16,2.288807798351393e-16,0,5.019853459226556e-95,0.36436763840615571,47.800160093857386
rand,60,D,3,合格,0,合格,合格,1.7496965502188229e-10,3.4712973701172015e-11,2.0968262872305433e-10,1.6774619386669214e-10,合格,合格,1.7087781486707531e-16,1.7087781486707531e-16,0,4.3174159667143323e-95,0.36436763840615571,47.800160093857386
rand,60,D,4,合格,0,合格,解像しない,1.157172240805857e-09,1.157172240805857e-09,0,1.0185119031420158e-08,合格,合格,0,0,0,2.6214243384911046e-93,0.36436763840615571,47.800160093857386
rand,60,K,0,合格,0,合格,合格,4.8126098624919853e-11,5.6799176829357865e-11,1.0492527545427772e-10,5.9957325129623189e-11,合格,合格,2.1754451743914172e-12,5.4381883428849392e-13,1.6316263401029234e-12,1.5431689200759701e-95,0.36436763840615571,47.800160093857386
rand,60,K,1,合格,0,合格,合格,1.8682816267696648e-10,6.5754241451151262e-10,8.4437057718847901e-10,1.6887413307396995e-09,合格,合格,9.141087447624575e-21,9.141087447624575e-21,0,4.3464466268487394e-94,0.36436763840615571,47.800160093857386
rand,60,K,2,合格,0,合格,合格,2.0011611828511745e-10,9.0987342356746536e-11,2.9110346064186399e-10,3.8813801570658524e-10,合格,合格,1.096888665864016e-20,1.096888665864016e-20,0,9.9898139425574694e-95,0.36436763840615571,47.800160093857386
rand,60,K,3,合格,0,合格,合格,4.1046398885550504e-12,1.6376647548980878e-10,1.6787111537836383e-10,7.4609400709503524e-11,合格,合格,4.538867616275456e-21,4.538867616275456e-21,0,1.920280934339331e-95,0.36436763840615571,47.800160093857386
rand,60,K,4,合格,0,合格,合格,2.7824930119103632e-09,1.8977368562728091e-09,4.6802298681831728e-09,9.3604598533925763e-09,合格,合格,0,0,0,2.4091753079620875e-93,0.36436763840615571,47.800160093857386
rand,61,D,0,合格,0,合格,合格,1.5762482379581945e-10,1.5762482379581945e-10,1.9048642616734394e-15,2.4967434616941945e-10,合格,合格,1.1227887606876607e-13,2.8385109118508273e-14,8.3893766950257795e-14,6.426065377599315e-95,1978.9135842169092,42.971431122275817
rand,61,D,1,合格,0,合格,合格,7.1748743551827968e-12,4.883206454020103e-10,4.8114577104682748e-10,3.207639119305565e-10,合格,合格,6.4866365166749021e-23,6.4866365166749021e-23,0,8.2557535464279528e-95,1978.9135842169092,42.971431122275817
rand,61,D,2,合格,0,合格,合格,8.9704516478052201e-11,3.3469610678147735e-09,3.4366655842928259e-09,4.582220874225839e-09,合格,合格,1.2807319718289159e-16,1.2807319718289159e-16,0,1.1793622918870022e-93,1978.9135842169092,42.971431122275817
rand,61,D,3,合格,0,合格,合格,9.8802528933381816e-10,4.1126144717925957e-09,3.1245891824587773e-09,4.166119004508216e-09,合格,合格,1.2469833233297265e-16,1.2469833233297265e-16,0,1.0722668750141628e-93,1978.9135842169092,42.971431122275817
rand,61,D,4,合格,0,合格,合格,8.544745495268484e-11,3.1027658912388054e-10,3.9572404407656538e-10,1.3190800083848488e-10,合格,合格,1.3726410585744803e-16,1.3726410585744803e-16,0,3.3950201541384899e-95,1978.9135842169092,42.971431122275817
rand,61,K,0,合格,0,合格,合格,3.2315530315254584e-10,5.249171309860235e-10,8.4807243413856929e-10,2.8269082325047106e-10,合格,合格,2.7946094300282177e-12,6.9861327643318822e-13,2.0959961535950297e-12,7.2758364634796373e-95,1978.9135842169092,42.971431122275817
rand,61,K,1,合格,0,合格,合格,1.5976917377177571e-10,6.5314056585763848e-11,2.2508323035753954e-10,1.8006654368400488e-10,合格,合格,1.1185771709644213e-16,1.1185771709644213e-16,0,4.6345145177493785e-95,1978.9135842169092,42.971431122275817
rand,61,K,2,合格,0,合格,合格,3.3305571430802643e-10,1.93962898326004e-10,1.3909281598202242e-10,5.5637101831016711e-10,合格,合格,0,0,0,1.4319759289312782e-94,1978.9135842169092,42.971431122275817
rand,61,K,3,合格,0,合格,合格,9.5829062961548356e-11,6.9381748767963927e-11,1.6521081172951227e-10,1.6521084179201554e-10,合格,合格,8.1529352408090611e-22,8.1529352408090611e-22,0,4.252161612644457e-95,1978.9135842169092,42.971431122275817
rand,61,K,4,合格,0,合格,合格,1.6088362341074056e-10,1.3136970563702002e-10,2.951391777372054e-11,5.9027802632410804e-11,合格,合格,0,0,0,1.5192450671504357e-95,1978.9135842169092,42.971431122275817
rand,62,D,0,合格,0,合格,合格,4.7074764504668267e-10,7.7756204156422619e-10,3.0681439651754352e-10,6.1362880613917632e-10,合格,合格,7.2651154466949242e-13,1.8203603872055822e-13,5.4447550594893418e-13,1.5793448090789614e-94,2739.8020052620577,14088.00514687408
rand,62,D,1,合格,0,合格,合格,3.0060379964716032e-10,1.1913389493095639e-09,1.4919427489567242e-09,2.9838856740215992e-09,合格,合格,3.660722900180927e-16,3.660722900180927e-16,0,7.6798616737074039e-94,2739.8020052620577,14088.00514687408
rand,62,D,2,合格,0,合格,合格,1.8447324504909985e-09,8.5464863122687918e-10,9.9008381926411926e-10,3.960335109796504e-09,合格,合格,2.1742336459077562e-16,2.1742336459077562e-16,0,1.0193026525634847e-93,2739.8020052620577,14088.00514687408
rand,62,D,3,合格,0,合格,合格,2.3309481452051083e-11,6.272486627933452e-10,6.505581442453963e-10,1.3011161356392121e-09,合格,合格,2.6998096368381159e-16,2.6998096368381159e-16,0,3.3487851193944698e-94,2739.8020052620577,14088.00514687408
rand,62,D,4,合格,0,合格,合格,3.8280144561808769e-11,4.5447930822530768e-11,8.3728075384339531e-11,3.3491211250760193e-10,合格,合格,1.3412522708635688e-16,1.3412522708635688e-16,0,8.6198969327163834e-95,2739.8020052620577,14088.00514687408
rand,62,K,0,合格,0,合格,合格,3.7065981768251575e-11,8.4039683582492399e-11,1.2110566535074397e-10,1.2110564290409307e-10,合格,合格,1.5750533324882342e-12,3.9358507901018799e-13,1.1814682534780463e-12,3.1169913562918461e-95,2739.8020052620577,14088.00514687408
rand,62,K,1,合格,0,合格,合格,1.9329944239563819e-11,1.9329944239563819e-11,8.7229204670401679e-14,3.5729101921382083e-10,合格,合格,3.3509481216198001e-16,3.3509481216198001e-16,0,9.1958804880143537e-95,2739.8020052620577,14088.00514687408
rand,62,K,2,合格,0,合格,合格,8.549016022805351e-10,2.9654305629217493e-09,2.1105289606412144e-09,2.8140385716457093e-09,合格,合格,2.2434690865695208e-16,2.2434690865695208e-16,0,7.2427128032653213e-94,2739.8020052620577,14088.00514687408
rand,62,K,3,合格,0,合格,合格,1.6387909269273e-10,3.1931398550387772e-10,1.5543489281114774e-10,3.1086977510104178e-10,合格,合格,1.280976923783718e-16,1.280976923783718e-16,0,8.0011003507879345e-95,2739.8020052620577,14088.00514687408
rand,62,K,4,合格,0,合格,合格,8.5019753688668341e-11,1.0751051920067612e-10,1.9253027288934446e-10,3.8506045945459861e-10,合格,合格,0,0,0,9.9106044523478266e-95,2739.8020052620577,14088.00514687408
rand,63,D,0,合格,0,合格,解像しない,1.5040073532050161e-08,2.761072586613402e-08,4.2650799398184181e-08,5.6867732630148253e-08,合格,合格,1.2245388771702636e-11,3.059808750193398e-12,9.1855800215092378e-12,1.4636496434807916e-92,7.6186695749135849,25042.071922863732
rand,63,D,1,合格,0,合格,合格,2.3353476967860806e-09,3.8592224910332618e-10,2.721269945889407e-09,5.4425397976928618e-09,合格,合格,2.0348764201702478e-16,2.0348764201702478e-16,0,1.4007893520797841e-93,7.6186695749135849,25042.071922863732
rand,63,D,2,合格,0,合格,合格,5.5119386787815704e-10,5.5119386787815704e-10,6.0447616831860428e-13,4.9518680189273759e-09,合格,合格,1.1962801780944099e-16,1.1962801780944099e-16,0,1.2745012901436814e-93,7.6186695749135849,25042.071922863732
rand,63,D,3,合格,0,合格,解像しない,1.1700258894041694e-08,6.6342813939634861e-08,5.4642555045593159e-08,2.1857022001556961e-07,合格,合格,1.5917295689591977e-16,1.5917295689591977e-16,0,5.6255139743642112e-92,7.6186695749135849,25042.071922863732
rand,63,D,4,合格,0,合格,解像しない,2.0860521389532781e-08,6.8967324829857232e-08,4.8106803440324455e-08,1.924272139720861e-07,合格,合格,1.4293843691607643e-16,1.4293843691607643e-16,0,4.9526508285110006e-92,7.6186695749135849,25042.071922863732
rand,63,K,0,合格,0,合格,合格,1.6682241981299979e-11,1.2603850673758632e-10,1.0935626475628635e-10,1.4580846889900016e-10,合格,合格,1.9606301670400208e-12,4.9011424544856979e-13,1.470515921591451e-12,3.7527874534488067e-95,7.6186695749135849,25042.071922863732
rand,63,K,1,合格,0,合格,合格,1.4775500435669937e-12,3.6646634720795152e-10,3.6794389725151847e-10,3.6794380915745512e-10,合格,合格,8.9280762079304787e-21,8.9280762079304787e-21,0,9.4700597366311706e-95,7.6186695749135849,25042.071922863732
rand,63,K,2,合格,0,合格,合格,1.413898724449445e-10,2.391539662418563e-12,1.4378141210736306e-10,2.875626619306639e-10,合格,合格,3.4823176174613836e-16,3.4823176174613836e-16,0,7.4012268143440899e-95,7.6186695749135849,25042.071922863732
rand,63,K,3,合格,0,合格,合格,8.4816869411434589e-11,8.4816869411434589e-11,3.767041053110358e-13,1.5429800143219511e-09,合格,合格,1.3735214005096984e-16,1.3735214005096984e-16,0,3.9712892415602237e-94,7.6186695749135849,25042.071922863732
rand,63,K,4,合格,0,合格,解像しない,1.0535596781006482e-08,6.2356860078844618e-09,1.6771282788890944e-08,6.7085130710726437e-08,合格,合格,1.2765052210657595e-16,1.2765052210657595e-16,0,1.7266228686522731e-92,7.6186695749135849,25042.071922863732
rand,64,D,0,合格,0,合格,合格,1.8418462309626396e-11,8.9576278277803025e-11,1.0799474058742942e-10,4.7997681236703104e-11,合格,合格,2.041080723021945e-12,5.1039676725530158e-13,1.5306839557666433e-12,1.2353541416342914e-95,4.03540221575006,14607.00417171654
rand,64,D,1,合格,0,合格,合格,6.9799536257180971e-11,1.2875203566057391e-10,1.9855157191775488e-10,7.9420611174294974e-11,合格,合格,1.1813370566094549e-16,1.1813370566094549e-16,0,2.0441108490521572e-95,4.03540221575006,14607.00417171654
rand,64,D,2,合格,0,合格,合格,1.7198460911161196e-11,8.7057148301202238e-10,8.8776994392318361e-10,1.775539926680058e-09,合格,合格,2.5919643288413784e-16,2.5919643288413784e-16,0,4.5698470124927202e-94,4.03540221575006,14607.00417171654
rand,64,D,3,合格,0,合格,合格,7.6160691173073465e-12,2.4979558539640822e-11,3.2595627656948172e-11,1.3038226120185259e-10,合格,合格,1.3934042806738898e-16,1.3934042806738898e-16,0,3.3557509909079962e-95,4.03540221575006,14607.00417171654
rand,64,D,4,合格,0,合格,解像しない,6.2064342691440131e-09,6.2064342691440131e-09,0,9.8175015441107143e-08,合格,合格,2.2403150852153606e-16,2.2403150852153606e-16,0,2.52680772915006e-92,4.03540221575006,14607.00417171654
rand,64,K,0,合格,0,合格,合格,4.3617951008510842e-11,6.0332186986373714e-11,1.0395013799488456e-10,3.4650010320899468e-11,合格,合格,1.9694722409993163e-12,4.9236806024982907e-13,1.4771041807494871e-12,8.9181461801245796e-96,4.03540221575006,14607.00417171654
rand,64,K,1,合格,0,合格,合格,1.1283845118316335e-10,9.7499006461131227e-11,1.5339444722032128e-11,6.135755417467505e-11,合格,合格,4.5250232252516563e-21,4.5250232252516563e-21,0,1.5792077183152215e-95,4.03540221575006,14607.00417171654
rand,64,K,2,合格,0,合格,解像しない,5.2266212919252294e-09,1.7037268061852637e-08,1.1810646769927406e-08,4.7242587500311828e-08,合格,合格,5.9391342825206655e-16,5.9391342825206655e-16,0,1.2159196991666879e-92,4.03540221575006,14607.00417171654
rand,64,K,3,合格,0,合格,合格,1.4765001302738762e-10,1.7066252704018087e-10,3.1831254006756851e-10,7.9578130628067038e-11,合格,合格,6.8506369299615258e-21,6.8506369299615258e-21,0,2.0481650513509234e-95,4.03540221575006,14607.00417171654
rand,64,K,4,合格,0,合格,解像しない,2.7195089120945112e-09,2.7195089120945112e-09,0,5.8791126695230595e-08,合格,合格,0,0,0,1.5131535520670534e-92,4.03540221575006,14607.00417171654
rand,65,D,0,合格,0,合格,合格,9.5035958744071755e-11,7.6114940458982196e-12,1.0264745278996998e-10,3.7326359958749124e-11,合格,合格,1.3450984337731514e-12,3.3627460844328785e-13,1.0088238253298636e-12,9.6069793746437298e-96,4.6064253052283819,18.670204027360203
rand,65,D,1,合格,0,合格,合格,2.8096755249206472e-10,2.792930196325098e-10,5.6026057212457457e-10,4.4820840844379083e-10,合格,合格,1.989701591676455e-16,1.989701591676455e-16,0,1.1535892972741108e-94,4.6064253052283819,18.670204027360203
rand,65,D,2,合格,0,合格,合格,1.7508909072769316e-09,4.3588517487754677e-09,6.1097426560523991e-09,2.7154411925075881e-09,合格,合格,1.4842178523753499e-18,1.4842178523753499e-18,0,6.9889449596232751e-94,4.6064253052283819,18.670204027360203
rand,65,D,3,合格,0,合格,合格,2.0807698325141822e-11,6.0751274331991455e-11,3.9943576006849627e-11,1.5977449405873042e-10,合格,合格,4.182339835141803e-16,4.182339835141803e-16,0,4.1122420474771614e-95,4.6064253052283819,18.670204027360203
rand,65,D,4,合格,0,合格,合格,6.659615294734608e-11,3.8713884603613792e-11,2.7882268343732288e-11,5.5764586177048679e-11,合格,合格,1.7981367674692891e-16,1.7981367674692891e-16,0,1.4352570939960543e-95,4.6064253052283819,18.670204027360203
rand,65,K,0,合格,0,合格,合格,1.4106067935556109e-10,5.1018941286096582e-11,9.0041738069464497e-11,5.1452434877618374e-11,合格,合格,1.0863412769658185e-12,2.7155388939314522e-13,8.1478738757267316e-13,1.3242718582544699e-95,4.6064253052283819,18.670204027360203
rand,65,K,1,合格,0,合格,合格,3.7433600958275651e-11,5.6432229866210761e-10,5.2688869770383195e-10,2.1075546811027608e-09,合格,合格,9.2396704739782914e-16,9.2396704739782914e-16,0,5.4243795469646939e-94,4.6064253052283819,18.670204027360203
rand,65,K,2,合格,0,合格,合格,1.0146652658474468e-09,2.4769834343159278e-09,3.4916487001633748e-09,4.6555316816823625e-09,合格,合格,1.3688560963499477e-16,1.3688560963499477e-16,0,1.198230872052645e-93,4.6064253052283819,18.670204027360203
rand,65,K,3,合格,0,合格,合格,5.9176034577001842e-10,9.5525718135757267e-10,3.634968355875542e-10,7.2699367626785077e-10,合格,合格,1.1165797270593218e-16,1.1165797270593218e-16,0,1.8711209078839192e-94,4.6064253052283819,18.670204027360203
rand,65,K,4,合格,0,合格,合格,3.2805341465817895e-11,4.0211414436199099e-12,2.8784200022197987e-11,5.756848024409273e-11,合格,合格,0,0,0,1.4816853369730991e-95,4.6064253052283819,18.670204027360203
rand,66,D,0,合格,0,合格,合格,8.9866909546269096e-11,1.301232078320431e-10,4.025629828577401e-11,1.6102533248089402e-10,合格,合格,1.9960456913218924e-12,4.9894366839424356e-13,1.4971020229276487e-12,4.1444358615431935e-95,900.86475266097762,9698.8775047381896
rand,66,D,1,合格,0,合格,合格,1.2116304851953169e-11,8.3966877112122764e-11,7.1850572260169586e-11,2.8740268321949128e-10,合格,合格,9.6186848301701578e-20,9.6186848301701578e-20,0,7.3971093161998403e-95,900.86475266097762,9698.8775047381896
rand,66,D,2,合格,0,合格,合格,8.1519417523631125e-11,3.929796119555726e-11,1.2081737871918838e-10,4.8326949588666157e-10,合格,合格,0,0,0,1.2438287806548866e-94,900.86475266097762,9698.8775047381896
rand,66,D,3,合格,0,合格,合格,1.8268147660481907e-11,1.8268147660481907e-11,2.168910651509982e-13,7.1070864910907989e-09,合格,合格,1.9886944982018186e-16,1.9886944982018186e-16,0,1.8292068503110072e-93,900.86475266097762,9698.8775047381896
rand,66,D,4,合格,0,合格,合格,3.1415188651904072e-11,3.1415188651904072e-11,0,1.9200458500201668e-09,合格,合格,0,0,0,4.9417732936989512e-94,900.86475266097762,9698.8775047381896
rand,66,K,0,合格,0,合格,合格,1.1453200955946851e-10,2.4473188307175949e-10,3.5926389263122805e-10,7.185279142075399e-10,合格,合格,1.2819984494820556e-12,3.2053611990125436e-13,9.6146232958080118e-13,1.8493319090118274e-94,900.86475266097762,9698.8775047381896
rand,66,K,1,合格,0,合格,合格,8.4947426403372673e-10,1.4040565828062558e-09,2.2535308468399827e-09,9.0141235622799174e-09,合格,合格,1.7262526664933793e-16,1.7262526664933793e-16,0,2.3200360077708287e-93,900.86475266097762,9698.8775047381896
rand,66,K,2,合格,0,合格,合格,8.6147184628636364e-11,3.6449719410343258e-10,2.7835000947479622e-10,1.1133998155584143e-09,合格,合格,0,0,0,2.8656448353450096e-94,900.86475266097762,9698.8775047381896
rand,66,K,3,合格,0,合格,合格,3.4947050858060715e-09,1.4077077288307576e-09,4.9024128146368293e-09,9.804825280952659e-09,合格,合格,2.0306391996910098e-16,2.0306391996910098e-16,0,2.5235451394187929e-93,900.86475266097762,9698.8775047381896
rand,66,K,4,合格,0,合格,合格,2.3608505028819131e-10,7.3356691669126546e-10,4.9748186640307415e-10,1.9899276276284347e-09,合格,合格,1.5757218697360235e-16,1.5757218697360235e-16,0,5.1216335310454293e-94,900.86475266097762,9698.8775047381896
rand,67,D,0,合格,0,合格,合格,6.5563647870128563e-11,6.5563647870128563e-11,8.5045682935407137e-14,1.1611572436461775e-10,合格,合格,2.007116587750757e-12,5.0162232461861296e-13,1.505494263132144e-12,2.988561891048329e-95,82.478512365145107,1404.4726948825034
rand,67,D,1,合格,0,合格,合格,5.7119012970832828e-11,2.0370222162353785e-11,7.7489235133186612e-11,3.0995682867191228e-10,合格,合格,1.0460202696672355e-19,1.0460202696672355e-19,0,7.9776031291877181e-95,82.478512365145107,1404.4726948825034
rand,67,D,2,合格,0,合格,合格,9.6890414344374608e-13,8.497353272888143e-11,8.4004628585437676e-11,3.3601859854980382e-10,合格,合格,1.162452481636168e-16,1.162452481636168e-16,0,8.6483754358372673e-95,82.478512365145107,1404.4726948825034
rand,67,D,3,合格,0,合格,合格,2.5500071353431612e-12,3.5107995965271925e-10,3.4852995251737605e-10,4.6470647383047586e-10,合格,合格,1.4292018727666184e-19,1.4292018727666184e-19,0,1.196051668120496e-94,82.478512365145107,1404.4726948825034
rand,67,D,4,合格,0,合格,合格,4.9533651997870442e-10,4.9533651997870442e-10,0,3.8771631980023667e-09,合格,合格,1.1692743125353449e-16,1.1692743125353449e-16,0,9.9789604227416085e-94,82.478512365145107,1404.4726948825034
rand,67,K,0,合格,0,合格,合格,9.6071924403890033e-11,2.6696652884695475e-10,3.6303845325084477e-10,3.6303837082729078e-10,合格,合格,1.7745837865911719e-12,4.4367790270532003e-13,1.3309058838858519e-12,9.3438046051006466e-95,82.478512365145107,1404.4726948825034
rand,67,K,1,合格,0,合格,解像しない,1.6901273576415583e-08,1.6901273576415583e-08,5.4072179355191986e-11,5.5369911607401093e-08,合格,合格,1.0990815902665403e-15,1.0990815902665403e-15,0,1.425099043614257e-92,82.478512365145107,1404.4726948825034
rand,67,K,2,合格,0,合格,合格,1.2551325789073476e-10,8.3932545447882116e-11,2.0944580333861688e-10,4.1889172222504171e-10,合格,合格,1.6031612519269081e-16,1.6031612519269081e-16,0,1.0781346319524234e-94,82.478512365145107,1404.4726948825034
rand,67,K,3,合格,0,合格,解像しない,2.5107165226917239e-09,2.5107165226917239e-09,5.8100031225907014e-12,1.1898886080555382e-08,合格,合格,3.3655773104160948e-16,3.3655773104160948e-16,0,3.0625100675089173e-93,82.478512365145107,1404.4726948825034
rand,67,K,4,合格,0,合格,合格,1.5936833295539796e-10,1.5936833295539796e-10,0,3.3189855529267492e-09,合格,合格,0,0,0,8.5423346361514152e-94,82.478512365145107,1404.4726948825034
rand,68,D,0,合格,0,合格,合格,6.9314789334291884e-11,6.9314789334291884e-11,1.1557271788416244e-13,1.1834650247098805e-10,合格,合格,1.9173275590519066e-12,4.7945899978412836e-13,1.4378685592677782e-12,3.0459771849076569e-95,0.16615435529772743,3213.3890857886149
rand,68,D,1,合格,0,合格,合格,5.4101786174466068e-11,5.4101786174466068e-11,9.8374638872245497e-14,4.0294251879169097e-10,合格,合格,4.0724372725707497e-16,4.0724372725707497e-16,0,1.0370849103627664e-94,0.16615435529772743,3213.3890857886149
rand,68,D,2,合格,0,合格,合格,1.4907353228049351e-10,2.4363635212669885e-10,9.4562819846205327e-11,1.8912537145487933e-10,合格,合格,3.8137781470981233e-16,3.8137781470981233e-16,0,4.8676687059676211e-95,0.16615435529772743,3213.3890857886149
rand,68,D,3,合格,0,合格,合格,7.3314425206119918e-10,7.3314425206119918e-10,7.1780174026642127e-13,1.470057965926387e-09,合格,合格,4.4677397414473735e-16,4.4677397414473735e-16,0,3.7836040197311532e-94,0.16615435529772743,3213.3890857886149
rand,68,D,4,合格,0,解像しない,解像しない,3.0856574073324823e-07,5.9348967556488187e-07,9.0205541629813004e-07,3.60822166551688e-06,合格,合格,0,0,0,9.2867644094071937e-91,0.16615435529772743,3213.3890857886149
rand,68,K,0,合格,0,合格,合格,5.8264843812080817e-11,5.8264843812080817e-11,3.1469362793837619e-14,6.4449251470605586e-11,合格,合格,2.045316043590701e-12,5.1157395054567926e-13,1.5337420930450217e-12,1.6587811677152465e-95,0.16615435529772743,3213.3890857886149
rand,68,K,1,合格,0,合格,合格,1.3369336082293906e-12,1.3369336082293906e-12,1.0978698656672516e-13,4.4968750303732682e-10,合格,合格,5.7255088180014838e-21,5.7255088180014838e-21,0,1.1573961595743595e-94,0.16615435529772743,3213.3890857886149
rand,68,K,2,合格,0,合格,合格,9.2294626537673014e-11,1.8036898019226872e-10,2.7266360672994175e-10,1.5580776824682905e-10,合格,合格,2.6902995366082185e-16,2.6902995366082185e-16,0,4.0101472996852031e-95,0.16615435529772743,3213.3890857886149
rand,68,K,3,合格,0,合格,合格,1.5797295245097447e-11,1.249117838293695e-10,1.0911448858427205e-10,1.4548602155864269e-10,合格,合格,2.5014124704248294e-16,2.5014124704248294e-16,0,3.7444883721785022e-95,0.16615435529772743,3213.3890857886149
rand,68,K,4,合格,0,合格,解像しない,1.1999791022139337e-07,1.1999791022139337e-07,0,1.5632134036121326e-06,合格,合格,1.4650713922541246e-16,1.4650713922541246e-16,0,4.0233655098608913e-91,0.16615435529772743,3213.3890857886149
rand,69,D,0,合格,0,合格,合格,5.4077422618342535e-12,4.846353029762864e-11,4.3055788035794389e-11,8.611169045670369e-11,合格,合格,2.1559394343349867e-12,5.3892272776431346e-13,1.6170167065706735e-12,2.2163244287616336e-95,369.36014393480224,115667.68860573317
rand,69,D,1,合格,0,合格,合格,4.3940378825386591e-10,1.307118024277733e-10,5.7011559068163921e-10,1.1402312588313147e-09,合格,合格,1.8402104214894264e-16,1.8402104214894264e-16,0,2.9347030350729092e-94,369.36014393480224,115667.68860573317
rand,69,D,2,合格,0,合格,合格,6.5604585817709668e-11,1.0036009521502155e-10,3.4755509397311886e-11,1.3902211766957034e-10,合格,合格,1.5596410655623864e-16,1.5596410655623864e-16,0,3.578121784569571e-95,369.36014393480224,115667.68860573317
rand,69,D,3,合格,0,合格,合格,5.8003517805772662e-11,5.8003517805772662e-11,6.9726949927972105e-14,2.856017101124385e-10,合格,合格,1.0073679908503942e-20,1.0073679908503942e-20,0,7.3507562522716535e-95,369.36014393480224,115667.68860573317
rand,69,D,4,合格,0,合格,解像しない,4.7480569147161582e-09,4.7480569147161582e-09,0,2.4195271209682347e-08,合格,合格,0,0,0,6.2273275972318832e-93,369.36014393480224,115667.68860573317
rand,69,K,0,合格,0,合格,合格,1.1109372665975063e-10,4.3290969247020233e-11,6.7802757412730397e-11,2.7121134176548871e-10,合格,合格,1.4854767579206603e-12,3.7152715170452925e-13,1.1139496062161311e-12,6.9803800032737441e-95,369.36014393480224,115667.68860573317
rand,69,K,1,合格,0,合格,合格,3.1537770785709157e-10,2.0853271998512822e-09,2.4007049077083738e-09,9.6028195368064887e-09,合格,合格,3.2666496229942355e-16,3.2666496229942355e-16,0,2.4715533293490051e-93,369.36014393480224,115667.68860573317
rand,69,K,2,合格,0,合格,合格,8.1273495717153741e-11,2.3029325671260292e-10,3.1156675242975665e-10,2.4925338733354126e-10,合格,合格,3.2386201177581976e-16,3.2386201177581976e-16,0,6.415230828346923e-95,369.36014393480224,115667.68860573317
rand,69,K,3,合格,0,合格,合格,4.9743048848926909e-10,4.9743048848926909e-10,9.2324592070049713e-13,3.7816144880663231e-09,合格,合格,7.253448374929101e-16,7.253448374929101e-16,0,9.7330391792440282e-94,369.36014393480224,115667.68860573317
rand,69,K,4,合格,0,合格,解像しない,1.8473701695448721e-09,3.8664909256863682e-09,5.7138610952312404e-09,2.2855444413342206e-08,合格,合格,2.2023851922848657e-16,2.2023851922848657e-16,0,5.8824858175282167e-93,369.36014393480224,115667.68860573317
rand,70,D,0,合格,0,合格,合格,2.2612632178365705e-10,5.022483693695112e-11,2.7635115872060815e-10,3.6846815065813255e-10,合格,合格,1.7987322695657257e-12,4.4924887067364116e-13,1.3494833988920844e-12,9.4835551269875966e-95,20.410064707449788,640.816424635364
rand,70,D,1,合格,0,合格,合格,7.4017590277111475e-11,1.9506241157449831e-10,2.6908000185160975e-10,1.7938670063848872e-10,合格,合格,1.1171876244592582e-16,1.1171876244592582e-16,0,4.6170168616064095e-95,20.410064707449788,640.816424635364
rand,70,D,2,合格,0,合格,合格,5.329559384741088e-11,5.329559384741088e-11,1.2841209169136379e-13,5.2597598280036047e-10,合格,合格,2.10253958259012e-16,2.10253958259012e-16,0,1.3537458310709505e-94,20.410064707449788,640.816424635364
rand,70,D,3,合格,0,合格,解像しない,3.6660068749725881e-09,1.4379665962714351e-08,1.8045672837686938e-08,1.8045672864341632e-08,合格,合格,5.178645045188998e-19,5.178645045188998e-19,0,4.6445570154949515e-93,20.410064707449788,640.816424635364
rand,70,D,4,合格,0,合格,合格,1.0769996348290499e-10,1.3210182183104463e-10,2.4401858348139628e-11,9.7607346466507369e-11,合格,合格,0,0,0,2.512197185457527e-95,20.410064707449788,640.816424635364
rand,70,K,0,合格,0,合格,合格,1.0420338294335353e-10,1.6645059979922979e-11,8.7558322963430552e-11,3.5023352924966927e-10,合格,合格,5.2117386797474375e-13,1.3023780981000646e-13,3.9093605816473732e-13,9.0142363078765398e-95,20.410064707449788,640.816424635364
rand,70,K,1,合格,0,合格,合格,2.9375379755441691e-10,2.9375379755441691e-10,1.6701455253187469e-13,1.368183216980462e-09,合格,合格,5.7210078056203924e-22,5.7210078056203924e-22,0,3.52140095117528e-94,20.410064707449788,640.816424635364
rand,70,K,2,合格,0,合格,解像しない,1.5814134385818336e-10,3.5009842056256294e-09,3.3428428617674463e-09,1.3371371540414376e-08,合格,合格,5.7914362324190487e-16,5.7914362324190487e-16,0,3.4414952527228415e-93,20.410064707449788,640.816424635364
rand,70,K,3,合格,0,合格,合格,2.5644600926776353e-10,1.4246823333469814e-10,3.9891424260246167e-10,1.5956570099107569e-09,合格,合格,9.1603438271761081e-20,9.1603438271761081e-20,0,4.1068681757769893e-94,20.410064707449788,640.816424635364
rand,70,K,4,合格,0,合格,合格,1.0140133976081622e-10,1.5213371552941058e-11,1.1661471131375729e-10,2.3322952753488075e-10,合格,合格,0,0,0,6.0028121227510902e-95,20.410064707449788,640.816424635364
rand,71,D,0,合格,0,合格,合格,7.5907750449581148e-11,7.5907750449581148e-11,2.9506465837989639e-14,1.2085843564563204e-10,合格,合格,2.0184986064185564e-12,5.0454084083373655e-13,1.5139577655848201e-12,3.1106287882945328e-95,1.1551382703756099,345.58105720755498
rand,71,D,1,合格,0,合格,合格,6.441576250444867e-11,3.0474609020564725e-10,3.6916185271009594e-10,2.9532947553872752e-10,合格,合格,1.127529537973896e-16,1.127529537973896e-16,0,7.6011274160149473e-95,1.1551382703756099,345.58105720755498
rand,71,D,2,合格,0,合格,合格,4.0270947529238303e-11,4.1481459523035727e-11,8.175240705227403e-11,3.27009625995795e-10,合格,合格,1.3855375280623511e-20,1.3855375280623511e-20,0,8.4165044106187809e-95,1.1551382703756099,345.58105720755498
rand,71,D,3,合格,0,合格,合格,2.2767803086674648e-11,3.0124233547269479e-10,2.7847453238602015e-10,5.5694905897694454e-10,合格,合格,1.8690312540942585e-19,1.8690312540942585e-19,0,1.4334636777419239e-94,1.1551382703756099,345.58105720755498
rand,71,D,4,合格,0,合格,解像しない,2.0686824730077366e-09,2.0686824730077366e-09,0,2.8915000681130938e-08,合格,合格,0,0,0,7.4420815602814393e-93,1.1551382703756099,345.58105720755498
rand,71,K,0,合格,0,合格,合格,1.2907772466220027e-11,1.0124461033119632e-10,1.1415238279741635e-10,4.5660926017536239e-10,合格,合格,1.9054949948795531e-12,4.7637374871988829e-13,1.429121246159665e-12,1.1752112313185342e-94,1.1551382703756099,345.58105720755498
rand,71,K,1,合格,0,合格,解像しない,4.8765768413710671e-08,5.0721508821124305e-08,9.948727723483497e-08,3.9794910918231446e-07,合格,合格,7.8650372192664315e-16,7.8650372192664315e-16,0,1.024232978596732e-91,1.1551382703756099,345.58105720755498
rand,71,K,2,合格,0,合格,解像しない,3.6417334529276158e-09,3.3985509249628481e-08,3.7627242702556094e-08,5.0169657029902551e-08,合格,合格,1.2642091153050792e-15,1.2642091153050792e-15,0,1.2912559940264146e-92,1.1551382703756099,345.58105720755498
rand,71,K,3,合格,0,合格,合格,5.5350373344312189e-11,6.0722802982266845e-11,1.1607317632657903e-10,4.6429274518350788e-10,合格,合格,1.1405463735467597e-16,1.1405463735467597e-16,0,1.1949868221021558e-94,1.1551382703756099,345.58105720755498
rand,71,K,4,合格,0,合格,解像しない,2.1776776900848246e-09,2.874048933545531e-08,2.6562811645370487e-08,5.3125623363306312e-08,合格,合格,2.1346005962130075e-16,2.1346005962130075e-16,0,1.3673360286950372e-92,1.1551382703756099,345.58105720755498
rand,72,D,0,合格,0,合格,合格,1.0821588483696897e-10,6.3929856301065477e-11,1.7214574113803446e-10,7.6509219172289945e-11,合格,合格,4.5470096551012102e-13,1.1387157167351909e-13,3.4082939383660196e-13,1.9691780590729697e-95,1.9219336345096696,0.34160290823828077
rand,72,D,1,合格,0,合格,解像しない,8.2201637348566555e-08,1.7689336253414293e-07,9.4691725185576363e-08,9.4691725173377023e-08,合格,合格,3.8946045830972232e-16,3.8946045830972232e-16,0,2.4371555428801885e-92,1.9219336345096696,0.34160290823828077
rand,72,D,2,合格,0,合格,合格,9.3224013348054646e-11,2.7132985994151329e-10,1.7810584659345867e-10,1.424846779433006e-10,合格,合格,2.0786335690455832e-16,2.0786335690455832e-16,0,3.6672404266497244e-95,1.9219336345096696,0.34160290823828077
rand,72,D,3,合格,0,合格,解像しない,1.667215366169537e-10,2.2555204335909171e-08,2.2388482799292218e-08,1.4925655164868068e-08,合格,合格,2.1813510935040728e-16,2.1813510935040728e-16,0,3.8415334760849653e-93,1.9219336345096696,0.34160290823828077
rand,72,D,4,合格,0,合格,合格,7.9794969802626333e-11,2.9822638156587543e-11,4.9972331646038797e-11,4.9972366619511348e-11,合格,合格,0,0,0,1.2861781752797221e-95,1.9219336345096696,0.34160290823828077
rand,72,K,0,合格,0,合格,合格,4.1628190886818103e-11,9.3295457092888025e-11,1.3492364797970613e-10,5.3969426442412181e-11,合格,合格,9.4990602502317849e-13,2.3775534364083077e-13,7.1215068138234762e-13,1.3890536534143767e-95,1.9219336345096696,0.34160290823828077
rand,72,K,1,合格,0,合格,合格,1.373934754570557e-09,1.373934754570557e-09,1.1973437264637639e-12,4.9043200334334102e-09,合格,合格,3.6387647878952016e-16,3.6387647878952016e-16,0,1.2622634904640124e-93,1.9219336345096696,0.34160290823828077
rand,72,K,2,合格,0,合格,解像しない,8.3627448672011025e-09,3.4187345844895917e-08,2.5824600977694817e-08,1.4756914842433208e-08,合格,合格,1.950075305610958e-16,1.950075305610958e-16,0,3.798103449715023e-93,1.9219336345096696,0.34160290823828077
rand,72,K,3,合格,0,合格,合格,2.3174781213956776e-10,1.5356074073963347e-09,1.7673552195359025e-09,1.1782368591256361e-09,合格,合格,1.7008451987976011e-16,1.7008451987976011e-16,0,3.0325210431915705e-94,1.9219336345096696,0.34160290823828077
rand,72,K,4,合格,0,合格,合格,3.4681203498621391e-11,2.3250247617593946e-10,2.6718367967456084e-10,5.0892134781445243e-11,合格,合格,1.4448093442185216e-16,1.4448093442185216e-16,0,1.3098509731922915e-95,1.9219336345096696,0.34160290823828077
rand,73,D,0,合格,0,合格,合格,5.0278654065042961e-11,6.6937184343395818e-11,1.1721583840843878e-10,9.3772697235530971e-11,合格,合格,1.8468951761629273e-12,4.6177905721177198e-13,1.3851161189511552e-12,2.4135017966982255e-95,0.08602921133526463,108428.85735702563
rand,73,D,1,合格,0,合格,合格,6.3102368268242153e-11,3.1749182837033083e-11,9.4851551105275236e-11,1.2646872516227561e-10,合格,合格,0,0,0,3.2550252301970904e-95,0.08602921133526463,108428.85735702563
rand,73,D,2,合格,0,合格,合格,2.1750858407689455e-10,7.1529441266384398e-10,4.9778582858694952e-10,1.991143197374348e-09,合格,合格,3.5842409054818523e-16,3.5842409054818523e-16,0,5.1247621386809812e-94,0.08602921133526463,108428.85735702563
rand,73,D,3,合格,0,合格,合格,3.4537432638784491e-11,1.8721611007004862e-10,2.2175354270883309e-10,4.435069688598007e-10,合格,合格,1.8356914192737741e-16,1.8356914192737741e-16,0,1.1414888317681139e-94,0.08602921133526463,108428.85735702563
rand,73,D,4,合格,0,解像しない,解像しない,5.0591443477936354e-07,2.1095634523299867e-05,2.1601548958079229e-05,8.6406195832150408e-05,合格,合格,1.6415171830774404e-16,1.6415171830774404e-16,0,2.223904345664233e-89,0.08602921133526463,108428.85735702563
rand,73,K,0,合格,0,合格,合格,9.9525816028908172e-11,2.8952987992571087e-10,3.8905569595461906e-10,3.1124454246277814e-10,合格,合格,2.5081395677857936e-12,6.2692167469241056e-13,1.8812178930933831e-12,8.010746033673889e-95,0.08602921133526463,108428.85735702563
rand,73,K,1,合格,0,合格,合格,8.0268362005560265e-11,1.0723264718396846e-09,9.9205810983412427e-10,1.984116217306377e-09,合格,合格,2.0220051144286362e-19,2.0220051144286362e-19,0,5.1066762463910189e-94,0.08602921133526463,108428.85735702563
rand,73,K,2,合格,0,合格,合格,1.7447836304203338e-10,1.7447836304203338e-10,3.3863291162667338e-13,6.9352047782845089e-10,合格,合格,1.8183978297626139e-16,1.8183978297626139e-16,0,1.7849682995486681e-94,0.08602921133526463,108428.85735702563
rand,73,K,3,合格,0,合格,合格,8.0116816324645489e-11,2.4955584208417734e-10,3.2967265840882283e-10,4.3956361660409755e-10,合格,合格,1.6846838907103707e-19,1.6846838907103707e-19,0,1.1313395153522186e-94,0.08602921133526463,108428.85735702563
rand,73,K,4,合格,0,不一致,解像しない,1.7956301166097498e-05,1.7956301166097498e-05,0,0.00011862609208792005,合格,合格,0,0,0,3.0531732031805308e-89,0.08602921133526463,108428.85735702563
rand,74,D,0,合格,0,合格,合格,1.3414167254413396e-10,1.3414167254413396e-10,3.4744637679593399e-13,4.7438001113915345e-10,合格,合格,1.09709645692102e-12,2.7416242394347735e-13,8.2293403297754259e-13,1.2209492133156387e-94,1.3028161815739505,40.005038482426691
rand,74,D,1,合格,0,解像しない,解像しない,1.6040523531749395e-08,1.3724153626593472e-07,1.2120101273418533e-07,2.4240202569545787e-07,合格,合格,3.6260659817163313e-16,3.6260659817163313e-16,0,6.2388919353553916e-92,1.3028161815739505,40.005038482426691
rand,74,D,2,合格,0,合格,解像しない,2.4758002249261255e-09,8.9492226752367001e-09,6.473422450310575e-09,1.2946844864245888e-08,合格,合格,4.1545108966036197e-15,4.1545108966036197e-15,0,3.3322314770307046e-93,1.3028161815739505,40.005038482426691
rand,74,D,3,合格,0,合格,解像しない,2.3591634168405438e-09,2.3591634168405438e-09,3.7817459655855636e-12,1.549003091987004e-08,合格,合格,9.5865814095533168e-16,9.5865814095533168e-16,0,3.9867913111335728e-93,1.3028161815739505,40.005038482426691
rand,74,D,4,合格,0,合格,合格,2.4603954457791337e-12,1.0886416846765852e-10,1.1132456391343765e-10,4.4529827117364226e-10,合格,合格,1.229521486072227e-16,1.229521486072227e-16,0,1.1460992476784373e-94,1.3028161815739505,40.005038482426691
rand,74,K,0,合格,0,合格,合格,2.1270202955282557e-11,5.434384281218864e-11,7.56140457674712e-11,1.5122810035142052e-10,合格,合格,1.4105969536507412e-12,3.5261180616150039e-13,1.0579851474892407e-12,3.8922767785239368e-95,1.3028161815739505,40.005038482426691
rand,74,K,1,合格,0,合格,解像しない,5.8227747089861291e-10,5.8227747089861291e-10,0,1.4958492025777901e-08,合格,合格,1.8884321543995326e-16,1.8884321543995326e-16,0,3.8499849577145013e-93,1.3028161815739505,40.005038482426691
rand,74,K,2,合格,0,合格,合格,2.2131059623504137e-11,8.4330208173241258e-10,8.6543314135591674e-10,1.7308661315171836e-09,合格,合格,4.4462199143152464e-16,4.4462199143152464e-16,0,4.454866545822223e-94,1.3028161815739505,40.005038482426691
rand,74,K,3,合格,0,合格,合格,1.1447783074915081e-10,2.1807495873306641e-10,1.035971279839156e-10,4.1438854003208299e-10,合格,合格,3.3483721639104512e-16,3.3483721639104512e-16,0,1.0665444371153625e-94,1.3028161815739505,40.005038482426691
rand,74,K,4,合格,0,合格,合格,8.7961255193978823e-11,2.6368214143733978e-10,3.5164339663131862e-10,2.8131480789943347e-10,合格,合格,1.8773197820918461e-16,1.8773197820918461e-16,0,7.2404208721623468e-95,1.3028161815739505,40.005038482426691
rand,75,D,0,合格,0,合格,合格,4.3472402689822081e-10,1.0459733348147106e-09,1.4806973617129315e-09,8.461128159368898e-10,合格,合格,1.4518397326573986e-11,3.6294233340034029e-12,1.0888973992570582e-11,2.1777072236110512e-94,66.739851476595632,0.077475729543564853
rand,75,D,1,合格,0,合格,解像しない,5.4421974729972325e-09,1.3921743074306994e-08,8.4795456013097607e-09,3.3918182392357531e-08,合格,合格,1.4418742582260188e-20,1.4418742582260188e-20,0,8.7297898597370437e-93,66.739851476595632,0.077475729543564853
rand,75,D,2,合格,0,合格,合格,9.5062663608803133e-11,3.0996173074815373e-10,2.1489906713935058e-10,1.4326611493092644e-10,合格,合格,5.8429774909597428e-23,5.8429774909597428e-23,0,3.6873528861314464e-95,66.739851476595632,0.077475729543564853
rand,75,D,3,合格,0,合格,合格,7.7030407632325114e-11,1.8734523399332494e-10,1.1031482636099982e-10,8.8251753899397412e-11,合格,合格,1.9233656006353369e-16,1.9233656006353369e-16,0,2.2714049278435393e-95,66.739851476595632,0.077475729543564853
rand,75,D,4,合格,0,合格,合格,6.6045093025374242e-11,2.3594566265005525e-11,8.9639659290379767e-11,5.1222697736359139e-11,合格,合格,1.2527046209433299e-16,1.2527046209433299e-16,0,1.3183589324291116e-95,66.739851476595632,0.077475729543564853
rand,75,K,0,合格,0,合格,合格,2.0318279907825463e-10,5.9138829604817713e-10,3.882054969699225e-10,2.2183169426982309e-10,合格,合格,8.636580779500436e-12,2.1596068861026837e-12,6.4769738933977524e-12,5.7094571071158966e-95,66.739851476595632,0.077475729543564853
rand,75,K,1,合格,0,合格,合格,9.8157757453761626e-10,1.075200413038644e-09,2.0567779875762602e-09,7.4791924888139291e-10,合格,合格,1.2464663909092431e-16,1.2464663909092431e-16,0,1.9249787029443208e-94,66.739851476595632,0.077475729543564853
rand,75,K,2,合格,0,合格,合格,1.5857010122239196e-10,8.8477559497102869e-11,7.0092541725289074e-11,4.0052854553198017e-11,合格,合格,2.1981081113578267e-22,2.1981081113578267e-22,0,1.0308718771758678e-95,66.739851476595632,0.077475729543564853
rand,75,K,3,合格,0,合格,合格,1.095434629138682e-11,2.969990112606583e-10,3.0795335755204509e-10,1.2318131677033099e-10,合格,合格,2.0217685377776419e-16,2.0217685377776419e-16,0,3.1704146101089133e-95,66.739851476595632,0.077475729543564853
rand,75,K,4,合格,0,合格,合格,1.8572131167846074e-11,1.9407386295826822e-10,1.7550173179042214e-10,3.3428890544932034e-11,合格,合格,0,0,0,8.6038569616030464e-96,66.739851476595632,0.077475729543564853
rand,76,D,0,合格,0,合格,合格,7.3738901345069457e-11,3.7572432280985192e-10,3.0198542146478247e-10,9.2918603962599425e-11,合格,合格,5.9791972167277466e-12,1.4945683554294419e-12,4.4846288612983043e-12,2.3915193251522637e-95,1.8341988113244898,4.5539227368358786
rand,76,D,1,合格,0,合格,合格,1.9579489525748007e-11,1.1718022651882153e-10,9.7600736993073522e-11,3.9040337646702601e-11,合格,合格,3.412428242283146e-16,3.412428242283146e-16,0,1.0048119317433919e-95,1.8341988113244898,4.5539227368358786
rand,76,D,2,合格,0,合格,合格,8.4901617056181611e-11,1.906833792527547e-10,1.0578176219657309e-10,3.2548245401847128e-11,合格,合格,0,0,0,8.377198382107303e-96,1.8341988113244898,4.5539227368358786
rand,76,D,3,合格,0,合格,合格,1.0554384130936075e-10,4.9605544180657434e-10,3.9051160049721358e-10,6.7915071547830722e-11,合格,合格,1.465675314929482e-20,1.465675314929482e-20,0,1.7479837099265011e-95,1.8341988113244898,4.5539227368358786
rand,76,D,4,合格,0,合格,合格,9.3242585332620057e-11,1.9701268053181271e-10,2.9025526586443278e-10,1.2221273304597695e-11,合格,合格,0,0,0,3.1454854076022442e-96,1.8341988113244898,4.5539227368358786
rand,76,K,0,合格,0,合格,合格,1.2019401304401604e-11,1.8514083025006592e-10,1.7312142894566432e-10,3.6446618125941777e-11,合格,合格,3.2258698500943664e-15,5.6927115001665292e-16,2.6565987000777135e-15,9.3805532872317311e-96,1.8341988113244898,4.5539227368358786
rand,76,K,1,合格,0,合格,合格,5.2583500193103271e-11,8.5504912625082883e-11,3.2921412431979612e-11,6.5842768240348336e-11,合格,合格,2.2849873631446803e-16,2.2849873631446803e-16,0,1.6946472068359479e-95,1.8341988113244898,4.5539227368358786
rand,76,K,2,合格,0,合格,合格,2.002229609350426e-11,2.8582818794250812e-09,2.8382595833315769e-09,7.09564887367755e-10,合格,合格,6.3103590830241062e-16,6.3103590830241062e-16,0,1.8262630605949572e-94,1.8341988113244898,4.5539227368358786
rand,76,K,3,合格,0,合格,合格,6.2010260540846882e-11,2.865601695387202e-11,3.3354243586974865e-11,6.6708554424146475e-11,合格,合格,1.1345907008386693e-16,1.1345907008386693e-16,0,1.7169306280422812e-95,1.8341988113244898,4.5539227368358786
rand,76,K,4,合格,0,合格,合格,1.6754715930312472e-11,1.3995865276745864e-10,1.567133686977711e-10,1.6941979403409468e-11,合格,合格,0,0,0,4.3604907329315717e-96,1.8341988113244898,4.5539227368358786
rand,77,D,0,合格,0,合格,合格,8.6205218086100271e-11,1.9132953750210389e-10,1.0512431941600362e-10,7.0082792014023194e-11,合格,合格,1.9972583737740535e-12,4.9931459344351337e-13,1.49794378033054e-12,1.8037760396144723e-95,594.53371343633432,27831.155591937499
rand,77,D,1,合格,0,合格,合格,6.7502523963010314e-11,6.7502523963010314e-11,8.7522834467580398e-14,8.9623384412172142e-11,合格,合格,2.4331850580692944e-20,2.4331850580692944e-20,0,2.3067076631234368e-95,594.53371343633432,27831.155591937499
rand,77,D,2,合格,0,合格,合格,3.3445516266139062e-11,3.3445516266139062e-11,1.8556491432615883e-13,1.9001846844534766e-10,合格,合格,1.2629051189872394e-16,1.2629051189872394e-16,0,4.8906550469247025e-95,594.53371343633432,27831.155591937499
rand,77,D,3,合格,0,合格,合格,1.6813112382207585e-10,1.2902439397016044e-09,1.4583750635236802e-09,3.6459375748229339e-10,合格,合格,1.739931262381659e-16,1.739931262381659e-16,0,9.3838368170032265e-95,594.53371343633432,27831.155591937499
rand,77,D,4,合格,0,合格,合格,4.539553098823731e-10,3.9182790692580029e-10,8.4578321680817339e-10,1.6915664178580439e-09,合格,合格,0,0,0,4.3537177761672105e-94,594.53371343633432,27831.155591937499
rand,77,K,0,合格,0,合格,合格,6.9595833057416121e-11,1.4056351014512236e-12,6.8190197955964895e-11,4.5460222500204533e-11,合格,合格,1.9589638917141627e-12,4.8978688471000956e-13,1.4691770070041531e-12,1.1700455667491655e-95,594.53371343633432,27831.155591937499
rand,77,K,1,合格,0,合格,合格,1.7732001263499377e-09,3.694136299018919e-09,1.9209361726689817e-09,3.8418724924329282e-09,合格,合格,6.8258221246387553e-16,6.8258221246387553e-16,0,9.8881299530957861e-94,594.53371343633432,27831.155591937499
rand,77,K,2,合格,0,合格,合格,2.452024349715445e-10,3.1152106931378077e-10,5.5672350428532527e-10,5.5672364358566665e-10,合格,合格,1.6505712991357779e-16,1.6505712991357779e-16,0,1.4328835083878462e-94,594.53371343633432,27831.155591937499
rand,77,K,3,合格,0,合格,合格,1.2985204829337472e-12,9.8145551594927673e-11,9.9444072077861418e-11,4.9722003918160059e-11,合格,合格,1.1458881776683262e-16,1.1458881776683262e-16,0,1.2797343931624194e-95,594.53371343633432,27831.155591937499
rand,77,K,4,合格,0,合格,合格,4.4363822606666039e-10,9.8698143437169069e-10,1.4306196604383512e-09,2.8612392062096735e-09,合格,合格,0,0,0,7.3641967956040417e-94,594.53371343633432,27831.155591937499
rand,78,D,0,合格,0,合格,合格,1.1033147426272496e-11,3.9591177761791045e-11,5.0624325188063543e-11,4.0499381679753983e-11,合格,合格,1.7086099844575202e-12,4.269357774456259e-13,1.2816742070118943e-12,1.0423644976719003e-95,40.156720082158188,30.582623641975516
rand,78,D,1,合格,0,合格,合格,8.1030323325688216e-11,2.6871068122507303e-11,5.4159255203180917e-11,1.0831854891949444e-10,合格,合格,1.0102746343856273e-19,1.0102746343856273e-19,0,2.7878798428535379e-95,40.156720082158188,30.582623641975516
rand,78,D,2,合格,0,合格,合格,1.1417853360506933e-10,4.4493416616084007e-10,5.5911269976590941e-10,2.2364510096059235e-09,合格,合格,1.2622521574537658e-16,1.2622521574537658e-16,0,5.7561301839852036e-94,40.156720082158188,30.582623641975516
rand,78,D,3,合格,0,合格,合格,3.6632601060672615e-11,1.225641376233877e-10,1.5919673868406032e-10,1.2735739648160736e-10,合格,合格,1.4795909728608489e-16,1.4795909728608489e-16,0,3.2778976641689341e-95,40.156720082158188,30.582623641975516
rand,78,D,4,合格,0,合格,合格,8.5612558289482136e-11,1.5786501919091272e-11,6.9826056370390867e-11,1.3965213530727268e-10,合格,合格,1.1850571580169556e-16,1.1850571580169556e-16,0,3.5943370449318379e-95,40.156720082158188,30.582623641975516
rand,78,K,0,合格,0,合格,合格,3.4397741300093843e-11,4.5934265350122318e-11,1.1536524050028474e-11,4.6145857443695289e-11,合格,合格,1.7611813772537997e-12,4.401762490079824e-13,1.3210051282458174e-12,1.1876922935340171e-95,40.156720082158188,30.582623641975516
rand,78,K,1,合格,0,合格,合格,6.7950247558416787e-11,6.7950247558416787e-11,4.0175985842739354e-13,1.3713401188946767e-10,合格,合格,1.7741069462343585e-16,1.7741069462343585e-16,0,3.529526118379141e-95,40.156720082158188,30.582623641975516
rand,78,K,2,合格,0,合格,合格,2.0143519638874053e-10,8.3768513675620483e-11,2.85203710064361e-10,3.8027172502684176e-10,合格,合格,1.240046862310766e-16,1.240046862310766e-16,0,9.7873530211100934e-95,40.156720082158188,30.582623641975516
rand,78,K,3,合格,0,合格,合格,3.4651866393476143e-12,7.2935446509518368e-11,7.6400633148865975e-11,1.5280113859680797e-10,合格,合格,1.4233084035766099e-16,1.4233084035766099e-16,0,3.9327633033167752e-95,40.156720082158188,30.582623641975516
rand,78,K,4,合格,0,合格,合格,1.3230384422641556e-10,1.3230384422641556e-10,0,1.9215514346878011e-10,合格,合格,0,0,0,4.9456483355901851e-95,40.156720082158188,30.582623641975516
rand,79,D,0,合格,0,合格,合格,1.3570473492339041e-11,2.9561696617917009e-10,2.8204649268683106e-10,3.7606206446314131e-10,合格,合格,1.6687637046637505e-12,4.1690459059547373e-13,1.2518591140682769e-12,9.679005670191291e-95,0.6283278923220047,53945.828115924247
rand,79,D,1,合格,0,合格,合格,1.0391131187963353e-11,1.1374248419467834e-10,1.2413361538264169e-10,4.965350276870228e-10,合格,合格,3.4384947676913807e-16,3.4384947676913807e-16,0,1.277971325103526e-94,0.6283278923220047,53945.828115924247
rand,79,D,2,合格,0,合格,合格,2.1348028728378084e-10,4.5153514950994861e-10,6.6501543679372945e-10,2.6600620176209561e-09,合格,合格,3.9909123541599211e-16,3.9909123541599211e-16,0,6.8464112136301951e-94,0.6283278923220047,53945.828115924247
rand,79,D,3,合格,0,合格,合格,3.2283812523438474e-10,6.060570761950307e-10,9.2889520142941544e-10,3.7155807962990992e-09,合格,合格,2.2363498686915068e-16,2.2363498686915068e-16,0,9.5630830636355452e-94,0.6283278923220047,53945.828115924247
rand,79,D,4,合格,0,解像しない,解像しない,4.5420549181166471e-07,4.96206247648267e-06,4.5078569846710054e-06,9.0157139694411764e-06,合格,合格,0,0,0,2.3204453433934928e-90,0.6283278923220047,53945.828115924247
rand,79,K,0,合格,0,合格,合格,1.7907185854554226e-11,4.2725402120372123e-11,2.4818216265817901e-11,9.9272793081907024e-11,合格,合格,2.0874303027800736e-12,5.2185757569501839e-13,1.5655727270850553e-12,2.5550620972822987e-95,0.6283278923220047,53945.828115924247
rand,79,K,1,合格,0,合格,合格,6.0463111526973823e-11,1.2152922575034283e-10,6.1066114223369004e-11,2.4426450595650301e-10,合格,合格,2.709515598270849e-16,2.709515598270849e-16,0,6.2868280573702782e-95,0.6283278923220047,53945.828115924247
rand,79,K,2,合格,0,合格,合格,4.8427968203249726e-11,8.8397546172891564e-13,4.7543992741520808e-11,1.9017637340281739e-10,合格,合格,2.1234097086930474e-16,2.1234097086930474e-16,0,4.8947191712358923e-95,0.6283278923220047,53945.828115924247
rand,79,K,3,合格,0,合格,合格,3.164927044720979e-11,3.7844309650396498e-10,3.4679382605675521e-10,1.3871758812439072e-09,合格,合格,1.9356049713603237e-16,1.9356049713603237e-16,0,3.5702838677120378e-94,0.6283278923220047,53945.828115924247
rand,79,K,4,合格,0,解像しない,解像しない,2.9709658192098974e-07,1.2193112634974572e-06,1.5164078454184467e-06,6.0656313817871369e-06,合格,合格,2.1905146201729124e-16,2.1905146201729124e-16,0,1.5611593427116912e-90,0.6283278923220047,53945.828115924247
rand,80,D,0,合格,0,合格,合格,1.3341357264546058e-11,1.5535499615830407e-10,1.42013638893758e-10,1.0143828583821898e-11,合格,合格,1.8429646346905807e-12,4.6092256711373213e-13,1.3820420675768485e-12,2.610797090645757e-96,5.0834300767660157,10.547801319989775
rand,80,D,1,合格,0,合格,合格,6.1468917445054902e-10,4.2358458708402417e-10,1.0382737615345732e-09,1.0382737645021935e-10,合格,合格,3.6812011362430668e-16,3.6812011362430668e-16,0,2.6722869982044036e-95,5.0834300767660157,10.547801319989775
rand,80,D,2,合格,0,合格,合格,7.8022431110885325e-11,1.9408865845454837e-10,1.1606622734366305e-10,1.4508290131952987e-11,合格,合格,1.6730122311542249e-16,1.6730122311542249e-16,0,3.7341129489469355e-96,5.0834300767660157,10.547801319989775
rand,80,D,3,合格,0,合格,合格,3.0655495476598201e-10,7.0898807207298713e-10,1.015543026838969e-09,1.2694287004496261e-10,合格,合格,6.7147649432172033e-19,6.7147649432172033e-19,0,3.2672286706440049e-95,5.0834300767660157,10.547801319989775
rand,80,D,4,合格,0,合格,合格,9.7768663114938632e-11,6.6880177488666096e-11,1.6464884060360473e-10,8.2324399514725963e-11,合格,合格,1.9245761940417172e-16,1.9245761940417172e-16,0,2.1188479376021287e-95,5.0834300767660157,10.547801319989775
rand,80,K,0,合格,0,合格,合格,1.4939796748126119e-10,7.8209296068856545e-11,7.118867141240465e-11,8.8985896297558819e-12,合格,合格,1.9898059651414297e-12,4.9760366365956526e-13,1.4922023014818645e-12,2.2903001292105694e-96,5.0834300767660157,10.547801319989775
rand,80,K,1,合格,0,合格,合格,1.3953397712920496e-10,2.7642069302896583e-11,1.6717604643210154e-10,1.3931336537853774e-11,合格,合格,3.8130323066699961e-16,3.8130323066699961e-16,0,3.5856178563431223e-96,5.0834300767660157,10.547801319989775
rand,80,K,2,合格,0,合格,合格,1.1371191058706559e-09,3.452807820402248e-09,4.5899269262729039e-09,2.0863303784558558e-10,合格,合格,1.3635213223292451e-16,1.3635213223292451e-16,0,5.3697528868790729e-95,5.0834300767660157,10.547801319989775
rand,80,K,3,合格,0,合格,合格,1.4302584190167884e-10,3.7247481373718161e-12,1.4675059003905068e-10,2.4458434657854556e-11,合格,合格,1.274594715591081e-16,1.274594715591081e-16,0,6.2950600474773547e-96,5.0834300767660157,10.547801319989775
rand,80,K,4,合格,0,合格,合格,9.0449996460660417e-11,5.3448475567040433e-10,4.4403475920974393e-10,2.2201743420887771e-10,合格,合格,1.5007714821991474e-16,1.5007714821991474e-16,0,5.7142376422806363e-95,5.0834300767660157,10.547801319989775
rand,81,D,0,合格,0,合格,合格,3.9597356044933016e-10,7.6815767278920735e-10,3.7218411233987719e-10,4.9624555425391811e-10,合格,合格,8.8352566182226392e-12,2.2086949653610477e-12,6.6265616528615915e-12,1.2772262845197623e-94,2050.6374944083595,3.3072890149057912
rand,81,D,1,合格,0,合格,合格,1.9421648115003871e-11,3.7575078667014921e-10,3.5632913855514537e-10,1.2957427175915893e-10,合格,合格,8.9792311385755784e-24,8.9792311385755784e-24,0,3.3349551299682571e-95,2050.6374944083595,3.3072890149057912
rand,81,D,2,合格,0,合格,合格,1.1929764706048343e-10,1.6941358382561292e-10,2.8871123088609637e-10,3.8494835642153879e-10,合格,合格,1.2984311536073637e-16,1.2984311536073637e-16,0,9.9077191682546793e-95,2050.6374944083595,3.3072890149057912
rand,81,D,3,合格,0,合格,合格,1.3404267195319127e-10,2.311040964421954e-10,3.6514676839538667e-10,1.8257340541564049e-10,合格,合格,1.7881750139832295e-16,1.7881750139832295e-16,0,4.6990355934115177e-95,2050.6374944083595,3.3072890149057912
rand,81,D,4,合格,0,合格,合格,4.6891216469555107e-11,1.0600023704617739e-11,3.6291192764937367e-11,7.2582371275842105e-11,合格,合格,0,0,0,1.8681096806127364e-95,2050.6374944083595,3.3072890149057912
rand,81,K,0,合格,0,合格,合格,3.1606940984256182e-10,3.1118730133631577e-10,6.2725671117887763e-10,2.7878074776837639e-10,合格,合格,3.7696488856821841e-12,9.4244338275445524e-13,2.8272055029277285e-12,7.1751997698633906e-95,2050.6374944083595,3.3072890149057912
rand,81,K,1,合格,0,合格,合格,6.8465985408272336e-11,3.5952636551443059e-10,4.2799235092270293e-10,1.71196931802916e-10,合格,合格,2.1533231246016681e-16,2.1533231246016681e-16,0,4.4062303279787041e-95,2050.6374944083595,3.3072890149057912
rand,81,K,2,合格,0,合格,解像しない,3.2908763910831311e-08,6.2218431711424994e-08,9.5127195622256298e-08,5.4358397481812742e-08,合格,合格,1.1999125278249989e-16,1.1999125278249989e-16,0,1.3990649075441249e-92,2050.6374944083595,3.3072890149057912
rand,81,K,3,合格,0,合格,合格,7.9212776824888486e-11,7.9212776824888486e-11,2.3417190075640872e-16,2.4554705343789124e-10,合格,合格,2.5791076107181259e-16,2.5791076107181259e-16,0,6.3198379924786435e-95,2050.6374944083595,3.3072890149057912
rand,81,K,4,合格,0,合格,合格,1.0940212820157743e-10,3.0601422283028393e-11,7.8800705918549046e-11,1.5760159308938443e-10,合格,合格,1.5109351208459062e-16,1.5109351208459062e-16,0,4.0563163830975643e-95,2050.6374944083595,3.3072890149057912
rand,82,D,0,合格,0,合格,合格,3.6307198726654962e-11,3.9933984100677574e-10,4.3564703973343069e-10,3.9604281203395822e-11,合格,合格,1.7221494059836072e-12,4.305373514959018e-13,1.2916120544877054e-12,1.0193265914198308e-95,11.202771156848611,43.198915789051185
rand,82,D,1,合格,0,合格,合格,7.451888009100829e-11,1.7494519471992326e-10,1.0042631462891498e-10,6.6950824536430837e-11,合格,合格,1.9666176700299611e-16,1.9666176700299611e-16,0,1.7231661248182344e-95,11.202771156848611,43.198915789051185
rand,82,D,2,合格,0,合格,合格,4.2599098009186468e-10,1.7915801772681754e-10,2.4683296236504717e-10,4.9366622124981441e-10,合格,合格,1.9505927477397952e-19,1.9505927477397952e-19,0,1.2705876519292426e-94,11.202771156848611,43.198915789051185
rand,82,D,3,合格,0,合格,合格,1.7414285143448045e-10,6.1353050838331576e-10,7.8767335981779621e-10,2.1004622077414102e-10,合格,合格,3.6147696111874692e-16,3.6147696111874692e-16,0,5.4061250894250338e-95,11.202771156848611,43.198915789051185
rand,82,D,4,合格,0,合格,合格,1.3376084602871994e-10,1.4977092287992663e-10,2.8353176890864657e-10,2.8353169449782662e-10,合格,合格,0,0,0,7.2974786293350899e-95,11.202771156848611,43.198915789051185
rand,82,K,0,合格,0,合格,合格,2.6478291033960987e-11,4.9931286541443907e-12,2.1485162379816597e-11,2.8646827942402732e-11,合格,合格,2.0176900420150972e-12,5.0435364736240855e-13,1.5133363946526885e-12,7.3730598294549992e-96,11.202771156848611,43.198915789051185
rand,82,K,1,合格,0,合格,合格,8.9046512536462957e-12,2.4379261711592698e-10,2.5269726836957325e-10,1.4439846851348111e-10,合格,合格,2.5150826285571626e-20,2.5150826285571626e-20,0,3.7164971625206495e-95,11.202771156848611,43.198915789051185
rand,82,K,2,合格,0,合格,合格,9.3910588623869084e-11,1.2570323581424144e-10,3.1792647190372345e-11,6.3585615742942742e-11,合格,合格,4.172262429616545e-22,4.172262429616545e-22,0,1.6365530944929134e-95,11.202771156848611,43.198915789051185
rand,82,K,3,合格,0,合格,合格,9.0565965236886292e-13,1.0750640198101018e-10,1.0660074232864133e-10,1.0660074910145874e-10,合格,合格,1.1222548356491487e-16,1.1222548356491487e-16,0,2.7436674754009555e-95,11.202771156848611,43.198915789051185
rand,82,K,4,合格,0,合格,合格,3.6794273647341978e-11,1.3712034583813993e-10,1.7391461948548192e-10,3.4782932758930379e-10,合格,合格,0,0,0,8.95235747535941e-95,11.202771156848611,43.198915789051185
rand,83,D,0,合格,0,合格,合格,2.1705243959269022e-11,1.069446453041036e-10,1.2864988926337262e-10,1.2864993943360512e-10,合格,合格,1.7083997908348949e-12,4.271491811320907e-13,1.2812506097028041e-12,3.3111648605802814e-95,160.0350460876906,819.45726452989027
rand,83,D,1,合格,0,合格,合格,1.257055226040456e-10,2.4568058721757449e-10,3.7138610982162004e-10,2.475907460415142e-10,合格,合格,1.4201526580547543e-16,1.4201526580547543e-16,0,6.3724381193402389e-95,160.0350460876906,819.45726452989027
rand,83,D,2,合格,0,合格,合格,3.1492523601025599e-10,3.1492523601025599e-10,2.0898111154864233e-13,8.5598663817960386e-10,合格,合格,4.4485510432599191e-16,4.4485510432599191e-16,0,2.2031202579223217e-94,160.0350460876906,819.45726452989027
rand,83,D,3,合格,0,合格,合格,1.1031409471869841e-10,2.2914036333664499e-10,3.3945445805534343e-10,1.3578177495157402e-09,合格,合格,1.854342519006657e-16,1.854342519006657e-16,0,3.4947225308170738e-94,160.0350460876906,819.45726452989027
rand,83,D,4,合格,0,合格,合格,2.0853781646341327e-11,2.5246149584279242e-10,2.7331527748913379e-10,5.4663039061994456e-10,合格,合格,0,0,0,1.4069057079347844e-94,160.0350460876906,819.45726452989027
rand,83,K,0,合格,0,合格,合格,7.1099676293982892e-10,2.0601420667755716e-09,1.3491453038357428e-09,2.6982906384429298e-09,合格,合格,1.5208787861500402e-12,3.804366284696775e-13,1.1404421576803627e-12,6.9448032272537184e-94,160.0350460876906,819.45726452989027
rand,83,K,1,合格,0,合格,合格,1.1608547120210935e-09,2.0740886599537036e-09,9.1323394793261031e-10,3.6529356362544451e-09,合格,合格,2.2495732582007662e-16,2.2495732582007662e-16,0,9.4018482791198961e-94,160.0350460876906,819.45726452989027
rand,83,K,2,合格,0,合格,解像しない,6.9098092695114309e-11,2.6289279726205084e-09,2.6980260653156225e-09,1.0792104155902002e-08,合格,合格,0,0,0,2.7776488827021404e-93,160.0350460876906,819.45726452989027
rand,83,K,3,合格,0,合格,解像しない,2.0727206883443416e-09,9.5708241772338607e-09,1.1643544865578203e-08,1.5524726491058607e-08,合格,合格,2.105346185508067e-16,2.105346185508067e-16,0,3.9957211836732046e-93,160.0350460876906,819.45726452989027
rand,83,K,4,合格,0,合格,合格,2.6679364535057343e-10,2.6679364535057343e-10,0,1.6230855636517907e-09,合格,合格,0,0,0,4.1774632057658845e-94,160.0350460876906,819.45726452989027
rand,84,D,0,合格,0,合格,合格,9.9023626696709321e-11,2.0499372393112469e-10,3.04017350627834e-10,2.4321377142065388e-10,合格,合格,5.3457741822218544e-12,1.3354254086345473e-12,4.0103487735873067e-12,6.2597844746976463e-95,26.283311880521723,0.75671583945432275
rand,84,D,1,合格,0,合格,合格,1.0631033736352588e-10,1.0631033736352588e-10,2.16407908543243e-14,1.7728135863340133e-10,合格,合格,2.6055324970465972e-23,2.6055324970465972e-23,0,4.5628300155228424e-95,26.283311880521723,0.75671583945432275
rand,84,D,2,合格,0,合格,合格,1.7323376298971445e-11,1.7323376298971445e-11,7.7324686451319751e-15,1.2668876629272591e-10,合格,合格,1.8817075773903937e-16,1.8817075773903937e-16,0,3.2606886021523133e-95,26.283311880521723,0.75671583945432275
rand,84,D,3,合格,0,合格,合格,4.4171951659949556e-11,1.9112906037233283e-10,2.3530101203228237e-10,2.3530104644969157e-10,合格,合格,7.8581416816991158e-21,7.8581416816991158e-21,0,6.0561284373093952e-95,26.283311880521723,0.75671583945432275
rand,84,D,4,合格,0,合格,合格,1.5054122442295342e-11,1.5054122442295342e-11,0,7.3140175632196677e-11,合格,合格,0,0,0,1.882466330852693e-95,26.283311880521723,0.75671583945432275
rand,84,K,0,合格,0,合格,合格,2.380221974714437e-10,3.2648153136797117e-10,8.8459333896527487e-11,8.8459362946951367e-11,合格,合格,4.5114432612744147e-12,1.1282480636672111e-12,3.383195197607204e-12,2.2767483254854323e-95,26.283311880521723,0.75671583945432275
rand,84,K,1,合格,0,合格,合格,1.5474154297147526e-10,7.2770889328238968e-11,2.2751243229971422e-10,7.5837467283517846e-11,合格,合格,0,0,0,1.9518886514065282e-95,26.283311880521723,0.75671583945432275
rand,84,K,2,合格,0,合格,合格,1.1629913497865485e-10,1.7012225280626988e-10,2.8642138778492475e-10,1.2729836433552909e-10,合格,合格,9.0469030991786282e-21,9.0469030991786282e-21,0,3.2763783073110952e-95,26.283311880521723,0.75671583945432275
rand,84,K,3,合格,0,合格,合格,3.3679168571708418e-11,1.4040595232601594e-10,1.0672678375430753e-10,5.33633449649728e-11,合格,合格,1.9172602410131e-16,1.9172602410131e-16,0,1.3734544568692313e-95,26.283311880521723,0.75671583945432275
rand,84,K,4,合格,0,合格,合格,8.1243499404656865e-11,5.0444162084128709e-11,1.3168766148878557e-10,3.5116694913619592e-11,合格,合格,0,0,0,9.0382604709817931e-96,26.283311880521723,0.75671583945432275
rand,85,D,0,合格,0,合格,合格,6.8594122062262057e-10,1.5576268434359744e-09,2.2435680640585952e-09,2.9914241972627283e-09,合格,合格,1.5265577838127035e-11,3.8154659717060676e-12,1.1450111866420966e-11,7.6992641649690317e-94,2850.8885273989331,8.4757246923295497
rand,85,D,1,合格,0,合格,合格,3.3666398217695145e-10,4.9532817208642392e-10,8.3199215426337542e-10,6.6559370066529011e-10,合格,合格,0,0,0,1.7130909526808628e-94,2850.8885273989331,8.4757246923295497
rand,85,D,2,合格,0,合格,合格,7.026518390353518e-12,7.178221520998974e-11,7.8808733600343257e-11,3.1523475704608702e-10,合格,合格,1.2146112239688844e-21,1.2146112239688844e-21,0,8.1134453304834772e-95,2850.8885273989331,8.4757246923295497
rand,85,D,3,合格,0,合格,解像しない,1.9668831156499329e-10,5.4268811788238609e-09,5.6235694903888541e-09,1.1247139011226763e-08,合格,合格,1.1946902766051123e-16,1.1946902766051123e-16,0,2.8947647888521132e-93,2850.8885273989331,8.4757246923295497
rand,85,D,4,合格,0,合格,合格,6.3511392568427206e-11,7.0688382369905688e-12,5.6442554331436636e-11,2.257703455109301e-10,合格,合格,0,0,0,5.8108292775580369e-95,2850.8885273989331,8.4757246923295497
rand,85,K,0,合格,0,合格,合格,1.3538724043036418e-10,5.6777155603080631e-10,7.0315879646117049e-10,4.6877255516482311e-10,合格,合格,1.8476693078999044e-12,4.6243330760582806e-13,1.3852360002940762e-12,1.2065168620365027e-94,2850.8885273989331,8.4757246923295497
rand,85,K,1,合格,0,合格,合格,4.1199020864310566e-11,1.6213832873577184e-10,2.0333734960008242e-10,2.0333741004293867e-10,合格,合格,1.4158079700993003e-16,1.4158079700993003e-16,0,5.2334551414465078e-95,2850.8885273989331,8.4757246923295497
rand,85,K,2,合格,0,合格,合格,1.3750165160829595e-09,2.2965533012840777e-09,9.2153678520111837e-10,3.6861473943027519e-09,合格,合格,5.8081172167824511e-22,5.8081172167824511e-22,0,9.4873279977204647e-94,2850.8885273989331,8.4757246923295497
rand,85,K,3,合格,0,合格,合格,2.9243071609596719e-10,2.6946731106465875e-10,5.6189802716062594e-10,1.1237961774317245e-09,合格,合格,1.6662244158056305e-16,1.6662244158056305e-16,0,2.8924027710769165e-94,2850.8885273989331,8.4757246923295497
rand,85,K,4,合格,0,合格,合格,1.4779978765817812e-11,1.0610658362030568e-10,9.1326604854487874e-11,1.2176868677507026e-10,合格,合格,2.0058599921038233e-16,2.0058599921038233e-16,0,3.1340566388428407e-95,2850.8885273989331,8.4757246923295497
rand,86,D,0,合格,0,合格,合格,8.7007828721466056e-11,2.0501463239522399e-10,1.1800680367375795e-10,5.9003376306658084e-11,合格,合格,1.5588911839290325e-12,3.9001482039020421e-13,1.1688763635388283e-12,1.5186163875578795e-95,0.13152881754904688,2.652014475591697
rand,86,D,1,合格,0,合格,合格,1.2661826909329359e-10,8.9165763697025027e-11,2.1578403279031863e-10,4.5428231860463334e-11,合格,合格,1.6279026625519875e-16,1.6279026625519875e-16,0,1.1692221984472068e-95,0.13152881754904688,2.652014475591697
rand,86,D,2,合格,0,合格,解像しない,3.3472760676460079e-09,7.6795504740409216e-08,8.0142780808055232e-08,1.1448968676643118e-08,合格,合格,1.909316414800293e-15,1.909316414800293e-15,0,2.9467112801518009e-93,0.13152881754904688,2.652014475591697
rand,86,D,3,合格,0,合格,合格,1.512497701342356e-10,1.7641077830521366e-10,3.2766054843944928e-10,4.8542303046154099e-11,合格,合格,1.435835568660438e-16,1.435835568660438e-16,0,1.2493715022774378e-95,0.13152881754904688,2.652014475591697
rand,86,D,4,合格,0,合格,合格,4.3642886035852602e-11,1.1930597966048137e-10,7.5663093624628762e-11,1.6814021948651064e-11,合格,合格,1.1883278750065376e-16,1.1883278750065376e-16,0,4.32755731456304e-96,0.13152881754904688,2.652014475591697
rand,86,K,0,合格,0,合格,合格,1.8665973942295959e-10,1.2450572630362543e-10,6.2154013119334164e-11,1.2430798469787159e-10,合格,合格,7.1757504307149107e-12,1.7944054577310265e-12,5.3813449729838848e-12,3.1994125503150224e-95,0.13152881754904688,2.652014475591697
rand,86,K,1,合格,0,合格,合格,2.6115171535855547e-11,1.8363768916098473e-10,1.5752251762512917e-10,3.316262031371372e-11,合格,合格,1.1134017273646275e-16,1.1134017273646275e-16,0,8.5353248941251842e-96,0.13152881754904688,2.652014475591697
rand,86,K,2,合格,0,合格,合格,1.0622189410617003e-10,5.2450754050286403e-11,5.3771140055883635e-11,1.0754217477866382e-10,合格,合格,2.1351649508364029e-16,2.1351649508364029e-16,0,2.7678976898490409e-95,0.13152881754904688,2.652014475591697
rand,86,K,3,合格,0,合格,合格,1.0661924115298691e-10,1.4201648988663135e-10,2.4863573103961826e-10,3.6834917336940079e-11,合格,合格,1.1494889810528854e-16,1.1494889810528854e-16,0,9.4804929147596689e-96,0.13152881754904688,2.652014475591697
rand,86,K,4,合格,0,合格,合格,1.4164177326908945e-11,3.760839632631758e-11,2.3444218999408632e-11,1.3396601117889044e-11,合格,合格,0,0,0,3.4479887878732814e-96,0.13152881754904688,2.652014475591697
rand,87,D,0,合格,0,合格,合格,2.6743808810036497e-11,2.6743808810036497e-11,2.7682013645830596e-14,1.1338542919930271e-10,合格,合格,1.9755772401656311e-12,4.9374008052853959e-13,1.4818371596370914e-12,2.9182901330498025e-95,195.92234642785374,161584.86428976691
rand,87,D,1,合格,0,合格,合格,5.1185013498566949e-11,4.0438615352421857e-11,9.1623628850988812e-11,1.832473604094454e-10,合格,合格,2.7183704916575207e-16,2.7183704916575207e-16,0,4.7163817041281193e-95,195.92234642785374,161584.86428976691
rand,87,D,2,合格,0,合格,合格,9.5564215499982653e-11,2.4065849418505658e-10,3.3622270968503928e-10,6.7244521314032166e-10,合格,合格,3.7948158666280329e-16,3.7948158666280329e-16,0,1.7307252302009546e-94,195.92234642785374,161584.86428976691
rand,87,D,3,合格,0,合格,合格,6.5018666467329146e-11,6.0952372635569953e-10,6.745423928230287e-10,5.3963390915603338e-10,合格,合格,1.0672225778951689e-20,1.0672225778951689e-20,0,1.3888983123052202e-94,195.92234642785374,161584.86428976691
rand,87,D,4,合格,0,合格,解像しない,9.8540606852021553e-10,1.0299908076618526e-08,1.128531414513874e-08,4.5141256370075963e-08,合格,合格,0,0,0,1.1618360841295327e-92,195.92234642785374,161584.86428976691
rand,87,K,0,合格,0,合格,合格,1.5250469040383722e-11,3.6606677152636448e-10,3.8131724056674816e-10,3.0505382565895226e-10,合格,合格,2.0531310197991277e-12,5.132449384939542e-13,1.5398860813051737e-12,7.8514106773349833e-95,195.92234642785374,161584.86428976691
rand,87,K,1,合格,0,合格,合格,3.5353367047869881e-10,1.3488663759871434e-10,2.1864703287998447e-10,8.7458804065469984e-10,合格,合格,3.199960087840711e-16,3.199960087840711e-16,0,2.2509961531650366e-94,195.92234642785374,161584.86428976691
rand,87,K,2,合格,0,合格,合格,1.1063233054144964e-09,4.3914102290982327e-10,1.5454643283243197e-09,2.0606192336135289e-09,合格,合格,3.897162702035594e-19,3.897162702035594e-19,0,5.3035780874955571e-94,195.92234642785374,161584.86428976691
rand,87,K,3,合格,0,合格,合格,2.0500678631779324e-10,2.5478092072008335e-10,4.5978770703787657e-10,6.1305037981705226e-10,合格,合格,1.8434386664897616e-16,1.8434386664897616e-16,0,1.5778560676767626e-94,195.92234642785374,161584.86428976691
rand,87,K,4,合格,0,合格,解像しない,4.1409006557360536e-09,9.5680801795694172e-09,1.3708980835305471e-08,5.4835923399364461e-08,合格,合格,0,0,0,1.41135536834943e-92,195.92234642785374,161584.86428976691
rand,88,D,0,合格,0,合格,合格,2.3477260565686675e-11,1.6920638923330847e-10,1.9268364979899514e-10,9.6341786197067985e-11,合格,合格,1.9295117734883962e-12,4.8253134219655121e-13,1.4469804312918451e-12,2.4796244636081175e-95,2.152923809671333,37616.144505389755
rand,88,D,1,合格,0,合格,合格,4.1071177659456547e-12,9.9849200786665552e-11,1.0395631855261121e-10,1.3860849778335736e-10,合格,合格,2.5301818980105682e-16,2.5301818980105682e-16,0,3.5674761236474183e-95,2.152923809671333,37616.144505389755
rand,88,D,2,合格,0,合格,合格,3.9060580519978098e-09,8.3356589248135537e-09,1.2241716976811363e-08,8.1611446395909428e-09,合格,合格,1.3663970569090703e-16,1.3663970569090703e-16,0,2.100498101413634e-93,2.152923809671333,37616.144505389755
rand,88,D,3,合格,0,合格,合格,6.0342059143310361e-11,3.068886206648392e-10,2.4654656152152886e-10,3.2872886202924258e-10,合格,合格,1.7697019747402393e-16,1.7697019747402393e-16,0,8.460753743079081e-95,2.152923809671333,37616.144505389755
rand,88,D,4,合格,0,合格,解像しない,1.3621248104342926e-07,1.3621248104342926e-07,0,1.6816386289052176e-06,合格,合格,1.1506802562300157e-16,1.1506802562300157e-16,0,4.3281658434818316e-91,2.152923809671333,37616.144505389755
rand,88,K,0,合格,0,合格,合格,1.064302856130227e-10,1.064302856130227e-10,9.3721661887023804e-14,1.9194197959001126e-10,合格,合格,2.1404962110313488e-12,5.3507244469025511e-13,1.6054237663410933e-12,4.9401619688803997e-95,2.152923809671333,37616.144505389755
rand,88,K,1,合格,0,合格,解像しない,5.1588457301579055e-09,5.1588457301579055e-09,0,1.1481761911062515e-08,合格,合格,8.6567244429402074e-16,8.6567244429402074e-16,0,2.9551515332877394e-93,2.152923809671333,37616.144505389755
rand,88,K,2,合格,0,合格,合格,1.9565421383222751e-10,6.7384560371454708e-11,2.6303877420368219e-10,5.2607759707863761e-10,合格,合格,2.8844216403215845e-16,2.8844216403215845e-16,0,1.3540073637456224e-94,2.152923809671333,37616.144505389755
rand,88,K,3,合格,0,合格,合格,1.8920602544647e-10,1.8920602544647e-10,3.0316890845291383e-13,3.1044510201267305e-10,合格,合格,2.1715071690332512e-16,2.1715071690332512e-16,0,7.9901702048925582e-95,2.152923809671333,37616.144505389755
rand,88,K,4,合格,0,合格,解像しない,1.9214996514861531e-08,1.9214996514861531e-08,0,1.2964031046067731e-06,合格,合格,0,0,0,3.336654820064255e-91,2.152923809671333,37616.144505389755
rand,89,D,0,合格,0,合格,合格,3.8700290788497032e-11,1.055040814807148e-11,2.8149882640425552e-11,1.1259875951106984e-10,合格,合格,1.8972536654998544e-12,4.7425793463249375e-13,1.4229957308673608e-12,2.8980429954294647e-95,0.03970413583232256,12296.83524353225
rand,89,D,1,合格,0,合格,合格,9.3815732211500399e-11,2.100956701510461e-10,3.039114023625465e-10,1.5195564925683438e-10,合格,合格,1.7363637277716158e-16,1.7363637277716158e-16,0,3.9110022779727984e-95,0.03970413583232256,12296.83524353225
rand,89,D,2,合格,0,合格,合格,6.1581368328337153e-11,6.1581368328337153e-11,0,1.1517822043641931e-09,合格,合格,4.9519674915251641e-19,4.9519674915251641e-19,0,2.9644326137445593e-94,0.03970413583232256,12296.83524353225
rand,89,D,3,合格,0,合格,合格,1.7180077892502308e-11,1.7180077892502308e-11,3.4101999743159354e-13,6.9840895952004705e-10,合格,合格,1.91017099093866e-16,1.91017099093866e-16,0,1.7975501700649438e-94,0.03970413583232256,12296.83524353225
rand,89,D,4,合格,0,解像しない,解像しない,2.8865488088287069e-08,2.7578375605822619e-06,2.786703048670549e-06,5.5734060971137449e-06,合格,合格,0,0,0,1.4344714427192622e-90,0.03970413583232256,12296.83524353225
rand,89,K,0,合格,0,合格,合格,2.07901146830896e-10,1.4573000141107218e-10,3.5363114824196818e-10,4.7150817641198158e-10,合格,合格,2.4299474167720497e-12,6.070152944381566e-13,1.8229321223338933e-12,1.213557745992863e-94,0.03970413583232256,12296.83524353225
rand,89,K,1,合格,0,合格,合格,8.3167799193564617e-11,4.5875489671729097e-11,1.2904328886529372e-10,5.1617333727086303e-10,合格,合格,3.7227533613348289e-16,3.7227533613348289e-16,0,1.3285159898748358e-94,0.03970413583232256,12296.83524353225
rand,89,K,2,合格,0,合格,合格,1.4349574677021881e-09,8.3898908043010689e-12,1.4433473585064892e-09,5.7733899193770922e-09,合格,合格,4.3519416989397874e-16,4.3519416989397874e-16,0,1.4859428548223881e-93,0.03970413583232256,12296.83524353225
rand,89,K,3,合格,0,解像しない,解像しない,5.7433814100127877e-09,1.5320136154617064e-07,1.4745798013615785e-07,9.8305320076800188e-08,合格,合格,4.9261494089821374e-15,4.9261494089821374e-15,0,2.530161482232083e-92,0.03970413583232256,12296.83524353225
rand,89,K,4,合格,0,合格,解像しない,3.0244910723282141e-07,3.0244910723282141e-07,0,7.1712883391237206e-06,合格,合格,0,0,0,1.8457309858159942e-90,0.03970413583232256,12296.83524353225
rand,90,D,0,合格,0,合格,合格,2.1572276418252433e-10,8.2499567339227236e-11,2.9822233152175158e-10,2.385778539216469e-10,合格,合格,6.4527954564339594e-12,1.6125494044040213e-12,4.8402460520299378e-12,6.1404662131668412e-95,30.047242041580574,6.8934500463959196
rand,90,D,1,合格,0,合格,合格,3.7577158592797792e-11,2.160510024873161e-11,1.5972058344066183e-11,6.3888459333905808e-11,合格,合格,2.0898723397883159e-16,2.0898723397883159e-16,0,1.6443476186183319e-95,30.047242041580574,6.8934500463959196
rand,90,D,2,合格,0,合格,合格,2.3939093013932452e-11,8.1728581703565372e-11,1.0566767471749783e-10,2.1133515174662722e-10,合格,合格,5.7710967793216314e-21,5.7710967793216314e-21,0,5.4392993214736426e-95,30.047242041580574,6.8934500463959196
rand,90,D,3,合格,0,合格,合格,3.5701126505321102e-11,6.4731223942795512e-11,1.0043235044811661e-10,4.0172936217380212e-10,合格,合格,7.9668017043185875e-21,7.9668017043185875e-21,0,1.0339625135849528e-94,30.047242041580574,6.8934500463959196
rand,90,D,4,合格,0,合格,合格,1.1153673290297864e-11,1.0482757830764314e-10,9.3673905017345276e-11,5.3527935868377217e-11,合格,合格,0,0,0,1.3776906626391154e-95,30.047242041580574,6.8934500463959196
rand,90,K,0,合格,0,合格,合格,2.379857477605726e-10,5.5664850228491075e-12,2.4355223278342172e-10,3.247363116325307e-10,合格,合格,2.1423888140148838e-14,5.1231036856877661e-15,1.6300784454461074e-14,8.3579943275994418e-95,30.047242041580574,6.8934500463959196
rand,90,K,1,合格,0,合格,合格,9.4774977762555428e-10,1.7881922648280855e-09,8.4044248720253118e-10,3.3617700810463525e-09,合格,合格,2.8231955488215388e-20,2.8231955488215388e-20,0,8.6524525473683512e-94,30.047242041580574,6.8934500463959196
rand,90,K,2,合格,0,合格,合格,1.8357593586082757e-10,1.8357593586082757e-10,1.9538354585603119e-14,6.4023280184610493e-10,合格,合格,1.4883422733260066e-21,1.4883422733260066e-21,0,1.6478176090846491e-94,30.047242041580574,6.8934500463959196
rand,90,K,3,合格,0,合格,合格,4.6507658513012507e-10,2.6871357638006777e-10,1.963630087500573e-10,7.8545194587166979e-10,合格,合格,1.3286101717575127e-20,1.3286101717575127e-20,0,2.0215795625670726e-94,30.047242041580574,6.8934500463959196
rand,90,K,4,合格,0,合格,合格,9.7613969215301655e-11,1.036105728129953e-10,2.0122454202829695e-10,1.6097957725974842e-10,合格,合格,0,0,0,4.1432582233638644e-95,30.047242041580574,6.8934500463959196
rand,91,D,0,合格,0,合格,合格,2.4110654457838205e-11,7.3209422435097468e-11,9.7320076892935679e-11,9.7320061845105755e-11,合格,合格,1.9716696939481225e-12,4.9288870706270868e-13,1.4787809868854139e-12,2.5048031147913604e-95,0.56998972279865767,182.29247482493889
rand,91,D,1,合格,0,合格,合格,4.6342375967353288e-11,6.4548643028096079e-11,1.1089101899544937e-10,4.4356391671483742e-10,合格,合格,2.559468469028832e-16,2.559468469028832e-16,0,1.141635402949813e-94,0.56998972279865767,182.29247482493889
rand,91,D,2,合格,0,合格,解像しない,2.9618656863401769e-09,7.6622981689021446e-10,3.7280955032303911e-09,1.4912381989877388e-08,合格,合格,4.3678061372083868e-16,4.3678061372083868e-16,0,3.8381172544519848e-93,0.56998972279865767,182.29247482493889
rand,91,D,3,合格,0,合格,合格,4.1098205914059699e-11,2.7569746204688412e-10,3.1679566796094383e-10,1.2671820409918511e-10,合格,合格,2.6656841261615792e-20,2.6656841261615792e-20,0,3.261446266172595e-95,0.56998972279865767,182.29247482493889
rand,91,D,4,合格,0,合格,解像しない,1.9306731402160176e-09,1.9306731402160176e-09,0,1.6045495042442228e-08,合格,合格,1.322770167569446e-16,1.322770167569446e-16,0,4.1297554891247563e-93,0.56998972279865767,182.29247482493889
rand,91,K,0,合格,0,合格,合格,1.2126721564054115e-10,2.0019598759000367e-10,3.2146320323054482e-10,2.5717057202225555e-10,合格,合格,2.0445288361694248e-12,5.1117573558659898e-13,1.533353100582826e-12,6.6190016490049795e-95,0.56998972279865767,182.29247482493889
rand,91,K,1,合格,0,合格,合格,2.9465271089729302e-11,2.5551908787863182e-10,2.2605381678890254e-10,4.5210753158613398e-10,合格,合格,1.824079678690643e-16,1.824079678690643e-16,0,1.1636247777359303e-94,0.56998972279865767,182.29247482493889
rand,91,K,2,合格,0,合格,合格,8.5700337739055924e-11,4.256588256233526e-10,5.113591633624085e-10,1.022718252555182e-09,合格,合格,1.4785785988074099e-16,1.4785785988074099e-16,0,2.6322505514139538e-94,0.56998972279865767,182.29247482493889
rand,91,K,3,合格,0,合格,合格,1.5964021547203349e-10,5.4821002098441834e-10,3.8856980551238482e-10,1.5542791090074961e-09,合格,合格,3.0740832156521827e-16,3.0740832156521827e-16,0,4.0003706118615711e-94,0.56998972279865767,182.29247482493889
rand,91,K,4,合格,0,合格,解像しない,2.0301597238382871e-09,2.0301597238382871e-09,0,1.803910390624602e-08,合格,合格,0,0,0,4.6428663109899532e-93,0.56998972279865767,182.29247482493889
rand,92,D,0,合格,0,合格,合格,1.7673152732821363e-11,1.1084368147404055e-10,9.3170528741219183e-11,5.3240289655930639e-11,合格,合格,2.0072111533886352e-12,5.0202803423473716e-13,1.505183119153898e-12,1.3702872854193098e-95,3.3258006671770879,89.377334111490455
rand,92,D,1,合格,0,合格,合格,3.4846868661876609e-11,1.5456939258513918e-11,1.9389929403362691e-11,7.7560130648876919e-11,合格,合格,1.6841477090090236e-16,1.6841477090090236e-16,0,1.9962261958087913e-95,3.3258006671770879,89.377334111490455
rand,92,D,2,合格,0,合格,合格,9.7607211377601719e-11,4.3315859498523532e-10,3.3555138360763361e-10,3.3555142986838564e-10,合格,合格,1.6765640427217714e-16,1.6765640427217714e-16,0,8.6363515473792878e-95,3.3258006671770879,89.377334111490455
rand,92,D,3,合格,0,合格,合格,4.2231000856071448e-11,2.2058986471739731e-10,1.7835886386132587e-10,3.5671781310531527e-10,合格,合格,2.8736782520224448e-16,2.8736782520224448e-16,0,9.1811274307435177e-95,3.3258006671770879,89.377334111490455
rand,92,D,4,合格,0,合格,合格,2.7332362661178004e-09,1.9819565011343117e-09,4.7151927672521121e-09,9.4303854603867369e-09,合格,合格,0,0,0,2.427172612411135e-93,3.3258006671770879,89.377334111490455
rand,92,K,0,合格,0,合格,合格,6.9571526862911313e-11,1.0061518638473752e-11,7.9633045501385066e-11,3.9816557215335813e-11,合格,合格,1.978850702419623e-12,4.9476933723308182e-13,1.4840813651865413e-12,1.0247901064014494e-95,3.3258006671770879,89.377334111490455
rand,92,K,1,合格,0,合格,合格,2.6057548798906589e-10,8.1157805182357214e-11,3.4173329317142313e-10,6.8346680570757076e-10,合格,合格,1.8905255733892993e-16,1.8905255733892993e-16,0,1.7590923714347383e-94,3.3258006671770879,89.377334111490455
rand,92,K,2,合格,0,合格,合格,9.0176127367914594e-11,3.4148882467970026e-11,5.6027244899944568e-11,1.1205437369571628e-10,合格,合格,1.6302640331213478e-19,1.6302640331213478e-19,0,2.8840317087523551e-95,3.3258006671770879,89.377334111490455
rand,92,K,3,合格,0,合格,合格,9.2273071308351688e-11,4.0300816368788458e-11,5.1972254939563236e-11,6.9296318885717241e-11,合格,合格,1.3567653876563263e-16,1.3567653876563263e-16,0,1.7835339610118524e-95,3.3258006671770879,89.377334111490455
rand,92,K,4,合格,0,合格,合格,8.4967240746526332e-10,8.3365220241000415e-10,1.6833246098752676e-09,3.3666491348423854e-09,合格,合格,1.2869908783286286e-16,1.2869908783286286e-16,0,8.6650101525669473e-94,3.3258006671770879,89.377334111490455
rand,93,D,0,合格,0,合格,合格,4.9905019323498104e-11,8.9927441453875924e-11,1.3983246077737402e-10,9.3221607899075202e-11,合格,合格,1.7436924018124068e-12,4.359909484064796e-13,1.3077014534059273e-12,2.3993179762164866e-95,285.30713730342808,70541.400494728456
rand,93,D,1,合格,0,合格,合格,1.0610925226961235e-10,2.0411059025971511e-11,1.2652031129558387e-10,5.0608121995756132e-10,合格,合格,1.5456600349835302e-16,1.5456600349835302e-16,0,1.3025411123398918e-94,285.30713730342808,70541.400494728456
rand,93,D,2,合格,0,合格,合格,1.6745478397527322e-11,1.2977540128399622e-10,1.4652087968152354e-10,2.9304206760368689e-10,合格,合格,2.4489053455070137e-20,2.4489053455070137e-20,0,7.5422545956338084e-95,285.30713730342808,70541.400494728456
rand,93,D,3,合格,0,合格,合格,8.3013943508686054e-11,1.1243519565170176e-11,9.4257463073856238e-11,1.885151550072693e-10,合格,合格,1.2987319709691404e-20,1.2987319709691404e-20,0,4.851963084437055e-95,285.30713730342808,70541.400494728456
rand,93,D,4,合格,0,合格,解像しない,7.3232935416821529e-11,1.4603877330508084e-08,1.4677110265924905e-08,2.9354220507208725e-08,合格,合格,0,0,0,7.5551270277400164e-93,285.30713730342808,70541.400494728456
rand,93,K,0,合格,0,合格,合格,8.4425930432878131e-11,4.2061774208520469e-11,4.2364156224357669e-11,1.6945670258110332e-10,合格,合格,2.4550938946604526e-12,6.1381537804646526e-13,1.8412785166139872e-12,4.3614406772879247e-95,285.30713730342808,70541.400494728456
rand,93,K,1,合格,0,合格,合格,3.6094710845378367e-10,3.6094710845378367e-10,1.9455734869656486e-13,1.5938121968549435e-09,合格,合格,2.0238144706208621e-16,2.0238144706208621e-16,0,4.1021200350536882e-94,285.30713730342808,70541.400494728456
rand,93,K,2,合格,0,合格,合格,2.4520389815713661e-11,1.6501957709658548e-10,1.4049918728087182e-10,1.8733212942916244e-10,合格,合格,2.4145649337988083e-16,2.4145649337988083e-16,0,4.8215146229714611e-95,285.30713730342808,70541.400494728456
rand,93,K,3,合格,0,合格,解像しない,1.0806508048524421e-09,3.6754757921034594e-09,2.5948249872510175e-09,1.0379299496880852e-08,合格,合格,1.7411850084870996e-16,1.7411850084870996e-16,0,2.6714020949265361e-93,285.30713730342808,70541.400494728456
rand,93,K,4,合格,0,合格,解像しない,2.1100640584025582e-10,7.5968684733872765e-09,7.8078748792275321e-09,3.1231499491079012e-08,合格,合格,0,0,0,8.0382971117885324e-93,285.30713730342808,70541.400494728456
rand,94,D,0,合格,0,合格,合格,3.3578601717137204e-11,3.3119867606364213e-10,3.647772777807793e-10,3.6477729397274927e-10,合格,合格,1.7135030973830646e-12,4.2831239577284917e-13,1.2851907016102154e-12,9.3885606402751788e-95,202.31379345526724,158190.85310958439
rand,94,D,1,合格,0,合格,合格,9.6991279387363292e-11,4.6724938821622687e-10,5.6424066760359024e-10,7.5232090724596715e-10,合格,合格,1.1503361108426354e-16,1.1503361108426354e-16,0,1.9363075979047256e-94,202.31379345526724,158190.85310958439
rand,94,D,2,合格,0,合格,合格,8.2638186662583479e-10,2.665165490600357e-10,1.0928984156858705e-09,2.1857967768464051e-09,合格,合格,1.8246332608077337e-20,1.8246332608077337e-20,0,5.6257573938452341e-94,202.31379345526724,158190.85310958439
rand,94,D,3,合格,0,合格,合格,6.5145774547110524e-11,8.6526775607377306e-10,8.0012198152666248e-10,1.066829350246409e-09,合格,合格,2.0154992991581851e-16,2.0154992991581851e-16,0,2.7457827592640742e-94,202.31379345526724,158190.85310958439
rand,94,D,4,合格,0,合格,解像しない,2.1924491965459456e-09,2.1924491965459456e-09,0,5.7728104794547066e-08,合格,合格,0,0,0,1.4857937198038823e-92,202.31379345526724,158190.85310958439
rand,94,K,0,合格,0,合格,合格,1.4745284305240612e-10,2.4651169720318096e-11,1.22801673332088e-10,1.2280159398042677e-10,合格,合格,2.088797072801909e-12,5.2214243946305199e-13,1.5666546333388569e-12,3.1606413854635861e-95,202.31379345526724,158190.85310958439
rand,94,K,1,合格,0,合格,合格,1.422845907477787e-11,2.0180339502219048e-10,1.875749359474126e-10,2.5009994070579422e-10,合格,合格,1.1195227953717807e-20,1.1195227953717807e-20,0,6.4370192395280753e-95,202.31379345526724,158190.85310958439
rand,94,K,2,合格,0,合格,合格,4.9560865654739689e-11,1.3641267306961872e-11,6.3202132961701559e-11,2.5280819852193534e-10,合格,合格,1.0613766097628078e-20,1.0613766097628078e-20,0,6.5067238049066419e-95,202.31379345526724,158190.85310958439
rand,94,K,3,合格,0,合格,合格,7.0444605597231828e-11,1.7910478994671624e-09,1.7206032938699304e-09,6.8824129582253179e-09,合格,合格,2.0505682240117319e-16,2.0505682240117319e-16,0,1.7713808528482922e-93,202.31379345526724,158190.85310958439
rand,94,K,4,合格,0,合格,解像しない,4.8670994314222664e-09,4.8670994314222664e-09,0,2.2753445284218757e-08,合格,合格,1.1760596720105609e-16,1.1760596720105609e-16,0,5.8562334979662898e-93,202.31379345526724,158190.85310958439
rand,95,D,0,合格,0,合格,合格,1.1260113191996821e-10,2.1652904874837165e-10,3.2913018066833981e-10,1.4628007153771735e-10,合格,合格,1.8717994575497468e-12,4.6813541151843877e-13,1.4036640460313078e-12,3.7649254621595156e-95,66.563551997299669,23854.63590809796
rand,95,D,1,合格,0,合格,解像しない,3.9192852129763422e-09,8.8135515910560465e-09,4.8942663780797051e-09,1.9577065131006071e-08,合格,合格,2.3445737941885253e-16,2.3445737941885253e-16,0,5.0387035097310106e-93,66.563551997299669,23854.63590809796
rand,95,D,2,合格,0,合格,合格,8.6298119820291718e-11,2.303030400510686e-10,1.4400492023077689e-10,1.9200659191622448e-10,合格,合格,6.5909115366967568e-21,6.5909115366967568e-21,0,4.9418249472312601e-95,66.563551997299669,23854.63590809796
rand,95,D,3,合格,0,合格,合格,2.3893510003701488e-10,4.0628751197151041e-10,6.4522261200852534e-10,6.452226635400485e-10,合格,合格,1.2283980989978116e-16,1.2283980989978116e-16,0,1.6606604093011766e-94,66.563551997299669,23854.63590809796
rand,95,D,4,合格,0,合格,解像しない,5.4845198306333568e-09,3.7358331588151812e-09,9.2203529894485379e-09,3.6881411959702603e-08,合格,合格,0,0,0,9.4924596021732032e-93,66.563551997299669,23854.63590809796
rand,95,K,0,合格,0,合格,合格,3.0112655230431172e-09,1.5790833118072095e-09,4.5903488348503265e-09,3.6722790741469693e-09,合格,合格,5.0659512838114782e-12,1.2671011862516183e-12,3.7988500975598594e-12,9.4516340093849293e-94,66.563551997299669,23854.63590809796
rand,95,K,1,合格,0,合格,合格,1.0019854330714704e-09,1.4139665266230154e-09,2.415951959694486e-09,1.6106346640849805e-09,合格,合格,1.9648237183779779e-16,1.9648237183779779e-16,0,4.1454173444854654e-94,66.563551997299669,23854.63590809796
rand,95,K,2,合格,0,合格,合格,6.0988616088052436e-10,2.8579368487952758e-10,8.95679845760052e-10,3.5827198960230419e-09,合格,合格,7.8279015495787899e-16,7.8279015495787899e-16,0,9.2211284958557585e-94,66.563551997299669,23854.63590809796
rand,95,K,3,合格,0,合格,解像しない,8.7409695963024408e-10,3.8138665246498027e-09,2.9397695650195584e-09,1.1759077894199702e-08,合格,合格,2.8829226546537679e-16,2.8829226546537679e-16,0,3.0265265329716701e-93,66.563551997299669,23854.63590809796
rand,95,K,4,合格,0,合格,解像しない,3.6897403268203708e-09,1.2340599563067918e-08,1.6030339889888289e-08,6.4121359439528004e-08,合格,合格,0,0,0,1.6503419521497491e-92,66.563551997299669,23854.63590809796
rand,96,D,0,合格,0,合格,合格,4.927734583886814e-11,4.927734583886814e-11,1.2201057164940613e-13,6.2469408643564145e-11,合格,合格,2.0321894407039307e-12,5.0815936356226486e-13,1.5240300771416659e-12,1.6078243928637915e-95,0.070378094962365911,37.158477970592145
rand,96,D,1,合格,0,合格,合格,1.1792047936131372e-10,8.9227822706522912e-11,2.0714830206783664e-10,1.657186235111062e-10,合格,合格,3.0603378597527428e-16,3.0603378597527428e-16,0,4.2652307908539483e-95,0.070378094962365911,37.158477970592145
rand,96,D,2,合格,0,合格,合格,1.2738434035541439e-10,4.6780952440747679e-11,1.7416529279616206e-10,2.3222029460622121e-10,合格,合格,3.1456146828727979e-16,3.1456146828727979e-16,0,5.9768366996437778e-95,0.070378094962365911,37.158477970592145
rand,96,D,3,合格,0,合格,合格,2.0519637595609863e-11,2.8582830284731646e-10,2.653086652517066e-10,1.7687237220425527e-10,合格,合格,2.9649853193380693e-22,2.9649853193380693e-22,0,4.5523036095361414e-95,0.070378094962365911,37.158477970592145
rand,96,D,4,合格,0,合格,解像しない,6.4865188425320812e-09,6.4865188425320812e-09,0,7.4292356504241449e-08,合格,合格,0,0,0,1.9121209178143628e-92,0.070378094962365911,37.158477970592145
rand,96,K,0,合格,0,合格,合格,1.180447066561994e-11,3.4546356434851132e-11,4.6350827100471076e-11,9.2701697665730471e-11,合格,合格,1.9497505146298476e-12,4.8737148160512677e-13,1.462379033024721e-12,2.3859366368790077e-95,0.070378094962365911,37.158477970592145
rand,96,K,1,合格,0,合格,解像しない,5.1560841984493982e-09,2.585120616750911e-08,2.0695121969059713e-08,4.1390243862461557e-08,合格,合格,2.02787337822446e-20,2.02787337822446e-20,0,1.0652933196207324e-92,0.070378094962365911,37.158477970592145
rand,96,K,2,合格,0,合格,合格,9.9578087846742501e-12,2.1220833076017277e-10,2.2216613954484701e-10,1.4811072173318486e-10,合格,合格,1.817317367718044e-16,1.817317367718044e-16,0,3.8120423486962154e-95,0.070378094962365911,37.158477970592145
rand,96,K,3,合格,0,合格,合格,1.5327413463135504e-10,9.6907075649177732e-11,2.5018121028053274e-10,2.5018122899233246e-10,合格,合格,1.3108801281454462e-16,1.3108801281454462e-16,0,6.4391114202095992e-95,0.070378094962365911,37.158477970592145
rand,96,K,4,合格,0,合格,解像しない,2.0495684278753463e-08,2.0495684278753463e-08,0,6.9829619258595511e-08,合格,合格,1.9625813657682985e-16,1.9625813657682985e-16,0,1.7972599329212308e-92,0.070378094962365911,37.158477970592145
rand,97,D,0,合格,0,合格,合格,2.9210609482416799e-10,2.5642090914211124e-10,5.4852700396627928e-10,1.290651844663798e-10,合格,合格,5.1419438026796366e-12,1.2861300278050239e-12,3.8558137748746123e-12,3.3218523491800224e-95,2011.0541874480618,13.013523407335924
rand,97,D,1,合格,0,合格,合格,1.5013124946505595e-10,4.7251186702032794e-10,6.2264311648538389e-10,6.7312763633092747e-11,合格,合格,1.6718143015237913e-23,1.6718143015237913e-23,0,1.7324816365379705e-95,2011.0541874480618,13.013523407335924
rand,97,D,2,合格,0,合格,合格,1.0230551328559935e-10,7.1941820964748635e-11,1.7424733425034799e-10,6.3362662435838428e-11,合格,合格,1.3602159380742794e-16,1.3602159380742794e-16,0,1.6308147695525044e-95,2011.0541874480618,13.013523407335924
rand,97,D,3,合格,0,合格,合格,8.2129829135000341e-10,4.8067375717203684e-10,3.4062453417796657e-10,6.8124911985633394e-10,合格,合格,1.114176678088826e-16,1.114176678088826e-16,0,1.7533845386174433e-94,2011.0541874480618,13.013523407335924
rand,97,D,4,合格,0,合格,合格,6.7847401938196932e-11,1.7847768833838974e-10,2.4632509027658667e-10,4.1054176717989382e-11,合格,合格,0,0,0,1.0566436947202395e-95,2011.0541874480618,13.013523407335924
rand,97,K,0,合格,0,合格,合格,3.0758372157500179e-10,4.2489453381230091e-11,2.6509426819377168e-10,1.178197115119045e-10,合格,合格,8.2383943316164976e-15,1.9615224599086901e-15,6.2768718717078076e-15,3.0324187509101886e-95,2011.0541874480618,13.013523407335924
rand,97,K,1,合格,0,合格,合格,1.122118565243492e-09,4.848498483983233e-09,5.9706170492267248e-09,2.3882468799915777e-09,合格,合格,1.5318135312634273e-21,1.5318135312634273e-21,0,6.1468191763119933e-94,2011.0541874480618,13.013523407335924
rand,97,K,2,合格,0,合格,合格,5.4132073163171508e-11,2.2483419053264979e-10,1.7070211736947828e-10,2.2760280329756496e-10,合格,合格,2.4675870112786015e-16,2.4675870112786015e-16,0,5.857992687492897e-95,2011.0541874480618,13.013523407335924
rand,97,K,3,合格,0,合格,合格,1.440130824111856e-10,3.9296386407308147e-10,5.3697694648426702e-10,2.6848850652259567e-10,合格,合格,1.3394136171688446e-16,1.3394136171688446e-16,0,6.9103002471766188e-95,2011.0541874480618,13.013523407335924
rand,97,K,4,合格,0,合格,合格,3.5636096000477872e-12,3.5636096000477872e-12,0,5.8739102252560621e-11,合格,合格,1.1959224109160975e-16,1.1959224109160975e-16,0,1.5118145579935351e-95,2011.0541874480618,13.013523407335924
rand,98,D,0,合格,0,合格,合格,5.5109011249114258e-11,8.2252978280158746e-11,1.37361989529273e-10,6.8680967109757689e-11,合格,合格,1.6345995024008366e-12,4.0887881110474714e-13,1.2257206912960897e-12,1.7676961674891863e-95,2384.7487357385398,63427.63152122758
rand,98,D,1,合格,0,合格,合格,1.1642153986581226e-10,1.1642153986581226e-10,0,2.3180245273063962e-10,合格,合格,1.1850413147230657e-16,1.1850413147230657e-16,0,5.9660823740545401e-95,2384.7487357385398,63427.63152122758
rand,98,D,2,合格,0,合格,合格,1.7220766000195596e-09,4.1635083481323437e-10,1.3057257652063252e-09,5.2229029590017197e-09,合格,合格,1.3561505622573466e-16,1.3561505622573466e-16,0,1.3442596882832164e-93,2384.7487357385398,63427.63152122758
rand,98,D,3,合格,0,合格,合格,9.4689461900306549e-11,1.8997179340064295e-10,2.8466125530094949e-10,1.0351315352525711e-10,合格,合格,2.8279017411392473e-16,2.8279017411392473e-16,0,2.6641995951935324e-95,2384.7487357385398,63427.63152122758
rand,98,D,4,合格,0,合格,合格,1.527052852567887e-10,1.527052852567887e-10,0,2.5381746669347421e-09,合格,合格,1.8625366854189124e-16,1.8625366854189124e-16,0,6.5327001350877091e-94,2384.7487357385398,63427.63152122758
rand,98,K,0,合格,0,合格,合格,4.9477890915813878e-11,8.1723521036097891e-11,1.3120141195191176e-10,5.2480620970043414e-11,合格,合格,2.2364558007269164e-12,5.5895897079980675e-13,1.6774968299271097e-12,1.3507350938717098e-95,2384.7487357385398,63427.63152122758
rand,98,K,1,合格,0,合格,合格,1.1684661954492816e-09,2.231614640224495e-10,1.391627659471731e-09,5.566510557810819e-09,合格,合格,1.8068203378693771e-16,1.8068203378693771e-16,0,1.4326966834356496e-93,2384.7487357385398,63427.63152122758
rand,98,K,2,合格,0,合格,合格,6.2967106239414025e-11,1.1685831554509063e-11,5.1281274684904961e-11,1.0256271544688443e-10,合格,合格,1.3426280265299888e-16,1.3426280265299888e-16,0,2.639737421475299e-95,2384.7487357385398,63427.63152122758
rand,98,K,3,合格,0,合格,合格,3.5644003417644128e-11,1.2182240353257995e-10,8.6178400114935816e-11,1.1490453410601295e-10,合格,合格,0,0,0,2.9573885330084746e-95,2384.7487357385398,63427.63152122758
rand,98,K,4,合格,0,合格,合格,1.6791434792998329e-10,1.6791434792998329e-10,0,2.3696783600915658e-09,合格,合格,0,0,0,6.099027913543746e-94,2384.7487357385398,63427.63152122758
rand,99,D,0,合格,0,合格,合格,5.5554694196371676e-11,1.1330466763844597e-11,6.6885160960216276e-11,1.3377017582204653e-10,合格,合格,5.8215149592400307e-13,1.454854656720411e-13,4.3666603025196199e-13,3.4429484189862413e-95,35.667877186448408,29.194105356376141
rand,99,D,1,合格,0,合格,合格,4.0025904825855072e-12,7.6745911001200076e-11,8.0748501483785577e-11,3.2299356026025752e-10,合格,合格,1.7597671939263605e-16,1.7597671939263605e-16,0,8.3131397623349386e-95,35.667877186448408,29.194105356376141
rand,99,D,2,合格,0,合格,合格,9.3558907402841295e-11,2.950181450141835e-10,3.8857705241702476e-10,1.5543084681859867e-09,合格,合格,2.1805048931726129e-20,2.1805048931726129e-20,0,4.0004461758926011e-94,35.667877186448408,29.194105356376141
rand,99,D,3,合格,0,合格,合格,3.1544903958513114e-11,3.3092465658450741e-10,3.6246956054302054e-10,1.4498786689610349e-09,合格,合格,1.1034757616366751e-15,1.1034757616366751e-15,0,3.7316669731090896e-94,35.667877186448408,29.194105356376141
rand,99,D,4,合格,0,合格,合格,1.1697634120989154e-11,5.369806561091525e-11,4.2000431489926094e-11,8.400092626827645e-11,合格,合格,1.1285705857201307e-16,1.1285705857201307e-16,0,2.1619980276730538e-95,35.667877186448408,29.194105356376141
rand,99,K,0,合格,0,合格,合格,7.5035846076445111e-11,9.2542938702728922e-12,8.4290139946718005e-11,1.6858009741435558e-10,合格,合格,2.825298440145618e-13,7.0743343987947582e-14,2.1178650002661422e-13,4.3388787993926284e-95,35.667877186448408,29.194105356376141
rand,99,K,1,合格,0,合格,合格,1.1788555061174359e-10,7.001634740438319e-11,1.8790189801612678e-10,3.7580404565321979e-10,合格,合格,1.9780417270595984e-16,1.9780417270595984e-16,0,9.6723648367751057e-95,35.667877186448408,29.194105356376141
rand,99,K,2,合格,0,合格,合格,2.430692564778017e-10,1.0327632024287316e-09,1.2758324589065333e-09,2.5516648656554971e-09,合格,合格,2.5017806622971918e-16,2.5017806622971918e-16,0,6.5674209224919363e-94,35.667877186448408,29.194105356376141
rand,99,K,3,合格,0,合格,合格,2.6379256702449714e-09,2.6379256702449714e-09,2.4225909441221723e-12,9.9229299165544034e-09,合格,合格,1.1399941798351177e-15,1.1399941798351177e-15,0,2.5539426600859487e-93,35.667877186448408,29.194105356376141
rand,99,K,4,合格,0,合格,合格,1.2249148058358079e-10,1.2249148058358079e-10,0,1.1256211316588402e-10,合格,合格,1.138105786937175e-16,1.138105786937175e-16,0,2.8970997995680272e-95,35.667877186448408,29.194105356376141
rand,100,D,0,合格,0,合格,合格,2.7967768265058249e-11,1.8884079681979362e-10,1.6087302855473536e-10,6.434920464661733e-11,合格,合格,2.0513539030695497e-12,5.1289901625561395e-13,1.5384548868139356e-12,1.6562061837746319e-95,0.34433792826687964,65113.317756740864
rand,100,D,1,合格,0,合格,合格,1.0069944982848113e-10,5.0578009828925035e-11,5.0121439999556096e-11,2.0048560497501241e-10,合格,合格,1.4061282087124729e-16,1.4061282087124729e-16,0,5.1600559873410718e-95,0.34433792826687964,65113.317756740864
rand,100,D,2,合格,0,合格,解像しない,4.5436839114940592e-12,1.448985341017459e-08,1.4486570694341661e-08,1.9315427542410265e-08,合格,合格,2.6803150299491409e-16,2.6803150299491409e-16,0,4.9713637819876879e-93,0.34433792826687964,65113.317756740864
rand,100,D,3,合格,0,合格,合格,1.4244154843872747e-11,1.0481750070297057e-10,1.1906165554684332e-10,9.5249242528177746e-11,合格,合格,2.7866878301619382e-16,2.7866878301619382e-16,0,2.4515048063350115e-95,0.34433792826687964,65113.317756740864
rand,100,D,4,合格,0,解像しない,解像しない,4.6040158188881066e-08,9.4797705243874154e-08,1.4083786343275523e-07,5.6335145341715171e-07,合格,合格,0,0,0,1.449942024787652e-91,0.34433792826687964,65113.317756740864
rand,100,K,0,合格,0,合格,合格,2.1614723652723852e-11,2.4389016397848502e-10,2.6550488763120891e-10,1.5171706261875779e-10,合格,合格,1.8789221526197366e-12,4.6984724139422727e-13,1.4090749112255091e-12,3.9048615856749143e-95,0.34433792826687964,65113.317756740864
rand,100,K,1,合格,0,合格,合格,2.3811571628520207e-11,2.6817437088767692e-10,2.4436279925915671e-10,1.9549020154284973e-10,合格,合格,3.3471895343651455e-16,3.3471895343651455e-16,0,5.0314853530926536e-95,0.34433792826687964,65113.317756740864
rand,100,K,2,合格,0,合格,合格,2.6723121273032383e-10,1.4393723591609944e-10,4.1116844864642327e-10,5.4822443067237581e-10,合格,合格,2.1516247269488765e-19,2.1516247269488765e-19,0,1.4110084144196887e-94,0.34433792826687964,65113.317756740864
rand,100,K,3,合格,0,合格,合格,7.4189217982061668e-10,6.8705787800671193e-10,1.4289500578273286e-09,2.8579002804084364e-09,合格,合格,1.3521416513238759e-15,1.3521416513238759e-15,0,7.3556031391796274e-94,0.34433792826687964,65113.317756740864
rand,100,K,4,合格,0,解像しない,解像しない,4.6118841586947515e-09,1.4181615814615704e-07,1.464280423048518e-07,5.8571216939257643e-07,合格,合格,1.4240140242025326e-16,1.4240140242025326e-16,0,1.5074935614002703e-91,0.34433792826687964,65113.317756740864
rand,101,D,0,合格,0,合格,合格,2.2057787635251076e-11,1.6544372544502154e-10,1.4338593780977046e-10,2.205938205609645e-11,合格,合格,8.7526100724144677e-13,2.1893162226869019e-13,6.5632938497275658e-13,5.6775969760917067e-96,4.4738451933636236,2.996438550634013
rand,101,D,1,合格,0,合格,合格,1.0741513624154827e-09,1.3416701198175789e-09,2.6751875740209632e-10,5.3503758813696981e-10,合格,合格,1.0415044787473869e-15,1.0415044787473869e-15,0,1.3770683987325642e-94,4.4738451933636236,2.996438550634013
rand,101,D,2,合格,0,合格,合格,1.2945370770734451e-11,1.8701539188790237e-09,1.8830992896497583e-09,4.7077483050432274e-10,合格,合格,1.2461850953729738e-15,1.2461850953729738e-15,0,1.2116702758465257e-94,4.4738451933636236,2.996438550634013
rand,101,D,3,合格,0,合格,解像しない,1.9513571571905255e-08,1.13686863406134e-08,8.1448852312918547e-09,1.6289770570209913e-08,合格,合格,1.7063335765722595e-16,1.7063335765722595e-16,0,4.1926266064688489e-93,4.4738451933636236,2.996438550634013
rand,101,D,4,合格,0,合格,合格,3.3059038128788056e-12,1.3878567521412251e-10,1.4209157902700131e-10,2.0298805475235969e-11,合格,合格,0,0,0,5.2244635090593047e-96,4.4738451933636236,2.996438550634013
rand,101,K,0,合格,0,合格,合格,1.41118796862972e-10,1.6717532107712903e-10,2.6056524214157036e-11,3.4742230169812253e-11,合格,合格,4.8851353841805403e-15,1.4182651115362859e-15,3.4668702726442545e-15,8.9418815292831094e-96,4.4738451933636236,2.996438550634013
rand,101,K,1,合格,0,合格,合格,1.3682446347970313e-10,6.086017504170637e-11,1.9768463852140948e-10,6.0826037648652578e-11,合格,合格,4.341697226465755e-16,4.341697226465755e-16,0,1.5655276586779482e-95,4.4738451933636236,2.996438550634013
rand,101,K,2,合格,0,合格,合格,8.6579543008189903e-11,4.726715754086552e-12,9.1306258762276459e-11,7.3044947181073474e-11,合格,合格,1.1936753760509501e-16,1.1936753760509501e-16,0,1.8800153611711303e-95,4.4738451933636236,2.996438550634013
rand,101,K,3,合格,0,合格,合格,4.8962279777325324e-09,1.2034333484381172e-08,7.13810550664864e-09,4.0789174251212988e-09,合格,合格,1.1561921022278737e-16,1.1561921022278737e-16,0,1.0498231174248266e-93,4.4738451933636236,2.996438550634013
rand,101,K,4,合格,0,合格,合格,1.1781274774748654e-11,9.6299015733701461e-11,8.4517740958952807e-11,1.6903568497163982e-11,合格,合格,0,0,0,4.3506046153334569e-96,4.4738451933636236,2.996438550634013
rand,102,D,0,合格,0,合格,合格,1.0717413453608014e-11,3.5417725935570564e-11,2.470031248196255e-11,9.8801103992350015e-11,合格,合格,1.5507849433977382e-12,3.8769623584943455e-13,1.1630887075483037e-12,2.5429218635182065e-95,199.9344633784462,1675.6557709876306
rand,102,D,1,合格,0,合格,合格,2.4647687954006558e-10,2.4647687954006558e-10,1.1550197442952818e-12,2.3654804357801053e-09,合格,合格,0,0,0,6.0882233849690107e-94,199.9344633784462,1675.6557709876306
rand,102,D,2,合格,0,合格,解像しない,4.1632213923151241e-09,4.1632213923151241e-09,3.0620743256393151e-11,3.1355640452105646e-08,合格,合格,1.2767504220029544e-16,1.2767504220029544e-16,0,8.0702482490933578e-93,199.9344633784462,1675.6557709876306
rand,102,D,3,合格,0,合格,合格,3.0940342451382954e-14,2.7911441571937732e-10,2.7913410175864529e-10,1.3956696878436977e-10,合格,合格,0,0,0,3.5921450470251505e-95,199.9344633784462,1675.6557709876306
rand,102,D,4,合格,0,合格,合格,3.199455868039208e-11,1.3192717859343107e-10,9.9932619913038991e-11,3.9973042470681199e-10,合格,合格,2.3114866962437068e-16,2.3114866962437068e-16,0,1.0288176907204143e-94,199.9344633784462,1675.6557709876306
rand,102,K,0,合格,0,合格,合格,5.8004696442469265e-11,4.8436992465121612e-10,5.4237462109368535e-10,3.615830504041499e-10,合格,合格,1.5224723339310206e-12,3.8066806615950931e-13,1.1418042677715115e-12,9.3063478766544132e-95,199.9344633784462,1675.6557709876306
rand,102,K,1,合格,0,合格,合格,9.7157725879138745e-10,3.7352493867924304e-09,4.7068266455838181e-09,6.275768812918529e-09,合格,合格,1.439565445518429e-16,1.439565445518429e-16,0,1.6152440691342768e-93,199.9344633784462,1675.6557709876306
rand,102,K,2,合格,0,合格,合格,1.5032031574226888e-09,3.9924806168494538e-10,1.9024512191076341e-09,1.9024512715534326e-09,合格,合格,1.5974024596914302e-16,1.5974024596914302e-16,0,4.8964887407389871e-94,199.9344633784462,1675.6557709876306
rand,102,K,3,合格,0,合格,合格,2.7382775812289902e-10,8.568104840571222e-10,5.8298272593422319e-10,7.773103877596585e-10,合格,合格,1.0054425739950218e-20,1.0054425739950218e-20,0,2.0006249929422833e-94,199.9344633784462,1675.6557709876306
rand,102,K,4,合格,0,合格,合格,9.1036631660112983e-11,2.8020017751647851e-10,3.712368091765915e-10,2.9698944179746715e-10,合格,合格,1.1865191586156545e-16,1.1865191586156545e-16,0,7.6438512755821275e-95,199.9344633784462,1675.6557709876306
rand,103,D,0,合格,0,合格,合格,3.7806807685633348e-10,5.2290138982237756e-10,1.4483331296604411e-10,5.7933346445922626e-10,合格,合格,1.2257914693724281e-11,3.0645097385285737e-12,9.1934049551957076e-12,1.4910761859049484e-94,39.75312114490557,6.3259051783070035
rand,103,D,1,合格,0,合格,合格,1.9653416177077163e-11,2.0160758128735539e-10,1.8195416511027824e-10,9.0977096924094666e-11,合格,合格,1.226085578816248e-16,1.226085578816248e-16,0,2.3415492286969598e-95,39.75312114490557,6.3259051783070035
rand,103,D,2,合格,0,合格,合格,8.8783158756736041e-11,1.1913815465493351e-10,3.0354995898197453e-11,1.2142018910704984e-10,合格,合格,4.3040912836958722e-21,4.3040912836958722e-21,0,3.1250870797631885e-95,39.75312114490557,6.3259051783070035
rand,103,D,3,合格,0,合格,合格,7.7964343417525503e-10,2.1694783319586802e-09,1.3898348977834253e-09,2.779669750577227e-09,合格,合格,0,0,0,7.1542550603992539e-94,39.75312114490557,6.3259051783070035
rand,103,D,4,合格,0,合格,合格,6.1973865351063564e-11,1.1998415855240607e-10,1.8195802390346963e-10,5.598704946158195e-11,合格,合格,0,0,0,1.4409828068394404e-95,39.75312114490557,6.3259051783070035
rand,103,K,0,合格,0,合格,合格,1.4189424929708905e-09,7.2346053495988382e-10,2.1424030279307742e-09,1.2242302672101938e-09,合格,合格,1.1180170421732494e-11,2.7923850035004784e-12,8.3877854182320146e-12,3.150897901617153e-94,39.75312114490557,6.3259051783070035
rand,103,K,1,合格,0,合格,合格,5.5073307909374079e-11,5.5073307909374079e-11,2.3052992083020527e-14,7.5540000673331336e-10,合格,合格,1.9276250329468655e-21,1.9276250329468655e-21,0,1.9442325188721337e-94,39.75312114490557,6.3259051783070035
rand,103,K,2,合格,0,合格,合格,7.3439203689184855e-11,7.3439203689184855e-11,4.5970678801402679e-14,3.0127341825950329e-10,合格,合格,1.575204918046949e-16,1.575204918046949e-16,0,7.75411135333341e-95,39.75312114490557,6.3259051783070035
rand,103,K,3,合格,0,合格,合格,1.3454630297455443e-10,8.6039879189654713e-11,4.850642378489972e-11,1.9402541954961737e-10,合格,合格,1.2418057761896646e-16,1.2418057761896646e-16,0,4.9937851047617567e-95,39.75312114490557,6.3259051783070035
rand,103,K,4,合格,0,合格,合格,1.1132969920458483e-10,1.1132969920458483e-10,0,9.4216522112940844e-11,合格,合格,1.6746672122737785e-16,1.6746672122737785e-16,0,2.4249248672787551e-95,39.75312114490557,6.3259051783070035
rand,104,D,0,合格,0,合格,合格,4.3758482479563888e-11,2.6892813922313649e-11,1.6865668557250239e-11,8.4328312982193512e-12,合格,合格,2.1667013225159459e-12,5.4193835075176295e-13,1.6247629717641831e-12,2.1704242374926276e-96,27.301020225014025,775.05340782826318
rand,104,D,1,合格,0,合格,合格,7.9617796576666573e-11,7.9617796576666573e-11,1.1549929142097815e-13,1.4783908661407346e-11,合格,合格,3.9888076119430361e-16,3.9888076119430361e-16,0,3.8050510616014757e-96,27.301020225014025,775.05340782826318
rand,104,D,2,合格,0,合格,合格,1.4310368110321723e-10,7.8865254508573668e-11,2.2196893561179089e-10,2.2196898585413149e-11,合格,合格,1.2398033442052357e-16,1.2398033442052357e-16,0,5.7129906887997806e-96,27.301020225014025,775.05340782826318
rand,104,D,3,合格,0,合格,合格,5.1991195598958528e-09,1.406884903246628e-09,3.7922346566492248e-09,9.4805869813543453e-10,合格,合格,1.6265689850542593e-16,1.6265689850542593e-16,0,2.4400933734241175e-94,27.301020225014025,775.05340782826318
rand,104,D,4,合格,0,合格,合格,5.8727395152956231e-10,2.3970239019913454e-10,8.2697634172869685e-10,2.0674407548010321e-10,合格,合格,0,0,0,5.3211351740757815e-95,27.301020225014025,775.05340782826318
rand,104,K,0,合格,0,合格,合格,2.6946214664430333e-11,2.2477664870440382e-10,2.5172286336883414e-10,8.9901007423351985e-12,合格,合格,1.7288082874486881e-12,4.3232105930968845e-13,1.2964872281389996e-12,2.3138530653144856e-96,27.301020225014025,775.05340782826318
rand,104,K,1,合格,0,合格,合格,6.325685910329962e-11,1.3899455053371294e-10,2.0225140963701254e-10,5.0562858087968273e-11,合格,合格,4.0527446184938634e-16,4.0527446184938634e-16,0,1.30137611947958e-95,27.301020225014025,775.05340782826318
rand,104,K,2,合格,0,合格,合格,3.939591106256365e-11,3.0409879797071306e-10,2.6470288690814945e-10,4.41171605923098e-11,合格,合格,3.4655094178891315e-16,3.4655094178891315e-16,0,1.1354781241636208e-95,27.301020225014025,775.05340782826318
rand,104,K,3,合格,0,合格,合格,1.1785630155082396e-10,8.7683163015900752e-12,1.2662461785241404e-10,1.5828067918526113e-11,合格,合格,1.9678433281543328e-16,1.9678433281543328e-16,0,4.0737945570312261e-96,27.301020225014025,775.05340782826318
rand,104,K,4,合格,0,合格,合格,3.7264638821928275e-10,3.4033117146569921e-10,7.1297755968498195e-10,1.782444115040965e-10,合格,合格,0,0,0,4.5876168660908718e-95,27.301020225014025,775.05340782826318
rand,105,D,0,合格,0,合格,合格,1.6763843936303414e-11,1.2654637626835584e-10,1.4331022020465924e-10,1.1942524237001842e-11,合格,合格,1.839992015519463e-12,4.6007989777409386e-13,1.3799121177453689e-12,3.0737415636792356e-96,2.793668536563557,8213.0062357729257
rand,105,D,1,合格,0,合格,合格,7.0213097267566736e-11,2.5009677991679443e-11,9.5222775259246186e-11,2.3805701797893998e-11,合格,合格,1.2366947530870515e-16,1.2366947530870515e-16,0,6.1270610481180976e-96,2.793668536563557,8213.0062357729257
rand,105,D,2,合格,0,合格,合格,8.7510708781510173e-11,9.8947082179855057e-11,1.8645779096136523e-10,2.3307221160647196e-11,合格,合格,0,0,0,5.9987631587449657e-96,2.793668536563557,8213.0062357729257
rand,105,D,3,合格,0,合格,合格,9.2493150841293947e-10,7.5400180923735962e-10,1.6789333176502992e-09,8.3946662275752396e-10,合格,合格,4.7629479496781203e-16,4.7629479496781203e-16,0,2.1606013925402936e-94,2.793668536563557,8213.0062357729257
rand,105,D,4,合格,0,合格,解像しない,2.9305807279667458e-08,2.9305807279667458e-08,0,7.2868985161383468e-08,合格,合格,1.2927898067245998e-16,1.2927898067245998e-16,0,1.8754864880215633e-92,2.793668536563557,8213.0062357729257
rand,105,K,0,合格,0,合格,合格,4.5259443706810597e-11,1.7856395894178827e-11,6.3115839600989424e-11,1.2623177656575153e-11,合格,合格,2.1686885872035661e-12,5.4226427460833432e-13,1.6264243125952317e-12,3.248926697465334e-96,2.793668536563557,8213.0062357729257
rand,105,K,1,合格,0,合格,合格,6.0128681755099645e-10,2.3187978480422893e-09,1.7175110304912928e-09,5.7250364755024864e-10,合格,合格,3.383823458525708e-16,3.383823458525708e-16,0,1.473497747972706e-94,2.793668536563557,8213.0062357729257
rand,105,K,2,合格,0,合格,合格,1.8609952886384061e-12,1.8609952886384061e-12,5.63657235587863e-14,2.5652647680882418e-11,合格,合格,2.6205664840363388e-16,2.6205664840363388e-16,0,6.6024240629837862e-96,2.793668536563557,8213.0062357729257
rand,105,K,3,合格,0,合格,合格,7.3792279007411036e-11,1.8609479808613516e-10,2.5988707709354622e-10,2.5988717619640239e-11,合格,合格,1.3213100904927796e-20,1.3213100904927796e-20,0,6.68892103117603e-96,2.793668536563557,8213.0062357729257
rand,105,K,4,合格,0,解像しない,解像しない,3.745999844972299e-08,1.2816644515111815e-07,1.6562644360084112e-07,8.2813221772325709e-08,合格,合格,0,0,0,2.1314291412121711e-92,2.793668536563557,8213.0062357729257
rand,106,D,0,合格,0,合格,合格,3.2872066865026752e-11,5.8342554610164405e-11,9.1214621475191157e-11,3.6485887710551964e-11,合格,合格,2.0027007278512984e-12,5.0059070833671314e-13,1.5021100195145853e-12,9.3906604096465025e-96,128.20103149705801,7113.7166819411777
rand,106,D,1,合格,0,合格,合格,6.3737842627476956e-11,6.3737842627476956e-11,8.8746745903944599e-13,4.5438335176465011e-10,合格,合格,6.9111031842328864e-19,6.9111031842328864e-19,0,1.1694822354520229e-94,128.20103149705801,7113.7166819411777
rand,106,D,2,合格,0,合格,合格,1.2713996261234622e-10,8.1045799679571207e-11,2.0818576229191742e-10,6.4057160702273805e-11,合格,合格,2.7527152383264535e-20,2.7527152383264535e-20,0,1.6486896186638135e-95,128.20103149705801,7113.7166819411777
rand,106,D,3,合格,0,合格,合格,4.5716314562305396e-11,7.3393014134226766e-11,2.7676699571921367e-11,1.1070643310986789e-10,合格,合格,2.3125487921525534e-16,2.3125487921525534e-16,0,2.8493386997881756e-95,128.20103149705801,7113.7166819411777
rand,106,D,4,合格,0,合格,合格,2.5481811236304171e-10,6.3309784881938812e-10,8.8791596118242983e-10,1.7758317955868895e-09,合格,合格,0,0,0,4.5705982184959652e-94,128.20103149705801,7113.7166819411777
rand,106,K,0,合格,0,合格,合格,6.9326617918194391e-11,1.4645142947583243e-10,2.1577804739402681e-10,5.0771337113693958e-11,合格,合格,1.9519875812803735e-12,4.8799689532009338e-13,1.4639906859602801e-12,1.3067419084351757e-95,128.20103149705801,7113.7166819411777
rand,106,K,1,合格,0,合格,合格,1.2974112786639421e-11,2.4336215592768245e-10,2.5633626871432186e-10,9.3213184109493171e-11,合格,合格,1.320785591089417e-20,1.320785591089417e-20,0,2.3991011665065112e-95,128.20103149705801,7113.7166819411777
rand,106,K,2,合格,0,合格,合格,9.2651988013231447e-11,5.6094548578334662e-10,6.5359747379657806e-10,4.357316579572446e-10,合格,合格,4.3483955169965398e-16,4.3483955169965398e-16,0,1.1214769014446509e-94,128.20103149705801,7113.7166819411777
rand,106,K,3,合格,0,合格,合格,2.1910982405898612e-11,2.5321088955764307e-10,2.7512187196354168e-10,1.5721249400446794e-10,合格,合格,2.1771588504205127e-19,2.1771588504205127e-19,0,4.0463018333594796e-95,128.20103149705801,7113.7166819411777
rand,106,K,4,合格,0,合格,合格,3.4159229956910804e-10,3.4159229956910804e-10,0,3.2025792178575449e-09,合格,合格,0,0,0,8.2427304793775946e-94,128.20103149705801,7113.7166819411777
rand,107,D,0,合格,0,合格,合格,1.6275176891480808e-12,2.796779879836345e-11,2.6340281109215368e-11,1.053611837637417e-10,合格,合格,1.9821970704904424e-12,4.9568971616326892e-13,1.4865073543271736e-12,2.7117638055919214e-95,0.1284995129574496,6205.6197756717511
rand,107,D,1,合格,0,合格,合格,1.0990971175891011e-10,5.0235635796635986e-11,1.601453475555461e-10,1.6014540391221512e-10,合格,合格,1.0640500004913183e-19,1.0640500004913183e-19,0,4.1217884466337294e-95,0.1284995129574496,6205.6197756717511
rand,107,D,2,合格,0,合格,合格,1.747930938501831e-10,1.3862931157445852e-10,3.134224054246416e-10,6.2684496055996865e-10,合格,合格,1.9298054534634983e-16,1.9298054534634983e-16,0,1.6133602670751269e-94,0.1284995129574496,6205.6197756717511
rand,107,D,3,合格,0,合格,合格,6.0532872965166062e-11,2.424004444140563e-10,3.0293331737922238e-10,6.0586659395443577e-10,合格,合格,3.724038366633248e-21,3.724038366633248e-21,0,1.5593665919576502e-94,0.1284995129574496,6205.6197756717511
rand,107,D,4,合格,0,合格,解像しない,2.2339925639945696e-07,2.2339925639945696e-07,0,9.8337097343987525e-07,合格,合格,1.1699060800014865e-16,1.1699060800014865e-16,0,2.5309793587964967e-91,0.1284995129574496,6205.6197756717511
rand,107,K,0,合格,0,合格,合格,1.303652437671078e-10,3.6670304746981784e-11,9.3694939020126005e-11,3.7477991907528608e-10,合格,合格,2.0637577093499092e-12,5.1598180429249467e-13,1.5477759050574143e-12,9.6460060840810129e-95,0.1284995129574496,6205.6197756717511
rand,107,K,1,合格,0,合格,合格,1.650157326406264e-10,5.9291203022243643e-10,4.2789629758181006e-10,5.7052842999143044e-10,合格,合格,2.0186746922705959e-19,2.0186746922705959e-19,0,1.4684139749048334e-94,0.1284995129574496,6205.6197756717511
rand,107,K,2,合格,0,合格,合格,2.7284394835347691e-10,8.5635475933175868e-10,5.8351081097828177e-10,1.1670214397521372e-09,合格,合格,1.376274530378974e-16,1.376274530378974e-16,0,3.0036550346340099e-94,0.1284995129574496,6205.6197756717511
rand,107,K,3,合格,0,合格,解像しない,2.1846339598080986e-09,6.4997422172147982e-09,4.3151082574067e-09,1.7260433304011751e-08,合格,合格,1.2553900798878492e-16,1.2553900798878492e-16,0,4.4424537225786208e-93,0.1284995129574496,6205.6197756717511
rand,107,K,4,合格,0,解像しない,解像しない,3.9148253149178057e-09,3.7875000045406252e-07,3.8266482576898028e-07,1.5306593030446349e-06,合格,合格,0,0,0,3.939578456138627e-91,0.1284995129574496,6205.6197756717511
rand,108,D,0,合格,0,合格,合格,6.1761922267846258e-12,6.1761922267846258e-12,1.8882899406953726e-14,1.650012311412051e-09,合格,合格,6.9501650337348851e-12,1.7372848401965922e-12,5.2128801935382929e-12,4.2467666981623939e-94,1120.9753484139439,35.983201585371489
rand,108,D,1,合格,0,合格,合格,3.1339102269223062e-10,8.1433241097298867e-10,1.1277234336652192e-09,1.5036312483200804e-09,合格,合格,1.4123643829591194e-22,1.4123643829591194e-22,0,3.8700142220256582e-94,1120.9753484139439,35.983201585371489
rand,108,D,2,合格,0,合格,合格,2.6160599545175083e-11,2.6160599545175083e-11,2.4431551238058209e-15,3.2022922365648922e-10,合格,合格,6.6145320239733029e-23,6.6145320239733029e-23,0,8.2419918530120797e-95,1120.9753484139439,35.983201585371489
rand,108,D,3,合格,0,合格,合格,6.4171848259665633e-11,6.4171848259665633e-11,7.0027989508120245e-15,9.1787086453495656e-10,合格,合格,1.16375415988266e-16,1.16375415988266e-16,0,2.3623965674442484e-94,1120.9753484139439,35.983201585371489
rand,108,D,4,合格,0,合格,合格,1.1044081567427649e-11,3.4548456106334475e-11,4.5592537673762124e-11,1.8237014242284385e-10,合格,合格,0,0,0,4.693804053605376e-95,1120.9753484139439,35.983201585371489
rand,108,K,0,合格,0,合格,合格,5.228061264579779e-09,1.1064091723330724e-08,5.8360304587509454e-09,5.8360304244990556e-09,合格,合格,6.2574408548119764e-11,1.5641736067263556e-11,4.6932672480856211e-11,1.5020651351998218e-93,1120.9753484139439,35.983201585371489
rand,108,K,1,合格,0,合格,合格,6.2022303022750234e-11,8.8439202548745697e-11,1.5046150557149593e-10,2.0061548151410831e-10,合格,合格,1.9755974996257343e-16,1.9755974996257343e-16,0,5.1633987221636564e-95,1120.9753484139439,35.983201585371489
rand,108,K,2,合格,0,合格,合格,7.011024140264568e-11,4.0904043601296459e-10,4.7915067741561032e-10,1.9166028715671945e-09,合格,合格,1.1871046965917257e-21,1.1871046965917257e-21,0,4.932911828765965e-94,1120.9753484139439,35.983201585371489
rand,108,K,3,合格,0,合格,合格,5.6667844070734495e-11,1.7791297962725833e-10,2.3458082369799283e-10,1.8766472392721174e-10,合格,合格,3.6517413132763491e-22,3.6517413132763491e-22,0,4.8300748696347059e-95,1120.9753484139439,35.983201585371489
rand,108,K,4,合格,0,合格,合格,9.271487280627551e-12,5.4699521549232266e-11,4.5428034268604713e-11,9.0856080698380289e-11,合格,合格,0,0,0,2.3384345387413358e-95,1120.9753484139439,35.983201585371489
rand,109,D,0,合格,0,合格,合格,1.1403149132813531e-10,1.5273457461518484e-10,2.6676606594332013e-10,6.2768495036338856e-11,合格,合格,1.7868484835287864e-12,4.4704012524303394e-13,1.3398083582857525e-12,1.6155222150189619e-95,13.916758657348478,238.71954753538304
rand,109,D,1,合格,0,解像しない,解像しない,7.6490662747761968e-09,1.9063785761550989e-07,1.829887913407337e-07,3.852395608431096e-08,合格,合格,1.9330919107426336e-20,1.9330919107426336e-20,0,9.9152141259063966e-93,13.916758657348478,238.71954753538304
rand,109,D,2,合格,0,合格,合格,1.123793493466394e-10,7.7064716764235062e-11,1.8944406611087446e-10,2.7063438544175173e-11,合格,合格,1.5647753542505855e-16,1.5647753542505855e-16,0,6.9655304237585247e-96,13.916758657348478,238.71954753538304
rand,109,D,3,合格,0,合格,合格,5.2339191146886661e-10,2.7637315214105777e-10,7.9976506360992439e-10,1.5995300880729801e-10,合格,合格,1.9741743209620518e-16,1.9741743209620518e-16,0,4.1168366222212668e-95,13.916758657348478,238.71954753538304
rand,109,D,4,合格,0,合格,合格,1.1505262579402263e-10,1.5731120847819887e-10,4.2258582684176239e-11,1.6903435055902242e-11,合格,合格,1.7208505458437678e-16,1.7208505458437678e-16,0,4.3505702705044762e-96,13.916758657348478,238.71954753538304
rand,109,K,0,合格,0,合格,合格,8.4413109752651381e-11,2.7506550885793465e-10,3.5947861861058601e-10,1.3071950470741844e-10,合格,合格,5.6296575193934832e-12,1.4074143798483708e-12,4.2222431395451118e-12,3.3644308927408677e-95,13.916758657348478,238.71954753538304
rand,109,K,1,合格,0,合格,合格,2.686336793480326e-11,4.2360440374372237e-11,1.5497072439568978e-11,3.0994335187181934e-11,合格,合格,1.6142783791217685e-16,1.6142783791217685e-16,0,7.9772562661647173e-96,13.916758657348478,238.71954753538304
rand,109,K,2,合格,0,合格,合格,2.8740039711854982e-12,3.7270725262231857e-10,3.6983324865113307e-10,5.1011489438873883e-11,合格,合格,5.0025746882768395e-20,5.0025746882768395e-20,0,1.3129228980557173e-95,13.916758657348478,238.71954753538304
rand,109,K,3,合格,0,解像しない,解像しない,9.9297314373822659e-08,5.8579586010982488e-09,1.0515527297492092e-07,7.010351526069103e-08,合格,合格,2.5409407971784206e-16,2.5409407971784206e-16,0,1.8043094101427895e-92,13.916758657348478,238.71954753538304
rand,109,K,4,合格,0,合格,合格,1.4657415742052843e-11,1.0292724919444961e-10,1.1758466493650246e-10,1.6797795995329658e-11,合格,合格,0,0,0,4.3233811131047421e-96,13.916758657348478,238.71954753538304
rand,110,D,0,合格,0,合格,合格,2.6957595388187345e-11,7.1247782352843583e-11,4.4290186964656234e-11,5.9053459147644725e-12,合格,合格,2.2937696239085073e-12,5.7325278809273519e-13,1.720516835815772e-12,1.519905409098994e-96,2.3661988950600237,692.03136813648121
rand,110,D,1,合格,0,合格,合格,1.2029612498636242e-10,8.6095307842999437e-11,3.4200817143362965e-11,6.840157842206632e-11,合格,合格,1.4206536987356885e-16,1.4206536987356885e-16,0,1.7605053206905002e-95,2.3661988950600237,692.03136813648121
rand,110,D,2,合格,0,合格,合格,5.4679573098331281e-11,1.4327780492940183e-10,1.979573780277331e-10,1.5227493952036349e-11,合格,合格,2.1069583767790133e-16,2.1069583767790133e-16,0,3.9192201030691608e-96,2.3661988950600237,692.03136813648121
rand,110,D,3,合格,0,合格,合格,3.7225941881994123e-11,2.8801530425106219e-11,8.4244114568879044e-12,1.1232369637860337e-11,合格,合格,3.4063487685291646e-16,3.4063487685291646e-16,0,2.8909634788539116e-96,2.3661988950600237,692.03136813648121
rand,110,D,4,合格,0,合格,解像しない,1.7120993109334542e-08,1.7120993109334542e-08,0,5.1419735754033545e-08,合格,合格,0,0,0,1.3234302551455797e-92,2.3661988950600237,692.03136813648121
rand,110,K,0,合格,0,合格,合格,2.0613995596797215e-11,1.0023937905343881e-10,7.9625383456641598e-11,6.1250288464845409e-12,合格,合格,1.6944483408077395e-12,4.2336764660689629e-13,1.2710806942008434e-12,1.5764469362216053e-96,2.3661988950600237,692.03136813648121
rand,110,K,1,合格,0,合格,合格,1.3787727192193483e-10,4.9702824935972255e-10,6.3490552128165745e-10,1.2698110199458904e-09,合格,合格,1.1789231418644194e-15,1.1789231418644194e-15,0,3.2682126764563033e-94,2.3661988950600237,692.03136813648121
rand,110,K,2,合格,0,合格,合格,6.4824751896711974e-13,9.6559314983174965e-11,9.7207562502142092e-11,1.555323530015015e-11,合格,合格,2.1900254019159449e-16,2.1900254019159449e-16,0,4.0030587205034981e-96,2.3661988950600237,692.03136813648121
rand,110,K,3,合格,0,合格,合格,1.0548699068354958e-10,1.2303429984783887e-10,1.7547309164289289e-11,1.0027062087525018e-11,合格,合格,3.4429779290479426e-16,3.4429779290479426e-16,0,2.5807439774353272e-96,2.3661988950600237,692.03136813648121
rand,110,K,4,合格,0,合格,解像しない,3.2957038848472776e-09,2.2063109132896964e-08,1.8767405248049686e-08,3.7534810610726985e-08,合格,合格,0,0,0,9.6606299614246396e-93,2.3661988950600237,692.03136813648121
rand,111,D,0,合格,0,合格,合格,1.7163632091477049e-11,1.3297013446375901e-10,1.5013376655523606e-10,1.201070165224224e-10,合格,合格,2.0326503137171151e-12,5.0810585752533537e-13,1.5245444561917797e-12,3.0912889222417869e-95,0.2326785172221138,16770.00613210996
rand,111,D,1,合格,0,合格,合格,1.6495826778369924e-11,1.0080229938692793e-10,1.1729812616529784e-10,1.5639755263920419e-10,合格,合格,1.1851982855807449e-16,1.1851982855807449e-16,0,4.0253270453108053e-95,0.2326785172221138,16770.00613210996
rand,111,D,2,合格,0,合格,合格,1.518060427061646e-10,1.518060427061646e-10,4.6357715005385483e-14,7.595245885170776e-10,合格,合格,0,0,0,1.9548482800043323e-94,0.2326785172221138,16770.00613210996
rand,111,D,3,合格,0,合格,合格,5.0790270430799355e-10,9.1425898549632019e-10,4.0635628118832659e-10,1.6254249938159544e-09,合格,合格,2.4094450516765745e-16,2.4094450516765745e-16,0,4.1834843815141701e-94,0.2326785172221138,16770.00613210996
rand,111,D,4,合格,0,合格,解像しない,9.7880977424579378e-08,9.7880977424579378e-08,0,9.1304614797826701e-06,合格,合格,0,0,0,2.3499788142800387e-90,0.2326785172221138,16770.00613210996
rand,111,K,0,合格,0,合格,合格,1.6414175437226336e-10,2.959814009179987e-11,1.3454361428046348e-10,2.6908747010593655e-10,合格,合格,1.9268774873076411e-12,4.8182573512384709e-13,1.4450517521837938e-12,6.9257162448728253e-95,0.2326785172221138,16770.00613210996
rand,111,K,1,合格,0,合格,合格,2.2037583893835013e-10,3.1575841889747567e-10,5.361342578358258e-10,1.0722685966486062e-09,合格,合格,0,0,0,2.7597821763133828e-94,0.2326785172221138,16770.00613210996
rand,111,K,2,合格,0,合格,合格,9.1215154098902125e-11,9.1215154098902125e-11,0,6.3152508677862176e-10,合格,合格,2.5535370998906005e-16,2.5535370998906005e-16,0,1.625405876693375e-94,0.2326785172221138,16770.00613210996
rand,111,K,3,合格,0,合格,合格,1.4815869707921542e-10,1.4815869707921542e-10,1.0171861918850431e-13,8.332782329336461e-10,合格,合格,2.6692326983739699e-16,2.6692326983739699e-16,0,2.144673846038049e-94,0.2326785172221138,16770.00613210996
rand,111,K,4,合格,0,不一致,解像しない,1.210097993427288e-06,1.210097993427288e-06,0,8.7843637249437279e-06,合格,合格,1.9515547431317278e-16,1.9515547431317278e-16,0,2.2609009080490866e-90,0.2326785172221138,16770.00613210996
rand,112,D,0,合格,0,合格,合格,6.4509412827146661e-11,6.4509412827146661e-11,6.1594058352412055e-14,2.2425707854091645e-10,合格,合格,1.7219722162680069e-12,4.3044091732798424e-13,1.2915312989400226e-12,5.7718811331761116e-95,2698.7745260421771,24138.628005564082
rand,112,D,1,合格,0,合格,合格,1.7049893436358532e-09,3.8257568622475696e-09,5.5307462058834232e-09,7.3743282727981961e-09,合格,合格,6.809560990793402e-16,6.809560990793402e-16,0,1.8979889733935508e-93,2698.7745260421771,24138.628005564082
rand,112,D,2,合格,0,合格,合格,4.4369783350091541e-10,1.360610893399581e-09,9.1691305989866559e-10,1.8338259767261152e-09,合格,合格,2.100762440347503e-16,2.100762440347503e-16,0,4.7198624121300677e-94,2698.7745260421771,24138.628005564082
rand,112,D,3,合格,0,合格,合格,1.2436760233403766e-10,2.8657348879075176e-10,4.1094109112478942e-10,3.2875282932667169e-10,合格,合格,1.6184699527640452e-19,1.6184699527640452e-19,0,8.4613706082979823e-95,2698.7745260421771,24138.628005564082
rand,112,D,4,合格,0,合格,合格,2.3097579173435523e-10,1.0848796914731406e-10,3.3946376088166926e-10,1.3578552014613566e-09,合格,合格,0,0,0,3.4948189238405229e-94,2698.7745260421771,24138.628005564082
rand,112,K,0,合格,0,合格,合格,9.278072510060654e-11,1.338351705025636e-10,2.2661589560317015e-10,9.0646351039297941e-11,合格,合格,1.9060607689094583e-12,4.7654580282621001e-13,1.4295149660832481e-12,2.3330365612496063e-95,2698.7745260421771,24138.628005564082
rand,112,K,1,合格,0,合格,合格,6.9770629679227227e-11,2.14919856992697e-11,4.827864397995753e-11,1.9311428072295625e-10,合格,合格,0,0,0,4.9703344068505646e-95,2698.7745260421771,24138.628005564082
rand,112,K,2,合格,0,解像しない,解像しない,7.589582425327331e-08,1.4455433837764839e-07,2.204501626309217e-07,8.8180065080923876e-07,合格,合格,1.742333135287529e-15,1.742333135287529e-15,0,2.2695598162354721e-91,2698.7745260421771,24138.628005564082
rand,112,K,3,合格,0,合格,合格,7.3308090914072135e-11,7.3308090914072135e-11,5.6622605841376847e-14,2.3192602143194761e-10,合格,合格,2.1983150384759271e-16,2.1983150384759271e-16,0,5.9692627590857332e-95,2698.7745260421771,24138.628005564082
rand,112,K,4,合格,0,合格,合格,1.1240058370445148e-11,1.1240058370445148e-11,0,6.490349968622192e-10,合格,合格,0,0,0,1.6704725119642374e-94,2698.7745260421771,24138.628005564082
rand,113,D,0,合格,0,合格,合格,7.7218750050899801e-12,1.9098423158454997e-11,2.6820298163544979e-11,1.7880134702708597e-11,合格,合格,1.9998620615915952e-12,4.9978013700880062e-13,1.5000819245827947e-12,4.6019511544819159e-96,3.1312884824239275,3202.0414737830388
rand,113,D,1,合格,0,合格,合格,3.4155115799016786e-11,1.8967834724300596e-10,1.5552323144398917e-10,3.110463133214607e-11,合格,合格,2.8995755961930655e-16,2.8995755961930655e-16,0,8.0056440540696774e-96,3.1312884824239275,3202.0414737830388
rand,113,D,2,合格,0,合格,解像しない,6.3242463914012309e-09,1.7014685674602979e-08,2.3338932066004208e-08,1.1669466089771597e-08,合格,合格,3.7005821351826808e-16,3.7005821351826808e-16,0,3.0034624367721794e-93,3.1312884824239275,3202.0414737830388
rand,113,D,3,合格,0,合格,合格,4.0449054928736468e-11,1.0624232967268364e-10,1.4669138460142011e-10,4.1911815524867465e-11,合格,合格,1.374220374802542e-21,1.374220374802542e-21,0,1.0787174204670774e-95,3.1312884824239275,3202.0414737830388
rand,113,D,4,合格,0,合格,解像しない,3.8411005417564304e-08,3.8411005417564304e-08,0,2.2169941427260988e-07,合格,合格,1.167369790277654e-16,1.167369790277654e-16,0,5.7060525125979481e-92,3.1312884824239275,3202.0414737830388
rand,113,K,0,合格,0,合格,合格,5.1709873172632328e-11,1.5283080339768523e-10,2.0454067657031756e-10,2.0454067654137627e-11,合格,合格,1.9992485844213097e-12,4.9961230118485347e-13,1.499636283236456e-12,5.2644245594274332e-96,3.1312884824239275,3202.0414737830388
rand,113,K,1,合格,0,合格,合格,7.1324177535186845e-11,5.0853395695409419e-10,5.7985813448928097e-10,1.2885737667456431e-10,合格,合格,1.7520924028492397e-16,1.7520924028492397e-16,0,3.3165038363004703e-95,3.1312884824239275,3202.0414737830388
rand,113,K,2,合格,0,合格,合格,1.1737221764806151e-10,5.266226730572532e-11,6.4709950342336179e-11,3.2354937554426553e-11,合格,合格,1.2056405315374704e-20,1.2056405315374704e-20,0,8.3274452182526274e-96,3.1312884824239275,3202.0414737830388
rand,113,K,3,合格,0,合格,合格,1.3480588910537994e-10,1.8375667053209897e-10,4.8950781426719015e-11,9.7901606216764297e-11,合格,合格,1.9157543892077244e-16,1.9157543892077244e-16,0,2.5197707805110771e-95,3.1312884824239275,3202.0414737830388
rand,113,K,4,合格,0,合格,解像しない,4.1577621562525696e-08,4.1577621562525696e-08,0,1.2512367956004241e-07,合格,合格,0,0,0,3.22040673170731e-92,3.1312884824239275,3202.0414737830388
rand,114,D,0,合格,0,合格,合格,8.6358179148989047e-10,5.5596809788188504e-10,1.4195498893717756e-09,1.8927329963751912e-09,合格,合格,1.8538082477756625e-11,4.6324575235704756e-12,1.3905624954186148e-11,4.8714760501638394e-94,176.73893169594456,1.1867947321266854
rand,114,D,1,合格,0,合格,合格,8.0135999462086243e-11,1.8396675422902753e-10,2.6410275369111377e-10,5.2820564417366561e-10,合格,合格,2.1743294613310428e-16,2.1743294613310428e-16,0,1.3594844862330008e-94,176.73893169594456,1.1867947321266854
rand,114,D,2,合格,0,合格,合格,1.0761042558210031e-09,8.4375277960972769e-10,1.9198570354307309e-09,1.5358856230464136e-09,合格,合格,1.7778055171349661e-22,1.7778055171349661e-22,0,3.9530298477336994e-94,176.73893169594456,1.1867947321266854
rand,114,D,3,合格,0,合格,合格,1.048880020550525e-10,3.1163076166273468e-10,4.1651876371778718e-10,1.2815961532344369e-10,合格,合格,8.1669321776992698e-22,8.1669321776992698e-22,0,3.2985450026074783e-95,176.73893169594456,1.1867947321266854
rand,114,D,4,合格,0,合格,合格,2.5217253584874753e-11,2.7808153307855027e-10,2.5286427949367549e-10,9.1950651807248078e-11,合格,合格,1.1756350185723361e-16,1.1756350185723361e-16,0,2.3666063778346599e-95,176.73893169594456,1.1867947321266854
rand,114,K,0,合格,0,合格,合格,1.9517691320791662e-11,1.4313734417325794e-10,1.6265503549404959e-10,5.0047685063074324e-11,合格,合格,3.2630634970099509e-12,8.1611168428820309e-13,2.4469518127217478e-12,1.2881167054086697e-95,176.73893169594456,1.1867947321266854
rand,114,K,1,合格,0,合格,合格,1.2946370604425969e-10,9.7833713111253e-10,8.4887342506827036e-10,1.7871020575750593e-10,合格,合格,2.2672537968629519e-16,2.2672537968629519e-16,0,4.5996053798122134e-95,176.73893169594456,1.1867947321266854
rand,114,K,2,合格,0,合格,合格,9.8276612218320162e-11,8.1956306900684147e-11,1.6320305317636008e-11,6.5280874734389747e-11,合格,合格,4.1094244691595833e-16,4.1094244691595833e-16,0,1.6801853109305982e-95,176.73893169594456,1.1867947321266854
rand,114,K,3,合格,0,合格,合格,4.9288575753504433e-11,3.3101130853633655e-11,8.2389706607138095e-11,4.1194885125496958e-11,合格,合格,2.1776343445040397e-16,2.1776343445040397e-16,0,1.0602652178750774e-95,176.73893169594456,1.1867947321266854
rand,114,K,4,合格,0,合格,合格,1.5175182152662835e-11,9.4515199153174399e-11,7.9340017000511557e-11,3.9669965423362401e-11,合格,合格,3.3243186384505327e-16,3.3243186384505327e-16,0,1.0210171579448171e-95,176.73893169594456,1.1867947321266854
rand,115,D,0,合格,0,合格,合格,6.7030132820445282e-12,3.1557742579395733e-11,3.8260755861440264e-11,1.5304319832493647e-10,合格,合格,2.0267844305842455e-12,5.0676151310722652e-13,1.5200229174770192e-12,3.9389933852699372e-95,319.29339630002005,1209.4877769847794
rand,115,D,1,合格,0,合格,合格,3.2348215623031245e-10,3.8049931070394782e-10,7.0398146693426022e-10,7.0398151053704028e-10,合格,合格,5.4482275788769875e-16,5.4482275788769875e-16,0,1.8118926837050544e-94,319.29339630002005,1209.4877769847794
rand,115,D,2,合格,0,合格,解像しない,1.0030763266405325e-08,1.0030763266405325e-08,1.7010638570105898e-11,3.4837788466231309e-08,合格,合格,1.6968406486074152e-14,1.6968406486074152e-14,0,8.9664761209815368e-93,319.29339630002005,1209.4877769847794
rand,115,D,3,合格,0,合格,合格,8.9528330711789995e-11,5.1685948719186204e-10,4.2733115648007209e-10,8.5466238239895548e-10,合格,合格,6.9985999968567078e-16,6.9985999968567078e-16,0,2.199711916475285e-94,319.29339630002005,1209.4877769847794
rand,115,D,4,合格,0,合格,合格,1.3218091059237386e-10,1.3218091059237386e-10,0,2.5543737545031794e-10,合格,合格,1.7284198835223779e-16,1.7284198835223779e-16,0,6.5743930031653925e-95,319.29339630002005,1209.4877769847794
rand,115,K,0,合格,0,合格,合格,7.1745328918168427e-11,1.6646636289470949e-10,2.3821169181287791e-10,6.3523125138204101e-11,合格,合格,1.5792004663257556e-12,3.9489347201217464e-13,1.1843069943135809e-12,1.6349447245594493e-95,319.29339630002005,1209.4877769847794
rand,115,K,1,合格,0,合格,合格,1.3943522457863974e-10,3.6991579027976092e-10,2.3048056570112115e-10,4.6096096078871389e-10,合格,合格,9.4582238639811822e-20,9.4582238639811822e-20,0,1.1864115460782093e-94,319.29339630002005,1209.4877769847794
rand,115,K,2,合格,0,合格,合格,1.1121019116271943e-10,1.2736796266370508e-11,1.2394698742908993e-10,2.4789393154696541e-10,合格,合格,6.2173173222544705e-16,6.2173173222544705e-16,0,6.3802414435882492e-95,319.29339630002005,1209.4877769847794
rand,115,K,3,合格,0,合格,合格,7.4832857041956413e-11,2.4650186669252647e-10,3.2133472373448291e-10,1.428154556840892e-10,合格,合格,3.9997749978775091e-16,3.9997749978775091e-16,0,3.6757539139998414e-95,319.29339630002005,1209.4877769847794
rand,115,K,4,合格,0,合格,合格,8.2509533352306281e-11,1.603627375137878e-11,9.8545807103685062e-11,3.9418330788079448e-10,合格,合格,0,0,0,1.0145406390616982e-94,319.29339630002005,1209.4877769847794
rand,116,D,0,合格,0,合格,合格,1.4513155581925856e-11,1.9428356786258516e-11,3.3941512368184374e-11,6.788300558075592e-11,合格,合格,1.733483365873508e-12,4.3333978213766191e-13,1.3001435837358462e-12,1.7471584028656035e-95,89.984967476904984,525.81409659181247
rand,116,D,1,合格,0,合格,合格,1.7798139274245156e-10,5.8538842732297545e-10,7.6336982006542704e-10,7.6336976256515882e-10,合格,合格,1.4301828474418068e-16,1.4301828474418068e-16,0,1.9647449074313453e-94,89.984967476904984,525.81409659181247
rand,116,D,2,合格,0,合格,合格,5.4302550575324306e-11,1.9043938423732189e-10,2.4474193481264619e-10,3.2632258481144149e-10,合格,合格,1.1350155837912403e-16,1.1350155837912403e-16,0,8.398821490304801e-95,89.984967476904984,525.81409659181247
rand,116,D,3,合格,0,合格,合格,6.4995162690823406e-12,4.9777265379370516e-11,5.6276781648452856e-11,1.1255362651515215e-10,合格,合格,0,0,0,2.8968813719511071e-95,89.984967476904984,525.81409659181247
rand,116,D,4,合格,0,合格,合格,3.0705507593031728e-11,3.0893593459176621e-10,3.3964144218479796e-10,6.7928307940122869e-10,合格,合格,0,0,0,1.7483243853845042e-94,89.984967476904984,525.81409659181247
rand,116,K,0,合格,0,合格,合格,1.4162521888014884e-10,1.4075981331114857e-11,1.2754923754903398e-10,1.7006575411672253e-10,合格,合格,1.9658001849223667e-12,4.916218218496867e-13,1.4741783630726804e-12,4.3771163165606937e-95,89.984967476904984,525.81409659181247
rand,116,K,1,合格,0,合格,合格,2.9497687293348341e-10,2.9497687293348341e-10,2.4806387336679674e-12,2.5401740729852589e-09,合格,合格,4.3610923534962206e-16,4.3610923534962206e-16,0,6.5378461639825922e-94,89.984967476904984,525.81409659181247
rand,116,K,2,合格,0,合格,合格,6.6210701041713291e-11,6.6210701041713291e-11,2.2327845640411896e-13,6.0969936191569458e-10,合格,合格,1.6145367989473871e-16,1.6145367989473871e-16,0,1.5692312888614741e-94,89.984967476904984,525.81409659181247
rand,116,K,3,合格,0,合格,合格,3.3117819259473038e-10,1.2112058147825604e-10,2.1005761111647434e-10,8.40230179058719e-10,合格,合格,6.4147544596235116e-19,6.4147544596235116e-19,0,2.1625666175568949e-94,89.984967476904984,525.81409659181247
rand,116,K,4,合格,0,合格,合格,1.3592906871025557e-11,2.6877574716869763e-10,2.8236865403972317e-10,3.7649154968511078e-10,合格,合格,0,0,0,9.6900596697608576e-95,89.984967476904984,525.81409659181247
rand,117,D,0,合格,0,合格,合格,4.7494041361099779e-11,8.5260185170805748e-11,3.7766143809705969e-11,1.2588711699518303e-11,合格,合格,1.9400421521901589e-12,4.8504836153175147e-13,1.4549937906584074e-12,3.2400559225240204e-96,0.036707489839236065,1389.7517907263862
rand,117,D,1,合格,0,合格,合格,7.284026321333874e-12,1.693366393990628e-10,1.6205261307772892e-10,2.7008769118279072e-11,合格,合格,1.0490365376397493e-19,1.0490365376397493e-19,0,6.951459722849358e-96,0.036707489839236065,1389.7517907263862
rand,117,D,2,合格,0,合格,合格,3.949594534739049e-11,3.048485173362002e-12,4.2544430520752492e-11,4.2544450701318005e-11,合格,合格,1.1953906255830923e-16,1.1953906255830923e-16,0,1.0950000504865895e-95,0.036707489839236065,1389.7517907263862
rand,117,D,3,合格,0,合格,合格,2.0453162472159575e-12,3.1942847408613012e-10,3.1738315783891414e-10,5.289721233275567e-11,合格,合格,3.7062902006269048e-16,3.7062902006269048e-16,0,1.3614572340258913e-95,0.036707489839236065,1389.7517907263862
rand,117,D,4,合格,0,解像しない,解像しない,4.1483406120771472e-08,5.9151206736917244e-07,5.5002866124840101e-07,5.5002866117880709e-07,合格,合格,1.2982436656347502e-16,1.2982436656347502e-16,0,1.4156521046379537e-91,0.036707489839236065,1389.7517907263862
rand,117,K,0,合格,0,合格,合格,1.1053516394684097e-11,2.7017685819840772e-10,2.5912334180372365e-10,1.3638067622813121e-11,合格,合格,2.0651698173588885e-12,5.1646136504257486e-13,1.5487084523163134e-12,3.5101369248744941e-96,0.036707489839236065,1389.7517907263862
rand,117,K,1,合格,0,合格,合格,1.7802454164279014e-10,1.5334052473089671e-10,3.3136506637368685e-10,8.284124250353944e-11,合格,合格,3.1837198720390818e-16,3.1837198720390818e-16,0,2.1321503328502795e-95,0.036707489839236065,1389.7517907263862
rand,117,K,2,合格,0,合格,合格,7.6454055892587257e-11,1.6033726949629423e-10,8.3883213603706977e-11,4.1941580913214227e-11,合格,合格,2.0234666243006179e-16,2.0234666243006179e-16,0,1.0794835157205166e-95,0.036707489839236065,1389.7517907263862
rand,117,K,3,合格,0,合格,合格,8.1748584282059954e-11,1.8557146438755664e-10,2.673200486696166e-10,2.6732007010626327e-11,合格,合格,1.3208412859652318e-16,1.3208412859652318e-16,0,6.8802272784631052e-96,0.036707489839236065,1389.7517907263862
rand,117,K,4,合格,0,解像しない,解像しない,1.1786505541768131e-07,4.1926549572715495e-07,5.3713055114483626e-07,5.3713055110396724e-07,合格,合格,1.4035204539171194e-16,1.4035204539171194e-16,0,1.3824552224351858e-91,0.036707489839236065,1389.7517907263862
rand,118,D,0,合格,0,合格,合格,2.6694028538667197e-11,4.6961562199047129e-10,4.9630965052913845e-10,2.4815479262342208e-10,合格,合格,9.2090837969608246e-14,2.2888856530236933e-14,6.9201981439371304e-14,6.3869554306578059e-95,9.5674661554872316,2.7787972263378329
rand,118,D,1,合格,0,合格,合格,3.6520005442370947e-11,5.8238976582474222e-11,9.4758982024845169e-11,3.7903612363758961e-10,合格,合格,1.5852725955506918e-20,1.5852725955506918e-20,0,9.7555513745660827e-95,9.5674661554872316,2.7787972263378329
rand,118,D,2,合格,0,解像しない,解像しない,3.3291802076252279e-09,1.0871948358429352e-07,1.0539030337666829e-07,7.026020221723494e-08,合格,合格,2.7728104656675404e-20,2.7728104656675404e-20,0,1.8083421858044307e-92,9.5674661554872316,2.7787972263378329
rand,118,D,3,合格,0,合格,合格,8.0632186014230976e-11,6.982649357972958e-10,7.7889712181152674e-10,1.0385295170825644e-09,合格,合格,2.6198273492737116e-20,2.6198273492737116e-20,0,2.6729452487724608e-94,9.5674661554872316,2.7787972263378329
rand,118,D,4,合格,0,合格,合格,1.7821060778678739e-11,1.7821060778678739e-11,0,1.3080193995991104e-10,合格,合格,0,0,0,3.3665525937889076e-95,9.5674661554872316,2.7787972263378329
rand,118,K,0,合格,0,合格,合格,9.8447496922792362e-09,9.8447496922792362e-09,4.6305628123429389e-13,7.5867141245120551e-09,合格,合格,1.4399424608232801e-10,3.600980414625152e-11,1.0798444193607649e-10,1.9526523935378161e-93,9.5674661554872316,2.7787972263378329
rand,118,K,1,合格,0,合格,合格,1.4777401913857614e-10,1.7926809501580847e-10,3.2704211415438464e-10,7.6951098189986356e-11,合格,合格,6.6980567739852787e-22,6.6980567739852787e-22,0,1.9805510475288188e-95,9.5674661554872316,2.7787972263378329
rand,118,K,2,合格,0,合格,合格,5.308859928368901e-11,8.0518838061335402e-10,8.5827697989704305e-10,3.8145641400530073e-10,合格,合格,1.9637352007134959e-16,1.9637352007134959e-16,0,9.8178442948212215e-95,9.5674661554872316,2.7787972263378329
rand,118,K,3,合格,0,合格,合格,1.095069611024047e-10,2.6231678688142052e-10,1.5280982577901581e-10,3.0561983738294642e-10,合格,合格,0,0,0,7.8659785670628534e-95,9.5674661554872316,2.7787972263378329
rand,118,K,4,合格,0,合格,合格,6.8213737898381278e-11,9.1726279496438151e-11,1.5994001739481943e-10,5.3313352457629697e-11,合格,合格,0,0,0,1.3721677603162787e-95,9.5674661554872316,2.7787972263378329
rand,119,D,0,合格,0,合格,合格,3.0385864563610246e-11,6.5987190050337872e-11,9.6373054613948124e-11,9.6373040029201062e-11,合格,合格,2.0269150091538084e-12,5.0668540138142091e-13,1.5202296077723876e-12,2.4804288681121004e-95,1.063905201359596,5221.0823042998718
rand,119,D,1,合格,0,合格,合格,6.86251985051832e-12,1.3575570727303649e-10,1.2889318742251816e-10,2.577864606026901e-10,合格,合格,1.2797001175769814e-16,1.2797001175769814e-16,0,6.6348532586873922e-95,1.063905201359596,5221.0823042998718
rand,119,D,2,合格,0,合格,合格,2.962000221445253e-11,2.5460134864040618e-10,2.8422135085485869e-10,5.6844295359084187e-10,合格,合格,3.3056009078072812e-16,3.3056009078072812e-16,0,1.4630464199680803e-94,1.063905201359596,5221.0823042998718
rand,119,D,3,合格,0,合格,合格,7.9768824402875919e-11,1.8410032538627403e-10,2.6386914978914993e-10,2.1109543742717517e-10,合格,合格,1.7033992552269932e-16,1.7033992552269932e-16,0,5.4331296051516447e-95,1.063905201359596,5221.0823042998718
rand,119,D,4,合格,0,解像しない,解像しない,3.6763446650520917e-07,2.7261894104664651e-07,6.4025340755185563e-07,1.2805068150077164e-06,合格,合格,0,0,0,3.2957412869792519e-91,1.063905201359596,5221.0823042998718
rand,119,K,0,合格,0,合格,合格,1.8608888025862608e-11,8.9235808763836947e-11,1.0784469678969956e-10,2.1568926021566273e-10,合格,合格,1.9394949179407351e-12,4.849664691210432e-13,1.4545284488196918e-12,5.5513644419493964e-95,1.063905201359596,5221.0823042998718
rand,119,K,1,合格,0,合格,合格,2.1589535216303477e-10,5.3952086349571982e-11,1.6194326581346278e-10,6.4777290971078133e-10,合格,合格,7.5192516546970919e-19,7.5192516546970919e-19,0,1.6672241788167603e-94,1.063905201359596,5221.0823042998718
rand,119,K,2,合格,0,合格,合格,1.4002905296993552e-10,4.3857544320809893e-10,5.7860449617803445e-10,1.1572091307114337e-09,合格,合格,1.2560146400285553e-16,1.2560146400285553e-16,0,2.9784003216976704e-94,1.063905201359596,5221.0823042998718
rand,119,K,3,合格,0,合格,合格,7.5706383901969284e-11,7.5706383901969284e-11,2.1925081707199488e-13,4.4902569025014622e-10,合格,合格,1.7037940293912157e-16,1.7037940293912157e-16,0,1.1556927998566302e-94,1.063905201359596,5221.0823042998718
rand,119,K,4,合格,0,解像しない,解像しない,3.2885434189987689e-08,4.0148936042132804e-07,3.6860392623134032e-07,7.3720785252787899e-07,合格,合格,1.4519551979823141e-16,1.4519551979823141e-16,0,1.8974099381476555e-91,1.063905201359596,5221.0823042998718
rand,120,D,0,合格,0,合格,合格,5.4881918167615675e-10,2.4624911032161446e-10,3.0257007135454229e-10,7.5642524925515359e-11,合格,合格,6.5204963248995131e-12,1.6311345583053263e-12,4.8893617665941869e-12,1.9468712663343057e-95,2292.1938773738575,2584.7842701491468
rand,120,D,1,合格,0,合格,合格,7.622191504239794e-11,7.622191504239794e-11,1.8701626058431186e-13,9.5752325467329255e-11,合格,合格,1.7654014796017627e-16,1.7654014796017627e-16,0,2.4644530483428177e-95,2292.1938773738575,2584.7842701491468
rand,120,D,2,合格,0,合格,合格,7.3077135914922803e-11,6.3671632588192189e-10,5.6363918996699905e-10,7.0454896906604565e-11,合格,合格,4.2471397470053122e-16,4.2471397470053122e-16,0,1.8133531964338994e-95,2292.1938773738575,2584.7842701491468
rand,120,D,3,合格,0,合格,合格,7.1820957329086356e-11,1.4624355288515831e-10,7.4422595556071965e-11,1.2403770580375858e-11,合格,合格,7.9433826081538812e-22,7.9433826081538812e-22,0,3.1924561694517003e-96,2292.1938773738575,2584.7842701491468
rand,120,D,4,合格,0,合格,合格,2.289990366746831e-11,7.3542323538489682e-11,5.0642419871021379e-11,8.4403989956184741e-12,合格,合格,2.7788784529795174e-16,2.7788784529795174e-16,0,2.1723719954017102e-96,2292.1938773738575,2584.7842701491468
rand,120,K,0,合格,0,合格,合格,1.8567892988669192e-09,4.9738262456110924e-11,1.8070510364108083e-09,1.5058759001287932e-10,合格,合格,2.448471639730725e-11,6.1183041130573972e-12,1.8366412284249855e-11,3.8757914592524844e-95,2292.1938773738575,2584.7842701491468
rand,120,K,1,合格,0,合格,合格,2.6813044333697123e-11,1.303806641196643e-10,1.5719370845336143e-10,1.5719370068020474e-11,合格,合格,1.6000336758821042e-16,1.6000336758821042e-16,0,4.0458181347647678e-96,2292.1938773738575,2584.7842701491468
rand,120,K,2,合格,0,合格,合格,2.1495260490765256e-10,6.4658084552011038e-10,4.3162824061245782e-10,1.0790706646433718e-10,合格,合格,0,0,0,2.7772891946786494e-95,2292.1938773738575,2584.7842701491468
rand,120,K,3,合格,0,合格,合格,2.4506561463499583e-11,3.120914554995405e-10,3.3659801696304011e-10,1.2946075578651065e-11,合格,合格,0,0,0,3.3320334799355998e-96,2292.1938773738575,2584.7842701491468
rand,120,K,4,合格,0,合格,合格,1.8981823098799629e-11,4.685920034679428e-11,2.7877377247994647e-11,6.9693285099688234e-12,合格,合格,0,0,0,1.7937509932492963e-96,2292.1938773738575,2584.7842701491468
rand,121,D,0,合格,0,合格,合格,1.3806072735248775e-11,2.5810935443167816e-11,3.9617008178416589e-11,1.58468171631964e-10,合格,合格,1.9231429526391382e-12,4.8075281890349154e-13,1.4423901337356468e-12,4.0786201978661926e-95,0.042205808861079441,41121.028927350046
rand,121,D,1,合格,0,合格,合格,6.1701224167632288e-12,3.2665528704109331e-10,3.3282540945785652e-10,2.6626041523904052e-10,合格,合格,1.7576693302083035e-16,1.7576693302083035e-16,0,6.8529541061931593e-95,0.042205808861079441,41121.028927350046
rand,121,D,2,合格,0,合格,合格,4.8287335731512569e-11,4.8287335731512569e-11,0,1.8280406356792907e-09,合格,合格,1.5772288931192105e-16,1.5772288931192105e-16,0,4.7049722240234465e-94,0.042205808861079441,41121.028927350046
rand,121,D,3,合格,0,合格,合格,1.3950261474916808e-10,1.0954667013742869e-10,2.490492848865968e-10,4.9809856595104365e-10,合格,合格,8.5802110834988787e-21,8.5802110834988787e-21,0,1.2819955267322182e-94,0.042205808861079441,41121.028927350046
rand,121,D,4,合格,0,解像しない,解像しない,2.6753073981805239e-06,1.2568532743738824e-05,9.8932253455582992e-06,3.9572901381794508e-05,合格,合格,1.6057844110282187e-16,1.6057844110282187e-16,0,1.0185189442256309e-89,0.042205808861079441,41121.028927350046
rand,121,K,0,合格,0,合格,合格,9.8834839026405639e-11,4.7831402854750232e-10,3.7947918952109663e-10,1.5179172378298592e-09,合格,合格,2.7359098414251757e-12,6.8386225445089445e-13,2.0520475869742812e-12,3.9067831988877193e-94,0.042205808861079441,41121.028927350046
rand,121,K,1,合格,0,合格,合格,3.8690097414912896e-10,1.2761968647581404e-09,8.8929589060901153e-10,3.5571833904514308e-09,合格,合格,2.0969617390762277e-16,2.0969617390762277e-16,0,9.1554031793239388e-94,0.042205808861079441,41121.028927350046
rand,121,K,2,合格,0,合格,合格,4.1104742434503865e-11,4.5390506367655716e-10,4.128003212420533e-10,1.6512016843110775e-09,合格,合格,1.3394184282224241e-16,1.3394184282224241e-16,0,4.2498278809089396e-94,0.042205808861079441,41121.028927350046
rand,121,K,3,合格,0,合格,合格,2.5866577842597923e-10,2.5866577842597923e-10,3.6517241293974134e-13,2.9914924758230546e-09,合格,合格,2.2960572929744775e-16,2.2960572929744775e-16,0,7.6994398988797343e-94,0.042205808861079441,41121.028927350046
rand,121,K,4,合格,0,解像しない,解像しない,8.6592807226596748e-06,2.2624516792859519e-05,1.3965236070199846e-05,5.5860944280906767e-05,合格,合格,1.9401907012771344e-16,1.9401907012771344e-16,0,1.4377371384401616e-89,0.042205808861079441,41121.028927350046
rand,122,D,0,合格,0,合格,合格,1.8209327637252574e-10,1.0265379181670313e-09,1.2086311945395572e-09,8.057541308309712e-10,合格,合格,2.9112120174668989e-12,7.2745006017733029e-13,2.1837619572895686e-12,2.0738328957020904e-94,7030.483206768602,1.2785870850157153
rand,122,D,1,合格,0,合格,合格,4.023168376168678e-11,1.193887671470288e-10,1.5962045090871557e-10,2.128272859640634e-10,合格,合格,8.7312141321106398e-23,8.7312141321106398e-23,0,5.4777035555509852e-95,7030.483206768602,1.2785870850157153
rand,122,D,2,合格,0,合格,解像しない,1.2929423888436197e-09,1.9982769782685108e-09,3.2912193671121305e-09,1.3164878038046089e-08,合格,合格,1.8005801229707857e-16,1.8005801229707857e-16,0,3.3883483929582561e-93,7030.483206768602,1.2785870850157153
rand,122,D,3,合格,0,合格,解像しない,3.6582688491002079e-09,5.6646034829475351e-09,9.3228723320477422e-09,1.2430496271644871e-08,合格,合格,1.0428368133495801e-23,1.0428368133495801e-23,0,3.1993347711979797e-93,7030.483206768602,1.2785870850157153
rand,122,D,4,合格,0,合格,合格,1.8135335114138427e-10,1.8135335114138427e-10,0,1.6403860372866783e-10,合格,合格,1.2354469029337781e-16,1.2354469029337781e-16,0,4.221990797946213e-95,7030.483206768602,1.2785870850157153
rand,122,K,0,合格,0,合格,合格,7.3460651768528459e-12,1.7956287974868312e-10,1.7221681457183028e-10,1.7221687129016279e-10,合格,合格,4.0467905366546616e-13,1.0102356433628509e-13,3.0365548932918109e-13,4.4324813142205809e-95,7030.483206768602,1.2785870850157153
rand,122,K,1,合格,0,合格,合格,1.2277861230180405e-10,6.6832394660909069e-10,5.4554533430728674e-10,3.6369687223711117e-10,合格,合格,1.6074187188544143e-22,1.6074187188544143e-22,0,9.3607529747496282e-95,7030.483206768602,1.2785870850157153
rand,122,K,2,合格,0,合格,合格,9.5526486899068399e-10,2.4723541342228369e-10,1.2025002824129677e-09,2.4050004696491283e-09,合格,合格,2.1670474825905802e-16,2.1670474825905802e-16,0,6.1899392101082721e-94,7030.483206768602,1.2785870850157153
rand,122,K,3,合格,0,合格,合格,3.2642389862627109e-09,1.540674008737093e-09,1.7235649775256179e-09,3.4471301495611396e-09,合格,合格,1.2969748909751544e-16,1.2969748909751544e-16,0,8.872150481628753e-94,7030.483206768602,1.2785870850157153
rand,122,K,4,合格,0,合格,合格,7.5594290700638596e-12,4.6424233289456521e-11,5.3983662359520384e-11,1.0796721118429703e-10,合格,合格,0,0,0,2.7788371867271282e-95,7030.483206768602,1.2785870850157153
rand,123,D,0,合格,0,合格,合格,2.6902943255345713e-11,2.6902943255345713e-11,2.2719586712646081e-13,3.1019810671395277e-10,合格,合格,2.2307339089485404e-12,5.5771762600189153e-13,1.673016282946649e-12,7.9838130922701057e-95,1.3960635990137393,154852.17688509176
rand,123,D,1,合格,0,合格,合格,1.0239987877431098e-09,1.0239987877431098e-09,1.2900470338626042e-12,5.2840331017619983e-09,合格,合格,1.2794300165222983e-20,1.2794300165222983e-20,0,1.3599932347987632e-93,1.3960635990137393,154852.17688509176
rand,123,D,2,合格,0,合格,合格,9.2658791024451024e-10,3.0789537199723182e-10,1.2344832822417422e-09,4.9379332543951799e-09,合格,合格,1.3194172022073974e-16,1.3194172022073974e-16,0,1.2709147899974236e-93,1.3960635990137393,154852.17688509176
rand,123,D,3,合格,0,合格,合格,4.6008345904042402e-11,1.3428712721586003e-10,8.8278781311817628e-11,3.5311459116508556e-10,合格,合格,2.2070798867897802e-16,2.2070798867897802e-16,0,9.0883884685186817e-95,1.3960635990137393,154852.17688509176
rand,123,D,4,合格,0,解像しない,解像しない,3.6814106827110816e-06,2.3918717478377304e-06,6.0732824305488121e-06,2.4293129721886789e-05,合格,合格,1.5756113889689155e-16,1.5756113889689155e-16,0,6.2525142135914845e-90,1.3960635990137393,154852.17688509176
rand,123,K,0,合格,0,合格,合格,1.0486932962352672e-11,2.4455835458092057e-10,2.340714216185679e-10,1.1703569771326878e-10,合格,合格,1.9127555287680677e-12,4.7797454383155436e-13,1.4347809849365132e-12,3.0122399700131136e-95,1.3960635990137393,154852.17688509176
rand,123,K,1,合格,0,合格,合格,2.5430300846940007e-11,9.5673703682368303e-11,1.2110400452930831e-10,4.8441599289444361e-10,合格,合格,8.7239444443491541e-20,8.7239444443491541e-20,0,1.246779610341742e-94,1.3960635990137393,154852.17688509176
rand,123,K,2,合格,0,合格,合格,1.8967502438964757e-10,2.4844847491665683e-10,4.3812349930630443e-10,3.5049881343850916e-10,合格,合格,1.90682974593348e-16,1.90682974593348e-16,0,9.0210641360746829e-95,1.3960635990137393,154852.17688509176
rand,123,K,3,合格,0,合格,合格,1.0887087015668701e-12,2.0569573875244431e-10,2.0678444745401118e-10,2.7571259541332256e-10,合格,合格,1.2649519231099306e-19,1.2649519231099306e-19,0,7.096232315158883e-95,1.3960635990137393,154852.17688509176
rand,123,K,4,合格,0,解像しない,解像しない,4.5154640625522296e-06,9.2156450663840034e-06,1.3731109128936232e-05,5.4924436515904123e-05,合格,合格,0,0,0,1.4136335001734861e-89,1.3960635990137393,154852.17688509176
rand,124,D,0,合格,0,合格,合格,1.2366991899173146e-11,6.765784993940119e-11,8.0024841838574336e-11,1.6004971922563109e-10,合格,合格,1.9721045881237857e-12,4.930793493776639e-13,1.4790252387461216e-12,4.1193257344606222e-95,79.060666742774231,22647.051137277558
rand,124,D,1,合格,0,合格,合格,3.6855425055692246e-11,7.7628381430561477e-11,1.1448380648625373e-10,4.5793534410389386e-10,合格,合格,1.5059319286449527e-16,1.5059319286449527e-16,0,1.1786242780138261e-94,79.060666742774231,22647.051137277558
rand,124,D,2,合格,0,合格,合格,1.2030616932639909e-10,5.5893461123713761e-11,6.4412708202685332e-11,2.5765082523406827e-10,合格,合格,7.9903738240089991e-21,7.9903738240089991e-21,0,6.6313623043316443e-95,79.060666742774231,22647.051137277558
rand,124,D,3,合格,0,合格,解像しない,1.1620314962893096e-09,7.011245358589132e-09,8.1732768548784411e-09,1.6346553720447328e-08,合格,合格,1.4492647566439997e-16,1.4492647566439997e-16,0,4.2072413332667744e-93,79.060666742774231,22647.051137277558
rand,124,D,4,合格,0,合格,合格,9.8182086553594258e-10,9.8182086553594258e-10,0,8.2002647588174954e-09,合格,合格,0,0,0,2.1105667547449107e-93,79.060666742774231,22647.051137277558
rand,124,K,0,合格,0,合格,解像しない,6.9099408536938382e-10,6.5708683587274602e-09,7.2618624440968445e-09,1.4523725055906997e-08,合格,合格,1.9796898899221181e-12,4.9474918029828844e-13,1.4849407096238297e-12,3.7380855569440517e-93,79.060666742774231,22647.051137277558
rand,124,K,1,合格,0,合格,解像しない,1.6077928029490293e-08,1.6077928029490293e-08,3.1527089832087337e-10,8.608997142914326e-07,合格,合格,4.0708904330279806e-16,4.0708904330279806e-16,0,2.2157654290358608e-91,79.060666742774231,22647.051137277558
rand,124,K,2,合格,0,合格,解像しない,4.9221484602410282e-10,5.5752686641890741e-08,5.5260471795866639e-08,7.3680629029787304e-08,合格,合格,1.7176182149421745e-15,1.7176182149421745e-15,0,1.8963764057953e-92,79.060666742774231,22647.051137277558
rand,124,K,3,合格,0,解像しない,解像しない,9.0669087548876318e-07,1.0521366737315485e-06,1.9588275492203117e-06,7.8353101967575459e-06,合格,合格,1.0779221244129409e-15,1.0779221244129409e-15,0,2.016635523457777e-90,79.060666742774231,22647.051137277558
rand,124,K,4,合格,0,合格,解像しない,1.4772660107876902e-09,7.7398636113009892e-09,9.2171296220886794e-09,1.8434259247269353e-08,合格,合格,1.2551499126716473e-16,1.2551499126716473e-16,0,4.7445705547251277e-93,79.060666742774231,22647.051137277558
rand,125,D,0,合格,0,合格,合格,1.4670110358827153e-10,1.4670110358827153e-10,0,6.4098274398323359e-11,合格,合格,2.1323047880061772e-12,5.3313530291095793e-13,1.5991694850952192e-12,1.6497477942544683e-95,1.7512001348565014,58023.406283954464
rand,125,D,1,合格,0,合格,合格,8.8562637511081186e-11,2.9793071709447263e-11,5.8769565801633923e-11,7.8359262386305303e-11,合格,合格,1.9218112903285423e-16,1.9218112903285423e-16,0,2.0167940790087126e-95,1.7512001348565014,58023.406283954464
rand,125,D,2,合格,0,合格,合格,3.4350879184334074e-10,5.9807444563288267e-11,2.8370134728005249e-10,5.6740249668957666e-10,合格,合格,0,0,0,1.4603685140587692e-94,1.7512001348565014,58023.406283954464
rand,125,D,3,合格,0,合格,合格,2.2184277696696435e-10,4.5503061446842513e-10,2.3318783750146078e-10,9.3275135468110827e-10,合格,合格,2.5622052541293082e-16,2.5622052541293082e-16,0,2.4006956574376621e-94,1.7512001348565014,58023.406283954464
rand,125,D,4,合格,0,解像しない,解像しない,3.5906938010648669e-10,1.0388581342973598e-07,1.0424488280984246e-07,2.0848976573588089e-07,合格,合格,0,0,0,5.3660653797007255e-92,1.7512001348565014,58023.406283954464
rand,125,K,0,合格,0,合格,合格,1.2260514482573857e-10,5.7049214458828806e-11,6.5555930366909758e-11,1.3111169028335918e-10,合格,合格,1.7285665026612791e-12,4.3225600936718988e-13,1.2963104932940892e-12,3.3745248819304358e-95,1.7512001348565014,58023.406283954464
rand,125,K,1,合格,0,合格,合格,2.2842417838777782e-10,4.5682829850682018e-10,2.2840412011904236e-10,9.136160752590106e-10,合格,合格,2.0467621158607974e-16,2.0467621158607974e-16,0,2.351445681029757e-94,1.7512001348565014,58023.406283954464
rand,125,K,2,合格,0,合格,合格,2.8524662873680337e-09,6.0993087602884327e-10,3.4623971633968769e-09,2.7699177262831511e-09,合格,合格,3.4145587085640755e-20,3.4145587085640755e-20,0,7.1291555070654304e-94,1.7512001348565014,58023.406283954464
rand,125,K,3,合格,0,合格,合格,1.2274075475463963e-10,7.9944712399700538e-11,2.0268546715434017e-10,1.6214835349023761e-10,合格,合格,1.7837544542524997e-19,1.7837544542524997e-19,0,4.1733399381420869e-95,1.7512001348565014,58023.406283954464
rand,125,K,4,合格,0,解像しない,解像しない,4.8143730731875176e-08,6.7599547495057069e-08,1.1574327822693225e-07,2.314865563942847e-07,合格,合格,1.3505498942562715e-16,1.3505498942562715e-16,0,5.9579519011360953e-92,1.7512001348565014,58023.406283954464
rand,126,D,0,合格,0,合格,合格,6.2370184065534072e-11,1.4870543671900888e-10,8.6335252653474799e-11,8.6335163734869843e-11,合格,合格,1.2980726414422178e-12,3.2451816036055446e-13,9.7355448108166328e-13,2.222076136606971e-95,0.5390211088550706,7.0450508239149547
rand,126,D,1,合格,0,合格,合格,1.1221132173755747e-09,4.5082928229405797e-10,6.7128393508151682e-10,2.6851352801138847e-09,合格,合格,2.056474862608129e-20,2.056474862608129e-20,0,6.9109442449492946e-94,0.5390211088550706,7.0450508239149547
rand,126,D,2,合格,0,合格,合格,1.6627171174885441e-10,1.0606877007077842e-11,1.7687858875593224e-10,3.5375734778088303e-10,合格,合格,2.5662937486125209e-16,2.5662937486125209e-16,0,9.1049316019978271e-95,0.5390211088550706,7.0450508239149547
rand,126,D,3,合格,0,合格,合格,1.5898127974969586e-10,2.5546953799211084e-10,4.1445081774180673e-10,4.1445079162795918e-10,合格,合格,1.167831916341772e-16,1.167831916341772e-16,0,1.0667046589527669e-94,0.5390211088550706,7.0450508239149547
rand,126,D,4,合格,0,合格,合格,8.475874459657845e-11,1.2662985058759911e-10,4.1871105991020656e-11,1.6748406686967583e-10,合格,合格,1.7013098151249094e-16,1.7013098151249094e-16,0,4.3106693976498535e-95,0.5390211088550706,7.0450508239149547
rand,126,K,0,合格,0,合格,合格,3.143989257931768e-11,3.143989257931768e-11,4.6834770076462893e-14,1.9183515855295756e-10,合格,合格,1.6851774835896455e-12,4.212469545360273e-13,1.2639305290536181e-12,4.9374126316803968e-95,0.5390211088550706,7.0450508239149547
rand,126,K,1,合格,0,合格,合格,3.5691706647556422e-10,1.7389501009161557e-10,5.3081207656717979e-10,1.0616243644467851e-09,合格,合格,3.436646694906652e-16,3.436646694906652e-16,0,2.7323862771861107e-94,0.5390211088550706,7.0450508239149547
rand,126,K,2,合格,0,合格,解像しない,8.4524970649943218e-09,1.088480952486554e-09,9.5409780174808745e-09,1.908195604873068e-08,合格,合格,1.9955720984322792e-15,1.9955720984322792e-15,0,4.9112733840269486e-93,0.5390211088550706,7.0450508239149547
rand,126,K,3,合格,0,合格,合格,2.6039725792817281e-10,1.4603533576691832e-09,1.1999560997410102e-09,2.3999119792433311e-09,合格,合格,8.0499595497073808e-20,8.0499595497073808e-20,0,6.1768425614046239e-94,0.5390211088550706,7.0450508239149547
rand,126,K,4,合格,0,合格,合格,6.8996609080013865e-12,7.2658568689279121e-11,6.5758907781277733e-11,2.6303547603440896e-10,合格,合格,0,0,0,6.7699513048012883e-95,0.5390211088550706,7.0450508239149547
rand,127,D,0,合格,0,合格,合格,9.0344246775536073e-11,2.8155354982980425e-10,3.7189779660534031e-10,1.9369676400708667e-12,合格,合格,2.3505841813302184e-12,5.8750609628627395e-13,1.7630780850439446e-12,4.9853262381003835e-97,0.56932512264725998,1.4702600589324741
rand,127,D,1,合格,0,合格,合格,1.516058635370719e-09,1.516058635370719e-09,2.0616814287865962e-13,1.0555816092749086e-10,合格,合格,1.8646281125487313e-16,1.8646281125487313e-16,0,2.7168335620629656e-95,0.56932512264725998,1.4702600589324741
rand,127,D,2,合格,0,合格,合格,9.0913992503393961e-11,2.7257045743025016e-10,1.8165646492685618e-10,5.6767629500976201e-12,合格,合格,1.3688753386412724e-16,1.3688753386412724e-16,0,1.4610732103692961e-96,0.56932512264725998,1.4702600589324741
rand,127,D,3,合格,0,合格,合格,4.544863622198309e-11,1.7595694422181991e-10,2.21405580443803e-10,3.0750776645057576e-12,合格,合格,1.6336959164638027e-19,1.6336959164638027e-19,0,7.9145696850651169e-97,0.56932512264725998,1.4702600589324741
rand,127,D,4,合格,0,合格,合格,2.7824253094373689e-10,1.1908153221745446e-09,1.4690578531182815e-09,1.8363224100539892e-10,合格,合格,1.9526175317391282e-16,1.9526175317391282e-16,0,4.7262876792918169e-95,0.56932512264725998,1.4702600589324741
rand,127,K,0,合格,0,合格,合格,8.8273916143727538e-11,1.3377577527495566e-10,2.2204969141868321e-10,1.9825876854386791e-12,合格,合格,1.61145844915118e-12,4.0256125038095178e-13,1.2088971987702282e-12,5.1027421434828628e-97,0.56932512264725998,1.4702600589324741
rand,127,K,1,合格,0,合格,解像しない,2.5793421556678471e-07,2.5793421556678471e-07,3.6093203606669909e-11,1.8479720018601403e-08,合格,合格,1.490878336404282e-16,1.490878336404282e-16,0,4.756271151649796e-93,0.56932512264725998,1.4702600589324741
rand,127,K,2,合格,0,合格,合格,1.3301379107351628e-10,4.6329626646649016e-10,3.302824753929739e-10,2.0642659403175178e-11,合格,合格,2.0229988239461159e-16,2.0229988239461159e-16,0,5.3129639038808979e-96,0.56932512264725998,1.4702600589324741
rand,127,K,3,合格,0,合格,合格,6.2604906219249259e-11,2.6793970025435975e-11,3.5810936193813291e-11,2.2381793946940586e-12,合格,合格,2.7493684290632575e-16,2.7493684290632575e-16,0,5.7605786648741801e-97,0.56932512264725998,1.4702600589324741
rand,127,K,4,合格,0,合格,合格,3.3065961558458706e-10,5.3792916349904513e-10,8.6858877908363219e-10,1.0857359651059994e-10,合格,合格,2.0940971520384132e-16,2.0940971520384132e-16,0,2.7944442036698912e-95,0.56932512264725998,1.4702600589324741
rand,128,D,0,合格,0,合格,合格,2.0859115902624443e-11,1.1983480677196125e-10,1.406939226745857e-10,6.2530634973185933e-11,合格,合格,1.0266339199199942e-14,2.5665847997999854e-15,7.6997543993999558e-15,1.609400223152391e-95,27.83045577938746,16.314574987705072
rand,128,D,1,合格,0,合格,合格,1.6410513922124569e-09,3.1095637604617607e-09,4.7506151526742174e-09,1.0001295273843316e-09,合格,合格,8.2990255762924181e-16,8.2990255762924181e-16,0,2.5741121695691444e-94,27.83045577938746,16.314574987705072
rand,128,D,2,合格,0,合格,合格,1.2727894576454744e-09,1.2940202736960733e-08,1.4212992194606207e-08,6.3168854552460558e-09,合格,合格,0,0,0,1.625826583347602e-93,27.83045577938746,16.314574987705072
rand,128,D,3,合格,0,合格,合格,3.3271452826704864e-11,3.9548689666736897e-10,4.2875834949407381e-10,8.1668248232835391e-11,合格,合格,1.3069000218673227e-16,1.3069000218673227e-16,0,2.1019600550474538e-95,27.83045577938746,16.314574987705072
rand,128,D,4,合格,0,合格,合格,7.0872701018535371e-11,8.2214475092560733e-11,1.530871761110961e-10,3.4019392825237837e-11,合格,合格,0,0,0,8.755839186332362e-96,27.83045577938746,16.314574987705072
rand,128,K,0,合格,0,合格,合格,4.3332594745886806e-11,1.0513780981603909e-10,1.484704045619259e-10,4.9490131992207772e-11,合格,合格,1.1944172746889493e-12,2.9838658182035441e-13,8.960306928685949e-13,1.2737665227013181e-95,27.83045577938746,16.314574987705072
rand,128,K,1,合格,0,合格,合格,1.295166664309281e-10,2.9550497336510187e-10,4.2502163979602999e-10,2.8334784670647358e-10,合格,合格,4.1682668816448679e-16,4.1682668816448679e-16,0,7.2927467938666585e-95,27.83045577938746,16.314574987705072
rand,128,K,2,合格,0,合格,合格,2.0008051525872034e-09,4.8324188397654409e-09,6.8332239923526451e-09,2.277741308041084e-09,合格,合格,3.8586370001357762e-16,3.8586370001357762e-16,0,5.8624022785258587e-94,27.83045577938746,16.314574987705072
rand,128,K,3,合格,0,合格,合格,3.1784101974116149e-10,4.9773076848023948e-10,8.1557178822140102e-10,2.1748581293603272e-10,合格,合格,1.3307423342142179e-16,1.3307423342142179e-16,0,5.5976037349024963e-95,27.83045577938746,16.314574987705072
rand,128,K,4,合格,0,合格,合格,8.0666980116327113e-11,5.3926521703018007e-11,2.6740458413309106e-11,5.3480949739389844e-11,合格,合格,0,0,0,1.376481343614772e-95,27.83045577938746,16.314574987705072
rand,129,D,0,合格,0,合格,合格,3.9020380478645536e-10,2.0970296822308651e-09,2.4872334870173202e-09,2.4872334432627824e-09,合格,合格,1.3623367700590417e-11,3.4058109249025297e-12,1.0217556775687888e-11,6.4015886938230169e-94,2288.1027974531421,31.950551905682914
rand,129,D,1,合格,0,合格,解像しない,6.7338822600584184e-09,1.6721725025913313e-08,2.3455607285971732e-08,9.3822429347794784e-08,合格,合格,1.1556931919811095e-16,1.1556931919811095e-16,0,2.4147817912578449e-92,2288.1027974531421,31.950551905682914
rand,129,D,2,合格,0,合格,合格,2.2555809437285604e-11,1.3031136988785932e-10,1.5286717932514492e-10,2.0382294366610497e-10,合格,合格,2.7280348943222826e-21,2.7280348943222826e-21,0,5.2459517028808658e-95,2288.1027974531421,31.950551905682914
rand,129,D,3,合格,0,合格,合格,1.3475258279689689e-10,1.3475258279689689e-10,7.7799140521953943e-15,1.0197288933720923e-09,合格,合格,0,0,0,2.6245566021386741e-94,2288.1027974531421,31.950551905682914
rand,129,D,4,合格,0,合格,合格,6.4718381366776329e-11,1.0440353999634027e-10,3.9685158629563943e-11,1.587406563545247e-10,合格,合格,0,0,0,4.0856333518743496e-95,2288.1027974531421,31.950551905682914
rand,129,K,0,合格,0,合格,解像しない,7.0387888257208253e-09,7.0387888257208253e-09,2.8133777268035203e-13,1.2291837134692997e-08,合格,合格,2.4613849923376223e-11,6.1527391129220126e-12,1.8461110810454211e-11,3.1636469765596943e-93,2288.1027974531421,31.950551905682914
rand,129,K,1,合格,0,合格,合格,2.3979826120073795e-10,8.962710015314256e-10,6.5647274033068769e-10,1.3129455115975943e-09,合格,合格,8.518852335287302e-23,8.518852335287302e-23,0,3.3792313163910901e-94,2288.1027974531421,31.950551905682914
rand,129,K,2,合格,0,合格,合格,1.5637619663750658e-10,1.5637619663750658e-10,1.9673186645865219e-14,1.289301752905814e-09,合格,合格,8.4942468186427509e-23,8.4942468186427509e-23,0,3.318377511642378e-94,2288.1027974531421,31.950551905682914
rand,129,K,3,合格,0,合格,合格,6.144940274179345e-10,6.9023697487561688e-11,6.835177249054962e-10,2.7340705348912943e-09,合格,合格,1.2300086611546688e-22,1.2300086611546688e-22,0,7.0368927660102976e-94,2288.1027974531421,31.950551905682914
rand,129,K,4,合格,0,合格,合格,5.3899285288156286e-11,5.3899285288156286e-11,0,5.4894984132073681e-10,合格,合格,0,0,0,1.4128754609639145e-94,2288.1027974531421,31.950551905682914
rand,130,D,0,合格,0,合格,合格,9.1807750475935243e-11,9.1807750475935243e-11,1.3059584969939227e-14,2.1396801667927255e-10,合格,合格,2.2037802157037268e-13,5.5094505392593169e-14,1.6528351617777951e-13,5.5070634408040562e-95,35.447112755477107,16.796990077792564
rand,130,D,1,合格,0,合格,合格,2.7457250958030048e-10,3.3027976417790289e-10,6.0485227375820331e-10,4.8388174968465386e-10,合格,合格,1.1334753811013501e-16,1.1334753811013501e-16,0,1.2454045864971545e-94,35.447112755477107,16.796990077792564
rand,130,D,2,合格,0,合格,合格,5.309606574215908e-10,8.8302500637619277e-10,1.4139856637977836e-09,1.1311886382283866e-09,合格,合格,1.7096245387023305e-16,1.7096245387023305e-16,0,2.9114293299162679e-94,35.447112755477107,16.796990077792564
rand,130,D,3,合格,0,合格,合格,1.1118509728361255e-10,2.116936912070275e-10,1.0050859392341497e-10,4.0203405568022611e-10,合格,合格,4.6224763751320968e-20,4.6224763751320968e-20,0,1.03474672727068e-94,35.447112755477107,16.796990077792564
rand,130,D,4,合格,0,合格,合格,5.308792715007142e-12,1.9248385874566257e-10,1.9779265146066969e-10,9.8896379421893738e-11,合格,合格,2.0289672138380057e-16,2.0289672138380057e-16,0,2.5453740423203946e-95,35.447112755477107,16.796990077792564
rand,130,K,0,合格,0,合格,合格,3.0056346760129063e-10,2.8675914413124608e-10,5.8732261173253666e-10,2.3492907684766899e-10,合格,合格,4.6836258054720634e-12,1.1709064513680159e-12,3.5127193541040478e-12,6.0465547625696816e-95,35.447112755477107,16.796990077792564
rand,130,K,1,合格,0,合格,合格,1.1996950356010705e-10,2.8821045368231089e-10,4.0817995724241792e-10,1.6327200789150587e-10,合格,合格,1.7852790663013907e-16,1.7852790663013907e-16,0,4.2022603168480248e-95,35.447112755477107,16.796990077792564
rand,130,K,2,合格,0,合格,合格,1.0124012925390792e-10,3.1497720502092952e-10,2.137370757670216e-10,1.2213551536307295e-10,合格,合格,3.0967860410469813e-16,3.0967860410469813e-16,0,3.1434979952538759e-95,35.447112755477107,16.796990077792564
rand,130,K,3,合格,0,合格,合格,6.4805984138666091e-11,5.4744459628224174e-10,6.1225058042090789e-10,6.1225069974458136e-10,合格,合格,3.5568109185475556e-16,3.5568109185475556e-16,0,1.5757978680636656e-94,35.447112755477107,16.796990077792564
rand,130,K,4,合格,0,合格,合格,3.6655584347133281e-11,1.7721913072559711e-10,2.1387471507273039e-10,8.5549864037404529e-11,合格,合格,2.3826773148511643e-16,2.3826773148511643e-16,0,2.2018642595184984e-95,35.447112755477107,16.796990077792564
rand,131,D,0,合格,0,合格,合格,2.9713671781441589e-11,1.3261701907987012e-10,1.6233069086131173e-10,2.1644103140434825e-10,合格,合格,1.4312039460181715e-12,3.5792584435722564e-13,1.0732781016609459e-12,5.5707133693887042e-95,52.66649628560004,1.6554452087862828
rand,131,D,1,合格,0,合格,合格,4.2912140764572848e-09,6.1049115371758416e-09,1.0396125613633126e-08,8.3169005056510091e-09,合格,合格,1.3643748611631946e-15,1.3643748611631946e-15,0,2.140586215935717e-93,52.66649628560004,1.6554452087862828
rand,131,D,2,合格,0,合格,合格,5.7133809515947094e-09,9.6866496848992407e-09,3.9732687333045322e-09,7.9465373634195832e-09,合格,合格,1.4405464139290338e-16,1.4405464139290338e-16,0,2.0452629357530868e-93,52.66649628560004,1.6554452087862828
rand,131,D,3,合格,0,合格,合格,7.9505567368444946e-11,1.5435569783561208e-09,1.464051410987676e-09,1.4640514491506708e-09,合格,合格,2.0762724226536307e-15,2.0762724226536307e-15,0,3.7681445742236007e-94,52.66649628560004,1.6554452087862828
rand,131,D,4,合格,0,合格,合格,5.1158080963942691e-11,1.8789111461361635e-10,2.3904919557755901e-10,2.3904927085993213e-10,合格,合格,0,0,0,6.1525994423592108e-95,52.66649628560004,1.6554452087862828
rand,131,K,0,合格,0,合格,合格,1.9427925609305033e-10,1.0149232658792377e-10,2.9577158268097411e-10,1.3145402603275256e-10,合格,合格,6.3354998352249956e-13,1.5857119745320739e-13,4.7497878606929224e-13,3.3833358468551164e-95,52.66649628560004,1.6554452087862828
rand,131,K,1,合格,0,合格,合格,1.368609633234339e-10,2.2122322466452613e-10,3.5808418798796e-10,7.1616816630547993e-10,合格,合格,2.5663516553769347e-19,2.5663516553769347e-19,0,1.8432584399005874e-94,52.66649628560004,1.6554452087862828
rand,131,K,2,合格,0,合格,合格,1.0785697416290687e-09,1.8580726343799554e-09,7.7950289275088673e-10,3.1180119885469849e-09,合格,合格,1.2541841128219082e-16,1.2541841128219082e-16,0,8.0250731378486665e-94,52.66649628560004,1.6554452087862828
rand,131,K,3,合格,0,合格,合格,1.8400317541666674e-10,8.5137739259054684e-10,1.0353805680072136e-09,2.0707612139114987e-09,合格,合格,8.5657573659198943e-16,8.5657573659198943e-16,0,5.3296813013230818e-94,52.66649628560004,1.6554452087862828
rand,131,K,4,合格,0,合格,合格,1.1740586540118462e-11,1.2484554569788297e-10,1.1310495915776452e-10,1.1310495825256003e-10,合格,合格,0,0,0,2.9110714312971497e-95,52.66649628560004,1.6554452087862828
rand,132,D,0,合格,0,合格,合格,1.2063959859282231e-11,1.6853722332059471e-10,1.8060118317987696e-10,5.5569617437885028e-11,合格,合格,1.5474818060988588e-12,3.8676285799967773e-13,1.1607189480991811e-12,1.4302390299311e-95,75.727043832139486,182.01646919806734
rand,132,D,1,合格,0,合格,合格,1.7778633170130763e-10,3.1062832811917151e-10,4.8841465982047911e-10,1.6280490484010754e-10,合格,合格,4.3156159802045977e-16,4.3156159802045977e-16,0,4.1902381175615791e-95,75.727043832139486,182.01646919806734
rand,132,D,2,合格,0,合格,合格,2.8438841470799007e-11,3.4483763283810746e-10,3.7327647430890646e-10,2.9862116499900135e-10,合格,合格,1.2588682769445529e-16,1.2588682769445529e-16,0,7.6858482213319697e-95,75.727043832139486,182.01646919806734
rand,132,D,3,合格,0,合格,合格,5.6314580360820099e-10,2.8062514272793382e-10,8.4377094633613486e-10,3.3750836933193389e-09,合格,合格,3.899909292400677e-19,3.899909292400677e-19,0,8.6867188403178741e-94,75.727043832139486,182.01646919806734
rand,132,D,4,合格,0,合格,合格,1.0590259743614209e-10,1.0590259743614209e-10,0,1.2183071695999613e-10,合格,合格,1.5647176992881682e-16,1.5647176992881682e-16,0,3.1356531585887968e-95,75.727043832139486,182.01646919806734
rand,132,K,0,合格,0,合格,合格,8.4663902716970879e-11,3.3976754596658148e-11,1.1864065731362902e-10,7.9093746077945668e-11,合格,合格,1.2805994114217584e-12,3.2005016945548462e-13,9.6054924196627382e-13,2.0356980645149318e-95,75.727043832139486,182.01646919806734
rand,132,K,1,合格,0,合格,合格,1.9388315964348502e-10,2.0215513584362775e-10,3.9603829548711277e-10,5.2805113367409849e-10,合格,合格,1.5584272876547613e-16,1.5584272876547613e-16,0,1.3590868103856512e-94,75.727043832139486,182.01646919806734
rand,132,K,2,合格,0,合格,合格,6.0593916365294318e-10,6.0593916365294318e-10,3.9862476943806195e-13,1.6327670920017413e-09,合格,合格,4.4502801190553041e-16,4.4502801190553041e-16,0,4.2023813181336034e-94,75.727043832139486,182.01646919806734
rand,132,K,3,合格,0,合格,合格,1.7617662757602602e-10,2.738877275710169e-10,4.5006435514704294e-10,9.0012873341748884e-10,合格,合格,3.9553011338992283e-16,3.9553011338992283e-16,0,2.3167322466007194e-94,75.727043832139486,182.01646919806734
rand,132,K,4,合格,0,合格,合格,4.0214440157843147e-11,1.5180630454385505e-11,5.5395070612228652e-11,1.1079032109869631e-10,合格,合格,0,0,0,2.8514977910559703e-95,75.727043832139486,182.01646919806734
rand,133,D,0,合格,0,合格,合格,3.8245531943798186e-11,1.9350852298620971e-11,1.8894679645177211e-11,2.5192848988013958e-11,合格,合格,2.0859265985853885e-12,5.2142952754243439e-13,1.5644970710429539e-12,6.4840820504286601e-96,15.336618793366975,29.197249855653993
rand,133,D,1,合格,0,合格,合格,1.1199071214655331e-10,5.0087281357545362e-10,6.1286352572200695e-10,4.0857565901727138e-10,合格,合格,1.1105320102351282e-16,1.1105320102351282e-16,0,1.0515833672231284e-94,15.336618793366975,29.197249855653993
rand,133,D,2,合格,0,合格,合格,1.2783991105280752e-10,3.8111762467374185e-11,1.6595167352018171e-10,6.034600850092998e-11,合格,合格,1.7385166712605688e-16,1.7385166712605688e-16,0,1.5531727702653216e-95,15.336618793366975,29.197249855653993
rand,133,D,3,合格,0,合格,合格,1.98010090520332e-12,3.9322834065631218e-11,4.1302934970834539e-11,5.5070651858339535e-11,合格,合格,3.3963994943453173e-16,3.3963994943453173e-16,0,1.4173967596517364e-95,15.336618793366975,29.197249855653993
rand,133,D,4,合格,0,合格,合格,5.8973122308831821e-11,1.3970128136775579e-10,1.9867440367658761e-10,3.9734887927381127e-10,合格,合格,1.7665191592578383e-16,1.7665191592578383e-16,0,1.0226881195862614e-94,15.336618793366975,29.197249855653993
rand,133,K,0,合格,0,合格,合格,8.7515210562571143e-11,1.03919850086002e-10,1.6404639523430856e-11,2.1872705382922367e-11,合格,合格,1.8097691104361124e-12,4.5244227760902811e-13,1.3573268328270843e-12,5.6295505298030121e-96,15.336618793366975,29.197249855653993
rand,133,K,1,合格,0,合格,合格,8.092259484766834e-11,5.5145454771686e-11,2.5777140075982337e-11,1.0310882867354581e-10,合格,合格,1.5387006250314183e-19,1.5387006250314183e-19,0,2.6537931678983473e-95,15.336618793366975,29.197249855653993
rand,133,K,2,合格,0,合格,合格,9.3153061299637904e-11,3.064612868922126e-10,3.9961434819185046e-10,5.5119218735174186e-11,合格,合格,1.0368936024691694e-19,1.0368936024691694e-19,0,1.4186467636289712e-95,15.336618793366975,29.197249855653993
rand,133,K,3,合格,0,合格,合格,5.3989264192526161e-12,2.0382335084762064e-10,1.9842442442836801e-10,6.6141451962822395e-11,合格,合格,1.1836893451801408e-19,1.1836893451801408e-19,0,1.7023346651483074e-95,15.336618793366975,29.197249855653993
rand,133,K,4,合格,0,合格,合格,1.5415086930173611e-10,2.7074926666839231e-11,1.8122579596857534e-10,3.6245187301431825e-10,合格,合格,1.7665433508523951e-16,1.7665433508523951e-16,0,9.3287094487587809e-95,15.336618793366975,29.197249855653993
rand,134,D,0,合格,0,合格,合格,1.0833913597963524e-10,2.2316225227930122e-10,1.1482311629966599e-10,2.2964606586487223e-10,合格,合格,1.8357299810574084e-12,4.5900542272268106e-13,1.3767245583347272e-12,5.9105817461709896e-95,31.898265288691228,1341.6215168159968
rand,134,D,1,合格,0,解像しない,解像しない,1.3023624004189136e-07,9.4084657706378281e-08,2.2432089774826963e-07,4.4864179557021916e-07,合格,合格,1.5817139620625961e-14,1.5817139620625961e-14,0,1.1547047398700228e-91,31.898265288691228,1341.6215168159968
rand,134,D,2,合格,0,合格,合格,1.1020565625311121e-10,2.5023061346650939e-11,8.518259490646026e-11,3.407301868569735e-10,合格,合格,1.8342663353357968e-16,1.8342663353357968e-16,0,8.7696412965823679e-95,31.898265288691228,1341.6215168159968
rand,134,D,3,合格,0,合格,合格,1.984314551174589e-10,2.674455516663671e-10,4.65877006783826e-10,9.3175408197042672e-10,合格,合格,1.8281250327514069e-16,1.8281250327514069e-16,0,2.398128898082343e-94,31.898265288691228,1341.6215168159968
rand,134,D,4,合格,0,合格,合格,3.6562513211491696e-10,3.5145119484285094e-10,7.1707632695776791e-10,2.8683054588916893e-09,合格,合格,0,0,0,7.3823837669152463e-94,31.898265288691228,1341.6215168159968
rand,134,K,0,合格,0,合格,合格,3.4147477108208547e-11,8.8671517052461429e-11,1.2281899416066998e-10,9.82551089071016e-11,合格,合格,1.9806836478709248e-12,4.9535143362721633e-13,1.4853322142437086e-12,2.5288691577937928e-95,31.898265288691228,1341.6215168159968
rand,134,K,1,合格,0,合格,合格,1.4655571877929537e-10,8.9793714368522617e-11,5.6762004410772754e-11,2.2704783825199601e-10,合格,合格,1.8532777111970705e-16,1.8532777111970705e-16,0,5.8437091148318576e-95,31.898265288691228,1341.6215168159968
rand,134,K,2,合格,0,合格,合格,8.0134228035602432e-11,8.0134228035602432e-11,7.1376250038970399e-14,1.949046866455036e-10,合格,合格,1.8475644477450768e-16,1.8475644477450768e-16,0,5.0164154948247501e-95,31.898265288691228,1341.6215168159968
rand,134,K,3,合格,0,合格,解像しない,2.665820324463132e-09,3.9013994863179046e-09,6.5672198107810369e-09,1.313443968701524e-08,合格,合格,3.7551467465551998e-19,3.7551467465551998e-19,0,3.3805142347152689e-93,31.898265288691228,1341.6215168159968
rand,134,K,4,合格,0,合格,合格,2.276051276329384e-10,6.6900412641968392e-10,4.4139899878674554e-10,1.7655959812249454e-09,合格,合格,0,0,0,4.5442534965443595e-94,31.898265288691228,1341.6215168159968
rand,135,D,0,合格,0,合格,合格,9.5305225308047871e-12,5.7141465303256583e-11,6.6671987834061363e-11,5.3337615642860473e-11,合格,合格,1.9469587219661488e-12,4.8656236184654938e-13,1.4603963601195992e-12,1.3727922410326755e-95,9.3753729436116338,797.75788286480611
rand,135,D,1,合格,0,合格,合格,6.2735718491580931e-11,6.2735718491580931e-11,0,5.9796753535331142e-10,合格,合格,1.169672184020243e-16,1.169672184020243e-16,0,1.539036162431715e-94,9.3753729436116338,797.75788286480611
rand,135,D,2,合格,0,合格,合格,4.7233678003449164e-10,3.170979216784233e-10,7.8943470171291494e-10,1.0525797253259609e-09,合格,合格,1.5535646319870975e-16,1.5535646319870975e-16,0,2.7091073768109116e-94,9.3753729436116338,797.75788286480611
rand,135,D,3,合格,0,合格,合格,5.1488046416599535e-11,7.4517641046064144e-11,1.2600568746266369e-10,6.3002878812309969e-11,合格,合格,1.2726767371522385e-16,1.2726767371522385e-16,0,1.6215547349432033e-95,9.3753729436116338,797.75788286480611
rand,135,D,4,合格,0,合格,合格,6.9410531193966628e-11,6.9410531193966628e-11,0,3.9397121914590352e-09,合格,合格,2.1792055958145076e-16,2.1792055958145076e-16,0,1.0139947695732338e-93,9.3753729436116338,797.75788286480611
rand,135,K,0,合格,0,合格,合格,4.7304830128174055e-12,8.0050684971412197e-11,8.47811679842296e-11,8.4781233233155626e-11,合格,合格,2.053077652771006e-12,5.1320271151462375e-13,1.5398749412563823e-12,2.1820814028689466e-95,9.3753729436116338,797.75788286480611
rand,135,K,1,合格,0,合格,解像しない,2.5124841560602019e-09,5.4128704854575993e-09,7.9253546415178017e-09,1.056713970771238e-08,合格,合格,6.7627935696670758e-16,6.7627935696670758e-16,0,2.7197480100701915e-93,9.3753729436116338,797.75788286480611
rand,135,K,2,合格,0,合格,合格,1.2956315705864449e-11,2.8043718192646753e-10,2.9339349763233197e-10,9.027489096864077e-11,合格,合格,9.043163698063275e-20,9.043163698063275e-20,0,2.3234760007201281e-95,9.3753729436116338,797.75788286480611
rand,135,K,3,合格,0,合格,合格,7.1840625822494887e-10,3.4575409822267955e-10,1.0641603564476283e-09,1.4188806264099076e-09,合格,合格,2.1237771041586198e-16,2.1237771041586198e-16,0,3.6518848685127354e-94,9.3753729436116338,797.75788286480611
rand,135,K,4,合格,0,合格,合格,8.699681967054061e-10,3.7752349754952437e-09,4.6452031722006498e-09,9.2904062845179298e-09,合格,合格,0,0,0,2.3911450689555871e-93,9.3753729436116338,797.75788286480611
rand,136,D,0,合格,0,合格,合格,9.7597239895129448e-11,4.1063311300707614e-11,1.3866055119583706e-10,1.386606556010099e-10,合格,合格,1.7195630636487008e-12,4.2984534691947446e-13,1.2897177167292262e-12,3.5688185504979554e-95,294.73300179100511,5890.0778888308951
rand,136,D,1,合格,0,合格,解像しない,2.0073830007375559e-09,7.132865867951988e-08,7.3336041680257433e-08,1.4667208346119966e-07,合格,合格,1.640103083875908e-14,1.640103083875908e-14,0,3.7750149819189324e-92,294.73300179100511,5890.0778888308951
rand,136,D,2,合格,0,合格,合格,6.9165063687357406e-11,3.9359204422231523e-10,4.6275710790967268e-10,3.7020565834040992e-10,合格,合格,4.9683532693550497e-21,4.9683532693550497e-21,0,9.5282747312709258e-95,294.73300179100511,5890.0778888308951
rand,136,D,3,合格,0,合格,合格,1.7537671192561794e-10,1.7537671192561794e-10,2.8040511650330135e-13,5.7426968494640693e-10,合格,合格,3.6542042526698529e-16,3.6542042526698529e-16,0,1.4780431375736454e-94,294.73300179100511,5890.0778888308951
rand,136,D,4,合格,0,合格,合格,6.5699634011489382e-11,2.4353921229853013e-11,9.0053555241342396e-11,3.6021425005276735e-10,合格,合格,0,0,0,9.2711179834682846e-95,294.73300179100511,5890.0778888308951
rand,136,K,0,合格,0,合格,合格,1.7376599313742792e-11,1.7376599313742792e-11,4.6099775202089727e-14,5.0353294511771918e-10,合格,合格,1.0154667454944297e-12,2.5410153067182536e-13,7.6136521482260429e-13,1.2959824165939519e-94,294.73300179100511,5890.0778888308951
rand,136,K,1,合格,0,合格,合格,1.0390847487769464e-10,5.1127577460952072e-10,4.0736729973182606e-10,1.6294691750640328e-09,合格,合格,1.1335911056651436e-16,1.1335911056651436e-16,0,4.1938932094525351e-94,294.73300179100511,5890.0778888308951
rand,136,K,2,合格,0,合格,合格,9.4838154327162797e-10,1.3785771125031597e-09,2.3269586557747877e-09,3.1026115256044779e-09,合格,合格,2.5356259661590761e-16,2.5356259661590761e-16,0,7.985435752898155e-94,294.73300179100511,5890.0778888308951
rand,136,K,3,合格,0,合格,合格,6.9164737020729545e-10,2.2134335698709973e-09,1.5217861996637021e-09,2.0290483269566945e-09,合格,合格,2.6787697643816012e-16,2.6787697643816012e-16,0,5.2223215574116697e-94,294.73300179100511,5890.0778888308951
rand,136,K,4,合格,0,合格,合格,2.0372385354725459e-10,4.3080815201844663e-12,2.0803193506743904e-10,8.321282569836433e-10,合格,合格,0,0,0,2.1417140623234777e-94,294.73300179100511,5890.0778888308951
rand,137,D,0,合格,0,合格,合格,1.2151637957610787e-10,1.2151637957610787e-10,2.9009880308668308e-13,2.37649043839811e-09,合格,合格,1.9498844730848369e-12,4.872189345576701e-13,1.462665538527167e-12,6.1165606962371971e-94,810.91644728876975,7384.4494203695012
rand,137,D,1,合格,0,合格,合格,1.0745274272114414e-10,6.8725148243783936e-10,5.7979873971669527e-10,2.3191947256995375e-09,合格,合格,2.1802100561249079e-16,2.1802100561249079e-16,0,5.969094205864439e-94,810.91644728876975,7384.4494203695012
rand,137,D,2,合格,0,合格,合格,6.0265268012154215e-11,1.1903871919237677e-09,1.2506524599359219e-09,5.0026100927547804e-09,合格,合格,3.9427460737681937e-16,3.9427460737681937e-16,0,1.2875611775054615e-93,810.91644728876975,7384.4494203695012
rand,137,D,3,合格,0,合格,解像しない,2.5633511650010264e-08,2.5633511650010264e-08,1.8418981703213806e-11,7.5444149099859859e-08,合格,合格,1.9010090368876023e-20,1.9010090368876023e-20,0,1.9417655113997059e-92,810.91644728876975,7384.4494203695012
rand,137,D,4,合格,0,合格,合格,1.7114945787260424e-09,1.7114945787260424e-09,0,4.9320631397619816e-09,合格,合格,1.2894353202624252e-16,1.2894353202624252e-16,0,1.2694039523408652e-93,810.91644728876975,7384.4494203695012
rand,137,K,0,合格,0,合格,合格,2.6218046955403318e-11,1.9627368700478328e-10,2.2249173396018659e-10,2.2249165237573614e-10,合格,合格,1.8183044521538208e-12,4.5451526762110295e-13,1.3637891845327177e-12,5.7264429689000149e-95,810.91644728876975,7384.4494203695012
rand,137,K,1,合格,0,合格,合格,7.6009707427440166e-12,7.6009707427440166e-12,7.3634110540000662e-14,8.0428039440829521e-10,合格,合格,1.4313098093859367e-16,1.4313098093859367e-16,0,2.0700398241483798e-94,810.91644728876975,7384.4494203695012
rand,137,K,2,合格,0,合格,合格,2.8710150430521262e-11,3.4220689278135128e-10,3.7091704321187252e-10,7.418341446271694e-10,合格,合格,1.8439639835143203e-16,1.8439639835143203e-16,0,1.9093169906510546e-94,810.91644728876975,7384.4494203695012
rand,137,K,3,合格,0,合格,合格,1.1126844385162594e-11,1.8591750650917414e-10,1.9704435089433673e-10,7.8817727607953628e-10,合格,合格,1.3526762606874218e-16,1.3526762606874218e-16,0,2.0285939596647274e-94,810.91644728876975,7384.4494203695012
rand,137,K,4,合格,0,合格,合格,1.5466603839042963e-10,1.5466603839042963e-10,0,1.5761860801363454e-09,合格,合格,0,0,0,4.0567543096098539e-94,810.91644728876975,7384.4494203695012
rand,138,D,0,合格,0,合格,合格,1.9513840250019327e-11,1.4225798759828158e-10,1.6177182784830091e-10,1.6177184358004721e-10,合格,合格,1.0940186966796791e-12,2.7350467416991978e-13,8.2051402250975944e-13,4.1636494059135341e-95,126.44937477191171,46.076483251939337
rand,138,D,1,合格,0,合格,合格,7.1114799659368646e-12,4.0134673830105485e-10,4.0845821826699172e-10,8.1691653074359025e-10,合格,合格,2.5482248717541674e-19,2.5482248717541674e-19,0,2.1025624438955302e-94,126.44937477191171,46.076483251939337
rand,138,D,2,合格,0,合格,合格,6.3742722667969051e-10,3.0176755104313076e-09,3.6551027371109982e-09,3.6551026722266544e-09,合格,合格,3.1852901818978003e-15,3.1852901818978003e-15,0,9.4074257503525941e-94,126.44937477191171,46.076483251939337
rand,138,D,3,合格,0,合格,合格,7.7915816840985213e-10,7.7915816840985213e-10,0,2.1286334893533515e-09,合格,合格,1.1454441868965619e-16,1.1454441868965619e-16,0,5.4786317366583286e-94,126.44937477191171,46.076483251939337
rand,138,D,4,合格,0,合格,合格,4.028492475514654e-11,7.8365609998927e-11,1.1865053475407355e-10,2.3730112284485753e-10,合格,合格,1.3230729359940403e-16,1.3230729359940403e-16,0,6.1076059794466571e-95,126.44937477191171,46.076483251939337
rand,138,K,0,合格,0,合格,合格,5.8107773473720034e-10,1.3835348757045205e-09,8.0245714096732022e-10,6.4196570645234821e-10,合格,合格,6.4138287329716256e-12,1.6033525667371817e-12,4.8104761662344439e-12,1.6522777222134949e-94,126.44937477191171,46.076483251939337
rand,138,K,1,合格,0,合格,合格,9.4379050726425822e-11,1.8863414293757583e-10,2.8301319366400162e-10,5.6602647662123623e-10,合格,合格,2.1785327816488464e-16,2.1785327816488464e-16,0,1.4568269427857462e-94,126.44937477191171,46.076483251939337
rand,138,K,2,合格,0,合格,合格,5.5313389866803152e-10,5.5313389866803152e-10,5.9845147787459579e-13,1.2256286283517487e-09,合格,合格,2.2255675840620989e-21,2.2255675840620989e-21,0,3.154496973870667e-94,126.44937477191171,46.076483251939337
rand,138,K,3,合格,0,合格,合格,8.0097546665826541e-11,2.0966519642854514e-10,2.8976274309437167e-10,9.6587570002416407e-11,合格,合格,1.9809356105926801e-16,1.9809356105926801e-16,0,2.4859503950710655e-95,126.44937477191171,46.076483251939337
rand,138,K,4,合格,0,合格,合格,4.3717124159981764e-11,1.1271298348938565e-10,6.8995859329403885e-11,6.8995854796610103e-11,合格,合格,1.2427051411348179e-16,1.2427051411348179e-16,0,1.7758006800006222e-95,126.44937477191171,46.076483251939337
rand,139,D,0,合格,0,合格,合格,3.2718741668501488e-12,1.4521013136629909e-10,1.4193825719944893e-10,4.0553810955472481e-11,合格,合格,9.1777009549026771e-14,2.3063134523978231e-14,6.8713875025048537e-14,1.0437653868284703e-95,2.5349361781496818,1.6640144000255725
rand,139,D,1,合格,0,合格,合格,1.3960930263635476e-11,1.1497517278553175e-10,1.2893610304916723e-10,5.1574457677148005e-11,合格,合格,6.8665191467601283e-21,6.8665191467601283e-21,0,1.3274124551935043e-95,2.5349361781496818,1.6640144000255725
rand,139,D,2,合格,0,合格,合格,4.0184342542397013e-09,6.8907306914015928e-09,2.8722964371618924e-09,3.829728520545439e-09,合格,合格,1.8111438274724888e-16,1.8111438274724888e-16,0,9.8568740557679202e-94,2.5349361781496818,1.6640144000255725
rand,139,D,3,合格,0,合格,合格,2.2771942544049419e-10,5.0201114403003161e-10,7.297305694705258e-10,2.2453249618922154e-10,合格,合格,2.1262326862345335e-19,2.1262326862345335e-19,0,5.7789697742051431e-95,2.5349361781496818,1.6640144000255725
rand,139,D,4,合格,0,合格,合格,5.7754891513116271e-11,1.0630432160216762e-10,1.6405921311528388e-10,2.0507414428232552e-11,合格,合格,0,0,0,5.2781548390207317e-96,2.5349361781496818,1.6640144000255725
rand,139,K,0,合格,0,合格,合格,1.6892296972129968e-10,2.03441015470587e-10,3.7236398519188668e-10,3.3099021101617579e-11,合格,合格,7.7360976882797454e-13,1.9381540115832528e-13,5.797943676696492e-13,8.5189558637797003e-96,2.5349361781496818,1.6640144000255725
rand,139,K,1,合格,0,合格,合格,8.8044545477742079e-12,1.2845204763448902e-09,1.2757160217971159e-09,6.3785797128900016e-10,合格,合格,1.9382754145790694e-15,1.9382754145790694e-15,0,1.6417053205556864e-94,2.5349361781496818,1.6640144000255725
rand,139,K,2,合格,0,合格,合格,1.4500140037239533e-09,2.0539412722879316e-09,6.0392726856397852e-10,1.2078546570443555e-09,合格,合格,9.4079151279553764e-16,9.4079151279553764e-16,0,3.1087507034214876e-94,2.5349361781496818,1.6640144000255725
rand,139,K,3,合格,0,合格,合格,1.2844104133557381e-10,4.1573295349910203e-10,5.4417399483467586e-10,3.6278266845469826e-10,合格,合格,1.1767280312188968e-16,1.1767280312188968e-16,0,9.3372233916572287e-95,2.5349361781496818,1.6640144000255725
rand,139,K,4,合格,0,合格,合格,6.18194796518906e-11,6.18194796518906e-11,0,2.8276939251905582e-11,合格,合格,0,0,0,7.2778586626536494e-96,2.5349361781496818,1.6640144000255725
rand,140,D,0,合格,0,合格,合格,2.9889639942352016e-10,8.0691106056935113e-11,3.7958750548045528e-10,7.5917482857063974e-10,合格,合格,8.8576218511961593e-13,2.2144054627990398e-13,6.6432163883971187e-13,1.9539480752709432e-94,53.514508744601443,209.87472981604063
rand,140,D,1,合格,0,合格,解像しない,8.4429954301863981e-09,2.2547896529752002e-08,1.4104901099565606e-08,5.6419604240626931e-08,合格,合格,1.7501403564791781e-16,1.7501403564791781e-16,0,1.4521158100181087e-92,53.514508744601443,209.87472981604063
rand,140,D,2,合格,0,合格,合格,1.4407268288305566e-10,5.4900010124942023e-10,4.0492741836636451e-10,1.6197094128405019e-09,合格,合格,1.2606769472275221e-16,1.2606769472275221e-16,0,4.1687737403999651e-94,53.514508744601443,209.87472981604063
rand,140,D,3,合格,0,合格,合格,3.5889977915678861e-11,3.6013399628552272e-10,3.2424401836984387e-10,1.2969763912196293e-09,合格,合格,4.8597603178925495e-16,4.8597603178925495e-16,0,3.338130332991729e-94,53.514508744601443,209.87472981604063
rand,140,D,4,合格,0,合格,合格,6.3936661982904671e-11,1.5423898736016503e-10,2.181756493430697e-10,8.727024311020955e-10,合格,合格,0,0,0,2.2461430112833956e-94,53.514508744601443,209.87472981604063
rand,140,K,0,合格,0,合格,合格,9.4436171493704777e-12,1.3749087095725048e-10,1.4693448810662095e-10,1.9591267518197769e-10,合格,合格,1.6726378589887827e-12,4.1811077928151312e-13,1.2545270797072694e-12,5.0423588900298701e-95,53.514508744601443,209.87472981604063
rand,140,K,1,合格,0,合格,解像しない,5.1375118670324389e-09,4.3986401092759741e-09,9.536151976308413e-09,3.8144607948816032e-08,合格,合格,7.2145907404445863e-20,7.2145907404445863e-20,0,9.8175783072105233e-93,53.514508744601443,209.87472981604063
rand,140,K,2,合格,0,合格,合格,1.4577414336119255e-10,5.5432467588350239e-11,2.0120661094954279e-10,8.0482659170605754e-10,合格,合格,2.0796786189389186e-21,2.0796786189389186e-21,0,2.0714456151711015e-94,53.514508744601443,209.87472981604063
rand,140,K,3,合格,0,合格,合格,1.122653877283603e-10,1.122653877283603e-10,1.6556549784555546e-13,5.4252526046833898e-10,合格,合格,1.7603767666563745e-16,1.7603767666563745e-16,0,1.3963400110009588e-94,53.514508744601443,209.87472981604063
rand,140,K,4,合格,0,合格,合格,1.2780036897969194e-11,1.3825917041371898e-10,1.2547913351574977e-10,5.0191653875930617e-10,合格,合格,1.5047552599132467e-16,1.5047552599132467e-16,0,1.2918221441849953e-94,53.514508744601443,209.87472981604063
rand,141,D,0,合格,0,合格,合格,1.7462967866590232e-10,2.7169950476552446e-10,9.7069826099622166e-11,3.8827949362643987e-10,合格,合格,1.1891740095437165e-13,2.9379593176962404e-14,8.9537807777409232e-14,9.9934552712579185e-95,5.7928089514443011,17.983344619704571
rand,141,D,1,合格,0,合格,合格,2.5697975617108612e-11,2.6578313732813054e-10,2.4008516171102195e-10,4.801701825567982e-10,合格,合格,1.3454757592300318e-19,1.3454757592300318e-19,0,1.2358518337282478e-94,5.7928089514443011,17.983344619704571
rand,141,D,2,合格,0,合格,合格,3.3635558490951352e-10,7.2897534340796664e-12,3.4364533834359318e-10,1.3745812431127325e-09,合格,合格,1.878754009968729e-16,1.878754009968729e-16,0,3.537868055162672e-94,5.7928089514443011,17.983344619704571
rand,141,D,3,合格,0,合格,解像しない,7.1178332500002873e-09,7.1178332500002873e-09,2.4889328350112047e-11,6.7964458861514887e-08,合格,合格,2.5848239209960406e-16,2.5848239209960406e-16,0,1.749254830133393e-92,5.7928089514443011,17.983344619704571
rand,141,D,4,合格,0,合格,合格,4.7714152236612127e-11,1.3847649290755849e-10,1.8619064514417061e-10,1.861906132817115e-10,合格,合格,1.4532996331769431e-16,1.4532996331769431e-16,0,4.792134522429904e-95,5.7928089514443011,17.983344619704571
rand,141,K,0,合格,0,合格,合格,2.4638703268898407e-10,3.606859213577981e-10,6.0707295404678217e-10,2.6981022135841531e-10,合格,合格,9.2655953774037773e-13,2.3212347500802781e-13,6.9443606273234987e-13,6.9443182633477979e-95,5.7928089514443011,17.983344619704571
rand,141,K,1,合格,0,合格,合格,1.7639775746389361e-10,7.6267569215087187e-10,9.3907344961476545e-10,9.3907336854920034e-10,合格,合格,2.0724297252220912e-16,2.0724297252220912e-16,0,2.4169671226713718e-94,5.7928089514443011,17.983344619704571
rand,141,K,2,合格,0,合格,合格,2.7095574811846609e-11,4.4200812976057583e-10,4.149125549487292e-10,4.1491255743282036e-10,合格,合格,4.1724977958909756e-16,4.1724977958909756e-16,0,1.0678931419894519e-94,5.7928089514443011,17.983344619704571
rand,141,K,3,合格,0,合格,合格,4.6566302896163467e-11,2.2002539531842196e-10,2.6659169821458543e-10,2.6659179693219722e-10,合格,合格,1.7149597796252151e-16,1.7149597796252151e-16,0,6.861483137941257e-95,5.7928089514443011,17.983344619704571
rand,141,K,4,合格,0,合格,合格,3.798660180396202e-11,9.922031025304209e-11,1.372069120570041e-10,9.1471324679009427e-11,合格,合格,1.5132175102760613e-16,1.5132175102760613e-16,0,2.3542695578506459e-95,5.7928089514443011,17.983344619704571
rand,142,D,0,合格,0,合格,合格,4.6709516480583397e-11,1.3725366842626533e-11,6.0434883323209928e-11,4.0289923965158253e-11,合格,合格,1.8730526726926373e-12,4.6813044051778146e-13,1.4049222321748559e-12,1.0369735194297009e-95,23.424167469081905,117.92598036747304
rand,142,D,1,合格,0,合格,合格,3.2854722557652308e-11,1.0389289902982087e-10,7.1038176472168563e-11,7.1038194237820694e-11,合格,合格,1.6151096768599263e-16,1.6151096768599263e-16,0,1.8283659794549896e-95,23.424167469081905,117.92598036747304
rand,142,D,2,合格,0,合格,合格,3.9516168149062691e-11,1.8732492871747667e-10,2.2684109686653934e-10,1.5122738512311098e-10,合格,合格,1.1119568948030302e-16,1.1119568948030302e-16,0,3.8922583701293722e-95,23.424167469081905,117.92598036747304
rand,142,D,3,合格,0,合格,解像しない,5.7089171154550493e-10,2.7455201608354188e-08,2.6884309896808683e-08,5.3768619734040067e-08,合格,合格,6.2685521371857244e-16,6.2685521371857244e-16,0,1.3838853329358919e-92,23.424167469081905,117.92598036747304
rand,142,D,4,合格,0,合格,合格,8.5095076890940828e-11,8.5095076890940828e-11,0,2.4319007706244007e-10,合格,合格,0,0,0,6.2591746343303909e-95,23.424167469081905,117.92598036747304
rand,142,K,0,合格,0,合格,合格,3.6802065728285019e-11,9.1445148682232431e-11,1.2824721441051746e-10,3.2061817702946375e-11,合格,合格,1.8281137311239041e-12,4.5688869437432864e-13,1.3712250367495755e-12,8.2520026524471009e-96,23.424167469081905,117.92598036747304
rand,142,K,1,合格,0,合格,合格,1.1424979222409248e-10,1.492719091108436e-10,2.6352170133493608e-10,1.1712068592587867e-10,合格,合格,1.8878841049567728e-19,1.8878841049567728e-19,0,3.0144273786072906e-95,23.424167469081905,117.92598036747304
rand,142,K,2,合格,0,合格,合格,2.9772991275651838e-11,1.0532392695824101e-11,1.9240598579827736e-11,7.69625752867634e-11,合格,合格,3.2600961698158607e-16,3.2600961698158607e-16,0,1.9808464426119175e-95,23.424167469081905,117.92598036747304
rand,142,K,3,合格,0,合格,合格,9.0077646229313386e-12,9.0077646229313386e-12,7.4180379562781379e-13,1.8990177180052857e-10,合格,合格,1.3973108854310615e-16,1.3973108854310615e-16,0,4.8876515334261829e-95,23.424167469081905,117.92598036747304
rand,142,K,4,合格,0,合格,合格,4.3040804725057004e-11,1.8462844277452349e-10,2.276692474995805e-10,2.2766919885951217e-10,合格,合格,1.2183302259999095e-16,1.2183302259999095e-16,0,5.859701562386939e-95,23.424167469081905,117.92598036747304
rand,143,D,0,合格,0,合格,合格,4.7211325438201114e-12,1.2037637355603848e-10,1.250975060998586e-10,6.2548761739926353e-11,合格,合格,1.9983298960313316e-12,4.9969413750224681e-13,1.4986357585290849e-12,1.6098667660309269e-95,116.44199724491745,63810.262503689773
rand,143,D,1,合格,0,合格,解像しない,4.4319189175934006e-09,3.3809511579954985e-08,2.9377592662361582e-08,1.1751037059062316e-07,合格,合格,1.8973739994399821e-15,1.8973739994399821e-15,0,3.0244569998748146e-92,116.44199724491745,63810.262503689773
rand,143,D,2,合格,0,合格,合格,2.932474312497678e-11,1.7894139956318369e-10,1.496166564382069e-10,6.6496329939681425e-11,合格,合格,3.7744382537650475e-16,3.7744382537650475e-16,0,1.7114684392638862e-95,116.44199724491745,63810.262503689773
rand,143,D,3,合格,0,合格,合格,4.8987616534673782e-10,4.8987616534673782e-10,5.2495271607592032e-13,1.0751031050377186e-09,合格,合格,3.8257141763269446e-20,3.8257141763269446e-20,0,2.767077573898776e-94,116.44199724491745,63810.262503689773
rand,143,D,4,合格,0,合格,解像しない,1.6293837262776839e-08,1.9082825885107673e-09,1.8202119851287605e-08,3.6404239597405416e-08,合格,合格,0,0,0,9.3696459914218394e-93,116.44199724491745,63810.262503689773
rand,143,K,0,合格,0,合格,合格,3.6202628602797667e-11,3.101718803791806e-10,3.4637450898197827e-10,1.3854979626304107e-10,合格,合格,1.9987612246014461e-12,4.9969030615036153e-13,1.4990709184510846e-12,3.5659652763653311e-95,116.44199724491745,63810.262503689773
rand,143,K,1,合格,0,合格,合格,1.8583544166125917e-10,3.0634727560647501e-10,4.9218271726773421e-10,4.9218259436306786e-10,合格,合格,1.8975850907793643e-16,1.8975850907793643e-16,0,1.2667691245088371e-94,116.44199724491745,63810.262503689773
rand,143,K,2,合格,0,合格,合格,8.8466104880191093e-10,2.2863026091718165e-09,1.4016415603699055e-09,2.8032832140363613e-09,合格,合格,1.752264850641735e-16,1.752264850641735e-16,0,7.2150308919206002e-94,116.44199724491745,63810.262503689773
rand,143,K,3,合格,0,合格,合格,1.9274508425284219e-10,3.7071673149758779e-11,1.556734111030834e-10,2.0756466830017618e-10,合格,合格,1.4879378180743486e-16,1.4879378180743486e-16,0,5.3422554180699294e-95,116.44199724491745,63810.262503689773
rand,143,K,4,合格,0,合格,解像しない,1.1717599213526761e-08,5.5750659883509483e-08,4.403306066998272e-08,8.8066121427380894e-08,合格,合格,0,0,0,2.2666271586426376e-92,116.44199724491745,63810.262503689773
rand,144,D,0,合格,0,合格,合格,7.4990729197827667e-11,1.1144988228319353e-10,1.8644061148102119e-10,1.3708866586252064e-12,合格,合格,1.9537205773136882e-12,4.8865841827031103e-13,1.4650621590433773e-12,3.5283590119533241e-97,2590.0304107082097,2581.7752011943362
rand,144,D,1,合格,0,合格,合格,2.9353774639218522e-11,3.1495446088777692e-11,6.0849220727996207e-11,9.5076972343061385e-13,合格,合格,1.3097920997996796e-20,1.3097920997996796e-20,0,2.4470709528408376e-97,2590.0304107082097,2581.7752011943362
rand,144,D,2,合格,0,合格,合格,1.0296241262129391e-10,1.1052558008570473e-10,2.1348799270699862e-10,7.8488217268384059e-13,合格,合格,8.6368699739974824e-20,8.6368699739974824e-20,0,2.0201130924184299e-97,2590.0304107082097,2581.7752011943362
rand,144,D,3,合格,0,合格,合格,2.0243695843937968e-09,7.9881289875527118e-09,1.0012498571946508e-08,1.8963065432422682e-11,合格,合格,5.3528235525658087e-20,5.3528235525658087e-20,0,4.8806735693123104e-96,2590.0304107082097,2581.7752011943362
rand,144,D,4,合格,0,合格,合格,1.2227864138014703e-11,7.0138997386595059e-11,8.236686152460977e-11,3.2174566590481857e-13,合格,合格,0,0,0,8.2810217220339683e-98,2590.0304107082097,2581.7752011943362
rand,144,K,0,合格,0,合格,合格,2.3521256309331354e-10,1.5665292876504284e-10,7.8559634328270691e-11,1.0911052042630446e-12,合格,合格,1.4261654370763565e-12,3.561361986335561e-13,1.0700292384428005e-12,2.8082634375561495e-97,2590.0304107082097,2581.7752011943362
rand,144,K,1,合格,0,解像しない,解像しない,1.8247676655520116e-08,1.4914022282920627e-07,1.6738789948472638e-07,1.0461743720640546e-09,合格,合格,1.5831235497410058e-16,1.5831235497410058e-16,0,2.6926214144126369e-94,2590.0304107082097,2581.7752011943362
rand,144,K,2,合格,0,合格,合格,5.0508805019335312e-11,2.1227140661715062e-10,2.627802116364859e-10,5.2138923688469872e-13,合格,合格,7.465590163992421e-20,7.465590163992421e-20,0,1.3419405616963874e-97,2590.0304107082097,2581.7752011943362
rand,144,K,3,合格,0,合格,合格,1.8956676682841905e-09,1.5636834923932754e-09,3.4593511606774661e-09,1.23548257295071e-11,合格,合格,2.24396264767036e-16,2.24396264767036e-16,0,3.1798588475239574e-96,2590.0304107082097,2581.7752011943362
rand,144,K,4,合格,0,合格,合格,1.9357280603517739e-11,6.8423747893764341e-11,8.7781028497282093e-11,3.4289428848621181e-13,合格,合格,0,0,0,8.8253404854121968e-98,2590.0304107082097,2581.7752011943362
rand,145,D,0,合格,0,合格,合格,2.6062857144774046e-11,2.3195494266969231e-10,2.5801779981446636e-10,1.146745829650506e-10,合格,合格,1.9301038069982366e-12,4.8252595174955914e-13,1.4475778552486776e-12,2.9514700993041369e-95,1.1148699375732878,542.21681601019236
rand,145,D,1,合格,0,合格,合格,2.6601144188103468e-11,1.9558462389761962e-10,2.221857680857231e-10,2.2218576011303526e-10,合格,合格,1.6108530606771025e-16,1.6108530606771025e-16,0,5.7185699787078875e-95,1.1148699375732878,542.21681601019236
rand,145,D,2,合格,0,合格,合格,1.5742428595993165e-11,2.832640069475491e-10,2.6752157835155594e-10,5.3504310052309434e-10,合格,合格,1.9323213241838203e-16,1.9323213241838203e-16,0,1.3770825863950799e-94,1.1148699375732878,542.21681601019236
rand,145,D,3,合格,0,合格,合格,5.8943934970850823e-11,1.5511760180911921e-10,2.1406153677997004e-10,4.2812299755416692e-10,合格,合格,1.4329213202914958e-16,1.4329213202914958e-16,0,1.1018938926428772e-94,1.1148699375732878,542.21681601019236
rand,145,D,4,合格,0,合格,解像しない,4.022536681132056e-09,2.0909786951298797e-08,1.6887250270166742e-08,6.7549001589611305e-08,合格,合格,1.585652180632087e-16,1.585652180632087e-16,0,1.7385618789679581e-92,1.1148699375732878,542.21681601019236
rand,145,K,0,合格,0,合格,合格,9.4343113881608788e-11,3.0955602875365786e-11,6.3387511006242995e-11,2.5354989900959053e-10,合格,合格,2.1476114034035336e-12,5.3686546467646297e-13,1.6107459387270704e-12,6.52581353477835e-95,1.1148699375732878,542.21681601019236
rand,145,K,1,合格,0,合格,合格,1.3457455074503125e-10,1.0866320367097931e-10,2.4323775441601055e-10,4.864757704242404e-10,合格,合格,1.9671535889805592e-16,1.9671535889805592e-16,0,1.2520810220698026e-94,1.1148699375732878,542.21681601019236
rand,145,K,2,合格,0,合格,合格,1.933922220604557e-11,1.4942532956031031e-10,1.3008610735426475e-10,5.2034490960901224e-10,合格,合格,1.5619954774652955e-16,1.5619954774652955e-16,0,1.3392526942994632e-94,1.1148699375732878,542.21681601019236
rand,145,K,3,合格,0,合格,解像しない,1.9623056827209852e-09,1.9623056827209852e-09,1.0767997752987728e-11,2.2052859403807215e-08,合格,合格,2.1871514090227511e-16,2.1871514090227511e-16,0,5.6759181896769611e-93,1.1148699375732878,542.21681601019236
rand,145,K,4,合格,0,合格,解像しない,1.6796214941519525e-08,2.5082002340534839e-08,4.1878217282054361e-08,8.3756434542442783e-08,合格,合格,0,0,0,2.1557053514786676e-92,1.1148699375732878,542.21681601019236
rand,146,D,0,合格,0,合格,合格,1.821258015562527e-11,9.6210085238292304e-11,1.1442266539391758e-10,2.2884526491587903e-10,合格,合格,1.6813091464377186e-12,4.2014925726313172e-13,1.2611598891745869e-12,5.8899709011577738e-95,0.10455322478726041,10.278448873527189
rand,146,D,1,合格,0,合格,合格,1.1633442403704841e-10,2.2309389769837207e-10,1.0675947366132368e-10,4.2703769295295941e-10,合格,合格,1.4424677393732007e-20,1.4424677393732007e-20,0,1.099100558674462e-94,0.10455322478726041,10.278448873527189
rand,146,D,2,合格,0,合格,合格,2.1308254200085118e-10,2.1308254200085118e-10,1.9627585293071573e-12,4.0197294520412844e-09,合格,合格,2.9042782938297929e-16,2.9042782938297929e-16,0,1.0345894424231637e-93,0.10455322478726041,10.278448873527189
rand,146,D,3,合格,0,合格,合格,3.3617183073109585e-10,2.4795706174797211e-09,2.8157424482108166e-09,5.6314850898923948e-09,合格,合格,3.5624612155781814e-16,3.5624612155781814e-16,0,1.4494196907225821e-93,0.10455322478726041,10.278448873527189
rand,146,D,4,合格,0,合格,合格,1.0605314273384786e-10,1.0605314273384786e-10,0,6.2433461687661694e-10,合格,合格,1.3740710911245523e-16,1.3740710911245523e-16,0,1.6068991977354218e-94,0.10455322478726041,10.278448873527189
rand,146,K,0,合格,0,合格,合格,3.3270371952915335e-11,1.7206367761263955e-10,2.053340495655549e-10,1.0266698072476186e-10,合格,合格,1.7652804991487833e-12,4.4127983261840308e-13,1.3240006665303804e-12,2.6424209790875787e-95,0.10455322478726041,10.278448873527189
rand,146,K,1,合格,0,合格,合格,2.2022461971812856e-11,3.9526714381080051e-10,4.1728960578261337e-10,5.5638603998842838e-10,合格,合格,1.9606624656390787e-19,1.9606624656390787e-19,0,1.4320145914082484e-94,0.10455322478726041,10.278448873527189
rand,146,K,2,合格,0,合格,合格,8.1895952220991277e-11,8.1895952220991277e-11,3.1573548480284089e-13,5.1730109668049546e-10,合格,合格,0,0,0,1.3314185931289095e-94,0.10455322478726041,10.278448873527189
rand,146,K,3,合格,0,合格,合格,3.7600983491025666e-11,3.4374312941582409e-10,3.8134411290684978e-10,2.5422936756699743e-10,合格,合格,1.8601827796200352e-20,1.8601827796200352e-20,0,6.5433015524257738e-95,0.10455322478726041,10.278448873527189
rand,146,K,4,合格,0,合格,合格,2.1620411315845036e-11,2.1620411315845036e-11,0,4.8161421549046487e-10,合格,合格,1.9328098798359587e-16,1.9328098798359587e-16,0,1.2395684550718166e-94,0.10455322478726041,10.278448873527189
rand,147,D,0,合格,0,合格,合格,5.1711023227052978e-11,1.5720692378585243e-10,2.0891794701290541e-10,3.7985079724007188e-11,合格,合格,1.4767774844292114e-12,3.6925419842396261e-13,1.1075232860052489e-12,9.7765192709930671e-96,0.82158219020435541,2.2727115179545239
rand,147,D,1,合格,0,合格,合格,6.8033994296022378e-11,9.6477380663774183e-11,1.6451137495979655e-10,1.0967426123746483e-10,合格,合格,2.2548793511851217e-16,2.2548793511851217e-16,0,2.8227728790110567e-95,0.82158219020435541,2.2727115179545239
rand,147,D,2,合格,0,合格,合格,2.9315008006980373e-11,2.4035983488641484e-10,2.1104482687943447e-10,9.3797675185744593e-11,合格,合格,2.5869455260795072e-16,2.5869455260795072e-16,0,2.4141446738841829e-95,0.82158219020435541,2.2727115179545239
rand,147,D,3,合格,0,合格,合格,1.5560026509484492e-10,1.06980851562573e-09,1.225408780720575e-09,6.1270439590371974e-10,合格,合格,6.5320901013330704e-16,6.5320901013330704e-16,0,1.5769655816173082e-94,0.82158219020435541,2.2727115179545239
rand,147,D,4,合格,0,合格,合格,3.521979504256318e-11,2.6997687874502354e-10,3.0519667378758671e-10,2.0346446817223452e-10,合格,合格,0,0,0,5.2367253366353101e-95,0.82158219020435541,2.2727115179545239
rand,147,K,0,合格,0,合格,合格,5.1661127310882311e-11,2.4826945581265358e-11,7.6488072892147673e-11,3.0595199947600122e-11,合格,合格,2.1025351939706612e-12,5.2590954804596127e-13,1.5766256459247001e-12,7.8745276845780425e-96,0.82158219020435541,2.2727115179545239
rand,147,K,1,合格,0,合格,合格,7.2228127232383103e-09,4.0288428885551683e-09,1.1251655611793479e-08,3.0004414563669337e-09,合格,合格,3.4367558425892232e-16,3.4367558425892232e-16,0,7.7224725952380578e-94,0.82158219020435541,2.2727115179545239
rand,147,K,2,合格,0,合格,合格,7.472038970860506e-11,1.7394112154740426e-10,9.9220731838799201e-11,3.6080205427838656e-11,合格,合格,3.9467982457442233e-16,3.9467982457442233e-16,0,9.2862467639818222e-96,0.82158219020435541,2.2727115179545239
rand,147,K,3,合格,0,合格,合格,1.0489502816794806e-09,1.2480894012055875e-08,1.3529844293735355e-08,4.509948118183561e-09,合格,合格,1.2755429634291925e-16,1.2755429634291925e-16,0,1.1607608831931422e-93,0.82158219020435541,2.2727115179545239
rand,147,K,4,合格,0,合格,合格,4.660095610162188e-11,3.1546509822687935e-10,3.6206605432850122e-10,1.8103304021463989e-10,合格,合格,1.8095982891345513e-16,1.8095982891345513e-16,0,4.6593900005067023e-95,0.82158219020435541,2.2727115179545239
rand,148,D,0,合格,0,合格,合格,5.3131068572165258e-10,2.1520600019291679e-10,3.1610468552873582e-10,1.2644186177974074e-09,合格,合格,1.9457490313856874e-12,4.8656995874426124e-13,1.4591790726414263e-12,3.2543338261538596e-94,0.28408755219560961,53.718534553120669
rand,148,D,1,合格,0,合格,合格,1.772998843309802e-10,1.0723216457077468e-09,1.249621530038727e-09,1.6661620038470553e-09,合格,合格,2.7774539570673981e-16,2.7774539570673981e-16,0,4.2883324340930843e-94,0.28408755219560961,53.718534553120669
rand,148,D,2,合格,0,合格,解像しない,5.102616909636184e-09,2.6805091456455447e-09,7.7831260552817291e-09,3.1132504067633158e-08,合格,合格,8.5895177083031679e-16,8.5895177083031679e-16,0,8.0128178796244672e-93,0.28408755219560961,53.718534553120669
rand,148,D,3,合格,0,合格,解像しない,1.2347870340643345e-08,6.8709493625380203e-09,1.9218819703181365e-08,7.6875278768666314e-08,合格,合格,3.3658711584100179e-16,3.3658711584100179e-16,0,1.9785996233405936e-92,0.28408755219560961,53.718534553120669
rand,148,D,4,合格,0,合格,合格,4.5510567983912072e-11,4.5510567983912072e-11,0,4.2404427193279393e-09,合格,合格,0,0,0,1.091396155129049e-93,0.28408755219560961,53.718534553120669
rand,148,K,0,合格,0,合格,合格,2.4147348141093957e-11,2.4147348141093957e-11,2.982998256647256e-14,1.2218359781931411e-10,合格,合格,1.9321770829082702e-12,4.8307223276878838e-13,1.449104850139482e-12,3.1447355313165983e-95,0.28408755219560961,53.718534553120669
rand,148,K,1,合格,0,合格,合格,5.0840921645992927e-11,4.9078955221007293e-10,4.3994863056408001e-10,8.7989717318452432e-10,合格,合格,1.7226385860657506e-16,1.7226385860657506e-16,0,2.2646606858887314e-94,0.28408755219560961,53.718534553120669
rand,148,K,2,合格,0,合格,合格,9.2822474916750795e-11,2.3015482917565309e-10,1.3733235425890229e-10,2.7466450529116429e-10,合格,合格,1.8375048236036621e-16,1.8375048236036621e-16,0,7.0692567938450716e-95,0.28408755219560961,53.718534553120669
rand,148,K,3,合格,0,合格,合格,1.3636545422796219e-11,9.5749772749462732e-11,8.2113227326666519e-11,3.2845298113339101e-10,合格,合格,1.9200182226597325e-16,1.9200182226597325e-16,0,8.4536531790829311e-95,0.28408755219560961,53.718534553120669
rand,148,K,4,合格,0,合格,合格,1.1314846510643284e-10,5.7645522428618493e-10,6.8960368939261779e-10,2.7584151614048079e-09,合格,合格,0,0,0,7.0995504494964984e-94,0.28408755219560961,53.718534553120669
rand,149,D,0,合格,0,合格,合格,4.3177206484637795e-11,9.5051595823906833e-11,1.3822880230854464e-10,6.9114408186764231e-11,合格,合格,1.9581258486604693e-12,4.8963776650000658e-13,1.4684880821604628e-12,1.7788519820168474e-95,0.98369657424210755,192.6506015518892
rand,149,D,1,合格,0,合格,合格,8.5979928079495153e-11,1.4632063976164498e-11,7.1347864103330652e-11,9.513040675380977e-11,合格,合格,1.9617445367375682e-16,1.9617445367375682e-16,0,2.4484462363737706e-95,0.98369657424210755,192.6506015518892
rand,149,D,2,合格,0,合格,合格,2.1976834139071713e-10,3.2847843155390593e-11,1.8692049823532655e-10,2.4922726695641361e-10,合格,合格,1.2768673308058196e-19,1.2768673308058196e-19,0,6.4145585476193069e-95,0.98369657424210755,192.6506015518892
rand,149,D,3,合格,0,合格,解像しない,1.175489240100563e-09,1.2884984276127735e-08,1.4060473516228298e-08,1.1248378745729331e-08,合格,合格,1.928184342508649e-16,1.928184342508649e-16,0,2.8950838690894943e-93,0.98369657424210755,192.6506015518892
rand,149,D,4,合格,0,合格,解像しない,8.755556713289866e-09,8.755556713289866e-09,0,2.9961057253946335e-08,合格,合格,1.1971371050197623e-16,1.1971371050197623e-16,0,7.7113133828018799e-93,0.98369657424210755,192.6506015518892
rand,149,K,0,合格,0,合格,合格,2.3098732338655408e-12,9.9697589892720743e-11,9.7387716658855199e-11,1.298503891156852e-10,合格,合格,2.0668294056129112e-12,5.1670735140322781e-13,1.5501220542096835e-12,3.3420617799391104e-95,0.98369657424210755,192.6506015518892
rand,149,K,1,合格,0,合格,合格,1.4181359984741373e-09,5.6067411731141332e-09,7.0248771715882706e-09,7.0248771806078579e-09,合格,合格,2.2046228457542295e-19,2.2046228457542295e-19,0,1.8080479923059374e-93,0.98369657424210755,192.6506015518892
rand,149,K,2,合格,0,合格,合格,1.6896218010075158e-10,3.822453857862988e-09,3.991416037963739e-09,2.2808091167579689e-09,合格,合格,2.2701471793735744e-19,2.2701471793735744e-19,0,5.8702981395476773e-94,0.98369657424210755,192.6506015518892
rand,149,K,3,合格,0,合格,合格,1.262492796083312e-11,1.289561255632357e-10,1.4158105352406883e-10,1.4158111277806882e-10,合格,合格,1.1699714535375617e-16,1.1699714535375617e-16,0,3.6439846580303854e-95,0.98369657424210755,192.6506015518892
rand,149,K,4,合格,0,合格,解像しない,3.4766577080612278e-09,3.4766577080612278e-09,0,1.7455215693953966e-08,合格,合格,1.5153884643223945e-16,1.5153884643223945e-16,0,4.4925864010607091e-93,0.98369657424210755,192.6506015518892
rand,150,D,0,合格,0,合格,合格,7.9760611996914739e-10,6.4893166919084282e-11,8.6249928688823175e-10,3.449997101536317e-09,合格,合格,5.0256208765641556e-12,1.2569056792960444e-12,3.768715197268111e-12,8.8795293818279851e-94,21.316288546289865,4883.0351272886037
rand,150,D,1,合格,0,合格,合格,2.3641988840779844e-09,1.1104210184267721e-10,2.4752409859206615e-09,9.9009638772594539e-09,合格,合格,1.6288116146255422e-15,1.6288116146255422e-15,0,2.5482890874717852e-93,21.316288546289865,4883.0351272886037
rand,150,D,2,合格,0,合格,解像しない,1.5530552955159901e-08,1.5530552955159901e-08,3.0848840212261956e-11,2.5271369899560127e-07,合格,合格,1.9163080674528036e-19,1.9163080674528036e-19,0,6.5042915961367315e-92,21.316288546289865,4883.0351272886037
rand,150,D,3,合格,0,合格,合格,8.4630745809149198e-10,1.7497059999529042e-09,2.5960134580443963e-09,3.4613512837085139e-09,合格,合格,1.3927609948920894e-16,1.3927609948920894e-16,0,8.9087525351343326e-94,21.316288546289865,4883.0351272886037
rand,150,D,4,合格,0,合格,合格,3.4868139663723346e-10,5.0697547203530433e-09,4.7210733237158099e-09,9.4421466868866328e-09,合格,合格,0,0,0,2.4301996919476846e-93,21.316288546289865,4883.0351272886037
rand,150,K,0,合格,0,合格,合格,5.7342813348727592e-11,7.4862002463340302e-11,1.3220481581206791e-10,1.7627305631423773e-10,合格,合格,1.8065474980317758e-12,4.5160190997480874e-13,1.3549455880569671e-12,4.5368785442453984e-95,21.316288546289865,4883.0351272886037
rand,150,K,1,合格,0,合格,合格,7.0157814194503713e-11,3.9613018128271785e-10,4.662879954772216e-10,3.7303046478464689e-10,合格,合格,1.7047132365898773e-16,1.7047132365898773e-16,0,9.6009790005249771e-95,21.316288546289865,4883.0351272886037
rand,150,K,2,合格,0,合格,合格,1.7602656919334127e-12,9.1931617264585903e-11,9.3691882956519325e-11,3.7476724669005481e-10,合格,合格,1.9959923936199259e-16,1.9959923936199259e-16,0,9.6456799249171435e-95,21.316288546289865,4883.0351272886037
rand,150,K,3,合格,0,合格,合格,1.0556626314410177e-09,2.5361260983091051e-09,3.5917887297501228e-09,4.789051442318741e-09,合格,合格,1.2470341506564077e-20,1.2470341506564077e-20,0,1.2325959049130323e-93,21.316288546289865,4883.0351272886037
rand,150,K,4,合格,0,合格,合格,8.9428407648498586e-10,1.2770214769608584e-09,2.1713055534458444e-09,8.685222365811331e-09,合格,合格,0,0,0,2.2353841152674793e-93,21.316288546289865,4883.0351272886037
rand,151,D,0,合格,0,合格,合格,4.6843032293998649e-11,1.1683551400094548e-10,1.6367854629494412e-10,4.3647605451107787e-11,合格,合格,1.5627985862206916e-12,3.9066362076941404e-13,1.1721349654512776e-12,1.12339281350978e-95,8.314029323731857,127.68535079145931
rand,151,D,1,合格,0,合格,合格,3.1628306094851586e-10,4.0689174347438457e-10,7.2317480442290038e-10,4.8211661869241504e-10,合格,合格,2.920563467944076e-19,2.920563467944076e-19,0,1.2408615297794024e-94,8.314029323731857,127.68535079145931
rand,151,D,2,合格,0,合格,合格,3.0939558031644759e-11,5.8600361514463138e-11,8.9539919546107891e-11,1.1938660180437326e-10,合格,合格,1.4863568379465862e-16,1.4863568379465862e-16,0,3.0727470409944953e-95,8.314029323731857,127.68535079145931
rand,151,D,3,合格,0,合格,合格,9.4240764830365986e-11,1.680755323983082e-10,7.3834767567942206e-11,2.953390047977669e-10,合格,合格,2.874288803217281e-19,2.874288803217281e-19,0,7.6013726780633981e-95,8.314029323731857,127.68535079145931
rand,151,D,4,合格,0,合格,合格,4.3178043269354856e-12,4.3178043269354856e-12,0,1.1019904810736467e-10,合格,合格,0,0,0,2.8362797321860871e-95,8.314029323731857,127.68535079145931
rand,151,K,0,合格,0,合格,合格,5.2273183352071753e-11,9.1795843258920088e-11,1.4406902661099183e-10,7.2034498523184197e-11,合格,合格,1.368597812254768e-12,3.4211943205350826e-13,1.0264783802012597e-12,1.8540086478827017e-95,8.314029323731857,127.68535079145931
rand,151,K,1,合格,0,合格,合格,1.547365317039877e-12,2.7208623098961562e-10,2.736335963066555e-10,2.7363354562447761e-10,合格,合格,1.7861772100194818e-16,1.7861772100194818e-16,0,7.0427221725616295e-95,8.314029323731857,127.68535079145931
rand,151,K,2,合格,0,合格,合格,6.9722070605416122e-09,2.5394713610162704e-09,4.4327356995253414e-09,5.9103142530302477e-09,合格,合格,1.3475764755044104e-15,1.3475764755044104e-15,0,1.5211841494663458e-93,8.314029323731857,127.68535079145931
rand,151,K,3,合格,0,合格,合格,3.586924748296545e-10,3.445162676068908e-10,7.0320874243654525e-10,2.8128345874632485e-09,合格,合格,5.8657740601480046e-16,5.8657740601480046e-16,0,7.2396140143073084e-94,8.314029323731857,127.68535079145931
rand,151,K,4,合格,0,合格,合格,7.8184785704662279e-12,1.1087940753791485e-10,1.0306092896744862e-10,1.0306084973350206e-10,合格,合格,1.2741771761324337e-16,1.2741771761324337e-16,0,2.652558296113563e-95,8.314029323731857,127.68535079145931
rand,152,D,0,合格,0,合格,合格,1.3747830692420742e-11,8.9507180200881843e-11,1.0325501089330259e-10,2.4295300486587665e-11,合格,合格,1.7387601126646807e-12,4.3458356477450565e-13,1.3041765478901751e-12,6.2530729204070314e-96,14.870999193633141,24.014736853032122
rand,152,D,1,合格,0,合格,合格,4.7541579228706957e-10,3.7060915983354244e-09,3.2306758060483551e-09,6.4613514552062924e-09,合格,合格,4.677096904989856e-16,4.677096904989856e-16,0,1.6630089360733722e-93,14.870999193633141,24.014736853032122
rand,152,D,2,合格,0,合格,合格,1.1570749622189735e-10,2.4401006165839464e-10,3.5971755788029195e-10,9.5924659995836262e-11,合格,合格,2.1034552280637166e-16,2.1034552280637166e-16,0,2.4688885578935359e-95,14.870999193633141,24.014736853032122
rand,152,D,3,合格,0,合格,合格,1.8228884590248963e-11,1.8537891743770156e-10,2.0360780202795053e-10,4.7907708836358667e-11,合格,合格,1.5663379639152219e-16,1.5663379639152219e-16,0,1.233038451073113e-95,14.870999193633141,24.014736853032122
rand,152,D,4,合格,0,合格,合格,1.7613645704522593e-11,1.7613645704522593e-11,0,1.0301693577629053e-10,合格,合格,1.2147006775345915e-16,1.2147006775345915e-16,0,2.6514280479949241e-95,14.870999193633141,24.014736853032122
rand,152,K,0,合格,0,合格,合格,8.4243611775809693e-11,1.9025774514914258e-10,2.7450135692495229e-10,2.967581917660145e-11,合格,合格,1.6739018688123649e-12,4.182795211438421e-13,1.255622347668523e-12,7.6378994113097833e-96,14.870999193633141,24.014736853032122
rand,152,K,1,合格,0,合格,合格,3.4538870542856533e-11,1.876174754884367e-10,1.5307860494558017e-10,6.1231450069578816e-10,合格,合格,9.3885042700010723e-21,9.3885042700010723e-21,0,1.5759620775989655e-94,14.870999193633141,24.014736853032122
rand,152,K,2,合格,0,合格,合格,1.3294511779983416e-10,1.7593637614735992e-10,3.0888149394719405e-10,3.0888153592183141e-10,合格,合格,1.1180267327093414e-16,1.1180267327093414e-16,0,7.9499274724048244e-95,14.870999193633141,24.014736853032122
rand,152,K,3,合格,0,合格,合格,1.0795855270609786e-10,7.0566180938335515e-11,1.7852473364443336e-10,5.9508207211530881e-11,合格,合格,2.9279125229684705e-21,2.9279125229684705e-21,0,1.5316096183367594e-95,14.870999193633141,24.014736853032122
rand,152,K,4,合格,0,合格,合格,4.2540281172969512e-11,4.2540281172969512e-11,0,8.3177863166812258e-11,合格,合格,1.4077189469302567e-16,1.4077189469302567e-16,0,2.1408142041002883e-95,14.870999193633141,24.014736853032122
rand,153,D,0,合格,0,合格,合格,2.2312560915921372e-11,2.4025340610696261e-10,2.6256596702288396e-10,1.7504392304251731e-10,合格,合格,1.7882329982348336e-12,4.467494365841111e-13,1.3414835616507225e-12,4.5052433727388378e-95,0.16474520437509346,815.63910600439635
rand,153,D,1,合格,0,合格,合格,5.0227123686806464e-11,3.2927563189779448e-10,3.7950275558460096e-10,1.5180113270897451e-09,合格,合格,3.4063372274914184e-16,3.4063372274914184e-16,0,3.9070253638296259e-94,0.16474520437509346,815.63910600439635
rand,153,D,2,合格,0,合格,合格,2.2757381463653323e-10,2.2757381463653323e-10,2.2315043695321336e-13,9.140241957711662e-10,合格,合格,3.2073723740532793e-16,3.2073723740532793e-16,0,2.352496092949639e-94,0.16474520437509346,815.63910600439635
rand,153,D,3,合格,0,合格,合格,1.1002353740071413e-10,1.1002353740071413e-10,7.7099642970401256e-15,2.5263929677060071e-10,合格,合格,2.3707794079604825e-20,2.3707794079604825e-20,0,6.5023766474468568e-95,0.16474520437509346,815.63910600439635
rand,153,D,4,合格,0,解像しない,解像しない,1.3144119131669591e-08,1.5051526491433286e-07,1.3737114578266328e-07,5.4948458310034362e-07,合格,合格,0,0,0,1.4142517680169248e-91,0.16474520437509346,815.63910600439635
rand,153,K,0,合格,0,合格,合格,5.561101039071518e-11,9.9593767730850311e-11,1.5520477812156548e-10,7.7602417738867283e-11,合格,合格,2.093482243336883e-12,5.2326832005265517e-13,1.5702139232842278e-12,1.9973145719638734e-95,0.16474520437509346,815.63910600439635
rand,153,K,1,合格,0,合格,合格,1.134192047408322e-10,2.6631769623253358e-10,3.7973690097336578e-10,7.5947382440300012e-10,合格,合格,1.2652392537221653e-19,1.2652392537221653e-19,0,1.9547176244039862e-94,0.16474520437509346,815.63910600439635
rand,153,K,2,合格,0,合格,合格,2.5590114810213594e-11,2.5590114810213594e-11,3.5862406794517215e-14,1.4689215752354352e-10,合格,合格,7.8331786448849057e-20,7.8331786448849057e-20,0,3.7806792014682482e-95,0.16474520437509346,815.63910600439635
rand,153,K,3,合格,0,合格,合格,2.1514845274763974e-10,5.7595832176398028e-11,1.5755262057124173e-10,2.1007007135583806e-10,合格,合格,1.8676599762114897e-16,1.8676599762114897e-16,0,5.4067389506391729e-95,0.16474520437509346,815.63910600439635
rand,153,K,4,合格,0,解像しない,解像しない,4.3958673354965589e-08,1.2685020125565634e-07,1.7080887461062195e-07,6.8323549842705421e-07,合格,合格,1.5814954239892907e-16,1.5814954239892907e-16,0,1.7584970376610772e-91,0.16474520437509346,815.63910600439635
rand,154,D,0,合格,0,合格,合格,1.1094497337192994e-10,1.3971278008952431e-10,2.5065775346145426e-10,2.5065780554386741e-10,合格,合格,1.4240893488382784e-12,3.5595840789780635e-13,1.0681309409404721e-12,6.4513774464336803e-95,145.38493936059601,17281.24264378921
rand,154,D,1,合格,0,合格,合格,8.412957555008951e-11,3.4681565424932256e-10,4.3094522979941206e-10,5.7459370538874939e-10,合格,合格,1.404765432378554e-16,1.404765432378554e-16,0,1.4788770945172068e-94,145.38493936059601,17281.24264378921
rand,154,D,2,合格,0,合格,合格,7.2594257841985e-10,1.3611054103896272e-09,2.0870479888094771e-09,2.0870479105450832e-09,合格,合格,1.2521966118327623e-16,1.2521966118327623e-16,0,5.3715996557548675e-94,145.38493936059601,17281.24264378921
rand,154,D,3,合格,0,合格,合格,4.8524161102233115e-11,4.5146671479045662e-11,9.3670832581278777e-11,3.7468354308220296e-10,合格,合格,1.2764511047571641e-16,1.2764511047571641e-16,0,9.6435255792078252e-95,145.38493936059601,17281.24264378921
rand,154,D,4,合格,0,合格,解像しない,2.0331396137262464e-09,2.1777897465744545e-09,4.2109293603007009e-09,1.6843717474091707e-08,合格,合格,1.7732816756755748e-16,1.7732816756755748e-16,0,4.3352002859308011e-93,145.38493936059601,17281.24264378921
rand,154,K,0,合格,0,合格,合格,5.0040370358837001e-11,1.0735841209030839e-10,5.7318041731471391e-11,1.1463608535003861e-10,合格,合格,2.2432218751557714e-12,5.6076509111821132e-13,1.6824567840375597e-12,2.95047925585248e-95,145.38493936059601,17281.24264378921
rand,154,K,1,合格,0,合格,合格,1.9033680501799792e-10,1.7641687816492812e-10,3.6675368318292602e-10,3.6675376557844106e-10,合格,合格,1.5124437017112651e-16,1.5124437017112651e-16,0,9.4394306473464132e-95,145.38493936059601,17281.24264378921
rand,154,K,2,合格,0,合格,合格,2.4515193929661835e-11,1.90879995496877e-10,2.1539518942653885e-10,2.8719372594217414e-10,合格,合格,2.1495882301581673e-16,2.1495882301581673e-16,0,7.3917312181061982e-95,145.38493936059601,17281.24264378921
rand,154,K,3,合格,0,合格,合格,7.9998792823821173e-12,7.9998792823821173e-12,1.2721750380282189e-13,4.1686620853245431e-10,合格,合格,1.7007471670188933e-19,1.7007471670188933e-19,0,1.0729214077619986e-94,145.38493936059601,17281.24264378921
rand,154,K,4,合格,0,合格,合格,8.7528698455321948e-10,8.7528698455321948e-10,0,8.6348135006162688e-09,合格,合格,0,0,0,2.2224099884369136e-93,145.38493936059601,17281.24264378921
rand,155,D,0,合格,0,合格,合格,1.1651821286034141e-10,5.6198877822220115e-11,6.0319335038121306e-11,3.4468168915573373e-11,合格,合格,1.6987443145316345e-12,4.2483566865708366e-13,1.2739086458745508e-12,8.8713442248212857e-96,46.633926623707261,16131.319299820663
rand,155,D,1,合格,0,合格,合格,6.351976952974981e-10,1.7503871127638827e-09,2.3855848080613807e-09,1.0602599555219811e-09,合格,合格,1.9592318766590673e-19,1.9592318766590673e-19,0,2.7288745904281042e-94,46.633926623707261,16131.319299820663
rand,155,D,2,合格,0,合格,合格,6.2764298437851835e-11,2.5967061356188958e-10,3.2243491199974139e-10,7.58670334435434e-11,合格,合格,7.5351721248638702e-21,7.5351721248638702e-21,0,1.952649618963683e-95,46.633926623707261,16131.319299820663
rand,155,D,3,合格,0,合格,合格,4.2182149430982228e-12,2.8186569362431441e-10,2.8608390856741262e-10,6.7313902568077028e-11,合格,合格,2.1440555774617376e-16,2.1440555774617376e-16,0,1.7325109502050817e-95,46.633926623707261,16131.319299820663
rand,155,D,4,合格,0,合格,解像しない,1.1411036854028502e-08,4.22919715979301e-08,3.08809347439016e-08,3.0880934835975854e-08,合格,合格,0,0,0,7.9480695242397575e-93,46.633926623707261,16131.319299820663
rand,155,K,0,合格,0,合格,合格,4.1020804606739671e-11,7.7803396380194131e-11,1.188242009869338e-10,2.6405379467845959e-11,合格,合格,2.2295623594539274e-12,5.5731430813502096e-13,1.6722480513189063e-12,6.7961605741246864e-96,46.633926623707261,16131.319299820663
rand,155,K,1,合格,0,合格,合格,1.0183526086294488e-10,1.326846375752562e-10,2.3451989843820106e-10,4.9372599591992499e-11,合格,合格,1.9363518464640516e-16,1.9363518464640516e-16,0,1.2707414987076355e-95,46.633926623707261,16131.319299820663
rand,155,K,2,合格,0,合格,合格,6.9990688761766335e-11,2.1767861688417896e-10,2.8766930564594529e-10,1.4383465878347277e-10,合格,合格,3.579225902814481e-16,3.579225902814481e-16,0,3.7019859472470478e-95,46.633926623707261,16131.319299820663
rand,155,K,3,合格,0,合格,合格,1.0868099201902443e-10,1.965331881107014e-10,3.0521418012972584e-10,9.3912069260421816e-11,合格,合格,1.580069785570501e-16,1.580069785570501e-16,0,2.4170889243206575e-95,46.633926623707261,16131.319299820663
rand,155,K,4,合格,0,合格,解像しない,2.9084726415401885e-08,3.2507191121659791e-08,6.159191753706168e-08,6.1591917532165075e-08,合格,合格,1.1707606103076041e-16,1.1707606103076041e-16,0,1.5852397127129264e-92,46.633926623707261,16131.319299820663
rand,156,D,0,合格,0,合格,合格,1.705230544511506e-10,1.32386558665175e-10,3.0290961311632563e-10,1.7309122176289601e-10,合格,合格,1.4038764748694154e-12,3.5086841021843921e-13,1.053008064650976e-12,4.454985161279445e-95,1.0256769483626844,7.4316083322126945
rand,156,D,1,合格,0,合格,合格,3.4764696616305657e-11,2.4944896725286211e-10,2.8421366386916778e-10,2.8421368081181744e-10,合格,合格,3.5743717025637877e-16,3.5743717025637877e-16,0,7.3150314484675738e-95,1.0256769483626844,7.4316083322126945
rand,156,D,2,合格,0,合格,解像しない,4.4896616176851294e-09,4.4896616176851294e-09,1.4414428426623728e-12,1.180829957096832e-08,合格,合格,1.5145531248075476e-16,1.5145531248075476e-16,0,3.0391951037625022e-93,1.0256769483626844,7.4316083322126945
rand,156,D,3,合格,0,合格,合格,6.1184473361738356e-10,3.5269594046242335e-09,4.1388041382416171e-09,8.2776082282120641e-09,合格,合格,1.1295844633442367e-16,1.1295844633442367e-16,0,2.1304732528888007e-93,1.0256769483626844,7.4316083322126945
rand,156,D,4,合格,0,合格,合格,7.4685366118611848e-11,4.706825762271314e-11,1.21753623741325e-10,4.870144939346525e-10,合格,合格,2.2384143442022657e-16,2.2384143442022657e-16,0,1.2534675772171259e-94,1.0256769483626844,7.4316083322126945
rand,156,K,0,合格,0,合格,合格,8.4330269730922873e-11,1.2698801770376697e-09,1.1855499073067468e-09,9.4843997622010575e-10,合格,合格,1.40742471857191e-12,3.5171162081814469e-13,1.0557130977537653e-12,2.4410746988733411e-94,1.0256769483626844,7.4316083322126945
rand,156,K,1,合格,0,合格,合格,1.3566433781331388e-10,6.2992380473734681e-10,7.6558814255066066e-10,1.0207841439839761e-09,合格,合格,3.6241030648629132e-19,3.6241030648629132e-19,0,2.6272725837866708e-94,1.0256769483626844,7.4316083322126945
rand,156,K,2,合格,0,解像しない,解像しない,4.31626682346176e-07,1.4354888792200396e-07,2.8807779442417199e-07,1.1523111774178483e-06,合格,合格,2.0533820412105969e-15,2.0533820412105969e-15,0,2.9657940733730427e-91,1.0256769483626844,7.4316083322126945
rand,156,K,3,合格,0,合格,解像しない,1.544300433152754e-08,4.8552370507916619e-08,6.3995374839444159e-08,5.1196299969467579e-08,合格,合格,4.1278166952477172e-16,4.1278166952477172e-16,0,1.3176795123025733e-92,1.0256769483626844,7.4316083322126945
rand,156,K,4,合格,0,合格,合格,1.4362623444699533e-11,1.4362623444699533e-11,0,4.962197648257617e-10,合格,合格,0,0,0,1.2771599082364451e-94,1.0256769483626844,7.4316083322126945
rand,157,D,0,合格,0,合格,合格,4.980188001170938e-11,1.2645278503831874e-10,7.6650905026609367e-11,1.5330195160722215e-10,合格,合格,2.0000310283971586e-12,5.0022632380062989e-13,1.4998047045965288e-12,3.9456531223800842e-95,0.011308019048470098,38.91247313864335
rand,157,D,1,合格,0,合格,合格,1.1943590581094878e-10,2.7755334375011297e-12,1.1666037237344764e-10,4.6664121927568706e-10,合格,合格,2.4884865176860444e-16,2.4884865176860444e-16,0,1.2010312749205888e-94,0.011308019048470098,38.91247313864335
rand,157,D,2,合格,0,合格,合格,9.5521604847128026e-11,1.7367715918013712e-10,2.6919876402726511e-10,2.6919860853358437e-10,合格,合格,2.0560541910799919e-16,2.0560541910799919e-16,0,6.9285767021564255e-95,0.011308019048470098,38.91247313864335
rand,157,D,3,合格,0,合格,合格,8.5289013054802204e-11,3.0335464022127819e-10,3.8864365327608039e-10,1.5545750211331139e-09,合格,合格,2.0970512343698221e-19,2.0970512343698221e-19,0,4.0011322242155911e-94,0.011308019048470098,38.91247313864335
rand,157,D,4,合格,0,合格,解像しない,8.5670828412456337e-10,1.0451368029064262e-08,1.1308076313188825e-08,4.5232305299456837e-08,合格,合格,0,0,0,1.1641794821667699e-92,0.011308019048470098,38.91247313864335
rand,157,K,0,合格,0,合格,合格,2.8753242202521273e-10,1.8357390753679961e-10,4.7110632956201234e-10,9.4221273450558327e-10,合格,合格,1.971816642006518e-12,4.9307623929323468e-13,1.4787404027132833e-12,2.4250471561988201e-94,0.011308019048470098,38.91247313864335
rand,157,K,1,合格,0,合格,解像しない,1.4499188821310051e-08,8.0627804197302067e-09,2.2561969241040259e-08,9.0247876800205514e-08,合格,合格,1.0655119609856072e-15,1.0655119609856072e-15,0,2.3227807157813677e-92,0.011308019048470098,38.91247313864335
rand,157,K,2,合格,0,合格,合格,4.4698517698959058e-10,2.6848813067154251e-10,7.1547330766113304e-10,2.8618930975764415e-09,合格,合格,4.621270788115709e-16,4.621270788115709e-16,0,7.365879767337889e-94,0.011308019048470098,38.91247313864335
rand,157,K,3,合格,0,合格,合格,4.6924026301259484e-10,1.1909741850928123e-10,3.5014284450331356e-10,1.4005711492998789e-09,合格,合格,1.0029774955240903e-20,1.0029774955240903e-20,0,3.6047603245842757e-94,0.011308019048470098,38.91247313864335
rand,157,K,4,合格,0,合格,解像しない,8.1521383451186395e-09,4.7412412070594095e-08,5.5564550415712736e-08,1.1112910077196516e-07,合格,合格,1.4070590681240874e-16,1.4070590681240874e-16,0,2.8602172304474333e-92,0.011308019048470098,38.91247313864335
rand,158,D,0,合格,0,合格,合格,3.1233311011026592e-11,1.5853380793610526e-10,1.2730049692507867e-10,1.0184035159038182e-10,合格,合格,1.8230862666716895e-12,4.5587011187152622e-13,1.3672161548001633e-12,2.6211453737158119e-95,3.5680511736291871,65.104698316876181
rand,158,D,1,合格,0,合格,合格,1.2054879403412629e-10,2.6528298619386161e-10,3.858317802279879e-10,1.9291594526929082e-10,合格,合格,1.1915456645207061e-16,1.1915456645207061e-16,0,4.9652296910016842e-95,3.5680511736291871,65.104698316876181
rand,158,D,2,合格,0,合格,合格,1.6984849169475683e-10,3.4781356504868932e-10,5.176620567434462e-10,3.4510803307241941e-10,合格,合格,1.503252404137976e-19,1.503252404137976e-19,0,8.8823173741415803e-95,3.5680511736291871,65.104698316876181
rand,158,D,3,合格,0,合格,合格,1.574404350624669e-10,1.8753912361795615e-09,2.0328316712420283e-09,2.0328316786718242e-09,合格,合格,2.1191484000428957e-16,2.1191484000428957e-16,0,5.2320590678290909e-94,3.5680511736291871,65.104698316876181
rand,158,D,4,合格,0,合格,合格,7.7263205546176174e-11,7.2522919596505789e-10,8.0249240151123409e-10,8.0249232861088626e-10,合格,合格,0,0,0,2.0654377383154195e-94,3.5680511736291871,65.104698316876181
rand,158,K,0,合格,0,合格,合格,4.575670772517186e-10,6.2939436131114995e-10,1.7182728405943132e-10,6.8730904201093505e-10,合格,合格,1.684829686152921e-12,4.208824993822481e-13,1.2639471867706729e-12,1.7689814377566945e-94,3.5680511736291871,65.104698316876181
rand,158,K,1,合格,0,合格,合格,1.0075584517644041e-09,6.4881665411186512e-09,5.4806080893542471e-09,5.4806081232760117e-09,合格,合格,1.2878307270784274e-16,1.2878307270784274e-16,0,1.4105872969934782e-93,3.5680511736291871,65.104698316876181
rand,158,K,2,合格,0,合格,合格,1.4120541191593269e-09,1.4120541191593269e-09,3.4728403706578557e-12,7.1123760292439988e-09,合格,合格,2.3253725627082615e-16,2.3253725627082615e-16,0,1.8305682604242715e-93,3.5680511736291871,65.104698316876181
rand,158,K,3,合格,0,合格,合格,2.2329635701318777e-10,1.842668647196726e-09,1.6193722901835382e-09,2.1591629580806438e-09,合格,合格,3.8891776512883048e-16,3.8891776512883048e-16,0,5.5572078358831287e-94,3.5680511736291871,65.104698316876181
rand,158,K,4,合格,0,合格,合格,1.8942539665732395e-10,1.8942539665732395e-10,0,1.0526918330110918e-09,合格,合格,1.530730067276215e-16,1.530730067276215e-16,0,2.7093959171936283e-94,3.5680511736291871,65.104698316876181
rand,159,D,0,合格,0,合格,合格,5.7995620516062111e-11,1.7932808507748419e-11,4.0062812008313692e-11,1.6025108822819147e-10,合格,合格,1.2292236103693214e-13,3.0730590259233035e-14,9.2191770777699097e-14,4.1245085271476885e-95,5028.7840410412173,1.5989325563914463
rand,159,D,1,合格,0,合格,合格,3.0195929158988637e-10,7.4045894849137117e-10,4.3849965690148474e-10,5.8466613495927423e-10,合格,合格,1.9418466595405847e-16,1.9418466595405847e-16,0,1.5048013001572755e-94,5028.7840410412173,1.5989325563914463
rand,159,D,2,合格,0,合格,合格,3.288864762116824e-11,8.4357809881594928e-10,8.1068945119478107e-10,3.6030640695473344e-10,合格,合格,1.5247614765698289e-16,1.5247614765698289e-16,0,9.2734898982689716e-95,5028.7840410412173,1.5989325563914463
rand,159,D,3,合格,0,合格,合格,4.7479017519550799e-10,2.8511440179818748e-10,7.5990457699369547e-10,1.0132061433423242e-09,合格,合格,1.2188318948810394e-22,1.2188318948810394e-22,0,2.6077684864287063e-94,5028.7840410412173,1.5989325563914463
rand,159,D,4,合格,0,合格,合格,6.3942230706433397e-11,1.2815254693327513e-10,1.9209477763970852e-10,8.5375467597334954e-11,合格,合格,1.5035643320713944e-16,1.5035643320713944e-16,0,2.1973756809252166e-95,5028.7840410412173,1.5989325563914463
rand,159,K,0,合格,0,合格,合格,1.5314977387927335e-10,2.8832625269903985e-10,1.351764788197665e-10,2.7035306238348463e-10,合格,合格,3.5858124351698668e-13,8.964531087924667e-14,2.6893593263774001e-13,6.9582897905401489e-95,5028.7840410412173,1.5989325563914463
rand,159,K,1,合格,0,合格,合格,6.9928911921536946e-11,6.9928911921536946e-11,3.4741836833552038e-16,3.6429450442121733e-10,合格,合格,7.6337733397974628e-22,7.6337733397974628e-22,0,9.3761347051746584e-95,5028.7840410412173,1.5989325563914463
rand,159,K,2,合格,0,合格,合格,1.3505948462630883e-10,7.1024738606705331e-10,8.4530687069336219e-10,8.4530684461579979e-10,合格,合格,3.6319544705687018e-23,3.6319544705687018e-23,0,2.175632831715666e-94,5028.7840410412173,1.5989325563914463
rand,159,K,3,合格,0,合格,合格,5.3347218068763546e-10,7.7451379970343038e-11,4.5602080071729245e-10,9.1204157951826893e-10,合格,合格,1.5093320878326695e-22,1.5093320878326695e-22,0,2.347393277279837e-94,5028.7840410412173,1.5989325563914463
rand,159,K,4,合格,0,合格,合格,3.6272389599090034e-11,4.795849422358664e-10,5.1585733183495648e-10,1.1463496005210827e-10,合格,合格,1.5078689025786325e-16,1.5078689025786325e-16,0,2.9504502931729712e-95,5028.7840410412173,1.5989325563914463
rand,160,D,0,合格,0,合格,合格,3.039118815759408e-09,1.1263710425592281e-09,1.9127477732001796e-09,3.8254955711506041e-09,合格,合格,5.4219473534036457e-11,1.3551340692455185e-11,4.0668132841581272e-11,9.845979380376312e-94,3316.2181277052318,25.883782232240264
rand,160,D,1,合格,0,合格,合格,1.930863096921301e-10,2.0246312665795972e-10,3.9554943635008983e-10,2.2602823954977212e-10,合格,合格,1.2055718080496831e-16,1.2055718080496831e-16,0,5.8174668996426358e-95,3316.2181277052318,25.883782232240264
rand,160,D,2,合格,0,合格,合格,3.2372708018105298e-10,4.4767453685797717e-10,1.2394745667692416e-10,4.9578970115606929e-10,合格,合格,1.7857316705098864e-16,1.7857316705098864e-16,0,1.2760530194830052e-94,3316.2181277052318,25.883782232240264
rand,160,D,3,合格,0,合格,合格,8.4957202856336374e-11,1.8538351751983307e-10,1.0042631466349669e-10,1.3390159170354143e-10,合格,合格,4.423324406656794e-23,4.423324406656794e-23,0,3.4463307730770696e-95,3316.2181277052318,25.883782232240264
rand,160,D,4,合格,0,合格,合格,1.2580934191673787e-11,1.22487425715331e-10,1.0990649152365722e-10,7.3270931160347886e-11,合格,合格,1.3443610689627162e-16,1.3443610689627162e-16,0,1.8858316889091913e-95,3316.2181277052318,25.883782232240264
rand,160,K,0,合格,0,合格,合格,4.4080056100321295e-12,1.7197303587247656e-10,1.7638104148250868e-10,1.1758745274821506e-10,合格,合格,5.7550217738883164e-13,1.438241785691475e-13,4.3167799881968414e-13,3.0264409241014384e-95,3316.2181277052318,25.883782232240264
rand,160,K,1,合格,0,合格,合格,1.0063686802141197e-09,6.3752898291066096e-11,1.0701215785051856e-09,2.1402432577880389e-09,合格,合格,1.7153507710269868e-16,1.7153507710269868e-16,0,5.5085127124672994e-94,3316.2181277052318,25.883782232240264
rand,160,K,2,合格,0,合格,合格,7.0193996750841777e-10,9.9560697225711076e-09,9.25412975506269e-09,6.1694199191014445e-09,合格,合格,2.221509312622771e-21,2.221509312622771e-21,0,1.5878722163592937e-93,3316.2181277052318,25.883782232240264
rand,160,K,3,合格,0,合格,合格,1.9393797680200136e-10,6.9659358259201408e-10,5.0265560579001266e-10,3.3510367634625939e-10,合格,合格,1.3582137055515577e-16,1.3582137055515577e-16,0,8.6248273621741278e-95,3316.2181277052318,25.883782232240264
rand,160,K,4,合格,0,合格,合格,4.2069811390813323e-11,6.1084271941194252e-11,1.0315408333200757e-10,8.2523324198849472e-11,合格,合格,1.2571211703743986e-16,1.2571211703743986e-16,0,2.1239678189395912e-95,3316.2181277052318,25.883782232240264
rand,161,D,0,合格,0,合格,合格,1.4160184907959181e-09,1.4160184907959181e-09,1.5806954781282568e-14,2.0718507166090698e-09,合格,合格,1.6938138982160787e-11,4.2311280401938244e-12,1.2707010941966962e-11,5.3324854402628958e-94,2635.4649394920698,69.958757825569592
rand,161,D,1,合格,0,合格,合格,9.5528476936890939e-11,9.5528476936890939e-11,3.9689951734457552e-15,1.300558161202191e-10,合格,合格,1.8229581691294573e-16,1.8229581691294573e-16,0,3.3473490166204612e-95,2635.4649394920698,69.958757825569592
rand,161,D,2,合格,0,合格,合格,1.1159819811160627e-10,4.8389604553797864e-10,3.7229784742637232e-10,1.489191670254793e-09,合格,合格,3.1105994303164662e-16,3.1105994303164662e-16,0,3.8328499421963151e-94,2635.4649394920698,69.958757825569592
rand,161,D,3,合格,0,解像しない,解像しない,7.4741642191629201e-05,0.00019358593709854999,0.0001188442949069208,0.00047537717962789857,合格,合格,3.141622636326213e-17,3.141622636326213e-17,0,1.2235157044267479e-88,2635.4649394920698,69.958757825569592
rand,161,D,4,合格,0,合格,合格,6.0298401938750064e-11,3.2027994946665246e-11,2.8270406992084821e-11,1.1308162415281507e-10,合格,合格,2.5123444352491711e-16,2.5123444352491711e-16,0,2.9104708631859719e-95,2635.4649394920698,69.958757825569592
rand,161,K,0,合格,0,合格,合格,3.3776946867571168e-10,3.221906651366169e-11,3.0555040216204996e-10,3.0555052189215253e-10,合格,合格,4.0343383583388762e-12,1.0087909707162076e-12,3.0255473876226686e-12,7.8641945396593343e-95,2635.4649394920698,69.958757825569592
rand,161,K,1,合格,0,合格,合格,5.2057541163846121e-11,1.6213203511238281e-10,2.1418957627622893e-10,1.2239403569763109e-10,合格,合格,6.1857355096137394e-21,6.1857355096137394e-21,0,3.1501517368048088e-95,2635.4649394920698,69.958757825569592
rand,161,K,2,合格,0,合格,合格,8.5215404462443464e-11,2.0800148559388823e-10,1.2278608113144474e-10,4.9114410945060104e-10,合格,合格,1.2473046179218169e-20,1.2473046179218169e-20,0,1.2640962940624788e-94,2635.4649394920698,69.958757825569592
rand,161,K,3,合格,0,合格,解像しない,2.7363098396517837e-08,2.6079476991235768e-08,5.3442575387753602e-08,4.2754060270887879e-08,合格,合格,2.3521529708567105e-19,2.3521529708567105e-19,0,1.1003949371399122e-92,2635.4649394920698,69.958757825569592
rand,161,K,4,合格,0,合格,合格,3.6325947740486183e-11,1.8006591381602129e-10,1.4373996607553509e-10,1.4374004643598035e-10,合格,合格,0,0,0,3.6995508347100879e-95,2635.4649394920698,69.958757825569592
rand,162,D,0,合格,0,合格,合格,1.2867397779435609e-10,1.5460481073645556e-10,2.8327878853081165e-10,2.832787567782805e-10,合格,合格,4.3277676978690157e-12,1.081743184216617e-12,3.2460245136523984e-12,7.290968571945528e-95,409.16280919070721,0.016010069224762447
rand,162,D,1,合格,0,合格,合格,3.1177140892334016e-11,7.2610032409067232e-11,1.0378717330140124e-10,2.075742389319854e-10,合格,合格,1.7050291977388525e-16,1.7050291977388525e-16,0,5.3425017449619571e-95,409.16280919070721,0.016010069224762447
rand,162,D,2,合格,0,合格,合格,2.7106259887941555e-11,1.9188189310909234e-10,1.6477563322115077e-10,2.1970072648647256e-10,合格,合格,1.6342279063966076e-22,1.6342279063966076e-22,0,5.6546107101854072e-95,409.16280919070721,0.016010069224762447
rand,162,D,3,合格,0,合格,合格,8.4143697278543159e-11,8.4143697278543159e-11,2.527921696106215e-14,4.1417476688933512e-10,合格,合格,1.4636528627263088e-20,1.4636528627263088e-20,0,1.0659942323336743e-94,409.16280919070721,0.016010069224762447
rand,162,D,4,合格,0,合格,合格,7.5049879775644911e-11,7.5049879775644911e-11,0,1.2116001862420553e-10,合格,合格,0,0,0,3.1183908670455845e-95,409.16280919070721,0.016010069224762447
rand,162,K,0,合格,0,合格,合格,1.1773148588078079e-10,6.5071989017909836e-11,5.2659496862870957e-11,2.1063792860661071e-10,合格,合格,4.8122634072318081e-13,1.202375624698481e-13,3.6098877825333266e-13,5.4213543401439189e-95,409.16280919070721,0.016010069224762447
rand,162,K,1,合格,0,合格,合格,2.7387432122771549e-10,3.2413308906757239e-09,3.5152052119034392e-09,4.6869402945633199e-09,合格,合格,1.2287861793582052e-16,1.2287861793582052e-16,0,1.2063147542331468e-93,409.16280919070721,0.016010069224762447
rand,162,K,2,合格,0,合格,合格,3.0004824337256786e-11,3.0004824337256786e-11,4.3251183117472982e-14,4.7241840477242114e-10,合格,合格,1.671428972195057e-16,1.671428972195057e-16,0,1.2159004724453279e-94,409.16280919070721,0.016010069224762447
rand,162,K,3,合格,0,合格,解像しない,3.3108337835991622e-09,7.029003234526847e-09,1.033983701812601e-08,1.0339837133718922e-08,合格,合格,8.7281037016174479e-20,8.7281037016174479e-20,0,2.6612453555769094e-93,409.16280919070721,0.016010069224762447
rand,162,K,4,合格,0,合格,合格,6.9542905694854788e-11,1.3953604208842501e-10,2.0907894778327982e-10,1.3938597685852349e-10,合格,合格,0,0,0,3.5874867152175383e-95,409.16280919070721,0.016010069224762447
rand,163,D,0,合格,0,合格,合格,1.3645890790020196e-09,2.3031264705852728e-09,9.3853739158325296e-10,6.2569162218787185e-10,合格,合格,1.0135591391654154e-11,2.5341565174305835e-12,7.6014348742235717e-12,1.6103918292298712e-94,50.543428099785473,96.208785457687597
rand,163,D,1,合格,0,合格,合格,7.5877125086934862e-11,3.4586268534276518e-11,1.1046339362121139e-10,1.1046337723231902e-10,合格,合格,2.3608535576540808e-16,2.3608535576540808e-16,0,2.8430829791524681e-95,50.543428099785473,96.208785457687597
rand,163,D,2,合格,0,合格,合格,4.6960134939172708e-10,2.4270941447970648e-09,2.8966954941887919e-09,1.6552545896710355e-09,合格,合格,1.7506623657946573e-16,1.7506623657946573e-16,0,4.2602591627814633e-94,50.543428099785473,96.208785457687597
rand,163,D,3,合格,0,合格,合格,1.0662886608287607e-10,3.0815250968661896e-11,1.3744411705153796e-10,1.0995518325589301e-10,合格,合格,3.7179666234721525e-16,3.7179666234721525e-16,0,2.8300031903510999e-95,50.543428099785473,96.208785457687597
rand,163,D,4,合格,0,合格,合格,4.2476166912066742e-11,1.6637145585376939e-10,2.0884762276583611e-10,4.9140636806801768e-11,合格,合格,0,0,0,1.264771289730722e-95,50.543428099785473,96.208785457687597
rand,163,K,0,合格,0,合格,合格,6.2374283558571284e-11,2.6624571634643624e-10,2.0387143278786497e-10,2.0387148305977047e-10,合格,合格,3.5919839571946232e-13,8.9912176780592524e-14,2.6928621893886975e-13,5.2472009995021208e-95,50.543428099785473,96.208785457687597
rand,163,K,1,合格,0,合格,合格,1.5693437348106822e-09,2.7874248858243943e-09,1.2180811510137123e-09,2.4361623383372111e-09,合格,合格,2.4703174045258801e-16,2.4703174045258801e-16,0,6.2701429669419456e-94,50.543428099785473,96.208785457687597
rand,163,K,2,合格,0,合格,合格,6.5308191643684554e-10,4.3034778863446e-10,2.2273412780238551e-10,8.9093620325060149e-10,合格,合格,1.2567504172674043e-16,1.2567504172674043e-16,0,2.293072707387232e-94,50.543428099785473,96.208785457687597
rand,163,K,3,合格,0,合格,合格,1.2732672422576179e-10,7.6568967261137118e-12,1.1966982749964808e-10,2.3933968719035815e-10,合格,合格,1.1637239175987048e-20,1.1637239175987048e-20,0,6.1600741162881603e-95,50.543428099785473,96.208785457687597
rand,163,K,4,合格,0,合格,合格,4.718326543490583e-11,9.4281406363357263e-11,4.709814092845144e-11,9.4196466681518757e-11,合格,合格,0,0,0,2.424408684837621e-95,50.543428099785473,96.208785457687597
rand,164,D,0,合格,0,合格,合格,1.6655619318793317e-10,1.6738914579726766e-10,3.3394533898520081e-10,6.6789068131059808e-10,合格,合格,4.6852861058514586e-12,1.1714179553363694e-12,3.5138681505150892e-12,1.7190028727576709e-94,1026.8579925472804,3.313181166687059
rand,164,D,1,合格,0,合格,解像しない,2.0396833979402234e-08,3.9575115962403954e-10,2.0792585139026274e-08,1.3861723381987581e-08,合格,合格,5.9172032825521894e-21,5.9172032825521894e-21,0,3.5677009699028303e-93,1026.8579925472804,3.313181166687059
rand,164,D,2,合格,0,合格,合格,2.5755281968365863e-10,1.9570271240013363e-09,2.2145799436849947e-09,1.1072900245373951e-09,合格,合格,2.0794922051296588e-22,2.0794922051296588e-22,0,2.8499195847748541e-94,1026.8579925472804,3.313181166687059
rand,164,D,3,合格,0,合格,合格,1.9172997787744261e-11,7.4234618724146803e-11,5.5061620936402542e-11,2.2024631412256562e-10,合格,合格,9.2879397959452386e-23,9.2879397959452386e-23,0,5.6686529290698609e-95,1026.8579925472804,3.313181166687059
rand,164,D,4,合格,0,合格,合格,2.1092572756260796e-10,8.6497050525109816e-11,1.2442867703749815e-10,2.4885731250542954e-10,合格,合格,0,0,0,6.4050367384097042e-95,1026.8579925472804,3.313181166687059
rand,164,K,0,合格,0,合格,合格,1.3332890685986497e-10,4.060782221590137e-11,1.7393672907576632e-10,3.4787371545202563e-10,合格,合格,1.0081000759142518e-12,2.5175784116047267e-13,7.5634223475377911e-13,8.9534999207575803e-95,1026.8579925472804,3.313181166687059
rand,164,K,1,合格,0,合格,合格,6.1004114883303117e-11,5.4152582533477411e-11,1.1515669741678053e-10,2.3031351477312894e-10,合格,合格,6.307562775171186e-23,6.307562775171186e-23,0,5.9277604046373843e-95,1026.8579925472804,3.313181166687059
rand,164,K,2,合格,0,合格,合格,1.2352321066141973e-10,1.0987798397423013e-09,1.2223030504037212e-09,1.2223030153498839e-09,合格,合格,2.3260241878543122e-21,2.3260241878543122e-21,0,3.1459375816469756e-94,1026.8579925472804,3.313181166687059
rand,164,K,3,合格,0,合格,合格,5.9272122707980769e-10,3.8444195220976545e-09,3.2516982950178466e-09,1.6258491172279822e-09,合格,合格,1.6719310782570234e-22,1.6719310782570234e-22,0,4.1845759813583975e-94,1026.8579925472804,3.313181166687059
rand,164,K,4,合格,0,合格,合格,1.0539616382721081e-10,1.2582569810831923e-10,2.3122186193553004e-10,1.1561088008255686e-10,合格,合格,0,0,0,2.9755683159702187e-95,1026.8579925472804,3.313181166687059
rand,165,D,0,合格,0,合格,合格,1.9537593681305442e-10,1.5753806111922216e-09,1.3800046743791671e-09,4.6000152456252546e-10,合格,合格,5.9145215032193811e-12,1.4775032928491351e-12,4.437018210370246e-12,1.1839421694643459e-94,48.798197728958712,5.7631303501417506
rand,165,D,1,合格,0,合格,合格,2.5655682702883691e-10,1.6649033460246817e-10,9.0066492426368731e-11,3.6026577598387906e-10,合格,合格,0,0,0,9.2724441469570269e-95,48.798197728958712,5.7631303501417506
rand,165,D,2,合格,0,合格,合格,8.4770675791253377e-12,7.3206961927291886e-11,6.4729894348166546e-11,1.2945986055004474e-10,合格,合格,3.616033604540945e-16,3.616033604540945e-16,0,3.3320104385292774e-95,48.798197728958712,5.7631303501417506
rand,165,D,3,合格,0,合格,合格,5.8176064445872492e-11,2.6315559942978769e-10,3.2133166387566022e-10,2.1422117275630503e-10,合格,合格,3.1931360191157903e-16,3.1931360191157903e-16,0,5.5135791182322985e-95,48.798197728958712,5.7631303501417506
rand,165,D,4,合格,0,合格,合格,9.0560711536212861e-12,1.4951761810568119e-10,1.5857368925930249e-10,5.7663113505295851e-11,合格,合格,2.1548734482513886e-16,2.1548734482513886e-16,0,1.4841209877827103e-95,48.798197728958712,5.7631303501417506
rand,165,K,0,合格,0,合格,合格,1.7027514398019611e-11,2.4820706187136099e-10,2.652345762693806e-10,1.1788199742396374e-10,合格,合格,4.6022633464893616e-12,1.150523680544349e-12,3.4517396659450128e-12,3.0340218525068759e-95,48.798197728958712,5.7631303501417506
rand,165,K,1,合格,0,合格,合格,5.8419413826141875e-11,2.0076724565030634e-10,1.4234783182416445e-10,6.326573419291572e-11,合格,合格,0,0,0,1.6283200509900515e-95,48.798197728958712,5.7631303501417506
rand,165,K,2,合格,0,合格,合格,8.8975349694308416e-11,2.1182022204603902e-10,3.0079557174034742e-10,1.2031818020165261e-09,合格,合格,3.1930691094183382e-16,3.1930691094183382e-16,0,3.096723808239994e-94,48.798197728958712,5.7631303501417506
rand,165,K,3,合格,0,合格,合格,7.4242523472184223e-11,3.797915904221663e-11,3.6263364429967587e-11,7.2526770087089456e-11,合格,合格,1.4380979065032633e-16,1.4380979065032633e-16,0,1.8666786290070007e-95,48.798197728958712,5.7631303501417506
rand,165,K,4,合格,0,合格,合格,5.5610836792266702e-11,1.9504520472496984e-10,2.5065604151723658e-10,4.5573809907270765e-11,合格,合格,0,0,0,1.1729690553457244e-95,48.798197728958712,5.7631303501417506
rand,166,D,0,合格,0,合格,合格,1.9422621821098864e-11,8.992382083476457e-10,8.7981558652654677e-10,7.0385250742311662e-10,合格,合格,2.1496129214240419e-12,5.3732139645463147e-13,1.6122915249694105e-12,1.8115606582259831e-94,0.02394496013773036,12386.43028375032
rand,166,D,1,合格,0,合格,合格,8.7227421891931056e-10,2.6921796054456588e-09,3.5644538243649693e-09,7.1289075957678255e-09,合格,合格,1.6871437105170215e-16,1.6871437105170215e-16,0,1.8348231199605475e-93,0.02394496013773036,12386.43028375032
rand,166,D,2,合格,0,合格,合格,3.689487947596358e-10,4.5113412140912541e-10,8.2008291616876121e-10,3.2803316764715941e-09,合格,合格,1.5268221872658426e-16,1.5268221872658426e-16,0,8.4428481085968686e-94,0.02394496013773036,12386.43028375032
rand,166,D,3,合格,0,合格,合格,3.1093410412785526e-10,1.3364017387983361e-09,1.0254676346704809e-09,1.0254677601858343e-09,合格,合格,1.9116736661120323e-16,1.9116736661120323e-16,0,2.639327175849686e-94,0.02394496013773036,12386.43028375032
rand,166,D,4,合格,0,解像しない,解像しない,2.2405954917839317e-08,1.0498754871955496e-06,1.072281442113389e-06,2.1445628842782205e-06,合格,合格,0,0,0,5.5196304755289e-91,0.02394496013773036,12386.43028375032
rand,166,K,0,合格,0,合格,合格,2.6716168402520204e-11,8.746893360644989e-11,6.0752765203929693e-11,1.2150548300046833e-10,合格,合格,1.974268905143821e-12,4.9367639842182917e-13,1.4805925067219921e-12,3.1272823559051965e-95,0.02394496013773036,12386.43028375032
rand,166,K,1,合格,0,合格,合格,2.094710382392317e-11,7.6141683445228314e-11,9.7088787269151493e-11,3.8835484140460454e-10,合格,合格,1.2509990757405904e-16,1.2509990757405904e-16,0,9.9953945563946242e-95,0.02394496013773036,12386.43028375032
rand,166,K,2,合格,0,合格,合格,7.5637864215112006e-11,7.5637864215112006e-11,1.9018992141817512e-14,3.1160716137378237e-10,合格,合格,1.8035940371724459e-16,1.8035940371724459e-16,0,8.0200790423110115e-95,0.02394496013773036,12386.43028375032
rand,166,K,3,合格,0,合格,合格,1.6895025092660963e-10,1.3776246285225161e-10,3.0671271377886125e-10,4.0895023994011797e-10,合格,合格,1.1826098920960872e-16,1.1826098920960872e-16,0,1.0525474556592628e-94,0.02394496013773036,12386.43028375032
rand,166,K,4,合格,0,解像しない,解像しない,4.8577383332669777e-07,2.6899763016844824e-07,7.5477146349514601e-07,1.5095429268873367e-06,合格,合格,1.5083040341111283e-16,1.5083040341111283e-16,0,3.8852295749633458e-91,0.02394496013773036,12386.43028375032
rand,167,D,0,合格,0,合格,合格,5.4304781233298566e-11,9.913887212710862e-11,1.5344365336040719e-10,5.1147890184949426e-11,合格,合格,4.0003404542517513e-12,9.9988565502413389e-13,3.0004547992276174e-12,1.3164335515340686e-95,320.4790207872324,4.7932884765998551
rand,167,D,1,合格,0,合格,合格,4.3950593251583662e-11,2.7406014397245891e-11,1.6544578854337771e-11,6.6178677398116074e-11,合格,合格,1.3096007262027949e-16,1.3096007262027949e-16,0,1.7032927655081435e-95,320.4790207872324,4.7932884765998551
rand,167,D,2,合格,0,合格,合格,6.9180683558493105e-11,8.4302851801101721e-11,1.5122168242608616e-11,3.0244292845203896e-11,合格,合格,1.7708079022223986e-16,1.7708079022223986e-16,0,7.7842119586711459e-96,320.4790207872324,4.7932884765998551
rand,167,D,3,合格,0,合格,合格,7.934832222141337e-12,1.985987502137039e-10,1.9066391799156257e-10,9.5331904500661518e-11,合格,合格,0,0,0,2.4536323426541077e-95,320.4790207872324,4.7932884765998551
rand,167,D,4,合格,0,合格,合格,6.0126898781999564e-11,6.0126898781999564e-11,0,2.5566806076421149e-11,合格,合格,0,0,0,6.5803303328569501e-96,320.4790207872324,4.7932884765998551
rand,167,K,0,合格,0,合格,合格,3.5759551974420503e-10,6.2175849368475692e-10,2.6416297394055189e-10,1.3208144718127892e-10,合格,合格,6.318455611357895e-12,1.5805147662274437e-12,4.7379408451304507e-12,3.3994842793295645e-95,320.4790207872324,4.7932884765998551
rand,167,K,1,合格,0,合格,合格,3.7979714146610562e-11,7.28216975276561e-11,3.4841983381045538e-11,4.6456076793289288e-11,合格,合格,1.6800871522622761e-16,1.6800871522622761e-16,0,1.1956766533710292e-95,320.4790207872324,4.7932884765998551
rand,167,K,2,合格,0,合格,合格,9.9545314483602619e-11,1.2782097104327515e-10,2.827565655967253e-11,1.1310251105562163e-10,合格,合格,1.3105689688424402e-16,1.3105689688424402e-16,0,2.9110084458612837e-95,320.4790207872324,4.7932884765998551
rand,167,K,3,合格,0,合格,合格,4.3474956775879605e-11,1.8198389861633612e-11,2.5276566914245993e-11,1.0110614764087183e-10,合格,合格,9.4511892779621483e-22,9.4511892779621483e-22,0,2.6022485881532243e-95,320.4790207872324,4.7932884765998551
rand,167,K,4,合格,0,合格,合格,9.4219549852696514e-11,1.3246142990358164e-10,3.8241880050885128e-11,3.0593431249352779e-11,合格,合格,0,0,0,7.874072460773713e-96,320.4790207872324,4.7932884765998551
rand,168,D,0,合格,0,合格,合格,3.0899740649284549e-11,3.0899740649284549e-11,1.7060182565812332e-13,3.4939241669562211e-10,合格,合格,1.9442482245889136e-12,4.86175968042271e-13,1.4580722565466424e-12,8.9925879313206281e-95,37.687652028219844,1214.6753422367985
rand,168,D,1,合格,0,合格,合格,2.431172467249336e-10,4.3154725290695853e-10,6.7466449963189213e-10,8.9955250490633788e-10,合格,合格,1.9323498737817052e-16,1.9323498737817052e-16,0,2.3152491618777979e-94,37.687652028219844,1214.6753422367985
rand,168,D,2,合格,0,合格,合格,2.5013240975198155e-10,6.6016093557050177e-10,9.1029334532248327e-10,1.8205867366725491e-09,合格,合格,4.4457946339578717e-16,4.4457946339578717e-16,0,4.685787536821806e-94,37.687652028219844,1214.6753422367985
rand,168,D,3,合格,0,合格,合格,1.2392695433913236e-10,1.6382215812476096e-10,2.877491124638933e-10,1.1509965380554286e-09,合格,合格,2.9732863185816598e-19,2.9732863185816598e-19,0,2.9624104824593242e-94,37.687652028219844,1214.6753422367985
rand,168,D,4,合格,0,合格,合格,3.1220124444579357e-10,3.1220124444579357e-10,0,3.0087704464371502e-09,合格,合格,1.2740619825247448e-16,1.2740619825247448e-16,0,7.743909573262331e-94,37.687652028219844,1214.6753422367985
rand,168,K,0,合格,0,合格,合格,1.0157422328049915e-11,2.7120972318062364e-10,2.8136714550867356e-10,1.2505202170091539e-10,合格,合格,1.9315881876237831e-12,4.8278865250708925e-13,1.4487995351166939e-12,3.2185624169243383e-95,37.687652028219844,1214.6753422367985
rand,168,K,1,合格,0,合格,合格,5.6445329802648372e-10,8.5983383079684595e-10,1.4242871288233297e-09,5.6971484589220022e-09,合格,合格,4.8309840020274158e-16,4.8309840020274158e-16,0,1.4663199894025019e-93,37.687652028219844,1214.6753422367985
rand,168,K,2,合格,0,合格,合格,6.5066526611961955e-11,8.9283946018203845e-11,1.5435047263016581e-10,3.0870062487452644e-10,合格,合格,9.3581872438481194e-20,9.3581872438481194e-20,0,7.9452712222319579e-95,37.687652028219844,1214.6753422367985
rand,168,K,3,合格,0,合格,合格,1.3168947990382487e-11,2.5083892326270513e-10,2.3766997527232265e-10,2.3767006233672332e-10,合格,合格,1.5781968517889443e-16,1.5781968517889443e-16,0,6.1171016658536984e-95,37.687652028219844,1214.6753422367985
rand,168,K,4,合格,0,合格,合格,2.051640211444655e-10,4.6284289719678253e-10,6.6800691834124798e-10,2.6720275793036999e-09,合格,合格,0,0,0,6.8772079225563231e-94,37.687652028219844,1214.6753422367985
rand,169,D,0,合格,0,合格,合格,2.4862855558291158e-11,1.0456776070399834e-10,7.9704905145707194e-11,1.594097762577053e-10,合格,合格,1.9578131556148017e-12,4.8948210230741532e-13,1.4683310533073866e-12,4.1028550180537565e-95,0.080532061342379141,324490.91556115804
rand,169,D,1,合格,0,合格,合格,1.0973458396984376e-10,4.1919667062590977e-11,1.5165425103243475e-10,6.0661705567654899e-10,合格,合格,1.6382037087550404e-16,1.6382037087550404e-16,0,1.5612981144242848e-94,0.080532061342379141,324490.91556115804
rand,169,D,2,合格,0,合格,合格,1.4729388184751793e-10,2.3790139097415405e-11,1.2350374275010254e-10,4.9401514092788197e-10,合格,合格,1.3443110995380775e-16,1.3443110995380775e-16,0,1.2714856939977184e-94,0.080532061342379141,324490.91556115804
rand,169,D,3,合格,0,合格,合格,7.1023423542570042e-11,2.6329999131295852e-10,1.9227656777038846e-10,3.8455319575453854e-10,合格,合格,5.6332670627963336e-20,5.6332670627963336e-20,0,9.8975486068022972e-95,0.080532061342379141,324490.91556115804
rand,169,D,4,合格,0,解像しない,解像しない,2.2596087649990244e-05,3.1712140444939082e-05,5.4308228094929326e-05,0.00021723291237980776,合格,合格,1.7441094586633743e-16,1.7441094586633743e-16,0,5.5910946340146137e-89,0.080532061342379141,324490.91556115804
rand,169,K,0,合格,0,合格,合格,1.8168211613881039e-10,8.9215174744888308e-10,1.0738338635876935e-09,1.4317785883162847e-09,合格,合格,2.3795807557357219e-12,5.9480861675023895e-13,1.7847721389854832e-12,3.685081369362656e-94,0.080532061342379141,324490.91556115804
rand,169,K,1,合格,0,合格,合格,2.0326064594816119e-10,4.8530779388267395e-10,6.8856843983083506e-10,1.3771368100805956e-09,合格,合格,9.5871018055322667e-20,9.5871018055322667e-20,0,3.5444455192330808e-94,0.080532061342379141,324490.91556115804
rand,169,K,2,合格,0,合格,合格,1.5047717020414227e-09,3.6478113984303802e-09,2.1430396963889575e-09,8.5721591942735114e-09,合格,合格,1.7192042681595769e-16,1.7192042681595769e-16,0,2.2062841559305379e-93,0.080532061342379141,324490.91556115804
rand,169,K,3,合格,0,合格,解像しない,2.6695011464058727e-10,2.6695011464058727e-10,6.8624320143435293e-13,1.1243409370427709e-08,合格,合格,8.3188592818762139e-16,8.3188592818762139e-16,0,2.8938048618120553e-93,0.080532061342379141,324490.91556115804
rand,169,K,4,合格,0,不一致,解像しない,2.121863344206489e-05,2.121863344206489e-05,0,0.00028785872729805467,合格,合格,0,0,0,7.4088468819885451e-89,0.080532061342379141,324490.91556115804
rand,170,D,0,合格,0,合格,合格,5.0121926964566385e-10,8.4298788684303698e-10,1.3442071564887008e-09,1.0753658473304678e-09,合格,合格,1.6310730261921689e-11,4.0767068836294003e-12,1.2234023378292288e-11,2.7677538144403337e-94,272.28357240247379,6.6443548608680771
rand,170,D,1,合格,0,合格,合格,1.1082937512364604e-10,3.0906892769551327e-10,4.1989830281915932e-10,1.5269028912152278e-10,合格,合格,1.4110707885375585e-22,1.4110707885375585e-22,0,3.929910283027811e-95,272.28357240247379,6.6443548608680771
rand,170,D,2,合格,0,合格,合格,3.6172336262566488e-11,7.2380464246987519e-11,1.0855280050955401e-10,1.0855282624505109e-10,合格,合格,9.5146051212941411e-22,9.5146051212941411e-22,0,2.7939096229795848e-95,272.28357240247379,6.6443548608680771
rand,170,D,3,合格,0,合格,合格,1.6222022725803337e-09,4.5884732070134441e-09,2.9662709344331109e-09,2.9662709039182088e-09,合格,合格,1.6297938523445545e-16,1.6297938523445545e-16,0,7.634525151941183e-94,272.28357240247379,6.6443548608680771
rand,170,D,4,合格,0,合格,合格,3.8500263491453444e-11,2.8808421781044949e-10,2.4958395431899603e-10,5.8725598014132011e-11,合格,合格,0,0,0,1.5114669887684692e-95,272.28357240247379,6.6443548608680771
rand,170,K,0,合格,0,合格,合格,2.9926441820796349e-11,2.9926441820796349e-11,1.2049454080119944e-15,1.5793461032774863e-10,合格,合格,9.3846641743686218e-13,2.3442020673293125e-13,7.0404621070393103e-13,4.0648875101613911e-95,272.28357240247379,6.6443548608680771
rand,170,K,1,合格,0,合格,合格,1.1902401363840896e-09,4.1306037950962799e-09,5.3208439314803699e-09,7.0944583636729351e-09,合格,合格,7.2897563571775582e-22,7.2897563571775582e-22,0,1.8259566496544775e-93,272.28357240247379,6.6443548608680771
rand,170,K,2,合格,0,合格,解像しない,3.2209464539788854e-09,3.4691653284239576e-08,3.1470706830260686e-08,2.0980471278223649e-08,合格,合格,2.0381378411716398e-20,2.0381378411716398e-20,0,5.3999092079418072e-93,272.28357240247379,6.6443548608680771
rand,170,K,3,合格,0,合格,合格,5.7657887397870227e-10,3.1879847645275037e-09,3.7645636385062054e-09,5.0194182755145823e-09,合格,合格,1.6166658787128172e-16,1.6166658787128172e-16,0,1.2918872319419807e-93,272.28357240247379,6.6443548608680771
rand,170,K,4,合格,0,合格,合格,1.6204398410374105e-10,3.5882206903781863e-10,5.2086605314155965e-10,1.4881884490932113e-10,合格,合格,0,0,0,3.8302678728442077e-95,272.28357240247379,6.6443548608680771
rand,171,D,0,合格,0,合格,合格,4.1694183086276177e-11,3.9646660919798697e-12,3.7729516994296306e-11,7.5459187430138461e-11,合格,合格,1.8058359346997737e-12,4.5126438928542835e-13,1.3545715454143452e-12,1.9421525647554986e-95,1712.5333094627565,22200.472821293461
rand,171,D,1,合格,0,合格,合格,2.6564822227689495e-11,1.532220966890869e-10,1.2665727446139741e-10,1.2665738272905198e-10,合格,合格,1.5731319385782264e-22,1.5731319385782264e-22,0,3.2598808586454417e-95,1712.5333094627565,22200.472821293461
rand,171,D,2,合格,0,合格,合格,6.0157335407571218e-11,6.0157335407571218e-11,1.9603417772263935e-13,2.0073899786888342e-10,合格,合格,1.9263399840297298e-19,1.9263399840297298e-19,0,5.1665777599108867e-95,1712.5333094627565,22200.472821293461
rand,171,D,3,合格,0,合格,解像しない,4.6877380350409817e-10,4.6877380350409817e-10,1.1356777535272986e-11,2.3258680980692196e-08,合格,合格,3.6138452395185887e-19,3.6138452395185887e-19,0,5.9862699901588905e-93,1712.5333094627565,22200.472821293461
rand,171,D,4,合格,0,合格,合格,5.4915149550311901e-11,1.1404482141080068e-09,1.1953633636583187e-09,2.3907265792459684e-09,合格,合格,1.2906998775539384e-16,1.2906998775539384e-16,0,6.1532013736702617e-94,1712.5333094627565,22200.472821293461
rand,171,K,0,合格,0,合格,合格,4.8590222017122279e-11,4.8590222017122279e-11,7.0699764928987312e-14,1.4479307125385294e-10,合格,合格,2.2842421809455614e-12,5.7122544865690332e-13,1.713016732288658e-12,3.7266533641757788e-95,1712.5333094627565,22200.472821293461
rand,171,K,1,合格,0,合格,合格,1.2407076005606665e-10,4.3273885688591722e-10,5.5680961694198382e-10,1.8560322614266852e-10,合格,合格,1.8657144927860081e-16,1.8657144927860081e-16,0,4.777016476802221e-95,1712.5333094627565,22200.472821293461
rand,171,K,2,合格,0,合格,合格,8.7958087523530626e-12,8.7958087523530626e-12,8.9563003751933869e-13,9.1712515894127123e-10,合格,合格,2.0218855601574748e-16,2.0218855601574748e-16,0,2.3604772862001065e-94,1712.5333094627565,22200.472821293461
rand,171,K,3,合格,0,合格,合格,2.587320778357596e-09,1.6268969674299039e-09,4.2142177457874997e-09,4.2142176797216264e-09,合格,合格,1.5528493463492403e-16,1.5528493463492403e-16,0,1.0846464100460703e-93,1712.5333094627565,22200.472821293461
rand,171,K,4,合格,0,合格,合格,1.9506206667276403e-09,3.2873192094940535e-09,5.2379398762216934e-09,5.2379398436261277e-09,合格,合格,0,0,0,1.3481298497617327e-93,1712.5333094627565,22200.472821293461
rand,172,D,0,合格,0,合格,合格,3.5425862257126751e-11,3.9767833655669241e-11,7.5193695912795985e-11,1.5038763085368575e-10,合格,合格,1.9523974911853116e-12,4.8818033139191533e-13,1.4642171597933963e-12,3.870644952815032e-95,70.366392655696188,34401.552580255739
rand,172,D,1,合格,0,合格,合格,1.5340955109993008e-10,2.4381315039959745e-11,1.2902823605997034e-10,5.1611255486935137e-10,合格,合格,1.539652115484083e-16,1.539652115484083e-16,0,1.3283595494187321e-94,70.366392655696188,34401.552580255739
rand,172,D,2,合格,0,合格,合格,3.0579111029190761e-10,3.0579111029190761e-10,2.6395215752332261e-13,1.0811480342796096e-09,合格,合格,3.0671632007140301e-16,3.0671632007140301e-16,0,2.7826358845972226e-94,70.366392655696188,34401.552580255739
rand,172,D,3,合格,0,合格,合格,6.9008407156957968e-11,3.3167527989362442e-10,4.0068368705058237e-10,2.6712241006996597e-10,合格,合格,1.1453848631258885e-16,1.1453848631258885e-16,0,6.8751399463632219e-95,70.366392655696188,34401.552580255739
rand,172,D,4,合格,0,合格,解像しない,1.9306700552198569e-10,5.956567258521236e-09,5.7635002529992501e-09,2.3054000966987e-08,合格,合格,1.7430325962351436e-16,1.7430325962351436e-16,0,5.9335898822608604e-93,70.366392655696188,34401.552580255739
rand,172,K,0,合格,0,合格,合格,6.9002228905310524e-11,4.4690034701107817e-10,5.1590257591638867e-10,5.1590258234702352e-10,合格,合格,2.1326754381962441e-12,5.3324166698584227e-13,1.599433771210402e-12,1.3278191265932878e-94,70.366392655696188,34401.552580255739
rand,172,K,1,合格,0,合格,合格,4.7848253020658276e-10,1.5958398272323757e-09,2.0743223574389583e-09,8.297289755050565e-09,合格,合格,1.4398138260472365e-16,1.4398138260472365e-16,0,2.1355388425312929e-93,70.366392655696188,34401.552580255739
rand,172,K,2,合格,0,合格,合格,2.4076963158162453e-11,1.6304034403325274e-10,1.3896338087509028e-10,5.5585353387613144e-10,合格,合格,1.1945248911328309e-16,1.1945248911328309e-16,0,1.4306440384683523e-94,70.366392655696188,34401.552580255739
rand,172,K,3,合格,0,合格,解像しない,1.5737375147842683e-08,1.5737375147842683e-08,3.5390323886630063e-10,4.831958887096567e-07,合格,合格,1.142023142745969e-16,1.142023142745969e-16,0,1.2436393320635712e-91,70.366392655696188,34401.552580255739
rand,172,K,4,合格,0,合格,解像しない,5.8615888227735804e-09,2.0809682239342166e-08,1.4948093416568586e-08,5.9792373918453402e-08,合格,合格,1.2727509768752763e-16,1.2727509768752763e-16,0,1.5389234407812252e-92,70.366392655696188,34401.552580255739
rand,173,D,0,合格,0,合格,合格,6.9750384457775225e-12,6.161046783379003e-11,5.4635429388012514e-11,1.0927067817215214e-10,合格,合格,2.0291707382540514e-12,5.072200793417348e-13,1.5219506589123167e-12,2.8123855436569011e-95,0.12972475746533674,6834.3558981648348
rand,173,D,1,合格,0,合格,合格,3.7537238142691036e-11,1.9523850635819924e-10,2.3277574450089027e-10,1.3301470476687066e-10,合格,合格,1.4012497253546698e-16,1.4012497253546698e-16,0,3.4235042651677713e-95,0.12972475746533674,6834.3558981648348
rand,173,D,2,合格,0,合格,合格,2.4627904445990969e-11,2.4627904445990969e-11,3.9450006972031969e-13,8.0793613330419749e-10,合格,合格,2.4230643053134825e-16,2.4230643053134825e-16,0,2.0794488873977375e-94,0.12972475746533674,6834.3558981648348
rand,173,D,3,合格,0,合格,合格,3.3852205232536287e-10,2.9343560052183052e-10,6.3195765284719334e-10,2.5278305510108649e-09,合格,合格,2.1178528936972499e-19,2.1178528936972499e-19,0,6.5060766688725634e-94,0.12972475746533674,6834.3558981648348
rand,173,D,4,合格,0,解像しない,解像しない,6.5962192434594712e-07,1.67099157423251e-07,8.2672108176919823e-07,3.306884327186908e-06,合格,合格,0,0,0,8.5111887579519225e-91,0.12972475746533674,6834.3558981648348
rand,173,K,0,合格,0,合格,合格,3.4350914364488026e-10,3.8102637035148106e-11,3.0540650660973217e-10,6.1081298557066399e-10,合格,合格,1.8354594511596196e-12,4.5880694724493582e-13,1.3766525039146838e-12,1.5720975098099485e-94,0.12972475746533674,6834.3558981648348
rand,173,K,1,合格,0,合格,合格,9.6882259957244455e-13,2.2365336746970814e-09,2.237502497296654e-09,8.9500101590359852e-09,合格,合格,5.0357452623747357e-20,5.0357452623747357e-20,0,2.3035346359980823e-93,0.12972475746533674,6834.3558981648348
rand,173,K,2,合格,0,合格,合格,4.4412033374184694e-12,4.4412033374184694e-12,2.5331635928676238e-13,5.9290482382949971e-10,合格,合格,2.2015581903625982e-16,2.2015581903625982e-16,0,1.5260058628678729e-94,0.12972475746533674,6834.3558981648348
rand,173,K,3,合格,0,合格,解像しない,2.2528989821268182e-09,2.2528989821268182e-09,4.9100659370162589e-13,1.6089304096843663e-08,合格,合格,1.254822193317462e-16,1.254822193317462e-16,0,4.1410309706483323e-93,0.12972475746533674,6834.3558981648348
rand,173,K,4,合格,0,解像しない,解像しない,5.4049001728614123e-07,2.4695592235209185e-06,1.9290692062347774e-06,7.7162768250625867e-06,合格,合格,0,0,0,1.9859989666643592e-90,0.12972475746533674,6834.3558981648348
rand,174,D,0,合格,0,合格,合格,3.6577674819094275e-11,1.3495647060258307e-10,1.7153414542167735e-10,1.372273246234031e-10,合格,合格,1.8367649732595223e-12,4.5908178175509152e-13,1.3776831915044307e-12,3.5319277817379577e-95,55.359633411735082,319.3762266736918
rand,174,D,1,合格,0,合格,合格,3.0902848267366126e-11,7.794794262760455e-11,1.0885079089497068e-10,4.3540319536716658e-10,合格,合格,2.1625354803231697e-16,2.1625354803231697e-16,0,1.1206315113954446e-94,55.359633411735082,319.3762266736918
rand,174,D,2,合格,0,合格,合格,2.1494056298851579e-10,3.2742687421070794e-12,2.116662942464087e-10,8.4666514388291111e-10,合格,合格,2.6879027559061525e-16,2.6879027559061525e-16,0,2.1791287935662599e-94,55.359633411735082,319.3762266736918
rand,174,D,3,合格,0,合格,合格,6.6002272439016117e-11,2.6248305520073997e-11,9.2250577959090105e-11,3.690023068325883e-10,合格,合格,1.9660326659681368e-16,1.9660326659681368e-16,0,9.497303125336501e-95,55.359633411735082,319.3762266736918
rand,174,D,4,合格,0,合格,合格,1.0967687057597953e-10,3.4514059184399977e-10,4.5481746241997928e-10,9.096350284698884e-10,合格,合格,2.2173562523826854e-16,2.2173562523826854e-16,0,2.3411993472230703e-94,55.359633411735082,319.3762266736918
rand,174,K,0,合格,0,合格,合格,7.0760438485313021e-11,5.3436544508948476e-11,1.241969829942615e-10,8.279797667061013e-11,合格,合格,1.9280899491654225e-12,4.8184899389461013e-13,1.4462409552708125e-12,2.1310367660169799e-95,55.359633411735082,319.3762266736918
rand,174,K,1,合格,0,合格,合格,1.1704069902302081e-10,2.917280587526721e-10,1.7468735972965126e-10,2.3291644675373668e-10,合格,合格,2.6880664714405165e-16,2.6880664714405165e-16,0,5.9947541159956165e-95,55.359633411735082,319.3762266736918
rand,174,K,2,合格,0,合格,合格,7.2000745252741127e-11,7.2000745252741127e-11,3.90940607611251e-14,3.2025855264892534e-10,合格,合格,1.3228913927098623e-16,1.3228913927098623e-16,0,8.2427467164001098e-95,55.359633411735082,319.3762266736918
rand,174,K,3,合格,0,合格,合格,7.4614440620260418e-11,2.6247927581610072e-10,3.3709371643636111e-10,2.6967494693789332e-10,合格,合格,1.4837896652029261e-16,1.4837896652029261e-16,0,6.9408365989977037e-95,55.359633411735082,319.3762266736918
rand,174,K,4,合格,0,合格,合格,5.7946036947700889e-11,2.0422953891949062e-10,2.621755758671915e-10,1.0487020936433537e-09,合格,合格,1.8328073427283934e-16,1.8328073427283934e-16,0,2.6991272106124285e-94,55.359633411735082,319.3762266736918
rand,175,D,0,合格,0,合格,合格,6.4901840495682572e-11,5.7072011720801975e-11,1.2197385221648453e-10,9.7579032746996513e-11,合格,合格,2.0188426219526551e-12,5.0466872555084643e-13,1.5141738964018086e-12,2.5114684529487561e-95,0.59104812043411037,11004.829939515184
rand,175,D,1,合格,0,合格,解像しない,2.8011106598173781e-09,2.8736541512616697e-08,2.5935430852799318e-08,5.1870861515154123e-08,合格,合格,5.2098346356385319e-16,5.2098346356385319e-16,0,1.3350412343228835e-92,0.59104812043411037,11004.829939515184
rand,175,D,2,合格,0,合格,合格,1.9097524293160185e-11,9.9937344186041706e-11,8.0839819892881521e-11,1.6167975323849125e-10,合格,合格,0,0,0,4.1612792042305688e-95,0.59104812043411037,11004.829939515184
rand,175,D,3,合格,0,合格,合格,4.4251544577815445e-11,1.682424953481877e-10,1.2399095077037225e-10,2.4798195003358731e-10,合格,合格,1.4122814144832477e-19,1.4122814144832477e-19,0,6.3825068447323695e-95,0.59104812043411037,11004.829939515184
rand,175,D,4,合格,0,合格,解像しない,1.5298634478518306e-08,3.7606773506672052e-08,2.2308139028153746e-08,8.9232556551177302e-08,合格,合格,1.66379194437905e-16,1.66379194437905e-16,0,2.296648618513239e-92,0.59104812043411037,11004.829939515184
rand,175,K,0,合格,0,合格,合格,1.423672984330238e-10,2.0185791905409116e-10,5.9490620621067343e-11,2.379627700088664e-10,合格,合格,1.9497378101521994e-12,4.8738625373922277e-13,1.4623515564129766e-12,6.1246353138498765e-95,0.59104812043411037,11004.829939515184
rand,175,K,1,合格,0,合格,合格,8.1344354881206667e-11,2.3444649145765223e-10,3.1579084633885887e-10,2.5263268622917845e-10,合格,合格,1.0929251890544701e-19,1.0929251890544701e-19,0,6.5022065067335137e-95,0.59104812043411037,11004.829939515184
rand,175,K,2,合格,0,合格,解像しない,1.8533221029858619e-09,9.9660036765603857e-09,1.1819325779546247e-08,2.3638651771069913e-08,合格,合格,4.0715003056628436e-16,4.0715003056628436e-16,0,6.0840660664481397e-93,0.59104812043411037,11004.829939515184
rand,175,K,3,合格,0,合格,合格,6.6433022563177779e-10,3.1810197182597814e-09,3.8453499438915588e-09,5.1271331203822014e-09,合格,合格,6.4925228151098867e-19,6.4925228151098867e-19,0,1.3196106503018149e-93,0.59104812043411037,11004.829939515184
rand,175,K,4,合格,0,合格,解像しない,2.583853069309661e-08,1.1599592875404025e-08,3.7438123568500639e-08,1.4975249482424029e-07,合格,合格,2.0304930678291155e-16,2.0304930678291155e-16,0,3.8542979563714492e-92,0.59104812043411037,11004.829939515184
rand,176,D,0,合格,0,合格,合格,4.2092824539187635e-11,1.4981991987836059e-10,1.0772709533917297e-10,4.3090832027790101e-11,合格,合格,1.8860864980387702e-12,4.7172416816283244e-13,1.4143623298759377e-12,1.1090626972057147e-95,0.02924483497229885,515.4173610110505
rand,176,D,1,合格,0,合格,解像しない,1.4683771235885156e-08,2.7775180349868342e-08,4.2458951585753496e-08,2.4262258038555049e-08,合格,合格,6.9116639138754639e-16,6.9116639138754639e-16,0,6.2445685251997868e-93,0.02924483497229885,515.4173610110505
rand,176,D,2,合格,0,合格,合格,1.9577803551386754e-11,5.7025111876645604e-11,7.6602915428032358e-11,7.6602889136796564e-11,合格,合格,1.2230088613363873e-16,1.2230088613363873e-16,0,1.9715889167564759e-95,0.02924483497229885,515.4173610110505
rand,176,D,3,合格,0,合格,合格,1.2330192662007427e-11,2.1030360924809597e-10,1.9797341658608853e-10,9.8986689874388101e-11,合格,合格,1.6751613539667184e-16,1.6751613539667184e-16,0,2.5476984335961228e-95,0.02924483497229885,515.4173610110505
rand,176,D,4,合格,0,合格,解像しない,1.9883039059827725e-10,1.9883039059827725e-10,0,1.1273902507562031e-07,合格,合格,1.4399630837605772e-16,1.4399630837605772e-16,0,2.9016531207861787e-92,0.02924483497229885,515.4173610110505
rand,176,K,0,合格,0,合格,合格,1.6020730164299397e-12,1.4887419348853857e-10,1.4727212047210861e-10,5.3553525057407948e-11,合格,合格,2.1406687698133903e-12,5.3501134877470654e-13,1.6056574210386837e-12,1.3783492717601327e-95,0.02924483497229885,515.4173610110505
rand,176,K,1,合格,0,合格,合格,4.4446645344254413e-11,4.4446645344254413e-11,6.6064894721649944e-14,1.3530090341281115e-10,合格,合格,9.997725912361326e-20,9.997725912361326e-20,0,3.4823459611224839e-95,0.02924483497229885,515.4173610110505
rand,176,K,2,合格,0,合格,合格,1.1415373257014187e-11,1.1038597853760121e-11,2.2453971110774308e-11,8.9815892054447277e-11,合格,合格,1.7064103408245792e-16,1.7064103408245792e-16,0,2.3116623839985566e-95,0.02924483497229885,515.4173610110505
rand,176,K,3,合格,0,合格,合格,3.245877133056105e-09,1.4058032323793823e-08,1.0812155190737719e-08,7.2081035030743349e-09,合格,合格,4.14031839699593e-16,4.14031839699593e-16,0,1.8552063946460689e-93,0.02924483497229885,515.4173610110505
rand,176,K,4,合格,0,合格,解像しない,1.3469976001005636e-08,4.0197493469149872e-08,2.6727517468144232e-08,1.0691006952335443e-07,合格,合格,1.1987985401585309e-16,1.1987985401585309e-16,0,2.7516286988274885e-92,0.02924483497229885,515.4173610110505
rand,177,D,0,合格,0,合格,合格,1.8949065622639933e-10,2.8077262885533246e-10,4.7026328508173179e-10,1.1756584612280849e-10,合格,合格,7.2272111830366176e-12,1.8064769521530662e-12,5.4207342308835512e-12,3.0258848173584664e-95,307.14238196848459,17.838748963429452
rand,177,D,1,合格,0,合格,合格,2.0386803151591151e-11,5.6643528948717593e-11,3.6256725797126442e-11,4.8342221232915269e-11,合格,合格,2.2988264360359153e-23,2.2988264360359153e-23,0,1.2442218389961774e-95,307.14238196848459,17.838748963429452
rand,177,D,2,合格,0,合格,合格,1.3957770900859998e-10,6.1538487902045447e-11,2.0111619691064544e-10,5.3630972609740103e-11,合格,合格,9.6971403757823738e-23,9.6971403757823738e-23,0,1.3803426004390982e-95,307.14238196848459,17.838748963429452
rand,177,D,3,合格,0,合格,合格,3.1628058637773256e-11,2.3452835166863444e-11,5.50808938046367e-11,7.3441073168121137e-11,合格,合格,1.1345480369458582e-22,1.1345480369458582e-22,0,1.8902107678261939e-95,307.14238196848459,17.838748963429452
rand,177,D,4,合格,0,合格,合格,2.0405054901810542e-11,5.4156659092453008e-11,3.3751604190642469e-11,2.2501095649750945e-11,合格,合格,1.5524117209858827e-16,1.5524117209858827e-16,0,5.7912842841610763e-96,307.14238196848459,17.838748963429452
rand,177,K,0,合格,0,合格,合格,1.3645308925972811e-11,1.7097408528567575e-10,1.8461939421164856e-10,1.0549679105067029e-10,合格,合格,1.8557029629517646e-13,4.636019963270982e-14,1.3921009666246663e-13,2.7152540371870035e-95,307.14238196848459,17.838748963429452
rand,177,K,1,合格,0,合格,解像しない,1.6743465686719315e-08,1.2360732646137439e-08,4.3827330405818758e-09,1.7530932494844024e-08,合格,合格,2.0660028125285348e-16,2.0660028125285348e-16,0,4.5120742307143022e-93,307.14238196848459,17.838748963429452
rand,177,K,2,合格,0,合格,合格,6.2928628433596954e-11,6.2928628433596954e-11,6.8500687205113275e-16,8.9785218361482555e-11,合格,合格,1.1662369262713325e-16,1.1662369262713325e-16,0,2.3108729109934687e-95,307.14238196848459,17.838748963429452
rand,177,K,3,合格,0,合格,解像しない,7.7268131179481735e-09,2.2736265177950559e-08,1.5009452060002385e-08,1.5009452055668842e-08,合格,合格,3.6292031218611759e-22,3.6292031218611759e-22,0,3.8631009421457329e-93,307.14238196848459,17.838748963429452
rand,177,K,4,合格,0,合格,合格,7.7643447094943127e-11,1.9959434611072533e-10,2.7723779320566846e-10,4.8215266555108828e-11,合格,合格,1.2277953811854424e-16,1.2277953811854424e-16,0,1.2409543064198724e-95,307.14238196848459,17.838748963429452
rand,178,D,0,合格,0,合格,合格,5.7409353901630616e-11,1.7786189782928767e-10,1.2045254392765706e-10,9.6362070742735395e-11,合格,合格,1.965070634700693e-12,4.914296684559829e-13,1.47364096624471e-12,2.4801465429431134e-95,0.015137995512145928,11.945810851725417
rand,178,D,1,合格,0,合格,解像しない,2.6969774415817682e-08,7.005574089389241e-08,9.7025515309710092e-08,3.8810206076581101e-07,合格,合格,1.3743131161874185e-14,1.3743131161874185e-14,0,9.9888885419161629e-92,0.015137995512145928,11.945810851725417
rand,178,D,2,合格,0,合格,合格,1.3575656690609728e-09,8.6506943594289828e-10,2.2226351050038713e-09,2.9635135600032376e-09,合格,合格,1.6033198027887709e-16,1.6033198027887709e-16,0,7.6274283586430412e-94,0.015137995512145928,11.945810851725417
rand,178,D,3,合格,0,合格,合格,1.7993396439297617e-10,1.9845468010995767e-10,3.7838864450293387e-10,9.45971666949897e-11,合格,合格,7.5483016052471286e-20,7.5483016052471286e-20,0,2.4347218168148324e-95,0.015137995512145928,11.945810851725417
rand,178,D,4,合格,0,合格,合格,1.1875420465772621e-09,1.1875420465772621e-09,0,7.0798157411939241e-09,合格,合格,0,0,0,1.8221879625309001e-93,0.015137995512145928,11.945810851725417
rand,178,K,0,合格,0,合格,合格,2.7597858785265101e-11,4.3401503264291273e-10,4.0641717385764766e-10,2.7094479769848955e-10,合格,合格,2.0304092685924825e-12,5.0772083274866887e-13,1.5226884358438135e-12,6.9735197485986982e-95,0.015137995512145928,11.945810851725417
rand,178,K,1,合格,0,合格,合格,5.3535891686982743e-10,3.1687992069445942e-09,3.7041581238144219e-09,3.7041580618301096e-09,合格,合格,1.5178268089362672e-16,1.5178268089362672e-16,0,9.5336834718813825e-94,0.015137995512145928,11.945810851725417
rand,178,K,2,合格,0,合格,合格,1.4373688540847049e-10,1.5833811001228704e-10,3.0207499542075756e-10,2.4166004299949746e-10,合格,合格,2.2086591241459659e-16,2.2086591241459659e-16,0,6.2197949420661669e-95,0.015137995512145928,11.945810851725417
rand,178,K,3,合格,0,合格,合格,3.5570865497153125e-10,2.4754695505910368e-10,6.0325561003063498e-10,1.2065114533288244e-09,合格,合格,1.9248491325755947e-16,1.9248491325755947e-16,0,3.1052935941814459e-94,0.015137995512145928,11.945810851725417
rand,178,K,4,合格,0,合格,合格,1.0213688331092308e-09,1.0213688331092308e-09,0,8.959508059049437e-09,合格,合格,0,0,0,2.3059791853629949e-93,0.015137995512145928,11.945810851725417
rand,179,D,0,合格,0,合格,合格,2.6897797678971208e-10,5.3438835324516307e-10,8.0336633003487515e-10,8.0336638353930917e-10,合格,合格,3.3199342087874833e-13,8.3239980707954003e-14,2.4875344017079433e-13,2.0676873623556272e-94,1743.5374422648345,0.00707123163306278
rand,179,D,1,合格,0,合格,合格,2.3909002145592897e-09,1.3564870851950679e-09,1.0344131293642218e-09,4.1376526390394934e-09,合格,合格,5.468203875484148e-22,5.468203875484148e-22,0,1.0649402622335082e-93,1743.5374422648345,0.00707123163306278
rand,179,D,2,合格,0,合格,合格,1.8496993639857977e-10,1.8496993639857977e-10,3.3693136581582667e-16,7.0659612255813784e-10,合格,合格,1.1841107252965865e-16,1.1841107252965865e-16,0,1.818622116681412e-94,1743.5374422648345,0.00707123163306278
rand,179,D,3,合格,0,解像しない,解像しない,1.4048682570685674e-06,4.3663967490029496e-06,2.9615284919343824e-06,5.9230569836300862e-06,合格,合格,1.7326745520589284e-16,1.7326745520589284e-16,0,1.5244638464468331e-90,1743.5374422648345,0.00707123163306278
rand,179,D,4,合格,0,合格,合格,3.8574268179577638e-11,4.7577772986537641e-11,8.615204116611528e-11,3.44607816358177e-10,合格,合格,0,0,0,8.869442902422694e-95,1743.5374422648345,0.00707123163306278
rand,179,K,0,合格,0,合格,合格,6.3360350525173429e-10,3.8313863922809296e-09,3.1977828870291952e-09,4.2637105376622171e-09,合格,合格,4.7379411901505199e-11,1.1850493282078743e-11,3.5528918619426461e-11,1.0973847768718978e-93,1743.5374422648345,0.00707123163306278
rand,179,K,1,合格,0,合格,合格,9.104863159607182e-11,3.4004345587277681e-10,2.4899482427670502e-10,1.9919588756662945e-10,合格,合格,1.680729224011471e-16,1.680729224011471e-16,0,5.1268615141721181e-95,1743.5374422648345,0.00707123163306278
rand,179,K,2,合格,0,合格,合格,5.7432472079480505e-10,8.3981475359194101e-10,1.414139474386746e-09,8.0807974862411542e-10,合格,合格,1.6925026825876435e-16,1.6925026825876435e-16,0,2.0798185214627412e-94,1743.5374422648345,0.00707123163306278
rand,179,K,3,合格,0,合格,合格,6.3146748323910518e-11,2.1055304769963892e-10,1.4740629937572842e-10,1.9654170730988885e-10,合格,合格,4.9755304276014641e-24,4.9755304276014641e-24,0,5.0585487855501118e-95,1743.5374422648345,0.00707123163306278
rand,179,K,4,合格,0,合格,合格,1.1244079221847909e-10,6.0267817530621179e-11,1.7270860974910028e-10,8.6354281888361295e-11,合格,合格,1.3564881177651051e-16,1.3564881177651051e-16,0,2.2225681955874787e-95,1743.5374422648345,0.00707123163306278
rand,180,D,0,合格,0,合格,合格,8.1639344843178749e-11,1.5552274561970394e-10,2.3716209046288271e-10,4.9408760436047076e-12,合格,合格,1.7229257169498223e-12,4.3058364517472404e-13,1.2923420717750984e-12,1.271672198843909e-96,12.649134855511353,9.4676898974675403
rand,180,D,1,合格,0,合格,合格,6.713927367186017e-10,2.475560649754283e-09,3.1469533864728847e-09,1.9668458532039168e-10,合格,合格,1.3041259633788022e-15,1.3041259633788022e-15,0,5.0622261494867712e-95,12.649134855511353,9.4676898974675403
rand,180,D,2,合格,0,合格,合格,8.0563285406623359e-11,1.4314584602452638e-10,2.2370913143114974e-10,2.796365011339008e-11,合格,合格,2.5471334979488245e-16,2.5471334979488245e-16,0,7.1972249685204806e-96,12.649134855511353,9.4676898974675403
rand,180,D,3,合格,0,合格,合格,4.3006615829460109e-11,5.0189898768990845e-10,4.5889237186044833e-10,9.5602573032831691e-12,合格,合格,1.5670338000721494e-16,1.5670338000721494e-16,0,2.4605987519391214e-96,12.649134855511353,9.4676898974675403
rand,180,D,4,合格,0,合格,合格,8.0024611622472066e-11,2.0093067834422699e-10,2.8095528996669904e-10,1.7559703532854921e-11,合格,合格,2.6036075430145402e-16,2.6036075430145402e-16,0,4.5194792594677955e-96,12.649134855511353,9.4676898974675403
rand,180,K,0,合格,0,合格,合格,5.2459491888939548e-11,1.3748509972151822e-10,1.8994459161045775e-10,4.748613922003544e-12,合格,合格,1.7299197017205112e-12,4.3236315468255417e-13,1.2975565470379571e-12,1.2221881816831443e-96,12.649134855511353,9.4676898974675403
rand,180,K,1,合格,0,合格,合格,9.4772972949742389e-13,1.2715230571416561e-10,1.262045759846682e-10,7.8877908090225734e-12,合格,合格,3.9081638329790674e-16,3.9081638329790674e-16,0,2.0301428721560156e-96,12.649134855511353,9.4676898974675403
rand,180,K,2,合格,0,合格,合格,2.2512430043144869e-10,7.9271832263461336e-10,5.6759402220316467e-10,3.5474628984906e-11,合格,合格,0,0,0,9.1303847832407701e-96,12.649134855511353,9.4676898974675403
rand,180,K,3,合格,0,合格,合格,9.4944717461634366e-09,4.4261374439191674e-08,5.3755846185355114e-08,3.3597403868638602e-09,合格,合格,1.750679411162988e-15,1.750679411162988e-15,0,8.6472285635216576e-94,12.649134855511353,9.4676898974675403
rand,180,K,4,合格,0,合格,合格,7.3307617670541508e-11,6.9759013524125449e-11,1.4306663119466696e-10,1.788331690406555e-11,合格,合格,1.6533588717402334e-16,1.6533588717402334e-16,0,4.6027701827192258e-96,12.649134855511353,9.4676898974675403
rand,181,D,0,合格,0,合格,合格,7.0103609837717063e-11,2.8192751161594954e-11,4.1910858676122109e-11,1.6764397716527311e-10,合格,合格,1.9789331659560544e-12,4.9491396977821421e-13,1.4840191961778402e-12,4.3147851349285326e-95,1.3525189589440143,72.474993239815475
rand,181,D,1,合格,0,合格,合格,5.292827588816958e-11,2.1263301596520499e-11,7.4191577484690077e-11,2.9676636653324238e-10,合格,合格,1.0102923587023097e-19,1.0102923587023097e-19,0,7.6381098117352133e-95,1.3525189589440143,72.474993239815475
rand,181,D,2,合格,0,合格,合格,2.9432335637925152e-11,7.8472322917479435e-10,8.1415556481271949e-10,1.6283109924623688e-09,合格,合格,1.8590174225897319e-16,1.8590174225897319e-16,0,4.1909123036319425e-94,1.3525189589440143,72.474993239815475
rand,181,D,3,合格,0,合格,合格,3.8270227072013629e-11,1.821073498726577e-10,1.4383712280064409e-10,5.7534841812456967e-10,合格,合格,1.7612683333559529e-20,1.7612683333559529e-20,0,1.4808195581527767e-94,1.3525189589440143,72.474993239815475
rand,181,D,4,合格,0,合格,合格,3.8975194512810257e-10,3.8975194512810257e-10,0,4.1125643928974743e-09,合格,合格,1.7517445226653825e-16,1.7517445226653825e-16,0,1.0584831026417685e-93,1.3525189589440143,72.474993239815475
rand,181,K,0,合格,0,合格,合格,3.0693701013676401e-11,2.68865709652052e-10,2.3817200863837559e-10,9.5268822271582635e-10,合格,合格,1.7428429619190572e-12,4.3563969682405264e-13,1.3072032650950047e-12,2.4520087456188299e-94,1.3525189589440143,72.474993239815475
rand,181,K,1,合格,0,合格,解像しない,2.7939561377400068e-09,8.2762367889829139e-09,5.4822806512429067e-09,2.1929122626254441e-08,合格,合格,3.803899422639611e-16,3.803899422639611e-16,0,5.6440710802575562e-93,1.3525189589440143,72.474993239815475
rand,181,K,2,合格,0,合格,解像しない,1.0165108305429688e-08,1.9746287013689415e-08,9.5811787082597266e-09,3.8324714785213944e-08,合格,合格,4.0158894147233175e-16,4.0158894147233175e-16,0,9.8639338228412808e-93,1.3525189589440143,72.474993239815475
rand,181,K,3,合格,0,合格,合格,1.8859596976304371e-10,8.4493413344375758e-11,2.7308938310741948e-10,1.0923573902666043e-09,合格,合格,1.4350323517916503e-16,1.4350323517916503e-16,0,2.8114862873391744e-94,1.3525189589440143,72.474993239815475
rand,181,K,4,合格,0,合格,合格,9.9198508070076984e-10,2.6183326253071421e-09,1.626347544606372e-09,6.5053904942893433e-09,合格,合格,0,0,0,1.6743436105666141e-93,1.3525189589440143,72.474993239815475
rand,182,D,0,合格,0,合格,合格,3.4254709231934441e-11,5.0938195179623765e-10,5.4363666102817217e-10,7.2484892960679124e-10,合格,合格,2.0148568098378306e-12,5.0349985599032602e-13,1.5113569538475048e-12,1.8656008044076077e-94,1.972344886156649,619.65398666032854
rand,182,D,1,合格,0,合格,合格,1.1232366407107207e-09,1.1232366407107207e-09,1.159506683768968e-12,4.7493387970450434e-09,合格,合格,1.4285122879725794e-16,1.4285122879725794e-16,0,1.2223747484842086e-93,1.972344886156649,619.65398666032854
rand,182,D,2,合格,0,合格,合格,3.6658252016820425e-11,1.246634061300368e-10,1.6132165814685724e-10,6.4528627236243588e-10,合格,合格,1.7410214867693357e-16,1.7410214867693357e-16,0,1.6608241243393952e-94,1.972344886156649,619.65398666032854
rand,182,D,3,合格,0,合格,解像しない,1.5252610146344735e-07,1.5252610146344735e-07,8.1820894766956197e-11,3.3513838365332671e-07,合格,合格,8.0199159165599737e-16,8.0199159165599737e-16,0,8.6257206514836495e-92,1.972344886156649,619.65398666032854
rand,182,D,4,合格,0,合格,解像しない,3.0569287176911129e-09,3.0569287176911129e-09,0,2.6688152326981944e-08,合格,合格,0,0,0,6.8689400529817372e-93,1.972344886156649,619.65398666032854
rand,182,K,0,合格,0,合格,合格,2.7652514557129103e-11,8.9612004107918333e-12,3.6613714967920937e-11,1.4645468982634437e-10,合格,合格,1.9833774466544382e-12,4.959534583328424e-13,1.4874239883215955e-12,3.7694197506439253e-95,1.972344886156649,619.65398666032854
rand,182,K,1,合格,0,合格,合格,1.3867443855609675e-11,1.3867443855609675e-11,1.0247206292887093e-13,2.0986272472590228e-10,合格,合格,2.0393599693539132e-16,2.0393599693539132e-16,0,5.4014023070462903e-95,1.972344886156649,619.65398666032854
rand,182,K,2,合格,0,合格,合格,4.4304636729339834e-11,1.6385766234320536e-09,1.6828812601613934e-09,1.3463050992547326e-09,合格,合格,3.8222923203862317e-19,3.8222923203862317e-19,0,3.4650915157041033e-94,1.972344886156649,619.65398666032854
rand,182,K,3,合格,0,合格,合格,4.4296470025478516e-10,4.7193744722156008e-11,3.9577095553262913e-10,7.9154203242498635e-10,合格,合格,1.851069005473772e-16,1.851069005473772e-16,0,2.0372540981960935e-94,1.972344886156649,619.65398666032854
rand,182,K,4,合格,0,合格,解像しない,6.1044903111459487e-10,5.0040999952271548e-09,4.3936509641125606e-09,1.7574603885637697e-08,合格,合格,0,0,0,4.523314280670432e-93,1.972344886156649,619.65398666032854
rand,183,D,0,合格,0,合格,合格,2.8043190153911103e-11,1.4898465954594956e-10,1.7702784969986066e-10,1.4162221498581387e-10,合格,合格,2.2107082280427885e-12,5.526219051239582e-13,1.6580863229188301e-12,3.645042537937495e-95,1.7358384068535218,24561.779533754492
rand,183,D,1,合格,0,合格,解像しない,5.3069854832853552e-09,1.3041318540570229e-08,7.7343330572848732e-09,3.0937331930697016e-08,合格,合格,2.1407082392585647e-16,2.1407082392585647e-16,0,7.9625848888875506e-93,1.7358384068535218,24561.779533754492
rand,183,D,2,合格,0,合格,合格,1.5141825831431183e-10,9.2934461833572979e-11,2.4435272014788481e-10,4.8870562896073672e-10,合格,合格,2.6889163644394063e-16,2.6889163644394063e-16,0,1.2578201846862934e-94,1.7358384068535218,24561.779533754492
rand,183,D,3,合格,0,合格,合格,5.1716575562743809e-11,1.5079021554712572e-10,9.907363998438192e-11,1.9814704550885298e-10,合格,合格,1.664507327366538e-16,1.664507327366538e-16,0,5.0998666396988153e-95,1.7358384068535218,24561.779533754492
rand,183,D,4,合格,0,合格,解像しない,2.5347908129245556e-07,2.5347908129245556e-07,0,2.6048524572324526e-06,合格,合格,1.8455593973857409e-16,1.8455593973857409e-16,0,6.7043140178356777e-91,1.7358384068535218,24561.779533754492
rand,183,K,0,合格,0,合格,合格,1.5546677215170966e-11,7.4949989483303315e-11,9.0496666698474281e-11,7.23972639055645e-11,合格,合格,1.8920080533155905e-12,4.7300201332889763e-13,1.4190060399866929e-12,1.8633454263690417e-95,1.7358384068535218,24561.779533754492
rand,183,K,1,合格,0,合格,合格,2.0226603735134149e-11,1.042347006012854e-10,1.2446130433641956e-10,1.6594854005201424e-10,合格,合格,1.6065142648310526e-20,1.6065142648310526e-20,0,4.2711483340294255e-95,1.7358384068535218,24561.779533754492
rand,183,K,2,合格,0,合格,合格,7.535947823975173e-11,2.784455771169388e-11,1.032040359514456e-10,4.1281624823458194e-10,合格,合格,2.3325186249853514e-16,2.3325186249853514e-16,0,1.06249770582782e-94,1.7358384068535218,24561.779533754492
rand,183,K,3,合格,0,合格,合格,2.9315613377486408e-11,1.1051544381175272e-10,1.3983105718923913e-10,1.8644149088885786e-10,合格,合格,1.655563203141717e-20,1.655563203141717e-20,0,4.7985915570833732e-95,1.7358384068535218,24561.779533754492
rand,183,K,4,合格,0,解像しない,解像しない,2.4707299761018974e-07,4.5319370091493177e-07,7.0026669852512157e-07,1.400533397375543e-06,合格,合格,0,0,0,3.6046631594819595e-91,1.7358384068535218,24561.779533754492
rand,184,D,0,合格,0,合格,合格,2.0988985163404466e-11,2.04637579488347e-10,2.2562656465175146e-10,4.5125304322784302e-10,合格,合格,3.7770060664982252e-13,9.4425151662455629e-14,2.8327545498736689e-13,1.1614255137190139e-94,217.96942636506199,91.321807567439322
rand,184,D,1,合格,0,合格,解像しない,1.31408947603251e-08,5.8386818110021513e-08,7.152771287034662e-08,7.1527713009289326e-08,合格,合格,1.8320621761048042e-19,1.8320621761048042e-19,0,1.8409651097912917e-92,217.96942636506199,91.321807567439322
rand,184,D,2,合格,0,合格,解像しない,1.7537540969327356e-08,1.7537540969327356e-08,1.0285693474364624e-11,4.2130199062559195e-08,合格,合格,3.7150878799973808e-15,3.7150878799973808e-15,0,1.0843381296513771e-92,217.96942636506199,91.321807567439322
rand,184,D,3,合格,0,合格,合格,8.4177411419641454e-11,8.4177411419641454e-11,1.5374335051628949e-13,6.297324145490244e-10,合格,合格,2.1945089034324199e-16,2.1945089034324199e-16,0,1.6207919349229288e-94,217.96942636506199,91.321807567439322
rand,184,D,4,合格,0,合格,合格,5.8366949021839679e-11,5.8366949021839679e-11,0,2.6551179224058072e-10,合格,合格,1.1619082214099236e-16,1.1619082214099236e-16,0,6.833686206206299e-95,217.96942636506199,91.321807567439322
rand,184,K,0,合格,0,合格,合格,9.6830196154078687e-11,9.6830196154078687e-11,3.7829154140546421e-14,1.5494816874158626e-10,合格,合格,1.2034254575919655e-12,3.0094971108257036e-13,9.0247574650939523e-13,3.9880231098996257e-95,217.96942636506199,91.321807567439322
rand,184,K,1,合格,0,合格,解像しない,2.1698586761377602e-09,2.1698586761377602e-09,2.8150201708881199e-12,1.1530322663509357e-08,合格,合格,0,0,0,2.9676499967781405e-93,217.96942636506199,91.321807567439322
rand,184,K,2,合格,0,合格,合格,1.7850683421437552e-10,8.405796425585338e-10,1.0190864767729094e-09,1.3587820116667656e-09,合格,合格,0,0,0,3.4972043282939476e-94,217.96942636506199,91.321807567439322
rand,184,K,3,合格,0,合格,合格,2.8780244192630972e-10,3.1111100183495614e-10,5.989134437612659e-10,1.1978269711699689e-09,合格,合格,0,0,0,3.0829416581577378e-94,217.96942636506199,91.321807567439322
rand,184,K,4,合格,0,合格,合格,4.1090983370471555e-11,9.2138514966358015e-12,5.0304834867107356e-11,2.0121936868704965e-10,合格,合格,0,0,0,5.1789414421649394e-95,217.96942636506199,91.321807567439322
rand,185,D,0,合格,0,合格,合格,1.5467652193740709e-11,1.0171631965205574e-10,1.1718397184579644e-10,5.8592003398937371e-11,合格,合格,1.9712960367023871e-12,4.9275530375120322e-13,1.4785407329511841e-12,1.5080285588916831e-95,25.495220333487694,35147.57919324941
rand,185,D,1,合格,0,合格,合格,7.3432695756757735e-11,1.1367455565914738e-10,1.871072514159051e-10,7.4842887582980135e-10,合格,合格,3.9389728769998679e-16,3.9389728769998679e-16,0,1.9262903699773595e-94,25.495220333487694,35147.57919324941
rand,185,D,2,合格,0,合格,合格,4.4303975194310954e-11,2.9537118984944305e-11,7.3841094179255259e-11,2.9536437848458994e-10,合格,合格,2.4332615792983143e-16,2.4332615792983143e-16,0,7.6020257406342917e-95,25.495220333487694,35147.57919324941
rand,185,D,3,合格,0,合格,合格,2.3647027414291494e-11,1.2501273855905287e-10,1.0136571114476138e-10,8.1092522002836619e-11,合格,合格,1.3806611428544376e-19,1.3806611428544376e-19,0,2.0871421354240238e-95,25.495220333487694,35147.57919324941
rand,185,D,4,合格,0,合格,解像しない,1.7581462032058745e-09,1.9872508146216347e-08,1.8114361943010474e-08,7.2457447651394441e-08,合格,合格,0,0,0,1.8648944228570893e-92,25.495220333487694,35147.57919324941
rand,185,K,0,合格,0,合格,合格,6.5484703074718692e-11,1.0631822648134055e-10,4.083352340662186e-11,8.1666944693312475e-11,合格,合格,2.0378651307963329e-12,5.0928523569030595e-13,1.5285798951060268e-12,2.101926504823632e-95,25.495220333487694,35147.57919324941
rand,185,K,1,合格,0,合格,合格,2.2278523880975528e-11,3.3079421360487992e-11,5.535794524146352e-11,2.2143193210674808e-10,合格,合格,2.3375783141644312e-16,2.3375783141644312e-16,0,5.6991681133333019e-95,25.495220333487694,35147.57919324941
rand,185,K,2,合格,0,合格,合格,4.0615722738795295e-11,7.8273822580800564e-11,1.1888954531959587e-10,2.3777923386239136e-10,合格,合格,2.4278631561238145e-16,2.4278631561238145e-16,0,6.1199114994312299e-95,25.495220333487694,35147.57919324941
rand,185,K,3,合格,0,合格,合格,9.3474627120032673e-11,3.7803148648564738e-10,2.8455685936561474e-10,2.8455685666156483e-10,合格,合格,2.4049523810590757e-19,2.4049523810590757e-19,0,7.3238640357170204e-95,25.495220333487694,35147.57919324941
rand,185,K,4,合格,0,合格,解像しない,1.7059593059360315e-08,1.7059593059360315e-08,0,1.1138484125400318e-07,合格,合格,1.9124844683286098e-16,1.9124844683286098e-16,0,2.8667994247436783e-92,25.495220333487694,35147.57919324941
rand,186,D,0,合格,0,合格,合格,1.5522274772038258e-11,8.2349965693788812e-11,6.6827690921750558e-11,5.3462158120293471e-11,合格,合格,2.0113730705794801e-12,5.0287843396892377e-13,1.5084946366105563e-12,1.3759976889072823e-95,25.892627503608473,1022.3726345976273
rand,186,D,1,合格,0,合格,合格,7.3059209577782911e-11,7.3059209577782911e-11,1.0741882589617688e-13,1.0999688667430557e-10,合格,合格,1.0837622143634556e-19,1.0837622143634556e-19,0,2.8310765440908817e-95,25.892627503608473,1022.3726345976273
rand,186,D,2,合格,0,合格,合格,6.8455270132733523e-11,3.4746486767412155e-10,4.1592013780685504e-10,8.3184010449739704e-10,合格,合格,2.6174089640320339e-19,2.6174089640320339e-19,0,2.1409724215647272e-94,25.892627503608473,1022.3726345976273
rand,186,D,3,合格,0,合格,合格,8.9533999545733535e-11,5.6725123130863214e-11,3.2808876414870315e-11,1.3123570473535553e-10,合格,合格,2.6647777108499653e-16,2.6647777108499653e-16,0,3.3777167395983235e-95,25.892627503608473,1022.3726345976273
rand,186,D,4,合格,0,合格,合格,1.321207196831342e-10,1.8368686801084702e-10,3.1580758769398122e-10,1.2632305823203476e-09,合格,合格,0,0,0,3.2512760856356115e-94,25.892627503608473,1022.3726345976273
rand,186,K,0,合格,0,合格,合格,3.2199781969070133e-11,1.191570470199119e-10,8.6957265050841772e-11,6.9565835354723757e-11,合格,合格,1.8948639223640728e-12,4.7388227841471789e-13,1.4209816439493548e-12,1.790470718739458e-95,25.892627503608473,1022.3726345976273
rand,186,K,1,合格,0,合格,合格,1.8684344319116785e-10,2.4169587156544015e-10,4.2853931475660795e-10,4.2853928973527169e-10,合格,合格,1.4744008142921115e-16,1.4744008142921115e-16,0,1.1029653366310182e-94,25.892627503608473,1022.3726345976273
rand,186,K,2,合格,0,合格,合格,2.9566117128284198e-10,2.9566117128284198e-10,1.3832929371996984e-13,1.1331957339130232e-09,合格,合格,1.1181760228960892e-16,1.1181760228960892e-16,0,2.9165951502283877e-94,25.892627503608473,1022.3726345976273
rand,186,K,3,合格,0,合格,合格,4.7228529965678579e-12,4.2235919730575905e-11,4.6958772727143768e-11,9.3917390431983381e-11,合格,合格,1.3133263804031751e-16,1.3133263804031751e-16,0,2.4172258795059405e-95,25.892627503608473,1022.3726345976273
rand,186,K,4,合格,0,合格,合格,1.7225010583420356e-10,1.7225010583420356e-10,0,1.9559955823962033e-09,合格,合格,0,0,0,5.0342999525647568e-94,25.892627503608473,1022.3726345976273
rand,187,D,0,合格,0,合格,合格,6.7005936262152926e-11,9.8084822283852912e-11,1.6509075854600582e-10,1.3207261961930085e-10,合格,合格,2.0070387165203659e-12,5.0189878633251183e-13,1.5051399301878542e-12,3.399257077411281e-95,25.10367343796635,1337.3258770098869
rand,187,D,1,合格,0,合格,合格,2.2068938177798096e-10,3.0744026821311967e-10,8.6750886435138715e-11,3.4700389976496164e-10,合格,合格,1.5280936097574707e-19,1.5280936097574707e-19,0,8.9311127890506573e-95,25.10367343796635,1337.3258770098869
rand,187,D,2,合格,0,合格,合格,4.1227516161507181e-12,1.1593042097169293e-10,1.1180766935554221e-10,2.2361557764376404e-10,合格,合格,8.5403471718605445e-21,8.5403471718605445e-21,0,5.7553703191171743e-95,25.10367343796635,1337.3258770098869
rand,187,D,3,合格,0,解像しない,解像しない,1.532484440552204e-07,4.6883370058743543e-07,6.2208214464265583e-07,6.2208214456106093e-07,合格,合格,1.4243380132058415e-16,1.4243380132058415e-16,0,1.6011018322539183e-91,25.10367343796635,1337.3258770098869
rand,187,D,4,合格,0,合格,合格,4.8560889008525457e-10,6.5372110671706323e-10,1.1393299968023179e-09,4.5573196855906114e-09,合格,合格,1.7994311666639044e-16,1.7994311666639044e-16,0,1.1729532767597001e-93,25.10367343796635,1337.3258770098869
rand,187,K,0,合格,0,合格,合格,2.7051054213478592e-11,1.0485012562299142e-11,3.7536066775777733e-11,7.5072119753656064e-11,合格,合格,1.9615325456861649e-12,4.9047385291714859e-13,1.4710586927690161e-12,1.932190298976925e-95,25.10367343796635,1337.3258770098869
rand,187,K,1,合格,0,合格,合格,3.5383231054487546e-11,7.0542530191517072e-11,3.5159299137029519e-11,1.4063777596624051e-10,合格,合格,1.1031250662964248e-20,1.1031250662964248e-20,0,3.6197052552046285e-95,25.10367343796635,1337.3258770098869
rand,187,K,2,合格,0,合格,合格,9.5575037765592291e-11,2.0667437324796968e-10,3.0224941101356195e-10,1.7271390183054198e-10,合格,合格,4.3976311819002309e-16,4.3976311819002309e-16,0,4.4452737808722122e-95,25.10367343796635,1337.3258770098869
rand,187,K,3,合格,0,合格,合格,1.6222266958460184e-09,1.1800218311125491e-09,2.8022485269585675e-09,5.6044971472673912e-09,合格,合格,2.0297578167237409e-16,2.0297578167237409e-16,0,1.4424735912784089e-93,25.10367343796635,1337.3258770098869
rand,187,K,4,合格,0,合格,合格,2.0038116288809406e-10,2.0038116288809406e-10,0,4.1372025367165548e-09,合格,合格,0,0,0,1.0648244158520842e-93,25.10367343796635,1337.3258770098869
rand,188,D,0,合格,0,合格,合格,7.6131116485896617e-12,2.6132927452337806e-10,2.537161628747884e-10,5.9697933331835458e-11,合格,合格,1.858298046722504e-12,4.6443270882619699e-13,1.3938653378963073e-12,1.5364927489892301e-95,2.5176245211088442,37.172377751185081
rand,188,D,1,合格,0,合格,解像しない,5.9294078197698828e-09,1.2438645065128824e-08,1.8368052884898708e-08,3.6736105525734533e-08,合格,合格,3.6176632935561194e-15,3.6176632935561194e-15,0,9.4550609403246595e-93,2.5176245211088442,37.172377751185081
rand,188,D,2,合格,0,合格,合格,2.5679118724662788e-11,1.0221921772985219e-10,1.2789833645451498e-10,1.7053112334494141e-10,合格,合格,0,0,0,4.3890938910738086e-95,2.5176245211088442,37.172377751185081
rand,188,D,3,合格,0,合格,合格,5.5456456621478376e-11,1.050746549784115e-10,4.9618198356933125e-11,9.9236374377994074e-11,合格,合格,0,0,0,2.5541247604036702e-95,2.5176245211088442,37.172377751185081
rand,188,D,4,合格,0,合格,合格,1.5242182001787694e-10,1.5242182001787694e-10,0,1.2774735373241975e-09,合格,合格,1.7370463273439298e-16,1.7370463273439298e-16,0,3.287934301198871e-94,2.5176245211088442,37.172377751185081
rand,188,K,0,合格,0,合格,合格,9.1234851718367388e-11,8.5660455570755995e-11,1.768953072891234e-10,8.8447697457484746e-11,合格,合格,2.0836796512487899e-12,5.2079700602978018e-13,1.5628826452190098e-12,2.2764480815912385e-95,2.5176245211088442,37.172377751185081
rand,188,K,1,合格,0,合格,合格,1.6125560472460356e-10,1.6635760616385736e-11,1.4461984410821784e-10,1.4461993758680223e-10,合格,合格,2.0454642341553835e-16,2.0454642341553835e-16,0,3.7221972865666825e-95,2.5176245211088442,37.172377751185081
rand,188,K,2,合格,0,合格,合格,8.0896929460271369e-11,2.448363307047159e-10,1.6393940124444455e-10,3.2787886671309236e-10,合格,合格,1.642080456070577e-16,1.642080456070577e-16,0,8.4388767438757743e-95,2.5176245211088442,37.172377751185081
rand,188,K,3,合格,0,合格,合格,2.9058777530267727e-10,2.0769951897696517e-09,1.7864074144669747e-09,1.4291259499513715e-09,合格,合格,6.9791204073649056e-16,6.9791204073649056e-16,0,3.6782540649889443e-94,2.5176245211088442,37.172377751185081
rand,188,K,4,合格,0,合格,合格,2.3900370326558973e-10,5.4004826579302791e-10,7.7905196905861759e-10,1.5581040391439117e-09,合格,合格,1.9214477946349003e-16,1.9214477946349003e-16,0,4.0102151359380168e-94,2.5176245211088442,37.172377751185081
rand,189,D,0,合格,0,合格,合格,5.8195062805976183e-11,9.6884436229918645e-11,1.5507949903589483e-10,3.8769863190935029e-11,合格,合格,1.9991164866091863e-12,4.9981767593152609e-13,1.4992988106776601e-12,9.978505175556739e-96,2.3623080257431845,2148.2166278992854
rand,189,D,1,合格,0,合格,合格,5.8080304890229415e-09,1.0602933289332235e-08,1.6410963778355177e-08,8.2054818543485483e-09,合格,合格,8.6082549278376081e-16,8.6082549278376081e-16,0,2.1119095197297033e-93,2.3623080257431845,2148.2166278992854
rand,189,D,2,合格,0,合格,合格,4.7047129404314715e-11,3.0283073389443464e-10,3.4987786329874936e-10,1.7493896857895727e-10,合格,合格,1.2103836778437318e-16,1.2103836778437318e-16,0,4.5025420770116028e-95,2.3623080257431845,2148.2166278992854
rand,189,D,3,合格,0,合格,合格,7.5877204004373952e-11,7.5877204004373952e-11,4.8954580937762129e-14,5.0129546926945272e-11,合格,合格,1.4657531580026146e-16,1.4657531580026146e-16,0,1.2902236487019542e-95,2.3623080257431845,2148.2166278992854
rand,189,D,4,合格,0,解像しない,解像しない,8.5100184301970495e-08,3.8070099000568503e-07,2.9560080570371453e-07,1.4780040282999087e-07,合格,合格,1.770664373701575e-16,1.770664373701575e-16,0,3.8040554265697573e-92,2.3623080257431845,2148.2166278992854
rand,189,K,0,合格,0,合格,合格,1.3250824028212081e-10,3.1339670668462737e-11,1.6384791095058353e-10,3.2769578910395204e-11,合格,合格,2.0004766713075236e-12,4.9998529100851017e-13,1.5004913802990133e-12,8.4341647311938147e-96,2.3623080257431845,2148.2166278992854
rand,189,K,1,合格,0,合格,合格,1.3227730982616574e-10,1.7107476822660527e-10,3.8797458400439528e-11,3.8797525250443804e-11,合格,合格,8.5569936286184883e-20,8.5569936286184883e-20,0,9.9856247777749747e-96,2.3623080257431845,2148.2166278992854
rand,189,K,2,合格,0,合格,合格,2.0726627018054965e-10,4.3788217185876907e-10,2.3061590167821945e-10,2.3061597280113135e-10,合格,合格,3.5897473809553026e-16,3.5897473809553026e-16,0,5.9355450052250811e-95,2.3623080257431845,2148.2166278992854
rand,189,K,3,合格,0,合格,合格,6.2804399604480154e-10,1.1797927518626924e-08,1.2425971514671726e-08,2.4851943104268493e-09,合格,合格,1.1480032559420115e-16,1.1480032559420115e-16,0,6.3963404169702465e-94,2.3623080257431845,2148.2166278992854
rand,189,K,4,合格,0,解像しない,解像しない,5.2230385770081407e-07,2.2626766324121949e-07,7.4857152094203356e-07,3.7428576047650434e-07,合格,合格,0,0,0,9.6332875348532136e-92,2.3623080257431845,2148.2166278992854
rand,190,D,0,合格,0,合格,合格,8.8163752617816925e-11,8.7295864151458233e-11,1.7545961676927514e-10,1.4621627329684442e-11,合格,合格,1.9642521414114328e-12,4.9097488905320767e-13,1.4732772523582251e-12,3.7632834365645149e-96,3935.9638838115043,1292.8645174827925
rand,190,D,1,合格,0,合格,合格,1.6808285579752661e-11,2.6646959177741948e-10,2.8327787735717215e-10,7.0819463663613635e-11,合格,合格,4.7313940190004747e-20,4.7313940190004747e-20,0,1.8227363383184483e-95,3935.9638838115043,1292.8645174827925
rand,190,D,2,合格,0,合格,合格,1.1762066542415508e-10,2.9839705345107115e-10,1.8077638802691607e-10,2.2597057223435044e-11,合格,合格,3.8897973733319577e-16,3.8897973733319577e-16,0,5.8159826705068202e-96,3935.9638838115043,1292.8645174827925
rand,190,D,3,合格,0,合格,合格,1.3131848585033821e-08,1.3131848585033821e-08,3.9521802610492679e-11,3.3725269062616166e-09,合格,合格,1.5495848788690002e-15,1.5495848788690002e-15,0,8.6801382360060581e-94,3935.9638838115043,1292.8645174827925
rand,190,D,4,合格,0,合格,合格,9.219746536583459e-11,9.219746536583459e-11,0,1.0286621503650667e-10,合格,合格,0,0,0,2.6475488295551009e-95,3935.9638838115043,1292.8645174827925
rand,190,K,0,合格,0,合格,合格,1.0132295297363703e-10,6.0698458693550822e-11,1.6202141166718785e-10,1.3501780543673038e-11,合格,合格,1.7686466572710117e-12,4.4220336587998226e-13,1.3264432913910296e-12,3.4750596454457959e-96,3935.9638838115043,1292.8645174827925
rand,190,K,1,合格,0,合格,合格,8.0208814564807182e-11,8.0208814564807182e-11,4.7609900231269469e-13,6.0940693409328301e-11,合格,合格,2.1074086074977454e-16,2.1074086074977454e-16,0,1.5684786443331609e-95,3935.9638838115043,1292.8645174827925
rand,190,K,2,合格,0,合格,合格,7.9737915349747103e-10,7.6109304431756651e-10,1.5584721978150375e-09,3.896180489011028e-10,合格,合格,1.1338558726815653e-16,1.1338558726815653e-16,0,1.0027906723072987e-94,3935.9638838115043,1292.8645174827925
rand,190,K,3,合格,0,合格,合格,9.2642586487927412e-12,9.7706686604254485e-11,8.8442427955461752e-11,2.2110609588868338e-11,合格,合格,1.4887843940400052e-16,1.4887843940400052e-16,0,5.6907818098471894e-96,3935.9638838115043,1292.8645174827925
rand,190,K,4,合格,0,合格,合格,6.6300563673231626e-11,3.3933224863552877e-10,4.0563281230876043e-10,1.0140819071775186e-10,合格,合格,0,0,0,2.6100225088169245e-95,3935.9638838115043,1292.8645174827925
rand,191,D,0,合格,0,合格,合格,6.7005135635880128e-11,1.6287834892651515e-11,8.329297052853164e-11,6.6634392914801809e-11,合格,合格,1.5186464941510671e-12,3.7959776119570827e-13,1.1390487329553588e-12,1.7150218748409135e-95,0.8301973576558549,41546.309244019743
rand,191,D,1,合格,0,合格,合格,4.7276380267726054e-11,2.1732712716560799e-10,2.6460350743333406e-10,1.7640223346659105e-10,合格,合格,2.1991775835907792e-16,2.1991775835907792e-16,0,4.5402032784003093e-95,0.8301973576558549,41546.309244019743
rand,191,D,2,合格,0,合格,解像しない,4.480508924193077e-09,4.480508924193077e-09,4.2621048255763463e-12,1.7457580993451729e-08,合格,合格,3.3086024372200877e-16,3.3086024372200877e-16,0,4.493195176829763e-93,0.8301973576558549,41546.309244019743
rand,191,D,3,合格,0,合格,合格,4.6293033283793243e-11,6.9263579432882129e-12,5.3219391227081456e-11,1.0643862742444942e-10,合格,合格,0,0,0,2.7394948220564223e-95,0.8301973576558549,41546.309244019743
rand,191,D,4,合格,0,解像しない,解像しない,1.4052924890747722e-07,2.7690294262154217e-07,4.1743219152901941e-07,1.6697287660067464e-06,合格,合格,0,0,0,4.2975124909055571e-91,0.8301973576558549,41546.309244019743
rand,191,K,0,合格,0,合格,合格,2.8455259226436128e-11,1.5976943494964478e-10,1.8822469417608091e-10,1.0755700778504137e-10,合格,合格,2.776592910677621e-12,6.9419689542707672e-13,2.0823960152505442e-12,2.7682794586218078e-95,0.8301973576558549,41546.309244019743
rand,191,K,1,合格,0,合格,解像しない,4.2730584778329998e-09,4.2730584778329998e-09,1.3086112530276072e-12,2.1440285573304837e-08,合格,合格,1.1104158958220662e-15,1.1104158958220662e-15,0,5.5182552361613602e-93,0.8301973576558549,41546.309244019743
rand,191,K,2,合格,0,合格,合格,1.9040284473392931e-10,6.0275518506063622e-10,7.9315802979456555e-10,7.9315796951649973e-10,合格,合格,1.5232495670638147e-16,1.5232495670638147e-16,0,2.0414131628158549e-94,0.8301973576558549,41546.309244019743
rand,191,K,3,合格,0,合格,合格,3.2493627489786644e-12,9.6039598062774439e-11,9.2790235313795783e-11,1.2372024276114848e-10,合格,合格,7.8038606304399121e-20,7.8038606304399121e-20,0,3.184285372979884e-95,0.8301973576558549,41546.309244019743
rand,191,K,4,合格,0,解像しない,解像しない,3.9499897289272571e-08,5.3778304307954144e-07,4.9828314579026894e-07,1.993132582686559e-06,合格,合格,1.5059742052663725e-16,1.5059742052663725e-16,0,5.1298823764121053e-91,0.8301973576558549,41546.309244019743
rand,192,D,0,合格,0,合格,合格,2.220140501849233e-10,1.6829366260252014e-10,3.9030771278744342e-10,3.9030783827954577e-10,合格,合格,7.9096624853564255e-12,1.9774831537191938e-12,5.9321793316372321e-12,1.0045660375823679e-94,368.08892744103139,54.258280463076517
rand,192,D,1,合格,0,合格,合格,5.7672415851991143e-10,4.5949896292508733e-09,5.1717137877707845e-09,2.2985394819199594e-09,合格,合格,2.5153014310925314e-16,2.5153014310925314e-16,0,5.915932177424499e-94,368.08892744103139,54.258280463076517
rand,192,D,2,合格,0,合格,合格,1.0274949698057156e-10,6.9486370180428831e-11,1.7223586716100038e-10,1.1482391166085527e-10,合格,合格,3.4297658506218638e-16,3.4297658506218638e-16,0,2.9553134896112103e-95,368.08892744103139,54.258280463076517
rand,192,D,3,合格,0,合格,合格,3.7540481661416688e-11,5.2438875857299569e-11,8.9979357518716257e-11,1.199724088734837e-10,合格,合格,2.3052537902894848e-16,2.3052537902894848e-16,0,3.0878244191173125e-95,368.08892744103139,54.258280463076517
rand,192,D,4,合格,0,合格,合格,6.875722395118889e-11,1.3579380512884715e-10,6.7036581177658265e-11,6.7036638028627448e-11,合格,合格,1.4856180051205522e-16,1.4856180051205522e-16,0,1.7253747742834115e-95,368.08892744103139,54.258280463076517
rand,192,K,0,合格,0,合格,合格,1.8351494412375152e-11,1.7810765593075944e-09,1.7627250648952194e-09,2.3503001677183048e-09,合格,合格,1.4051326376401204e-11,3.5135300296715993e-12,1.0537796346729605e-11,6.0491527329331705e-94,368.08892744103139,54.258280463076517
rand,192,K,1,合格,0,合格,解像しない,1.3878594605076142e-08,2.6706726938316545e-09,1.6549267298907796e-08,6.6197069248599901e-08,合格,合格,3.5096845441564206e-16,3.5096845441564206e-16,0,1.7037661310558555e-92,368.08892744103139,54.258280463076517
rand,192,K,2,合格,0,合格,合格,8.8973423874916568e-11,1.7150489274593303e-10,2.6047831662084961e-10,1.7365223461366066e-10,合格,合格,1.3180740278880601e-16,1.3180740278880601e-16,0,4.4694243910681585e-95,368.08892744103139,54.258280463076517
rand,192,K,3,合格,0,解像しない,解像しない,4.1108037235396976e-08,6.5832550069077602e-08,1.0694058730447458e-07,4.2776234898328371e-07,合格,合格,2.3690029279876994e-19,2.3690029279876994e-19,0,1.1009656629987868e-91,368.08892744103139,54.258280463076517
rand,192,K,4,合格,0,合格,合格,2.6352541072180082e-11,2.5398960686980746e-10,2.8034214794198756e-10,1.8689483925205901e-10,合格,合格,1.3239023507515665e-16,1.3239023507515665e-16,0,4.8102597411217183e-95,368.08892744103139,54.258280463076517
rand,193,D,0,合格,0,合格,合格,1.8014157767893418e-11,2.1261468785549932e-10,2.3062884562339273e-10,4.6125756605426369e-11,合格,合格,1.9025463985253112e-12,4.758867372067321e-13,1.4266596613185792e-12,1.1871749424210879e-95,0.10521983279421659,2518.6608510438273
rand,193,D,1,合格,0,合格,合格,1.1265243294546091e-10,1.2345033576638751e-11,1.0030739936882216e-10,4.0122934714459695e-10,合格,合格,1.3858211713652464e-16,1.3858211713652464e-16,0,1.0326755855057362e-94,0.10521983279421659,2518.6608510438273
rand,193,D,2,合格,0,合格,合格,2.3444054045507551e-11,5.7415298951144226e-11,8.085935299665178e-11,1.61718641493613e-10,合格,合格,1.2240919604801303e-16,1.2240919604801303e-16,0,4.1622801018945343e-95,0.10521983279421659,2518.6608510438273
rand,193,D,3,合格,0,合格,合格,5.6981401556059863e-11,5.6981401556059863e-11,1.5020125887139292e-13,7.6903036682312409e-11,合格,合格,3.855735014806109e-16,3.855735014806109e-16,0,1.9793140506358773e-95,0.10521983279421659,2518.6608510438273
rand,193,D,4,合格,0,合格,解像しない,3.1195877825552596e-08,3.1195877825552596e-08,0,1.8039274547017967e-06,合格,合格,0,0,0,4.6429102301499888e-91,0.10521983279421659,2518.6608510438273
rand,193,K,0,合格,0,合格,合格,4.4069387775839998e-11,8.9993271753305796e-11,4.5923883977465798e-11,3.6739143582420005e-11,合格,合格,2.077819042351806e-12,5.1955892236067825e-13,1.5582601199911279e-12,9.4558428689120864e-96,0.10521983279421659,2518.6608510438273
rand,193,K,1,合格,0,合格,合格,1.0838911944150911e-10,8.0245366282695716e-11,1.8863448572420484e-10,1.0779118979468335e-10,合格,合格,1.5214237610382248e-16,1.5214237610382248e-16,0,2.7743067855270552e-95,0.10521983279421659,2518.6608510438273
rand,193,K,2,合格,0,合格,合格,2.672535967077064e-11,1.6386212286560451e-09,1.6118958689852744e-09,1.0745972066891469e-09,合格,合格,3.9543330133566087e-16,3.9543330133566087e-16,0,2.7657755034569312e-94,0.10521983279421659,2518.6608510438273
rand,193,K,3,合格,0,合格,合格,4.0596921837507911e-11,2.1695518471716823e-10,1.7635826287966033e-10,5.8786071054165194e-11,合格,合格,1.2448702134308656e-21,1.2448702134308656e-21,0,1.5130234310493743e-95,0.10521983279421659,2518.6608510438273
rand,193,K,4,合格,0,合格,解像しない,3.2930221858149975e-08,3.2930221858149975e-08,0,3.1693710923864671e-06,合格,合格,1.1782879139017467e-16,1.1782879139017467e-16,0,8.1572601102272681e-91,0.10521983279421659,2518.6608510438273
rand,194,D,0,合格,0,合格,合格,1.4449824061870027e-11,9.796620593722036e-10,9.6521223531033371e-10,9.6521227106023958e-10,合格,合格,2.3802946594129268e-12,5.9503198427153717e-13,1.7852626751413897e-12,2.4842428756719043e-94,27.07280050146564,40512.873788266414
rand,194,D,1,合格,0,合格,解像しない,6.9230048491948961e-09,8.3980401512533876e-09,1.5321045000448282e-08,3.0642089925280497e-08,合格,合格,2.6340160695393816e-16,2.6340160695393816e-16,0,7.8865961276019725e-93,27.07280050146564,40512.873788266414
rand,194,D,2,合格,0,合格,合格,2.3648780544406071e-10,2.531074667363724e-10,4.8959527218043317e-10,9.7919052617685898e-10,合格,合格,3.4611151351109639e-20,3.4611151351109639e-20,0,2.5202198122784415e-94,27.07280050146564,40512.873788266414
rand,194,D,3,合格,0,合格,解像しない,1.1277493110218586e-09,1.0741623906605074e-08,1.1869373217626933e-08,2.373874642759464e-08,合格,合格,2.464879899143002e-15,2.464879899143002e-15,0,6.1098282168910923e-93,27.07280050146564,40512.873788266414
rand,194,D,4,合格,0,合格,解像しない,3.2444944150809219e-08,1.4729785636630178e-08,4.7174729787439395e-08,1.8869891903444379e-07,合格,合格,1.5448893306806625e-16,1.5448893306806625e-16,0,4.8566927640008211e-92,27.07280050146564,40512.873788266414
rand,194,K,0,合格,0,合格,合格,8.3570198144734454e-11,6.7827069828897627e-11,1.5139726797363208e-10,1.5139734084737481e-10,合格,合格,1.9385019398053307e-12,4.8477922043349979e-13,1.4537227193718309e-12,3.8966326545209111e-95,27.07280050146564,40512.873788266414
rand,194,K,1,合格,0,合格,合格,3.6334427229049364e-12,1.1906259737759181e-10,1.2269604010049675e-10,2.453917711500034e-10,合格,合格,3.840239626808578e-16,3.840239626808578e-16,0,6.3158413698810085e-95,27.07280050146564,40512.873788266414
rand,194,K,2,合格,0,合格,解像しない,1.5384281754494938e-10,1.5384281754494938e-10,2.2870929980362453e-11,9.3679329206712942e-08,合格,合格,6.2661100056730681e-16,6.2661100056730681e-16,0,2.4110987101714459e-92,27.07280050146564,40512.873788266414
rand,194,K,3,合格,0,合格,合格,1.8143881599560163e-10,2.8014692956107624e-10,9.8708113565474603e-11,3.9483223361817581e-10,合格,合格,1.1322503497468373e-16,1.1322503497468373e-16,0,1.0162108303639274e-94,27.07280050146564,40512.873788266414
rand,194,K,4,合格,0,合格,解像しない,2.1822443522260786e-08,2.1822443522260786e-08,0,1.2542351875579413e-07,合格,合格,1.4952930760266035e-16,1.4952930760266035e-16,0,3.2281239293458687e-92,27.07280050146564,40512.873788266414
rand,195,D,0,合格,0,合格,合格,1.2017528001319064e-10,5.5145818538635307e-10,6.7163346539954376e-10,3.3581675029340782e-10,合格,合格,2.9005471492441324e-12,7.245317142974228e-13,2.1760154349467096e-12,8.6431803082166068e-95,121.9426938512465,8.0712291044721098
rand,195,D,1,合格,0,合格,合格,1.2728594572987684e-10,6.5413915876863744e-11,6.1872029853013092e-11,2.4748846094280118e-10,合格,合格,1.2610859587875281e-16,1.2610859587875281e-16,0,6.3698055271593904e-95,121.9426938512465,8.0712291044721098
rand,195,D,2,合格,0,合格,解像しない,3.2625738816843905e-09,8.9505316813489167e-09,1.2213105563033307e-08,1.221310556554179e-08,合格,合格,4.276041741983115e-16,4.276041741983115e-16,0,3.1433832122439433e-93,121.9426938512465,8.0712291044721098
rand,195,D,3,合格,0,合格,合格,8.6222423055733992e-11,1.8149657582968897e-10,2.6771899888542295e-10,1.3385945044167037e-10,合格,合格,4.5151498666589387e-20,4.5151498666589387e-20,0,3.445246150215199e-95,121.9426938512465,8.0712291044721098
rand,195,D,4,合格,0,合格,合格,4.9178276648932863e-11,1.0065105283517607e-10,5.1472776186243202e-11,6.8630371745181876e-11,合格,合格,0,0,0,1.7663939547246157e-95,121.9426938512465,8.0712291044721098
rand,195,K,0,合格,0,合格,合格,8.87027111065705e-10,2.3863986998981521e-09,1.499371588832447e-09,8.5678377456949682e-10,合格,合格,5.1491015339196901e-12,1.2872468464832372e-12,3.8618546874364525e-12,2.2051719106591391e-94,121.9426938512465,8.0712291044721098
rand,195,K,1,合格,0,合格,合格,9.5599261098533203e-11,3.4409091563506071e-11,1.3000835266203928e-10,2.6001650986644726e-10,合格,合格,1.7971947959629203e-16,1.7971947959629203e-16,0,6.692249793750096e-95,121.9426938512465,8.0712291044721098
rand,195,K,2,合格,0,合格,合格,2.8420273759369932e-11,3.2867939304373139e-10,3.0025911928436145e-10,3.0025916848256822e-10,合格,合格,1.9280923304027741e-16,1.9280923304027741e-16,0,7.728006807649018e-95,121.9426938512465,8.0712291044721098
rand,195,K,3,合格,0,合格,解像しない,6.9783994927818587e-09,6.9783994927818587e-09,0,4.0073804447991976e-08,合格,合格,7.7456264054730709e-16,7.7456264054730709e-16,0,1.0314110811255938e-92,121.9426938512465,8.0712291044721098
rand,195,K,4,合格,0,合格,合格,5.0398259553203199e-11,1.1014630913014813e-10,5.9748049576944924e-11,1.194960795559343e-10,合格,合格,1.4647037666042751e-16,1.4647037666042751e-16,0,3.075564756149125e-95,121.9426938512465,8.0712291044721098
rand,196,D,0,合格,0,合格,合格,1.3811832499600933e-09,6.7460482699308244e-09,5.3648650199707311e-09,2.6824325098438982e-09,合格,合格,2.9473455246577797e-11,7.3694848504424715e-12,2.2103970396135326e-11,6.9039879121413657e-94,3616.4493492479992,44.618089570507891
rand,196,D,1,合格,0,合格,合格,2.0083076953827152e-11,2.0083076953827152e-11,5.968505624690538e-16,1.5646079211089686e-10,合格,合格,0,0,0,4.0269546894231332e-95,3616.4493492479992,44.618089570507891
rand,196,D,2,合格,0,合格,合格,1.3455685609349767e-09,1.9734828212052566e-09,6.2791426027027972e-10,2.5116568488068613e-09,合格,合格,2.5561593643384339e-21,2.5561593643384339e-21,0,6.4644491371075562e-94,3616.4493492479992,44.618089570507891
rand,196,D,3,合格,0,合格,合格,9.7302599296748926e-12,1.8711768346401331e-10,1.9684794339368819e-10,2.6246383142934612e-10,合格,合格,2.1799618975411434e-16,2.1799618975411434e-16,0,6.75523843717494e-95,3616.4493492479992,44.618089570507891
rand,196,D,4,合格,0,合格,合格,3.8584909738982054e-11,1.413932461360885e-11,2.4445585125373204e-11,9.7782546415785262e-11,合格,合格,0,0,0,2.5167064446004262e-95,3616.4493492479992,44.618089570507891
rand,196,K,0,合格,0,合格,合格,2.0893506852179011e-10,5.7721911268906375e-11,2.666569797906965e-10,3.5554257061469287e-10,合格,合格,3.6356816798405437e-12,9.0862098974436919e-13,2.7270606900961745e-12,9.1508792887331745e-95,3616.4493492479992,44.618089570507891
rand,196,K,1,合格,0,合格,合格,3.8836470690263376e-10,2.0097963564934489e-10,1.8738507125328885e-10,7.4954085126768918e-10,合格,合格,1.8159984499139788e-16,1.8159984499139788e-16,0,1.9291523487796602e-94,3616.4493492479992,44.618089570507891
rand,196,K,2,合格,0,合格,合格,1.9325411588735881e-10,6.7981312773740029e-10,8.7306724362475918e-10,6.9845380795342645e-10,合格,合格,1.7572869330413721e-16,1.7572869330413721e-16,0,1.7976656000117527e-94,3616.4493492479992,44.618089570507891
rand,196,K,3,合格,0,合格,合格,6.8128853199562834e-11,1.4634708756900901e-10,2.1447594076857184e-10,2.1447596996001844e-10,合格,合格,1.9451659314587373e-16,1.9451659314587373e-16,0,5.5201370346310494e-95,3616.4493492479992,44.618089570507891
rand,196,K,4,合格,0,合格,合格,2.2367705565633279e-11,2.2367705565633279e-11,0,2.1664677953886126e-10,合格,合格,2.0956102501155446e-16,2.0956102501155446e-16,0,5.5760088712453607e-95,3616.4493492479992,44.618089570507891
rand,197,D,0,合格,0,合格,合格,6.9666803242198367e-11,2.6091300680329176e-10,1.9124620356109338e-10,7.649847453275682e-10,合格,合格,7.6041376800546598e-12,1.9013259833216575e-12,5.7028116967330015e-12,1.9689015158190955e-94,1618.610572732423,46.688224807772713
rand,197,D,1,合格,0,合格,合格,6.5483513620885728e-10,1.0985889530566298e-09,4.4375381684777247e-10,1.775015468352633e-09,合格,合格,1.3875454269796936e-16,1.3875454269796936e-16,0,4.568497172770872e-94,1618.610572732423,46.688224807772713
rand,197,D,2,合格,0,合格,合格,1.742643484152434e-10,2.1468429818244783e-10,3.8894864659769123e-10,1.5557946032006768e-10,合格,合格,1.0210700374807949e-20,1.0210700374807949e-20,0,4.0042711586795223e-95,1618.610572732423,46.688224807772713
rand,197,D,3,合格,0,合格,合格,2.9749442283923487e-12,3.1275528042892146e-10,3.1573022465731378e-10,6.3146036063961282e-10,合格,合格,3.387161822147727e-16,3.387161822147727e-16,0,1.6252392859293288e-94,1618.610572732423,46.688224807772713
rand,197,D,4,合格,0,合格,合格,8.0846246160019293e-11,1.1524655026741969e-10,3.4400304107400387e-11,1.3760128256218676e-10,合格,合格,1.8911137191061481e-16,1.8911137191061481e-16,0,3.5415526318675961e-95,1618.610572732423,46.688224807772713
rand,197,K,0,合格,0,合格,合格,4.1752232186597338e-10,6.9251106151902113e-10,1.1100333833849946e-09,3.700110937956465e-10,合格,合格,1.742379549238013e-12,4.3586768349527915e-13,1.3065118657427337e-12,9.5232670702757342e-95,1618.610572732423,46.688224807772713
rand,197,K,1,合格,0,解像しない,解像しない,1.835208552178417e-09,1.1073946569159892e-07,1.1257467424377735e-07,4.0936245158542795e-08,合格,合格,2.2432005161322391e-16,2.2432005161322391e-16,0,1.0536083972509041e-92,1618.610572732423,46.688224807772713
rand,197,K,2,合格,0,合格,合格,5.4967804457469504e-10,1.0038607989586918e-09,4.5418275438399689e-10,1.8167316057448629e-09,合格,合格,1.9025202203186858e-16,1.9025202203186858e-16,0,4.675865282589204e-94,1618.610572732423,46.688224807772713
rand,197,K,3,合格,0,合格,合格,6.412059886785297e-11,1.3665340142339341e-10,7.2532802555540441e-11,1.4506554817924217e-10,合格,合格,0,0,0,3.7336663175019901e-95,1618.610572732423,46.688224807772713
rand,197,K,4,合格,0,合格,合格,2.7902073658774992e-11,3.322231878803773e-12,2.4579841779971217e-11,9.8319479788112826e-11,合格,合格,1.1627172081348732e-16,1.1627172081348732e-16,0,2.5305259218792433e-95,1618.610572732423,46.688224807772713
rand,198,D,0,合格,0,合格,合格,5.5714205050164586e-11,5.5714205050164586e-11,5.0683475412017151e-14,1.3839972374226487e-10,合格,合格,1.9945725786841291e-12,4.9867919724457514e-13,1.4958933814395539e-12,3.5621027416488705e-95,5.7206152081735855,46630.684694450196
rand,198,D,1,合格,0,合格,合格,1.1462522316745457e-10,2.7252343942111686e-11,8.7372879225342887e-11,3.4949159267620577e-10,合格,合格,6.5715555582639333e-20,6.5715555582639333e-20,0,8.9951405016783599e-95,5.7206152081735855,46630.684694450196
rand,198,D,2,合格,0,合格,合格,3.7810455400635088e-12,1.5031274986153994e-10,1.5409379540160343e-10,6.163750275436428e-10,合格,合格,9.3220514350517812e-21,9.3220514350517812e-21,0,1.5864129754954219e-94,5.7206152081735855,46630.684694450196
rand,198,D,3,合格,0,合格,合格,4.4895140095807219e-11,4.6912071016529301e-11,9.180721111233652e-11,3.6722884725413847e-10,合格,合格,6.6772632119725463e-20,6.6772632119725463e-20,0,9.45165819877318e-95,5.7206152081735855,46630.684694450196
rand,198,D,4,合格,0,合格,解像しない,1.1170301472389209e-08,4.2413734257597013e-08,5.3584035729986222e-08,5.3584035771110519e-08,合格,合格,0,0,0,1.3791345500395315e-92,5.7206152081735855,46630.684694450196
rand,198,K,0,合格,0,合格,合格,1.7015902038126537e-10,1.7015902038126537e-10,2.9584834655293155e-13,1.2117947999299654e-09,合格,合格,2.0148860414596686e-12,5.0383654153878449e-13,1.5110494999208841e-12,3.1188917596286925e-94,5.7206152081735855,46630.684694450196
rand,198,K,1,合格,0,合格,解像しない,4.691027596972625e-09,6.2409506480520298e-10,5.3151226617778279e-09,2.1260490258062703e-08,合格,合格,1.8656363649128777e-18,1.8656363649128777e-18,0,5.4719798991850879e-93,5.7206152081735855,46630.684694450196
rand,198,K,2,合格,0,合格,合格,2.011320555285035e-09,4.1510548461312526e-09,6.1623754014162876e-09,8.2165004826130371e-09,合格,合格,1.5616770369397212e-16,1.5616770369397212e-16,0,2.1147454709071231e-93,5.7206152081735855,46630.684694450196
rand,198,K,3,合格,0,合格,合格,1.8247063051696129e-10,1.8247063051696129e-10,7.5439219380210918e-13,1.5449955746034686e-09,合格,合格,3.0779005506418988e-19,3.0779005506418988e-19,0,3.9764768478723016e-94,5.7206152081735855,46630.684694450196
rand,198,K,4,合格,0,合格,解像しない,2.2419177493407916e-08,2.2419177493407916e-08,0,1.0835105115894207e-07,合格,合格,1.8095590609813117e-16,1.8095590609813117e-16,0,2.7887163786002546e-92,5.7206152081735855,46630.684694450196
rand,199,D,0,合格,0,合格,合格,4.8246010982342329e-10,4.8246010982342329e-10,2.685102489204203e-14,5.8656965860487708e-10,合格,合格,4.194279209343176e-12,1.0474704164759357e-12,3.1468087928672399e-12,1.5097005489516029e-94,7022.9746019647018,77.341818187586796
rand,199,D,1,合格,0,合格,合格,2.4000529593142115e-10,3.1915619425062453e-10,5.5916149018204568e-10,4.4732917281916131e-10,合格,合格,1.4794256252526288e-16,1.4794256252526288e-16,0,1.1513263392678647e-94,7022.9746019647018,77.341818187586796
rand,199,D,2,合格,0,合格,合格,8.1038321117348629e-11,8.1038321117348629e-11,7.4043246890536865e-16,1.9409993054915981e-10,合格,合格,0,0,0,4.9957028530677245e-95,7022.9746019647018,77.341818187586796
rand,199,D,3,合格,0,合格,合格,1.5455176840985852e-10,6.7028241419922133e-10,5.1573064578936276e-10,6.8764089204363144e-10,合格,合格,1.8319873831963874e-16,1.8319873831963874e-16,0,1.7698355463338803e-94,7022.9746019647018,77.341818187586796
rand,199,D,4,合格,0,合格,合格,9.9728364741373161e-11,1.3731595128491052e-10,2.3704431602628369e-10,9.4817733162950799e-11,合格,合格,1.1410058903707175e-16,1.1410058903707175e-16,0,2.440398709795509e-95,7022.9746019647018,77.341818187586796
rand,199,K,0,合格,0,合格,合格,9.8331662204076884e-11,1.0490723071780261e-11,1.0882238527585715e-10,1.4509652700413385e-10,合格,合格,3.6423737204691037e-12,9.1046530384316349e-13,2.7319084166259403e-12,3.73446364392791e-95,7022.9746019647018,77.341818187586796
rand,199,K,1,合格,0,合格,合格,6.3223167987954786e-11,1.0292539702552566e-10,3.9702229037570863e-11,1.5880880983561788e-10,合格,合格,1.9508927923015736e-16,1.9508927923015736e-16,0,4.0873874717185988e-95,7022.9746019647018,77.341818187586796
rand,199,K,2,合格,0,合格,合格,6.4809416194407199e-11,8.5207431602024805e-12,5.6288673034204716e-11,2.2515477345796733e-10,合格,合格,2.3340025639473197e-16,2.3340025639473197e-16,0,5.7949858145925723e-95,7022.9746019647018,77.341818187586796
rand,199,K,3,合格,0,合格,合格,1.0696252439142311e-10,2.60186075816328e-10,3.671486002077511e-10,1.3350857602358984e-10,合格,合格,1.7889581670539604e-16,1.7889581670539604e-16,0,3.436215418846496e-95,7022.9746019647018,77.341818187586796
rand,199,K,4,合格,0,合格,合格,4.0320443589229656e-11,1.8267678779672501e-11,2.2052764809557158e-11,8.8210950538717805e-11,合格,合格,1.3553500303951937e-16,1.3553500303951937e-16,0,2.2703547395988288e-95,7022.9746019647018,77.341818187586796
edge,200,D,0,合格,0,合格,合格,1.8950224595508962e-11,6.250398120188945e-11,4.3553756606380482e-11,4.3553813484116098e-11,合格,合格,6.044747689798849e-13,1.5107625509466374e-13,4.5339851388522114e-13,1.120978815752184e-95,114.83416544462452,0
edge,200,D,1,合格,0,合格,合格,4.310147976647457e-10,4.2194182717448816e-10,8.5295662483923381e-10,1.1372753423550435e-09,合格,合格,4.25322074360468e-16,4.25322074360468e-16,0,2.9270951599272776e-94,114.83416544462452,0
edge,200,D,2,合格,0,合格,合格,4.9615421688982847e-10,1.0897470797309075e-09,5.9359286284107893e-10,2.3743714456232244e-09,合格,合格,5.7453273921753714e-16,5.7453273921753714e-16,0,6.1111068775670021e-94,114.83416544462452,0
edge,200,D,3,合格,0,合格,合格,3.5193110154438284e-10,1.009804417292671e-09,6.5787331574828806e-10,8.7716436162270242e-10,合格,合格,6.9636697323352879e-16,6.9636697323352879e-16,0,2.2576270334409102e-94,114.83416544462452,0
edge,200,D,4,合格,0,合格,合格,6.1337429543134675e-11,9.1877096567924128e-11,3.0539667024789453e-11,4.0719481242301358e-11,合格,合格,1.1134404381180482e-16,1.1134404381180482e-16,0,1.048029373540047e-95,114.83416544462452,0
edge,200,K,0,合格,0,合格,合格,1.4821571962739144e-10,3.3411021208142295e-10,4.8232593170881441e-10,1.2058149762493962e-10,合格,合格,8.544707974604962e-13,2.1442043811012869e-13,6.4005035935036754e-13,3.1035010162433953e-95,114.83416544462452,0
edge,200,K,1,合格,0,合格,合格,5.3578706423323888e-12,3.5708176156101545e-10,3.6243963220334781e-10,9.6650592223536232e-11,合格,合格,2.1952188480076982e-16,2.1952188480076982e-16,0,2.4875724476342179e-95,114.83416544462452,0
edge,200,K,2,合格,0,合格,合格,9.5585965880972497e-11,4.7048451857427148e-10,5.6607048445524406e-10,1.5095213153309444e-10,合格,合格,2.9577748413280531e-16,2.9577748413280531e-16,0,3.8851739515977821e-95,114.83416544462452,0
edge,200,K,3,合格,0,合格,合格,1.257535017530193e-10,1.6826917077048617e-10,4.2515669017466881e-11,1.7006286943223527e-10,合格,合格,2.7331686976247476e-16,2.7331686976247476e-16,0,4.3770420711630656e-95,114.83416544462452,0
edge,200,K,4,合格,0,合格,合格,9.6665584961477257e-12,1.9101104780223012e-10,2.0067760629837785e-10,3.2108408945993286e-11,合格,合格,1.7628767728321343e-16,1.7628767728321343e-16,0,8.2639942077845447e-96,114.83416544462452,0
edge,201,D,0,合格,0,合格,合格,1.0830559451538673e-11,1.4997338404689314e-10,1.6080394349843183e-10,2.144052963602915e-10,合格,合格,2.0396799295937395e-12,5.0988288381841316e-13,1.5297970457753262e-12,5.5183180525078024e-95,4679.7509893681927,69571.885727255169
edge,201,D,1,合格,0,合格,合格,1.0605177143397936e-10,1.0605177143397936e-10,0,4.9922332514649843e-10,合格,合格,3.8797623821500926e-19,3.8797623821500926e-19,0,1.2848904080986617e-94,4679.7509893681927,69571.885727255169
edge,201,D,2,合格,0,合格,合格,7.7223461882927617e-12,7.7223461882927617e-12,1.4183000461903479e-13,5.8093557228043973e-10,合格,合格,2.6661459185962647e-20,2.6661459185962647e-20,0,1.4951996570420651e-94,4679.7509893681927,69571.885727255169
edge,201,D,3,合格,0,合格,合格,6.928779442653737e-10,1.5548620546164046e-09,2.2477399988817783e-09,2.9969865927486032e-09,合格,合格,1.3061164809952471e-16,1.3061164809952471e-16,0,7.7135805405185006e-94,4679.7509893681927,69571.885727255169
edge,201,D,4,合格,0,合格,合格,1.3626296681102618e-10,1.3626296681102618e-10,0,1.6503758558774708e-09,合格,合格,1.5843407247977316e-16,1.5843407247977316e-16,0,4.2477023811984343e-94,4679.7509893681927,69571.885727255169
edge,201,K,0,合格,0,合格,合格,6.2941185267388237e-11,3.7241221872942641e-11,2.5699963394445602e-11,1.0279999212993677e-10,合格,合格,1.8524436224086089e-12,4.6322077770312543e-13,1.3892228447054833e-12,2.6458443984285482e-95,4679.7509893681927,69571.885727255169
edge,201,K,1,合格,0,合格,合格,2.8069642567762439e-11,1.3571101232078162e-11,4.16407437998406e-11,1.6656272693296714e-10,合格,合格,0,0,0,4.2869561457314293e-95,4679.7509893681927,69571.885727255169
edge,201,K,2,合格,0,合格,解像しない,1.1607517690470806e-07,1.1607517690470806e-07,2.1818936778229997e-10,8.9370366385014999e-07,合格,合格,3.7861482568386799e-15,3.7861482568386799e-15,0,2.3001955387936119e-91,4679.7509893681927,69571.885727255169
edge,201,K,3,合格,0,合格,合格,2.7659576723106033e-11,1.0888451884149216e-10,8.1224942118386117e-11,3.2489988410001265e-10,合格,合格,1.1637611485945468e-16,1.1637611485945468e-16,0,8.3622043210815153e-95,4679.7509893681927,69571.885727255169
edge,201,K,4,合格,0,合格,合格,3.2977608232792542e-11,3.2977608232792542e-11,0,1.5506451062122742e-09,合格,合格,1.2060183963250906e-16,1.2060183963250906e-16,0,3.9910174925272248e-94,4679.7509893681927,69571.885727255169
edge,202,D,0,合格,0,合格,合格,4.9162897435558013e-11,1.0403514219371249e-10,5.4872244758154474e-11,1.3718061189538619e-11,合格,合格,2.1163127358325015e-12,5.289684394686091e-13,1.5873442963638926e-12,3.5307254994498167e-96,426.90572113476736,11422.039531430724
edge,202,D,1,合格,0,合格,合格,1.7447673780812022e-10,1.1669657962254046e-10,2.9117331743066069e-10,1.4558668792014852e-10,合格,合格,2.1700978826985963e-16,2.1700978826985963e-16,0,3.7470793016443696e-95,426.90572113476736,11422.039531430724
edge,202,D,2,合格,0,合格,合格,6.6002586351570342e-10,5.3018778930824441e-09,4.6418520295667408e-09,2.3209260587352723e-09,合格,合格,1.5096892255316492e-16,1.5096892255316492e-16,0,5.9735502741184355e-94,426.90572113476736,11422.039531430724
edge,202,D,3,合格,0,合格,合格,5.7563813505588898e-11,8.8450659326338069e-11,3.0886845820749171e-11,1.5443428043684069e-11,合格,合格,1.3297991458428949e-16,1.3297991458428949e-16,0,3.9747967616834662e-96,426.90572113476736,11422.039531430724
edge,202,D,4,合格,0,合格,合格,1.1158652971645183e-09,1.1158652971645183e-09,0,1.1841138129602732e-09,合格,合格,0,0,0,3.0476470223487902e-94,426.90572113476736,11422.039531430724
edge,202,K,0,合格,0,合格,合格,3.4246427082260576e-11,4.2030461093250329e-12,3.0043380972935543e-11,1.5021728942093864e-11,合格,合格,1.8427936023171531e-12,4.6054457807492123e-13,1.382249024242232e-12,3.8662607411403408e-96,426.90572113476736,11422.039531430724
edge,202,K,1,合格,0,合格,合格,2.5773843712288341e-11,1.6030402562043671e-10,1.3453018190814838e-10,1.6816270175229904e-11,合格,合格,1.3878992220032061e-16,1.3878992220032061e-16,0,4.3281359583524776e-96,426.90572113476736,11422.039531430724
edge,202,K,2,合格,0,合格,合格,1.0846085951153167e-10,3.0686065307394187e-11,1.3914692481892585e-10,6.9573448206386279e-11,合格,合格,1.6406765280669287e-16,1.6406765280669287e-16,0,1.7906666567012226e-95,426.90572113476736,11422.039531430724
edge,202,K,3,合格,0,合格,合格,3.0382284616062106e-11,7.4504875731675822e-10,7.1466647270069617e-10,1.1911107708682761e-10,合格,合格,1.4028851925964862e-16,1.4028851925964862e-16,0,3.0656556442400545e-95,426.90572113476736,11422.039531430724
edge,202,K,4,合格,0,合格,合格,8.2851217071701537e-10,2.723128837391484e-09,3.5516410081084994e-09,8.87910224715367e-10,合格,合格,0,0,0,2.2852845079999252e-94,426.90572113476736,11422.039531430724
edge,203,D,0,合格,0,合格,合格,6.170395013161494e-11,1.6040532536644548e-11,4.5663417594970389e-11,9.1326787494907637e-11,合格,合格,2.0283876290629656e-12,5.0699314280753275e-13,1.5213944862554331e-12,2.3505494904557284e-95,165.13771711825777,7120.6755024843696
edge,203,D,1,合格,0,合格,合格,7.9910453439657341e-12,2.0580741796145789e-10,2.1379846330542364e-10,2.8506457905047672e-10,合格,合格,1.1368841986606347e-16,1.1368841986606347e-16,0,7.3369316868989515e-95,165.13771711825777,7120.6755024843696
edge,203,D,2,合格,0,合格,合格,1.1017807791238652e-10,3.4729643089962736e-10,4.5747450881201386e-10,4.5747449682048571e-10,合格,合格,0,0,0,1.1774381590481794e-94,165.13771711825777,7120.6755024843696
edge,203,D,3,合格,0,合格,合格,5.399953250565685e-12,1.0717850918368305e-10,1.1257846243424873e-10,2.2515693923193276e-10,合格,合格,0,0,0,5.7950415568236363e-95,165.13771711825777,7120.6755024843696
edge,203,D,4,合格,0,合格,合格,9.758033725253388e-11,4.0453520561269172e-10,3.069548683601578e-10,1.2278193646425299e-09,合格,合格,0,0,0,3.1601354444807341e-94,165.13771711825777,7120.6755024843696
edge,203,K,0,合格,0,合格,合格,5.2507882937639197e-11,5.2507882937639197e-11,2.7999025615429034e-13,2.8670996114642018e-10,合格,合格,1.4966250085754022e-12,3.7415625214385055e-13,1.1224687564315517e-12,7.3792801823766944e-95,165.13771711825777,7120.6755024843696
edge,203,K,1,合格,0,合格,合格,6.6740293729298445e-11,6.6740293729298445e-11,5.0725932579369529e-15,3.3243738535846185e-10,合格,合格,1.6996058818557162e-16,1.6996058818557162e-16,0,8.5562029301242904e-95,165.13771711825777,7120.6755024843696
edge,203,K,2,合格,0,合格,合格,1.1480228738049517e-09,3.473119264218679e-10,1.4953348002268197e-09,5.9813394491770262e-09,合格,合格,1.8281422460683809e-16,1.8281422460683809e-16,0,1.539464463839786e-93,165.13771711825777,7120.6755024843696
edge,203,K,3,合格,0,合格,解像しない,1.5039662459628889e-08,1.4118116630625856e-09,1.3627850796566304e-08,5.4511403331034409e-08,合格,合格,1.6171588095426147e-19,1.6171588095426147e-19,0,1.4030029396460948e-92,165.13771711825777,7120.6755024843696
edge,203,K,4,合格,0,合格,合格,2.641829027153721e-10,1.3352508714051962e-10,3.977079898558917e-10,1.5908319297440051e-09,合格,合格,1.9338177417327754e-16,1.9338177417327754e-16,0,4.0944494867609117e-94,165.13771711825777,7120.6755024843696
edge,204,D,0,合格,0,合格,合格,7.2907916890832428e-11,1.1905317461673253e-10,1.9196109150756497e-10,5.9064914779724389e-11,合格,合格,1.5729220075116323e-12,3.9323050187790807e-13,1.1796915056337242e-12,1.5202002517282631e-95,35.697431983166474,26.479468519415171
edge,204,D,1,合格,0,合格,解像しない,6.9096839997644873e-09,1.2847652819710028e-09,8.1944492817354895e-09,1.0925932294202134e-08,合格,合格,4.7939367569536142e-20,4.7939367569536142e-20,0,2.8120932851517013e-93,35.697431983166474,26.479468519415171
edge,204,D,2,合格,0,合格,合格,3.6977564446456834e-09,8.5617117173948544e-10,4.553927616385169e-09,6.0719035415228723e-09,合格,合格,3.2698113789199498e-16,3.2698113789199498e-16,0,1.5627736578841932e-93,35.697431983166474,26.479468519415171
edge,204,D,3,合格,0,合格,合格,1.4627880800192559e-10,2.7866033361436969e-10,1.3238152561244407e-10,1.0590522950590359e-10,合格,合格,0,0,0,2.7257663395373373e-95,35.697431983166474,26.479468519415171
edge,204,D,4,合格,0,合格,合格,1.9773920282553663e-11,1.9773920282553663e-11,0,1.3827620998810515e-10,合格,合格,1.1832876717463744e-16,1.1832876717463744e-16,0,3.5589237708357277e-95,35.697431983166474,26.479468519415171
edge,204,K,0,合格,0,合格,合格,3.842134201911493e-11,9.2812408661457388e-11,1.3123375068057231e-10,4.0379620233693646e-11,合格,合格,1.670961494286795e-12,4.1774037357169875e-13,1.2532211207150962e-12,1.0392821029689325e-95,35.697431983166474,26.479468519415171
edge,204,K,1,合格,0,合格,合格,2.6229390636253791e-10,4.4212079595111387e-10,1.7982688958857594e-10,2.3976917924690231e-10,合格,合格,4.5203836704461707e-16,4.5203836704461707e-16,0,6.171128291764561e-95,35.697431983166474,26.479468519415171
edge,204,K,2,合格,0,合格,合格,5.8724029709676399e-10,8.4074965136612788e-10,2.5350935426936383e-10,1.0140374526151513e-09,合格,合格,8.7240468072530954e-19,8.7240468072530954e-19,0,2.6099080926069745e-94,35.697431983166474,26.479468519415171
edge,204,K,3,合格,0,合格,合格,3.057914049036336e-12,4.0571886264167436e-11,4.3629800313203774e-11,8.7259626641919422e-11,合格,合格,1.7337079311919356e-16,1.7337079311919356e-16,0,2.2458697668737947e-95,35.697431983166474,26.479468519415171
edge,204,K,4,合格,0,合格,合格,1.9518675616166272e-10,1.9518675616166272e-10,0,1.2272830505024116e-10,合格,合格,0,0,0,3.1587550905195816e-95,35.697431983166474,26.479468519415171
zero,205,D,0,合格,0,合格,合格,1.003698387130195e-10,3.6167780230592308e-10,4.6204764101894259e-10,8.4008660566091629e-11,合格,合格,1.0000286330548691e-12,2.4997274571612422e-13,7.500558873387449e-13,2.1621970913901424e-95,1.476458091750005,0
zero,205,D,1,合格,1,合格,解像しない,0,0,0,2.6899458971652936e-06,合格,合格,0,0,0,6.9233257091057966e-91,1.476458091750005,0
zero,205,D,2,合格,1,合格,解像しない,0,0,0,2.6899458971652936e-06,合格,合格,0,0,0,6.9233257091057966e-91,1.476458091750005,0
zero,205,D,3,合格,1,合格,解像しない,0,0,0,2.6899458971652936e-06,合格,合格,0,0,0,6.9233257091057966e-91,1.476458091750005,0
zero,205,D,4,合格,0,合格,合格,1.6361311588639456e-11,3.1967343881048302e-10,3.3603475039912249e-10,8.4008660566091629e-11,合格,合格,0,0,0,2.1621970913901424e-95,1.476458091750005,0
zero,205,K,0,合格,0,合格,合格,1.8256784013484703e-11,1.1307839702041387e-10,1.3133518103389857e-10,6.5667545112444738e-11,合格,合格,9.9979353987800486e-13,2.4978351136464006e-13,7.500100285133648e-13,1.6901373511264954e-95,1.476458091750005,0
zero,205,K,1,合格,1,合格,解像しない,0,0,0,8.2436802308674837e-06,合格,合格,0,0,0,2.1217409368774734e-90,1.476458091750005,0
zero,205,K,2,合格,1,合格,解像しない,0,0,0,8.2436802308674837e-06,合格,合格,0,0,0,2.1217409368774734e-90,1.476458091750005,0
zero,205,K,3,合格,1,合格,解像しない,0,0,0,8.2436802308674837e-06,合格,合格,0,0,0,2.1217409368774734e-90,1.476458091750005,0
zero,205,K,4,合格,0,合格,合格,1.0034125045105039e-10,1.8256951965362557e-11,8.2084298485687836e-11,6.5667545112444738e-11,合格,合格,1.4087154294261233e-16,1.4087154294261233e-16,0,1.6901373511264954e-95,1.476458091750005,0
edge,206,D,0,合格,0,合格,合格,1.4521635065207608e-12,7.6263956780281481e-12,6.1742321715073875e-12,2.092967540065539e-13,合格,合格,1.5684549929194823e-12,3.9243090682913982e-13,1.1760240860903425e-12,5.3868354726872981e-98,17.357941801647851,0
edge,206,D,1,合格,0,合格,合格,4.6109146673047715e-12,1.5873541018312239e-10,1.6334632485042716e-10,1.6334641881953736e-10,合格,合格,3.0466250403414528e-16,3.0466250403414528e-16,0,4.204175489534664e-95,17.357941801647851,0
edge,206,D,2,合格,0,合格,合格,5.6357297181182446e-11,5.7658816688668327e-11,1.3015195074858777e-12,2.6034173743673574e-12,合格,合格,5.3162754894979814e-20,5.3162754894979814e-20,0,6.7006204319888097e-97,17.357941801647851,0
edge,206,D,3,合格,0,合格,合格,8.5614116296267209e-11,1.8102732023814739e-10,2.6664143653441461e-10,2.2746122597865223e-13,合格,合格,2.8701397553162488e-16,2.8701397553162488e-16,0,5.8543488004805683e-98,17.357941801647851,0
edge,206,D,4,合格,0,合格,合格,2.757610659061113e-11,2.757610659061113e-11,0,2.8068487889420648e-10,合格,合格,1.1848511246766175e-16,1.1848511246766175e-16,0,7.2242078930039357e-95,17.357941801647851,0
edge,206,K,0,合格,0,合格,合格,9.0282665034560812e-12,7.9822785463251659e-12,1.0459879571309164e-12,2.0920134915309648e-13,合格,合格,2.4298475133635301e-12,6.0764793098355975e-13,1.8221995823799707e-12,5.384379962799864e-98,17.357941801647851,0
edge,206,K,1,合格,0,合格,合格,6.1407680984635867e-11,1.0221510600171274e-10,4.0807425017076878e-11,1.6322969017353241e-10,合格,合格,1.3959052487254721e-18,1.3959052487254721e-18,0,4.2011711523964086e-95,17.357941801647851,0
edge,206,K,2,合格,0,合格,合格,1.1139442563154885e-10,1.0944174965810016e-10,1.9526759734486852e-12,2.6036504965863601e-12,合格,合格,1.2780965921250721e-16,1.2780965921250721e-16,0,6.7012204370126602e-97,17.357941801647851,0
edge,206,K,3,合格,0,合格,合格,3.3539623457540275e-12,3.2400802549544029e-12,1.1388209079962441e-13,2.2748653902201474e-13,合格,合格,1.6846463136039116e-16,1.6846463136039116e-16,0,5.8550003022229346e-98,17.357941801647851,0
edge,206,K,4,合格,0,合格,合格,2.8687955100407376e-11,2.8687955100407376e-11,0,1.5949957036136046e-10,合格,合格,1.2086823664901632e-16,1.2086823664901632e-16,0,4.1051661196525545e-95,17.357941801647851,0
edge,207,D,0,合格,0,合格,合格,2.6065498717281202e-11,2.149117628992814e-12,2.3916381088288387e-11,9.5665927364399645e-11,合格,合格,1.9001225893429334e-12,4.7503064733573336e-13,1.4250919420072e-12,2.4622293522905629e-95,2.2584218940785807,15.159440066477622
edge,207,D,1,合格,0,合格,合格,1.1174981784479619e-10,1.6128157307822224e-10,4.9531755233426053e-11,1.9812668720118123e-10,合格,合格,1.608529000994572e-16,1.608529000994572e-16,0,5.0993426618929932e-95,2.2584218940785807,15.159440066477622
edge,207,D,2,合格,0,合格,合格,9.7996937305513983e-11,9.7996937305513983e-11,7.9302755217633789e-14,3.2482409166275777e-10,合格,合格,1.0368756011856552e-20,1.0368756011856552e-20,0,8.3602535914034373e-95,2.2584218940785807,15.159440066477622
edge,207,D,3,合格,0,合格,合格,1.9399558304480439e-10,3.696204339103377e-10,1.7562485086553331e-10,7.0249924198022037e-10,合格,合格,3.4275352729644239e-16,3.4275352729644239e-16,0,1.8080776523254104e-94,2.2584218940785807,15.159440066477622
edge,207,D,4,合格,0,合格,合格,9.4789321137781916e-11,1.818547911006744e-10,2.766441122384563e-10,1.106576166896749e-09,合格,合格,0,0,0,2.8480822731169003e-94,2.2584218940785807,15.159440066477622
edge,207,K,0,合格,0,合格,合格,2.2919896119419485e-11,7.3095455342842342e-11,5.017555922342285e-11,6.6900826501912098e-11,合格,合格,1.9216012880466046e-12,4.8023813419193087e-13,1.4413631538546738e-12,1.7218792860080073e-95,2.2584218940785807,15.159440066477622
edge,207,K,1,合格,0,合格,合格,8.5242530662871092e-11,1.7478340989741105e-11,1.027208716526122e-10,2.0544164765715976e-10,合格,合格,1.4036938292604218e-20,1.4036938292604218e-20,0,5.287613562952147e-95,2.2584218940785807,15.159440066477622
edge,207,K,2,合格,0,合格,合格,5.1177834353214522e-12,5.1177834353214522e-12,1.1098841594422623e-13,4.5460857808536942e-10,合格,合格,1.2743858334156362e-20,1.2743858334156362e-20,0,1.1700619181803062e-94,2.2584218940785807,15.159440066477622
edge,207,K,3,合格,0,合格,合格,1.6320708459554494e-11,9.7863831266972885e-11,1.1418453972652738e-10,1.5224600027685278e-10,合格,合格,2.1274468434536265e-16,2.1274468434536265e-16,0,3.9184752709563259e-95,2.2584218940785807,15.159440066477622
edge,207,K,4,合格,0,合格,合格,2.0856245391604686e-10,3.9912210625352055e-10,1.9055965233747371e-10,7.6223889405630954e-10,合格,合格,0,0,0,1.9618343020436365e-94,2.2584218940785807,15.159440066477622
edge,208,D,0,合格,0,合格,合格,6.8063613678759726e-10,2.9828710543592699e-09,3.6635071911468669e-09,3.8563233591019651e-10,合格,合格,1.8171982886868389e-11,4.541576594720948e-12,1.3630406292147443e-11,9.9253232872940818e-95,74.613063852374452,1.2019840268713295
edge,208,D,1,合格,0,合格,合格,9.3132019023106646e-11,1.3146946959105496e-10,2.2460148861416161e-10,3.5936236983097824e-11,合格,合格,3.5029127796803161e-23,3.5029127796803161e-23,0,9.2491924709633434e-96,74.613063852374452,1.2019840268713295
edge,208,D,2,合格,0,合格,合格,2.2159404113669419e-10,5.3648230797347465e-10,3.1488826683678041e-10,3.1488830228033389e-10,合格,合格,1.6572025893781254e-21,1.6572025893781254e-21,0,8.1045283511891777e-95,74.613063852374452,1.2019840268713295
edge,208,D,3,合格,0,合格,合格,1.9961935761907238e-11,1.6920157091741734e-11,3.6882092853648969e-11,7.3764454879215713e-11,合格,合格,2.1059115689320854e-16,2.1059115689320854e-16,0,1.8985338977323941e-95,74.613063852374452,1.2019840268713295
edge,208,D,4,合格,0,合格,合格,7.7211779860107632e-11,7.125461097721273e-11,5.9571688828949013e-12,2.3828634589779053e-11,合格,合格,1.1693563290858395e-16,1.1693563290858395e-16,0,6.1329634414638778e-96,74.613063852374452,1.2019840268713295
edge,208,K,0,合格,0,合格,合格,7.8188199348567142e-11,6.1678852416412142e-10,6.9497672351268852e-10,8.9674415937121105e-11,合格,合格,7.0107458379641281e-12,1.7522380874113464e-12,5.2585077505527815e-12,2.3080211016912026e-95,74.613063852374452,1.2019840268713295
edge,208,K,1,合格,0,合格,合格,9.9988966414111824e-11,3.1226029673421999e-11,1.3121499608753382e-10,2.3857272930428894e-11,合格,合格,1.4135053629237884e-16,1.4135053629237884e-16,0,6.1403343168519707e-96,74.613063852374452,1.2019840268713295
edge,208,K,2,合格,0,合格,合格,6.0697709375534205e-11,3.4532341925595718e-10,2.8462570988042297e-10,6.6970757118680662e-11,合格,合格,1.18332038927318e-16,1.18332038927318e-16,0,1.7236791453934233e-95,74.613063852374452,1.2019840268713295
edge,208,K,3,合格,0,合格,合格,1.9593551692193148e-10,2.4683590702896869e-10,4.4277142395090017e-10,9.839364922673371e-11,合格,合格,1.4334948027632498e-16,1.4334948027632498e-16,0,2.5324348791626408e-95,74.613063852374452,1.2019840268713295
edge,208,K,4,合格,0,合格,合格,4.6270153259669226e-11,8.3519535366915344e-11,1.2978968862658456e-10,1.79020147669912e-11,合格,合格,2.0849079327023158e-16,2.0849079327023158e-16,0,4.607582599029714e-96,74.613063852374452,1.2019840268713295
edge,209,D,0,合格,0,合格,合格,6.5046454678888129e-10,2.7588594080923299e-10,3.7457860597964836e-10,1.4983138515699925e-09,合格,合格,5.3774050996150393e-12,1.3447962180674931e-12,4.0326088815475464e-12,3.8563284190270943e-94,60.057368028342452,3233.3690812560299
edge,209,D,1,合格,0,合格,合格,3.5535194274600691e-10,3.5535194274600691e-10,0,3.8973756617820925e-09,合格,合格,4.0531976314673661e-16,4.0531976314673661e-16,0,1.0030982833407196e-93,60.057368028342452,3233.3690812560299
edge,209,D,2,合格,0,合格,合格,3.0753590744036258e-10,6.9973332953864991e-10,1.0072692369790126e-09,2.014538295743902e-09,合格,合格,3.1520548735877632e-16,3.1520548735877632e-16,0,5.1849759467652558e-94,60.057368028342452,3233.3690812560299
edge,209,D,3,合格,0,合格,合格,7.41112961198664e-10,2.4554593822958673e-09,1.7143464210972033e-09,2.2857950901421712e-09,合格,合格,6.2955159245366572e-16,6.2955159245366572e-16,0,5.8831309321150453e-94,60.057368028342452,3233.3690812560299
edge,209,D,4,合格,0,合格,合格,2.2338017802811165e-10,4.8699469345898415e-10,7.1037487148709588e-10,2.8414993895734578e-09,合格,合格,0,0,0,7.3133908741338121e-94,60.057368028342452,3233.3690812560299
edge,209,K,0,合格,0,合格,合格,1.9094782937730228e-11,7.8363075585228783e-11,9.7457858522959012e-11,1.299438915396251e-10,合格,合格,1.6219585678190152e-12,4.0527918540446954e-13,1.2166793824145456e-12,3.3444683254990378e-95,60.057368028342452,3233.3690812560299
edge,209,K,1,合格,0,合格,合格,6.4023698193071425e-12,3.8079489581970504e-10,3.8719726563901221e-10,1.5487892769908984e-09,合格,合格,1.1282504175284854e-16,1.1282504175284854e-16,0,3.9862409986306001e-94,60.057368028342452,3233.3690812560299
edge,209,K,2,合格,0,合格,解像しない,1.4608643064229741e-09,1.0534085525214911e-08,9.0732212187919377e-09,3.6292884651626935e-08,合格,合格,4.6947543952194568e-19,4.6947543952194568e-19,0,9.3409856916084985e-93,60.057368028342452,3233.3690812560299
edge,209,K,3,合格,0,合格,合格,1.5166708732895572e-11,8.8960764108035769e-11,7.3794055375140191e-11,1.4758805147960368e-10,合格,合格,1.6459432566682843e-16,1.6459432566682843e-16,0,3.7985899725431605e-95,60.057368028342452,3233.3690812560299
edge,209,K,4,合格,0,合格,合格,1.4797840494373739e-10,1.4797840494373739e-10,0,3.3123453685664057e-09,合格,合格,0,0,0,8.5252442704516386e-94,60.057368028342452,3233.3690812560299
edge,210,D,0,合格,0,合格,合格,4.60962725754048e-11,4.60962725754048e-11,1.7813865728896183e-12,1.0423655667592758e-09,合格,合格,1.9764832765799812e-12,4.9395883002277535e-13,1.4825244465572058e-12,2.6828183920859268e-94,0.20841613400531847,112.94389809153287
edge,210,D,1,合格,0,合格,合格,2.2976692281132008e-11,3.0861801917839054e-10,2.8564132689725854e-10,1.1425651623148555e-09,合格,合格,3.5102499818400159e-16,3.5102499818400159e-16,0,2.9407099863678024e-94,0.20841613400531847,112.94389809153287
edge,210,D,2,合格,0,合格,解像しない,9.4286563863991106e-10,2.3348594881937384e-08,2.2405729243297474e-08,2.9874305697635335e-08,合格,合格,1.1377295918454926e-16,1.1377295918454926e-16,0,7.6889854511975374e-93,0.20841613400531847,112.94389809153287
edge,210,D,3,合格,0,合格,解像しない,5.9678168720662137e-09,2.0357356865545427e-08,2.6325173737611641e-08,3.510023150858844e-08,合格,合格,4.6988814345861309e-16,4.6988814345861309e-16,0,9.0340231547059634e-93,0.20841613400531847,112.94389809153287
edge,210,D,4,合格,0,合格,解像しない,2.1293726993584463e-09,2.1293726993584463e-09,0,4.5107425459387453e-08,合格,合格,0,0,0,1.1609653513241664e-92,0.20841613400531847,112.94389809153287
edge,210,K,0,合格,0,合格,合格,1.8656671996232523e-11,1.7848041709207015e-10,1.9713708908830269e-10,1.1264977000711918e-10,合格,合格,1.995849721475316e-12,4.9899450767068498e-13,1.4968552138046312e-12,2.8993558927598715e-95,0.20841613400531847,112.94389809153287
edge,210,K,1,合格,0,合格,合格,8.7047813958628257e-13,2.3699560584582172e-10,2.3612512770623546e-10,3.1483342737523108e-10,合格,合格,1.1883660608686452e-16,1.1883660608686452e-16,0,8.1031159925180112e-95,0.20841613400531847,112.94389809153287
edge,210,K,2,合格,0,合格,合格,1.238997833801989e-10,2.5938263352908571e-10,3.8328241690928464e-10,3.0662597667201539e-10,合格,合格,1.28560753498279e-16,1.28560753498279e-16,0,7.8918743667303981e-95,0.20841613400531847,112.94389809153287
edge,210,K,3,合格,0,合格,合格,5.2517926175923579e-11,5.2517926175923579e-11,2.032830550587503e-13,4.1632374060617866e-10,合格,合格,9.5297890060454883e-22,9.5297890060454883e-22,0,1.071525215316527e-94,0.20841613400531847,112.94389809153287
edge,210,K,4,合格,0,合格,解像しない,5.233686157330688e-09,8.0964578731394277e-09,1.3330144030470115e-08,2.6660288319724091e-08,合格,合格,2.0606530407088376e-16,2.0606530407088376e-16,0,6.8617684738800795e-93,0.20841613400531847,112.94389809153287
zero,211,D,0,合格,0,合格,合格,8.7502520811426812e-13,2.0505014133034053e-10,2.0417511612222626e-10,8.1670057657548178e-11,合格,合格,1.0002488860360534e-12,2.5022727908096651e-13,7.5002160695508694e-13,2.1020066256370182e-95,409.41333662847819,0
zero,211,D,1,合格,1,合格,解像しない,0,0,0,2.7509595325326395e-06,合格,合格,0,0,0,7.0803613100039047e-91,409.41333662847819,0
zero,211,D,2,合格,1,合格,解像しない,0,0,0,2.7509595325326395e-06,合格,合格,0,0,0,7.0803613100039047e-91,409.41333662847819,0
zero,211,D,3,合格,1,合格,解像しない,0,0,0,2.7509595325326395e-06,合格,合格,0,0,0,7.0803613100039047e-91,409.41333662847819,0
zero,211,D,4,合格,0,合格,合格,1.9542483966419107e-11,3.9960084811468828e-11,2.0417600845049723e-11,8.1670057657548178e-11,合格,合格,0,0,0,2.1020066256370182e-95,409.41333662847819,0
zero,211,K,0,合格,0,合格,合格,2.8237767804963861e-11,1.7423475022413132e-10,2.0247251802909519e-10,1.1569853554875824e-10,合格,合格,9.9986942803444153e-13,2.4987549101926507e-13,7.4999393701517651e-13,2.977824373771735e-95,409.41333662847819,0
zero,211,K,1,合格,1,合格,解像しない,0,0,0,4.3231320148583379e-06,合格,合格,0,0,0,1.1126785506678124e-90,409.41333662847819,0
zero,211,K,2,合格,1,合格,解像しない,0,0,0,4.3231320148583379e-06,合格,合格,0,0,0,1.1126785506678124e-90,409.41333662847819,0
zero,211,K,3,合格,1,合格,解像しない,0,0,0,4.3231320148583379e-06,合格,合格,0,0,0,1.1126785506678124e-90,409.41333662847819,0
zero,211,K,4,合格,0,合格,合格,5.8536327468957736e-11,2.3208406419133482e-10,1.7354773672237706e-10,1.1569853554875824e-10,合格,合格,0,0,0,2.977824373771735e-95,409.41333662847819,0
edge,212,D,0,合格,0,合格,合格,8.3740119658741405e-12,2.4027291662739265e-10,2.4864692859326681e-10,8.6485908287681087e-12,合格,合格,2.4305502259764452e-12,6.076816553079943e-13,1.8228685706684508e-12,2.2259559679414434e-96,1.2582942395544157,0
edge,212,D,1,合格,0,合格,合格,1.2333656462347164e-10,1.1900581384677452e-10,2.4234237847024616e-10,9.6936923324206743e-10,合格,合格,2.5739974898645583e-16,2.5739974898645583e-16,0,2.494941976786004e-94,1.2582942395544157,0
edge,212,D,2,合格,0,合格,合格,8.7962144902523709e-11,1.3499259613632825e-10,2.2295474103885196e-10,1.2740270346312168e-11,合格,合格,1.3470177500409441e-16,1.3470177500409441e-16,0,3.2790637656516835e-96,1.2582942395544157,0
edge,212,D,3,合格,0,合格,合格,2.0754339958427322e-11,1.235889427411504e-10,1.0283460278272306e-10,3.1641428373179597e-11,合格,合格,2.2148357584815618e-16,2.2148357584815618e-16,0,8.143803738198483e-96,1.2582942395544157,0
edge,212,D,4,合格,0,合格,合格,3.4608605723255824e-11,1.3210368498784134e-10,1.6671229071109716e-10,2.2228305392696983e-10,合格,合格,1.5048463013577567e-16,1.5048463013577567e-16,0,5.7210741062595234e-95,1.2582942395544157,0
edge,212,K,0,合格,0,合格,合格,6.4107812553364982e-12,1.0831527116121715e-10,1.0190448990588065e-10,8.3187384169671534e-12,合格,合格,1.5017662510695623e-12,3.7527621371305807e-13,1.1264900373565042e-12,2.1410592536529263e-96,1.2582942395544157,0
edge,212,K,1,合格,0,合格,合格,4.7119646919099517e-11,6.1823402474034933e-10,6.653536716594489e-10,8.8713834516259948e-10,合格,合格,3.6731014178885365e-16,3.6731014178885365e-16,0,2.2832978607749234e-94,1.2582942395544157,0
edge,212,K,2,合格,0,合格,合格,8.7164929054083816e-11,9.0256627222075472e-11,3.0916981679916521e-12,1.2367045455889438e-11,合格,合格,2.0388407860667711e-16,2.0388407860667711e-16,0,3.1830039347879887e-96,1.2582942395544157,0
edge,212,K,3,合格,0,合格,合格,1.4028787343198249e-11,2.8208508869986921e-10,2.6805630135667093e-10,3.0635003064320939e-11,合格,合格,1.6718451881969503e-16,1.6718451881969503e-16,0,7.8847721263560785e-96,1.2582942395544157,0
edge,212,K,4,合格,0,合格,合格,9.4319852875391189e-11,3.1829975632797217e-10,2.2397990345258095e-10,1.7918387119503527e-10,合格,合格,0,0,0,4.6117964804013277e-95,1.2582942395544157,0
edge,213,D,0,合格,0,合格,合格,1.0205097348467266e-10,1.8620986790542273e-10,2.8826084139009539e-10,3.3913027697442133e-11,合格,合格,1.9592221310441653e-12,4.8962021095522931e-13,1.469601920088936e-12,8.7284631552903864e-96,0.42113907697493941,97.680015426584831
edge,213,D,1,合格,0,合格,合格,2.9533882045228374e-11,2.9533882045228374e-11,2.781220104146974e-13,1.4239844957742402e-10,合格,合格,3.3629635332356011e-16,3.3629635332356011e-16,0,3.6650210992537473e-95,0.42113907697493941,97.680015426584831
edge,213,D,2,合格,0,合格,解像しない,1.4947689072945858e-08,4.0338328453591085e-08,2.5390639380645224e-08,1.6927092920499751e-08,合格,合格,6.4143885347125106e-15,6.4143885347125106e-15,0,4.3566592815274517e-93,0.42113907697493941,97.680015426584831
edge,213,D,3,合格,0,合格,合格,3.5415127178816625e-11,3.5415127178816625e-11,4.3462703970519464e-14,4.4505803186532276e-11,合格,合格,3.3845863707995418e-16,3.3845863707995418e-16,0,1.145480924841023e-95,0.42113907697493941,97.680015426584831
edge,213,D,4,合格,0,合格,解像しない,1.3051787188722701e-08,5.2158004967251757e-09,1.8267587685447876e-08,1.8267587589625815e-08,合格,合格,1.179316932933614e-16,1.179316932933614e-16,0,4.7016729569125169e-93,0.42113907697493941,97.680015426584831
edge,213,K,0,合格,0,合格,合格,7.4905066583308663e-11,8.664486083196778e-12,6.6240580500111893e-11,4.416036731136483e-11,合格,合格,2.0478548641457485e-12,5.1192620678916359e-13,1.5359286573565848e-12,1.1365901695365594e-95,0.42113907697493941,97.680015426584831
edge,213,K,1,合格,0,合格,合格,4.9054616763157501e-09,6.7800383592863349e-09,1.1685500035602084e-08,7.790333405393619e-09,合格,合格,1.0751583450417864e-15,1.0751583450417864e-15,0,2.0050594922710119e-93,0.42113907697493941,97.680015426584831
edge,213,K,2,合格,0,合格,合格,1.2655911792279975e-10,2.8883349582469662e-10,1.6227437790189688e-10,6.4909755932299364e-11,合格,合格,3.0708803710219981e-16,3.0708803710219981e-16,0,1.670633533899125e-95,0.42113907697493941,97.680015426584831
edge,213,K,3,合格,0,合格,合格,2.8540213955454821e-11,4.2309833994896039e-11,7.0850047950350857e-11,1.417000697493668e-10,合格,合格,2.0976685651077647e-19,2.0976685651077647e-19,0,3.6470463473325105e-95,0.42113907697493941,97.680015426584831
edge,213,K,4,合格,0,合格,解像しない,3.2833885359272107e-09,3.2833885359272107e-09,0,1.8793176556831666e-08,合格,合格,0,0,0,4.836947930766574e-93,0.42113907697493941,97.680015426584831
edge,214,D,0,合格,0,合格,合格,1.1623620152453876e-10,4.6842217422221188e-10,5.8465837574675066e-10,8.9947442422577023e-11,合格,合格,2.5167294389837048e-13,6.3143104580649065e-14,1.8852983931772143e-13,2.3150481994778745e-95,1133.7306686011032,2603.0400525736441
edge,214,D,1,合格,0,合格,合格,2.4636534540979887e-10,1.555557912967371e-10,9.0809554113061769e-11,1.8161877397588021e-10,合格,合格,2.0105154417700807e-16,2.0105154417700807e-16,0,4.6744654918471035e-95,1133.7306686011032,2603.0400525736441
edge,214,D,2,合格,0,合格,合格,2.9537941917163835e-10,4.1024823503715938e-10,1.1486881586552104e-10,2.2973758262088822e-10,合格,合格,2.695097201535403e-16,2.695097201535403e-16,0,5.9129371850309574e-95,1133.7306686011032,2603.0400525736441
edge,214,D,3,合格,0,合格,合格,1.3599588272701058e-10,8.1509839013716782e-10,9.5109427286417829e-10,2.9264436710399726e-10,合格,合格,2.3134315390996324e-16,2.3134315390996324e-16,0,7.5320186645062454e-95,1133.7306686011032,2603.0400525736441
edge,214,D,4,合格,0,合格,合格,6.6196024036250848e-11,2.1051651176382907e-10,2.7671253580007994e-10,4.0994440776745158e-11,合格,合格,1.7658159129376685e-16,1.7658159129376685e-16,0,1.0551062237316609e-95,1133.7306686011032,2603.0400525736441
edge,214,K,0,合格,0,合格,合格,1.5171763579346427e-10,2.5525604904134328e-09,2.4008428546199686e-09,4.1753788775999454e-10,合格,合格,1.4861810173898224e-11,3.7149514980092441e-12,1.114685867588898e-11,1.0746501615147049e-94,1133.7306686011032,2603.0400525736441
edge,214,K,1,合格,0,合格,合格,1.2988761776195739e-10,2.6598391048136036e-11,1.5648600881009343e-10,7.8243003057103626e-11,合格,合格,1.2815660647825559e-16,1.2815660647825559e-16,0,2.0138018210468198e-95,1133.7306686011032,2603.0400525736441
edge,214,K,2,合格,0,合格,合格,2.7610986937791921e-10,8.4185190946308629e-11,1.9192467843161061e-10,3.8384947598451394e-10,合格,合格,1.4949698546553528e-16,1.4949698546553528e-16,0,9.8794364165870533e-95,1133.7306686011032,2603.0400525736441
edge,214,K,3,合格,0,合格,合格,4.6232324437314824e-11,3.2684453188045937e-11,1.3547871249268884e-11,5.4191245811783819e-11,合格,合格,1.9436289523225186e-16,1.9436289523225186e-16,0,1.3947627933058767e-95,1133.7306686011032,2603.0400525736441
edge,214,K,4,合格,0,合格,合格,1.9690330254929357e-11,8.3667822284502119e-11,1.0335815253943148e-10,3.1802512843639754e-11,合格,合格,0,0,0,8.1852633176216141e-96,1133.7306686011032,2603.0400525736441
edge,215,D,0,合格,0,合格,合格,6.5506879486799193e-11,1.3552778655077079e-10,2.0103466603757e-10,8.0413875914117157e-11,合格,合格,1.9684557424117268e-12,4.9189653878260935e-13,1.4765592036291173e-12,2.0696752863012705e-95,14.497908423743509,15576.284864284857
edge,215,D,1,合格,0,合格,合格,3.2566456561312556e-11,1.1388420398661139e-10,8.1317747425298836e-11,8.1317761531011105e-11,合格,合格,2.3638192908723242e-16,2.3638192908723242e-16,0,2.0929393026375377e-95,14.497908423743509,15576.284864284857
edge,215,D,2,合格,0,合格,解像しない,2.5133020785314488e-08,3.1268550612410441e-08,5.6401571397724926e-08,5.6401571464401374e-08,合格,合格,0,0,0,1.4516516862475135e-92,14.497908423743509,15576.284864284857
edge,215,D,3,合格,0,合格,合格,5.7529028572150613e-10,1.4757701168011934e-09,2.0510604025226997e-09,8.2042414523332799e-09,合格,合格,7.7713313100446941e-16,7.7713313100446941e-16,0,2.1115902676893189e-93,14.497908423743509,15576.284864284857
edge,215,D,4,合格,0,合格,解像しない,2.6304037225390879e-09,2.6304037225390879e-09,0,2.9351196861981476e-08,合格,合格,0,0,0,7.5543488083431471e-93,14.497908423743509,15576.284864284857
edge,215,K,0,合格,0,合格,合格,1.5528043896386338e-10,2.1984092055204835e-10,6.4560481588184967e-11,2.5824153179232877e-10,合格,合格,2.0851875062726266e-12,5.2126266400160369e-13,1.5639248422710231e-12,6.6465657844672562e-95,14.497908423743509,15576.284864284857
edge,215,K,1,合格,0,合格,合格,2.9636413619171281e-10,6.6433092497069064e-09,6.9396733858986192e-09,4.6264489794564281e-09,合格,合格,1.1177457431389782e-15,1.1177457431389782e-15,0,1.1907456278243777e-93,14.497908423743509,15576.284864284857
edge,215,K,2,合格,0,合格,合格,5.4997112621026167e-10,5.9449898933812328e-10,1.1444701155483848e-09,1.1444700759518056e-09,合格,合格,1.7762192648206204e-16,1.7762192648206204e-16,0,2.9456128126923842e-94,14.497908423743509,15576.284864284857
edge,215,K,3,合格,0,合格,合格,2.2943279955392705e-10,3.1942187153405347e-10,5.4885467108798057e-10,3.1363123945607738e-10,合格,合格,1.5455400941198183e-16,1.5455400941198183e-16,0,8.0721743347819793e-95,14.497908423743509,15576.284864284857
edge,215,K,4,合格,0,合格,解像しない,3.2599900704725928e-09,3.2599900704725928e-09,0,3.8069726178544885e-08,合格,合格,1.9180750413682348e-16,1.9180750413682348e-16,0,9.7983053959669213e-93,14.497908423743509,15576.284864284857
edge,216,D,0,合格,0,合格,合格,2.4136716542477198e-12,2.3958621206131048e-10,2.4199988371555823e-10,6.0499994286623364e-12,合格,合格,1.7754330025351365e-12,4.4396441142082877e-13,1.3314685911143077e-12,1.5571360237644024e-96,1846.7915967086349,2225.1855780458927
edge,216,D,1,合格,0,合格,合格,3.7655624658104388e-11,2.0708300164000791e-10,1.6942737698190352e-10,1.0589207222783454e-11,合格,合格,2.1469003470238556e-21,2.1469003470238556e-21,0,2.725427700304432e-96,1846.7915967086349,2225.1855780458927
edge,216,D,2,合格,0,合格,合格,3.1537024890513908e-10,3.1537024890513908e-10,4.1109271765352138e-13,5.2619865704352733e-11,合格,合格,2.5131234787326526e-19,2.5131234787326526e-19,0,1.3543189453161468e-95,1846.7915967086349,2225.1855780458927
edge,216,D,3,合格,0,合格,合格,7.2890811076786067e-10,7.2890811076786067e-10,2.6525905880838147e-12,6.7906319908752165e-11,合格,合格,6.0873715651578955e-16,6.0873715651578955e-16,0,1.7477584620957056e-95,1846.7915967086349,2225.1855780458927
edge,216,D,4,合格,0,合格,合格,2.1274495880326544e-10,4.3375275276453922e-10,6.4649771156780466e-10,2.6937407965672262e-11,合格,合格,0,0,0,6.9330929407146396e-96,1846.7915967086349,2225.1855780458927
edge,216,K,0,合格,0,合格,合格,1.0094565456382858e-10,1.6544777819966553e-10,6.4502123635836949e-11,5.3751749665439322e-12,合格,合格,1.8763089359825556e-12,4.6913568598741401e-13,1.4071732499951415e-12,1.3834511346875888e-96,1846.7915967086349,2225.1855780458927
edge,216,K,1,合格,0,解像しない,解像しない,6.8285997961490877e-08,1.7341300362654702e-07,1.0512700566505614e-07,1.3140875712669188e-08,合格,合格,1.2581505107820276e-15,1.2581505107820276e-15,0,3.3821707253503185e-93,1846.7915967086349,2225.1855780458927
edge,216,K,2,合格,0,合格,合格,6.8040001599714719e-11,5.8187466861999886e-10,5.1383466702028408e-10,2.5691730069165338e-11,合格,合格,0,0,0,6.6124830052048001e-96,1846.7915967086349,2225.1855780458927
edge,216,K,3,合格,0,合格,合格,1.1080032616352503e-10,1.1498310654394305e-10,2.2578343270746807e-10,8.0636943921592916e-12,合格,合格,1.3962614348626429e-16,1.3962614348626429e-16,0,2.0754165633755173e-96,1846.7915967086349,2225.1855780458927
edge,216,K,4,合格,0,合格,合格,6.5518264358801032e-11,6.5518264358801032e-11,0,4.3424093763581378e-11,合格,合格,1.4463224942836746e-16,1.4463224942836746e-16,0,1.1176401170924731e-95,1846.7915967086349,2225.1855780458927
zero,217,D,0,合格,0,合格,合格,1.0486989768104592e-10,1.8028478521236111e-10,2.8515468289340701e-10,2.281237178490424e-10,合格,合格,1.0000522694471354e-12,2.502037714558813e-13,7.4984849799125411e-13,5.8713998757575074e-95,0.68921914050857747,0
zero,217,D,1,合格,1,合格,解像しない,0,0,0,1.1164766473788166e-05,合格,合格,0,0,0,2.8735639198393238e-90,0.68921914050857747,0
zero,217,D,2,合格,1,合格,解像しない,0,0,0,1.1164766473788166e-05,合格,合格,0,0,0,2.8735639198393238e-90,0.68921914050857747,0
zero,217,D,3,合格,1,合格,解像しない,0,0,0,1.1164766473788166e-05,合格,合格,0,0,0,2.8735639198393238e-90,0.68921914050857747,0
zero,217,D,4,合格,0,合格,合格,6.6222894089028282e-11,6.6222894089028282e-11,0,2.281237178490424e-10,合格,合格,2.0421768520960009e-16,2.0421768520960009e-16,0,5.8713998757575074e-95,0.68921914050857747,0
zero,217,K,0,合格,0,合格,合格,1.5510227031677979e-10,1.7878518472425944e-10,3.3388745504103923e-10,1.3355497501456203e-10,合格,合格,1.0001980733765601e-12,2.5027041014479737e-13,7.499276632317626e-13,3.4374096262371087e-95,0.68921914050857747,0
zero,217,K,1,合格,1,合格,解像しない,0,0,0,2.2089179932875157e-05,合格,合格,0,0,0,5.6852662904298199e-90,0.68921914050857747,0
zero,217,K,2,合格,1,合格,解像しない,0,0,0,2.2089179932875157e-05,合格,合格,0,0,0,5.6852662904298199e-90,0.68921914050857747,0
zero,217,K,3,合格,1,合格,解像しない,0,0,0,2.2089179932875157e-05,合格,合格,0,0,0,5.6852662904298199e-90,0.68921914050857747,0
zero,217,K,4,合格,0,合格,合格,5.4936031017080403e-11,1.1200755944259562e-10,1.6694359045967601e-10,1.33554975014562e-10,合格,合格,2.0010283062544994e-16,2.0010283062544994e-16,0,3.437409626237108e-95,0.68921914050857747,0
edge,218,D,0,合格,0,合格,合格,6.5358295630148581e-11,3.679680115272065e-11,1.0215509678286923e-10,8.5129240333219139e-12,合格,合格,1.8165176909091272e-12,4.5419747748866757e-13,1.3623202134204597e-12,2.1910383358145501e-96,0.17653167381935633,0
edge,218,D,1,合格,0,合格,合格,1.5186576373097512e-10,9.1349985436647175e-11,6.0515778294327955e-11,1.8620249748862979e-11,合格,合格,3.0823264883285647e-16,3.0823264883285647e-16,0,4.7924403956274893e-96,0.17653167381935633,0
edge,218,D,2,合格,0,合格,合格,1.370559338502006e-08,1.6943315871568232e-08,3.2377224865481724e-09,4.3169632546672861e-09,合格,合格,1.2604671386964665e-16,1.2604671386964665e-16,0,1.1110908482508596e-93,0.17653167381935633,0
edge,218,D,3,合格,0,合格,合格,1.170454333675989e-10,9.1016156384058036e-10,7.9311613047298143e-10,1.586232431459171e-10,合格,合格,0,0,0,4.0826113956089903e-95,0.17653167381935633,0
edge,218,D,4,合格,0,合格,合格,8.161750076564179e-11,1.9359941944466308e-10,2.7521692021030487e-10,1.7474089618988911e-11,合格,合格,0,0,0,4.4974441318635433e-96,0.17653167381935633,0
edge,218,K,0,合格,0,合格,合格,4.791369162843837e-11,4.791369162843837e-11,6.994962639984826e-14,9.0898934820082378e-12,合格,合格,1.1457018992653329e-12,2.8635613918941088e-13,8.5934576007592212e-13,2.3395375090383736e-96,0.17653167381935633,0
edge,218,K,1,合格,0,合格,合格,1.008442726977291e-10,1.2837775604809373e-10,2.2922202874582284e-10,2.1830669183173633e-11,合格,合格,1.7240429641499925e-16,1.7240429641499925e-16,0,5.6187313418505626e-96,0.17653167381935633,0
edge,218,K,2,合格,0,合格,合格,9.1398223448261853e-09,2.9687969577377028e-08,3.8827791922203209e-08,4.4374619267121256e-09,合格,合格,0,0,0,1.1421045409411212e-93,0.17653167381935633,0
edge,218,K,3,合格,0,合格,合格,1.7773773208424548e-10,1.758505426536899e-10,3.5358827473793536e-10,1.7679416982030748e-10,合格,合格,0,0,0,4.5502908531611166e-95,0.17653167381935633,0
edge,218,K,4,合格,0,合格,合格,7.8632596226722054e-11,1.09970544591083e-10,1.8860314081780507e-10,1.7145740113500806e-11,合格,合格,0,0,0,4.4129342324148748e-96,0.17653167381935633,0
edge,219,D,0,合格,0,合格,合格,3.0684677912854888e-12,4.6625922163312249e-11,4.9694389954597742e-11,9.9388602642020433e-11,合格,合格,1.7472275962901307e-12,4.368554169997872e-13,1.3103721792903435e-12,2.5580427791827723e-95,281.25887690835367,1494.3868104930677
edge,219,D,1,合格,0,合格,合格,6.8048950983270488e-10,2.2920293237277985e-09,2.9725188335605034e-09,2.9725188556583278e-09,合格,合格,1.5618634518371866e-20,1.5618634518371866e-20,0,7.6506059976404228e-94,281.25887690835367,1494.3868104930677
edge,219,D,2,合格,0,合格,合格,1.6844557125689225e-11,1.6844557125689225e-11,1.5622960592023873e-13,6.3991646807947655e-10,合格,合格,4.218979551755986e-16,4.218979551755986e-16,0,1.6470034359440426e-94,281.25887690835367,1494.3868104930677
edge,219,D,3,合格,0,合格,合格,8.747612622303861e-12,7.8748938691823278e-11,7.0001326069519419e-11,1.4000261001003267e-10,合格,合格,1.1543042833415237e-20,1.1543042833415237e-20,0,3.6033574885123815e-95,281.25887690835367,1494.3868104930677
edge,219,D,4,合格,0,合格,合格,2.5850459078917079e-11,2.1932630253188146e-10,2.4517676161079855e-10,9.8070667985619787e-10,合格,合格,0,0,0,2.5241220564678819e-94,281.25887690835367,1494.3868104930677
edge,219,K,0,合格,0,合格,合格,7.3879663604367766e-11,7.6201278332782771e-12,6.6259535771089478e-11,2.6503799763830415e-10,合格,合格,1.8812332247534116e-12,4.7043422541357068e-13,1.410798999339841e-12,6.8214917812023103e-95,281.25887690835367,1494.3868104930677
edge,219,K,1,合格,0,合格,合格,3.3403729849139062e-11,4.2607450514067764e-10,3.9267077529153855e-10,7.8534167519747377e-10,合格,合格,1.4116439102877516e-16,1.4116439102877516e-16,0,2.0212957502441459e-94,281.25887690835367,1494.3868104930677
edge,219,K,2,合格,0,合格,合格,1.0020547327868309e-09,2.0073946201686372e-09,1.0053398873818064e-09,4.0213597741359645e-09,合格,合格,2.681211666986631e-16,2.681211666986631e-16,0,1.0350090512667511e-93,281.25887690835367,1494.3868104930677
edge,219,K,3,合格,0,合格,合格,5.9400939751597281e-10,1.4923563689513678e-09,8.9834697143539489e-10,3.5933876983989305e-09,合格,合格,1.5276823252991037e-15,1.5276823252991037e-15,0,9.2485850593972337e-94,281.25887690835367,1494.3868104930677
edge,219,K,4,合格,0,合格,合格,7.6394102830428909e-11,2.0312064789420066e-10,1.2672654506377175e-10,5.0690615474153221e-10,合格,合格,0,0,0,1.3046643119939146e-94,281.25887690835367,1494.3868104930677
edge,220,D,0,合格,0,合格,合格,2.9830913618732803e-11,1.0970466758467716e-10,1.3953558120340996e-10,2.537012338630614e-11,合格,合格,2.2309471700982168e-12,5.5763937125075074e-13,1.673307798847466e-12,6.5297085591460251e-96,580.8188284723268,10935.113721715266
edge,220,D,1,合格,0,合格,合格,1.1648164650553616e-10,7.8365069254674448e-11,3.8116577250861709e-11,7.6233341835736931e-11,合格,合格,1.9060480580697636e-16,1.9060480580697636e-16,0,1.9620775866852912e-95,580.8188284723268,10935.113721715266
edge,220,D,2,合格,0,合格,合格,1.7626074049484933e-10,2.8069778567023974e-11,1.4819096192782534e-10,4.9396970638258617e-11,合格,合格,1.1340499909915227e-16,1.1340499909915227e-16,0,1.2713687555284876e-95,580.8188284723268,10935.113721715266
edge,220,D,3,合格,0,合格,合格,6.5840115913684738e-13,3.0398500832220573e-10,3.0332660716306887e-10,2.0221774810951646e-10,合格,合格,2.1693613151131709e-16,2.1693613151131709e-16,0,5.204637520031378e-95,580.8188284723268,10935.113721715266
edge,220,D,4,合格,0,合格,合格,2.0252612727216627e-10,6.9877965080151333e-10,9.0130577807367956e-10,9.0130569777190417e-10,合格,合格,0,0,0,2.3197614924982714e-94,580.8188284723268,10935.113721715266
edge,220,K,0,合格,0,合格,合格,1.3893813732261654e-11,6.1018697656607392e-11,7.4912511388869043e-11,2.9965004555547617e-11,合格,合格,1.6691706137622245e-12,4.1723272343144507e-13,1.2519378903307795e-12,7.7123293309176599e-96,580.8188284723268,10935.113721715266
edge,220,K,1,合格,0,合格,合格,5.4817717799643226e-13,1.0390292201806232e-10,1.0445109919605874e-10,5.2225598796676688e-11,合格,合格,1.6473697543917433e-20,1.6473697543917433e-20,0,1.3441713872517272e-95,580.8188284723268,10935.113721715266
edge,220,K,2,合格,0,合格,合格,1.1797590572937848e-09,1.733757751832578e-09,5.5399869453879338e-10,5.5399870650400809e-10,合格,合格,6.3457776495621464e-19,6.3457776495621464e-19,0,1.425870123110089e-94,580.8188284723268,10935.113721715266
edge,220,K,3,合格,0,合格,合格,1.9410510337851564e-10,3.6053595323862983e-11,2.3015869870237862e-10,6.575965398467071e-11,合格,合格,1.684865543092412e-16,1.684865543092412e-16,0,1.6925080297479161e-95,580.8188284723268,10935.113721715266
edge,220,K,4,合格,0,合格,合格,1.3017903037727509e-10,7.3791167373408135e-10,6.0773264335680626e-10,1.2154653645463449e-09,合格,合格,0,0,0,3.128338981003031e-94,580.8188284723268,10935.113721715266
edge,221,D,0,合格,0,合格,合格,1.0551993672833301e-09,2.3014725276697266e-09,1.2462731603863966e-09,4.9850927521568274e-09,合格,合格,4.0921899676109779e-12,1.0234926607577038e-12,3.0686973068532739e-12,1.283052601528347e-93,0.1752017866524414,40.447303521141187
edge,221,D,1,合格,0,合格,解像しない,4.9083781502527411e-10,3.1298793985116458e-09,2.6390415834863719e-09,1.0556166438757761e-08,合格,合格,0,0,0,2.7169237333757605e-93,0.1752017866524414,40.447303521141187
edge,221,D,2,合格,0,合格,合格,1.4345388527526114e-10,1.0283708362855745e-09,1.1718247215608358e-09,4.687298807526007e-09,合格,合格,3.4118075853347648e-16,3.4118075853347648e-16,0,1.206407027539247e-93,0.1752017866524414,40.447303521141187
edge,221,D,3,合格,0,合格,解像しない,8.7448006494450925e-09,1.684769304112178e-08,8.1028923916766873e-09,3.2411569872476418e-08,合格,合格,0,0,0,8.3420211241819651e-93,0.1752017866524414,40.447303521141187
edge,221,D,4,合格,0,合格,解像しない,5.1457458452751953e-11,5.1457458452751953e-11,0,1.9556550331076118e-08,合格,合格,1.280832817741181e-16,1.280832817741181e-16,0,5.0334234540272183e-93,0.1752017866524414,40.447303521141187
edge,221,K,0,合格,0,合格,合格,6.6755640801575031e-11,2.4284232634317025e-11,4.2471408167258009e-11,1.6988560460174305e-10,合格,合格,1.9058532279457584e-12,4.7640520879024566e-13,1.4294480191555126e-12,4.3724796665453356e-95,0.1752017866524414,40.447303521141187
edge,221,K,1,合格,0,合格,合格,1.1429799962847334e-10,1.485931149233515e-10,2.6289111455182487e-10,2.6289113878248859e-10,合格,合格,2.3280677540367291e-16,2.3280677540367291e-16,0,6.7662363832184602e-95,0.1752017866524414,40.447303521141187
edge,221,K,2,合格,0,合格,合格,1.4080021892568025e-10,1.4080021892568025e-10,1.4469387361005387e-13,5.926658676010389e-10,合格,合格,1.8078381335856804e-16,1.8078381335856804e-16,0,1.5253908423941909e-94,0.1752017866524414,40.447303521141187
edge,221,K,3,合格,0,合格,合格,3.9778167323080782e-10,1.1974249127862679e-09,7.9964323955546011e-10,3.1985729950346136e-09,合格,合格,1.2349092238769051e-16,1.2349092238769051e-16,0,8.2324193480289547e-94,0.1752017866524414,40.447303521141187
edge,221,K,4,合格,0,合格,解像しない,1.1661489933802781e-09,7.2247517388045906e-09,6.0586027454243129e-09,1.2117205599675131e-08,合格,合格,1.9876200275031662e-16,1.9876200275031662e-16,0,3.118700682387611e-93,0.1752017866524414,40.447303521141187
edge,222,D,0,合格,0,合格,合格,1.3768628801420492e-11,9.0019338147466162e-11,1.0378796694888666e-10,1.3838391940047767e-10,合格,合格,1.9740568815524022e-12,4.934661804562025e-13,1.4805907010961996e-12,3.5616959728513042e-95,11.510991737610073,719.43015234329368
edge,222,D,1,合格,0,合格,合格,2.9431559704433883e-11,1.0796905960188917e-10,1.3740061930632306e-10,1.8320087642946963e-10,合格,合格,1.8493673365244581e-19,1.8493673365244581e-19,0,4.7151853093085546e-95,11.510991737610073,719.43015234329368
edge,222,D,2,合格,0,合格,合格,1.5886307128727301e-11,4.0932928880003092e-10,3.9344298167130362e-10,7.8688599750636553e-10,合格,合格,3.649530529739883e-19,3.649530529739883e-19,0,2.0252704942550062e-94,11.510991737610073,719.43015234329368
edge,222,D,3,合格,0,合格,合格,4.8772784024297047e-10,1.2955827886099592e-09,8.0785494836698881e-10,3.2314200547167543e-09,合格,合格,4.1371013293865059e-16,4.1371013293865059e-16,0,8.3169604137082108e-94,11.510991737610073,719.43015234329368
edge,222,D,4,合格,0,合格,合格,7.5146106172284751e-10,7.5146106172284751e-10,0,5.3336069300422093e-09,合格,合格,2.1353536608020182e-16,2.1353536608020182e-16,0,1.3727524415989024e-93,11.510991737610073,719.43015234329368
edge,222,K,0,合格,0,合格,合格,1.2149813132771193e-10,6.431191423478637e-10,7.6461727367557564e-10,1.019489782806057e-09,合格,合格,1.7901324328144921e-12,4.4757041817512812e-13,1.342562014639364e-12,2.6239411844342156e-94,11.510991737610073,719.43015234329368
edge,222,K,1,合格,0,合格,解像しない,4.7115144355641124e-11,4.7115144355641124e-11,1.5677485356745324e-11,1.6053744468116607e-08,合格,合格,5.459755763808138e-16,5.459755763808138e-16,0,4.1318787088117012e-93,11.510991737610073,719.43015234329368
edge,222,K,2,合格,0,合格,合格,2.1563210932784042e-09,8.5651838464363508e-10,3.012839477922039e-09,4.0171193028072463e-09,合格,合格,8.202121467259174e-19,8.202121467259174e-19,0,1.0339176477481979e-93,11.510991737610073,719.43015234329368
edge,222,K,3,合格,0,合格,合格,7.6195629098067746e-10,1.394612671013467e-09,2.1565689619941443e-09,2.1565690113552656e-09,合格,合格,6.9956766054639744e-20,6.9956766054639744e-20,0,5.5505315908066806e-94,11.510991737610073,719.43015234329368
edge,222,K,4,合格,0,合格,合格,5.9293016726959777e-11,2.3683872771653147e-09,2.4276802938922747e-09,4.8553605690137517e-09,合格,合格,1.6321754458582396e-16,1.6321754458582396e-16,0,1.2496624073315272e-93,11.510991737610073,719.43015234329368
zero,223,D,0,合格,0,合格,合格,3.3531808710608042e-11,1.3440052652234168e-10,1.6793233523294974e-10,9.5961292573369425e-11,合格,合格,9.9982600977911692e-13,2.4991222317065263e-13,7.4991378660846434e-13,2.4698313994060489e-95,1971.0070702337998,0
zero,223,D,1,合格,1,合格,解像しない,0,0,0,4.4279274126528205e-06,合格,合格,0,0,0,1.1396505679307279e-90,1971.0070702337998,0
zero,223,D,2,合格,1,合格,解像しない,0,0,0,4.4279274126528205e-06,合格,合格,0,0,0,1.1396505679307279e-90,1971.0070702337998,0
zero,223,D,3,合格,1,合格,解像しない,0,0,0,4.4279274126528205e-06,合格,合格,0,0,0,1.1396505679307279e-90,1971.0070702337998,0
zero,223,D,4,合格,0,合格,合格,6.2429541794967949e-11,9.5413338706101577e-12,7.1970875665578116e-11,9.5961292573369438e-11,合格,合格,1.1139260837791321e-16,1.1139260837791321e-16,0,2.4698313994060492e-95,1971.0070702337998,0
zero,223,K,0,合格,0,合格,合格,2.4803826399045789e-11,1.6270216419486073e-11,4.1074042818531865e-11,1.6429593111588053e-10,合格,合格,1.0002539861000758e-12,2.5027559448644813e-13,7.4997839161362763e-13,4.2286138356713366e-95,1971.0070702337998,0
zero,223,K,1,合格,1,合格,解像しない,0,0,0,7.0789317762135863e-06,合格,合格,0,0,0,1.821960449498732e-90,1971.0070702337998,0
zero,223,K,2,合格,1,合格,解像しない,0,0,0,7.0789317762135863e-06,合格,合格,0,0,0,1.821960449498732e-90,1971.0070702337998,0
zero,223,K,3,合格,1,合格,解像しない,0,0,0,7.0789317762135863e-06,合格,合格,0,0,0,1.821960449498732e-90,1971.0070702337998,0
zero,223,K,4,合格,0,合格,合格,2.4803835964397638e-11,1.6270135445954891e-11,4.1073971410352526e-11,1.6429593111588053e-10,合格,合格,1.5821900990883171e-16,1.5821900990883171e-16,0,4.2286138356713366e-95,1971.0070702337998,0
edge,224,D,0,合格,0,合格,合格,9.5982713147744167e-12,8.1391347637972326e-11,7.1793076323197906e-11,4.9461321909139765e-14,合格,合格,2.2601570885397465e-12,5.6523391191176578e-13,1.6949231766279807e-12,1.2730250148925685e-98,1.7102078634101483,0
edge,224,D,1,合格,0,合格,合格,1.2975738708928328e-11,8.5379376226524789e-11,7.2403637517596471e-11,9.4893339590705191e-14,合格,合格,1.4014643079219416e-19,1.4014643079219416e-19,0,2.4423446520005074e-98,1.7102078634101483,0
edge,224,D,2,合格,0,合格,合格,5.5835790851236961e-11,8.4584415885227627e-11,2.874862503399066e-11,4.422854839679502e-12,合格,合格,1.4153473046358391e-18,1.4153473046358391e-18,0,1.1383449998553811e-96,1.7102078634101483,0
edge,224,D,3,合格,0,合格,合格,7.7682911673416426e-11,6.9981956792334161e-11,1.4766486846575059e-10,1.0642517326664617e-13,合格,合格,1.5821495831619082e-16,1.5821495831619082e-16,0,2.7391485417958723e-98,1.7102078634101483,0
edge,224,D,4,合格,0,合格,合格,8.9253108757800799e-12,6.5246957073947674e-11,7.4172267949727754e-11,1.745230163482208e-11,合格,合格,1.5372299608653107e-16,1.5372299608653107e-16,0,4.4918363867006843e-96,1.7102078634101483,0
edge,224,K,0,合格,0,合格,合格,9.314911485015773e-12,8.0656633907925807e-11,7.1341722422910029e-11,4.9474143732331841e-14,合格,合格,1.7338374551054405e-12,4.3367716066299282e-13,1.3001602944424477e-12,1.2733550202589844e-98,1.7102078634101483,0
edge,224,K,1,合格,0,合格,合格,1.2868283197397702e-11,8.5144077859011347e-11,7.227579466161365e-11,9.4974730241789545e-14,合格,合格,2.5708800889834383e-16,2.5708800889834383e-16,0,2.4444394673190125e-98,1.7102078634101483,0
edge,224,K,2,合格,0,合格,合格,1.0901651963543225e-10,4.9397496243908357e-11,1.584140158793406e-10,4.4311644245034642e-12,合格,合格,1.6243726198416438e-16,1.6243726198416438e-16,0,1.1404837031766769e-96,1.7102078634101483,0
edge,224,K,3,合格,0,合格,合格,7.7412977536142995e-11,7.7173319405741306e-11,2.3965813040168614e-13,1.0652410526913061e-13,合格,合格,1.4172568326533774e-16,1.4172568326533774e-16,0,2.7416948326970226e-98,1.7102078634101483,0
edge,224,K,4,合格,0,合格,合格,1.3030193375110901e-11,1.4001473379055184e-10,1.5304492716566275e-10,1.4236736594702489e-11,合格,合格,0,0,0,3.6642210753659009e-96,1.7102078634101483,0
edge,225,D,0,合格,0,合格,合格,8.2711120974137021e-11,2.4259160280831812e-10,1.5988048183418113e-10,1.5988055667629339e-10,合格,合格,7.1971586419292864e-13,1.7953866460344206e-13,5.4017719958948661e-13,4.1149718646371368e-95,883.18202274901626,357.22019197473503
edge,225,D,1,合格,0,合格,合格,1.3605761869551538e-09,5.9530329430334156e-10,1.9558794812584956e-09,9.7793976017264811e-10,合格,合格,2.8575419961226426e-16,2.8575419961226426e-16,0,2.5170006172596294e-94,883.18202274901626,357.22019197473503
edge,225,D,2,合格,0,合格,合格,1.6464558513008622e-10,4.9074679700752472e-10,3.2610121187743855e-10,1.6305059040382282e-10,合格,合格,2.2301163190253899e-16,2.2301163190253899e-16,0,4.1965615205022055e-95,883.18202274901626,357.22019197473503
edge,225,D,3,合格,0,合格,合格,1.1438285884998079e-10,3.1593734124717313e-10,2.0155448239719234e-10,2.687392730056108e-10,合格,合格,4.1661449044781845e-21,4.1661449044781845e-21,0,6.9167544217407623e-95,883.18202274901626,357.22019197473503
edge,225,D,4,合格,0,合格,合格,4.8124991828974861e-11,1.4158543350805102e-10,1.8971042533702586e-10,5.8372442042061865e-11,合格,合格,1.19175544874336e-16,1.19175544874336e-16,0,1.502377535246991e-95,883.18202274901626,357.22019197473503
edge,225,K,0,合格,0,合格,合格,1.1943333224070199e-11,1.1580908280616262e-10,1.2775241603023283e-10,1.022019358965405e-10,合格,合格,4.0671878511049705e-14,1.0348466130030398e-14,3.0323412381019307e-14,2.6304517539128102e-95,883.18202274901626,357.22019197473503
edge,225,K,1,合格,0,合格,合格,7.3335120808573278e-11,1.4090265739223126e-10,6.7567536583657986e-11,2.7027007271589745e-10,合格,合格,1.6236653974762939e-16,1.6236653974762939e-16,0,6.9561538200739698e-95,883.18202274901626,357.22019197473503
edge,225,K,2,合格,0,合格,解像しない,1.4959819388943945e-08,1.4959819388943945e-08,2.9360516217865628e-12,2.405213475964372e-08,合格,合格,4.564083047979364e-20,4.564083047979364e-20,0,6.1904874412455908e-93,883.18202274901626,357.22019197473503
edge,225,K,3,合格,0,合格,合格,9.8758447665692538e-11,8.2050143263589415e-11,1.8080859092928194e-10,1.8080869245087233e-10,合格,合格,4.2397081903386934e-21,4.2397081903386934e-21,0,4.6536157853363929e-95,883.18202274901626,357.22019197473503
edge,225,K,4,合格,0,合格,合格,2.9586794928606011e-12,2.0693977157112074e-10,2.0989845106398135e-10,5.2474605104400097e-11,合格,合格,0,0,0,1.3505802587974624e-95,883.18202274901626,357.22019197473503
edge,226,D,0,合格,0,合格,合格,8.7021005652630658e-11,2.0436308438389366e-11,6.6584697214241286e-11,1.3316939442848257e-10,合格,合格,2.0662563239523358e-12,5.1683041977694086e-13,1.5494259041753947e-12,3.4274856348759845e-95,0.96719616251123641,82.635824438801933
edge,226,D,1,合格,0,合格,合格,9.0175060728647501e-11,2.6232878349980226e-10,1.7215372277115478e-10,3.4430707040462811e-10,合格,合格,2.0669269161871728e-16,2.0669269161871728e-16,0,8.8617023668442321e-95,0.96719616251123641,82.635824438801933
edge,226,D,2,合格,0,合格,合格,7.3304527807653881e-11,7.5373868304800819e-10,6.8043415524035428e-10,2.7217366806426695e-09,合格,合格,1.5482637766869103e-19,1.5482637766869103e-19,0,7.0051481534878473e-94,0.96719616251123641,82.635824438801933
edge,226,D,3,合格,0,合格,合格,3.7409931791856965e-11,1.5734194489381033e-10,1.1993201310195336e-10,2.3986398244289537e-10,合格,合格,1.9600513350932593e-16,1.9600513350932593e-16,0,6.1735683163197606e-95,0.96719616251123641,82.635824438801933
edge,226,D,4,合格,0,合格,解像しない,6.0429657075386418e-10,6.0429657075386418e-10,0,1.4618415437799493e-08,合格,合格,1.5308929535555506e-16,1.5308929535555506e-16,0,3.7624567666420689e-93,0.96719616251123641,82.635824438801933
edge,226,K,0,合格,0,合格,合格,1.5940595328639586e-10,2.6626564262445002e-10,4.2567159591084586e-10,5.6756212788112788e-10,合格,合格,1.6411172440108388e-12,4.1046093088363167e-13,1.2306563131272071e-12,1.4607793694345619e-94,0.96719616251123641,82.635824438801933
edge,226,K,1,合格,0,合格,合格,7.2313247966566078e-10,7.2313247966566078e-10,3.6947555497038473e-13,3.0267437744265829e-09,合格,合格,1.6401493048689013e-16,1.6401493048689013e-16,0,7.7901689437123322e-94,0.96719616251123641,82.635824438801933
edge,226,K,2,合格,0,合格,合格,6.6265887495105491e-10,6.6265887495105491e-10,2.4309643819505533e-13,1.9914459100495208e-09,合格,合格,1.8538054185030463e-16,1.8538054185030463e-16,0,5.1255412541452382e-94,0.96719616251123641,82.635824438801933
edge,226,K,3,合格,0,合格,合格,1.4036356932734275e-10,1.5013595866130264e-10,2.9049952798864536e-10,1.1619981637572082e-09,合格,合格,2.4442277888423166e-16,2.4442277888423166e-16,0,2.9907262333981653e-94,0.96719616251123641,82.635824438801933
edge,226,K,4,合格,0,合格,解像しない,9.6261804234506395e-10,9.6261804234506395e-10,0,1.4535026627658366e-08,合格,合格,1.2170723275168801e-16,1.2170723275168801e-16,0,3.7409943315161357e-93,0.96719616251123641,82.635824438801933
edge,227,D,0,合格,0,合格,合格,1.0065923449229344e-10,2.11746684200047e-10,3.1240591869234045e-10,1.3884706237756585e-10,合格,合格,1.628564387658913e-12,4.0705822675455834e-13,1.2215061609043546e-12,3.5736162485848997e-95,57.116475951610177,118.57744275733748
edge,227,D,1,合格,0,合格,合格,2.1346601425947932e-10,7.4397474166960781e-10,9.574407559290871e-10,3.8297626416672272e-09,合格,合格,4.0347379319979381e-16,4.0347379319979381e-16,0,9.8569618759876313e-94,57.116475951610177,118.57744275733748
edge,227,D,2,合格,0,合格,合格,9.6413361485847416e-11,1.999738732915384e-10,2.9638723477738583e-10,2.3710974956069057e-10,合格,合格,1.7774368402318009e-19,1.7774368402318009e-19,0,6.102680454439982e-95,57.116475951610177,118.57744275733748
edge,227,D,3,合格,0,合格,合格,1.3547704204166276e-09,3.6824845405506013e-10,9.8652196636156761e-10,3.9460880075005646e-09,合格,合格,0,0,0,1.0156357635859152e-93,57.116475951610177,118.57744275733748
edge,227,D,4,合格,0,合格,合格,1.2404523904792122e-11,1.2404523904792122e-11,0,4.0482808541171213e-10,合格,合格,0,0,0,1.0419379417454351e-94,57.116475951610177,118.57744275733748
edge,227,K,0,合格,0,合格,合格,5.8740991387379543e-11,1.6301578363289437e-10,2.2175677502027391e-10,8.8702752713217781e-11,合格,合格,1.6121716143947482e-12,4.0320761259075842e-13,1.2089640018039897e-12,2.2830126396781499e-95,57.116475951610177,118.57744275733748
edge,227,K,1,合格,0,合格,合格,2.6557781918703897e-10,2.8115747665748548e-11,2.9369356685278754e-10,3.9159153194436644e-10,合格,合格,4.5426377240961894e-16,4.5426377240961894e-16,0,1.0078699811158178e-94,57.116475951610177,118.57744275733748
edge,227,K,2,合格,0,合格,合格,7.8338979804161775e-11,6.4264161181941268e-11,1.4260314098610306e-10,2.8520616117685974e-10,合格,合格,1.597033804475214e-16,1.597033804475214e-16,0,7.3405756976449312e-95,57.116475951610177,118.57744275733748
edge,227,K,3,合格,0,合格,合格,1.0688367134501811e-10,6.8267627614524657e-10,7.8955994749026464e-10,1.5791199763766238e-09,合格,合格,3.5487164127482716e-16,3.5487164127482716e-16,0,4.0643055095390321e-94,57.116475951610177,118.57744275733748
edge,227,K,4,合格,0,合格,合格,3.9905785730768761e-11,1.2383444069638335e-10,1.6374022642715212e-10,2.1832029505657649e-10,合格,合格,0,0,0,5.6190814587668985e-95,57.116475951610177,118.57744275733748
edge,228,D,0,合格,0,合格,合格,4.7042851047725527e-11,3.3076316765470278e-10,2.8372031660697725e-10,3.4390339271795534e-11,合格,合格,6.6907084560890806e-13,1.6712874625844227e-13,5.0194209935046579e-13,8.8513125961455755e-96,740.91778960132501,288.99665810169768
edge,228,D,1,合格,0,合格,合格,3.1071531309487186e-12,6.6451876815235262e-10,6.6762592128330136e-10,8.6145303407721412e-11,合格,合格,4.4229937807099194e-16,4.4229937807099194e-16,0,2.217189551767212e-95,740.91778960132501,288.99665810169768
edge,228,D,2,合格,0,合格,合格,4.6779887109960563e-10,2.4722181183704053e-09,2.0044192472707996e-09,5.3451179375640672e-10,合格,合格,1.3976035465981674e-16,1.3976035465981674e-16,0,1.3757151203054806e-94,740.91778960132501,288.99665810169768
edge,228,D,3,合格,0,合格,合格,5.8901725640632494e-11,1.7638697402171406e-10,2.3528869966234655e-10,2.8519844791562076e-11,合格,合格,2.4420790497577685e-16,2.4420790497577685e-16,0,7.3403771753627799e-96,740.91778960132501,288.99665810169768
edge,228,D,4,合格,0,合格,合格,6.0907757784691566e-11,1.5810681665418345e-10,2.1901457443887499e-10,1.2883211450254855e-11,合格,合格,1.5312074580842374e-16,1.5312074580842374e-16,0,3.3158536438740395e-96,740.91778960132501,288.99665810169768
edge,228,K,0,合格,0,合格,合格,1.010439983555947e-10,2.702204840849764e-11,7.4021949947097064e-11,4.9347998784384889e-11,合格,合格,1.8729237309470423e-12,4.6808285211287161e-13,1.4048408788341706e-12,1.2701083283380975e-95,740.91778960132501,288.99665810169768
edge,228,K,1,合格,0,合格,合格,1.2679411990204531e-10,9.6223675994938567e-11,3.0570443907106747e-11,6.114070316684107e-11,合格,合格,2.0553631564263117e-16,2.0553631564263117e-16,0,1.5736264530594235e-95,740.91778960132501,288.99665810169768
edge,228,K,2,合格,0,合格,合格,1.3777510904266489e-10,2.6870252137194901e-10,4.0647763041461391e-10,2.6224359852231875e-11,合格,合格,1.2944116882879195e-16,1.2944116882879195e-16,0,6.7495701293148432e-96,740.91778960132501,288.99665810169768
edge,228,K,3,合格,0,合格,合格,1.0263933262748294e-10,1.8403533261982642e-09,1.9429926588257472e-09,2.6799899112432648e-10,合格,合格,2.0042751761852703e-16,2.0042751761852703e-16,0,6.8977012036590086e-95,740.91778960132501,288.99665810169768
edge,228,K,4,合格,0,合格,合格,6.4816905803160056e-11,7.7558436866811873e-11,1.2741531063651817e-11,1.2741482202774521e-11,合格,合格,0,0,0,3.2793756706981902e-96,740.91778960132501,288.99665810169768
zero,229,D,0,合格,0,合格,合格,4.637709675798309e-10,4.637709675798309e-10,0,1.9495154483035608e-09,合格,合格,9.9994846943127645e-13,2.4980765783351342e-13,7.5014081159776308e-13,5.0176215208500806e-94,2146.4305430825648,0
zero,229,D,1,合格,1,合格,解像しない,0,0,0,5.1265857005577694e-05,合格,合格,0,0,0,1.3194697565482209e-89,2146.4305430825648,0
zero,229,D,2,合格,1,合格,解像しない,0,0,0,5.1265857005577694e-05,合格,合格,0,0,0,1.3194697565482209e-89,2146.4305430825648,0
zero,229,D,3,合格,1,合格,解像しない,0,0,0,5.1265857005577694e-05,合格,合格,0,0,0,1.3194697565482209e-89,2146.4305430825648,0
zero,229,D,4,合格,0,合格,合格,5.1098671995132329e-10,4.6377103724515254e-10,9.7475775719647584e-10,1.9495154483035608e-09,合格,合格,2.0466623914662907e-16,2.0466623914662907e-16,0,5.0176215208500806e-94,2146.4305430825648,0
zero,229,K,0,合格,0,合格,合格,5.3970684331677295e-11,3.1502426850472361e-10,2.6105358417304633e-10,3.4807145437791462e-10,合格,合格,1.0001029548992725e-12,2.5006284003639619e-13,7.5004011486287622e-13,8.9585892833010459e-95,2146.4305430825648,0
zero,229,K,1,合格,1,合格,解像しない,0,0,0,2.9681049262366663e-05,合格,合格,0,0,0,7.6392455196934979e-90,2146.4305430825648,0
zero,229,K,2,合格,1,合格,解像しない,0,0,0,2.9681049262366663e-05,合格,合格,0,0,0,7.6392455196934979e-90,2146.4305430825648,0
zero,229,K,3,合格,1,合格,解像しない,0,0,0,2.9681049262366663e-05,合格,合格,0,0,0,7.6392455196934979e-90,2146.4305430825648,0
zero,229,K,4,合格,0,合格,合格,5.3970697604506245e-11,1.4098844689983601e-10,8.7017749295329754e-11,3.4807145437791462e-10,合格,合格,0,0,0,8.9585892833010459e-95,2146.4305430825648,0
edge,230,D,0,合格,0,合格,合格,3.502028637062976e-11,1.0919236935526294e-10,1.4421265572589271e-10,4.62962016429052e-13,合格,合格,2.2917165050596338e-12,5.7287734776276065e-13,1.7188391572968731e-12,1.1915618206523945e-97,2.0598843367184392,0
edge,230,D,1,合格,0,合格,合格,5.6735044940639036e-11,5.6735044940639036e-11,1.2962078872258295e-20,1.7502256955128231e-12,合格,合格,2.123707002430799e-16,2.123707002430799e-16,0,4.504693781109496e-97,2.0598843367184392,0
edge,230,D,2,合格,0,合格,合格,1.042421134004884e-10,1.7158537802851639e-10,2.7582749142900476e-10,8.0887860128020516e-13,合格,合格,1.4527849367274872e-16,1.4527849367274872e-16,0,2.0818745914891019e-97,2.0598843367184392,0
edge,230,D,3,合格,0,合格,合格,1.1173136983023244e-11,7.9530016607260021e-11,6.8356879624236772e-11,2.9088028367700942e-12,合格,合格,1.2414596647803604e-16,1.2414596647803604e-16,0,7.4866150593410152e-97,2.0598843367184392,0
edge,230,D,4,合格,0,合格,合格,3.0200651176576718e-11,2.803341213693135e-11,5.8234063313508071e-11,1.1646827596551298e-10,合格,合格,0,0,0,2.9976357893926658e-95,2.0598843367184392,0
edge,230,K,0,合格,0,合格,合格,4.2586049081681958e-11,1.2719542433904539e-10,1.6978147342072735e-10,4.6356699630749402e-13,合格,合格,1.7010316180356453e-12,4.2540275698677388e-13,1.2756288610488714e-12,1.1931189050347693e-97,2.0598843367184392,0
edge,230,K,1,合格,0,合格,合格,4.5115159414141136e-11,1.4842748420961115e-10,1.0331232479547004e-10,1.7510566860706052e-12,合格,合格,1.1872441615409813e-16,1.1872441615409813e-16,0,4.5068325669857397e-97,2.0598843367184392,0
edge,230,K,2,合格,0,合格,合格,1.0423285421366289e-10,1.7253673178202962e-10,2.7676958599569253e-10,8.092674781738392e-13,合格,合格,1.62434905037733e-16,1.62434905037733e-16,0,2.0828754745916992e-97,2.0598843367184392,0
edge,230,K,3,合格,0,合格,合格,1.109895907270702e-11,8.1665004687321159e-11,7.0566045614614136e-11,2.9099386201345334e-12,合格,合格,1.3879424103326398e-16,1.3879424103326398e-16,0,7.4895383144798204e-97,2.0598843367184392,0
edge,230,K,4,合格,0,合格,合格,1.9701259161411262e-11,1.7245336121171269e-11,3.6946595282582531e-11,1.4778680639858648e-10,合格,合格,1.9241014104042564e-16,1.9241014104042564e-16,0,3.8037054845014305e-95,2.0598843367184392,0
edge,231,D,0,合格,0,合格,合格,1.2188212951022535e-11,3.2183445752699284e-10,3.096462445759703e-10,5.8980222580069631e-11,合格,合格,1.4395295733750937e-12,3.6003704843330665e-13,1.0794925249417871e-12,1.5180204618527552e-95,203.71550612691556,8.7019562949708416
edge,231,D,1,合格,0,合格,合格,1.692506590850398e-09,3.1720742912368985e-09,4.8645808820872968e-09,2.1620359531746977e-09,合格,合格,1.3003550030466205e-15,1.3003550030466205e-15,0,5.5646022897335797e-94,203.71550612691556,8.7019562949708416
edge,231,D,2,合格,0,合格,合格,6.4671870491583785e-11,2.2200759092263277e-10,1.5733572043104899e-10,3.1467136262635559e-10,合格,合格,1.2354998785279843e-16,1.2354998785279843e-16,0,8.098944804377715e-95,203.71550612691556,8.7019562949708416
edge,231,D,3,合格,0,合格,合格,1.8837688946617663e-11,4.2044760285631937e-10,4.3928529180293703e-10,1.9523791981422661e-10,合格,合格,1.3091547095472761e-16,1.3091547095472761e-16,0,5.0249921794583633e-95,203.71550612691556,8.7019562949708416
edge,231,D,4,合格,0,合格,合格,8.7537498363983554e-11,3.4526290211603205e-11,1.2206378857558676e-10,1.2206383850165906e-10,合格,合格,1.4186865245884096e-16,1.4186865245884096e-16,0,3.1416531913940744e-95,203.71550612691556,8.7019562949708416
edge,231,K,0,合格,0,合格,合格,1.1336987009123703e-10,1.660403559580394e-10,2.7941022604927642e-10,4.2986192856652467e-11,合格,合格,1.6542588353199986e-12,4.136134610059787e-13,1.24064537431402e-12,1.1063695164079889e-95,203.71550612691556,8.7019562949708416
edge,231,K,1,合格,0,合格,合格,1.0657566052208941e-10,2.5333898100641419e-10,3.5991464152850362e-10,2.0566546607013567e-10,合格,合格,2.1413204581400697e-16,2.1413204581400697e-16,0,5.2933741538040312e-95,203.71550612691556,8.7019562949708416
edge,231,K,2,合格,0,合格,合格,2.1543151391959374e-09,1.9625851376411218e-09,4.1169002768370588e-09,4.1169002135613782e-09,合格,合格,7.1529607451761149e-20,7.1529607451761149e-20,0,1.0595990469700211e-93,203.71550612691556,8.7019562949708416
edge,231,K,3,合格,0,合格,合格,8.0841953717802493e-11,2.6005337014051345e-10,3.4089532385831595e-10,1.1363177055253923e-10,合格,合格,2.1670888569978847e-20,2.1670888569978847e-20,0,2.9246304145620649e-95,203.71550612691556,8.7019562949708416
edge,231,K,4,合格,0,合格,合格,3.8440657582526879e-11,1.218541043588168e-10,1.6029476194134368e-10,1.068631604435783e-10,合格,合格,0,0,0,2.7504213628794057e-95,203.71550612691556,8.7019562949708416
edge,232,D,0,合格,0,合格,合格,3.4272896319128683e-10,3.6941061116702058e-10,7.1213957435830746e-10,7.1213957435830746e-10,合格,合格,4.8640842063650858e-12,1.2162204506720918e-12,3.6478637556929941e-12,1.8328897353743186e-94,99.536378316800736,17.467038943643686
edge,232,D,1,合格,0,合格,合格,2.3883930675780801e-11,1.0403321485981309e-10,8.0149284184032296e-11,3.2059764342303038e-10,合格,合格,1.704509689826066e-16,1.704509689826066e-16,0,8.2514741628389246e-95,99.536378316800736,17.467038943643686
edge,232,D,2,合格,0,合格,合格,1.5876872447326273e-10,4.7293709262445723e-10,3.141683681511945e-10,6.2833667914157483e-10,合格,合格,1.173323394626648e-16,1.173323394626648e-16,0,1.6171996207281756e-94,99.536378316800736,17.467038943643686
edge,232,D,3,合格,0,合格,合格,6.1513214975799168e-11,3.2343866801000925e-10,3.8495188298580841e-10,3.0796140516881949e-10,合格,合格,2.0102635330429912e-20,2.0102635330429912e-20,0,7.9262453421999772e-95,99.536378316800736,17.467038943643686
edge,232,D,4,合格,0,合格,合格,4.1796052874542308e-11,6.5018058371546592e-11,1.068141112460889e-10,1.0681413018037636e-10,合格,合格,0,0,0,2.7491594323621118e-95,99.536378316800736,17.467038943643686
edge,232,K,0,合格,0,合格,合格,8.9867289592559667e-12,3.8579138381775887e-10,3.9477811277701485e-10,7.895562255540297e-10,合格,合格,4.7815525019552035e-12,1.1951907364324124e-12,3.5863617655227913e-12,2.0321430705811882e-94,99.536378316800736,17.467038943643686
edge,232,K,1,合格,0,合格,合格,7.464102374676748e-11,2.6505538808411537e-12,7.7291577627608631e-11,3.0916616750067401e-10,合格,合格,1.731143544406736e-16,1.731143544406736e-16,0,7.957253259624192e-95,99.536378316800736,17.467038943643686
edge,232,K,2,合格,0,合格,合格,2.0711775411694239e-10,2.0711775411694239e-10,3.4151148496453038e-14,5.595327441833173e-10,合格,合格,1.1729108240418881e-16,1.1729108240418881e-16,0,1.440113511938354e-94,99.536378316800736,17.467038943643686
edge,232,K,3,合格,0,合格,解像しない,2.5208159955612007e-09,2.5728264623001536e-08,2.8249080618562737e-08,2.2599264515318372e-08,合格,合格,1.4175030015296145e-19,1.4175030015296145e-19,0,5.81655077861113e-93,99.536378316800736,17.467038943643686
edge,232,K,4,合格,0,合格,合格,1.3458259464681445e-10,2.6021379998100069e-10,3.9479639462781514e-10,2.6319757842177636e-10,合格,合格,0,0,0,6.7741234616731081e-95,99.536378316800736,17.467038943643686
edge,233,D,0,合格,0,合格,合格,7.1669761878059582e-11,7.1669761878059582e-11,3.0032425985859414e-14,1.2301275167081617e-10,合格,合格,1.9614078166013923e-12,4.9040441504198715e-13,1.4710034015594051e-12,3.1660761173222786e-95,0.26324839145130241,326.01233413544298
edge,233,D,1,合格,0,合格,合格,3.9548941549135678e-12,1.5733505447258374e-10,1.5338016031767016e-10,3.0676041321255138e-10,合格,合格,1.0483147828993488e-19,1.0483147828993488e-19,0,7.8953344659030874e-95,0.26324839145130241,326.01233413544298
edge,233,D,2,合格,0,合格,解像しない,3.2405774006112964e-09,3.2405774006112964e-09,1.0984731488420168e-11,2.9995639886546968e-08,合格,合格,1.5875919270496747e-16,1.5875919270496747e-16,0,7.7202141874472386e-93,0.26324839145130241,326.01233413544298
edge,233,D,3,合格,0,合格,合格,1.4096836939715194e-10,1.4096836939715194e-10,0,2.0713250555420835e-10,合格,合格,2.5348575152849692e-16,2.5348575152849692e-16,0,5.3311325049554693e-95,0.26324839145130241,326.01233413544298
edge,233,D,4,合格,0,合格,解像しない,3.4250189020767015e-10,3.4250189020767015e-10,0,1.2195359161650743e-07,合格,合格,0,0,0,3.1388156804421871e-92,0.26324839145130241,326.01233413544298
edge,233,K,0,合格,0,合格,合格,3.1039185209612561e-11,1.3559859376911505e-10,1.0455940855950249e-10,4.1823767781248416e-10,合格,合格,2.1255869157044483e-12,5.3136035431259121e-13,1.5942265613918571e-12,1.0764512663125686e-94,0.26324839145130241,326.01233413544298
edge,233,K,1,合格,0,合格,合格,3.1048907802486829e-12,3.1048907802486829e-12,1.1311886324846311e-13,9.2667064693353008e-10,合格,合格,0,0,0,2.3850452607799705e-94,0.26324839145130241,326.01233413544298
edge,233,K,2,合格,0,合格,合格,2.1400401055277773e-10,1.9965144469519623e-10,4.1365545524797393e-10,8.2731111699830635e-10,合格,合格,0,0,0,2.1293158095779521e-94,0.26324839145130241,326.01233413544298
edge,233,K,3,合格,0,合格,解像しない,2.1033253100831441e-09,4.8560059751003224e-10,2.5889259075931764e-09,1.0355703551710658e-08,合格,合格,0,0,0,2.6653290205944611e-93,0.26324839145130241,326.01233413544298
edge,233,K,4,合格,0,合格,解像しない,3.3170463455743646e-08,4.9820395481530196e-09,3.8152503003896664e-08,1.5261001198262694e-07,合格,合格,1.3288742908111391e-16,1.3288742908111391e-16,0,3.9278441270498906e-92,0.26324839145130241,326.01233413544298
edge,234,D,0,合格,0,合格,合格,8.2070039678701251e-11,9.7180713009423796e-11,1.7925075268812503e-10,4.2176647855040256e-11,合格,合格,2.0001851534164149e-12,5.0024307949473896e-13,1.4999420739216759e-12,1.0855336188226647e-95,0.74902696445316097,61737.094986567645
edge,234,D,1,合格,0,合格,合格,1.0815491152996554e-10,2.0215645938026447e-10,3.1031137091023e-10,1.1284047390767008e-10,合格,合格,4.2159493847864557e-16,4.2159493847864557e-16,0,2.9042641893129812e-95,0.74902696445316097,61737.094986567645
edge,234,D,2,合格,0,合格,合格,8.3064193899653724e-11,8.3064193899653724e-11,1.4939738888286444e-13,7.6491475912507515e-11,合格,合格,1.8904133141476552e-16,1.8904133141476552e-16,0,1.9687213868151949e-95,0.74902696445316097,61737.094986567645
edge,234,D,3,合格,0,合格,合格,1.6262225525261263e-10,3.0352899823206422e-10,1.4090674297945156e-10,5.6362660015622784e-10,合格,合格,1.1173577298934919e-16,1.1173577298934919e-16,0,1.4506501916301264e-94,0.74902696445316097,61737.094986567645
edge,234,D,4,合格,0,合格,解像しない,2.2036452897051278e-07,2.2036452897051278e-07,0,6.3337626335503975e-06,合格,合格,0,0,0,1.6301703957110679e-90,0.74902696445316097,61737.094986567645
edge,234,K,0,合格,0,合格,合格,7.169440671160334e-12,2.2272032618872925e-10,2.2988976685988958e-10,6.5682801969965694e-11,合格,合格,2.000122165819848e-12,4.9998589985676056e-13,1.5001362659630875e-12,1.6905300288901125e-95,0.74902696445316097,61737.094986567645
edge,234,K,1,合格,0,合格,合格,5.544393232349075e-11,1.1623612733850331e-10,6.0792195015012551e-11,2.4316885253695042e-10,合格,合格,2.7575471469563319e-16,2.7575471469563319e-16,0,6.2586283619940555e-95,0.74902696445316097,61737.094986567645
edge,234,K,2,合格,0,合格,合格,7.83381172049051e-11,5.4952374019646614e-11,2.3385743185258489e-11,9.3543353110401338e-11,合格,合格,1.1463113384795848e-20,1.1463113384795848e-20,0,2.4075989862386708e-95,0.74902696445316097,61737.094986567645
edge,234,K,3,合格,0,合格,合格,8.1430463963917871e-11,1.6958385427249539e-09,1.7772690066888716e-09,2.3696920404242385e-09,合格,合格,3.2740142516677707e-16,3.2740142516677707e-16,0,6.099063123693884e-94,0.74902696445316097,61737.094986567645
edge,234,K,4,合格,0,解像しない,解像しない,3.7660140424559067e-07,2.3866147135499514e-06,2.7632161177955422e-06,1.105286447136722e-05,合格,合格,1.3599681546392813e-16,1.3599681546392813e-16,0,2.8447628197473934e-90,0.74902696445316097,61737.094986567645
zero,235,D,0,合格,0,合格,合格,2.588403560079952e-11,2.3618004260907441e-11,2.2660313398920801e-12,9.0639774333080486e-12,合格,合格,1.000051218272132e-12,2.500747349134796e-13,7.499764833586523e-13,2.3328672913795895e-96,0.48506037011993974,0
zero,235,D,1,合格,1,合格,解像しない,0,0,0,7.7412931745082944e-07,合格,合格,0,0,0,1.9924376216368611e-91,0.48506037011993974,0
zero,235,D,2,合格,1,合格,解像しない,0,0,0,7.7412931745082944e-07,合格,合格,0,0,0,1.9924376216368611e-91,0.48506037011993974,0
zero,235,D,3,合格,1,合格,解像しない,0,0,0,7.7412931745082944e-07,合格,合格,0,0,0,1.9924376216368611e-91,0.48506037011993974,0
zero,235,D,4,合格,0,合格,合格,7.3819729204860263e-11,1.7578952010681732e-10,1.0196979090195706e-10,9.063977433308047e-12,合格,合格,0,0,0,2.3328672913795891e-96,0.48506037011993974,0
zero,235,K,0,合格,0,合格,合格,7.8870625860090885e-11,2.9663183275067506e-11,1.0853380913515839e-10,9.4377190181559166e-12,合格,合格,1.0001010812934445e-12,2.5017960690998045e-13,7.4992147438346392e-13,2.4290601079587621e-96,0.48506037011993974,0
zero,235,K,1,合格,1,合格,解像しない,0,0,0,4.6320227589500996e-07,合格,合格,0,0,0,1.1921801953711112e-91,0.48506037011993974,0
zero,235,K,2,合格,1,合格,解像しない,0,0,0,4.6320227589500996e-07,合格,合格,0,0,0,1.1921801953711112e-91,0.48506037011993974,0
zero,235,K,3,合格,1,合格,解像しない,0,0,0,4.6320227589500996e-07,合格,合格,0,0,0,1.1921801953711112e-91,0.48506037011993974,0
zero,235,K,4,合格,0,合格,合格,2.96630826185128e-11,2.96630826185128e-11,0,9.437719018155915e-12,合格,合格,0,0,0,2.4290601079587617e-96,0.48506037011993974,0
vfix,0,K,0,合格,0,合格,解像しない,4.6159560799180878e-10,2.3866797697619438e-08,2.4328393305611248e-08,9.731357360509488e-08,合格,合格,1.0003175447963505e-12,2.5038707102147884e-13,7.4993047377487169e-13,2.504636121845809e-92,0.35759808097928808,374.42194280943818
vfix,0,K,4,合格,0,合格,解像しない,4.6159588956050414e-10,2.3866797551699898e-08,2.4328393441260402e-08,9.7313573605094867e-08,合格,合格,2.660928304236881e-16,2.660928304236881e-16,0,2.5046361218458087e-92,0.35759808097928808,374.42194280943818
tfix,0,K,0,合格,0,合格,合格,3.7677601992899363e-11,1.2107187973331351e-10,1.5874948172621288e-10,1.269995853809703e-10,合格,合格,2.2922155165411331e-12,5.7314912882431895e-13,1.719066387716814e-12,3.2686883979355329e-95,0.087325089904226355,216.40407631815972
tfix,0,K,1,合格,0,合格,合格,2.9355206694252141e-10,1.3258028638486547e-10,4.2613235332738688e-10,2.8408823555159122e-10,合格,合格,5.5485983506170163e-19,5.5485983506170163e-19,0,7.3118027649608725e-95,0.087325089904226355,216.40407631815972
tfix,0,K,2,合格,0,合格,合格,2.0412719313339409e-10,3.7403722450837004e-10,1.6991003137497592e-10,3.3982006274995184e-10,合格,合格,1.6991003137497593e-16,1.6991003137497593e-16,0,8.7462167153100822e-95,0.087325089904226355,216.40407631815972
tfix,0,K,3,合格,0,合格,合格,5.8155869484818217e-11,1.8977102957927784e-10,1.3161516009445964e-10,1.3161516009445964e-10,合格,合格,1.3161516009445963e-16,1.3161516009445963e-16,0,3.3874830811664268e-95,0.087325089904226355,216.40407631815972
vfix,1,K,0,合格,0,合格,解像しない,1.715293994015688e-09,1.7718092546465252e-09,3.4871032486622135e-09,1.394841250462917e-08,合格,合格,9.9998711896196687e-13,2.4995492526539702e-13,7.5003219369656975e-13,3.5900128324617321e-93,0.69426561545620258,38.82514336654166
vfix,1,K,4,合格,0,合格,解像しない,1.771809395695224e-09,8.7460156817788219e-09,6.9742062860835983e-09,1.3948412504629173e-08,合格,合格,1.1957149897683322e-16,1.1957149897683322e-16,0,3.590012832461733e-93,0.69426561545620258,38.82514336654166
tfix,1,K,0,合格,0,合格,合格,3.4925351567896759e-11,1.50744405618113e-10,1.1581905405021624e-10,2.3163810810043248e-10,合格,合格,2.1170564889839025e-12,5.292930770094882e-13,1.5877634119744144e-12,5.9618525068119845e-95,0.18250046948747958,25.453149020768652
tfix,1,K,1,合格,0,合格,合格,1.1718254357868814e-10,1.1718254357868814e-10,5.6912532382949641e-14,4.6622746528112346e-10,合格,合格,2.3311373264056172e-16,2.3311373264056172e-16,0,1.1999663636631445e-94,0.18250046948747958,25.453149020768652
tfix,1,K,2,合格,0,合格,合格,5.981537959388905e-11,1.4200519336805848e-10,2.0182057296194752e-10,4.0364114592389503e-10,合格,合格,2.0182057296194752e-16,2.0182057296194752e-16,0,1.038883022061059e-94,0.18250046948747958,25.453149020768652
tfix,1,K,3,合格,0,合格,合格,1.6110078123022449e-11,1.6110078123022449e-11,1.9368128258713796e-13,3.1732741339076685e-10,合格,合格,0,0,0,8.1673056757295025e-95,0.18250046948747958,25.453149020768652
vfix,2,K,0,合格,0,合格,合格,2.469908507232891e-12,1.1586241524806969e-10,1.1833232375530257e-10,5.9166101539776003e-11,合格,合格,1.0001204587121861e-12,2.5003011467804653e-13,7.5009034403413965e-13,1.52280457510155e-95,22.730757339164597,7.6252643572736432
vfix,2,K,4,合格,0,合格,合格,6.1635947650223841e-11,1.4544537018331793e-10,2.0708131783354179e-10,5.9166101539776003e-11,合格,合格,0,0,0,1.52280457510155e-95,22.730757339164597,7.6252643572736432
tfix,2,K,0,合格,0,合格,合格,1.8011030249452057e-09,1.0955116507097753e-09,7.0559137423543051e-10,4.031950709916746e-10,合格,合格,3.3114411180546233e-12,8.2755788321041214e-13,2.4838832348442114e-12,1.0377349238596476e-94,21.457175136763702,3.1856582648588123
tfix,2,K,1,合格,0,合格,合格,1.7381639304793396e-10,4.7414501807330569e-10,3.0032862502537166e-10,1.2013145001014866e-09,合格,合格,1.5016431251268584e-16,1.5016431251268584e-16,0,3.0919177861676994e-94,21.457175136763702,3.1856582648588123
tfix,2,K,2,合格,0,合格,合格,1.3052523721446916e-10,2.2037192176819646e-08,2.1906666939605176e-08,5.1545098681423941e-09,合格,合格,1.7718627671739481e-15,1.7718627671739481e-15,0,1.3266568195872115e-93,21.457175136763702,3.1856582648588123
tfix,2,K,3,合格,0,合格,合格,4.1731901686795815e-10,7.259049130730285e-10,3.0858589620507035e-10,4.1144786160676049e-10,合格,合格,4.1144786160676047e-16,4.1144786160676047e-16,0,1.0589757813421356e-94,21.457175136763702,3.1856582648588123
vfix,3,K,0,合格,0,合格,合格,1.2051003160649881e-10,4.6297784494723352e-11,1.6680781610122217e-10,8.3403855463703648e-11,合格,合格,9.9994126975645404e-13,2.4994189459432646e-13,7.4999937516212758e-13,2.1466307459154112e-95,18.779112044464888,129.82626275193695
vfix,3,K,4,合格,0,合格,合格,9.9659334101851665e-11,2.1310506735498942e-10,3.1276440145684111e-10,8.3403855463703635e-11,合格,合格,2.1056939075155915e-16,2.1056939075155915e-16,0,2.1466307459154109e-95,18.779112044464888,129.82626275193695
tfix,3,K,0,合格,0,合格,合格,1.8272616677280343e-10,4.8968125225192435e-11,2.3169429199799587e-10,3.0892572266399451e-10,合格,合格,7.1408180793782332e-13,1.7855906769978881e-13,5.3552274023803446e-13,7.9510647414047021e-95,373.67739009704655,35.886514843184159
tfix,3,K,1,合格,0,合格,合格,1.6787888000980201e-10,4.3949932383771934e-10,6.073782038475213e-10,1.2147564076950426e-09,合格,合格,1.5184455096188033e-16,1.5184455096188033e-16,0,3.1265142828927678e-94,373.67739009704655,35.886514843184159
tfix,3,K,2,合格,0,合格,合格,1.3188443111838582e-10,8.3295608522822349e-10,7.0107165410983772e-10,4.6738110273989178e-10,合格,合格,1.1684527568497296e-16,1.1684527568497296e-16,0,1.2029355712913332e-94,373.67739009704655,35.886514843184159
tfix,3,K,3,合格,0,合格,合格,1.1187636330103572e-10,3.2284396504640884e-10,4.3472032834744456e-10,4.3472032834744456e-10,合格,合格,2.1736016417372228e-16,2.1736016417372228e-16,0,1.1188739627404609e-94,373.67739009704655,35.886514843184159
vfix,4,K,0,合格,0,合格,合格,1.5357457128964296e-11,1.062559476651925e-10,9.0898490536228206e-11,3.6359423731612648e-10,合格,合格,1.0000093369240251e-12,2.5000233423100628e-13,7.500070026930188e-13,9.3581113789173322e-95,44.229038286298447,3.5634885120964483
vfix,4,K,4,合格,0,合格,合格,1.5357551050706269e-11,1.0625614879373105e-10,9.0898597743024771e-11,3.6359423731612658e-10,合格,合格,1.9292921095834612e-16,1.9292921095834612e-16,0,9.3581113789173349e-95,44.229038286298447,3.5634885120964483
tfix,4,K,0,合格,0,合格,合格,1.3283308186473879e-09,3.6521372832738279e-10,1.6935445469747707e-09,1.3548356375798166e-09,合格,合格,9.4994300728908842e-12,2.3765510627696958e-12,7.122879010121188e-12,3.4870472343528705e-94,47.759782021681879,1.3415855005709219
tfix,4,K,1,合格,0,合格,合格,1.9897659359101047e-09,5.8690733768528202e-10,2.5766732735953871e-09,1.7177821823969246e-09,合格,合格,2.1472277279961557e-16,2.1472277279961557e-16,0,4.4211913550251216e-94,47.759782021681879,1.3415855005709219
tfix,4,K,2,合格,0,合格,合格,9.1472608998475192e-10,4.7202001875276743e-09,3.8054740975429218e-09,2.5369827316952815e-09,合格,合格,9.5136852438573056e-16,9.5136852438573056e-16,0,6.5296323574436891e-94,47.759782021681879,1.3415855005709219
tfix,4,K,3,合格,0,合格,合格,3.4909985477335243e-09,4.7263021688389135e-09,8.2173007165724378e-09,3.6521336518099727e-09,合格,合格,4.5651670647624656e-16,4.5651670647624656e-16,0,9.3997841485630064e-94,47.759782021681879,1.3415855005709219
vfix,5,K,0,合格,0,合格,合格,2.5485299010909615e-11,6.0582481241701338e-11,8.6067780252610947e-11,2.7763769160446488e-12,合格,合格,9.9995340763908358e-13,2.4986770116077968e-13,7.500857064783039e-13,7.1457800327047363e-97,31.51541078642007,23.825759978530428
vfix,5,K,4,合格,0,合格,合格,1.1155309692328104e-10,1.1155309692328104e-10,0,2.7763769160446484e-12,合格,合格,0,0,0,7.1457800327047353e-97,31.51541078642007,23.825759978530428
tfix,5,K,0,合格,0,合格,解像しない,2.5687017281285933e-09,3.9638559413931585e-08,3.7069857685802996e-08,2.4713238457201995e-08,合格,合格,1.8424144028630071e-10,4.6082273763488401e-11,1.3815916652281231e-10,6.3606409090351646e-93,6609.7816079954409,11.352388347502711
tfix,5,K,1,合格,0,合格,解像しない,3.3766700615038105e-08,4.3350751843247706e-09,3.8101775799362876e-08,5.0802367732483833e-08,合格,合格,2.9965459092207264e-14,2.9965459092207264e-14,0,1.3075405679214643e-92,6609.7816079954409,11.352388347502711
tfix,5,K,2,合格,0,合格,解像しない,4.5527892770221718e-09,7.7866712349953931e-08,7.3313923072931763e-08,4.8875948715287835e-08,合格,合格,1.718295072021838e-14,1.718295072021838e-14,0,1.2579588037591503e-92,6609.7816079954409,11.352388347502711
tfix,5,K,3,合格,0,解像しない,解像しない,3.6519298816023812e-08,8.4239868074710188e-08,1.2075916689073399e-07,3.4502619111638283e-08,合格,合格,4.9867066684789712e-15,4.9867066684789712e-15,0,8.8802109432319153e-93,6609.7816079954409,11.352388347502711
vfix,6,K,0,合格,0,合格,合格,3.2298825871072672e-10,1.6905226659758432e-09,1.3675344072651167e-09,5.4701378879290712e-09,合格,合格,1.0001075526579767e-12,2.5012318815993561e-13,7.4998436449804103e-13,1.4078924900222952e-93,0.037214937856682555,3.486072103204207
vfix,6,K,4,合格,0,合格,合格,1.0445461726265377e-09,1.0445461726265377e-09,0,5.4701378879290721e-09,合格,合格,1.2469766154486204e-16,1.2469766154486204e-16,0,1.4078924900222955e-93,0.037214937856682555,3.486072103204207
tfix,6,K,0,合格,0,合格,合格,5.8715721384171573e-11,1.4462948707687659e-12,6.0162016254940337e-11,6.0162016254940337e-11,合格,合格,1.9959350512739006e-12,4.9886343878596527e-13,1.4970716124879355e-12,1.5484372168540853e-95,0.077151505371332876,3.740239278608076
tfix,6,K,1,合格,0,合格,合格,5.0684964621047006e-11,1.3803211281445306e-10,8.7347148193406055e-11,6.9877718554724841e-11,合格,合格,1.3975543710944969e-16,1.3975543710944969e-16,0,1.7984979024054238e-95,0.077151505371332876,3.740239278608076
tfix,6,K,2,合格,0,合格,合格,1.4193636244495315e-11,1.8103670466077985e-10,1.9523034090527517e-10,1.3015356060351679e-10,合格,合格,1.3015356060351678e-16,1.3015356060351678e-16,0,3.3498647434045995e-95,0.077151505371332876,3.740239278608076
tfix,6,K,3,合格,0,合格,合格,2.9873142604656013e-11,2.9873142604656013e-11,0,2.5642952882409352e-10,合格,合格,2.5642952882409356e-16,2.5642952882409356e-16,0,6.5999288363108664e-95,0.077151505371332876,3.740239278608076
vfix,7,K,0,合格,0,合格,解像しない,1.1809232806068294e-09,1.1809232806068294e-09,0,2.3785211048356051e-08,合格,合格,1.0000280125435744e-12,2.500070031358936e-13,7.5002100940768075e-13,6.1217871824532001e-93,17.877086180085577,6681.0710672665782
vfix,7,K,4,合格,0,合格,解像しない,4.7653793624503538e-09,1.1809234002002709e-09,5.9463027626506245e-09,2.3785211048356051e-08,合格,合格,0,0,0,6.1217871824532001e-93,17.877086180085577,6681.0710672665782
tfix,7,K,0,合格,0,合格,合格,3.2554249700086077e-10,7.7466993681745022e-09,7.421156871173641e-09,4.9474379141157604e-09,合格,合格,5.3147851792388558e-12,1.32885090224453e-12,3.9859342769943254e-12,1.2733610791614228e-93,17.08905472551405,7131.7327322556266
tfix,7,K,1,合格,0,合格,合格,1.6639423028841685e-09,1.9037828492169911e-09,3.5677251521011593e-09,7.1354503042023185e-09,合格,合格,2.2298282200632247e-16,2.2298282200632247e-16,0,1.83650706838343e-93,17.08905472551405,7131.7327322556266
tfix,7,K,2,合格,0,合格,合格,4.9653654477060952e-10,4.9653654477060952e-10,0,3.1528206684764758e-09,合格,合格,4.8108225532172787e-20,4.8108225532172787e-20,0,8.1146629801238735e-94,17.08905472551405,7131.7327322556266
tfix,7,K,3,合格,0,合格,合格,2.3994238751570468e-10,1.1893738943774745e-09,9.4943150686176982e-10,1.2659086758156932e-09,合格,合格,3.1647716895392329e-16,3.1647716895392329e-16,0,3.258168905884247e-94,17.08905472551405,7131.7327322556266
vfix,8,K,0,合格,0,合格,合格,1.0856773920210061e-10,1.7735469734993044e-10,2.8592243655203104e-10,6.0194204104020467e-11,合格,合格,1.0000670567349697e-12,2.500772277300988e-13,7.4998982900487079e-13,1.5492656608881907e-95,487.88576283317263,40.917253647343443
vfix,8,K,4,合格,0,合格,合格,1.8276446086168594e-11,1.7735470797766617e-10,1.9563115406383475e-10,6.0194204104020467e-11,合格,合格,0,0,0,1.5492656608881907e-95,487.88576283317263,40.917253647343443
tfix,8,K,0,合格,0,合格,合格,1.5641857794082075e-09,3.0994449727255264e-09,1.5352591933173192e-09,3.0705183866346383e-09,合格,合格,5.0186663492547342e-11,1.2539229461419205e-11,3.7647434031128137e-11,7.9028351123611301e-94,758.14740162976193,0.86763655448169175
tfix,8,K,1,合格,0,合格,解像しない,3.8169542629696443e-09,3.7048875365467161e-08,4.0865829628436804e-08,5.4487772837915741e-08,合格,合格,5.9596001541470339e-15,5.9596001541470339e-15,0,1.4023947430251155e-92,758.14740162976193,0.86763655448169175
tfix,8,K,2,合格,0,合格,合格,9.4232268917854321e-09,1.582592095133181e-08,2.524914784311724e-08,6.7331060914979313e-09,合格,合格,3.9977817418268967e-15,3.9977817418268967e-15,0,1.7329525680991797e-93,758.14740162976193,0.86763655448169175
tfix,8,K,3,合格,0,合格,合格,5.184239516113598e-09,1.2684904654967978e-08,7.5006651388543803e-09,3.3336289506019466e-09,合格,合格,3.7503325694271898e-15,3.7503325694271898e-15,0,8.5800235025706957e-94,758.14740162976193,0.86763655448169175
vfix,9,K,0,合格,0,合格,合格,2.3479826551063652e-11,9.4377560981175601e-11,1.1785738753223925e-10,2.3571484116248118e-10,合格,合格,9.9973473414807143e-13,2.4988205501325479e-13,7.4985267913481669e-13,6.0667785978809046e-95,22.315975803058354,79.049837354756178
vfix,9,K,4,合格,0,合格,合格,9.4377383690719809e-11,1.413374214850582e-10,2.3571480517577801e-10,2.3571484116248118e-10,合格,合格,1.8850292747033925e-16,1.8850292747033925e-16,0,6.0667785978809046e-95,22.315975803058354,79.049837354756178
tfix,9,K,0,合格,0,合格,合格,4.6675507183053127e-10,1.9007328052972236e-10,6.5682835236025367e-10,1.4596185608005637e-10,合格,合格,1.4689601195896872e-12,3.6724002989742179e-13,1.1017200896922654e-12,3.7567353001886716e-95,32.200283708791936,62.67063023027147
tfix,9,K,1,合格,0,合格,合格,1.4113165093729553e-09,1.8620701175019504e-09,3.2733866268749059e-09,3.4456701335525322e-10,合格,合格,5.1685052003287983e-16,5.1685052003287983e-16,0,8.8683927233858269e-95,32.200283708791936,62.67063023027147
tfix,9,K,2,合格,0,合格,合格,5.2559671133546689e-11,1.3748694095902819e-10,1.9004661209257486e-10,3.8009322418514973e-10,合格,合格,7.4236957848662054e-19,7.4236957848662054e-19,0,9.7827588042982022e-95,32.200283708791936,62.67063023027147
tfix,9,K,3,合格,0,合格,合格,2.6735145871269496e-11,1.1554129400307057e-09,1.1821480859019751e-09,1.5761974478693001e-10,合格,合格,3.1523948957386002e-16,3.1523948957386002e-16,0,4.0567835676398767e-95,32.200283708791936,62.67063023027147
vfix,10,K,0,合格,0,合格,合格,1.0173256021669316e-11,9.2271113910761124e-11,1.0244436993243043e-10,2.0488896519150738e-10,合格,合格,9.9998402614798174e-13,2.4996405816555304e-13,7.5001996798242875e-13,5.2733887388489729e-95,756.53922532958359,228.42370995174815
vfix,10,K,4,合格,0,合格,合格,9.2271240794363902e-11,9.2271240794363902e-11,0,2.0488896519150738e-10,合格,合格,0,0,0,5.2733887388489729e-95,756.53922532958359,228.42370995174815
tfix,10,K,0,合格,0,合格,合格,3.6661879590538266e-10,2.1094810622303368e-10,1.5567068968234901e-10,3.1134137936469802e-10,合格,合格,5.8890221906832632e-13,1.4710880174981981e-13,4.4179341731850648e-13,8.0132384013209803e-95,469.64523094275739,156.02550154243966
tfix,10,K,1,合格,0,合格,解像しない,1.7600178225912116e-07,1.7600178225912116e-07,4.8952298597244466e-11,2.0050861505431333e-07,合格,合格,6.0896659454972119e-14,6.0896659454972119e-14,0,5.1606482158827704e-92,469.64523094275739,156.02550154243966
tfix,10,K,2,合格,0,合格,合格,5.1281174268837381e-10,6.1595786264668771e-10,1.1287696053350615e-09,5.6438480266753076e-10,合格,合格,2.8219240133376536e-16,2.8219240133376536e-16,0,1.4526016371758319e-94,469.64523094275739,156.02550154243966
tfix,10,K,3,合格,0,合格,合格,2.511308751978688e-10,4.395756441706671e-10,6.907065193685359e-10,3.4535325968426795e-10,合格,合格,0,0,0,8.8886289646763827e-95,469.64523094275739,156.02550154243966
vfix,11,K,0,合格,0,合格,合格,9.8441748627321575e-12,9.933276341256466e-11,1.0917693827529682e-10,2.2745175128550265e-12,合格,合格,1.0000342326020214e-12,2.5013263187663467e-13,7.4990160072538689e-13,5.8541049428374185e-97,22.738215481224806,24.575342701103942
vfix,11,K,4,合格,0,合格,合格,1.1902100252199635e-10,1.1902100252199635e-10,0,2.2745175128550261e-12,合格,合格,0,0,0,5.8541049428374174e-97,22.738215481224806,24.575342701103942
tfix,11,K,0,合格,0,合格,合格,3.2242957036539344e-11,3.5435537056399806e-10,3.2211241352745875e-10,9.9111511854602691e-11,合格,合格,2.0773772884724723e-13,5.1934432211811807e-14,1.5580329663543543e-13,2.550911075254053e-95,19.925467745656036,136.76723397065501
tfix,11,K,1,合格,0,合格,合格,3.4006395039542488e-10,2.4664629966770228e-11,3.6472858036219512e-10,1.1222417857298312e-10,合格,合格,2.2444835714596626e-16,2.2444835714596626e-16,0,2.8884021106758731e-95,19.925467745656036,136.76723397065501
tfix,11,K,2,合格,0,合格,合格,2.9520249055273315e-10,1.786197694407819e-09,2.0814001849605519e-09,8.3256007398422085e-10,合格,合格,8.3256007398422084e-16,8.3256007398422084e-16,0,2.1428254637627699e-94,19.925467745656036,136.76723397065501
tfix,11,K,3,合格,0,合格,合格,1.7635955153638719e-10,4.3342246117698091e-10,2.5706290964059372e-10,2.0565032771247498e-10,合格,合格,1.0041519907835693e-19,1.0041519907835693e-19,0,5.2929845259646895e-95,19.925467745656036,136.76723397065501
vfix,12,K,0,合格,0,合格,合格,3.8239929820025773e-10,1.4821906447291067e-09,1.0997913465288491e-09,4.3991658957875217e-09,合格,合格,9.9993923733862328e-13,2.4998480933465582e-13,7.4995442800396746e-13,1.1322479897094989e-93,0.058904017601154844,4.5993178505657255
vfix,12,K,4,合格,0,合格,合格,7.1739213039240923e-10,1.482190852562878e-09,2.1995829829552872e-09,4.3991658957875225e-09,合格,合格,1.2354732658363427e-16,1.2354732658363427e-16,0,1.1322479897094991e-93,0.058904017601154844,4.5993178505657255
tfix,12,K,0,合格,0,合格,合格,1.4929024346505092e-10,2.8590400074887168e-11,1.7788064353993809e-10,1.7788064353993809e-10,合格,合格,1.8485356476670365e-12,4.6213391191675912e-13,1.3864017357502774e-12,4.578254283367327e-95,0.25668611437665717,1.9389083995217202
tfix,12,K,1,合格,0,合格,合格,2.6744303032437958e-11,3.4209939160250771e-10,3.6884369463494566e-10,7.3768738926989133e-10,合格,合格,3.6019892054193912e-19,3.6019892054193912e-19,0,1.8986441596455426e-94,0.25668611437665717,1.9389083995217202
tfix,12,K,2,合格,0,合格,合格,2.1268132654689608e-11,2.1268132654689608e-11,4.7807617338532298e-13,9.7910000309314146e-10,合格,合格,2.4477500077328536e-16,2.4477500077328536e-16,0,2.5199868258851355e-94,0.25668611437665717,1.9389083995217202
tfix,12,K,3,合格,0,合格,合格,2.4780033446431745e-11,7.0997298026731328e-11,4.6217264580299583e-11,1.8486905832119833e-10,合格,合格,9.0268094883397628e-20,9.0268094883397628e-20,0,4.7581206210954607e-95,0.25668611437665717,1.9389083995217202
vfix,13,K,0,合格,0,合格,合格,1.2438665795774745e-10,1.2438665795774745e-10,0,2.4970752098305431e-09,合格,合格,1.0001256868363061e-12,2.5006496046450363e-13,7.5006072637180246e-13,6.4269192239178416e-94,0.05244893888584292,8.0793979910787073
vfix,13,K,4,合格,0,合格,合格,4.9988213105835734e-10,1.2438666956657964e-10,6.2426880062493701e-10,2.4970752098305431e-09,合格,合格,0,0,0,6.4269192239178416e-94,0.05244893888584292,8.0793979910787073
tfix,13,K,0,合格,0,合格,合格,1.941643899199164e-11,2.2600117702664503e-09,2.2405953312744587e-09,2.9874604416992782e-09,合格,合格,1.5308867600932739e-12,3.8258165281511384e-13,1.14830510727816e-12,7.6890623349523147e-94,0.87377524415843577,7.9157602089167192
tfix,13,K,1,合格,0,合格,合格,4.0771065521028576e-10,3.1881222571584323e-10,7.2652288092612899e-10,1.453045761852258e-09,合格,合格,1.7737375022610571e-19,1.7737375022610571e-19,0,3.7398183696334723e-94,0.87377524415843577,7.9157602089167192
tfix,13,K,2,合格,0,合格,合格,2.1373527277746464e-10,3.2752255217203573e-10,5.412578249495004e-10,2.1650312997980016e-09,合格,合格,4.0594336871212524e-16,4.0594336871212524e-16,0,5.5723116493555172e-94,0.87377524415843577,7.9157602089167192
tfix,13,K,3,合格,0,合格,合格,8.2440754150477745e-10,8.2440754150477745e-10,9.0191446277807404e-13,7.3884832790779826e-09,合格,合格,9.0191446277807412e-19,9.0191446277807412e-19,0,1.9016321588937749e-93,0.87377524415843577,7.9157602089167192
vfix,14,K,0,合格,0,解像しない,解像しない,8.0864493411841776e-09,1.1121060654818893e-06,1.1040196161407052e-06,4.4160784645010248e-06,合格,合格,9.999305788593316e-13,2.4984363675669679e-13,7.5008694210263491e-13,1.1366009107814285e-90,0.15497240938922197,2162.7445564415252
vfix,14,K,4,合格,0,解像しない,解像しない,1.0959331669855184e-06,1.1121060653467638e-06,2.2080392323322824e-06,4.4160784645010257e-06,合格,合格,0,0,0,1.1366009107814287e-90,0.15497240938922197,2162.7445564415252
tfix,14,K,0,合格,0,合格,合格,7.4609899667469731e-11,5.3742706020024328e-11,2.0867193647445403e-11,8.3468774589781612e-11,合格,合格,2.0029167150563999e-12,5.0097958508786925e-13,1.5019371299685303e-12,2.1483016206161325e-95,0.033095742672306798,804.43108443422159
tfix,14,K,1,合格,0,合格,合格,3.239969587476723e-10,2.1715807359904148e-10,5.4115503234671378e-10,5.4115503234671378e-10,合格,合格,5.2847171127608768e-19,5.2847171127608768e-19,0,1.3928133469175716e-94,0.033095742672306798,804.43108443422159
tfix,14,K,2,合格,0,合格,合格,1.0585345658595758e-10,1.7561729619220472e-10,2.8147075277816228e-10,9.3823584259387432e-11,合格,合格,5.7265371252067529e-21,5.7265371252067529e-21,0,2.4148115161275144e-95,0.033095742672306798,804.43108443422159
tfix,14,K,3,合格,0,合格,合格,2.1285256988195316e-11,2.1285256988195316e-11,1.7232663840372808e-13,1.7646247772541755e-10,合格,合格,1.7232663840372808e-19,1.7232663840372808e-19,0,4.5417538323590306e-95,0.033095742672306798,804.43108443422159
vfix,15,K,0,合格,0,合格,合格,1.1798847336409054e-09,3.6052433385365899e-09,2.4253586048956845e-09,9.7014345326459202e-09,合格,合格,1.0002672932651276e-12,2.5029006879048341e-13,7.499772244746442e-13,2.4969346478624363e-93,0.1149537716884055,10.109389464600682
vfix,15,K,4,合格,0,合格,合格,1.1798847883527051e-09,1.2454738741273942e-09,2.4253586624800995e-09,9.7014345326459202e-09,合格,合格,1.7298570197381371e-16,1.7298570197381371e-16,0,2.4969346478624363e-93,0.1149537716884055,10.109389464600682
tfix,15,K,0,合格,0,合格,合格,7.610256134364982e-11,5.2717932687765998e-11,2.3384628655883822e-11,9.3538514623535288e-11,合格,合格,2.1087322736729795e-12,5.2718306841824487e-13,1.5815492052547347e-12,2.4074744542897264e-95,0.24735985753755219,22.914139504761135
tfix,15,K,1,合格,0,合格,合格,8.5185767310848307e-11,6.6859995598866232e-11,1.5204576290971453e-10,1.0136384193980969e-10,合格,合格,6.1867579308965875e-21,6.1867579308965875e-21,0,2.6088810693745254e-95,0.24735985753755219,22.914139504761135
tfix,15,K,2,合格,0,合格,合格,7.2132934764353514e-10,5.237329765454469e-10,1.245062324188982e-09,1.6600830989186428e-09,合格,合格,4.1502077472966067e-16,4.1502077472966067e-16,0,4.2726866774931321e-94,0.24735985753755219,22.914139504761135
tfix,15,K,3,合格,0,合格,合格,2.7900768387910341e-11,6.4263710576408585e-11,9.2164478964318933e-11,1.8432895792863787e-10,合格,合格,1.1250546748574089e-20,1.1250546748574089e-20,0,4.7442196317214643e-95,0.24735985753755219,22.914139504761135
vfix,16,K,0,合格,0,合格,合格,6.5212881288060339e-11,6.5212881288060339e-11,0,2.2229002182952096e-10,合格,合格,9.9992530827937745e-13,2.498720217235086e-13,7.5005328655586885e-13,5.7212534446578222e-95,0.57385512238112091,2.9204048622345304
vfix,16,K,4,合格,0,合格,合格,9.6405613250874261e-12,6.5212970618770126e-11,5.5572409293682699e-11,2.2229002182952099e-10,合格,合格,0,0,0,5.7212534446578229e-95,0.57385512238112091,2.9204048622345304
tfix,16,K,0,合格,0,合格,合格,8.4932569649322526e-11,3.8078756471351199e-10,4.6572013436283456e-10,6.0092920562946388e-11,合格,合格,1.313631243506008e-12,3.2846790379706498e-13,9.8516333970894314e-13,1.5466588465854703e-95,1.684784232105093,0.17665497396200736
tfix,16,K,1,合格,0,合格,合格,1.0136537352335808e-10,5.743178110559399e-10,4.7295243753258177e-10,6.3060325004344236e-10,合格,合格,3.1530162502172121e-16,3.1530162502172121e-16,0,1.6230332728521634e-94,1.684784232105093,0.17665497396200736
tfix,16,K,2,合格,0,合格,合格,1.345422626232852e-10,1.8747647566869239e-10,3.2201873829197756e-10,6.440374765839551e-11,合格,合格,3.864224859503731e-16,3.864224859503731e-16,0,1.657610000245788e-95,1.684784232105093,0.17665497396200736
tfix,16,K,3,合格,0,合格,合格,1.6727910107501073e-11,4.8272417007921767e-10,4.6599625997171666e-10,1.694531854442606e-10,合格,合格,1.6945318544426059e-16,1.6945318544426059e-16,0,4.361350153965685e-95,1.684784232105093,0.17665497396200736
vfix,17,K,0,合格,0,合格,合格,6.2357830336234992e-10,2.0760458048330703e-09,1.4524675014707204e-09,2.9049350622133116e-09,合格,合格,1.0000486951266097e-12,2.5011417793252215e-13,7.4993451719408761e-13,7.4766602632039564e-94,400.66048748445547,933.16714725838551
vfix,17,K,4,合格,0,合格,合格,1.0265552000358469e-10,6.235781278103769e-10,7.2623364781396162e-10,2.9049350622133112e-09,合格,合格,0,0,0,7.4766602632039553e-94,400.66048748445547,933.16714725838551
tfix,17,K,0,合格,0,合格,合格,5.4815182320009239e-11,3.4363434968339861e-10,2.8881916736338937e-10,3.8509222315118577e-10,合格,合格,2.3933481668846195e-13,5.96892945884338e-14,1.7964552210002818e-13,9.9114219796350106e-95,346.68304198934163,733.01404317350614
tfix,17,K,1,合格,0,合格,合格,7.6369586119468426e-10,2.433326398415627e-10,5.2036322135312151e-10,1.040726442706243e-09,合格,合格,1.3009080533828038e-16,1.3009080533828038e-16,0,2.6785996493562925e-94,346.68304198934163,733.01404317350614
tfix,17,K,2,合格,0,合格,合格,2.4154937458847528e-11,2.2104298217376094e-10,2.4519791963260849e-10,4.9039583926521697e-10,合格,合格,1.2259895981630425e-16,1.2259895981630425e-16,0,1.2621704121266056e-94,346.68304198934163,733.01404317350614
tfix,17,K,3,合格,0,合格,合格,1.8354825243754029e-10,1.8354825243754029e-10,7.2870349626691061e-14,2.9847695207092659e-10,合格,合格,1.492384760354633e-16,1.492384760354633e-16,0,7.6821364995699163e-95,346.68304198934163,733.01404317350614
vfix,18,K,0,合格,0,合格,合格,1.2103013108191497e-10,1.8905872995865761e-10,3.1008886104057258e-10,3.648104994076478e-11,合格,合格,1.000185551370089e-12,2.5009827545153709e-13,7.5008727591855199e-13,9.3894152747172966e-96,1861.529654142611,2.3108287460474912
vfix,18,K,4,合格,0,合格,合格,2.466683006828085e-12,6.1375253881222731e-11,6.384193688805082e-11,3.648104994076478e-11,合格,合格,0,0,0,9.3894152747172966e-96,1861.529654142611,2.3108287460474912
tfix,18,K,0,合格,0,合格,解像しない,2.4846104776266332e-08,6.7837054671813155e-08,4.299094989554683e-08,4.299094989554683e-08,合格,合格,6.4758426568108596e-10,1.6175747938354767e-10,4.8582678629753827e-10,1.1064919520663092e-92,4817.7298077788109,19.094090935771419
tfix,18,K,1,合格,0,解像しない,解像しない,6.2744618465126637e-08,1.1118086414079026e-07,1.7392548260591688e-07,6.9570193042366754e-08,合格,合格,7.2967175124513567e-14,7.2967175124513567e-14,0,1.7905828759799542e-92,4817.7298077788109,19.094090935771419
tfix,18,K,2,合格,0,合格,解像しない,4.3312990625430258e-08,2.9642179620966632e-08,1.3670811004463624e-08,5.4683244017854494e-08,合格,合格,2.6700802743093016e-14,2.6700802743093016e-14,0,1.4074257388041955e-92,4817.7298077788109,19.094090935771419
tfix,18,K,3,合格,0,解像しない,解像しない,3.0330609113062353e-07,2.4873616037101958e-07,5.5204225150164311e-07,3.1545271514379606e-07,合格,合格,8.2251830999407756e-14,8.2251830999407756e-14,0,8.119055089783718e-92,4817.7298077788109,19.094090935771419
vfix,19,K,0,合格,0,合格,合格,3.5360962677965464e-11,3.5360962677965464e-11,0,1.68935613518369e-10,合格,合格,9.9985010568632113e-13,2.4979925893208218e-13,7.500508467542389e-13,4.3480289974895904e-95,51.293854361911627,163.03186437133391
vfix,19,K,4,合格,0,合格,合格,6.873061546877904e-12,4.9106891974955021e-11,4.2233830428077121e-11,1.6893561351836902e-10,合格,合格,0,0,0,4.3480289974895911e-95,51.293854361911627,163.03186437133391
tfix,19,K,0,合格,0,合格,合格,8.6176491274345181e-11,2.4306625882201013e-10,3.2924275009635531e-10,1.6462137504817766e-10,合格,合格,6.8498954157546721e-13,1.7120623005010478e-13,5.1378331152536248e-13,4.2369900425895485e-95,58.419023360585278,201.62620828435084
tfix,19,K,1,合格,0,合格,合格,3.5611693556458882e-11,2.5360065214272321e-10,2.1798895858626436e-10,2.9065194478168579e-10,合格,合格,1.453259723908429e-16,1.453259723908429e-16,0,7.4807381212730458e-95,58.419023360585278,201.62620828435084
tfix,19,K,2,合格,0,合格,合格,7.2333988787983159e-11,3.556283989127446e-10,4.2796238770072776e-10,2.1398119385036388e-10,合格,合格,2.1398119385036387e-16,2.1398119385036387e-16,0,5.5074025920393505e-95,58.419023360585278,201.62620828435084
tfix,19,K,3,合格,0,合格,合格,2.3583595096059563e-10,3.6608917811095672e-10,6.0192512907155235e-10,4.8154010325724184e-10,合格,合格,2.3512700354357514e-19,2.3512700354357514e-19,0,1.2393777065775168e-94,58.419023360585278,201.62620828435084
vfix,20,K,0,合格,0,合格,合格,4.1317990181290278e-10,4.1317990181290278e-10,0,5.4132740550223676e-09,合格,合格,9.9995633303710717e-13,2.4988205211188451e-13,7.5007428092522276e-13,1.393256997290038e-93,14.820607350488103,40.194229273090627
vfix,20,K,4,合格,0,合格,合格,4.1317978726040765e-10,4.1317978726040765e-10,0,5.4132740550223684e-09,合格,合格,2.0764253747392789e-16,2.0764253747392789e-16,0,1.3932569972900383e-93,14.820607350488103,40.194229273090627
tfix,20,K,0,合格,0,合格,合格,8.6171637704044186e-11,4.2806562307555728e-10,5.1423726077960146e-10,1.0284745215592029e-09,合格,合格,1.295363659903816e-12,3.2384091497595401e-13,9.7152274492786203e-13,2.6470659145132875e-94,10.395764912448843,37.373048999858838
tfix,20,K,1,合格,0,合格,合格,2.0642878877049463e-10,2.0642878877049463e-10,0,8.2095444028277869e-10,合格,合格,2.0042833014716276e-19,2.0042833014716276e-19,0,2.1129551298425476e-94,10.395764912448843,37.373048999858838
tfix,20,K,2,合格,0,合格,合格,1.184901090674887e-09,2.743873044145162e-09,3.9287741348200495e-09,3.9287741348200495e-09,合格,合格,9.8219353370501229e-16,9.8219353370501229e-16,0,1.0111795557499318e-93,10.395764912448843,37.373048999858838
tfix,20,K,3,合格,0,合格,合格,6.3964839618089839e-11,2.5712755623592183e-09,2.5073107227411285e-09,3.3430809636548381e-09,合格,合格,4.1788512045685475e-16,4.1788512045685475e-16,0,8.6043508933337769e-94,10.395764912448843,37.373048999858838
vfix,21,K,0,合格,0,合格,合格,6.7559525413533453e-12,2.8332094043990474e-10,2.765649878985514e-10,5.5313000519189613e-10,合格,合格,9.9990377070166779e-13,2.4990644700050023e-13,7.4999732370116761e-13,1.4236342780940176e-94,0.26214554578907023,1.577664194247457
vfix,21,K,4,合格,0,合格,合格,6.756090261369576e-12,6.756090261369576e-12,0,5.5313000519189613e-10,合格,合格,0,0,0,1.4236342780940176e-94,0.26214554578907023,1.577664194247457
tfix,21,K,0,合格,0,合格,合格,7.8382451870792177e-11,8.4345077853267905e-11,1.6272752972406009e-10,7.2323346544026706e-11,合格,合格,1.9867223295644137e-12,4.9671674406437545e-13,1.4900055855000381e-12,1.8614429569921551e-95,0.54517518988943447,4.1971724494929505
tfix,21,K,1,合格,0,合格,合格,6.8917008877091823e-11,1.9054012476130099e-10,1.2162311588420917e-10,1.2162311588420917e-10,合格,合格,1.2162311588420917e-16,1.2162311588420917e-16,0,3.1303099661225524e-95,0.54517518988943447,4.1971724494929505
tfix,21,K,2,合格,0,合格,合格,2.4750615689190225e-11,2.4750615689190225e-11,5.2876033289467433e-15,8.6632092941463442e-11,合格,合格,2.1150413315786974e-20,2.1150413315786974e-20,0,2.229718437561649e-95,0.54517518988943447,4.1971724494929505
tfix,21,K,3,合格,0,合格,合格,1.045525606168451e-10,1.1450615032460259e-10,2.1905871094144769e-10,8.7623484376579075e-10,合格,合格,2.1905871094144767e-16,2.1905871094144767e-16,0,2.2552346600914644e-94,0.54517518988943447,4.1971724494929505
vfix,22,K,0,合格,0,合格,合格,3.6753482651815928e-11,3.6753482651815928e-11,0,1.987507061350245e-09,合格,合格,1.0001211664628679e-12,2.5008736312715632e-13,7.500338033357116e-13,5.1154035288873765e-94,1.6562043686099195,59.978360861366994
vfix,22,K,4,合格,0,合格,合格,3.675347305155821e-11,9.5700006943579893e-10,9.9375354248735718e-10,1.9875070613502446e-09,合格,合格,1.6630530792560278e-16,1.6630530792560278e-16,0,5.1154035288873754e-94,1.6562043686099195,59.978360861366994
tfix,22,K,0,合格,0,合格,合格,8.5177147672101939e-11,2.0951828720540209e-10,2.9469543487750402e-10,5.8939086975500804e-10,合格,合格,1.8107560996048236e-12,4.5279953568928496e-13,1.3579565639155385e-12,1.5169617223852771e-94,6.4833141697953609,46.866130163949755
tfix,22,K,1,合格,0,合格,合格,2.9909022424152989e-10,5.6296360974363909e-10,8.6205383398516898e-10,1.724107667970338e-09,合格,合格,4.3102691699258449e-16,4.3102691699258449e-16,0,4.4374717556603688e-94,6.4833141697953609,46.866130163949755
tfix,22,K,2,合格,0,合格,合格,5.6289442340667293e-11,4.2908780739669948e-10,4.8537724973736673e-10,9.7075449947473346e-10,合格,合格,1.2134431243434168e-16,1.2134431243434168e-16,0,2.4985073456407009e-94,6.4833141697953609,46.866130163949755
tfix,22,K,3,合格,0,合格,合格,1.2051222364865289e-10,1.2051222364865289e-10,0,6.7062820442153963e-10,合格,合格,3.2745517794020492e-19,3.2745517794020492e-19,0,1.7260486516907065e-94,6.4833141697953609,46.866130163949755
vfix,23,K,0,合格,0,合格,合格,1.0975834932389021e-11,1.0975834932389021e-11,0,2.0683232514263074e-10,合格,合格,1.0000676414306064e-12,2.5010106280139366e-13,7.4996657862921266e-13,5.3234065251763395e-95,323.87872612680098,1.5436270393849441
vfix,23,K,4,合格,0,合格,合格,9.2440348218671115e-11,1.0975886469314288e-11,1.034162346879854e-10,2.0683232514263074e-10,合格,合格,0,0,0,5.3234065251763395e-95,323.87872612680098,1.5436270393849441
tfix,23,K,0,合格,0,合格,解像しない,8.8207460415934074e-09,8.8207460415934074e-09,4.397641256907726e-14,2.3056305393016378e-08,合格,合格,8.391702602560077e-11,2.0988443003080223e-11,6.2928583022520547e-11,5.9341829905457052e-93,597.61428737695599,2.7603525642615523
tfix,23,K,1,合格,0,合格,解像しない,6.270510785604766e-09,4.1533928322667967e-08,3.5263417537063199e-08,4.7017890049417605e-08,合格,合格,1.836636330055375e-15,1.836636330055375e-15,0,1.2101364838232646e-92,597.61428737695599,2.7603525642615523
tfix,23,K,2,合格,0,合格,解像しない,7.4910799440539918e-10,8.214651867318315e-09,8.963759861723714e-09,3.5855039446894856e-08,合格,合格,1.2605287305548972e-15,1.2605287305548972e-15,0,9.2282940212769587e-93,597.61428737695599,2.7603525642615523
tfix,23,K,3,合格,0,合格,解像しない,9.8858145443715037e-09,1.5381262608272299e-09,8.3476882835442736e-09,3.3390753134177095e-08,合格,合格,1.0173745095569584e-14,1.0173745095569584e-14,0,8.5940412356943338e-93,597.61428737695599,2.7603525642615523
vfix,24,K,0,合格,0,合格,解像しない,8.3157858356779585e-09,8.3157858356779585e-09,0,2.4643376253080924e-07,合格,合格,1.0001183890244027e-12,2.5016682535558262e-13,7.4995156366882008e-13,6.3426599230831454e-92,2.3065127661007176,5232.1231731127009
vfix,24,K,4,合格,0,合格,解像しない,8.3157858543887757e-09,8.3157858543887757e-09,0,2.4643376253080924e-07,合格,合格,1.358398087632814e-16,1.358398087632814e-16,0,6.3426599230831454e-92,2.3065127661007176,5232.1231731127009
tfix,24,K,0,合格,0,合格,合格,1.1143522964649612e-10,3.3407365110268806e-11,1.4484259475676492e-10,2.8968518951352985e-10,合格,合格,1.5970344497880902e-12,3.9918619114964416e-13,1.197848258638446e-12,7.4558559791842741e-95,0.50800354468977293,3038.4123018320761
tfix,24,K,1,合格,0,合格,合格,8.2464982551174145e-11,8.2464982551174145e-11,1.3446103445606133e-13,1.1015047942640544e-09,合格,合格,6.8844049641503405e-16,6.8844049641503405e-16,0,2.8350296817746766e-94,0.50800354468977293,3038.4123018320761
tfix,24,K,2,合格,0,合格,合格,5.8030474182500194e-10,2.0411749048719398e-09,1.4608701630469378e-09,2.9217403260938756e-09,合格,合格,1.8260877038086722e-16,1.8260877038086722e-16,0,7.5199132950196616e-94,0.50800354468977293,3038.4123018320761
tfix,24,K,3,合格,0,合格,合格,4.3322716394876756e-11,3.1239537695340201e-10,2.6907266055852527e-10,2.6907266055852527e-10,合格,合格,1.3453633027926264e-16,1.3453633027926264e-16,0,6.9253350798819575e-95,0.50800354468977293,3038.4123018320761
vfix,25,K,0,合格,0,合格,合格,5.9998695489992988e-11,1.4741448915581786e-10,8.7415793665824883e-11,1.7483163426853339e-10,合格,合格,9.9966164412958436e-13,2.4972670067923797e-13,7.4993494345034639e-13,4.4997795292904388e-95,3203.7256444375921,597.19831393635104
vfix,25,K,4,合格,0,合格,合格,1.6290792957355636e-11,1.4741464457869034e-10,1.3112385162133472e-10,1.7483163426853341e-10,合格,合格,1.8809150058717295e-16,1.8809150058717295e-16,0,4.4997795292904394e-95,3203.7256444375921,597.19831393635104
tfix,25,K,0,合格,0,合格,合格,3.3483213858924806e-10,3.3483213858924806e-10,1.3497210871138152e-13,1.4742553527515164e-09,合格,合格,4.7115358254747527e-12,1.1771928991720859e-12,3.5343429263026666e-12,3.7944071649349673e-94,5160.9275181217017,37.516842992857164
tfix,25,K,1,合格,0,合格,合格,7.5359067873584976e-10,7.6070965699752162e-10,1.5143003357333713e-09,2.0190671143111618e-09,合格,合格,1.261916946444476e-16,1.261916946444476e-16,0,5.1966321239588667e-94,5160.9275181217017,37.516842992857164
tfix,25,K,2,合格,0,合格,合格,9.8328407654568933e-10,1.0866792370272109e-10,1.0919520002484104e-09,2.1839040004968207e-09,合格,合格,8.1896400018630781e-16,8.1896400018630781e-16,0,5.6208858062134997e-94,5160.9275181217017,37.516842992857164
tfix,25,K,3,合格,0,合格,解像しない,2.3866044083686481e-11,2.3866044083686481e-11,2.0183490374868003e-13,1.3227452252073495e-08,合格,合格,4.133578828772967e-16,4.133578828772967e-16,0,3.4044536114743444e-93,5160.9275181217017,37.516842992857164
vfix,26,K,0,合格,0,合格,合格,3.0632332382057229e-10,7.8113410561049575e-10,1.0874574294310681e-09,4.3498297448632121e-09,合格,合格,1.0001111567745047e-12,2.5005734679963087e-13,7.5005380997487386e-13,1.1195499558032204e-93,455.5698099910324,30004.798525923274
vfix,26,K,4,合格,0,合格,合格,3.063232551745042e-10,7.8113418724603369e-10,1.0874574424205379e-09,4.3498297448632129e-09,合格,合格,0,0,0,1.1195499558032206e-93,455.5698099910324,30004.798525923274
tfix,26,K,0,合格,0,合格,合格,1.336185751848914e-10,1.336185751848914e-10,2.4672087896099999e-13,6.7371248014950403e-10,合格,合格,1.8153182777628386e-12,4.5374535538069094e-13,1.3615729223821475e-12,1.7339868951564541e-94,463.21921449509802,23975.775305430248
tfix,26,K,1,合格,0,合格,合格,1.3043604351787967e-10,4.4736739008651558e-10,5.7780343360439525e-10,7.704045781391937e-10,合格,合格,1.8808705520976409e-19,1.8808705520976409e-19,0,1.9828509665806608e-94,463.21921449509802,23975.775305430248
tfix,26,K,2,合格,0,合格,合格,2.9452062100318852e-10,5.6426443437369842e-10,8.5878505537688694e-10,1.145046740502516e-09,合格,合格,1.431308425628145e-16,1.431308425628145e-16,0,2.9470970196846774e-94,463.21921449509802,23975.775305430248
tfix,26,K,3,合格,0,合格,合格,6.0267624430479177e-10,6.0267624430479177e-10,0,3.6815103480230625e-09,合格,合格,9.2037758700576565e-16,9.2037758700576565e-16,0,9.4753932663355998e-94,463.21921449509802,23975.775305430248
vfix,27,K,0,合格,0,合格,合格,5.6796318937442979e-10,3.5728161314575775e-10,9.2524480252018759e-10,3.7009794662246758e-09,合格,合格,9.9988924212959767e-13,2.4997231053239942e-13,7.499169315971983e-13,9.5255024699150823e-94,0.30156957409843982,5.2548557778923088
vfix,27,K,4,合格,0,合格,合格,3.572814684530255e-10,3.572814684530255e-10,0,3.7009794662246762e-09,合格,合格,0,0,0,9.5255024699150834e-94,0.30156957409843982,5.2548557778923088
tfix,27,K,0,合格,0,合格,合格,2.7490569328774071e-11,1.6833352265303348e-10,1.9582409198180757e-10,4.3516464884846122e-11,合格,合格,1.6438779774899472e-12,4.1096949437248681e-13,1.2329084831174604e-12,1.1200175454240432e-95,0.36519603728878386,1.3499122752692836
tfix,27,K,1,合格,0,合格,合格,1.8638427352262521e-11,5.6861548419797385e-11,7.549997577205991e-11,5.0333317181373273e-11,合格,合格,1.9661452023973934e-19,1.9661452023973934e-19,0,1.2954682443003977e-95,0.36519603728878386,1.3499122752692836
tfix,27,K,2,合格,0,合格,合格,5.1806752463059816e-12,9.9028908498835866e-11,1.0420958374514184e-10,2.0841916749028368e-10,合格,合格,2.0841916749028369e-16,2.0841916749028369e-16,0,5.3642483370260902e-95,0.36519603728878386,1.3499122752692836
tfix,27,K,3,合格,0,合格,合格,1.2808854127867886e-11,2.3047790800434485e-11,3.5856644928302371e-11,7.1713289856604741e-11,合格,合格,1.4342657971320949e-16,1.4342657971320949e-16,0,1.8457414473354318e-95,0.36519603728878386,1.3499122752692836
vfix,28,K,0,合格,0,合格,解像しない,1.3909316987401057e-08,2.7896679721676338e-08,4.1805996709077395e-08,1.6722398705898411e-07,合格,合格,1.0001824810584508e-12,2.5009142455482422e-13,7.5009105650362667e-13,4.3039755186328856e-92,2.1911163489700884,3777.5736533084455
vfix,28,K,4,合格,0,合格,解像しない,1.3909317248643326e-08,2.7896679641145405e-08,4.1805996889788731e-08,1.6722398705898409e-07,合格,合格,0,0,0,4.303975518632885e-92,2.1911163489700884,3777.5736533084455
tfix,28,K,0,合格,0,合格,合格,2.5909927568988006e-12,3.2752936376330865e-11,3.5343929133229668e-11,1.4137571653291867e-10,合格,合格,1.836046430613015e-12,4.5904695158238692e-13,1.376999479030628e-12,3.638698213027531e-95,0.55364898215710623,11197.855664238261
tfix,28,K,1,合格,0,合格,合格,1.4683896584113407e-11,4.9393711808844319e-11,6.4077608392957723e-11,2.5631043357183089e-10,合格,合格,1.5643947361561946e-20,1.5643947361561946e-20,0,6.5968635879625959e-95,0.55364898215710623,11197.855664238261
tfix,28,K,2,合格,0,合格,合格,9.9461862671496045e-11,3.8935391890865563e-11,1.383972545623616e-10,1.8452967274981547e-10,合格,合格,3.519624190326986e-22,3.519624190326986e-22,0,4.7493855872268217e-95,0.55364898215710623,11197.855664238261
tfix,28,K,3,合格,0,合格,合格,5.5039415452968688e-11,1.4355057864039084e-10,1.9858999409335953e-10,3.9717998818671905e-10,合格,合格,1.9858999409335954e-16,1.9858999409335954e-16,0,1.0222534312876839e-94,0.55364898215710623,11197.855664238261
vfix,29,K,0,合格,0,合格,解像しない,1.7194709210571888e-09,6.9856670088834692e-09,8.7051379299406577e-09,3.4820551953955561e-08,合格,合格,9.9999046846715303e-13,2.500351599335951e-13,7.4995530853355788e-13,8.9620398240024876e-93,3.8332755545827402,129.52815112462466
vfix,29,K,4,合格,0,合格,解像しない,6.985667001884914e-09,1.0424608990062899e-08,1.7410275991947814e-08,3.4820551953955561e-08,合格,合格,0,0,0,8.9620398240024876e-93,3.8332755545827402,129.52815112462466
tfix,29,K,0,合格,0,合格,合格,6.3198889086420506e-11,9.9825363177569791e-12,5.3216352768663529e-11,1.0643270553732706e-10,合格,合格,1.6171385279341472e-12,4.0423141563076815e-13,1.2129071123033791e-12,2.739342405781419e-95,2.5525472898508093,236.03561324642882
tfix,29,K,1,合格,0,合格,合格,3.6573364910482779e-11,1.9219604092227369e-10,2.2876940583275647e-10,3.0502587444367529e-10,合格,合格,1.8617301906962602e-20,1.8617301906962602e-20,0,7.8506912748833142e-95,2.5525472898508093,236.03561324642882
tfix,29,K,2,合格,0,合格,合格,3.1313812614581375e-11,1.3723325671372079e-10,1.0591944409913942e-10,2.1183888819827883e-10,合格,合格,1.2929619641008229e-20,1.2929619641008229e-20,0,5.4522643834475973e-95,2.5525472898508093,236.03561324642882
tfix,29,K,3,合格,0,合格,合格,1.3732804659535681e-11,5.2015920178810452e-11,6.5748724838346135e-11,1.3149744967669227e-10,合格,合格,1.2841547819989479e-19,1.2841547819989479e-19,0,3.3844534753947375e-95,2.5525472898508093,236.03561324642882
vfix,30,K,0,合格,0,合格,合格,4.3949507807653897e-10,4.3949507807653897e-10,0,4.9426454046047427e-09,合格,合格,9.9982621764941038e-13,2.4981914014384665e-13,7.5000707750556378e-13,1.272127593226121e-93,6.7183556303268386,180.36128122796148
vfix,30,K,4,合格,0,合格,合格,4.3949502034110165e-10,4.3949502034110165e-10,0,4.9426454046047435e-09,合格,合格,1.8127961360445768e-16,1.8127961360445768e-16,0,1.2721275932261212e-93,6.7183556303268386,180.36128122796148
tfix,30,K,0,合格,0,合格,合格,2.8215788264046264e-11,2.8215788264046264e-11,4.4423221951994743e-14,2.2744689639421308e-11,合格,合格,1.9684164201540777e-12,4.9219508379707707e-13,1.4762213363570005e-12,5.8539799886749001e-96,0.63199330572981127,26.854384154827041
tfix,30,K,1,合格,0,合格,解像しない,8.9216025723963197e-08,8.9216025723963197e-08,4.6759982223540427e-11,4.7882221796905398e-08,合格,合格,8.7394406775797062e-14,8.7394406775797062e-14,0,1.2323824710562593e-92,0.63199330572981127,26.854384154827041
tfix,30,K,2,合格,0,合格,合格,5.1730093164151861e-11,5.1730093164151861e-11,8.3251213898282906e-14,4.2624621515920848e-11,合格,合格,1.7049848606368339e-16,1.7049848606368339e-16,0,1.097063469912403e-95,0.63199330572981127,26.854384154827041
tfix,30,K,3,合格,0,合格,合格,1.8156380823432026e-12,7.9495533219673602e-11,7.7679895137330407e-11,2.5893298379110133e-11,合格,合格,2.0714638703288108e-16,2.0714638703288108e-16,0,6.6643622293874289e-96,0.63199330572981127,26.854384154827041
vfix,31,K,0,合格,0,合格,解像しない,4.8072667457812892e-10,2.3529202387280689e-08,2.3048475712702563e-08,9.2193903090952866e-08,合格,合格,1.0000543822990008e-12,2.500135955747502e-13,7.5004078672425065e-13,2.372867127792572e-92,130.63876396248034,100444.32314213055
vfix,31,K,4,合格,0,合格,解像しない,2.2567749275732084e-08,2.2567749275732084e-08,0,9.2193903090952866e-08,合格,合格,0,0,0,2.372867127792572e-92,130.63876396248034,100444.32314213055
tfix,31,K,0,合格,0,合格,合格,1.0044703719738785e-10,2.7823396262693072e-11,1.282704334600809e-10,1.7102724461344122e-10,合格,合格,2.1168042065805619e-12,5.289872675893737e-13,1.5878169389911884e-12,4.401862955078622e-95,6.7852836745950791,63124.138455154032
tfix,31,K,1,合格,0,合格,合格,8.1514027741365125e-11,3.6518776885746148e-10,2.8367374111609637e-10,3.7823165482146183e-10,合格,合格,3.6936685041158386e-19,3.6936685041158386e-19,0,9.7348461267663381e-95,6.7852836745950791,63124.138455154032
tfix,31,K,2,合格,0,合格,合格,1.9742701796230486e-11,9.7249006773279296e-11,1.1699170856950977e-10,2.3398341713901955e-10,合格,合格,2.2849943079982378e-19,2.2849943079982378e-19,0,6.0222155735181187e-95,6.7852836745950791,63124.138455154032
tfix,31,K,3,合格,0,合格,合格,1.9429332125216963e-10,2.7498970189806591e-10,8.0696380645896285e-11,3.2278552258358514e-10,合格,合格,3.1522023689803234e-19,3.1522023689803234e-19,0,8.3077853327276877e-95,6.7852836745950791,63124.138455154032
vfix,32,K,0,合格,0,合格,解像しない,6.1693208682569147e-10,2.6766174405420874e-09,3.2935495273677792e-09,1.3174197928669838e-08,合格,合格,1.0000179049388269e-12,2.4996730084790602e-13,7.5005060409092084e-13,3.3907471266439206e-93,8.4981210209076128,239.12873183186403
vfix,32,K,4,合格,0,合格,解像しない,6.1693220046282589e-10,2.6766172712012435e-09,3.2935494716640694e-09,1.3174197928669838e-08,合格,合格,0,0,0,3.3907471266439206e-93,8.4981210209076128,239.12873183186403
tfix,32,K,0,合格,0,合格,合格,5.6610400210569995e-11,3.5063985895328468e-11,9.167438610589847e-11,9.167438610589847e-11,合格,合格,1.8582398063665618e-12,4.6460578878469345e-13,1.3936340175818686e-12,2.3594959097962005e-95,0.88706206429152046,467.42375288719427
tfix,32,K,1,合格,0,合格,合格,6.5291657841420328e-11,6.5291657841420328e-11,2.8386840033996706e-13,2.9068124194812627e-10,合格,合格,1.4534062097406313e-16,1.4534062097406313e-16,0,7.4814921655303487e-95,0.88706206429152046,467.42375288719427
tfix,32,K,2,合格,0,合格,合格,3.3662806931309625e-11,7.4060954641443625e-11,4.0398147710134007e-11,1.6159259084053603e-10,合格,合格,1.5780526449271097e-19,1.5780526449271097e-19,0,4.1590358369150156e-95,0.88706206429152046,467.42375288719427
tfix,32,K,3,合格,0,合格,合格,1.2324319401540212e-11,1.2324319401540212e-11,2.1384222603259678e-13,1.0948721972868955e-10,合格,合格,2.1897443945737912e-16,2.1897443945737912e-16,0,2.8179588443208481e-95,0.88706206429152046,467.42375288719427
vfix,33,K,0,合格,0,合格,合格,6.0597283444930478e-11,2.891980796202443e-10,2.2860079617531383e-10,9.144036163938793e-10,合格,合格,9.9965957422264022e-13,2.4971882036128093e-13,7.4994075386135934e-13,2.3534726377026628e-94,3.9166225070080394,0.20224484526437347
vfix,33,K,4,合格,0,合格,合格,1.6800367409211848e-10,1.6800367409211848e-10,0,9.144036163938793e-10,合格,合格,1.5909920953297682e-16,1.5909920953297682e-16,0,2.3534726377026628e-94,3.9166225070080394,0.20224484526437347
tfix,33,K,0,合格,0,合格,合格,6.0626584308812922e-11,2.0685203206901279e-10,2.6747861637782572e-10,1.1887938505681142e-10,合格,合格,6.1258547119774924e-13,1.5287888918305949e-13,4.5970658201468982e-13,3.059692403902409e-95,0.21302408688349278,7.254643370767683
tfix,33,K,1,合格,0,合格,合格,9.0664477059759731e-12,1.7189696032931223e-10,1.8096340803528819e-10,1.8096340803528819e-10,合格,合格,3.6192681607057638e-16,3.6192681607057638e-16,0,4.657597822240237e-95,0.21302408688349278,7.254643370767683
tfix,33,K,2,合格,0,合格,合格,9.7456355023074541e-11,2.0991292006598691e-11,1.1844764702967322e-10,1.5793019603956431e-10,合格,合格,3.158603920791286e-16,3.158603920791286e-16,0,4.0647738961481645e-95,0.21302408688349278,7.254643370767683
tfix,33,K,3,合格,0,合格,合格,3.9235842075703753e-11,9.4753179819563173e-10,9.0829595611992793e-10,7.2663676489594238e-10,合格,合格,1.8165919122398559e-16,1.8165919122398559e-16,0,1.870202296963302e-94,0.21302408688349278,7.254643370767683
vfix,34,K,0,合格,0,合格,解像しない,1.4454329203572041e-09,1.6034876049942316e-09,3.048920525351436e-09,1.2195682600354263e-08,合格,合格,1.0000186590791143e-12,2.500873109399504e-13,7.499313481391639e-13,3.1388989264098388e-93,0.98066092568192109,138.44722165578128
vfix,34,K,4,合格,0,合格,解像しない,1.4454328782221013e-09,1.6034877170533558e-09,3.0489205952754571e-09,1.2195682600354267e-08,合格,合格,1.5606578045930076e-16,1.5606578045930076e-16,0,3.1388989264098396e-93,0.98066092568192109,138.44722165578128
tfix,34,K,0,合格,0,合格,合格,4.4989719883589151e-11,2.4366833681100537e-10,2.8865805669459455e-10,1.0496656607076165e-10,合格,合格,1.7313185407711428e-12,4.3267218534367955e-13,1.2986463554274632e-12,2.7016072190897322e-95,23.724682595639454,183.15253100925216
tfix,34,K,1,合格,0,合格,合格,9.295450752994971e-11,2.1913354166492124e-11,7.1041153363457572e-11,1.4208230672691514e-10,合格,合格,4.2624692018074547e-16,4.2624692018074547e-16,0,3.6568842816062822e-95,23.724682595639454,183.15253100925216
tfix,34,K,2,合格,0,合格,合格,1.1958407638759541e-12,1.1243403037599046e-10,1.136298711398664e-10,1.515064948531552e-10,合格,合格,4.5451948455946559e-16,4.5451948455946559e-16,0,3.8994420371752896e-95,23.724682595639454,183.15253100925216
tfix,34,K,3,合格,0,合格,合格,2.4720949027651895e-10,9.3905629708394879e-10,6.9184680680742994e-10,1.3836936136148599e-09,合格,合格,6.7563164727288076e-19,6.7563164727288076e-19,0,3.5613212811308072e-94,23.724682595639454,183.15253100925216
vfix,35,K,0,合格,0,合格,合格,7.1432376865468264e-11,7.1432376865468264e-11,0,1.2852875298596568e-10,合格,合格,1.0000098367752298e-12,2.4995720987992619e-13,7.5005262689530355e-13,3.3080457894888462e-95,267.33075814458266,45.342793335106478
vfix,35,K,4,合格,0,合格,合格,7.1680988868683041e-12,7.1432460245337418e-11,6.4264361358469107e-11,1.2852875298596568e-10,合格,合格,0,0,0,3.3080457894888462e-95,267.33075814458266,45.342793335106478
tfix,35,K,0,合格,0,合格,合格,9.6649609705494453e-10,2.2828496433932707e-10,7.3821113271561745e-10,2.9528445308624698e-09,合格,合格,1.6425751361272026e-11,4.1062994257306223e-12,1.2319451935541403e-11,7.5999686376801339e-94,590.32574233423497,2.5767155532529387
tfix,35,K,1,合格,0,合格,解像しない,5.0794757046777153e-09,1.8052601820867969e-08,1.2973126116190254e-08,1.2973126116190254e-08,合格,合格,3.6486917201785092e-15,3.6486917201785092e-15,0,3.3389956899260518e-93,590.32574233423497,2.5767155532529387
tfix,35,K,2,合格,0,合格,合格,7.682115397004636e-09,4.9502690882358111e-09,1.2632384485240446e-08,8.4215896568269647e-09,合格,合格,7.8952403032752797e-16,7.8952403032752797e-16,0,2.1675308876692548e-93,590.32574233423497,2.5767155532529387
tfix,35,K,3,合格,0,合格,合格,1.9878391998250953e-09,1.2207800331606428e-09,7.6705916666445246e-10,3.0682366666578098e-09,合格,合格,3.8352958333222623e-16,3.8352958333222623e-16,0,7.8969624698692478e-94,590.32574233423497,2.5767155532529387
vfix,36,K,0,合格,0,合格,合格,3.5353634427865436e-12,1.6491179389307831e-10,1.6844715733586485e-10,5.1829902858257709e-11,合格,合格,1.0002785986587182e-12,2.5025064096721128e-13,7.5002795769150693e-13,1.3339870490970758e-95,52.688416957929583,18.089134463793172
vfix,36,K,4,合格,0,合格,合格,6.1252173314852693e-11,1.6491195427932489e-10,1.0365978096447221e-10,5.1829902858257703e-11,合格,合格,1.3336186990625307e-16,1.3336186990625307e-16,0,1.3339870490970756e-95,52.688416957929583,18.089134463793172
tfix,36,K,0,合格,0,合格,合格,9.6049763859791775e-11,1.1538382584242906e-10,1.93340619826373e-11,3.8668123965274599e-11,合格,合格,1.0952359431924378e-12,2.7392499017000524e-13,8.2131095302243244e-13,9.9523197493969918e-96,134.67967404531854,171.19702915914513
tfix,36,K,1,合格,0,合格,合格,7.1618806856067947e-11,2.7842315470477177e-11,4.3776491385590772e-11,5.8368655180787697e-11,合格,合格,1.1400127964997597e-19,1.1400127964997597e-19,0,1.5022800698145305e-95,134.67967404531854,171.19702915914513
tfix,36,K,2,合格,0,合格,合格,4.0566832492072571e-11,7.2117561270420541e-11,1.1268439376249311e-10,5.6342196881246556e-11,合格,合格,1.1004335328368467e-19,1.1004335328368467e-19,0,1.4501235158168131e-95,134.67967404531854,171.19702915914513
tfix,36,K,3,合格,0,合格,合格,1.6849169755847993e-10,7.6437246836709264e-11,2.4492894439518922e-10,8.9065070689159705e-11,合格,合格,1.7813014137831941e-16,1.7813014137831941e-16,0,2.2923379029124526e-95,134.67967404531854,171.19702915914513
vfix,37,K,0,合格,0,合格,解像しない,7.0752045370357985e-08,7.0752045370357985e-08,0,1.158054710269693e-06,合格,合格,1.0001371064407253e-12,2.5013033280557514e-13,7.5000677363515008e-13,2.9805766564339787e-91,1.1187806013188002,4571.8486186976079
vfix,37,K,4,合格,0,合格,解像しない,7.0752045478398519e-08,7.0752045478398519e-08,0,1.158054710269693e-06,合格,合格,0,0,0,2.9805766564339787e-91,1.1187806013188002,4571.8486186976079
tfix,37,K,0,合格,0,合格,合格,1.2335616458065074e-10,1.7371115466382389e-10,2.9706731924447462e-10,2.9706731924447462e-10,合格,合格,2.1017512836546578e-12,5.2551208774347559e-13,1.5762391959111823e-12,7.645855668799086e-95,2.5788182804005233,3199.5399889904725
tfix,37,K,1,合格,0,合格,合格,3.9855989605441611e-11,5.2988155031939027e-10,5.6973753992483187e-10,1.1394750798496637e-09,合格,合格,5.5638431633284358e-19,5.5638431633284358e-19,0,2.9327567976449124e-94,2.5788182804005233,3199.5399889904725
tfix,37,K,2,合格,0,合格,合格,4.2808681745728499e-11,2.0445335363480724e-10,1.6164467188907873e-10,3.2328934377815746e-10,合格,合格,6.4657868755631499e-16,6.4657868755631499e-16,0,8.3207525757969657e-95,2.5788182804005233,3199.5399889904725
tfix,37,K,3,合格,0,合格,合格,2.9604854675459077e-11,2.7774186650159953e-10,2.4813701182614048e-10,9.9254804730456192e-10,合格,合格,2.4813701182614049e-16,2.4813701182614049e-16,0,2.5545991169071349e-94,2.5788182804005233,3199.5399889904725
vfix,38,K,0,合格,0,合格,合格,9.5577582091591468e-11,9.8590097999812964e-11,1.9416768009140443e-10,5.5476505776381704e-11,合格,合格,1.0002655795948266e-12,2.502387356257216e-13,7.50026843969105e-13,1.4278425417319029e-95,7.7274153291415804,6.8409882774316966
vfix,38,K,4,合格,0,合格,合格,9.5577544505304873e-11,9.8590245252023746e-11,1.9416778975732862e-10,5.5476505776381691e-11,合格,合格,1.7185971173524666e-16,1.7185971173524666e-16,0,1.4278425417319026e-95,7.7274153291415804,6.8409882774316966
tfix,38,K,0,合格,0,合格,合格,1.581089296344669e-09,1.6221191938961637e-09,3.2032084902408326e-09,4.5760121289154752e-10,合格,合格,2.1659180608582727e-11,5.4121639451715554e-12,1.6247016663411173e-11,1.1777642981848303e-94,24.175616387057865,0.5478046150239102
tfix,38,K,1,合格,0,合格,合格,1.6483551906345426e-09,3.4235609047840396e-09,5.071916095418582e-09,8.4531934923643033e-10,合格,合格,1.2679790238546455e-15,1.2679790238546455e-15,0,2.1756650158430811e-94,24.175616387057865,0.5478046150239102
tfix,38,K,2,合格,0,合格,合格,1.120697950693335e-09,2.5074688788670941e-09,1.3867709281737593e-09,6.9338546408687965e-10,合格,合格,1.5601172941954791e-15,1.5601172941954791e-15,0,1.7846208040436144e-94,24.175616387057865,0.5478046150239102
tfix,38,K,3,合格,0,合格,合格,1.303196986669505e-09,3.4218488996945212e-09,2.1186519130250164e-09,8.4746076521000656e-10,合格,合格,6.3559557390750488e-16,6.3559557390750488e-16,0,2.1811765468665763e-94,24.175616387057865,0.5478046150239102
vfix,39,K,0,合格,0,合格,解像しない,1.1027594111955546e-09,1.3061952356701662e-08,1.4164711767897217e-08,5.6658847383276121e-08,合格,合格,9.9988018678544569e-13,2.4989697740472263e-13,7.4998320938072305e-13,1.4582733992914688e-92,0.13627338744253387,18.324193802104716
vfix,39,K,4,合格,0,合格,解像しない,1.5267471524212698e-08,1.5267471524212698e-08,0,5.6658847383276128e-08,合格,合格,0,0,0,1.458273399291469e-92,0.13627338744253387,18.324193802104716
tfix,39,K,0,合格,0,合格,合格,3.182872759901803e-11,2.6399328676235192e-10,2.9582201436136993e-10,1.075716415859527e-10,合格,合格,1.5251507344056373e-12,3.8144904106378827e-13,1.143701693341849e-12,2.7686561002865274e-95,0.57351963984059051,6.7409296424366678
tfix,39,K,1,合格,0,合格,合格,5.4438492050032365e-11,1.2235042072010224e-10,1.767889127701346e-10,1.1785927518008973e-10,合格,合格,1.1785927518008974e-16,1.1785927518008974e-16,0,3.0334370322123588e-95,0.57351963984059051,6.7409296424366678
tfix,39,K,2,合格,0,合格,合格,4.2661875839142569e-11,1.104247540316853e-10,1.5308662987082788e-10,3.0617325974165576e-10,合格,合格,1.5308662987082788e-16,1.5308662987082788e-16,0,7.8802224343766312e-95,0.57351963984059051,6.7409296424366678
tfix,39,K,3,合格,0,合格,合格,1.2149871461073006e-11,2.6281428968803512e-10,2.5066441822696212e-10,1.671096121513081e-10,合格,合格,1.0199561288531988e-20,1.0199561288531988e-20,0,4.3010317615126237e-95,0.57351963984059051,6.7409296424366678
vfix,40,K,0,合格,0,合格,解像しない,1.3683135419931147e-09,1.3683135419931147e-09,0,8.0165795582326458e-08,合格,合格,1.0001168652365089e-12,2.5014035687053302e-13,7.4997650836597607e-13,2.0632902473277357e-92,1.0101225349517635,7420.5928311523885
vfix,40,K,4,合格,0,合格,解像しない,1.3683137015069977e-09,1.3683137015069977e-09,0,8.0165795582326458e-08,合格,合格,0,0,0,2.0632902473277357e-92,1.0101225349517635,7420.5928311523885
tfix,40,K,0,合格,0,合格,合格,1.0638216833173532e-09,1.5051454708603976e-10,1.2143362304033932e-09,2.4286724608067863e-09,合格,合格,2.8140724219310631e-12,7.03252469432365e-13,2.1108199524986982e-12,6.2508656789789835e-94,17.309441768893958,7355.3933110318503
tfix,40,K,1,合格,0,合格,合格,1.1659628419489512e-10,3.5479407542310932e-10,4.7139035961800449e-10,1.885561438472018e-09,合格,合格,1.1784758990450111e-16,1.1784758990450111e-16,0,4.853018046507445e-94,17.309441768893958,7355.3933110318503
tfix,40,K,2,合格,0,合格,合格,1.7351755277815462e-09,1.7351755277815462e-09,1.2219769574864856e-12,5.0052176178646452e-09,合格,合格,1.2219769574864856e-18,1.2219769574864856e-18,0,1.2882322967889121e-93,17.309441768893958,7355.3933110318503
tfix,40,K,3,合格,0,合格,合格,1.2015018997940006e-10,5.9463666315528617e-10,7.1478685313468623e-10,9.5304913751291505e-10,合格,合格,1.1913114218911437e-16,1.1913114218911437e-16,0,2.4529376604702825e-94,17.309441768893958,7355.3933110318503
vfix,41,K,0,合格,0,合格,合格,4.4240236829296805e-10,4.4240236829296805e-10,0,1.9157485538804946e-09,合格,合格,9.9992136087738428e-13,2.4985713650312162e-13,7.5006422437426256e-13,4.9307130040199705e-94,0.50278626528225923,9.5487261554794785
vfix,41,K,4,合格,0,合格,合格,3.6534771070548286e-11,5.1547188236022492e-10,4.7893711128967668e-10,1.9157485538804946e-09,合格,合格,1.1302326703959254e-16,1.1302326703959254e-16,0,4.9307130040199705e-94,0.50278626528225923,9.5487261554794785
tfix,41,K,0,合格,0,合格,合格,1.4368062046223528e-11,2.3705132204196548e-11,3.8073194250420077e-11,1.5229277700168031e-10,合格,合格,1.9967105992690307e-12,4.9921572301150802e-13,1.4974948762575224e-12,3.9196792003808078e-95,0.34753490879176552,4.5609195809706282
tfix,41,K,1,合格,0,合格,合格,2.7338681012013385e-10,8.765082578582285e-10,6.031214477380946e-10,1.2062428954761892e-09,合格,合格,6.0312144773809465e-16,6.0312144773809465e-16,0,3.104602385675174e-94,0.34753490879176552,4.5609195809706282
tfix,41,K,2,合格,0,合格,合格,1.7232616749954645e-11,7.8001518369993661e-11,9.5234135119948303e-11,3.8093654047979321e-10,合格,合格,1.904682702398966e-16,1.904682702398966e-16,0,9.8044639002622729e-95,0.34753490879176552,4.5609195809706282
tfix,41,K,3,合格,0,合格,合格,1.421098017654812e-12,1.421098017654812e-12,1.6103400242121459e-13,1.6489881847932374e-10,合格,合格,1.6489881847932375e-16,1.6489881847932375e-16,0,4.2441308227877688e-95,0.34753490879176552,4.5609195809706282
vfix,42,K,0,合格,0,合格,合格,1.3086524432994446e-10,3.5086695285782536e-12,1.2735657480136621e-10,5.0942625817061403e-10,合格,合格,9.9998726881741532e-13,2.5008822371887099e-13,7.4989904509854443e-13,1.3111505007602219e-94,0.23193433877323541,1.1380104742461852
vfix,42,K,4,合格,0,合格,合格,3.508717371950539e-12,2.5120433994046013e-10,2.547130573124107e-10,5.0942625817061393e-10,合格,合格,0,0,0,1.3111505007602216e-94,0.23193433877323541,1.1380104742461852
tfix,42,K,0,合格,0,合格,合格,9.3654798813101389e-12,1.4389005643883861e-10,1.5325553632014876e-10,6.8113571697843891e-11,合格,合格,1.6292766350124259e-12,4.0718293160971079e-13,1.2220937034027151e-12,1.7530926646950553e-95,0.20736195495557105,0.43512483072109343
tfix,42,K,1,合格,0,合格,合格,1.5730145139262839e-10,6.6369090535541791e-10,8.2099235674804628e-10,5.4732823783203088e-10,合格,合格,2.7366411891601542e-16,2.7366411891601542e-16,0,1.4087018122912165e-94,0.20736195495557105,0.43512483072109343
tfix,42,K,2,合格,0,合格,合格,3.1935618184335117e-11,2.327198144687296e-10,2.6465543265306472e-10,1.7643695510204317e-10,合格,合格,3.4460342793367802e-19,3.4460342793367802e-19,0,4.5410969364907608e-95,0.20736195495557105,0.43512483072109343
tfix,42,K,3,合格,0,合格,合格,9.2224720694605381e-11,1.6251718249242058e-10,2.5474190318702596e-10,7.2783400910578853e-11,合格,合格,1.455668018211577e-16,1.455668018211577e-16,0,1.8732837387227221e-95,0.20736195495557105,0.43512483072109343
vfix,43,K,0,合格,0,合格,合格,6.3121195081031488e-11,1.5077841963355714e-10,2.1389961471458862e-10,2.8519947320684913e-10,合格,合格,9.9985976834090831e-13,2.4979385040686622e-13,7.5006591793404219e-13,7.3404035640910001e-95,11.920164644642085,2.9498054035562458
vfix,43,K,4,合格,0,合格,合格,7.9478457562146517e-11,8.1785360401585308e-12,7.1299921521987984e-11,2.8519947320684913e-10,合格,合格,1.6607176153184014e-16,1.6607176153184014e-16,0,7.3404035640910001e-95,11.920164644642085,2.9498054035562458
tfix,43,K,0,合格,0,合格,合格,2.2828238027838832e-10,1.4045176821434439e-11,2.1423720345695388e-10,8.569488138278155e-10,合格,合格,1.662480698825962e-13,4.1347780267192096e-14,1.2490028961540412e-13,2.2055966852024983e-94,20.698783272285393,0.62135813445066645
tfix,43,K,1,合格,0,合格,合格,2.00488605899749e-10,2.00488605899749e-10,7.8916638263360764e-14,1.2929702013069028e-09,合格,合格,1.6162127516336283e-16,1.6162127516336283e-16,0,3.3278192863466762e-94,20.698783272285393,0.62135813445066645
tfix,43,K,2,合格,0,合格,合格,6.6437981030707986e-10,4.1185844033812718e-10,2.5252136996895263e-10,1.0100854798758105e-09,合格,合格,2.5252136996895261e-16,2.5252136996895261e-16,0,2.5997365889730922e-94,20.698783272285393,0.62135813445066645
tfix,43,K,3,合格,0,合格,合格,7.9136639417090032e-10,1.7918689375637024e-09,2.5832353317346027e-09,5.1664706634692053e-09,合格,合格,1.6145220823341267e-16,1.6145220823341267e-16,0,1.3297352637252415e-93,20.698783272285393,0.62135813445066645
vfix,44,K,0,合格,0,合格,合格,5.0751222984583964e-10,1.2833714616507586e-09,7.7585923180491898e-10,3.1034368688286243e-09,合格,合格,1.0000747052685279e-12,2.5010563933498138e-13,7.499690659335465e-13,7.9875600037868403e-94,4.6569323916933376,234.33410669812446
vfix,44,K,4,合格,0,合格,合格,5.0751196663139011e-10,2.6834726942578916e-10,7.7585923605717927e-10,3.1034368688286239e-09,合格,合格,0,0,0,7.9875600037868392e-94,4.6569323916933376,234.33410669812446
tfix,44,K,0,合格,0,合格,合格,1.6997328705360068e-11,1.1982440346766977e-10,1.3682173217302984e-10,1.4032998171592803e-11,合格,合格,2.1506411677856264e-12,5.3763222595006346e-13,1.6130089418355632e-12,3.6117833120586753e-96,7.9733494309694839,36.639186654509253
tfix,44,K,1,合格,0,合格,合格,1.2256311238900142e-11,1.8065078669894331e-10,1.6839447546004317e-10,1.4032872955003598e-11,合格,合格,1.096318199609656e-19,1.096318199609656e-19,0,3.6117510840784707e-96,7.9733494309694839,36.639186654509253
tfix,44,K,2,合格,0,合格,合格,2.2248422658157131e-11,1.7254068814887094e-10,1.9478911080702806e-10,3.2464851801171345e-11,合格,合格,1.2985940720468537e-16,1.2985940720468537e-16,0,8.3557347140037184e-96,7.9733494309694839,36.639186654509253
tfix,44,K,3,合格,0,合格,合格,1.9369657207288668e-10,2.061636288578202e-10,1.2467056784933521e-11,4.9868227139734085e-11,合格,合格,4.8699440566146568e-20,4.8699440566146568e-20,0,1.2834978554322686e-95,7.9733494309694839,36.639186654509253
vfix,45,K,0,合格,0,合格,解像しない,7.3836900604305976e-09,2.4557104231312018e-09,9.8394004835617986e-09,1.9678800986873954e-08,合格,合格,1.000150720752745e-12,2.5014513084576603e-13,7.5000558990697899e-13,5.0648880685806979e-93,0.09984439343439358,13.515033302846481
vfix,45,K,4,合格,0,合格,解像しない,2.455710445116382e-09,2.455710445116382e-09,0,1.9678800986873954e-08,合格,合格,1.6575168139448037e-16,1.6575168139448037e-16,0,5.0648880685806979e-93,0.09984439343439358,13.515033302846481
tfix,45,K,0,合格,0,合格,合格,1.1705549330380613e-10,1.9342664865402581e-10,3.1048214195783194e-10,1.5524107097891597e-10,合格,合格,1.6708596469460726e-12,4.1790896307524175e-13,1.2529506838708307e-12,3.9955617655733194e-95,0.3350681663951911,6.0989289347216697
tfix,45,K,1,合格,0,合格,合格,6.7457397409338345e-12,3.6248930998313274e-10,3.6923504972406654e-10,3.6923504972406654e-10,合格,合格,1.8461752486203329e-16,1.8461752486203329e-16,0,9.5032934125236188e-95,0.3350681663951911,6.0989289347216697
tfix,45,K,2,合格,0,合格,合格,1.1226842361541483e-10,1.1226842361541483e-10,3.828252517530445e-13,7.8402611559023513e-10,合格,合格,1.9600652889755879e-16,1.9600652889755879e-16,0,2.0179097908238265e-94,0.3350681663951911,6.0989289347216697
tfix,45,K,3,合格,0,合格,合格,1.6210231778174807e-11,1.9671695339587927e-10,2.1292718517405408e-10,1.7034174813924327e-10,合格,合格,3.4068349627848651e-16,3.4068349627848651e-16,0,4.384219792187066e-95,0.3350681663951911,6.0989289347216697
vfix,46,K,0,合格,0,合格,合格,2.1447224806636342e-11,2.1447224806636342e-11,0,4.7717559599552388e-10,合格,合格,9.9995687983767405e-13,2.4988755699888195e-13,7.500693228387921e-13,1.2281444303378445e-94,851.02873428778105,99.549702506560266
vfix,46,K,4,合格,0,合格,合格,2.1447078172495451e-11,4.5572840587725845e-10,4.7717548404975388e-10,4.7717559599552378e-10,合格,合格,0,0,0,1.2281444303378442e-94,851.02873428778105,99.549702506560266
tfix,46,K,0,合格,0,合格,合格,1.1121166894833983e-10,2.0253628144809679e-10,3.1374795039643664e-10,1.1409016378052241e-10,合格,合格,1.5375931372701004e-12,3.8436976177657999e-13,1.1532233754935204e-12,2.9364284422603927e-95,292.08616960887946,1909.8671519311861
tfix,46,K,1,合格,0,合格,合格,8.3034488202571628e-10,1.8459916510400712e-10,1.0149440471297235e-09,2.0298880942594469e-09,合格,合格,3.8060401767364626e-16,3.8060401767364626e-16,0,5.2244829326880048e-94,292.08616960887946,1909.8671519311861
tfix,46,K,2,合格,0,合格,合格,3.4337784826834423e-12,5.6530221284769795e-11,5.9963999767453242e-11,1.1992799953490648e-10,合格,合格,1.8299560475907359e-21,1.8299560475907359e-21,0,3.0866814209781306e-95,292.08616960887946,1909.8671519311861
tfix,46,K,3,合格,0,合格,合格,2.3787147644286777e-10,4.0342586697449595e-10,6.4129734341736372e-10,3.6645562480992211e-10,合格,合格,5.5916690797412435e-21,5.5916690797412435e-21,0,9.4317571634678154e-95,292.08616960887946,1909.8671519311861
vfix,47,K,0,合格,0,合格,解像しない,1.4507064223287562e-08,5.3114350125133958e-08,6.7621414348421524e-08,2.7048565753393882e-07,合格,合格,9.9971727231272884e-13,2.49630954387679e-13,7.5008631792504979e-13,6.9617024964053844e-92,98.720785482807173,46190.122411947632
vfix,47,K,4,合格,0,合格,解像しない,1.450706436481843e-08,5.3114350043617135e-08,6.7621414408435568e-08,2.7048565753393882e-07,合格,合格,2.0565912315060086e-16,2.0565912315060086e-16,0,6.9617024964053844e-92,98.720785482807173,46190.122411947632
tfix,47,K,0,合格,0,合格,合格,2.953232778396847e-12,3.4164340311286616e-10,3.44596635891263e-10,1.5843523489253472e-11,合格,合格,1.4810525757754145e-12,3.7023145689687514e-13,1.1108211188785395e-12,4.0777724790510848e-96,122.67256181166715,2684.477830903455
tfix,47,K,1,合格,0,合格,合格,8.5494893076193074e-12,6.7459481229366375e-11,5.8909991921747062e-11,5.8909991921747062e-11,合格,合格,1.1781998384349413e-16,1.1781998384349413e-16,0,1.5162128800614468e-95,122.67256181166715,2684.477830903455
tfix,47,K,2,合格,0,合格,合格,6.7665845202663124e-11,1.0896387934356038e-10,1.7662972454622351e-10,1.643067205081149e-11,合格,合格,1.314453764064919e-16,1.314453764064919e-16,0,4.2288915307607455e-96,122.67256181166715,2684.477830903455
tfix,47,K,3,合格,0,合格,合格,4.2628303466351962e-12,4.2628303466351962e-12,1.1592971846573099e-13,5.9356015854454266e-11,合格,合格,1.1871203170890853e-16,1.1871203170890853e-16,0,1.5276925494609035e-95,122.67256181166715,2684.477830903455
vfix,48,K,0,合格,0,合格,合格,1.1451610389886939e-10,1.1451610389886939e-10,0,6.7671378197419081e-09,合格,合格,9.9978604818899656e-13,2.4967093706152998e-13,7.5011511112746648e-13,1.7417115821494295e-93,2.141955419265825,548.17988483940326
vfix,48,K,4,合格,0,合格,合格,1.1451620166731414e-10,1.1451620166731414e-10,0,6.7671378197419081e-09,合格,合格,1.6255976479342091e-16,1.6255976479342091e-16,0,1.7417115821494295e-93,2.141955419265825,548.17988483940326
tfix,48,K,0,合格,0,合格,合格,2.928165622051894e-11,2.8722588111944924e-11,5.8004244332463864e-11,4.640339546597109e-11,合格,合格,1.7805910908202428e-12,4.4491575572773082e-13,1.335675335092512e-12,1.194320752539729e-95,41.693703692300467,186.82066371817865
tfix,48,K,1,合格,0,合格,合格,1.0358284967572546e-11,8.101469762139748e-11,9.1372982588970037e-11,1.2183064345196003e-10,合格,合格,2.436612869039201e-16,2.436612869039201e-16,0,3.1356512666545514e-95,41.693703692300467,186.82066371817865
tfix,48,K,2,合格,0,合格,合格,2.0356735580297421e-11,2.0356735580297421e-11,6.1510166820499241e-13,3.1493205412095612e-10,合格,合格,6.2986410824191224e-16,6.2986410824191224e-16,0,8.1056544267854184e-95,41.693703692300467,186.82066371817865
tfix,48,K,3,合格,0,合格,合格,1.3192077704527829e-11,1.3126016249724608e-10,1.1806808479271824e-10,4.72272339170873e-11,合格,合格,3.7781787133669841e-16,3.7781787133669841e-16,0,1.2155245318974232e-95,41.693703692300467,186.82066371817865
vfix,49,K,0,合格,0,合格,合格,2.0740102992733677e-10,3.9455984206213422e-10,6.0196087198947102e-10,2.4078438421996953e-09,合格,合格,9.9993068407336872e-13,2.4994204324798327e-13,7.4998864082538545e-13,6.1972574220844503e-94,12.211950061994694,140.62910822647351
vfix,49,K,4,合格,0,合格,合格,2.0740116415573001e-10,3.9455971323429928e-10,6.0196087739002932e-10,2.4078438421996957e-09,合格,合格,0,0,0,6.1972574220844514e-94,12.211950061994694,140.62910822647351
tfix,49,K,0,合格,0,合格,合格,3.5290915492927656e-10,2.1411722497342354e-10,1.3879192995585302e-10,5.5516771982341207e-10,合格,合格,1.782782340282932e-12,4.4566088708824404e-13,1.3371214531946879e-12,1.4288789048023325e-94,5.764934491188809,113.5927667565647
tfix,49,K,1,合格,0,合格,合格,5.2986690319411753e-11,4.9712572504100758e-10,5.5011241536041932e-10,5.5011241536041932e-10,合格,合格,1.3752810384010484e-16,1.3752810384010484e-16,0,1.4158676693745576e-94,5.764934491188809,113.5927667565647
tfix,49,K,2,合格,0,合格,解像しない,1.1293252975733218e-08,1.1293252975733218e-08,1.7831413250776026e-11,3.6518734337589301e-08,合格,合格,3.1383287321365805e-15,3.1383287321365805e-15,0,9.399114404861226e-93,5.764934491188809,113.5927667565647
tfix,49,K,3,合格,0,合格,合格,2.5137185974541659e-11,2.5137185974541659e-11,2.0285535112705991e-12,1.3848258636940625e-09,合格,合格,3.4620646592351562e-16,3.4620646592351562e-16,0,3.5642354423749948e-94,5.764934491188809,113.5927667565647
vfix,50,K,0,合格,0,解像しない,解像しない,2.376912104029466e-07,3.5146365169678583e-07,5.8915486209973237e-07,2.3566194483301538e-06,合格,合格,1.0001813437351114e-12,2.5020515015845747e-13,7.4997619357665389e-13,6.0654171633699213e-91,0.28195475502358408,7820.0543069556115
vfix,50,K,4,合格,0,解像しない,解像しない,2.376912104256114e-07,3.514636516568009e-07,5.8915486208241224e-07,2.3566194483301538e-06,合格,合格,1.2526260609887985e-16,1.2526260609887985e-16,0,6.0654171633699213e-91,0.28195475502358408,7820.0543069556115
tfix,50,K,0,合格,0,合格,合格,3.5169653492300975e-11,2.490067148441474e-11,6.0070324976715712e-11,4.0046883317810472e-11,合格,合格,2.0100331674875431e-12,5.0234810433861461e-13,1.5076850631489286e-12,1.0307181907856795e-95,0.057650842109175052,3419.8747183895657
tfix,50,K,1,合格,0,合格,合格,1.5262423823206445e-10,1.6489152317726625e-10,3.1751576140933067e-10,1.2700630456373227e-10,合格,合格,7.7518496437824876e-21,7.7518496437824876e-21,0,3.26886133483664e-95,0.057650842109175052,3419.8747183895657
tfix,50,K,2,合格,0,合格,合格,3.1195285386383274e-11,5.3240440075872777e-11,8.4435725462256045e-11,4.2217862731128023e-11,合格,合格,8.2456763146734424e-20,8.2456763146734424e-20,0,1.0865943985636875e-95,0.057650842109175052,3419.8747183895657
tfix,50,K,3,合格,0,合格,合格,5.355996726720944e-11,6.5905584973405597e-10,7.126158170012654e-10,4.7507721133417694e-10,合格,合格,7.1261581700126537e-16,7.1261581700126537e-16,0,1.2227436523932746e-94,0.057650842109175052,3419.8747183895657
vfix,51,K,0,合格,0,合格,合格,9.511024184572264e-11,9.8869192053259667e-11,1.9397943389898231e-10,1.9397939968684615e-10,合格,合格,9.9995899160516746e-13,2.4989323918379042e-13,7.5006575242137709e-13,4.9926006552923854e-95,959.08040449428279,29.497562600626111
vfix,51,K,4,合格,0,合格,合格,1.8794779445469011e-12,9.5110320029036391e-11,9.6989797973583295e-11,1.9397939968684612e-10,合格,合格,0,0,0,4.9926006552923847e-95,959.08040449428279,29.497562600626111
tfix,51,K,0,合格,0,合格,解像しない,1.0924123183303856e-08,4.7599871034912946e-09,6.1641360798125622e-09,2.4656544319250249e-08,合格,合格,8.1929073670808719e-11,2.0480727383682227e-11,6.1448346287126495e-11,6.3460490920305716e-93,1169.5784214006389,21.019004882306717
tfix,51,K,1,合格,0,合格,解像しない,4.4460392303691378e-09,8.7499164787641892e-10,5.3210308782455569e-09,2.1284123512982228e-08,合格,合格,6.9838530276972932e-15,6.9838530276972932e-15,0,5.4780625762213296e-93,1169.5784214006389,21.019004882306717
tfix,51,K,2,合格,0,解像しない,解像しない,6.7818968639223638e-07,3.4525871065745033e-08,6.4366381532649139e-07,2.5746552613059656e-06,合格,合格,2.1135933389016868e-13,2.1135933389016868e-13,0,6.6265931152996571e-91,1169.5784214006389,21.019004882306717
tfix,51,K,3,合格,0,合格,解像しない,1.0628536043077271e-08,1.0628536043077271e-08,5.63795781110212e-13,7.3897840621677707e-08,合格,合格,1.1546537597137141e-15,1.1546537597137141e-15,0,1.9019669516870794e-92,1169.5784214006389,21.019004882306717
vfix,52,K,0,合格,0,不一致,解像しない,1.212276898499983e-05,1.212276898499983e-05,0,0.0001069932191482357,合格,合格,9.9990528349051828e-13,2.4988630419244497e-13,7.5001897929807336e-13,2.7537687862405836e-89,0.17717457501264866,77997.948360277383
vfix,52,K,4,合格,0,不一致,解像しない,1.212276898506233e-05,1.212276898506233e-05,0,0.00010699321914823572,合格,合格,0,0,0,2.753768786240584e-89,0.17717457501264866,77997.948360277383
tfix,52,K,0,合格,0,合格,合格,6.0851300461016601e-12,1.1607091411184585e-10,1.2215604415794751e-10,1.5269505519743438e-12,合格,合格,1.9605556463173941e-12,4.8999232432635898e-13,1.4705633219910352e-12,3.9300329512789647e-97,0.23603232368405402,627.88378252348923
tfix,52,K,1,合格,0,合格,合格,2.4256268605640328e-11,1.8924151793294574e-11,5.3321168123457553e-12,2.6660584061728777e-12,合格,合格,3.4125547599012834e-16,3.4125547599012834e-16,0,6.8618445913301167e-97,0.23603232368405402,627.88378252348923
tfix,52,K,2,合格,0,合格,合格,2.2147367104315137e-11,5.3443387055200879e-11,3.1296019950885745e-11,3.1296019950885742e-12,合格,合格,9.7800062346517951e-20,9.7800062346517951e-20,0,8.0549032509162375e-97,0.23603232368405402,627.88378252348923
tfix,52,K,3,合格,0,合格,合格,4.7905436140766567e-11,4.7905436140766567e-11,2.869652445857694e-13,2.2957219566861552e-12,合格,合格,1.4348262229288471e-19,1.4348262229288471e-19,0,5.9086804907241058e-97,0.23603232368405402,627.88378252348923
vfix,53,K,0,合格,0,合格,合格,2.4119475775462118e-11,1.3659199907019958e-10,1.6071147484566168e-10,2.1428182054913628e-10,合格,合格,1.0003450947806073e-12,2.5033403104971406e-13,7.5001106373089318e-13,5.5151400582636635e-95,2317.6179494463672,2.2596455697989768
vfix,53,K,4,合格,0,合格,合格,7.768965411246482e-11,7.768965411246482e-11,0,2.1428182054913626e-10,合格,合格,0,0,0,5.5151400582636629e-95,2317.6179494463672,2.2596455697989768
tfix,53,K,0,合格,0,解像しない,解像しない,2.0795348568751522e-08,1.1210367846794369e-06,1.1002414361106854e-06,4.4009657444427417e-07,合格,合格,2.4081869662685193e-09,6.0170570970011663e-10,1.8064812565684025e-09,1.1327112309397524e-91,1044.8301363588469,1.7950761078684536
tfix,53,K,1,合格,0,解像しない,解像しない,8.0209903113740068e-08,2.600368269442588e-07,1.7982692383051874e-07,7.1930769532207496e-07,合格,合格,5.8303260460675995e-14,5.8303260460675995e-14,0,1.8513388931089518e-91,1044.8301363588469,1.7950761078684536
tfix,53,K,2,合格,0,解像しない,解像しない,1.4235027444085864e-07,4.7396667904957453e-07,6.1631695349043315e-07,1.2326339069808663e-06,合格,合格,2.118589527623364e-13,2.118589527623364e-13,0,3.1725270114574934e-91,1044.8301363588469,1.7950761078684536
tfix,53,K,3,合格,0,解像しない,解像しない,1.5077456649904473e-06,2.9988563915355704e-07,1.2078600258368902e-06,6.039300129184451e-07,合格,合格,7.5343807763995467e-14,7.5343807763995467e-14,0,1.5543822607529334e-91,1044.8301363588469,1.7950761078684536
vfix,54,K,0,合格,0,合格,合格,4.102125465722182e-11,4.3794786018677811e-11,8.4816040675899631e-11,8.4816007519651288e-11,合格,合格,1.0000335116315639e-12,2.4997896861746543e-13,7.5005454301409856e-13,2.182976416080792e-95,147.12568996194204,19.833275654410642
vfix,54,K,4,合格,0,合格,合格,1.3866269466944758e-12,2.1342667587330002e-10,2.1204004892660555e-10,8.4816007519651288e-11,合格,合格,0,0,0,2.182976416080792e-95,147.12568996194204,19.833275654410642
tfix,54,K,0,合格,0,合格,合格,6.9205458094547409e-10,2.7723727495557226e-09,3.4644273305011967e-09,2.309618220334131e-09,合格,合格,1.5339185059210361e-11,3.8342549480321997e-12,1.1504930111178162e-11,5.9444463994272991e-94,120.55995256829705,8.0920753557517315
tfix,54,K,1,合格,0,合格,解像しない,3.7532518980271451e-09,1.6251995118194862e-08,1.2498743220167716e-08,1.2498743220167716e-08,合格,合格,3.9058572563024113e-16,3.9058572563024113e-16,0,3.21690002608932e-93,120.55995256829705,8.0920753557517315
tfix,54,K,2,合格,0,合格,合格,1.6659582157639836e-10,2.797887699884142e-09,2.9644835214605405e-09,3.9526446952807203e-09,合格,合格,1.2352014672752253e-15,1.2352014672752253e-15,0,1.0173233099831408e-93,120.55995256829705,8.0920753557517315
tfix,54,K,3,合格,0,合格,合格,1.3390771493542532e-09,1.9356903362406037e-09,3.2747674855948567e-09,2.6198139884758855e-09,合格,合格,3.2747674855948565e-16,3.2747674855948565e-16,0,6.7428216896867757e-94,120.55995256829705,8.0920753557517315
vfix,55,K,0,合格,0,解像しない,解像しない,6.2258014163072423e-08,2.946733834261928e-07,3.5693139758926525e-07,1.427725590099315e-06,合格,合格,9.999775894331667e-13,2.4999439735829167e-13,7.4998319207487497e-13,3.6746498484967246e-91,4.188919704685552,9077.9702251231301
vfix,55,K,4,合格,0,解像しない,解像しない,6.2258014066994812e-08,4.1918941169173196e-07,3.5693139762473714e-07,1.4277255900993148e-06,合格,合格,1.1134542836202996e-16,1.1134542836202996e-16,0,3.674649848496724e-91,4.188919704685552,9077.9702251231301
tfix,55,K,0,合格,0,合格,合格,9.8231665270851804e-11,3.0991290096761987e-10,2.1168123569676805e-10,7.0560411898922683e-11,合格,合格,2.0156287263046254e-12,5.0394246178210586e-13,1.5116862645225197e-12,1.8160689189314484e-95,0.64848166930826567,2736.3456274951741
tfix,55,K,1,合格,0,合格,合格,1.2989414513510016e-10,4.1230214155774372e-10,5.4219628669284388e-10,3.6146419112856259e-10,合格,合格,1.807320955642813e-16,1.807320955642813e-16,0,9.3032887018237726e-95,0.64848166930826567,2736.3456274951741
tfix,55,K,2,合格,0,合格,合格,1.563082794509996e-10,1.6412105878232411e-10,3.2042933823332373e-10,7.1206519607405269e-11,合格,合格,1.4241303921481055e-16,1.4241303921481055e-16,0,1.832698302123515e-95,0.64848166930826567,2736.3456274951741
tfix,55,K,3,合格,0,合格,合格,1.7528171765767855e-10,1.3500444943454328e-09,1.5253262120031113e-09,7.6266310600155567e-10,合格,合格,1.9066577650038893e-16,1.9066577650038893e-16,0,1.9629261297527839e-94,0.64848166930826567,2736.3456274951741
vfix,56,K,0,合格,0,合格,解像しない,7.895248370315279e-09,7.895248370315279e-09,0,3.0028681230874683e-08,合格,合格,1.0000013757502576e-12,2.5000034393756441e-13,7.5000103181269327e-13,7.7287182985852564e-93,0.078853971467473305,35.219787519745843
vfix,56,K,4,合格,0,合格,解像しない,3.8807801525932889e-10,7.1190922375026968e-09,7.507170252762025e-09,3.0028681230874683e-08,合格,合格,0,0,0,7.7287182985852564e-93,0.078853971467473305,35.219787519745843
tfix,56,K,0,合格,0,合格,合格,2.0940596292291461e-11,1.4195532358675717e-10,1.6289591987904864e-10,6.5158367951619459e-11,合格,合格,2.172119354035186e-12,5.4316015524469976e-13,1.6289591987904864e-12,1.6770322573335457e-95,0.0081397532056903671,54.409454553127006
tfix,56,K,1,合格,0,合格,合格,1.2358613530626919e-11,7.6052957346670405e-11,6.3694343816043487e-11,1.2738868763208697e-10,合格,合格,1.2738868763208697e-16,1.2738868763208697e-16,0,3.2787030291646066e-95,0.0081397532056903671,54.409454553127006
tfix,56,K,2,合格,0,合格,合格,5.2350336452242782e-11,1.7072787686596856e-10,1.1837754041372579e-10,7.8918360275817191e-11,合格,合格,1.2041986126070738e-21,1.2041986126070738e-21,0,2.031184021930775e-95,0.0081397532056903671,54.409454553127006
tfix,56,K,3,合格,0,合格,合格,3.2585202080259677e-11,3.1371357042342572e-12,3.5722337784493937e-11,1.4288935113797575e-10,合格,合格,2.8577870227595149e-16,2.8577870227595149e-16,0,3.6776558195222459e-95,0.0081397532056903671,54.409454553127006
vfix,57,K,0,合格,0,合格,合格,1.7366296168358257e-10,6.4267031795951934e-11,1.0939592988763065e-10,2.1879174671687281e-10,合格,合格,1.0000944813443674e-12,2.4991922634012692e-13,7.5017525500424058e-13,5.6312155816270266e-95,13.520971618113993,5.198773211277059
vfix,57,K,4,合格,0,合格,合格,6.4267137762432426e-11,1.5452468657350878e-10,2.187918243359412e-10,2.1879174671687281e-10,合格,合格,0,0,0,5.6312155816270266e-95,13.520971618113993,5.198773211277059
tfix,57,K,0,合格,0,合格,合格,3.9982027944972328e-11,3.9982027944972328e-11,2.608924086525388e-14,2.1372306116815979e-10,合格,合格,1.793563929323197e-12,4.481772592696311e-13,1.3453866700535658e-12,5.5007588278025034e-95,2.4936869592074,129.60166703702654
tfix,57,K,1,合格,0,合格,合格,2.8503488074039304e-11,1.1890191547794087e-10,1.4740540355198018e-10,2.9481080710396036e-10,合格,合格,8.9969118378894142e-21,8.9969118378894142e-21,0,7.5877780378259313e-95,2.4936869592074,129.60166703702654
tfix,57,K,2,合格,0,合格,合格,4.0990173389499228e-11,4.0779426100957114e-10,3.6680408762007191e-10,7.3360817524014382e-10,合格,合格,1.7910355840823825e-19,1.7910355840823825e-19,0,1.888145165076597e-94,2.4936869592074,129.60166703702654
tfix,57,K,3,合格,0,合格,合格,1.3953637678282277e-11,1.5624796116882357e-10,1.7020159884710584e-10,3.4040319769421168e-10,合格,合格,1.7020159884710584e-16,1.7020159884710584e-16,0,8.7612253188501258e-95,2.4936869592074,129.60166703702654
vfix,58,K,0,合格,0,合格,解像しない,6.5033071939444497e-09,3.7174656561980178e-08,4.3677963755924628e-08,8.7355927667255384e-08,合格,合格,1.0001403339512694e-12,2.5011368615474213e-13,7.5002664779652723e-13,2.2483483422430031e-92,0.18670756473455449,111.73027616083672
vfix,58,K,4,合格,0,合格,解像しない,6.5033072203225686e-09,6.5033072203225686e-09,0,8.7355927667255384e-08,合格,合格,0,0,0,2.2483483422430031e-92,0.18670756473455449,111.73027616083672
tfix,58,K,0,合格,0,合格,合格,3.5081158429409358e-12,5.0930466915463592e-11,4.7422351072522656e-11,1.8968940429009062e-10,合格,合格,1.7496950651717959e-12,4.3761345569723905e-13,1.3120816094745567e-12,4.8821856634756264e-95,0.23705861946017204,262.84429625616184
tfix,58,K,1,合格,0,合格,合格,3.0349103287115001e-11,3.0349103287115001e-11,1.6266568460501375e-13,2.2209288138071211e-10,合格,合格,1.1104644069035607e-16,1.1104644069035607e-16,0,5.7161794855905365e-95,0.23705861946017204,262.84429625616184
tfix,58,K,2,合格,0,合格,合格,4.1333785391917782e-11,4.1359585723705856e-11,8.2693371115623631e-11,3.3077348446249452e-10,合格,合格,1.6151049046020242e-19,1.6151049046020242e-19,0,8.5133778016984941e-95,0.23705861946017204,262.84429625616184
tfix,58,K,3,合格,0,合格,合格,1.7786300885175992e-10,4.3559450530114286e-10,6.134575141529028e-10,8.1794335220387034e-10,合格,合格,0,0,0,2.1052052551959769e-94,0.23705861946017204,262.84429625616184
vfix,59,K,0,合格,0,合格,合格,4.6541835599517813e-11,8.9493681525849176e-11,4.2951845926331363e-11,1.7180736798333999e-10,合格,合格,1.0000274749353376e-12,2.5000686873383441e-13,7.5002060620150322e-13,4.4219416049458411e-95,62.394235943061155,2.1275840039661276
vfix,59,K,4,合格,0,合格,合格,8.9493779743432113e-11,1.6821723133644912e-10,2.5771101107988122e-10,1.7180736798333997e-10,合格,合格,0,0,0,4.4219416049458404e-95,62.394235943061155,2.1275840039661276
tfix,59,K,0,合格,0,合格,合格,8.291433748300127e-09,8.0745201743405865e-09,1.6365953922640714e-08,3.1173245566934694e-09,合格,合格,8.3125992130433666e-11,2.0784761481753705e-11,6.2341230648679961e-11,8.0233038403212635e-94,53.084156436814297,0.66933700600788626
tfix,59,K,1,合格,0,合格,合格,6.6675128545250294e-09,2.3314671853759836e-09,4.3360456691490455e-09,5.7813942255320609e-09,合格,合格,1.8066856954787692e-16,1.8066856954787692e-16,0,1.4880029861672099e-93,53.084156436814297,0.66933700600788626
tfix,59,K,2,合格,0,合格,合格,3.3456362258384617e-10,1.3624378840256382e-08,1.3289815217672536e-08,5.3159260870690146e-09,合格,合格,2.325717663092694e-15,2.325717663092694e-15,0,1.3682017837271594e-93,53.084156436814297,0.66933700600788626
tfix,59,K,3,合格,0,合格,合格,1.1860926022948267e-08,2.4421157458172083e-08,3.6282083481120349e-08,4.6815591588542391e-09,合格,合格,1.4337274923991106e-14,1.4337274923991106e-14,0,1.204929768935185e-93,53.084156436814297,0.66933700600788626
vfix,60,K,0,合格,0,合格,合格,8.2564203789943242e-11,2.2776255311728072e-11,5.9787948478215174e-11,2.9893942622429384e-12,合格,合格,1.0000042430067302e-12,2.4995046349186637e-13,7.5005377951486384e-13,7.6940395612604082e-97,244.54693914017875,252.68814633341785
vfix,60,K,4,合格,0,合格,合格,1.4462966852106765e-10,1.4235216971278878e-10,2.8698183823385643e-10,2.9893942622429376e-12,合格,合格,1.1716131530834214e-16,1.1716131530834214e-16,0,7.6940395612604062e-97,244.54693914017875,252.68814633341785
tfix,60,K,0,合格,0,合格,合格,2.9946330866568667e-10,5.4037823957401033e-10,8.3984154823969704e-10,1.3437464771835153e-10,合格,合格,1.2190468041008851e-12,3.0462732637750291e-13,9.1441947772338206e-13,3.458506188473466e-95,249.66800226611483,159.3414216120199
tfix,60,K,1,合格,0,合格,合格,3.1245018510512673e-10,7.8841241998674267e-10,1.1008626050918694e-09,2.3176054844039356e-10,合格,合格,4.6352109688078707e-16,4.6352109688078707e-16,0,5.9650038503181031e-95,249.66800226611483,159.3414216120199
tfix,60,K,2,合格,0,合格,合格,2.4576701310690091e-11,5.2857262878215366e-10,5.5314933009284369e-10,2.7657466504642185e-10,合格,合格,1.3828733252321094e-16,1.3828733252321094e-16,0,7.1184200805714338e-95,249.66800226611483,159.3414216120199
tfix,60,K,3,合格,0,合格,合格,1.8974095303433215e-11,2.2039761232501723e-10,2.0142351702158403e-10,2.0142351702158403e-10,合格,合格,9.8351326670695324e-20,9.8351326670695324e-20,0,5.184195768708988e-95,249.66800226611483,159.3414216120199
vfix,61,K,0,合格,0,合格,合格,9.8424112115365942e-10,2.6304907655338021e-09,3.6147318866874617e-09,7.2294639070152803e-09,合格,合格,9.9982067919535592e-13,2.4975899464595279e-13,7.5006168454940314e-13,1.8607040901170847e-93,1.2097029147089777,102.2506670675302
vfix,61,K,4,合格,0,合格,合格,8.2312469295250286e-10,9.8424129863322394e-10,1.8073659915857268e-09,7.2294639070152803e-09,合格,合格,0,0,0,1.8607040901170847e-93,1.2097029147089777,102.2506670675302
tfix,61,K,0,合格,0,合格,合格,9.3603726060195288e-11,5.8203074210916187e-11,1.5180680027111147e-10,8.6746743012063691e-11,合格,合格,1.6735181661887328e-12,4.1829279480417114e-13,1.2552253713845616e-12,2.2326692767669058e-95,5.4699785872305187,113.91076840564629
tfix,61,K,1,合格,0,合格,合格,1.4826757909828413e-11,6.7171641091940884e-10,6.8654316882923725e-10,1.3730863376584745e-09,合格,合格,3.4327158441461858e-16,3.4327158441461858e-16,0,3.5340204992043705e-94,5.4699785872305187,113.91076840564629
tfix,61,K,2,合格,0,合格,合格,1.8963344021429955e-11,6.314510972562731e-11,4.4181765704197358e-11,8.8363531408394716e-11,合格,合格,8.6292511141010465e-20,8.6292511141010465e-20,0,2.2742818336673938e-95,5.4699785872305187,113.91076840564629
tfix,61,K,3,合格,0,合格,合格,9.7119568767715186e-11,2.2888844669672673e-11,1.2000841343738784e-10,4.8003365374955137e-10,合格,合格,1.2000841343738785e-16,1.2000841343738785e-16,0,1.2355004387792855e-94,5.4699785872305187,113.91076840564629
vfix,62,K,0,合格,0,合格,合格,1.1285676260825211e-10,1.5323405352367223e-10,2.6609081613192431e-10,2.5341983586626113e-11,合格,合格,1.0003916095899991e-12,2.5032230607843066e-13,7.5006930351156835e-13,6.5224659971755733e-96,3.6609981993972966,0.22195356354491347
vfix,62,K,4,合格,0,合格,合格,4.9501655985836978e-11,1.1285651754504015e-10,6.3354861559203163e-11,2.5341983586626106e-11,合格,合格,1.6616535412457948e-16,1.6616535412457948e-16,0,6.5224659971755716e-96,3.6609981993972966,0.22195356354491347
tfix,62,K,0,合格,0,合格,合格,3.8177411510446991e-10,2.3025882161136885e-10,6.1203293671583879e-10,6.9946621338953007e-11,合格,合格,4.8151254129735246e-12,1.2033616735153475e-12,3.6117637394581773e-12,1.8002713076548697e-95,0.74386011509241112,2.6174561635730802
tfix,62,K,1,合格,0,合格,合格,7.1317206692188801e-10,9.4454785737494459e-10,2.3137579045305664e-10,7.7125263484352217e-11,合格,合格,4.6275158090611323e-16,4.6275158090611323e-16,0,1.9850336769429934e-95,0.74386011509241112,2.6174561635730802
tfix,62,K,2,合格,0,合格,合格,1.5726066958559368e-09,4.611886184094385e-09,3.0392794882384484e-09,1.4647130063799752e-10,合格,合格,1.3182417057419777e-15,1.3182417057419777e-15,0,3.7698472761918873e-95,0.74386011509241112,2.6174561635730802
tfix,62,K,3,合格,0,合格,合格,7.4249681146291516e-10,2.407377220452192e-09,3.1498740319151071e-09,2.5198992255320857e-09,合格,合格,1.1024559111702875e-15,1.1024559111702875e-15,0,6.485663191541148e-94,0.74386011509241112,2.6174561635730802
vfix,63,K,0,合格,0,合格,合格,6.4894928055708556e-11,1.6307065875997921e-10,2.2796558681568778e-10,9.1186220940673773e-11,合格,合格,9.9990889971359467e-13,2.4994677332346158e-13,7.4996212639013304e-13,2.3469316182903689e-95,9.7405093342023328,0.82372542613101274
vfix,63,K,4,合格,0,合格,合格,9.4680910039791354e-11,3.4544304075536846e-10,2.5076213071557709e-10,9.1186220940673773e-11,合格,合格,0,0,0,2.3469316182903689e-95,9.7405093342023328,0.82372542613101274
tfix,63,K,0,合格,0,合格,解像しない,1.4646661574264371e-09,1.4646661574264371e-09,1.9924608673037344e-13,1.3057791539961754e-08,合格,合格,1.3275081352306429e-11,3.3209636389993352e-12,9.9541177133070943e-12,3.3607866971610773e-93,39.470895007386396,0.51464049833142411
tfix,63,K,1,合格,0,合格,解像しない,1.9231900429710205e-08,6.1201335401593214e-08,4.1969434971883012e-08,8.3938869943766025e-08,合格,合格,1.9673172643070163e-15,1.9673172643070163e-15,0,2.1604008351520131e-92,39.470895007386396,0.51464049833142411
tfix,63,K,2,合格,0,合格,解像しない,8.7690239200781668e-10,1.0867746141273529e-08,9.9908437492657124e-09,1.3321124999020948e-08,合格,合格,2.0814257810970233e-16,2.0814257810970233e-16,0,3.4285629044481285e-93,39.470895007386396,0.51464049833142411
tfix,63,K,3,合格,0,合格,解像しない,3.4277660917482985e-09,3.9527142909697154e-09,7.3804803827180139e-09,1.4760960765436028e-08,合格,合格,1.1532000597996896e-16,1.1532000597996896e-16,0,3.7991447807980015e-93,39.470895007386396,0.51464049833142411
vfix,64,K,0,合格,0,解像しない,解像しない,3.368028707283814e-05,9.2144693988192953e-05,5.8464406915354813e-05,0.00011692881383070129,合格,合格,1.0002976164483202e-12,2.5019109772109171e-13,7.5010651872722843e-13,3.0094890153086033e-89,0.010241586185961889,123193.14007902585
vfix,64,K,4,合格,0,解像しない,解像しない,3.3680287073038615e-05,9.2144693988284392e-05,5.8464406915245769e-05,0.0001169288138307013,合格,合格,1.8983527951415238e-16,1.8983527951415238e-16,0,3.0094890153086036e-89,0.010241586185961889,123193.14007902585
tfix,64,K,0,合格,0,合格,合格,1.5239356464029732e-11,6.5759008958358078e-11,8.0998365422387809e-11,3.2399346168955124e-10,合格,合格,2.0416447988367071e-12,5.1045169889188795e-13,1.531193099944819e-12,8.3388750132903427e-95,0.047385942717453139,80149.447465756806
tfix,64,K,1,合格,0,合格,合格,2.8497802265226132e-10,4.2198833924302102e-10,7.0696636189528234e-10,9.4262181586037653e-10,合格,合格,2.3565545396509412e-16,2.3565545396509412e-16,0,2.426100041115108e-94,0.047385942717453139,80149.447465756806
tfix,64,K,2,合格,0,合格,合格,1.0453434754648818e-10,1.8419575194240607e-10,2.8873009948889422e-10,3.8497346598519232e-10,合格,合格,0,0,0,9.9083654328794439e-95,0.047385942717453139,80149.447465756806
tfix,64,K,3,合格,0,合格,合格,4.7927377651382457e-11,5.421667214968477e-10,4.9423934384546527e-10,6.5898579179395372e-10,合格,合格,0,0,0,1.6960836569502824e-94,0.047385942717453139,80149.447465756806
vfix,65,K,0,合格,0,解像しない,解像しない,3.5023631978051827e-05,0.00031678327592502459,0.00028175964394697275,0.00056351928789406705,合格,合格,9.9996830139752998e-13,2.4993774105784821e-13,7.5003056033968183e-13,1.450373993605362e-88,0.042413719540089483,113596.98428764245
vfix,65,K,4,合格,0,解像しない,解像しない,3.5023631978033504e-05,0.00031678327592510514,0.00028175964394707163,0.00056351928789406694,合格,合格,0,0,0,1.4503739936053617e-88,0.042413719540089483,113596.98428764245
tfix,65,K,0,合格,0,合格,解像しない,2.3634149570471174e-09,2.3634149570471174e-09,1.8163748231617418e-12,1.4879742551340989e-08,合格,合格,1.0677842752428713e-11,2.6696350600902014e-12,8.0082076923385103e-12,3.8297165849742839e-93,0.010289661362288583,140349.61130506889
tfix,65,K,1,合格,0,合格,合格,5.1676630580462462e-11,3.6708767789192351e-10,3.1541104731146105e-10,1.2616441892458442e-09,合格,合格,1.5770552365573053e-16,1.5770552365573053e-16,0,3.2471930607803417e-94,0.010289661362288583,140349.61130506889
tfix,65,K,2,合格,0,合格,合格,1.4296522719851068e-09,1.3524657879065123e-10,1.5648988507757582e-09,3.1297977015515164e-09,合格,合格,1.9561235634696977e-16,1.9561235634696977e-16,0,8.0554069560605505e-94,0.010289661362288583,140349.61130506889
tfix,65,K,3,合格,0,合格,合格,2.018019431414623e-09,1.4114066797721433e-09,3.429426111186766e-09,6.858852222373532e-09,合格,合格,2.1433913194917287e-16,2.1433913194917287e-16,0,1.7653168406159266e-93,0.010289661362288583,140349.61130506889
vfix,66,K,0,合格,0,不一致,解像しない,2.6337402638296045e-05,2.6337402638296045e-05,0,0.00013221918056291969,合格,合格,9.9984411006947725e-13,2.4990994208358277e-13,7.4993416798589443e-13,3.4030292318995048e-89,0.062907818595701034,47011.625732496927
vfix,66,K,4,合格,0,不一致,解像しない,2.6337402638113628e-05,2.6337402638113628e-05,0,0.00013221918056291972,合格,合格,0,0,0,3.4030292318995055e-89,0.062907818595701034,47011.625732496927
tfix,66,K,0,合格,0,合格,合格,3.2930783198047178e-11,4.5520043433758618e-10,4.2226965113953903e-10,3.3781572091163119e-10,合格,合格,1.3826797456913066e-12,3.4558548249259871e-13,1.0370942631987077e-12,8.6946293901014033e-95,0.026499980589767363,29596.626506897697
tfix,66,K,1,合格,0,合格,合格,2.6475865093023574e-11,3.6015408368164641e-10,3.3367821858862283e-10,3.3367821858862283e-10,合格,合格,1.6683910929431141e-16,1.6683910929431141e-16,0,8.5881392326801869e-95,0.026499980589767363,29596.626506897697
tfix,66,K,2,合格,0,合格,合格,3.24046069938669e-10,4.3253088258393232e-10,7.5657695252260137e-10,3.0263078100904055e-09,合格,合格,1.8914423813065034e-16,1.8914423813065034e-16,0,7.7890468679486186e-94,0.026499980589767363,29596.626506897697
tfix,66,K,3,合格,0,合格,合格,3.0771988357109911e-10,3.0771988357109911e-10,2.3640532980050929e-13,9.6831623086288605e-10,合格,合格,4.8415811543144302e-16,4.8415811543144302e-16,0,2.4922317815916626e-94,0.026499980589767363,29596.626506897697
vfix,67,K,0,合格,0,合格,解像しない,9.7715336181721654e-09,9.7715336181721654e-09,0,2.0001621936108348e-07,合格,合格,1.0000734366859813e-12,2.5006244634468725e-13,7.5001099034129403e-13,5.147975039944237e-92,5.8553200145837057,4869.5870736389725
vfix,67,K,4,合格,0,解像しない,解像しない,9.7715337158656832e-09,9.023657599069983e-08,1.0000810970656551e-07,2.0001621936108343e-07,合格,合格,0,0,0,5.1479750399442356e-92,5.8553200145837057,4869.5870736389725
tfix,67,K,0,合格,0,合格,合格,9.7660774008204925e-13,1.3779341433162982e-11,1.4755949173245031e-11,5.9023796692980123e-11,合格,合格,2.0527296013884627e-12,5.1327093604215519e-13,1.5394586653463077e-12,1.5191419631308389e-95,7.3840240077730819,1226.3483457245609
tfix,67,K,1,合格,0,合格,合格,7.0915412965675825e-11,1.4579930586253383e-10,2.1671471882820967e-10,9.6317652812537627e-11,合格,合格,3.8527061125015051e-16,3.8527061125015051e-16,0,2.4790033236746235e-95,7.3840240077730819,1226.3483457245609
tfix,67,K,2,合格,0,合格,合格,2.3229307815882583e-11,1.1466023788028598e-10,9.1430930064403386e-11,1.8286186012880677e-10,合格,合格,3.5715207056407573e-19,3.5715207056407573e-19,0,4.7064597796514023e-95,7.3840240077730819,1226.3483457245609
tfix,67,K,3,合格,0,合格,合格,3.6713753258434859e-11,1.4568281111337659e-10,1.8239656437181145e-10,8.1065139720805098e-11,合格,合格,3.2426055888322038e-16,3.2426055888322038e-16,0,2.0864373760555823e-95,7.3840240077730819,1226.3483457245609
vfix,68,K,0,合格,0,合格,合格,3.2489444513413226e-11,3.2489444513413226e-11,0,4.7628920264527511e-11,合格,合格,9.9998472404145766e-13,2.4999618101036442e-13,7.499885430310932e-13,1.225863049929181e-95,15.959693383227405,0.93738844231841689
vfix,68,K,4,合格,0,合格,合格,5.0860983333972044e-11,2.7709835810354166e-10,2.2623737476956961e-10,4.7628920264527518e-11,合格,合格,0,0,0,1.2258630499291811e-95,15.959693383227405,0.93738844231841689
tfix,68,K,0,合格,0,合格,合格,1.0846041602098418e-11,9.1722699933986884e-10,9.280730409419672e-10,4.640365204709836e-10,合格,合格,3.8104358878474822e-12,9.5185491261610522e-13,2.8585809752313766e-12,1.194327356370374e-94,26.206507228159399,14.499779304274622
tfix,68,K,1,合格,0,合格,合格,4.0046126663650346e-10,1.474478690749886e-09,1.8749399573863896e-09,6.8179634814050526e-10,合格,合格,1.7044908703512632e-16,1.7044908703512632e-16,0,1.7547929831711221e-94,26.206507228159399,14.499779304274622
tfix,68,K,2,合格,0,合格,合格,2.1588522044150649e-10,9.186850488923264e-10,1.1345702693338329e-09,6.483258681907617e-10,合格,合格,7.914134133188009e-20,7.914134133188009e-20,0,1.6686473716269022e-94,26.206507228159399,14.499779304274622
tfix,68,K,3,合格,0,合格,合格,1.686286250330589e-09,3.4225392578377222e-09,1.7362530075071331e-09,2.3150040100095108e-09,合格,合格,4.3406325187678327e-16,4.3406325187678327e-16,0,5.958308230686689e-94,26.206507228159399,14.499779304274622
vfix,69,K,0,合格,0,合格,合格,1.6008436644490094e-11,1.2103625952421325e-10,1.3704469616870335e-10,1.3704456874776378e-10,合格,合格,9.9985929752763525e-13,2.5000354859947374e-13,7.498557489281614e-13,3.5272240497646224e-95,1020.0474546117281,40.439381341148874
vfix,69,K,4,合格,0,合格,合格,1.21036161798982e-10,1.5305301693321911e-10,2.7408917873220111e-10,1.3704456874776378e-10,合格,合格,0,0,0,3.5272240497646224e-95,1020.0474546117281,40.439381341148874
tfix,69,K,0,合格,0,合格,合格,1.2348888657156569e-11,2.0167280817295793e-09,2.0290769703867356e-09,7.3784617104972204e-11,合格,合格,2.3495825901673138e-11,5.8738457984926274e-12,1.7621980103180512e-11,1.8990528288234611e-95,7.8326241704620889,11.899681723047401
tfix,69,K,1,合格,0,合格,合格,1.8607529550153622e-10,1.7735031434400804e-08,1.7921106729902339e-08,5.9243328032735003e-10,合格,合格,8.7383908848284127e-15,8.7383908848284127e-15,0,1.5247922142012455e-94,7.8326241704620889,11.899681723047401
tfix,69,K,2,合格,0,合格,合格,4.6367899324426848e-12,1.3176804668290395e-08,1.3172167878357952e-08,9.3419630342964196e-11,合格,合格,1.8683926068592839e-16,1.8683926068592839e-16,0,2.4044146358861155e-95,7.8326241704620889,11.899681723047401
tfix,69,K,3,合格,0,合格,合格,1.701621811558705e-09,4.9360235908562309e-09,6.6376454024149363e-09,1.1543731134634671e-10,合格,合格,1.5006850475025072e-15,1.5006850475025072e-15,0,2.9711010406433541e-95,7.8326241704620889,11.899681723047401
vfix,70,K,0,合格,0,解像しない,解像しない,2.1585327579325021e-07,8.981440911540864e-07,6.8229081536083619e-07,2.7291632615220837e-06,合格,合格,1.0000530746803041e-12,2.500512011945291e-13,7.5000187348577501e-13,7.0242625298726604e-91,0.072908276507685915,2903.2092907278593
vfix,70,K,4,合格,0,解像しない,解像しない,4.6643753962870899e-07,8.9814409107018058e-07,1.3645816306988895e-06,2.7291632615220837e-06,合格,合格,0,0,0,7.0242625298726604e-91,0.072908276507685915,2903.2092907278593
tfix,70,K,0,合格,0,合格,合格,3.737519962590283e-11,6.4063992910361947e-11,2.668879328445912e-11,1.0675517313783648e-10,合格,合格,1.9557547718851645e-12,4.8893869297129113e-13,1.4668160789138733e-12,2.7476420085032181e-95,0.056269039296109671,14890.288996052142
tfix,70,K,1,合格,0,合格,合格,6.6175085404313835e-11,2.0117582179043189e-11,8.6292667583357031e-11,1.150568901111427e-10,合格,合格,1.1236024424916279e-19,1.1236024424916279e-19,0,2.9613098395610082e-95,0.056269039296109671,14890.288996052142
tfix,70,K,2,合格,0,合格,合格,1.615941023191303e-10,1.5547996311535708e-10,3.1707406543448741e-10,1.2682962617379496e-09,合格,合格,1.5853703271724369e-16,1.5853703271724369e-16,0,3.2643140239015561e-94,0.056269039296109671,14890.288996052142
tfix,70,K,3,合格,0,合格,合格,8.6924574038928735e-11,1.5968964700018139e-10,7.2765072961252654e-11,2.9106029184501061e-10,合格,合格,1.455301459225053e-16,1.455301459225053e-16,0,7.4912480713978192e-95,0.056269039296109671,14890.288996052142
vfix,71,K,0,合格,0,合格,合格,6.138186120595795e-11,2.2647212468849552e-10,2.8785398589445347e-10,1.6448796316920213e-10,合格,合格,9.9976718008900948e-13,2.4983734797042529e-13,7.4992983211858419e-13,4.2335563159388203e-95,344.66369111046504,0.32157293348888061
vfix,71,K,4,合格,0,合格,合格,1.442281929037425e-10,2.0259588182445277e-11,1.6448778108618777e-10,1.6448796316920218e-10,合格,合格,0,0,0,4.2335563159388216e-95,344.66369111046504,0.32157293348888061
tfix,71,K,0,合格,0,解像しない,解像しない,1.8298360529390523e-07,4.008911109699543e-07,5.8387471626385956e-07,2.9193735813192978e-07,合格,合格,5.2148151626791037e-10,1.3059763547967382e-10,3.908838807882366e-10,7.5138218175063056e-92,598.2572646009537,0.010361447838363347
tfix,71,K,1,合格,0,合格,解像しない,1.3235928545103425e-07,1.3235928545103425e-07,2.1170498731753937e-13,4.4397753756295233e-07,合格,合格,4.5741826379776827e-14,4.5741826379776827e-14,0,1.1426999715177511e-91,598.2572646009537,0.010361447838363347
tfix,71,K,2,合格,0,解像しない,解像しない,7.2139397915943464e-08,2.2428020485237674e-07,1.5214080693643327e-07,6.085632277457331e-07,合格,合格,7.2801753319191707e-15,7.2801753319191707e-15,0,1.5663071308268545e-91,598.2572646009537,0.010361447838363347
tfix,71,K,3,合格,0,合格,解像しない,5.6686272452647131e-08,5.6686272452647131e-08,9.0074810518173919e-14,3.7780113805561894e-07,合格,合格,3.1360446030007436e-14,3.1360446030007436e-14,0,9.7237655775392993e-92,598.2572646009537,0.010361447838363347
vfix,72,K,0,合格,0,解像しない,解像しない,7.7197444657436648e-08,6.0252585254776564e-07,5.2532840789032903e-07,2.1013136317007462e-06,合格,合格,1.0000902272156436e-12,2.5002255680391091e-13,7.5006767041173267e-13,5.4083164663569014e-91,0.017185087383869608,9234.616418446567
vfix,72,K,4,合格,0,解像しない,解像しない,7.7197444607594808e-08,6.025258525528075e-07,5.2532840794521264e-07,2.1013136317007462e-06,合格,合格,0,0,0,5.4083164663569014e-91,0.017185087383869608,9234.616418446567
tfix,72,K,0,合格,0,合格,合格,8.1696852209431822e-11,1.0757746528656435e-10,1.8927431749599617e-10,2.5236575666132825e-10,合格,合格,1.9300933069458382e-12,4.8252332673645956e-13,1.4475699802093788e-12,6.4953363301193099e-95,0.86269325239672534,5379.686808988019
tfix,72,K,1,合格,0,合格,合格,5.2943798184365655e-11,1.714413935586722e-10,2.2438519174303785e-10,2.2438519174303785e-10,合格,合格,1.1219259587151894e-16,1.1219259587151894e-16,0,5.7751784836055668e-95,0.86269325239672534,5379.686808988019
tfix,72,K,2,合格,0,合格,合格,2.7832802885405812e-11,3.6687477243689724e-10,3.3904196955149144e-10,1.3561678782059658e-09,合格,合格,1.6952098477574571e-16,1.6952098477574571e-16,0,3.4904761270259363e-94,0.86269325239672534,5379.686808988019
tfix,72,K,3,合格,0,合格,合格,9.7799763965904281e-11,8.8276032548694105e-11,1.8607579651459839e-10,7.4430318605839354e-10,合格,合格,5.6785826573058592e-21,5.6785826573058592e-21,0,1.915671757130059e-94,0.86269325239672534,5379.686808988019
vfix,73,K,0,合格,0,解像しない,解像しない,8.8885206631414371e-07,1.1118219379076508e-06,2.0006740042217946e-06,4.0013480083390679e-06,合格,合格,9.9992716532679012e-13,2.4993670895273784e-13,7.4999045637405233e-13,1.0298584654214275e-90,0.88634101435747736,15827.900723101036
vfix,73,K,4,合格,0,解像しない,解像しない,1.1148493567267389e-07,1.111821937678074e-06,1.0003370020054e-06,4.0013480083390679e-06,合格,合格,0,0,0,1.0298584654214275e-90,0.88634101435747736,15827.900723101036
tfix,73,K,0,合格,0,合格,合格,1.893072409197004e-10,1.893072409197004e-10,3.8802522979992173e-13,7.946756706302397e-10,合格,合格,2.5532929297349603e-12,6.3832323243374008e-13,1.9149696973012204e-12,2.045319389759143e-94,0.073057046690862146,14805.574598343672
tfix,73,K,1,合格,0,合格,合格,1.9443748425963925e-10,9.7537213531435245e-11,2.9197469779107448e-10,5.8394939558214896e-10,合格,合格,1.4598734889553726e-16,1.4598734889553726e-16,0,1.5029565715470796e-94,0.073057046690862146,14805.574598343672
tfix,73,K,2,合格,0,合格,合格,7.3061457195626792e-11,1.9420263740425669e-10,1.2114118020862991e-10,4.8456472083451963e-10,合格,合格,1.2114118020862991e-16,1.2114118020862991e-16,0,1.2471624031600941e-94,0.073057046690862146,14805.574598343672
tfix,73,K,3,合格,0,合格,合格,1.4986927757920746e-10,5.5657060122764703e-10,7.064398788068545e-10,7.064398788068545e-10,合格,合格,1.766099697017136e-16,1.766099697017136e-16,0,1.8182199798275492e-94,0.073057046690862146,14805.574598343672
vfix,74,K,0,合格,0,合格,解像しない,1.9475344996008467e-07,1.9475344996008467e-07,0,7.4789825982480482e-06,合格,合格,1.0001170533888413e-12,2.5011406694133597e-13,7.5000298644750521e-13,1.9249246817555529e-90,0.01216218782321983,1549.4852864359609
vfix,74,K,4,合格,0,合格,解像しない,1.9475344998258478e-07,1.9475344998258478e-07,0,7.4789825982480482e-06,合格,合格,0,0,0,1.9249246817555529e-90,0.01216218782321983,1549.4852864359609
tfix,74,K,0,合格,0,合格,合格,5.479177210903058e-11,6.9457398741162239e-11,1.2424917085019281e-10,1.2424917085019281e-10,合格,合格,1.9334413475998505e-12,4.8320502543639985e-13,1.4502363221634506e-12,3.197898811975099e-95,0.043168951819122142,14061.569710996189
tfix,74,K,1,合格,0,合格,合格,5.7538768582198029e-11,1.9720070263480459e-10,2.5473947121700262e-10,5.0947894243400523e-10,合格,合格,1.273697356085013e-16,1.273697356085013e-16,0,1.3112860984001543e-94,0.043168951819122142,14061.569710996189
tfix,74,K,2,合格,0,合格,合格,1.4362845822977445e-11,7.6664531910011825e-11,9.1027377732989271e-11,1.8205475546597854e-10,合格,合格,1.8205475546597854e-16,1.8205475546597854e-16,0,4.6856866909882198e-95,0.043168951819122142,14061.569710996189
tfix,74,K,3,合格,0,合格,合格,3.7142148448365334e-11,1.7118480737884811e-10,1.3404265893048278e-10,1.7872354524064372e-10,合格,合格,5.4542097546583167e-21,5.4542097546583167e-21,0,4.599948708600541e-95,0.043168951819122142,14061.569710996189
vfix,75,K,0,合格,0,解像しない,解像しない,3.4071653783016638e-07,1.2149636222870897e-06,8.7424708445692329e-07,3.4969883376569372e-06,合格,合格,1.0002786831080065e-12,2.502572699298726e-13,7.5002141317813389e-13,9.0004744288935767e-91,17.209075539238562,399945.47789039317
vfix,75,K,4,合格,0,解像しない,解像しない,3.4071653797681939e-07,5.3353054640255199e-07,8.7424708437937139e-07,3.4969883376569368e-06,合格,合格,1.9802673834081053e-16,1.9802673834081053e-16,0,9.0004744288935756e-91,17.209075539238562,399945.47789039317
tfix,75,K,0,合格,0,合格,合格,1.0740611709217763e-09,6.434909945719943e-09,7.5089711166417195e-09,7.5089711166417195e-09,合格,合格,6.0606783125194474e-12,1.5148175951087694e-12,4.5458607174106783e-12,1.9326430630282652e-93,16.367051130836462,423678.47840002744
tfix,75,K,1,合格,0,合格,合格,1.5661932377065502e-10,4.8372261868974118e-09,4.9938455106680668e-09,9.9876910213361335e-09,合格,合格,6.2423068883350829e-16,6.2423068883350829e-16,0,2.5706107359070252e-93,16.367051130836462,423678.47840002744
tfix,75,K,2,合格,0,合格,解像しない,5.4882246375680831e-08,6.5503489886313177e-09,4.8331897387049517e-08,1.9332758954819807e-07,合格,合格,1.3782142614275839e-14,1.3782142614275839e-14,0,4.9758245041619348e-92,16.367051130836462,423678.47840002744
tfix,75,K,3,合格,0,合格,合格,3.7757146616297663e-10,6.5719551186979434e-10,1.0347669780327709e-09,2.0695339560655417e-09,合格,合格,1.2934587225409638e-16,1.2934587225409638e-16,0,5.3265226111034868e-94,16.367051130836462,423678.47840002744
vfix,76,K,0,合格,0,解像しない,解像しない,4.4085951781573542e-08,5.6555542686786787e-08,1.0064149446836033e-07,4.0256597816705386e-07,合格,合格,9.999613219467175e-13,2.5002886761177368e-13,7.4993245433494382e-13,1.0361157780877195e-91,83.868691964036572,91930.32073277919
vfix,76,K,4,合格,0,合格,解像しない,5.6555542752181165e-08,5.6555542752181165e-08,0,4.0256597816705386e-07,合格,合格,0,0,0,1.0361157780877195e-91,83.868691964036572,91930.32073277919
tfix,76,K,0,合格,0,合格,合格,4.8519948238164905e-11,3.1850264401864429e-12,5.1704974678351345e-11,2.0681989871340538e-10,合格,合格,2.0719217453108954e-12,5.1808384627708054e-13,1.5538378990338146e-12,5.3230866963759944e-95,30.481644326517088,59342.732558955518
tfix,76,K,1,合格,0,合格,合格,5.8281442313434396e-11,1.162556992577036e-10,1.7453714157113799e-10,3.4907428314227598e-10,合格,合格,5.2361142471341392e-16,5.2361142471341392e-16,0,8.9843998773856718e-95,30.481644326517088,59342.732558955518
tfix,76,K,2,合格,0,合格,合格,6.5229399335849817e-11,2.5952569700050166e-10,3.2475509633635147e-10,2.5980407706908118e-10,合格,合格,1.2990203853454059e-16,1.2990203853454059e-16,0,6.6867822434584276e-95,30.481644326517088,59342.732558955518
tfix,76,K,3,合格,0,合格,合格,1.5201780079381267e-10,6.8218006827578504e-10,5.301622674819724e-10,1.0603245349639448e-09,合格,合格,5.3016226748197237e-16,5.3016226748197237e-16,0,2.7290408036264062e-94,30.481644326517088,59342.732558955518
vfix,77,K,0,合格,0,合格,合格,4.717434578253724e-11,2.4326333614677214e-10,2.9043768192930938e-10,8.2982240501585477e-11,合格,合格,1.0002666370773337e-12,2.5016868565010425e-13,7.500979514272294e-13,2.1357793094249879e-95,1.0752520603253677,3.9017444185626018
vfix,77,K,4,合格,0,合格,合格,4.7174405064771629e-11,1.1879010818655952e-10,1.6596451325133113e-10,8.2982240501585464e-11,合格,合格,1.4499542052974058e-16,1.4499542052974058e-16,0,2.1357793094249876e-95,1.0752520603253677,3.9017444185626018
tfix,77,K,0,合格,0,合格,合格,5.3789790289452505e-11,1.4981212291370277e-10,9.6022332624250251e-11,1.920446652485005e-10,合格,合格,1.8236561411997609e-12,4.561060799651887e-13,1.3675500612345722e-12,4.9428048705838289e-95,8.5751721947891024,70.886733891402002
tfix,77,K,1,合格,0,合格,合格,2.6242646832854012e-11,1.4511190308193795e-10,1.1886925624908394e-10,4.7547702499633577e-10,合格,合格,2.3773851249816789e-16,2.3773851249816789e-16,0,1.223772684318784e-94,8.5751721947891024,70.886733891402002
tfix,77,K,2,合格,0,合格,合格,1.8240371205410182e-11,3.6551314101495657e-11,5.4791685306905839e-11,2.1916674122762336e-10,合格,合格,6.5750022368287e-16,6.5750022368287e-16,0,5.6408671108261408e-95,8.5751721947891024,70.886733891402002
tfix,77,K,3,合格,0,合格,合格,1.3322942965699507e-10,1.3322942965699507e-10,1.4101447560167437e-13,5.775952920644582e-10,合格,合格,1.7626809450209295e-20,1.7626809450209295e-20,0,1.4866025146537023e-94,8.5751721947891024,70.886733891402002
vfix,78,K,0,合格,0,合格,解像しない,3.1554822145666553e-07,3.1554822145666553e-07,0,3.1511436589572183e-05,合格,合格,1.0001024138528017e-12,2.5020205060749343e-13,7.4990036324530828e-13,8.1103467285846417e-90,0.1007004266556652,3085.9161338792724
vfix,78,K,4,合格,0,解像しない,解像しない,7.5623109258816412e-06,3.1554822150016538e-07,7.8778591473818057e-06,3.1511436589572183e-05,合格,合格,1.1774688936009505e-16,1.1774688936009505e-16,0,8.1103467285846417e-90,0.1007004266556652,3085.9161338792724
tfix,78,K,0,合格,0,合格,合格,7.3772416094544721e-11,3.409321348365585e-10,2.6715971874201378e-10,2.1372777499361102e-10,合格,合格,1.9690739910161385e-12,4.9242879358527975e-13,1.4766451974308586e-12,5.5008801512423881e-95,0.081449804026396247,1989.1906487043029
tfix,78,K,1,合格,0,合格,合格,1.4554490385754135e-11,1.3402653076877499e-09,1.354819798073504e-09,5.4192791922940161e-09,合格,合格,1.6935247475918801e-15,1.6935247475918801e-15,0,1.3948025867869616e-93,0.081449804026396247,1989.1906487043029
tfix,78,K,2,合格,0,合格,合格,4.0020957540824072e-11,3.4238765126699838e-12,3.6597081028154084e-11,1.4638832411261634e-10,合格,合格,1.4638832411261634e-16,1.4638832411261634e-16,0,3.7677116439770194e-95,0.081449804026396247,1989.1906487043029
tfix,78,K,3,合格,0,合格,合格,1.0398928221856667e-11,9.6115212877527441e-11,8.5716284655670777e-11,3.4286513862268311e-10,合格,合格,3.3482923693621397e-19,3.3482923693621397e-19,0,8.8245902324060012e-95,0.081449804026396247,1989.1906487043029
vfix,79,K,0,合格,0,合格,解像しない,1.0206448487675436e-07,1.0206448487675436e-07,0,1.2666965158691948e-06,合格,合格,9.9999714327326866e-13,2.4996489329034655e-13,7.5003224998292211e-13,3.2601966319075915e-91,19.042929160113612,74218.096361739241
vfix,79,K,4,合格,0,解像しない,解像しない,2.1460964412448048e-07,1.0206448495622372e-07,3.1667412908070417e-07,1.2666965158691948e-06,合格,合格,0,0,0,3.2601966319075915e-91,19.042929160113612,74218.096361739241
tfix,79,K,0,合格,0,合格,合格,3.501129377392593e-12,3.501129377392593e-12,2.784532411644423e-14,2.2810889516191113e-10,合格,合格,1.7515341515007345e-12,4.3796907871086937e-13,1.3135650727898653e-12,5.871018372579313e-95,8.8667011369138748,34406.435570260721
tfix,79,K,1,合格,0,合格,合格,8.6945820595217441e-10,8.6945820595217441e-10,2.7287705961797457e-12,3.7256814539840798e-09,合格,合格,5.8213772718501242e-16,5.8213772718501242e-16,0,9.5890799221980155e-94,8.8667011369138748,34406.435570260721
tfix,79,K,2,合格,0,合格,合格,7.6370075173186496e-11,1.6183530829807261e-10,2.3820538347125909e-10,3.176071779616788e-10,合格,合格,1.9385203733012621e-20,1.9385203733012621e-20,0,8.1745061969308131e-95,8.8667011369138748,34406.435570260721
tfix,79,K,3,合格,0,合格,合格,3.0950239509779485e-11,2.3879408147851407e-11,5.4829647657630891e-11,2.1931859063052356e-10,合格,合格,2.1417831116262067e-19,2.1417831116262067e-19,0,5.6447753785579166e-95,8.8667011369138748,34406.435570260721
vfix,80,K,0,合格,0,合格,合格,4.6213578363316251e-11,4.1907610405596232e-10,3.7286252569264607e-10,7.4572502042845734e-10,合格,合格,9.9998123800993004e-13,2.4999530950248251e-13,7.4998592850744753e-13,1.9193312442813532e-94,124.96637720416479,65.246407349168152
vfix,80,K,4,合格,0,合格,合格,3.2664874144421385e-10,4.621373294906546e-11,3.7286247439327931e-10,7.4572502042845734e-10,合格,合格,0,0,0,1.9193312442813532e-94,124.96637720416479,65.246407349168152
tfix,80,K,0,合格,0,合格,合格,4.6530829558657289e-13,1.9686645403968605e-10,1.9733176233527264e-10,9.866588116763632e-11,合格,合格,1.5009053843220836e-12,3.74930348437018e-13,1.1259750358850655e-12,2.539441527130085e-95,52.653742249106941,5.5004581131555099
tfix,80,K,1,合格,0,合格,合格,9.9717859982878647e-10,2.7956009073151163e-09,1.7984223074863297e-09,3.7861522262870098e-10,合格,合格,1.8930761131435049e-16,1.8930761131435049e-16,0,9.7447183136524856e-95,52.653742249106941,5.5004581131555099
tfix,80,K,2,合格,0,合格,合格,1.2206423602255952e-11,6.167529183435353e-10,6.2895934194579125e-10,1.0482655699096521e-10,合格,合格,2.096531139819304e-16,2.096531139819304e-16,0,2.6980036950832291e-95,52.653742249106941,5.5004581131555099
tfix,80,K,3,合格,0,合格,合格,1.259744025198871e-10,2.390420414625319e-09,2.2644460121054317e-09,2.5160511245615908e-10,合格,合格,1.2580255622807955e-16,1.2580255622807955e-16,0,6.4757590308632929e-95,52.653742249106941,5.5004581131555099
vfix,81,K,0,合格,0,合格,合格,6.4522518418218699e-11,1.5523476576659268e-10,9.0712247348373966e-11,1.8142446443554073e-10,合格,合格,1.000283268381951e-12,2.5032567355045991e-13,7.4995759483149098e-13,4.6694643941017009e-95,209.32834294573107,25.392086957730527
vfix,81,K,4,合格,0,合格,合格,7.1545930553294188e-11,1.5523469306834766e-10,2.2678062362164186e-10,1.814244644355407e-10,合格,合格,2.4974973183379855e-16,2.4974973183379855e-16,0,4.6694643941017002e-95,209.32834294573107,25.392086957730527
tfix,81,K,0,合格,0,合格,合格,2.9531056340669687e-10,9.5528145940887716e-11,3.9083870934758462e-10,5.2111827913011282e-10,合格,合格,2.0564630090172078e-12,5.1395290279207374e-13,1.542510106225134e-12,1.3412431763733655e-94,248.19785771877702,100.0912322045989
tfix,81,K,1,合格,0,合格,合格,3.4665442899924705e-11,2.1340734207724491e-10,2.4807278497716961e-10,9.9229113990867844e-10,合格,合格,1.2403639248858481e-16,1.2403639248858481e-16,0,2.5539378940993997e-94,248.19785771877702,100.0912322045989
tfix,81,K,2,合格,0,合格,合格,2.8987805915276034e-10,5.4538517352641892e-10,2.5550711437365858e-10,1.0220284574946343e-09,合格,合格,6.3876778593414643e-16,6.3876778593414643e-16,0,2.6304751715144039e-94,248.19785771877702,100.0912322045989
tfix,81,K,3,合格,0,合格,合格,1.8125821971525934e-10,1.6681459038724578e-10,3.4807281010250513e-10,6.9614562020501025e-10,合格,合格,6.9614562020501024e-16,6.9614562020501024e-16,0,1.7917248353306143e-94,248.19785771877702,100.0912322045989
vfix,82,K,0,合格,0,合格,合格,9.3914324197813966e-12,1.730078705391321e-09,1.7206872729715395e-09,6.8827494974324983e-09,合格,合格,9.9993669021139746e-13,2.4998417255284937e-13,7.499525176585481e-13,1.7714674705957959e-93,2.5429674514551985,136.79157179314035
vfix,82,K,4,合格,0,合格,合格,9.3914822634523417e-12,1.7300788414131395e-09,1.7206873591496871e-09,6.8827494974324991e-09,合格,合格,0,0,0,1.7714674705957961e-93,2.5429674514551985,136.79157179314035
tfix,82,K,0,合格,0,合格,合格,6.0113541115626261e-11,8.8914696503164276e-11,2.8801155387538021e-11,1.1520462155015209e-10,合格,合格,1.4552647794215212e-12,3.6381619485538031e-13,1.0914485845661408e-12,2.965112120011387e-95,2.0207677866524878,44.041780684321715
tfix,82,K,1,合格,0,合格,合格,4.540882400052466e-11,9.2916276388238266e-10,8.8375393988185808e-10,8.8375393988185808e-10,合格,合格,4.4187696994092901e-16,4.4187696994092901e-16,0,2.2745871502305654e-94,2.0207677866524878,44.041780684321715
tfix,82,K,2,合格,0,合格,合格,4.5532841233350412e-11,1.8831368240201155e-10,2.3384652363536194e-10,2.3384652363536194e-10,合格,合格,2.3384652363536197e-16,2.3384652363536197e-16,0,6.0186922375496108e-95,2.0207677866524878,44.041780684321715
tfix,82,K,3,合格,0,合格,合格,2.3708721650731019e-11,8.8677791481002084e-11,1.123865131317331e-10,1.123865131317331e-10,合格,合格,2.247730262634662e-16,2.247730262634662e-16,0,2.892580243125505e-95,2.0207677866524878,44.041780684321715
vfix,83,K,0,合格,0,合格,合格,5.2355020048083423e-11,2.4779069956683492e-11,2.7575950091399931e-11,5.5152158081911247e-11,合格,合格,9.9988464816112644e-13,2.4987915940427122e-13,7.5000548875685527e-13,1.4194945495504136e-95,318.8437588594137,71.492167755806264
vfix,83,K,4,合格,0,合格,合格,2.7970886255393308e-12,2.5098177952369717e-10,2.4818469089815785e-10,5.5152158081911247e-11,合格,合格,0,0,0,1.4194945495504136e-95,318.8437588594137,71.492167755806264
tfix,83,K,0,合格,0,合格,合格,1.1443577439271665e-10,2.005553209565456e-09,2.1199889839581728e-09,2.7354696567202229e-10,合格,合格,8.3691694147355219e-13,2.0857956132491699e-13,6.283373801486352e-13,7.0404937961048435e-95,187.23255122785648,33.540751308324218
tfix,83,K,1,合格,0,合格,解像しない,2.7674903446890348e-08,1.4661795989810942e-08,1.3013107457079408e-08,2.6026214914158816e-08,合格,合格,1.8299682361517917e-15,1.8299682361517917e-15,0,6.6985720053252108e-93,187.23255122785648,33.540751308324218
tfix,83,K,2,合格,0,合格,合格,1.2712910852787131e-10,4.6895348813117926e-11,8.0233759714753399e-11,3.209350388590136e-10,合格,合格,1.6046751942950679e-16,1.6046751942950679e-16,0,8.2601579750246611e-95,187.23255122785648,33.540751308324218
tfix,83,K,3,合格,0,合格,合格,4.0077859160446265e-10,1.4376016993804865e-10,2.5701842166641397e-10,5.1403684333282794e-10,合格,合格,2.5099455240860743e-19,2.5099455240860743e-19,0,1.3230171270820433e-94,187.23255122785648,33.540751308324218
vfix,84,K,0,合格,0,合格,合格,2.1987300153842955e-11,2.1987300153842955e-11,0,1.5426973463329971e-09,合格,合格,9.9983106834571972e-13,2.4980016445901103e-13,7.5003090388670874e-13,3.9705617166843038e-94,5386.3995247221183,191.35216869960459
vfix,84,K,4,合格,0,合格,合格,2.1987595854072485e-11,2.1987595854072485e-11,0,1.5426973463329971e-09,合格,合格,0,0,0,3.9705617166843038e-94,5386.3995247221183,191.35216869960459
tfix,84,K,0,合格,0,合格,解像しない,4.7465866395308928e-09,3.1735008436444724e-09,7.9200874831753653e-09,1.5840174966350731e-08,合格,合格,5.138800261818026e-11,1.2847990665480462e-11,3.85400119526998e-11,4.0769106433270091e-93,4289.9166104627748,133.91002285972718
tfix,84,K,1,合格,0,合格,解像しない,1.6616643078645181e-08,1.6616643078645181e-08,4.0440716912733635e-13,5.300645647185823e-08,合格,合格,3.1058470588979431e-15,3.1058470588979431e-15,0,1.3642689365126028e-92,4289.9166104627748,133.91002285972718
tfix,84,K,2,合格,0,合格,解像しない,1.8908865379593796e-08,2.9084797013547574e-08,4.7993662393141373e-08,9.5987324786282747e-08,合格,合格,5.436782067973046e-15,5.436782067973046e-15,0,2.470501410981812e-92,4289.9166104627748,133.91002285972718
tfix,84,K,3,合格,0,合格,解像しない,3.9067801603237195e-09,2.8008197424409804e-10,4.1868621345678178e-09,1.6747448538271271e-08,合格,合格,6.5419720852622143e-16,6.5419720852622143e-16,0,4.3104227913701765e-93,4289.9166104627748,133.91002285972718
vfix,85,K,0,合格,0,合格,合格,2.5319947124957246e-10,2.5319947124957246e-10,0,5.0420309993988669e-09,合格,合格,1.0001604293334773e-12,2.5013536070759158e-13,7.5002506862588572e-13,1.2977072468644354e-93,0.039968188947342713,2.1784651155881902
vfix,85,K,4,合格,0,合格,合格,2.5319934562239762e-10,2.5319934562239762e-10,0,5.0420309993988669e-09,合格,合格,0,0,0,1.2977072468644354e-93,0.039968188947342713,2.1784651155881902
tfix,85,K,0,合格,0,合格,合格,3.8648680028642025e-11,2.5172624631396175e-11,1.3476055397245848e-11,2.6952110794491696e-11,合格,合格,1.7212696037794177e-12,4.3037130516644339e-13,1.2908982986129743e-12,6.9368771236184458e-96,0.20480234239820252,0.12804738712564365
tfix,85,K,1,合格,0,合格,合格,5.9909064477667452e-13,5.9909064477667452e-13,1.3097144790457157e-13,1.3411476265428129e-10,合格,合格,0,0,0,3.4518173218037451e-95,0.20480234239820252,0.12804738712564365
tfix,85,K,2,合格,0,合格,合格,1.4048115556240674e-11,2.5930580569098019e-11,1.1882465012857346e-11,4.7529860051429385e-11,合格,合格,1.8566351582589604e-19,1.8566351582589604e-19,0,1.2233134591704431e-95,0.20480234239820252,0.12804738712564365
tfix,85,K,3,合格,0,合格,合格,3.3121796544429658e-11,1.0516823457191593e-10,1.3829003111634558e-10,3.2538830850904845e-11,合格,合格,2.6031064680723874e-16,2.6031064680723874e-16,0,8.3747752849495839e-96,0.20480234239820252,0.12804738712564365
vfix,86,K,0,合格,0,解像しない,解像しない,4.464134479920826e-06,1.8956610206242441e-05,2.3420744686163269e-05,4.6841489372345599e-05,合格,合格,1.0000900313751521e-12,2.5016808983275029e-13,7.4992194154240177e-13,1.205596320603018e-89,0.23654250606693319,5576.4965342166743
vfix,86,K,4,合格,0,解像しない,解像しない,4.4641344799113486e-06,1.8956610206208434e-05,2.3420744686119782e-05,4.6841489372345606e-05,合格,合格,2.1993247493136043e-16,2.1993247493136043e-16,0,1.2055963206030182e-89,0.23654250606693319,5576.4965342166743
tfix,86,K,0,合格,0,合格,合格,4.3877341672844664e-11,1.2064554250790234e-11,3.181278742205443e-11,1.2725114968821772e-10,合格,合格,2.0001335707994059e-12,4.9984251597531923e-13,1.5002910548240869e-12,3.2751631067305866e-95,0.0062668394865142028,8712.4819413491823
tfix,86,K,1,合格,0,合格,合格,3.3904024637481574e-11,1.4102068912273788e-10,1.7492471376021946e-10,2.332329516802926e-10,合格,合格,1.423540964845536e-20,1.423540964845536e-20,0,6.0029002526796013e-95,0.0062668394865142028,8712.4819413491823
tfix,86,K,2,合格,0,合格,合格,2.2366267161796621e-11,8.201250927954259e-11,5.9646242117745978e-11,2.3858496847098391e-10,合格,合格,1.1929248423549195e-16,1.1929248423549195e-16,0,6.1406493259290182e-95,0.0062668394865142028,8712.4819413491823
tfix,86,K,3,合格,0,合格,合格,2.5138143466624485e-11,2.2102181602393276e-10,1.9588367255730828e-10,1.9588367255730828e-10,合格,合格,1.9129264898174636e-19,1.9129264898174636e-19,0,5.0416124266262126e-95,0.0062668394865142028,8712.4819413491823
vfix,87,K,0,合格,0,合格,合格,3.0036152011551632e-13,1.8361747243155964e-10,1.8331711091144412e-10,7.3326837063215039e-11,合格,合格,1.000116800674491e-12,2.5002920016862276e-13,7.5008760050586822e-13,1.8872705831821906e-95,69.385346465628956,1.4039326577008353
vfix,87,K,4,合格,0,合格,合格,3.0039460610332759e-13,1.8361745623158305e-10,1.8331706162547973e-10,7.3326837063215026e-11,合格,合格,0,0,0,1.8872705831821903e-95,69.385346465628956,1.4039326577008353
tfix,87,K,0,合格,0,合格,合格,1.1889268138478047e-08,3.8473710211192298e-08,2.6584442072714252e-08,4.6233812300372609e-09,合格,合格,2.093972703282907e-10,5.2337397927338989e-11,1.5705987240095171e-10,1.1899560569841167e-93,221.80796535129738,5.7769867860893953
tfix,87,K,1,合格,0,合格,解像しない,4.2402488350165526e-08,1.9289339876617334e-09,4.4331422337827256e-08,1.6120517213755366e-08,合格,合格,5.1636031700310156e-15,5.1636031700310156e-15,0,4.1490645364908219e-93,221.80796535129738,5.7769867860893953
tfix,87,K,2,合格,0,合格,合格,1.0811264026988974e-08,8.144856329756418e-09,1.8956120356745392e-08,7.5824481426981569e-09,合格,合格,5.3314088503346417e-15,5.3314088503346417e-15,0,1.9515544241846829e-93,221.80796535129738,5.7769867860893953
tfix,87,K,3,合格,0,合格,合格,5.948038467797733e-10,3.6766122176449988e-09,3.0818083708652257e-09,6.1636167417304513e-09,合格,合格,1.4831202784788896e-14,1.4831202784788896e-14,0,1.5863786068733394e-93,221.80796535129738,5.7769867860893953
vfix,88,K,0,合格,0,合格,合格,3.8731945636553987e-11,8.9774537015799827e-11,1.2850648265235382e-10,2.1417729589503908e-12,合格,合格,1.0001116237481882e-12,2.5010812021549975e-13,7.500035035326884e-13,5.5124498248812408e-97,20.232651688393791,18.437957421222329
vfix,88,K,4,合格,0,合格,合格,2.1237800786140595e-11,3.0164903631601494e-11,5.1402704417742089e-11,2.1417729589503908e-12,合格,合格,0,0,0,5.5124498248812408e-97,20.232651688393791,18.437957421222329
tfix,88,K,0,合格,0,合格,合格,1.4125045589775268e-10,4.2891305798443346e-10,5.7016351388218614e-10,2.2806540555287445e-09,合格,合格,5.1572715239428438e-12,1.28842700049527e-12,3.8688445234475739e-12,5.8698990462440142e-94,61.619252345532999,15.98453605605556
tfix,88,K,1,合格,0,合格,合格,4.3913107819403899e-09,1.5483497721680294e-09,2.8429610097723607e-09,5.6859220195447215e-09,合格,合格,5.4225177951285563e-21,5.4225177951285563e-21,0,1.4634305522415407e-93,61.619252345532999,15.98453605605556
tfix,88,K,2,合格,0,合格,合格,1.8208359197052947e-09,5.229996332661924e-10,1.2978362864391024e-09,2.5956725728782048e-09,合格,合格,8.1114767902443899e-16,8.1114767902443899e-16,0,6.6806870261466042e-94,61.619252345532999,15.98453605605556
tfix,88,K,3,合格,0,合格,合格,4.4449900741648379e-09,3.7478851999614266e-09,8.1928752741262645e-09,4.0964376370631323e-09,合格,合格,2.5602735231644575e-16,2.5602735231644575e-16,0,1.0543324324223403e-93,61.619252345532999,15.98453605605556
vfix,89,K,0,合格,0,合格,解像しない,5.7623717128069131e-08,5.7623717128069131e-08,0,2.7749563468137944e-07,合格,合格,1.0001280729008775e-12,2.5009130966895315e-13,7.5003676323192444e-13,7.1421238017419115e-92,10.760898907224213,15008.905082733756
vfix,89,K,4,合格,0,合格,解像しない,1.1750191482704151e-08,5.7623717163949771e-08,6.9373908646653917e-08,2.7749563468137944e-07,合格,合格,0,0,0,7.1421238017419115e-92,10.760898907224213,15008.905082733756
tfix,89,K,0,合格,0,合格,合格,6.1893535147359522e-11,6.1893535147359522e-11,7.4386751594992314e-14,1.0156271151102951e-10,合格,合格,2.0233323387227298e-12,5.05782303324927e-13,1.517550035397803e-12,2.6139995322277595e-95,2.1287689070333324,19962.162303918612
tfix,89,K,1,合格,0,合格,合格,1.4862092604352087e-10,1.4862092604352087e-10,3.8987367469533852e-13,5.3230752385070216e-10,合格,合格,5.1983156626045132e-19,5.1983156626045132e-19,0,1.3700418171643079e-94,2.1287689070333324,19962.162303918612
tfix,89,K,2,合格,0,合格,合格,2.8900444845795888e-11,2.8768268155596696e-11,5.7668713001392584e-11,1.1533742600278517e-10,合格,合格,1.126342050808449e-19,1.126342050808449e-19,0,2.9685302128517199e-95,2.1287689070333324,19962.162303918612
tfix,89,K,3,合格,0,合格,合格,9.5478152014775367e-11,3.87148455447893e-11,5.6763306469986067e-11,2.2705322587994427e-10,合格,合格,1.1352661293997214e-16,1.1352661293997214e-16,0,5.843847780457529e-95,2.1287689070333324,19962.162303918612
vfix,90,K,0,合格,0,合格,解像しない,1.4496375281865324e-09,1.4496375281865324e-09,0,1.0915441675860015e-08,合格,合格,1.0000938377521685e-12,2.5002345943804214e-13,7.5007037831412636e-13,2.809393232048442e-93,0.36672284324736792,195.66014728826724
vfix,90,K,4,合格,0,合格,解像しない,1.4496374896678297e-09,4.0080833701553396e-09,5.4577208598231688e-09,1.0915441675860017e-08,合格,合格,0,0,0,2.8093932320484424e-93,0.36672284324736792,195.66014728826724
tfix,90,K,0,合格,0,合格,合格,6.7611566442044336e-11,2.6512947860848116e-10,1.9751791216643685e-10,1.9751791216643685e-10,合格,合格,1.7035919924355179e-12,4.2604613654300426e-13,1.2775458558925136e-12,5.0836741391411076e-95,0.75388596446584144,111.13472721760978
tfix,90,K,1,合格,0,合格,合格,5.5778017840253876e-10,1.6347367573945044e-09,1.0769565789919657e-09,2.1539131579839314e-09,合格,合格,1.0517154091718414e-18,1.0517154091718414e-18,0,5.5436960117176178e-94,0.75388596446584144,111.13472721760978
tfix,90,K,2,合格,0,合格,合格,1.5663639742358771e-10,1.5663639742358771e-10,3.3809327717566585e-13,6.9241503165576367e-10,合格,合格,1.7310375791394091e-16,1.7310375791394091e-16,0,1.7821231256306859e-94,0.75388596446584144,111.13472721760978
tfix,90,K,3,合格,0,合格,合格,4.5630814971497185e-11,4.5630814971497185e-11,4.5026375148132636e-14,1.8442803260675128e-10,合格,合格,1.8442803260675128e-16,1.8442803260675128e-16,0,4.7467695947776982e-95,0.75388596446584144,111.13472721760978
vfix,91,K,0,合格,0,合格,合格,1.0040969765331939e-10,1.0040969765331939e-10,0,4.7321819766823441e-11,合格,合格,9.9995828347087183e-13,2.4998957086771796e-13,7.4996871260315387e-13,1.217958962440751e-95,554.41546710684406,129.49168115535645
vfix,91,K,4,合格,0,合格,合格,6.5216414392640555e-11,2.308428693668531e-10,1.6562645497421252e-10,4.7321819766823435e-11,合格,合格,0,0,0,1.2179589624407508e-95,554.41546710684406,129.49168115535645
tfix,91,K,0,合格,0,合格,合格,1.4050415928428556e-09,2.7662754185298448e-09,4.1713170113727002e-09,7.9453657359480002e-10,合格,合格,1.2226924696906979e-11,3.0563835644757968e-12,9.1705411324311811e-12,2.044961384758918e-94,768.63036296704502,12.187996922740467
tfix,91,K,1,合格,0,合格,合格,6.0923985430347927e-11,8.6904340497764699e-09,8.7513580352068186e-09,1.2501940050295456e-09,合格,合格,9.3764550377215909e-16,9.3764550377215909e-16,0,3.2177228194486343e-94,768.63036296704502,12.187996922740467
tfix,91,K,2,合格,0,合格,合格,2.547533171782646e-10,2.048691923690702e-08,2.0232165919728754e-08,2.8903094171041077e-09,合格,合格,7.2257735427602693e-16,7.2257735427602693e-16,0,7.4390170879625822e-94,768.63036296704502,12.187996922740467
tfix,91,K,3,合格,0,合格,合格,1.6454990701099976e-10,7.1573971088942182e-09,7.321947015905218e-09,1.0459924308436025e-09,合格,合格,1.9612358078317549e-15,1.9612358078317549e-15,0,2.6921531379575493e-94,768.63036296704502,12.187996922740467
vfix,92,K,0,合格,0,合格,解像しない,1.8310259967242982e-09,2.9193034889212002e-09,4.7503294856454984e-09,1.9001317666912117e-08,合格,合格,1.0000329875431504e-12,2.4995965441797693e-13,7.5007333312517337e-13,4.8905188483103203e-93,0.20618134072801297,18.750253186703119
vfix,92,K,4,合格,0,合格,解像しない,1.8310261738964197e-09,6.5813554837604588e-09,4.7503293098640397e-09,1.9001317666912123e-08,合格,合格,1.3899559121521096e-16,1.3899559121521096e-16,0,4.890518848310322e-93,0.20618134072801297,18.750253186703119
tfix,92,K,0,合格,0,合格,合格,1.4323464103703174e-11,1.4323464103703174e-11,6.526819736539546e-14,1.336692682043299e-10,合格,合格,1.9813795625927819e-12,4.9537830796524663e-13,1.4860012546275354e-12,3.4403512801191794e-95,0.14502972325929397,34.709032086243674
tfix,92,K,1,合格,0,合格,合格,7.5184405304880003e-11,8.5477362095128989e-11,1.6066176740000899e-10,3.2132353480001798e-10,合格,合格,3.2132353480001796e-16,3.2132353480001796e-16,0,8.2701570011726344e-95,0.14502972325929397,34.709032086243674
tfix,92,K,2,合格,0,合格,合格,8.7530905651717154e-11,3.3186026514448145e-11,5.4344879137269009e-11,2.1737951654907604e-10,合格,合格,1.0614234206497853e-19,1.0614234206497853e-19,0,5.5948679010354367e-95,0.14502972325929397,34.709032086243674
tfix,92,K,3,合格,0,合格,合格,1.8147678951759277e-11,7.4486946591916139e-11,9.2634625543675413e-11,1.8526925108735083e-10,合格,合格,2.261587537687388e-20,2.261587537687388e-20,0,4.7684206976487531e-95,0.14502972325929397,34.709032086243674
vfix,93,K,0,合格,0,解像しない,解像しない,5.1657401695315192e-07,1.0393441282820471e-06,1.5559181452351991e-06,6.2236725812912139e-06,合格,合格,1.0001063579848284e-12,2.5007015572542754e-13,7.5003620225940086e-13,1.6018356515094833e-90,0.28469399012833835,31173.123828842745
vfix,93,K,4,合格,0,不一致,解像しない,1.0393441283030738e-06,1.0393441283030738e-06,0,6.2236725812912131e-06,合格,合格,1.5822683856329719e-16,1.5822683856329719e-16,0,1.6018356515094831e-90,0.28469399012833835,31173.123828842745
tfix,93,K,0,合格,0,合格,合格,4.882846694959188e-11,3.5077254014092561e-11,1.3751212935499317e-11,5.5004851741997268e-11,合格,合格,2.3841302939051297e-12,5.9603257347628243e-13,1.7880977204288472e-12,1.4157032102104088e-95,0.27700569143108578,50319.853803826394
tfix,93,K,1,合格,0,合格,合格,4.7659264234765343e-11,1.9786530011347353e-10,2.4552456434823887e-10,7.0149875528068249e-11,合格,合格,1.370114756407583e-19,1.370114756407583e-19,0,1.8055026208737263e-95,0.27700569143108578,50319.853803826394
tfix,93,K,2,合格,0,合格,合格,1.0050057400036434e-12,7.106954422324704e-11,7.0064538483243396e-11,1.4012907696648679e-10,合格,合格,2.802581539329736e-16,2.802581539329736e-16,0,3.6066124682199432e-95,0.27700569143108578,50319.853803826394
tfix,93,K,3,合格,0,合格,合格,3.1176516065366876e-11,3.1176516065366876e-11,4.873701203478947e-14,9.9813400647248835e-11,合格,合格,1.2184253008697367e-20,1.2184253008697367e-20,0,2.5689761401617941e-95,0.27700569143108578,50319.853803826394
vfix,94,K,0,合格,0,合格,合格,1.3103292322045894e-10,9.115553453376524e-12,1.4014847667383547e-10,1.8686473715469415e-10,合格,合格,9.9986150546437573e-13,2.4989746944504909e-13,7.4996403601932658e-13,4.8094849797229712e-95,7487.9741202127234,103.61323492439988
vfix,94,K,4,合格,0,合格,合格,1.3103305676049674e-10,2.7118168056513329e-10,1.4014862380463652e-10,1.8686473715469415e-10,合格,合格,0,0,0,4.8094849797229712e-95,7487.9741202127234,103.61323492439988
tfix,94,K,0,合格,0,合格,解像しない,1.7270716861505367e-08,3.9976664518557283e-08,5.7247381380062647e-08,2.289895255202506e-08,合格,合格,1.4285225312673933e-10,3.5697678047938943e-11,1.0715457507880039e-10,5.8936838500022443e-93,5438.5106286247974,66.31116357121482
tfix,94,K,1,合格,0,合格,解像しない,2.0601641013239962e-09,2.9337677477281487e-08,3.139784157860548e-08,1.2559136631442192e-07,合格,合格,8.4626994879835084e-15,8.4626994879835084e-15,0,3.2324439542173095e-92,5438.5106286247974,66.31116357121482
tfix,94,K,2,合格,0,合格,解像しない,1.8041509627834035e-08,1.0498255742928273e-07,8.69410478014487e-08,4.9680598743684973e-08,合格,合格,6.7922693594881795e-15,6.7922693594881795e-15,0,1.278668715561857e-92,5438.5106286247974,66.31116357121482
tfix,94,K,3,合格,0,合格,解像しない,2.1424288243200257e-09,4.7081526704810794e-08,4.9223955529130822e-08,2.4611977764565411e-08,合格,合格,1.3075113187425375e-14,1.3075113187425375e-14,0,6.3345786466903526e-93,5438.5106286247974,66.31116357121482
vfix,95,K,0,合格,0,合格,合格,1.8869387810094574e-11,1.6376156551505226e-10,1.8263095332514683e-10,7.3052374229730154e-11,合格,合格,9.9984178772129801e-13,2.4981850459816645e-13,7.5002328312313146e-13,1.8802065169745305e-95,81.632180136668339,189.60926207983073
vfix,95,K,4,合格,0,合格,合格,1.8869433041690692e-11,5.4182883257888339e-11,7.3052316299579035e-11,7.3052374229730167e-11,合格,合格,0,0,0,1.8802065169745309e-95,81.632180136668339,189.60926207983073
tfix,95,K,0,合格,0,合格,合格,1.1387749748012852e-10,2.276139589887354e-10,3.414914564688639e-10,6.829829129377278e-10,合格,合格,4.2469584983750258e-12,1.0620384296181668e-12,3.1849200687568593e-12,1.7578469384847914e-94,1264.8953474623479,194.89348057575967
tfix,95,K,1,合格,0,合格,合格,1.3723954602210355e-10,9.5233674758829954e-10,8.1509720156619592e-10,8.1509720156619592e-10,合格,合格,2.0377430039154899e-16,2.0377430039154899e-16,0,2.0978798930381118e-94,1264.8953474623479,194.89348057575967
tfix,95,K,2,合格,0,合格,合格,3.112457877557599e-09,4.3408713132410094e-09,7.453329190798608e-09,1.7537245154820256e-09,合格,合格,1.3379856227737622e-20,1.3379856227737622e-20,0,4.5136989697528214e-94,1264.8953474623479,194.89348057575967
tfix,95,K,3,合格,0,合格,合格,2.2314436811694623e-09,4.2760323369926489e-10,2.6590469148687271e-09,1.5194553799249869e-09,合格,合格,0,0,0,3.9107420363954467e-94,1264.8953474623479,194.89348057575967
vfix,96,K,0,合格,0,合格,合格,8.0521105301458318e-11,3.0469791394532229e-10,3.8521901924678062e-10,3.9509649686006342e-11,合格,合格,1.0001759276147512e-12,2.5013533885725144e-13,7.5004058875749976e-13,1.0168909854921254e-95,1322.9821426045326,3.3312302513966188
vfix,96,K,4,合格,0,合格,合格,1.3678202899839172e-10,1.137920429143595e-11,1.4816123328982766e-10,3.9509649686006336e-11,合格,合格,0,0,0,1.0168909854921252e-95,1322.9821426045326,3.3312302513966188
tfix,96,K,0,合格,0,合格,解像しない,4.4544358505282364e-08,8.3161463071101069e-08,3.8617104565818705e-08,1.0297894550884987e-08,合格,合格,6.2078234554991722e-10,1.5515145830028272e-10,4.6563088724963445e-10,2.6504502625474736e-93,563.62466478388501,9.4460622121049482
tfix,96,K,1,合格,0,解像しない,解像しない,7.5650149535593326e-09,1.8652144639113616e-07,1.9408646134469549e-07,2.5878194845959397e-08,合格,合格,6.4695487114898496e-15,6.4695487114898496e-15,0,6.6604749140525361e-93,563.62466478388501,9.4460622121049482
tfix,96,K,2,合格,0,解像しない,解像しない,6.8842071032301768e-08,1.3522018247995247e-07,2.0406225351225425e-07,1.7367000298915253e-08,合格,合格,2.4965062929690679e-14,2.4965062929690679e-14,0,4.4698817097487368e-93,563.62466478388501,9.4460622121049482
tfix,96,K,3,合格,0,合格,解像しない,4.6307664144199313e-09,9.984966595460224e-08,9.521889954018231e-08,1.4106503635582564e-08,合格,合格,3.3502946134508593e-14,3.3502946134508593e-14,0,3.6307019925100686e-93,563.62466478388501,9.4460622121049482
vfix,97,K,0,合格,0,合格,合格,1.4450984016398531e-10,1.7366972733621904e-11,1.6187681289760722e-10,1.6187676187054979e-10,合格,合格,1.0000000809129706e-12,2.4990611762893321e-13,7.5009396328403742e-13,4.1663497706262872e-95,5938.1898712494303,8.2003150867449222
vfix,97,K,4,合格,0,合格,合格,1.7366968702332793e-11,9.8305471926790669e-11,8.0938503224457878e-11,1.6187676187054979e-10,合格,合格,0,0,0,4.1663497706262872e-95,5938.1898712494303,8.2003150867449222
tfix,97,K,0,合格,0,解像しない,解像しない,1.3270130341372854e-07,2.3942176060746973e-07,3.7212306402119829e-07,5.9539690243391724e-08,合格,合格,5.3005302269945487e-10,1.3252151215534668e-10,3.9753151054410822e-10,1.5324199219347331e-92,2093.3159496024959,0.034278134153737483
tfix,97,K,1,合格,0,解像しない,解像しない,7.9092086723622596e-07,3.8386184483728495e-06,4.6295393156090759e-06,7.1223681778601161e-07,合格,合格,3.8776565030830224e-14,3.8776565030830224e-14,0,1.8331400184464708e-91,2093.3159496024959,0.034278134153737483
tfix,97,K,2,合格,0,解像しない,解像しない,1.3526871571187549e-08,8.0574376835853764e-07,8.1927063992972511e-07,1.8206014220660559e-07,合格,合格,2.2224138452954783e-14,2.2224138452954783e-14,0,4.6858253337762062e-92,2093.3159496024959,0.034278134153737483
tfix,97,K,3,合格,0,合格,解像しない,1.4299629931061989e-07,1.4299629931061989e-07,2.3992775054143124e-13,6.2895620237932952e-08,合格,合格,2.4077229622333706e-14,2.4077229622333706e-14,0,1.6187941365003536e-92,2093.3159496024959,0.034278134153737483
vfix,98,K,0,合格,0,合格,合格,1.7184200277114608e-11,1.7184200277114608e-11,0,4.4773828886735025e-09,合格,合格,1.0002697016212146e-12,2.5024024325285399e-13,7.5002945836836065e-13,1.1523793134772787e-93,3.2218540085210918,190.15391474467353
vfix,98,K,4,合格,0,合格,合格,1.7184368218946075e-11,1.7184368218946075e-11,0,4.4773828886735017e-09,合格,合格,1.5656882738935524e-16,1.5656882738935524e-16,0,1.1523793134772785e-93,3.2218540085210918,190.15391474467353
tfix,98,K,0,合格,0,合格,合格,1.4386464952925823e-10,2.7753779584507781e-10,4.2140244537433603e-10,7.6618626431697456e-11,合格,合格,1.5971918865951652e-12,3.9933628096200717e-13,1.1978556056331581e-12,1.9719939599154998e-95,4.4840058586921465,65.227324878459314
tfix,98,K,1,合格,0,合格,合格,8.1692261137753694e-11,3.2888750781503913e-10,2.471952466772854e-10,1.6479683111819028e-10,合格,合格,3.2186881077771539e-19,3.2186881077771539e-19,0,4.2415058937136071e-95,4.4840058586921465,65.227324878459314
tfix,98,K,2,合格,0,合格,合格,5.7941723123993322e-11,1.1236340946255527e-10,1.7030513258654859e-10,8.5152566293274294e-11,合格,合格,1.7030513258654861e-16,1.7030513258654861e-16,0,2.1916386944281178e-95,4.4840058586921465,65.227324878459314
tfix,98,K,3,合格,0,合格,合格,1.9175574907275484e-10,5.0437050129195421e-10,6.96126250364709e-10,2.3204208345490302e-10,合格,合格,4.5320719424785742e-19,4.5320719424785742e-19,0,5.9722499388212988e-95,4.4840058586921465,65.227324878459314
vfix,99,K,0,合格,0,合格,合格,6.9954307497563795e-11,7.4701581450507777e-11,1.4465588894807158e-10,2.6301079363633736e-11,合格,合格,1.0001580292770607e-12,2.5013347180905072e-13,7.500245574680101e-13,6.7693160344736898e-96,19.665704692428449,54.326874201262484
vfix,99,K,4,合格,0,合格,合格,7.4701663543478518e-11,6.9954278389503817e-11,1.4465594193298234e-10,2.6301079363633736e-11,合格,合格,1.2797911184727568e-16,1.2797911184727568e-16,0,6.7693160344736898e-96,19.665704692428449,54.326874201262484
tfix,99,K,0,合格,0,合格,合格,8.4015979275807487e-11,1.5400311323880378e-10,2.3801909251461128e-10,1.9041527401168902e-10,合格,合格,4.5000841707182465e-12,1.1242117777650119e-12,3.3758723929532346e-12,4.9008679444475207e-95,88.652296476925898,21.706625634635643
tfix,99,K,1,合格,0,合格,合格,5.9493831285543481e-09,7.6928661008731195e-10,6.7186697386416598e-09,1.0749871581826656e-09,合格,合格,1.3437339477283321e-16,1.3437339477283321e-16,0,2.7667791523419243e-94,88.652296476925898,21.706625634635643
tfix,99,K,2,合格,0,合格,合格,4.0293485365101728e-11,1.761777369875513e-10,1.3588425162244956e-10,1.8117900216326611e-10,合格,合格,8.8466309650032273e-20,8.8466309650032273e-20,0,4.6631467381888245e-95,88.652296476925898,21.706625634635643
tfix,99,K,3,合格,0,合格,合格,9.8953092616159671e-09,9.8967090053253705e-10,8.9056383610834312e-09,1.781127672216686e-09,合格,合格,5.5660239756771441e-16,5.5660239756771441e-16,0,4.584228633465263e-94,88.652296476925898,21.706625634635643
vfix,100,K,0,合格,0,合格,解像しない,1.6944274440094891e-08,1.6944274440094891e-08,0,5.9112084309452607e-07,合格,合格,9.9962721024882378e-13,2.4969952570080516e-13,7.4992768454801857e-13,1.5214142910819838e-91,0.21096545850437723,906.86770456805004
vfix,100,K,4,合格,0,合格,解像しない,1.6944274590939951e-08,1.6944274590939951e-08,0,5.9112084309452618e-07,合格,合格,1.5909537222347749e-16,1.5909537222347749e-16,0,1.5214142910819841e-91,0.21096545850437723,906.86770456805004
tfix,100,K,0,合格,0,合格,合格,8.1756902641591481e-11,5.5386341391363533e-11,1.3714324403295502e-10,1.0971459522636401e-10,合格,合格,2.152600358341262e-12,5.3825980418054189e-13,1.6143405541607202e-12,2.8238109866644141e-95,0.1910369007889226,467.96278570230589
tfix,100,K,1,合格,0,合格,合格,4.7615738970797915e-11,2.2514503364252031e-10,2.7276077261331824e-10,1.0910430904532729e-10,合格,合格,2.6636794200519357e-20,2.6636794200519357e-20,0,2.808103570349699e-95,0.1910369007889226,467.96278570230589
tfix,100,K,2,合格,0,合格,合格,4.1759171910519351e-10,4.1759171910519351e-10,6.1935338898087707e-13,6.3421787031641812e-10,合格,合格,6.3421787031641809e-16,6.3421787031641809e-16,0,1.6323365058617641e-94,0.1910369007889226,467.96278570230589
tfix,100,K,3,合格,0,合格,合格,7.6159463621680377e-11,3.7771353996540346e-10,3.0155407634372307e-10,1.7231661505355604e-10,合格,合格,3.4463323010711208e-16,3.4463323010711208e-16,0,4.4350484980518659e-95,0.1910369007889226,467.96278570230589
vfix,101,K,0,合格,0,合格,合格,1.9502849755738296e-12,6.9687421594765011e-11,6.7737136619191183e-11,6.7737128479567809e-11,合格,合格,1.0001665108950923e-12,2.501267434486308e-13,7.5003976744646137e-13,1.7434038489688512e-95,139.05638270059131,90.115433706321667
vfix,101,K,4,合格,0,合格,合格,1.9502067719802473e-12,2.0516164200242738e-10,2.0321143523044714e-10,6.7737128479567809e-11,合格,合格,1.8401649103418072e-16,1.8401649103418072e-16,0,1.7434038489688512e-95,139.05638270059131,90.115433706321667
tfix,101,K,0,合格,0,合格,合格,1.3055825039464745e-11,5.8385078049261624e-11,7.1440903088726377e-11,1.4288180617745275e-10,合格,合格,1.6958641575201867e-12,4.2364455531614737e-13,1.2722196022040393e-12,3.6774616289282341e-95,40.095377813922184,753.24787128261744
tfix,101,K,1,合格,0,合格,合格,4.086754275490378e-11,4.086754275490378e-11,9.3307329884340436e-15,1.5287472928250337e-10,合格,合格,3.0574945856500678e-16,3.0574945856500678e-16,0,3.9346573647801027e-95,40.095377813922184,753.24787128261744
tfix,101,K,2,合格,0,合格,合格,2.2058758356679401e-11,1.8677562605540264e-10,2.0883438441208203e-10,4.1766876882416407e-10,合格,合格,2.0883438441208204e-16,2.0883438441208204e-16,0,1.0749870204222967e-94,40.095377813922184,753.24787128261744
tfix,101,K,3,合格,0,合格,合格,7.6140299997919132e-13,2.1091955921835934e-10,2.1015815621838015e-10,4.203163124367603e-10,合格,合格,6.4135179510003707e-21,6.4135179510003707e-21,0,1.0818012120305304e-94,40.095377813922184,753.24787128261744
vfix,102,K,0,合格,0,合格,合格,7.6524838567556211e-11,2.2075579842867347e-10,2.9728063699622966e-10,2.3782452091015017e-10,合格,合格,9.9999628904268382e-13,2.4999907226067096e-13,7.4999721678201277e-13,6.1210770878632073e-95,452.35439380089758,4.4438776338653838
vfix,102,K,4,合格,0,合格,合格,1.7068665347703591e-11,1.3598093115062492e-10,1.1891226580292133e-10,2.3782452091015017e-10,合格,合格,0,0,0,6.1210770878632073e-95,452.35439380089758,4.4438776338653838
tfix,102,K,0,合格,0,合格,解像しない,1.1405251425990861e-08,4.1506708627991232e-09,7.2545805631917372e-09,1.4509161126383474e-08,合格,合格,1.1648362622417332e-10,2.9116032384727437e-11,8.7367593839445896e-11,3.7343371236464874e-93,682.22158419074663,5.2783743494782129
tfix,102,K,1,合格,0,合格,解像しない,1.5772677777793318e-09,2.1552268625757891e-08,2.3129536403537223e-08,2.3129536403537223e-08,合格,合格,7.2279801261053824e-16,7.2279801261053824e-16,0,5.9530310327452546e-93,682.22158419074663,5.2783743494782129
tfix,102,K,2,合格,0,合格,解像しない,6.696262940238006e-09,1.196363704188263e-08,1.8659899982120638e-08,2.4879866642827517e-08,合格,合格,1.5161168735473017e-14,1.5161168735473017e-14,0,6.4035273181119617e-93,682.22158419074663,5.2783743494782129
tfix,102,K,3,合格,0,合格,解像しない,9.4852630034413027e-09,1.117975439134236e-08,2.0665017394783662e-08,2.7553356526378215e-08,合格,合格,1.3346157067464448e-14,1.3346157067464448e-14,0,7.0916244751338315e-93,682.22158419074663,5.2783743494782129
vfix,103,K,0,合格,0,合格,合格,4.4795441366034189e-11,1.2946948877446944e-10,1.7426493014050362e-10,2.3235304102234437e-10,合格,合格,1.0001986354038342e-12,2.5034052700782278e-13,7.4985810839601147e-13,5.980253298752725e-95,1.0316257715453967,1.3670882199566414
vfix,103,K,4,合格,0,合格,合格,1.329265734495808e-11,2.1906038617256189e-10,2.3235304351751998e-10,2.3235304102234429e-10,合格,合格,0,0,0,5.980253298752723e-95,1.0316257715453967,1.3670882199566414
tfix,103,K,0,合格,0,合格,合格,8.0837152632992958e-11,6.0758840768641229e-11,1.415959934016342e-10,1.415959934016342e-10,合格,合格,7.1973243446050656e-13,1.7982691162007543e-13,5.3990552284043116e-13,3.6443676523642354e-95,4.0801024731856987,1.764788586595107
tfix,103,K,1,合格,0,合格,合格,1.9658852813016981e-12,1.6407172293674713e-10,1.6603760821804883e-10,2.2138347762406509e-10,合格,合格,0,0,0,5.6979210021329092e-95,4.0801024731856987,1.764788586595107
tfix,103,K,2,合格,0,合格,合格,9.4654244826802706e-11,2.8520487379831224e-10,3.7985911862511491e-10,1.8992955931255745e-10,合格,合格,1.8992955931255746e-16,1.8992955931255746e-16,0,4.8883667225183663e-95,4.0801024731856987,1.764788586595107
tfix,103,K,3,合格,0,合格,合格,1.3908533947568757e-10,4.6624993270174329e-11,1.8571033274586192e-10,7.4284133098344767e-10,合格,合格,3.6271549364426155e-19,3.6271549364426155e-19,0,1.911909265537189e-94,4.0801024731856987,1.764788586595107
vfix,104,K,0,合格,0,合格,解像しない,5.0857780352285691e-10,5.0857780352285691e-10,0,2.3555608384443966e-07,合格,合格,9.9983676195032097e-13,2.4981442088808553e-13,7.5002234106223544e-13,6.0626925356940635e-92,0.066553362891439913,107.44069894815404
vfix,104,K,4,合格,0,合格,解像しない,5.0857787783884887e-10,5.0857787783884887e-10,0,2.3555608384443971e-07,合格,合格,1.6538929730518477e-16,1.6538929730518477e-16,0,6.0626925356940649e-92,0.066553362891439913,107.44069894815404
tfix,104,K,0,合格,0,合格,合格,1.4148538104858697e-10,1.4148538104858697e-10,3.3694491709914454e-13,6.9006319021904801e-10,合格,合格,3.0700911332845448e-12,7.6752278332113619e-13,2.3025683499634088e-12,1.7760700060122903e-94,0.058871317546061397,109.02862865647388
tfix,104,K,1,合格,0,合格,合格,1.5073554959186243e-10,3.6585483689064576e-11,1.8732103328092703e-10,3.7464206656185406e-10,合格,合格,1.829306965634053e-19,1.829306965634053e-19,0,9.6424580653222916e-95,0.058871317546061397,109.02862865647388
tfix,104,K,2,合格,0,合格,合格,3.8221553218669196e-10,1.1059632607776153e-09,1.4881787929643073e-09,1.9842383906190763e-09,合格,合格,1.2401489941369227e-16,1.2401489941369227e-16,0,5.1069906934725267e-94,0.058871317546061397,109.02862865647388
tfix,104,K,3,合格,0,合格,合格,6.995852762479501e-11,8.6127073689027658e-10,7.9131220926548156e-10,1.5826244185309631e-09,合格,合格,7.7276582936082186e-19,7.7276582936082186e-19,0,4.0733251684432427e-94,0.058871317546061397,109.02862865647388
vfix,105,K,0,合格,0,不一致,解像しない,1.6802023329453779e-06,1.6802023329453779e-06,0,8.9289151778211363e-06,合格,合格,1.0000119428300221e-12,2.5000298570750552e-13,7.5000895712251657e-13,2.2981052544654732e-90,2.1999786100398984,72226.480272954912
vfix,105,K,4,合格,0,解像しない,解像しない,5.5202646157464306e-07,1.6802023329077578e-06,2.232228794482401e-06,8.9289151778211363e-06,合格,合格,1.1567371781957949e-16,1.1567371781957949e-16,0,2.2981052544654732e-90,2.1999786100398984,72226.480272954912
tfix,105,K,0,合格,0,合格,合格,6.043732927948192e-11,4.9274968087609586e-12,5.5509832470720961e-11,2.2203932988288384e-10,合格,合格,2.1240282296596671e-12,5.3089603774997528e-13,1.5931321919096917e-12,5.7148011884951702e-95,0.75803908861430647,43528.719261366161
tfix,105,K,1,合格,0,合格,合格,5.6262486857339959e-12,1.3992028581985492e-10,1.3429403713412091e-10,2.6858807426824181e-10,合格,合格,1.3429403713412091e-16,1.3429403713412091e-16,0,6.9128629007004537e-95,0.75803908861430647,43528.719261366161
tfix,105,K,2,合格,0,合格,合格,1.1725034825654847e-10,2.8318584306421588e-10,4.0043619132076435e-10,2.2882068075472248e-10,合格,合格,2.2882068075472247e-16,2.2882068075472247e-16,0,5.8893381592310633e-95,0.75803908861430647,43528.719261366161
tfix,105,K,3,合格,0,合格,合格,1.8222572743989396e-09,5.0672981743875558e-09,6.8895554487864952e-09,5.5116443590291958e-09,合格,合格,2.755822179514598e-15,2.755822179514598e-15,0,1.4185753375384693e-93,0.75803908861430647,43528.719261366161
vfix,106,K,0,合格,0,解像しない,解像しない,7.2307195397811955e-08,7.1669417096617695e-08,1.4397661249442964e-07,2.8795322496997594e-07,合格,合格,9.999887180656142e-13,2.5004796098695329e-13,7.4994075707866086e-13,7.411279043029972e-92,14.52315146128495,2586.6324828255101
vfix,106,K,4,合格,0,合格,解像しない,7.1669417237267265e-08,7.1669417237267265e-08,0,2.8795322496997589e-07,合格,合格,1.3115140882090754e-16,1.3115140882090754e-16,0,7.4112790430299707e-92,14.52315146128495,2586.6324828255101
tfix,106,K,0,合格,0,合格,合格,1.1120255904731473e-11,1.2531158260967014e-10,1.1419132670493866e-10,1.5225510227325154e-10,合格,合格,2.0144872581773915e-12,5.0365987831991617e-13,1.5108273798574752e-12,3.9187095362095346e-95,0.66035051972185277,9175.6559459053478
tfix,106,K,1,合格,0,合格,合格,8.2582562452816484e-11,6.6468009544816409e-11,1.4905057199763288e-10,1.9873409599684385e-10,合格,合格,3.9746819199368768e-16,3.9746819199368768e-16,0,5.1149760206731069e-95,0.66035051972185277,9175.6559459053478
tfix,106,K,2,合格,0,合格,合格,2.5642906909474791e-11,2.3425317593035648e-10,2.5989608283983126e-10,2.5989608283983126e-10,合格,合格,1.2690238419913637e-19,1.2690238419913637e-19,0,6.6891502684759247e-95,0.66035051972185277,9175.6559459053478
tfix,106,K,3,合格,0,合格,合格,8.1004987713717858e-11,8.1004987713717858e-11,3.192417004480223e-14,5.2304560201403974e-10,合格,合格,2.5539336035841782e-19,2.5539336035841782e-19,0,1.3462036791426222e-94,0.66035051972185277,9175.6559459053478
vfix,107,K,0,合格,0,合格,解像しない,3.8176096921267861e-09,2.3744688050215132e-09,6.1920784971482993e-09,1.2384157017557283e-08,合格,合格,1.0001181619253412e-12,2.50171039938314e-13,7.4994712198702724e-13,3.1874080722445371e-93,12187.536916400615,104056.58747541484
vfix,107,K,4,合格,0,合格,解像しない,7.2157049037656005e-10,2.3744687770234686e-09,3.0960392674000289e-09,1.2384157017557283e-08,合格,合格,1.4235127330817491e-16,1.4235127330817491e-16,0,3.1874080722445371e-93,12187.536916400615,104056.58747541484
tfix,107,K,0,合格,0,合格,合格,3.2664142442763414e-10,1.460610423893911e-09,1.787251848321545e-09,2.3830024644287266e-09,合格,合格,2.5636638387632294e-12,6.4102766293132744e-13,1.922636175831902e-12,6.1333212107455541e-94,8698.2165832451392,104208.853095375
tfix,107,K,1,合格,0,合格,合格,5.1331714739846648e-10,7.5351331275733629e-11,5.8866847867420013e-10,2.3546739146968005e-09,合格,合格,7.1858945150659188e-20,7.1858945150659188e-20,0,6.0604097901599548e-94,8698.2165832451392,104208.853095375
tfix,107,K,2,合格,0,合格,合格,3.8250720310758412e-10,5.0577591155632637e-11,4.3308479426321676e-10,1.732339177052867e-09,合格,合格,2.1654239713160839e-16,2.1654239713160839e-16,0,4.4586578391856426e-94,8698.2165832451392,104208.853095375
tfix,107,K,3,合格,0,合格,合格,9.8005751388181044e-10,9.8005751388181044e-10,1.2741840420698015e-12,5.2190578363179071e-09,合格,合格,1.2741840420698015e-18,1.2741840420698015e-18,0,1.3432700387605416e-93,8698.2165832451392,104208.853095375
vfix,108,K,0,合格,0,解像しない,解像しない,4.621575510016503e-06,2.5356084240782653e-05,2.073450873076615e-05,8.2938034923013955e-05,合格,合格,9.9994925493939691e-13,2.4991695423196862e-13,7.5003230070742825e-13,2.1346415556176246e-89,0.25875711537589152,62537.735512944557
vfix,108,K,4,合格,0,解像しない,解像しない,4.621575510043021e-06,1.6112933220692727e-05,2.0734508730735748e-05,8.2938034923013955e-05,合格,合格,1.2451594111221587e-16,1.2451594111221587e-16,0,2.1346415556176246e-89,0.25875711537589152,62537.735512944557
tfix,108,K,0,合格,0,合格,合格,7.1455257768583836e-11,1.3040695016447621e-10,2.0186220793306004e-10,7.3404439248385468e-11,合格,合格,2.086888207831599e-12,5.2175875417752389e-13,1.5651294536540749e-12,1.8892678917683574e-95,0.031349524067309016,118470.18676254567
tfix,108,K,1,合格,0,合格,合格,1.0357927663301342e-10,9.0217142716478829e-11,1.9379641934949224e-10,1.2919761289966148e-10,合格,合格,1.2616954384732567e-19,1.2616954384732567e-19,0,3.3252607641140249e-95,0.031349524067309016,118470.18676254567
tfix,108,K,2,合格,0,合格,合格,7.9219479120632646e-12,7.9219479120632646e-12,2.3397320588282045e-14,1.9167085025920651e-10,合格,合格,1.8717856470625634e-19,1.8717856470625634e-19,0,4.933183699657843e-95,0.031349524067309016,118470.18676254567
tfix,108,K,3,合格,0,合格,合格,7.1180894621356396e-13,4.9505951132501197e-11,4.8794142186287634e-11,9.7588284372575267e-11,合格,合格,1.9517656874515053e-16,1.9517656874515053e-16,0,2.5117065693260703e-95,0.031349524067309016,118470.18676254567
vfix,109,K,0,合格,0,解像しない,解像しない,9.8403587857065218e-07,6.3498146747216789e-07,1.61901734604282e-06,3.2380346922216548e-06,合格,合格,1.0001477858354265e-12,2.5017173726557303e-13,7.4997604856985364e-13,8.3339850274531761e-91,0.61457180038051618,33651.1141207365
vfix,109,K,4,合格,0,解像しない,解像しない,1.7452720561339208e-07,9.8403587868502174e-07,8.0950867307162982e-07,3.2380346922216544e-06,合格,合格,1.2614426690066166e-16,1.2614426690066166e-16,0,8.333985027453175e-91,0.61457180038051618,33651.1141207365
tfix,109,K,0,合格,0,合格,合格,2.298814287982796e-11,8.6343840758657542e-11,1.093319836384855e-10,1.093319836384855e-10,合格,合格,1.8610490254943001e-12,4.6487959443084033e-13,1.3961694310634598e-12,2.813963410749402e-95,1.3716062158961673,117881.1031168723
tfix,109,K,1,合格,0,合格,合格,2.0920735790255708e-11,5.9716290759056634e-11,3.8795554968800923e-11,1.5518221987520369e-10,合格,合格,1.5518221987520369e-16,1.5518221987520369e-16,0,3.9940470683455058e-95,1.3716062158961673,117881.1031168723
tfix,109,K,2,合格,0,合格,合格,4.7043057229598604e-11,4.7043057229598604e-11,4.5804720384560048e-14,1.8761613469515796e-10,合格,合格,3.752322693903159e-16,3.752322693903159e-16,0,4.8288242902835816e-95,1.3716062158961673,117881.1031168723
tfix,109,K,3,合格,0,合格,合格,1.0141441922463602e-10,2.0725715115992588e-11,1.221401343406286e-10,2.442802686812572e-10,合格,合格,7.4548421838762582e-21,7.4548421838762582e-21,0,6.2872337550374737e-95,1.3716062158961673,117881.1031168723
vfix,110,K,0,合格,0,合格,合格,1.0118362299442134e-10,8.4814503969154129e-11,1.8599812696357548e-10,7.4399240118598349e-11,合格,合格,1.0000581078908509e-12,2.5012384683584029e-13,7.4993426105501064e-13,1.9148718656157259e-95,406.26967078802676,36.959068407383654
vfix,110,K,4,合格,0,合格,合格,8.4814583135302959e-11,8.4814583135302959e-11,0,7.4399240118598362e-11,合格,合格,1.3030015061106555e-16,1.3030015061106555e-16,0,1.9148718656157263e-95,406.26967078802676,36.959068407383654
tfix,110,K,0,合格,0,合格,合格,1.0109440367377348e-11,8.4932108726792862e-11,7.4822668359415516e-11,1.4964533671883103e-10,合格,合格,2.7316259764655417e-11,6.831309621214637e-12,2.048495014344078e-11,3.8515399437775869e-95,52.970521937755684,10.495076763423818
tfix,110,K,1,合格,0,合格,合格,3.5954944718451347e-11,6.0430595059660673e-09,6.0071045612476164e-09,2.1077559864026724e-10,合格,合格,2.1077559864026723e-16,2.1077559864026723e-16,0,5.4248976622768738e-95,52.970521937755684,10.495076763423818
tfix,110,K,2,合格,0,合格,合格,8.5163199757764304e-09,2.1700997466875133e-08,3.021731744265156e-08,4.6488180681002403e-10,合格,合格,2.0919681306451083e-15,2.0919681306451083e-15,0,1.1965029364252746e-94,52.970521937755684,10.495076763423818
tfix,110,K,3,合格,0,合格,合格,2.0519772531797581e-09,6.7249350021878677e-09,8.7769122553676254e-09,2.3405099347647002e-10,合格,合格,3.5107649021470503e-16,3.5107649021470503e-16,0,6.023954838961677e-95,52.970521937755684,10.495076763423818
vfix,111,K,0,合格,0,合格,合格,2.7575576279739902e-12,2.4869804538499783e-10,2.514556030129718e-10,1.0058224909051387e-09,合格,合格,9.9977800255929022e-13,2.4978113822110371e-13,7.4999686433818651e-13,2.5887645983581922e-94,166.94007012926062,84.05451485438266
vfix,111,K,4,合格,0,合格,合格,5.0566877498622216e-10,2.5421315353523843e-10,2.5145562145098378e-10,1.0058224909051387e-09,合格,合格,1.2850834580364536e-16,1.2850834580364536e-16,0,2.5887645983581922e-94,166.94007012926062,84.05451485438266
tfix,111,K,0,合格,0,合格,合格,1.7524570730095961e-10,9.2512656897471546e-11,2.6775836419843114e-10,1.5300477954196066e-10,合格,合格,3.1855595100636209e-13,8.0021499700445423e-14,2.3853445130591668e-13,3.938004570780511e-95,100.70331699690989,11.06297091748219
tfix,111,K,1,合格,0,合格,合格,1.7392879622978153e-12,1.0615808636608206e-09,1.0633201516231185e-09,3.0380575760660531e-10,合格,合格,1.5190287880330265e-16,1.5190287880330265e-16,0,7.8192881664598276e-95,100.70331699690989,11.06297091748219
tfix,111,K,2,合格,0,合格,合格,3.0121859609398737e-10,3.3921878055459115e-11,2.6729671803852824e-10,2.138373744308226e-10,合格,合格,2.138373744308226e-16,2.138373744308226e-16,0,5.5037009983164876e-95,100.70331699690989,11.06297091748219
tfix,111,K,3,合格,0,合格,合格,5.7142843423765328e-11,3.8680345234260342e-10,4.4394629576636871e-10,2.9596419717757918e-10,合格,合格,1.8064221019139353e-20,1.8064221019139353e-20,0,7.6174637469612994e-95,100.70331699690989,11.06297091748219
vfix,112,K,0,合格,0,合格,合格,5.0897805438092744e-10,5.0332213400475994e-10,1.0123001883856873e-09,4.0492006896198634e-09,合格,合格,9.997857330543813e-13,2.4976544381155796e-13,7.5002028924282334e-13,1.0421746870565952e-93,18.789591321840515,538.74934507214152
vfix,112,K,4,合格,0,合格,合格,5.0897789859084322e-10,1.5212781250351347e-09,1.0123002264442914e-09,4.0492006896198642e-09,合格,合格,1.6297065779313523e-16,1.6297065779313523e-16,0,1.0421746870565954e-93,18.789591321840515,538.74934507214152
tfix,112,K,0,合格,0,合格,合格,8.7194885302530976e-11,2.1612631680981597e-11,6.5582253621549377e-11,1.3116450724309875e-10,合格,合格,1.9611717122988125e-12,4.9016176356746003e-13,1.4710099487313525e-12,3.3758842736402362e-95,23.072465216432228,1145.4078431127243
tfix,112,K,1,合格,0,合格,合格,2.71429939426285e-11,2.71429939426285e-11,5.8674583898747443e-14,2.4033109564926952e-10,合格,合格,1.2016554782463478e-16,1.2016554782463478e-16,0,6.1855907769728206e-95,23.072465216432228,1145.4078431127243
tfix,112,K,2,合格,0,合格,合格,1.1859374128680212e-11,1.6693252294242849e-10,1.5507314881374825e-10,2.0676419841833103e-10,合格,合格,2.0676419841833101e-16,2.0676419841833101e-16,0,5.3216530939927666e-95,23.072465216432228,1145.4078431127243
tfix,112,K,3,合格,0,合格,合格,8.3620509985167697e-11,2.5609608563439133e-11,5.801090142172856e-11,2.3204360568691424e-10,合格,合格,4.640872113738285e-16,4.640872113738285e-16,0,5.9722891177060104e-95,23.072465216432228,1145.4078431127243
vfix,113,K,0,合格,0,合格,合格,6.8595972604739612e-11,6.8595972604739612e-11,0,1.3193180934777884e-10,合格,合格,1.0000995994375601e-12,2.4997553660176724e-13,7.5012406283579288e-13,3.3956329325020401e-95,3377.0085993012954,1082.1340870352778
vfix,113,K,4,合格,0,合格,合格,2.6299708256939076e-12,6.8595936068964368e-11,6.5965965243270454e-11,1.3193180934777884e-10,合格,合格,0,0,0,3.3956329325020401e-95,3377.0085993012954,1082.1340870352778
tfix,113,K,0,合格,0,合格,合格,5.601415712285749e-11,2.959337920354374e-10,2.3991963491257989e-10,2.3991963491257989e-10,合格,合格,6.6145843345398285e-13,1.6578446772459271e-13,4.9567396572939007e-13,6.1750006877832466e-95,2048.4752537576046,19.000154879355478
tfix,113,K,1,合格,0,合格,合格,3.5909219098808892e-09,7.4294716837981743e-09,1.1020393593679063e-08,1.5200542887833191e-09,合格,合格,3.8001357219582976e-16,3.8001357219582976e-16,0,3.9122834953150005e-94,2048.4752537576046,19.000154879355478
tfix,113,K,2,合格,0,合格,合格,9.3042595978334016e-11,1.6608037984093892e-09,1.5677612024310552e-09,4.4793177212315865e-10,合格,合格,2.2396588606157931e-16,2.2396588606157931e-16,0,1.1528772965782145e-94,2048.4752537576046,19.000154879355478
tfix,113,K,3,合格,0,合格,合格,1.5436887026674906e-10,2.7528529674419316e-10,4.2965416701094225e-10,2.8643611134062815e-10,合格,合格,2.8643611134062817e-16,2.8643611134062817e-16,0,7.3722318941457989e-95,2048.4752537576046,19.000154879355478
vfix,114,K,0,合格,0,合格,解像しない,1.4932052955617763e-09,6.09497378994849e-09,7.5881790855102663e-09,1.5176358022166251e-08,合格,合格,9.9996581364162217e-13,2.4999145341040554e-13,7.4997436023121663e-13,3.9060588458742946e-93,2.135400519789096,216.92541308475765
vfix,114,K,4,合格,0,合格,解像しない,1.4932052232632685e-09,9.0813842485949639e-09,7.5881790253316955e-09,1.5176358022166251e-08,合格,合格,1.1617478683442619e-16,1.1617478683442619e-16,0,3.9060588458742946e-93,2.135400519789096,216.92541308475765
tfix,114,K,0,合格,0,合格,合格,9.4935838390537376e-11,3.4271408528645497e-10,4.3764992367699235e-10,1.1670664631386463e-10,合格,合格,1.8243582951783318e-12,4.5597286714826912e-13,1.3683854280300627e-12,3.0037709148714742e-95,0.32341739165931505,923.13112374096875
tfix,114,K,1,合格,0,合格,合格,5.6601158271676525e-11,5.6601158271676525e-11,6.5295309125566552e-14,1.337247930891603e-10,合格,合格,1.3372479308916031e-16,1.3372479308916031e-16,0,3.4417803678307446e-95,0.32341739165931505,923.13112374096875
tfix,114,K,2,合格,0,合格,合格,2.3535510508948614e-11,3.2210742384176791e-11,5.5746252893125405e-11,2.2298501157250162e-10,合格,合格,1.0887940018188554e-19,1.0887940018188554e-19,0,5.7391409432882349e-95,0.32341739165931505,923.13112374096875
tfix,114,K,3,合格,0,合格,合格,3.40603350037354e-10,2.4987592538656449e-11,3.6559094257601044e-10,7.3118188515202088e-10,合格,合格,1.8279547128800523e-16,1.8279547128800523e-16,0,1.8819004310979129e-94,0.32341739165931505,923.13112374096875
vfix,115,K,0,合格,0,合格,合格,9.272379636901062e-11,1.4559093172971417e-10,2.383147280987248e-10,9.5325909361146348e-10,合格,合格,1.000065024809245e-12,2.5005386960026553e-13,7.5001115520897938e-13,2.4534780410245515e-94,946.35380312492111,6194.7747559625695
vfix,115,K,4,合格,0,合格,合格,9.2723754963138099e-11,1.4559089295406165e-10,2.3831464791719976e-10,9.5325909361146348e-10,合格,合格,1.4408905275717362e-16,1.4408905275717362e-16,0,2.4534780410245515e-94,946.35380312492111,6194.7747559625695
tfix,115,K,0,合格,0,合格,合格,1.920568923664878e-11,6.3286596200374818e-11,4.4080906963726028e-11,9.2801909397317963e-12,合格,合格,1.9195889355016424e-12,4.7974875082037489e-13,1.4398401846812675e-12,2.3885158651764424e-96,456.99617435605643,111.06956568570598
tfix,115,K,1,合格,0,合格,合格,8.688091706100683e-12,8.6763377414883329e-11,9.545146912098401e-11,1.4140958388293927e-11,合格,合格,1.1312766710635141e-16,1.1312766710635141e-16,0,3.6395698837006996e-96,456.99617435605643,111.06956568570598
tfix,115,K,2,合格,0,合格,合格,1.8184569006141641e-11,1.2763590332736919e-10,1.4582047233351083e-10,2.1603032938297901e-11,合格,合格,1.7282426350638322e-16,1.7282426350638322e-16,0,5.5601428078531587e-96,456.99617435605643,111.06956568570598
tfix,115,K,3,合格,0,合格,合格,5.5396921647286863e-11,9.1619464239984473e-11,1.4701638588727133e-10,1.4343062037782569e-11,合格,合格,1.1474449630226055e-16,1.1474449630226055e-16,0,3.6915868924399218e-96,456.99617435605643,111.06956568570598
vfix,116,K,0,合格,0,合格,合格,5.3785083791060615e-11,8.129623102929978e-11,1.3508131482036039e-10,7.7189315123573409e-11,合格,合格,1.0001429414689981e-12,2.5021435783857915e-13,7.4992858363041891e-13,1.986682224450948e-95,448.48889384994982,133.65470186936773
vfix,116,K,4,合格,0,合格,合格,1.3097446213329681e-10,8.1296143474728876e-11,2.1227060560802569e-10,7.7189315123573396e-11,合格,合格,0,0,0,1.9866822244509477e-95,448.48889384994982,133.65470186936773
tfix,116,K,0,合格,0,合格,合格,6.6674451008085307e-11,1.0864785339505695e-09,1.0198040829424842e-09,1.3597387772566456e-09,合格,合格,4.8031072633119438e-12,1.2016691444005606e-12,3.601438118911383e-12,3.4996668312807119e-94,2004.4626352678936,58.731523432131553
tfix,116,K,1,合格,0,合格,合格,1.1183193715766201e-09,1.4467061187148076e-09,2.5650254902914275e-09,5.1300509805828549e-09,合格,合格,1.6031409314321422e-16,1.6031409314321422e-16,0,1.3203616429728589e-93,2004.4626352678936,58.731523432131553
tfix,116,K,2,合格,0,合格,合格,3.9982700425050088e-11,1.364922237988429e-09,1.324939537563379e-09,2.6498790751267581e-09,合格,合格,1.6561744219542237e-16,1.6561744219542237e-16,0,6.8202025721706323e-94,2004.4626352678936,58.731523432131553
tfix,116,K,3,合格,0,合格,合格,3.2234988708404922e-10,2.5681397965732609e-09,2.8904896836573098e-09,1.6517083906613201e-09,合格,合格,2.0646354883266501e-16,2.0646354883266501e-16,0,4.2511320309683511e-94,2004.4626352678936,58.731523432131553
vfix,117,K,0,合格,0,合格,合格,4.1457714278510662e-11,4.1457714278510662e-11,0,5.0982312217831856e-10,合格,合格,1.000063945651771e-12,2.4997003603867091e-13,7.500939096131e-13,1.312171940927645e-94,0.12205339593968584,1.7906080611183697
vfix,117,K,4,合格,0,合格,合格,2.9636934478796167e-10,2.1345381188604235e-10,5.0982315667400397e-10,5.0982312217831856e-10,合格,合格,0,0,0,1.312171940927645e-94,0.12205339593968584,1.7906080611183697
tfix,117,K,0,合格,0,合格,合格,6.5585597242196921e-11,2.3233033768429307e-10,2.9791593492648999e-10,5.9583186985297997e-10,合格,合格,1.7057176854216184e-12,4.2616874491234393e-13,1.2795489405092745e-12,1.533539431854317e-94,0.065212141073910559,1.4515614995595918
tfix,117,K,1,合格,0,合格,合格,9.389620403359615e-10,9.389620403359615e-10,1.4298851143593143e-12,2.9284047142078757e-09,合格,合格,1.8302529463799222e-16,1.8302529463799222e-16,0,7.5370659558273523e-94,0.065212141073910559,1.4515614995595918
tfix,117,K,2,合格,0,合格,合格,1.7058324939271324e-12,1.2200382693947141e-10,1.2370965943339854e-10,4.9483863773359415e-10,合格,合格,3.0202553572607065e-20,3.0202553572607065e-20,0,1.2736051926137916e-94,0.065212141073910559,1.4515614995595918
tfix,117,K,3,合格,0,合格,合格,3.0504371860541799e-10,6.402548692059847e-10,9.4529858781140269e-10,1.8905971756228054e-09,合格,合格,5.9081161738212666e-16,5.9081161738212666e-16,0,4.8659789200019959e-94,0.065212141073910559,1.4515614995595918
vfix,118,K,0,合格,0,解像しない,解像しない,3.7144313410627586e-08,7.3331313182651082e-08,1.1047562659327867e-07,2.2095125325890663e-07,合格,合格,9.9987152042296646e-13,2.4996788010574161e-13,7.4990364031722494e-13,5.6867965030767868e-92,0.23661881220448813,332.92798875257927
vfix,118,K,4,合格,0,合格,解像しない,3.7144313387812614e-08,3.7144313387812614e-08,0,2.2095125325890663e-07,合格,合格,0,0,0,5.6867965030767868e-92,0.23661881220448813,332.92798875257927
tfix,118,K,0,合格,0,合格,合格,2.3214161972260215e-11,4.3044749737640233e-11,1.9830587765380017e-11,7.9322351061520069e-11,合格,合格,2.0287484507494371e-12,5.0734575738948232e-13,1.521402693359955e-12,2.041581851105875e-95,0.14999441990268014,362.80092507363031
tfix,118,K,1,合格,0,合格,合格,1.15837814094747e-10,1.2750912253038702e-10,2.4334693662513403e-10,1.9467754930010722e-10,合格,合格,1.9011479423838597e-19,1.9011479423838597e-19,0,5.0105694819940164e-95,0.14999441990268014,362.80092507363031
tfix,118,K,2,合格,0,合格,合格,1.2780242097524009e-12,2.5115241349919473e-10,2.4987438928944229e-10,3.3316585238592309e-10,合格,合格,3.3316585238592308e-16,3.3316585238592308e-16,0,8.574952060003717e-95,0.14999441990268014,362.80092507363031
tfix,118,K,3,合格,0,合格,合格,3.5689551306191677e-11,1.40147031963216e-10,1.7583658326940767e-10,8.7918291634703834e-11,合格,合格,1.7583658326940768e-16,1.7583658326940768e-16,0,2.2628223467864162e-95,0.14999441990268014,362.80092507363031
vfix,119,K,0,合格,0,解像しない,解像しない,3.0836103854987166e-07,1.3389560028332867e-06,1.0305949642834152e-06,4.122379857381943e-06,合格,合格,9.9994501473810208e-13,2.4995733682464298e-13,7.4998767791345905e-13,1.0610093860768276e-90,0.1993026474436401,6364.5473256375617
vfix,119,K,4,合格,0,解像しない,解像しない,3.083610385542604e-07,1.3389560029080723e-06,1.0305949643538119e-06,4.1223798573819439e-06,合格,合格,1.5503295978978746e-16,1.5503295978978746e-16,0,1.0610093860768278e-90,0.1993026474436401,6364.5473256375617
tfix,119,K,0,合格,0,合格,合格,1.8784337596132651e-11,1.8355730162110883e-10,1.6477296402497617e-10,2.1969728536663491e-10,合格,合格,2.7128220797072079e-12,6.7820551992680198e-13,2.0346165597804059e-12,5.6545221433727244e-95,0.085449837251383581,5176.4384184505116
tfix,119,K,1,合格,0,合格,合格,1.7617058666536916e-10,9.3174775968676858e-11,2.6934536263404599e-10,5.3869072526809198e-10,合格,合格,1.0521303227892423e-18,1.0521303227892423e-18,0,1.3864707656149019e-94,0.085449837251383581,5176.4384184505116
tfix,119,K,2,合格,0,合格,合格,1.159242534829113e-10,4.0729957265413905e-10,2.9137531917122776e-10,5.8275063834245551e-10,合格,合格,4.370629787568416e-16,4.370629787568416e-16,0,1.4998712355835227e-94,0.085449837251383581,5176.4384184505116
tfix,119,K,3,合格,0,合格,合格,3.8033712870595753e-12,4.8135385569055238e-11,5.1938756856114812e-11,2.0775502742445925e-10,合格,合格,4.155100548489185e-16,4.155100548489185e-16,0,5.3471548408445684e-95,0.085449837251383581,5176.4384184505116
vfix,120,K,0,合格,0,合格,合格,1.0073921540160054e-10,1.880137422573042e-10,2.8875295765890476e-10,1.1550116029832073e-09,合格,合格,1.0000283621453283e-12,2.4995819417596903e-13,7.5007016796935935e-13,2.9727443714299212e-94,763.62217599239943,18144.547384913316
vfix,120,K,4,合格,0,合格,合格,1.0073924647050425e-10,9.6699796998090549e-10,8.6625872351040123e-10,1.1550116029832073e-09,合格,合格,0,0,0,2.9727443714299212e-94,763.62217599239943,18144.547384913316
tfix,120,K,0,合格,0,合格,合格,2.0040788191077715e-11,6.6363201299895427e-11,8.6403989490973145e-11,2.4686854140278042e-11,合格,合格,1.8266297115474528e-12,4.5641055934546039e-13,1.3702191522019925e-12,6.3538501694939234e-96,4340.2211761072094,465.29600345166091
tfix,120,K,1,合格,0,合格,合格,8.1185152365302461e-11,2.9991711474712643e-11,5.1193440890589824e-11,3.412896059372655e-11,合格,合格,1.3331625231924433e-19,1.3331625231924433e-19,0,8.7840395062446193e-96,4340.2211761072094,465.29600345166091
tfix,120,K,2,合格,0,合格,合格,2.7075348211193229e-11,4.5094787760640731e-11,7.2170135971833966e-11,3.6085067985916983e-11,合格,合格,2.8868054388733584e-16,2.8868054388733584e-16,0,9.2874982788688383e-96,4340.2211761072094,465.29600345166091
tfix,120,K,3,合格,0,合格,合格,1.4380615447669228e-10,2.5701643749555562e-10,1.1321028301886333e-10,2.2642056603772666e-10,合格,合格,1.35852339622636e-15,1.35852339622636e-15,0,5.8275645155957344e-95,4340.2211761072094,465.29600345166091
vfix,121,K,0,合格,0,合格,解像しない,1.7710967420077679e-09,1.7710967420077679e-09,0,1.4379515898946782e-08,合格,合格,9.998624868102214e-13,2.4992971226113853e-13,7.4993277454908287e-13,3.7009693099249848e-93,83.21987723533887,5045.4284184918852
vfix,121,K,4,合格,0,合格,解像しない,1.8237821279421434e-09,5.4186611107092219e-09,3.5948789827670783e-09,1.4379515898946786e-08,合格,合格,0,0,0,3.7009693099249856e-93,83.21987723533887,5045.4284184918852
tfix,121,K,0,合格,0,合格,合格,4.6159400185392586e-11,2.0979279913537292e-11,6.7138680098929884e-11,2.6855472039571951e-11,合格,合格,1.9926760253362389e-12,4.9800787350182223e-13,1.4946681518344165e-12,6.912004445802252e-96,118.98905336510954,893.32780219564177
tfix,121,K,1,合格,0,合格,合格,3.0021233555109094e-11,8.0162588209794477e-11,5.0141354654685389e-11,5.0141354654685389e-11,合格,合格,2.0056541861874157e-16,2.0056541861874157e-16,0,1.2905275534946693e-95,118.98905336510954,893.32780219564177
tfix,121,K,2,合格,0,合格,合格,5.8013884414362901e-11,3.9544242380398701e-11,1.8469642033964196e-11,3.6939284067928393e-11,合格,合格,2.9551427254342715e-16,2.9551427254342715e-16,0,9.5073546026690121e-96,118.98905336510954,893.32780219564177
tfix,121,K,3,合格,0,合格,合格,7.2129793000710358e-11,1.004399246712182e-11,6.2085800533588539e-11,6.2085800533588539e-11,合格,合格,1.515766614589564e-20,1.515766614589564e-20,0,1.5979511686743594e-95,118.98905336510954,893.32780219564177
vfix,122,K,0,合格,0,合格,解像しない,4.7173333398128254e-09,4.1863229278154839e-09,8.9036562676283094e-09,3.5614624696338954e-08,合格,合格,9.9982655739014632e-13,2.4990609199883129e-13,7.4992046539131498e-13,9.1664165825847539e-93,9.1789789835149733,3390.1673468585095
vfix,122,K,4,合格,0,合格,解像しない,4.1863229548455436e-09,4.1863229548455436e-09,0,3.5614624696338954e-08,合格,合格,0,0,0,9.1664165825847539e-93,9.1789789835149733,3390.1673468585095
tfix,122,K,0,合格,0,合格,合格,3.076100232226489e-11,1.2156496764240829e-10,1.5232596996467318e-10,4.3521705704192337e-12,合格,合格,1.9877929776509992e-12,4.9705269650643987e-13,1.4907402811445592e-12,1.1201524325210463e-96,8.9684510714335026,118.35847478986069
tfix,122,K,1,合格,0,合格,合格,8.6130861389627818e-11,1.2838849515733818e-10,4.2257633767710361e-11,5.2822042209637951e-12,合格,合格,1.650688819051186e-19,1.650688819051186e-19,0,1.359522521337112e-96,8.9684510714335026,118.35847478986069
tfix,122,K,2,合格,0,合格,合格,1.6377298248003506e-10,1.8202768834424533e-10,3.4580067082428038e-10,1.1154860349170336e-11,合格,合格,1.7847776558672536e-16,1.7847776558672536e-16,0,2.8710143024913874e-96,8.9684510714335026,118.35847478986069
tfix,122,K,3,合格,0,合格,合格,2.2561272452993554e-11,7.1416184262119556e-11,9.397745671511311e-11,1.0441939635012568e-11,合格,合格,1.6707103416020107e-16,1.6707103416020107e-16,0,2.6875242808487983e-96,8.9684510714335026,118.35847478986069
vfix,123,K,0,合格,0,合格,解像しない,7.3539128645419119e-10,5.7057207675251028e-09,6.4411120539792943e-09,1.288222436369375e-08,合格,合格,9.9997706052711655e-13,2.4995178522266583e-13,7.5002527530445061e-13,3.3155995896280857e-93,1.7235256467979165,125.83207261669089
vfix,123,K,4,合格,0,合格,解像しない,7.3539147204133939e-10,5.705720722129655e-09,6.4411121941709945e-09,1.2882224363693749e-08,合格,合格,1.255222782508777e-16,1.255222782508777e-16,0,3.3155995896280853e-93,1.7235256467979165,125.83207261669089
tfix,123,K,0,合格,0,合格,合格,7.6531748120144876e-11,1.63787190053955e-10,8.7255441933810142e-11,3.4902176773524057e-10,合格,合格,2.5016135202423365e-12,6.252724968976835e-13,1.8763410233446531e-12,8.983048246975426e-95,0.65352896448478826,107.46396335111871
tfix,123,K,1,合格,0,合格,合格,2.461917448852526e-11,9.8086001368751992e-11,7.3466826880226732e-11,2.9386730752090693e-10,合格,合格,1.4693365376045345e-16,1.4693365376045345e-16,0,7.5634944456288981e-95,0.65352896448478826,107.46396335111871
tfix,123,K,2,合格,0,合格,合格,5.9362754739091104e-10,5.9362754739091104e-10,6.3976904188378619e-13,1.3102469977779941e-09,合格,合格,3.2756174944449852e-16,3.2756174944449852e-16,0,3.3722859387449066e-94,0.65352896448478826,107.46396335111871
tfix,123,K,3,合格,0,合格,合格,5.2454645304468391e-11,1.7316837740839589e-10,2.2562302271286427e-10,4.5124604542572854e-10,合格,合格,2.2562302271286426e-16,2.2562302271286426e-16,0,1.1614075029243219e-94,0.65352896448478826,107.46396335111871
vfix,124,K,0,合格,0,合格,合格,1.0064159054346416e-10,1.0064159054346416e-10,0,8.0474929937146528e-10,合格,合格,1.000098939260828e-12,2.5005749916258153e-13,7.5004144009824642e-13,2.0712466817993325e-94,7.3127420224507986,16.479801635685437
vfix,124,K,4,合格,0,合格,合格,3.0173301861940874e-10,3.0173301861940874e-10,0,8.0474929937146518e-10,合格,合格,0,0,0,2.0712466817993322e-94,7.3127420224507986,16.479801635685437
tfix,124,K,0,合格,0,合格,合格,3.1272728689901579e-11,3.1272728689901579e-11,1.2484067412513595e-13,1.2783685030413921e-10,合格,合格,1.6715946545769244e-12,4.1777082679392697e-13,1.2538238277829975e-12,3.2902377449838006e-95,12.72622245795972,48.548730314261007
tfix,124,K,1,合格,0,合格,合格,7.2026744955809773e-11,1.0198250734269898e-10,1.7400925229850874e-10,1.3920740183880699e-10,合格,合格,1.3594472835820995e-19,1.3594472835820995e-19,0,3.5828905892273829e-95,12.72622245795972,48.548730314261007
tfix,124,K,2,合格,0,合格,合格,3.2418248424528567e-11,1.7006191135565874e-10,1.3764366293113016e-10,2.7528732586226032e-10,合格,合格,2.6883527916236361e-19,2.6883527916236361e-19,0,7.0852868176331826e-95,12.72622245795972,48.548730314261007
tfix,124,K,3,合格,0,合格,合格,2.4464655894101195e-11,5.2840162553464756e-11,7.7304818447565945e-11,3.0921927379026378e-10,合格,合格,3.019719470608045e-19,3.019719470608045e-19,0,7.9586200980443234e-95,12.72622245795972,48.548730314261007
vfix,125,K,0,合格,0,合格,合格,9.7063333509619297e-11,9.7063333509619297e-11,0,2.1573790636517425e-09,合格,合格,9.9979411142416566e-13,2.4977641070423307e-13,7.5001770071993254e-13,5.5526164862299784e-94,46.752544265953652,997.99139396958537
vfix,125,K,4,合格,0,合格,合格,9.7063199232938006e-11,9.7063199232938006e-11,0,2.1573790636517429e-09,合格,合格,1.3073030555206752e-16,1.3073030555206752e-16,0,5.5526164862299794e-94,46.752544265953652,997.99139396958537
tfix,125,K,0,合格,0,合格,合格,1.0106838291271943e-09,6.7838877525393493e-10,1.6890726043811293e-09,6.7562904175245171e-09,合格,合格,2.2834150270477393e-12,5.7027313805417875e-13,1.7131418889935604e-12,1.7389197007689223e-93,136.2235630737749,1009.8631139897194
tfix,125,K,1,合格,0,合格,合格,3.6957885101968547e-10,5.1022625485502912e-10,8.7980510587471454e-10,1.1730734744996195e-09,合格,合格,1.4663418431245242e-16,1.4663418431245242e-16,0,3.0192316333320732e-94,136.2235630737749,1009.8631139897194
tfix,125,K,2,合格,0,合格,解像しない,1.218634360640989e-08,1.5893586255158687e-08,2.8079929861568576e-08,1.1231971944627431e-07,合格,合格,6.5812335613051349e-15,6.5812335613051349e-15,0,2.8908611214129453e-92,136.2235630737749,1009.8631139897194
tfix,125,K,3,合格,0,合格,合格,1.1380002039290069e-10,8.5542308886040789e-10,7.4162306846750719e-10,1.4832461369350144e-09,合格,合格,1.854057671168768e-16,1.854057671168768e-16,0,3.8175474546144843e-94,136.2235630737749,1009.8631139897194
vfix,126,K,0,合格,0,合格,合格,1.6762257894361095e-10,5.7791646254891694e-11,2.2541422519850264e-10,4.5082853386642949e-10,合格,合格,1.0000723107153947e-12,2.5020866929165461e-13,7.498636414237401e-13,1.1603329205264417e-94,84.312718754296938,250.9378400276305
vfix,126,K,4,合格,0,合格,合格,1.6762268149257698e-10,5.7791589571479202e-11,2.2541427106405619e-10,4.5082853386642944e-10,合格,合格,1.1417855456470342e-16,1.1417855456470342e-16,0,1.1603329205264416e-94,84.312718754296938,250.9378400276305
tfix,126,K,0,合格,0,合格,合格,1.7875144700816585e-11,1.2428119806868591e-10,1.421563427695025e-10,4.061609793414357e-11,合格,合格,2.4262432261940003e-12,6.0647957435263172e-13,1.8197636518413687e-12,1.0453685158773873e-95,79.572016073848346,88.153967936341502
tfix,126,K,1,合格,0,合格,合格,2.3147147973017013e-11,3.7772360253022304e-11,1.4625212280005291e-11,5.8500849120021164e-11,合格,合格,1.1700169824004232e-16,1.1700169824004232e-16,0,1.505682449390445e-95,79.572016073848346,88.153967936341502
tfix,126,K,2,合格,0,合格,合格,7.9068487064311797e-11,1.0778397315005581e-10,1.8685246021436761e-10,1.4948196817149407e-10,合格,合格,2.9896393634298817e-16,2.9896393634298817e-16,0,3.8473351987489631e-95,79.572016073848346,88.153967936341502
tfix,126,K,3,合格,0,合格,合格,5.7121480011960825e-11,2.7148534715387044e-11,2.9972945296573784e-11,5.9945890593147568e-11,合格,合格,1.1989178118629513e-16,1.1989178118629513e-16,0,1.5428746204008844e-95,79.572016073848346,88.153967936341502
vfix,127,K,0,合格,0,合格,解像しない,9.8547558280250126e-09,2.9767556692500418e-08,1.9912800864475407e-08,7.9651203389664919e-08,合格,合格,9.9989413115408729e-13,2.4993448052593963e-13,7.4995965062814762e-13,2.0500457825936562e-92,37.719463753336463,4610.5559622458104
vfix,127,K,4,合格,0,合格,解像しない,9.8547557071419463e-09,1.0058045196653761e-08,1.9912800903795709e-08,7.9651203389664906e-08,合格,合格,0,0,0,2.0500457825936559e-92,37.719463753336463,4610.5559622458104
tfix,127,K,0,合格,0,合格,合格,1.3374017210214809e-11,1.4152940461096979e-10,1.5490342182118459e-10,6.8845965253859821e-11,合格,合格,1.8958801911607915e-12,4.7407331673807866e-13,1.4218068744227129e-12,1.7719428547337917e-95,16.098113072588944,1013.98457661333
tfix,127,K,1,合格,0,合格,合格,1.6126815593389916e-11,6.3535383544082505e-11,7.9662199137472425e-11,1.5932439827494485e-10,合格,合格,1.5932439827494485e-16,1.5932439827494485e-16,0,4.1006575776380965e-95,16.098113072588944,1013.98457661333
tfix,127,K,2,合格,0,合格,合格,4.0170978576767047e-11,1.0262128660674633e-11,5.0433107237441675e-11,1.0086621447488335e-10,合格,合格,2.0173242894976671e-16,2.0173242894976671e-16,0,2.5960732392054787e-95,16.098113072588944,1013.98457661333
tfix,127,K,3,合格,0,合格,合格,4.9516943842687277e-11,7.6504125144674203e-11,2.6987181301986927e-11,1.0794872520794771e-10,合格,合格,2.1589745041589539e-16,2.1589745041589539e-16,0,2.7783613985878497e-95,16.098113072588944,1013.98457661333
vfix,128,K,0,合格,0,合格,合格,5.4991502241865413e-10,8.3320477664322453e-10,1.3831197990618788e-09,5.532479211304343e-09,合格,合格,9.9995283989112148e-13,2.4994947012930091e-13,7.5000336976182047e-13,1.4239377676361883e-93,138.02342287567257,2374.965999824441
vfix,128,K,4,合格,0,合格,合格,5.4991516170956814e-10,1.9330349270813488e-09,1.3831197653717804e-09,5.532479211304343e-09,合格,合格,0,0,0,1.4239377676361883e-93,138.02342287567257,2374.965999824441
tfix,128,K,0,合格,0,合格,合格,1.341884906010744e-11,3.0975559003500936e-10,3.2317443909511679e-10,3.2317443909511679e-10,合格,合格,1.5644874596594604e-12,3.9104107130509132e-13,1.1734463883543691e-12,8.3177951834307086e-95,74.968990759729891,1450.0982503413204
tfix,128,K,1,合格,0,合格,合格,3.8254273040986612e-12,3.8254273040986612e-12,1.3490426302393647e-13,5.5256786134604378e-10,合格,合格,1.3814196533651093e-16,1.3814196533651093e-16,0,1.4221874441839726e-94,74.968990759729891,1450.0982503413204
tfix,128,K,2,合格,0,合格,合格,9.9538223238001978e-11,2.118341636774486e-10,1.1229594043944663e-10,4.4918376175778651e-10,合格,合格,0,0,0,1.1560996409510464e-94,74.968990759729891,1450.0982503413204
tfix,128,K,3,合格,0,合格,合格,4.1669978052895677e-11,4.1669978052895677e-11,1.175184188796118e-13,4.8135544373088993e-10,合格,合格,1.2033886093272247e-16,1.2033886093272247e-16,0,1.2389024338043466e-94,74.968990759729891,1450.0982503413204
vfix,129,K,0,合格,0,合格,合格,3.1311036943398128e-11,1.3901556343281117e-10,1.7032660037620931e-10,9.7329425744571208e-11,合格,合格,1.0002839421459741e-12,2.5016363873602538e-13,7.5012030340994869e-13,2.5050441208501624e-95,54.194496715619088,1180.4720049591697
vfix,129,K,4,合格,0,合格,合格,3.1310884151171276e-11,1.5297263671415389e-10,1.2166175256298261e-10,9.7329425744571208e-11,合格,合格,1.2840697073573056e-16,1.2840697073573056e-16,0,2.5050441208501624e-95,54.194496715619088,1180.4720049591697
tfix,129,K,0,合格,0,合格,合格,7.977077036358633e-10,1.2120619035492097e-09,2.0097696071850728e-09,1.4355497194179092e-10,合格,合格,4.7297056605661862e-12,1.1821751939406483e-12,3.5475304666255377e-12,3.6947874266241791e-95,434.95916429475074,470.39679607919209
tfix,129,K,1,合格,0,合格,合格,2.6202486068245084e-09,2.5981313264314288e-10,2.3604354741813654e-09,9.4417418967254619e-10,合格,合格,3.6586749849811161e-15,3.6586749849811161e-15,0,2.4300955079143707e-94,434.95916429475074,470.39679607919209
tfix,129,K,2,合格,0,合格,合格,4.1978705979088185e-10,1.3107845027974759e-09,8.90997443006594e-10,1.4849957383443233e-10,合格,合格,1.4501911507268782e-19,1.4501911507268782e-19,0,3.8220505416210004e-95,434.95916429475074,470.39679607919209
tfix,129,K,3,合格,0,合格,合格,4.350515098148907e-10,8.2268872813938119e-10,1.257740237954272e-09,2.0962337299237864e-10,合格,合格,3.1985988310604653e-21,3.1985988310604653e-21,0,5.3952419228840305e-95,434.95916429475074,470.39679607919209
vfix,130,K,0,合格,0,解像しない,解像しない,1.2638681040649343e-05,6.5377652768394779e-05,7.801633380904412e-05,0.00010402177841197924,合格,合格,1.0001266439480593e-12,2.5006452961603898e-13,7.5006211433202022e-13,2.6772904746727266e-89,0.037050475869611847,70080.933238842015
vfix,130,K,4,合格,0,解像しない,解像しない,1.2638681040893471e-05,6.5377652768158193e-05,7.8016333809051655e-05,0.00010402177841197921,合格,合格,0,0,0,2.6772904746727259e-89,0.037050475869611847,70080.933238842015
tfix,130,K,0,合格,0,合格,合格,4.054573249603608e-11,6.4227572855853434e-11,1.0477330535188951e-10,6.9848870234593013e-11,合格,合格,1.9149766263516019e-12,4.7888385432836965e-13,1.4360927720232324e-12,1.7977554104592338e-95,0.17685821112955225,42962.223454172403
tfix,130,K,1,合格,0,合格,合格,1.6683862151420947e-11,1.6683862151420947e-11,3.0591413986701001e-13,3.1325607922381825e-10,合格,合格,3.1325607922381826e-16,3.1325607922381826e-16,0,8.0625185402778188e-95,0.17685821112955225,42962.223454172403
tfix,130,K,2,合格,0,合格,合格,3.4506650565310667e-11,5.9178930391787621e-11,2.4672279826476951e-11,9.8689119305907804e-11,合格,合格,1.9737823861181562e-16,1.9737823861181562e-16,0,2.5400396254052075e-95,0.17685821112955225,42962.223454172403
tfix,130,K,3,合格,0,合格,合格,3.8717597817929675e-11,6.4589767083954898e-11,2.5872169266025219e-11,1.0348867706410088e-10,合格,合格,2.0697735412820176e-16,2.0697735412820176e-16,0,2.663569625226592e-95,0.17685821112955225,42962.223454172403
vfix,131,K,0,合格,0,合格,解像しない,2.0010558794184918e-08,2.0010558794184918e-08,0,8.1810447162033177e-08,合格,合格,1.0002372178402255e-12,2.5023116652497741e-13,7.5000605131524817e-13,2.1056199409334852e-92,4.4856025720555115,3433.2993270479478
vfix,131,K,4,合格,0,合格,解像しない,4.4205309818421184e-10,2.0010558688274939e-08,2.0452611786459153e-08,8.1810447162033177e-08,合格,合格,0,0,0,2.1056199409334852e-92,4.4856025720555115,3433.2993270479478
tfix,131,K,0,合格,0,合格,合格,1.501752208475787e-10,1.8430602127500974e-10,3.3448124212258842e-10,3.3448124212258842e-10,合格,合格,1.9839754876501333e-12,4.960356820677987e-13,1.4879398055823347e-12,8.608807282114117e-95,1.4094603771782284,2060.8269084831745
tfix,131,K,1,合格,0,合格,合格,8.3442857219681567e-11,8.3442857219681567e-11,2.6574905832918706e-14,4.3540325716654008e-10,合格,合格,1.3287452916459352e-20,1.3287452916459352e-20,0,1.1206316704533617e-94,1.4094603771782284,2060.8269084831745
tfix,131,K,2,合格,0,合格,合格,1.7207196776002036e-10,2.1856092829794853e-10,3.9063289605796886e-10,5.2084386141062518e-10,合格,合格,5.2084386141062519e-16,5.2084386141062519e-16,0,1.3405368858660489e-94,1.4094603771782284,2060.8269084831745
tfix,131,K,3,合格,0,合格,解像しない,3.227467841002576e-10,3.227467841002576e-10,7.5794244257197263e-13,1.2418128979099199e-08,合格,合格,2.7164657141779499e-15,2.7164657141779499e-15,0,3.1961517036677475e-93,1.4094603771782284,2060.8269084831745
vfix,132,K,0,合格,0,合格,合格,1.381034989726837e-11,4.7918784888127626e-11,6.1729134785395992e-11,2.4691626332402302e-10,合格,合格,9.9981336724884398e-13,2.4975699197575208e-13,7.5005637527309185e-13,6.3550784261833049e-95,1022.4358414448803,3064.8869746887608
vfix,132,K,4,合格,0,合格,合格,1.0964807090559467e-10,7.5539098831921638e-11,1.8518716973751632e-10,2.4691626332402307e-10,合格,合格,0,0,0,6.3550784261833063e-95,1022.4358414448803,3064.8869746887608
tfix,132,K,0,合格,0,合格,合格,1.960921422176515e-11,7.7394866013944037e-11,5.7785651792178883e-11,9.6309419653631472e-12,合格,合格,1.5676091618182288e-12,3.9170967161524996e-13,1.1758994902029788e-12,2.4787914203765602e-96,146.87690625074725,8.3630608462508462
tfix,132,K,1,合格,0,合格,合格,7.4563990976213939e-11,2.7198340601424668e-10,3.4654739699046062e-10,5.3314984152378556e-11,合格,合格,2.1325993660951421e-16,2.1325993660951421e-16,0,1.3722097565297196e-95,146.87690625074725,8.3630608462508462
tfix,132,K,2,合格,0,合格,合格,8.6875122155810645e-12,2.5322174909197164e-11,3.4009687124778225e-11,9.7170534642223496e-12,合格,合格,3.109457108551152e-16,3.109457108551152e-16,0,2.5009546153512179e-96,146.87690625074725,8.3630608462508462
tfix,132,K,3,合格,0,合格,合格,1.1952150442328415e-10,1.0246247924624794e-10,2.2198398366953208e-10,2.0180362151775642e-11,合格,合格,3.228857944284103e-16,3.228857944284103e-16,0,5.1939788176293036e-96,146.87690625074725,8.3630608462508462
vfix,133,K,0,合格,0,合格,解像しない,8.3511954585930794e-10,5.1437249460123645e-09,4.3086054001530564e-09,1.7234421715327956e-08,合格,合格,9.999854132404519e-13,2.4999635331011297e-13,7.4998905993033887e-13,4.4357589150414512e-93,2.1589103075703093,226.71173701394679
vfix,133,K,4,合格,0,合格,解像しない,8.3511948562471005e-10,5.1437249174499536e-09,4.3086054318252437e-09,1.7234421715327956e-08,合格,合格,0,0,0,4.4357589150414512e-93,2.1589103075703093,226.71173701394679
tfix,133,K,0,合格,0,合格,合格,1.1553500061150373e-11,1.3530086697751869e-11,2.508358675890224e-11,1.0033434703560896e-10,合格,合格,1.917991377932701e-12,4.7959817883021081e-13,1.4383931991024902e-12,2.5823841478373397e-95,0.21072596320789816,385.09643329276366
tfix,133,K,1,合格,0,合格,合格,6.4264828859106322e-11,2.6667192501392389e-10,3.3093675387303023e-10,4.4124900516404032e-10,合格,合格,6.7329254938360645e-21,6.7329254938360645e-21,0,1.1356773326886866e-94,0.21072596320789816,385.09643329276366
tfix,133,K,2,合格,0,合格,合格,6.6445704562051948e-11,1.7707664021933707e-11,8.4153368583985655e-11,1.1220449144531422e-10,合格,合格,1.122044914453142e-16,1.122044914453142e-16,0,2.8878954075586387e-95,0.21072596320789816,385.09643329276366
tfix,133,K,3,合格,0,合格,合格,5.1181052912464658e-13,1.207963062105927e-10,1.2028449568146806e-10,2.4056899136293611e-10,合格,合格,1.2028449568146805e-16,1.2028449568146805e-16,0,6.1917136864047524e-95,0.21072596320789816,385.09643329276366
vfix,134,K,0,合格,0,合格,合格,4.8616675295584966e-12,1.0299485619741133e-10,1.0785652372696983e-10,1.0785647334777672e-10,合格,合格,1.0003284682973894e-12,2.5029394336358532e-13,7.5003452493380412e-13,2.7759870397730211e-95,203.76710027104457,14.32092082761244
vfix,134,K,4,合格,0,合格,合格,2.2102611817638721e-11,4.90667029152963e-11,2.6964091097657582e-11,1.078564733477767e-10,合格,合格,1.2089623197102509e-16,1.2089623197102509e-16,0,2.7759870397730208e-95,203.76710027104457,14.32092082761244
tfix,134,K,0,合格,0,合格,解像しない,2.6096187009405197e-08,4.6451084805301596e-08,7.2547271814706793e-08,3.6273635907353397e-08,合格,合格,5.6861616468691444e-11,1.4202828784412012e-11,4.2658787684279432e-11,9.3360314906248494e-93,1325.0301798380719,11.396769781499188
tfix,134,K,1,合格,0,合格,解像しない,1.3017244688273029e-09,4.5034294177262753e-08,4.6336018646090055e-08,9.267203729218011e-08,合格,合格,6.3350025492701247e-15,6.3350025492701247e-15,0,2.3851732444741297e-92,1325.0301798380719,11.396769781499188
tfix,134,K,2,合格,0,合格,解像しない,1.1884502801199288e-09,9.0040957487560484e-08,8.8852507207440559e-08,5.0772861261394605e-08,合格,合格,1.4874861697674201e-14,1.4874861697674201e-14,0,1.3067811366254954e-92,1325.0301798380719,11.396769781499188
tfix,134,K,3,合格,0,合格,解像しない,4.7511511895601403e-09,4.7511511895601403e-09,3.962838627105457e-13,3.4627812302131097e-08,合格,合格,9.4685424263639722e-16,9.4685424263639722e-16,0,8.9124329011254654e-93,1325.0301798380719,11.396769781499188
vfix,135,K,0,合格,0,合格,合格,5.7212027948236922e-12,1.6724065358935863e-10,1.7296185638418231e-10,1.1530793064871819e-10,合格,合格,9.999719503113151e-13,2.4996477484929047e-13,7.5000717546202464e-13,2.9677710676833122e-95,38.095218720581585,6.5345403654842471
vfix,135,K,4,合格,0,合格,合格,1.0958659103257999e-10,1.7868312643723832e-10,2.8826971746981831e-10,1.153079306487182e-10,合格,合格,0,0,0,2.9677710676833125e-95,38.095218720581585,6.5345403654842471
tfix,135,K,0,合格,0,合格,合格,2.5324731335848189e-09,2.2800745581294051e-09,4.812547691714224e-09,1.203136922928556e-09,合格,合格,4.1888565500795973e-11,1.0474359658900643e-11,3.1414205841895331e-11,3.0966082993950497e-94,40.998046330526016,0.7258942179204908
tfix,135,K,1,合格,0,合格,合格,1.1075089868693676e-09,1.1877952874278737e-09,2.2953042742972413e-09,3.0604056990629885e-09,合格,合格,1.2050347440060517e-14,1.2050347440060517e-14,0,7.8768072915314474e-94,40.998046330526016,0.7258942179204908
tfix,135,K,2,合格,0,合格,合格,3.3553432460864289e-09,2.3982568091626504e-09,5.7536000552490794e-09,1.278577790055351e-09,合格,合格,1.5982222375691888e-15,1.5982222375691888e-15,0,3.2907764034623411e-94,40.998046330526016,0.7258942179204908
tfix,135,K,3,合格,0,合格,合格,4.1226251222545329e-09,1.1406693723020596e-08,1.5529318845275127e-08,4.4369482415071798e-09,合格,合格,1.3865463254709936e-16,1.3865463254709936e-16,0,1.1419723297323554e-93,40.998046330526016,0.7258942179204908
vfix,136,K,0,合格,0,合格,合格,4.4233219664230454e-11,4.2920378975794669e-10,4.7343700942217711e-10,1.8937478412496944e-09,合格,合格,1.0002052895938281e-12,2.5026721889508842e-13,7.4993807069873971e-13,4.8740880363817803e-94,4.8827365642199672,34.565424080977856
vfix,136,K,4,合格,0,合格,合格,4.4233196019592505e-11,5.1767021685540516e-10,4.7343702083581269e-10,1.8937478412496944e-09,合格,合格,1.5650344976044109e-16,1.5650344976044109e-16,0,4.8740880363817803e-94,4.8827365642199672,34.565424080977856
tfix,136,K,0,合格,0,合格,合格,2.7842847316304699e-11,1.1647030410944153e-10,8.8627456793136844e-11,1.7725491358627369e-10,合格,合格,1.8418558070749699e-12,4.6050826549713903e-13,1.3813475415778307e-12,4.5621493785076138e-95,3.1321387463221306,326.23042088251407
tfix,136,K,1,合格,0,合格,合格,4.0386034965364459e-12,5.4401452400196354e-10,5.4805312749849992e-10,1.0961062549969998e-09,合格,合格,1.3701328187462498e-16,1.3701328187462498e-16,0,2.8211350358865925e-94,3.1321387463221306,326.23042088251407
tfix,136,K,2,合格,0,合格,合格,1.0767753881531186e-10,9.2850311254268635e-13,1.0674903570276918e-10,2.1349807140553837e-10,合格,合格,5.212355258924276e-20,5.212355258924276e-20,0,5.4949680890018309e-95,3.1321387463221306,326.23042088251407
tfix,136,K,3,合格,0,合格,合格,6.8959826577905693e-11,1.6394856315928034e-10,2.3290838973718604e-10,3.1054451964958134e-10,合格,合格,1.5527225982479068e-16,1.5527225982479068e-16,0,7.9927289949495293e-95,3.1321387463221306,326.23042088251407
vfix,137,K,0,合格,0,合格,解像しない,2.5231891632768531e-09,2.5231891632768531e-09,0,2.9524674080760767e-08,合格,合格,1.0000410138212078e-12,2.5009124155165934e-13,7.4994977226954841e-13,7.5989980070495042e-93,0.55256157927068261,60.011778057885074
vfix,137,K,4,合格,0,合格,解像しない,2.5231891693142119e-09,2.5231891693142119e-09,0,2.9524674080760763e-08,合格,合格,1.2453251586543816e-16,1.2453251586543816e-16,0,7.5989980070495034e-93,0.55256157927068261,60.011778057885074
tfix,137,K,0,合格,0,合格,合格,2.9681434350038067e-11,6.5154297151406346e-11,9.4835731501444413e-11,1.2644764200192589e-10,合格,合格,2.0890414935138173e-12,5.2210231382595193e-13,1.5669391796878655e-12,3.2544825962867497e-95,0.33998606770193562,143.18417817076357
tfix,137,K,1,合格,0,合格,合格,2.6398263314964831e-11,1.4328910131166518e-10,1.6968736462663002e-10,3.3937472925326003e-10,合格,合格,1.2946118517046356e-21,1.2946118517046356e-21,0,8.7347548162063808e-95,0.33998606770193562,143.18417817076357
tfix,137,K,2,合格,0,合格,合格,1.0866591725064862e-11,5.5577716334449585e-11,4.4711124609384722e-11,1.7884449843753889e-10,合格,合格,1.7884449843753889e-16,1.7884449843753889e-16,0,4.6030617763337817e-95,0.33998606770193562,143.18417817076357
tfix,137,K,3,合格,0,合格,合格,2.347292453014015e-11,7.2319491192381595e-11,4.8846566662241444e-11,1.9538626664896578e-10,合格,合格,1.9538626664896577e-16,1.9538626664896577e-16,0,5.028810298833539e-95,0.33998606770193562,143.18417817076357
vfix,138,K,0,合格,0,合格,解像しない,2.4435275019631198e-08,2.4435275019631198e-08,0,1.6601499838711858e-07,合格,合格,9.9979154847220247e-13,2.4980530418187372e-13,7.4998624429032864e-13,4.2728588245656742e-92,0.16947414662315724,157.64187005947687
vfix,138,K,4,合格,0,合格,解像しない,2.4435275103008029e-08,2.4435275103008029e-08,0,1.6601499838711858e-07,合格,合格,1.8332639514079732e-16,1.8332639514079732e-16,0,4.2728588245656742e-92,0.16947414662315724,157.64187005947687
tfix,138,K,0,合格,0,合格,合格,2.5336075443593988e-11,1.1427611345840512e-10,1.3961218890199912e-10,9.3074792601332732e-11,合格,合格,2.0949274318707972e-12,5.2363878317509797e-13,1.5712886486956992e-12,2.3955392752157653e-95,0.015927525819603799,947.48068388445472
tfix,138,K,1,合格,0,合格,合格,1.26035777885469e-11,8.5270969703693756e-11,7.2667391915146856e-11,1.4533478383029371e-10,合格,合格,2.9066956766058741e-16,2.9066956766058741e-16,0,3.7405958475966188e-95,0.015927525819603799,947.48068388445472
tfix,138,K,2,合格,0,合格,合格,1.7945439619053244e-11,7.0780844564918498e-11,5.2835404945865261e-11,2.1134161978346104e-10,合格,合格,2.1134161978346104e-16,2.1134161978346104e-16,0,5.4394657944341071e-95,0.015927525819603799,947.48068388445472
tfix,138,K,3,合格,0,合格,合格,5.0169148918452329e-12,6.8756905645847158e-11,7.3773820537692384e-11,1.4754764107538477e-10,合格,合格,7.2044746618840226e-20,7.2044746618840226e-20,0,3.7975498981285077e-95,0.015927525819603799,947.48068388445472
vfix,139,K,0,合格,0,合格,合格,3.1951052083548528e-11,3.1951052083548528e-11,0,2.9791039508423657e-10,合格,合格,1.0001525706061735e-12,2.5015910933884453e-13,7.4999346126732893e-13,7.6675545759864046e-95,1890.9338451304332,1.7668844867507687
vfix,139,K,4,合格,0,合格,合格,1.8090632997327308e-10,3.1950987153841523e-11,1.4895534281943157e-10,2.9791039508423652e-10,合格,合格,0,0,0,7.6675545759864033e-95,1890.9338451304332,1.7668844867507687
tfix,139,K,0,合格,0,解像しない,解像しない,2.6129387191694312e-08,1.0768115938729657e-07,1.3381054657899088e-07,1.1150878881582573e-08,合格,合格,7.7107491150227369e-10,1.9291055311634356e-10,5.7816435838593021e-10,2.8699895608064571e-93,361.89636883574275,2.8437954477466292
tfix,139,K,1,合格,0,解像しない,解像しない,4.4033601414575746e-07,8.7213985715028602e-07,1.3124758712960435e-06,4.5651334653775429e-08,合格,合格,1.7119250495165784e-14,1.7119250495165784e-14,0,1.1749643708319327e-92,361.89636883574275,2.8437954477466292
tfix,139,K,2,合格,0,合格,解像しない,1.6912831565608452e-07,1.6472062517223721e-07,4.4076904838472896e-09,1.7630761935389158e-08,合格,合格,4.5316567787054953e-14,4.5316567787054953e-14,0,4.5377681204308248e-93,361.89636883574275,2.8437954477466292
tfix,139,K,3,合格,0,合格,解像しない,3.73957014204136e-08,4.1437035971238645e-09,3.3251997823289735e-08,1.4778665699239881e-08,合格,合格,8.4515494467528077e-14,8.4515494467528077e-14,0,3.8037016391166542e-93,361.89636883574275,2.8437954477466292
vfix,140,K,0,合格,0,合格,解像しない,2.6556422786515235e-09,1.2060712501721577e-08,9.4050702230700521e-09,3.7620280519360302e-08,合格,合格,9.9998531197379861e-13,2.4999632799344965e-13,7.4998898398034906e-13,9.6826280252674681e-93,275.36424501660508,40533.299507777687
vfix,140,K,4,合格,0,合格,解像しない,2.655642204711237e-09,6.7494279330167244e-09,9.4050701377279622e-09,3.7620280519360308e-08,合格,合格,0,0,0,9.6826280252674698e-93,275.36424501660508,40533.299507777687
tfix,140,K,0,合格,0,合格,合格,3.0580534306936821e-11,1.8024700314178308e-10,2.108275374487199e-10,1.0541376872435995e-10,合格,合格,1.9923202288904032e-12,4.9818547099132516e-13,1.494134757899078e-12,2.7131172261575329e-95,456.47612583816556,97558.066609284841
tfix,140,K,1,合格,0,合格,合格,2.5723535422090202e-11,2.5311633170371955e-10,2.7883986712580977e-10,1.2392882983369323e-10,合格,合格,1.2392882983369322e-16,1.2392882983369322e-16,0,3.1896539428215974e-95,456.47612583816556,97558.066609284841
tfix,140,K,2,合格,0,合格,合格,1.415606092872681e-09,1.415606092872681e-09,2.3337961990620691e-12,4.7796146156791175e-09,合格,合格,2.9872591347994483e-16,2.9872591347994483e-16,0,1.2301670744835679e-93,456.47612583816556,97558.066609284841
tfix,140,K,3,合格,0,合格,合格,1.2520394990278503e-11,3.3814370494661334e-11,4.6334765484939837e-11,1.8533906193975935e-10,合格,合格,1.8533906193975933e-16,1.8533906193975933e-16,0,4.7702174745644667e-95,456.47612583816556,97558.066609284841
vfix,141,K,0,合格,0,合格,合格,1.6696832277569636e-09,1.6696832277569636e-09,0,7.5884124193211216e-09,合格,合格,9.9998622805129793e-13,2.4994487279595184e-13,7.5004135525534599e-13,1.9530894970544943e-93,75.395514827338332,3234.2391866168832
vfix,141,K,4,合格,0,合格,合格,2.2741988259593563e-10,1.6696832042430088e-09,1.8971030868389445e-09,7.5884124193211232e-09,合格,合格,1.6246528632963114e-16,1.6246528632963114e-16,0,1.9530894970544947e-93,75.395514827338332,3234.2391866168832
tfix,141,K,0,合格,0,合格,合格,9.6470644525188811e-11,2.2091983061874476e-10,1.2444918609355597e-10,1.2444918609355597e-10,合格,合格,1.7032115608764069e-12,4.2598956399824208e-13,1.2772219968781649e-12,3.2030467618950154e-95,51.917466425731426,6106.0333734418009
tfix,141,K,1,合格,0,合格,合格,9.3118525419484555e-11,2.3380011724100041e-10,3.2691864266048498e-10,1.3076745706419399e-09,合格,合格,3.2691864266048497e-16,3.2691864266048497e-16,0,3.3656650803311319e-94,51.917466425731426,6106.0333734418009
tfix,141,K,2,合格,0,合格,合格,5.4836942457718098e-11,2.4285339920886584e-10,2.9769034166658395e-10,3.9692045555544524e-10,合格,合格,3.9692045555544526e-16,3.9692045555544526e-16,0,1.0215854517047698e-94,51.917466425731426,6106.0333734418009
tfix,141,K,3,合格,0,合格,合格,3.953472299639866e-11,5.6476474939348942e-11,9.6011197935747602e-11,1.2801493058099679e-10,合格,合格,6.2507290322752346e-20,6.2507290322752346e-20,0,3.2948211373871646e-95,51.917466425731426,6106.0333734418009
vfix,142,K,0,合格,0,合格,合格,5.1548328524314348e-11,5.1548328524314348e-11,0,1.3574549365875423e-09,合格,合格,9.9995939779382022e-13,2.5007416305703803e-13,7.4988523473678219e-13,3.4937887305960225e-94,2.2300653552724543,6.2403883518457839
vfix,142,K,4,合格,0,合格,合格,5.1548140756780012e-11,6.2717934880857423e-10,6.787274895653542e-10,1.3574549365875421e-09,合格,合格,0,0,0,3.493788730596022e-94,2.2300653552724543,6.2403883518457839
tfix,142,K,0,合格,0,合格,合格,2.6139547578270265e-10,2.4006803561431521e-09,2.1392848803604492e-09,2.8523798404805991e-09,合格,合格,2.3961773397437331e-12,5.9899976650092574e-13,1.7971775732428073e-12,7.3413947479557568e-94,3.0765711709232111,6.3167341143536238
tfix,142,K,1,合格,0,合格,合格,2.2095637558547161e-09,2.2308848473510463e-09,4.4404486032057627e-09,8.8808972064115255e-09,合格,合格,1.3876401885018009e-16,1.3876401885018009e-16,0,2.2857464908074532e-93,3.0765711709232111,6.3167341143536238
tfix,142,K,2,合格,0,合格,合格,7.7659744311997458e-10,1.9698583481129153e-10,9.7358327793126616e-10,1.9471665558625323e-09,合格,合格,7.4278509363652515e-21,7.4278509363652515e-21,0,5.0115759912942505e-94,3.0765711709232111,6.3167341143536238
tfix,142,K,3,合格,0,合格,合格,6.6653133000131522e-10,6.5823794315901322e-10,1.3247692731603283e-09,5.2990770926413134e-09,合格,合格,2.0214374895634894e-20,2.0214374895634894e-20,0,1.3638652252700985e-93,3.0765711709232111,6.3167341143536238
vfix,143,K,0,合格,0,合格,合格,3.1503365117028859e-10,3.1503365117028859e-10,0,1.1995049855418939e-09,合格,合格,1.0001546140167043e-12,2.5022494366473647e-13,7.4992967035196776e-13,3.0872604959654571e-94,1.7991086124019753,5.1609342246975523
vfix,143,K,4,合格,0,合格,合格,1.515718962791107e-11,2.8471898292303572e-10,2.9987617255094679e-10,1.1995049855418937e-09,合格,合格,0,0,0,3.0872604959654566e-94,1.7991086124019753,5.1609342246975523
tfix,143,K,0,合格,0,合格,合格,1.0666226555811277e-11,3.8073651361100585e-12,1.4473591691921336e-11,2.8947183383842672e-11,合格,合格,2.2813854168474085e-12,5.7025951266170064e-13,1.711125904185708e-12,7.4503646760611082e-96,1.0225446172223154,0.5414864353122435
tfix,143,K,1,合格,0,合格,合格,3.1095544366488252e-11,7.8374840061594026e-11,1.0947038442808228e-10,4.3788153771232912e-11,合格,合格,1.7515261508493164e-16,1.7515261508493164e-16,0,1.1270102163695154e-95,1.0225446172223154,0.5414864353122435
tfix,143,K,2,合格,0,合格,合格,8.4208348051414641e-11,1.6504123428000435e-11,6.7704224623414212e-11,4.5136149748942806e-11,合格,合格,1.8054459899577122e-16,1.8054459899577122e-16,0,1.16170465099768e-95,1.0225446172223154,0.5414864353122435
tfix,143,K,3,合格,0,合格,合格,3.7976582957648139e-11,1.5483994770068147e-10,1.9281653065832962e-10,7.011510205757441e-11,合格,合格,1.402302041151488e-16,1.402302041151488e-16,0,1.8046076286639628e-95,1.0225446172223154,0.5414864353122435
vfix,144,K,0,合格,0,合格,合格,4.6934280099351379e-11,1.0152163568647785e-10,1.4845591578582923e-10,1.4845594496688096e-10,合格,合格,1.0002907420268333e-12,2.5028551332416085e-13,7.5000522870267259e-13,3.8209276310795805e-95,78.267612844979709,0.55890492423914395
vfix,144,K,4,合格,0,合格,合格,4.6934299555932309e-11,3.2420550256475334e-10,3.7113980212068565e-10,1.4845594496688093e-10,合格,合格,1.8430181243985042e-16,1.8430181243985042e-16,0,3.8209276310795798e-95,78.267612844979709,0.55890492423914395
tfix,144,K,0,合格,0,合格,合格,5.8184661452407916e-09,1.0259747870264033e-08,4.4412817250232404e-09,8.8825634500464808e-09,合格,合格,7.5378127387363977e-11,1.8835753375931378e-11,5.6542374011432599e-11,2.2861753450609041e-93,71.47455565629528,1.053429155133955
tfix,144,K,1,合格,0,合格,解像しない,8.1344369853446651e-10,6.8450614665341683e-09,7.6585051650686346e-09,1.5317010330137269e-08,合格,合格,9.453467313131597e-15,9.453467313131597e-15,0,3.942259638642915e-93,71.47455565629528,1.053429155133955
tfix,144,K,2,合格,0,合格,解像しない,1.1378097781780383e-08,1.8642941273304445e-10,1.119166836904734e-08,2.2383336738094681e-08,合格,合格,5.5958341845236701e-15,5.5958341845236701e-15,0,5.7609757451898914e-93,71.47455565629528,1.053429155133955
tfix,144,K,3,合格,0,合格,解像しない,9.5930554008662398e-09,1.8247081542716724e-08,2.7840136943582964e-08,1.2373394197147985e-08,合格,合格,1.6626748452417604e-14,1.6626748452417604e-14,0,3.1846379603504389e-93,71.47455565629528,1.053429155133955
vfix,145,K,0,合格,0,合格,合格,9.3365116632473536e-11,1.932117196898962e-10,2.8657683632236972e-10,3.9527832629529864e-11,合格,合格,9.9990640510127279e-13,2.4987712789637852e-13,7.5002927720489422e-13,1.0173589742367922e-95,988.60142264278784,20.698611774478763
vfix,145,K,4,合格,0,合格,合格,5.4864205059516061e-11,3.5100241378238788e-11,1.9763963681277276e-11,3.952783262952987e-11,合格,合格,1.3652634776342902e-16,1.3652634776342902e-16,0,1.0173589742367924e-95,988.60142264278784,20.698611774478763
tfix,145,K,0,合格,0,合格,合格,1.6657669486119272e-09,5.5550821194121287e-09,3.8893151708002023e-09,7.7786303416004046e-09,合格,合格,6.6435094007825468e-11,1.6617220608342951e-11,4.9817873399482523e-11,2.0020473825285724e-93,3680.8133230637864,36.678452766629107
tfix,145,K,1,合格,0,合格,解像しない,5.4110290218373562e-09,2.6078882031629125e-09,8.018917225000269e-09,1.0691889633333692e-08,合格,合格,7.0165525718752355e-15,7.0165525718752355e-15,0,2.7518558813910692e-93,3680.8133230637864,36.678452766629107
tfix,145,K,2,合格,0,合格,解像しない,7.7168297243253098e-09,7.7168297243253098e-09,9.4324641922260566e-14,1.2363319466034537e-08,合格,合格,1.4874618732572801e-14,1.4874618732572801e-14,0,3.182044947420195e-93,3680.8133230637864,36.678452766629107
tfix,145,K,3,合格,0,合格,解像しない,1.6385562744188987e-08,1.0312434470878696e-08,6.0731282733102917e-09,2.4292513093241167e-08,合格,合格,8.1607661172607036e-15,8.1607661172607036e-15,0,6.2523555070182515e-93,3680.8133230637864,36.678452766629107
vfix,146,K,0,合格,0,合格,解像しない,3.3621765086581031e-08,1.0457891494260866e-07,7.0957149856027619e-08,2.838285989296299e-07,合格,合格,1.0000301103562799e-12,2.5000752758906996e-13,7.5002258276720994e-13,7.3051202926414683e-92,0.33427598536531605,727.29123264930661
vfix,146,K,4,合格,0,合格,解像しない,3.3621765142969284e-08,3.7335384675944812e-08,7.0957149818914103e-08,2.838285989296299e-07,合格,合格,1.6805384269886142e-16,1.6805384269886142e-16,0,7.3051202926414683e-92,0.33427598536531605,727.29123264930661
tfix,146,K,0,合格,0,合格,合格,2.3835698511524096e-11,5.7281799754085905e-11,3.3446101242561806e-11,1.3378440497024722e-10,合格,合格,1.9646239869880807e-12,4.9125633505074777e-13,1.4733676519373328e-12,3.4433146457853019e-95,0.013524155661979384,1031.1524407566569
tfix,146,K,1,合格,0,合格,合格,1.0649367153994061e-10,1.0280252383825083e-10,2.0929619537819145e-10,2.0929619537819145e-10,合格,合格,2.0929619537819144e-16,2.0929619537819144e-16,0,5.3868210948289639e-95,0.013524155661979384,1031.1524407566569
tfix,146,K,2,合格,0,合格,合格,6.4601221737051739e-11,1.4548208589433986e-11,5.0053013147617759e-11,2.0021205259047104e-10,合格,合格,2.0021205259047103e-16,2.0021205259047103e-16,0,5.1530153540752566e-95,0.013524155661979384,1031.1524407566569
tfix,146,K,3,合格,0,合格,合格,1.3952093591732063e-10,1.8529043034931911e-10,3.2481136626663972e-10,3.2481136626663972e-10,合格,合格,1.6240568313331987e-16,1.6240568313331987e-16,0,8.359926067856605e-95,0.013524155661979384,1031.1524407566569
vfix,147,K,0,合格,0,合格,解像しない,6.1576891773226878e-09,2.2020765822455225e-08,2.8178454999777914e-08,5.635690976815223e-08,合格,合格,1.0002089490504585e-12,2.50302539802417e-13,7.4990640924804144e-13,1.4505021929800845e-92,123.10463031177188,127532.34072507136
vfix,147,K,4,合格,0,合格,解像しない,7.9315381689179684e-09,6.157689200749461e-09,1.4089227369667429e-08,5.6356909768152217e-08,合格,合格,0,0,0,1.4505021929800842e-92,123.10463031177188,127532.34072507136
tfix,147,K,0,合格,0,合格,合格,2.3408769130539121e-11,7.5132893876040995e-11,9.8541663006580118e-11,9.8541663006580118e-11,合格,合格,2.0043374255538395e-12,5.0098581472545328e-13,1.5033516108283863e-12,2.536244426441612e-95,349.94088583619686,54394.440572384498
tfix,147,K,1,合格,0,合格,合格,4.1908915127765556e-11,7.8719427104680494e-11,3.6810511976914932e-11,1.4724204790765973e-10,合格,合格,4.4172614372297918e-16,4.4172614372297918e-16,0,3.7896846059794447e-95,349.94088583619686,54394.440572384498
tfix,147,K,2,合格,0,合格,合格,2.5549751022514478e-09,5.3127849635102475e-10,3.0862535986024726e-09,6.1725071972049453e-09,合格,合格,1.7360176492138908e-15,1.7360176492138908e-15,0,1.5886668134509174e-93,349.94088583619686,54394.440572384498
tfix,147,K,3,合格,0,合格,合格,5.2912746445331123e-11,8.518299157017964e-11,3.2270245124848523e-11,1.2908098049939409e-10,合格,合格,2.5816196099878816e-16,2.5816196099878816e-16,0,3.3222589041281535e-95,349.94088583619686,54394.440572384498
vfix,148,K,0,合格,0,合格,解像しない,3.7727959617998781e-08,5.501922367557804e-08,9.2747183293576821e-08,3.7098873324991387e-07,合格,合格,9.9992519088659255e-13,2.4990094372045184e-13,7.5002424716614061e-13,9.5484293472386211e-92,0.1544289567560746,383.65794541166798
vfix,148,K,4,合格,0,合格,解像しない,3.7727959617679529e-08,1.3047514298659636e-07,9.2747183368916854e-08,3.7098873324991387e-07,合格,合格,0,0,0,9.5484293472386211e-92,0.1544289567560746,383.65794541166798
tfix,148,K,0,合格,0,合格,合格,8.1511636679889665e-11,8.9482966000518113e-12,9.0459933279941478e-11,6.0306622186627648e-11,合格,合格,2.1060278600014109e-12,5.2659742493363262e-13,1.5794304350677781e-12,1.5521590536597808e-95,0.26479051408632015,458.44931003526602
tfix,148,K,1,合格,0,合格,合格,2.9957294630643586e-11,2.3186744096770972e-11,5.3144038727414561e-11,1.0628807745482912e-10,合格,合格,0,0,0,2.7356199988628567e-95,0.26479051408632015,458.44931003526602
tfix,148,K,2,合格,0,合格,合格,2.5141752056773761e-11,1.116091910461817e-10,1.3675094310295545e-10,1.8233459080394059e-10,合格,合格,6.955512649686455e-22,6.955512649686455e-22,0,4.6928890335768593e-95,0.26479051408632015,458.44931003526602
tfix,148,K,3,合格,0,合格,合格,4.58169705690077e-11,2.6899222149166245e-11,1.8917748419841455e-11,7.5670993679365822e-11,合格,合格,1.5134198735873162e-16,1.5134198735873162e-16,0,1.9476039890840339e-95,0.26479051408632015,458.44931003526602
vfix,149,K,0,合格,0,合格,合格,1.5889360735957921e-11,5.701025072842151e-11,7.2899611464379432e-11,4.2260620721704084e-12,合格,合格,9.9990562460486174e-13,2.4994120316485419e-13,7.499644214400075e-13,1.0876948946581885e-96,2.9635836276625653,2.6808635830131387
vfix,149,K,4,合格,0,合格,合格,5.912301040525432e-11,8.8789031690158003e-11,1.4791204209541232e-10,4.2260620721704093e-12,合格,合格,0,0,0,1.0876948946581888e-96,2.9635836276625653,2.6808635830131387
tfix,149,K,0,合格,0,合格,合格,3.2211966310662189e-09,7.1294808442899507e-09,1.035067747535617e-08,2.957336421530334e-09,合格,合格,2.5867821679125832e-11,6.4623345816228173e-12,1.9405487097503016e-11,7.6115297706293464e-94,85.652212026888392,2.100537173463465
tfix,149,K,1,合格,0,合格,合格,5.1696736168664463e-09,9.417621934894307e-09,1.4587295551760752e-08,3.4323048357084123e-09,合格,合格,1.2871143133906547e-15,1.2871143133906547e-15,0,8.833993403209327e-94,85.652212026888392,2.100537173463465
tfix,149,K,2,合格,0,合格,解像しない,1.6433473468746227e-08,2.159214553389506e-08,5.1586720651488349e-09,1.031734413029767e-08,合格,合格,2.7405445346103186e-15,2.7405445346103186e-15,0,2.6554561540533595e-93,85.652212026888392,2.100537173463465
tfix,149,K,3,合格,0,合格,合格,9.2333543219957908e-09,5.4840361317652249e-10,8.6849507088192679e-09,6.9479605670554148e-09,合格,合格,1.3027426063228902e-15,1.3027426063228902e-15,0,1.7882513574135345e-93,85.652212026888392,2.100537173463465
vfix,150,K,0,合格,0,合格,合格,3.8077510234353781e-10,3.8077510234353781e-10,0,1.9835303515465885e-09,合格,合格,1.0000469676949435e-12,2.4996575852444883e-13,7.500812091704947e-13,5.1051683575219145e-94,46.72451626932407,550.60941960379284
vfix,150,K,4,合格,0,合格,合格,3.8077493567317456e-10,3.8077493567317456e-10,0,1.9835303515465885e-09,合格,合格,0,0,0,5.1051683575219145e-94,46.72451626932407,550.60941960379284
tfix,150,K,0,合格,0,合格,合格,1.8315967987981287e-10,3.5550882160335992e-10,5.3866850148317278e-10,5.3866850148317278e-10,合格,合格,1.9862054320938287e-12,4.9624835699137293e-13,1.4899570751024559e-12,1.3864135665085381e-94,37.144799516294746,454.30131826178052
tfix,150,K,1,合格,0,合格,合格,6.5342520101367273e-10,4.5288889908141214e-10,1.106314100095085e-09,1.106314100095085e-09,合格,合格,1.382892625118856e-16,1.382892625118856e-16,0,2.8474077711399736e-94,37.144799516294746,454.30131826178052
tfix,150,K,2,合格,0,合格,合格,5.9816644393618297e-10,5.5159534276581834e-10,1.1497617867020012e-09,1.5330157156026685e-09,合格,合格,5.7488089335100068e-16,5.7488089335100068e-16,0,3.9456433408121388e-94,37.144799516294746,454.30131826178052
tfix,150,K,3,合格,0,合格,合格,1.0783621810514536e-10,2.5107153361752454e-11,1.329433714668978e-10,5.3177348586759121e-10,合格,合格,1.3294337146689781e-16,1.3294337146689781e-16,0,1.3686673215277944e-94,37.144799516294746,454.30131826178052
vfix,151,K,0,合格,0,合格,合格,2.9858339926324425e-10,2.9858339926324425e-10,0,1.4111445130918977e-09,合格,合格,9.9994237429797472e-13,2.5004173226606668e-13,7.4990064203190814e-13,3.6319738241011822e-94,3488.7475214799142,433.61195575755892
vfix,151,K,4,合格,0,合格,合格,5.4202914275993942e-11,4.0698904246613319e-10,3.5278612819013922e-10,1.4111445130918979e-09,合格,合格,0,0,0,3.6319738241011827e-94,3488.7475214799142,433.61195575755892
tfix,151,K,0,合格,0,合格,合格,1.1982892754923608e-10,1.9947093415438524e-10,3.192998617036213e-10,6.385997234072426e-10,合格,合格,4.2685602011848614e-12,1.0672597877443542e-12,3.2013004134405071e-12,1.6436144264285679e-94,1755.0770859689187,37.296061174813303
tfix,151,K,1,合格,0,合格,合格,4.3508099329794375e-10,2.9469231303815032e-10,7.2977330633609407e-10,7.2977330633609407e-10,合格,合格,1.8244332658402351e-16,1.8244332658402351e-16,0,1.8782750608107689e-94,1755.0770859689187,37.296061174813303
tfix,151,K,2,合格,0,合格,合格,3.9586612867689382e-10,5.9201688740715573e-10,9.8788301608404955e-10,1.3171773547787328e-09,合格,合格,3.2929433869468318e-16,3.2929433869468318e-16,0,3.3901231446333443e-94,1755.0770859689187,37.296061174813303
tfix,151,K,3,合格,0,合格,合格,7.6035540165293737e-10,2.5383887470603816e-09,1.7780333454074444e-09,3.5560666908148888e-09,合格,合格,2.2225416817593054e-16,2.2225416817593054e-16,0,9.1525290414793196e-94,1755.0770859689187,37.296061174813303
vfix,152,K,0,合格,0,合格,合格,1.8638499964550254e-11,2.9738891322989581e-10,2.7875041326534552e-10,1.1150015593964565e-09,合格,合格,9.9997287419970162e-13,2.4996483925391562e-13,7.5000803494578585e-13,2.8697673696699583e-94,3.9650132498796209,52.698492090103883
vfix,152,K,4,合格,0,合格,合格,1.8638336506670048e-11,2.6011200387626204e-10,2.7875034038293211e-10,1.1150015593964565e-09,合格,合格,1.1650052509091506e-16,1.1650052509091506e-16,0,2.8697673696699583e-94,3.9650132498796209,52.698492090103883
tfix,152,K,0,合格,0,合格,合格,5.7673413973612246e-11,1.0374279094372717e-11,6.804769306798496e-11,1.3609538613596992e-10,合格,合格,1.7844827030148377e-12,4.4625677113984541e-13,1.3382259318749924e-12,3.5027941889789696e-95,14.006051906314159,437.46901773630623
tfix,152,K,1,合格,0,合格,合格,2.1792167326452012e-11,2.1792167326452012e-11,1.0849892632320281e-13,2.2220580110991935e-10,合格,合格,2.2220580110991934e-16,2.2220580110991934e-16,0,5.7190857896359437e-95,14.006051906314159,437.46901773630623
tfix,152,K,2,合格,0,合格,合格,3.9210213462789529e-11,1.3018045633213495e-10,1.6939066979492446e-10,3.3878133958984892e-10,合格,合格,1.2923482497781713e-21,1.2923482497781713e-21,0,8.7194822788793621e-95,14.006051906314159,437.46901773630623
tfix,152,K,3,合格,0,合格,合格,1.7049946571012829e-11,1.7049946571012829e-11,4.8763906797681388e-14,1.9973696224330297e-10,合格,合格,0,0,0,5.1407875794640166e-95,14.006051906314159,437.46901773630623
vfix,153,K,0,合格,0,合格,解像しない,1.1658261254273049e-09,4.0688694150702394e-09,2.9030432896429346e-09,1.1612173609018597e-08,合格,合格,1.0001438281310273e-12,2.5018888422360255e-13,7.4995494390742481e-13,2.9887166195662016e-93,4.6173125473065273,1716.9226079481623
vfix,153,K,4,合格,0,合格,解像しない,1.7372172012305902e-09,1.7372172012305902e-09,0,1.1612173609018599e-08,合格,合格,1.7548339795513056e-16,1.7548339795513056e-16,0,2.988716619566202e-93,4.6173125473065273,1716.9226079481623
tfix,153,K,0,合格,0,合格,合格,3.349010532493446e-11,9.6812797287070413e-11,6.3322691962135947e-11,1.8092197703467416e-11,合格,合格,1.9791416911777074e-12,4.9456831642198521e-13,1.4845733747557221e-12,4.6565314799319871e-96,16.185900576456795,123.66235616464357
tfix,153,K,1,合格,0,合格,合格,7.7001240748542449e-10,9.89404985486221e-11,8.6895290603404659e-10,4.344764530170233e-10,合格,合格,1.0861911325425583e-15,1.0861911325425583e-15,0,1.1182462815864639e-94,16.185900576456795,123.66235616464357
tfix,153,K,2,合格,0,合格,合格,9.3627497088589053e-11,5.673481813431858e-11,1.5036231522290763e-10,2.7338602767801388e-11,合格,合格,2.187088221424111e-16,2.187088221424111e-16,0,7.0363516081423848e-96,16.185900576456795,123.66235616464357
tfix,153,K,3,合格,0,合格,合格,8.3407871133396217e-11,8.8031241112441974e-11,1.7143911224583819e-10,2.1429889030729774e-11,合格,合格,1.7143911224583818e-16,1.7143911224583818e-16,0,5.5155793960795355e-96,16.185900576456795,123.66235616464357
vfix,154,K,0,合格,0,合格,合格,2.3445505307971952e-10,1.074887969431319e-09,1.3093430225110384e-09,5.2373717169960215e-09,合格,合格,9.9979345697163198e-13,2.496992628234911e-13,7.5009419414814094e-13,1.3479836265344036e-93,12.454257188202975,76.221948151847016
vfix,154,K,4,合格,0,合格,合格,2.3445518853133158e-10,1.0748877765653234e-09,1.309342965096655e-09,5.2373717169960224e-09,合格,合格,1.4151410313088518e-16,1.4151410313088518e-16,0,1.3479836265344038e-93,12.454257188202975,76.221948151847016
tfix,154,K,0,合格,0,合格,合格,2.7143280409884126e-11,1.2774639872010777e-10,1.548896791299919e-10,1.0325978608666126e-10,合格,合格,1.976185786126523e-12,4.9399481663858751e-13,1.4821909694879357e-12,2.6576784777861918e-95,8.7169553330825185,472.11026692038985
tfix,154,K,1,合格,0,合格,合格,1.6595382113254134e-11,1.4095845933164803e-10,1.2436307721839389e-10,2.4872615443678778e-10,合格,合格,2.4872615443678778e-16,2.4872615443678778e-16,0,6.4016610198514199e-95,8.7169553330825185,472.11026692038985
tfix,154,K,2,合格,0,合格,合格,9.1124421524432241e-11,4.8260280438104957e-11,1.393847019625372e-10,1.393847019625372e-10,合格,合格,1.3938470196253721e-16,1.3938470196253721e-16,0,3.5874539022149881e-95,8.7169553330825185,472.11026692038985
tfix,154,K,3,合格,0,合格,合格,2.0855933646041898e-11,1.1833725455599152e-10,9.7481320909949618e-11,1.9496264181989924e-10,合格,合格,1.9496264181989923e-16,1.9496264181989923e-16,0,5.0179071328137962e-95,8.7169553330825185,472.11026692038985
vfix,155,K,0,合格,0,合格,解像しない,5.0067941891982941e-07,5.0067941891982941e-07,0,4.0121226318758538e-06,合格,合格,1.0001761571854638e-12,2.5015121633849896e-13,7.500249408469648e-13,1.0326316151794497e-90,8.6447233166726054,143768.69456717095
vfix,155,K,4,合格,0,解像しない,解像しない,5.0235123899281831e-07,5.0067941904022699e-07,1.0030306580330453e-06,4.012122631875853e-06,合格,合格,1.441439940266309e-16,1.441439940266309e-16,0,1.0326316151794495e-90,8.6447233166726054,143768.69456717095
tfix,155,K,0,合格,0,合格,合格,4.7857237047513097e-11,6.6763554552655582e-11,1.1462079160016869e-10,7.6413861066779128e-11,合格,合格,2.0483499597560814e-12,5.1227852459168728e-13,1.5360714351643939e-12,1.9667237523742722e-95,2.6152746058687129,53137.698040581454
tfix,155,K,1,合格,0,合格,合格,7.2835456392197805e-11,2.3110889678635007e-10,3.0394435317854788e-10,1.1052521933765377e-10,合格,合格,2.1586956901885503e-19,2.1586956901885503e-19,0,2.8446746581457912e-95,2.6152746058687129,53137.698040581454
tfix,155,K,2,合格,0,合格,合格,1.9672742529698135e-11,1.1021204836767118e-10,9.0539305837973043e-11,3.6215722335189217e-10,合格,合格,1.8107861167594609e-16,1.8107861167594609e-16,0,9.3211258182285031e-95,2.6152746058687129,53137.698040581454
tfix,155,K,3,合格,0,合格,合格,4.9247675331969248e-11,1.6715523243416067e-10,2.164029077661299e-10,1.0820145388306495e-10,合格,合格,2.1640290776612991e-16,2.1640290776612991e-16,0,2.7848660756362296e-95,2.6152746058687129,53137.698040581454
vfix,156,K,0,合格,0,合格,合格,6.1846992199268889e-11,6.1846992199268889e-11,0,4.3671036113673443e-10,合格,合格,1.0000913120834366e-12,2.5006529835006263e-13,7.5002601373337396e-13,1.1239958669343605e-94,2058.8941101978153,0.86314777068491821
vfix,156,K,4,合格,0,合格,合格,4.7330583357259727e-11,6.1847121891590179e-11,1.0917770524884991e-10,4.3671036113673443e-10,合格,合格,0,0,0,1.1239958669343605e-94,2058.8941101978153,0.86314777068491821
tfix,156,K,0,合格,0,合格,解像しない,8.1593181701147777e-09,4.1782701102780617e-08,3.362338293266584e-08,1.3449353173066336e-07,合格,合格,7.0420734409371585e-10,1.7604441523774266e-10,5.2816292885597322e-10,3.4615659999726767e-92,3246.2144019567945,2.1930310213501798
tfix,156,K,1,合格,0,解像しない,解像しない,2.0300827067874525e-07,2.4879386900785612e-07,4.5180213968660135e-07,2.5817265124948648e-07,合格,合格,2.3573381730299792e-14,2.3573381730299792e-14,0,6.6447929516618837e-92,3246.2144019567945,2.1930310213501798
tfix,156,K,2,合格,0,合格,解像しない,1.1293293020797723e-07,1.8327112202941406e-07,7.0338191821436825e-08,2.813527672857473e-07,合格,合格,1.9700188881238361e-13,1.9700188881238361e-13,0,7.2413978627979034e-92,3246.2144019567945,2.1930310213501798
tfix,156,K,3,合格,0,解像しない,解像しない,1.457663837711624e-07,4.1079872237321956e-08,1.8684625600848436e-07,1.8684625600848436e-07,合格,合格,1.2480746006816728e-13,1.2480746006816728e-13,0,4.8090093159008e-92,3246.2144019567945,2.1930310213501798
vfix,157,K,0,合格,0,解像しない,解像しない,1.3315497854768022e-06,7.5110824882424295e-07,2.0826580343010453e-06,8.3306321371241754e-06,合格,合格,1.0002960543318161e-12,2.5030428431369337e-13,7.4999177001812264e-13,2.1441204341259907e-90,0.010410757890427388,2618.2722309414203
vfix,157,K,4,合格,0,合格,解像しない,7.511082487851509e-07,7.511082487851509e-07,0,8.3306321371241737e-06,合格,合格,1.1455028122345681e-16,1.1455028122345681e-16,0,2.1441204341259903e-90,0.010410757890427388,2618.2722309414203
tfix,157,K,0,合格,0,合格,合格,6.9457725471878787e-11,2.1241760676397735e-10,1.4295988129209856e-10,1.9061317505613142e-10,合格,合格,1.835033036265377e-12,4.5861529918505214e-13,1.376417737080325e-12,4.9059614795639364e-95,0.24619985830265029,8497.7921088040785
tfix,157,K,1,合格,0,合格,合格,1.1929184438306164e-10,1.1929184438306164e-10,3.2978140755136174e-13,1.3507846453303777e-09,合格,合格,1.6884808066629721e-16,1.6884808066629721e-16,0,3.4766208764036326e-94,0.24619985830265029,8497.7921088040785
tfix,157,K,2,合格,0,合格,合格,4.4135468843131164e-12,4.4135468843131164e-12,9.1673140616216341e-14,3.7549318396402213e-10,合格,合格,1.8774659198201107e-16,1.8774659198201107e-16,0,9.6643639445375845e-95,0.24619985830265029,8497.7921088040785
tfix,157,K,3,合格,0,合格,合格,9.3570745036760737e-11,1.4844785754934697e-10,5.4877112512586231e-11,2.1950845005034492e-10,合格,合格,6.6988662735090616e-21,6.6988662735090616e-21,0,5.6496619400450837e-95,0.24619985830265029,8497.7921088040785
vfix,158,K,0,合格,0,合格,合格,4.5652090423713339e-11,1.3083780256429661e-10,1.7648989298800995e-10,7.8439920003560426e-11,合格,合格,1.000233887541301e-12,2.5025511026426519e-13,7.4997877727703567e-13,2.0188700276579626e-95,1114.7714049473434,1.933257949745439
vfix,158,K,4,合格,0,合格,合格,5.2397732894869956e-11,2.6042199278684765e-11,7.8439932173554721e-11,7.84399200035604e-11,合格,合格,1.3276878707645166e-16,1.3276878707645166e-16,0,2.018870027657962e-95,1114.7714049473434,1.933257949745439
tfix,158,K,0,合格,0,合格,解像しない,7.0318562328139183e-08,3.1168949540095881e-08,3.9149612788043302e-08,1.5659845115217321e-07,合格,合格,4.277579979408333e-10,1.069354851206158e-10,3.208225128202175e-10,4.0304977286365379e-92,4272.6605148653325,4.3965824303631962
tfix,158,K,1,合格,0,合格,解像しない,1.5353639223352063e-07,1.5353639223352063e-07,7.5972401305458384e-14,4.2486846224678575e-07,合格,合格,8.5264129874721159e-14,8.5264129874721159e-14,0,1.0935174386820263e-91,4272.6605148653325,4.3965824303631962
tfix,158,K,2,合格,0,解像しない,解像しない,5.6959478474046206e-07,1.359110338661411e-07,4.3368375087432101e-07,8.6736750174864203e-07,合格,合格,5.2939910995400515e-14,5.2939910995400515e-14,0,2.2324120832420731e-91,4272.6605148653325,4.3965824303631962
tfix,158,K,3,合格,0,解像しない,解像しない,1.5941687837672292e-07,3.8357516717618432e-08,1.2105936165910449e-07,1.6141248221213931e-07,合格,合格,4.7761701279568568e-14,4.7761701279568568e-14,0,4.1544002392298547e-92,4272.6605148653325,4.3965824303631962
vfix,159,K,0,合格,0,合格,合格,3.7760780077292627e-11,2.7734350327319961e-11,6.5495130404612592e-11,2.6198028965374034e-10,合格,合格,1.0000587253857957e-12,2.5001468134644892e-13,7.5004404403934682e-13,6.7427931414907182e-95,56.20470617850053,121.09205490328723
vfix,159,K,4,合格,0,合格,合格,3.7760707736488609e-11,1.5872451941909767e-10,1.9648522715558629e-10,2.6198028965374034e-10,合格,合格,0,0,0,6.7427931414907182e-95,56.20470617850053,121.09205490328723
tfix,159,K,0,合格,0,合格,合格,3.1792236033672415e-11,1.6574678163009443e-10,1.33954545596422e-10,1.33954545596422e-10,合格,合格,1.8462955019554846e-12,4.6147340957967389e-13,1.3848220923758108e-12,3.4476936891430161e-95,7.2573884449805375,265.53219643429196
tfix,159,K,1,合格,0,合格,合格,1.8549215642011513e-10,1.8549215642011513e-10,1.8044959217496074e-13,7.391215295486392e-10,合格,合格,1.847803823871598e-16,1.847803823871598e-16,0,1.9023353194836579e-94,7.2573884449805375,265.53219643429196
tfix,159,K,2,合格,0,合格,合格,6.2757628322681515e-11,1.18117612658532e-10,5.535998433585049e-11,2.2143993734340196e-10,合格,合格,2.2143993734340196e-16,2.2143993734340196e-16,0,5.6993741504167677e-95,7.2573884449805375,265.53219643429196
tfix,159,K,3,合格,0,合格,合格,4.5294155057995553e-11,8.6994722054500307e-11,4.1700566996504761e-11,1.6680226798601904e-10,合格,合格,1.6680226798601903e-16,1.6680226798601903e-16,0,4.2931214025595618e-95,7.2573884449805375,265.53219643429196
vfix,160,K,0,合格,0,合格,合格,7.6529912477187823e-11,1.1797104290195629e-10,4.1441130424768483e-11,8.2882359430833481e-11,合格,合格,9.9984281040251989e-13,2.4980941298520776e-13,7.5003339741731224e-13,2.1332085916060197e-95,8.2386724884750162,13.973767225793519
vfix,160,K,4,合格,0,合格,合格,8.9234955863829944e-11,1.3067609783760425e-10,4.1441141973774311e-11,8.2882359430833494e-11,合格,合格,0,0,0,2.1332085916060201e-95,8.2386724884750162,13.973767225793519
tfix,160,K,0,合格,0,合格,合格,1.0414324743462611e-09,3.3357522117275091e-09,4.3771846860737702e-09,3.5017477488590164e-09,合格,合格,3.2267730068798618e-11,8.0673702356682622e-12,2.4200359833130356e-11,9.0127241005209075e-94,44.646573530342188,18.559555043392077
tfix,160,K,1,合格,0,合格,合格,2.5215469108224817e-09,5.3544209877142475e-09,7.8759678985367293e-09,3.5004301771274351e-09,合格,合格,8.7510754428185878e-16,8.7510754428185878e-16,0,9.0093329623376225e-94,44.646573530342188,18.559555043392077
tfix,160,K,2,合格,0,合格,解像しない,4.3612534385035658e-09,1.9644180491459426e-08,2.4005433929962993e-08,1.3717390817121711e-08,合格,合格,1.5003396206226871e-15,1.5003396206226871e-15,0,3.5305529604186954e-93,44.646573530342188,18.559555043392077
tfix,160,K,3,合格,0,合格,合格,2.5677572174489421e-10,2.8640835892419729e-09,3.1208593109868669e-09,1.2483437243947468e-09,合格,合格,4.681288966480301e-16,4.681288966480301e-16,0,3.2129606063864821e-94,44.646573530342188,18.559555043392077
vfix,161,K,0,合格,0,合格,合格,2.5754019057132702e-10,1.0800695733443751e-09,1.3376097639157021e-09,2.6752196477588857e-09,合格,合格,1.0002713161086294e-12,2.5017560139996036e-13,7.5009571470866912e-13,6.8854236006576196e-94,210.16338585040751,2071.8766051676957
vfix,161,K,4,合格,0,合格,合格,2.5754019743061632e-10,2.5754019743061632e-10,0,2.6752196477588857e-09,合格,合格,1.5108399629630153e-16,1.5108399629630153e-16,0,6.8854236006576196e-94,210.16338585040751,2071.8766051676957
tfix,161,K,0,合格,0,合格,合格,9.3137431355402982e-11,1.0997637866100311e-10,2.0311381001640609e-10,8.1245524006562429e-11,合格,合格,2.1567436802782064e-12,5.391452973075483e-13,1.617598382970658e-12,2.0910800685514369e-95,86.212637036355616,6654.6796791493953
tfix,161,K,1,合格,0,合格,合格,6.3313809451986814e-13,1.1021036584803408e-10,1.1084350394255394e-10,1.4779133859007192e-10,合格,合格,2.9558267718014385e-16,2.9558267718014385e-16,0,3.8038221330848196e-95,86.212637036355616,6654.6796791493953
tfix,161,K,2,合格,0,合格,合格,5.171721847335567e-11,1.176363740232179e-11,6.3480855875677455e-11,1.2696171175135491e-10,合格,合格,1.2696171175135491e-16,1.2696171175135491e-16,0,3.267713614487696e-95,86.212637036355616,6654.6796791493953
tfix,161,K,3,合格,0,合格,合格,2.6162755360952766e-11,8.6613575143007638e-11,1.1277633050396041e-10,1.5036844067194722e-10,合格,合格,7.3422090171849223e-20,7.3422090171849223e-20,0,3.8701510399867747e-95,86.212637036355616,6654.6796791493953
vfix,162,K,0,合格,0,合格,合格,3.3942180524707196e-11,3.3942180524707196e-11,0,8.4194339558052437e-10,合格,合格,9.9977594797437311e-13,2.4977590092298561e-13,7.5000004705138744e-13,2.1669760579115056e-94,1.7085422875482434,36.03959709174282
vfix,162,K,4,合格,0,合格,合格,3.3942405583692225e-11,3.3942405583692225e-11,0,8.4194339558052447e-10,合格,合格,1.5780632939709714e-16,1.5780632939709714e-16,0,2.1669760579115058e-94,1.7085422875482434,36.03959709174282
tfix,162,K,0,合格,0,合格,合格,2.8297616617529233e-11,2.0743006679819289e-11,4.9040623297348518e-11,1.9616249318939407e-10,合格,合格,1.6871936039219786e-12,4.2194552285038667e-13,1.2652480810715919e-12,5.04878865293018e-95,7.6778849746415592,16.354672805880305
tfix,162,K,1,合格,0,合格,合格,8.7641439299097372e-11,1.2835664647049377e-10,2.1599808576959111e-10,2.1599808576959111e-10,合格,合格,1.3183476914647895e-20,1.3183476914647895e-20,0,5.5593129285691249e-95,7.6778849746415592,16.354672805880305
tfix,162,K,2,合格,0,合格,合格,1.3096135988647612e-10,4.5400747300863892e-10,5.8496883289511504e-10,1.1699376657902301e-09,合格,合格,7.140732823426697e-20,7.140732823426697e-20,0,3.0111607553715046e-94,7.6778849746415592,16.354672805880305
tfix,162,K,3,合格,0,合格,合格,1.9240510761033981e-11,1.9240510761033981e-11,1.189950810633953e-13,2.4370192601783358e-10,合格,合格,2.437019260178336e-16,2.437019260178336e-16,0,6.2723484942053768e-95,7.6778849746415592,16.354672805880305
vfix,163,K,0,合格,0,合格,合格,9.1742283625394949e-10,9.1742283625394949e-10,0,6.6113665899215527e-09,合格,合格,1.0001972569824302e-12,2.5013576669953595e-13,7.5006149028289426e-13,1.7016195133353025e-93,3.4148689937259769,494.66529418741584
vfix,163,K,4,合格,0,合格,合格,7.3541864518208478e-10,9.1742292950314543e-10,1.6528415746852302e-09,6.611366589921551e-09,合格,合格,0,0,0,1.7016195133353021e-93,3.4148689937259769,494.66529418741584
tfix,163,K,0,合格,0,合格,合格,5.1207470484584494e-11,1.4337302294824588e-10,1.9458049343283038e-10,1.1118885339018878e-10,合格,合格,1.8714195914102672e-12,4.6788269506591436e-13,1.403536896344353e-12,2.8617551306645712e-95,14.1121614688376,4106.3709934988656
tfix,163,K,1,合格,0,合格,合格,3.6208017762381406e-11,9.2803384476015075e-11,5.6595366713633663e-11,2.2638146685453465e-10,合格,合格,1.1319073342726733e-16,1.1319073342726733e-16,0,5.8265581891098244e-95,14.1121614688376,4106.3709934988656
tfix,163,K,2,合格,0,合格,合格,7.2950728852676075e-10,7.2950728852676075e-10,1.0817108029032477e-12,4.4306874486917028e-09,合格,合格,1.384589827716157e-16,1.384589827716157e-16,0,1.1403609401536856e-93,14.1121614688376,4106.3709934988656
tfix,163,K,3,合格,0,合格,合格,8.2524634630567939e-11,1.6840774827392968e-10,2.5093238290449762e-10,1.2546619145224881e-10,合格,合格,1.2546619145224882e-16,1.2546619145224882e-16,0,3.2292222301583605e-95,14.1121614688376,4106.3709934988656
vfix,164,K,0,合格,0,合格,解像しない,9.2371419959989739e-10,3.637245128751799e-09,4.5609593283516963e-09,1.8243837010897008e-08,合格,合格,9.9988091247277422e-13,2.4984702938575481e-13,7.5003388308701931e-13,4.6955600833230307e-93,0.048209687551728643,5.9031715519060395
vfix,164,K,4,合格,0,合格,解像しない,9.2371407628177929e-10,3.6372452039711044e-09,4.5609592802528832e-09,1.8243837010897008e-08,合格,合格,2.0441864093479645e-16,2.0441864093479645e-16,0,4.6955600833230307e-93,0.048209687551728643,5.9031715519060395
tfix,164,K,0,合格,0,合格,合格,4.997097984251307e-11,1.3630255336764997e-10,1.8627353321016303e-10,8.278823698229468e-11,合格,合格,1.8950227445247252e-12,4.7371429201269015e-13,1.4213084525120351e-12,2.1307860879844436e-95,0.023048051978235378,5.8309044569939639
tfix,164,K,1,合格,0,合格,合格,1.4982021876413501e-11,1.5734872887370499e-10,1.723307507501185e-10,1.3786460060009479e-10,合格,合格,1.3786460060009479e-16,1.3786460060009479e-16,0,3.5483298556899826e-95,0.023048051978235378,5.8309044569939639
tfix,164,K,2,合格,0,合格,合格,4.0659224699448193e-11,1.5412296910653332e-10,1.9478219380598152e-10,7.7912877522392606e-10,合格,合格,1.9478219380598152e-16,1.9478219380598152e-16,0,2.0053051200384253e-94,0.023048051978235378,5.8309044569939639
tfix,164,K,3,合格,0,合格,合格,8.0851444950835756e-11,2.9186274672356351e-11,5.1665170278479399e-11,1.033303405569588e-10,合格,合格,2.5227133925038768e-20,2.5227133925038768e-20,0,2.6594943937814467e-95,0.023048051978235378,5.8309044569939639
vfix,165,K,0,合格,0,解像しない,解像しない,1.4750361423870886e-06,1.1684633039790308e-06,2.6434994463661195e-06,5.2869988925664501e-06,合格,合格,9.9984712221129807e-13,2.4996178055282452e-13,7.4988534165847361e-13,1.3607565637469747e-90,0.08647661700551558,646.6694728736461
vfix,165,K,4,合格,0,不一致,解像しない,1.1684633040246141e-06,1.1684633040246141e-06,0,5.2869988925664501e-06,合格,合格,0,0,0,1.3607565637469747e-90,0.08647661700551558,646.6694728736461
tfix,165,K,0,合格,0,合格,合格,4.6897885290565338e-11,3.3266743221177309e-10,2.8576954692120775e-10,4.0824220988743967e-11,合格,合格,1.8325176317427391e-12,4.578844626097523e-13,1.3746331691329868e-12,1.050725142923645e-95,0.030307215966307605,165.74830474053144
tfix,165,K,1,合格,0,合格,合格,1.0196070271158647e-10,1.8257611405447634e-09,1.7238004378331769e-09,4.9251441080947914e-10,合格,合格,0,0,0,1.2676231466423545e-94,0.030307215966307605,165.74830474053144
tfix,165,K,2,合格,0,合格,合格,8.4446430607005991e-10,6.2536103966124547e-09,7.0980747026825144e-09,2.3660249008941715e-09,合格,合格,2.0702717882824002e-15,2.0702717882824002e-15,0,6.0896247177340666e-94,0.030307215966307605,165.74830474053144
tfix,165,K,3,合格,0,合格,合格,5.7809960878300285e-11,3.8597815285199151e-11,1.9212145593101131e-11,3.8424291186202263e-11,合格,合格,3.073943294896181e-16,3.073943294896181e-16,0,9.8895625857732474e-96,0.030307215966307605,165.74830474053144
vfix,166,K,0,合格,0,合格,合格,3.5396851442762645e-10,7.0277804701457998e-10,1.0567465614422064e-09,4.2269866348334915e-09,合格,合格,1.0000878134899954e-12,2.5007480096357318e-13,7.500130125264223e-13,1.0879328566358532e-93,6.1809668082154472,803.43758623748181
vfix,166,K,4,合格,0,合格,合格,3.5396840011293174e-10,7.0277815884365713e-10,1.0567465589565889e-09,4.2269866348334915e-09,合格,合格,1.4102354790066583e-16,1.4102354790066583e-16,0,1.0879328566358532e-93,6.1809668082154472,803.43758623748181
tfix,166,K,0,合格,0,合格,合格,5.0242970968245824e-11,5.0242970968245824e-11,2.675299893194852e-13,5.4790141812630569e-10,合格,合格,1.8482084586945606e-12,4.6201787083500725e-13,1.3861905878595533e-12,1.4101770515781804e-94,14.058390674226079,573.83863047179705
tfix,166,K,1,合格,0,合格,合格,1.0165276848870641e-11,8.3555364936947568e-10,8.2538837252060498e-10,3.3015534900824199e-09,合格,合格,2.0634709313015126e-16,2.0634709313015126e-16,0,8.4974683624542098e-94,14.058390674226079,573.83863047179705
tfix,166,K,2,合格,0,合格,合格,2.6105718025557749e-11,7.8662483287751964e-10,8.1273055090307734e-10,1.0836407345374365e-09,合格,合格,1.3545509181717956e-16,1.3545509181717956e-16,0,2.7890515436624455e-94,14.058390674226079,573.83863047179705
tfix,166,K,3,合格,0,合格,合格,3.2895875258126112e-11,3.0942707725315053e-10,2.7653120199502444e-10,5.5306240399004888e-10,合格,合格,1.3826560099751223e-16,1.3826560099751223e-16,0,1.4234602875542046e-94,14.058390674226079,573.83863047179705
vfix,167,K,0,合格,0,解像しない,解像しない,6.9729376707708127e-08,1.6703413391834106e-06,1.6006119624757023e-06,6.4024478497897482e-06,合格,合格,1.0000676250307947e-12,2.4994202847804679e-13,7.5012559655274786e-13,1.6478484510179241e-90,1.917543123587284,11729.918446668758
vfix,167,K,4,合格,0,解像しない,解像しない,6.9729376862637811e-08,1.670341339227443e-06,1.6006119623648052e-06,6.4024478497897474e-06,合格,合格,0,0,0,1.6478484510179239e-90,1.917543123587284,11729.918446668758
tfix,167,K,0,合格,0,合格,合格,5.1828898277645089e-12,1.4395206243652269e-10,1.3876917260875819e-10,1.3876917260875819e-10,合格,合格,1.7999749379082024e-12,4.5002842677020276e-13,1.3499465111379996e-12,3.5716115382320605e-95,1.0142961776307906,114100.82452247784
tfix,167,K,1,合格,0,合格,合格,1.5318147143777767e-10,8.177006239401486e-11,7.1411409043762812e-11,1.4282281808752562e-10,合格,合格,6.9737704144299616e-20,6.9737704144299616e-20,0,3.675943405978271e-95,1.0142961776307906,114100.82452247784
tfix,167,K,2,合格,0,合格,合格,3.2226353704178234e-10,9.196995126555209e-10,5.9743597561373856e-10,1.1948719512274771e-09,合格,合格,1.4935899390343464e-16,1.4935899390343464e-16,0,3.0753360904917362e-94,1.0142961776307906,114100.82452247784
tfix,167,K,3,合格,0,合格,合格,1.4722285139792385e-10,1.4910895832450964e-11,1.3231195556547287e-10,5.2924782226189149e-10,合格,合格,3.9693586669641861e-16,3.9693586669641861e-16,0,1.362166822096813e-94,1.0142961776307906,114100.82452247784
vfix,168,K,0,合格,0,解像しない,解像しない,7.9054113633021643e-08,1.2912346041125439e-07,2.0817757404427604e-07,8.3271029606466192e-07,合格,合格,1.0001200047813287e-12,2.500689284880607e-13,7.5005107629326804e-13,2.1432121021679099e-91,10.754983074340853,150329.26379442759
vfix,168,K,4,合格,0,解像しない,解像しない,7.9054113589480748e-08,1.2912346034013792e-07,2.0817757392961867e-07,8.3271029606466192e-07,合格,合格,1.6588341995371585e-16,1.6588341995371585e-16,0,2.1432121021679099e-91,10.754983074340853,150329.26379442759
tfix,168,K,0,合格,0,合格,合格,7.0018561862714438e-12,5.0203989721190762e-11,4.3202133534919317e-11,4.3202133534919317e-11,合格,合格,1.7864946259359836e-12,4.4671006075106574e-13,1.3397845651849178e-12,1.1119273517944259e-95,49.360744334809375,53882.395431520628
tfix,168,K,1,合格,0,合格,合格,1.0498738518597874e-10,1.359290623805337e-11,1.185802914240321e-10,9.4864233139225693e-11,合格,合格,1.8972846627845139e-16,1.8972846627845139e-16,0,2.4415955163244286e-95,49.360744334809375,53882.395431520628
tfix,168,K,2,合格,0,合格,合格,6.4656843926101086e-12,4.6513115140971478e-11,4.0047430748361366e-11,5.3396574331148489e-11,合格,合格,1.3036273030065549e-20,1.3036273030065549e-20,0,1.3743097072494857e-95,49.360744334809375,53882.395431520628
tfix,168,K,3,合格,0,合格,合格,7.1013472575031699e-11,7.1013472575031699e-11,9.9517679954358164e-14,1.0190610427326276e-10,合格,合格,1.9903535990871634e-19,1.9903535990871634e-19,0,2.6228377023247703e-95,49.360744334809375,53882.395431520628
vfix,169,K,0,合格,0,合格,合格,6.3274440997882276e-10,1.9032637350398731e-09,1.2705193250610505e-09,5.082077924841298e-09,合格,合格,1.0000957493247699e-12,2.5010780983616771e-13,7.4998793948860221e-13,1.3080144396142377e-93,0.18771023712338958,10.137594831270082
vfix,169,K,4,合格,0,合格,合格,6.3777513765548022e-10,6.3777513765548022e-10,0,5.082077924841298e-09,合格,合格,2.1585018697439215e-16,2.1585018697439215e-16,0,1.3080144396142377e-93,0.18771023712338958,10.137594831270082
tfix,169,K,0,合格,0,合格,合格,1.3906687771909989e-09,5.4727823275856646e-10,8.4339054443243247e-10,3.3735621777297299e-09,合格,合格,3.6854058315336215e-12,9.2077162688410807e-13,2.7646342046495137e-12,8.6828027957574813e-94,0.28986962990644055,11.539867926422072
tfix,169,K,1,合格,0,合格,合格,7.5191419730418245e-12,2.8361813670533201e-10,2.7609899473229021e-10,1.1043959789291608e-09,合格,合格,1.3804949736614511e-16,1.3804949736614511e-16,0,2.8424709515573876e-94,0.28986962990644055,11.539867926422072
tfix,169,K,2,合格,0,合格,合格,2.9381379393525192e-10,8.0438318577321875e-10,5.1056939183796688e-10,2.0422775673518675e-09,合格,合格,4.9860292171676452e-19,4.9860292171676452e-19,0,5.2563706958112047e-94,0.28986962990644055,11.539867926422072
tfix,169,K,3,合格,0,合格,合格,5.4932031039511375e-12,9.8682095558297262e-10,9.9231415868692376e-10,9.9231415868692376e-10,合格,合格,3.721178095075964e-16,3.721178095075964e-16,0,2.5539971393427282e-94,0.28986962990644055,11.539867926422072
vfix,170,K,0,合格,0,合格,合格,1.1956170668242717e-09,1.8037007087700211e-10,1.3759871377012738e-09,5.5039483939871018e-09,合格,合格,9.998944895972432e-13,2.499736223993108e-13,7.499208671979323e-13,1.4165945663754337e-93,107.48599273408651,5199.6107327561849
vfix,170,K,4,合格,0,合格,合格,1.8036993503572517e-10,1.8036993503572517e-10,0,5.5039483939871026e-09,合格,合格,0,0,0,1.416594566375434e-93,107.48599273408651,5199.6107327561849
tfix,170,K,0,合格,0,合格,合格,1.442532971777602e-11,7.6754462002776843e-11,6.2329132285000824e-11,6.2329132285000824e-11,合格,合格,1.9057755487461851e-12,4.7631922892197629e-13,1.4294563198242089e-12,1.6042139896930637e-95,21.89459377780776,1459.5846915502004
tfix,170,K,1,合格,0,合格,合格,5.3416384095232879e-11,2.4673127525408929e-10,1.9331489115885638e-10,6.4438297052952127e-11,合格,合格,3.8662978231771276e-16,3.8662978231771276e-16,0,1.6584992252365952e-95,21.89459377780776,1459.5846915502004
tfix,170,K,2,合格,0,合格,合格,1.9102884710621663e-11,8.1677847730215684e-11,6.2574963019594021e-11,2.5029985207837608e-10,合格,合格,4.8886689859057833e-19,4.8886689859057833e-19,0,6.442164516043849e-95,21.89459377780776,1459.5846915502004
tfix,170,K,3,合格,0,合格,合格,9.9626172757170443e-12,1.633002918671881e-10,1.7326290914290514e-10,2.3101721219054016e-10,合格,合格,2.3101721219054019e-16,2.3101721219054019e-16,0,5.9458720195458053e-95,21.89459377780776,1459.5846915502004
vfix,171,K,0,合格,0,合格,合格,5.6659718755053113e-11,1.3924125771018509e-10,8.2581538955131983e-11,1.6516312841048204e-10,合格,合格,9.9998998231046196e-13,2.5003517417529109e-13,7.4995480813517087e-13,4.2509335757482974e-95,2664.9391505121439,1.2121160657020482
vfix,171,K,4,合格,0,合格,合格,5.6659651074616312e-11,1.3924129385233548e-10,8.2581642777719159e-11,1.6516312841048202e-10,合格,合格,0,0,0,4.2509335757482967e-95,2664.9391505121439,1.2121160657020482
tfix,171,K,0,合格,0,合格,解像しない,3.8453309303530441e-08,8.7690986428228905e-08,4.9237677124698464e-08,2.4618838562349232e-08,合格,合格,4.4824192541836189e-10,1.1210015038157082e-10,3.3614177503679107e-10,6.3363444642754483e-93,1433.7289244365543,6.2878801743943313
tfix,171,K,1,合格,0,解像しない,解像しない,6.7393169492597084e-08,5.610486980384324e-08,1.2349803929644032e-07,1.2349803929644032e-07,合格,合格,1.2060355400043001e-16,1.2060355400043001e-16,0,3.1785663473240613e-92,1433.7289244365543,6.2878801743943313
tfix,171,K,2,合格,0,解像しない,解像しない,1.0823768439955715e-07,7.3220085964218586e-07,8.4043854404174304e-07,2.2411694507779813e-07,合格,合格,1.7246499289189936e-13,1.7246499289189936e-13,0,5.7682744078180459e-92,1433.7289244365543,6.2878801743943313
tfix,171,K,3,合格,0,合格,解像しない,4.8778684596829425e-09,3.5573570876600909e-08,3.0695702416917971e-08,2.4556561933534376e-08,合格,合格,4.7578338746222854e-14,4.7578338746222854e-14,0,6.3203158376103285e-93,1433.7289244365543,6.2878801743943313
vfix,172,K,0,合格,0,合格,合格,6.0207389389676683e-10,1.9178984166853117e-10,7.93863735565298e-10,3.1754546595602686e-09,合格,合格,9.997702288983318e-13,2.4982788714174557e-13,7.4994234175658628e-13,8.1729178664155384e-94,3.1756804071963671,41.767875901358686
vfix,172,K,4,合格,0,合格,合格,1.9178985392076491e-10,1.9178985392076491e-10,0,3.1754546595602682e-09,合格,合格,1.2245701736948981e-16,1.2245701736948981e-16,0,8.1729178664155373e-94,3.1756804071963671,41.767875901358686
tfix,172,K,0,合格,0,合格,合格,5.3888376696996233e-11,1.8086328684228799e-10,2.347516635392842e-10,5.5235685538655108e-11,合格,合格,1.8570237478095848e-12,4.6442164400901213e-13,1.3926021038005725e-12,1.4216443615198678e-95,0.13331217269636839,8.3746485309643308
tfix,172,K,1,合格,0,合格,合格,1.1395620131065351e-10,3.1145759484665784e-10,4.2541379615731138e-10,2.4309359780417792e-10,合格,合格,2.4309359780417793e-16,2.4309359780417793e-16,0,6.2566914716399231e-95,0.13331217269636839,8.3746485309643308
tfix,172,K,2,合格,0,合格,合格,6.2339820991069301e-11,1.0152777285341456e-10,1.6386759384448386e-10,1.0924506256298924e-10,合格,合格,2.1336926281833836e-19,2.1336926281833836e-19,0,2.8117262545401244e-95,0.13331217269636839,8.3746485309643308
tfix,172,K,3,合格,0,合格,合格,2.0547405384424158e-11,1.3754360948357938e-10,1.5809101486800355e-10,6.323640594720141e-11,合格,合格,1.2647281189440282e-16,1.2647281189440282e-16,0,1.6275652068209891e-95,0.13331217269636839,8.3746485309643308
vfix,173,K,0,合格,0,合格,合格,1.111870675921749e-10,1.111870675921749e-10,0,9.8128332767898537e-11,合格,合格,9.9997202681184703e-13,2.499574205098368e-13,7.5001460630201028e-13,2.5256062204062019e-95,39.507937908253872,15.487489117023859
vfix,173,K,4,合格,0,合格,合格,1.1118700074791892e-10,1.3058701794858686e-11,9.8128298953060235e-11,9.812833276789855e-11,合格,合格,0,0,0,2.5256062204062023e-95,39.507937908253872,15.487489117023859
tfix,173,K,0,合格,0,合格,合格,3.7221514955720638e-11,1.0933656890660644e-09,1.1305872040217851e-09,6.4604983086959143e-10,合格,合格,1.0633980216113476e-12,2.6552648048740205e-13,7.978715411239454e-13,1.6627893550336509e-94,98.729532740182577,6.6184352230724386
tfix,173,K,1,合格,0,合格,合格,3.0639088529357837e-10,8.101906835269025e-10,5.0379979823332408e-10,1.0075995964666482e-09,合格,合格,1.2594994955833102e-16,1.2594994955833102e-16,0,2.5933384749684091e-94,98.729532740182577,6.6184352230724386
tfix,173,K,2,合格,0,合格,合格,7.6677698057852723e-10,2.4599851388465109e-09,3.226762119425038e-09,1.8438640682428788e-09,合格,合格,4.6096601706071975e-16,4.6096601706071975e-16,0,4.7456982392155131e-94,98.729532740182577,6.6184352230724386
tfix,173,K,3,合格,0,合格,合格,3.5962975415896569e-10,1.2352999243260888e-10,2.3609976172635681e-10,9.4439904690542724e-10,合格,合格,3.5414964258953523e-16,3.5414964258953523e-16,0,2.4306742406922025e-94,98.729532740182577,6.6184352230724386
vfix,174,K,0,合格,0,合格,解像しない,2.797519790604631e-07,2.797519790604631e-07,0,6.0163058674125623e-05,合格,合格,1.0001967885062035e-12,2.5012880527590666e-13,7.5006798323029684e-13,1.5484640464180284e-89,0.23257672580284761,65597.091850405879
vfix,174,K,4,合格,0,合格,解像しない,2.797519789108261e-07,2.797519789108261e-07,0,6.016305867412561e-05,合格,合格,0,0,0,1.5484640464180281e-89,0.23257672580284761,65597.091850405879
tfix,174,K,0,合格,0,合格,合格,4.3589895448641651e-11,6.1480298489993511e-11,1.7890403041351863e-11,7.1561612165407452e-11,合格,合格,2.1557220048707339e-12,5.3885893960551805e-13,1.6168630652652159e-12,1.8418375990830538e-95,0.10412764581622214,22678.637126685277
tfix,174,K,1,合格,0,合格,合格,3.9146922372756266e-11,3.9146922372756266e-11,7.1915566825113058e-13,7.3641540428915772e-10,合格,合格,1.4383113365022612e-18,1.4383113365022612e-18,0,1.8953703516749103e-94,0.10412764581622214,22678.637126685277
tfix,174,K,2,合格,0,合格,合格,5.9596620399257444e-11,5.9596620399257444e-11,1.1463134607278097e-13,1.1738249837852772e-10,合格,合格,1.1738249837852771e-16,1.1738249837852771e-16,0,3.0211658519955447e-95,0.10412764581622214,22678.637126685277
tfix,174,K,3,合格,0,合格,合格,1.3180867838950775e-11,8.3925946848648499e-12,2.1573462523815627e-11,8.6293850095262507e-11,合格,合格,1.72587700190525e-16,1.72587700190525e-16,0,2.2210128149114245e-95,0.10412764581622214,22678.637126685277
vfix,175,K,0,合格,0,合格,合格,2.9115021472638328e-10,2.9115021472638328e-10,0,1.6050870722637273e-09,合格,合格,9.9994247346938699e-13,2.4991115139732368e-13,7.500313220720633e-13,4.1311390702940839e-94,10.278069423110674,77.171150950801064
vfix,175,K,4,合格,0,合格,合格,2.9115016902264604e-10,2.9115016902264604e-10,0,1.605087072263727e-09,合格,合格,1.2861307741016129e-16,1.2861307741016129e-16,0,4.1311390702940834e-94,10.278069423110674,77.171150950801064
tfix,175,K,0,合格,0,合格,合格,3.5833185808621809e-10,4.0118895949973167e-10,7.5952081758594981e-10,1.5190416351718996e-09,合格,合格,1.4560014073122658e-12,3.641902320324629e-13,1.0918111752798028e-12,3.9096771489235183e-94,4.1817194111746572,80.739212322032373
tfix,175,K,1,合格,0,合格,合格,7.6518208209147394e-11,7.067012149340557e-11,1.4718832970255295e-10,5.887533188102118e-10,合格,合格,1.4718832970255296e-16,1.4718832970255296e-16,0,1.5153208072829979e-94,4.1817194111746572,80.739212322032373
tfix,175,K,2,合格,0,合格,合格,7.1788242456948695e-11,3.1932709530002808e-10,3.9111533775697679e-10,1.5644613510279072e-09,合格,合格,1.955576688784884e-16,1.955576688784884e-16,0,4.0265774504565548e-94,4.1817194111746572,80.739212322032373
tfix,175,K,3,合格,0,合格,解像しない,6.2884138005357535e-09,2.5779668781787386e-08,1.9491254981251631e-08,3.8982509962503263e-08,合格,合格,2.4364068726564539e-15,2.4364068726564539e-15,0,1.0033235750699836e-92,4.1817194111746572,80.739212322032373
vfix,176,K,0,合格,0,合格,解像しない,1.4554117398369604e-09,1.4554117398369604e-09,0,1.1421237215512052e-08,合格,合格,9.9995387538513236e-13,2.4991943032961746e-13,7.5003444505551489e-13,2.9395738154911879e-93,18.259780451297654,1334.3077224025553
vfix,176,K,4,合格,0,合格,解像しない,1.4554116983863919e-09,1.4554116983863919e-09,0,1.142123721551205e-08,合格,合格,0,0,0,2.9395738154911875e-93,18.259780451297654,1334.3077224025553
tfix,176,K,0,合格,0,合格,合格,1.0028781280402938e-10,2.0428747496355941e-11,7.9859065307673441e-11,1.5971813061534688e-10,合格,合格,1.9135829229024708e-12,4.7835580119296387e-13,1.4352271217095071e-12,4.1107913771233739e-95,11.82774332539015,612.93412332579385
tfix,176,K,1,合格,0,合格,合格,1.3379743173370366e-10,1.3038863886477153e-10,2.6418607059847516e-10,5.2837214119695033e-10,合格,合格,1.3209303529923759e-16,1.3209303529923759e-16,0,1.3599130127409173e-94,11.82774332539015,612.93412332579385
tfix,176,K,2,合格,0,合格,合格,5.4322764060794084e-11,1.0036993123672913e-10,4.604716717593504e-11,1.8418866870374016e-10,合格,合格,1.8418866870374017e-16,1.8418866870374017e-16,0,4.7406088973997503e-95,11.82774332539015,612.93412332579385
tfix,176,K,3,合格,0,合格,合格,2.1053425578313946e-11,1.5965181598068202e-10,1.8070524155899597e-10,3.6141048311799193e-10,合格,合格,1.8070524155899598e-16,1.8070524155899598e-16,0,9.3019063764366316e-95,11.82774332539015,612.93412332579385
vfix,177,K,0,合格,0,合格,合格,3.8250265256884862e-10,5.3738212295167531e-10,9.1988477552052388e-10,3.679539322054218e-09,合格,合格,1.0001320068490432e-12,2.5008799027652568e-13,7.5004401657251762e-13,9.4703202814931179e-94,224.55379916643898,1119.0295162207074
vfix,177,K,4,合格,0,合格,合格,5.3738223996425154e-10,5.3738223996425154e-10,0,3.6795393220542172e-09,合格,合格,0,0,0,9.4703202814931158e-94,224.55379916643898,1119.0295162207074
tfix,177,K,0,合格,0,合格,合格,7.3023099898412168e-11,5.9620064544654791e-12,7.8985106352877649e-11,1.0531347513717019e-10,合格,合格,2.0546658999261905e-12,5.1371913171911618e-13,1.5409467682070742e-12,2.7105358910779649e-95,148.09705430307983,14236.548367746136
tfix,177,K,1,合格,0,合格,合格,2.5234527218776404e-11,1.3774936250652908e-10,1.1251483528775269e-10,1.5001978038367024e-10,合格,合格,1.5001978038367025e-16,1.5001978038367025e-16,0,3.8611772954214435e-95,148.09705430307983,14236.548367746136
tfix,177,K,2,合格,0,合格,合格,3.1928025231829222e-11,1.3104196352011237e-11,4.503222158384046e-11,1.8012888633536184e-10,合格,合格,8.7953557780938395e-20,8.7953557780938395e-20,0,4.6361190796900788e-95,148.09705430307983,14236.548367746136
tfix,177,K,3,合格,0,合格,合格,5.1066133876060746e-11,1.0882998645912816e-10,5.776385258306741e-11,2.3105541033226964e-10,合格,合格,1.1552770516613482e-16,1.1552770516613482e-16,0,5.946855155217621e-95,148.09705430307983,14236.548367746136
vfix,178,K,0,合格,0,合格,合格,4.3350573298583061e-11,5.2849617115491076e-11,9.6200190414074137e-11,4.8100126885924494e-11,合格,合格,1.0000665626110371e-12,2.5004605783603413e-13,7.5002050477500303e-13,1.2379908660300791e-95,3.0729491313770794,0.40984986288001757
vfix,178,K,4,合格,0,合格,合格,4.0824632175055489e-11,5.2849673355523625e-11,1.2025041180468136e-11,4.8100126885924494e-11,合格,合格,0,0,0,1.2379908660300791e-95,3.0729491313770794,0.40984986288001757
tfix,178,K,0,合格,0,合格,合格,4.2102448508200538e-10,4.8041765371442088e-11,4.6906625045344744e-10,6.2542166727126329e-10,合格,合格,1.180952463224963e-12,2.9410453903431156e-13,8.8684792419065135e-13,1.6096970249899699e-94,9.0864644875059657,1.3364191425229928
tfix,178,K,1,合格,0,合格,合格,1.1061403331518955e-10,2.9707056683550005e-10,1.8645653352031049e-10,7.4582613408124196e-10,合格,合格,9.1043229257964104e-20,9.1043229257964104e-20,0,1.9195914884567484e-94,9.0864644875059657,1.3364191425229928
tfix,178,K,2,合格,0,合格,合格,6.0546996948503049e-10,1.054845104436947e-09,4.493751349519165e-10,1.797500539807666e-09,合格,合格,1.1234378373797914e-16,1.1234378373797914e-16,0,4.626368772879915e-94,9.0864644875059657,1.3364191425229928
tfix,178,K,3,合格,0,合格,合格,1.248330760355452e-09,2.3771218485296266e-10,1.4860429452084145e-09,1.1888343561667316e-09,合格,合格,1.4860429452084145e-16,1.4860429452084145e-16,0,3.0597966563531986e-94,9.0864644875059657,1.3364191425229928
vfix,179,K,0,合格,0,合格,合格,1.3544605574374736e-10,1.5546666381327036e-09,1.6901126938764509e-09,6.7604507369262553e-09,合格,合格,1.0001005034623061e-12,2.5017168221133593e-13,7.4992882125097012e-13,1.7399904749544737e-93,4.0379765397506917,751.61466201414521
vfix,179,K,4,合格,0,合格,合格,1.3544607005809783e-10,1.5546665440006864e-09,1.6901126140587841e-09,6.7604507369262553e-09,合格,合格,0,0,0,1.7399904749544737e-93,4.0379765397506917,751.61466201414521
tfix,179,K,0,合格,0,合格,合格,1.161848338078558e-10,1.0984947793660897e-09,1.2146796131739457e-09,9.7174369053915642e-10,合格,合格,1.88068844507722e-12,4.699595423369995e-13,1.4107289027402203e-12,2.5010533046262531e-94,23.752397595307215,688.96501990328341
tfix,179,K,1,合格,0,合格,合格,1.2065128947263826e-10,9.2752876684646263e-10,1.0481800563191009e-09,4.1927202252764037e-09,合格,合格,2.6204501407977521e-16,2.6204501407977521e-16,0,1.0791134408068828e-93,23.752397595307215,688.96501990328341
tfix,179,K,2,合格,0,合格,合格,1.8989087382735268e-11,2.5667051518869098e-10,2.7565960257142627e-10,5.5131920514285253e-10,合格,合格,2.7565960257142623e-16,2.7565960257142623e-16,0,1.4189736793262859e-94,23.752397595307215,688.96501990328341
tfix,179,K,3,合格,0,合格,解像しない,1.1911005343075979e-09,5.5533047020466066e-09,6.7444052363542049e-09,1.348881047270841e-08,合格,合格,1.2645759818164134e-15,1.2645759818164134e-15,0,3.4717214360843003e-93,23.752397595307215,688.96501990328341
vfix,180,K,0,合格,0,合格,合格,1.0139150315305177e-11,4.9430552788479927e-11,3.9291402473174745e-11,1.5716599700477355e-10,合格,合格,1.0002934801890098e-12,2.5023015585919429e-13,7.5006332432981542e-13,4.045105103441158e-95,86.655705878569947,22.584193302009439
vfix,180,K,4,合格,0,合格,合格,6.8443678037969233e-11,1.863181176091502e-10,1.1787443957118097e-10,1.5716599700477352e-10,合格,合格,1.9868867308403531e-16,1.9868867308403531e-16,0,4.0451051034411573e-95,86.655705878569947,22.584193302009439
tfix,180,K,0,合格,0,合格,合格,2.3027440930361804e-10,8.0551035731825188e-11,3.1082544503544322e-10,6.2165089007088643e-10,合格,合格,8.7952722054454196e-12,2.1983129600131722e-12,6.5969592454322466e-12,1.5999918785919734e-94,83.808229760084828,0.0093631475502604644
tfix,180,K,1,合格,0,合格,合格,8.5886563832885659e-10,3.3444520171500906e-10,1.1933108400438657e-09,5.9665542002193285e-10,合格,合格,8.9498313003289928e-16,8.9498313003289928e-16,0,1.5356590678155675e-94,83.808229760084828,0.0093631475502604644
tfix,180,K,2,合格,0,合格,合格,5.2797567047731433e-09,2.1673927083648217e-09,3.1123639964083216e-09,4.1498186618777619e-09,合格,合格,2.0749093309388811e-15,2.0749093309388811e-15,0,1.0680715273932467e-93,83.808229760084828,0.0093631475502604644
tfix,180,K,3,合格,0,合格,合格,9.1849810473425822e-10,5.0343935113016929e-09,5.9528916160359514e-09,2.6457296071270895e-09,合格,合格,1.1575067031181017e-15,1.1575067031181017e-15,0,6.809522759423658e-94,83.808229760084828,0.0093631475502604644
vfix,181,K,0,合格,0,解像しない,解像しない,6.266441939920422e-06,1.1185151113553205e-05,1.7451593053473629e-05,6.980637221396206e-05,合格,合格,9.9995773531067347e-13,2.4998943382766837e-13,7.499683014830051e-13,1.7966616054160527e-89,0.26318196059699434,133109.19676398975
vfix,181,K,4,合格,0,解像しない,解像しない,6.2664419399318129e-06,1.1185151113536281e-05,1.7451593053468096e-05,6.980637221396206e-05,合格,合格,0,0,0,1.7966616054160527e-89,0.26318196059699434,133109.19676398975
tfix,181,K,0,合格,0,合格,合格,6.0065127772910925e-11,4.278043766995093e-11,1.7284690102959995e-11,3.456938020591999e-11,合格,合格,2.0300522832124453e-12,5.0761677894372914e-13,1.5224355042687164e-12,8.8973937721094649e-96,0.6661500670581082,31016.059667594964
tfix,181,K,1,合格,0,合格,合格,2.4848797929851702e-11,1.6743834343425596e-13,2.4681359586417444e-11,4.9362719172834889e-11,合格,合格,1.9745087669133955e-16,1.9745087669133955e-16,0,1.2704871985745261e-95,0.6661500670581082,31016.059667594964
tfix,181,K,2,合格,0,合格,合格,5.8752036366926753e-10,6.1016459393436016e-10,1.1976849576036277e-09,3.9922831920120925e-10,合格,合格,1.9961415960060462e-16,1.9961415960060462e-16,0,1.0275253822173747e-94,0.6661500670581082,31016.059667594964
tfix,181,K,3,合格,0,合格,合格,1.0126548113097817e-10,3.946493746721117e-11,1.4073041859818934e-10,4.6910139532729781e-11,合格,合格,1.8764055813091912e-16,1.8764055813091912e-16,0,1.207363223873537e-95,0.6661500670581082,31016.059667594964
vfix,182,K,0,合格,0,解像しない,解像しない,2.4028838793594863e-06,6.7373210698644885e-06,9.1402049492239744e-06,1.8280409898523484e-05,合格,合格,1.0001621492486014e-12,2.501013596272348e-13,7.5006078962136656e-13,4.704973135586552e-90,0.25239879822358835,7686.9972121004876
vfix,182,K,4,合格,0,不一致,解像しない,2.4028838792246077e-06,2.4028838792246077e-06,0,1.8280409898523484e-05,合格,合格,1.8762175712317562e-16,1.8762175712317562e-16,0,4.704973135586552e-90,0.25239879822358835,7686.9972121004876
tfix,182,K,0,合格,0,合格,合格,6.9860135139900229e-11,5.7970230214721687e-11,1.188990492517854e-11,5.9449524625892699e-12,合格,合格,1.4376321843131876e-12,3.5955072493739906e-13,1.0780814593757885e-12,1.5300992583914022e-96,0.052084908128943293,217.4263359368791
tfix,182,K,1,合格,0,合格,合格,3.7990627170977602e-11,9.6727431172707707e-11,1.347180583436853e-10,1.6839757292960663e-11,合格,合格,2.6943611668737062e-16,2.6943611668737062e-16,0,4.3341810229089625e-96,0.052084908128943293,217.4263359368791
tfix,182,K,2,合格,0,合格,合格,1.1367357641055641e-12,3.7631398795618473e-11,3.6494663031512911e-11,9.1236657578782277e-12,合格,合格,1.4597865212605163e-16,1.4597865212605163e-16,0,2.3482297457867823e-96,0.052084908128943293,217.4263359368791
tfix,182,K,3,合格,0,合格,合格,8.2654740438485835e-11,1.1777555951119889e-10,3.5120819072713065e-11,8.7802047681782661e-12,合格,合格,1.4048327629085224e-16,1.4048327629085224e-16,0,2.2598304845759705e-96,0.052084908128943293,217.4263359368791
vfix,183,K,0,合格,0,合格,合格,2.9535767172210378e-11,2.3875972461527967e-10,2.6829549178749007e-10,1.3414775258092922e-10,合格,合格,9.9986830342219552e-13,2.4990120837838011e-13,7.4996709504381551e-13,3.4526664095402079e-95,52.494604319785807,1.7838165886792083
vfix,183,K,4,合格,0,合格,合格,7.1074871677424352e-11,9.6609851434112477e-11,1.6768472311153683e-10,1.3414775258092922e-10,合格,合格,1.2934015325661961e-16,1.2934015325661961e-16,0,3.4526664095402079e-95,52.494604319785807,1.7838165886792083
tfix,183,K,0,合格,0,合格,合格,1.3062150108708862e-10,3.5034683548042179e-10,4.8096833656751044e-10,1.9238733462700417e-09,合格,合格,2.65113354378536e-11,6.6323128770976845e-12,1.9879022560755913e-11,4.9516244223838033e-94,23.763784111526491,0.092549888197162034
tfix,183,K,1,合格,0,合格,合格,3.4084289534781626e-09,2.2476228992595686e-10,3.1836666635522056e-09,3.1836666635522056e-09,合格,合格,1.2144724516114066e-20,1.2144724516114066e-20,0,8.1940537481522568e-94,23.763784111526491,0.092549888197162034
tfix,183,K,2,合格,0,合格,合格,5.3400169249146782e-09,5.3400169249146782e-09,1.486135996810319e-13,2.4348852171740266e-09,合格,合格,1.0652622825136367e-15,1.0652622825136367e-15,0,6.2668559395738353e-94,23.763784111526491,0.092549888197162034
tfix,183,K,3,合格,0,合格,合格,6.5923329213167319e-11,2.2221419590941538e-08,2.2287342920154704e-08,9.9054857422909796e-09,合格,合格,6.0361553742085657e-15,6.0361553742085657e-15,0,2.5494529155048642e-93,23.763784111526491,0.092549888197162034
vfix,184,K,0,合格,0,合格,解像しない,1.8172854919453433e-10,1.8172854919453433e-10,0,3.0477436051001074e-08,合格,合格,9.9990720714568467e-13,2.4986495534266884e-13,7.5004225180301573e-13,7.8442178625928544e-93,98.825338549281156,9822.6998422581655
vfix,184,K,4,合格,0,合格,解像しない,1.8172860009415111e-10,1.8172860009415111e-10,0,3.047743605100108e-08,合格,合格,0,0,0,7.8442178625928561e-93,98.825338549281156,9822.6998422581655
tfix,184,K,0,合格,0,合格,合格,9.3005188104606228e-11,4.8999478041295371e-11,4.4005710063310857e-11,1.7602284025324343e-10,合格,合格,2.2728069133498789e-12,5.6820172833746973e-13,1.7046051850124092e-12,4.5304385363265083e-95,63.370063602425091,6128.5913530471835
tfix,184,K,1,合格,0,合格,合格,5.1181966682339383e-11,1.5086434144554486e-10,2.0204630812788425e-10,4.0409261625576849e-10,合格,合格,2.0204630812788425e-16,2.0204630812788425e-16,0,1.0400450068276865e-94,63.370063602425091,6128.5913530471835
tfix,184,K,2,合格,0,合格,合格,9.4120254167067437e-11,8.7830577807374909e-11,1.8195083197444233e-10,2.4260110929925648e-10,合格,合格,2.4260110929925647e-16,2.4260110929925647e-16,0,6.2440159069337525e-95,63.370063602425091,6128.5913530471835
tfix,184,K,3,合格,0,合格,合格,1.1908589619359493e-12,3.2886982893605444e-10,3.3006068789799041e-10,2.640485503183923e-10,合格,合格,2.5785991242030501e-19,2.5785991242030501e-19,0,6.796025595897355e-95,63.370063602425091,6128.5913530471835
vfix,185,K,0,合格,0,合格,合格,7.7732258014015885e-12,1.2603766608635377e-10,1.3381089188775536e-10,1.7841453712635492e-10,合格,合格,1.0001034272679264e-12,2.5011425723777721e-13,7.4998917003014918e-13,4.5919955232809685e-95,58.260237940381579,2.1575080104702025
vfix,185,K,4,合格,0,合格,合格,7.7730143720316482e-12,1.4158401733945052e-10,1.338110029674189e-10,1.7841453712635495e-10,合格,合格,1.863361949426261e-16,1.863361949426261e-16,0,4.5919955232809692e-95,58.260237940381579,2.1575080104702025
tfix,185,K,0,合格,0,合格,合格,5.0052935105265922e-10,1.1048838736515562e-09,6.0435452259889712e-10,3.4534544148508404e-10,合格,合格,1.3901708074261316e-11,3.4752111776644008e-12,1.0426496896596915e-11,8.8884277415236573e-95,5.3693797861967871,0.69117689836414353
tfix,185,K,1,合格,0,合格,合格,1.9301373317815332e-09,4.3654389866110013e-09,6.295576318392535e-09,7.8694703979906687e-10,合格,合格,7.8694703979906691e-16,7.8694703979906691e-16,0,2.0254276036135428e-94,5.3693797861967871,0.69117689836414353
tfix,185,K,2,合格,0,合格,合格,2.4635348685998761e-11,3.8626882261197568e-10,4.1090417129797445e-10,4.1090417129797445e-10,合格,合格,6.1635625694696167e-16,6.1635625694696167e-16,0,1.0575764427544797e-94,5.3693797861967871,0.69117689836414353
tfix,185,K,3,合格,0,合格,合格,1.4535358800527718e-10,1.4535358800527718e-10,1.7572045114306876e-13,9.596679571760127e-10,合格,合格,1.0796264518230144e-15,1.0796264518230144e-15,0,2.4699730381653318e-94,5.3693797861967871,0.69117689836414353
vfix,186,K,0,合格,0,合格,合格,8.6032637540140206e-11,2.1539946346593743e-10,3.0143210100607766e-10,4.0190963158048507e-10,合格,合格,9.9982619551401053e-13,2.4977423192089616e-13,7.5005196359311448e-13,1.0344264871612127e-94,114.97322017514354,1.766332088283562
vfix,186,K,4,合格,0,合格,合格,1.8651013749242595e-10,1.8651013749242595e-10,0,4.0190963158048512e-10,合格,合格,1.6371682609603198e-16,1.6371682609603198e-16,0,1.0344264871612128e-94,114.97322017514354,1.766332088283562
tfix,186,K,0,合格,0,合格,合格,4.5601036733076715e-09,2.911178294667917e-09,7.4712819679755885e-09,9.9617092906341182e-10,合格,合格,3.305706063140639e-11,8.26236620701807e-12,2.479469442438832e-11,2.5639236131538915e-94,33.138992533665906,1.6631461109866237
tfix,186,K,1,合格,0,合格,合格,1.0975239197959129e-11,8.2012219181345466e-09,8.2121971573325063e-09,1.9322816840782365e-09,合格,合格,2.6568873156075753e-15,2.6568873156075753e-15,0,4.9732656239334952e-94,33.138992533665906,1.6631461109866237
tfix,186,K,2,合格,0,合格,合格,8.3393252337489315e-09,5.7196526123861498e-09,2.6196726213627813e-09,1.7464484142418542e-09,合格,合格,2.837978673143013e-15,2.837978673143013e-15,0,4.4949718946725303e-94,33.138992533665906,1.6631461109866237
tfix,186,K,3,合格,0,合格,合格,4.9288774020218722e-09,1.492596385605625e-09,3.4362810164162471e-09,1.5272360072961097e-09,合格,合格,2.099949510032151e-15,2.099949510032151e-15,0,3.9307676501329698e-94,33.138992533665906,1.6631461109866237
vfix,187,K,0,合格,0,解像しない,解像しない,1.2601001786255169e-07,3.0269583910946469e-07,1.7668582124691303e-07,7.0674328517994987e-07,合格,合格,1.0000000052727144e-12,2.5008957494817434e-13,7.4991043032453992e-13,1.8190008807168092e-91,18.011823907292438,47174.989462053461
vfix,187,K,4,合格,0,合格,解像しない,5.0675803568156749e-08,5.0675803568156749e-08,0,7.0674328517994997e-07,合格,合格,0,0,0,1.8190008807168095e-91,18.011823907292438,47174.989462053461
tfix,187,K,0,合格,0,合格,合格,9.5436213145406138e-12,8.3770828605136344e-11,9.3314449919676958e-11,4.1473088853189755e-11,合格,合格,2.2425328604696765e-12,5.6055026893971277e-13,1.6819825915299639e-12,1.0674255664245942e-95,51.983909002983339,19228.77618179443
tfix,187,K,1,合格,0,合格,合格,7.4228984629075593e-11,1.3941051938282217e-10,2.1363950401189777e-10,6.1039858289113646e-11,合格,合格,1.4902309152615638e-20,1.4902309152615638e-20,0,1.5710309289808996e-95,51.983909002983339,19228.77618179443
tfix,187,K,2,合格,0,合格,合格,1.9378563953978414e-11,5.0179875761085134e-11,6.9558439715063545e-11,6.9558439715063545e-11,合格,合格,1.3911687943012708e-16,1.3911687943012708e-16,0,1.7902803713341485e-95,51.983909002983339,19228.77618179443
tfix,187,K,3,合格,0,合格,合格,1.3221831482679954e-11,5.4645543389063793e-11,6.7867374871743744e-11,9.0489833162324996e-11,合格,合格,3.6195933264929995e-16,3.6195933264929995e-16,0,2.3290081373221088e-95,51.983909002983339,19228.77618179443
vfix,188,K,0,合格,0,合格,解像しない,2.6187207036522001e-09,2.6187207036522001e-09,0,8.354854066756292e-08,合格,合格,1.0002126008197397e-12,2.5011475482434982e-13,7.5009784599539002e-13,2.1503546230114588e-92,0.20219949843887522,110.22050908576017
vfix,188,K,4,合格,0,合格,解像しない,2.6187204966024549e-09,2.6187204966024549e-09,0,8.3548540667562906e-08,合格,合格,1.5206304017334219e-16,1.5206304017334219e-16,0,2.1503546230114585e-92,0.20219949843887522,110.22050908576017
tfix,188,K,0,合格,0,合格,合格,7.9246515976670938e-11,3.2089444201540654e-11,4.7157071775130283e-11,4.7157071775130283e-11,合格,合格,2.0015347544236296e-12,5.0043084567768252e-13,1.5011039087459472e-12,1.2137187135658023e-95,0.016596840762342288,39.903873344265328
tfix,188,K,1,合格,0,合格,合格,1.4318149538462829e-10,1.4318149538462829e-10,1.0463143206981861e-13,2.1428517287898851e-10,合格,合格,6.4285551863696548e-16,6.4285551863696548e-16,0,5.5152263398185296e-95,0.016596840762342288,39.903873344265328
tfix,188,K,2,合格,0,合格,合格,1.4752632369068051e-11,2.877006138717395e-10,3.0245324624080753e-10,8.6415213211659305e-11,合格,合格,3.4566085284663719e-16,3.4566085284663719e-16,0,2.2241364330658737e-95,0.016596840762342288,39.903873344265328
tfix,188,K,3,合格,0,合格,合格,4.2850145605948753e-11,1.0148864554292602e-10,1.4433879114887477e-10,5.7735516459549911e-11,合格,合格,1.1276468058505842e-19,1.1276468058505842e-19,0,1.4859844796660622e-95,0.016596840762342288,39.903873344265328
vfix,189,K,0,合格,0,合格,解像しない,9.4603618228715716e-09,7.8644745650835237e-08,6.918438382796366e-08,2.7673753554029075e-07,合格,合格,9.999610398434983e-13,2.499536528060992e-13,7.50007387037399e-13,7.1226120068055101e-92,0.438611619759813,1065.6550237381016
vfix,189,K,4,合格,0,合格,解像しない,9.4603618922938212e-09,7.864474570376123e-08,6.9184383811467403e-08,2.7673753554029075e-07,合格,合格,0,0,0,7.1226120068055101e-92,0.438611619759813,1065.6550237381016
tfix,189,K,0,合格,0,合格,合格,1.3415435230137056e-11,1.3415435230137056e-11,2.3264492068658786e-13,3.9704733130510994e-11,合格,合格,1.8673930085941932e-12,4.6676884268228732e-13,1.4006241659119059e-12,1.0219120018188228e-95,0.99389840596806611,255.47722718676079
tfix,189,K,1,合格,0,合格,合格,4.0881350796697846e-11,3.6820703595789942e-11,7.7702054392487789e-11,6.2161643513990226e-11,合格,合格,1.2432328702798046e-16,1.2432328702798046e-16,0,1.5999031992212323e-95,0.99389840596806611,255.47722718676079
tfix,189,K,2,合格,0,合格,合格,6.3583311841096802e-12,1.2729024296979674e-10,1.2093191178568708e-10,5.3747516349194253e-11,合格,合格,4.1990247147808008e-19,4.1990247147808008e-19,0,1.3833421784917592e-95,0.99389840596806611,255.47722718676079
tfix,189,K,3,合格,0,合格,合格,1.2478823721991222e-10,7.5728480326813368e-11,2.005167175467256e-10,1.3367781169781707e-10,合格,合格,2.6735562339563413e-16,2.6735562339563413e-16,0,3.4405711707428815e-95,0.99389840596806611,255.47722718676079
vfix,190,K,0,合格,0,合格,合格,5.669252712565453e-11,3.736072329477649e-10,3.1691470582211037e-10,1.2676587635513471e-09,合格,合格,9.9986196841874372e-13,2.4996549210468593e-13,7.4989647631405784e-13,3.2626732445871973e-94,8.092342097643332,110.50555300057346
vfix,190,K,4,合格,0,合格,合格,2.6022202148360562e-10,2.6022202148360562e-10,0,1.2676587635513473e-09,合格,合格,0,0,0,3.2626732445871978e-94,8.092342097643332,110.50555300057346
tfix,190,K,0,合格,0,合格,合格,9.0612456774265772e-11,1.3228826919458317e-10,2.2290072596884894e-10,6.3685921705385408e-11,合格,合格,1.4592992099572014e-12,3.6466558768503686e-13,1.0946336222721646e-12,1.6391347480841167e-95,19.818358025425905,47.607585940297454
tfix,190,K,1,合格,0,合格,合格,3.4707841455313261e-11,3.0419590805530284e-11,6.5127432260843551e-11,6.5127432260843551e-11,合格,合格,1.2720201613446005e-19,1.2720201613446005e-19,0,1.6762360410843508e-95,19.818358025425905,47.607585940297454
tfix,190,K,2,合格,0,合格,合格,2.50872384639743e-10,4.7550190180152115e-10,2.246295171617782e-10,2.995060228823709e-10,合格,合格,2.9950602288237092e-16,2.9950602288237092e-16,0,7.7086225058976674e-95,19.818358025425905,47.607585940297454
tfix,190,K,3,合格,0,合格,合格,2.9609813996700912e-10,4.5831420328092932e-10,7.5441234324793849e-10,2.3212687484551951e-10,合格,合格,5.667160030408192e-20,5.667160030408192e-20,0,5.9744322816527463e-95,19.818358025425905,47.607585940297454
vfix,191,K,0,合格,0,合格,合格,5.7803942272543246e-11,3.2000367395928464e-10,2.6219973168674144e-10,1.0487991694152484e-09,合格,合格,1.0001125449667305e-12,2.501806854401217e-13,7.499318595266088e-13,2.6993770621756135e-94,121.13707227232058,5.2459057138478329
vfix,191,K,4,合格,0,合格,合格,5.7803829123510671e-11,3.2000369553133709e-10,2.6219986640782641e-10,1.0487991694152484e-09,合格,合格,0,0,0,2.6993770621756135e-94,121.13707227232058,5.2459057138478329
tfix,191,K,0,合格,0,合格,合格,8.5468081196149177e-09,6.4514647448598883e-10,7.9016616451289277e-09,2.6338872150429762e-09,合格,合格,1.517204637199243e-10,3.7918428055464322e-11,1.1380203566445998e-10,6.7790430617986411e-94,29.908757716134527,4.7526645490926427
tfix,191,K,1,合格,0,合格,合格,6.4121740157478809e-09,4.3894182004043842e-08,3.7482007988295964e-08,3.2593050424605184e-09,合格,合格,5.5000772591521249e-15,5.5000772591521249e-15,0,8.388730203854529e-94,29.908757716134527,4.7526645490926427
tfix,191,K,2,合格,0,合格,合格,6.0081402907519727e-09,1.8796710558110919e-10,6.1961073963330819e-09,3.5406327979046184e-09,合格,合格,4.647080547249812e-15,4.647080547249812e-15,0,9.1128056151866701e-94,29.908757716134527,4.7526645490926427
tfix,191,K,3,合格,0,合格,合格,2.6207573867377622e-08,1.4474152137949528e-09,2.7654989081172575e-08,5.2676169678423957e-09,合格,合格,2.9794958474358548e-14,2.9794958474358548e-14,0,1.3557680850613845e-93,29.908757716134527,4.7526645490926427
vfix,192,K,0,合格,0,合格,合格,1.7138538875003446e-10,2.4636363546659695e-10,4.177490242166314e-10,2.3735732183704933e-12,合格,合格,1.0001021531436345e-12,2.5010418740144369e-13,7.4999796574219083e-13,6.109052417190544e-97,80.195343141122109,78.444583792735216
vfix,192,K,4,合格,0,合格,合格,5.7453917253707757e-11,5.7453917253707757e-11,0,2.3735732183704929e-12,合格,合格,0,0,0,6.109052417190543e-97,80.195343141122109,78.444583792735216
tfix,192,K,0,合格,0,合格,合格,2.16682210923411e-10,3.1615718231654089e-10,5.3283939323995186e-10,1.2537397487998868e-10,合格,合格,9.0357023696007845e-13,2.259239027337396e-13,6.7764633422633877e-13,3.2268487795762988e-95,67.922037640796034,33.809820757526509
tfix,192,K,1,合格,0,合格,合格,3.2535996214565655e-10,4.7702160092493126e-12,3.3013017815490587e-10,1.3205207126196235e-09,合格,合格,8.0598188026100069e-20,8.0598188026100069e-20,0,3.3987282081474364e-94,67.922037640796034,33.809820757526509
tfix,192,K,2,合格,0,合格,合格,4.4579414088114336e-11,2.1505779267942868e-10,1.7047837859131435e-10,1.7047837859131435e-10,合格,合格,1.0405174474567526e-20,1.0405174474567526e-20,0,4.3877363577896206e-95,67.922037640796034,33.809820757526509
tfix,192,K,3,合格,0,合格,合格,8.0505774859281894e-11,1.0583465709380048e-10,1.8634043195308236e-10,1.8634043195308236e-10,合格,合格,1.8634043195308237e-16,1.8634043195308237e-16,0,4.7959905236241995e-95,67.922037640796034,33.809820757526509
vfix,193,K,0,合格,0,合格,合格,5.6140374728934499e-11,1.6501374692766451e-10,2.2115412165659901e-10,4.4230815828290356e-10,合格,合格,9.999946471569541e-13,2.4999866178923853e-13,7.4999598536771553e-13,1.1384033585263932e-94,729.51152237117662,2088.1894127696123
vfix,193,K,4,合格,0,合格,合格,5.6140253462931233e-11,2.7729433847886043e-10,2.211540850159292e-10,4.423081582829035e-10,合格,合格,0,0,0,1.1384033585263931e-94,729.51152237117662,2088.1894127696123
tfix,193,K,0,合格,0,合格,合格,6.8954331673246893e-11,8.9423311708078836e-11,1.5837764338132573e-10,6.3351057352530292e-11,合格,合格,2.0374967065720791e-12,5.0934250111434351e-13,1.5281542054577356e-12,1.6305160803792084e-95,71.483275849995849,4137.5587542997437
tfix,193,K,1,合格,0,合格,合格,9.8221408477765414e-12,6.5354621103422105e-11,5.5532480255645562e-11,1.1106496051129112e-10,合格,合格,1.1106496051129112e-16,1.1106496051129112e-16,0,2.8585664020193178e-95,71.483275849995849,4137.5587542997437
tfix,193,K,2,合格,0,合格,合格,1.3683141203081424e-11,4.9027754619358353e-11,6.2710895822439784e-11,1.2542179164487957e-10,合格,合格,1.2248221840320269e-19,1.2248221840320269e-19,0,3.2280794773313882e-95,71.483275849995849,4137.5587542997437
tfix,193,K,3,合格,0,合格,合格,2.1231707577176926e-12,2.0506121936237932e-11,2.2629292693955626e-11,9.0517170775822502e-11,合格,合格,8.8395674585764155e-20,8.8395674585764155e-20,0,2.329711747021294e-95,71.483275849995849,4137.5587542997437
vfix,194,K,0,合格,0,合格,合格,7.6531022107413281e-11,7.6531022107413281e-11,0,1.478051060844368e-09,合格,合格,1.0000326712440908e-12,2.5000816781102269e-13,7.5002450343306807e-13,3.804176477935349e-94,12.807158998756611,219.58619913484097
vfix,194,K,4,合格,0,合格,合格,7.6530936182461739e-11,7.6530936182461739e-11,0,1.478051060844368e-09,合格,合格,0,0,0,3.804176477935349e-94,12.807158998756611,219.58619913484097
tfix,194,K,0,合格,0,合格,合格,4.303609413769027e-11,2.6039683154145484e-10,3.0343292567914512e-10,2.0228861711943007e-10,合格,合格,2.0198518419375093e-12,5.0511467694721692e-13,1.5147371649902923e-12,5.2064615315805725e-95,26.904814669499725,137.42377004232691
tfix,194,K,1,合格,0,合格,合格,7.3310835163750497e-11,1.4007003823262742e-11,8.731783898701324e-11,1.7463567797402648e-10,合格,合格,1.7463567797402647e-16,1.7463567797402647e-16,0,4.4947360477354735e-95,26.904814669499725,137.42377004232691
tfix,194,K,2,合格,0,合格,合格,1.2476289127227266e-10,2.9738990086819798e-10,1.7262700959592529e-10,3.4525401919185058e-10,合格,合格,1.7262700959592528e-16,1.7262700959592528e-16,0,8.8860747339267549e-95,26.904814669499725,137.42377004232691
tfix,194,K,3,合格,0,合格,合格,4.0435965612946059e-12,4.0435965612946059e-12,5.3740130197186495e-13,5.5029893321918971e-10,合格,合格,5.3740130197186492e-19,5.3740130197186492e-19,0,1.4163477250843e-94,26.904814669499725,137.42377004232691
vfix,195,K,0,合格,0,合格,合格,1.2060690525273728e-11,1.2060690525273728e-11,0,2.1152984470397173e-10,合格,合格,1.0001030347542122e-12,2.5005698458572908e-13,7.5004605016848308e-13,5.4443102875246161e-95,12.62599470648634,0.9004021398437061
vfix,195,K,4,合格,0,合格,合格,9.3704422581429831e-11,1.2060506888962474e-11,1.0576492947039231e-10,2.115298447039717e-10,合格,合格,0,0,0,5.4443102875246154e-95,12.62599470648634,0.9004021398437061
tfix,195,K,0,合格,0,合格,合格,1.9842237521957484e-10,1.0087882841463551e-09,1.2072106593659299e-09,4.0240355312197668e-10,合格,合格,6.0642215455481883e-13,1.517061395269852e-13,4.5471601502783363e-13,1.0356977319509661e-94,6.2372310469377537,1.6578368047020335
tfix,195,K,1,合格,0,合格,解像しない,1.8218348427320445e-08,1.9495993658440187e-08,3.7714342085760636e-08,1.5085736834304254e-08,合格,合格,3.0642902944680517e-15,3.0642902944680517e-15,0,3.8827349567070131e-93,6.2372310469377537,1.6578368047020335
tfix,195,K,2,合格,0,合格,合格,5.6910099603071183e-10,4.9296097666189903e-10,1.0620619726926109e-09,1.0620619726926109e-09,合格,合格,5.3103098634630541e-16,5.3103098634630541e-16,0,2.7335125840096178e-94,6.2372310469377537,1.6578368047020335
tfix,195,K,3,合格,0,合格,合格,1.0507097349944277e-10,2.0895930895516149e-10,3.1403028245460429e-10,4.1870704327280569e-10,合格,合格,1.2777924904565604e-20,1.2777924904565604e-20,0,1.0776593091813247e-94,6.2372310469377537,1.6578368047020335
vfix,196,K,0,合格,0,合格,合格,3.5891883929759487e-11,3.5891883929759487e-11,0,4.5546552490877444e-10,合格,合格,1.0002236181033796e-12,2.5023138235358235e-13,7.499922357497973e-13,1.1722675097426007e-94,2.1719512045672436,8.8373835152219051
vfix,196,K,4,合格,0,合格,合格,7.7974365859296633e-11,3.5892045177059228e-11,1.1386641103635586e-10,4.5546552490877439e-10,合格,合格,0,0,0,1.1722675097426006e-94,2.1719512045672436,8.8373835152219051
tfix,196,K,0,合格,0,合格,合格,4.9251915622989151e-11,1.5862416247372808e-11,3.338949937561634e-11,1.3355799750246536e-10,合格,合格,1.9137525462128261e-12,4.7867186304883583e-13,1.4350806831639903e-12,3.4374874183898381e-95,1.761989693877525,47.797944963169165
tfix,196,K,1,合格,0,合格,合格,9.2164224591991316e-12,4.9769568375861186e-10,5.06912106217811e-10,1.013824212435622e-09,合格,合格,1.2672802655445276e-16,1.2672802655445276e-16,0,2.6093592595547166e-94,1.761989693877525,47.797944963169165
tfix,196,K,2,合格,0,合格,合格,8.7008592750564136e-12,1.7012681985124218e-10,1.6142596057618576e-10,1.6142596057618576e-10,合格,合格,1.6142596057618576e-16,1.6142596057618576e-16,0,4.1547471425055592e-95,1.761989693877525,47.797944963169165
tfix,196,K,3,合格,0,合格,合格,6.8225062332542089e-11,4.7653195261815745e-11,1.1587825759435785e-10,2.3175651518871569e-10,合格,合格,1.1587825759435784e-16,1.1587825759435784e-16,0,5.9649000433416799e-95,1.761989693877525,47.797944963169165
vfix,197,K,0,合格,0,合格,合格,4.334852491485561e-11,9.9078665913403833e-11,1.4242719082825945e-10,5.0866859144559684e-12,合格,合格,1.0000349087621101e-12,2.4993723484646388e-13,7.5009767391564616e-13,1.3092004342098971e-96,41.643232881825718,6.1192627448453365
vfix,197,K,4,合格,0,合格,合格,9.9078727300576914e-11,4.3348497369033398e-11,1.424272246696103e-10,5.0866859144559692e-12,合格,合格,0,0,0,1.3092004342098973e-96,41.643232881825718,6.1192627448453365
tfix,197,K,0,合格,0,合格,解像しない,4.2440930151308883e-10,2.8363208625615729e-09,3.260730164074662e-09,1.3042920656298648e-08,合格,合格,1.6780634504686856e-10,4.1944810056844922e-11,1.2586153499002364e-10,3.3569592606579715e-93,1238.4307654355518,12.459179926071329
tfix,197,K,1,合格,0,合格,解像しない,2.4841130996506797e-09,7.1831489493623687e-09,9.6672620490130492e-09,3.8669048196052197e-08,合格,合格,2.4772359000595937e-14,2.4772359000595937e-14,0,9.952557625954674e-93,1238.4307654355518,12.459179926071329
tfix,197,K,2,合格,0,合格,解像しない,1.3138845213540002e-08,3.3584854817647382e-08,2.0446009604107382e-08,2.0446009604107382e-08,合格,合格,3.0349545506096892e-14,3.0349545506096892e-14,0,5.2623505955979581e-93,1238.4307654355518,12.459179926071329
tfix,197,K,3,合格,0,合格,解像しない,5.7534310647424343e-09,3.5301299684311842e-08,4.1054730749054277e-08,1.8246546999579679e-08,合格,合格,2.1525223413566652e-14,2.1525223413566652e-14,0,4.6962575744635734e-93,1238.4307654355518,12.459179926071329
vfix,198,K,0,合格,0,合格,合格,1.8359293599616023e-10,1.8359293599616023e-10,0,3.3094245178615841e-09,合格,合格,9.9995964655860383e-13,2.4982824538939897e-13,7.5013140116920491e-13,8.5177266468449847e-94,2.9733404072805225,440.149446708808
vfix,198,K,4,合格,0,合格,合格,1.8359303111584332e-10,1.8359303111584332e-10,0,3.3094245178615849e-09,合格,合格,0,0,0,8.5177266468449869e-94,2.9733404072805225,440.149446708808
tfix,198,K,0,合格,0,合格,合格,1.0737085012300955e-10,4.5660413149407722e-12,1.0280480880806878e-10,1.3707307841075838e-10,合格,合格,2.0462269145158009e-12,5.1183087478577178e-13,1.5343960397300292e-12,3.5279578254252276e-95,21.405681773092628,1111.5057448964108
tfix,198,K,1,合格,0,合格,合格,5.6604405771678447e-10,1.7942142878740197e-10,7.4546548650418644e-10,2.9818619460167458e-09,合格,合格,1.8636637162604661e-16,1.8636637162604661e-16,0,7.6746530454822028e-94,21.405681773092628,1111.5057448964108
tfix,198,K,2,合格,0,合格,合格,1.8997722444047532e-11,1.8997722444047532e-11,1.952746989618151e-13,3.9992258347379732e-10,合格,合格,3.9992258347379734e-16,3.9992258347379734e-16,0,1.0293122648801034e-94,21.405681773092628,1111.5057448964108
tfix,198,K,3,合格,0,合格,合格,7.4505102262262266e-11,6.6083872701794231e-12,6.7896714992082838e-11,1.3579342998416568e-10,合格,合格,2.7158685996833134e-16,2.7158685996833134e-16,0,3.4950225055744371e-95,21.405681773092628,1111.5057448964108
vfix,199,K,0,合格,0,合格,解像しない,3.9101570907035958e-11,1.9434743035694788e-08,1.9395641464787752e-08,7.7582566036707339e-08,合格,合格,1.0001068571571739e-12,2.501113638934993e-13,7.4999549326367461e-13,1.996803633063287e-92,23.743099254427996,9720.4111147916446
vfix,199,K,4,合格,0,合格,解像しない,3.9101568729063893e-11,1.9356539951759963e-08,1.9395641520489029e-08,7.7582566036707339e-08,合格,合格,1.1631659669824014e-16,1.1631659669824014e-16,0,1.996803633063287e-92,23.743099254427996,9720.4111147916446
tfix,199,K,0,合格,0,合格,合格,8.0761069019193774e-11,8.8962448849652137e-11,1.697235178688459e-10,6.7889407147538359e-10,合格,合格,4.3749631201052411e-12,1.0933589021111053e-12,3.2816042179941357e-12,1.7473231650339806e-94,38.334975265252169,13450.934820861343
tfix,199,K,1,合格,0,合格,合格,8.6479363164294092e-11,8.6479363164294092e-11,3.3374697666658479e-13,6.8351380821316566e-10,合格,合格,1.7087845205329143e-16,1.7087845205329143e-16,0,1.7592133454869378e-94,38.334975265252169,13450.934820861343
tfix,199,K,2,合格,0,合格,合格,7.6839602766124337e-11,1.1295201258554853e-10,1.8979161535167287e-10,7.5916646140669148e-10,合格,合格,1.8979161535167286e-16,1.8979161535167286e-16,0,1.9539265400418011e-94,38.334975265252169,13450.934820861343
tfix,199,K,3,合格,0,合格,合格,6.5192762610192215e-10,1.7124640890561698e-10,4.8068121719630522e-10,1.9227248687852209e-09,合格,合格,1.6823842601870681e-15,1.6823842601870681e-15,0,4.9486684953871419e-94,38.334975265252169,13450.934820861343
