cfg	file	name	S_abs	D_abs	D_over_2S	verdict	reason	detail
c36node	res_200.h5	MESH/CONNE	0.000000e+00	0.000000e+00	0	PASS	整数・文字列は厳密一致	
c36node	res_200.h5	MESH/COORD	0.000000e+00	0.000000e+00	0	PASS		
c36node	res_200.h5	VALUE/P	1.594250e+03	1.206000e+03	0.378234	PASS		
c36node	res_200.h5	VALUE/T	1.947327e-01	1.846313e-01	0.474064	PASS		
c36node	res_200.h5	VALUE/Ux	9.465027e-02	1.120148e-01	0.59173	PASS		
c36node	res_200.h5	VALUE/Uy	2.548366e-01	1.790097e-01	0.351224	PASS		
c36node	res_200.h5	VALUE/Uz	0.000000e+00	0.000000e+00	0	PASS		
c36node	res_200.h5	VALUE/h0	1.956250e+02	1.854688e+02	0.474042	PASS		
c36node	res_200.h5	VALUE/k	7.321289e+00	8.699707e+00	0.594138	PASS		
c36node	res_200.h5	VALUE/omega	2.496000e+04	2.534800e+04	0.507772	PASS		
c36node	res_200.h5	VALUE/ro	1.121950e-02	1.014614e-02	0.452165	PASS		
c36node	res_200.h5	VALUE/roK	4.643164e+01	5.769141e+01	0.621251	PASS		
c36node	res_200.h5	VALUE/roOmega	1.538560e+05	1.497360e+05	0.486611	PASS		
c36node	res_200.h5	VALUE/roUx	8.562012e-01	7.550049e-01	0.440904	PASS		
c36node	res_200.h5	VALUE/roUy	1.412735e+00	1.718948e+00	0.608376	PASS		
c36node	res_200.h5	VALUE/roUz	0.000000e+00	0.000000e+00	0	PASS		
c36node	res_200.h5	VALUE/roe	3.292125e+03	2.935000e+03	0.445761	PASS		
c36node	res_200.h5	VALUE/sonic	1.123657e-01	1.065369e-01	0.474063	PASS		
c36node	res_200.h5	VALUE/vis_lam	9.205905e-09	8.729330e-09	0.474116	PASS		
c36node	res_200.h5	VALUE/vis_turb	1.513399e-05	1.885276e-05	0.622862	PASS		
c36node	res_200.h5	VALUE/wall_dist	0.000000e+00	0.000000e+00	0	PASS		
c36node	res_wall_4_200.h5	MESH/CONNE	0.000000e+00	0.000000e+00	0	PASS	整数・文字列は厳密一致	
c36node	res_wall_4_200.h5	MESH/COORD	0.000000e+00	0.000000e+00	0	PASS		
c36node	res_wall_4_200.h5	VALUE/Ps	1.594250e+03	1.206000e+03	0.378234	PASS		
c36node	res_wall_4_200.h5	VALUE/Pt	0.000000e+00	0.000000e+00	0	PASS		
c36node	res_wall_4_200.h5	VALUE/Ts	1.947632e-01	1.846008e-01	0.473911	PASS		
c36node	res_wall_4_200.h5	VALUE/Tt	0.000000e+00	0.000000e+00	0	PASS		
c36node	res_wall_4_200.h5	VALUE/Ux	0.000000e+00	0.000000e+00	0	PASS		
c36node	res_wall_4_200.h5	VALUE/Uy	0.000000e+00	0.000000e+00	0	PASS		
c36node	res_wall_4_200.h5	VALUE/Uz	0.000000e+00	0.000000e+00	0	PASS		
c36node	res_wall_4_200.h5	VALUE/kb	0.000000e+00	0.000000e+00	0	PASS		
c36node	res_wall_4_200.h5	VALUE/omegab	2.496000e+04	2.534800e+04	0.507772	PASS		
c36node	res_wall_4_200.h5	VALUE/qwall	0.000000e+00	0.000000e+00	0	PASS		
c36node	res_wall_4_200.h5	VALUE/ro	1.369667e-02	1.055336e-02	0.385253	PASS		
c36node	res_wall_4_200.h5	VALUE/roUx	0.000000e+00	0.000000e+00	0	PASS		
c36node	res_wall_4_200.h5	VALUE/roUy	0.000000e+00	0.000000e+00	0	PASS		
c36node	res_wall_4_200.h5	VALUE/roUz	0.000000e+00	0.000000e+00	0	PASS		
c36node	res_wall_4_200.h5	VALUE/roe	3.985500e+03	3.015000e+03	0.378246	PASS		
c36node	res_wall_4_200.h5	VALUE/twall_x	1.041211e+01	1.311719e+01	0.629901	PASS		
c36node	res_wall_4_200.h5	VALUE/twall_y	1.046191e+01	9.423454e+00	0.45037	PASS		
c36node	res_wall_4_200.h5	VALUE/twall_z	0.000000e+00	0.000000e+00	0	PASS		
c36node	res_wall_4_200.h5	VALUE/utau	2.554893e-03	3.401756e-03	0.665733	PASS		
c36node	res_wall_4_200.h5	VALUE/ypls	4.997943e-06	4.698522e-06	0.470046	PASS		
c36node	point_probe_0.out	P	4.375000e-01	4.375000e-01	0.5	PASS		
c36node	point_probe_0.out	T	1.678000e-04	1.374000e-04	0.409416	PASS		
c36node	point_probe_0.out	TotalTime	0.000000e+00	0.000000e+00	0	PASS		
c36node	point_probe_0.out	Ux	2.747000e-04	3.357000e-04	0.61103	PASS		
c36node	point_probe_0.out	Uy	1.296047e-04	1.131324e-04	0.436452	PASS		
c36node	point_probe_0.out	Uz	0.000000e+00	0.000000e+00	0	PASS		
c36node	point_probe_1.out	P	6.250000e-01	6.250000e-01	0.5	PASS		
c36node	point_probe_1.out	T	1.373000e-04	1.373000e-04	0.5	PASS		
c36node	point_probe_1.out	TotalTime	0.000000e+00	0.000000e+00	0	PASS		
c36node	point_probe_1.out	Ux	2.137000e-04	1.831000e-04	0.428404	PASS		
c36node	point_probe_1.out	Uy	5.912700e-05	6.437300e-05	0.544362	PASS		
c36node	point_probe_1.out	Uz	0.000000e+00	0.000000e+00	0	PASS		
c36node	point_probe_2.out	P	5.000000e-01	5.000000e-01	0.5	PASS		
c36node	point_probe_2.out	T	9.150000e-05	9.160000e-05	0.500546	PASS		
c36node	point_probe_2.out	TotalTime	0.000000e+00	0.000000e+00	0	PASS		
c36node	point_probe_2.out	Ux	3.052000e-05	3.814000e-05	0.624836	PASS		
c36node	point_probe_2.out	Uy	3.600100e-05	3.361700e-05	0.46689	PASS		
c36node	point_probe_2.out	Uz	0.000000e+00	0.000000e+00	0	PASS		
c36node	residual_history.csv	rms_dq_ro	0.000000e+00	0.000000e+00	0	PASS		
c36node	residual_history.csv	rms_dq_roUx	0.000000e+00	0.000000e+00	0	PASS		
c36node	residual_history.csv	rms_dq_roUy	0.000000e+00	0.000000e+00	0	PASS		
c36node	residual_history.csv	rms_dq_roUz	0.000000e+00	0.000000e+00	0	PASS		
c36node	residual_history.csv	rms_dq_roe	0.000000e+00	0.000000e+00	0	PASS		
c36node	residual_history.csv	rms_ro	7.417984e-06	7.294613e-06	0.491684	PASS		
c36node	residual_history.csv	rms_roK	4.884720e-03	5.092621e-03	0.521281	PASS		
c36node	residual_history.csv	rms_roOmega	7.030469e+01	6.448242e+01	0.458593	PASS		
c36node	residual_history.csv	rms_roUx	3.135204e-04	3.412962e-04	0.544297	PASS		
c36node	residual_history.csv	rms_roUy	6.473139e-04	6.328896e-04	0.488858	PASS		
c36node	residual_history.csv	rms_roUz	0.000000e+00	0.000000e+00	0	PASS		
c36node	residual_history.csv	rms_roe	2.223236e+00	2.168121e+00	0.487605	PASS		
c36node_impdiag	res_200.h5	MESH/CONNE	0.000000e+00	0.000000e+00	0	PASS	整数・文字列は厳密一致	
c36node_impdiag	res_200.h5	MESH/COORD	0.000000e+00	0.000000e+00	0	PASS		
c36node_impdiag	res_200.h5	VALUE/P	1.036375e+03	1.090906e+03	0.526309	PASS		
c36node_impdiag	res_200.h5	VALUE/T	1.883545e-01	1.957703e-01	0.519686	PASS		
c36node_impdiag	res_200.h5	VALUE/Ux	8.689880e-02	1.246490e-01	0.717208	PASS		
c36node_impdiag	res_200.h5	VALUE/Uy	1.842811e-01	2.025449e-01	0.549554	PASS		
c36node_impdiag	res_200.h5	VALUE/Uz	0.000000e+00	0.000000e+00	0	PASS		
c36node_impdiag	res_200.h5	VALUE/h0	1.892188e+02	1.966562e+02	0.519653	PASS		
c36node_impdiag	res_200.h5	VALUE/k	9.254883e+00	8.997559e+00	0.486098	PASS		
c36node_impdiag	res_200.h5	VALUE/omega	2.390400e+04	2.427600e+04	0.507781	PASS		
c36node_impdiag	res_200.h5	VALUE/ro	8.745670e-03	8.687973e-03	0.496701	PASS		
c36node_impdiag	res_200.h5	VALUE/roK	5.219531e+01	4.675000e+01	0.447837	PASS		
c36node_impdiag	res_200.h5	VALUE/roOmega	1.752720e+05	1.924000e+05	0.548861	PASS		
c36node_impdiag	res_200.h5	VALUE/roUx	8.858643e-01	1.029785e+00	0.581232	PASS		
c36node_impdiag	res_200.h5	VALUE/roUy	1.014318e+00	1.272261e+00	0.62715	PASS		
c36node_impdiag	res_200.h5	VALUE/roUz	0.000000e+00	0.000000e+00	0	PASS		
c36node_impdiag	res_200.h5	VALUE/roe	2.611000e+03	2.691250e+03	0.515368	PASS		
c36node_impdiag	res_200.h5	VALUE/sonic	1.087341e-01	1.129761e-01	0.519506	PASS		
c36node_impdiag	res_200.h5	VALUE/vis_lam	8.905772e-09	9.256837e-09	0.51971	PASS		
c36node_impdiag	res_200.h5	VALUE/vis_turb	1.446623e-05	1.323223e-05	0.457349	PASS		
c36node_impdiag	res_200.h5	VALUE/wall_dist	0.000000e+00	0.000000e+00	0	PASS		
c36node_impdiag	res_wall_4_200.h5	MESH/CONNE	0.000000e+00	0.000000e+00	0	PASS	整数・文字列は厳密一致	
c36node_impdiag	res_wall_4_200.h5	MESH/COORD	0.000000e+00	0.000000e+00	0	PASS		
c36node_impdiag	res_wall_4_200.h5	VALUE/Ps	1.036375e+03	1.090906e+03	0.526309	PASS		
c36node_impdiag	res_wall_4_200.h5	VALUE/Pt	0.000000e+00	0.000000e+00	0	PASS		
c36node_impdiag	res_wall_4_200.h5	VALUE/Ts	1.883545e-01	1.957703e-01	0.519686	PASS		
c36node_impdiag	res_wall_4_200.h5	VALUE/Tt	0.000000e+00	0.000000e+00	0	PASS		
c36node_impdiag	res_wall_4_200.h5	VALUE/Ux	0.000000e+00	0.000000e+00	0	PASS		
c36node_impdiag	res_wall_4_200.h5	VALUE/Uy	0.000000e+00	0.000000e+00	0	PASS		
c36node_impdiag	res_wall_4_200.h5	VALUE/Uz	0.000000e+00	0.000000e+00	0	PASS		
c36node_impdiag	res_wall_4_200.h5	VALUE/kb	0.000000e+00	0.000000e+00	0	PASS		
c36node_impdiag	res_wall_4_200.h5	VALUE/omegab	2.390400e+04	2.427600e+04	0.507781	PASS		
c36node_impdiag	res_wall_4_200.h5	VALUE/qwall	0.000000e+00	0.000000e+00	0	PASS		
c36node_impdiag	res_wall_4_200.h5	VALUE/ro	9.108067e-03	9.341240e-03	0.5128	PASS		
c36node_impdiag	res_wall_4_200.h5	VALUE/roUx	0.000000e+00	0.000000e+00	0	PASS		
c36node_impdiag	res_wall_4_200.h5	VALUE/roUy	0.000000e+00	0.000000e+00	0	PASS		
c36node_impdiag	res_wall_4_200.h5	VALUE/roUz	0.000000e+00	0.000000e+00	0	PASS		
c36node_impdiag	res_wall_4_200.h5	VALUE/roe	2.590875e+03	2.727250e+03	0.526318	PASS		
c36node_impdiag	res_wall_4_200.h5	VALUE/twall_x	1.375244e+01	1.323877e+01	0.481324	PASS		
c36node_impdiag	res_wall_4_200.h5	VALUE/twall_y	1.033768e+01	1.119968e+01	0.541692	PASS		
c36node_impdiag	res_wall_4_200.h5	VALUE/twall_z	0.000000e+00	0.000000e+00	0	PASS		
c36node_impdiag	res_wall_4_200.h5	VALUE/utau	2.689838e-03	2.998352e-03	0.557348	PASS		
c36node_impdiag	res_wall_4_200.h5	VALUE/ypls	3.706664e-06	4.789792e-06	0.646106	PASS		
c36node_impdiag	diag.csv	max_pseudo_ratio	1.452876e-04	1.536823e-04	0.52889	PASS		
c36node_impdiag	diag.csv	mean_dt_local	3.321849e-14	3.983319e-14	0.599564	PASS		
c36node_impdiag	diag.csv	mean_face_diag	1.489149e-06	1.521739e-06	0.510943	PASS		
c36node_impdiag	diag.csv	mean_face_to_pseudo	1.244603e-06	1.282841e-06	0.515361	PASS		
c36node_impdiag	diag.csv	mean_pseudo_diag	4.065866e-08	4.619754e-08	0.568114	PASS		
c36node_impdiag	diag.csv	mean_pseudo_ratio	4.560625e-08	4.902619e-08	0.537494	PASS		
c36node_impdiag	diag.csv	min_pseudo_ratio	4.487303e-08	4.502729e-08	0.501719	PASS		
c36node_impdiag	point_probe_0.out	P	5.000000e-01	5.625000e-01	0.5625	PASS		
c36node_impdiag	point_probe_0.out	T	1.220000e-04	1.069000e-04	0.438115	PASS		
c36node_impdiag	point_probe_0.out	TotalTime	0.000000e+00	0.000000e+00	0	PASS		
c36node_impdiag	point_probe_0.out	Ux	2.136000e-04	1.832000e-04	0.428839	PASS		
c36node_impdiag	point_probe_0.out	Uy	1.248894e-04	1.391927e-04	0.557264	PASS		
c36node_impdiag	point_probe_0.out	Uz	0.000000e+00	0.000000e+00	0	PASS		
c36node_impdiag	point_probe_1.out	P	1.000000e+00	8.750000e-01	0.4375	PASS		
c36node_impdiag	point_probe_1.out	T	1.373000e-04	1.525000e-04	0.555353	PASS		
c36node_impdiag	point_probe_1.out	TotalTime	0.000000e+00	0.000000e+00	0	PASS		
c36node_impdiag	point_probe_1.out	Ux	1.221000e-04	1.221000e-04	0.5	PASS		
c36node_impdiag	point_probe_1.out	Uy	6.914100e-05	6.008200e-05	0.434489	PASS		
c36node_impdiag	point_probe_1.out	Uz	0.000000e+00	0.000000e+00	0	PASS		
c36node_impdiag	point_probe_2.out	P	5.000000e-01	6.250000e-01	0.625	PASS		
c36node_impdiag	point_probe_2.out	T	6.110000e-05	9.150000e-05	0.748773	PASS		
c36node_impdiag	point_probe_2.out	TotalTime	0.000000e+00	0.000000e+00	0	PASS		
c36node_impdiag	point_probe_2.out	Ux	4.578000e-05	4.578000e-05	0.5	PASS		
c36node_impdiag	point_probe_2.out	Uy	4.601500e-05	5.245200e-05	0.569945	PASS		
c36node_impdiag	point_probe_2.out	Uz	0.000000e+00	0.000000e+00	0	PASS		
c36node_impdiag	residual_history.csv	rms_dq_ro	0.000000e+00	0.000000e+00	0	PASS		
c36node_impdiag	residual_history.csv	rms_dq_roUx	0.000000e+00	0.000000e+00	0	PASS		
c36node_impdiag	residual_history.csv	rms_dq_roUy	0.000000e+00	0.000000e+00	0	PASS		
c36node_impdiag	residual_history.csv	rms_dq_roUz	0.000000e+00	0.000000e+00	0	PASS		
c36node_impdiag	residual_history.csv	rms_dq_roe	0.000000e+00	0.000000e+00	0	PASS		
c36node_impdiag	residual_history.csv	rms_ro	1.002246e-05	7.393013e-06	0.368822	PASS		
c36node_impdiag	residual_history.csv	rms_roK	4.623413e-03	5.790710e-03	0.626238	PASS		
c36node_impdiag	residual_history.csv	rms_roOmega	7.448047e+01	6.834570e+01	0.458816	PASS		
c36node_impdiag	residual_history.csv	rms_roUx	2.535582e-04	3.039837e-04	0.599436	PASS		
c36node_impdiag	residual_history.csv	rms_roUy	6.194338e-04	6.339028e-04	0.511679	PASS		
c36node_impdiag	residual_history.csv	rms_roUz	0.000000e+00	0.000000e+00	0	PASS		
c36node_impdiag	residual_history.csv	rms_roe	1.904816e+00	1.920303e+00	0.504065	PASS		
c36node_psidual	res_200.h5	MESH/CONNE	0.000000e+00	0.000000e+00	0	PASS	整数・文字列は厳密一致	
c36node_psidual	res_200.h5	MESH/COORD	0.000000e+00	0.000000e+00	0	PASS		
c36node_psidual	res_200.h5	VALUE/P	1.266312e+03	1.224719e+03	0.483577	PASS		
c36node_psidual	res_200.h5	VALUE/T	1.976929e-01	2.214966e-01	0.560204	PASS		
c36node_psidual	res_200.h5	VALUE/Ux	1.057892e-01	1.282043e-01	0.605943	PASS		
c36node_psidual	res_200.h5	VALUE/Uy	1.810994e-01	2.005534e-01	0.553711	PASS		
c36node_psidual	res_200.h5	VALUE/Uz	0.000000e+00	0.000000e+00	0	PASS		
c36node_psidual	res_200.h5	VALUE/h0	1.985938e+02	2.225000e+02	0.560189	PASS		
c36node_psidual	res_200.h5	VALUE/k	7.709473e+00	7.124023e+00	0.462031	PASS		
c36node_psidual	res_200.h5	VALUE/omega	2.838000e+04	2.767200e+04	0.487526	PASS		
c36node_psidual	res_200.h5	VALUE/ro	1.025295e-02	1.037598e-02	0.505999	PASS		
c36node_psidual	res_200.h5	VALUE/roK	4.999609e+01	4.291992e+01	0.429233	PASS		
c36node_psidual	res_200.h5	VALUE/roOmega	1.563680e+05	1.924000e+05	0.615215	PASS		
c36node_psidual	res_200.h5	VALUE/roUx	8.518066e-01	7.584839e-01	0.445221	PASS		
c36node_psidual	res_200.h5	VALUE/roUy	1.108192e+00	1.741398e+00	0.785693	PASS		
c36node_psidual	res_200.h5	VALUE/roUz	0.000000e+00	0.000000e+00	0	PASS		
c36node_psidual	res_200.h5	VALUE/roe	2.987750e+03	2.960000e+03	0.495356	PASS		
c36node_psidual	res_200.h5	VALUE/sonic	1.141052e-01	1.278687e-01	0.56031	PASS		
c36node_psidual	res_200.h5	VALUE/vis_lam	9.353244e-09	1.047738e-08	0.560093	PASS		
c36node_psidual	res_200.h5	VALUE/vis_turb	1.470093e-05	1.571514e-05	0.534495	PASS		
c36node_psidual	res_200.h5	VALUE/wall_dist	0.000000e+00	0.000000e+00	0	PASS		
c36node_psidual	res_wall_4_200.h5	MESH/CONNE	0.000000e+00	0.000000e+00	0	PASS	整数・文字列は厳密一致	
c36node_psidual	res_wall_4_200.h5	MESH/COORD	0.000000e+00	0.000000e+00	0	PASS		
c36node_psidual	res_wall_4_200.h5	VALUE/Ps	1.266312e+03	1.224719e+03	0.483577	PASS		
c36node_psidual	res_wall_4_200.h5	VALUE/Pt	0.000000e+00	0.000000e+00	0	PASS		
c36node_psidual	res_wall_4_200.h5	VALUE/Ts	1.976929e-01	2.215271e-01	0.560281	PASS		
c36node_psidual	res_wall_4_200.h5	VALUE/Tt	0.000000e+00	0.000000e+00	0	PASS		
c36node_psidual	res_wall_4_200.h5	VALUE/Ux	0.000000e+00	0.000000e+00	0	PASS		
c36node_psidual	res_wall_4_200.h5	VALUE/Uy	0.000000e+00	0.000000e+00	0	PASS		
c36node_psidual	res_wall_4_200.h5	VALUE/Uz	0.000000e+00	0.000000e+00	0	PASS		
c36node_psidual	res_wall_4_200.h5	VALUE/kb	0.000000e+00	0.000000e+00	0	PASS		
c36node_psidual	res_wall_4_200.h5	VALUE/omegab	2.838000e+04	2.767200e+04	0.487526	PASS		
c36node_psidual	res_wall_4_200.h5	VALUE/qwall	0.000000e+00	0.000000e+00	0	PASS		
c36node_psidual	res_wall_4_200.h5	VALUE/ro	1.103830e-02	1.058340e-02	0.479394	PASS		
c36node_psidual	res_wall_4_200.h5	VALUE/roUx	0.000000e+00	0.000000e+00	0	PASS		
c36node_psidual	res_wall_4_200.h5	VALUE/roUy	0.000000e+00	0.000000e+00	0	PASS		
c36node_psidual	res_wall_4_200.h5	VALUE/roUz	0.000000e+00	0.000000e+00	0	PASS		
c36node_psidual	res_wall_4_200.h5	VALUE/roe	3.165750e+03	3.061750e+03	0.483574	PASS		
c36node_psidual	res_wall_4_200.h5	VALUE/twall_x	1.085303e+01	1.052051e+01	0.484681	PASS		
c36node_psidual	res_wall_4_200.h5	VALUE/twall_y	8.548515e+00	9.395294e+00	0.549528	PASS		
c36node_psidual	res_wall_4_200.h5	VALUE/twall_z	0.000000e+00	0.000000e+00	0	PASS		
c36node_psidual	res_wall_4_200.h5	VALUE/utau	3.048897e-03	2.899647e-03	0.475524	PASS		
c36node_psidual	res_wall_4_200.h5	VALUE/ypls	2.745306e-06	4.242640e-06	0.772708	PASS		
c36node_psidual	point_probe_0.out	P	4.375000e-01	5.000000e-01	0.571429	PASS		
c36node_psidual	point_probe_0.out	T	1.679000e-04	1.525000e-04	0.454139	PASS		
c36node_psidual	point_probe_0.out	TotalTime	0.000000e+00	0.000000e+00	0	PASS		
c36node_psidual	point_probe_0.out	Ux	2.136000e-04	2.746000e-04	0.64279	PASS		
c36node_psidual	point_probe_0.out	Uy	1.067277e-04	1.304224e-04	0.611005	PASS		
c36node_psidual	point_probe_0.out	Uz	0.000000e+00	0.000000e+00	0	PASS		
c36node_psidual	point_probe_1.out	P	6.250000e-01	6.250000e-01	0.5	PASS		
c36node_psidual	point_probe_1.out	T	1.221000e-04	1.220000e-04	0.49959	PASS		
c36node_psidual	point_probe_1.out	TotalTime	0.000000e+00	0.000000e+00	0	PASS		
c36node_psidual	point_probe_1.out	Ux	1.526000e-04	1.526000e-04	0.5	PASS		
c36node_psidual	point_probe_1.out	Uy	6.675700e-05	7.629400e-05	0.571431	PASS		
c36node_psidual	point_probe_1.out	Uz	0.000000e+00	0.000000e+00	0	PASS		
c36node_psidual	point_probe_2.out	P	5.000000e-01	3.750000e-01	0.375	PASS		
c36node_psidual	point_probe_2.out	T	9.160000e-05	9.160000e-05	0.5	PASS		
c36node_psidual	point_probe_2.out	TotalTime	0.000000e+00	0.000000e+00	0	PASS		
c36node_psidual	point_probe_2.out	Ux	3.814000e-05	3.814000e-05	0.5	PASS		
c36node_psidual	point_probe_2.out	Uy	3.814700e-05	3.981600e-05	0.521876	PASS		
c36node_psidual	point_probe_2.out	Uz	0.000000e+00	0.000000e+00	0	PASS		
c36node_psidual	psi_dualeval.csv	S_A	9.100000e+03	1.250000e+04	0.686813	PASS		
c36node_psidual	psi_dualeval.csv	S_AdotBmA	1.731490e+11	1.658100e+11	0.478807	PASS		
c36node_psidual	psi_dualeval.csv	S_ApmA	7.520900e+00	7.317550e+00	0.486481	PASS		
c36node_psidual	psi_dualeval.csv	S_B	5.100000e+03	4.000000e+03	0.392157	PASS		
c36node_psidual	psi_dualeval.csv	S_BmA	3.554100e+04	2.794100e+04	0.393081	PASS		
c36node_psidual	psi_dualeval.csv	all_A	9.100000e+03	1.250000e+04	0.686813	PASS		
c36node_psidual	psi_dualeval.csv	all_AdotBmA	1.731490e+11	1.658100e+11	0.478807	PASS		
c36node_psidual	psi_dualeval.csv	all_ApmA	7.520900e+00	7.317550e+00	0.486481	PASS		
c36node_psidual	psi_dualeval.csv	all_B	5.100000e+03	4.000000e+03	0.392157	PASS		
c36node_psidual	psi_dualeval.csv	all_BmA	3.554100e+04	2.794100e+04	0.393081	PASS		
c36node_psidual	psi_dualeval.csv	nS	0.000000e+00	0.000000e+00	0	PASS		
c36node_psidual	psi_dualeval.csv	psi_maxdiff_S	0.000000e+00	0.000000e+00	0	PASS		
c36node_psidual	psi_dualeval.csv	restore_mismatch	0.000000e+00	0.000000e+00	0	PASS		
c36node_psidual	residual_history.csv	rms_dq_ro	0.000000e+00	0.000000e+00	0	PASS		
c36node_psidual	residual_history.csv	rms_dq_roUx	0.000000e+00	0.000000e+00	0	PASS		
c36node_psidual	residual_history.csv	rms_dq_roUy	0.000000e+00	0.000000e+00	0	PASS		
c36node_psidual	residual_history.csv	rms_dq_roUz	0.000000e+00	0.000000e+00	0	PASS		
c36node_psidual	residual_history.csv	rms_dq_roe	0.000000e+00	0.000000e+00	0	PASS		
c36node_psidual	residual_history.csv	rms_ro	6.669492e-06	6.840419e-06	0.512814	PASS		
c36node_psidual	residual_history.csv	rms_roK	7.612228e-03	9.088516e-03	0.596968	PASS		
c36node_psidual	residual_history.csv	rms_roOmega	4.900781e+01	5.263477e+01	0.537004	PASS		
c36node_psidual	residual_history.csv	rms_roUx	3.089905e-04	3.581047e-04	0.579475	PASS		
c36node_psidual	residual_history.csv	rms_roUy	5.598515e-04	5.610883e-04	0.501105	PASS		
c36node_psidual	residual_history.csv	rms_roUz	0.000000e+00	0.000000e+00	0	PASS		
c36node_psidual	residual_history.csv	rms_roe	1.810333e+00	1.959793e+00	0.54128	PASS		
c09ckpt100	res_100.h5	CHECKPOINT/passive_fctMeff	2.118215e-12	2.151412e-12	0.507836	PASS		
c09ckpt100	res_100.h5	CHECKPOINT/roKN	0.000000e+00	0.000000e+00	0	PASS		
c09ckpt100	res_100.h5	CHECKPOINT/roN	0.000000e+00	0.000000e+00	0	PASS		
c09ckpt100	res_100.h5	CHECKPOINT/roOmegaN	0.000000e+00	0.000000e+00	0	PASS		
c09ckpt100	res_100.h5	CHECKPOINT/roUxN	0.000000e+00	0.000000e+00	0	PASS		
c09ckpt100	res_100.h5	CHECKPOINT/roUyN	7.646566e-11	7.646566e-11	0.5	PASS		
c09ckpt100	res_100.h5	CHECKPOINT/roUzN	1.098861e-10	1.116079e-10	0.507834	PASS		
c09ckpt100	res_100.h5	CHECKPOINT/roXiP	3.218651e-06	2.980232e-06	0.462963	PASS		
c09ckpt100	res_100.h5	CHECKPOINT/roXi_fctG	2.115965e-06	2.413988e-06	0.570423	PASS		
c09ckpt100	res_100.h5	CHECKPOINT/roXi_fctH	1.114793e-06	9.793439e-07	0.439249	PASS		
c09ckpt100	res_100.h5	CHECKPOINT/roXi_fctHsrc	0.000000e+00	0.000000e+00	0	PASS		
c09ckpt100	res_100.h5	CHECKPOINT/roY0P	0.000000e+00	0.000000e+00	0	PASS		
c09ckpt100	res_100.h5	CHECKPOINT/roY1P	0.000000e+00	0.000000e+00	0	PASS		
c09ckpt100	res_100.h5	CHECKPOINT/roeN	0.000000e+00	0.000000e+00	0	PASS		
c09ckpt100	res_100.h5	MESH/CONNE	0.000000e+00	0.000000e+00	0	PASS	整数・文字列は厳密一致	
c09ckpt100	res_100.h5	MESH/COORD	0.000000e+00	0.000000e+00	0	PASS		
c09ckpt100	res_100.h5	VALUE/P	0.000000e+00	0.000000e+00	0	PASS		
c09ckpt100	res_100.h5	VALUE/Pk_diag	0.000000e+00	0.000000e+00	0	PASS		
c09ckpt100	res_100.h5	VALUE/T	0.000000e+00	0.000000e+00	0	PASS		
c09ckpt100	res_100.h5	VALUE/Taw_diag	0.000000e+00	0.000000e+00	0	PASS		
c09ckpt100	res_100.h5	VALUE/Ux	0.000000e+00	0.000000e+00	0	PASS		
c09ckpt100	res_100.h5	VALUE/Uy	6.280195e-11	6.280195e-11	0.5	PASS		
c09ckpt100	res_100.h5	VALUE/Uz	9.157184e-11	9.300659e-11	0.507834	PASS		
c09ckpt100	res_100.h5	VALUE/Xi	2.503395e-06	2.384186e-06	0.47619	PASS		
c09ckpt100	res_100.h5	VALUE/Y0	0.000000e+00	0.000000e+00	0	PASS		
c09ckpt100	res_100.h5	VALUE/Y1	0.000000e+00	0.000000e+00	0	PASS		
c09ckpt100	res_100.h5	VALUE/axisym_divU	0.000000e+00	0.000000e+00	0	PASS		
c09ckpt100	res_100.h5	VALUE/cfl	0.000000e+00	0.000000e+00	0	PASS		
c09ckpt100	res_100.h5	VALUE/dKdx	0.000000e+00	0.000000e+00	0	PASS		
c09ckpt100	res_100.h5	VALUE/dKdy	0.000000e+00	0.000000e+00	0	PASS		
c09ckpt100	res_100.h5	VALUE/dKdz	0.000000e+00	0.000000e+00	0	PASS		
c09ckpt100	res_100.h5	VALUE/dOmegadx	0.000000e+00	0.000000e+00	0	PASS		
c09ckpt100	res_100.h5	VALUE/dOmegady	0.000000e+00	0.000000e+00	0	PASS		
c09ckpt100	res_100.h5	VALUE/dOmegadz	0.000000e+00	0.000000e+00	0	PASS		
c09ckpt100	res_100.h5	VALUE/dPdx	0.000000e+00	0.000000e+00	0	PASS		
c09ckpt100	res_100.h5	VALUE/dPdy	0.000000e+00	0.000000e+00	0	PASS		
c09ckpt100	res_100.h5	VALUE/dPdz	0.000000e+00	0.000000e+00	0	PASS		
c09ckpt100	res_100.h5	VALUE/dTdx	0.000000e+00	0.000000e+00	0	PASS		
c09ckpt100	res_100.h5	VALUE/dTdy	0.000000e+00	0.000000e+00	0	PASS		
c09ckpt100	res_100.h5	VALUE/dTdz	0.000000e+00	0.000000e+00	0	PASS		
c09ckpt100	res_100.h5	VALUE/dUxdx	0.000000e+00	0.000000e+00	0	PASS		
c09ckpt100	res_100.h5	VALUE/dUxdy	0.000000e+00	0.000000e+00	0	PASS		
c09ckpt100	res_100.h5	VALUE/dUxdz	0.000000e+00	0.000000e+00	0	PASS		
c09ckpt100	res_100.h5	VALUE/dUydx	1.590067e-10	1.548763e-10	0.487012	PASS		
c09ckpt100	res_100.h5	VALUE/dUydy	1.599239e-10	1.599239e-10	0.5	PASS		
c09ckpt100	res_100.h5	VALUE/dUydz	1.599242e-10	1.599242e-10	0.5	PASS		
c09ckpt100	res_100.h5	VALUE/dUzdx	2.340229e-10	2.405429e-10	0.51393	PASS		
c09ckpt100	res_100.h5	VALUE/dUzdy	2.331857e-10	2.368392e-10	0.507834	PASS		
c09ckpt100	res_100.h5	VALUE/dUzdz	2.331858e-10	2.368393e-10	0.507834	PASS		
c09ckpt100	res_100.h5	VALUE/dXidx	7.420778e-06	7.420778e-06	0.5	PASS		
c09ckpt100	res_100.h5	VALUE/dXidy	9.410483e-06	8.651572e-06	0.459677	PASS		
c09ckpt100	res_100.h5	VALUE/dXidz	9.410482e-06	9.562266e-06	0.508065	PASS		
c09ckpt100	res_100.h5	VALUE/delta_les	0.000000e+00	0.000000e+00	0	PASS		
c09ckpt100	res_100.h5	VALUE/drodx	0.000000e+00	0.000000e+00	0	PASS		
c09ckpt100	res_100.h5	VALUE/drody	0.000000e+00	0.000000e+00	0	PASS		
c09ckpt100	res_100.h5	VALUE/drodz	0.000000e+00	0.000000e+00	0	PASS		
c09ckpt100	res_100.h5	VALUE/dt_local	0.000000e+00	0.000000e+00	0	PASS		
c09ckpt100	res_100.h5	VALUE/ducros	0.000000e+00	0.000000e+00	0	PASS		
c09ckpt100	res_100.h5	VALUE/fd_shield	0.000000e+00	0.000000e+00	0	PASS		
c09ckpt100	res_100.h5	VALUE/fe_iddes	0.000000e+00	0.000000e+00	0	PASS		
c09ckpt100	res_100.h5	VALUE/gamma	0.000000e+00	0.000000e+00	0	PASS		
c09ckpt100	res_100.h5	VALUE/h0	0.000000e+00	0.000000e+00	0	PASS		
c09ckpt100	res_100.h5	VALUE/k	0.000000e+00	0.000000e+00	0	PASS		
c09ckpt100	res_100.h5	VALUE/l_des	0.000000e+00	0.000000e+00	0	PASS		
c09ckpt100	res_100.h5	VALUE/limiter_P	0.000000e+00	0.000000e+00	0	PASS		
c09ckpt100	res_100.h5	VALUE/limiter_T	0.000000e+00	0.000000e+00	0	PASS		
c09ckpt100	res_100.h5	VALUE/limiter_Ux	0.000000e+00	0.000000e+00	0	PASS		
c09ckpt100	res_100.h5	VALUE/limiter_Uy	1.000000e+00	1.000000e+00	0.5	PASS		
c09ckpt100	res_100.h5	VALUE/limiter_Uz	1.000000e+00	1.000000e+00	0.5	PASS		
c09ckpt100	res_100.h5	VALUE/limiter_Xi	6.119554e-04	6.119687e-04	0.500011	PASS		
c09ckpt100	res_100.h5	VALUE/limiter_ro	0.000000e+00	0.000000e+00	0	PASS		
c09ckpt100	res_100.h5	VALUE/omega	0.000000e+00	0.000000e+00	0	PASS		
c09ckpt100	res_100.h5	VALUE/passiveFloorCorr_Xi	1.017677e-34	1.017677e-34	0.5	PASS		
c09ckpt100	res_100.h5	VALUE/passiveLimCorr_Xi	0.000000e+00	0.000000e+00	0	PASS		
c09ckpt100	res_100.h5	VALUE/rd_des	0.000000e+00	0.000000e+00	0	PASS		
c09ckpt100	res_100.h5	VALUE/res_ro	2.980232e-08	2.980232e-08	0.5	PASS		
c09ckpt100	res_100.h5	VALUE/res_roK	0.000000e+00	0.000000e+00	0	PASS		
c09ckpt100	res_100.h5	VALUE/res_roOmega	0.000000e+00	0.000000e+00	0	PASS		
c09ckpt100	res_100.h5	VALUE/res_roUx	4.768372e-07	4.768372e-07	0.5	PASS		
c09ckpt100	res_100.h5	VALUE/res_roUy	1.018634e-10	1.018634e-10	0.5	PASS		
c09ckpt100	res_100.h5	VALUE/res_roe	1.562500e-02	1.562500e-02	0.5	PASS		
c09ckpt100	res_100.h5	VALUE/ro	0.000000e+00	0.000000e+00	0	PASS		
c09ckpt100	res_100.h5	VALUE/roK	0.000000e+00	0.000000e+00	0	PASS		
c09ckpt100	res_100.h5	VALUE/roK_wf	0.000000e+00	0.000000e+00	0	PASS		
c09ckpt100	res_100.h5	VALUE/roOmega	0.000000e+00	0.000000e+00	0	PASS		
c09ckpt100	res_100.h5	VALUE/roUx	0.000000e+00	0.000000e+00	0	PASS		
c09ckpt100	res_100.h5	VALUE/roUy	7.536235e-11	7.536235e-11	0.5	PASS		
c09ckpt100	res_100.h5	VALUE/roUz	1.098862e-10	1.116079e-10	0.507834	PASS		
c09ckpt100	res_100.h5	VALUE/roXi	2.980232e-06	2.861023e-06	0.48	PASS		
c09ckpt100	res_100.h5	VALUE/roY0	0.000000e+00	0.000000e+00	0	PASS		
c09ckpt100	res_100.h5	VALUE/roY1	0.000000e+00	0.000000e+00	0	PASS		
c09ckpt100	res_100.h5	VALUE/roe	0.000000e+00	0.000000e+00	0	PASS		
c09ckpt100	res_100.h5	VALUE/sonic	0.000000e+00	0.000000e+00	0	PASS		
c09ckpt100	res_100.h5	VALUE/src_jac_k	0.000000e+00	0.000000e+00	0	PASS		
c09ckpt100	res_100.h5	VALUE/src_jac_omega	0.000000e+00	0.000000e+00	0	PASS		
c09ckpt100	res_100.h5	VALUE/thermCond	0.000000e+00	0.000000e+00	0	PASS		
c09ckpt100	res_100.h5	VALUE/transport_diag_k	0.000000e+00	0.000000e+00	0	PASS		
c09ckpt100	res_100.h5	VALUE/transport_diag_omega	0.000000e+00	0.000000e+00	0	PASS		
c09ckpt100	res_100.h5	VALUE/vis_lam	0.000000e+00	0.000000e+00	0	PASS		
c09ckpt100	res_100.h5	VALUE/vis_turb	0.000000e+00	0.000000e+00	0	PASS		
c09ckpt100	res_100.h5	VALUE/volume	0.000000e+00	0.000000e+00	0	PASS		
c09ckpt100	res_100.h5	VALUE/wall_dist	0.000000e+00	0.000000e+00	0	PASS		
c09ckpt100	res_100.h5	VALUE/wf_irep_flag	0.000000e+00	0.000000e+00	0	PASS		
c09ckpt100	res_100.h5	VALUE/wf_pk	0.000000e+00	0.000000e+00	0	PASS		
c09ckpt100	residual_history.csv	rms_dq_ro	0.000000e+00	0.000000e+00	0	PASS		
c09ckpt100	residual_history.csv	rms_dq_roUx	0.000000e+00	0.000000e+00	0	PASS		
c09ckpt100	residual_history.csv	rms_dq_roUy	0.000000e+00	0.000000e+00	0	PASS		
c09ckpt100	residual_history.csv	rms_dq_roUz	0.000000e+00	0.000000e+00	0	PASS		
c09ckpt100	residual_history.csv	rms_dq_roe	0.000000e+00	0.000000e+00	0	PASS		
c09ckpt100	residual_history.csv	rms_ro	1.902709e-10	1.931748e-10	0.507631	PASS		
c09ckpt100	residual_history.csv	rms_roUx	2.604416e-09	2.463583e-09	0.472963	PASS		
c09ckpt100	residual_history.csv	rms_roUy	8.080816e-13	7.828447e-13	0.484385	PASS		
c09ckpt100	residual_history.csv	rms_roUz	8.861674e-13	9.633120e-13	0.543527	PASS		
c09ckpt100	residual_history.csv	rms_roXi	1.490116e-08	1.490116e-08	0.5	PASS		
c09ckpt100	residual_history.csv	rms_roY0	0.000000e+00	0.000000e+00	0	PASS		
c09ckpt100	residual_history.csv	rms_roY1	0.000000e+00	0.000000e+00	0	PASS		
c09ckpt100	residual_history.csv	rms_roe	7.236435e-05	6.292458e-05	0.434776	PASS		
c09restart100	res_100.h5	CHECKPOINT/passive_fctMeff	2.374099e-12	2.353751e-12	0.495715	PASS		
c09restart100	res_100.h5	CHECKPOINT/roKN	0.000000e+00	0.000000e+00	0	PASS		
c09restart100	res_100.h5	CHECKPOINT/roN	0.000000e+00	0.000000e+00	0	PASS		
c09restart100	res_100.h5	CHECKPOINT/roOmegaN	0.000000e+00	0.000000e+00	0	PASS		
c09restart100	res_100.h5	CHECKPOINT/roUxN	0.000000e+00	0.000000e+00	0	PASS		
c09restart100	res_100.h5	CHECKPOINT/roUyN	1.231598e-10	1.221042e-10	0.495715	PASS		
c09restart100	res_100.h5	CHECKPOINT/roUzN	1.178211e-10	1.178211e-10	0.5	PASS		
c09restart100	res_100.h5	CHECKPOINT/roXiP	1.072884e-06	1.072884e-06	0.5	PASS		
c09restart100	res_100.h5	CHECKPOINT/roXi_fctG	9.387732e-07	9.387732e-07	0.5	PASS		
c09restart100	res_100.h5	CHECKPOINT/roXi_fctH	5.252659e-07	5.252659e-07	0.5	PASS		
c09restart100	res_100.h5	CHECKPOINT/roXi_fctHsrc	0.000000e+00	0.000000e+00	0	PASS		
c09restart100	res_100.h5	CHECKPOINT/roY0P	0.000000e+00	0.000000e+00	0	PASS		
c09restart100	res_100.h5	CHECKPOINT/roY1P	0.000000e+00	0.000000e+00	0	PASS		
c09restart100	res_100.h5	CHECKPOINT/roeN	0.000000e+00	0.000000e+00	0	PASS		
c09restart100	res_100.h5	MESH/CONNE	0.000000e+00	0.000000e+00	0	PASS	整数・文字列は厳密一致	
c09restart100	res_100.h5	MESH/COORD	0.000000e+00	0.000000e+00	0	PASS		
c09restart100	res_100.h5	VALUE/P	0.000000e+00	0.000000e+00	0	PASS		
c09restart100	res_100.h5	VALUE/Pk_diag	0.000000e+00	0.000000e+00	0	PASS		
c09restart100	res_100.h5	VALUE/T	0.000000e+00	0.000000e+00	0	PASS		
c09restart100	res_100.h5	VALUE/Taw_diag	0.000000e+00	0.000000e+00	0	PASS		
c09restart100	res_100.h5	VALUE/Ux	0.000000e+00	0.000000e+00	0	PASS		
c09restart100	res_100.h5	VALUE/Uy	1.026332e-10	1.017535e-10	0.495715	PASS		
c09restart100	res_100.h5	VALUE/Uz	9.806664e-11	9.806664e-11	0.5	PASS		
c09restart100	res_100.h5	VALUE/Xi	5.960464e-07	5.960464e-07	0.5	PASS		
c09restart100	res_100.h5	VALUE/Y0	0.000000e+00	0.000000e+00	0	PASS		
c09restart100	res_100.h5	VALUE/Y1	0.000000e+00	0.000000e+00	0	PASS		
c09restart100	res_100.h5	VALUE/axisym_divU	0.000000e+00	0.000000e+00	0	PASS		
c09restart100	res_100.h5	VALUE/cfl	0.000000e+00	0.000000e+00	0	PASS		
c09restart100	res_100.h5	VALUE/dKdx	0.000000e+00	0.000000e+00	0	PASS		
c09restart100	res_100.h5	VALUE/dKdy	0.000000e+00	0.000000e+00	0	PASS		
c09restart100	res_100.h5	VALUE/dKdz	0.000000e+00	0.000000e+00	0	PASS		
c09restart100	res_100.h5	VALUE/dOmegadx	0.000000e+00	0.000000e+00	0	PASS		
c09restart100	res_100.h5	VALUE/dOmegady	0.000000e+00	0.000000e+00	0	PASS		
c09restart100	res_100.h5	VALUE/dOmegadz	0.000000e+00	0.000000e+00	0	PASS		
c09restart100	res_100.h5	VALUE/dPdx	0.000000e+00	0.000000e+00	0	PASS		
c09restart100	res_100.h5	VALUE/dPdy	0.000000e+00	0.000000e+00	0	PASS		
c09restart100	res_100.h5	VALUE/dPdz	0.000000e+00	0.000000e+00	0	PASS		
c09restart100	res_100.h5	VALUE/dTdx	0.000000e+00	0.000000e+00	0	PASS		
c09restart100	res_100.h5	VALUE/dTdy	0.000000e+00	0.000000e+00	0	PASS		
c09restart100	res_100.h5	VALUE/dTdz	0.000000e+00	0.000000e+00	0	PASS		
c09restart100	res_100.h5	VALUE/dUxdx	0.000000e+00	0.000000e+00	0	PASS		
c09restart100	res_100.h5	VALUE/dUxdy	0.000000e+00	0.000000e+00	0	PASS		
c09restart100	res_100.h5	VALUE/dUxdz	0.000000e+00	0.000000e+00	0	PASS		
c09restart100	res_100.h5	VALUE/dUydx	2.294838e-10	2.100385e-10	0.457633	PASS		
c09restart100	res_100.h5	VALUE/dUydy	2.613532e-10	2.591132e-10	0.495715	PASS		
c09restart100	res_100.h5	VALUE/dUydz	2.613537e-10	2.591138e-10	0.495715	PASS		
c09restart100	res_100.h5	VALUE/dUzdx	1.978238e-10	2.036974e-10	0.514845	PASS		
c09restart100	res_100.h5	VALUE/dUzdy	2.517250e-10	2.524715e-10	0.501483	PASS		
c09restart100	res_100.h5	VALUE/dUzdz	2.497246e-10	2.497246e-10	0.5	PASS		
c09restart100	res_100.h5	VALUE/dXidx	3.516674e-06	3.516674e-06	0.5	PASS		
c09restart100	res_100.h5	VALUE/dXidy	2.883858e-06	2.883858e-06	0.5	PASS		
c09restart100	res_100.h5	VALUE/dXidz	2.883858e-06	2.883858e-06	0.5	PASS		
c09restart100	res_100.h5	VALUE/delta_les	0.000000e+00	0.000000e+00	0	PASS		
c09restart100	res_100.h5	VALUE/drodx	0.000000e+00	0.000000e+00	0	PASS		
c09restart100	res_100.h5	VALUE/drody	0.000000e+00	0.000000e+00	0	PASS		
c09restart100	res_100.h5	VALUE/drodz	0.000000e+00	0.000000e+00	0	PASS		
c09restart100	res_100.h5	VALUE/dt_local	0.000000e+00	0.000000e+00	0	PASS		
c09restart100	res_100.h5	VALUE/ducros	0.000000e+00	0.000000e+00	0	PASS		
c09restart100	res_100.h5	VALUE/fd_shield	0.000000e+00	0.000000e+00	0	PASS		
c09restart100	res_100.h5	VALUE/fe_iddes	0.000000e+00	0.000000e+00	0	PASS		
c09restart100	res_100.h5	VALUE/gamma	0.000000e+00	0.000000e+00	0	PASS		
c09restart100	res_100.h5	VALUE/h0	0.000000e+00	0.000000e+00	0	PASS		
c09restart100	res_100.h5	VALUE/k	0.000000e+00	0.000000e+00	0	PASS		
c09restart100	res_100.h5	VALUE/l_des	0.000000e+00	0.000000e+00	0	PASS		
c09restart100	res_100.h5	VALUE/limiter_P	0.000000e+00	0.000000e+00	0	PASS		
c09restart100	res_100.h5	VALUE/limiter_T	0.000000e+00	0.000000e+00	0	PASS		
c09restart100	res_100.h5	VALUE/limiter_Ux	0.000000e+00	0.000000e+00	0	PASS		
c09restart100	res_100.h5	VALUE/limiter_Uy	1.000000e+00	1.000000e+00	0.5	PASS		
c09restart100	res_100.h5	VALUE/limiter_Uz	1.000000e+00	1.000000e+00	0.5	PASS		
c09restart100	res_100.h5	VALUE/limiter_Xi	2.298011e-04	2.298011e-04	0.5	PASS		
c09restart100	res_100.h5	VALUE/limiter_ro	0.000000e+00	0.000000e+00	0	PASS		
c09restart100	res_100.h5	VALUE/omega	0.000000e+00	0.000000e+00	0	PASS		
c09restart100	res_100.h5	VALUE/passiveFloorCorr_Xi	0.000000e+00	0.000000e+00	0	PASS		
c09restart100	res_100.h5	VALUE/passiveLimCorr_Xi	0.000000e+00	0.000000e+00	0	PASS		
c09restart100	res_100.h5	VALUE/rd_des	0.000000e+00	0.000000e+00	0	PASS		
c09restart100	res_100.h5	VALUE/res_ro	2.980232e-08	2.980232e-08	0.5	PASS		
c09restart100	res_100.h5	VALUE/res_roK	0.000000e+00	0.000000e+00	0	PASS		
c09restart100	res_100.h5	VALUE/res_roOmega	0.000000e+00	0.000000e+00	0	PASS		
c09restart100	res_100.h5	VALUE/res_roUx	4.768372e-07	4.768372e-07	0.5	PASS		
c09restart100	res_100.h5	VALUE/res_roUy	1.018634e-10	8.731149e-11	0.428571	PASS		
c09restart100	res_100.h5	VALUE/res_roe	1.562500e-02	1.562500e-02	0.5	PASS		
c09restart100	res_100.h5	VALUE/ro	0.000000e+00	0.000000e+00	0	PASS		
c09restart100	res_100.h5	VALUE/roK	0.000000e+00	0.000000e+00	0	PASS		
c09restart100	res_100.h5	VALUE/roK_wf	0.000000e+00	0.000000e+00	0	PASS		
c09restart100	res_100.h5	VALUE/roOmega	0.000000e+00	0.000000e+00	0	PASS		
c09restart100	res_100.h5	VALUE/roUx	0.000000e+00	0.000000e+00	0	PASS		
c09restart100	res_100.h5	VALUE/roUy	1.231598e-10	1.221042e-10	0.495715	PASS		
c09restart100	res_100.h5	VALUE/roUz	1.176800e-10	1.176800e-10	0.5	PASS		
c09restart100	res_100.h5	VALUE/roXi	7.152557e-07	7.152557e-07	0.5	PASS		
c09restart100	res_100.h5	VALUE/roY0	0.000000e+00	0.000000e+00	0	PASS		
c09restart100	res_100.h5	VALUE/roY1	0.000000e+00	0.000000e+00	0	PASS		
c09restart100	res_100.h5	VALUE/roe	0.000000e+00	0.000000e+00	0	PASS		
c09restart100	res_100.h5	VALUE/sonic	0.000000e+00	0.000000e+00	0	PASS		
c09restart100	res_100.h5	VALUE/src_jac_k	0.000000e+00	0.000000e+00	0	PASS		
c09restart100	res_100.h5	VALUE/src_jac_omega	0.000000e+00	0.000000e+00	0	PASS		
c09restart100	res_100.h5	VALUE/thermCond	0.000000e+00	0.000000e+00	0	PASS		
c09restart100	res_100.h5	VALUE/transport_diag_k	0.000000e+00	0.000000e+00	0	PASS		
c09restart100	res_100.h5	VALUE/transport_diag_omega	0.000000e+00	0.000000e+00	0	PASS		
c09restart100	res_100.h5	VALUE/vis_lam	0.000000e+00	0.000000e+00	0	PASS		
c09restart100	res_100.h5	VALUE/vis_turb	0.000000e+00	0.000000e+00	0	PASS		
c09restart100	res_100.h5	VALUE/volume	0.000000e+00	0.000000e+00	0	PASS		
c09restart100	res_100.h5	VALUE/wall_dist	0.000000e+00	0.000000e+00	0	PASS		
c09restart100	res_100.h5	VALUE/wf_irep_flag	0.000000e+00	0.000000e+00	0	PASS		
c09restart100	res_100.h5	VALUE/wf_pk	0.000000e+00	0.000000e+00	0	PASS		
c09restart100	residual_history.csv	rms_dq_ro	0.000000e+00	0.000000e+00	0	PASS		
c09restart100	residual_history.csv	rms_dq_roUx	0.000000e+00	0.000000e+00	0	PASS		
c09restart100	residual_history.csv	rms_dq_roUy	0.000000e+00	0.000000e+00	0	PASS		
c09restart100	residual_history.csv	rms_dq_roUz	0.000000e+00	0.000000e+00	0	PASS		
c09restart100	residual_history.csv	rms_dq_roe	0.000000e+00	0.000000e+00	0	PASS		
c09restart100	residual_history.csv	rms_ro	2.160556e-10	2.044107e-10	0.473051	PASS		
c09restart100	residual_history.csv	rms_roUx	2.604416e-09	2.812303e-09	0.53991	PASS		
c09restart100	residual_history.csv	rms_roUy	6.497697e-13	6.999616e-13	0.538623	PASS		
c09restart100	residual_history.csv	rms_roUz	1.031387e-12	1.075277e-12	0.521277	PASS		
c09restart100	residual_history.csv	rms_roXi	7.450581e-09	7.450581e-09	0.5	PASS		
c09restart100	residual_history.csv	rms_roY0	0.000000e+00	0.000000e+00	0	PASS		
c09restart100	residual_history.csv	rms_roY1	0.000000e+00	0.000000e+00	0	PASS		
c09restart100	residual_history.csv	rms_roe	6.092002e-05	6.192236e-05	0.508227	PASS		
c09cont200	res_200.h5	CHECKPOINT/passive_fctMeff	2.263829e-12	2.263829e-12	0.5	PASS		
c09cont200	res_200.h5	CHECKPOINT/roKN	0.000000e+00	0.000000e+00	0	PASS		
c09cont200	res_200.h5	CHECKPOINT/roN	0.000000e+00	0.000000e+00	0	PASS		
c09cont200	res_200.h5	CHECKPOINT/roOmegaN	0.000000e+00	0.000000e+00	0	PASS		
c09cont200	res_200.h5	CHECKPOINT/roUxN	0.000000e+00	0.000000e+00	0	PASS		
c09cont200	res_200.h5	CHECKPOINT/roUyN	1.003084e-10	1.003084e-10	0.5	PASS		
c09cont200	res_200.h5	CHECKPOINT/roUzN	1.174343e-10	1.174343e-10	0.5	PASS		
c09cont200	res_200.h5	CHECKPOINT/roXiP	3.516674e-06	3.635883e-06	0.516949	PASS		
c09cont200	res_200.h5	CHECKPOINT/roXi_fctG	3.844500e-06	3.755093e-06	0.488372	PASS		
c09cont200	res_200.h5	CHECKPOINT/roXi_fctH	9.313226e-07	9.834766e-07	0.528	PASS		
c09cont200	res_200.h5	CHECKPOINT/roXi_fctHsrc	0.000000e+00	0.000000e+00	0	PASS		
c09cont200	res_200.h5	CHECKPOINT/roY0P	0.000000e+00	0.000000e+00	0	PASS		
c09cont200	res_200.h5	CHECKPOINT/roY1P	0.000000e+00	0.000000e+00	0	PASS		
c09cont200	res_200.h5	CHECKPOINT/roeN	0.000000e+00	0.000000e+00	0	PASS		
c09cont200	res_200.h5	MESH/CONNE	0.000000e+00	0.000000e+00	0	PASS	整数・文字列は厳密一致	
c09cont200	res_200.h5	MESH/COORD	0.000000e+00	0.000000e+00	0	PASS		
c09cont200	res_200.h5	VALUE/P	0.000000e+00	0.000000e+00	0	PASS		
c09cont200	res_200.h5	VALUE/Pk_diag	0.000000e+00	0.000000e+00	0	PASS		
c09cont200	res_200.h5	VALUE/T	0.000000e+00	0.000000e+00	0	PASS		
c09cont200	res_200.h5	VALUE/Taw_diag	0.000000e+00	0.000000e+00	0	PASS		
c09cont200	res_200.h5	VALUE/Ux	0.000000e+00	0.000000e+00	0	PASS		
c09cont200	res_200.h5	VALUE/Uy	8.359032e-11	8.359032e-11	0.5	PASS		
c09cont200	res_200.h5	VALUE/Uz	9.785704e-11	9.785704e-11	0.5	PASS		
c09cont200	res_200.h5	VALUE/Xi	2.801418e-06	2.980232e-06	0.531915	PASS		
c09cont200	res_200.h5	VALUE/Y0	0.000000e+00	0.000000e+00	0	PASS		
c09cont200	res_200.h5	VALUE/Y1	0.000000e+00	0.000000e+00	0	PASS		
c09cont200	res_200.h5	VALUE/axisym_divU	0.000000e+00	0.000000e+00	0	PASS		
c09cont200	res_200.h5	VALUE/cfl	0.000000e+00	0.000000e+00	0	PASS		
c09cont200	res_200.h5	VALUE/dKdx	0.000000e+00	0.000000e+00	0	PASS		
c09cont200	res_200.h5	VALUE/dKdy	0.000000e+00	0.000000e+00	0	PASS		
c09cont200	res_200.h5	VALUE/dKdz	0.000000e+00	0.000000e+00	0	PASS		
c09cont200	res_200.h5	VALUE/dOmegadx	0.000000e+00	0.000000e+00	0	PASS		
c09cont200	res_200.h5	VALUE/dOmegady	0.000000e+00	0.000000e+00	0	PASS		
c09cont200	res_200.h5	VALUE/dOmegadz	0.000000e+00	0.000000e+00	0	PASS		
c09cont200	res_200.h5	VALUE/dPdx	0.000000e+00	0.000000e+00	0	PASS		
c09cont200	res_200.h5	VALUE/dPdy	0.000000e+00	0.000000e+00	0	PASS		
c09cont200	res_200.h5	VALUE/dPdz	0.000000e+00	0.000000e+00	0	PASS		
c09cont200	res_200.h5	VALUE/dTdx	0.000000e+00	0.000000e+00	0	PASS		
c09cont200	res_200.h5	VALUE/dTdy	0.000000e+00	0.000000e+00	0	PASS		
c09cont200	res_200.h5	VALUE/dTdz	0.000000e+00	0.000000e+00	0	PASS		
c09cont200	res_200.h5	VALUE/dUxdx	0.000000e+00	0.000000e+00	0	PASS		
c09cont200	res_200.h5	VALUE/dUxdy	0.000000e+00	0.000000e+00	0	PASS		
c09cont200	res_200.h5	VALUE/dUxdz	0.000000e+00	0.000000e+00	0	PASS		
c09cont200	res_200.h5	VALUE/dUydx	2.123004e-10	2.136330e-10	0.503138	PASS		
c09cont200	res_200.h5	VALUE/dUydy	2.128610e-10	2.128610e-10	0.5	PASS		
c09cont200	res_200.h5	VALUE/dUydz	2.146483e-10	2.135836e-10	0.49752	PASS		
c09cont200	res_200.h5	VALUE/dUzdx	2.427018e-10	2.345319e-10	0.483169	PASS		
c09cont200	res_200.h5	VALUE/dUzdy	2.491912e-10	2.503057e-10	0.502236	PASS		
c09cont200	res_200.h5	VALUE/dUzdz	2.491909e-10	2.491909e-10	0.5	PASS		
c09cont200	res_200.h5	VALUE/dXidx	7.390976e-06	7.890165e-06	0.53377	PASS		
c09cont200	res_200.h5	VALUE/dXidy	1.001761e-05	1.001761e-05	0.5	PASS		
c09cont200	res_200.h5	VALUE/dXidz	9.258697e-06	9.410479e-06	0.508197	PASS		
c09cont200	res_200.h5	VALUE/delta_les	0.000000e+00	0.000000e+00	0	PASS		
c09cont200	res_200.h5	VALUE/drodx	0.000000e+00	0.000000e+00	0	PASS		
c09cont200	res_200.h5	VALUE/drody	0.000000e+00	0.000000e+00	0	PASS		
c09cont200	res_200.h5	VALUE/drodz	0.000000e+00	0.000000e+00	0	PASS		
c09cont200	res_200.h5	VALUE/dt_local	0.000000e+00	0.000000e+00	0	PASS		
c09cont200	res_200.h5	VALUE/ducros	0.000000e+00	0.000000e+00	0	PASS		
c09cont200	res_200.h5	VALUE/fd_shield	0.000000e+00	0.000000e+00	0	PASS		
c09cont200	res_200.h5	VALUE/fe_iddes	0.000000e+00	0.000000e+00	0	PASS		
c09cont200	res_200.h5	VALUE/gamma	0.000000e+00	0.000000e+00	0	PASS		
c09cont200	res_200.h5	VALUE/h0	0.000000e+00	0.000000e+00	0	PASS		
c09cont200	res_200.h5	VALUE/k	0.000000e+00	0.000000e+00	0	PASS		
c09cont200	res_200.h5	VALUE/l_des	0.000000e+00	0.000000e+00	0	PASS		
c09cont200	res_200.h5	VALUE/limiter_P	0.000000e+00	0.000000e+00	0	PASS		
c09cont200	res_200.h5	VALUE/limiter_T	0.000000e+00	0.000000e+00	0	PASS		
c09cont200	res_200.h5	VALUE/limiter_Ux	0.000000e+00	0.000000e+00	0	PASS		
c09cont200	res_200.h5	VALUE/limiter_Uy	1.000000e+00	1.000000e+00	0.5	PASS		
c09cont200	res_200.h5	VALUE/limiter_Uz	1.000000e+00	1.000000e+00	0.5	PASS		
c09cont200	res_200.h5	VALUE/limiter_Xi	6.896808e-04	7.663120e-04	0.555556	PASS		
c09cont200	res_200.h5	VALUE/limiter_ro	0.000000e+00	0.000000e+00	0	PASS		
c09cont200	res_200.h5	VALUE/omega	0.000000e+00	0.000000e+00	0	PASS		
c09cont200	res_200.h5	VALUE/passiveFloorCorr_Xi	6.360486e-36	6.360486e-36	0.5	PASS		
c09cont200	res_200.h5	VALUE/passiveLimCorr_Xi	0.000000e+00	0.000000e+00	0	PASS		
c09cont200	res_200.h5	VALUE/rd_des	0.000000e+00	0.000000e+00	0	PASS		
c09cont200	res_200.h5	VALUE/res_ro	2.980232e-08	2.980232e-08	0.5	PASS		
c09cont200	res_200.h5	VALUE/res_roK	0.000000e+00	0.000000e+00	0	PASS		
c09cont200	res_200.h5	VALUE/res_roOmega	0.000000e+00	0.000000e+00	0	PASS		
c09cont200	res_200.h5	VALUE/res_roUx	4.768372e-07	4.768372e-07	0.5	PASS		
c09cont200	res_200.h5	VALUE/res_roUy	8.731149e-11	8.731149e-11	0.5	PASS		
c09cont200	res_200.h5	VALUE/res_roe	1.562500e-02	1.562500e-02	0.5	PASS		
c09cont200	res_200.h5	VALUE/ro	0.000000e+00	0.000000e+00	0	PASS		
c09cont200	res_200.h5	VALUE/roK	0.000000e+00	0.000000e+00	0	PASS		
c09cont200	res_200.h5	VALUE/roK_wf	0.000000e+00	0.000000e+00	0	PASS		
c09cont200	res_200.h5	VALUE/roOmega	0.000000e+00	0.000000e+00	0	PASS		
c09cont200	res_200.h5	VALUE/roUx	0.000000e+00	0.000000e+00	0	PASS		
c09cont200	res_200.h5	VALUE/roUy	1.003084e-10	1.003084e-10	0.5	PASS		
c09cont200	res_200.h5	VALUE/roUz	1.174284e-10	1.174284e-10	0.5	PASS		
c09cont200	res_200.h5	VALUE/roXi	3.337860e-06	3.576279e-06	0.535714	PASS		
c09cont200	res_200.h5	VALUE/roY0	0.000000e+00	0.000000e+00	0	PASS		
c09cont200	res_200.h5	VALUE/roY1	0.000000e+00	0.000000e+00	0	PASS		
c09cont200	res_200.h5	VALUE/roe	0.000000e+00	0.000000e+00	0	PASS		
c09cont200	res_200.h5	VALUE/sonic	0.000000e+00	0.000000e+00	0	PASS		
c09cont200	res_200.h5	VALUE/src_jac_k	0.000000e+00	0.000000e+00	0	PASS		
c09cont200	res_200.h5	VALUE/src_jac_omega	0.000000e+00	0.000000e+00	0	PASS		
c09cont200	res_200.h5	VALUE/thermCond	0.000000e+00	0.000000e+00	0	PASS		
c09cont200	res_200.h5	VALUE/transport_diag_k	0.000000e+00	0.000000e+00	0	PASS		
c09cont200	res_200.h5	VALUE/transport_diag_omega	0.000000e+00	0.000000e+00	0	PASS		
c09cont200	res_200.h5	VALUE/vis_lam	0.000000e+00	0.000000e+00	0	PASS		
c09cont200	res_200.h5	VALUE/vis_turb	0.000000e+00	0.000000e+00	0	PASS		
c09cont200	res_200.h5	VALUE/volume	0.000000e+00	0.000000e+00	0	PASS		
c09cont200	res_200.h5	VALUE/wall_dist	0.000000e+00	0.000000e+00	0	PASS		
c09cont200	res_200.h5	VALUE/wf_irep_flag	0.000000e+00	0.000000e+00	0	PASS		
c09cont200	res_200.h5	VALUE/wf_pk	0.000000e+00	0.000000e+00	0	PASS		
c09cont200	residual_history.csv	rms_dq_ro	0.000000e+00	0.000000e+00	0	PASS		
c09cont200	residual_history.csv	rms_dq_roUx	0.000000e+00	0.000000e+00	0	PASS		
c09cont200	residual_history.csv	rms_dq_roUy	0.000000e+00	0.000000e+00	0	PASS		
c09cont200	residual_history.csv	rms_dq_roUz	0.000000e+00	0.000000e+00	0	PASS		
c09cont200	residual_history.csv	rms_dq_roe	0.000000e+00	0.000000e+00	0	PASS		
c09cont200	residual_history.csv	rms_ro	2.018998e-10	1.962097e-10	0.485909	PASS		
c09cont200	residual_history.csv	rms_roUx	3.020546e-09	2.820716e-09	0.466922	PASS		
c09cont200	residual_history.csv	rms_roUy	8.102653e-13	8.402487e-13	0.518502	PASS		
c09cont200	residual_history.csv	rms_roUz	9.356706e-13	1.143425e-12	0.611019	PASS		
c09cont200	residual_history.csv	rms_roXi	1.490116e-08	2.235174e-08	0.75	PASS		
c09cont200	residual_history.csv	rms_roY0	0.000000e+00	0.000000e+00	0	PASS		
c09cont200	residual_history.csv	rms_roY1	0.000000e+00	0.000000e+00	0	PASS		
c09cont200	residual_history.csv	rms_roe	6.730983e-05	7.040112e-05	0.522963	PASS		
c09ckpt100_outres	res_100.h5	CHECKPOINT/passive_fctMeff	2.150845e-12	2.155730e-12	0.501136	PASS		
c09ckpt100_outres	res_100.h5	CHECKPOINT/roKN	0.000000e+00	0.000000e+00	0	PASS		
c09ckpt100_outres	res_100.h5	CHECKPOINT/roN	0.000000e+00	0.000000e+00	0	PASS		
c09ckpt100_outres	res_100.h5	CHECKPOINT/roOmegaN	0.000000e+00	0.000000e+00	0	PASS		
c09ckpt100_outres	res_100.h5	CHECKPOINT/roUxN	0.000000e+00	0.000000e+00	0	PASS		
c09ckpt100_outres	res_100.h5	CHECKPOINT/roUyN	7.672061e-11	7.672061e-11	0.5	PASS		
c09ckpt100_outres	res_100.h5	CHECKPOINT/roUzN	1.115785e-10	1.118319e-10	0.501136	PASS		
c09ckpt100_outres	res_100.h5	CHECKPOINT/roXiP	3.457069e-06	3.457069e-06	0.5	PASS		
c09ckpt100_outres	res_100.h5	CHECKPOINT/roXi_fctG	1.907349e-06	1.966953e-06	0.515625	PASS		
c09ckpt100_outres	res_100.h5	CHECKPOINT/roXi_fctH	9.024516e-07	9.620562e-07	0.533024	PASS		
c09ckpt100_outres	res_100.h5	CHECKPOINT/roXi_fctHsrc	0.000000e+00	0.000000e+00	0	PASS		
c09ckpt100_outres	res_100.h5	CHECKPOINT/roY0P	0.000000e+00	0.000000e+00	0	PASS		
c09ckpt100_outres	res_100.h5	CHECKPOINT/roY1P	0.000000e+00	0.000000e+00	0	PASS		
c09ckpt100_outres	res_100.h5	CHECKPOINT/roeN	0.000000e+00	0.000000e+00	0	PASS		
c09ckpt100_outres	res_100.h5	MESH/CONNE	0.000000e+00	0.000000e+00	0	PASS	整数・文字列は厳密一致	
c09ckpt100_outres	res_100.h5	MESH/COORD	0.000000e+00	0.000000e+00	0	PASS		
c09ckpt100_outres	res_100.h5	VALUE/P	0.000000e+00	0.000000e+00	0	PASS		
c09ckpt100_outres	res_100.h5	VALUE/Pk_diag	0.000000e+00	0.000000e+00	0	PASS		
c09ckpt100_outres	res_100.h5	VALUE/T	0.000000e+00	0.000000e+00	0	PASS		
c09ckpt100_outres	res_100.h5	VALUE/Taw_diag	0.000000e+00	0.000000e+00	0	PASS		
c09ckpt100_outres	res_100.h5	VALUE/Ux	0.000000e+00	0.000000e+00	0	PASS		
c09ckpt100_outres	res_100.h5	VALUE/Uy	6.371416e-11	6.401826e-11	0.502386	PASS		
c09ckpt100_outres	res_100.h5	VALUE/Uz	9.298206e-11	9.319328e-11	0.501136	PASS		
c09ckpt100_outres	res_100.h5	VALUE/Xi	2.741814e-06	2.861023e-06	0.521739	PASS		
c09ckpt100_outres	res_100.h5	VALUE/Y0	0.000000e+00	0.000000e+00	0	PASS		
c09ckpt100_outres	res_100.h5	VALUE/Y1	0.000000e+00	0.000000e+00	0	PASS		
c09ckpt100_outres	res_100.h5	VALUE/axisym_divU	0.000000e+00	0.000000e+00	0	PASS		
c09ckpt100_outres	res_100.h5	VALUE/cfl	0.000000e+00	0.000000e+00	0	PASS		
c09ckpt100_outres	res_100.h5	VALUE/dKdx	0.000000e+00	0.000000e+00	0	PASS		
c09ckpt100_outres	res_100.h5	VALUE/dKdy	0.000000e+00	0.000000e+00	0	PASS		
c09ckpt100_outres	res_100.h5	VALUE/dKdz	0.000000e+00	0.000000e+00	0	PASS		
c09ckpt100_outres	res_100.h5	VALUE/dOmegadx	0.000000e+00	0.000000e+00	0	PASS		
c09ckpt100_outres	res_100.h5	VALUE/dOmegady	0.000000e+00	0.000000e+00	0	PASS		
c09ckpt100_outres	res_100.h5	VALUE/dOmegadz	0.000000e+00	0.000000e+00	0	PASS		
c09ckpt100_outres	res_100.h5	VALUE/dPdx	0.000000e+00	0.000000e+00	0	PASS		
c09ckpt100_outres	res_100.h5	VALUE/dPdy	0.000000e+00	0.000000e+00	0	PASS		
c09ckpt100_outres	res_100.h5	VALUE/dPdz	0.000000e+00	0.000000e+00	0	PASS		
c09ckpt100_outres	res_100.h5	VALUE/dTdx	0.000000e+00	0.000000e+00	0	PASS		
c09ckpt100_outres	res_100.h5	VALUE/dTdy	0.000000e+00	0.000000e+00	0	PASS		
c09ckpt100_outres	res_100.h5	VALUE/dTdz	0.000000e+00	0.000000e+00	0	PASS		
c09ckpt100_outres	res_100.h5	VALUE/dUxdx	0.000000e+00	0.000000e+00	0	PASS		
c09ckpt100_outres	res_100.h5	VALUE/dUxdy	0.000000e+00	0.000000e+00	0	PASS		
c09ckpt100_outres	res_100.h5	VALUE/dUxdz	0.000000e+00	0.000000e+00	0	PASS		
c09ckpt100_outres	res_100.h5	VALUE/dUydx	1.613235e-10	1.655895e-10	0.513222	PASS		
c09ckpt100_outres	res_100.h5	VALUE/dUydy	1.622468e-10	1.630212e-10	0.502386	PASS		
c09ckpt100_outres	res_100.h5	VALUE/dUydz	1.925150e-10	1.972272e-10	0.512238	PASS		
c09ckpt100_outres	res_100.h5	VALUE/dUzdx	2.327298e-10	2.352665e-10	0.50545	PASS		
c09ckpt100_outres	res_100.h5	VALUE/dUzdy	2.367768e-10	2.373147e-10	0.501136	PASS		
c09ckpt100_outres	res_100.h5	VALUE/dUzdz	2.367768e-10	2.373147e-10	0.501136	PASS		
c09ckpt100_outres	res_100.h5	VALUE/dXidx	7.629395e-06	8.046627e-06	0.527344	PASS		
c09ckpt100_outres	res_100.h5	VALUE/dXidy	1.032117e-05	1.047296e-05	0.507353	PASS		
c09ckpt100_outres	res_100.h5	VALUE/dXidz	1.092830e-05	1.092830e-05	0.5	PASS		
c09ckpt100_outres	res_100.h5	VALUE/delta_les	0.000000e+00	0.000000e+00	0	PASS		
c09ckpt100_outres	res_100.h5	VALUE/dq_block_old_0	5.772563e-09	5.772563e-09	0.5	PASS		
c09ckpt100_outres	res_100.h5	VALUE/dq_block_old_1	5.313579e-08	5.313579e-08	0.5	PASS		
c09ckpt100_outres	res_100.h5	VALUE/dq_block_old_2	6.212246e-12	5.887715e-12	0.47388	PASS		
c09ckpt100_outres	res_100.h5	VALUE/dq_block_old_3	5.028191e-12	4.976735e-12	0.494883	PASS		
c09ckpt100_outres	res_100.h5	VALUE/dq_block_old_4	4.150537e-04	4.150537e-04	0.5	PASS		
c09ckpt100_outres	res_100.h5	VALUE/dq_roUx_new	5.313380e-08	5.313481e-08	0.50001	PASS		
c09ckpt100_outres	res_100.h5	VALUE/dq_roUy_new	5.583889e-12	6.025262e-12	0.539522	PASS		
c09ckpt100_outres	res_100.h5	VALUE/dq_roUz_new	4.393722e-12	6.107091e-12	0.694979	PASS		
c09ckpt100_outres	res_100.h5	VALUE/dq_ro_new	5.772041e-09	5.772378e-09	0.500029	PASS		
c09ckpt100_outres	res_100.h5	VALUE/dq_roe_new	4.150537e-04	4.150537e-04	0.5	PASS		
c09ckpt100_outres	res_100.h5	VALUE/drodx	0.000000e+00	0.000000e+00	0	PASS		
c09ckpt100_outres	res_100.h5	VALUE/drody	0.000000e+00	0.000000e+00	0	PASS		
c09ckpt100_outres	res_100.h5	VALUE/drodz	0.000000e+00	0.000000e+00	0	PASS		
c09ckpt100_outres	res_100.h5	VALUE/dt_local	0.000000e+00	0.000000e+00	0	PASS		
c09ckpt100_outres	res_100.h5	VALUE/ducros	0.000000e+00	0.000000e+00	0	PASS		
c09ckpt100_outres	res_100.h5	VALUE/fd_shield	0.000000e+00	0.000000e+00	0	PASS		
c09ckpt100_outres	res_100.h5	VALUE/fe_iddes	0.000000e+00	0.000000e+00	0	PASS		
c09ckpt100_outres	res_100.h5	VALUE/gamma	0.000000e+00	0.000000e+00	0	PASS		
c09ckpt100_outres	res_100.h5	VALUE/h0	0.000000e+00	0.000000e+00	0	PASS		
c09ckpt100_outres	res_100.h5	VALUE/k	0.000000e+00	0.000000e+00	0	PASS		
c09ckpt100_outres	res_100.h5	VALUE/l_des	0.000000e+00	0.000000e+00	0	PASS		
c09ckpt100_outres	res_100.h5	VALUE/limiter_P	0.000000e+00	0.000000e+00	0	PASS		
c09ckpt100_outres	res_100.h5	VALUE/limiter_T	0.000000e+00	0.000000e+00	0	PASS		
c09ckpt100_outres	res_100.h5	VALUE/limiter_Ux	0.000000e+00	0.000000e+00	0	PASS		
c09ckpt100_outres	res_100.h5	VALUE/limiter_Uy	1.000000e+00	1.000000e+00	0.5	PASS		
c09ckpt100_outres	res_100.h5	VALUE/limiter_Uz	1.000000e+00	1.000000e+00	0.5	PASS		
c09ckpt100_outres	res_100.h5	VALUE/limiter_Xi	6.991197e-04	6.119687e-04	0.437671	PASS		
c09ckpt100_outres	res_100.h5	VALUE/limiter_ro	0.000000e+00	0.000000e+00	0	PASS		
c09ckpt100_outres	res_100.h5	VALUE/omega	0.000000e+00	0.000000e+00	0	PASS		
c09ckpt100_outres	res_100.h5	VALUE/passiveFloorCorr_Xi	1.272097e-35	1.272097e-35	0.5	PASS		
c09ckpt100_outres	res_100.h5	VALUE/passiveLimCorr_Xi	0.000000e+00	0.000000e+00	0	PASS		
c09ckpt100_outres	res_100.h5	VALUE/rd_des	0.000000e+00	0.000000e+00	0	PASS		
c09ckpt100_outres	res_100.h5	VALUE/res_ro	2.980232e-08	2.980232e-08	0.5	PASS		
c09ckpt100_outres	res_100.h5	VALUE/res_roK	0.000000e+00	0.000000e+00	0	PASS		
c09ckpt100_outres	res_100.h5	VALUE/res_roOmega	0.000000e+00	0.000000e+00	0	PASS		
c09ckpt100_outres	res_100.h5	VALUE/res_roUx	4.768372e-07	4.768372e-07	0.5	PASS		
c09ckpt100_outres	res_100.h5	VALUE/res_roUx_m	4.768372e-07	4.768372e-07	0.5	PASS		
c09ckpt100_outres	res_100.h5	VALUE/res_roUy	1.018634e-10	1.018634e-10	0.5	PASS		
c09ckpt100_outres	res_100.h5	VALUE/res_roUy_m	9.885516e-11	1.066691e-10	0.539522	PASS		
c09ckpt100_outres	res_100.h5	VALUE/res_roUz	8.731149e-11	8.731149e-11	0.5	PASS		
c09ckpt100_outres	res_100.h5	VALUE/res_roUz_m	8.697524e-11	1.081178e-10	0.621543	PASS		
c09ckpt100_outres	res_100.h5	VALUE/res_ro_m	2.980232e-08	2.980232e-08	0.5	PASS		
c09ckpt100_outres	res_100.h5	VALUE/res_roe	1.562500e-02	1.562500e-02	0.5	PASS		
c09ckpt100_outres	res_100.h5	VALUE/res_roe_m	1.562500e-02	1.562500e-02	0.5	PASS		
c09ckpt100_outres	res_100.h5	VALUE/ro	0.000000e+00	0.000000e+00	0	PASS		
c09ckpt100_outres	res_100.h5	VALUE/roK	0.000000e+00	0.000000e+00	0	PASS		
c09ckpt100_outres	res_100.h5	VALUE/roK_wf	0.000000e+00	0.000000e+00	0	PASS		
c09ckpt100_outres	res_100.h5	VALUE/roOmega	0.000000e+00	0.000000e+00	0	PASS		
c09ckpt100_outres	res_100.h5	VALUE/roUx	0.000000e+00	0.000000e+00	0	PASS		
c09ckpt100_outres	res_100.h5	VALUE/roUy	7.645699e-11	7.682192e-11	0.502386	PASS		
c09ckpt100_outres	res_100.h5	VALUE/roUz	1.115785e-10	1.118319e-10	0.501136	PASS		
c09ckpt100_outres	res_100.h5	VALUE/roXi	3.337860e-06	3.457069e-06	0.517857	PASS		
c09ckpt100_outres	res_100.h5	VALUE/roY0	0.000000e+00	0.000000e+00	0	PASS		
c09ckpt100_outres	res_100.h5	VALUE/roY1	0.000000e+00	0.000000e+00	0	PASS		
c09ckpt100_outres	res_100.h5	VALUE/roe	0.000000e+00	0.000000e+00	0	PASS		
c09ckpt100_outres	res_100.h5	VALUE/sonic	0.000000e+00	0.000000e+00	0	PASS		
c09ckpt100_outres	res_100.h5	VALUE/src_jac_k	0.000000e+00	0.000000e+00	0	PASS		
c09ckpt100_outres	res_100.h5	VALUE/src_jac_omega	0.000000e+00	0.000000e+00	0	PASS		
c09ckpt100_outres	res_100.h5	VALUE/thermCond	0.000000e+00	0.000000e+00	0	PASS		
c09ckpt100_outres	res_100.h5	VALUE/transport_diag_k	0.000000e+00	0.000000e+00	0	PASS		
c09ckpt100_outres	res_100.h5	VALUE/transport_diag_omega	0.000000e+00	0.000000e+00	0	PASS		
c09ckpt100_outres	res_100.h5	VALUE/vis_lam	0.000000e+00	0.000000e+00	0	PASS		
c09ckpt100_outres	res_100.h5	VALUE/vis_turb	0.000000e+00	0.000000e+00	0	PASS		
c09ckpt100_outres	res_100.h5	VALUE/volume	0.000000e+00	0.000000e+00	0	PASS		
c09ckpt100_outres	res_100.h5	VALUE/wall_dist	0.000000e+00	0.000000e+00	0	PASS		
c09ckpt100_outres	res_100.h5	VALUE/wf_irep_flag	0.000000e+00	0.000000e+00	0	PASS		
c09ckpt100_outres	res_100.h5	VALUE/wf_pk	0.000000e+00	0.000000e+00	0	PASS		
c09ckpt100_outres	residual_history.csv	rms_dq_ro	0.000000e+00	0.000000e+00	0	PASS		
c09ckpt100_outres	residual_history.csv	rms_dq_roUx	0.000000e+00	0.000000e+00	0	PASS		
c09ckpt100_outres	residual_history.csv	rms_dq_roUy	0.000000e+00	0.000000e+00	0	PASS		
c09ckpt100_outres	residual_history.csv	rms_dq_roUz	0.000000e+00	0.000000e+00	0	PASS		
c09ckpt100_outres	residual_history.csv	rms_dq_roe	0.000000e+00	0.000000e+00	0	PASS		
c09ckpt100_outres	residual_history.csv	rms_ro	2.095457e-10	1.963381e-10	0.468485	PASS		
c09ckpt100_outres	residual_history.csv	rms_roUx	2.620038e-09	2.745693e-09	0.52398	PASS		
c09ckpt100_outres	residual_history.csv	rms_roUy	7.386446e-13	7.307918e-13	0.494684	PASS		
c09ckpt100_outres	residual_history.csv	rms_roUz	1.011890e-12	8.452476e-13	0.417658	PASS		
c09ckpt100_outres	residual_history.csv	rms_roXi	7.450581e-09	7.450581e-09	0.5	PASS		
c09ckpt100_outres	residual_history.csv	rms_roY0	0.000000e+00	0.000000e+00	0	PASS		
c09ckpt100_outres	residual_history.csv	rms_roY1	0.000000e+00	0.000000e+00	0	PASS		
c09ckpt100_outres	residual_history.csv	rms_roe	6.507197e-05	6.696593e-05	0.514553	PASS		
c09ckpt100_rawdiag	res_100.h5	CHECKPOINT/passive_fctMeff	1.922011e-12	1.881629e-12	0.489495	PASS		
c09ckpt100_rawdiag	res_100.h5	CHECKPOINT/roKN	0.000000e+00	0.000000e+00	0	PASS		
c09ckpt100_rawdiag	res_100.h5	CHECKPOINT/roN	0.000000e+00	0.000000e+00	0	PASS		
c09ckpt100_rawdiag	res_100.h5	CHECKPOINT/roOmegaN	0.000000e+00	0.000000e+00	0	PASS		
c09ckpt100_rawdiag	res_100.h5	CHECKPOINT/roUxN	0.000000e+00	0.000000e+00	0	PASS		
c09ckpt100_rawdiag	res_100.h5	CHECKPOINT/roUyN	7.704713e-11	7.704713e-11	0.5	PASS		
c09ckpt100_rawdiag	res_100.h5	CHECKPOINT/roUzN	1.028784e-10	1.007347e-10	0.489581	PASS		
c09ckpt100_rawdiag	res_100.h5	CHECKPOINT/roXiP	3.457069e-06	3.457069e-06	0.5	PASS		
c09ckpt100_rawdiag	res_100.h5	CHECKPOINT/roXi_fctG	1.907349e-06	2.115965e-06	0.554688	PASS		
c09ckpt100_rawdiag	res_100.h5	CHECKPOINT/roXi_fctH	8.899369e-07	8.810312e-07	0.494996	PASS		
c09ckpt100_rawdiag	res_100.h5	CHECKPOINT/roXi_fctHsrc	0.000000e+00	0.000000e+00	0	PASS		
c09ckpt100_rawdiag	res_100.h5	CHECKPOINT/roY0P	0.000000e+00	0.000000e+00	0	PASS		
c09ckpt100_rawdiag	res_100.h5	CHECKPOINT/roY1P	0.000000e+00	0.000000e+00	0	PASS		
c09ckpt100_rawdiag	res_100.h5	CHECKPOINT/roeN	0.000000e+00	0.000000e+00	0	PASS		
c09ckpt100_rawdiag	res_100.h5	MESH/CONNE	0.000000e+00	0.000000e+00	0	PASS	整数・文字列は厳密一致	
c09ckpt100_rawdiag	res_100.h5	MESH/COORD	0.000000e+00	0.000000e+00	0	PASS		
c09ckpt100_rawdiag	res_100.h5	VALUE/P	0.000000e+00	0.000000e+00	0	PASS		
c09ckpt100_rawdiag	res_100.h5	VALUE/Pk_diag	0.000000e+00	0.000000e+00	0	PASS		
c09ckpt100_rawdiag	res_100.h5	VALUE/T	0.000000e+00	0.000000e+00	0	PASS		
c09ckpt100_rawdiag	res_100.h5	VALUE/Taw_diag	0.000000e+00	0.000000e+00	0	PASS		
c09ckpt100_rawdiag	res_100.h5	VALUE/Ux	0.000000e+00	0.000000e+00	0	PASS		
c09ckpt100_rawdiag	res_100.h5	VALUE/Uy	6.420594e-11	6.420594e-11	0.5	PASS		
c09ckpt100_rawdiag	res_100.h5	VALUE/Uz	8.142646e-11	7.958900e-11	0.488717	PASS		
c09ckpt100_rawdiag	res_100.h5	VALUE/Xi	2.801418e-06	2.801418e-06	0.5	PASS		
c09ckpt100_rawdiag	res_100.h5	VALUE/Y0	0.000000e+00	0.000000e+00	0	PASS		
c09ckpt100_rawdiag	res_100.h5	VALUE/Y1	0.000000e+00	0.000000e+00	0	PASS		
c09ckpt100_rawdiag	res_100.h5	VALUE/axisym_divU	0.000000e+00	0.000000e+00	0	PASS		
c09ckpt100_rawdiag	res_100.h5	VALUE/cfl	0.000000e+00	0.000000e+00	0	PASS		
c09ckpt100_rawdiag	res_100.h5	VALUE/dKdx	0.000000e+00	0.000000e+00	0	PASS		
c09ckpt100_rawdiag	res_100.h5	VALUE/dKdy	0.000000e+00	0.000000e+00	0	PASS		
c09ckpt100_rawdiag	res_100.h5	VALUE/dKdz	0.000000e+00	0.000000e+00	0	PASS		
c09ckpt100_rawdiag	res_100.h5	VALUE/dOmegadx	0.000000e+00	0.000000e+00	0	PASS		
c09ckpt100_rawdiag	res_100.h5	VALUE/dOmegady	0.000000e+00	0.000000e+00	0	PASS		
c09ckpt100_rawdiag	res_100.h5	VALUE/dOmegadz	0.000000e+00	0.000000e+00	0	PASS		
c09ckpt100_rawdiag	res_100.h5	VALUE/dPdx	0.000000e+00	0.000000e+00	0	PASS		
c09ckpt100_rawdiag	res_100.h5	VALUE/dPdy	0.000000e+00	0.000000e+00	0	PASS		
c09ckpt100_rawdiag	res_100.h5	VALUE/dPdz	0.000000e+00	0.000000e+00	0	PASS		
c09ckpt100_rawdiag	res_100.h5	VALUE/dTdx	0.000000e+00	0.000000e+00	0	PASS		
c09ckpt100_rawdiag	res_100.h5	VALUE/dTdy	0.000000e+00	0.000000e+00	0	PASS		
c09ckpt100_rawdiag	res_100.h5	VALUE/dTdz	0.000000e+00	0.000000e+00	0	PASS		
c09ckpt100_rawdiag	res_100.h5	VALUE/dUxdx	0.000000e+00	0.000000e+00	0	PASS		
c09ckpt100_rawdiag	res_100.h5	VALUE/dUxdy	0.000000e+00	0.000000e+00	0	PASS		
c09ckpt100_rawdiag	res_100.h5	VALUE/dUxdz	0.000000e+00	0.000000e+00	0	PASS		
c09ckpt100_rawdiag	res_100.h5	VALUE/dUydx	1.573320e-10	1.568609e-10	0.498503	PASS		
c09ckpt100_rawdiag	res_100.h5	VALUE/dUydy	1.634991e-10	1.634991e-10	0.5	PASS		
c09ckpt100_rawdiag	res_100.h5	VALUE/dUydz	1.940409e-10	1.986732e-10	0.511937	PASS		
c09ckpt100_rawdiag	res_100.h5	VALUE/dUzdx	2.085566e-10	2.038670e-10	0.488757	PASS		
c09ckpt100_rawdiag	res_100.h5	VALUE/dUzdy	2.074852e-10	2.047284e-10	0.493357	PASS		
c09ckpt100_rawdiag	res_100.h5	VALUE/dUzdz	2.073508e-10	2.026717e-10	0.488717	PASS		
c09ckpt100_rawdiag	res_100.h5	VALUE/dXidx	7.897615e-06	8.046627e-06	0.509434	PASS		
c09ckpt100_rawdiag	res_100.h5	VALUE/dXidy	8.499791e-06	8.955136e-06	0.526786	PASS		
c09ckpt100_rawdiag	res_100.h5	VALUE/dXidz	1.032117e-05	9.562261e-06	0.463235	PASS		
c09ckpt100_rawdiag	res_100.h5	VALUE/delta_les	0.000000e+00	0.000000e+00	0	PASS		
c09ckpt100_rawdiag	res_100.h5	VALUE/drodx	0.000000e+00	0.000000e+00	0	PASS		
c09ckpt100_rawdiag	res_100.h5	VALUE/drody	0.000000e+00	0.000000e+00	0	PASS		
c09ckpt100_rawdiag	res_100.h5	VALUE/drodz	0.000000e+00	0.000000e+00	0	PASS		
c09ckpt100_rawdiag	res_100.h5	VALUE/dt_local	0.000000e+00	0.000000e+00	0	PASS		
c09ckpt100_rawdiag	res_100.h5	VALUE/ducros	0.000000e+00	0.000000e+00	0	PASS		
c09ckpt100_rawdiag	res_100.h5	VALUE/fd_shield	0.000000e+00	0.000000e+00	0	PASS		
c09ckpt100_rawdiag	res_100.h5	VALUE/fe_iddes	0.000000e+00	0.000000e+00	0	PASS		
c09ckpt100_rawdiag	res_100.h5	VALUE/gamma	0.000000e+00	0.000000e+00	0	PASS		
c09ckpt100_rawdiag	res_100.h5	VALUE/h0	0.000000e+00	0.000000e+00	0	PASS		
c09ckpt100_rawdiag	res_100.h5	VALUE/k	0.000000e+00	0.000000e+00	0	PASS		
c09ckpt100_rawdiag	res_100.h5	VALUE/l_des	0.000000e+00	0.000000e+00	0	PASS		
c09ckpt100_rawdiag	res_100.h5	VALUE/limiter_P	0.000000e+00	0.000000e+00	0	PASS		
c09ckpt100_rawdiag	res_100.h5	VALUE/limiter_T	0.000000e+00	0.000000e+00	0	PASS		
c09ckpt100_rawdiag	res_100.h5	VALUE/limiter_Ux	0.000000e+00	0.000000e+00	0	PASS		
c09ckpt100_rawdiag	res_100.h5	VALUE/limiter_Uy	1.000000e+00	1.000000e+00	0.5	PASS		
c09ckpt100_rawdiag	res_100.h5	VALUE/limiter_Uz	1.000000e+00	1.000000e+00	0.5	PASS		
c09ckpt100_rawdiag	res_100.h5	VALUE/limiter_Xi	6.992267e-04	6.992267e-04	0.5	PASS		
c09ckpt100_rawdiag	res_100.h5	VALUE/limiter_ro	0.000000e+00	0.000000e+00	0	PASS		
c09ckpt100_rawdiag	res_100.h5	VALUE/omega	0.000000e+00	0.000000e+00	0	PASS		
c09ckpt100_rawdiag	res_100.h5	VALUE/passiveFloorCorr_Xi	0.000000e+00	0.000000e+00	0	PASS		
c09ckpt100_rawdiag	res_100.h5	VALUE/passiveLimCorr_Xi	0.000000e+00	0.000000e+00	0	PASS		
c09ckpt100_rawdiag	res_100.h5	VALUE/rd_des	0.000000e+00	0.000000e+00	0	PASS		
c09ckpt100_rawdiag	res_100.h5	VALUE/res_ro	2.980232e-08	2.980232e-08	0.5	PASS		
c09ckpt100_rawdiag	res_100.h5	VALUE/res_roK	0.000000e+00	0.000000e+00	0	PASS		
c09ckpt100_rawdiag	res_100.h5	VALUE/res_roOmega	0.000000e+00	0.000000e+00	0	PASS		
c09ckpt100_rawdiag	res_100.h5	VALUE/res_roUx	4.768372e-07	4.768372e-07	0.5	PASS		
c09ckpt100_rawdiag	res_100.h5	VALUE/res_roUy	8.731149e-11	1.018634e-10	0.583333	PASS		
c09ckpt100_rawdiag	res_100.h5	VALUE/res_roe	1.562500e-02	1.562500e-02	0.5	PASS		
c09ckpt100_rawdiag	res_100.h5	VALUE/ro	0.000000e+00	0.000000e+00	0	PASS		
c09ckpt100_rawdiag	res_100.h5	VALUE/roK	0.000000e+00	0.000000e+00	0	PASS		
c09ckpt100_rawdiag	res_100.h5	VALUE/roK_wf	0.000000e+00	0.000000e+00	0	PASS		
c09ckpt100_rawdiag	res_100.h5	VALUE/roOmega	0.000000e+00	0.000000e+00	0	PASS		
c09ckpt100_rawdiag	res_100.h5	VALUE/roUx	0.000000e+00	0.000000e+00	0	PASS		
c09ckpt100_rawdiag	res_100.h5	VALUE/roUy	7.704713e-11	7.704713e-11	0.5	PASS		
c09ckpt100_rawdiag	res_100.h5	VALUE/roUz	9.771176e-11	9.550680e-11	0.488717	PASS		
c09ckpt100_rawdiag	res_100.h5	VALUE/roXi	3.337860e-06	3.337860e-06	0.5	PASS		
c09ckpt100_rawdiag	res_100.h5	VALUE/roY0	0.000000e+00	0.000000e+00	0	PASS		
c09ckpt100_rawdiag	res_100.h5	VALUE/roY1	0.000000e+00	0.000000e+00	0	PASS		
c09ckpt100_rawdiag	res_100.h5	VALUE/roYraw0	0.000000e+00	0.000000e+00	0	PASS		
c09ckpt100_rawdiag	res_100.h5	VALUE/roYraw1	0.000000e+00	0.000000e+00	0	PASS		
c09ckpt100_rawdiag	res_100.h5	VALUE/roe	0.000000e+00	0.000000e+00	0	PASS		
c09ckpt100_rawdiag	res_100.h5	VALUE/sonic	0.000000e+00	0.000000e+00	0	PASS		
c09ckpt100_rawdiag	res_100.h5	VALUE/src_jac_k	0.000000e+00	0.000000e+00	0	PASS		
c09ckpt100_rawdiag	res_100.h5	VALUE/src_jac_omega	0.000000e+00	0.000000e+00	0	PASS		
c09ckpt100_rawdiag	res_100.h5	VALUE/thermCond	0.000000e+00	0.000000e+00	0	PASS		
c09ckpt100_rawdiag	res_100.h5	VALUE/transport_diag_k	0.000000e+00	0.000000e+00	0	PASS		
c09ckpt100_rawdiag	res_100.h5	VALUE/transport_diag_omega	0.000000e+00	0.000000e+00	0	PASS		
c09ckpt100_rawdiag	res_100.h5	VALUE/vis_lam	0.000000e+00	0.000000e+00	0	PASS		
c09ckpt100_rawdiag	res_100.h5	VALUE/vis_turb	0.000000e+00	0.000000e+00	0	PASS		
c09ckpt100_rawdiag	res_100.h5	VALUE/volume	0.000000e+00	0.000000e+00	0	PASS		
c09ckpt100_rawdiag	res_100.h5	VALUE/wall_dist	0.000000e+00	0.000000e+00	0	PASS		
c09ckpt100_rawdiag	res_100.h5	VALUE/wf_irep_flag	0.000000e+00	0.000000e+00	0	PASS		
c09ckpt100_rawdiag	res_100.h5	VALUE/wf_pk	0.000000e+00	0.000000e+00	0	PASS		
c09ckpt100_rawdiag	residual_history.csv	rms_dq_ro	0.000000e+00	0.000000e+00	0	PASS		
c09ckpt100_rawdiag	residual_history.csv	rms_dq_roUx	0.000000e+00	0.000000e+00	0	PASS		
c09ckpt100_rawdiag	residual_history.csv	rms_dq_roUy	0.000000e+00	0.000000e+00	0	PASS		
c09ckpt100_rawdiag	residual_history.csv	rms_dq_roUz	0.000000e+00	0.000000e+00	0	PASS		
c09ckpt100_rawdiag	residual_history.csv	rms_dq_roe	0.000000e+00	0.000000e+00	0	PASS		
c09ckpt100_rawdiag	residual_history.csv	rms_ro	2.103668e-10	2.074545e-10	0.493078	PASS		
c09ckpt100_rawdiag	residual_history.csv	rms_roUx	2.812303e-09	3.077815e-09	0.547205	PASS		
c09ckpt100_rawdiag	residual_history.csv	rms_roUy	8.115504e-13	7.808999e-13	0.481116	PASS		
c09ckpt100_rawdiag	residual_history.csv	rms_roUz	8.965833e-13	9.748538e-13	0.543649	PASS		
c09ckpt100_rawdiag	residual_history.csv	rms_roXi	7.450581e-09	7.450581e-09	0.5	PASS		
c09ckpt100_rawdiag	residual_history.csv	rms_roY0	0.000000e+00	0.000000e+00	0	PASS		
c09ckpt100_rawdiag	residual_history.csv	rms_roY1	0.000000e+00	0.000000e+00	0	PASS		
c09ckpt100_rawdiag	residual_history.csv	rms_roe	8.505792e-05	7.623166e-05	0.448116	PASS		
c09ckpt100_pindiag	res_100.h5	CHECKPOINT/passive_fctMeff	2.828985e-12	2.832116e-12	0.500553	PASS		
c09ckpt100_pindiag	res_100.h5	CHECKPOINT/roKN	0.000000e+00	0.000000e+00	0	PASS		
c09ckpt100_pindiag	res_100.h5	CHECKPOINT/roN	0.000000e+00	0.000000e+00	0	PASS		
c09ckpt100_pindiag	res_100.h5	CHECKPOINT/roOmegaN	0.000000e+00	0.000000e+00	0	PASS		
c09ckpt100_pindiag	res_100.h5	CHECKPOINT/roUxN	0.000000e+00	0.000000e+00	0	PASS		
c09ckpt100_pindiag	res_100.h5	CHECKPOINT/roUyN	1.462762e-10	1.464534e-10	0.500606	PASS		
c09ckpt100_pindiag	res_100.h5	CHECKPOINT/roUzN	1.048003e-10	1.051720e-10	0.501773	PASS		
c09ckpt100_pindiag	res_100.h5	CHECKPOINT/roXiP	2.980232e-06	3.218651e-06	0.54	PASS		
c09ckpt100_pindiag	res_100.h5	CHECKPOINT/roXi_fctG	1.907349e-06	1.937151e-06	0.507812	PASS		
c09ckpt100_pindiag	res_100.h5	CHECKPOINT/roXi_fctH	9.620562e-07	9.238720e-07	0.480155	PASS		
c09ckpt100_pindiag	res_100.h5	CHECKPOINT/roXi_fctHsrc	0.000000e+00	0.000000e+00	0	PASS		
c09ckpt100_pindiag	res_100.h5	CHECKPOINT/roY0P	0.000000e+00	0.000000e+00	0	PASS		
c09ckpt100_pindiag	res_100.h5	CHECKPOINT/roY1P	0.000000e+00	0.000000e+00	0	PASS		
c09ckpt100_pindiag	res_100.h5	CHECKPOINT/roeN	0.000000e+00	0.000000e+00	0	PASS		
c09ckpt100_pindiag	res_100.h5	MESH/CONNE	0.000000e+00	0.000000e+00	0	PASS	整数・文字列は厳密一致	
c09ckpt100_pindiag	res_100.h5	MESH/COORD	0.000000e+00	0.000000e+00	0	PASS		
c09ckpt100_pindiag	res_100.h5	VALUE/P	0.000000e+00	0.000000e+00	0	PASS		
c09ckpt100_pindiag	res_100.h5	VALUE/Pk_diag	0.000000e+00	0.000000e+00	0	PASS		
c09ckpt100_pindiag	res_100.h5	VALUE/T	0.000000e+00	0.000000e+00	0	PASS		
c09ckpt100_pindiag	res_100.h5	VALUE/Taw_diag	0.000000e+00	0.000000e+00	0	PASS		
c09ckpt100_pindiag	res_100.h5	VALUE/Ux	0.000000e+00	0.000000e+00	0	PASS		
c09ckpt100_pindiag	res_100.h5	VALUE/Uy	1.218968e-10	1.220445e-10	0.500606	PASS		
c09ckpt100_pindiag	res_100.h5	VALUE/Uz	8.738142e-11	8.766100e-11	0.5016	PASS		
c09ckpt100_pindiag	res_100.h5	VALUE/Xi	2.384186e-06	2.563000e-06	0.5375	PASS		
c09ckpt100_pindiag	res_100.h5	VALUE/Y0	0.000000e+00	0.000000e+00	0	PASS		
c09ckpt100_pindiag	res_100.h5	VALUE/Y1	0.000000e+00	0.000000e+00	0	PASS		
c09ckpt100_pindiag	res_100.h5	VALUE/axisym_divU	0.000000e+00	0.000000e+00	0	PASS		
c09ckpt100_pindiag	res_100.h5	VALUE/cfl	0.000000e+00	0.000000e+00	0	PASS		
c09ckpt100_pindiag	res_100.h5	VALUE/dKdx	0.000000e+00	0.000000e+00	0	PASS		
c09ckpt100_pindiag	res_100.h5	VALUE/dKdy	0.000000e+00	0.000000e+00	0	PASS		
c09ckpt100_pindiag	res_100.h5	VALUE/dKdz	0.000000e+00	0.000000e+00	0	PASS		
c09ckpt100_pindiag	res_100.h5	VALUE/dOmegadx	0.000000e+00	0.000000e+00	0	PASS		
c09ckpt100_pindiag	res_100.h5	VALUE/dOmegady	0.000000e+00	0.000000e+00	0	PASS		
c09ckpt100_pindiag	res_100.h5	VALUE/dOmegadz	0.000000e+00	0.000000e+00	0	PASS		
c09ckpt100_pindiag	res_100.h5	VALUE/dPdx	0.000000e+00	0.000000e+00	0	PASS		
c09ckpt100_pindiag	res_100.h5	VALUE/dPdy	0.000000e+00	0.000000e+00	0	PASS		
c09ckpt100_pindiag	res_100.h5	VALUE/dPdz	0.000000e+00	0.000000e+00	0	PASS		
c09ckpt100_pindiag	res_100.h5	VALUE/dTdx	0.000000e+00	0.000000e+00	0	PASS		
c09ckpt100_pindiag	res_100.h5	VALUE/dTdy	0.000000e+00	0.000000e+00	0	PASS		
c09ckpt100_pindiag	res_100.h5	VALUE/dTdz	0.000000e+00	0.000000e+00	0	PASS		
c09ckpt100_pindiag	res_100.h5	VALUE/dUxdx	0.000000e+00	0.000000e+00	0	PASS		
c09ckpt100_pindiag	res_100.h5	VALUE/dUxdy	0.000000e+00	0.000000e+00	0	PASS		
c09ckpt100_pindiag	res_100.h5	VALUE/dUxdz	0.000000e+00	0.000000e+00	0	PASS		
c09ckpt100_pindiag	res_100.h5	VALUE/dUydx	2.453352e-10	2.453555e-10	0.500041	PASS		
c09ckpt100_pindiag	res_100.h5	VALUE/dUydy	3.104076e-10	3.107837e-10	0.500606	PASS		
c09ckpt100_pindiag	res_100.h5	VALUE/dUydz	3.104075e-10	3.107836e-10	0.500606	PASS		
c09ckpt100_pindiag	res_100.h5	VALUE/dUzdx	1.973295e-10	2.223268e-10	0.563339	PASS		
c09ckpt100_pindiag	res_100.h5	VALUE/dUzdy	2.256335e-10	2.233539e-10	0.494949	PASS		
c09ckpt100_pindiag	res_100.h5	VALUE/dUzdz	2.225150e-10	2.232269e-10	0.5016	PASS		
c09ckpt100_pindiag	res_100.h5	VALUE/dXidx	7.122755e-06	7.122755e-06	0.5	PASS		
c09ckpt100_pindiag	res_100.h5	VALUE/dXidy	8.196228e-06	8.803354e-06	0.537037	PASS		
c09ckpt100_pindiag	res_100.h5	VALUE/dXidz	8.651569e-06	9.106921e-06	0.526316	PASS		
c09ckpt100_pindiag	res_100.h5	VALUE/delta_les	0.000000e+00	0.000000e+00	0	PASS		
c09ckpt100_pindiag	res_100.h5	VALUE/drodx	0.000000e+00	0.000000e+00	0	PASS		
c09ckpt100_pindiag	res_100.h5	VALUE/drody	0.000000e+00	0.000000e+00	0	PASS		
c09ckpt100_pindiag	res_100.h5	VALUE/drodz	0.000000e+00	0.000000e+00	0	PASS		
c09ckpt100_pindiag	res_100.h5	VALUE/dt_local	0.000000e+00	0.000000e+00	0	PASS		
c09ckpt100_pindiag	res_100.h5	VALUE/ducros	0.000000e+00	0.000000e+00	0	PASS		
c09ckpt100_pindiag	res_100.h5	VALUE/fd_shield	0.000000e+00	0.000000e+00	0	PASS		
c09ckpt100_pindiag	res_100.h5	VALUE/fe_iddes	0.000000e+00	0.000000e+00	0	PASS		
c09ckpt100_pindiag	res_100.h5	VALUE/gamma	0.000000e+00	0.000000e+00	0	PASS		
c09ckpt100_pindiag	res_100.h5	VALUE/h0	0.000000e+00	0.000000e+00	0	PASS		
c09ckpt100_pindiag	res_100.h5	VALUE/k	0.000000e+00	0.000000e+00	0	PASS		
c09ckpt100_pindiag	res_100.h5	VALUE/l_des	0.000000e+00	0.000000e+00	0	PASS		
c09ckpt100_pindiag	res_100.h5	VALUE/limiter_P	0.000000e+00	0.000000e+00	0	PASS		
c09ckpt100_pindiag	res_100.h5	VALUE/limiter_T	0.000000e+00	0.000000e+00	0	PASS		
c09ckpt100_pindiag	res_100.h5	VALUE/limiter_Ux	0.000000e+00	0.000000e+00	0	PASS		
c09ckpt100_pindiag	res_100.h5	VALUE/limiter_Uy	1.000000e+00	1.000000e+00	0.5	PASS		
c09ckpt100_pindiag	res_100.h5	VALUE/limiter_Uz	1.000000e+00	1.000000e+00	0.5	PASS		
c09ckpt100_pindiag	res_100.h5	VALUE/limiter_Xi	6.119554e-04	6.991941e-04	0.571279	PASS		
c09ckpt100_pindiag	res_100.h5	VALUE/limiter_ro	0.000000e+00	0.000000e+00	0	PASS		
c09ckpt100_pindiag	res_100.h5	VALUE/omega	0.000000e+00	0.000000e+00	0	PASS		
c09ckpt100_pindiag	res_100.h5	VALUE/passiveFloorCorr_Xi	6.360486e-36	6.360486e-36	0.5	PASS		
c09ckpt100_pindiag	res_100.h5	VALUE/passiveLimCorr_Xi	0.000000e+00	0.000000e+00	0	PASS		
c09ckpt100_pindiag	res_100.h5	VALUE/rd_des	0.000000e+00	0.000000e+00	0	PASS		
c09ckpt100_pindiag	res_100.h5	VALUE/res_ro	2.980232e-08	2.980232e-08	0.5	PASS		
c09ckpt100_pindiag	res_100.h5	VALUE/res_roK	0.000000e+00	0.000000e+00	0	PASS		
c09ckpt100_pindiag	res_100.h5	VALUE/res_roOmega	0.000000e+00	0.000000e+00	0	PASS		
c09ckpt100_pindiag	res_100.h5	VALUE/res_roUx	4.768372e-07	4.768372e-07	0.5	PASS		
c09ckpt100_pindiag	res_100.h5	VALUE/res_roUy	8.731149e-11	8.731149e-11	0.5	PASS		
c09ckpt100_pindiag	res_100.h5	VALUE/res_roe	1.562500e-02	1.562500e-02	0.5	PASS		
c09ckpt100_pindiag	res_100.h5	VALUE/ro	0.000000e+00	0.000000e+00	0	PASS		
c09ckpt100_pindiag	res_100.h5	VALUE/roK	0.000000e+00	0.000000e+00	0	PASS		
c09ckpt100_pindiag	res_100.h5	VALUE/roK_wf	0.000000e+00	0.000000e+00	0	PASS		
c09ckpt100_pindiag	res_100.h5	VALUE/roOmega	0.000000e+00	0.000000e+00	0	PASS		
c09ckpt100_pindiag	res_100.h5	VALUE/roUx	0.000000e+00	0.000000e+00	0	PASS		
c09ckpt100_pindiag	res_100.h5	VALUE/roUy	1.462762e-10	1.464534e-10	0.500606	PASS		
c09ckpt100_pindiag	res_100.h5	VALUE/roUz	1.048577e-10	1.051932e-10	0.5016	PASS		
c09ckpt100_pindiag	res_100.h5	VALUE/roXi	2.861023e-06	3.099442e-06	0.541667	PASS		
c09ckpt100_pindiag	res_100.h5	VALUE/roY0	0.000000e+00	0.000000e+00	0	PASS		
c09ckpt100_pindiag	res_100.h5	VALUE/roY1	0.000000e+00	0.000000e+00	0	PASS		
c09ckpt100_pindiag	res_100.h5	VALUE/roe	0.000000e+00	0.000000e+00	0	PASS		
c09ckpt100_pindiag	res_100.h5	VALUE/sonic	0.000000e+00	0.000000e+00	0	PASS		
c09ckpt100_pindiag	res_100.h5	VALUE/src_jac_k	0.000000e+00	0.000000e+00	0	PASS		
c09ckpt100_pindiag	res_100.h5	VALUE/src_jac_omega	0.000000e+00	0.000000e+00	0	PASS		
c09ckpt100_pindiag	res_100.h5	VALUE/thermCond	0.000000e+00	0.000000e+00	0	PASS		
c09ckpt100_pindiag	res_100.h5	VALUE/transport_diag_k	0.000000e+00	0.000000e+00	0	PASS		
c09ckpt100_pindiag	res_100.h5	VALUE/transport_diag_omega	0.000000e+00	0.000000e+00	0	PASS		
c09ckpt100_pindiag	res_100.h5	VALUE/vis_lam	0.000000e+00	0.000000e+00	0	PASS		
c09ckpt100_pindiag	res_100.h5	VALUE/vis_turb	0.000000e+00	0.000000e+00	0	PASS		
c09ckpt100_pindiag	res_100.h5	VALUE/volume	0.000000e+00	0.000000e+00	0	PASS		
c09ckpt100_pindiag	res_100.h5	VALUE/wall_dist	0.000000e+00	0.000000e+00	0	PASS		
c09ckpt100_pindiag	res_100.h5	VALUE/wf_irep_flag	0.000000e+00	0.000000e+00	0	PASS		
c09ckpt100_pindiag	res_100.h5	VALUE/wf_pk	0.000000e+00	0.000000e+00	0	PASS		
c09ckpt100_pindiag	residual_history.csv	rms_dq_ro	0.000000e+00	0.000000e+00	0	PASS		
c09ckpt100_pindiag	residual_history.csv	rms_dq_roUx	0.000000e+00	0.000000e+00	0	PASS		
c09ckpt100_pindiag	residual_history.csv	rms_dq_roUy	0.000000e+00	0.000000e+00	0	PASS		
c09ckpt100_pindiag	residual_history.csv	rms_dq_roUz	0.000000e+00	0.000000e+00	0	PASS		
c09ckpt100_pindiag	residual_history.csv	rms_dq_roe	0.000000e+00	0.000000e+00	0	PASS		
c09ckpt100_pindiag	residual_history.csv	rms_ro	1.825233e-10	1.793752e-10	0.491376	PASS		
c09ckpt100_pindiag	residual_history.csv	rms_roUx	2.537714e-09	2.887418e-09	0.568901	PASS		
c09ckpt100_pindiag	residual_history.csv	rms_roUy	7.777676e-13	8.370700e-13	0.538123	PASS		
c09ckpt100_pindiag	residual_history.csv	rms_roUz	8.980858e-13	8.147252e-13	0.45359	PASS		
c09ckpt100_pindiag	residual_history.csv	rms_roXi	7.450581e-09	7.450581e-09	0.5	PASS		
c09ckpt100_pindiag	residual_history.csv	rms_roY0	0.000000e+00	0.000000e+00	0	PASS		
c09ckpt100_pindiag	residual_history.csv	rms_roY1	0.000000e+00	0.000000e+00	0	PASS		
c09ckpt100_pindiag	residual_history.csv	rms_roe	6.337371e-05	6.893219e-05	0.543855	PASS		
c44steady	res_200.h5	MESH/CONNE	0.000000e+00	0.000000e+00	0	PASS	整数・文字列は厳密一致	
c44steady	res_200.h5	MESH/COORD	0.000000e+00	0.000000e+00	0	PASS		
c44steady	res_200.h5	VALUE/P	6.625000e+00	6.750000e+00	0.509434	PASS		
c44steady	res_200.h5	VALUE/Pk_diag	0.000000e+00	0.000000e+00	0	PASS		
c44steady	res_200.h5	VALUE/Q0_0	0.000000e+00	0.000000e+00	0	PASS		
c44steady	res_200.h5	VALUE/Q1_0	0.000000e+00	0.000000e+00	0	PASS		
c44steady	res_200.h5	VALUE/Q2_0	0.000000e+00	0.000000e+00	0	PASS		
c44steady	res_200.h5	VALUE/T	1.892090e-03	1.953125e-03	0.516129	PASS		
c44steady	res_200.h5	VALUE/Taw_diag	0.000000e+00	0.000000e+00	0	PASS		
c44steady	res_200.h5	VALUE/Ux	3.726959e-03	3.847122e-03	0.516121	PASS		
c44steady	res_200.h5	VALUE/Uy	2.944946e-03	2.952576e-03	0.501295	PASS		
c44steady	res_200.h5	VALUE/Uz	0.000000e+00	0.000000e+00	0	PASS		
c44steady	res_200.h5	VALUE/Y0	1.788139e-07	1.192093e-07	0.333333	PASS		
c44steady	res_200.h5	VALUE/Y1	8.195639e-08	7.823110e-08	0.477273	PASS		
c44steady	res_200.h5	VALUE/axisym_divU	3.717041e-01	3.338645e-01	0.4491	PASS		
c44steady	res_200.h5	VALUE/cfl	3.695488e-06	5.006790e-06	0.677419	PASS		
c44steady	res_200.h5	VALUE/condClampCorrQ_0	0.000000e+00	0.000000e+00	0	PASS		
c44steady	res_200.h5	VALUE/condClampCorr_0	0.000000e+00	0.000000e+00	0	PASS		
c44steady	res_200.h5	VALUE/condDrdt_0	0.000000e+00	0.000000e+00	0	PASS		
c44steady	res_200.h5	VALUE/condLim_0	0.000000e+00	0.000000e+00	0	PASS		
c44steady	res_200.h5	VALUE/condR30_0	0.000000e+00	0.000000e+00	0	PASS		
c44steady	res_200.h5	VALUE/condS_0	3.093481e-05	3.248453e-05	0.525048	PASS		
c44steady	res_200.h5	VALUE/condTheta_0	0.000000e+00	0.000000e+00	0	PASS		
c44steady	res_200.h5	VALUE/condTsat_0	2.136230e-04	2.136230e-04	0.5	PASS		
c44steady	res_200.h5	VALUE/dKdx	0.000000e+00	0.000000e+00	0	PASS		
c44steady	res_200.h5	VALUE/dKdy	0.000000e+00	0.000000e+00	0	PASS		
c44steady	res_200.h5	VALUE/dKdz	0.000000e+00	0.000000e+00	0	PASS		
c44steady	res_200.h5	VALUE/dOmegadx	0.000000e+00	0.000000e+00	0	PASS		
c44steady	res_200.h5	VALUE/dOmegady	0.000000e+00	0.000000e+00	0	PASS		
c44steady	res_200.h5	VALUE/dOmegadz	0.000000e+00	0.000000e+00	0	PASS		
c44steady	res_200.h5	VALUE/dPdx	3.575000e+02	2.533750e+02	0.354371	PASS		
c44steady	res_200.h5	VALUE/dPdy	3.031199e+03	3.156197e+03	0.520619	PASS		
c44steady	res_200.h5	VALUE/dPdz	0.000000e+00	0.000000e+00	0	PASS		
c44steady	res_200.h5	VALUE/dQ0_0dx	0.000000e+00	0.000000e+00	0	PASS		
c44steady	res_200.h5	VALUE/dQ0_0dy	0.000000e+00	0.000000e+00	0	PASS		
c44steady	res_200.h5	VALUE/dQ0_0dz	0.000000e+00	0.000000e+00	0	PASS		
c44steady	res_200.h5	VALUE/dQ1_0dx	0.000000e+00	0.000000e+00	0	PASS		
c44steady	res_200.h5	VALUE/dQ1_0dy	0.000000e+00	0.000000e+00	0	PASS		
c44steady	res_200.h5	VALUE/dQ1_0dz	0.000000e+00	0.000000e+00	0	PASS		
c44steady	res_200.h5	VALUE/dQ2_0dx	0.000000e+00	0.000000e+00	0	PASS		
c44steady	res_200.h5	VALUE/dQ2_0dy	0.000000e+00	0.000000e+00	0	PASS		
c44steady	res_200.h5	VALUE/dQ2_0dz	0.000000e+00	0.000000e+00	0	PASS		
c44steady	res_200.h5	VALUE/dTdx	4.042511e-01	4.169006e-01	0.515646	PASS		
c44steady	res_200.h5	VALUE/dTdy	8.430176e-01	1.013519e+00	0.601126	PASS		
c44steady	res_200.h5	VALUE/dTdz	0.000000e+00	0.000000e+00	0	PASS		
c44steady	res_200.h5	VALUE/dUxdx	1.084682e+00	1.307764e+00	0.602833	PASS		
c44steady	res_200.h5	VALUE/dUxdy	1.449921e+00	1.617455e+00	0.557773	PASS		
c44steady	res_200.h5	VALUE/dUxdz	0.000000e+00	0.000000e+00	0	PASS		
c44steady	res_200.h5	VALUE/dUydx	8.292542e-01	1.029800e+00	0.62092	PASS		
c44steady	res_200.h5	VALUE/dUydy	1.081112e+00	1.267221e+00	0.586073	PASS		
c44steady	res_200.h5	VALUE/dUydz	0.000000e+00	0.000000e+00	0	PASS		
c44steady	res_200.h5	VALUE/dUzdx	0.000000e+00	0.000000e+00	0	PASS		
c44steady	res_200.h5	VALUE/dUzdy	0.000000e+00	0.000000e+00	0	PASS		
c44steady	res_200.h5	VALUE/dUzdz	0.000000e+00	0.000000e+00	0	PASS		
c44steady	res_200.h5	VALUE/delta_les	0.000000e+00	0.000000e+00	0	PASS		
c44steady	res_200.h5	VALUE/dg_0dx	0.000000e+00	0.000000e+00	0	PASS		
c44steady	res_200.h5	VALUE/dg_0dy	0.000000e+00	0.000000e+00	0	PASS		
c44steady	res_200.h5	VALUE/dg_0dz	0.000000e+00	0.000000e+00	0	PASS		
c44steady	res_200.h5	VALUE/drodx	1.075983e-03	1.096725e-03	0.509639	PASS		
c44steady	res_200.h5	VALUE/drody	7.331247e-03	7.390851e-03	0.504065	PASS		
c44steady	res_200.h5	VALUE/drodz	0.000000e+00	0.000000e+00	0	PASS		
c44steady	res_200.h5	VALUE/dt_local	3.201421e-10	4.074536e-10	0.636364	PASS		
c44steady	res_200.h5	VALUE/ducros	0.000000e+00	0.000000e+00	0	PASS		
c44steady	res_200.h5	VALUE/fd_shield	0.000000e+00	0.000000e+00	0	PASS		
c44steady	res_200.h5	VALUE/fe_iddes	0.000000e+00	0.000000e+00	0	PASS		
c44steady	res_200.h5	VALUE/g_0	0.000000e+00	0.000000e+00	0	PASS		
c44steady	res_200.h5	VALUE/gamma	3.576279e-07	3.576279e-07	0.5	PASS		
c44steady	res_200.h5	VALUE/h0	1.937500e+00	2.187500e+00	0.564516	PASS		
c44steady	res_200.h5	VALUE/k	1.132488e-05	1.192093e-05	0.526316	PASS		
c44steady	res_200.h5	VALUE/l_des	0.000000e+00	0.000000e+00	0	PASS		
c44steady	res_200.h5	VALUE/limiter_P	9.916001e-01	9.916244e-01	0.500012	PASS		
c44steady	res_200.h5	VALUE/limiter_Q0_0	0.000000e+00	0.000000e+00	0	PASS		
c44steady	res_200.h5	VALUE/limiter_Q1_0	0.000000e+00	0.000000e+00	0	PASS		
c44steady	res_200.h5	VALUE/limiter_Q2_0	0.000000e+00	0.000000e+00	0	PASS		
c44steady	res_200.h5	VALUE/limiter_T	0.000000e+00	0.000000e+00	0	PASS		
c44steady	res_200.h5	VALUE/limiter_Ux	7.181174e-01	7.719329e-01	0.53747	PASS		
c44steady	res_200.h5	VALUE/limiter_Uy	9.723528e-01	9.741802e-01	0.50094	PASS		
c44steady	res_200.h5	VALUE/limiter_Uz	0.000000e+00	0.000000e+00	0	PASS		
c44steady	res_200.h5	VALUE/limiter_g_0	0.000000e+00	0.000000e+00	0	PASS		
c44steady	res_200.h5	VALUE/limiter_ro	9.237443e-01	9.237828e-01	0.500021	PASS		
c44steady	res_200.h5	VALUE/omega	2.050781e-01	2.167969e-01	0.528571	PASS		
c44steady	res_200.h5	VALUE/passiveFloorCorr_Q0_0	0.000000e+00	0.000000e+00	0	PASS		
c44steady	res_200.h5	VALUE/passiveFloorCorr_Q1_0	0.000000e+00	0.000000e+00	0	PASS		
c44steady	res_200.h5	VALUE/passiveFloorCorr_Q2_0	0.000000e+00	0.000000e+00	0	PASS		
c44steady	res_200.h5	VALUE/passiveFloorCorr_g_0	0.000000e+00	0.000000e+00	0	PASS		
c44steady	res_200.h5	VALUE/passiveLimCorr_Q0_0	0.000000e+00	0.000000e+00	0	PASS		
c44steady	res_200.h5	VALUE/passiveLimCorr_Q1_0	0.000000e+00	0.000000e+00	0	PASS		
c44steady	res_200.h5	VALUE/passiveLimCorr_Q2_0	0.000000e+00	0.000000e+00	0	PASS		
c44steady	res_200.h5	VALUE/passiveLimCorr_g_0	0.000000e+00	0.000000e+00	0	PASS		
c44steady	res_200.h5	VALUE/rd_des	0.000000e+00	0.000000e+00	0	PASS		
c44steady	res_200.h5	VALUE/res_ro	2.829150e-04	3.534124e-04	0.624591	PASS		
c44steady	res_200.h5	VALUE/res_roK	0.000000e+00	0.000000e+00	0	PASS		
c44steady	res_200.h5	VALUE/res_roOmega	0.000000e+00	0.000000e+00	0	PASS		
c44steady	res_200.h5	VALUE/res_roUx	2.197266e-02	2.197266e-02	0.5	PASS		
c44steady	res_200.h5	VALUE/res_roUy	1.149644e-01	1.227718e-01	0.533956	PASS		
c44steady	res_200.h5	VALUE/res_roe	2.739224e+02	3.416785e+02	0.623678	PASS		
c44steady	res_200.h5	VALUE/ro	1.907349e-05	1.478195e-05	0.3875	PASS		
c44steady	res_200.h5	VALUE/roK	0.000000e+00	0.000000e+00	0	PASS		
c44steady	res_200.h5	VALUE/roK_wf	0.000000e+00	0.000000e+00	0	PASS		
c44steady	res_200.h5	VALUE/roOmega	0.000000e+00	0.000000e+00	0	PASS		
c44steady	res_200.h5	VALUE/roQ0_0	0.000000e+00	0.000000e+00	0	PASS		
c44steady	res_200.h5	VALUE/roQ1_0	0.000000e+00	0.000000e+00	0	PASS		
c44steady	res_200.h5	VALUE/roQ2_0	0.000000e+00	0.000000e+00	0	PASS		
c44steady	res_200.h5	VALUE/roUx	1.268005e-02	1.313782e-02	0.518051	PASS		
c44steady	res_200.h5	VALUE/roUy	1.013947e-02	1.036835e-02	0.511287	PASS		
c44steady	res_200.h5	VALUE/roUz	0.000000e+00	0.000000e+00	0	PASS		
c44steady	res_200.h5	VALUE/roY0	1.835823e-05	1.430511e-05	0.38961	PASS		
c44steady	res_200.h5	VALUE/roY1	7.301569e-07	5.513430e-07	0.377551	PASS		
c44steady	res_200.h5	VALUE/roe	1.750000e+01	1.400000e+01	0.4	PASS		
c44steady	res_200.h5	VALUE/rog_0	0.000000e+00	0.000000e+00	0	PASS		
c44steady	res_200.h5	VALUE/sonic	1.129150e-03	1.159668e-03	0.513514	PASS		
c44steady	res_200.h5	VALUE/src_jac_k	0.000000e+00	0.000000e+00	0	PASS		
c44steady	res_200.h5	VALUE/src_jac_omega	0.000000e+00	0.000000e+00	0	PASS		
c44steady	res_200.h5	VALUE/thermCond	0.000000e+00	0.000000e+00	0	PASS		
c44steady	res_200.h5	VALUE/transport_diag_k	0.000000e+00	0.000000e+00	0	PASS		
c44steady	res_200.h5	VALUE/transport_diag_omega	0.000000e+00	0.000000e+00	0	PASS		
c44steady	res_200.h5	VALUE/vis_lam	0.000000e+00	0.000000e+00	0	PASS		
c44steady	res_200.h5	VALUE/vis_turb	0.000000e+00	0.000000e+00	0	PASS		
c44steady	res_200.h5	VALUE/volume	0.000000e+00	0.000000e+00	0	PASS		
c44steady	res_200.h5	VALUE/wall_dist	0.000000e+00	0.000000e+00	0	PASS		
c44steady	res_200.h5	VALUE/wf_irep_flag	0.000000e+00	0.000000e+00	0	PASS		
c44steady	res_200.h5	VALUE/wf_pk	0.000000e+00	0.000000e+00	0	PASS		
c44steady	res_outlet_2_200.h5	MESH/CONNE	0.000000e+00	0.000000e+00	0	PASS	整数・文字列は厳密一致	
c44steady	res_outlet_2_200.h5	MESH/COORD	0.000000e+00	0.000000e+00	0	PASS		
c44steady	res_outlet_2_200.h5	VALUE/Ps	0.000000e+00	0.000000e+00	0	PASS		
c44steady	res_outlet_2_200.h5	VALUE/Pt	0.000000e+00	0.000000e+00	0	PASS		
c44steady	res_outlet_2_200.h5	VALUE/Ts	1.190186e-03	1.098633e-03	0.461538	PASS		
c44steady	res_outlet_2_200.h5	VALUE/Tt	0.000000e+00	0.000000e+00	0	PASS		
c44steady	res_outlet_2_200.h5	VALUE/Ux	1.098633e-03	8.544922e-04	0.388889	PASS		
c44steady	res_outlet_2_200.h5	VALUE/Uy	6.018579e-04	6.387830e-04	0.530676	PASS		
c44steady	res_outlet_2_200.h5	VALUE/Uz	0.000000e+00	0.000000e+00	0	PASS		
c44steady	res_outlet_2_200.h5	VALUE/kb	0.000000e+00	0.000000e+00	0	PASS		
c44steady	res_outlet_2_200.h5	VALUE/omegab	0.000000e+00	0.000000e+00	0	PASS		
c44steady	res_outlet_2_200.h5	VALUE/ro	3.129244e-07	2.905726e-07	0.464286	PASS		
c44steady	res_outlet_2_200.h5	VALUE/roUx	4.196167e-04	4.196167e-04	0.5	PASS		
c44steady	res_outlet_2_200.h5	VALUE/roUy	3.761519e-05	3.992952e-05	0.530763	PASS		
c44steady	res_outlet_2_200.h5	VALUE/roUz	0.000000e+00	0.000000e+00	0	PASS		
c44steady	res_outlet_2_200.h5	VALUE/roe	2.656250e-01	2.382812e-01	0.448529	PASS		
c44steady	res_wall_3_200.h5	MESH/CONNE	0.000000e+00	0.000000e+00	0	PASS	整数・文字列は厳密一致	
c44steady	res_wall_3_200.h5	MESH/COORD	0.000000e+00	0.000000e+00	0	PASS		
c44steady	res_wall_3_200.h5	VALUE/Ps	6.625000e+00	6.750000e+00	0.509434	PASS		
c44steady	res_wall_3_200.h5	VALUE/Pt	0.000000e+00	0.000000e+00	0	PASS		
c44steady	res_wall_3_200.h5	VALUE/Ts	1.586914e-03	1.831055e-03	0.576923	PASS		
c44steady	res_wall_3_200.h5	VALUE/Tt	0.000000e+00	0.000000e+00	0	PASS		
c44steady	res_wall_3_200.h5	VALUE/Ux	3.704071e-03	3.746033e-03	0.505664	PASS		
c44steady	res_wall_3_200.h5	VALUE/Uy	2.973557e-03	2.956390e-03	0.497114	PASS		
c44steady	res_wall_3_200.h5	VALUE/Uz	0.000000e+00	0.000000e+00	0	PASS		
c44steady	res_wall_3_200.h5	VALUE/kb	0.000000e+00	0.000000e+00	0	PASS		
c44steady	res_wall_3_200.h5	VALUE/omegab	0.000000e+00	0.000000e+00	0	PASS		
c44steady	res_wall_3_200.h5	VALUE/ro	1.502037e-05	1.502037e-05	0.5	PASS		
c44steady	res_wall_3_200.h5	VALUE/roUx	1.270294e-02	1.284027e-02	0.505405	PASS		
c44steady	res_wall_3_200.h5	VALUE/roUy	1.020050e-02	1.013184e-02	0.496634	PASS		
c44steady	res_wall_3_200.h5	VALUE/roUz	0.000000e+00	0.000000e+00	0	PASS		
c44steady	res_wall_3_200.h5	VALUE/roe	1.475000e+01	1.550000e+01	0.525424	PASS		
c44steady	residual_history.csv	rms_dq_ro	0.000000e+00	0.000000e+00	0	PASS		
c44steady	residual_history.csv	rms_dq_roUx	0.000000e+00	0.000000e+00	0	PASS		
c44steady	residual_history.csv	rms_dq_roUy	0.000000e+00	0.000000e+00	0	PASS		
c44steady	residual_history.csv	rms_dq_roUz	0.000000e+00	0.000000e+00	0	PASS		
c44steady	residual_history.csv	rms_dq_roe	0.000000e+00	0.000000e+00	0	PASS		
c44steady	residual_history.csv	rms_ro	2.323734e-06	2.369482e-06	0.509844	PASS		
c44steady	residual_history.csv	rms_roQ0_0	0.000000e+00	0.000000e+00	0	PASS		
c44steady	residual_history.csv	rms_roQ1_0	0.000000e+00	0.000000e+00	0	PASS		
c44steady	residual_history.csv	rms_roQ2_0	0.000000e+00	0.000000e+00	0	PASS		
c44steady	residual_history.csv	rms_roUx	5.730949e-05	5.872926e-05	0.512387	PASS		
c44steady	residual_history.csv	rms_roUy	4.131063e-04	4.202385e-04	0.508632	PASS		
c44steady	residual_history.csv	rms_roUz	0.000000e+00	0.000000e+00	0	PASS		
c44steady	residual_history.csv	rms_roY0	2.244568e-06	2.289112e-06	0.509923	PASS		
c44steady	residual_history.csv	rms_roY1	8.785305e-08	8.952226e-08	0.5095	PASS		
c44steady	residual_history.csv	rms_roe	2.241639e+00	2.289230e+00	0.510615	PASS		
c44steady	residual_history.csv	rms_rog_0	0.000000e+00	0.000000e+00	0	PASS		
c44dual_ckpt100	res_100.h5	CHECKPOINT/passive_fctMeff	5.846279e-03	5.847305e-03	0.500088	PASS		
c44dual_ckpt100	res_100.h5	CHECKPOINT/roKN	0.000000e+00	0.000000e+00	0	PASS		
c44dual_ckpt100	res_100.h5	CHECKPOINT/roN	3.264427e-03	3.338099e-03	0.511284	PASS		
c44dual_ckpt100	res_100.h5	CHECKPOINT/roOmegaN	0.000000e+00	0.000000e+00	0	PASS		
c44dual_ckpt100	res_100.h5	CHECKPOINT/roQ0_0P	1.549795e+11	1.806655e+11	0.582869	PASS		
c44dual_ckpt100	res_100.h5	CHECKPOINT/roQ0_0_fctG	2.984331e+11	3.184316e+11	0.533506	PASS		
c44dual_ckpt100	res_100.h5	CHECKPOINT/roQ0_0_fctH	6.134589e+10	6.526337e+10	0.531929	PASS		
c44dual_ckpt100	res_100.h5	CHECKPOINT/roQ0_0_fctHsrc	6.909696e+10	7.268729e+10	0.52598	PASS		
c44dual_ckpt100	res_100.h5	CHECKPOINT/roQ1_0P	4.199000e+03	4.690000e+03	0.558466	PASS		
c44dual_ckpt100	res_100.h5	CHECKPOINT/roQ1_0_fctG	1.723600e+04	2.013600e+04	0.584126	PASS		
c44dual_ckpt100	res_100.h5	CHECKPOINT/roQ1_0_fctH	3.865750e+03	4.437750e+03	0.573983	PASS		
c44dual_ckpt100	res_100.h5	CHECKPOINT/roQ1_0_fctHsrc	3.849750e+03	4.442500e+03	0.576986	PASS		
c44dual_ckpt100	res_100.h5	CHECKPOINT/roQ2_0P	4.647970e-04	5.494356e-04	0.591049	PASS		
c44dual_ckpt100	res_100.h5	CHECKPOINT/roQ2_0_fctG	1.946449e-03	2.208233e-03	0.567246	PASS		
c44dual_ckpt100	res_100.h5	CHECKPOINT/roQ2_0_fctH	1.890361e-04	2.277792e-04	0.602475	PASS		
c44dual_ckpt100	res_100.h5	CHECKPOINT/roQ2_0_fctHsrc	1.897812e-04	2.270937e-04	0.598304	PASS		
c44dual_ckpt100	res_100.h5	CHECKPOINT/roUxN	8.044434e-01	8.590088e-01	0.533915	PASS		
c44dual_ckpt100	res_100.h5	CHECKPOINT/roUyN	1.324188e+00	1.322571e+00	0.499389	PASS		
c44dual_ckpt100	res_100.h5	CHECKPOINT/roUzN	0.000000e+00	0.000000e+00	0	PASS		
c44dual_ckpt100	res_100.h5	CHECKPOINT/roY0P	3.141403e-03	3.212214e-03	0.51127	PASS		
c44dual_ckpt100	res_100.h5	CHECKPOINT/roY1P	1.229942e-04	1.258254e-04	0.51151	PASS		
c44dual_ckpt100	res_100.h5	CHECKPOINT/roeN	1.147375e+03	1.526875e+03	0.665377	PASS		
c44dual_ckpt100	res_100.h5	CHECKPOINT/rog_0P	2.088491e-07	2.468296e-07	0.590928	PASS		
c44dual_ckpt100	res_100.h5	CHECKPOINT/rog_0_fctG	9.585638e-07	1.038658e-06	0.541778	PASS		
c44dual_ckpt100	res_100.h5	CHECKPOINT/rog_0_fctH	1.423032e-07	1.316221e-07	0.462471	PASS		
c44dual_ckpt100	res_100.h5	CHECKPOINT/rog_0_fctHsrc	1.384324e-07	1.318840e-07	0.476348	PASS		
c44dual_ckpt100	res_100.h5	MESH/CONNE	0.000000e+00	0.000000e+00	0	PASS	整数・文字列は厳密一致	
c44dual_ckpt100	res_100.h5	MESH/COORD	0.000000e+00	0.000000e+00	0	PASS		
c44dual_ckpt100	res_100.h5	VALUE/P	9.281875e+02	1.069562e+03	0.576156	PASS		
c44dual_ckpt100	res_100.h5	VALUE/Pk_diag	0.000000e+00	0.000000e+00	0	PASS		
c44dual_ckpt100	res_100.h5	VALUE/Q0_0	1.684298e+12	1.995147e+12	0.592278	PASS		
c44dual_ckpt100	res_100.h5	VALUE/Q1_0	4.844800e+04	5.608800e+04	0.578847	PASS		
c44dual_ckpt100	res_100.h5	VALUE/Q2_0	5.451202e-03	6.329536e-03	0.580563	PASS		
c44dual_ckpt100	res_100.h5	VALUE/T	7.269897e-01	8.688354e-01	0.597557	PASS		
c44dual_ckpt100	res_100.h5	VALUE/Taw_diag	0.000000e+00	0.000000e+00	0	PASS		
c44dual_ckpt100	res_100.h5	VALUE/Ux	4.105225e-01	4.375000e-01	0.532858	PASS		
c44dual_ckpt100	res_100.h5	VALUE/Uy	3.831406e-01	3.825531e-01	0.499233	PASS		
c44dual_ckpt100	res_100.h5	VALUE/Uz	0.000000e+00	0.000000e+00	0	PASS		
c44dual_ckpt100	res_100.h5	VALUE/Y0	2.980232e-07	3.576279e-07	0.6	PASS		
c44dual_ckpt100	res_100.h5	VALUE/Y1	2.793968e-07	3.241003e-07	0.58	PASS		
c44dual_ckpt100	res_100.h5	VALUE/axisym_divU	3.309980e+02	3.461581e+02	0.5229	PASS		
c44dual_ckpt100	res_100.h5	VALUE/cfl	3.409386e-03	4.329681e-03	0.634965	PASS		
c44dual_ckpt100	res_100.h5	VALUE/condClampCorrQ_0	1.461677e+23	1.461677e+23	0.5	PASS		
c44dual_ckpt100	res_100.h5	VALUE/condClampCorr_0	7.220891e-13	6.689649e-13	0.463215	PASS		
c44dual_ckpt100	res_100.h5	VALUE/condDrdt_0	1.618589e-03	1.619026e-03	0.500135	PASS		
c44dual_ckpt100	res_100.h5	VALUE/condLim_0	0.000000e+00	0.000000e+00	0	PASS		
c44dual_ckpt100	res_100.h5	VALUE/condR30_0	4.202737e-05	4.202737e-05	0.5	PASS		
c44dual_ckpt100	res_100.h5	VALUE/condS_0	1.041794e-02	1.071548e-02	0.51428	PASS		
c44dual_ckpt100	res_100.h5	VALUE/condTheta_0	1.216125e-02	1.416016e-02	0.582183	PASS		
c44dual_ckpt100	res_100.h5	VALUE/condTsat_0	2.490234e-02	2.938843e-02	0.590074	PASS		
c44dual_ckpt100	res_100.h5	VALUE/dKdx	0.000000e+00	0.000000e+00	0	PASS		
c44dual_ckpt100	res_100.h5	VALUE/dKdy	0.000000e+00	0.000000e+00	0	PASS		
c44dual_ckpt100	res_100.h5	VALUE/dKdz	0.000000e+00	0.000000e+00	0	PASS		
c44dual_ckpt100	res_100.h5	VALUE/dOmegadx	0.000000e+00	0.000000e+00	0	PASS		
c44dual_ckpt100	res_100.h5	VALUE/dOmegady	0.000000e+00	0.000000e+00	0	PASS		
c44dual_ckpt100	res_100.h5	VALUE/dOmegadz	0.000000e+00	0.000000e+00	0	PASS		
c44dual_ckpt100	res_100.h5	VALUE/dPdx	3.861785e+05	4.583430e+05	0.593434	PASS		
c44dual_ckpt100	res_100.h5	VALUE/dPdy	1.004240e+06	1.295503e+06	0.645017	PASS		
c44dual_ckpt100	res_100.h5	VALUE/dPdz	0.000000e+00	0.000000e+00	0	PASS		
c44dual_ckpt100	res_100.h5	VALUE/dQ0_0dx	4.124531e+13	3.692404e+13	0.447615	PASS		
c44dual_ckpt100	res_100.h5	VALUE/dQ0_0dy	1.438181e+14	1.664960e+14	0.578843	PASS		
c44dual_ckpt100	res_100.h5	VALUE/dQ0_0dz	0.000000e+00	0.000000e+00	0	PASS		
c44dual_ckpt100	res_100.h5	VALUE/dQ1_0dx	7.871000e+05	8.073920e+05	0.51289	PASS		
c44dual_ckpt100	res_100.h5	VALUE/dQ1_0dy	6.543616e+06	7.542528e+06	0.576327	PASS		
c44dual_ckpt100	res_100.h5	VALUE/dQ1_0dz	0.000000e+00	0.000000e+00	0	PASS		
c44dual_ckpt100	res_100.h5	VALUE/dQ2_0dx	7.799530e-02	9.049225e-02	0.580113	PASS		
c44dual_ckpt100	res_100.h5	VALUE/dQ2_0dy	6.960144e-01	7.800903e-01	0.560398	PASS		
c44dual_ckpt100	res_100.h5	VALUE/dQ2_0dz	0.000000e+00	0.000000e+00	0	PASS		
c44dual_ckpt100	res_100.h5	VALUE/dTdx	1.121836e+02	1.121387e+02	0.4998	PASS		
c44dual_ckpt100	res_100.h5	VALUE/dTdy	4.486680e+02	4.974883e+02	0.554406	PASS		
c44dual_ckpt100	res_100.h5	VALUE/dTdz	0.000000e+00	0.000000e+00	0	PASS		
c44dual_ckpt100	res_100.h5	VALUE/dUxdx	1.362671e+02	1.371270e+02	0.503155	PASS		
c44dual_ckpt100	res_100.h5	VALUE/dUxdy	3.393740e+02	3.413530e+02	0.502916	PASS		
c44dual_ckpt100	res_100.h5	VALUE/dUxdz	0.000000e+00	0.000000e+00	0	PASS		
c44dual_ckpt100	res_100.h5	VALUE/dUydx	8.857922e+01	8.850513e+01	0.499582	PASS		
c44dual_ckpt100	res_100.h5	VALUE/dUydy	2.329255e+02	2.914163e+02	0.625557	PASS		
c44dual_ckpt100	res_100.h5	VALUE/dUydz	0.000000e+00	0.000000e+00	0	PASS		
c44dual_ckpt100	res_100.h5	VALUE/dUzdx	0.000000e+00	0.000000e+00	0	PASS		
c44dual_ckpt100	res_100.h5	VALUE/dUzdy	0.000000e+00	0.000000e+00	0	PASS		
c44dual_ckpt100	res_100.h5	VALUE/dUzdz	0.000000e+00	0.000000e+00	0	PASS		
c44dual_ckpt100	res_100.h5	VALUE/delta_les	0.000000e+00	0.000000e+00	0	PASS		
c44dual_ckpt100	res_100.h5	VALUE/dg_0dx	3.696978e-05	5.248934e-05	0.709895	PASS		
c44dual_ckpt100	res_100.h5	VALUE/dg_0dy	3.238171e-04	3.668666e-04	0.566472	PASS		
c44dual_ckpt100	res_100.h5	VALUE/dg_0dz	0.000000e+00	0.000000e+00	0	PASS		
c44dual_ckpt100	res_100.h5	VALUE/drodx	1.134430e+00	1.475044e+00	0.650126	PASS		
c44dual_ckpt100	res_100.h5	VALUE/drody	3.174110e+00	4.013557e+00	0.632233	PASS		
c44dual_ckpt100	res_100.h5	VALUE/drodz	0.000000e+00	0.000000e+00	0	PASS		
c44dual_ckpt100	res_100.h5	VALUE/dt_local	8.711140e-09	8.976713e-09	0.515243	PASS		
c44dual_ckpt100	res_100.h5	VALUE/ducros	0.000000e+00	0.000000e+00	0	PASS		
c44dual_ckpt100	res_100.h5	VALUE/fd_shield	0.000000e+00	0.000000e+00	0	PASS		
c44dual_ckpt100	res_100.h5	VALUE/fe_iddes	0.000000e+00	0.000000e+00	0	PASS		
c44dual_ckpt100	res_100.h5	VALUE/g_0	2.519228e-06	3.066380e-06	0.608595	PASS		
c44dual_ckpt100	res_100.h5	VALUE/gamma	7.212162e-05	8.642673e-05	0.599174	PASS		
c44dual_ckpt100	res_100.h5	VALUE/h0	1.091250e+03	1.271812e+03	0.582732	PASS		
c44dual_ckpt100	res_100.h5	VALUE/k	1.063228e-03	1.304865e-03	0.613634	PASS		
c44dual_ckpt100	res_100.h5	VALUE/l_des	0.000000e+00	0.000000e+00	0	PASS		
c44dual_ckpt100	res_100.h5	VALUE/limiter_P	1.000000e+00	1.000000e+00	0.5	PASS		
c44dual_ckpt100	res_100.h5	VALUE/limiter_Q0_0	1.000000e+00	1.000000e+00	0.5	PASS		
c44dual_ckpt100	res_100.h5	VALUE/limiter_Q1_0	1.000000e+00	1.000000e+00	0.5	PASS		
c44dual_ckpt100	res_100.h5	VALUE/limiter_Q2_0	1.000000e+00	1.000000e+00	0.5	PASS		
c44dual_ckpt100	res_100.h5	VALUE/limiter_T	0.000000e+00	0.000000e+00	0	PASS		
c44dual_ckpt100	res_100.h5	VALUE/limiter_Ux	1.000000e+00	1.000000e+00	0.5	PASS		
c44dual_ckpt100	res_100.h5	VALUE/limiter_Uy	1.000000e+00	1.000000e+00	0.5	PASS		
c44dual_ckpt100	res_100.h5	VALUE/limiter_Uz	0.000000e+00	0.000000e+00	0	PASS		
c44dual_ckpt100	res_100.h5	VALUE/limiter_g_0	1.000000e+00	1.000000e+00	0.5	PASS		
c44dual_ckpt100	res_100.h5	VALUE/limiter_ro	1.000000e+00	1.000000e+00	0.5	PASS		
c44dual_ckpt100	res_100.h5	VALUE/omega	1.913867e+01	2.348828e+01	0.613634	PASS		
c44dual_ckpt100	res_100.h5	VALUE/passiveFloorCorr_Q0_0	6.087153e+08	6.119173e+08	0.50263	PASS		
c44dual_ckpt100	res_100.h5	VALUE/passiveFloorCorr_Q1_0	1.882867e+01	1.897022e+01	0.503759	PASS		
c44dual_ckpt100	res_100.h5	VALUE/passiveFloorCorr_Q2_0	1.802164e-09	1.815351e-09	0.503659	PASS		
c44dual_ckpt100	res_100.h5	VALUE/passiveFloorCorr_g_0	3.448986e-16	3.448986e-16	0.5	PASS		
c44dual_ckpt100	res_100.h5	VALUE/passiveLimCorr_Q0_0	1.052521e+10	1.050437e+10	0.49901	PASS		
c44dual_ckpt100	res_100.h5	VALUE/passiveLimCorr_Q1_0	5.824113e+03	6.148855e+03	0.527879	PASS		
c44dual_ckpt100	res_100.h5	VALUE/passiveLimCorr_Q2_0	1.209575e-04	1.872226e-04	0.773919	PASS		
c44dual_ckpt100	res_100.h5	VALUE/passiveLimCorr_g_0	1.700304e-07	1.893448e-07	0.556797	PASS		
c44dual_ckpt100	res_100.h5	VALUE/rd_des	0.000000e+00	0.000000e+00	0	PASS		
c44dual_ckpt100	res_100.h5	VALUE/res_ro	6.219677e-03	6.221596e-03	0.500154	PASS		
c44dual_ckpt100	res_100.h5	VALUE/res_roK	0.000000e+00	0.000000e+00	0	PASS		
c44dual_ckpt100	res_100.h5	VALUE/res_roOmega	0.000000e+00	0.000000e+00	0	PASS		
c44dual_ckpt100	res_100.h5	VALUE/res_roUx	1.409302e+00	1.409119e+00	0.499935	PASS		
c44dual_ckpt100	res_100.h5	VALUE/res_roUy	3.482719e+00	3.482585e+00	0.499981	PASS		
c44dual_ckpt100	res_100.h5	VALUE/res_roe	4.703478e+03	4.704139e+03	0.50007	PASS		
c44dual_ckpt100	res_100.h5	VALUE/ro	3.668547e-03	3.856182e-03	0.525574	PASS		
c44dual_ckpt100	res_100.h5	VALUE/roK	0.000000e+00	0.000000e+00	0	PASS		
c44dual_ckpt100	res_100.h5	VALUE/roK_wf	0.000000e+00	0.000000e+00	0	PASS		
c44dual_ckpt100	res_100.h5	VALUE/roOmega	0.000000e+00	0.000000e+00	0	PASS		
c44dual_ckpt100	res_100.h5	VALUE/roQ0_0	1.515234e+11	1.793820e+11	0.591928	PASS		
c44dual_ckpt100	res_100.h5	VALUE/roQ1_0	4.164000e+03	4.760000e+03	0.571566	PASS		
c44dual_ckpt100	res_100.h5	VALUE/roQ2_0	4.715919e-04	5.460978e-04	0.578994	PASS		
c44dual_ckpt100	res_100.h5	VALUE/roUx	8.201904e-01	8.150635e-01	0.496875	PASS		
c44dual_ckpt100	res_100.h5	VALUE/roUy	1.646332e+00	1.644867e+00	0.499555	PASS		
c44dual_ckpt100	res_100.h5	VALUE/roUz	0.000000e+00	0.000000e+00	0	PASS		
c44dual_ckpt100	res_100.h5	VALUE/roY0	3.530264e-03	3.710747e-03	0.525562	PASS		
c44dual_ckpt100	res_100.h5	VALUE/roY1	1.382381e-04	1.453608e-04	0.525763	PASS		
c44dual_ckpt100	res_100.h5	VALUE/roe	2.132750e+03	2.130875e+03	0.49956	PASS		
c44dual_ckpt100	res_100.h5	VALUE/rog_0	2.165325e-07	2.630404e-07	0.607392	PASS		
c44dual_ckpt100	res_100.h5	VALUE/sonic	2.261047e-01	2.793579e-01	0.617762	PASS		
c44dual_ckpt100	res_100.h5	VALUE/src_jac_k	0.000000e+00	0.000000e+00	0	PASS		
c44dual_ckpt100	res_100.h5	VALUE/src_jac_omega	0.000000e+00	0.000000e+00	0	PASS		
c44dual_ckpt100	res_100.h5	VALUE/thermCond	0.000000e+00	0.000000e+00	0	PASS		
c44dual_ckpt100	res_100.h5	VALUE/transport_diag_k	0.000000e+00	0.000000e+00	0	PASS		
c44dual_ckpt100	res_100.h5	VALUE/transport_diag_omega	0.000000e+00	0.000000e+00	0	PASS		
c44dual_ckpt100	res_100.h5	VALUE/vis_lam	0.000000e+00	0.000000e+00	0	PASS		
c44dual_ckpt100	res_100.h5	VALUE/vis_turb	0.000000e+00	0.000000e+00	0	PASS		
c44dual_ckpt100	res_100.h5	VALUE/volume	0.000000e+00	0.000000e+00	0	PASS		
c44dual_ckpt100	res_100.h5	VALUE/wall_dist	0.000000e+00	0.000000e+00	0	PASS		
c44dual_ckpt100	res_100.h5	VALUE/wf_irep_flag	0.000000e+00	0.000000e+00	0	PASS		
c44dual_ckpt100	res_100.h5	VALUE/wf_pk	0.000000e+00	0.000000e+00	0	PASS		
c44dual_ckpt100	res_outlet_2_100.h5	MESH/CONNE	0.000000e+00	0.000000e+00	0	PASS	整数・文字列は厳密一致	
c44dual_ckpt100	res_outlet_2_100.h5	MESH/COORD	0.000000e+00	0.000000e+00	0	PASS		
c44dual_ckpt100	res_outlet_2_100.h5	VALUE/Ps	0.000000e+00	0.000000e+00	0	PASS		
c44dual_ckpt100	res_outlet_2_100.h5	VALUE/Pt	0.000000e+00	0.000000e+00	0	PASS		
c44dual_ckpt100	res_outlet_2_100.h5	VALUE/Ts	1.046753e-02	1.309204e-02	0.625364	PASS		
c44dual_ckpt100	res_outlet_2_100.h5	VALUE/Tt	0.000000e+00	0.000000e+00	0	PASS		
c44dual_ckpt100	res_outlet_2_100.h5	VALUE/Ux	1.293945e-02	1.782227e-02	0.688679	PASS		
c44dual_ckpt100	res_outlet_2_100.h5	VALUE/Uy	7.381439e-03	1.058960e-02	0.717313	PASS		
c44dual_ckpt100	res_outlet_2_100.h5	VALUE/Uz	0.000000e+00	0.000000e+00	0	PASS		
c44dual_ckpt100	res_outlet_2_100.h5	VALUE/kb	0.000000e+00	0.000000e+00	0	PASS		
c44dual_ckpt100	res_outlet_2_100.h5	VALUE/omegab	0.000000e+00	0.000000e+00	0	PASS		
c44dual_ckpt100	res_outlet_2_100.h5	VALUE/ro	2.719462e-06	3.792346e-06	0.69726	PASS		
c44dual_ckpt100	res_outlet_2_100.h5	VALUE/roUx	4.463196e-03	6.484985e-03	0.726496	PASS		
c44dual_ckpt100	res_outlet_2_100.h5	VALUE/roUy	5.536079e-04	8.120537e-04	0.733419	PASS		
c44dual_ckpt100	res_outlet_2_100.h5	VALUE/roUz	0.000000e+00	0.000000e+00	0	PASS		
c44dual_ckpt100	res_outlet_2_100.h5	VALUE/roe	2.851562e+00	4.320312e+00	0.757534	PASS		
c44dual_ckpt100	res_wall_3_100.h5	MESH/CONNE	0.000000e+00	0.000000e+00	0	PASS	整数・文字列は厳密一致	
c44dual_ckpt100	res_wall_3_100.h5	MESH/COORD	0.000000e+00	0.000000e+00	0	PASS		
c44dual_ckpt100	res_wall_3_100.h5	VALUE/Ps	9.281875e+02	1.069562e+03	0.576156	PASS		
c44dual_ckpt100	res_wall_3_100.h5	VALUE/Pt	0.000000e+00	0.000000e+00	0	PASS		
c44dual_ckpt100	res_wall_3_100.h5	VALUE/Ts	7.269897e-01	8.688354e-01	0.597557	PASS		
c44dual_ckpt100	res_wall_3_100.h5	VALUE/Tt	0.000000e+00	0.000000e+00	0	PASS		
c44dual_ckpt100	res_wall_3_100.h5	VALUE/Ux	3.937988e-01	4.376831e-01	0.555719	PASS		
c44dual_ckpt100	res_wall_3_100.h5	VALUE/Uy	1.502075e-01	1.651917e-01	0.549878	PASS		
c44dual_ckpt100	res_wall_3_100.h5	VALUE/Uz	0.000000e+00	0.000000e+00	0	PASS		
c44dual_ckpt100	res_wall_3_100.h5	VALUE/kb	0.000000e+00	0.000000e+00	0	PASS		
c44dual_ckpt100	res_wall_3_100.h5	VALUE/omegab	0.000000e+00	0.000000e+00	0	PASS		
c44dual_ckpt100	res_wall_3_100.h5	VALUE/ro	3.668547e-03	3.856182e-03	0.525574	PASS		
c44dual_ckpt100	res_wall_3_100.h5	VALUE/roUx	8.770752e-01	1.017456e+00	0.580028	PASS		
c44dual_ckpt100	res_wall_3_100.h5	VALUE/roUy	3.078308e-01	3.570862e-01	0.580004	PASS		
c44dual_ckpt100	res_wall_3_100.h5	VALUE/roUz	0.000000e+00	0.000000e+00	0	PASS		
c44dual_ckpt100	res_wall_3_100.h5	VALUE/roe	2.133625e+03	2.131750e+03	0.499561	PASS		
c44dual_ckpt100	residual_history.csv	rms_dq_ro	0.000000e+00	0.000000e+00	0	PASS		
c44dual_ckpt100	residual_history.csv	rms_dq_roUx	0.000000e+00	0.000000e+00	0	PASS		
c44dual_ckpt100	residual_history.csv	rms_dq_roUy	0.000000e+00	0.000000e+00	0	PASS		
c44dual_ckpt100	residual_history.csv	rms_dq_roUz	0.000000e+00	0.000000e+00	0	PASS		
c44dual_ckpt100	residual_history.csv	rms_dq_roe	0.000000e+00	0.000000e+00	0	PASS		
c44dual_ckpt100	residual_history.csv	rms_ro	9.581757e-05	9.469427e-05	0.494138	PASS		
c44dual_ckpt100	residual_history.csv	rms_roQ0_0	4.957714e+09	3.727824e+09	0.375962	PASS		
c44dual_ckpt100	residual_history.csv	rms_roQ1_0	6.959564e+01	9.570837e+01	0.687603	PASS		
c44dual_ckpt100	residual_history.csv	rms_roQ2_0	4.682690e-06	4.958361e-06	0.529435	PASS		
c44dual_ckpt100	residual_history.csv	rms_roUx	1.717551e-02	1.769627e-02	0.51516	PASS		
c44dual_ckpt100	residual_history.csv	rms_roUy	3.675006e-02	4.189914e-02	0.570055	PASS		
c44dual_ckpt100	residual_history.csv	rms_roUz	0.000000e+00	0.000000e+00	0	PASS		
c44dual_ckpt100	residual_history.csv	rms_roY0	9.220529e-05	9.112469e-05	0.49414	PASS		
c44dual_ckpt100	residual_history.csv	rms_roY1	3.611662e-06	3.569289e-06	0.494134	PASS		
c44dual_ckpt100	residual_history.csv	rms_roe	7.487362e+01	7.473706e+01	0.499088	PASS		
c44dual_ckpt100	residual_history.csv	rms_rog_0	8.722054e-10	1.059561e-09	0.607404	PASS		
c44dual_restart100	res_100.h5	CHECKPOINT/passive_fctMeff	6.745853e-03	6.775831e-03	0.502222	PASS		
c44dual_restart100	res_100.h5	CHECKPOINT/roKN	0.000000e+00	0.000000e+00	0	PASS		
c44dual_restart100	res_100.h5	CHECKPOINT/roN	3.437281e-03	2.906740e-03	0.422825	PASS		
c44dual_restart100	res_100.h5	CHECKPOINT/roOmegaN	0.000000e+00	0.000000e+00	0	PASS		
c44dual_restart100	res_100.h5	CHECKPOINT/roQ0_0P	1.058642e+11	8.599162e+10	0.406141	PASS		
c44dual_restart100	res_100.h5	CHECKPOINT/roQ0_0_fctG	3.005135e+11	3.608444e+11	0.60038	PASS		
c44dual_restart100	res_100.h5	CHECKPOINT/roQ0_0_fctH	6.281390e+10	6.037701e+10	0.480602	PASS		
c44dual_restart100	res_100.h5	CHECKPOINT/roQ0_0_fctHsrc	6.203795e+10	6.641261e+10	0.535258	PASS		
c44dual_restart100	res_100.h5	CHECKPOINT/roQ1_0P	4.241000e+03	4.403000e+03	0.519099	PASS		
c44dual_restart100	res_100.h5	CHECKPOINT/roQ1_0_fctG	1.801600e+04	1.899600e+04	0.527198	PASS		
c44dual_restart100	res_100.h5	CHECKPOINT/roQ1_0_fctH	2.252500e+03	2.480750e+03	0.550666	PASS		
c44dual_restart100	res_100.h5	CHECKPOINT/roQ1_0_fctHsrc	2.254500e+03	2.474000e+03	0.54868	PASS		
c44dual_restart100	res_100.h5	CHECKPOINT/roQ2_0P	4.658699e-04	4.564524e-04	0.489893	PASS		
c44dual_restart100	res_100.h5	CHECKPOINT/roQ2_0_fctG	1.963615e-03	1.948357e-03	0.496115	PASS		
c44dual_restart100	res_100.h5	CHECKPOINT/roQ2_0_fctH	1.880825e-04	1.991391e-04	0.529393	PASS		
c44dual_restart100	res_100.h5	CHECKPOINT/roQ2_0_fctHsrc	1.901686e-04	1.979172e-04	0.520373	PASS		
c44dual_restart100	res_100.h5	CHECKPOINT/roUxN	3.312561e+00	3.121643e+00	0.471183	PASS		
c44dual_restart100	res_100.h5	CHECKPOINT/roUyN	1.041504e+00	9.046326e-01	0.434291	PASS		
c44dual_restart100	res_100.h5	CHECKPOINT/roUzN	0.000000e+00	0.000000e+00	0	PASS		
c44dual_restart100	res_100.h5	CHECKPOINT/roY0P	3.307700e-03	2.797186e-03	0.422829	PASS		
c44dual_restart100	res_100.h5	CHECKPOINT/roY1P	1.295563e-04	1.095645e-04	0.422845	PASS		
c44dual_restart100	res_100.h5	CHECKPOINT/roeN	2.046625e+03	1.991344e+03	0.486495	PASS		
c44dual_restart100	res_100.h5	CHECKPOINT/rog_0P	2.184534e-07	2.105371e-07	0.481881	PASS		
c44dual_restart100	res_100.h5	CHECKPOINT/rog_0_fctG	9.341165e-07	8.912757e-07	0.477069	PASS		
c44dual_restart100	res_100.h5	CHECKPOINT/rog_0_fctH	1.301814e-07	1.290173e-07	0.495529	PASS		
c44dual_restart100	res_100.h5	CHECKPOINT/rog_0_fctHsrc	1.316512e-07	1.277076e-07	0.485023	PASS		
c44dual_restart100	res_100.h5	MESH/CONNE	0.000000e+00	0.000000e+00	0	PASS	整数・文字列は厳密一致	
c44dual_restart100	res_100.h5	MESH/COORD	0.000000e+00	0.000000e+00	0	PASS		
c44dual_restart100	res_100.h5	VALUE/P	4.937031e+02	4.604688e+02	0.466342	PASS		
c44dual_restart100	res_100.h5	VALUE/Pk_diag	0.000000e+00	0.000000e+00	0	PASS		
c44dual_restart100	res_100.h5	VALUE/Q0_0	1.081795e+12	1.044482e+12	0.482754	PASS		
c44dual_restart100	res_100.h5	VALUE/Q1_0	5.024000e+04	5.081600e+04	0.505732	PASS		
c44dual_restart100	res_100.h5	VALUE/Q2_0	5.556107e-03	5.361557e-03	0.482492	PASS		
c44dual_restart100	res_100.h5	VALUE/T	6.764526e-01	1.011627e+00	0.747744	PASS		
c44dual_restart100	res_100.h5	VALUE/Taw_diag	0.000000e+00	0.000000e+00	0	PASS		
c44dual_restart100	res_100.h5	VALUE/Ux	7.913818e-01	1.078857e+00	0.681629	PASS		
c44dual_restart100	res_100.h5	VALUE/Uy	1.946716e+00	2.143738e+00	0.550604	PASS		
c44dual_restart100	res_100.h5	VALUE/Uz	0.000000e+00	0.000000e+00	0	PASS		
c44dual_restart100	res_100.h5	VALUE/Y0	2.980232e-07	2.980232e-07	0.5	PASS		
c44dual_restart100	res_100.h5	VALUE/Y1	2.570450e-07	2.272427e-07	0.442029	PASS		
c44dual_restart100	res_100.h5	VALUE/axisym_divU	1.359541e+03	1.803116e+03	0.663134	PASS		
c44dual_restart100	res_100.h5	VALUE/cfl	1.024437e-02	9.410858e-03	0.459319	PASS		
c44dual_restart100	res_100.h5	VALUE/condClampCorrQ_0	1.433049e+10	1.433049e+10	0.5	PASS		
c44dual_restart100	res_100.h5	VALUE/condClampCorr_0	5.693060e-11	5.693060e-11	0.5	PASS		
c44dual_restart100	res_100.h5	VALUE/condDrdt_0	1.545113e-03	1.545113e-03	0.5	PASS		
c44dual_restart100	res_100.h5	VALUE/condLim_0	0.000000e+00	0.000000e+00	0	PASS		
c44dual_restart100	res_100.h5	VALUE/condR30_0	1.547883e-05	1.636614e-05	0.528662	PASS		
c44dual_restart100	res_100.h5	VALUE/condS_0	8.460999e-03	7.213593e-03	0.426285	PASS		
c44dual_restart100	res_100.h5	VALUE/condTheta_0	3.266144e-02	3.150177e-02	0.482247	PASS		
c44dual_restart100	res_100.h5	VALUE/condTsat_0	8.920288e-02	9.143066e-02	0.512487	PASS		
c44dual_restart100	res_100.h5	VALUE/dKdx	0.000000e+00	0.000000e+00	0	PASS		
c44dual_restart100	res_100.h5	VALUE/dKdy	0.000000e+00	0.000000e+00	0	PASS		
c44dual_restart100	res_100.h5	VALUE/dKdz	0.000000e+00	0.000000e+00	0	PASS		
c44dual_restart100	res_100.h5	VALUE/dOmegadx	0.000000e+00	0.000000e+00	0	PASS		
c44dual_restart100	res_100.h5	VALUE/dOmegady	0.000000e+00	0.000000e+00	0	PASS		
c44dual_restart100	res_100.h5	VALUE/dOmegadz	0.000000e+00	0.000000e+00	0	PASS		
c44dual_restart100	res_100.h5	VALUE/dPdx	1.702396e+05	1.420826e+05	0.417302	PASS		
c44dual_restart100	res_100.h5	VALUE/dPdy	4.636418e+05	3.996784e+05	0.431021	PASS		
c44dual_restart100	res_100.h5	VALUE/dPdz	0.000000e+00	0.000000e+00	0	PASS		
c44dual_restart100	res_100.h5	VALUE/dQ0_0dx	2.407678e+13	2.503530e+13	0.519905	PASS		
c44dual_restart100	res_100.h5	VALUE/dQ0_0dy	1.255891e+14	1.514534e+14	0.602972	PASS		
c44dual_restart100	res_100.h5	VALUE/dQ0_0dz	0.000000e+00	0.000000e+00	0	PASS		
c44dual_restart100	res_100.h5	VALUE/dQ1_0dx	1.438272e+06	1.658992e+06	0.576731	PASS		
c44dual_restart100	res_100.h5	VALUE/dQ1_0dy	7.030528e+06	6.386568e+06	0.454203	PASS		
c44dual_restart100	res_100.h5	VALUE/dQ1_0dz	0.000000e+00	0.000000e+00	0	PASS		
c44dual_restart100	res_100.h5	VALUE/dQ2_0dx	1.045151e-01	1.061172e-01	0.507665	PASS		
c44dual_restart100	res_100.h5	VALUE/dQ2_0dy	8.602905e-01	8.067570e-01	0.468886	PASS		
c44dual_restart100	res_100.h5	VALUE/dQ2_0dz	0.000000e+00	0.000000e+00	0	PASS		
c44dual_restart100	res_100.h5	VALUE/dTdx	2.523774e+02	2.040918e+02	0.404338	PASS		
c44dual_restart100	res_100.h5	VALUE/dTdy	6.902334e+02	5.625859e+02	0.407533	PASS		
c44dual_restart100	res_100.h5	VALUE/dTdz	0.000000e+00	0.000000e+00	0	PASS		
c44dual_restart100	res_100.h5	VALUE/dUxdx	2.101030e+02	2.503716e+02	0.59583	PASS		
c44dual_restart100	res_100.h5	VALUE/dUxdy	5.983945e+02	6.551309e+02	0.547407	PASS		
c44dual_restart100	res_100.h5	VALUE/dUxdz	0.000000e+00	0.000000e+00	0	PASS		
c44dual_restart100	res_100.h5	VALUE/dUydx	5.212124e+02	5.551132e+02	0.532521	PASS		
c44dual_restart100	res_100.h5	VALUE/dUydy	1.285232e+03	1.546802e+03	0.60176	PASS		
c44dual_restart100	res_100.h5	VALUE/dUydz	0.000000e+00	0.000000e+00	0	PASS		
c44dual_restart100	res_100.h5	VALUE/dUzdx	0.000000e+00	0.000000e+00	0	PASS		
c44dual_restart100	res_100.h5	VALUE/dUzdy	0.000000e+00	0.000000e+00	0	PASS		
c44dual_restart100	res_100.h5	VALUE/dUzdz	0.000000e+00	0.000000e+00	0	PASS		
c44dual_restart100	res_100.h5	VALUE/delta_les	0.000000e+00	0.000000e+00	0	PASS		
c44dual_restart100	res_100.h5	VALUE/dg_0dx	4.579872e-05	5.839765e-05	0.637547	PASS		
c44dual_restart100	res_100.h5	VALUE/dg_0dy	4.177094e-04	4.241192e-04	0.507673	PASS		
c44dual_restart100	res_100.h5	VALUE/dg_0dz	0.000000e+00	0.000000e+00	0	PASS		
c44dual_restart100	res_100.h5	VALUE/drodx	8.356824e-01	7.366433e-01	0.440744	PASS		
c44dual_restart100	res_100.h5	VALUE/drody	2.272687e+00	1.977727e+00	0.435108	PASS		
c44dual_restart100	res_100.h5	VALUE/drodz	0.000000e+00	0.000000e+00	0	PASS		
c44dual_restart100	res_100.h5	VALUE/dt_local	5.988113e-08	5.551556e-08	0.463548	PASS		
c44dual_restart100	res_100.h5	VALUE/ducros	0.000000e+00	0.000000e+00	0	PASS		
c44dual_restart100	res_100.h5	VALUE/fd_shield	0.000000e+00	0.000000e+00	0	PASS		
c44dual_restart100	res_100.h5	VALUE/fe_iddes	0.000000e+00	0.000000e+00	0	PASS		
c44dual_restart100	res_100.h5	VALUE/g_0	2.634712e-06	2.502929e-06	0.474991	PASS		
c44dual_restart100	res_100.h5	VALUE/gamma	8.130074e-05	1.120567e-04	0.68915	PASS		
c44dual_restart100	res_100.h5	VALUE/h0	1.387438e+03	2.231188e+03	0.804068	PASS		
c44dual_restart100	res_100.h5	VALUE/k	3.910601e-03	3.493190e-03	0.446631	PASS		
c44dual_restart100	res_100.h5	VALUE/l_des	0.000000e+00	0.000000e+00	0	PASS		
c44dual_restart100	res_100.h5	VALUE/limiter_P	1.000000e+00	1.000000e+00	0.5	PASS		
c44dual_restart100	res_100.h5	VALUE/limiter_Q0_0	1.000000e+00	1.000000e+00	0.5	PASS		
c44dual_restart100	res_100.h5	VALUE/limiter_Q1_0	1.000000e+00	1.000000e+00	0.5	PASS		
c44dual_restart100	res_100.h5	VALUE/limiter_Q2_0	1.000000e+00	1.000000e+00	0.5	PASS		
c44dual_restart100	res_100.h5	VALUE/limiter_T	0.000000e+00	0.000000e+00	0	PASS		
c44dual_restart100	res_100.h5	VALUE/limiter_Ux	1.000000e+00	1.000000e+00	0.5	PASS		
c44dual_restart100	res_100.h5	VALUE/limiter_Uy	1.000000e+00	1.000000e+00	0.5	PASS		
c44dual_restart100	res_100.h5	VALUE/limiter_Uz	0.000000e+00	0.000000e+00	0	PASS		
c44dual_restart100	res_100.h5	VALUE/limiter_g_0	1.000000e+00	1.000000e+00	0.5	PASS		
c44dual_restart100	res_100.h5	VALUE/limiter_ro	1.000000e+00	1.000000e+00	0.5	PASS		
c44dual_restart100	res_100.h5	VALUE/omega	7.039062e+01	6.287793e+01	0.446636	PASS		
c44dual_restart100	res_100.h5	VALUE/passiveFloorCorr_Q0_0	1.222196e+02	1.151514e+02	0.471084	PASS		
c44dual_restart100	res_100.h5	VALUE/passiveFloorCorr_Q1_0	9.398395e-05	6.501563e-05	0.345887	PASS		
c44dual_restart100	res_100.h5	VALUE/passiveFloorCorr_Q2_0	8.001734e-12	1.145525e-11	0.715798	PASS		
c44dual_restart100	res_100.h5	VALUE/passiveFloorCorr_g_0	1.160467e-32	1.160431e-32	0.499984	PASS		
c44dual_restart100	res_100.h5	VALUE/passiveLimCorr_Q0_0	3.401503e+08	4.553317e+08	0.66931	PASS		
c44dual_restart100	res_100.h5	VALUE/passiveLimCorr_Q1_0	1.595508e+02	2.106651e+02	0.660182	PASS		
c44dual_restart100	res_100.h5	VALUE/passiveLimCorr_Q2_0	7.740348e-05	9.763990e-05	0.63072	PASS		
c44dual_restart100	res_100.h5	VALUE/passiveLimCorr_g_0	1.659049e-07	1.956498e-07	0.589644	PASS		
c44dual_restart100	res_100.h5	VALUE/rd_des	0.000000e+00	0.000000e+00	0	PASS		
c44dual_restart100	res_100.h5	VALUE/res_ro	9.828240e-03	1.027390e-02	0.522673	PASS		
c44dual_restart100	res_100.h5	VALUE/res_roK	0.000000e+00	0.000000e+00	0	PASS		
c44dual_restart100	res_100.h5	VALUE/res_roOmega	0.000000e+00	0.000000e+00	0	PASS		
c44dual_restart100	res_100.h5	VALUE/res_roUx	1.162903e+01	1.184134e+01	0.509128	PASS		
c44dual_restart100	res_100.h5	VALUE/res_roUy	1.672855e+00	1.771047e+00	0.529349	PASS		
c44dual_restart100	res_100.h5	VALUE/res_roe	7.486359e+03	7.636344e+03	0.510017	PASS		
c44dual_restart100	res_100.h5	VALUE/ro	2.481878e-03	2.414942e-03	0.486515	PASS		
c44dual_restart100	res_100.h5	VALUE/roK	0.000000e+00	0.000000e+00	0	PASS		
c44dual_restart100	res_100.h5	VALUE/roK_wf	0.000000e+00	0.000000e+00	0	PASS		
c44dual_restart100	res_100.h5	VALUE/roOmega	0.000000e+00	0.000000e+00	0	PASS		
c44dual_restart100	res_100.h5	VALUE/roQ0_0	9.778600e+10	9.418729e+10	0.481599	PASS		
c44dual_restart100	res_100.h5	VALUE/roQ1_0	4.155000e+03	4.196000e+03	0.504934	PASS		
c44dual_restart100	res_100.h5	VALUE/roQ2_0	4.581213e-04	4.398823e-04	0.480094	PASS		
c44dual_restart100	res_100.h5	VALUE/roUx	2.395447e+00	2.385071e+00	0.497834	PASS		
c44dual_restart100	res_100.h5	VALUE/roUy	8.424072e-01	8.717041e-01	0.517389	PASS		
c44dual_restart100	res_100.h5	VALUE/roUz	0.000000e+00	0.000000e+00	0	PASS		
c44dual_restart100	res_100.h5	VALUE/roY0	2.388299e-03	2.323866e-03	0.486511	PASS		
c44dual_restart100	res_100.h5	VALUE/roY1	9.353831e-05	9.103306e-05	0.486608	PASS		
c44dual_restart100	res_100.h5	VALUE/roe	1.614781e+03	1.528406e+03	0.473255	PASS		
c44dual_restart100	res_100.h5	VALUE/rog_0	2.161833e-07	2.071029e-07	0.478998	PASS		
c44dual_restart100	res_100.h5	VALUE/sonic	2.758789e-01	4.524536e-01	0.820022	PASS		
c44dual_restart100	res_100.h5	VALUE/src_jac_k	0.000000e+00	0.000000e+00	0	PASS		
c44dual_restart100	res_100.h5	VALUE/src_jac_omega	0.000000e+00	0.000000e+00	0	PASS		
c44dual_restart100	res_100.h5	VALUE/thermCond	0.000000e+00	0.000000e+00	0	PASS		
c44dual_restart100	res_100.h5	VALUE/transport_diag_k	0.000000e+00	0.000000e+00	0	PASS		
c44dual_restart100	res_100.h5	VALUE/transport_diag_omega	0.000000e+00	0.000000e+00	0	PASS		
c44dual_restart100	res_100.h5	VALUE/vis_lam	0.000000e+00	0.000000e+00	0	PASS		
c44dual_restart100	res_100.h5	VALUE/vis_turb	0.000000e+00	0.000000e+00	0	PASS		
c44dual_restart100	res_100.h5	VALUE/volume	0.000000e+00	0.000000e+00	0	PASS		
c44dual_restart100	res_100.h5	VALUE/wall_dist	0.000000e+00	0.000000e+00	0	PASS		
c44dual_restart100	res_100.h5	VALUE/wf_irep_flag	0.000000e+00	0.000000e+00	0	PASS		
c44dual_restart100	res_100.h5	VALUE/wf_pk	0.000000e+00	0.000000e+00	0	PASS		
c44dual_restart100	res_outlet_2_100.h5	MESH/CONNE	0.000000e+00	0.000000e+00	0	PASS	整数・文字列は厳密一致	
c44dual_restart100	res_outlet_2_100.h5	MESH/COORD	0.000000e+00	0.000000e+00	0	PASS		
c44dual_restart100	res_outlet_2_100.h5	VALUE/Ps	0.000000e+00	0.000000e+00	0	PASS		
c44dual_restart100	res_outlet_2_100.h5	VALUE/Pt	0.000000e+00	0.000000e+00	0	PASS		
c44dual_restart100	res_outlet_2_100.h5	VALUE/Ts	1.528931e-02	2.185059e-02	0.714571	PASS		
c44dual_restart100	res_outlet_2_100.h5	VALUE/Tt	0.000000e+00	0.000000e+00	0	PASS		
c44dual_restart100	res_outlet_2_100.h5	VALUE/Ux	2.307129e-02	2.941895e-02	0.637566	PASS		
c44dual_restart100	res_outlet_2_100.h5	VALUE/Uy	2.768517e-02	3.808022e-02	0.687737	PASS		
c44dual_restart100	res_outlet_2_100.h5	VALUE/Uz	0.000000e+00	0.000000e+00	0	PASS		
c44dual_restart100	res_outlet_2_100.h5	VALUE/kb	0.000000e+00	0.000000e+00	0	PASS		
c44dual_restart100	res_outlet_2_100.h5	VALUE/omegab	0.000000e+00	0.000000e+00	0	PASS		
c44dual_restart100	res_outlet_2_100.h5	VALUE/ro	6.064773e-06	8.352101e-06	0.688575	PASS		
c44dual_restart100	res_outlet_2_100.h5	VALUE/roUx	7.781982e-03	1.080322e-02	0.694118	PASS		
c44dual_restart100	res_outlet_2_100.h5	VALUE/roUy	1.728296e-03	2.376795e-03	0.687612	PASS		
c44dual_restart100	res_outlet_2_100.h5	VALUE/roUz	0.000000e+00	0.000000e+00	0	PASS		
c44dual_restart100	res_outlet_2_100.h5	VALUE/roe	4.699219e+00	6.558594e+00	0.697839	PASS		
c44dual_restart100	res_wall_3_100.h5	MESH/CONNE	0.000000e+00	0.000000e+00	0	PASS	整数・文字列は厳密一致	
c44dual_restart100	res_wall_3_100.h5	MESH/COORD	0.000000e+00	0.000000e+00	0	PASS		
c44dual_restart100	res_wall_3_100.h5	VALUE/Ps	4.937031e+02	4.604688e+02	0.466342	PASS		
c44dual_restart100	res_wall_3_100.h5	VALUE/Pt	0.000000e+00	0.000000e+00	0	PASS		
c44dual_restart100	res_wall_3_100.h5	VALUE/Ts	6.764526e-01	1.011627e+00	0.747744	PASS		
c44dual_restart100	res_wall_3_100.h5	VALUE/Tt	0.000000e+00	0.000000e+00	0	PASS		
c44dual_restart100	res_wall_3_100.h5	VALUE/Ux	8.674316e-01	1.090820e+00	0.628764	PASS		
c44dual_restart100	res_wall_3_100.h5	VALUE/Uy	3.090820e-01	3.551941e-01	0.574595	PASS		
c44dual_restart100	res_wall_3_100.h5	VALUE/Uz	0.000000e+00	0.000000e+00	0	PASS		
c44dual_restart100	res_wall_3_100.h5	VALUE/kb	0.000000e+00	0.000000e+00	0	PASS		
c44dual_restart100	res_wall_3_100.h5	VALUE/omegab	0.000000e+00	0.000000e+00	0	PASS		
c44dual_restart100	res_wall_3_100.h5	VALUE/ro	2.481878e-03	2.414942e-03	0.486515	PASS		
c44dual_restart100	res_wall_3_100.h5	VALUE/roUx	2.157349e+00	2.026489e+00	0.469671	PASS		
c44dual_restart100	res_wall_3_100.h5	VALUE/roUy	8.205872e-01	7.707977e-01	0.469662	PASS		
c44dual_restart100	res_wall_3_100.h5	VALUE/roUz	0.000000e+00	0.000000e+00	0	PASS		
c44dual_restart100	res_wall_3_100.h5	VALUE/roe	1.614625e+03	1.527969e+03	0.473165	PASS		
c44dual_restart100	residual_history.csv	rms_dq_ro	0.000000e+00	0.000000e+00	0	PASS		
c44dual_restart100	residual_history.csv	rms_dq_roUx	0.000000e+00	0.000000e+00	0	PASS		
c44dual_restart100	residual_history.csv	rms_dq_roUy	0.000000e+00	0.000000e+00	0	PASS		
c44dual_restart100	residual_history.csv	rms_dq_roUz	0.000000e+00	0.000000e+00	0	PASS		
c44dual_restart100	residual_history.csv	rms_dq_roe	0.000000e+00	0.000000e+00	0	PASS		
c44dual_restart100	residual_history.csv	rms_ro	1.847613e-04	1.927615e-04	0.52165	PASS		
c44dual_restart100	residual_history.csv	rms_roQ0_0	3.772289e+09	4.659959e+09	0.617657	PASS		
c44dual_restart100	residual_history.csv	rms_roQ1_0	5.025391e+00	4.034058e+00	0.401368	PASS		
c44dual_restart100	residual_history.csv	rms_roQ2_0	7.327180e-07	8.665793e-07	0.591346	PASS		
c44dual_restart100	residual_history.csv	rms_roUx	2.144759e-01	2.438749e-01	0.568537	PASS		
c44dual_restart100	residual_history.csv	rms_roUy	4.016235e-02	3.773849e-02	0.469824	PASS		
c44dual_restart100	residual_history.csv	rms_roUz	0.000000e+00	0.000000e+00	0	PASS		
c44dual_restart100	residual_history.csv	rms_roY0	1.777954e-04	1.854955e-04	0.521654	PASS		
c44dual_restart100	residual_history.csv	rms_roY1	6.963957e-06	7.266081e-06	0.521692	PASS		
c44dual_restart100	residual_history.csv	rms_roe	1.420566e+02	1.529246e+02	0.538252	PASS		
c44dual_restart100	residual_history.csv	rms_rog_0	1.039325e-09	9.031851e-10	0.434506	PASS		
c44dual_pindiag	res_100.h5	CHECKPOINT/passive_fctMeff	5.554124e-03	5.554121e-03	0.5	PASS		
c44dual_pindiag	res_100.h5	CHECKPOINT/roKN	0.000000e+00	0.000000e+00	0	PASS		
c44dual_pindiag	res_100.h5	CHECKPOINT/roN	3.594637e-03	3.617048e-03	0.503117	PASS		
c44dual_pindiag	res_100.h5	CHECKPOINT/roOmegaN	0.000000e+00	0.000000e+00	0	PASS		
c44dual_pindiag	res_100.h5	CHECKPOINT/roQ0_0P	1.746424e+11	1.404169e+11	0.402013	PASS		
c44dual_pindiag	res_100.h5	CHECKPOINT/roQ0_0_fctG	2.620266e+11	3.550059e+11	0.677423	PASS		
c44dual_pindiag	res_100.h5	CHECKPOINT/roQ0_0_fctH	5.970592e+10	5.631482e+10	0.471602	PASS		
c44dual_pindiag	res_100.h5	CHECKPOINT/roQ0_0_fctHsrc	5.359901e+10	5.904741e+10	0.550826	PASS		
c44dual_pindiag	res_100.h5	CHECKPOINT/roQ1_0P	4.037000e+03	4.824000e+03	0.597473	PASS		
c44dual_pindiag	res_100.h5	CHECKPOINT/roQ1_0_fctG	1.944800e+04	2.309200e+04	0.593686	PASS		
c44dual_pindiag	res_100.h5	CHECKPOINT/roQ1_0_fctH	4.114750e+03	4.253000e+03	0.516799	PASS		
c44dual_pindiag	res_100.h5	CHECKPOINT/roQ1_0_fctHsrc	4.117500e+03	4.258000e+03	0.517061	PASS		
c44dual_pindiag	res_100.h5	CHECKPOINT/roQ2_0P	4.291534e-04	4.928112e-04	0.574167	PASS		
c44dual_pindiag	res_100.h5	CHECKPOINT/roQ2_0_fctG	2.027512e-03	2.278805e-03	0.561971	PASS		
c44dual_pindiag	res_100.h5	CHECKPOINT/roQ2_0_fctH	1.923740e-04	3.081560e-04	0.80093	PASS		
c44dual_pindiag	res_100.h5	CHECKPOINT/roQ2_0_fctHsrc	1.925230e-04	3.052056e-04	0.792647	PASS		
c44dual_pindiag	res_100.h5	CHECKPOINT/roUxN	8.977051e-01	8.697510e-01	0.48443	PASS		
c44dual_pindiag	res_100.h5	CHECKPOINT/roUyN	1.384674e+00	1.385040e+00	0.500132	PASS		
c44dual_pindiag	res_100.h5	CHECKPOINT/roUzN	0.000000e+00	0.000000e+00	0	PASS		
c44dual_pindiag	res_100.h5	CHECKPOINT/roY0P	3.458977e-03	3.480673e-03	0.503136	PASS		
c44dual_pindiag	res_100.h5	CHECKPOINT/roY1P	1.354963e-04	1.362711e-04	0.502859	PASS		
c44dual_pindiag	res_100.h5	CHECKPOINT/roeN	1.234500e+03	1.302000e+03	0.527339	PASS		
c44dual_pindiag	res_100.h5	CHECKPOINT/rog_0P	2.230518e-07	2.375455e-07	0.53249	PASS		
c44dual_pindiag	res_100.h5	CHECKPOINT/rog_0_fctG	1.068460e-06	1.088716e-06	0.509479	PASS		
c44dual_pindiag	res_100.h5	CHECKPOINT/rog_0_fctH	1.177250e-07	2.039014e-07	0.866007	PASS		
c44dual_pindiag	res_100.h5	CHECKPOINT/rog_0_fctHsrc	1.176959e-07	2.015440e-07	0.856207	PASS		
c44dual_pindiag	res_100.h5	MESH/CONNE	0.000000e+00	0.000000e+00	0	PASS	整数・文字列は厳密一致	
c44dual_pindiag	res_100.h5	MESH/COORD	0.000000e+00	0.000000e+00	0	PASS		
c44dual_pindiag	res_100.h5	VALUE/P	1.002188e+03	1.002750e+03	0.500281	PASS		
c44dual_pindiag	res_100.h5	VALUE/Pk_diag	0.000000e+00	0.000000e+00	0	PASS		
c44dual_pindiag	res_100.h5	VALUE/Q0_0	2.076348e+12	1.616250e+12	0.389205	PASS		
c44dual_pindiag	res_100.h5	VALUE/Q1_0	4.895200e+04	5.879200e+04	0.600507	PASS		
c44dual_pindiag	res_100.h5	VALUE/Q2_0	5.293846e-03	6.156921e-03	0.581517	PASS		
c44dual_pindiag	res_100.h5	VALUE/T	9.359131e-01	9.037476e-01	0.482816	PASS		
c44dual_pindiag	res_100.h5	VALUE/Taw_diag	0.000000e+00	0.000000e+00	0	PASS		
c44dual_pindiag	res_100.h5	VALUE/Ux	4.591064e-01	5.297852e-01	0.576974	PASS		
c44dual_pindiag	res_100.h5	VALUE/Uy	2.929840e-01	3.410187e-01	0.581975	PASS		
c44dual_pindiag	res_100.h5	VALUE/Uz	0.000000e+00	0.000000e+00	0	PASS		
c44dual_pindiag	res_100.h5	VALUE/Y0	2.980232e-07	2.980232e-07	0.5	PASS		
c44dual_pindiag	res_100.h5	VALUE/Y1	2.533197e-07	2.719462e-07	0.536765	PASS		
c44dual_pindiag	res_100.h5	VALUE/axisym_divU	4.014958e+02	4.017275e+02	0.500289	PASS		
c44dual_pindiag	res_100.h5	VALUE/cfl	4.516602e-03	4.734993e-03	0.524177	PASS		
c44dual_pindiag	res_100.h5	VALUE/condClampCorrQ_0	1.450381e+23	1.462429e+23	0.504154	PASS		
c44dual_pindiag	res_100.h5	VALUE/condClampCorr_0	6.006862e-13	3.785861e-13	0.315128	PASS		
c44dual_pindiag	res_100.h5	VALUE/condDrdt_0	1.618622e-03	1.619166e-03	0.500168	PASS		
c44dual_pindiag	res_100.h5	VALUE/condLim_0	0.000000e+00	0.000000e+00	0	PASS		
c44dual_pindiag	res_100.h5	VALUE/condR30_0	2.111104e-05	2.111104e-05	0.5	PASS		
c44dual_pindiag	res_100.h5	VALUE/condS_0	8.800507e-03	8.461952e-03	0.480765	PASS		
c44dual_pindiag	res_100.h5	VALUE/condTheta_0	1.194763e-02	1.461792e-02	0.61175	PASS		
c44dual_pindiag	res_100.h5	VALUE/condTsat_0	2.648926e-02	2.648926e-02	0.5	PASS		
c44dual_pindiag	res_100.h5	VALUE/dKdx	0.000000e+00	0.000000e+00	0	PASS		
c44dual_pindiag	res_100.h5	VALUE/dKdy	0.000000e+00	0.000000e+00	0	PASS		
c44dual_pindiag	res_100.h5	VALUE/dKdz	0.000000e+00	0.000000e+00	0	PASS		
c44dual_pindiag	res_100.h5	VALUE/dOmegadx	0.000000e+00	0.000000e+00	0	PASS		
c44dual_pindiag	res_100.h5	VALUE/dOmegady	0.000000e+00	0.000000e+00	0	PASS		
c44dual_pindiag	res_100.h5	VALUE/dOmegadz	0.000000e+00	0.000000e+00	0	PASS		
c44dual_pindiag	res_100.h5	VALUE/dPdx	4.082109e+05	4.081209e+05	0.49989	PASS		
c44dual_pindiag	res_100.h5	VALUE/dPdy	1.022396e+06	1.022553e+06	0.500077	PASS		
c44dual_pindiag	res_100.h5	VALUE/dPdz	0.000000e+00	0.000000e+00	0	PASS		
c44dual_pindiag	res_100.h5	VALUE/dQ0_0dx	4.288988e+13	3.349496e+13	0.390476	PASS		
c44dual_pindiag	res_100.h5	VALUE/dQ0_0dy	2.226237e+14	1.727992e+14	0.388097	PASS		
c44dual_pindiag	res_100.h5	VALUE/dQ0_0dz	0.000000e+00	0.000000e+00	0	PASS		
c44dual_pindiag	res_100.h5	VALUE/dQ1_0dx	7.947840e+05	1.047744e+06	0.659138	PASS		
c44dual_pindiag	res_100.h5	VALUE/dQ1_0dy	7.084544e+06	5.985280e+06	0.422418	PASS		
c44dual_pindiag	res_100.h5	VALUE/dQ1_0dz	0.000000e+00	0.000000e+00	0	PASS		
c44dual_pindiag	res_100.h5	VALUE/dQ2_0dx	9.264374e-02	9.708405e-02	0.523964	PASS		
c44dual_pindiag	res_100.h5	VALUE/dQ2_0dy	7.906494e-01	7.932129e-01	0.501621	PASS		
c44dual_pindiag	res_100.h5	VALUE/dQ2_0dz	0.000000e+00	0.000000e+00	0	PASS		
c44dual_pindiag	res_100.h5	VALUE/dTdx	1.309023e+02	1.368740e+02	0.52281	PASS		
c44dual_pindiag	res_100.h5	VALUE/dTdy	5.065859e+02	4.422812e+02	0.436531	PASS		
c44dual_pindiag	res_100.h5	VALUE/dTdz	0.000000e+00	0.000000e+00	0	PASS		
c44dual_pindiag	res_100.h5	VALUE/dUxdx	1.340493e+02	1.345132e+02	0.50173	PASS		
c44dual_pindiag	res_100.h5	VALUE/dUxdy	3.494580e+02	3.501934e+02	0.501052	PASS		
c44dual_pindiag	res_100.h5	VALUE/dUxdz	0.000000e+00	0.000000e+00	0	PASS		
c44dual_pindiag	res_100.h5	VALUE/dUydx	1.218283e+02	1.218829e+02	0.500224	PASS		
c44dual_pindiag	res_100.h5	VALUE/dUydy	3.118761e+02	3.604608e+02	0.577891	PASS		
c44dual_pindiag	res_100.h5	VALUE/dUydz	0.000000e+00	0.000000e+00	0	PASS		
c44dual_pindiag	res_100.h5	VALUE/dUzdx	0.000000e+00	0.000000e+00	0	PASS		
c44dual_pindiag	res_100.h5	VALUE/dUzdy	0.000000e+00	0.000000e+00	0	PASS		
c44dual_pindiag	res_100.h5	VALUE/dUzdz	0.000000e+00	0.000000e+00	0	PASS		
c44dual_pindiag	res_100.h5	VALUE/delta_les	0.000000e+00	0.000000e+00	0	PASS		
c44dual_pindiag	res_100.h5	VALUE/dg_0dx	4.758686e-05	5.763769e-05	0.605605	PASS		
c44dual_pindiag	res_100.h5	VALUE/dg_0dy	3.470182e-04	4.085302e-04	0.588629	PASS		
c44dual_pindiag	res_100.h5	VALUE/dg_0dz	0.000000e+00	0.000000e+00	0	PASS		
c44dual_pindiag	res_100.h5	VALUE/drodx	1.360695e+00	1.358990e+00	0.499373	PASS		
c44dual_pindiag	res_100.h5	VALUE/drody	3.286331e+00	3.286911e+00	0.500088	PASS		
c44dual_pindiag	res_100.h5	VALUE/drodz	0.000000e+00	0.000000e+00	0	PASS		
c44dual_pindiag	res_100.h5	VALUE/dt_local	8.834832e-09	8.061761e-09	0.456249	PASS		
c44dual_pindiag	res_100.h5	VALUE/ducros	0.000000e+00	0.000000e+00	0	PASS		
c44dual_pindiag	res_100.h5	VALUE/fd_shield	0.000000e+00	0.000000e+00	0	PASS		
c44dual_pindiag	res_100.h5	VALUE/fe_iddes	0.000000e+00	0.000000e+00	0	PASS		
c44dual_pindiag	res_100.h5	VALUE/g_0	2.754852e-06	2.889894e-06	0.52451	PASS		
c44dual_pindiag	res_100.h5	VALUE/gamma	9.369850e-05	1.043081e-04	0.556616	PASS		
c44dual_pindiag	res_100.h5	VALUE/h0	1.312812e+03	1.514812e+03	0.576934	PASS		
c44dual_pindiag	res_100.h5	VALUE/k	1.506805e-03	1.659155e-03	0.550554	PASS		
c44dual_pindiag	res_100.h5	VALUE/l_des	0.000000e+00	0.000000e+00	0	PASS		
c44dual_pindiag	res_100.h5	VALUE/limiter_P	1.000000e+00	1.000000e+00	0.5	PASS		
c44dual_pindiag	res_100.h5	VALUE/limiter_Q0_0	1.000000e+00	1.000000e+00	0.5	PASS		
c44dual_pindiag	res_100.h5	VALUE/limiter_Q1_0	1.000000e+00	1.000000e+00	0.5	PASS		
c44dual_pindiag	res_100.h5	VALUE/limiter_Q2_0	1.000000e+00	1.000000e+00	0.5	PASS		
c44dual_pindiag	res_100.h5	VALUE/limiter_T	0.000000e+00	0.000000e+00	0	PASS		
c44dual_pindiag	res_100.h5	VALUE/limiter_Ux	1.000000e+00	1.000000e+00	0.5	PASS		
c44dual_pindiag	res_100.h5	VALUE/limiter_Uy	1.000000e+00	1.000000e+00	0.5	PASS		
c44dual_pindiag	res_100.h5	VALUE/limiter_Uz	0.000000e+00	0.000000e+00	0	PASS		
c44dual_pindiag	res_100.h5	VALUE/limiter_g_0	1.000000e+00	1.000000e+00	0.5	PASS		
c44dual_pindiag	res_100.h5	VALUE/limiter_ro	1.000000e+00	1.000000e+00	0.5	PASS		
c44dual_pindiag	res_100.h5	VALUE/omega	2.712305e+01	2.986719e+01	0.550587	PASS		
c44dual_pindiag	res_100.h5	VALUE/passiveFloorCorr_Q0_0	5.463450e+08	3.782008e+08	0.346119	PASS		
c44dual_pindiag	res_100.h5	VALUE/passiveFloorCorr_Q1_0	1.853964e+01	1.844749e+01	0.497515	PASS		
c44dual_pindiag	res_100.h5	VALUE/passiveFloorCorr_Q2_0	2.137767e-09	2.632532e-09	0.61572	PASS		
c44dual_pindiag	res_100.h5	VALUE/passiveFloorCorr_g_0	1.115595e-16	1.115595e-16	0.5	PASS		
c44dual_pindiag	res_100.h5	VALUE/passiveLimCorr_Q0_0	7.452786e+09	7.452786e+09	0.5	PASS		
c44dual_pindiag	res_100.h5	VALUE/passiveLimCorr_Q1_0	4.425163e+03	4.699187e+03	0.530962	PASS		
c44dual_pindiag	res_100.h5	VALUE/passiveLimCorr_Q2_0	2.321474e-04	2.602215e-04	0.560466	PASS		
c44dual_pindiag	res_100.h5	VALUE/passiveLimCorr_g_0	2.259738e-07	2.231654e-07	0.493786	PASS		
c44dual_pindiag	res_100.h5	VALUE/rd_des	0.000000e+00	0.000000e+00	0	PASS		
c44dual_pindiag	res_100.h5	VALUE/res_ro	6.367832e-03	6.367415e-03	0.499967	PASS		
c44dual_pindiag	res_100.h5	VALUE/res_roK	0.000000e+00	0.000000e+00	0	PASS		
c44dual_pindiag	res_100.h5	VALUE/res_roOmega	0.000000e+00	0.000000e+00	0	PASS		
c44dual_pindiag	res_100.h5	VALUE/res_roUx	1.358154e+00	1.357605e+00	0.499798	PASS		
c44dual_pindiag	res_100.h5	VALUE/res_roUy	4.120360e+00	4.121266e+00	0.50011	PASS		
c44dual_pindiag	res_100.h5	VALUE/res_roe	4.784359e+03	4.784094e+03	0.499972	PASS		
c44dual_pindiag	res_100.h5	VALUE/ro	3.900528e-03	3.894567e-03	0.499236	PASS		
c44dual_pindiag	res_100.h5	VALUE/roK	0.000000e+00	0.000000e+00	0	PASS		
c44dual_pindiag	res_100.h5	VALUE/roK_wf	0.000000e+00	0.000000e+00	0	PASS		
c44dual_pindiag	res_100.h5	VALUE/roOmega	0.000000e+00	0.000000e+00	0	PASS		
c44dual_pindiag	res_100.h5	VALUE/roQ0_0	1.866214e+11	1.452068e+11	0.389041	PASS		
c44dual_pindiag	res_100.h5	VALUE/roQ1_0	4.126000e+03	4.904000e+03	0.59428	PASS		
c44dual_pindiag	res_100.h5	VALUE/roQ2_0	4.266500e-04	4.889965e-04	0.573065	PASS		
c44dual_pindiag	res_100.h5	VALUE/roUx	8.914795e-01	8.709717e-01	0.488498	PASS		
c44dual_pindiag	res_100.h5	VALUE/roUy	1.475861e+00	1.473969e+00	0.499359	PASS		
c44dual_pindiag	res_100.h5	VALUE/roUz	0.000000e+00	0.000000e+00	0	PASS		
c44dual_pindiag	res_100.h5	VALUE/roY0	3.753424e-03	3.747702e-03	0.499238	PASS		
c44dual_pindiag	res_100.h5	VALUE/roY1	1.470894e-04	1.468509e-04	0.49919	PASS		
c44dual_pindiag	res_100.h5	VALUE/roe	1.739375e+03	2.000875e+03	0.575171	PASS		
c44dual_pindiag	res_100.h5	VALUE/rog_0	2.229935e-07	2.241577e-07	0.50261	PASS		
c44dual_pindiag	res_100.h5	VALUE/sonic	2.901001e-01	3.171997e-01	0.546707	PASS		
c44dual_pindiag	res_100.h5	VALUE/src_jac_k	0.000000e+00	0.000000e+00	0	PASS		
c44dual_pindiag	res_100.h5	VALUE/src_jac_omega	0.000000e+00	0.000000e+00	0	PASS		
c44dual_pindiag	res_100.h5	VALUE/thermCond	0.000000e+00	0.000000e+00	0	PASS		
c44dual_pindiag	res_100.h5	VALUE/transport_diag_k	0.000000e+00	0.000000e+00	0	PASS		
c44dual_pindiag	res_100.h5	VALUE/transport_diag_omega	0.000000e+00	0.000000e+00	0	PASS		
c44dual_pindiag	res_100.h5	VALUE/vis_lam	0.000000e+00	0.000000e+00	0	PASS		
c44dual_pindiag	res_100.h5	VALUE/vis_turb	0.000000e+00	0.000000e+00	0	PASS		
c44dual_pindiag	res_100.h5	VALUE/volume	0.000000e+00	0.000000e+00	0	PASS		
c44dual_pindiag	res_100.h5	VALUE/wall_dist	0.000000e+00	0.000000e+00	0	PASS		
c44dual_pindiag	res_100.h5	VALUE/wf_irep_flag	0.000000e+00	0.000000e+00	0	PASS		
c44dual_pindiag	res_100.h5	VALUE/wf_pk	0.000000e+00	0.000000e+00	0	PASS		
c44dual_pindiag	res_outlet_2_100.h5	MESH/CONNE	0.000000e+00	0.000000e+00	0	PASS	整数・文字列は厳密一致	
c44dual_pindiag	res_outlet_2_100.h5	MESH/COORD	0.000000e+00	0.000000e+00	0	PASS		
c44dual_pindiag	res_outlet_2_100.h5	VALUE/Ps	0.000000e+00	0.000000e+00	0	PASS		
c44dual_pindiag	res_outlet_2_100.h5	VALUE/Pt	0.000000e+00	0.000000e+00	0	PASS		
c44dual_pindiag	res_outlet_2_100.h5	VALUE/Ts	6.042480e-03	9.674072e-03	0.800505	PASS		
c44dual_pindiag	res_outlet_2_100.h5	VALUE/Tt	0.000000e+00	0.000000e+00	0	PASS		
c44dual_pindiag	res_outlet_2_100.h5	VALUE/Ux	8.789062e-03	1.306152e-02	0.743056	PASS		
c44dual_pindiag	res_outlet_2_100.h5	VALUE/Uy	4.081726e-03	6.139755e-03	0.752103	PASS		
c44dual_pindiag	res_outlet_2_100.h5	VALUE/Uz	0.000000e+00	0.000000e+00	0	PASS		
c44dual_pindiag	res_outlet_2_100.h5	VALUE/kb	0.000000e+00	0.000000e+00	0	PASS		
c44dual_pindiag	res_outlet_2_100.h5	VALUE/omegab	0.000000e+00	0.000000e+00	0	PASS		
c44dual_pindiag	res_outlet_2_100.h5	VALUE/ro	1.750886e-06	2.279878e-06	0.651064	PASS		
c44dual_pindiag	res_outlet_2_100.h5	VALUE/roUx	2.784729e-03	4.058838e-03	0.728767	PASS		
c44dual_pindiag	res_outlet_2_100.h5	VALUE/roUy	3.221035e-04	4.806519e-04	0.746114	PASS		
c44dual_pindiag	res_outlet_2_100.h5	VALUE/roUz	0.000000e+00	0.000000e+00	0	PASS		
c44dual_pindiag	res_outlet_2_100.h5	VALUE/roe	2.160156e+00	2.828125e+00	0.654611	PASS		
c44dual_pindiag	res_wall_3_100.h5	MESH/CONNE	0.000000e+00	0.000000e+00	0	PASS	整数・文字列は厳密一致	
c44dual_pindiag	res_wall_3_100.h5	MESH/COORD	0.000000e+00	0.000000e+00	0	PASS		
c44dual_pindiag	res_wall_3_100.h5	VALUE/Ps	1.002188e+03	1.002750e+03	0.500281	PASS		
c44dual_pindiag	res_wall_3_100.h5	VALUE/Pt	0.000000e+00	0.000000e+00	0	PASS		
c44dual_pindiag	res_wall_3_100.h5	VALUE/Ts	9.359131e-01	9.037476e-01	0.482816	PASS		
c44dual_pindiag	res_wall_3_100.h5	VALUE/Tt	0.000000e+00	0.000000e+00	0	PASS		
c44dual_pindiag	res_wall_3_100.h5	VALUE/Ux	4.644775e-01	5.294800e-01	0.569974	PASS		
c44dual_pindiag	res_wall_3_100.h5	VALUE/Uy	1.755371e-01	1.716614e-01	0.48896	PASS		
c44dual_pindiag	res_wall_3_100.h5	VALUE/Uz	0.000000e+00	0.000000e+00	0	PASS		
c44dual_pindiag	res_wall_3_100.h5	VALUE/kb	0.000000e+00	0.000000e+00	0	PASS		
c44dual_pindiag	res_wall_3_100.h5	VALUE/omegab	0.000000e+00	0.000000e+00	0	PASS		
c44dual_pindiag	res_wall_3_100.h5	VALUE/ro	3.900528e-03	3.894567e-03	0.499236	PASS		
c44dual_pindiag	res_wall_3_100.h5	VALUE/roUx	9.282837e-01	9.578857e-01	0.515945	PASS		
c44dual_pindiag	res_wall_3_100.h5	VALUE/roUy	3.927307e-01	3.939209e-01	0.501515	PASS		
c44dual_pindiag	res_wall_3_100.h5	VALUE/roUz	0.000000e+00	0.000000e+00	0	PASS		
c44dual_pindiag	res_wall_3_100.h5	VALUE/roe	1.739875e+03	2.001500e+03	0.575185	PASS		
c44dual_pindiag	residual_history.csv	rms_dq_ro	0.000000e+00	0.000000e+00	0	PASS		
c44dual_pindiag	residual_history.csv	rms_dq_roUx	0.000000e+00	0.000000e+00	0	PASS		
c44dual_pindiag	residual_history.csv	rms_dq_roUy	0.000000e+00	0.000000e+00	0	PASS		
c44dual_pindiag	residual_history.csv	rms_dq_roUz	0.000000e+00	0.000000e+00	0	PASS		
c44dual_pindiag	residual_history.csv	rms_dq_roe	0.000000e+00	0.000000e+00	0	PASS		
c44dual_pindiag	residual_history.csv	rms_ro	1.020254e-04	9.920040e-05	0.486155	PASS		
c44dual_pindiag	residual_history.csv	rms_roQ0_0	4.023564e+09	2.699582e+09	0.335471	PASS		
c44dual_pindiag	residual_history.csv	rms_roQ1_0	4.275879e+01	5.531775e+01	0.646858	PASS		
c44dual_pindiag	residual_history.csv	rms_roQ2_0	3.492460e-06	3.942725e-06	0.564462	PASS		
c44dual_pindiag	residual_history.csv	rms_roUx	1.887375e-02	2.177681e-02	0.576907	PASS		
c44dual_pindiag	residual_history.csv	rms_roUy	4.280622e-02	4.314266e-02	0.50393	PASS		
c44dual_pindiag	residual_history.csv	rms_roUz	0.000000e+00	0.000000e+00	0	PASS		
c44dual_pindiag	residual_history.csv	rms_roY0	9.817904e-05	9.545964e-05	0.486151	PASS		
c44dual_pindiag	residual_history.csv	rms_roY1	3.845601e-06	3.738973e-06	0.486136	PASS		
c44dual_pindiag	residual_history.csv	rms_roe	8.063117e+01	7.729680e+01	0.479323	PASS		
c44dual_pindiag	residual_history.csv	rms_rog_0	4.347385e-10	5.379661e-10	0.618724	PASS		
c52cht	res_200.h5	MESH/CONNE	0.000000e+00	0.000000e+00	0	PASS	整数・文字列は厳密一致	
c52cht	res_200.h5	MESH/COORD	0.000000e+00	0.000000e+00	0	PASS		
c52cht	res_200.h5	VALUE/P	0.000000e+00	0.000000e+00	0	PASS		
c52cht	res_200.h5	VALUE/T	0.000000e+00	0.000000e+00	0	PASS		
c52cht	res_200.h5	VALUE/Ux	4.238245e-10	4.750973e-10	0.560488	PASS		
c52cht	res_200.h5	VALUE/Uy	4.210960e-10	5.774723e-10	0.685678	PASS		
c52cht	res_200.h5	VALUE/Uz	0.000000e+00	0.000000e+00	0	PASS		
c52cht	res_200.h5	VALUE/h0	0.000000e+00	0.000000e+00	0	PASS		
c52cht	res_200.h5	VALUE/k	0.000000e+00	0.000000e+00	0	PASS		
c52cht	res_200.h5	VALUE/omega	0.000000e+00	0.000000e+00	0	PASS		
c52cht	res_200.h5	VALUE/ro	0.000000e+00	0.000000e+00	0	PASS		
c52cht	res_200.h5	VALUE/roK	0.000000e+00	0.000000e+00	0	PASS		
c52cht	res_200.h5	VALUE/roOmega	0.000000e+00	0.000000e+00	0	PASS		
c52cht	res_200.h5	VALUE/roUx	4.984457e-12	5.466738e-12	0.548378	PASS		
c52cht	res_200.h5	VALUE/roUy	5.141665e-12	7.170264e-12	0.697271	PASS		
c52cht	res_200.h5	VALUE/roUz	0.000000e+00	0.000000e+00	0	PASS		
c52cht	res_200.h5	VALUE/roe	0.000000e+00	0.000000e+00	0	PASS		
c52cht	res_200.h5	VALUE/sonic	0.000000e+00	0.000000e+00	0	PASS		
c52cht	res_200.h5	VALUE/vis_lam	0.000000e+00	0.000000e+00	0	PASS		
c52cht	res_200.h5	VALUE/vis_turb	0.000000e+00	0.000000e+00	0	PASS		
c52cht	res_200.h5	VALUE/wall_dist	0.000000e+00	0.000000e+00	0	PASS		
c52cht	res_wall_bot_3_200.h5	MESH/CONNE	0.000000e+00	0.000000e+00	0	PASS	整数・文字列は厳密一致	
c52cht	res_wall_bot_3_200.h5	MESH/COORD	0.000000e+00	0.000000e+00	0	PASS		
c52cht	res_wall_bot_3_200.h5	VALUE/Ps	0.000000e+00	0.000000e+00	0	PASS		
c52cht	res_wall_bot_3_200.h5	VALUE/Pt	0.000000e+00	0.000000e+00	0	PASS		
c52cht	res_wall_bot_3_200.h5	VALUE/Ts	0.000000e+00	0.000000e+00	0	PASS		
c52cht	res_wall_bot_3_200.h5	VALUE/Tt	0.000000e+00	0.000000e+00	0	PASS		
c52cht	res_wall_bot_3_200.h5	VALUE/Ux	0.000000e+00	0.000000e+00	0	PASS		
c52cht	res_wall_bot_3_200.h5	VALUE/Uy	0.000000e+00	0.000000e+00	0	PASS		
c52cht	res_wall_bot_3_200.h5	VALUE/Uz	0.000000e+00	0.000000e+00	0	PASS		
c52cht	res_wall_bot_3_200.h5	VALUE/ifaceFw	0.000000e+00	0.000000e+00	0	PASS		
c52cht	res_wall_bot_3_200.h5	VALUE/ifaceRconv	5.720722e-10	8.244569e-10	0.720588	PASS		
c52cht	res_wall_bot_3_200.h5	VALUE/ifaceRpre	5.720722e-10	8.244569e-10	0.720588	PASS		
c52cht	res_wall_bot_3_200.h5	VALUE/ifaceRraw	0.000000e+00	0.000000e+00	0	PASS		
c52cht	res_wall_bot_3_200.h5	VALUE/ifaceRro	1.794571e-15	2.586473e-15	0.720638	PASS		
c52cht	res_wall_bot_3_200.h5	VALUE/iface_Qf_eff	0.000000e+00	0.000000e+00	0	PASS		
c52cht	res_wall_bot_3_200.h5	VALUE/iface_T1	0.000000e+00	0.000000e+00	0	PASS		
c52cht	res_wall_bot_3_200.h5	VALUE/iface_T_node	0.000000e+00	0.000000e+00	0	PASS		
c52cht	res_wall_bot_3_200.h5	VALUE/iface_Tw_bc	0.000000e+00	0.000000e+00	0	PASS		
c52cht	res_wall_bot_3_200.h5	VALUE/iface_align	0.000000e+00	0.000000e+00	0	PASS		
c52cht	res_wall_bot_3_200.h5	VALUE/iface_d1	0.000000e+00	0.000000e+00	0	PASS		
c52cht	res_wall_bot_3_200.h5	VALUE/iface_keff	0.000000e+00	0.000000e+00	0	PASS		
c52cht	res_wall_bot_3_200.h5	VALUE/iface_ok	0.000000e+00	0.000000e+00	0	PASS		
c52cht	res_wall_bot_3_200.h5	VALUE/iface_q_2nd	0.000000e+00	0.000000e+00	0	PASS		
c52cht	res_wall_bot_3_200.h5	VALUE/iface_q_compact	0.000000e+00	0.000000e+00	0	PASS		
c52cht	res_wall_bot_3_200.h5	VALUE/iface_q_compact_Tnode	0.000000e+00	0.000000e+00	0	PASS		
c52cht	res_wall_bot_3_200.h5	VALUE/iface_q_eff	0.000000e+00	0.000000e+00	0	PASS		
c52cht	res_wall_bot_3_200.h5	VALUE/iface_q_eff_raw	0.000000e+00	0.000000e+00	0	PASS		
c52cht	res_wall_bot_3_200.h5	VALUE/iface_q_recon	0.000000e+00	0.000000e+00	0	PASS		
c52cht	res_wall_bot_3_200.h5	VALUE/kb	0.000000e+00	0.000000e+00	0	PASS		
c52cht	res_wall_bot_3_200.h5	VALUE/omegab	0.000000e+00	0.000000e+00	0	PASS		
c52cht	res_wall_bot_3_200.h5	VALUE/qwall	0.000000e+00	0.000000e+00	0	PASS		
c52cht	res_wall_bot_3_200.h5	VALUE/ro	0.000000e+00	0.000000e+00	0	PASS		
c52cht	res_wall_bot_3_200.h5	VALUE/roUx	0.000000e+00	0.000000e+00	0	PASS		
c52cht	res_wall_bot_3_200.h5	VALUE/roUy	0.000000e+00	0.000000e+00	0	PASS		
c52cht	res_wall_bot_3_200.h5	VALUE/roUz	0.000000e+00	0.000000e+00	0	PASS		
c52cht	res_wall_bot_3_200.h5	VALUE/roe	0.000000e+00	0.000000e+00	0	PASS		
c52cht	res_wall_bot_3_200.h5	VALUE/twall_x	6.622258e-12	9.492851e-12	0.716738	PASS		
c52cht	res_wall_bot_3_200.h5	VALUE/twall_y	8.071765e-12	1.071498e-11	0.663732	PASS		
c52cht	res_wall_bot_3_200.h5	VALUE/twall_z	0.000000e+00	0.000000e+00	0	PASS		
c52cht	res_wall_bot_3_200.h5	VALUE/utau	6.705523e-08	8.055940e-08	0.600694	PASS		
c52cht	res_wall_bot_3_200.h5	VALUE/ypls	0.000000e+00	0.000000e+00	0	PASS		
c52cht	res_wall_top_4_200.h5	MESH/CONNE	0.000000e+00	0.000000e+00	0	PASS	整数・文字列は厳密一致	
c52cht	res_wall_top_4_200.h5	MESH/COORD	0.000000e+00	0.000000e+00	0	PASS		
c52cht	res_wall_top_4_200.h5	VALUE/Ps	0.000000e+00	0.000000e+00	0	PASS		
c52cht	res_wall_top_4_200.h5	VALUE/Pt	0.000000e+00	0.000000e+00	0	PASS		
c52cht	res_wall_top_4_200.h5	VALUE/Ts	0.000000e+00	0.000000e+00	0	PASS		
c52cht	res_wall_top_4_200.h5	VALUE/Tt	0.000000e+00	0.000000e+00	0	PASS		
c52cht	res_wall_top_4_200.h5	VALUE/Ux	0.000000e+00	0.000000e+00	0	PASS		
c52cht	res_wall_top_4_200.h5	VALUE/Uy	0.000000e+00	0.000000e+00	0	PASS		
c52cht	res_wall_top_4_200.h5	VALUE/Uz	0.000000e+00	0.000000e+00	0	PASS		
c52cht	res_wall_top_4_200.h5	VALUE/ifaceFw	0.000000e+00	0.000000e+00	0	PASS		
c52cht	res_wall_top_4_200.h5	VALUE/ifaceRconv	3.938112e-10	4.238245e-10	0.538106	PASS		
c52cht	res_wall_top_4_200.h5	VALUE/ifaceRpre	3.938112e-10	4.238245e-10	0.538106	PASS		
c52cht	res_wall_top_4_200.h5	VALUE/ifaceRraw	0.000000e+00	0.000000e+00	0	PASS		
c52cht	res_wall_top_4_200.h5	VALUE/ifaceRro	1.124101e-15	1.209102e-15	0.537809	PASS		
c52cht	res_wall_top_4_200.h5	VALUE/iface_Qf_eff	0.000000e+00	0.000000e+00	0	PASS		
c52cht	res_wall_top_4_200.h5	VALUE/iface_T1	0.000000e+00	0.000000e+00	0	PASS		
c52cht	res_wall_top_4_200.h5	VALUE/iface_T_node	0.000000e+00	0.000000e+00	0	PASS		
c52cht	res_wall_top_4_200.h5	VALUE/iface_Tw_bc	0.000000e+00	0.000000e+00	0	PASS		
c52cht	res_wall_top_4_200.h5	VALUE/iface_align	0.000000e+00	0.000000e+00	0	PASS		
c52cht	res_wall_top_4_200.h5	VALUE/iface_d1	0.000000e+00	0.000000e+00	0	PASS		
c52cht	res_wall_top_4_200.h5	VALUE/iface_keff	0.000000e+00	0.000000e+00	0	PASS		
c52cht	res_wall_top_4_200.h5	VALUE/iface_ok	0.000000e+00	0.000000e+00	0	PASS		
c52cht	res_wall_top_4_200.h5	VALUE/iface_q_2nd	0.000000e+00	0.000000e+00	0	PASS		
c52cht	res_wall_top_4_200.h5	VALUE/iface_q_compact	0.000000e+00	0.000000e+00	0	PASS		
c52cht	res_wall_top_4_200.h5	VALUE/iface_q_compact_Tnode	0.000000e+00	0.000000e+00	0	PASS		
c52cht	res_wall_top_4_200.h5	VALUE/iface_q_eff	0.000000e+00	0.000000e+00	0	PASS		
c52cht	res_wall_top_4_200.h5	VALUE/iface_q_eff_raw	0.000000e+00	0.000000e+00	0	PASS		
c52cht	res_wall_top_4_200.h5	VALUE/iface_q_recon	0.000000e+00	0.000000e+00	0	PASS		
c52cht	res_wall_top_4_200.h5	VALUE/kb	0.000000e+00	0.000000e+00	0	PASS		
c52cht	res_wall_top_4_200.h5	VALUE/omegab	0.000000e+00	0.000000e+00	0	PASS		
c52cht	res_wall_top_4_200.h5	VALUE/qwall	0.000000e+00	0.000000e+00	0	PASS		
c52cht	res_wall_top_4_200.h5	VALUE/ro	0.000000e+00	0.000000e+00	0	PASS		
c52cht	res_wall_top_4_200.h5	VALUE/roUx	0.000000e+00	0.000000e+00	0	PASS		
c52cht	res_wall_top_4_200.h5	VALUE/roUy	0.000000e+00	0.000000e+00	0	PASS		
c52cht	res_wall_top_4_200.h5	VALUE/roUz	0.000000e+00	0.000000e+00	0	PASS		
c52cht	res_wall_top_4_200.h5	VALUE/roe	0.000000e+00	0.000000e+00	0	PASS		
c52cht	res_wall_top_4_200.h5	VALUE/twall_x	6.792789e-12	8.270717e-12	0.608787	PASS		
c52cht	res_wall_top_4_200.h5	VALUE/twall_y	5.769607e-12	6.394885e-12	0.554187	PASS		
c52cht	res_wall_top_4_200.h5	VALUE/twall_z	0.000000e+00	0.000000e+00	0	PASS		
c52cht	res_wall_top_4_200.h5	VALUE/utau	6.146729e-08	6.658956e-08	0.541667	PASS		
c52cht	res_wall_top_4_200.h5	VALUE/ypls	0.000000e+00	0.000000e+00	0	PASS		
c52cht	conjugate_Tw_3.csv	Ts	0.000000e+00	0.000000e+00	0	PASS		
c52cht	conjugate_Tw_3.csv	x	0.000000e+00	0.000000e+00	0	PASS		
c52cht	conjugate_Tw_3.csv	y	0.000000e+00	0.000000e+00	0	PASS		
c52cht	conjugate_Tw_3.csv	z	0.000000e+00	0.000000e+00	0	PASS		
c52cht	conjugate_history.csv	Tw_max	1.800000e-07	1.800000e-07	0.5	PASS		
c52cht	conjugate_history.csv	Tw_mean	3.000002e-08	2.000002e-08	0.333333	PASS		
c52cht	conjugate_history.csv	Tw_min	1.700000e-07	1.700000e-07	0.5	PASS		
c52cht	conjugate_history.csv	dTw_max	1.751468e-07	1.751468e-07	0.5	PASS		
c52cht	conjugate_history.csv	n	0.000000e+00	0.000000e+00	0	PASS		
c52cht	conjugate_history.csv	q_total	2.290000e-08	1.530000e-08	0.334061	PASS		
c52cht	conjugate_history.csv	res_abs_Wm2	7.629394e-06	7.629394e-06	0.5	PASS		
c52cht	conjugate_history.csv	res_max_W	7.629389e-09	7.629389e-09	0.5	PASS		
c52cht	conjugate_history.csv	res_rel	9.384375e-08	9.384375e-08	0.5	PASS		
c52cht	residual_history.csv	rms_dq_ro	0.000000e+00	0.000000e+00	0	PASS		
c52cht	residual_history.csv	rms_dq_roUx	0.000000e+00	0.000000e+00	0	PASS		
c52cht	residual_history.csv	rms_dq_roUy	0.000000e+00	0.000000e+00	0	PASS		
c52cht	residual_history.csv	rms_dq_roUz	0.000000e+00	0.000000e+00	0	PASS		
c52cht	residual_history.csv	rms_dq_roe	0.000000e+00	0.000000e+00	0	PASS		
c52cht	residual_history.csv	rms_ro	1.665335e-16	1.387779e-16	0.416667	PASS		
c52cht	residual_history.csv	rms_roUx	1.776357e-15	1.776357e-15	0.5	PASS		
c52cht	residual_history.csv	rms_roUy	3.552714e-15	3.552714e-15	0.5	PASS		
c52cht	residual_history.csv	rms_roUz	0.000000e+00	0.000000e+00	0	PASS		
c52cht	residual_history.csv	rms_roe	3.037712e-10	2.746674e-10	0.452096	PASS		
c36cell	res_200.h5	MESH/CONNE	0.000000e+00	0.000000e+00	0	PASS	整数・文字列は厳密一致	
c36cell	res_200.h5	MESH/COORD	0.000000e+00	0.000000e+00	0	PASS		
c36cell	res_200.h5	VALUE/P	1.243625e+03	1.234750e+03	0.496432	PASS		
c36cell	res_200.h5	VALUE/T	1.506958e-01	1.708984e-01	0.567031	PASS		
c36cell	res_200.h5	VALUE/Ux	2.799988e-01	3.034821e-01	0.541935	PASS		
c36cell	res_200.h5	VALUE/Uy	4.837829e-01	4.310875e-01	0.445538	PASS		
c36cell	res_200.h5	VALUE/Uz	0.000000e+00	0.000000e+00	0	PASS		
c36cell	res_200.h5	VALUE/h0	1.657500e+02	1.877500e+02	0.566365	PASS		
c36cell	res_200.h5	VALUE/k	1.985645e+01	2.061963e+01	0.519218	PASS		
c36cell	res_200.h5	VALUE/omega	8.186800e+04	9.498000e+04	0.58008	PASS		
c36cell	res_200.h5	VALUE/ro	1.199341e-02	1.121902e-02	0.467716	PASS		
c36cell	res_200.h5	VALUE/roK	1.618555e+02	1.602266e+02	0.494968	PASS		
c36cell	res_200.h5	VALUE/roOmega	8.310880e+05	8.051360e+05	0.484387	PASS		
c36cell	res_200.h5	VALUE/roUx	2.261902e+00	2.720825e+00	0.601446	PASS		
c36cell	res_200.h5	VALUE/roUy	2.954618e+00	3.243801e+00	0.548937	PASS		
c36cell	res_200.h5	VALUE/roUz	0.000000e+00	0.000000e+00	0	PASS		
c36cell	res_200.h5	VALUE/roe	3.431000e+03	3.237500e+03	0.471801	PASS		
c36cell	res_200.h5	VALUE/sonic	9.060669e-02	1.032104e-01	0.569552	PASS		
c36cell	res_200.h5	VALUE/vis_lam	7.408744e-09	8.440111e-09	0.569605	PASS		
c36cell	res_200.h5	VALUE/vis_turb	1.847744e-05	2.205372e-05	0.596774	PASS		
c36cell	res_200.h5	VALUE/wall_dist	0.000000e+00	0.000000e+00	0	PASS		
c36cell	residual_history.csv	rms_dq_ro	0.000000e+00	0.000000e+00	0	PASS		
c36cell	residual_history.csv	rms_dq_roUx	0.000000e+00	0.000000e+00	0	PASS		
c36cell	residual_history.csv	rms_dq_roUy	0.000000e+00	0.000000e+00	0	PASS		
c36cell	residual_history.csv	rms_dq_roUz	0.000000e+00	0.000000e+00	0	PASS		
c36cell	residual_history.csv	rms_dq_roe	0.000000e+00	0.000000e+00	0	PASS		
c36cell	residual_history.csv	rms_ro	1.147428e-04	1.108666e-04	0.483109	PASS		
c36cell	residual_history.csv	rms_roK	5.381775e-02	4.312325e-02	0.400641	PASS		
c36cell	residual_history.csv	rms_roOmega	1.233949e+03	1.135797e+03	0.460228	PASS		
c36cell	residual_history.csv	rms_roUx	3.384739e-03	2.837181e-03	0.419114	PASS		
c36cell	residual_history.csv	rms_roUy	1.473674e-02	1.271361e-02	0.431358	PASS		
c36cell	residual_history.csv	rms_roUz	0.000000e+00	0.000000e+00	0	PASS		
c36cell	residual_history.csv	rms_roe	3.287372e+01	3.190999e+01	0.485342	PASS		
c20cell_rk3	res_200.h5	MESH/CONNE	0.000000e+00	0.000000e+00	0	PASS	整数・文字列は厳密一致	
c20cell_rk3	res_200.h5	MESH/COORD	0.000000e+00	0.000000e+00	0	PASS		
c20cell_rk3	res_200.h5	VALUE/P	1.181250e+01	1.175781e+01	0.497685	PASS		
c20cell_rk3	res_200.h5	VALUE/T	5.444336e-02	5.502319e-02	0.505325	PASS		
c20cell_rk3	res_200.h5	VALUE/Ux	2.951050e-02	2.949524e-02	0.499741	PASS		
c20cell_rk3	res_200.h5	VALUE/Uy	2.100277e-02	2.099836e-02	0.499895	PASS		
c20cell_rk3	res_200.h5	VALUE/Uz	2.512089e-06	2.512132e-06	0.500009	PASS		
c20cell_rk3	res_200.h5	VALUE/h0	5.665625e+01	5.728125e+01	0.505516	PASS		
c20cell_rk3	res_200.h5	VALUE/k	0.000000e+00	0.000000e+00	0	PASS		
c20cell_rk3	res_200.h5	VALUE/omega	0.000000e+00	0.000000e+00	0	PASS		
c20cell_rk3	res_200.h5	VALUE/ro	2.273321e-04	2.300739e-04	0.50603	PASS		
c20cell_rk3	res_200.h5	VALUE/roK	0.000000e+00	0.000000e+00	0	PASS		
c20cell_rk3	res_200.h5	VALUE/roOmega	0.000000e+00	0.000000e+00	0	PASS		
c20cell_rk3	res_200.h5	VALUE/roUx	4.151917e-02	4.175568e-02	0.502848	PASS		
c20cell_rk3	res_200.h5	VALUE/roUy	2.745998e-02	2.746773e-02	0.500141	PASS		
c20cell_rk3	res_200.h5	VALUE/roUz	2.986842e-06	2.986899e-06	0.50001	PASS		
c20cell_rk3	res_200.h5	VALUE/roe	3.150000e+01	3.148438e+01	0.499752	PASS		
c20cell_rk3	res_200.h5	VALUE/sonic	3.204346e-02	3.240967e-02	0.505714	PASS		
c20cell_rk3	res_200.h5	VALUE/vis_lam	0.000000e+00	0.000000e+00	0	PASS		
c20cell_rk3	res_200.h5	VALUE/vis_turb	0.000000e+00	0.000000e+00	0	PASS		
c20cell_rk3	res_200.h5	VALUE/wall_dist	0.000000e+00	0.000000e+00	0	PASS		
c20cell_rk3	res_wall_5_200.h5	MESH/CONNE	0.000000e+00	0.000000e+00	0	PASS	整数・文字列は厳密一致	
c20cell_rk3	res_wall_5_200.h5	MESH/COORD	0.000000e+00	0.000000e+00	0	PASS		
c20cell_rk3	res_wall_5_200.h5	VALUE/Ps	1.181250e+01	1.175781e+01	0.497685	PASS		
c20cell_rk3	res_wall_5_200.h5	VALUE/Pt	0.000000e+00	0.000000e+00	0	PASS		
c20cell_rk3	res_wall_5_200.h5	VALUE/Ts	5.444336e-02	5.508423e-02	0.505886	PASS		
c20cell_rk3	res_wall_5_200.h5	VALUE/Tt	0.000000e+00	0.000000e+00	0	PASS		
c20cell_rk3	res_wall_5_200.h5	VALUE/Ux	0.000000e+00	0.000000e+00	0	PASS		
c20cell_rk3	res_wall_5_200.h5	VALUE/Uy	0.000000e+00	0.000000e+00	0	PASS		
c20cell_rk3	res_wall_5_200.h5	VALUE/Uz	0.000000e+00	0.000000e+00	0	PASS		
c20cell_rk3	res_wall_5_200.h5	VALUE/kb	0.000000e+00	0.000000e+00	0	PASS		
c20cell_rk3	res_wall_5_200.h5	VALUE/omegab	0.000000e+00	0.000000e+00	0	PASS		
c20cell_rk3	res_wall_5_200.h5	VALUE/qwall	0.000000e+00	0.000000e+00	0	PASS		
c20cell_rk3	res_wall_5_200.h5	VALUE/ro	2.384186e-04	2.411604e-04	0.50575	PASS		
c20cell_rk3	res_wall_5_200.h5	VALUE/roUx	0.000000e+00	0.000000e+00	0	PASS		
c20cell_rk3	res_wall_5_200.h5	VALUE/roUy	0.000000e+00	0.000000e+00	0	PASS		
c20cell_rk3	res_wall_5_200.h5	VALUE/roUz	0.000000e+00	0.000000e+00	0	PASS		
c20cell_rk3	res_wall_5_200.h5	VALUE/roe	2.951562e+01	2.939062e+01	0.497882	PASS		
c20cell_rk3	res_wall_5_200.h5	VALUE/twall_x	1.603603e-03	1.602173e-03	0.499554	PASS		
c20cell_rk3	res_wall_5_200.h5	VALUE/twall_y	1.719974e-03	1.719579e-03	0.499885	PASS		
c20cell_rk3	res_wall_5_200.h5	VALUE/twall_z	1.057381e-08	9.440961e-09	0.446431	PASS		
c20cell_rk3	res_wall_5_200.h5	VALUE/utau	4.534721e-04	4.560947e-04	0.502892	PASS		
c20cell_rk3	res_wall_5_200.h5	VALUE/ypls	1.322937e-02	1.321411e-02	0.499423	PASS		
c20cell_rk3	residual_history.csv	rms_dq_ro	0.000000e+00	0.000000e+00	0	PASS		
c20cell_rk3	residual_history.csv	rms_dq_roUx	0.000000e+00	0.000000e+00	0	PASS		
c20cell_rk3	residual_history.csv	rms_dq_roUy	0.000000e+00	0.000000e+00	0	PASS		
c20cell_rk3	residual_history.csv	rms_dq_roUz	0.000000e+00	0.000000e+00	0	PASS		
c20cell_rk3	residual_history.csv	rms_dq_roe	0.000000e+00	0.000000e+00	0	PASS		
c20cell_rk3	residual_history.csv	rms_ro	1.135049e-09	1.367880e-09	0.602564	PASS		
c20cell_rk3	residual_history.csv	rms_roUx	4.097819e-07	4.619360e-07	0.563636	PASS		
c20cell_rk3	residual_history.csv	rms_roUy	3.948808e-07	3.948808e-07	0.5	PASS		
c20cell_rk3	residual_history.csv	rms_roUz	3.276935e-07	3.276935e-07	0.5	PASS		
c20cell_rk3	residual_history.csv	rms_roe	3.662109e-04	4.043579e-04	0.552083	PASS		
c20cell_dual	res_100.h5	CHECKPOINT/roKN	0.000000e+00	0.000000e+00	0	PASS		
c20cell_dual	res_100.h5	CHECKPOINT/roN	7.271767e-06	7.390976e-06	0.508197	PASS		
c20cell_dual	res_100.h5	CHECKPOINT/roOmegaN	0.000000e+00	0.000000e+00	0	PASS		
c20cell_dual	res_100.h5	CHECKPOINT/roUxN	2.204895e-03	2.311707e-03	0.524221	PASS		
c20cell_dual	res_100.h5	CHECKPOINT/roUyN	1.840591e-03	1.850128e-03	0.502591	PASS		
c20cell_dual	res_100.h5	CHECKPOINT/roUzN	4.315977e-07	4.315011e-07	0.499888	PASS		
c20cell_dual	res_100.h5	CHECKPOINT/roeN	1.343750e+00	1.312500e+00	0.488372	PASS		
c20cell_dual	res_100.h5	MESH/CONNE	0.000000e+00	0.000000e+00	0	PASS	整数・文字列は厳密一致	
c20cell_dual	res_100.h5	MESH/COORD	0.000000e+00	0.000000e+00	0	PASS		
c20cell_dual	res_100.h5	VALUE/P	6.015625e-01	6.015625e-01	0.5	PASS		
c20cell_dual	res_100.h5	VALUE/T	1.800537e-03	1.861572e-03	0.516949	PASS		
c20cell_dual	res_100.h5	VALUE/Ux	1.869202e-03	1.876831e-03	0.502041	PASS		
c20cell_dual	res_100.h5	VALUE/Uy	1.173019e-03	1.186371e-03	0.505691	PASS		
c20cell_dual	res_100.h5	VALUE/Uz	3.653855e-07	3.653012e-07	0.499885	PASS		
c20cell_dual	res_100.h5	VALUE/h0	1.843750e+00	1.875000e+00	0.508475	PASS		
c20cell_dual	res_100.h5	VALUE/k	0.000000e+00	0.000000e+00	0	PASS		
c20cell_dual	res_100.h5	VALUE/omega	0.000000e+00	0.000000e+00	0	PASS		
c20cell_dual	res_100.h5	VALUE/ro	7.390976e-06	7.510185e-06	0.508065	PASS		
c20cell_dual	res_100.h5	VALUE/roK	0.000000e+00	0.000000e+00	0	PASS		
c20cell_dual	res_100.h5	VALUE/roOmega	0.000000e+00	0.000000e+00	0	PASS		
c20cell_dual	res_100.h5	VALUE/roUx	2.212524e-03	2.349854e-03	0.531034	PASS		
c20cell_dual	res_100.h5	VALUE/roUy	1.455307e-03	1.476288e-03	0.507208	PASS		
c20cell_dual	res_100.h5	VALUE/roUz	4.315411e-07	4.314421e-07	0.499885	PASS		
c20cell_dual	res_100.h5	VALUE/roe	1.468750e+00	1.468750e+00	0.5	PASS		
c20cell_dual	res_100.h5	VALUE/sonic	1.068115e-03	1.068115e-03	0.5	PASS		
c20cell_dual	res_100.h5	VALUE/vis_lam	0.000000e+00	0.000000e+00	0	PASS		
c20cell_dual	res_100.h5	VALUE/vis_turb	5.151414e-07	5.462225e-07	0.530168	PASS		
c20cell_dual	res_100.h5	VALUE/wall_dist	0.000000e+00	0.000000e+00	0	PASS		
c20cell_dual	res_wall_5_100.h5	MESH/CONNE	0.000000e+00	0.000000e+00	0	PASS	整数・文字列は厳密一致	
c20cell_dual	res_wall_5_100.h5	MESH/COORD	0.000000e+00	0.000000e+00	0	PASS		
c20cell_dual	res_wall_5_100.h5	VALUE/Ps	6.015625e-01	6.015625e-01	0.5	PASS		
c20cell_dual	res_wall_5_100.h5	VALUE/Pt	0.000000e+00	0.000000e+00	0	PASS		
c20cell_dual	res_wall_5_100.h5	VALUE/Ts	1.525879e-03	1.647949e-03	0.54	PASS		
c20cell_dual	res_wall_5_100.h5	VALUE/Tt	0.000000e+00	0.000000e+00	0	PASS		
c20cell_dual	res_wall_5_100.h5	VALUE/Ux	0.000000e+00	0.000000e+00	0	PASS		
c20cell_dual	res_wall_5_100.h5	VALUE/Uy	0.000000e+00	0.000000e+00	0	PASS		
c20cell_dual	res_wall_5_100.h5	VALUE/Uz	0.000000e+00	0.000000e+00	0	PASS		
c20cell_dual	res_wall_5_100.h5	VALUE/kb	0.000000e+00	0.000000e+00	0	PASS		
c20cell_dual	res_wall_5_100.h5	VALUE/omegab	0.000000e+00	0.000000e+00	0	PASS		
c20cell_dual	res_wall_5_100.h5	VALUE/qwall	0.000000e+00	0.000000e+00	0	PASS		
c20cell_dual	res_wall_5_100.h5	VALUE/ro	6.675720e-06	7.033348e-06	0.526786	PASS		
c20cell_dual	res_wall_5_100.h5	VALUE/roUx	0.000000e+00	0.000000e+00	0	PASS		
c20cell_dual	res_wall_5_100.h5	VALUE/roUy	0.000000e+00	0.000000e+00	0	PASS		
c20cell_dual	res_wall_5_100.h5	VALUE/roUz	0.000000e+00	0.000000e+00	0	PASS		
c20cell_dual	res_wall_5_100.h5	VALUE/roe	1.500000e+00	1.500000e+00	0.5	PASS		
c20cell_dual	res_wall_5_100.h5	VALUE/twall_x	1.225471e-04	1.244545e-04	0.507782	PASS		
c20cell_dual	res_wall_5_100.h5	VALUE/twall_y	8.404255e-05	8.475780e-05	0.504255	PASS		
c20cell_dual	res_wall_5_100.h5	VALUE/twall_z	9.694629e-09	1.024354e-08	0.52831	PASS		
c20cell_dual	res_wall_5_100.h5	VALUE/utau	2.264977e-05	2.241135e-05	0.494737	PASS		
c20cell_dual	res_wall_5_100.h5	VALUE/ypls	8.163452e-04	8.697510e-04	0.53271	PASS		
c20cell_dual	residual_history.csv	rms_dq_ro	0.000000e+00	0.000000e+00	0	PASS		
c20cell_dual	residual_history.csv	rms_dq_roUx	0.000000e+00	0.000000e+00	0	PASS		
c20cell_dual	residual_history.csv	rms_dq_roUy	0.000000e+00	0.000000e+00	0	PASS		
c20cell_dual	residual_history.csv	rms_dq_roUz	0.000000e+00	0.000000e+00	0	PASS		
c20cell_dual	residual_history.csv	rms_dq_roe	0.000000e+00	0.000000e+00	0	PASS		
c20cell_dual	residual_history.csv	rms_ro	2.760316e-09	3.897640e-09	0.706013	PASS		
c20cell_dual	residual_history.csv	rms_roUx	7.981689e-07	9.023811e-07	0.565282	PASS		
c20cell_dual	residual_history.csv	rms_roUy	6.973139e-07	7.277819e-07	0.521847	PASS		
c20cell_dual	residual_history.csv	rms_roUz	7.924553e-11	7.918987e-11	0.499649	PASS		
c20cell_dual	residual_history.csv	rms_roe	9.835418e-04	9.901924e-04	0.503381	PASS		
c20cell_impdiag	res_200.h5	MESH/CONNE	0.000000e+00	0.000000e+00	0	PASS	整数・文字列は厳密一致	
c20cell_impdiag	res_200.h5	MESH/COORD	0.000000e+00	0.000000e+00	0	PASS		
c20cell_impdiag	res_200.h5	VALUE/P	7.265625e-01	7.265625e-01	0.5	PASS		
c20cell_impdiag	res_200.h5	VALUE/T	1.495361e-03	1.586914e-03	0.530612	PASS		
c20cell_impdiag	res_200.h5	VALUE/Ux	2.265930e-03	2.281189e-03	0.503367	PASS		
c20cell_impdiag	res_200.h5	VALUE/Uy	1.537323e-03	1.579285e-03	0.513648	PASS		
c20cell_impdiag	res_200.h5	VALUE/Uz	3.251915e-07	3.251915e-07	0.5	PASS		
c20cell_impdiag	res_200.h5	VALUE/h0	1.687500e+00	1.750000e+00	0.518519	PASS		
c20cell_impdiag	res_200.h5	VALUE/k	0.000000e+00	0.000000e+00	0	PASS		
c20cell_impdiag	res_200.h5	VALUE/omega	0.000000e+00	0.000000e+00	0	PASS		
c20cell_impdiag	res_200.h5	VALUE/ro	9.179115e-06	9.059906e-06	0.493506	PASS		
c20cell_impdiag	res_200.h5	VALUE/roK	0.000000e+00	0.000000e+00	0	PASS		
c20cell_impdiag	res_200.h5	VALUE/roOmega	0.000000e+00	0.000000e+00	0	PASS		
c20cell_impdiag	res_200.h5	VALUE/roUx	2.258301e-03	2.235413e-03	0.494932	PASS		
c20cell_impdiag	res_200.h5	VALUE/roUy	1.756668e-03	1.817703e-03	0.517372	PASS		
c20cell_impdiag	res_200.h5	VALUE/roUz	3.989033e-07	3.989024e-07	0.499999	PASS		
c20cell_impdiag	res_200.h5	VALUE/roe	1.843750e+00	1.828125e+00	0.495763	PASS		
c20cell_impdiag	res_200.h5	VALUE/sonic	8.850098e-04	9.460449e-04	0.534483	PASS		
c20cell_impdiag	res_200.h5	VALUE/vis_lam	0.000000e+00	0.000000e+00	0	PASS		
c20cell_impdiag	res_200.h5	VALUE/vis_turb	0.000000e+00	0.000000e+00	0	PASS		
c20cell_impdiag	res_200.h5	VALUE/wall_dist	0.000000e+00	0.000000e+00	0	PASS		
c20cell_impdiag	res_wall_5_200.h5	MESH/CONNE	0.000000e+00	0.000000e+00	0	PASS	整数・文字列は厳密一致	
c20cell_impdiag	res_wall_5_200.h5	MESH/COORD	0.000000e+00	0.000000e+00	0	PASS		
c20cell_impdiag	res_wall_5_200.h5	VALUE/Ps	7.265625e-01	7.265625e-01	0.5	PASS		
c20cell_impdiag	res_wall_5_200.h5	VALUE/Pt	0.000000e+00	0.000000e+00	0	PASS		
c20cell_impdiag	res_wall_5_200.h5	VALUE/Ts	1.495361e-03	1.556396e-03	0.520408	PASS		
c20cell_impdiag	res_wall_5_200.h5	VALUE/Tt	0.000000e+00	0.000000e+00	0	PASS		
c20cell_impdiag	res_wall_5_200.h5	VALUE/Ux	0.000000e+00	0.000000e+00	0	PASS		
c20cell_impdiag	res_wall_5_200.h5	VALUE/Uy	0.000000e+00	0.000000e+00	0	PASS		
c20cell_impdiag	res_wall_5_200.h5	VALUE/Uz	0.000000e+00	0.000000e+00	0	PASS		
c20cell_impdiag	res_wall_5_200.h5	VALUE/kb	0.000000e+00	0.000000e+00	0	PASS		
c20cell_impdiag	res_wall_5_200.h5	VALUE/omegab	0.000000e+00	0.000000e+00	0	PASS		
c20cell_impdiag	res_wall_5_200.h5	VALUE/qwall	0.000000e+00	0.000000e+00	0	PASS		
c20cell_impdiag	res_wall_5_200.h5	VALUE/ro	7.510185e-06	7.510185e-06	0.5	PASS		
c20cell_impdiag	res_wall_5_200.h5	VALUE/roUx	0.000000e+00	0.000000e+00	0	PASS		
c20cell_impdiag	res_wall_5_200.h5	VALUE/roUy	0.000000e+00	0.000000e+00	0	PASS		
c20cell_impdiag	res_wall_5_200.h5	VALUE/roUz	0.000000e+00	0.000000e+00	0	PASS		
c20cell_impdiag	res_wall_5_200.h5	VALUE/roe	1.812500e+00	1.812500e+00	0.5	PASS		
c20cell_impdiag	res_wall_5_200.h5	VALUE/twall_x	1.268387e-04	1.277924e-04	0.503759	PASS		
c20cell_impdiag	res_wall_5_200.h5	VALUE/twall_y	9.405613e-05	9.441376e-05	0.501901	PASS		
c20cell_impdiag	res_wall_5_200.h5	VALUE/twall_z	1.135639e-08	1.068061e-08	0.470247	PASS		
c20cell_impdiag	res_wall_5_200.h5	VALUE/utau	1.931190e-05	1.978874e-05	0.512346	PASS		
c20cell_impdiag	res_wall_5_200.h5	VALUE/ypls	7.247925e-04	7.247925e-04	0.5	PASS		
c20cell_impdiag	diag.csv	max_pseudo_ratio	8.251487e-08	8.070669e-08	0.489043	PASS		
c20cell_impdiag	diag.csv	mean_dt_local	9.523038e-13	9.551287e-13	0.501483	PASS		
c20cell_impdiag	diag.csv	mean_face_diag	1.434759e-10	1.663949e-10	0.579871	PASS		
c20cell_impdiag	diag.csv	mean_face_to_pseudo	9.736077e-08	9.664658e-08	0.496332	PASS		
c20cell_impdiag	diag.csv	mean_pseudo_diag	9.097115e-08	9.097568e-08	0.500025	PASS		
c20cell_impdiag	diag.csv	mean_pseudo_ratio	2.454880e-09	2.406796e-09	0.490207	PASS		
c20cell_impdiag	diag.csv	min_pseudo_ratio	1.282086e-08	1.282086e-08	0.5	PASS		
c20cell_impdiag	residual_history.csv	rms_dq_ro	0.000000e+00	0.000000e+00	0	PASS		
c20cell_impdiag	residual_history.csv	rms_dq_roUx	0.000000e+00	0.000000e+00	0	PASS		
c20cell_impdiag	residual_history.csv	rms_dq_roUy	0.000000e+00	0.000000e+00	0	PASS		
c20cell_impdiag	residual_history.csv	rms_dq_roUz	0.000000e+00	0.000000e+00	0	PASS		
c20cell_impdiag	residual_history.csv	rms_dq_roe	0.000000e+00	0.000000e+00	0	PASS		
c20cell_impdiag	residual_history.csv	rms_ro	9.458745e-11	8.731149e-11	0.461538	PASS		
c20cell_impdiag	residual_history.csv	rms_roUx	2.607703e-08	3.166497e-08	0.607143	PASS		
c20cell_impdiag	residual_history.csv	rms_roUy	2.607703e-08	2.607703e-08	0.5	PASS		
c20cell_impdiag	residual_history.csv	rms_roUz	3.171478e-10	3.171479e-10	0.5	PASS		
c20cell_impdiag	residual_history.csv	rms_roe	2.479553e-05	2.479553e-05	0.5	PASS		
c57lm	res_200.h5	MESH/CONNE	0.000000e+00	0.000000e+00	0	PASS	整数・文字列は厳密一致	
c57lm	res_200.h5	MESH/COORD	0.000000e+00	0.000000e+00	0	PASS		
c57lm	res_200.h5	VALUE/P	0.000000e+00	0.000000e+00	0	PASS		
c57lm	res_200.h5	VALUE/Pk_diag	7.055664e-01	7.231445e-01	0.512457	PASS		
c57lm	res_200.h5	VALUE/T	0.000000e+00	0.000000e+00	0	PASS		
c57lm	res_200.h5	VALUE/Taw_diag	0.000000e+00	0.000000e+00	0	PASS		
c57lm	res_200.h5	VALUE/Ux	0.000000e+00	0.000000e+00	0	PASS		
c57lm	res_200.h5	VALUE/Uy	2.211332e-05	2.202392e-05	0.497978	PASS		
c57lm	res_200.h5	VALUE/Uz	0.000000e+00	0.000000e+00	0	PASS		
c57lm	res_200.h5	VALUE/axisym_divU	0.000000e+00	0.000000e+00	0	PASS		
c57lm	res_200.h5	VALUE/cfl	3.352761e-08	3.539026e-08	0.527778	PASS		
c57lm	res_200.h5	VALUE/dKdx	0.000000e+00	0.000000e+00	0	PASS		
c57lm	res_200.h5	VALUE/dKdy	0.000000e+00	0.000000e+00	0	PASS		
c57lm	res_200.h5	VALUE/dKdz	0.000000e+00	0.000000e+00	0	PASS		
c57lm	res_200.h5	VALUE/dOmegadx	3.222656e-02	3.222656e-02	0.5	PASS		
c57lm	res_200.h5	VALUE/dOmegady	2.500000e-01	2.500000e-01	0.5	PASS		
c57lm	res_200.h5	VALUE/dOmegadz	0.000000e+00	0.000000e+00	0	PASS		
c57lm	res_200.h5	VALUE/dPdx	0.000000e+00	0.000000e+00	0	PASS		
c57lm	res_200.h5	VALUE/dPdy	0.000000e+00	0.000000e+00	0	PASS		
c57lm	res_200.h5	VALUE/dPdz	0.000000e+00	0.000000e+00	0	PASS		
c57lm	res_200.h5	VALUE/dTdx	0.000000e+00	0.000000e+00	0	PASS		
c57lm	res_200.h5	VALUE/dTdy	0.000000e+00	0.000000e+00	0	PASS		
c57lm	res_200.h5	VALUE/dTdz	0.000000e+00	0.000000e+00	0	PASS		
c57lm	res_200.h5	VALUE/dUxdx	0.000000e+00	0.000000e+00	0	PASS		
c57lm	res_200.h5	VALUE/dUxdy	0.000000e+00	0.000000e+00	0	PASS		
c57lm	res_200.h5	VALUE/dUxdz	0.000000e+00	0.000000e+00	0	PASS		
c57lm	res_200.h5	VALUE/dUydx	1.063919e-02	1.097870e-02	0.515956	PASS		
c57lm	res_200.h5	VALUE/dUydy	1.723633e-01	1.716309e-01	0.497875	PASS		
c57lm	res_200.h5	VALUE/dUydz	0.000000e+00	0.000000e+00	0	PASS		
c57lm	res_200.h5	VALUE/dUzdx	0.000000e+00	0.000000e+00	0	PASS		
c57lm	res_200.h5	VALUE/dUzdy	0.000000e+00	0.000000e+00	0	PASS		
c57lm	res_200.h5	VALUE/dUzdz	0.000000e+00	0.000000e+00	0	PASS		
c57lm	res_200.h5	VALUE/delta_les	0.000000e+00	0.000000e+00	0	PASS		
c57lm	res_200.h5	VALUE/drodx	0.000000e+00	0.000000e+00	0	PASS		
c57lm	res_200.h5	VALUE/drody	0.000000e+00	0.000000e+00	0	PASS		
c57lm	res_200.h5	VALUE/drodz	0.000000e+00	0.000000e+00	0	PASS		
c57lm	res_200.h5	VALUE/dt_local	2.842171e-14	2.842171e-14	0.5	PASS		
c57lm	res_200.h5	VALUE/ducros	0.000000e+00	0.000000e+00	0	PASS		
c57lm	res_200.h5	VALUE/fd_shield	0.000000e+00	0.000000e+00	0	PASS		
c57lm	res_200.h5	VALUE/fe_iddes	0.000000e+00	0.000000e+00	0	PASS		
c57lm	res_200.h5	VALUE/gamma	0.000000e+00	0.000000e+00	0	PASS		
c57lm	res_200.h5	VALUE/gammaEff	2.980232e-08	2.980232e-08	0.5	PASS		
c57lm	res_200.h5	VALUE/gammaTr	2.980232e-08	2.980232e-08	0.5	PASS		
c57lm	res_200.h5	VALUE/h0	0.000000e+00	0.000000e+00	0	PASS		
c57lm	res_200.h5	VALUE/k	0.000000e+00	0.000000e+00	0	PASS		
c57lm	res_200.h5	VALUE/l_des	0.000000e+00	0.000000e+00	0	PASS		
c57lm	res_200.h5	VALUE/limiter_P	0.000000e+00	0.000000e+00	0	PASS		
c57lm	res_200.h5	VALUE/limiter_T	0.000000e+00	0.000000e+00	0	PASS		
c57lm	res_200.h5	VALUE/limiter_Ux	0.000000e+00	0.000000e+00	0	PASS		
c57lm	res_200.h5	VALUE/limiter_Uy	1.440430e-02	1.474458e-02	0.511812	PASS		
c57lm	res_200.h5	VALUE/limiter_Uz	0.000000e+00	0.000000e+00	0	PASS		
c57lm	res_200.h5	VALUE/limiter_ro	0.000000e+00	0.000000e+00	0	PASS		
c57lm	res_200.h5	VALUE/lmCorrIter	1.000000e+00	1.000000e+00	0.5	PASS		
c57lm	res_200.h5	VALUE/lmEgamma	7.812500e-03	7.812500e-03	0.5	PASS		
c57lm	res_200.h5	VALUE/lmFlength	0.000000e+00	0.000000e+00	0	PASS		
c57lm	res_200.h5	VALUE/lmFonset	3.995299e-04	4.258752e-04	0.53297	PASS		
c57lm	res_200.h5	VALUE/lmFtheta	8.791685e-06	1.019239e-05	0.579661	PASS		
c57lm	res_200.h5	VALUE/lmGammaSep	1.847744e-06	1.668930e-06	0.451613	PASS		
c57lm	res_200.h5	VALUE/lmPgamma	8.125000e-01	1.214844e+00	0.747596	PASS		
c57lm	res_200.h5	VALUE/lmPtheta	2.163086e-01	2.231445e-01	0.515801	PASS		
c57lm	res_200.h5	VALUE/lmRethCorr	1.434326e-03	1.312256e-03	0.457447	PASS		
c57lm	res_200.h5	VALUE/omega	4.882812e-04	4.882812e-04	0.5	PASS		
c57lm	res_200.h5	VALUE/rd_des	0.000000e+00	0.000000e+00	0	PASS		
c57lm	res_200.h5	VALUE/reTheta	0.000000e+00	0.000000e+00	0	PASS		
c57lm	res_200.h5	VALUE/res_ro	2.421657e-07	2.411907e-07	0.497987	PASS		
c57lm	res_200.h5	VALUE/res_roK	6.843358e-06	6.822869e-06	0.498503	PASS		
c57lm	res_200.h5	VALUE/res_roOmega	4.000000e+00	4.000000e+00	0.5	PASS		
c57lm	res_200.h5	VALUE/res_roUx	2.441407e-04	2.441407e-04	0.5	PASS		
c57lm	res_200.h5	VALUE/res_roUy	2.444780e-04	2.444270e-04	0.499896	PASS		
c57lm	res_200.h5	VALUE/res_roe	7.350156e-02	7.314678e-02	0.497587	PASS		
c57lm	res_200.h5	VALUE/ro	0.000000e+00	0.000000e+00	0	PASS		
c57lm	res_200.h5	VALUE/roGamma	2.980232e-08	2.980232e-08	0.5	PASS		
c57lm	res_200.h5	VALUE/roK	0.000000e+00	0.000000e+00	0	PASS		
c57lm	res_200.h5	VALUE/roK_wf	0.000000e+00	0.000000e+00	0	PASS		
c57lm	res_200.h5	VALUE/roOmega	4.882812e-04	4.882812e-04	0.5	PASS		
c57lm	res_200.h5	VALUE/roReth	0.000000e+00	0.000000e+00	0	PASS		
c57lm	res_200.h5	VALUE/roUx	0.000000e+00	0.000000e+00	0	PASS		
c57lm	res_200.h5	VALUE/roUy	2.616644e-05	2.604723e-05	0.497722	PASS		
c57lm	res_200.h5	VALUE/roUz	0.000000e+00	0.000000e+00	0	PASS		
c57lm	res_200.h5	VALUE/roe	0.000000e+00	0.000000e+00	0	PASS		
c57lm	res_200.h5	VALUE/sonic	0.000000e+00	0.000000e+00	0	PASS		
c57lm	res_200.h5	VALUE/src_jac_gamma	1.175000e+01	1.137500e+01	0.484043	PASS		
c57lm	res_200.h5	VALUE/src_jac_k	4.577637e-05	4.577637e-05	0.5	PASS		
c57lm	res_200.h5	VALUE/src_jac_omega	9.155273e-05	9.155273e-05	0.5	PASS		
c57lm	res_200.h5	VALUE/src_jac_reth	1.220703e-02	1.416016e-02	0.58	PASS		
c57lm	res_200.h5	VALUE/thermCond	0.000000e+00	0.000000e+00	0	PASS		
c57lm	res_200.h5	VALUE/transport_diag_k	1.437962e-06	1.668930e-06	0.580311	PASS		
c57lm	res_200.h5	VALUE/transport_diag_omega	8.344650e-07	9.685755e-07	0.580357	PASS		
c57lm	res_200.h5	VALUE/vis_lam	0.000000e+00	0.000000e+00	0	PASS		
c57lm	res_200.h5	VALUE/vis_turb	5.576294e-08	6.239861e-08	0.559499	PASS		
c57lm	res_200.h5	VALUE/volume	0.000000e+00	0.000000e+00	0	PASS		
c57lm	res_200.h5	VALUE/wall_dist	0.000000e+00	0.000000e+00	0	PASS		
c57lm	res_200.h5	VALUE/wf_irep_flag	0.000000e+00	0.000000e+00	0	PASS		
c57lm	res_200.h5	VALUE/wf_pk	0.000000e+00	0.000000e+00	0	PASS		
c57lm	res_wall_4_200.h5	MESH/CONNE	0.000000e+00	0.000000e+00	0	PASS	整数・文字列は厳密一致	
c57lm	res_wall_4_200.h5	MESH/COORD	0.000000e+00	0.000000e+00	0	PASS		
c57lm	res_wall_4_200.h5	VALUE/Ps	0.000000e+00	0.000000e+00	0	PASS		
c57lm	res_wall_4_200.h5	VALUE/Pt	0.000000e+00	0.000000e+00	0	PASS		
c57lm	res_wall_4_200.h5	VALUE/Ts	0.000000e+00	0.000000e+00	0	PASS		
c57lm	res_wall_4_200.h5	VALUE/Tt	0.000000e+00	0.000000e+00	0	PASS		
c57lm	res_wall_4_200.h5	VALUE/Ux	0.000000e+00	0.000000e+00	0	PASS		
c57lm	res_wall_4_200.h5	VALUE/Uy	0.000000e+00	0.000000e+00	0	PASS		
c57lm	res_wall_4_200.h5	VALUE/Uz	0.000000e+00	0.000000e+00	0	PASS		
c57lm	res_wall_4_200.h5	VALUE/kb	0.000000e+00	0.000000e+00	0	PASS		
c57lm	res_wall_4_200.h5	VALUE/omegab	0.000000e+00	0.000000e+00	0	PASS		
c57lm	res_wall_4_200.h5	VALUE/qwall	0.000000e+00	0.000000e+00	0	PASS		
c57lm	res_wall_4_200.h5	VALUE/ro	0.000000e+00	0.000000e+00	0	PASS		
c57lm	res_wall_4_200.h5	VALUE/roUx	0.000000e+00	0.000000e+00	0	PASS		
c57lm	res_wall_4_200.h5	VALUE/roUy	0.000000e+00	0.000000e+00	0	PASS		
c57lm	res_wall_4_200.h5	VALUE/roUz	0.000000e+00	0.000000e+00	0	PASS		
c57lm	res_wall_4_200.h5	VALUE/roe	0.000000e+00	0.000000e+00	0	PASS		
c57lm	res_wall_4_200.h5	VALUE/twall_x	0.000000e+00	0.000000e+00	0	PASS		
c57lm	res_wall_4_200.h5	VALUE/twall_y	7.867813e-06	6.914139e-06	0.439394	PASS		
c57lm	res_wall_4_200.h5	VALUE/twall_z	0.000000e+00	0.000000e+00	0	PASS		
c57lm	res_wall_4_200.h5	VALUE/utau	0.000000e+00	0.000000e+00	0	PASS		
c57lm	res_wall_4_200.h5	VALUE/ypls	0.000000e+00	0.000000e+00	0	PASS		
c57lm	residual_history.csv	rms_dq_ro	0.000000e+00	0.000000e+00	0	PASS		
c57lm	residual_history.csv	rms_dq_roUx	0.000000e+00	0.000000e+00	0	PASS		
c57lm	residual_history.csv	rms_dq_roUy	0.000000e+00	0.000000e+00	0	PASS		
c57lm	residual_history.csv	rms_dq_roUz	0.000000e+00	0.000000e+00	0	PASS		
c57lm	residual_history.csv	rms_dq_roe	0.000000e+00	0.000000e+00	0	PASS		
c57lm	residual_history.csv	rms_ro	3.551150e-10	3.322356e-10	0.467786	PASS		
c57lm	residual_history.csv	rms_roGamma	4.880206e-09	4.875602e-09	0.499528	PASS		
c57lm	residual_history.csv	rms_roK	3.560217e-09	3.208470e-09	0.4506	PASS		
c57lm	residual_history.csv	rms_roOmega	7.341623e-03	8.983493e-03	0.611819	PASS		
c57lm	residual_history.csv	rms_roReth	3.093155e-07	3.218447e-07	0.520253	PASS		
c57lm	residual_history.csv	rms_roUx	4.671529e-07	5.724723e-07	0.612725	PASS		
c57lm	residual_history.csv	rms_roUy	3.977220e-07	3.992755e-07	0.501953	PASS		
c57lm	residual_history.csv	rms_roUz	0.000000e+00	0.000000e+00	0	PASS		
c57lm	residual_history.csv	rms_roe	1.150221e-04	1.286417e-04	0.559205	PASS		
c57lm_fromsst	res_200.h5	MESH/CONNE	0.000000e+00	0.000000e+00	0	PASS	整数・文字列は厳密一致	
c57lm_fromsst	res_200.h5	MESH/COORD	0.000000e+00	0.000000e+00	0	PASS		
c57lm_fromsst	res_200.h5	VALUE/P	5.468750e-02	5.468750e-02	0.5	PASS		
c57lm_fromsst	res_200.h5	VALUE/T	9.155273e-04	1.007080e-03	0.55	PASS		
c57lm_fromsst	res_200.h5	VALUE/Ux	3.585815e-04	3.128052e-04	0.43617	PASS		
c57lm_fromsst	res_200.h5	VALUE/Uy	2.695809e-04	2.518354e-04	0.467087	PASS		
c57lm_fromsst	res_200.h5	VALUE/Uz	0.000000e+00	0.000000e+00	0	PASS		
c57lm_fromsst	res_200.h5	VALUE/gammaEff	5.781651e-05	6.681681e-05	0.577835	PASS		
c57lm_fromsst	res_200.h5	VALUE/gammaTr	5.781651e-05	6.681681e-05	0.577835	PASS		
c57lm_fromsst	res_200.h5	VALUE/h0	9.375000e-01	1.031250e+00	0.55	PASS		
c57lm_fromsst	res_200.h5	VALUE/k	8.201599e-05	8.201599e-05	0.5	PASS		
c57lm_fromsst	res_200.h5	VALUE/omega	6.880000e+02	7.680000e+02	0.55814	PASS		
c57lm_fromsst	res_200.h5	VALUE/reTheta	8.239746e-04	8.239746e-04	0.5	PASS		
c57lm_fromsst	res_200.h5	VALUE/ro	3.576279e-06	3.933907e-06	0.55	PASS		
c57lm_fromsst	res_200.h5	VALUE/roGamma	6.067753e-05	6.943941e-05	0.5722	PASS		
c57lm_fromsst	res_200.h5	VALUE/roK	1.201630e-04	1.087189e-04	0.452381	PASS		
c57lm_fromsst	res_200.h5	VALUE/roOmega	5.200000e+01	5.200000e+01	0.5	PASS		
c57lm_fromsst	res_200.h5	VALUE/roReth	1.098633e-03	9.765625e-04	0.444444	PASS		
c57lm_fromsst	res_200.h5	VALUE/roUx	3.967285e-04	3.662109e-04	0.461538	PASS		
c57lm_fromsst	res_200.h5	VALUE/roUy	2.992756e-04	2.703537e-04	0.45168	PASS		
c57lm_fromsst	res_200.h5	VALUE/roUz	0.000000e+00	0.000000e+00	0	PASS		
c57lm_fromsst	res_200.h5	VALUE/roe	1.093750e-01	1.406250e-01	0.642857	PASS		
c57lm_fromsst	res_200.h5	VALUE/sonic	5.187988e-04	5.798340e-04	0.558824	PASS		
c57lm_fromsst	res_200.h5	VALUE/vis_lam	0.000000e+00	0.000000e+00	0	PASS		
c57lm_fromsst	res_200.h5	VALUE/vis_turb	8.065253e-06	7.841736e-06	0.486143	PASS		
c57lm_fromsst	res_200.h5	VALUE/wall_dist	0.000000e+00	0.000000e+00	0	PASS		
c57lm_fromsst	res_wall_4_200.h5	MESH/CONNE	0.000000e+00	0.000000e+00	0	PASS	整数・文字列は厳密一致	
c57lm_fromsst	res_wall_4_200.h5	MESH/COORD	0.000000e+00	0.000000e+00	0	PASS		
c57lm_fromsst	res_wall_4_200.h5	VALUE/Ps	3.125000e-02	3.125000e-02	0.5	PASS		
c57lm_fromsst	res_wall_4_200.h5	VALUE/Pt	0.000000e+00	0.000000e+00	0	PASS		
c57lm_fromsst	res_wall_4_200.h5	VALUE/Ts	8.850098e-04	1.007080e-03	0.568966	PASS		
c57lm_fromsst	res_wall_4_200.h5	VALUE/Tt	0.000000e+00	0.000000e+00	0	PASS		
c57lm_fromsst	res_wall_4_200.h5	VALUE/Ux	0.000000e+00	0.000000e+00	0	PASS		
c57lm_fromsst	res_wall_4_200.h5	VALUE/Uy	0.000000e+00	0.000000e+00	0	PASS		
c57lm_fromsst	res_wall_4_200.h5	VALUE/Uz	0.000000e+00	0.000000e+00	0	PASS		
c57lm_fromsst	res_wall_4_200.h5	VALUE/kb	0.000000e+00	0.000000e+00	0	PASS		
c57lm_fromsst	res_wall_4_200.h5	VALUE/omegab	6.880000e+02	7.680000e+02	0.55814	PASS		
c57lm_fromsst	res_wall_4_200.h5	VALUE/qwall	0.000000e+00	0.000000e+00	0	PASS		
c57lm_fromsst	res_wall_4_200.h5	VALUE/ro	3.337860e-06	3.814697e-06	0.571429	PASS		
c57lm_fromsst	res_wall_4_200.h5	VALUE/roUx	0.000000e+00	0.000000e+00	0	PASS		
c57lm_fromsst	res_wall_4_200.h5	VALUE/roUy	0.000000e+00	0.000000e+00	0	PASS		
c57lm_fromsst	res_wall_4_200.h5	VALUE/roUz	0.000000e+00	0.000000e+00	0	PASS		
c57lm_fromsst	res_wall_4_200.h5	VALUE/roe	7.812500e-02	7.812500e-02	0.5	PASS		
c57lm_fromsst	res_wall_4_200.h5	VALUE/twall_x	2.899170e-04	2.288818e-04	0.394737	PASS		
c57lm_fromsst	res_wall_4_200.h5	VALUE/twall_y	3.137624e-04	3.416624e-04	0.54446	PASS		
c57lm_fromsst	res_wall_4_200.h5	VALUE/twall_z	0.000000e+00	0.000000e+00	0	PASS		
c57lm_fromsst	res_wall_4_200.h5	VALUE/utau	1.502037e-05	1.430511e-05	0.47619	PASS		
c57lm_fromsst	res_wall_4_200.h5	VALUE/ypls	0.000000e+00	0.000000e+00	0	PASS		
c57lm_fromsst	residual_history.csv	rms_dq_ro	0.000000e+00	0.000000e+00	0	PASS		
c57lm_fromsst	residual_history.csv	rms_dq_roUx	0.000000e+00	0.000000e+00	0	PASS		
c57lm_fromsst	residual_history.csv	rms_dq_roUy	0.000000e+00	0.000000e+00	0	PASS		
c57lm_fromsst	residual_history.csv	rms_dq_roUz	0.000000e+00	0.000000e+00	0	PASS		
c57lm_fromsst	residual_history.csv	rms_dq_roe	0.000000e+00	0.000000e+00	0	PASS		
c57lm_fromsst	residual_history.csv	rms_ro	1.684418e-08	1.834853e-08	0.544655	PASS		
c57lm_fromsst	residual_history.csv	rms_roGamma	5.353068e-07	3.547175e-07	0.331322	PASS		
c57lm_fromsst	residual_history.csv	rms_roK	1.140870e-08	1.420267e-08	0.622449	PASS		
c57lm_fromsst	residual_history.csv	rms_roOmega	1.605221e-01	1.989625e-01	0.619736	PASS		
c57lm_fromsst	residual_history.csv	rms_roReth	4.470348e-07	5.662441e-07	0.633333	PASS		
c57lm_fromsst	residual_history.csv	rms_roUx	3.403722e-06	3.775429e-06	0.554603	PASS		
c57lm_fromsst	residual_history.csv	rms_roUy	1.516448e-06	1.671138e-06	0.551004	PASS		
c57lm_fromsst	residual_history.csv	rms_roUz	0.000000e+00	0.000000e+00	0	PASS		
c57lm_fromsst	residual_history.csv	rms_roe	5.452570e-03	6.058052e-03	0.555523	PASS		
c56lineimp	res_200.h5	MESH/CONNE	0.000000e+00	0.000000e+00	0	PASS	整数・文字列は厳密一致	
c56lineimp	res_200.h5	MESH/COORD	0.000000e+00	0.000000e+00	0	PASS		
c56lineimp	res_200.h5	VALUE/P	1.439526e+01	2.194983e+01	0.762398	PASS		
c56lineimp	res_200.h5	VALUE/T	4.595703e+00	4.624023e+00	0.503081	PASS		
c56lineimp	res_200.h5	VALUE/Ux	1.239429e+01	1.242017e+01	0.501044	PASS		
c56lineimp	res_200.h5	VALUE/Uy	1.300336e+00	1.433074e+00	0.55104	PASS		
c56lineimp	res_200.h5	VALUE/Uz	0.000000e+00	0.000000e+00	0	PASS		
c56lineimp	res_200.h5	VALUE/h0	2.413975e+04	2.417500e+04	0.50073	PASS		
c56lineimp	res_200.h5	VALUE/k	8.520691e+00	8.564728e+00	0.502584	PASS		
c56lineimp	res_200.h5	VALUE/omega	9.525248e+06	1.079501e+07	0.566652	PASS		
c56lineimp	res_200.h5	VALUE/ro	2.837330e-04	2.728440e-04	0.480811	PASS		
c56lineimp	res_200.h5	VALUE/roK	1.835394e-01	1.861749e-01	0.50718	PASS		
c56lineimp	res_200.h5	VALUE/roOmega	3.196000e+03	5.434000e+03	0.850125	PASS		
c56lineimp	res_200.h5	VALUE/roUx	9.397583e-01	9.417496e-01	0.501059	PASS		
c56lineimp	res_200.h5	VALUE/roUy	3.896722e-02	4.393423e-02	0.563733	PASS		
c56lineimp	res_200.h5	VALUE/roUz	0.000000e+00	0.000000e+00	0	PASS		
c56lineimp	res_200.h5	VALUE/roe	1.452633e+03	1.462469e+03	0.503386	PASS		
c56lineimp	res_200.h5	VALUE/sonic	3.280701e+00	3.300659e+00	0.503042	PASS		
c56lineimp	res_200.h5	VALUE/thermCond	4.042331e-04	4.067104e-04	0.503064	PASS		
c56lineimp	res_200.h5	VALUE/vis_lam	2.608776e-07	2.624765e-07	0.503064	PASS		
c56lineimp	res_200.h5	VALUE/vis_turb	2.755653e-05	3.017150e-05	0.547448	PASS		
c56lineimp	res_200.h5	VALUE/wall_dist	0.000000e+00	0.000000e+00	0	PASS		
c56lineimp	res_gap_6_200.h5	MESH/CONNE	0.000000e+00	0.000000e+00	0	PASS	整数・文字列は厳密一致	
c56lineimp	res_gap_6_200.h5	MESH/COORD	0.000000e+00	0.000000e+00	0	PASS		
c56lineimp	res_gap_6_200.h5	VALUE/Ps	2.929688e-03	4.150391e-03	0.708333	PASS		
c56lineimp	res_gap_6_200.h5	VALUE/Pt	0.000000e+00	0.000000e+00	0	PASS		
c56lineimp	res_gap_6_200.h5	VALUE/Ts	0.000000e+00	0.000000e+00	0	PASS		
c56lineimp	res_gap_6_200.h5	VALUE/Tt	0.000000e+00	0.000000e+00	0	PASS		
c56lineimp	res_gap_6_200.h5	VALUE/Ux	0.000000e+00	0.000000e+00	0	PASS		
c56lineimp	res_gap_6_200.h5	VALUE/Uy	0.000000e+00	0.000000e+00	0	PASS		
c56lineimp	res_gap_6_200.h5	VALUE/Uz	0.000000e+00	0.000000e+00	0	PASS		
c56lineimp	res_gap_6_200.h5	VALUE/ifaceFw	0.000000e+00	0.000000e+00	0	PASS		
c56lineimp	res_gap_6_200.h5	VALUE/ifaceRconv	0.000000e+00	0.000000e+00	0	PASS		
c56lineimp	res_gap_6_200.h5	VALUE/ifaceRpre	0.000000e+00	0.000000e+00	0	PASS		
c56lineimp	res_gap_6_200.h5	VALUE/ifaceRraw	0.000000e+00	0.000000e+00	0	PASS		
c56lineimp	res_gap_6_200.h5	VALUE/ifaceRro	0.000000e+00	0.000000e+00	0	PASS		
c56lineimp	res_gap_6_200.h5	VALUE/kb	0.000000e+00	0.000000e+00	0	PASS		
c56lineimp	res_gap_6_200.h5	VALUE/omegab	8.192000e+03	1.228800e+04	0.75	PASS		
c56lineimp	res_gap_6_200.h5	VALUE/qwall	4.531250e-01	7.656250e-01	0.844828	PASS		
c56lineimp	res_gap_6_200.h5	VALUE/ro	3.352761e-08	4.842877e-08	0.722222	PASS		
c56lineimp	res_gap_6_200.h5	VALUE/roUx	0.000000e+00	0.000000e+00	0	PASS		
c56lineimp	res_gap_6_200.h5	VALUE/roUy	0.000000e+00	0.000000e+00	0	PASS		
c56lineimp	res_gap_6_200.h5	VALUE/roUz	0.000000e+00	0.000000e+00	0	PASS		
c56lineimp	res_gap_6_200.h5	VALUE/roe	7.324219e-03	1.074219e-02	0.733333	PASS		
c56lineimp	res_gap_6_200.h5	VALUE/twall_x	2.899170e-04	3.509521e-04	0.605263	PASS		
c56lineimp	res_gap_6_200.h5	VALUE/twall_y	1.735687e-04	2.093315e-04	0.603022	PASS		
c56lineimp	res_gap_6_200.h5	VALUE/twall_z	0.000000e+00	0.000000e+00	0	PASS		
c56lineimp	res_gap_6_200.h5	VALUE/utau	4.270729e-02	4.476743e-02	0.524119	PASS		
c56lineimp	res_gap_6_200.h5	VALUE/ypls	4.375529e-04	3.716504e-04	0.424692	PASS		
c56lineimp	res_plate_4_200.h5	MESH/CONNE	0.000000e+00	0.000000e+00	0	PASS	整数・文字列は厳密一致	
c56lineimp	res_plate_4_200.h5	MESH/COORD	0.000000e+00	0.000000e+00	0	PASS		
c56lineimp	res_plate_4_200.h5	VALUE/Ps	3.085693e+00	3.069092e+00	0.49731	PASS		
c56lineimp	res_plate_4_200.h5	VALUE/Pt	0.000000e+00	0.000000e+00	0	PASS		
c56lineimp	res_plate_4_200.h5	VALUE/Ts	0.000000e+00	0.000000e+00	0	PASS		
c56lineimp	res_plate_4_200.h5	VALUE/Tt	0.000000e+00	0.000000e+00	0	PASS		
c56lineimp	res_plate_4_200.h5	VALUE/Ux	0.000000e+00	0.000000e+00	0	PASS		
c56lineimp	res_plate_4_200.h5	VALUE/Uy	0.000000e+00	0.000000e+00	0	PASS		
c56lineimp	res_plate_4_200.h5	VALUE/Uz	0.000000e+00	0.000000e+00	0	PASS		
c56lineimp	res_plate_4_200.h5	VALUE/ifaceFw	0.000000e+00	0.000000e+00	0	PASS		
c56lineimp	res_plate_4_200.h5	VALUE/ifaceRconv	0.000000e+00	0.000000e+00	0	PASS		
c56lineimp	res_plate_4_200.h5	VALUE/ifaceRpre	0.000000e+00	0.000000e+00	0	PASS		
c56lineimp	res_plate_4_200.h5	VALUE/ifaceRraw	0.000000e+00	0.000000e+00	0	PASS		
c56lineimp	res_plate_4_200.h5	VALUE/ifaceRro	0.000000e+00	0.000000e+00	0	PASS		
c56lineimp	res_plate_4_200.h5	VALUE/kb	0.000000e+00	0.000000e+00	0	PASS		
c56lineimp	res_plate_4_200.h5	VALUE/omegab	9.525248e+06	1.079501e+07	0.566652	PASS		
c56lineimp	res_plate_4_200.h5	VALUE/qwall	4.903906e+02	5.908125e+02	0.60239	PASS		
c56lineimp	res_plate_4_200.h5	VALUE/ro	3.472343e-05	3.453717e-05	0.497318	PASS		
c56lineimp	res_plate_4_200.h5	VALUE/roUx	0.000000e+00	0.000000e+00	0	PASS		
c56lineimp	res_plate_4_200.h5	VALUE/roUy	0.000000e+00	0.000000e+00	0	PASS		
c56lineimp	res_plate_4_200.h5	VALUE/roUz	0.000000e+00	0.000000e+00	0	PASS		
c56lineimp	res_plate_4_200.h5	VALUE/roe	8.001953e+00	7.958984e+00	0.497315	PASS		
c56lineimp	res_plate_4_200.h5	VALUE/twall_x	6.697998e-01	6.671143e-01	0.497995	PASS		
c56lineimp	res_plate_4_200.h5	VALUE/twall_y	2.819138e-01	2.814102e-01	0.499107	PASS		
c56lineimp	res_plate_4_200.h5	VALUE/twall_z	0.000000e+00	0.000000e+00	0	PASS		
c56lineimp	res_plate_4_200.h5	VALUE/utau	5.827332e-02	5.824280e-02	0.499738	PASS		
c56lineimp	res_plate_4_200.h5	VALUE/ypls	9.517670e-04	9.471178e-04	0.497558	PASS		
c56lineimp	residual_history.csv	rms_dq_ro	0.000000e+00	0.000000e+00	0	PASS		
c56lineimp	residual_history.csv	rms_dq_roUx	0.000000e+00	0.000000e+00	0	PASS		
c56lineimp	residual_history.csv	rms_dq_roUy	0.000000e+00	0.000000e+00	0	PASS		
c56lineimp	residual_history.csv	rms_dq_roUz	0.000000e+00	0.000000e+00	0	PASS		
c56lineimp	residual_history.csv	rms_dq_roe	0.000000e+00	0.000000e+00	0	PASS		
c56lineimp	residual_history.csv	rms_ro	4.794426e-07	4.764106e-07	0.496838	PASS		
c56lineimp	residual_history.csv	rms_roK	4.277466e-05	4.545579e-05	0.53134	PASS		
c56lineimp	residual_history.csv	rms_roOmega	5.682164e+00	5.647002e+00	0.496906	PASS		
c56lineimp	residual_history.csv	rms_roUx	1.392110e-03	1.391233e-03	0.499685	PASS		
c56lineimp	residual_history.csv	rms_roUy	1.158807e-04	1.161334e-04	0.50109	PASS		
c56lineimp	residual_history.csv	rms_roUz	0.000000e+00	0.000000e+00	0	PASS		
c56lineimp	residual_history.csv	rms_roe	1.904730e+00	1.969385e+00	0.516972	PASS		
c56extra	res_200.h5	MESH/CONNE	0.000000e+00	0.000000e+00	0	PASS	整数・文字列は厳密一致	
c56extra	res_200.h5	MESH/COORD	0.000000e+00	0.000000e+00	0	PASS		
c56extra	res_200.h5	VALUE/P	1.897168e+01	2.180823e+01	0.574757	PASS		
c56extra	res_200.h5	VALUE/T	3.841400e+00	4.037338e+00	0.525503	PASS		
c56extra	res_200.h5	VALUE/Ux	7.932129e-01	8.323975e-01	0.5247	PASS		
c56extra	res_200.h5	VALUE/Uy	2.014825e+00	2.015521e+00	0.500173	PASS		
c56extra	res_200.h5	VALUE/Uz	0.000000e+00	0.000000e+00	0	PASS		
c56extra	res_200.h5	VALUE/h0	5.676500e+03	5.980500e+03	0.526777	PASS		
c56extra	res_200.h5	VALUE/k	6.431274e-01	6.857910e-01	0.533169	PASS		
c56extra	res_200.h5	VALUE/omega	1.397760e+06	1.852416e+06	0.662637	PASS		
c56extra	res_200.h5	VALUE/res_ro	2.088812e-04	2.706349e-04	0.64782	PASS		
c56extra	res_200.h5	VALUE/res_roUx	4.078653e-01	5.366377e-01	0.657861	PASS		
c56extra	res_200.h5	VALUE/res_roUy	5.950912e-02	5.958618e-02	0.500647	PASS		
c56extra	res_200.h5	VALUE/res_roUz	0.000000e+00	0.000000e+00	0	PASS		
c56extra	res_200.h5	VALUE/res_roe	3.718763e+02	5.149523e+02	0.69237	PASS		
c56extra	res_200.h5	VALUE/ro	2.639703e-04	2.772771e-04	0.525205	PASS		
c56extra	res_200.h5	VALUE/roK	5.130005e-02	5.668640e-02	0.552499	PASS		
c56extra	res_200.h5	VALUE/roOmega	1.320000e+03	2.006000e+03	0.759848	PASS		
c56extra	res_200.h5	VALUE/roUx	5.341873e-01	5.608597e-01	0.524965	PASS		
c56extra	res_200.h5	VALUE/roUy	6.727594e-02	6.717956e-02	0.499284	PASS		
c56extra	res_200.h5	VALUE/roUz	0.000000e+00	0.000000e+00	0	PASS		
c56extra	res_200.h5	VALUE/roe	5.493828e+02	5.948242e+02	0.541357	PASS		
c56extra	res_200.h5	VALUE/sonic	2.745422e+00	2.884705e+00	0.525366	PASS		
c56extra	res_200.h5	VALUE/thermCond	3.382042e-04	3.553852e-04	0.5254	PASS		
c56extra	res_200.h5	VALUE/vis_lam	2.182651e-07	2.293527e-07	0.5254	PASS		
c56extra	res_200.h5	VALUE/vis_turb	3.644731e-05	3.648197e-05	0.500476	PASS		
c56extra	res_200.h5	VALUE/wall_dist	0.000000e+00	0.000000e+00	0	PASS		
c56extra	res_gap_6_200.h5	MESH/CONNE	0.000000e+00	0.000000e+00	0	PASS	整数・文字列は厳密一致	
c56extra	res_gap_6_200.h5	MESH/COORD	0.000000e+00	0.000000e+00	0	PASS		
c56extra	res_gap_6_200.h5	VALUE/Ps	3.173828e-03	3.417969e-03	0.538462	PASS		
c56extra	res_gap_6_200.h5	VALUE/Pt	0.000000e+00	0.000000e+00	0	PASS		
c56extra	res_gap_6_200.h5	VALUE/Ts	0.000000e+00	0.000000e+00	0	PASS		
c56extra	res_gap_6_200.h5	VALUE/Tt	0.000000e+00	0.000000e+00	0	PASS		
c56extra	res_gap_6_200.h5	VALUE/Ux	0.000000e+00	0.000000e+00	0	PASS		
c56extra	res_gap_6_200.h5	VALUE/Uy	0.000000e+00	0.000000e+00	0	PASS		
c56extra	res_gap_6_200.h5	VALUE/Uz	0.000000e+00	0.000000e+00	0	PASS		
c56extra	res_gap_6_200.h5	VALUE/ifaceFw	0.000000e+00	0.000000e+00	0	PASS		
c56extra	res_gap_6_200.h5	VALUE/ifaceRconv	0.000000e+00	0.000000e+00	0	PASS		
c56extra	res_gap_6_200.h5	VALUE/ifaceRpre	0.000000e+00	0.000000e+00	0	PASS		
c56extra	res_gap_6_200.h5	VALUE/ifaceRraw	0.000000e+00	0.000000e+00	0	PASS		
c56extra	res_gap_6_200.h5	VALUE/ifaceRro	0.000000e+00	0.000000e+00	0	PASS		
c56extra	res_gap_6_200.h5	VALUE/kb	0.000000e+00	0.000000e+00	0	PASS		
c56extra	res_gap_6_200.h5	VALUE/omegab	7.680000e+03	7.680000e+03	0.5	PASS		
c56extra	res_gap_6_200.h5	VALUE/qwall	4.531250e-01	5.625000e-01	0.62069	PASS		
c56extra	res_gap_6_200.h5	VALUE/ro	3.725290e-08	3.725290e-08	0.5	PASS		
c56extra	res_gap_6_200.h5	VALUE/roUx	0.000000e+00	0.000000e+00	0	PASS		
c56extra	res_gap_6_200.h5	VALUE/roUy	0.000000e+00	0.000000e+00	0	PASS		
c56extra	res_gap_6_200.h5	VALUE/roUz	0.000000e+00	0.000000e+00	0	PASS		
c56extra	res_gap_6_200.h5	VALUE/roe	7.812500e-03	8.789062e-03	0.5625	PASS		
c56extra	res_gap_6_200.h5	VALUE/twall_x	2.441406e-04	2.441406e-04	0.5	PASS		
c56extra	res_gap_6_200.h5	VALUE/twall_y	1.144409e-04	1.497269e-04	0.654167	PASS		
c56extra	res_gap_6_200.h5	VALUE/twall_z	0.000000e+00	0.000000e+00	0	PASS		
c56extra	res_gap_6_200.h5	VALUE/utau	3.245906e-02	2.919927e-02	0.449786	PASS		
c56extra	res_gap_6_200.h5	VALUE/ypls	9.577864e-05	1.151815e-04	0.60129	PASS		
c56extra	res_plate_4_200.h5	MESH/CONNE	0.000000e+00	0.000000e+00	0	PASS	整数・文字列は厳密一致	
c56extra	res_plate_4_200.h5	MESH/COORD	0.000000e+00	0.000000e+00	0	PASS		
c56extra	res_plate_4_200.h5	VALUE/Ps	3.181152e-01	4.213867e-01	0.662318	PASS		
c56extra	res_plate_4_200.h5	VALUE/Pt	0.000000e+00	0.000000e+00	0	PASS		
c56extra	res_plate_4_200.h5	VALUE/Ts	0.000000e+00	0.000000e+00	0	PASS		
c56extra	res_plate_4_200.h5	VALUE/Tt	0.000000e+00	0.000000e+00	0	PASS		
c56extra	res_plate_4_200.h5	VALUE/Ux	0.000000e+00	0.000000e+00	0	PASS		
c56extra	res_plate_4_200.h5	VALUE/Uy	0.000000e+00	0.000000e+00	0	PASS		
c56extra	res_plate_4_200.h5	VALUE/Uz	0.000000e+00	0.000000e+00	0	PASS		
c56extra	res_plate_4_200.h5	VALUE/ifaceFw	0.000000e+00	0.000000e+00	0	PASS		
c56extra	res_plate_4_200.h5	VALUE/ifaceRconv	0.000000e+00	0.000000e+00	0	PASS		
c56extra	res_plate_4_200.h5	VALUE/ifaceRpre	0.000000e+00	0.000000e+00	0	PASS		
c56extra	res_plate_4_200.h5	VALUE/ifaceRraw	0.000000e+00	0.000000e+00	0	PASS		
c56extra	res_plate_4_200.h5	VALUE/ifaceRro	0.000000e+00	0.000000e+00	0	PASS		
c56extra	res_plate_4_200.h5	VALUE/kb	0.000000e+00	0.000000e+00	0	PASS		
c56extra	res_plate_4_200.h5	VALUE/omegab	1.397760e+06	1.852416e+06	0.662637	PASS		
c56extra	res_plate_4_200.h5	VALUE/qwall	6.604688e+01	8.745312e+01	0.662053	PASS		
c56extra	res_plate_4_200.h5	VALUE/ro	3.580004e-06	4.742295e-06	0.662331	PASS		
c56extra	res_plate_4_200.h5	VALUE/roUx	0.000000e+00	0.000000e+00	0	PASS		
c56extra	res_plate_4_200.h5	VALUE/roUy	0.000000e+00	0.000000e+00	0	PASS		
c56extra	res_plate_4_200.h5	VALUE/roUz	0.000000e+00	0.000000e+00	0	PASS		
c56extra	res_plate_4_200.h5	VALUE/roe	8.251953e-01	1.092773e+00	0.66213	PASS		
c56extra	res_plate_4_200.h5	VALUE/twall_x	5.462646e-02	6.745911e-02	0.617458	PASS		
c56extra	res_plate_4_200.h5	VALUE/twall_y	3.972782e-02	5.020314e-02	0.631839	PASS		
c56extra	res_plate_4_200.h5	VALUE/twall_z	0.000000e+00	0.000000e+00	0	PASS		
c56extra	res_plate_4_200.h5	VALUE/utau	5.218506e-03	6.401062e-03	0.613304	PASS		
c56extra	res_plate_4_200.h5	VALUE/ypls	2.229214e-05	3.015995e-05	0.676471	PASS		
c56extra	residual_history.csv	rms_dq_ro	0.000000e+00	0.000000e+00	0	PASS		
c56extra	residual_history.csv	rms_dq_roUx	0.000000e+00	0.000000e+00	0	PASS		
c56extra	residual_history.csv	rms_dq_roUy	0.000000e+00	0.000000e+00	0	PASS		
c56extra	residual_history.csv	rms_dq_roUz	0.000000e+00	0.000000e+00	0	PASS		
c56extra	residual_history.csv	rms_dq_roe	0.000000e+00	0.000000e+00	0	PASS		
c56extra	residual_history.csv	rms_ro	3.848093e-07	4.509495e-07	0.585939	PASS		
c56extra	residual_history.csv	rms_roK	3.590659e-05	3.724318e-05	0.518612	PASS		
c56extra	residual_history.csv	rms_roOmega	6.481357e+00	6.436383e+00	0.496531	PASS		
c56extra	residual_history.csv	rms_roUx	7.008109e-04	7.486371e-04	0.534122	PASS		
c56extra	residual_history.csv	rms_roUy	1.250140e-04	1.254797e-04	0.501862	PASS		
c56extra	residual_history.csv	rms_roUz	0.000000e+00	0.000000e+00	0	PASS		
c56extra	residual_history.csv	rms_roe	6.104422e-01	6.479959e-01	0.530759	PASS		
c48absorb	res_200.h5	MESH/CONNE	0.000000e+00	0.000000e+00	0	PASS	整数・文字列は厳密一致	
c48absorb	res_200.h5	MESH/COORD	0.000000e+00	0.000000e+00	0	PASS		
c48absorb	res_200.h5	VALUE/P	3.310547e-01	2.841797e-01	0.429204	PASS		
c48absorb	res_200.h5	VALUE/T	8.026123e-03	7.751465e-03	0.48289	PASS		
c48absorb	res_200.h5	VALUE/Ux	8.056641e-03	7.690430e-03	0.477273	PASS		
c48absorb	res_200.h5	VALUE/Uy	9.938776e-03	9.666502e-03	0.486302	PASS		
c48absorb	res_200.h5	VALUE/Uz	0.000000e+00	0.000000e+00	0	PASS		
c48absorb	res_200.h5	VALUE/dq_block_old_0	3.729240e-07	3.327011e-07	0.446071	PASS		
c48absorb	res_200.h5	VALUE/dq_block_old_1	5.068380e-04	4.514547e-04	0.445364	PASS		
c48absorb	res_200.h5	VALUE/dq_block_old_2	3.663236e-04	3.278549e-04	0.447494	PASS		
c48absorb	res_200.h5	VALUE/dq_block_old_3	0.000000e+00	0.000000e+00	0	PASS		
c48absorb	res_200.h5	VALUE/dq_block_old_4	4.578569e-01	3.970621e-01	0.433609	PASS		
c48absorb	res_200.h5	VALUE/h0	8.625000e+00	7.375000e+00	0.427536	PASS		
c48absorb	res_200.h5	VALUE/k	5.957031e-02	6.445312e-02	0.540984	PASS		
c48absorb	res_200.h5	VALUE/omega	6.553600e+04	7.168000e+04	0.546875	PASS		
c48absorb	res_200.h5	VALUE/ro	3.054738e-06	2.600253e-06	0.42561	PASS		
c48absorb	res_200.h5	VALUE/roK	2.319336e-03	2.380371e-03	0.513158	PASS		
c48absorb	res_200.h5	VALUE/roN	3.054738e-06	2.600253e-06	0.42561	PASS		
c48absorb	res_200.h5	VALUE/roOmega	6.400000e+02	6.400000e+02	0.5	PASS		
c48absorb	res_200.h5	VALUE/roUx	4.066467e-03	3.395081e-03	0.417448	PASS		
c48absorb	res_200.h5	VALUE/roUxN	4.066467e-03	3.395081e-03	0.417448	PASS		
c48absorb	res_200.h5	VALUE/roUy	6.076545e-04	6.062798e-04	0.498869	PASS		
c48absorb	res_200.h5	VALUE/roUyN	6.076545e-04	6.062798e-04	0.498869	PASS		
c48absorb	res_200.h5	VALUE/roUz	0.000000e+00	0.000000e+00	0	PASS		
c48absorb	res_200.h5	VALUE/roUzN	0.000000e+00	0.000000e+00	0	PASS		
c48absorb	res_200.h5	VALUE/roe	3.515625e+00	2.898438e+00	0.412222	PASS		
c48absorb	res_200.h5	VALUE/roeN	3.515625e+00	2.898438e+00	0.412222	PASS		
c48absorb	res_200.h5	VALUE/sonic	4.760742e-03	4.608154e-03	0.483974	PASS		
c48absorb	res_200.h5	VALUE/vis_lam	3.910827e-10	3.801688e-10	0.486047	PASS		
c48absorb	res_200.h5	VALUE/vis_turb	6.032642e-07	5.875336e-07	0.486962	PASS		
c48absorb	res_200.h5	VALUE/wall_dist	0.000000e+00	0.000000e+00	0	PASS		
c48absorb	res_wall_4_200.h5	MESH/CONNE	0.000000e+00	0.000000e+00	0	PASS	整数・文字列は厳密一致	
c48absorb	res_wall_4_200.h5	MESH/COORD	0.000000e+00	0.000000e+00	0	PASS		
c48absorb	res_wall_4_200.h5	VALUE/Ps	1.220703e-02	1.367188e-02	0.56	PASS		
c48absorb	res_wall_4_200.h5	VALUE/Pt	0.000000e+00	0.000000e+00	0	PASS		
c48absorb	res_wall_4_200.h5	VALUE/Ts	0.000000e+00	0.000000e+00	0	PASS		
c48absorb	res_wall_4_200.h5	VALUE/Tt	0.000000e+00	0.000000e+00	0	PASS		
c48absorb	res_wall_4_200.h5	VALUE/Ux	0.000000e+00	0.000000e+00	0	PASS		
c48absorb	res_wall_4_200.h5	VALUE/Uy	0.000000e+00	0.000000e+00	0	PASS		
c48absorb	res_wall_4_200.h5	VALUE/Uz	0.000000e+00	0.000000e+00	0	PASS		
c48absorb	res_wall_4_200.h5	VALUE/ifaceFw	0.000000e+00	0.000000e+00	0	PASS		
c48absorb	res_wall_4_200.h5	VALUE/ifaceRconv	0.000000e+00	0.000000e+00	0	PASS		
c48absorb	res_wall_4_200.h5	VALUE/ifaceRpre	0.000000e+00	0.000000e+00	0	PASS		
c48absorb	res_wall_4_200.h5	VALUE/ifaceRraw	0.000000e+00	0.000000e+00	0	PASS		
c48absorb	res_wall_4_200.h5	VALUE/ifaceRro	0.000000e+00	0.000000e+00	0	PASS		
c48absorb	res_wall_4_200.h5	VALUE/kb	0.000000e+00	0.000000e+00	0	PASS		
c48absorb	res_wall_4_200.h5	VALUE/omegab	6.553600e+04	7.168000e+04	0.546875	PASS		
c48absorb	res_wall_4_200.h5	VALUE/qwall	2.000000e+00	2.375000e+00	0.59375	PASS		
c48absorb	res_wall_4_200.h5	VALUE/ro	1.415610e-07	1.601875e-07	0.565789	PASS		
c48absorb	res_wall_4_200.h5	VALUE/roUx	0.000000e+00	0.000000e+00	0	PASS		
c48absorb	res_wall_4_200.h5	VALUE/roUy	0.000000e+00	0.000000e+00	0	PASS		
c48absorb	res_wall_4_200.h5	VALUE/roUz	0.000000e+00	0.000000e+00	0	PASS		
c48absorb	res_wall_4_200.h5	VALUE/roe	3.125000e-02	3.417969e-02	0.546875	PASS		
c48absorb	res_wall_4_200.h5	VALUE/twall_x	1.269531e-02	7.324219e-03	0.288462	PASS		
c48absorb	res_wall_4_200.h5	VALUE/twall_y	2.593994e-03	2.197266e-03	0.423529	PASS		
c48absorb	res_wall_4_200.h5	VALUE/twall_z	0.000000e+00	0.000000e+00	0	PASS		
c48absorb	res_wall_4_200.h5	VALUE/utau	9.918213e-05	1.220703e-04	0.615385	PASS		
c48absorb	res_wall_4_200.h5	VALUE/ypls	0.000000e+00	0.000000e+00	0	PASS		
c48absorb	residual_history.csv	rms_dq_ro	0.000000e+00	0.000000e+00	0	PASS		
c48absorb	residual_history.csv	rms_dq_roUx	0.000000e+00	0.000000e+00	0	PASS		
c48absorb	residual_history.csv	rms_dq_roUy	0.000000e+00	0.000000e+00	0	PASS		
c48absorb	residual_history.csv	rms_dq_roUz	0.000000e+00	0.000000e+00	0	PASS		
c48absorb	residual_history.csv	rms_dq_roe	0.000000e+00	0.000000e+00	0	PASS		
c48absorb	residual_history.csv	rms_ro	2.241946e-08	2.581905e-08	0.575818	PASS		
c48absorb	residual_history.csv	rms_roK	3.761088e-07	5.117108e-07	0.68027	PASS		
c48absorb	residual_history.csv	rms_roOmega	3.334211e-01	4.382912e-01	0.657264	PASS		
c48absorb	residual_history.csv	rms_roUx	2.938850e-05	3.542978e-05	0.602783	PASS		
c48absorb	residual_history.csv	rms_roUy	8.066522e-05	7.613119e-05	0.471896	PASS		
c48absorb	residual_history.csv	rms_roUz	0.000000e+00	0.000000e+00	0	PASS		
c48absorb	residual_history.csv	rms_roe	2.608345e-02	3.150238e-02	0.603877	PASS		
c26optin	res_200.h5	MESH/CONNE	0.000000e+00	0.000000e+00	0	PASS	整数・文字列は厳密一致	
c26optin	res_200.h5	MESH/COORD	0.000000e+00	0.000000e+00	0	PASS		
c26optin	res_200.h5	VALUE/P	7.085938e+00	6.835938e+00	0.482359	PASS		
c26optin	res_200.h5	VALUE/T	6.103516e-03	5.798340e-03	0.475	PASS		
c26optin	res_200.h5	VALUE/Ux	2.281189e-03	1.953125e-03	0.428094	PASS		
c26optin	res_200.h5	VALUE/Uy	8.983588e-03	8.983279e-03	0.499983	PASS		
c26optin	res_200.h5	VALUE/Uz	2.052241e-39	2.052196e-39	0.499989	PASS		
c26optin	res_200.h5	VALUE/h0	6.250000e+00	5.750000e+00	0.46	PASS		
c26optin	res_200.h5	VALUE/k	1.235962e-03	1.411438e-03	0.570988	PASS		
c26optin	res_200.h5	VALUE/omega	8.843750e+00	8.937500e+00	0.5053	PASS		
c26optin	res_200.h5	VALUE/ro	5.972385e-05	6.139278e-05	0.513972	PASS		
c26optin	res_200.h5	VALUE/roK	1.815796e-03	2.021790e-03	0.556723	PASS		
c26optin	res_200.h5	VALUE/roOmega	9.687500e+00	9.875000e+00	0.509677	PASS		
c26optin	res_200.h5	VALUE/roUx	6.568909e-03	6.263733e-03	0.476771	PASS		
c26optin	res_200.h5	VALUE/roUy	1.081590e-02	1.198706e-02	0.55414	PASS		
c26optin	res_200.h5	VALUE/roUz	2.432789e-39	2.432744e-39	0.499991	PASS		
c26optin	res_200.h5	VALUE/roe	1.760938e+01	1.792188e+01	0.508873	PASS		
c26optin	res_200.h5	VALUE/sonic	3.601074e-03	3.448486e-03	0.478814	PASS		
c26optin	res_200.h5	VALUE/vis_lam	0.000000e+00	0.000000e+00	0	PASS		
c26optin	res_200.h5	VALUE/vis_turb	1.471490e-07	1.401640e-07	0.476266	PASS		
c26optin	res_200.h5	VALUE/wall_dist	0.000000e+00	0.000000e+00	0	PASS		
c26optin	res_200.h5	VALUE/wf_pk	0.000000e+00	0.000000e+00	0	PASS		
c26optin	res_wall_4_200.h5	MESH/CONNE	0.000000e+00	0.000000e+00	0	PASS	整数・文字列は厳密一致	
c26optin	res_wall_4_200.h5	MESH/COORD	0.000000e+00	0.000000e+00	0	PASS		
c26optin	res_wall_4_200.h5	VALUE/Ps	3.132812e+00	3.085938e+00	0.492519	PASS		
c26optin	res_wall_4_200.h5	VALUE/Pt	0.000000e+00	0.000000e+00	0	PASS		
c26optin	res_wall_4_200.h5	VALUE/Ts	2.746582e-03	2.532959e-03	0.461111	PASS		
c26optin	res_wall_4_200.h5	VALUE/Tt	0.000000e+00	0.000000e+00	0	PASS		
c26optin	res_wall_4_200.h5	VALUE/Ux	0.000000e+00	0.000000e+00	0	PASS		
c26optin	res_wall_4_200.h5	VALUE/Uy	0.000000e+00	0.000000e+00	0	PASS		
c26optin	res_wall_4_200.h5	VALUE/Uz	0.000000e+00	0.000000e+00	0	PASS		
c26optin	res_wall_4_200.h5	VALUE/kb	0.000000e+00	0.000000e+00	0	PASS		
c26optin	res_wall_4_200.h5	VALUE/omegab	8.843750e+00	8.937500e+00	0.5053	PASS		
c26optin	res_wall_4_200.h5	VALUE/qwall	0.000000e+00	0.000000e+00	0	PASS		
c26optin	res_wall_4_200.h5	VALUE/ro	2.670288e-05	2.706051e-05	0.506696	PASS		
c26optin	res_wall_4_200.h5	VALUE/roUx	0.000000e+00	0.000000e+00	0	PASS		
c26optin	res_wall_4_200.h5	VALUE/roUy	0.000000e+00	0.000000e+00	0	PASS		
c26optin	res_wall_4_200.h5	VALUE/roUz	0.000000e+00	0.000000e+00	0	PASS		
c26optin	res_wall_4_200.h5	VALUE/roe	7.828125e+00	7.718750e+00	0.493014	PASS		
c26optin	res_wall_4_200.h5	VALUE/twall_x	7.104874e-04	6.904602e-04	0.485906	PASS		
c26optin	res_wall_4_200.h5	VALUE/twall_y	2.654750e-03	2.753906e-03	0.518675	PASS		
c26optin	res_wall_4_200.h5	VALUE/twall_z	5.526721e-42	5.526721e-42	0.5	PASS		
c26optin	res_wall_4_200.h5	VALUE/utau	3.492832e-05	3.397465e-05	0.486348	PASS		
c26optin	res_wall_4_200.h5	VALUE/ypls	0.000000e+00	0.000000e+00	0	PASS		
c26optin	residual_history.csv	rms_dq_ro	0.000000e+00	0.000000e+00	0	PASS		
c26optin	residual_history.csv	rms_dq_roUx	0.000000e+00	0.000000e+00	0	PASS		
c26optin	residual_history.csv	rms_dq_roUy	0.000000e+00	0.000000e+00	0	PASS		
c26optin	residual_history.csv	rms_dq_roUz	0.000000e+00	0.000000e+00	0	PASS		
c26optin	residual_history.csv	rms_dq_roe	0.000000e+00	0.000000e+00	0	PASS		
c26optin	residual_history.csv	rms_ro	3.331820e-08	3.468040e-08	0.520442	PASS		
c26optin	residual_history.csv	rms_roK	3.147870e-07	2.980232e-07	0.473373	PASS		
c26optin	residual_history.csv	rms_roOmega	3.322601e-03	3.559113e-03	0.535591	PASS		
c26optin	residual_history.csv	rms_roUx	8.047791e-07	7.263152e-07	0.451251	PASS		
c26optin	residual_history.csv	rms_roUy	5.697017e-06	5.202484e-06	0.456597	PASS		
c26optin	residual_history.csv	rms_roUz	6.005545e-41	6.005545e-41	0.5	PASS		
c26optin	residual_history.csv	rms_roe	9.823978e-03	1.028019e-02	0.523219	PASS		
c26optin_env	res_200.h5	MESH/CONNE	0.000000e+00	0.000000e+00	0	PASS	整数・文字列は厳密一致	
c26optin_env	res_200.h5	MESH/COORD	0.000000e+00	0.000000e+00	0	PASS		
c26optin_env	res_200.h5	VALUE/P	3.484375e+00	4.359375e+00	0.625561	PASS		
c26optin_env	res_200.h5	VALUE/T	2.990723e-03	3.753662e-03	0.627551	PASS		
c26optin_env	res_200.h5	VALUE/Ux	2.655029e-03	2.944946e-03	0.554598	PASS		
c26optin_env	res_200.h5	VALUE/Uy	7.825457e-03	1.064457e-02	0.680124	PASS		
c26optin_env	res_200.h5	VALUE/Uz	2.052129e-39	2.052196e-39	0.500016	PASS		
c26optin_env	res_200.h5	VALUE/h0	3.062500e+00	3.750000e+00	0.612245	PASS		
c26optin_env	res_200.h5	VALUE/k	1.255035e-03	1.457214e-03	0.580547	PASS		
c26optin_env	res_200.h5	VALUE/omega	7.687500e+00	8.031250e+00	0.522358	PASS		
c26optin_env	res_200.h5	VALUE/ro	2.634525e-05	3.588200e-05	0.680995	PASS		
c26optin_env	res_200.h5	VALUE/roK	2.456665e-03	2.937317e-03	0.597826	PASS		
c26optin_env	res_200.h5	VALUE/roOmega	1.850000e+01	1.706250e+01	0.461149	PASS		
c26optin_env	res_200.h5	VALUE/roUx	3.997803e-03	3.921509e-03	0.490458	PASS		
c26optin_env	res_200.h5	VALUE/roUy	1.015182e-02	1.497429e-02	0.737517	PASS		
c26optin_env	res_200.h5	VALUE/roUz	2.432654e-39	2.432766e-39	0.500023	PASS		
c26optin_env	res_200.h5	VALUE/roe	7.500000e+00	1.032812e+01	0.688542	PASS		
c26optin_env	res_200.h5	VALUE/sonic	1.770020e-03	2.227783e-03	0.62931	PASS		
c26optin_env	res_200.h5	VALUE/vis_lam	0.000000e+00	0.000000e+00	0	PASS		
c26optin_env	res_200.h5	VALUE/vis_turb	1.278240e-07	1.420267e-07	0.555556	PASS		
c26optin_env	res_200.h5	VALUE/wall_dist	0.000000e+00	0.000000e+00	0	PASS		
c26optin_env	res_200.h5	VALUE/wf_g	0.000000e+00	0.000000e+00	0	PASS		
c26optin_env	res_200.h5	VALUE/wf_pk	0.000000e+00	0.000000e+00	0	PASS		
c26optin_env	res_200.h5	VALUE/wi_fnrm	0.000000e+00	0.000000e+00	0	PASS		
c26optin_env	res_200.h5	VALUE/wi_ftan	0.000000e+00	0.000000e+00	0	PASS		
c26optin_env	res_wall_4_200.h5	MESH/CONNE	0.000000e+00	0.000000e+00	0	PASS	整数・文字列は厳密一致	
c26optin_env	res_wall_4_200.h5	MESH/COORD	0.000000e+00	0.000000e+00	0	PASS		
c26optin_env	res_wall_4_200.h5	VALUE/Ps	2.593750e+00	2.835938e+00	0.546687	PASS		
c26optin_env	res_wall_4_200.h5	VALUE/Pt	0.000000e+00	0.000000e+00	0	PASS		
c26optin_env	res_wall_4_200.h5	VALUE/Ts	2.105713e-03	2.502441e-03	0.594203	PASS		
c26optin_env	res_wall_4_200.h5	VALUE/Tt	0.000000e+00	0.000000e+00	0	PASS		
c26optin_env	res_wall_4_200.h5	VALUE/Ux	0.000000e+00	0.000000e+00	0	PASS		
c26optin_env	res_wall_4_200.h5	VALUE/Uy	0.000000e+00	0.000000e+00	0	PASS		
c26optin_env	res_wall_4_200.h5	VALUE/Uz	0.000000e+00	0.000000e+00	0	PASS		
c26optin_env	res_wall_4_200.h5	VALUE/kb	0.000000e+00	0.000000e+00	0	PASS		
c26optin_env	res_wall_4_200.h5	VALUE/omegab	7.500000e+00	8.031250e+00	0.535417	PASS		
c26optin_env	res_wall_4_200.h5	VALUE/qwall	0.000000e+00	0.000000e+00	0	PASS		
c26optin_env	res_wall_4_200.h5	VALUE/ro	2.288818e-05	2.443790e-05	0.533854	PASS		
c26optin_env	res_wall_4_200.h5	VALUE/roUx	0.000000e+00	0.000000e+00	0	PASS		
c26optin_env	res_wall_4_200.h5	VALUE/roUy	0.000000e+00	0.000000e+00	0	PASS		
c26optin_env	res_wall_4_200.h5	VALUE/roUz	0.000000e+00	0.000000e+00	0	PASS		
c26optin_env	res_wall_4_200.h5	VALUE/roe	6.484375e+00	7.093750e+00	0.546988	PASS		
c26optin_env	res_wall_4_200.h5	VALUE/twall_x	6.208420e-04	5.989075e-04	0.482335	PASS		
c26optin_env	res_wall_4_200.h5	VALUE/twall_y	2.530720e-03	2.675902e-03	0.528684	PASS		
c26optin_env	res_wall_4_200.h5	VALUE/twall_z	5.403407e-42	3.172540e-42	0.293568	PASS		
c26optin_env	res_wall_4_200.h5	VALUE/utau	3.349781e-05	3.218651e-05	0.480427	PASS		
c26optin_env	res_wall_4_200.h5	VALUE/ypls	0.000000e+00	0.000000e+00	0	PASS		
c26optin_env	residual_history.csv	rms_dq_ro	0.000000e+00	0.000000e+00	0	PASS		
c26optin_env	residual_history.csv	rms_dq_roUx	0.000000e+00	0.000000e+00	0	PASS		
c26optin_env	residual_history.csv	rms_dq_roUy	0.000000e+00	0.000000e+00	0	PASS		
c26optin_env	residual_history.csv	rms_dq_roUz	0.000000e+00	0.000000e+00	0	PASS		
c26optin_env	residual_history.csv	rms_dq_roe	0.000000e+00	0.000000e+00	0	PASS		
c26optin_env	residual_history.csv	rms_ro	4.540823e-08	4.785193e-08	0.526908	PASS		
c26optin_env	residual_history.csv	rms_roK	2.924353e-07	3.613532e-07	0.617834	PASS		
c26optin_env	residual_history.csv	rms_roOmega	3.311157e-03	3.513336e-03	0.53053	PASS		
c26optin_env	residual_history.csv	rms_roUx	7.971539e-07	9.712530e-07	0.6092	PASS		
c26optin_env	residual_history.csv	rms_roUy	5.524023e-06	5.291949e-06	0.478994	PASS		
c26optin_env	residual_history.csv	rms_roUz	5.361788e-41	4.203195e-41	0.391958	PASS		
c26optin_env	residual_history.csv	rms_roe	1.359022e-02	1.411033e-02	0.519135	PASS		
v36node	converted.h5	BCONDS/1/VALUE/Ps	0.000000e+00	0.000000e+00	0	PASS		
v36node	converted.h5	BCONDS/1/VALUE/Pt	0.000000e+00	0.000000e+00	0	PASS		
v36node	converted.h5	BCONDS/1/VALUE/Ts	0.000000e+00	0.000000e+00	0	PASS		
v36node	converted.h5	BCONDS/1/VALUE/Tt	0.000000e+00	0.000000e+00	0	PASS		
v36node	converted.h5	BCONDS/1/VALUE/Ux	0.000000e+00	0.000000e+00	0	PASS		
v36node	converted.h5	BCONDS/1/VALUE/Uy	0.000000e+00	0.000000e+00	0	PASS		
v36node	converted.h5	BCONDS/1/VALUE/Uz	0.000000e+00	0.000000e+00	0	PASS		
v36node	converted.h5	BCONDS/1/VALUE/k	0.000000e+00	0.000000e+00	0	PASS		
v36node	converted.h5	BCONDS/1/VALUE/omega	0.000000e+00	0.000000e+00	0	PASS		
v36node	converted.h5	BCONDS/1/VALUE/ro	0.000000e+00	0.000000e+00	0	PASS		
v36node	converted.h5	BCONDS/1/VALUE/roUx	0.000000e+00	0.000000e+00	0	PASS		
v36node	converted.h5	BCONDS/1/VALUE/roUy	0.000000e+00	0.000000e+00	0	PASS		
v36node	converted.h5	BCONDS/1/VALUE/roUz	0.000000e+00	0.000000e+00	0	PASS		
v36node	converted.h5	BCONDS/1/VALUE/roe	0.000000e+00	0.000000e+00	0	PASS		
v36node	converted.h5	BCONDS/1/iBPlanes	0.000000e+00	0.000000e+00	0	PASS	整数・文字列は厳密一致	
v36node	converted.h5	BCONDS/1/iCells	0.000000e+00	0.000000e+00	0	PASS	整数・文字列は厳密一致	
v36node	converted.h5	BCONDS/1/iPlanes	0.000000e+00	0.000000e+00	0	PASS	整数・文字列は厳密一致	
v36node	converted.h5	BCONDS/1/vizBfaceNodes	0.000000e+00	0.000000e+00	0	PASS	整数・文字列は厳密一致	
v36node	converted.h5	BCONDS/1/vizBfaceSizes	0.000000e+00	0.000000e+00	0	PASS	整数・文字列は厳密一致	
v36node	converted.h5	BCONDS/2/VALUE/Ps	0.000000e+00	0.000000e+00	0	PASS		
v36node	converted.h5	BCONDS/2/VALUE/Pt	0.000000e+00	0.000000e+00	0	PASS		
v36node	converted.h5	BCONDS/2/VALUE/Ts	0.000000e+00	0.000000e+00	0	PASS		
v36node	converted.h5	BCONDS/2/VALUE/Tt	0.000000e+00	0.000000e+00	0	PASS		
v36node	converted.h5	BCONDS/2/VALUE/Ux	0.000000e+00	0.000000e+00	0	PASS		
v36node	converted.h5	BCONDS/2/VALUE/Uy	0.000000e+00	0.000000e+00	0	PASS		
v36node	converted.h5	BCONDS/2/VALUE/Uz	0.000000e+00	0.000000e+00	0	PASS		
v36node	converted.h5	BCONDS/2/VALUE/kb	0.000000e+00	0.000000e+00	0	PASS		
v36node	converted.h5	BCONDS/2/VALUE/omegab	0.000000e+00	0.000000e+00	0	PASS		
v36node	converted.h5	BCONDS/2/VALUE/ro	0.000000e+00	0.000000e+00	0	PASS		
v36node	converted.h5	BCONDS/2/VALUE/roUx	0.000000e+00	0.000000e+00	0	PASS		
v36node	converted.h5	BCONDS/2/VALUE/roUy	0.000000e+00	0.000000e+00	0	PASS		
v36node	converted.h5	BCONDS/2/VALUE/roUz	0.000000e+00	0.000000e+00	0	PASS		
v36node	converted.h5	BCONDS/2/VALUE/roe	0.000000e+00	0.000000e+00	0	PASS		
v36node	converted.h5	BCONDS/2/iBPlanes	0.000000e+00	0.000000e+00	0	PASS	整数・文字列は厳密一致	
v36node	converted.h5	BCONDS/2/iCells	0.000000e+00	0.000000e+00	0	PASS	整数・文字列は厳密一致	
v36node	converted.h5	BCONDS/2/iPlanes	0.000000e+00	0.000000e+00	0	PASS	整数・文字列は厳密一致	
v36node	converted.h5	BCONDS/2/vizBfaceNodes	0.000000e+00	0.000000e+00	0	PASS	整数・文字列は厳密一致	
v36node	converted.h5	BCONDS/2/vizBfaceSizes	0.000000e+00	0.000000e+00	0	PASS	整数・文字列は厳密一致	
v36node	converted.h5	BCONDS/3/VALUE/Ps	0.000000e+00	0.000000e+00	0	PASS		
v36node	converted.h5	BCONDS/3/VALUE/Pt	0.000000e+00	0.000000e+00	0	PASS		
v36node	converted.h5	BCONDS/3/VALUE/Ts	0.000000e+00	0.000000e+00	0	PASS		
v36node	converted.h5	BCONDS/3/VALUE/Tt	0.000000e+00	0.000000e+00	0	PASS		
v36node	converted.h5	BCONDS/3/VALUE/Ux	0.000000e+00	0.000000e+00	0	PASS		
v36node	converted.h5	BCONDS/3/VALUE/Uy	0.000000e+00	0.000000e+00	0	PASS		
v36node	converted.h5	BCONDS/3/VALUE/Uz	0.000000e+00	0.000000e+00	0	PASS		
v36node	converted.h5	BCONDS/3/VALUE/kb	0.000000e+00	0.000000e+00	0	PASS		
v36node	converted.h5	BCONDS/3/VALUE/omegab	0.000000e+00	0.000000e+00	0	PASS		
v36node	converted.h5	BCONDS/3/VALUE/ro	0.000000e+00	0.000000e+00	0	PASS		
v36node	converted.h5	BCONDS/3/VALUE/roUx	0.000000e+00	0.000000e+00	0	PASS		
v36node	converted.h5	BCONDS/3/VALUE/roUy	0.000000e+00	0.000000e+00	0	PASS		
v36node	converted.h5	BCONDS/3/VALUE/roUz	0.000000e+00	0.000000e+00	0	PASS		
v36node	converted.h5	BCONDS/3/VALUE/roe	0.000000e+00	0.000000e+00	0	PASS		
v36node	converted.h5	BCONDS/3/iBPlanes	0.000000e+00	0.000000e+00	0	PASS	整数・文字列は厳密一致	
v36node	converted.h5	BCONDS/3/iCells	0.000000e+00	0.000000e+00	0	PASS	整数・文字列は厳密一致	
v36node	converted.h5	BCONDS/3/iPlanes	0.000000e+00	0.000000e+00	0	PASS	整数・文字列は厳密一致	
v36node	converted.h5	BCONDS/3/vizBfaceNodes	0.000000e+00	0.000000e+00	0	PASS	整数・文字列は厳密一致	
v36node	converted.h5	BCONDS/3/vizBfaceSizes	0.000000e+00	0.000000e+00	0	PASS	整数・文字列は厳密一致	
v36node	converted.h5	BCONDS/4/VALUE/Ps	0.000000e+00	0.000000e+00	0	PASS		
v36node	converted.h5	BCONDS/4/VALUE/Pt	0.000000e+00	0.000000e+00	0	PASS		
v36node	converted.h5	BCONDS/4/VALUE/Ts	0.000000e+00	0.000000e+00	0	PASS		
v36node	converted.h5	BCONDS/4/VALUE/Tt	0.000000e+00	0.000000e+00	0	PASS		
v36node	converted.h5	BCONDS/4/VALUE/Ux	0.000000e+00	0.000000e+00	0	PASS		
v36node	converted.h5	BCONDS/4/VALUE/Uy	0.000000e+00	0.000000e+00	0	PASS		
v36node	converted.h5	BCONDS/4/VALUE/Uz	0.000000e+00	0.000000e+00	0	PASS		
v36node	converted.h5	BCONDS/4/VALUE/kb	0.000000e+00	0.000000e+00	0	PASS		
v36node	converted.h5	BCONDS/4/VALUE/omegab	0.000000e+00	0.000000e+00	0	PASS		
v36node	converted.h5	BCONDS/4/VALUE/qwall	0.000000e+00	0.000000e+00	0	PASS		
v36node	converted.h5	BCONDS/4/VALUE/ro	0.000000e+00	0.000000e+00	0	PASS		
v36node	converted.h5	BCONDS/4/VALUE/roUx	0.000000e+00	0.000000e+00	0	PASS		
v36node	converted.h5	BCONDS/4/VALUE/roUy	0.000000e+00	0.000000e+00	0	PASS		
v36node	converted.h5	BCONDS/4/VALUE/roUz	0.000000e+00	0.000000e+00	0	PASS		
v36node	converted.h5	BCONDS/4/VALUE/roe	0.000000e+00	0.000000e+00	0	PASS		
v36node	converted.h5	BCONDS/4/VALUE/twall_x	0.000000e+00	0.000000e+00	0	PASS		
v36node	converted.h5	BCONDS/4/VALUE/twall_y	0.000000e+00	0.000000e+00	0	PASS		
v36node	converted.h5	BCONDS/4/VALUE/twall_z	0.000000e+00	0.000000e+00	0	PASS		
v36node	converted.h5	BCONDS/4/VALUE/utau	0.000000e+00	0.000000e+00	0	PASS		
v36node	converted.h5	BCONDS/4/VALUE/ypls	0.000000e+00	0.000000e+00	0	PASS		
v36node	converted.h5	BCONDS/4/iBPlanes	0.000000e+00	0.000000e+00	0	PASS	整数・文字列は厳密一致	
v36node	converted.h5	BCONDS/4/iCells	0.000000e+00	0.000000e+00	0	PASS	整数・文字列は厳密一致	
v36node	converted.h5	BCONDS/4/iPlanes	0.000000e+00	0.000000e+00	0	PASS	整数・文字列は厳密一致	
v36node	converted.h5	BCONDS/4/vizBfaceNodes	0.000000e+00	0.000000e+00	0	PASS	整数・文字列は厳密一致	
v36node	converted.h5	BCONDS/4/vizBfaceSizes	0.000000e+00	0.000000e+00	0	PASS	整数・文字列は厳密一致	
v36node	converted.h5	CELLS/STRUCT	0.000000e+00	0.000000e+00	0	PASS	整数・文字列は厳密一致	
v36node	converted.h5	CELLS/centCoords	0.000000e+00	0.000000e+00	0	PASS		
v36node	converted.h5	CELLS/regionId	0.000000e+00	0.000000e+00	0	PASS	整数・文字列は厳密一致	
v36node	converted.h5	CELLS/volume	0.000000e+00	0.000000e+00	0	PASS		
v36node	converted.h5	MESH/CONNE	0.000000e+00	0.000000e+00	0	PASS	整数・文字列は厳密一致	
v36node	converted.h5	MESH/COORD	0.000000e+00	0.000000e+00	0	PASS		
v36node	converted.h5	PLANES/STRUCT	0.000000e+00	0.000000e+00	0	PASS	整数・文字列は厳密一致	
v36node	converted.h5	PLANES/centCoords	0.000000e+00	0.000000e+00	0	PASS		
v36node	converted.h5	PLANES/surfArea	0.000000e+00	0.000000e+00	0	PASS		
v36node	converted.h5	PLANES/surfVect	0.000000e+00	0.000000e+00	0	PASS		
v36node	converted.h5	VALUE/ro	0.000000e+00	0.000000e+00	0	PASS		
v36node	converted.h5	VALUE/roK	0.000000e+00	0.000000e+00	0	PASS		
v36node	converted.h5	VALUE/roOmega	0.000000e+00	0.000000e+00	0	PASS		
v36node	converted.h5	VALUE/roUx	0.000000e+00	0.000000e+00	0	PASS		
v36node	converted.h5	VALUE/roUy	0.000000e+00	0.000000e+00	0	PASS		
v36node	converted.h5	VALUE/roUz	0.000000e+00	0.000000e+00	0	PASS		
v36node	converted.h5	VALUE/roe	0.000000e+00	0.000000e+00	0	PASS		
v36node	converted.h5	VALUE/wall_dist	0.000000e+00	0.000000e+00	0	PASS		
v36node	converted.h5	VIZMESH/CONNE	0.000000e+00	0.000000e+00	0	PASS	整数・文字列は厳密一致	
v36cell	converted.h5	BCONDS/1/VALUE/Ps	0.000000e+00	0.000000e+00	0	PASS		
v36cell	converted.h5	BCONDS/1/VALUE/Pt	0.000000e+00	0.000000e+00	0	PASS		
v36cell	converted.h5	BCONDS/1/VALUE/Ts	0.000000e+00	0.000000e+00	0	PASS		
v36cell	converted.h5	BCONDS/1/VALUE/Tt	0.000000e+00	0.000000e+00	0	PASS		
v36cell	converted.h5	BCONDS/1/VALUE/Ux	0.000000e+00	0.000000e+00	0	PASS		
v36cell	converted.h5	BCONDS/1/VALUE/Uy	0.000000e+00	0.000000e+00	0	PASS		
v36cell	converted.h5	BCONDS/1/VALUE/Uz	0.000000e+00	0.000000e+00	0	PASS		
v36cell	converted.h5	BCONDS/1/VALUE/k	0.000000e+00	0.000000e+00	0	PASS		
v36cell	converted.h5	BCONDS/1/VALUE/omega	0.000000e+00	0.000000e+00	0	PASS		
v36cell	converted.h5	BCONDS/1/VALUE/ro	0.000000e+00	0.000000e+00	0	PASS		
v36cell	converted.h5	BCONDS/1/VALUE/roUx	0.000000e+00	0.000000e+00	0	PASS		
v36cell	converted.h5	BCONDS/1/VALUE/roUy	0.000000e+00	0.000000e+00	0	PASS		
v36cell	converted.h5	BCONDS/1/VALUE/roUz	0.000000e+00	0.000000e+00	0	PASS		
v36cell	converted.h5	BCONDS/1/VALUE/roe	0.000000e+00	0.000000e+00	0	PASS		
v36cell	converted.h5	BCONDS/1/iBPlanes	0.000000e+00	0.000000e+00	0	PASS	整数・文字列は厳密一致	
v36cell	converted.h5	BCONDS/1/iCells	0.000000e+00	0.000000e+00	0	PASS	整数・文字列は厳密一致	
v36cell	converted.h5	BCONDS/1/iPlanes	0.000000e+00	0.000000e+00	0	PASS	整数・文字列は厳密一致	
v36cell	converted.h5	BCONDS/2/VALUE/Ps	0.000000e+00	0.000000e+00	0	PASS		
v36cell	converted.h5	BCONDS/2/VALUE/Pt	0.000000e+00	0.000000e+00	0	PASS		
v36cell	converted.h5	BCONDS/2/VALUE/Ts	0.000000e+00	0.000000e+00	0	PASS		
v36cell	converted.h5	BCONDS/2/VALUE/Tt	0.000000e+00	0.000000e+00	0	PASS		
v36cell	converted.h5	BCONDS/2/VALUE/Ux	0.000000e+00	0.000000e+00	0	PASS		
v36cell	converted.h5	BCONDS/2/VALUE/Uy	0.000000e+00	0.000000e+00	0	PASS		
v36cell	converted.h5	BCONDS/2/VALUE/Uz	0.000000e+00	0.000000e+00	0	PASS		
v36cell	converted.h5	BCONDS/2/VALUE/kb	0.000000e+00	0.000000e+00	0	PASS		
v36cell	converted.h5	BCONDS/2/VALUE/omegab	0.000000e+00	0.000000e+00	0	PASS		
v36cell	converted.h5	BCONDS/2/VALUE/ro	0.000000e+00	0.000000e+00	0	PASS		
v36cell	converted.h5	BCONDS/2/VALUE/roUx	0.000000e+00	0.000000e+00	0	PASS		
v36cell	converted.h5	BCONDS/2/VALUE/roUy	0.000000e+00	0.000000e+00	0	PASS		
v36cell	converted.h5	BCONDS/2/VALUE/roUz	0.000000e+00	0.000000e+00	0	PASS		
v36cell	converted.h5	BCONDS/2/VALUE/roe	0.000000e+00	0.000000e+00	0	PASS		
v36cell	converted.h5	BCONDS/2/iBPlanes	0.000000e+00	0.000000e+00	0	PASS	整数・文字列は厳密一致	
v36cell	converted.h5	BCONDS/2/iCells	0.000000e+00	0.000000e+00	0	PASS	整数・文字列は厳密一致	
v36cell	converted.h5	BCONDS/2/iPlanes	0.000000e+00	0.000000e+00	0	PASS	整数・文字列は厳密一致	
v36cell	converted.h5	BCONDS/3/VALUE/Ps	0.000000e+00	0.000000e+00	0	PASS		
v36cell	converted.h5	BCONDS/3/VALUE/Pt	0.000000e+00	0.000000e+00	0	PASS		
v36cell	converted.h5	BCONDS/3/VALUE/Ts	0.000000e+00	0.000000e+00	0	PASS		
v36cell	converted.h5	BCONDS/3/VALUE/Tt	0.000000e+00	0.000000e+00	0	PASS		
v36cell	converted.h5	BCONDS/3/VALUE/Ux	0.000000e+00	0.000000e+00	0	PASS		
v36cell	converted.h5	BCONDS/3/VALUE/Uy	0.000000e+00	0.000000e+00	0	PASS		
v36cell	converted.h5	BCONDS/3/VALUE/Uz	0.000000e+00	0.000000e+00	0	PASS		
v36cell	converted.h5	BCONDS/3/VALUE/kb	0.000000e+00	0.000000e+00	0	PASS		
v36cell	converted.h5	BCONDS/3/VALUE/omegab	0.000000e+00	0.000000e+00	0	PASS		
v36cell	converted.h5	BCONDS/3/VALUE/ro	0.000000e+00	0.000000e+00	0	PASS		
v36cell	converted.h5	BCONDS/3/VALUE/roUx	0.000000e+00	0.000000e+00	0	PASS		
v36cell	converted.h5	BCONDS/3/VALUE/roUy	0.000000e+00	0.000000e+00	0	PASS		
v36cell	converted.h5	BCONDS/3/VALUE/roUz	0.000000e+00	0.000000e+00	0	PASS		
v36cell	converted.h5	BCONDS/3/VALUE/roe	0.000000e+00	0.000000e+00	0	PASS		
v36cell	converted.h5	BCONDS/3/iBPlanes	0.000000e+00	0.000000e+00	0	PASS	整数・文字列は厳密一致	
v36cell	converted.h5	BCONDS/3/iCells	0.000000e+00	0.000000e+00	0	PASS	整数・文字列は厳密一致	
v36cell	converted.h5	BCONDS/3/iPlanes	0.000000e+00	0.000000e+00	0	PASS	整数・文字列は厳密一致	
v36cell	converted.h5	BCONDS/4/VALUE/Ps	0.000000e+00	0.000000e+00	0	PASS		
v36cell	converted.h5	BCONDS/4/VALUE/Pt	0.000000e+00	0.000000e+00	0	PASS		
v36cell	converted.h5	BCONDS/4/VALUE/Ts	0.000000e+00	0.000000e+00	0	PASS		
v36cell	converted.h5	BCONDS/4/VALUE/Tt	0.000000e+00	0.000000e+00	0	PASS		
v36cell	converted.h5	BCONDS/4/VALUE/Ux	0.000000e+00	0.000000e+00	0	PASS		
v36cell	converted.h5	BCONDS/4/VALUE/Uy	0.000000e+00	0.000000e+00	0	PASS		
v36cell	converted.h5	BCONDS/4/VALUE/Uz	0.000000e+00	0.000000e+00	0	PASS		
v36cell	converted.h5	BCONDS/4/VALUE/kb	0.000000e+00	0.000000e+00	0	PASS		
v36cell	converted.h5	BCONDS/4/VALUE/omegab	0.000000e+00	0.000000e+00	0	PASS		
v36cell	converted.h5	BCONDS/4/VALUE/qwall	0.000000e+00	0.000000e+00	0	PASS		
v36cell	converted.h5	BCONDS/4/VALUE/ro	0.000000e+00	0.000000e+00	0	PASS		
v36cell	converted.h5	BCONDS/4/VALUE/roUx	0.000000e+00	0.000000e+00	0	PASS		
v36cell	converted.h5	BCONDS/4/VALUE/roUy	0.000000e+00	0.000000e+00	0	PASS		
v36cell	converted.h5	BCONDS/4/VALUE/roUz	0.000000e+00	0.000000e+00	0	PASS		
v36cell	converted.h5	BCONDS/4/VALUE/roe	0.000000e+00	0.000000e+00	0	PASS		
v36cell	converted.h5	BCONDS/4/VALUE/twall_x	0.000000e+00	0.000000e+00	0	PASS		
v36cell	converted.h5	BCONDS/4/VALUE/twall_y	0.000000e+00	0.000000e+00	0	PASS		
v36cell	converted.h5	BCONDS/4/VALUE/twall_z	0.000000e+00	0.000000e+00	0	PASS		
v36cell	converted.h5	BCONDS/4/VALUE/utau	0.000000e+00	0.000000e+00	0	PASS		
v36cell	converted.h5	BCONDS/4/VALUE/ypls	0.000000e+00	0.000000e+00	0	PASS		
v36cell	converted.h5	BCONDS/4/iBPlanes	0.000000e+00	0.000000e+00	0	PASS	整数・文字列は厳密一致	
v36cell	converted.h5	BCONDS/4/iCells	0.000000e+00	0.000000e+00	0	PASS	整数・文字列は厳密一致	
v36cell	converted.h5	BCONDS/4/iPlanes	0.000000e+00	0.000000e+00	0	PASS	整数・文字列は厳密一致	
v36cell	converted.h5	CELLS/STRUCT	0.000000e+00	0.000000e+00	0	PASS	整数・文字列は厳密一致	
v36cell	converted.h5	CELLS/centCoords	0.000000e+00	0.000000e+00	0	PASS		
v36cell	converted.h5	CELLS/regionId	0.000000e+00	0.000000e+00	0	PASS	整数・文字列は厳密一致	
v36cell	converted.h5	CELLS/volume	0.000000e+00	0.000000e+00	0	PASS		
v36cell	converted.h5	MESH/CONNE	0.000000e+00	0.000000e+00	0	PASS	整数・文字列は厳密一致	
v36cell	converted.h5	MESH/COORD	0.000000e+00	0.000000e+00	0	PASS		
v36cell	converted.h5	PLANES/STRUCT	0.000000e+00	0.000000e+00	0	PASS	整数・文字列は厳密一致	
v36cell	converted.h5	PLANES/centCoords	0.000000e+00	0.000000e+00	0	PASS		
v36cell	converted.h5	PLANES/surfArea	0.000000e+00	0.000000e+00	0	PASS		
v36cell	converted.h5	PLANES/surfVect	0.000000e+00	0.000000e+00	0	PASS		
v36cell	converted.h5	VALUE/ro	0.000000e+00	0.000000e+00	0	PASS		
v36cell	converted.h5	VALUE/roK	0.000000e+00	0.000000e+00	0	PASS		
v36cell	converted.h5	VALUE/roOmega	0.000000e+00	0.000000e+00	0	PASS		
v36cell	converted.h5	VALUE/roUx	0.000000e+00	0.000000e+00	0	PASS		
v36cell	converted.h5	VALUE/roUy	0.000000e+00	0.000000e+00	0	PASS		
v36cell	converted.h5	VALUE/roUz	0.000000e+00	0.000000e+00	0	PASS		
v36cell	converted.h5	VALUE/roe	0.000000e+00	0.000000e+00	0	PASS		
v36cell	converted.h5	VALUE/wall_dist	0.000000e+00	0.000000e+00	0	PASS		
v09	converted.h5	BCONDS/1/VALUE/Ps	0.000000e+00	0.000000e+00	0	PASS		
v09	converted.h5	BCONDS/1/VALUE/Pt	0.000000e+00	0.000000e+00	0	PASS		
v09	converted.h5	BCONDS/1/VALUE/Ts	0.000000e+00	0.000000e+00	0	PASS		
v09	converted.h5	BCONDS/1/VALUE/Tt	0.000000e+00	0.000000e+00	0	PASS		
v09	converted.h5	BCONDS/1/VALUE/Ux	0.000000e+00	0.000000e+00	0	PASS		
v09	converted.h5	BCONDS/1/VALUE/Uy	0.000000e+00	0.000000e+00	0	PASS		
v09	converted.h5	BCONDS/1/VALUE/Uz	0.000000e+00	0.000000e+00	0	PASS		
v09	converted.h5	BCONDS/1/VALUE/kb	0.000000e+00	0.000000e+00	0	PASS		
v09	converted.h5	BCONDS/1/VALUE/omegab	0.000000e+00	0.000000e+00	0	PASS		
v09	converted.h5	BCONDS/1/VALUE/ro	0.000000e+00	0.000000e+00	0	PASS		
v09	converted.h5	BCONDS/1/VALUE/roUx	0.000000e+00	0.000000e+00	0	PASS		
v09	converted.h5	BCONDS/1/VALUE/roUy	0.000000e+00	0.000000e+00	0	PASS		
v09	converted.h5	BCONDS/1/VALUE/roUz	0.000000e+00	0.000000e+00	0	PASS		
v09	converted.h5	BCONDS/1/VALUE/roe	0.000000e+00	0.000000e+00	0	PASS		
v09	converted.h5	BCONDS/1/iBPlanes	0.000000e+00	0.000000e+00	0	PASS	整数・文字列は厳密一致	
v09	converted.h5	BCONDS/1/iCells	0.000000e+00	0.000000e+00	0	PASS	整数・文字列は厳密一致	
v09	converted.h5	BCONDS/1/iPlanes	0.000000e+00	0.000000e+00	0	PASS	整数・文字列は厳密一致	
v09	converted.h5	BCONDS/1/vizBfaceNodes	0.000000e+00	0.000000e+00	0	PASS	整数・文字列は厳密一致	
v09	converted.h5	BCONDS/1/vizBfaceSizes	0.000000e+00	0.000000e+00	0	PASS	整数・文字列は厳密一致	
v09	converted.h5	BCONDS/2/VALUE/Ps	0.000000e+00	0.000000e+00	0	PASS		
v09	converted.h5	BCONDS/2/VALUE/Pt	0.000000e+00	0.000000e+00	0	PASS		
v09	converted.h5	BCONDS/2/VALUE/Ts	0.000000e+00	0.000000e+00	0	PASS		
v09	converted.h5	BCONDS/2/VALUE/Tt	0.000000e+00	0.000000e+00	0	PASS		
v09	converted.h5	BCONDS/2/VALUE/Ux	0.000000e+00	0.000000e+00	0	PASS		
v09	converted.h5	BCONDS/2/VALUE/Uy	0.000000e+00	0.000000e+00	0	PASS		
v09	converted.h5	BCONDS/2/VALUE/Uz	0.000000e+00	0.000000e+00	0	PASS		
v09	converted.h5	BCONDS/2/VALUE/kb	0.000000e+00	0.000000e+00	0	PASS		
v09	converted.h5	BCONDS/2/VALUE/omegab	0.000000e+00	0.000000e+00	0	PASS		
v09	converted.h5	BCONDS/2/VALUE/ro	0.000000e+00	0.000000e+00	0	PASS		
v09	converted.h5	BCONDS/2/VALUE/roUx	0.000000e+00	0.000000e+00	0	PASS		
v09	converted.h5	BCONDS/2/VALUE/roUy	0.000000e+00	0.000000e+00	0	PASS		
v09	converted.h5	BCONDS/2/VALUE/roUz	0.000000e+00	0.000000e+00	0	PASS		
v09	converted.h5	BCONDS/2/VALUE/roe	0.000000e+00	0.000000e+00	0	PASS		
v09	converted.h5	BCONDS/2/iBPlanes	0.000000e+00	0.000000e+00	0	PASS	整数・文字列は厳密一致	
v09	converted.h5	BCONDS/2/iCells	0.000000e+00	0.000000e+00	0	PASS	整数・文字列は厳密一致	
v09	converted.h5	BCONDS/2/iPlanes	0.000000e+00	0.000000e+00	0	PASS	整数・文字列は厳密一致	
v09	converted.h5	BCONDS/2/vizBfaceNodes	0.000000e+00	0.000000e+00	0	PASS	整数・文字列は厳密一致	
v09	converted.h5	BCONDS/2/vizBfaceSizes	0.000000e+00	0.000000e+00	0	PASS	整数・文字列は厳密一致	
v09	converted.h5	BCONDS/3/VALUE/Ps	0.000000e+00	0.000000e+00	0	PASS		
v09	converted.h5	BCONDS/3/VALUE/Pt	0.000000e+00	0.000000e+00	0	PASS		
v09	converted.h5	BCONDS/3/VALUE/Ts	0.000000e+00	0.000000e+00	0	PASS		
v09	converted.h5	BCONDS/3/VALUE/Tt	0.000000e+00	0.000000e+00	0	PASS		
v09	converted.h5	BCONDS/3/VALUE/Ux	0.000000e+00	0.000000e+00	0	PASS		
v09	converted.h5	BCONDS/3/VALUE/Uy	0.000000e+00	0.000000e+00	0	PASS		
v09	converted.h5	BCONDS/3/VALUE/Uz	0.000000e+00	0.000000e+00	0	PASS		
v09	converted.h5	BCONDS/3/VALUE/kb	0.000000e+00	0.000000e+00	0	PASS		
v09	converted.h5	BCONDS/3/VALUE/omegab	0.000000e+00	0.000000e+00	0	PASS		
v09	converted.h5	BCONDS/3/VALUE/ro	0.000000e+00	0.000000e+00	0	PASS		
v09	converted.h5	BCONDS/3/VALUE/roUx	0.000000e+00	0.000000e+00	0	PASS		
v09	converted.h5	BCONDS/3/VALUE/roUy	0.000000e+00	0.000000e+00	0	PASS		
v09	converted.h5	BCONDS/3/VALUE/roUz	0.000000e+00	0.000000e+00	0	PASS		
v09	converted.h5	BCONDS/3/VALUE/roe	0.000000e+00	0.000000e+00	0	PASS		
v09	converted.h5	BCONDS/3/iBPlanes	0.000000e+00	0.000000e+00	0	PASS	整数・文字列は厳密一致	
v09	converted.h5	BCONDS/3/iCells	0.000000e+00	0.000000e+00	0	PASS	整数・文字列は厳密一致	
v09	converted.h5	BCONDS/3/iPlanes	0.000000e+00	0.000000e+00	0	PASS	整数・文字列は厳密一致	
v09	converted.h5	BCONDS/3/vizBfaceNodes	0.000000e+00	0.000000e+00	0	PASS	整数・文字列は厳密一致	
v09	converted.h5	BCONDS/3/vizBfaceSizes	0.000000e+00	0.000000e+00	0	PASS	整数・文字列は厳密一致	
v09	converted.h5	BCONDS/4/VALUE/Ps	0.000000e+00	0.000000e+00	0	PASS		
v09	converted.h5	BCONDS/4/VALUE/Pt	0.000000e+00	0.000000e+00	0	PASS		
v09	converted.h5	BCONDS/4/VALUE/Ts	0.000000e+00	0.000000e+00	0	PASS		
v09	converted.h5	BCONDS/4/VALUE/Tt	0.000000e+00	0.000000e+00	0	PASS		
v09	converted.h5	BCONDS/4/VALUE/Ux	0.000000e+00	0.000000e+00	0	PASS		
v09	converted.h5	BCONDS/4/VALUE/Uy	0.000000e+00	0.000000e+00	0	PASS		
v09	converted.h5	BCONDS/4/VALUE/Uz	0.000000e+00	0.000000e+00	0	PASS		
v09	converted.h5	BCONDS/4/VALUE/kb	0.000000e+00	0.000000e+00	0	PASS		
v09	converted.h5	BCONDS/4/VALUE/omegab	0.000000e+00	0.000000e+00	0	PASS		
v09	converted.h5	BCONDS/4/VALUE/ro	0.000000e+00	0.000000e+00	0	PASS		
v09	converted.h5	BCONDS/4/VALUE/roUx	0.000000e+00	0.000000e+00	0	PASS		
v09	converted.h5	BCONDS/4/VALUE/roUy	0.000000e+00	0.000000e+00	0	PASS		
v09	converted.h5	BCONDS/4/VALUE/roUz	0.000000e+00	0.000000e+00	0	PASS		
v09	converted.h5	BCONDS/4/VALUE/roe	0.000000e+00	0.000000e+00	0	PASS		
v09	converted.h5	BCONDS/4/iBPlanes	0.000000e+00	0.000000e+00	0	PASS	整数・文字列は厳密一致	
v09	converted.h5	BCONDS/4/iCells	0.000000e+00	0.000000e+00	0	PASS	整数・文字列は厳密一致	
v09	converted.h5	BCONDS/4/iPlanes	0.000000e+00	0.000000e+00	0	PASS	整数・文字列は厳密一致	
v09	converted.h5	BCONDS/4/vizBfaceNodes	0.000000e+00	0.000000e+00	0	PASS	整数・文字列は厳密一致	
v09	converted.h5	BCONDS/4/vizBfaceSizes	0.000000e+00	0.000000e+00	0	PASS	整数・文字列は厳密一致	
v09	converted.h5	BCONDS/5/VALUE/Ps	0.000000e+00	0.000000e+00	0	PASS		
v09	converted.h5	BCONDS/5/VALUE/Pt	0.000000e+00	0.000000e+00	0	PASS		
v09	converted.h5	BCONDS/5/VALUE/Ts	0.000000e+00	0.000000e+00	0	PASS		
v09	converted.h5	BCONDS/5/VALUE/Tt	0.000000e+00	0.000000e+00	0	PASS		
v09	converted.h5	BCONDS/5/VALUE/Ux	0.000000e+00	0.000000e+00	0	PASS		
v09	converted.h5	BCONDS/5/VALUE/Uy	0.000000e+00	0.000000e+00	0	PASS		
v09	converted.h5	BCONDS/5/VALUE/Uz	0.000000e+00	0.000000e+00	0	PASS		
v09	converted.h5	BCONDS/5/VALUE/kb	0.000000e+00	0.000000e+00	0	PASS		
v09	converted.h5	BCONDS/5/VALUE/omegab	0.000000e+00	0.000000e+00	0	PASS		
v09	converted.h5	BCONDS/5/VALUE/ro	0.000000e+00	0.000000e+00	0	PASS		
v09	converted.h5	BCONDS/5/VALUE/roUx	0.000000e+00	0.000000e+00	0	PASS		
v09	converted.h5	BCONDS/5/VALUE/roUy	0.000000e+00	0.000000e+00	0	PASS		
v09	converted.h5	BCONDS/5/VALUE/roUz	0.000000e+00	0.000000e+00	0	PASS		
v09	converted.h5	BCONDS/5/VALUE/roe	0.000000e+00	0.000000e+00	0	PASS		
v09	converted.h5	BCONDS/5/iBPlanes	0.000000e+00	0.000000e+00	0	PASS	整数・文字列は厳密一致	
v09	converted.h5	BCONDS/5/iCells	0.000000e+00	0.000000e+00	0	PASS	整数・文字列は厳密一致	
v09	converted.h5	BCONDS/5/iPlanes	0.000000e+00	0.000000e+00	0	PASS	整数・文字列は厳密一致	
v09	converted.h5	BCONDS/5/vizBfaceNodes	0.000000e+00	0.000000e+00	0	PASS	整数・文字列は厳密一致	
v09	converted.h5	BCONDS/5/vizBfaceSizes	0.000000e+00	0.000000e+00	0	PASS	整数・文字列は厳密一致	
v09	converted.h5	BCONDS/6/VALUE/Ps	0.000000e+00	0.000000e+00	0	PASS		
v09	converted.h5	BCONDS/6/VALUE/Pt	0.000000e+00	0.000000e+00	0	PASS		
v09	converted.h5	BCONDS/6/VALUE/Ts	0.000000e+00	0.000000e+00	0	PASS		
v09	converted.h5	BCONDS/6/VALUE/Tt	0.000000e+00	0.000000e+00	0	PASS		
v09	converted.h5	BCONDS/6/VALUE/Ux	0.000000e+00	0.000000e+00	0	PASS		
v09	converted.h5	BCONDS/6/VALUE/Uy	0.000000e+00	0.000000e+00	0	PASS		
v09	converted.h5	BCONDS/6/VALUE/Uz	0.000000e+00	0.000000e+00	0	PASS		
v09	converted.h5	BCONDS/6/VALUE/kb	0.000000e+00	0.000000e+00	0	PASS		
v09	converted.h5	BCONDS/6/VALUE/omegab	0.000000e+00	0.000000e+00	0	PASS		
v09	converted.h5	BCONDS/6/VALUE/ro	0.000000e+00	0.000000e+00	0	PASS		
v09	converted.h5	BCONDS/6/VALUE/roUx	0.000000e+00	0.000000e+00	0	PASS		
v09	converted.h5	BCONDS/6/VALUE/roUy	0.000000e+00	0.000000e+00	0	PASS		
v09	converted.h5	BCONDS/6/VALUE/roUz	0.000000e+00	0.000000e+00	0	PASS		
v09	converted.h5	BCONDS/6/VALUE/roe	0.000000e+00	0.000000e+00	0	PASS		
v09	converted.h5	BCONDS/6/iBPlanes	0.000000e+00	0.000000e+00	0	PASS	整数・文字列は厳密一致	
v09	converted.h5	BCONDS/6/iCells	0.000000e+00	0.000000e+00	0	PASS	整数・文字列は厳密一致	
v09	converted.h5	BCONDS/6/iPlanes	0.000000e+00	0.000000e+00	0	PASS	整数・文字列は厳密一致	
v09	converted.h5	BCONDS/6/vizBfaceNodes	0.000000e+00	0.000000e+00	0	PASS	整数・文字列は厳密一致	
v09	converted.h5	BCONDS/6/vizBfaceSizes	0.000000e+00	0.000000e+00	0	PASS	整数・文字列は厳密一致	
v09	converted.h5	CELLS/STRUCT	0.000000e+00	0.000000e+00	0	PASS	整数・文字列は厳密一致	
v09	converted.h5	CELLS/centCoords	0.000000e+00	0.000000e+00	0	PASS		
v09	converted.h5	CELLS/regionId	0.000000e+00	0.000000e+00	0	PASS	整数・文字列は厳密一致	
v09	converted.h5	CELLS/volume	0.000000e+00	0.000000e+00	0	PASS		
v09	converted.h5	MESH/CONNE	0.000000e+00	0.000000e+00	0	PASS	整数・文字列は厳密一致	
v09	converted.h5	MESH/COORD	0.000000e+00	0.000000e+00	0	PASS		
v09	converted.h5	PLANES/STRUCT	0.000000e+00	0.000000e+00	0	PASS	整数・文字列は厳密一致	
v09	converted.h5	PLANES/centCoords	0.000000e+00	0.000000e+00	0	PASS		
v09	converted.h5	PLANES/surfArea	0.000000e+00	0.000000e+00	0	PASS		
v09	converted.h5	PLANES/surfVect	0.000000e+00	0.000000e+00	0	PASS		
v09	converted.h5	VALUE/ro	0.000000e+00	0.000000e+00	0	PASS		
v09	converted.h5	VALUE/roK	0.000000e+00	0.000000e+00	0	PASS		
v09	converted.h5	VALUE/roOmega	0.000000e+00	0.000000e+00	0	PASS		
v09	converted.h5	VALUE/roUx	0.000000e+00	0.000000e+00	0	PASS		
v09	converted.h5	VALUE/roUy	0.000000e+00	0.000000e+00	0	PASS		
v09	converted.h5	VALUE/roUz	0.000000e+00	0.000000e+00	0	PASS		
v09	converted.h5	VALUE/roe	0.000000e+00	0.000000e+00	0	PASS		
v09	converted.h5	VALUE/wall_dist	0.000000e+00	0.000000e+00	0	PASS		
v09	converted.h5	VIZMESH/CONNE	0.000000e+00	0.000000e+00	0	PASS	整数・文字列は厳密一致	
v52	converted.h5	BCONDS/1/VALUE/Ps	0.000000e+00	0.000000e+00	0	PASS		
v52	converted.h5	BCONDS/1/VALUE/Pt	0.000000e+00	0.000000e+00	0	PASS		
v52	converted.h5	BCONDS/1/VALUE/Ts	0.000000e+00	0.000000e+00	0	PASS		
v52	converted.h5	BCONDS/1/VALUE/Tt	0.000000e+00	0.000000e+00	0	PASS		
v52	converted.h5	BCONDS/1/VALUE/Ux	0.000000e+00	0.000000e+00	0	PASS		
v52	converted.h5	BCONDS/1/VALUE/Uy	0.000000e+00	0.000000e+00	0	PASS		
v52	converted.h5	BCONDS/1/VALUE/Uz	0.000000e+00	0.000000e+00	0	PASS		
v52	converted.h5	BCONDS/1/VALUE/kb	0.000000e+00	0.000000e+00	0	PASS		
v52	converted.h5	BCONDS/1/VALUE/omegab	0.000000e+00	0.000000e+00	0	PASS		
v52	converted.h5	BCONDS/1/VALUE/ro	0.000000e+00	0.000000e+00	0	PASS		
v52	converted.h5	BCONDS/1/VALUE/roUx	0.000000e+00	0.000000e+00	0	PASS		
v52	converted.h5	BCONDS/1/VALUE/roUy	0.000000e+00	0.000000e+00	0	PASS		
v52	converted.h5	BCONDS/1/VALUE/roUz	0.000000e+00	0.000000e+00	0	PASS		
v52	converted.h5	BCONDS/1/VALUE/roe	0.000000e+00	0.000000e+00	0	PASS		
v52	converted.h5	BCONDS/1/iBPlanes	0.000000e+00	0.000000e+00	0	PASS	整数・文字列は厳密一致	
v52	converted.h5	BCONDS/1/iCells	0.000000e+00	0.000000e+00	0	PASS	整数・文字列は厳密一致	
v52	converted.h5	BCONDS/1/iPlanes	0.000000e+00	0.000000e+00	0	PASS	整数・文字列は厳密一致	
v52	converted.h5	BCONDS/1/vizBfaceNodes	0.000000e+00	0.000000e+00	0	PASS	整数・文字列は厳密一致	
v52	converted.h5	BCONDS/1/vizBfaceSizes	0.000000e+00	0.000000e+00	0	PASS	整数・文字列は厳密一致	
v52	converted.h5	BCONDS/2/VALUE/Ps	0.000000e+00	0.000000e+00	0	PASS		
v52	converted.h5	BCONDS/2/VALUE/Pt	0.000000e+00	0.000000e+00	0	PASS		
v52	converted.h5	BCONDS/2/VALUE/Ts	0.000000e+00	0.000000e+00	0	PASS		
v52	converted.h5	BCONDS/2/VALUE/Tt	0.000000e+00	0.000000e+00	0	PASS		
v52	converted.h5	BCONDS/2/VALUE/Ux	0.000000e+00	0.000000e+00	0	PASS		
v52	converted.h5	BCONDS/2/VALUE/Uy	0.000000e+00	0.000000e+00	0	PASS		
v52	converted.h5	BCONDS/2/VALUE/Uz	0.000000e+00	0.000000e+00	0	PASS		
v52	converted.h5	BCONDS/2/VALUE/kb	0.000000e+00	0.000000e+00	0	PASS		
v52	converted.h5	BCONDS/2/VALUE/omegab	0.000000e+00	0.000000e+00	0	PASS		
v52	converted.h5	BCONDS/2/VALUE/ro	0.000000e+00	0.000000e+00	0	PASS		
v52	converted.h5	BCONDS/2/VALUE/roUx	0.000000e+00	0.000000e+00	0	PASS		
v52	converted.h5	BCONDS/2/VALUE/roUy	0.000000e+00	0.000000e+00	0	PASS		
v52	converted.h5	BCONDS/2/VALUE/roUz	0.000000e+00	0.000000e+00	0	PASS		
v52	converted.h5	BCONDS/2/VALUE/roe	0.000000e+00	0.000000e+00	0	PASS		
v52	converted.h5	BCONDS/2/iBPlanes	0.000000e+00	0.000000e+00	0	PASS	整数・文字列は厳密一致	
v52	converted.h5	BCONDS/2/iCells	0.000000e+00	0.000000e+00	0	PASS	整数・文字列は厳密一致	
v52	converted.h5	BCONDS/2/iPlanes	0.000000e+00	0.000000e+00	0	PASS	整数・文字列は厳密一致	
v52	converted.h5	BCONDS/2/vizBfaceNodes	0.000000e+00	0.000000e+00	0	PASS	整数・文字列は厳密一致	
v52	converted.h5	BCONDS/2/vizBfaceSizes	0.000000e+00	0.000000e+00	0	PASS	整数・文字列は厳密一致	
v52	converted.h5	BCONDS/3/VALUE/Ps	0.000000e+00	0.000000e+00	0	PASS		
v52	converted.h5	BCONDS/3/VALUE/Pt	0.000000e+00	0.000000e+00	0	PASS		
v52	converted.h5	BCONDS/3/VALUE/Ts	0.000000e+00	0.000000e+00	0	PASS		
v52	converted.h5	BCONDS/3/VALUE/Tt	0.000000e+00	0.000000e+00	0	PASS		
v52	converted.h5	BCONDS/3/VALUE/Ux	0.000000e+00	0.000000e+00	0	PASS		
v52	converted.h5	BCONDS/3/VALUE/Uy	0.000000e+00	0.000000e+00	0	PASS		
v52	converted.h5	BCONDS/3/VALUE/Uz	0.000000e+00	0.000000e+00	0	PASS		
v52	converted.h5	BCONDS/3/VALUE/ifaceFw	0.000000e+00	0.000000e+00	0	PASS		
v52	converted.h5	BCONDS/3/VALUE/ifaceRconv	0.000000e+00	0.000000e+00	0	PASS		
v52	converted.h5	BCONDS/3/VALUE/ifaceRpre	0.000000e+00	0.000000e+00	0	PASS		
v52	converted.h5	BCONDS/3/VALUE/ifaceRraw	0.000000e+00	0.000000e+00	0	PASS		
v52	converted.h5	BCONDS/3/VALUE/ifaceRro	0.000000e+00	0.000000e+00	0	PASS		
v52	converted.h5	BCONDS/3/VALUE/kb	0.000000e+00	0.000000e+00	0	PASS		
v52	converted.h5	BCONDS/3/VALUE/omegab	0.000000e+00	0.000000e+00	0	PASS		
v52	converted.h5	BCONDS/3/VALUE/qwall	0.000000e+00	0.000000e+00	0	PASS		
v52	converted.h5	BCONDS/3/VALUE/ro	0.000000e+00	0.000000e+00	0	PASS		
v52	converted.h5	BCONDS/3/VALUE/roUx	0.000000e+00	0.000000e+00	0	PASS		
v52	converted.h5	BCONDS/3/VALUE/roUy	0.000000e+00	0.000000e+00	0	PASS		
v52	converted.h5	BCONDS/3/VALUE/roUz	0.000000e+00	0.000000e+00	0	PASS		
v52	converted.h5	BCONDS/3/VALUE/roe	0.000000e+00	0.000000e+00	0	PASS		
v52	converted.h5	BCONDS/3/VALUE/twall_x	0.000000e+00	0.000000e+00	0	PASS		
v52	converted.h5	BCONDS/3/VALUE/twall_y	0.000000e+00	0.000000e+00	0	PASS		
v52	converted.h5	BCONDS/3/VALUE/twall_z	0.000000e+00	0.000000e+00	0	PASS		
v52	converted.h5	BCONDS/3/VALUE/utau	0.000000e+00	0.000000e+00	0	PASS		
v52	converted.h5	BCONDS/3/VALUE/ypls	0.000000e+00	0.000000e+00	0	PASS		
v52	converted.h5	BCONDS/3/iBPlanes	0.000000e+00	0.000000e+00	0	PASS	整数・文字列は厳密一致	
v52	converted.h5	BCONDS/3/iCells	0.000000e+00	0.000000e+00	0	PASS	整数・文字列は厳密一致	
v52	converted.h5	BCONDS/3/iPlanes	0.000000e+00	0.000000e+00	0	PASS	整数・文字列は厳密一致	
v52	converted.h5	BCONDS/3/vizBfaceNodes	0.000000e+00	0.000000e+00	0	PASS	整数・文字列は厳密一致	
v52	converted.h5	BCONDS/3/vizBfaceSizes	0.000000e+00	0.000000e+00	0	PASS	整数・文字列は厳密一致	
v52	converted.h5	BCONDS/4/VALUE/Ps	0.000000e+00	0.000000e+00	0	PASS		
v52	converted.h5	BCONDS/4/VALUE/Pt	0.000000e+00	0.000000e+00	0	PASS		
v52	converted.h5	BCONDS/4/VALUE/Ts	0.000000e+00	0.000000e+00	0	PASS		
v52	converted.h5	BCONDS/4/VALUE/Tt	0.000000e+00	0.000000e+00	0	PASS		
v52	converted.h5	BCONDS/4/VALUE/Ux	0.000000e+00	0.000000e+00	0	PASS		
v52	converted.h5	BCONDS/4/VALUE/Uy	0.000000e+00	0.000000e+00	0	PASS		
v52	converted.h5	BCONDS/4/VALUE/Uz	0.000000e+00	0.000000e+00	0	PASS		
v52	converted.h5	BCONDS/4/VALUE/ifaceFw	0.000000e+00	0.000000e+00	0	PASS		
v52	converted.h5	BCONDS/4/VALUE/ifaceRconv	0.000000e+00	0.000000e+00	0	PASS		
v52	converted.h5	BCONDS/4/VALUE/ifaceRpre	0.000000e+00	0.000000e+00	0	PASS		
v52	converted.h5	BCONDS/4/VALUE/ifaceRraw	0.000000e+00	0.000000e+00	0	PASS		
v52	converted.h5	BCONDS/4/VALUE/ifaceRro	0.000000e+00	0.000000e+00	0	PASS		
v52	converted.h5	BCONDS/4/VALUE/kb	0.000000e+00	0.000000e+00	0	PASS		
v52	converted.h5	BCONDS/4/VALUE/omegab	0.000000e+00	0.000000e+00	0	PASS		
v52	converted.h5	BCONDS/4/VALUE/qwall	0.000000e+00	0.000000e+00	0	PASS		
v52	converted.h5	BCONDS/4/VALUE/ro	0.000000e+00	0.000000e+00	0	PASS		
v52	converted.h5	BCONDS/4/VALUE/roUx	0.000000e+00	0.000000e+00	0	PASS		
v52	converted.h5	BCONDS/4/VALUE/roUy	0.000000e+00	0.000000e+00	0	PASS		
v52	converted.h5	BCONDS/4/VALUE/roUz	0.000000e+00	0.000000e+00	0	PASS		
v52	converted.h5	BCONDS/4/VALUE/roe	0.000000e+00	0.000000e+00	0	PASS		
v52	converted.h5	BCONDS/4/VALUE/twall_x	0.000000e+00	0.000000e+00	0	PASS		
v52	converted.h5	BCONDS/4/VALUE/twall_y	0.000000e+00	0.000000e+00	0	PASS		
v52	converted.h5	BCONDS/4/VALUE/twall_z	0.000000e+00	0.000000e+00	0	PASS		
v52	converted.h5	BCONDS/4/VALUE/utau	0.000000e+00	0.000000e+00	0	PASS		
v52	converted.h5	BCONDS/4/VALUE/ypls	0.000000e+00	0.000000e+00	0	PASS		
v52	converted.h5	BCONDS/4/iBPlanes	0.000000e+00	0.000000e+00	0	PASS	整数・文字列は厳密一致	
v52	converted.h5	BCONDS/4/iCells	0.000000e+00	0.000000e+00	0	PASS	整数・文字列は厳密一致	
v52	converted.h5	BCONDS/4/iPlanes	0.000000e+00	0.000000e+00	0	PASS	整数・文字列は厳密一致	
v52	converted.h5	BCONDS/4/vizBfaceNodes	0.000000e+00	0.000000e+00	0	PASS	整数・文字列は厳密一致	
v52	converted.h5	BCONDS/4/vizBfaceSizes	0.000000e+00	0.000000e+00	0	PASS	整数・文字列は厳密一致	
v52	converted.h5	CELLS/STRUCT	0.000000e+00	0.000000e+00	0	PASS	整数・文字列は厳密一致	
v52	converted.h5	CELLS/centCoords	0.000000e+00	0.000000e+00	0	PASS		
v52	converted.h5	CELLS/regionId	0.000000e+00	0.000000e+00	0	PASS	整数・文字列は厳密一致	
v52	converted.h5	CELLS/volume	0.000000e+00	0.000000e+00	0	PASS		
v52	converted.h5	MESH/CONNE	0.000000e+00	0.000000e+00	0	PASS	整数・文字列は厳密一致	
v52	converted.h5	MESH/COORD	0.000000e+00	0.000000e+00	0	PASS		
v52	converted.h5	PLANES/STRUCT	0.000000e+00	0.000000e+00	0	PASS	整数・文字列は厳密一致	
v52	converted.h5	PLANES/centCoords	0.000000e+00	0.000000e+00	0	PASS		
v52	converted.h5	PLANES/surfArea	0.000000e+00	0.000000e+00	0	PASS		
v52	converted.h5	PLANES/surfVect	0.000000e+00	0.000000e+00	0	PASS		
v52	converted.h5	VALUE/ro	0.000000e+00	0.000000e+00	0	PASS		
v52	converted.h5	VALUE/roK	0.000000e+00	0.000000e+00	0	PASS		
v52	converted.h5	VALUE/roOmega	0.000000e+00	0.000000e+00	0	PASS		
v52	converted.h5	VALUE/roUx	0.000000e+00	0.000000e+00	0	PASS		
v52	converted.h5	VALUE/roUy	0.000000e+00	0.000000e+00	0	PASS		
v52	converted.h5	VALUE/roUz	0.000000e+00	0.000000e+00	0	PASS		
v52	converted.h5	VALUE/roe	0.000000e+00	0.000000e+00	0	PASS		
v52	converted.h5	VALUE/wall_dist	0.000000e+00	0.000000e+00	0	PASS		
v52	converted.h5	VIZMESH/CONNE	0.000000e+00	0.000000e+00	0	PASS	整数・文字列は厳密一致	
v44	converted.h5	BCONDS/1/VALUE/Ps	0.000000e+00	0.000000e+00	0	PASS		
v44	converted.h5	BCONDS/1/VALUE/Pt	0.000000e+00	0.000000e+00	0	PASS		
v44	converted.h5	BCONDS/1/VALUE/Ts	0.000000e+00	0.000000e+00	0	PASS		
v44	converted.h5	BCONDS/1/VALUE/Tt	0.000000e+00	0.000000e+00	0	PASS		
v44	converted.h5	BCONDS/1/VALUE/Ux	0.000000e+00	0.000000e+00	0	PASS		
v44	converted.h5	BCONDS/1/VALUE/Uy	0.000000e+00	0.000000e+00	0	PASS		
v44	converted.h5	BCONDS/1/VALUE/Uz	0.000000e+00	0.000000e+00	0	PASS		
v44	converted.h5	BCONDS/1/VALUE/Y0	0.000000e+00	0.000000e+00	0	PASS		
v44	converted.h5	BCONDS/1/VALUE/Y1	0.000000e+00	0.000000e+00	0	PASS		
v44	converted.h5	BCONDS/1/VALUE/k	0.000000e+00	0.000000e+00	0	PASS		
v44	converted.h5	BCONDS/1/VALUE/omega	0.000000e+00	0.000000e+00	0	PASS		
v44	converted.h5	BCONDS/1/VALUE/ro	0.000000e+00	0.000000e+00	0	PASS		
v44	converted.h5	BCONDS/1/VALUE/roUx	0.000000e+00	0.000000e+00	0	PASS		
v44	converted.h5	BCONDS/1/VALUE/roUy	0.000000e+00	0.000000e+00	0	PASS		
v44	converted.h5	BCONDS/1/VALUE/roUz	0.000000e+00	0.000000e+00	0	PASS		
v44	converted.h5	BCONDS/1/VALUE/roe	0.000000e+00	0.000000e+00	0	PASS		
v44	converted.h5	BCONDS/1/iBPlanes	0.000000e+00	0.000000e+00	0	PASS	整数・文字列は厳密一致	
v44	converted.h5	BCONDS/1/iCells	0.000000e+00	0.000000e+00	0	PASS	整数・文字列は厳密一致	
v44	converted.h5	BCONDS/1/iPlanes	0.000000e+00	0.000000e+00	0	PASS	整数・文字列は厳密一致	
v44	converted.h5	BCONDS/1/vizBfaceNodes	0.000000e+00	0.000000e+00	0	PASS	整数・文字列は厳密一致	
v44	converted.h5	BCONDS/1/vizBfaceSizes	0.000000e+00	0.000000e+00	0	PASS	整数・文字列は厳密一致	
v44	converted.h5	BCONDS/2/VALUE/Ps	0.000000e+00	0.000000e+00	0	PASS		
v44	converted.h5	BCONDS/2/VALUE/Pt	0.000000e+00	0.000000e+00	0	PASS		
v44	converted.h5	BCONDS/2/VALUE/Ts	0.000000e+00	0.000000e+00	0	PASS		
v44	converted.h5	BCONDS/2/VALUE/Tt	0.000000e+00	0.000000e+00	0	PASS		
v44	converted.h5	BCONDS/2/VALUE/Ux	0.000000e+00	0.000000e+00	0	PASS		
v44	converted.h5	BCONDS/2/VALUE/Uy	0.000000e+00	0.000000e+00	0	PASS		
v44	converted.h5	BCONDS/2/VALUE/Uz	0.000000e+00	0.000000e+00	0	PASS		
v44	converted.h5	BCONDS/2/VALUE/kb	0.000000e+00	0.000000e+00	0	PASS		
v44	converted.h5	BCONDS/2/VALUE/omegab	0.000000e+00	0.000000e+00	0	PASS		
v44	converted.h5	BCONDS/2/VALUE/ro	0.000000e+00	0.000000e+00	0	PASS		
v44	converted.h5	BCONDS/2/VALUE/roUx	0.000000e+00	0.000000e+00	0	PASS		
v44	converted.h5	BCONDS/2/VALUE/roUy	0.000000e+00	0.000000e+00	0	PASS		
v44	converted.h5	BCONDS/2/VALUE/roUz	0.000000e+00	0.000000e+00	0	PASS		
v44	converted.h5	BCONDS/2/VALUE/roe	0.000000e+00	0.000000e+00	0	PASS		
v44	converted.h5	BCONDS/2/iBPlanes	0.000000e+00	0.000000e+00	0	PASS	整数・文字列は厳密一致	
v44	converted.h5	BCONDS/2/iCells	0.000000e+00	0.000000e+00	0	PASS	整数・文字列は厳密一致	
v44	converted.h5	BCONDS/2/iPlanes	0.000000e+00	0.000000e+00	0	PASS	整数・文字列は厳密一致	
v44	converted.h5	BCONDS/2/vizBfaceNodes	0.000000e+00	0.000000e+00	0	PASS	整数・文字列は厳密一致	
v44	converted.h5	BCONDS/2/vizBfaceSizes	0.000000e+00	0.000000e+00	0	PASS	整数・文字列は厳密一致	
v44	converted.h5	BCONDS/3/VALUE/Ps	0.000000e+00	0.000000e+00	0	PASS		
v44	converted.h5	BCONDS/3/VALUE/Pt	0.000000e+00	0.000000e+00	0	PASS		
v44	converted.h5	BCONDS/3/VALUE/Ts	0.000000e+00	0.000000e+00	0	PASS		
v44	converted.h5	BCONDS/3/VALUE/Tt	0.000000e+00	0.000000e+00	0	PASS		
v44	converted.h5	BCONDS/3/VALUE/Ux	0.000000e+00	0.000000e+00	0	PASS		
v44	converted.h5	BCONDS/3/VALUE/Uy	0.000000e+00	0.000000e+00	0	PASS		
v44	converted.h5	BCONDS/3/VALUE/Uz	0.000000e+00	0.000000e+00	0	PASS		
v44	converted.h5	BCONDS/3/VALUE/kb	0.000000e+00	0.000000e+00	0	PASS		
v44	converted.h5	BCONDS/3/VALUE/omegab	0.000000e+00	0.000000e+00	0	PASS		
v44	converted.h5	BCONDS/3/VALUE/ro	0.000000e+00	0.000000e+00	0	PASS		
v44	converted.h5	BCONDS/3/VALUE/roUx	0.000000e+00	0.000000e+00	0	PASS		
v44	converted.h5	BCONDS/3/VALUE/roUy	0.000000e+00	0.000000e+00	0	PASS		
v44	converted.h5	BCONDS/3/VALUE/roUz	0.000000e+00	0.000000e+00	0	PASS		
v44	converted.h5	BCONDS/3/VALUE/roe	0.000000e+00	0.000000e+00	0	PASS		
v44	converted.h5	BCONDS/3/iBPlanes	0.000000e+00	0.000000e+00	0	PASS	整数・文字列は厳密一致	
v44	converted.h5	BCONDS/3/iCells	0.000000e+00	0.000000e+00	0	PASS	整数・文字列は厳密一致	
v44	converted.h5	BCONDS/3/iPlanes	0.000000e+00	0.000000e+00	0	PASS	整数・文字列は厳密一致	
v44	converted.h5	BCONDS/3/vizBfaceNodes	0.000000e+00	0.000000e+00	0	PASS	整数・文字列は厳密一致	
v44	converted.h5	BCONDS/3/vizBfaceSizes	0.000000e+00	0.000000e+00	0	PASS	整数・文字列は厳密一致	
v44	converted.h5	BCONDS/4/VALUE/Ps	0.000000e+00	0.000000e+00	0	PASS		
v44	converted.h5	BCONDS/4/VALUE/Pt	0.000000e+00	0.000000e+00	0	PASS		
v44	converted.h5	BCONDS/4/VALUE/Ts	0.000000e+00	0.000000e+00	0	PASS		
v44	converted.h5	BCONDS/4/VALUE/Tt	0.000000e+00	0.000000e+00	0	PASS		
v44	converted.h5	BCONDS/4/VALUE/Ux	0.000000e+00	0.000000e+00	0	PASS		
v44	converted.h5	BCONDS/4/VALUE/Uy	0.000000e+00	0.000000e+00	0	PASS		
v44	converted.h5	BCONDS/4/VALUE/Uz	0.000000e+00	0.000000e+00	0	PASS		
v44	converted.h5	BCONDS/4/VALUE/kb	0.000000e+00	0.000000e+00	0	PASS		
v44	converted.h5	BCONDS/4/VALUE/omegab	0.000000e+00	0.000000e+00	0	PASS		
v44	converted.h5	BCONDS/4/VALUE/ro	0.000000e+00	0.000000e+00	0	PASS		
v44	converted.h5	BCONDS/4/VALUE/roUx	0.000000e+00	0.000000e+00	0	PASS		
v44	converted.h5	BCONDS/4/VALUE/roUy	0.000000e+00	0.000000e+00	0	PASS		
v44	converted.h5	BCONDS/4/VALUE/roUz	0.000000e+00	0.000000e+00	0	PASS		
v44	converted.h5	BCONDS/4/VALUE/roe	0.000000e+00	0.000000e+00	0	PASS		
v44	converted.h5	BCONDS/4/iBPlanes	0.000000e+00	0.000000e+00	0	PASS	整数・文字列は厳密一致	
v44	converted.h5	BCONDS/4/iCells	0.000000e+00	0.000000e+00	0	PASS	整数・文字列は厳密一致	
v44	converted.h5	BCONDS/4/iPlanes	0.000000e+00	0.000000e+00	0	PASS	整数・文字列は厳密一致	
v44	converted.h5	BCONDS/4/vizBfaceNodes	0.000000e+00	0.000000e+00	0	PASS	整数・文字列は厳密一致	
v44	converted.h5	BCONDS/4/vizBfaceSizes	0.000000e+00	0.000000e+00	0	PASS	整数・文字列は厳密一致	
v44	converted.h5	CELLS/STRUCT	0.000000e+00	0.000000e+00	0	PASS	整数・文字列は厳密一致	
v44	converted.h5	CELLS/centCoords	0.000000e+00	0.000000e+00	0	PASS		
v44	converted.h5	CELLS/regionId	0.000000e+00	0.000000e+00	0	PASS	整数・文字列は厳密一致	
v44	converted.h5	CELLS/volume	0.000000e+00	0.000000e+00	0	PASS		
v44	converted.h5	MESH/CONNE	0.000000e+00	0.000000e+00	0	PASS	整数・文字列は厳密一致	
v44	converted.h5	MESH/COORD	0.000000e+00	0.000000e+00	0	PASS		
v44	converted.h5	PLANES/STRUCT	0.000000e+00	0.000000e+00	0	PASS	整数・文字列は厳密一致	
v44	converted.h5	PLANES/centCoords	0.000000e+00	0.000000e+00	0	PASS		
v44	converted.h5	PLANES/surfArea	0.000000e+00	0.000000e+00	0	PASS		
v44	converted.h5	PLANES/surfVect	0.000000e+00	0.000000e+00	0	PASS		
v44	converted.h5	VALUE/ro	0.000000e+00	0.000000e+00	0	PASS		
v44	converted.h5	VALUE/roK	0.000000e+00	0.000000e+00	0	PASS		
v44	converted.h5	VALUE/roOmega	0.000000e+00	0.000000e+00	0	PASS		
v44	converted.h5	VALUE/roUx	0.000000e+00	0.000000e+00	0	PASS		
v44	converted.h5	VALUE/roUy	0.000000e+00	0.000000e+00	0	PASS		
v44	converted.h5	VALUE/roUz	0.000000e+00	0.000000e+00	0	PASS		
v44	converted.h5	VALUE/roe	0.000000e+00	0.000000e+00	0	PASS		
v44	converted.h5	VALUE/wall_dist	0.000000e+00	0.000000e+00	0	PASS		
v44	converted.h5	VIZMESH/CONNE	0.000000e+00	0.000000e+00	0	PASS	整数・文字列は厳密一致	
